run_id,scenario_name,seed,simulation_time,target_time,total_vehicle_count,average_speed,average_waiting_time,stopped_vehicle_count,seconds_until_next_signal_switch,N_in_0__vehicle_count,N_in_0__average_speed,N_in_0__average_waiting_time,N_in_0__max_waiting_time,N_in_0__stopped_vehicle_count,N_in_0__current_signal_state,N_in_0__arrival_rate,N_in_0__departure_rate,N_in_0__stopped_vehicle_count_trend,N_in_0__waiting_time_trend,N_in_1__vehicle_count,N_in_1__average_speed,N_in_1__average_waiting_time,N_in_1__max_waiting_time,N_in_1__stopped_vehicle_count,N_in_1__current_signal_state,N_in_1__arrival_rate,N_in_1__departure_rate,N_in_1__stopped_vehicle_count_trend,N_in_1__waiting_time_trend,N_in_2__vehicle_count,N_in_2__average_speed,N_in_2__average_waiting_time,N_in_2__max_waiting_time,N_in_2__stopped_vehicle_count,N_in_2__current_signal_state,N_in_2__arrival_rate,N_in_2__departure_rate,N_in_2__stopped_vehicle_count_trend,N_in_2__waiting_time_trend,S_in_0__vehicle_count,S_in_0__average_speed,S_in_0__average_waiting_time,S_in_0__max_waiting_time,S_in_0__stopped_vehicle_count,S_in_0__current_signal_state,S_in_0__arrival_rate,S_in_0__departure_rate,S_in_0__stopped_vehicle_count_trend,S_in_0__waiting_time_trend,S_in_1__vehicle_count,S_in_1__average_speed,S_in_1__average_waiting_time,S_in_1__max_waiting_time,S_in_1__stopped_vehicle_count,S_in_1__current_signal_state,S_in_1__arrival_rate,S_in_1__departure_rate,S_in_1__stopped_vehicle_count_trend,S_in_1__waiting_time_trend,S_in_2__vehicle_count,S_in_2__average_speed,S_in_2__average_waiting_time,S_in_2__max_waiting_time,S_in_2__stopped_vehicle_count,S_in_2__current_signal_state,S_in_2__arrival_rate,S_in_2__departure_rate,S_in_2__stopped_vehicle_count_trend,S_in_2__waiting_time_trend,E_in_0__vehicle_count,E_in_0__average_speed,E_in_0__average_waiting_time,E_in_0__max_waiting_time,E_in_0__stopped_vehicle_count,E_in_0__current_signal_state,E_in_0__arrival_rate,E_in_0__departure_rate,E_in_0__stopped_vehicle_count_trend,E_in_0__waiting_time_trend,E_in_1__vehicle_count,E_in_1__average_speed,E_in_1__average_waiting_time,E_in_1__max_waiting_time,E_in_1__stopped_vehicle_count,E_in_1__current_signal_state,E_in_1__arrival_rate,E_in_1__departure_rate,E_in_1__stopped_vehicle_count_trend,E_in_1__waiting_time_trend,E_in_2__vehicle_count,E_in_2__average_speed,E_in_2__average_waiting_time,E_in_2__max_waiting_time,E_in_2__stopped_vehicle_count,E_in_2__current_signal_state,E_in_2__arrival_rate,E_in_2__departure_rate,E_in_2__stopped_vehicle_count_trend,E_in_2__waiting_time_trend,W_in_0__vehicle_count,W_in_0__average_speed,W_in_0__average_waiting_time,W_in_0__max_waiting_time,W_in_0__stopped_vehicle_count,W_in_0__current_signal_state,W_in_0__arrival_rate,W_in_0__departure_rate,W_in_0__stopped_vehicle_count_trend,W_in_0__waiting_time_trend,W_in_1__vehicle_count,W_in_1__average_speed,W_in_1__average_waiting_time,W_in_1__max_waiting_time,W_in_1__stopped_vehicle_count,W_in_1__current_signal_state,W_in_1__arrival_rate,W_in_1__departure_rate,W_in_1__stopped_vehicle_count_trend,W_in_1__waiting_time_trend,W_in_2__vehicle_count,W_in_2__average_speed,W_in_2__average_waiting_time,W_in_2__max_waiting_time,W_in_2__stopped_vehicle_count,W_in_2__current_signal_state,W_in_2__arrival_rate,W_in_2__departure_rate,W_in_2__stopped_vehicle_count_trend,W_in_2__waiting_time_trend,N_in_0__target__vehicle_count,N_in_0__target__average_waiting_time,N_in_1__target__vehicle_count,N_in_1__target__average_waiting_time,N_in_2__target__vehicle_count,N_in_2__target__average_waiting_time,S_in_0__target__vehicle_count,S_in_0__target__average_waiting_time,S_in_1__target__vehicle_count,S_in_1__target__average_waiting_time,S_in_2__target__vehicle_count,S_in_2__target__average_waiting_time,E_in_0__target__vehicle_count,E_in_0__target__average_waiting_time,E_in_1__target__vehicle_count,E_in_1__target__average_waiting_time,E_in_2__target__vehicle_count,E_in_2__target__average_waiting_time,W_in_0__target__vehicle_count,W_in_0__target__average_waiting_time,W_in_1__target__vehicle_count,W_in_1__target__average_waiting_time,W_in_2__target__vehicle_count,W_in_2__target__average_waiting_time
emergency_response_seed1,emergency_response,1,0.05,15.15,12.0,13.499148,0.0,0.0,29.95,1.0,13.89,0.0,0.0,0.0,2.0,0.0,0.0,0.0,0.0,1.0,13.89,0.0,0.0,0.0,2.0,0.0,0.0,0.0,0.0,1.0,13.89,0.0,0.0,0.0,0.0,0.0,0.0,0.0,0.0,1.0,12.0,0.0,0.0,0.0,2.0,0.0,0.0,0.0,0.0,1.0,13.89,0.0,0.0,0.0,2.0,0.0,0.0,0.0,0.0,1.0,13.89,0.0,0.0,0.0,0.0,0.0,0.0,0.0,0.0,1.0,12.535725,0.0,0.0,0.0,2.0,0.0,0.0,0.0,0.0,1.0,13.677483,0.0,0.0,0.0,0.0,0.0,0.0,0.0,0.0,1.0,13.298286000000001,0.0,0.0,0.0,0.0,0.0,0.0,0.0,0.0,1.0,13.89,0.0,0.0,0.0,2.0,0.0,0.0,0.0,0.0,1.0,13.248282,0.0,0.0,0.0,0.0,0.0,0.0,0.0,0.0,1.0,13.89,0.0,0.0,0.0,0.0,0.0,0.0,0.0,0.0,0.0,0.0,2.0,0.0,1.0,3.1,0.0,0.0,0.0,0.0,1.0,1.1,0.0,0.0,4.0,0.2375,1.0,0.6,0.0,0.0,2.0,0.275,1.0,1.1
emergency_response_seed1,emergency_response,1,2.1,17.2,18.0,13.276935492012193,0.0,0.0,27.9,1.0,13.869977580213455,0.0,0.0,0.0,2.0,0.0,0.0,0.0,0.0,3.0,12.948535991604691,0.0,0.0,0.0,2.0,0.0,0.0,0.0,0.0,1.0,16.599540819294752,0.0,0.0,0.0,0.0,0.0,0.0,0.0,0.0,1.0,11.991515667519998,0.0,0.0,0.0,2.0,0.0,0.0,0.0,0.0,2.0,13.899142072244196,0.0,0.0,0.0,2.0,0.0,0.0,0.0,0.0,1.0,13.843143005070743,0.0,0.0,0.0,0.0,0.0,0.0,0.0,0.0,1.0,12.504437708664824,0.0,0.0,0.0,2.0,0.0,0.0,0.0,0.0,3.0,12.035055199256528,0.0,0.0,0.0,0.0,0.0,0.0,0.0,0.0,1.0,13.293010009044004,0.0,0.0,0.0,0.0,0.0,0.0,0.0,0.0,1.0,13.843543182199356,0.0,0.0,0.0,2.0,0.0,0.0,0.0,0.0,2.0,13.215260697570564,0.0,0.0,0.0,0.0,0.0,0.0,0.0,0.0,1.0,13.860091771999143,0.0,0.0,0.0,0.0,0.0,0.0,0.0,0.0,0.0,0.0,2.0,0.0,1.0,5.15,0.0,0.0,0.0,0.0,1.0,3.15,0.0,0.0,4.0,0.75,1.0,2.65,0.0,0.0,2.0,1.3,1.0,3.15
emergency_response_seed1,emergency_response,1,3.1,18.2,18.0,13.275809657728487,0.0,0.0,26.9,1.0,13.842851920913672,0.0,0.0,0.0,2.0,0.0,0.0,0.0,0.0,3.0,12.942605758826778,0.0,0.0,0.0,2.0,0.0,0.0,0.0,0.0,1.0,16.576511909216645,0.0,0.0,0.0,0.0,0.0,0.0,0.0,0.0,1.0,11.97928622050211,0.0,0.0,0.0,2.0,0.0,0.0,0.0,0.0,2.0,13.883404956189263,0.0,0.0,0.0,2.0,0.0,0.0,0.0,0.0,1.0,13.82693116823095,0.0,0.0,0.0,0.0,0.0,0.0,0.0,0.0,1.0,12.51741445077341,0.0,0.0,0.0,2.0,0.0,0.0,0.0,0.0,3.0,12.06027254324002,0.0,0.0,0.0,0.0,0.0,0.0,0.0,0.0,1.0,13.283943348599053,0.0,0.0,0.0,0.0,0.0,0.0,0.0,0.0,1.0,13.878644944782137,0.0,0.0,0.0,2.0,0.0,0.0,0.0,0.0,2.0,13.217217270252075,0.0,0.0,0.0,0.0,0.0,0.0,0.0,0.0,1.0,13.849110517011724,0.0,0.0,0.0,0.0,0.0,0.0,0.0,0.0,0.0,0.0,1.0,0.0,1.0,6.15,0.0,0.0,0.0,0.0,1.0,4.15,0.0,0.0,4.0,1.0,1.0,3.65,0.0,0.0,2.0,1.8,1.0,4.15
emergency_response_seed1,emergency_response,1,4.15,19.2,18.0,13.275980196522474,0.0,0.0,25.85,1.0,13.837094962238334,0.0,0.0,0.0,2.0,0.0,0.0,0.0,0.0,3.0,12.933285901153127,0.0,0.0,0.0,2.0,0.0,0.0,0.0,0.0,1.0,16.661797020718456,0.0,0.0,0.0,0.0,0.0,0.0,0.0,0.0,1.0,11.976584662359674,0.0,0.0,0.0,2.0,0.0,0.0,0.0,0.0,2.0,13.877644277596168,0.0,0.0,0.0,2.0,0.0,0.0,0.0,0.0,1.0,13.879429849246517,0.0,0.0,0.0,0.0,0.0,0.0,0.0,0.0,1.0,12.505085404151957,0.0,0.0,0.0,2.0,0.0,0.0,0.0,0.0,3.0,12.06071925408907,0.0,0.0,0.0,0.0,0.0,0.0,0.0,0.0,1.0,13.24084177818025,0.0,0.0,0.0,0.0,0.0,0.0,0.0,0.0,1.0,13.863194807184628,0.0,0.0,0.0,2.0,0.0,0.0,0.0,0.0,2.0,13.21701953769158,0.0,0.0,0.0,0.0,0.0,0.0,0.0,0.0,1.0,13.832271957022604,0.0,0.0,0.0,0.0,0.0,0.0,0.0,0.0,0.0,0.0,2.0,0.0,1.0,7.15,0.0,0.0,0.0,0.0,1.0,5.15,0.0,0.0,4.0,1.3,1.0,4.65,0.0,0.0,2.0,2.75,1.0,5.15
emergency_response_seed1,emergency_response,1,5.15,20.2,18.0,13.266313339751093,0.0,0.0,24.85,1.0,13.846664118521149,0.0,0.0,0.0,2.0,0.0,0.0,0.0,0.0,3.0,12.945208804191276,0.0,0.0,0.0,2.0,0.0,0.0,0.0,0.0,1.0,16.658267410978677,0.0,0.0,0.0,0.0,0.0,0.0,0.0,0.0,1.0,11.989490826618857,0.0,0.0,0.0,2.0,0.0,0.0,0.0,0.0,2.0,13.863315114910122,0.0,0.0,0.0,2.0,0.0,0.0,0.0,0.0,1.0,13.838638300377644,0.0,0.0,0.0,0.0,0.0,0.0,0.0,0.0,1.0,12.479846097504394,0.0,0.0,0.0,2.0,0.0,0.0,0.0,0.0,3.0,12.028540559227118,0.0,0.0,0.0,0.0,0.0,0.0,0.0,0.0,1.0,13.244799289441355,0.0,0.0,0.0,0.0,0.0,0.0,0.0,0.0,1.0,13.840772577524186,0.0,0.0,0.0,2.0,0.0,0.0,0.0,0.0,2.0,13.207240695147071,0.0,0.0,0.0,0.0,0.0,0.0,0.0,0.0,1.0,13.83280178418383,0.0,0.0,0.0,0.0,0.0,0.0,0.0,0.0,0.0,0.0,1.0,0.0,1.0,8.15,0.0,0.0,1.0,0.0,1.0,6.15,0.0,0.0,4.0,1.8,1.0,5.65,0.0,0.0,2.0,3.75,1.0,6.15
emergency_response_seed1,emergency_response,1,6.15,21.2,20.0,13.16318104822444,0.0,0.0,23.85,1.0,13.847662866184256,0.0,0.0,0.0,2.0,0.0,0.0,0.0,0.0,4.0,12.785792169529005,0.0,0.0,0.0,2.0,0.0,0.0,0.0,0.0,1.0,16.633608683630825,0.0,0.0,0.0,0.0,0.0,0.0,0.0,0.0,1.0,11.995390486135147,0.0,0.0,0.0,2.0,0.0,0.0,0.0,0.0,2.0,13.875489402973802,0.0,0.0,0.0,2.0,0.0,0.0,0.0,0.0,1.0,13.860245788530447,0.0,0.0,0.0,0.0,0.0,0.0,0.0,0.0,1.0,12.501374925750913,0.0,0.0,0.0,2.0,0.0,0.0,0.0,0.0,4.0,12.041534980072147,0.0,0.0,0.0,0.0,0.0,0.0,0.0,0.0,1.0,13.238832145437986,0.0,0.0,0.0,0.0,0.0,0.0,0.0,0.0,1.0,13.876233674586985,0.0,0.0,0.0,2.0,0.0,0.0,0.0,0.0,2.0,13.203025082774186,0.0,0.0,0.0,0.0,0.0,0.0,0.0,0.0,1.0,13.843934824331663,0.0,0.0,0.0,0.0,0.0,0.0,0.0,0.0,0.0,0.0,1.0,0.0,1.0,9.15,0.0,0.0,1.0,0.0,1.0,7.15,0.0,0.0,4.0,2.3,1.0,6.65,0.0,0.0,2.0,4.75,1.0,7.15
emergency_response_seed1,emergency_response,1,7.15,22.2,20.0,13.115842250183537,0.0,0.0,22.85,1.0,13.888654748530826,0.0,0.0,0.0,2.0,0.0,0.0,0.0,0.0,4.0,12.715251091714546,0.0,0.0,0.0,2.0,0.0,0.0,0.0,0.0,1.0,16.60084142034501,0.0,0.0,0.0,0.0,0.0,0.0,0.0,0.0,1.0,11.999397112699226,0.0,0.0,0.0,2.0,0.0,0.0,0.0,0.0,2.0,13.854922958458458,0.0,0.0,0.0,2.0,0.0,0.0,0.0,0.0,1.0,13.842819665746065,0.0,0.0,0.0,0.0,0.0,0.0,0.0,0.0,1.0,12.471344156879837,0.0,0.0,0.0,2.0,0.0,0.0,0.0,0.0,4.0,11.899589455995836,0.0,0.0,0.0,0.0,0.0,0.0,0.0,0.0,1.0,13.294100841008978,0.0,0.0,0.0,0.0,0.0,0.0,0.0,0.0,1.0,13.830129837456626,0.0,0.0,0.0,2.0,0.0,0.0,0.0,0.0,2.0,13.186881908433625,0.0,0.0,0.0,0.0,0.0,0.0,0.0,0.0,1.0,13.846585296378471,0.0,0.0,0.0,0.0,0.0,0.0,0.0,0.0,0.0,0.0,1.0,0.0,1.0,10.15,0.0,0.0,1.0,0.0,1.0,8.15,0.0,0.0,5.0,2.2399999999999998,1.0,7.65,0.0,0.0,2.0,5.75,1.0,8.15
emergency_response_seed1,emergency_response,1,8.15,23.2,20.0,13.088721869911101,0.0,0.0,21.85,1.0,13.838969127335586,0.0,0.0,0.0,2.0,0.0,0.0,0.0,0.0,4.0,12.67973790311147,0.0,0.0,0.0,2.0,0.0,0.0,0.0,0.0,1.0,16.602050128228964,0.0,0.0,0.0,0.0,0.0,0.0,0.0,0.0,1.0,11.995769498830196,0.0,0.0,0.0,2.0,0.0,0.0,0.0,0.0,2.0,13.858216315182363,0.0,0.0,0.0,2.0,0.0,0.0,0.0,0.0,1.0,13.862904545363271,0.0,0.0,0.0,0.0,0.0,0.0,0.0,0.0,1.0,12.518875933373254,0.0,0.0,0.0,2.0,0.0,0.0,0.0,0.0,4.0,11.76631375759517,0.0,0.0,0.0,0.0,0.0,0.0,0.0,0.0,1.0,13.285340936378264,0.0,0.0,0.0,0.0,0.0,0.0,0.0,0.0,1.0,13.850419382399414,0.0,0.0,0.0,2.0,0.0,0.0,0.0,0.0,2.0,13.229260458581006,0.0,0.0,0.0,0.0,0.0,0.0,0.0,0.0,1.0,13.860947655959754,0.0,0.0,0.0,0.0,0.0,0.0,0.0,0.0,0.0,0.0,1.0,0.0,1.0,11.15,0.0,0.0,1.0,0.0,1.0,9.15,0.0,0.0,5.0,2.6399999999999997,1.0,8.65,0.0,0.0,3.0,4.5,1.0,9.15
emergency_response_seed1,emergency_response,1,9.15,24.2,20.0,13.031388390960675,0.0,0.0,20.85,1.0,13.828006640132518,0.0,0.0,0.0,2.0,0.0,0.0,0.0,0.0,4.0,12.659600073440382,0.0,0.0,0.0,2.0,0.0,0.0,0.0,0.0,1.0,16.15666928370673,0.0,0.0,0.0,0.0,0.0,0.0,0.0,0.0,1.0,11.973130563581362,0.0,0.0,0.0,2.0,0.0,0.0,0.0,0.0,2.0,13.8391389733308,0.0,0.0,0.0,2.0,0.0,0.0,0.0,0.0,1.0,13.88380672349711,0.0,0.0,0.0,0.0,0.0,0.0,0.0,0.0,1.0,12.495626213451521,0.0,0.0,0.0,2.0,0.0,0.0,0.0,0.0,4.0,11.640444850195442,0.0,0.0,0.0,0.0,0.0,0.0,0.0,0.0,1.0,13.259997277361029,0.0,0.0,0.0,0.0,0.0,0.0,0.0,0.0,1.0,13.842399432037492,0.0,0.0,0.0,2.0,0.0,0.0,0.0,0.0,2.0,13.237118423990843,0.0,0.0,0.0,0.0,0.0,0.0,0.0,0.0,1.0,13.835437196259155,0.0,0.0,0.0,0.0,0.0,0.0,0.0,0.0,0.0,0.0,1.0,0.0,1.0,12.15,0.0,0.0,1.0,0.0,1.0,10.15,0.0,0.0,5.0,3.04,1.0,9.65,0.0,0.0,3.0,5.166666666666667,1.0,10.15
emergency_response_seed1,emergency_response,1,10.15,25.2,20.0,12.732021701819114,0.0,0.0,19.85,1.0,13.86884860889404,0.0,0.0,0.0,2.0,0.0,0.0,0.0,0.0,4.0,12.601495775417579,0.0,0.0,0.0,2.0,0.0,0.0,0.0,0.0,1.0,10.68906839466886,0.0,0.0,0.0,0.0,0.0,0.0,0.0,0.0,1.0,11.989209396487567,0.0,0.0,0.0,2.0,0.0,0.0,0.0,0.0,2.0,13.831534974129791,0.0,0.0,0.0,2.0,0.0,0.0,0.0,0.0,1.0,13.842655311018461,0.0,0.0,0.0,0.0,0.0,0.0,0.0,0.0,1.0,12.514710352137824,0.0,0.0,0.0,2.0,0.0,0.0,0.0,0.0,4.0,11.55770376743903,0.0,0.0,0.0,0.0,0.0,0.0,0.0,0.0,1.0,13.278771196168302,0.0,0.0,0.0,0.0,0.0,0.0,0.0,0.0,1.0,13.869398086862638,0.0,0.0,0.0,2.0,0.0,0.0,0.0,0.0,2.0,13.214244538644966,0.0,0.0,0.0,0.0,0.0,0.0,0.0,0.0,1.0,13.859415493168635,0.0,0.0,0.0,0.0,0.0,0.0,0.0,0.0,0.0,0.0,1.0,0.0,1.0,13.15,0.0,0.0,1.0,0.0,1.0,11.15,0.0,0.0,5.0,3.45,1.0,10.65,0.0,0.0,3.0,5.833333333333333,1.0,11.15
emergency_response_seed1,emergency_response,1,11.15,26.2,20.0,12.377934522413465,0.0,0.0,18.85,1.0,13.837458846510854,0.0,0.0,0.0,2.0,0.0,0.0,0.0,0.0,4.0,12.596181212906858,0.0,0.0,0.0,2.0,0.0,0.0,0.0,0.0,1.0,5.1929884600194045,0.0,0.0,0.0,0.0,0.0,0.0,0.0,0.0,1.0,11.990018562690821,0.0,0.0,0.0,2.0,0.0,0.0,0.0,0.0,2.0,13.846399552633411,0.0,0.0,0.0,2.0,0.0,0.0,0.0,0.0,1.0,13.195813224924475,0.0,0.0,0.0,0.0,0.0,0.0,0.0,0.0,1.0,12.50604695099513,0.0,0.0,0.0,2.0,0.0,0.0,0.0,0.0,4.0,11.483959956103412,0.0,0.0,0.0,0.0,0.0,0.0,0.0,0.0,1.0,13.288275195743111,0.0,0.0,0.0,0.0,0.0,0.0,0.0,0.0,1.0,13.881935682706535,0.0,0.0,0.0,2.0,0.0,0.0,0.0,0.0,2.0,13.22761323131048,0.0,0.0,0.0,0.0,0.0,0.0,0.0,0.0,1.0,13.197563280750087,0.0,0.0,0.0,0.0,0.0,0.0,0.0,0.0,0.0,0.0,1.0,0.0,1.0,14.15,0.0,0.0,1.0,0.0,1.0,12.15,0.0,0.0,5.0,4.05,1.0,11.65,0.0,0.0,3.0,6.5,1.0,12.15
emergency_response_seed1,emergency_response,1,12.15,27.2,20.0,10.914753057840896,0.005,1.0,17.85,1.0,12.792896252421272,0.0,0.0,0.0,2.0,0.0,0.0,0.0,0.0,4.0,12.533686463332396,0.0,0.0,0.0,2.0,0.0,0.0,0.0,0.0,1.0,3.484645703301313e-05,0.1,0.1,1.0,0.0,0.0,0.0,0.0,0.0,1.0,11.997725856872275,0.0,0.0,0.0,2.0,0.0,0.0,0.0,0.0,2.0,13.85846497941771,0.0,0.0,0.0,2.0,0.0,0.0,0.0,0.0,1.0,8.705352057976057,0.0,0.0,0.0,0.0,0.0,0.0,0.0,0.0,1.0,12.523006747228699,0.0,0.0,0.0,2.0,0.0,0.0,0.0,0.0,4.0,9.670853885832292,0.0,0.0,0.0,0.0,0.0,0.0,0.0,0.0,1.0,10.910691602838867,0.0,0.0,0.0,0.0,0.0,0.0,0.0,0.0,1.0,13.213262750198071,0.0,0.0,0.0,2.0,0.0,0.0,0.0,0.0,2.0,11.459718203290691,0.0,0.0,0.0,0.0,0.0,0.0,0.0,0.0,1.0,8.697563280750094,0.0,0.0,0.0,0.0,0.0,0.0,0.0,0.0,1.0,0.0,1.0,0.0,1.0,15.15,0.0,0.0,1.0,0.0,1.0,13.15,0.0,0.0,5.0,4.65,1.0,12.65,0.0,0.0,3.0,7.166666666666667,1.0,13.15
emergency_response_seed1,emergency_response,1,15.15,30.2,20.0,7.172615843736379,0.37,6.0,14.85,0.0,0.0,0.0,0.0,0.0,2.0,0.0,0.06666666666666667,0.0,0.0,2.0,11.169817583278691,0.0,0.0,0.0,2.0,0.13333333333333333,0.06666666666666667,0.0,0.0,1.0,0.0,3.1,3.1,1.0,0.0,0.0,0.0,0.06666666666666667,0.20666666666666667,0.0,0.0,0.0,0.0,0.0,2.0,0.0,0.06666666666666667,0.0,0.0,0.0,0.0,0.0,0.0,0.0,2.0,0.0,0.06666666666666667,0.0,0.0,1.0,0.0,1.1,1.1,1.0,0.0,0.0,0.0,0.06666666666666667,0.07333333333333333,0.0,0.0,0.0,0.0,0.0,2.0,0.0,0.06666666666666667,0.0,0.0,4.0,5.231099254022635,0.2375,0.95,1.0,0.0,0.2,0.0,0.06666666666666667,0.01583333333333333,1.0,0.0,0.6,0.6,1.0,0.0,0.0,0.0,0.06666666666666667,0.04,0.0,0.0,0.0,0.0,0.0,2.0,0.0,0.06666666666666667,0.0,0.0,2.0,1.4846995530914255,0.275,0.55,1.0,0.0,0.06666666666666667,0.0,0.06666666666666667,0.018333333333333333,1.0,0.0,1.1,1.1,1.0,0.0,0.0,0.0,0.06666666666666667,0.07333333333333333,1.0,0.0,2.0,0.0,2.0,9.075,1.0,0.0,2.0,0.0,1.0,16.15,0.0,0.0,5.0,6.88,1.0,15.65,0.0,0.0,3.0,9.166666666666666,1.0,16.15
emergency_response_seed1,emergency_response,1,16.2,31.2,20.0,7.200956950268515,0.6849999999999999,6.0,13.8,0.0,0.0,0.0,0.0,0.0,2.0,0.0,0.06666666666666667,0.0,0.0,2.0,11.13499542039119,0.0,0.0,0.0,2.0,0.13333333333333333,0.13333333333333333,0.0,0.0,1.0,0.0,4.15,4.15,1.0,0.0,0.0,0.0,0.06666666666666667,0.27666666666666667,0.0,0.0,0.0,0.0,0.0,2.0,0.0,0.06666666666666667,0.0,0.0,0.0,0.0,0.0,0.0,0.0,2.0,0.0,0.13333333333333333,0.0,0.0,1.0,0.0,2.15,2.15,1.0,0.0,0.0,0.0,0.06666666666666667,0.14333333333333334,0.0,0.0,0.0,0.0,0.0,2.0,0.0,0.06666666666666667,0.0,0.0,4.0,4.835846964682174,0.5,2.0,1.0,0.0,0.2,0.0,0.06666666666666667,0.03333333333333333,1.0,0.0,1.65,1.65,1.0,0.0,0.0,0.0,0.06666666666666667,0.11,0.0,0.0,0.0,0.0,0.0,2.0,0.0,0.06666666666666667,0.0,0.0,2.0,0.5954907920236887,0.8,1.6,1.0,0.0,0.0,0.0,0.06666666666666667,0.05333333333333334,1.0,0.0,2.15,2.15,1.0,0.0,0.0,0.0,0.06666666666666667,0.14333333333333334,1.0,0.0,1.0,0.0,2.0,9.575,1.0,0.0,1.0,0.0,2.0,8.575,0.0,0.0,5.0,7.68,1.0,16.65,0.0,0.0,3.0,9.833333333333334,1.0,17.15
emergency_response_seed1,emergency_response,1,17.2,32.2,20.0,7.302004044594971,0.985,6.0,12.8,0.0,0.0,0.0,0.0,0.0,2.0,0.0,0.06666666666666667,0.0,0.0,2.0,11.10166531206002,0.0,0.0,0.0,2.0,0.06666666666666667,0.13333333333333333,0.0,0.0,1.0,0.0,5.15,5.15,1.0,0.0,0.0,0.0,0.06666666666666667,0.3433333333333334,0.0,0.0,0.0,0.0,0.0,2.0,0.0,0.06666666666666667,0.0,0.0,0.0,0.0,0.0,0.0,0.0,2.0,0.0,0.13333333333333333,0.0,0.0,1.0,0.0,3.15,3.15,1.0,0.0,0.0,0.0,0.06666666666666667,0.21,0.0,0.0,0.0,0.0,0.0,2.0,0.0,0.06666666666666667,0.0,0.0,4.0,4.631123083709647,0.75,3.0,1.0,0.0,0.06666666666666667,0.0,0.06666666666666667,0.05,1.0,0.0,2.65,2.65,1.0,0.0,0.0,0.0,0.06666666666666667,0.17666666666666667,0.0,0.0,0.0,0.0,0.0,2.0,0.0,0.06666666666666667,0.0,0.0,2.0,0.1927282633126867,1.3,2.6,1.0,0.0,0.0,0.0,0.06666666666666667,0.08666666666666667,1.0,0.0,3.15,3.15,1.0,0.0,0.0,0.0,0.06666666666666667,0.21,1.0,0.0,1.0,0.0,2.0,10.075,1.0,0.0,1.0,0.0,2.0,9.075,1.0,0.0,5.0,8.48,1.0,17.65,0.0,0.0,3.0,10.5,1.0,18.15
emergency_response_seed1,emergency_response,1,18.2,33.2,20.0,7.391759299938391,1.2850000000000001,6.0,11.8,0.0,0.0,0.0,0.0,0.0,2.0,0.0,0.06666666666666667,0.0,0.0,1.0,11.183604512983962,0.0,0.0,0.0,2.0,0.06666666666666667,0.2,0.0,0.0,1.0,0.0,6.15,6.15,1.0,0.0,0.0,0.0,0.06666666666666667,0.41000000000000003,0.0,0.0,0.0,0.0,0.0,2.0,0.0,0.06666666666666667,0.0,0.0,0.0,0.0,0.0,0.0,0.0,2.0,0.0,0.13333333333333333,0.0,0.0,1.0,0.0,4.15,4.15,1.0,0.0,0.0,0.0,0.06666666666666667,0.27666666666666667,0.0,0.0,0.0,0.0,0.0,2.0,0.0,0.06666666666666667,0.0,0.0,4.0,4.439942522799042,1.0,4.0,1.0,0.0,0.06666666666666667,0.0,0.06666666666666667,0.06666666666666667,1.0,0.0,3.65,3.65,1.0,0.0,0.0,0.0,0.06666666666666667,0.24333333333333332,0.0,0.0,0.0,0.0,0.0,2.0,0.0,0.06666666666666667,0.0,0.0,2.0,0.05620983843129504,1.8,3.6,1.0,0.0,0.0,0.0,0.06666666666666667,0.12000000000000001,1.0,0.0,4.15,4.15,1.0,0.0,0.0,0.0,0.06666666666666667,0.27666666666666667,1.0,0.0,1.0,0.0,2.0,0.0,1.0,0.0,1.0,0.0,2.0,0.0,1.0,0.0,5.0,9.28,1.0,18.65,0.0,0.0,3.0,11.166666666666666,1.0,19.15
emergency_response_seed1,emergency_response,1,19.2,34.2,21.0,7.424765966067373,1.5619047619047621,8.0,10.8,0.0,0.0,0.0,0.0,0.0,2.0,0.0,0.06666666666666667,0.0,0.0,2.0,11.772800978456178,0.0,0.0,0.0,2.0,0.13333333333333333,0.2,0.0,0.0,1.0,0.0,7.15,7.15,1.0,0.0,0.0,0.0,0.06666666666666667,0.4766666666666667,0.0,0.0,0.0,0.0,0.0,2.0,0.0,0.06666666666666667,0.0,0.0,0.0,0.0,0.0,0.0,0.0,2.0,0.0,0.13333333333333333,0.0,0.0,1.0,0.0,5.15,5.15,1.0,0.0,0.0,0.0,0.06666666666666667,0.3433333333333334,0.0,0.0,0.0,0.0,0.0,2.0,0.0,0.06666666666666667,0.0,0.0,4.0,3.4054220559218997,1.3,5.0,2.0,0.0,0.06666666666666667,0.0,0.13333333333333333,0.08666666666666667,1.0,0.0,4.65,4.65,1.0,0.0,0.0,0.0,0.06666666666666667,0.31,0.0,0.0,0.0,0.0,0.0,2.0,0.0,0.06666666666666667,0.0,0.0,2.0,0.015727629283502433,2.75,4.6,2.0,0.0,0.0,0.0,0.13333333333333333,0.18333333333333332,1.0,0.0,5.15,5.15,1.0,0.0,0.0,0.0,0.06666666666666667,0.3433333333333334,1.0,0.0,1.0,0.0,1.0,0.0,1.0,0.0,1.0,0.0,1.0,0.0,1.0,0.0,5.0,10.08,1.0,19.65,1.0,0.0,3.0,11.833333333333334,1.0,20.15
emergency_response_seed1,emergency_response,1,20.2,35.2,22.0,7.7174966248993675,1.8545454545454547,8.0,9.8,0.0,0.0,0.0,0.0,0.0,2.0,0.0,0.06666666666666667,0.0,0.0,1.0,14.647317071930514,0.0,0.0,0.0,2.0,0.06666666666666667,0.2,0.0,0.0,1.0,0.0,8.15,8.15,1.0,0.0,0.0,0.0,0.06666666666666667,0.5433333333333333,0.0,0.0,0.0,0.0,0.0,2.0,0.0,0.06666666666666667,0.0,0.0,1.0,15.276670000243936,0.0,0.0,0.0,2.0,0.06666666666666667,0.13333333333333333,0.0,0.0,1.0,0.0,6.15,6.15,1.0,0.0,0.0,0.0,0.06666666666666667,0.41000000000000003,0.0,0.0,0.0,0.0,0.0,2.0,0.0,0.06666666666666667,0.0,0.0,4.0,2.497835751600696,1.8,6.0,2.0,0.0,0.06666666666666667,0.0,0.13333333333333333,0.12000000000000001,1.0,0.0,5.65,5.65,1.0,0.0,0.0,0.0,0.06666666666666667,0.3766666666666667,0.0,0.0,0.0,0.0,0.0,2.0,0.0,0.06666666666666667,0.0,0.0,2.0,0.004484011925081471,3.75,5.6,2.0,0.0,0.0,0.0,0.13333333333333333,0.25,1.0,0.0,6.15,6.15,1.0,0.0,0.0,0.0,0.06666666666666667,0.41000000000000003,1.0,0.0,1.0,0.0,1.0,0.0,1.0,0.0,1.0,0.0,1.0,0.0,1.0,0.0,6.0,9.066666666666666,2.0,10.325,1.0,0.0,3.0,12.5,1.0,21.15
emergency_response_seed1,emergency_response,1,21.2,36.2,22.0,7.607275083304947,2.2181818181818183,8.0,8.8,0.0,0.0,0.0,0.0,0.0,2.0,0.0,0.06666666666666667,0.0,0.0,1.0,15.186883901799083,0.0,0.0,0.0,2.0,0.06666666666666667,0.26666666666666666,0.0,0.0,1.0,0.0,9.15,9.15,1.0,0.0,0.0,0.0,0.06666666666666667,0.61,0.0,0.0,0.0,0.0,0.0,2.0,0.0,0.06666666666666667,0.0,0.0,1.0,15.442855727562218,0.0,0.0,0.0,2.0,0.06666666666666667,0.13333333333333333,0.0,0.0,1.0,0.0,7.15,7.15,1.0,0.0,0.0,0.0,0.06666666666666667,0.4766666666666667,0.0,0.0,0.0,0.0,0.0,2.0,0.0,0.06666666666666667,0.0,0.0,4.0,1.7440512266672668,2.3,7.0,2.0,0.0,0.0,0.0,0.13333333333333333,0.15333333333333332,1.0,0.0,6.65,6.65,1.0,0.0,0.0,0.0,0.06666666666666667,0.44333333333333336,0.0,0.0,0.0,0.0,0.0,2.0,0.0,0.06666666666666667,0.0,0.0,2.0,0.0012392618913313269,4.75,6.6,2.0,0.0,0.0,0.0,0.13333333333333333,0.31666666666666665,1.0,0.0,7.15,7.15,1.0,0.0,0.0,0.0,0.06666666666666667,0.4766666666666667,1.0,0.0,1.0,0.0,1.0,0.0,1.0,0.0,1.0,0.0,1.0,0.0,1.0,0.0,6.0,9.733333333333333,2.0,10.825,1.0,0.0,4.0,9.875,2.0,11.075
emergency_response_seed1,emergency_response,1,22.2,37.2,23.0,7.251621406844612,2.4695652173913047,8.0,7.800000000000001,0.0,0.0,0.0,0.0,0.0,2.0,0.0,0.06666666666666667,0.0,0.0,1.0,15.116561700874925,0.0,0.0,0.0,2.0,0.06666666666666667,0.26666666666666666,0.0,0.0,1.0,0.0,10.15,10.15,1.0,0.0,0.0,0.0,0.06666666666666667,0.6766666666666666,0.0,0.0,0.0,0.0,0.0,2.0,0.0,0.06666666666666667,0.0,0.0,1.0,15.431445819856137,0.0,0.0,0.0,2.0,0.06666666666666667,0.13333333333333333,0.0,0.0,1.0,0.0,8.15,8.15,1.0,0.0,0.0,0.0,0.06666666666666667,0.5433333333333333,0.0,0.0,0.0,0.0,0.0,2.0,0.0,0.06666666666666667,0.0,0.0,5.0,1.3044056730182383,2.2399999999999998,8.0,2.0,0.0,0.06666666666666667,0.0,0.13333333333333333,0.14933333333333332,1.0,0.0,7.65,7.65,1.0,0.0,0.0,0.0,0.06666666666666667,0.51,0.0,0.0,0.0,0.0,0.0,2.0,0.0,0.06666666666666667,0.0,0.0,2.0,0.0003536799259149359,5.75,7.6,2.0,0.0,0.0,0.0,0.13333333333333333,0.38333333333333336,1.0,0.0,8.15,8.15,1.0,0.0,0.0,0.0,0.06666666666666667,0.5433333333333333,1.0,0.0,2.0,0.0,1.0,0.0,1.0,0.0,1.0,0.0,1.0,0.0,1.0,0.0,6.0,10.4,2.0,11.325,1.0,0.0,4.0,10.375,2.0,11.575
emergency_response_seed1,emergency_response,1,23.2,38.2,24.0,7.003825451146006,2.6999999999999997,8.0,6.800000000000001,0.0,0.0,0.0,0.0,0.0,2.0,0.0,0.06666666666666667,0.0,0.0,1.0,15.094044999746592,0.0,0.0,0.0,2.0,0.06666666666666667,0.26666666666666666,0.0,0.0,1.0,0.0,11.15,11.15,1.0,0.0,0.0,0.0,0.06666666666666667,0.7433333333333334,0.0,0.0,0.0,0.0,0.0,2.0,0.0,0.06666666666666667,0.0,0.0,1.0,15.394868459326684,0.0,0.0,0.0,2.0,0.06666666666666667,0.13333333333333333,0.0,0.0,1.0,0.0,9.15,9.15,1.0,0.0,0.0,0.0,0.06666666666666667,0.61,0.0,0.0,0.0,0.0,0.0,2.0,0.0,0.06666666666666667,0.0,0.0,5.0,1.3118547274701184,2.6399999999999997,9.0,2.0,0.0,0.06666666666666667,0.0,0.13333333333333333,0.176,1.0,0.0,8.65,8.65,1.0,0.0,0.0,0.0,0.06666666666666667,0.5766666666666667,0.0,0.0,0.0,0.0,0.0,2.0,0.0,0.06666666666666667,0.0,0.0,3.0,0.41751547584899856,4.5,8.6,2.0,0.0,0.06666666666666667,0.0,0.13333333333333333,0.3,1.0,0.0,9.15,9.15,1.0,0.0,0.0,0.0,0.06666666666666667,0.61,1.0,0.0,2.0,0.0,1.0,0.0,1.0,0.0,1.0,0.0,1.0,0.0,1.0,0.0,6.0,11.066666666666668,2.0,11.825,1.0,0.0,4.0,10.875,2.0,12.075
emergency_response_seed1,emergency_response,1,24.2,39.2,24.0,7.1006873361064775,3.033333333333333,8.0,5.800000000000001,0.0,0.0,0.0,0.0,0.0,2.0,0.0,0.06666666666666667,0.0,0.0,1.0,15.179797161011011,0.0,0.0,0.0,2.0,0.06666666666666667,0.26666666666666666,0.0,0.0,1.0,0.0,12.15,12.15,1.0,0.0,0.0,0.0,0.06666666666666667,0.81,0.0,0.0,0.0,0.0,0.0,2.0,0.0,0.06666666666666667,0.0,0.0,1.0,15.402273456235886,0.0,0.0,0.0,2.0,0.06666666666666667,0.13333333333333333,0.0,0.0,1.0,0.0,10.15,10.15,1.0,0.0,0.0,0.0,0.06666666666666667,0.6766666666666666,0.0,0.0,0.0,0.0,0.0,2.0,0.0,0.06666666666666667,0.0,0.0,5.0,1.4000086791633006,3.04,10.0,2.0,0.0,0.06666666666666667,0.0,0.13333333333333333,0.20266666666666666,1.0,0.0,9.65,9.65,1.0,0.0,0.0,0.0,0.06666666666666667,0.6433333333333333,0.0,0.0,0.0,0.0,0.0,2.0,0.0,0.06666666666666667,0.0,0.0,3.0,0.9928870700665563,5.166666666666667,9.6,2.0,0.0,0.06666666666666667,0.0,0.13333333333333333,0.34444444444444444,1.0,0.0,10.15,10.15,1.0,0.0,0.0,0.0,0.06666666666666667,0.6766666666666666,1.0,0.0,2.0,0.0,1.0,0.0,1.0,0.0,2.0,0.0,1.0,0.0,1.0,0.0,6.0,11.733333333333334,2.0,12.325,1.0,0.0,4.0,11.375,2.0,12.575
emergency_response_seed1,emergency_response,1,25.2,40.2,24.0,7.2095043358378215,3.3687500000000004,9.0,4.800000000000001,0.0,0.0,0.0,0.0,0.0,2.0,0.0,0.06666666666666667,0.0,0.0,1.0,15.190553037272752,0.0,0.0,0.0,2.0,0.06666666666666667,0.26666666666666666,0.0,0.0,1.0,0.0,13.15,13.15,1.0,0.0,0.0,0.0,0.06666666666666667,0.8766666666666667,0.0,0.0,0.0,0.0,0.0,2.0,0.0,0.06666666666666667,0.0,0.0,1.0,15.400204985605091,0.0,0.0,0.0,2.0,0.06666666666666667,0.13333333333333333,0.0,0.0,1.0,0.0,11.15,11.15,1.0,0.0,0.0,0.0,0.06666666666666667,0.7433333333333334,0.0,0.0,0.0,0.0,0.0,2.0,0.0,0.06666666666666667,0.0,0.0,5.0,1.587732705110564,3.45,11.0,3.0,0.0,0.06666666666666667,0.0,0.2,0.23,1.0,0.0,10.65,10.65,1.0,0.0,0.0,0.0,0.06666666666666667,0.7100000000000001,0.0,0.0,0.0,0.0,0.0,2.0,0.0,0.06666666666666667,0.0,0.0,3.0,1.5692681219171523,5.833333333333333,10.6,2.0,0.0,0.06666666666666667,0.0,0.13333333333333333,0.3888888888888889,1.0,0.0,11.15,11.15,1.0,0.0,0.0,0.0,0.06666666666666667,0.7433333333333334,1.0,0.0,2.0,0.0,1.0,0.0,1.0,0.0,2.0,0.0,1.0,0.0,1.0,0.0,6.0,12.4,2.0,12.825,1.0,0.0,4.0,11.875,2.0,13.075
emergency_response_seed1,emergency_response,1,26.2,41.2,24.0,7.331627242785387,3.7437500000000004,9.0,3.8000000000000007,0.0,0.0,0.0,0.0,0.0,2.0,0.0,0.06666666666666667,0.0,0.0,1.0,15.191222233084947,0.0,0.0,0.0,2.0,0.06666666666666667,0.26666666666666666,0.0,0.0,1.0,0.0,14.15,14.15,1.0,0.0,0.0,0.0,0.06666666666666667,0.9433333333333334,0.0,0.0,0.0,0.0,0.0,2.0,0.0,0.06666666666666667,0.0,0.0,1.0,15.423337668058931,0.0,0.0,0.0,2.0,0.06666666666666667,0.13333333333333333,0.0,0.0,1.0,0.0,12.15,12.15,1.0,0.0,0.0,0.0,0.06666666666666667,0.81,0.0,0.0,0.0,0.0,0.0,2.0,0.0,0.06666666666666667,0.0,0.0,5.0,1.8425910189905323,4.05,12.0,3.0,0.0,0.06666666666666667,0.0,0.2,0.26999999999999996,1.0,0.0,11.65,11.65,1.0,0.0,0.0,0.0,0.06666666666666667,0.7766666666666667,0.0,0.0,0.0,0.0,0.0,2.0,0.0,0.06666666666666667,0.0,0.0,3.0,2.1267506059498165,6.5,11.6,2.0,0.0,0.06666666666666667,0.0,0.13333333333333333,0.43333333333333335,1.0,0.0,12.15,12.15,1.0,0.0,0.0,0.0,0.06666666666666667,0.81,1.0,0.05,2.0,0.0,1.0,0.0,1.0,0.0,2.0,0.0,1.0,0.0,1.0,0.0,6.0,13.066666666666668,2.0,13.325,1.0,0.0,4.0,12.375,2.0,13.575
emergency_response_seed1,emergency_response,1,27.2,42.2,25.0,7.719815994415044,3.9539999999999997,9.0,2.8000000000000007,1.0,13.834895825055428,0.0,0.0,0.0,2.0,0.06666666666666667,0.06666666666666667,0.0,0.0,1.0,15.198647072633714,0.0,0.0,0.0,2.0,0.06666666666666667,0.26666666666666666,0.0,0.0,1.0,0.0,15.15,15.15,1.0,0.0,0.0,0.0,0.0,1.0,0.0,0.0,0.0,0.0,0.0,2.0,0.0,0.06666666666666667,0.0,0.0,1.0,15.378424844668716,0.0,0.0,0.0,2.0,0.06666666666666667,0.13333333333333333,0.0,0.0,1.0,0.0,13.15,13.15,1.0,0.0,0.0,0.0,0.06666666666666667,0.8766666666666667,0.0,0.0,0.0,0.0,0.0,2.0,0.0,0.06666666666666667,0.0,0.0,5.0,2.1353307447458234,4.65,13.0,3.0,0.0,0.06666666666666667,0.0,0.2,0.31,1.0,0.0,12.65,12.65,1.0,0.0,0.0,0.0,0.06666666666666667,0.8433333333333334,0.0,0.0,0.0,0.0,0.0,2.0,0.0,0.06666666666666667,0.0,0.0,3.0,2.6903586133172044,7.166666666666667,12.6,2.0,0.0,0.06666666666666667,0.0,0.13333333333333333,0.4777777777777778,1.0,0.0,13.15,13.15,1.0,0.0,0.0,0.0,0.06666666666666667,0.8766666666666667,1.0,1.05,2.0,0.275,1.0,0.0,1.0,0.0,2.0,0.0,1.0,0.0,1.0,0.0,6.0,13.733333333333334,2.0,13.825,1.0,0.0,4.0,12.875,2.0,14.075
emergency_response_seed1,emergency_response,1,34.2,49.2,24.0,7.570667102657482,5.2375,8.0,10.799999999999997,1.0,13.86502570277662,0.0,0.0,0.0,0.0,0.06666666666666665,0.0,0.0,0.0,1.0,14.028403770621361,0.0,0.0,0.0,0.0,0.06666666666666665,0.1333333333333333,0.0,0.0,1.0,9.180358088980412,0.0,0.0,0.0,2.0,0.06666666666666665,0.06666666666666665,-0.06666666666666665,-0.47666666666666657,1.0,13.837391057154164,0.0,0.0,0.0,0.0,0.06666666666666665,0.0,0.0,0.0,1.0,14.037257502069043,0.0,0.0,0.0,0.0,0.06666666666666665,0.0,0.0,0.0,1.0,7.435913365023545,0.0,0.0,0.0,2.0,0.06666666666666665,0.06666666666666665,-0.06666666666666665,-0.34333333333333327,1.0,13.543151366109537,0.0,0.0,0.0,0.0,0.06666666666666665,0.0,0.0,0.0,5.0,2.2543777774418006,10.08,20.0,4.0,0.0,0.06666666666666665,0.0,0.1333333333333333,0.5853333333333332,1.0,0.0,19.65,19.65,1.0,0.0,0.0,0.0,0.0,0.9999999999999997,1.0,13.878333179646871,0.0,0.0,0.0,0.0,0.06666666666666665,0.0,0.0,0.0,3.0,3.9915946797910142,11.833333333333334,19.6,2.0,0.0,0.06666666666666665,0.0,0.0,0.6055555555555554,1.0,0.0,20.15,20.15,1.0,0.0,0.0,0.0,0.0,0.9999999999999997,0.0,0.0,2.0,3.775,1.0,1.0,0.0,0.0,2.0,2.65,1.0,1.1,0.0,0.0,6.0,1.05,2.0,17.325,0.0,0.0,4.0,0.0,2.0,17.575
emergency_response_seed1,emergency_response,1,35.2,50.2,26.0,7.445592945942956,5.142307692307692,8.0,9.799999999999997,1.0,13.877704161200674,0.0,0.0,0.0,0.0,0.06666666666666665,0.0,0.0,0.0,1.0,13.955402177322386,0.0,0.0,0.0,0.0,0.06666666666666665,0.06666666666666665,0.0,0.0,1.0,10.881400959694268,0.0,0.0,0.0,2.0,0.06666666666666665,0.06666666666666665,-0.06666666666666665,-0.5433333333333332,1.0,13.871461208050606,0.0,0.0,0.0,0.0,0.06666666666666665,0.0,0.0,0.0,1.0,14.100460796217012,0.0,0.0,0.0,0.0,0.06666666666666665,0.06666666666666665,0.0,0.0,1.0,9.295322921419393,0.0,0.0,0.0,2.0,0.06666666666666665,0.06666666666666665,-0.06666666666666665,-0.4099999999999999,1.0,13.58676172105437,0.0,0.0,0.0,0.0,0.06666666666666665,0.0,0.0,0.0,6.0,2.180967956162458,9.066666666666666,21.0,4.0,0.0,0.1333333333333333,0.0,0.1333333333333333,0.48444444444444434,2.0,0.9746279102073143,10.325,20.65,1.0,0.0,0.06666666666666665,0.0,0.0,0.31166666666666654,1.0,13.840391214293195,0.0,0.0,0.0,0.0,0.06666666666666665,0.0,0.0,0.0,3.0,3.99782691330649,12.5,20.6,2.0,0.0,0.06666666666666665,0.0,0.0,0.5833333333333331,1.0,0.0,21.15,21.15,1.0,0.0,0.0,0.0,0.0,0.9999999999999997,0.0,0.0,2.0,4.275,1.0,2.0,0.0,0.0,2.0,3.15,1.0,2.1,0.0,0.0,6.0,0.0,2.0,17.825,0.0,0.0,4.0,0.0,2.0,18.075
emergency_response_seed1,emergency_response,1,36.2,51.2,28.0,7.395127465393594,5.060714285714285,8.0,8.799999999999997,1.0,13.86005637251772,0.0,0.0,0.0,0.0,0.06666666666666665,0.0,0.0,0.0,1.0,13.960424024035882,0.0,0.0,0.0,0.0,0.06666666666666665,0.06666666666666665,0.0,0.0,1.0,11.986012455532327,0.0,0.0,0.0,2.0,0.06666666666666665,0.06666666666666665,-0.06666666666666665,-0.6099999999999999,1.0,13.887320885859664,0.0,0.0,0.0,0.0,0.06666666666666665,0.0,0.0,0.0,1.0,14.099700366345278,0.0,0.0,0.0,0.0,0.06666666666666665,0.06666666666666665,0.0,0.0,1.0,11.030614334116812,0.0,0.0,0.0,2.0,0.06666666666666665,0.06666666666666665,-0.06666666666666665,-0.47666666666666657,1.0,13.564345662627181,0.0,0.0,0.0,0.0,0.06666666666666665,0.0,0.0,0.0,6.0,2.1852479065593173,9.733333333333333,22.0,4.0,0.0,0.1333333333333333,0.0,0.1333333333333333,0.4955555555555554,2.0,2.0090036615844933,10.825,21.65,1.0,0.0,0.06666666666666665,0.0,0.0,0.2783333333333332,1.0,13.878180027554045,0.0,0.0,0.0,0.0,0.06666666666666665,0.0,0.0,0.0,4.0,4.079540103022737,9.875,21.6,2.0,0.0,0.1333333333333333,0.0,0.0,0.34166666666666656,2.0,0.18907422471840085,11.075,22.15,1.0,0.0,0.06666666666666665,0.0,0.0,0.26166666666666655,0.0,0.0,2.0,4.775,1.0,3.0,0.0,0.0,2.0,3.65,1.0,3.1,0.0,0.0,5.0,0.0,2.0,18.325,0.0,0.0,3.0,0.0,2.0,18.575
emergency_response_seed1,emergency_response,1,37.2,52.2,29.0,8.022966061408972,5.162068965517241,8.0,7.799999999999997,1.0,13.860183505389141,0.0,0.0,0.0,0.0,0.06666666666666665,0.0,0.0,0.0,2.0,13.92133668671849,0.0,0.0,0.0,0.0,0.1333333333333333,0.06666666666666665,0.0,0.0,1.0,11.98569626052864,0.0,0.0,0.0,2.0,0.06666666666666665,0.06666666666666665,-0.06666666666666665,-0.6766666666666665,1.0,13.831768704091665,0.0,0.0,0.0,0.0,0.06666666666666665,0.0,0.0,0.0,1.0,14.103336647713368,0.0,0.0,0.0,0.0,0.06666666666666665,0.06666666666666665,0.0,0.0,1.0,12.883657596055556,0.0,0.0,0.0,2.0,0.06666666666666665,0.06666666666666665,-0.06666666666666665,-0.5433333333333332,1.0,13.588257520964413,0.0,0.0,0.0,0.0,0.06666666666666665,0.0,0.0,0.0,6.0,2.23546490894423,10.4,23.0,4.0,0.0,0.06666666666666665,0.0,0.1333333333333333,0.5439999999999999,2.0,2.9653928508195437,11.325,22.65,1.0,0.0,0.06666666666666665,0.0,0.0,0.24499999999999988,1.0,13.889598646369997,0.0,0.0,0.0,0.0,0.06666666666666665,0.0,0.0,0.0,4.0,4.494220362825506,10.375,22.6,2.0,0.0,0.1333333333333333,0.0,0.0,0.30833333333333324,2.0,1.2937089689452257,11.575,23.15,1.0,0.0,0.06666666666666665,0.0,0.0,0.22833333333333322,0.0,0.0,2.0,5.275,1.0,4.0,0.0,0.0,2.0,4.15,1.0,4.1,0.0,0.0,5.0,0.0,2.0,18.825,0.0,0.0,3.0,0.0,2.0,19.075
emergency_response_seed1,emergency_response,1,38.2,53.2,28.0,8.240397551728336,5.632142857142857,8.0,6.799999999999997,1.0,13.402989656357713,0.0,0.0,0.0,0.0,0.06666666666666665,0.0,0.0,0.0,2.0,13.922099902661499,0.0,0.0,0.0,0.0,0.1333333333333333,0.06666666666666665,0.0,0.0,1.0,11.984236834212206,0.0,0.0,0.0,2.0,0.06666666666666665,0.06666666666666665,-0.06666666666666665,-0.7433333333333332,1.0,13.845890325388174,0.0,0.0,0.0,0.0,0.06666666666666665,0.0,0.0,0.0,1.0,14.043795271997151,0.0,0.0,0.0,0.0,0.06666666666666665,0.06666666666666665,0.0,0.0,1.0,13.719323060523026,0.0,0.0,0.0,2.0,0.06666666666666665,0.06666666666666665,-0.06666666666666665,-0.6099999999999999,1.0,13.537571220282276,0.0,0.0,0.0,0.0,0.06666666666666665,0.0,0.0,0.0,6.0,2.385874824528937,11.066666666666668,24.0,4.0,0.0,0.06666666666666665,0.0,0.1333333333333333,0.5617777777777778,2.0,3.901800334701464,11.825,23.65,1.0,0.0,0.06666666666666665,0.0,0.0,0.21166666666666656,1.0,13.854164104801603,0.0,0.0,0.0,0.0,0.06666666666666665,0.0,0.0,0.0,4.0,4.445692204670919,10.875,23.6,2.0,0.0,0.06666666666666665,0.0,0.0,0.4249999999999999,2.0,2.261748129534912,12.075,24.15,1.0,0.0,0.06666666666666665,0.0,0.0,0.1949999999999999,0.0,0.0,2.0,5.775,1.0,5.0,0.0,0.0,2.0,4.65,1.0,5.1,0.0,0.0,4.0,0.0,2.0,19.325,0.0,0.0,2.0,0.0,2.0,19.575
emergency_response_seed1,emergency_response,1,39.2,54.2,29.0,8.520775256325082,5.713793103448276,8.0,5.799999999999997,1.0,8.926099806479014,0.0,0.0,0.0,0.0,0.06666666666666665,0.0,0.0,0.0,2.0,13.196960399399725,0.0,0.0,0.0,0.0,0.1333333333333333,0.06666666666666665,0.0,0.0,1.0,11.986879336286801,0.0,0.0,0.0,2.0,0.06666666666666665,0.06666666666666665,-0.06666666666666665,-0.8099999999999998,1.0,13.883795382340905,0.0,0.0,0.0,0.0,0.06666666666666665,0.0,0.0,0.0,2.0,13.94018010049851,0.0,0.0,0.0,0.0,0.1333333333333333,0.06666666666666665,0.0,0.0,1.0,13.725630663861526,0.0,0.0,0.0,2.0,0.06666666666666665,0.06666666666666665,-0.06666666666666665,-0.6766666666666665,1.0,13.531079663636207,0.0,0.0,0.0,0.0,0.06666666666666665,0.0,0.0,0.0,6.0,2.2714048254846397,11.733333333333334,25.0,4.0,0.0,0.06666666666666665,0.0,0.1333333333333333,0.5795555555555555,2.0,4.944688981001885,12.325,24.65,1.0,0.0,0.06666666666666665,0.0,0.0,0.17833333333333323,1.0,13.857627600496635,0.0,0.0,0.0,0.0,0.06666666666666665,0.0,0.0,0.0,4.0,4.520159971178457,11.375,24.6,2.0,0.0,0.06666666666666665,0.0,0.0,0.41388888888888875,2.0,3.218777158338137,12.575,25.15,1.0,0.0,0.06666666666666665,0.0,0.0,0.16166666666666657,1.0,0.0,2.0,6.275,1.0,6.0,0.0,0.0,2.0,5.15,1.0,6.1,0.0,0.0,4.0,0.0,2.0,19.825,0.0,0.0,1.0,0.0,2.0,20.075
emergency_response_seed1,emergency_response,1,40.2,55.2,28.0,8.216871820808075,6.203571428571428,8.0,4.799999999999997,1.0,4.433286773038371,0.0,0.0,0.0,0.0,0.06666666666666665,0.0,0.0,0.0,2.0,10.703791844932145,0.0,0.0,0.0,0.0,0.1333333333333333,0.06666666666666665,0.0,0.0,1.0,11.995218150790315,0.0,0.0,0.0,2.0,0.06666666666666665,0.06666666666666665,-0.06666666666666665,-0.8766666666666665,1.0,12.079022625242263,0.0,0.0,0.0,0.0,0.06666666666666665,0.0,0.0,0.0,2.0,13.934117160063144,0.0,0.0,0.0,0.0,0.1333333333333333,0.06666666666666665,0.0,0.0,1.0,13.674984795227651,0.0,0.0,0.0,2.0,0.06666666666666665,0.06666666666666665,-0.06666666666666665,-0.7433333333333332,1.0,13.572125304888047,0.0,0.0,0.0,0.0,0.06666666666666665,0.0,0.0,0.0,6.0,2.1544888457783586,12.4,26.0,4.0,0.0,0.06666666666666665,0.0,0.06666666666666665,0.5966666666666665,2.0,5.841969995420007,12.825,25.65,1.0,0.0,0.06666666666666665,0.0,0.0,0.1449999999999999,1.0,13.844325871713227,0.0,0.0,0.0,0.0,0.06666666666666665,0.0,0.0,0.0,4.0,4.607867467155295,11.875,25.6,2.0,0.0,0.06666666666666665,0.0,0.0,0.4027777777777777,2.0,4.192787182389669,13.075,26.15,1.0,0.0,0.06666666666666665,0.0,0.0,0.12833333333333324,1.0,0.0,2.0,7.15,1.0,7.0,0.0,0.0,2.0,5.65,1.0,7.1,0.0,0.0,3.0,0.0,2.0,20.425,0.0,0.0,1.0,0.0,2.0,20.575
emergency_response_seed1,emergency_response,1,41.2,56.2,28.0,7.913428723533461,6.491071428571429,9.0,3.799999999999997,1.0,0.00027416368627629297,0.05,0.05,1.0,0.0,0.06666666666666665,0.0,0.06666666666666665,0.0033333333333333327,2.0,8.224757759706133,0.0,0.0,0.0,0.0,0.1333333333333333,0.06666666666666665,0.0,0.0,1.0,11.98806374417385,0.0,0.0,0.0,2.0,0.06666666666666665,0.06666666666666665,-0.06666666666666665,-0.9433333333333331,1.0,7.5790226252422705,0.0,0.0,0.0,0.0,0.06666666666666665,0.0,0.0,0.0,2.0,13.778967650302858,0.0,0.0,0.0,0.0,0.1333333333333333,0.06666666666666665,0.0,0.0,1.0,13.72902664180962,0.0,0.0,0.0,2.0,0.06666666666666665,0.06666666666666665,-0.06666666666666665,-0.8099999999999998,1.0,13.549264807264132,0.0,0.0,0.0,0.0,0.06666666666666665,0.0,0.0,0.0,6.0,2.084880795438901,13.066666666666668,27.0,4.0,0.0,0.06666666666666665,0.0,0.06666666666666665,0.6011111111111112,2.0,6.873102699574606,13.325,26.65,1.0,0.0,0.06666666666666665,0.0,0.0,0.11166666666666657,1.0,13.838990226238966,0.0,0.0,0.0,0.0,0.06666666666666665,0.0,0.0,0.0,4.0,4.806101513376806,12.375,26.6,2.0,0.0,0.06666666666666665,0.0,0.0,0.39166666666666655,2.0,5.196213726378428,13.575,27.15,1.0,0.0,0.06666666666666665,0.0,0.0,0.0949999999999999,1.0,0.0,3.0,5.433333333333334,1.0,8.0,0.0,0.0,2.0,6.15,1.0,8.1,0.0,0.0,3.0,0.0,2.0,21.425,0.0,0.0,1.0,0.0,2.0,21.075
emergency_response_seed1,emergency_response,1,42.2,57.2,28.0,7.511817145089203,6.832142857142857,10.0,2.799999999999997,1.0,0.0,1.05,1.05,1.0,0.0,0.0,0.0,0.06666666666666665,0.06999999999999999,2.0,6.930862016868196,0.275,0.55,1.0,0.0,0.1333333333333333,0.06666666666666665,0.06666666666666665,0.01833333333333333,1.0,11.985466292628553,0.0,0.0,0.0,2.0,0.06666666666666665,0.06666666666666665,-0.06666666666666665,-1.0099999999999998,1.0,3.0790226252422754,0.0,0.0,0.0,0.0,0.06666666666666665,0.0,0.0,0.0,2.0,11.29238128083832,0.0,0.0,0.0,0.0,0.1333333333333333,0.06666666666666665,0.0,0.0,1.0,13.709712490343959,0.0,0.0,0.0,2.0,0.06666666666666665,0.06666666666666665,-0.06666666666666665,-0.8766666666666665,1.0,13.591447526827265,0.0,0.0,0.0,0.0,0.06666666666666665,0.0,0.0,0.0,6.0,2.0597914315660364,13.733333333333334,28.0,4.0,0.0,0.06666666666666665,0.0,0.06666666666666665,0.6055555555555554,2.0,6.930239952445845,13.825,27.65,1.0,0.0,0.06666666666666665,0.0,0.0,0.07833333333333324,1.0,13.868765297282954,0.0,0.0,0.0,0.0,0.06666666666666665,0.0,0.0,0.0,4.0,4.529626102359707,12.875,27.6,2.0,0.0,0.06666666666666665,0.0,0.0,0.3805555555555554,2.0,6.163952251151011,14.075,28.15,1.0,0.0,0.06666666666666665,0.0,0.0,0.06166666666666658,1.0,0.0,4.0,4.575,1.0,9.0,0.0,0.0,2.0,7.025,1.0,9.1,0.0,0.0,3.0,0.0,2.0,22.425,0.0,0.0,1.0,0.0,2.0,21.825
emergency_response_seed1,emergency_response,1,43.2,58.2,28.0,7.253633801642166,7.2124999999999995,12.0,1.7999999999999972,1.0,0.0,2.05,2.05,1.0,0.0,0.0,0.0,0.06666666666666665,0.13666666666666663,2.0,6.9332591621606845,0.775,1.55,1.0,0.0,0.06666666666666665,0.06666666666666665,0.06666666666666665,0.05166666666666666,1.0,11.999503859421239,0.0,0.0,0.0,2.0,0.06666666666666665,0.06666666666666665,-0.06666666666666665,-1.0766666666666662,1.0,0.0,0.35,0.35,1.0,0.0,0.06666666666666665,0.0,0.06666666666666665,0.023333333333333327,2.0,8.807992490534328,0.0,0.0,0.0,0.0,0.1333333333333333,0.06666666666666665,0.0,0.0,1.0,13.705813987894222,0.0,0.0,0.0,2.0,0.06666666666666665,0.06666666666666665,-0.06666666666666665,-0.9433333333333331,1.0,13.576717335226292,0.0,0.0,0.0,0.0,0.06666666666666665,0.0,0.0,0.0,6.0,2.0336569572994656,14.450000000000001,29.0,5.0,0.0,0.06666666666666665,0.0,0.06666666666666665,0.6113333333333333,2.0,6.914828764839913,14.325,28.65,1.0,0.0,0.06666666666666665,0.0,0.0,0.044999999999999915,1.0,13.856184336786391,0.0,0.0,0.0,0.0,0.06666666666666665,0.0,0.0,0.0,4.0,4.37302571229511,13.375,28.6,2.0,0.0,0.06666666666666665,0.0,0.0,0.36944444444444435,2.0,6.937986713816645,14.575,29.15,1.0,0.0,0.06666666666666665,0.0,0.0,0.028333333333333256,1.0,0.0,4.0,5.075,2.0,5.0,1.0,0.0,2.0,8.025,1.0,10.1,0.0,0.0,2.0,0.0,2.0,23.425,0.0,0.0,1.0,0.0,2.0,22.825
emergency_response_seed1,emergency_response,1,44.2,59.2,29.0,6.851387837810195,7.387931034482759,13.0,0.7999999999999972,1.0,0.0,3.05,3.05,1.0,0.0,0.0,0.0,0.06666666666666665,0.20333333333333328,2.0,6.933212637931574,1.275,2.55,1.0,0.0,0.06666666666666665,0.06666666666666665,0.06666666666666665,0.08499999999999998,1.0,11.99614358072402,0.0,0.0,0.0,2.0,0.0,0.06666666666666665,-0.06666666666666665,-0.5716666666666664,1.0,0.0,1.35,1.35,1.0,0.0,0.0,0.0,0.06666666666666665,0.08999999999999998,2.0,6.920829728578101,0.15,0.3,1.0,0.0,0.1333333333333333,0.06666666666666665,0.06666666666666665,0.009999999999999997,1.0,13.682777997787348,0.0,0.0,0.0,2.0,0.06666666666666665,0.06666666666666665,-0.06666666666666665,-1.0099999999999998,1.0,10.233957773266972,0.0,0.0,0.0,0.0,0.06666666666666665,0.0,0.0,0.0,7.0,2.1967460195097703,13.1,30.0,5.0,0.0,0.1333333333333333,0.0,0.06666666666666665,0.46799999999999986,2.0,6.923937166990945,14.825,29.65,1.0,0.0,0.06666666666666665,0.0,0.0,0.011666666666666593,1.0,13.832381681565895,0.0,0.0,0.0,0.0,0.06666666666666665,0.0,0.0,0.0,4.0,4.283835985536935,13.875,29.6,2.0,0.0,0.06666666666666665,0.0,0.0,0.3583333333333332,2.0,6.9401743084628835,15.075,30.15,1.0,0.0,0.06666666666666665,0.0,0.0,-0.0050000000000000695,1.0,0.0,4.0,5.575,2.0,5.5,1.0,0.0,3.0,6.016666666666667,1.0,11.1,0.0,0.0,2.0,0.0,2.0,24.425,0.0,0.0,1.0,0.0,2.0,23.825
emergency_response_seed1,emergency_response,1,45.2,60.2,29.0,6.22998801042902,7.836206896551724,13.0,2.799999999999997,1.0,0.0,4.05,4.05,1.0,0.0,0.0,0.0,0.06666666666666665,0.2699999999999999,2.0,6.9144147726771195,1.775,3.55,1.0,0.0,0.06666666666666665,0.06666666666666665,0.06666666666666665,0.1183333333333333,1.0,11.99583512041485,0.0,0.0,0.0,1.0,0.0,0.06666666666666665,-0.06666666666666665,-0.6049999999999998,1.0,0.0,2.35,2.35,1.0,0.0,0.0,0.0,0.06666666666666665,0.15666666666666665,2.0,6.937837341574487,0.65,1.3,1.0,0.0,0.06666666666666665,0.06666666666666665,0.06666666666666665,0.04333333333333333,1.0,13.111378954416097,0.0,0.0,0.0,1.0,0.06666666666666665,0.06666666666666665,-0.06666666666666665,-1.0766666666666662,1.0,5.7365053386051486,0.0,0.0,0.0,0.0,0.06666666666666665,0.0,0.0,0.0,7.0,2.455866313384356,13.814285714285715,31.0,5.0,0.0,0.1333333333333333,0.0,0.06666666666666665,0.46228571428571424,2.0,6.917635649756995,15.325,30.65,1.0,0.0,0.06666666666666665,0.0,0.0,-0.021666666666666733,1.0,10.047001374678585,0.0,0.0,0.0,0.0,0.06666666666666665,0.0,0.0,0.0,5.0,4.279874854750163,11.5,30.6,2.0,0.0,0.1333333333333333,0.0,0.0,0.15555555555555556,2.0,6.919553137464682,15.575,31.15,1.0,0.0,0.06666666666666665,0.0,0.0,-0.038333333333333275,1.0,0.0,4.0,6.075,2.0,6.0,1.0,0.0,4.0,5.0125,1.0,12.1,0.0,0.0,1.0,0.0,2.0,25.425,0.0,0.0,0.0,0.0,2.0,24.825
emergency_response_seed1,emergency_response,1,46.2,61.2,28.0,5.224239054442081,8.596428571428572,14.0,1.7999999999999972,1.0,0.0,5.05,5.05,1.0,0.0,0.0,0.0,0.06666666666666665,0.33666666666666656,2.0,6.913951493817149,2.275,4.55,1.0,0.0,0.06666666666666665,0.0,0.06666666666666665,0.15166666666666662,1.0,8.133791326261159,0.0,0.0,0.0,1.0,0.0,0.06666666666666665,-0.06666666666666665,-0.6383333333333331,1.0,0.0,3.35,3.35,1.0,0.0,0.0,0.0,0.06666666666666665,0.22333333333333327,2.0,6.916181528618327,1.15,2.3,1.0,0.0,0.06666666666666665,0.0,0.06666666666666665,0.07666666666666665,1.0,8.634173865145776,0.0,0.0,0.0,1.0,0.0,0.06666666666666665,-0.06666666666666665,-0.5716666666666664,1.0,1.2429695223490986,0.0,0.0,0.0,0.0,0.06666666666666665,0.0,0.0,0.0,7.0,2.465656163260494,14.528571428571428,32.0,5.0,0.0,0.1333333333333333,0.0,0.06666666666666665,0.45657142857142846,2.0,6.913778896232253,15.825,31.65,1.0,0.0,0.06666666666666665,0.0,0.0,-0.05499999999999994,1.0,5.548236206254035,0.0,0.0,0.0,0.0,0.06666666666666665,0.0,0.0,0.0,5.0,3.930723141735958,11.99,31.6,3.0,0.0,0.1333333333333333,0.0,0.06666666666666665,0.14377777777777773,2.0,6.923343326033209,16.075,32.15,1.0,0.0,0.06666666666666665,0.0,0.0,-0.0716666666666666,1.0,0.0,4.0,6.575,2.0,6.5,1.0,0.0,4.0,5.5125,2.0,6.55,0.0,0.0,0.0,0.0,2.0,26.425,0.0,0.0,0.0,0.0,2.0,25.825
emergency_response_seed1,emergency_response,1,47.2,62.2,28.0,4.508639045237722,9.123214285714285,15.0,0.7999999999999972,1.0,0.0,6.05,6.05,1.0,0.0,0.0,0.0,0.06666666666666667,0.4033333333333333,2.0,6.041533597886036,2.775,5.55,1.0,0.0,0.06666666666666667,0.0,0.06666666666666667,0.185,1.0,4.136317630065893,0.0,0.0,0.0,1.0,0.0,0.06666666666666667,-0.06666666666666667,-0.6716666666666666,1.0,0.0,4.35,4.35,1.0,0.0,0.0,0.0,0.06666666666666667,0.29,2.0,6.930303776325891,1.65,3.3,1.0,0.0,0.06666666666666667,0.0,0.06666666666666667,0.11,1.0,4.142815309518621,0.0,0.0,0.0,1.0,0.0,0.06666666666666667,-0.06666666666666667,-0.605,1.0,0.0,0.75,0.75,1.0,0.0,0.0,0.0,0.06666666666666667,0.05,7.0,2.232603661695396,15.242857142857144,33.0,5.0,0.0,0.13333333333333333,0.0,0.06666666666666667,0.4508571428571429,2.0,6.91247778519077,16.325,32.65,1.0,0.0,0.06666666666666667,0.0,0.0,-0.08833333333333329,1.0,1.0566810084904579,0.0,0.0,0.0,0.0,0.06666666666666667,0.0,0.0,0.0,5.0,3.4322188506641944,12.59,32.6,3.0,0.0,0.13333333333333333,0.0,0.06666666666666667,0.13933333333333334,2.0,6.913202014403069,16.575,33.15,1.0,0.0,0.06666666666666667,0.0,0.0,-0.10499999999999995,1.0,0.0,4.0,7.075,2.0,7.0,1.0,0.0,4.0,6.0125,2.0,7.05,0.0,0.0,0.0,0.0,2.0,27.425,0.0,0.0,0.0,0.0,2.0,26.825
emergency_response_seed1,emergency_response,1,48.2,63.2,28.0,3.957420905311614,6.742857142857142,11.0,29.799999999999997,1.0,0.5085419154051979,0.0,0.0,0.0,2.0,0.0,0.0,0.0,0.0,2.0,4.459666265700549,3.275,6.55,1.0,0.0,0.06666666666666667,0.0,0.06666666666666667,0.21833333333333332,1.0,0.15155455955891758,0.0,0.0,0.0,0.0,0.0,0.06666666666666667,0.0,0.0,1.0,0.5048661086930603,0.0,0.0,0.0,2.0,0.0,0.0,0.0,0.0,2.0,6.927243468311499,2.15,4.3,1.0,0.0,0.06666666666666667,0.0,0.06666666666666667,0.14333333333333334,1.0,0.0,0.1,0.1,1.0,0.0,0.0,0.06666666666666667,0.06666666666666667,0.006666666666666667,1.0,0.5017786648246183,0.0,0.0,0.0,2.0,0.0,0.0,0.0,0.0,7.0,2.1789418174237336,11.1,29.2,4.0,2.0,0.13333333333333333,0.0,0.0,0.12133333333333335,2.0,5.247437472542358,16.825,33.65,1.0,0.0,0.06666666666666667,0.0,0.0,-0.12166666666666662,1.0,0.49891065566185816,0.0,0.0,0.0,2.0,0.06666666666666667,0.0,0.0,0.0,5.0,3.162772298285602,6.470000000000001,29.9,2.0,2.0,0.13333333333333333,0.0,0.0,-0.313111111111111,2.0,6.913940863807221,17.075,34.15,1.0,0.0,0.06666666666666667,0.0,0.0,-0.13833333333333328,1.0,0.0,4.0,7.575,2.0,7.5,1.0,0.0,4.0,6.5125,2.0,7.55,0.0,0.0,0.0,0.0,2.0,28.424999999999997,0.0,0.0,0.0,0.0,2.0,27.825
emergency_response_seed1,emergency_response,1,49.2,64.2,28.0,4.236198212822114,3.251785714285714,7.0,28.799999999999997,0.0,0.0,0.0,0.0,0.0,2.0,0.0,0.06666666666666667,0.0,0.0,2.0,3.0156471437996024,3.775,7.55,1.0,0.0,0.06666666666666667,0.0,0.06666666666666667,0.25166666666666665,1.0,0.0,1.0,1.0,1.0,0.0,0.0,0.0,0.06666666666666667,0.06666666666666667,0.0,0.0,0.0,0.0,0.0,2.0,0.0,0.06666666666666667,0.0,0.0,2.0,6.020434035932656,2.65,5.3,1.0,0.0,0.06666666666666667,0.0,0.06666666666666667,0.17666666666666667,1.0,0.0,1.1,1.1,1.0,0.0,0.0,0.0,0.06666666666666667,0.07333333333333333,0.0,0.0,0.0,0.0,0.0,2.0,0.0,0.06666666666666667,0.0,0.0,6.0,2.7952353295206245,1.05,6.3,1.0,2.0,0.13333333333333333,0.06666666666666667,-0.2,-0.602,2.0,3.7526155322431354,17.325,34.65,1.0,0.0,0.06666666666666667,0.0,0.0,-0.15499999999999994,0.0,0.0,0.0,0.0,0.0,2.0,0.0,0.06666666666666667,0.0,0.0,4.0,4.181592186080899,0.0,0.0,0.0,2.0,0.13333333333333333,0.06666666666666667,-0.13333333333333333,-0.788888888888889,2.0,6.435317619954686,17.575,35.15,1.0,0.0,0.06666666666666667,0.0,0.0,-0.1716666666666666,1.0,0.0,4.0,8.075,2.0,8.0,1.0,0.0,4.0,7.0125,2.0,8.05,0.0,0.0,0.0,0.0,2.0,29.424999999999997,0.0,0.0,0.0,0.0,2.0,28.825
emergency_response_seed1,emergency_response,1,50.2,65.2,27.0,4.093317745380992,3.361111111111111,6.0,27.799999999999997,0.0,0.0,0.0,0.0,0.0,2.0,0.0,0.06666666666666667,0.0,0.0,2.0,1.8412033664374932,4.275,8.55,1.0,0.0,0.06666666666666667,0.0,0.06666666666666667,0.28500000000000003,1.0,0.0,2.0,2.0,1.0,0.0,0.0,0.0,0.06666666666666667,0.13333333333333333,0.0,0.0,0.0,0.0,0.0,2.0,0.0,0.06666666666666667,0.0,0.0,2.0,4.445918153463404,3.15,6.3,1.0,0.0,0.06666666666666667,0.0,0.06666666666666667,0.21,1.0,0.0,2.1,2.1,1.0,0.0,0.0,0.0,0.06666666666666667,0.14,0.0,0.0,0.0,0.0,0.0,2.0,0.0,0.06666666666666667,0.0,0.0,6.0,3.4979676495729133,0.0,0.0,0.0,2.0,0.06666666666666667,0.06666666666666667,-0.26666666666666666,-0.6044444444444445,2.0,2.4262601335224887,17.825,35.65,1.0,0.0,0.0,0.0,0.0,0.5,0.0,0.0,0.0,0.0,0.0,2.0,0.0,0.06666666666666667,0.0,0.0,4.0,5.203149228832337,0.0,0.0,0.0,2.0,0.13333333333333333,0.06666666666666667,-0.13333333333333333,-0.8333333333333334,2.0,4.8036077798790755,18.075,36.15,1.0,0.0,0.06666666666666667,0.0,0.0,-0.20499999999999996,0.0,0.0,4.0,8.575,2.0,8.5,1.0,0.0,4.0,7.5125,2.0,8.55,1.0,0.0,0.0,0.0,2.0,30.424999999999997,0.0,0.0,0.0,0.0,2.0,29.825
emergency_response_seed1,emergency_response,1,51.2,66.2,27.0,4.537298118402902,3.5833333333333335,6.0,26.799999999999997,0.0,0.0,0.0,0.0,0.0,2.0,0.0,0.06666666666666667,0.0,0.0,2.0,0.9721520475306589,4.775,9.55,1.0,0.0,0.06666666666666667,0.0,0.06666666666666667,0.31833333333333336,1.0,0.0,3.0,3.0,1.0,0.0,0.0,0.0,0.06666666666666667,0.2,0.0,0.0,0.0,0.0,0.0,2.0,0.0,0.06666666666666667,0.0,0.0,2.0,3.018325271417108,3.65,7.3,1.0,0.0,0.06666666666666667,0.0,0.06666666666666667,0.24333333333333332,1.0,0.0,3.1,3.1,1.0,0.0,0.0,0.0,0.06666666666666667,0.20666666666666667,0.0,0.0,0.0,0.0,0.0,2.0,0.0,0.06666666666666667,0.0,0.0,5.0,4.11474691260538,0.0,0.0,0.0,2.0,0.06666666666666667,0.13333333333333333,-0.26666666666666666,-0.6488888888888888,2.0,1.3750582192847507,18.325,36.65,1.0,0.0,0.0,0.0,0.0,0.5,0.0,0.0,0.0,0.0,0.0,2.0,0.0,0.06666666666666667,0.0,0.0,3.0,6.760664308209105,0.0,0.0,0.0,2.0,0.06666666666666667,0.13333333333333333,-0.13333333333333333,-0.6583333333333333,2.0,3.3321823874103353,18.575,37.15,1.0,0.0,0.0,0.0,0.0,0.5,0.0,0.0,4.0,9.075,2.0,9.0,1.0,0.0,4.0,8.0125,2.0,9.05,1.0,0.0,1.0,0.0,2.0,31.424999999999997,0.0,0.0,0.0,0.0,2.0,30.825
emergency_response_seed1,emergency_response,1,52.2,67.2,26.0,4.789182542178182,3.951923076923077,6.0,25.799999999999997,0.0,0.0,0.0,0.0,0.0,2.0,0.0,0.06666666666666667,0.0,0.0,2.0,0.4455783561764917,5.275,10.55,1.0,0.0,0.0,0.0,0.06666666666666667,0.3516666666666667,1.0,0.0,4.0,4.0,1.0,0.0,0.0,0.0,0.06666666666666667,0.26666666666666666,0.0,0.0,0.0,0.0,0.0,2.0,0.0,0.06666666666666667,0.0,0.0,2.0,1.8558985676939563,4.15,8.3,1.0,0.0,0.06666666666666667,0.0,0.06666666666666667,0.27666666666666667,1.0,0.0,4.1,4.1,1.0,0.0,0.0,0.0,0.06666666666666667,0.2733333333333333,0.0,0.0,0.0,0.0,0.0,2.0,0.0,0.06666666666666667,0.0,0.0,5.0,4.886610786845917,0.0,0.0,0.0,2.0,0.06666666666666667,0.13333333333333333,-0.26666666666666666,-0.6933333333333334,2.0,0.6825014176758042,18.825,37.65,1.0,0.0,0.0,0.0,0.0,0.5,0.0,0.0,0.0,0.0,0.0,2.0,0.0,0.06666666666666667,0.0,0.0,3.0,7.8631028818704545,0.0,0.0,0.0,2.0,0.06666666666666667,0.13333333333333333,-0.13333333333333333,-0.6916666666666667,2.0,2.097339718087243,19.075,38.15,1.0,0.0,0.0,0.0,0.0,0.5,0.0,0.0,4.0,9.575,2.0,9.5,1.0,0.0,4.0,8.5125,2.0,9.55,1.0,0.0,1.0,0.0,2.0,32.425,1.0,0.0,0.0,0.0,2.0,31.825
emergency_response_seed1,emergency_response,1,53.2,68.2,26.0,5.475528725713355,4.1826923076923075,6.0,24.799999999999997,0.0,0.0,0.0,0.0,0.0,2.0,0.0,0.06666666666666667,0.0,0.0,2.0,0.17721949080984914,5.775,11.55,1.0,0.0,0.0,0.0,0.06666666666666667,0.385,1.0,0.0,5.0,5.0,1.0,0.0,0.0,0.0,0.06666666666666667,0.3333333333333333,0.0,0.0,0.0,0.0,0.0,2.0,0.0,0.06666666666666667,0.0,0.0,2.0,0.9807203725313038,4.65,9.3,1.0,0.0,0.06666666666666667,0.0,0.06666666666666667,0.31,1.0,0.0,5.1,5.1,1.0,0.0,0.0,0.0,0.06666666666666667,0.33999999999999997,0.0,0.0,0.0,0.0,0.0,2.0,0.0,0.06666666666666667,0.0,0.0,4.0,5.7400502072890625,0.0,0.0,0.0,2.0,0.06666666666666667,0.2,-0.26666666666666666,-0.7377777777777779,2.0,0.29156856481179994,19.325,38.65,1.0,0.0,0.0,0.0,0.0,0.5,0.0,0.0,0.0,0.0,0.0,2.0,0.0,0.06666666666666667,0.0,0.0,2.0,9.972841493473886,0.0,0.0,0.0,2.0,0.06666666666666667,0.2,-0.13333333333333333,-0.725,2.0,1.1539018928100855,19.575,39.15,1.0,0.0,0.0,0.0,0.0,0.5,0.0,0.0,4.0,10.075,2.0,10.0,1.0,0.0,4.0,9.0125,2.0,10.05,1.0,0.0,1.0,0.0,2.0,33.425,1.0,0.0,1.0,0.0,2.0,32.825
emergency_response_seed1,emergency_response,1,54.2,69.2,27.0,6.511765086605435,4.25,6.0,23.799999999999997,1.0,13.89,0.0,0.0,0.0,2.0,0.06666666666666667,0.06666666666666667,0.0,0.0,2.0,0.06527637590904262,6.275,12.55,1.0,0.0,0.0,0.0,0.06666666666666667,0.41833333333333333,1.0,0.0,6.0,6.0,1.0,0.0,0.0,0.0,0.06666666666666667,0.4,0.0,0.0,0.0,0.0,0.0,2.0,0.0,0.06666666666666667,0.0,0.0,2.0,0.4416599422493843,5.15,10.3,1.0,0.0,0.0,0.0,0.06666666666666667,0.3433333333333334,1.0,0.0,6.1,6.1,1.0,0.0,0.0,0.0,0.06666666666666667,0.4066666666666666,0.0,0.0,0.0,0.0,0.0,2.0,0.0,0.06666666666666667,0.0,0.0,4.0,6.301483120573998,0.0,0.0,0.0,2.0,0.06666666666666667,0.2,-0.26666666666666666,-0.7822222222222223,2.0,0.11327598814548595,19.825,39.65,1.0,0.0,0.0,0.0,0.0,0.5,0.0,0.0,0.0,0.0,0.0,2.0,0.0,0.06666666666666667,0.0,0.0,1.0,13.846862484201557,0.0,0.0,0.0,2.0,0.06666666666666667,0.26666666666666666,-0.13333333333333333,-0.7583333333333333,2.0,0.5435502301571585,20.075,40.15,1.0,0.0,0.0,0.0,0.0,0.5,0.0,0.0,4.0,10.575,2.0,10.5,1.0,0.0,4.0,9.5125,2.0,10.55,1.0,0.0,2.0,0.0,3.0,22.95,1.0,0.0,1.0,0.0,2.0,33.825
emergency_response_seed1,emergency_response,1,55.2,70.2,27.0,7.057817236966015,4.507407407407407,8.0,22.799999999999997,1.0,15.84335448586196,0.0,0.0,0.0,2.0,0.06666666666666667,0.06666666666666667,0.0,0.0,2.0,0.023944182363057977,7.15,13.55,2.0,0.0,0.0,0.0,0.13333333333333333,0.4766666666666667,1.0,0.0,7.0,7.0,1.0,0.0,0.0,0.0,0.06666666666666667,0.4666666666666667,0.0,0.0,0.0,0.0,0.0,2.0,0.0,0.06666666666666667,0.0,0.0,2.0,0.1787624430576156,5.65,11.3,1.0,0.0,0.0,0.0,0.06666666666666667,0.3766666666666667,1.0,0.0,7.1,7.1,1.0,0.0,0.0,0.0,0.06666666666666667,0.47333333333333333,0.0,0.0,0.0,0.0,0.0,2.0,0.0,0.06666666666666667,0.0,0.0,3.0,6.7008601206772225,0.0,0.0,0.0,2.0,0.06666666666666667,0.26666666666666666,-0.26666666666666666,-0.8266666666666667,2.0,0.041438795623614334,20.425,40.65,2.0,0.0,0.0,0.0,0.06666666666666667,0.5066666666666667,0.0,0.0,0.0,0.0,0.0,2.0,0.0,0.06666666666666667,0.0,0.0,1.0,13.883828847047408,0.0,0.0,0.0,2.0,0.06666666666666667,0.26666666666666666,-0.13333333333333333,-0.7916666666666666,2.0,0.22495529014656263,20.575,41.15,1.0,0.0,0.0,0.0,0.0,0.5,0.0,0.0,4.0,11.075,2.0,11.0,1.0,0.0,4.0,10.0125,2.0,11.05,1.0,0.0,2.0,0.0,3.0,23.616666666666664,1.0,0.0,1.0,0.0,2.0,34.825
emergency_response_seed1,emergency_response,1,56.2,71.2,28.0,7.055679241729221,4.632142857142857,8.0,21.799999999999997,1.0,16.560194457847626,0.0,0.0,0.0,2.0,0.06666666666666667,0.06666666666666667,-0.06666666666666667,-0.0033333333333333335,3.0,0.6106152786581206,5.433333333333334,14.55,2.0,0.0,0.06666666666666667,0.0,0.13333333333333333,0.3622222222222222,1.0,0.0,8.0,8.0,1.0,0.0,0.0,0.0,0.06666666666666667,0.5333333333333333,0.0,0.0,0.0,0.0,0.0,2.0,0.0,0.06666666666666667,0.0,0.0,2.0,0.06626091573331917,6.15,12.3,1.0,0.0,0.0,0.0,0.06666666666666667,0.41000000000000003,1.0,0.0,8.1,8.1,1.0,0.0,0.0,0.0,0.06666666666666667,0.5399999999999999,0.0,0.0,0.0,0.0,0.0,2.0,0.0,0.06666666666666667,0.0,0.0,3.0,6.927631669818671,0.0,0.0,0.0,2.0,0.06666666666666667,0.26666666666666666,-0.26666666666666666,-0.8711111111111112,2.0,0.014821929967582028,21.425,41.65,2.0,0.0,0.0,0.0,0.06666666666666667,0.5400000000000001,0.0,0.0,0.0,0.0,0.0,2.0,0.0,0.06666666666666667,0.0,0.0,1.0,13.884153291244294,0.0,0.0,0.0,2.0,0.06666666666666667,0.26666666666666666,-0.13333333333333333,-0.825,2.0,0.0845881186670856,21.075,42.15,1.0,0.0,0.0,0.0,0.0,0.5,0.0,0.0,4.0,11.575,2.0,11.5,0.0,0.0,4.0,10.5125,2.0,11.55,1.0,0.0,2.0,0.0,3.0,24.28333333333333,1.0,0.0,1.0,0.0,2.0,35.825
emergency_response_seed1,emergency_response,1,57.2,72.2,29.0,7.072479724298937,4.791379310344827,10.0,20.799999999999997,1.0,16.65116022540629,0.0,0.0,0.0,2.0,0.06666666666666667,0.06666666666666667,-0.06666666666666667,-0.07,4.0,1.3156608815575825,4.575,15.55,2.0,0.0,0.13333333333333333,0.0,0.06666666666666667,0.2866666666666667,1.0,0.0,9.0,9.0,1.0,0.0,0.0,0.0,0.06666666666666667,0.6,0.0,0.0,0.0,0.0,0.0,2.0,0.0,0.06666666666666667,0.0,0.0,2.0,0.02426286037713291,7.025,13.3,2.0,0.0,0.0,0.0,0.13333333333333333,0.4683333333333334,1.0,0.0,9.1,9.1,1.0,0.0,0.0,0.0,0.06666666666666667,0.6066666666666667,0.0,0.0,0.0,0.0,0.0,2.0,0.0,0.06666666666666667,0.0,0.0,3.0,7.341742583147194,0.0,0.0,0.0,2.0,0.06666666666666667,0.26666666666666666,-0.26666666666666666,-0.9155555555555556,2.0,0.005412952117572672,22.425,42.65,2.0,0.0,0.0,0.0,0.06666666666666667,0.5733333333333335,0.0,0.0,0.0,0.0,0.0,2.0,0.0,0.06666666666666667,0.0,0.0,1.0,13.850197400593897,0.0,0.0,0.0,2.0,0.06666666666666667,0.26666666666666666,-0.13333333333333333,-0.8583333333333333,2.0,0.030350429290618364,21.825,43.15,2.0,0.0,0.0,0.0,0.06666666666666667,0.5166666666666667,0.0,0.0,4.0,12.075,2.0,12.0,0.0,0.0,4.0,11.0125,2.0,12.05,1.0,0.0,2.0,0.0,3.0,24.95,1.0,0.0,2.0,0.0,3.0,24.55
emergency_response_seed1,emergency_response,1,58.2,73.2,31.0,7.316907747625686,4.804838709677419,10.0,19.799999999999997,1.0,16.61472082846612,0.0,0.0,0.0,2.0,0.06666666666666667,0.06666666666666667,-0.06666666666666667,-0.13666666666666666,4.0,2.4974233973371907,5.075,16.55,2.0,0.0,0.13333333333333333,0.0,0.06666666666666667,0.2866666666666667,2.0,0.6770978565153026,5.0,10.0,1.0,0.0,0.06666666666666667,0.0,0.06666666666666667,0.3333333333333333,1.0,13.78543456285416,0.0,0.0,0.0,2.0,0.06666666666666667,0.06666666666666667,-0.06666666666666667,-0.02333333333333333,2.0,0.008747266579234459,8.025,14.3,2.0,0.0,0.0,0.0,0.13333333333333333,0.535,1.0,0.0,10.1,10.1,1.0,0.0,0.0,0.0,0.06666666666666667,0.6733333333333333,0.0,0.0,0.0,0.0,0.0,2.0,0.0,0.06666666666666667,0.0,0.0,2.0,7.607583484157024,0.0,0.0,0.0,2.0,0.06666666666666667,0.3333333333333333,-0.3333333333333333,-0.9633333333333334,2.0,0.001971129229291829,23.425,43.65,2.0,0.0,0.0,0.0,0.06666666666666667,0.6066666666666668,0.0,0.0,0.0,0.0,0.0,2.0,0.0,0.06666666666666667,0.0,0.0,1.0,13.881363990565298,0.0,0.0,0.0,2.0,0.06666666666666667,0.26666666666666666,-0.13333333333333333,-0.8916666666666667,2.0,0.01123519397597242,22.825,44.15,2.0,0.0,0.0,0.0,0.06666666666666667,0.55,0.0,0.0,4.0,12.575,2.0,12.5,0.0,0.0,4.0,11.5125,2.0,12.55,1.0,0.0,2.0,0.0,3.0,25.616666666666664,1.0,0.0,2.0,0.0,3.0,25.21666666666667
emergency_response_seed1,emergency_response,1,59.2,74.2,32.0,7.365220866673404,4.9671875,10.0,18.799999999999997,1.0,16.632936680261047,0.0,0.0,0.0,2.0,0.06666666666666667,0.06666666666666667,-0.06666666666666667,-0.2033333333333333,4.0,3.559277481615375,5.575,17.55,2.0,0.0,0.13333333333333333,0.0,0.06666666666666667,0.28666666666666674,2.0,1.6889357454644762,5.5,11.0,1.0,0.0,0.06666666666666667,0.0,0.06666666666666667,0.36666666666666664,1.0,13.820074012163484,0.0,0.0,0.0,2.0,0.06666666666666667,0.06666666666666667,-0.06666666666666667,-0.09000000000000001,3.0,0.4705035066352678,6.016666666666667,15.3,2.0,0.0,0.06666666666666667,0.0,0.06666666666666667,0.3911111111111111,1.0,0.0,11.1,11.1,1.0,0.0,0.0,0.0,0.06666666666666667,0.74,0.0,0.0,0.0,0.0,0.0,2.0,0.0,0.06666666666666667,0.0,0.0,2.0,7.7701894614283695,0.0,0.0,0.0,2.0,0.0,0.3333333333333333,-0.3333333333333333,-0.8733333333333333,2.0,0.0007141755416563121,24.425,44.65,2.0,0.0,0.0,0.0,0.06666666666666667,0.6400000000000001,0.0,0.0,0.0,0.0,0.0,2.0,0.0,0.06666666666666667,0.0,0.0,1.0,13.851785186359194,0.0,0.0,0.0,2.0,0.06666666666666667,0.26666666666666666,-0.13333333333333333,-0.925,2.0,0.004035367752542492,23.825,45.15,2.0,0.0,0.0,0.0,0.06666666666666667,0.5833333333333334,0.0,0.0,5.0,10.459999999999999,2.0,13.0,0.0,0.0,4.0,12.0125,2.0,13.05,1.0,0.0,2.0,0.0,3.0,26.28333333333333,1.0,0.0,2.0,0.0,3.0,25.883333333333336
emergency_response_seed1,emergency_response,1,60.2,75.2,33.0,7.443629097064248,5.119696969696969,10.0,17.799999999999997,1.0,16.632544362004847,0.0,0.0,0.0,2.0,0.06666666666666667,0.06666666666666667,-0.06666666666666667,-0.26999999999999996,4.0,4.608824624237627,6.075,18.55,2.0,0.0,0.13333333333333333,0.0,0.06666666666666667,0.28666666666666674,2.0,2.6517791311495946,6.0,12.0,1.0,0.0,0.06666666666666667,0.0,0.06666666666666667,0.4,1.0,13.780373409929842,0.0,0.0,0.0,2.0,0.06666666666666667,0.06666666666666667,-0.06666666666666667,-0.15666666666666668,4.0,1.0748297592028413,5.0125,16.3,2.0,0.0,0.13333333333333333,0.0,0.06666666666666667,0.29083333333333333,1.0,0.0,12.1,12.1,1.0,0.0,0.0,0.0,0.06666666666666667,0.8066666666666666,0.0,0.0,0.0,0.0,0.0,2.0,0.0,0.06666666666666667,0.0,0.0,1.0,8.110320182014034,0.0,0.0,0.0,2.0,0.0,0.4,-0.3333333333333333,-0.920952380952381,2.0,0.00025667578212802493,25.425,45.65,2.0,0.0,0.0,0.0,0.06666666666666667,0.6733333333333335,0.0,0.0,0.0,0.0,0.0,2.0,0.0,0.06666666666666667,0.0,0.0,0.0,0.0,0.0,0.0,0.0,2.0,0.0,0.3333333333333333,-0.13333333333333333,-0.7666666666666667,2.0,0.001467045080679287,24.825,46.15,2.0,0.0,0.0,0.0,0.06666666666666667,0.6166666666666667,0.0,0.0,5.0,10.86,2.0,13.5,0.0,0.0,4.0,12.5125,2.0,13.55,1.0,0.0,2.0,0.0,3.0,26.95,1.0,0.0,2.0,0.0,3.0,26.55
emergency_response_seed1,emergency_response,1,61.2,76.2,34.0,7.554217156299289,5.263235294117647,10.0,16.799999999999997,1.0,16.644524798613045,0.0,0.0,0.0,2.0,0.06666666666666667,0.06666666666666667,-0.06666666666666667,-0.33666666666666667,4.0,5.636916554939797,6.575,19.55,2.0,0.0,0.13333333333333333,0.0,0.06666666666666667,0.28666666666666674,2.0,3.618872791331448,6.5,13.0,1.0,0.0,0.06666666666666667,0.0,0.06666666666666667,0.43333333333333335,1.0,13.80701174868426,0.0,0.0,0.0,2.0,0.06666666666666667,0.06666666666666667,-0.06666666666666667,-0.22333333333333333,4.0,2.106008554495395,5.5125,17.3,2.0,0.0,0.13333333333333333,0.0,0.06666666666666667,0.2908333333333334,2.0,0.12790606746898944,6.55,13.1,1.0,0.0,0.06666666666666667,0.0,0.06666666666666667,0.43666666666666665,0.0,0.0,0.0,0.0,0.0,2.0,0.0,0.06666666666666667,0.0,0.0,0.0,0.0,0.0,0.0,0.0,2.0,0.0,0.4666666666666667,-0.3333333333333333,-0.9685714285714285,2.0,9.295241598308367e-05,26.425,46.65,2.0,0.0,0.0,0.0,0.06666666666666667,0.7066666666666668,0.0,0.0,0.0,0.0,0.0,2.0,0.0,0.06666666666666667,0.0,0.0,0.0,0.0,0.0,0.0,0.0,2.0,0.0,0.3333333333333333,-0.2,-0.7993333333333333,2.0,0.0005387774298525022,25.825,47.15,2.0,0.0,0.0,0.0,0.06666666666666667,0.65,0.0,0.0,5.0,11.37,2.0,14.0,0.0,0.0,4.0,13.0125,2.0,14.05,1.0,0.0,2.0,0.0,3.0,27.616666666666664,1.0,0.0,2.0,0.0,3.0,27.21666666666667
emergency_response_seed1,emergency_response,1,62.2,77.2,34.0,7.992409572944333,5.55735294117647,10.0,15.799999999999997,1.0,16.563356860078873,0.0,0.0,0.0,2.0,0.06666666666666667,0.06666666666666667,-0.06666666666666667,-0.4033333333333333,4.0,6.635266178288119,7.075,20.55,2.0,0.0,0.13333333333333333,0.0,0.06666666666666667,0.28666666666666674,2.0,4.624425521690942,7.0,14.0,1.0,0.0,0.06666666666666667,0.0,0.06666666666666667,0.4666666666666667,1.0,13.782958683907443,0.0,0.0,0.0,2.0,0.06666666666666667,0.06666666666666667,-0.06666666666666667,-0.29,4.0,3.00217224562261,6.0125,18.3,2.0,0.0,0.13333333333333333,0.0,0.06666666666666667,0.2908333333333334,2.0,1.2385621734999057,7.05,14.1,1.0,0.0,0.06666666666666667,0.0,0.06666666666666667,0.47,0.0,0.0,0.0,0.0,0.0,2.0,0.0,0.06666666666666667,-0.06666666666666667,-0.05,0.0,0.0,0.0,0.0,0.0,2.0,0.0,0.4666666666666667,-0.3333333333333333,-1.0161904761904763,2.0,3.412299207125777e-05,27.425,47.65,2.0,0.0,0.0,0.0,0.06666666666666667,0.7400000000000001,0.0,0.0,0.0,0.0,0.0,2.0,0.0,0.06666666666666667,0.0,0.0,0.0,0.0,0.0,0.0,0.0,2.0,0.0,0.3333333333333333,-0.2,-0.8393333333333334,2.0,0.00019526019101610362,26.825,48.15,2.0,0.0,0.0,0.0,0.06666666666666667,0.6833333333333333,0.0,0.0,5.0,11.969999999999999,2.0,14.5,0.0,0.0,4.0,13.5125,2.0,14.55,1.0,0.0,2.0,0.0,3.0,28.28333333333333,1.0,0.0,2.0,0.0,3.0,27.883333333333336
emergency_response_seed1,emergency_response,1,63.2,78.2,34.0,8.38346982668388,5.851470588235294,10.0,14.799999999999997,1.0,16.562799721654507,0.0,0.0,0.0,2.0,0.06666666666666667,0.06666666666666667,0.0,0.0,4.0,6.717984808364791,7.575,21.55,2.0,0.0,0.13333333333333333,0.0,0.06666666666666667,0.28666666666666674,2.0,5.616999289278259,7.5,15.0,1.0,0.0,0.06666666666666667,0.0,0.06666666666666667,0.5,1.0,13.81083311976089,0.0,0.0,0.0,2.0,0.06666666666666667,0.06666666666666667,0.0,0.0,4.0,3.860939719247466,6.5125,19.3,2.0,0.0,0.13333333333333333,0.0,0.06666666666666667,0.2908333333333334,2.0,2.2184693529037216,7.55,15.1,1.0,0.0,0.06666666666666667,0.0,0.0,0.4966666666666667,0.0,0.0,0.0,0.0,0.0,2.0,0.0,0.06666666666666667,0.0,0.0,0.0,0.0,0.0,0.0,0.0,2.0,0.0,0.4666666666666667,-0.26666666666666666,-0.74,2.0,1.2395362054622527e-05,28.424999999999997,48.65,2.0,0.0,0.0,0.0,0.06666666666666667,0.7733333333333332,0.0,0.0,0.0,0.0,0.0,2.0,0.0,0.06666666666666667,0.0,0.0,0.0,0.0,0.0,0.0,0.0,2.0,0.0,0.3333333333333333,-0.13333333333333333,-0.4313333333333334,2.0,7.033246233418022e-05,27.825,49.15,2.0,0.0,0.0,0.0,0.06666666666666667,0.7166666666666667,0.0,0.0,5.0,12.76,2.0,15.0,0.0,0.0,5.0,11.209999999999999,2.0,15.05,0.0,0.0,1.0,0.0,3.0,28.95,1.0,0.0,2.0,0.0,3.0,28.55
emergency_response_seed1,emergency_response,1,69.2,84.2,33.0,8.326637488809604,7.846969696969697,10.0,8.799999999999997,0.0,0.0,0.0,0.0,0.0,2.0,0.0,0.06666666666666667,0.0,0.0,4.0,5.014516374177644,10.575,27.55,2.0,0.0,0.13333333333333333,0.0,0.06666666666666667,0.28666666666666657,2.0,6.926278338677367,10.5,21.0,1.0,0.0,0.06666666666666667,0.0,0.0,0.3,1.0,13.810970189823227,0.0,0.0,0.0,2.0,0.06666666666666667,0.0,0.0,0.0,4.0,5.9501691316687895,9.5125,25.3,2.0,0.0,0.13333333333333333,0.0,0.06666666666666667,0.2908333333333333,2.0,6.924979212596082,10.55,21.1,1.0,0.0,0.06666666666666667,0.0,0.0,0.29666666666666675,1.0,12.978539833298756,0.0,0.0,0.0,2.0,0.06666666666666667,0.0,0.0,0.0,2.0,14.39296046366799,0.0,0.0,0.0,2.0,0.13333333333333333,0.26666666666666666,0.0,0.0,3.0,0.4279862201575999,22.95,54.65,2.0,0.0,0.06666666666666667,0.0,0.06666666666666667,0.20833333333333334,1.0,13.855000453639077,0.0,0.0,0.0,2.0,0.06666666666666667,0.0,0.0,0.0,1.0,11.23283493531335,0.0,0.0,0.0,2.0,0.06666666666666667,0.06666666666666667,0.0,0.0,2.0,0.0,33.825,55.15,2.0,0.0,0.0,0.0,0.06666666666666667,0.9166666666666669,1.0,0.0,6.0,14.633333333333333,2.0,20.975,0.0,0.0,5.0,14.5,2.0,19.275000000000002,0.0,0.0,1.0,3.15,2.0,0.0,0.0,0.0,2.0,0.0,2.0,0.0
emergency_response_seed1,emergency_response,1,70.2,85.2,32.0,8.047073757006522,8.4046875,10.0,7.799999999999997,0.0,0.0,0.0,0.0,0.0,2.0,0.0,0.06666666666666667,0.0,0.0,4.0,3.724306642502219,11.075,28.55,2.0,0.0,0.13333333333333333,0.0,0.0,0.2616666666666666,2.0,6.925959239223739,11.0,22.0,1.0,0.0,0.06666666666666667,0.0,0.0,0.26666666666666666,1.0,10.89466697520559,0.0,0.0,0.0,2.0,0.06666666666666667,0.0,0.0,0.0,4.0,5.962961112219363,10.0125,26.3,2.0,0.0,0.13333333333333333,0.0,0.06666666666666667,0.2908333333333333,2.0,6.912892865367467,11.05,22.1,1.0,0.0,0.06666666666666667,0.0,0.0,0.2633333333333334,1.0,13.024304003706538,0.0,0.0,0.0,2.0,0.06666666666666667,0.0,0.0,0.0,2.0,15.236900782074665,0.0,0.0,0.0,2.0,0.13333333333333333,0.2,0.0,0.0,3.0,1.1271882231157881,23.616666666666664,55.65,2.0,0.0,0.06666666666666667,0.0,0.0,0.21277777777777754,1.0,13.83121861968888,0.0,0.0,0.0,2.0,0.06666666666666667,0.0,0.0,0.0,1.0,11.233006257055587,0.0,0.0,0.0,2.0,0.06666666666666667,0.06666666666666667,0.0,0.0,2.0,0.0,34.825,56.15,2.0,0.0,0.0,0.0,0.06666666666666667,0.9500000000000003,1.0,0.0,6.0,15.299999999999999,2.0,21.975,0.0,0.0,5.0,15.3,2.0,20.275000000000002,0.0,0.0,1.0,4.15,1.0,0.0,0.0,0.0,2.0,0.45,1.0,0.0
emergency_response_seed1,emergency_response,1,73.2,88.2,32.0,7.417284121428373,9.3421875,10.0,4.799999999999997,0.0,0.0,0.0,0.0,0.0,2.0,0.0,0.06666666666666667,0.0,0.0,4.0,0.9827234191649112,12.575,31.55,2.0,0.0,0.0,0.0,0.0,0.49999999999999994,2.0,2.7912027727286866,12.5,25.0,1.0,0.0,0.0,0.0,0.0,0.5,0.0,0.0,0.0,0.0,0.0,2.0,0.0,0.06666666666666667,0.0,0.0,4.0,5.253808803966068,11.5125,29.3,2.0,0.0,0.13333333333333333,0.0,0.0,0.23249999999999993,2.0,6.924410777819576,12.55,25.1,1.0,0.0,0.06666666666666667,0.0,0.0,0.1633333333333334,1.0,13.01457899916485,0.0,0.0,0.0,2.0,0.06666666666666667,0.0,0.0,0.0,2.0,15.227704578953563,0.0,0.0,0.0,2.0,0.13333333333333333,0.13333333333333333,0.0,0.0,3.0,3.104891305935725,25.616666666666664,58.65,2.0,0.0,0.06666666666666667,0.0,0.0,0.14611111111111086,1.0,13.845481528528035,0.0,0.0,0.0,2.0,0.06666666666666667,0.0,0.0,0.0,2.0,12.635004409847236,0.0,0.0,0.0,2.0,0.13333333333333333,0.06666666666666667,0.0,0.0,3.0,0.8725144137377382,25.21666666666667,59.15,2.0,0.0,0.06666666666666667,0.0,0.0,0.1594444444444446,1.0,0.0,6.0,17.3,3.0,16.650000000000002,1.0,0.0,5.0,17.7,2.0,23.275000000000002,0.0,0.0,2.0,3.575,0.0,0.0,0.0,0.0,2.0,1.95,0.0,0.0
emergency_response_seed1,emergency_response,1,74.2,89.2,33.0,7.142408592058498,9.362121212121211,10.0,3.799999999999997,0.0,0.0,0.0,0.0,0.0,2.0,0.0,0.06666666666666667,0.0,0.0,5.0,0.6857785499041729,10.459999999999999,32.55,2.0,0.0,0.06666666666666667,0.0,0.0,0.3256666666666666,2.0,1.6608221827107925,13.0,26.0,1.0,0.0,0.0,0.0,0.0,0.5,0.0,0.0,0.0,0.0,0.0,2.0,0.0,0.06666666666666667,0.0,0.0,4.0,4.0672252090811325,12.0125,30.3,2.0,0.0,0.06666666666666667,0.0,0.0,0.3997222222222222,2.0,6.528421459304212,13.05,26.1,1.0,0.0,0.06666666666666667,0.0,0.0,0.13000000000000006,1.0,12.978834438227686,0.0,0.0,0.0,2.0,0.06666666666666667,0.0,0.0,0.0,2.0,15.23634057335381,0.0,0.0,0.0,2.0,0.13333333333333333,0.13333333333333333,0.0,0.0,3.0,3.7331945785958545,26.28333333333333,59.65,2.0,0.0,0.06666666666666667,0.0,0.0,0.12388888888888872,1.0,13.866088907473022,0.0,0.0,0.0,2.0,0.06666666666666667,0.0,0.0,0.0,2.0,12.855183160768831,0.0,0.0,0.0,2.0,0.13333333333333333,0.06666666666666667,0.0,0.0,3.0,1.597410115123229,25.883333333333336,60.15,2.0,0.0,0.06666666666666667,0.0,0.0,0.13722222222222247,1.0,0.0,6.0,17.966666666666665,3.0,17.316666666666666,1.0,0.0,5.0,18.5,2.0,24.275000000000002,0.0,0.0,2.0,4.075,0.0,0.0,0.0,0.0,2.0,2.825,0.0,0.0
emergency_response_seed1,emergency_response,1,75.2,90.2,33.0,7.040119180777016,9.665151515151514,10.0,2.799999999999997,0.0,0.0,0.0,0.0,0.0,2.0,0.0,0.06666666666666667,0.0,0.0,5.0,0.9176249565492414,10.86,33.55,2.0,0.0,0.06666666666666667,0.0,0.0,0.31899999999999995,2.0,0.8537825476449854,13.5,27.0,1.0,0.0,0.0,0.0,0.0,0.5,0.0,0.0,0.0,0.0,0.0,2.0,0.0,0.06666666666666667,0.0,0.0,4.0,3.0332321278277865,12.5125,31.3,2.0,0.0,0.0,0.0,0.0,0.49999999999999994,2.0,4.92221743903574,13.55,27.1,1.0,0.0,0.06666666666666667,0.0,0.0,0.09666666666666673,1.0,13.028285957438975,0.0,0.0,0.0,2.0,0.06666666666666667,0.0,0.0,0.0,2.0,15.234854643708678,0.0,0.0,0.0,2.0,0.13333333333333333,0.06666666666666667,0.0,0.0,3.0,4.421980340405999,26.95,60.65,2.0,0.0,0.06666666666666667,0.0,0.0,0.10166666666666657,1.0,13.86071025464451,0.0,0.0,0.0,2.0,0.06666666666666667,0.0,0.0,0.0,2.0,12.845271002585543,0.0,0.0,0.0,2.0,0.13333333333333333,0.0,0.0,0.0,3.0,2.2333923747523676,26.55,61.15,2.0,0.0,0.06666666666666667,0.0,0.0,0.11500000000000009,1.0,0.0,6.0,18.633333333333333,3.0,17.983333333333334,1.0,0.0,6.0,16.083333333333332,2.0,25.275,0.0,0.0,2.0,4.575,0.0,0.0,0.0,0.0,3.0,2.5500000000000003,0.0,0.0
emergency_response_seed1,emergency_response,1,76.2,91.2,31.0,6.53946038102296,10.629032258064516,11.0,1.7999999999999972,0.0,0.0,0.0,0.0,0.0,2.0,0.0,0.06666666666666667,0.0,0.0,5.0,1.2408826618489064,11.37,34.55,3.0,0.0,0.06666666666666667,0.0,0.06666666666666667,0.3196666666666666,2.0,0.3828870787260452,14.0,28.0,1.0,0.0,0.0,0.0,0.0,0.5,0.0,0.0,0.0,0.0,0.0,2.0,0.0,0.06666666666666667,0.0,0.0,4.0,2.1111999270914645,13.0125,32.3,2.0,0.0,0.0,0.0,0.0,0.49999999999999994,2.0,3.41653031596394,14.05,28.1,1.0,0.0,0.0,0.0,0.0,0.5000000000000001,1.0,13.022282795942493,0.0,0.0,0.0,2.0,0.06666666666666667,0.0,0.0,0.0,2.0,15.117370366884423,0.0,0.0,0.0,2.0,0.13333333333333333,0.0,0.0,0.0,3.0,4.629322698676648,27.616666666666664,61.65,2.0,0.0,0.06666666666666667,0.0,0.0,0.07944444444444419,1.0,13.845672260532156,0.0,0.0,0.0,2.0,0.06666666666666667,0.0,0.0,0.0,2.0,12.865105081174882,0.0,0.0,0.0,2.0,0.13333333333333333,0.0,0.0,0.0,3.0,2.8591179111616687,27.21666666666667,62.15,2.0,0.0,0.06666666666666667,0.0,0.0,0.09277777777777794,1.0,0.0,6.0,19.3,3.0,18.650000000000002,1.0,0.0,6.0,16.75,2.0,26.275,0.0,0.0,2.0,5.075,0.0,0.0,0.0,0.0,3.0,3.216666666666667,0.0,0.0
emergency_response_seed1,emergency_response,1,77.2,92.2,31.0,6.434975882970924,10.983870967741936,11.0,0.7999999999999972,0.0,0.0,0.0,0.0,0.0,2.0,0.0,0.06666666666666667,0.0,0.0,5.0,1.6156212777737564,11.969999999999999,35.55,3.0,0.0,0.06666666666666667,0.0,0.06666666666666667,0.32633333333333325,2.0,0.149434890709213,14.5,29.0,1.0,0.0,0.0,0.0,0.0,0.5,0.0,0.0,0.0,0.0,0.0,2.0,0.0,0.06666666666666667,0.0,0.0,4.0,1.404707769679976,13.5125,33.3,2.0,0.0,0.0,0.0,0.0,0.49999999999999994,2.0,2.1519109250354007,14.55,29.1,1.0,0.0,0.0,0.0,0.0,0.5000000000000001,1.0,12.523419124845406,0.0,0.0,0.0,2.0,0.06666666666666667,0.0,0.0,0.0,2.0,14.867035824921023,0.0,0.0,0.0,2.0,0.13333333333333333,0.0,0.0,0.0,3.0,4.612229605683436,28.28333333333333,62.65,2.0,0.0,0.06666666666666667,0.0,0.0,0.05722222222222205,1.0,13.861540672924603,0.0,0.0,0.0,2.0,0.06666666666666667,0.0,0.0,0.0,2.0,12.846496542201969,0.0,0.0,0.0,2.0,0.13333333333333333,0.0,0.0,0.0,3.0,3.4997837136434917,27.883333333333336,63.15,2.0,0.0,0.06666666666666667,0.0,0.0,0.0705555555555558,1.0,0.0,6.0,20.116666666666667,3.0,19.316666666666666,1.0,0.0,6.0,17.416666666666668,3.0,18.183333333333334,0.0,0.0,2.0,5.575,0.0,0.0,0.0,0.0,3.0,3.8833333333333333,0.0,0.0
emergency_response_seed1,emergency_response,1,82.2,97.2,28.0,5.163753607218459,7.791071428571429,12.0,10.799999999999997,1.0,11.94027248176862,0.0,0.0,0.0,0.0,0.06666666666666667,0.0,0.0,0.0,5.0,3.1600490187480648,15.959999999999999,40.55,4.0,0.0,0.06666666666666667,0.0,0.13333333333333333,0.42566666666666664,2.0,0.0009639117790889259,18.975,34.0,2.0,0.0,0.0,0.0,0.06666666666666667,0.6316666666666667,0.0,0.0,0.0,0.0,0.0,0.0,0.0,0.06666666666666667,0.0,0.0,5.0,1.9463798786334514,12.940000000000001,38.3,3.0,0.0,0.06666666666666667,0.0,0.06666666666666667,0.2951666666666668,2.0,0.032549049377695094,17.275000000000002,34.1,2.0,0.0,0.0,0.0,0.06666666666666667,0.5150000000000001,0.0,0.0,0.0,0.0,0.0,0.0,0.0,0.06666666666666667,0.0,0.0,1.0,0.0,1.15,1.15,1.0,0.0,0.06666666666666667,0.06666666666666667,0.06666666666666667,0.07666666666666666,2.0,5.731757657918195,0.0,0.0,0.0,2.0,0.06666666666666667,0.06666666666666667,-0.13333333333333333,-2.1616666666666666,0.0,0.0,0.0,0.0,0.0,0.0,0.0,0.06666666666666667,0.0,0.0,2.0,10.39834989756752,0.0,0.0,0.0,0.0,0.13333333333333333,0.0,0.0,0.0,2.0,7.64505577950421,0.0,0.0,0.0,2.0,0.06666666666666667,0.06666666666666667,-0.13333333333333333,-2.1216666666666666,0.0,0.0,6.0,0.9833333333333334,3.0,22.650000000000002,1.0,0.0,5.0,0.0,3.0,21.516666666666666,1.0,0.0,2.0,8.075,0.0,0.0,0.0,0.0,3.0,7.216666666666666,0.0,0.0
emergency_response_seed1,emergency_response,1,83.2,98.2,29.0,5.117375755716628,7.963793103448276,13.0,9.799999999999997,1.0,11.93070617515244,0.0,0.0,0.0,0.0,0.06666666666666667,0.0,0.0,0.0,6.0,3.188335671181108,13.966666666666667,41.55,4.0,0.0,0.13333333333333333,0.0,0.13333333333333333,0.2594444444444445,2.0,0.000350186585252354,19.975,35.0,2.0,0.0,0.0,0.0,0.06666666666666667,0.6650000000000001,0.0,0.0,0.0,0.0,0.0,0.0,0.0,0.06666666666666667,0.0,0.0,5.0,2.312024925183611,13.7,39.3,4.0,0.0,0.06666666666666667,0.0,0.13333333333333333,0.3125,2.0,0.011840044195481663,18.275000000000002,35.1,2.0,0.0,0.0,0.0,0.06666666666666667,0.5483333333333335,0.0,0.0,0.0,0.0,0.0,0.0,0.0,0.06666666666666667,0.0,0.0,1.0,0.0,2.15,2.15,1.0,0.0,0.06666666666666667,0.06666666666666667,0.06666666666666667,0.14333333333333334,2.0,5.6572385552484405,0.0,0.0,0.0,2.0,0.06666666666666667,0.06666666666666667,-0.13333333333333333,-2.228333333333333,0.0,0.0,0.0,0.0,0.0,0.0,0.0,0.06666666666666667,0.0,0.0,2.0,6.773512156860464,0.0,0.0,0.0,0.0,0.06666666666666667,0.0,0.0,0.0,2.0,8.589902924612288,0.0,0.0,0.0,2.0,0.06666666666666667,0.06666666666666667,-0.13333333333333333,-2.1883333333333335,0.0,0.0,6.0,0.0,3.0,23.316666666666666,1.0,0.0,6.0,0.0,3.0,22.183333333333334,1.0,0.0,2.0,8.575,0.0,0.0,0.0,0.0,3.0,7.883333333333333,0.0,0.0
emergency_response_seed1,emergency_response,1,84.2,99.2,29.0,5.250434295981667,8.412068965517241,13.0,8.799999999999997,1.0,11.94254049173905,0.0,0.0,0.0,0.0,0.06666666666666667,0.0,0.0,0.0,6.0,3.5785881078634,14.633333333333333,42.55,4.0,0.0,0.13333333333333333,0.0,0.13333333333333333,0.27055555555555555,2.0,0.00012616813232483212,20.975,36.0,2.0,0.0,0.0,0.0,0.06666666666666667,0.6983333333333335,0.0,0.0,0.0,0.0,0.0,0.0,0.0,0.06666666666666667,0.0,0.0,5.0,2.6742454071724118,14.5,40.3,4.0,0.0,0.06666666666666667,0.0,0.13333333333333333,0.3325000000000001,2.0,0.004283376763530266,19.275000000000002,36.1,2.0,0.0,0.0,0.0,0.06666666666666667,0.5816666666666668,0.0,0.0,0.0,0.0,0.0,0.0,0.0,0.06666666666666667,0.0,0.0,1.0,0.0,3.15,3.15,1.0,0.0,0.0,0.06666666666666667,0.06666666666666667,0.21,2.0,6.215684320244504,0.0,0.0,0.0,2.0,0.0,0.06666666666666667,-0.13333333333333333,-1.53,0.0,0.0,0.0,0.0,0.0,0.0,0.0,0.06666666666666667,0.0,0.0,2.0,3.2403866914537334,0.0,0.0,0.0,0.0,0.06666666666666667,0.0,0.0,0.0,2.0,9.521380020812208,0.0,0.0,0.0,2.0,0.06666666666666667,0.06666666666666667,-0.13333333333333333,-2.2550000000000003,0.0,0.0,5.0,0.0,3.0,23.983333333333334,1.0,0.0,5.0,0.0,3.0,22.849999999999998,1.0,0.0,2.0,9.075,0.0,0.0,0.0,0.0,3.0,8.549999999999999,0.0,0.0
emergency_response_seed1,emergency_response,1,85.2,100.2,29.0,5.429208034817238,8.891379310344828,14.0,7.799999999999997,1.0,11.922292357088295,0.0,0.0,0.0,0.0,0.06666666666666667,0.0,0.0,0.0,6.0,3.5717798586725125,15.299999999999999,43.55,4.0,0.0,0.13333333333333333,0.0,0.13333333333333333,0.2816666666666666,2.0,4.6135951023593384e-05,21.975,37.0,2.0,0.0,0.0,0.0,0.06666666666666667,0.7316666666666668,0.0,0.0,0.0,0.0,0.0,0.0,0.0,0.06666666666666667,0.0,0.0,5.0,2.776217607581689,15.3,41.3,4.0,0.0,0.06666666666666667,0.0,0.13333333333333333,0.3525000000000001,2.0,0.0015341395051273559,20.275000000000002,37.1,2.0,0.0,0.0,0.0,0.06666666666666667,0.6150000000000001,0.0,0.0,0.0,0.0,0.0,0.0,0.0,0.06666666666666667,0.0,0.0,1.0,0.0,4.15,4.15,1.0,0.0,0.0,0.06666666666666667,0.06666666666666667,0.27666666666666667,1.0,7.719283195540802,0.0,0.0,0.0,2.0,0.0,0.13333333333333333,-0.13333333333333333,-1.5744444444444443,0.0,0.0,0.0,0.0,0.0,0.0,0.0,0.06666666666666667,0.0,0.0,2.0,1.6269772578649284,0.45,0.9,1.0,0.0,0.06666666666666667,0.0,0.06666666666666667,0.030000000000000002,1.0,13.864706216127379,0.0,0.0,0.0,2.0,0.06666666666666667,0.13333333333333333,-0.13333333333333333,-2.3216666666666668,0.0,0.0,6.0,0.0,3.0,24.650000000000002,0.0,0.0,5.0,0.0,3.0,23.516666666666666,1.0,0.0,2.0,9.575,0.0,0.0,1.0,0.0,3.0,9.216666666666667,0.0,0.0
emergency_response_seed1,emergency_response,1,87.2,102.2,30.0,5.729158588323588,9.528333333333334,14.0,5.799999999999997,1.0,11.921612062345954,0.0,0.0,0.0,0.0,0.06666666666666667,0.0,0.0,0.0,6.0,3.1243025115684966,16.633333333333333,45.55,4.0,0.0,0.13333333333333333,0.0,0.13333333333333333,0.30388888888888893,3.0,0.7076156046810769,15.983333333333334,39.0,2.0,0.0,0.06666666666666667,0.0,0.06666666666666667,0.2655555555555556,1.0,13.725925700923973,0.0,0.0,0.0,0.0,0.06666666666666667,0.0,0.0,0.0,5.0,2.7765562510616,16.9,43.3,4.0,0.0,0.06666666666666667,0.0,0.13333333333333333,0.39249999999999996,2.0,0.00020288152038481968,22.275000000000002,39.1,2.0,0.0,0.0,0.0,0.06666666666666667,0.6816666666666668,0.0,0.0,0.0,0.0,0.0,0.0,0.0,0.06666666666666667,0.0,0.0,1.0,0.0,6.15,6.15,1.0,0.0,0.0,0.06666666666666667,0.06666666666666667,0.41000000000000003,0.0,0.0,0.0,0.0,0.0,2.0,0.0,0.2,-0.13333333333333333,-1.6633333333333333,0.0,0.0,0.0,0.0,0.0,0.0,0.0,0.06666666666666667,0.0,0.0,2.0,0.24841052328228894,1.45,2.9,1.0,0.0,0.0,0.0,0.06666666666666667,0.09666666666666666,1.0,13.86926602224703,0.0,0.0,0.0,2.0,0.0,0.13333333333333333,-0.13333333333333333,-1.6366666666666667,0.0,0.0,4.0,0.0,3.0,25.983333333333334,0.0,0.0,3.0,0.0,3.0,24.849999999999998,1.0,0.0,2.0,10.575,0.0,0.0,1.0,0.0,3.0,10.549999999999999,0.0,0.0
emergency_response_seed1,emergency_response,1,88.2,103.2,31.0,5.859737676184389,9.672580645161291,14.0,4.799999999999997,1.0,11.950447347118748,0.0,0.0,0.0,0.0,0.06666666666666667,0.0,0.0,0.0,6.0,3.045875315608852,17.3,46.55,4.0,0.0,0.13333333333333333,0.0,0.13333333333333333,0.3150000000000001,3.0,1.3566999369560635,16.650000000000002,40.0,2.0,0.0,0.06666666666666667,0.0,0.06666666666666667,0.2766666666666668,1.0,13.716276259888975,0.0,0.0,0.0,0.0,0.06666666666666667,0.0,0.0,0.0,5.0,2.773482456179896,17.7,44.3,4.0,0.0,0.06666666666666667,0.0,0.13333333333333333,0.4125,2.0,7.362954580008427e-05,23.275000000000002,40.1,2.0,0.0,0.0,0.0,0.06666666666666667,0.7150000000000001,0.0,0.0,0.0,0.0,0.0,0.0,0.0,0.06666666666666667,0.0,0.0,2.0,0.7826650902140337,3.575,7.15,1.0,0.0,0.06666666666666667,0.06666666666666667,0.06666666666666667,0.23833333333333334,0.0,0.0,0.0,0.0,0.0,2.0,0.0,0.2,-0.13333333333333333,-1.7077777777777776,0.0,0.0,0.0,0.0,0.0,0.0,0.0,0.06666666666666667,0.0,0.0,2.0,0.07149051854156464,1.95,3.9,1.0,0.0,0.0,0.0,0.06666666666666667,0.13,0.0,0.0,0.0,0.0,0.0,2.0,0.0,0.2,-0.13333333333333333,-1.6811111111111112,0.0,0.0,3.0,0.0,3.0,26.650000000000002,0.0,0.0,3.0,0.0,3.0,25.516666666666666,1.0,0.0,3.0,7.383333333333333,1.0,0.0,1.0,0.0,3.0,11.216666666666667,0.0,0.0
emergency_response_seed1,emergency_response,1,89.2,104.2,31.0,5.963308288964521,10.148387096774194,15.0,3.799999999999997,1.0,11.936416409349764,0.0,0.0,0.0,0.0,0.06666666666666667,0.0,0.0,0.0,6.0,2.855582410773573,17.966666666666665,47.55,4.0,0.0,0.06666666666666667,0.0,0.13333333333333333,0.5004444444444444,3.0,1.9751859432656538,17.316666666666666,41.0,2.0,0.0,0.06666666666666667,0.0,0.06666666666666667,0.28777777777777774,1.0,13.739020463197804,0.0,0.0,0.0,0.0,0.06666666666666667,0.0,0.0,0.0,5.0,2.7665411265957376,18.5,45.3,4.0,0.0,0.06666666666666667,0.0,0.13333333333333333,0.43250000000000005,2.0,2.6936099897773285e-05,24.275000000000002,41.1,2.0,0.0,0.0,0.0,0.06666666666666667,0.7483333333333334,0.0,0.0,0.0,0.0,0.0,0.0,0.0,0.06666666666666667,0.0,0.0,2.0,1.6684277199323374,4.075,8.15,1.0,0.0,0.06666666666666667,0.06666666666666667,0.06666666666666667,0.27166666666666667,0.0,0.0,0.0,0.0,0.0,2.0,0.0,0.2,-0.13333333333333333,-1.7522222222222221,0.0,0.0,0.0,0.0,0.0,0.0,0.0,0.06666666666666667,0.0,0.0,2.0,0.020341516513265174,2.825,4.9,2.0,0.0,0.0,0.0,0.13333333333333333,0.18833333333333335,0.0,0.0,0.0,0.0,0.0,2.0,0.0,0.2,-0.13333333333333333,-1.7255555555555557,0.0,0.0,2.0,0.0,3.0,27.316666666666666,0.0,0.0,2.0,0.0,3.0,26.183333333333334,1.0,0.0,3.0,7.716666666666666,1.0,0.0,1.0,0.0,3.0,11.883333333333333,0.0,0.0
emergency_response_seed1,emergency_response,1,90.2,105.2,33.0,5.723050779356724,9.987878787878788,15.0,2.799999999999997,1.0,11.930242623524968,0.0,0.0,0.0,0.0,0.06666666666666667,0.0,0.0,0.0,6.0,2.719786462027722,18.633333333333333,48.55,4.0,0.0,0.06666666666666667,0.0,0.13333333333333333,0.5182222222222223,3.0,2.7324433893858378,17.983333333333334,42.0,2.0,0.0,0.06666666666666667,0.0,0.06666666666666667,0.2988888888888889,1.0,13.761142561721927,0.0,0.0,0.0,0.0,0.06666666666666667,0.0,0.0,0.0,6.0,2.2717336134989043,16.083333333333332,46.3,4.0,0.0,0.13333333333333333,0.0,0.13333333333333333,0.23805555555555552,2.0,9.737440653529687e-06,25.275,42.1,2.0,0.0,0.0,0.0,0.06666666666666667,0.7816666666666665,0.0,0.0,0.0,0.0,0.0,0.0,0.0,0.06666666666666667,0.0,0.0,2.0,2.5292049492032325,4.575,9.15,1.0,0.0,0.06666666666666667,0.06666666666666667,0.06666666666666667,0.305,0.0,0.0,0.0,0.0,0.0,2.0,0.0,0.2,-0.13333333333333333,-1.7966666666666666,0.0,0.0,0.0,0.0,0.0,0.0,0.0,0.06666666666666667,0.0,0.0,3.0,0.10526575433691658,2.5500000000000003,5.9,2.0,0.0,0.06666666666666667,0.0,0.13333333333333333,0.17,0.0,0.0,0.0,0.0,0.0,2.0,0.0,0.2,-0.13333333333333333,-1.77,0.0,0.0,2.0,0.0,3.0,28.150000000000002,0.0,0.0,2.0,0.0,3.0,26.849999999999998,1.0,0.0,3.0,8.049999999999999,1.0,0.0,1.0,0.0,3.0,12.549999999999999,0.0,0.0
emergency_response_seed1,emergency_response,1,91.2,106.2,33.0,5.867338961110763,10.442424242424243,15.0,1.7999999999999972,1.0,11.9425850889401,0.0,0.0,0.0,0.0,0.06666666666666667,0.0,0.0,0.0,6.0,2.6742309153294546,19.3,49.55,4.0,0.0,0.06666666666666667,0.0,0.06666666666666667,0.5286666666666667,3.0,3.3797109893311066,18.650000000000002,43.0,2.0,0.0,0.06666666666666667,0.0,0.06666666666666667,0.31000000000000016,1.0,13.772973030590066,0.0,0.0,0.0,0.0,0.06666666666666667,0.0,0.0,0.0,6.0,2.1236152865538487,16.75,47.3,4.0,0.0,0.13333333333333333,0.0,0.13333333333333333,0.2491666666666667,2.0,3.5356159987572452e-06,26.275,43.1,2.0,0.0,0.0,0.0,0.06666666666666667,0.8149999999999998,0.0,0.0,0.0,0.0,0.0,0.0,0.0,0.06666666666666667,0.0,0.0,2.0,3.3309551492075453,5.075,10.15,1.0,0.0,0.06666666666666667,0.06666666666666667,0.06666666666666667,0.3383333333333333,0.0,0.0,0.0,0.0,0.0,2.0,0.0,0.2,-0.13333333333333333,-1.841111111111111,0.0,0.0,0.0,0.0,0.0,0.0,0.0,0.06666666666666667,0.0,0.0,3.0,0.7211262453157555,3.216666666666667,6.9,2.0,0.0,0.06666666666666667,0.0,0.13333333333333333,0.21444444444444447,0.0,0.0,0.0,0.0,0.0,2.0,0.0,0.2,-0.13333333333333333,-1.8144444444444445,0.0,0.0,3.0,0.0,3.0,29.150000000000002,0.0,0.0,2.0,0.0,3.0,27.516666666666666,1.0,0.0,3.0,8.383333333333333,1.0,0.0,1.0,0.0,3.0,13.216666666666667,0.0,0.0
emergency_response_seed1,emergency_response,1,92.2,107.2,34.0,5.901454852416835,10.602941176470589,16.0,0.7999999999999972,1.0,11.927428108829767,0.0,0.0,0.0,0.0,0.06666666666666667,0.0,0.0,0.0,6.0,2.664743652263594,20.116666666666667,50.55,5.0,0.0,0.06666666666666667,0.0,0.13333333333333333,0.5431111111111112,3.0,4.122292562041333,19.316666666666666,44.0,2.0,0.0,0.06666666666666667,0.0,0.06666666666666667,0.32111111111111107,1.0,13.738079961547475,0.0,0.0,0.0,0.0,0.06666666666666667,0.0,0.0,0.0,6.0,2.0656686517450997,17.416666666666668,48.3,4.0,0.0,0.13333333333333333,0.0,0.13333333333333333,0.2602777777777779,3.0,0.48701361357562384,18.183333333333334,44.1,2.0,0.0,0.06666666666666667,0.0,0.06666666666666667,0.2422222222222222,0.0,0.0,0.0,0.0,0.0,0.0,0.0,0.06666666666666667,0.0,0.0,2.0,4.172860773795795,5.575,11.15,1.0,0.0,0.06666666666666667,0.06666666666666667,0.06666666666666667,0.3716666666666667,0.0,0.0,0.0,0.0,0.0,2.0,0.0,0.2,-0.13333333333333333,-1.8855555555555554,0.0,0.0,0.0,0.0,0.0,0.0,0.0,0.06666666666666667,0.0,0.0,3.0,1.279319438930741,3.8833333333333333,7.9,2.0,0.0,0.06666666666666667,0.0,0.13333333333333333,0.2588888888888889,0.0,0.0,0.0,0.0,0.0,2.0,0.0,0.2,-0.13333333333333333,-1.858888888888889,0.0,0.0,2.0,0.0,3.0,30.150000000000002,0.0,0.0,2.0,0.0,3.0,28.183333333333334,1.0,0.0,3.0,8.716666666666667,1.0,0.0,1.0,0.0,3.0,13.883333333333333,0.0,0.0
emergency_response_seed1,emergency_response,1,108.2,123.2,35.0,8.773848773998553,7.165714285714286,8.0,17.799999999999997,0.0,0.0,0.0,0.0,0.0,2.0,0.0,0.06666666666666667,0.0,0.0,2.0,12.40474176003748,0.0,0.0,0.0,2.0,0.13333333333333333,0.4666666666666667,-0.3333333333333333,-1.1971428571428573,3.0,0.0004101050152366193,31.150000000000002,60.0,3.0,0.0,0.0,0.0,0.06666666666666667,0.7444444444444446,0.0,0.0,0.0,0.0,0.0,2.0,0.0,0.06666666666666667,0.0,0.0,1.0,13.873378187316703,0.0,0.0,0.0,2.0,0.06666666666666667,0.4,-0.26666666666666666,-1.2055555555555555,3.0,0.7985699173703383,28.849999999999998,60.1,2.0,0.0,0.0,0.0,0.0,0.6666666666666666,1.0,13.476456940452731,0.0,0.0,0.0,2.0,0.06666666666666667,0.0,0.0,0.0,3.0,4.908485751932638,9.049999999999999,27.15,1.0,0.0,0.06666666666666667,0.0,0.0,0.19833333333333325,1.0,11.212748527279144,0.0,0.0,0.0,0.0,0.06666666666666667,0.0,0.0,0.0,1.0,16.628811958070845,0.0,0.0,0.0,2.0,0.06666666666666667,0.0,0.0,0.0,4.0,1.1575972840599054,10.9125,23.9,2.0,0.0,0.06666666666666667,0.0,0.0,0.42416666666666664,1.0,12.565735583337274,0.0,0.0,0.0,0.0,0.06666666666666667,0.0,0.0,0.0,0.0,0.0,2.0,0.0,4.0,34.6125,1.0,0.0,2.0,0.0,4.0,32.0,0.0,0.0,4.0,14.0,1.0,3.6,0.0,0.0,5.0,16.73,1.0,0.0
emergency_response_seed1,emergency_response,1,109.2,124.2,37.0,8.711596578857671,6.994594594594595,8.0,16.799999999999997,1.0,11.974580533644184,0.0,0.0,0.0,2.0,0.06666666666666667,0.06666666666666667,0.0,0.0,2.0,12.411129436559616,0.0,0.0,0.0,2.0,0.13333333333333333,0.4666666666666667,-0.3333333333333333,-1.2447619047619047,3.0,0.00011225681278229228,32.15,61.0,3.0,0.0,0.0,0.0,0.06666666666666667,0.7666666666666664,0.0,0.0,0.0,0.0,0.0,2.0,0.0,0.06666666666666667,0.0,0.0,1.0,13.826602148498642,0.0,0.0,0.0,2.0,0.06666666666666667,0.4,-0.26666666666666666,-1.25,3.0,0.38291657074009194,29.516666666666666,61.1,2.0,0.0,0.0,0.0,0.0,0.6666666666666666,1.0,11.341716876543302,0.0,0.0,0.0,2.0,0.06666666666666667,0.0,0.0,0.0,4.0,4.788579124485332,7.0375,28.15,1.0,0.0,0.13333333333333333,0.0,0.0,0.0308333333333333,1.0,11.18632650375508,0.0,0.0,0.0,0.0,0.06666666666666667,0.0,0.0,0.0,1.0,16.56930835860595,0.0,0.0,0.0,2.0,0.06666666666666667,0.0,0.0,0.0,4.0,1.5360077036501205,11.4125,24.9,2.0,0.0,0.06666666666666667,0.0,0.0,0.4130555555555555,1.0,12.560280929251357,0.0,0.0,0.0,0.0,0.06666666666666667,0.0,0.0,0.0,0.0,0.0,2.0,0.0,4.0,35.3625,1.0,0.0,2.0,0.0,4.0,32.75,0.0,0.0,4.0,14.75,1.0,4.6,0.0,0.0,5.0,17.330000000000002,1.0,1.0
emergency_response_seed1,emergency_response,1,116.2,131.25,36.0,8.347708229837556,9.094444444444443,11.0,9.799999999999997,1.0,11.989076457184273,0.0,0.0,0.0,2.0,0.06666666666666667,0.0,0.0,0.0,3.0,11.188890569765066,0.0,0.0,0.0,2.0,0.2,0.3333333333333333,0.0,0.0,4.0,0.646399587742042,29.3625,68.0,3.0,0.0,0.06666666666666667,0.0,0.06666666666666667,0.2697222222222223,1.0,15.825710197582843,0.0,0.0,0.0,2.0,0.06666666666666667,0.0,0.0,0.0,0.0,0.0,0.0,0.0,0.0,2.0,0.0,0.26666666666666666,0.0,0.0,3.0,0.00038214069574520445,35.666666666666664,68.1,3.0,0.0,0.0,0.0,0.06666666666666667,0.7655555555555554,0.0,0.0,0.0,0.0,0.0,2.0,0.0,0.06666666666666667,0.0,0.0,4.0,4.991581300784932,10.075,35.15,2.0,0.0,0.13333333333333333,0.0,0.06666666666666667,0.0,1.0,11.203114233735505,0.0,0.0,0.0,0.0,0.06666666666666667,0.0,0.0,0.0,0.0,0.0,0.0,0.0,0.0,2.0,0.0,0.06666666666666667,0.0,0.0,5.0,3.996319309506436,12.53,31.9,3.0,0.0,0.13333333333333333,0.0,0.06666666666666667,0.17644444444444443,1.0,12.550649423267942,0.0,0.0,0.0,0.0,0.06666666666666667,0.0,0.0,0.0,0.0,0.0,2.0,1.225,3.0,0.0,0.0,0.0,2.0,0.175,3.0,0.0,1.0,0.0,5.0,16.79,1.0,11.65,0.0,0.0,5.0,22.03,1.0,8.05
emergency_response_seed1,emergency_response,1,117.2,132.25,37.0,8.561849199779749,9.145945945945945,11.0,8.799999999999997,1.0,11.999501614915207,0.0,0.0,0.0,2.0,0.06666666666666667,0.0,0.0,0.0,3.0,11.18641494785385,0.0,0.0,0.0,2.0,0.2,0.26666666666666666,0.0,0.0,4.0,1.1787733260819353,30.1125,69.0,3.0,0.0,0.06666666666666667,0.0,0.06666666666666667,0.2752777777777778,1.0,16.595553295984868,0.0,0.0,0.0,2.0,0.06666666666666667,0.0,0.0,0.0,1.0,13.815936300458047,0.0,0.0,0.0,2.0,0.06666666666666667,0.2,0.0,0.0,3.0,0.0001385634108962771,36.666666666666664,69.1,3.0,0.0,0.0,0.0,0.06666666666666667,0.7877777777777778,0.0,0.0,0.0,0.0,0.0,2.0,0.0,0.06666666666666667,0.0,0.0,4.0,4.398976447654219,10.575,36.15,2.0,0.0,0.13333333333333333,0.0,0.06666666666666667,0.0,1.0,11.03572244598265,0.0,0.0,0.0,0.0,0.06666666666666667,0.0,0.0,0.0,0.0,0.0,0.0,0.0,0.0,2.0,0.0,0.06666666666666667,0.0,0.0,5.0,4.367356501266966,13.13,32.9,3.0,0.0,0.13333333333333333,0.0,0.06666666666666667,0.17200000000000013,1.0,12.571681449296202,0.0,0.0,0.0,0.0,0.06666666666666667,0.0,0.0,0.0,0.0,0.0,2.0,1.725,3.0,0.0,0.0,0.0,2.0,0.675,3.0,0.0,1.0,0.0,6.0,14.658333333333333,1.0,12.65,0.0,0.0,5.0,22.880000000000003,1.0,9.05
emergency_response_seed1,emergency_response,1,118.2,133.25,36.0,8.415306951679819,9.705555555555556,11.0,7.799999999999997,1.0,11.974328591683879,0.0,0.0,0.0,2.0,0.06666666666666667,0.0,0.0,0.0,3.0,11.156775606375183,0.0,0.0,0.0,2.0,0.2,0.2,0.0,0.0,4.0,1.6866958366863105,30.8625,70.0,3.0,0.0,0.06666666666666667,0.0,0.06666666666666667,0.2808333333333332,1.0,16.56738572513312,0.0,0.0,0.0,2.0,0.06666666666666667,0.0,0.0,0.0,1.0,13.828898092134981,0.0,0.0,0.0,2.0,0.06666666666666667,0.2,0.0,0.0,3.0,5.092843986793364e-05,37.666666666666664,70.1,3.0,0.0,0.0,0.0,0.06666666666666667,0.8099999999999999,0.0,0.0,0.0,0.0,0.0,2.0,0.0,0.06666666666666667,0.0,0.0,4.0,3.9511577124107826,11.075,37.15,2.0,0.0,0.06666666666666667,0.0,0.06666666666666667,0.24611111111111109,1.0,6.589740777758356,0.0,0.0,0.0,0.0,0.0,0.0,0.0,0.0,0.0,0.0,0.0,0.0,0.0,2.0,0.0,0.06666666666666667,0.0,0.0,5.0,4.692891452692183,13.73,33.9,3.0,0.0,0.13333333333333333,0.0,0.06666666666666667,0.16755555555555557,1.0,12.530224201588908,0.0,0.0,0.0,0.0,0.06666666666666667,0.0,0.0,0.0,0.0,0.0,2.0,2.225,2.0,0.0,0.0,0.0,2.0,1.175,2.0,0.0,1.0,0.0,6.0,15.325000000000001,1.0,13.65,0.0,0.0,5.0,23.880000000000003,1.0,10.05
emergency_response_seed1,emergency_response,1,119.2,134.25,35.0,8.195181114147042,10.297142857142857,11.0,6.799999999999997,1.0,11.973114461868535,0.0,0.0,0.0,2.0,0.06666666666666667,0.0,0.0,0.0,3.0,11.160735844745545,0.0,0.0,0.0,2.0,0.2,0.13333333333333333,0.0,0.0,4.0,2.172357813117807,31.6125,71.0,3.0,0.0,0.06666666666666667,0.0,0.06666666666666667,0.28638888888888897,1.0,16.56905542052165,0.0,0.0,0.0,2.0,0.06666666666666667,0.0,0.0,0.0,1.0,13.803045909123389,0.0,0.0,0.0,2.0,0.06666666666666667,0.13333333333333333,0.0,0.0,3.0,1.8462532447301612e-05,38.666666666666664,71.1,3.0,0.0,0.0,0.0,0.06666666666666667,0.8322222222222221,0.0,0.0,0.0,0.0,0.0,2.0,0.0,0.06666666666666667,0.0,0.0,4.0,3.6890732901072387,11.575,38.15,2.0,0.0,0.06666666666666667,0.0,0.06666666666666667,0.25722222222222224,1.0,2.0897407777583594,0.0,0.0,0.0,0.0,0.0,0.0,0.0,0.0,0.0,0.0,0.0,0.0,0.0,2.0,0.0,0.06666666666666667,0.0,0.0,5.0,4.691867159989565,14.330000000000002,34.9,3.0,0.0,0.13333333333333333,0.0,0.06666666666666667,0.16311111111111126,1.0,12.550820215435715,0.0,0.0,0.0,0.0,0.06666666666666667,0.0,0.0,0.0,0.0,0.0,2.0,2.725,1.0,0.0,0.0,0.0,2.0,1.675,1.0,0.0,1.0,0.0,6.0,15.991666666666667,1.0,14.65,1.0,0.0,5.0,24.880000000000003,1.0,11.05
emergency_response_seed1,emergency_response,1,120.2,135.25,34.0,7.981293126625881,10.941176470588236,12.0,5.799999999999997,1.0,11.990780164757744,0.0,0.0,0.0,2.0,0.06666666666666667,0.0,0.0,0.0,3.0,11.128995015339768,0.0,0.0,0.0,2.0,0.2,0.13333333333333333,0.0,0.0,4.0,2.6723998567897516,32.3625,72.0,3.0,0.0,0.06666666666666667,0.0,0.0,0.280833333333333,1.0,16.5924402718395,0.0,0.0,0.0,2.0,0.06666666666666667,0.0,0.0,0.0,2.0,13.947105496870714,0.0,0.0,0.0,2.0,0.13333333333333333,0.13333333333333333,0.0,0.0,3.0,6.7065114270158515e-06,39.666666666666664,72.1,3.0,0.0,0.0,0.0,0.06666666666666667,0.8544444444444445,0.0,0.0,0.0,0.0,0.0,2.0,0.0,0.06666666666666667,0.0,0.0,4.0,3.0439576786676774,12.075,39.15,2.0,0.0,0.06666666666666667,0.0,0.06666666666666667,0.26833333333333337,1.0,0.0,0.6,0.6,1.0,0.0,0.0,0.0,0.06666666666666667,0.04,0.0,0.0,0.0,0.0,0.0,2.0,0.0,0.06666666666666667,0.0,0.0,5.0,4.687352723185752,14.930000000000001,35.9,3.0,0.0,0.13333333333333333,0.0,0.06666666666666667,0.15866666666666684,1.0,12.560550187210803,0.0,0.0,0.0,0.0,0.06666666666666667,0.0,0.0,0.0,0.0,0.0,2.0,3.225,1.0,0.0,0.0,0.0,2.0,2.175,1.0,0.0,1.0,0.0,6.0,16.658333333333335,1.0,15.65,1.0,0.0,6.0,21.566666666666666,1.0,12.05
emergency_response_seed1,emergency_response,1,121.2,136.25,32.0,7.518910287015917,12.0,12.0,4.799999999999997,1.0,11.975608073382173,0.0,0.0,0.0,2.0,0.06666666666666667,0.0,0.0,0.0,3.0,11.130616060204844,0.0,0.0,0.0,2.0,0.13333333333333333,0.13333333333333333,0.0,0.0,4.0,3.1684246709530877,33.1125,73.0,3.0,0.0,0.06666666666666667,0.0,0.0,0.2641666666666663,1.0,16.6192028365843,0.0,0.0,0.0,2.0,0.06666666666666667,0.0,0.0,0.0,2.0,14.414454456227736,0.0,0.0,0.0,2.0,0.13333333333333333,0.13333333333333333,0.0,0.0,3.0,2.408063343699687e-06,40.666666666666664,73.1,3.0,0.0,0.0,0.0,0.06666666666666667,0.8766666666666666,0.0,0.0,0.0,0.0,0.0,2.0,0.0,0.06666666666666667,0.0,0.0,4.0,2.2153047114649542,12.575,40.15,2.0,0.0,0.06666666666666667,0.0,0.06666666666666667,0.27944444444444444,1.0,0.0,1.6,1.6,1.0,0.0,0.0,0.0,0.06666666666666667,0.10666666666666667,0.0,0.0,0.0,0.0,0.0,2.0,0.0,0.06666666666666667,0.0,0.0,5.0,4.705603859967907,15.530000000000001,36.9,3.0,0.0,0.13333333333333333,0.0,0.06666666666666667,0.1542222222222223,1.0,9.149364308595299,0.0,0.0,0.0,0.0,0.06666666666666667,0.0,0.0,0.0,1.0,0.0,2.0,3.725,0.0,0.0,0.0,0.0,2.0,2.8249999999999997,1.0,0.0,1.0,0.0,6.0,17.325,1.0,16.65,1.0,0.0,6.0,22.400000000000002,1.0,13.05
emergency_response_seed1,emergency_response,1,122.2,137.25,32.0,6.868083997597535,12.396875,13.0,3.799999999999997,1.0,11.981590762145352,0.0,0.0,0.0,2.0,0.06666666666666667,0.0,0.0,0.0,2.0,11.141283135486036,0.0,0.0,0.0,2.0,0.13333333333333333,0.13333333333333333,0.0,0.0,4.0,3.7116470786722098,33.8625,74.0,3.0,0.0,0.06666666666666667,0.0,0.0,0.24749999999999966,1.0,16.590500943485647,0.0,0.0,0.0,2.0,0.06666666666666667,0.0,0.0,0.0,2.0,14.38898206581294,0.0,0.0,0.0,2.0,0.13333333333333333,0.13333333333333333,0.0,0.0,4.0,0.04968698344626695,31.25,74.1,3.0,0.0,0.06666666666666667,0.0,0.06666666666666667,0.20444444444444443,0.0,0.0,0.0,0.0,0.0,2.0,0.0,0.06666666666666667,0.0,0.0,4.0,1.5017995378176037,13.25,41.15,3.0,0.0,0.06666666666666667,0.0,0.13333333333333333,0.3022222222222222,1.0,0.0,2.6,2.6,1.0,0.0,0.0,0.0,0.06666666666666667,0.17333333333333334,0.0,0.0,0.0,0.0,0.0,2.0,0.0,0.06666666666666667,0.0,0.0,5.0,4.689487632535832,16.130000000000003,37.9,3.0,0.0,0.13333333333333333,0.0,0.06666666666666667,0.14977777777777798,1.0,4.649364308595306,0.0,0.0,0.0,0.0,0.06666666666666667,0.0,0.0,0.0,1.0,0.0,2.0,4.225,0.0,0.0,0.0,0.0,3.0,2.55,1.0,0.0,1.0,0.0,7.0,15.421428571428573,2.0,8.825,1.0,0.0,6.0,23.233333333333334,1.0,14.05
emergency_response_seed1,emergency_response,1,124.2,139.25,30.0,5.917472494793214,14.123333333333333,14.0,1.7999999999999972,0.0,0.0,0.0,0.0,0.0,2.0,0.0,0.06666666666666667,0.0,0.0,2.0,11.154615742683795,0.0,0.0,0.0,2.0,0.13333333333333333,0.13333333333333333,0.0,0.0,4.0,4.14774417155236,35.3625,76.0,3.0,0.0,0.06666666666666667,0.0,0.0,0.21416666666666656,1.0,16.572366700258108,0.0,0.0,0.0,2.0,0.06666666666666667,0.0,0.0,0.0,2.0,14.387954432093442,0.0,0.0,0.0,2.0,0.13333333333333333,0.06666666666666667,0.0,0.0,4.0,0.9396385014757336,32.75,76.1,3.0,0.0,0.06666666666666667,0.0,0.06666666666666667,0.2155555555555556,0.0,0.0,0.0,0.0,0.0,2.0,0.0,0.06666666666666667,0.0,0.0,4.0,0.47820924350498867,14.75,43.15,3.0,0.0,0.0,0.0,0.13333333333333333,0.5141666666666667,1.0,0.0,4.6,4.6,1.0,0.0,0.0,0.0,0.06666666666666667,0.30666666666666664,0.0,0.0,0.0,0.0,0.0,2.0,0.0,0.06666666666666667,0.0,0.0,5.0,3.586167030530761,17.330000000000002,39.9,3.0,0.0,0.06666666666666667,0.0,0.06666666666666667,0.39450000000000013,1.0,0.0,1.0,1.0,1.0,0.0,0.0,0.0,0.06666666666666667,0.06666666666666667,1.0,0.0,3.0,3.483333333333333,0.0,0.0,0.0,0.0,3.0,3.883333333333333,1.0,0.0,1.0,0.0,7.0,16.564285714285713,2.0,9.825,1.0,0.0,6.0,24.900000000000002,1.0,16.05
emergency_response_seed1,emergency_response,1,134.25,149.25,31.0,5.461778117931444,8.220967741935484,13.0,6.75,0.0,0.0,0.0,0.0,0.0,0.0,0.0,0.06666666666666667,0.0,0.0,2.0,4.85679911905019,2.725,5.45,1.0,0.0,0.06666666666666667,0.13333333333333333,0.06666666666666667,0.18166666666666667,1.0,5.784897586075524,0.0,0.0,0.0,2.0,0.0,0.2,-0.2,-2.11,0.0,0.0,0.0,0.0,0.0,0.0,0.0,0.06666666666666667,0.0,0.0,2.0,0.40694419863614534,1.675,3.35,1.0,0.0,0.06666666666666667,0.0,0.06666666666666667,0.11166666666666666,1.0,11.975582775806542,0.0,0.0,0.0,2.0,0.06666666666666667,0.2,-0.2,-2.5811111111111114,1.0,13.831677114701598,0.0,0.0,0.0,0.0,0.06666666666666667,0.0,0.0,0.0,6.0,1.8529958989435196,15.991666666666667,53.2,4.0,0.0,0.13333333333333333,0.0,0.13333333333333333,0.2927777777777777,1.0,0.0,14.65,14.65,1.0,0.0,0.0,0.0,0.06666666666666667,0.9766666666666667,1.0,13.8757915093482,0.0,0.0,0.0,0.0,0.06666666666666667,0.0,0.0,0.0,5.0,0.0022111029428388716,24.880000000000003,49.95,5.0,0.0,0.0,0.0,0.13333333333333333,0.7013333333333336,1.0,0.0,11.05,11.05,1.0,0.0,0.0,0.0,0.06666666666666667,0.7366666666666667,1.0,0.0,4.0,5.1125,1.0,0.0,1.0,0.0,3.0,10.55,0.0,0.0,0.0,0.0,4.0,0.0,2.0,14.825,0.0,0.0,4.0,0.0,2.0,13.025
emergency_response_seed1,emergency_response,1,135.25,150.25,32.0,5.794581467136544,8.3703125,13.0,5.75,0.0,0.0,0.0,0.0,0.0,0.0,0.0,0.06666666666666667,0.0,0.0,2.0,5.7699568991432235,3.225,6.45,1.0,0.0,0.06666666666666667,0.13333333333333333,0.06666666666666667,0.215,1.0,7.435176772420705,0.0,0.0,0.0,2.0,0.0,0.2,-0.2,-2.1599999999999997,0.0,0.0,0.0,0.0,0.0,0.0,0.0,0.06666666666666667,0.0,0.0,2.0,0.1295969043060575,2.175,4.35,1.0,0.0,0.0,0.0,0.06666666666666667,0.145,1.0,11.970117367221974,0.0,0.0,0.0,2.0,0.06666666666666667,0.2,-0.2,-2.647777777777778,1.0,13.879278655098751,0.0,0.0,0.0,0.0,0.06666666666666667,0.0,0.0,0.0,6.0,2.1993231178636883,16.658333333333335,54.2,4.0,0.0,0.13333333333333333,0.0,0.13333333333333333,0.30388888888888893,1.0,0.0,15.65,15.65,1.0,0.0,0.0,0.0,0.0,1.0,1.0,13.857325728572906,0.0,0.0,0.0,0.0,0.06666666666666667,0.0,0.0,0.0,6.0,0.08439442365457445,21.566666666666666,50.95,5.0,0.0,0.06666666666666667,0.0,0.13333333333333333,0.44044444444444447,1.0,0.0,12.05,12.05,1.0,0.0,0.0,0.0,0.06666666666666667,0.8033333333333333,0.0,0.0,4.0,5.375,1.0,0.0,1.0,0.0,4.0,8.412500000000001,0.0,0.0,0.0,0.0,3.0,0.0,2.0,15.325,0.0,0.0,4.0,0.0,2.0,13.525
emergency_response_seed1,emergency_response,1,136.25,151.25,33.0,6.484804292292826,8.51969696969697,14.0,4.75,1.0,11.974764515880961,0.0,0.0,0.0,0.0,0.06666666666666667,0.06666666666666667,0.0,0.0,2.0,6.740512949323108,3.725,7.45,1.0,0.0,0.06666666666666667,0.13333333333333333,0.06666666666666667,0.24833333333333335,0.0,0.0,0.0,0.0,0.0,2.0,0.0,0.26666666666666666,-0.2,-2.21,0.0,0.0,0.0,0.0,0.0,0.0,0.0,0.06666666666666667,0.0,0.0,2.0,0.036464445009204025,2.8249999999999997,5.35,2.0,0.0,0.0,0.0,0.13333333333333333,0.18833333333333332,1.0,11.98258572683204,0.0,0.0,0.0,2.0,0.06666666666666667,0.2,-0.2,-2.7144444444444447,1.0,13.84003384956275,0.0,0.0,0.0,0.0,0.06666666666666667,0.0,0.0,0.0,6.0,2.573397991619766,17.325,55.2,4.0,0.0,0.13333333333333333,0.0,0.13333333333333333,0.31499999999999984,1.0,0.0,16.65,16.65,1.0,0.0,0.0,0.0,0.0,0.9999999999999999,1.0,13.842714183502832,0.0,0.0,0.0,0.0,0.06666666666666667,0.0,0.0,0.0,6.0,0.4724399898044271,22.400000000000002,51.95,5.0,0.0,0.06666666666666667,0.0,0.13333333333333333,0.45600000000000024,1.0,0.0,13.05,13.05,1.0,0.0,0.0,0.0,0.06666666666666667,0.87,0.0,0.0,4.0,5.875,1.0,0.0,1.0,0.0,4.0,8.912500000000001,0.0,0.0,0.0,0.0,3.0,0.0,2.0,15.825,0.0,0.0,3.0,0.0,2.0,14.025
emergency_response_seed1,emergency_response,1,137.25,152.25,36.0,6.277925508647074,8.198611111111111,14.0,3.75,1.0,11.97302545195911,0.0,0.0,0.0,0.0,0.06666666666666667,0.06666666666666667,0.0,0.0,2.0,6.9421469304227506,4.225,8.45,1.0,0.0,0.06666666666666667,0.06666666666666667,0.06666666666666667,0.2816666666666666,0.0,0.0,0.0,0.0,0.0,2.0,0.0,0.26666666666666666,-0.2,-2.26,0.0,0.0,0.0,0.0,0.0,0.0,0.0,0.06666666666666667,0.0,0.0,3.0,0.7507150541702488,2.55,6.35,2.0,0.0,0.06666666666666667,0.0,0.13333333333333333,0.16999999999999998,1.0,11.980458941361867,0.0,0.0,0.0,2.0,0.0,0.2,-0.2,-2.0858333333333334,1.0,13.875345567800105,0.0,0.0,0.0,0.0,0.06666666666666667,0.0,0.0,0.0,7.0,2.9195075724200685,15.421428571428573,56.2,4.0,0.0,0.2,0.0,0.06666666666666667,0.14226190476190476,2.0,0.06430755607155152,8.825,17.65,1.0,0.0,0.06666666666666667,0.0,0.0,0.41166666666666657,1.0,13.839845388641116,0.0,0.0,0.0,0.0,0.06666666666666667,0.0,0.0,0.0,6.0,0.818784103076604,23.233333333333334,52.95,5.0,0.0,0.06666666666666667,0.0,0.13333333333333333,0.4715555555555556,1.0,0.0,14.05,14.05,1.0,0.0,0.0,0.0,0.06666666666666667,0.9366666666666668,0.0,0.0,4.0,6.375,1.0,0.0,1.0,0.0,4.0,9.412500000000001,0.0,0.0,0.0,0.0,2.0,0.0,2.0,16.325,0.0,0.0,2.0,0.0,2.0,14.525
emergency_response_seed1,emergency_response,1,138.25,153.25,36.0,6.612739485745298,8.587499999999999,14.0,2.75,1.0,11.98831501187291,0.0,0.0,0.0,0.0,0.06666666666666667,0.0,0.0,0.0,2.0,6.930329494486796,4.725,9.45,1.0,0.0,0.06666666666666667,0.06666666666666667,0.06666666666666667,0.315,0.0,0.0,0.0,0.0,0.0,2.0,0.0,0.26666666666666666,-0.2,-2.31,0.0,0.0,0.0,0.0,0.0,0.0,0.0,0.06666666666666667,0.0,0.0,3.0,1.3480717515412481,3.2166666666666663,7.35,2.0,0.0,0.06666666666666667,0.0,0.13333333333333333,0.2144444444444444,1.0,11.97671506425133,0.0,0.0,0.0,2.0,0.0,0.2,-0.2,-2.1358333333333333,1.0,13.835251461347799,0.0,0.0,0.0,0.0,0.06666666666666667,0.0,0.0,0.0,7.0,3.5486462660106026,15.992857142857144,57.2,4.0,0.0,0.2,0.0,0.06666666666666667,0.1303571428571428,2.0,1.2080136388347824,9.325,18.65,1.0,0.0,0.06666666666666667,0.0,0.0,0.37833333333333324,1.0,13.861560229825555,0.0,0.0,0.0,0.0,0.06666666666666667,0.0,0.0,0.0,6.0,1.1231729913213255,24.066666666666666,53.95,5.0,0.0,0.06666666666666667,0.0,0.13333333333333333,0.4871111111111112,1.0,0.0,15.05,15.05,1.0,0.0,0.0,0.0,0.0,1.0,0.0,0.0,4.0,6.975,1.0,0.0,1.0,0.0,4.0,9.912500000000001,1.0,0.0,0.0,0.0,2.0,0.0,2.0,16.825,0.0,0.0,2.0,0.0,2.0,15.025
emergency_response_seed1,emergency_response,1,139.25,154.25,36.0,6.697083792350762,8.976388888888888,14.0,1.75,1.0,11.994179541184566,0.0,0.0,0.0,0.0,0.06666666666666667,0.0,0.0,0.0,3.0,7.508675398512435,3.483333333333333,10.45,1.0,0.0,0.13333333333333333,0.06666666666666667,0.06666666666666667,0.2322222222222222,0.0,0.0,0.0,0.0,0.0,2.0,0.0,0.26666666666666666,-0.2,-2.36,0.0,0.0,0.0,0.0,0.0,0.0,0.0,0.06666666666666667,0.0,0.0,3.0,1.995150961205856,3.883333333333333,8.35,2.0,0.0,0.06666666666666667,0.0,0.13333333333333333,0.25888888888888884,1.0,11.981604030251038,0.0,0.0,0.0,2.0,0.0,0.2,-0.2,-2.1858333333333335,1.0,13.867502047275194,0.0,0.0,0.0,0.0,0.06666666666666667,0.0,0.0,0.0,7.0,4.113728376073508,16.564285714285713,58.2,4.0,0.0,0.2,0.0,0.06666666666666667,0.11845238095238078,2.0,2.1853882682220522,9.825,19.65,1.0,0.0,0.06666666666666667,0.0,0.0,0.3449999999999999,1.0,13.825143893010683,0.0,0.0,0.0,0.0,0.06666666666666667,0.0,0.0,0.0,6.0,1.432259201736685,24.900000000000002,54.95,5.0,0.0,0.06666666666666667,0.0,0.13333333333333333,0.5026666666666668,1.0,0.0,16.05,16.05,1.0,0.0,0.0,0.0,0.0,1.0,0.0,0.0,4.0,7.725,1.0,0.0,1.0,0.0,4.0,10.412500000000001,1.0,0.0,0.0,0.0,2.0,0.0,2.0,17.325,0.0,0.0,1.0,0.0,2.0,15.525
emergency_response_seed1,emergency_response,1,140.25,155.25,35.0,6.796812168440205,9.632857142857143,14.0,0.75,1.0,11.987275396047625,0.0,0.0,0.0,0.0,0.06666666666666667,0.0,0.0,0.0,3.0,8.385926816337943,3.8166666666666664,11.45,1.0,0.0,0.13333333333333333,0.06666666666666667,0.06666666666666667,0.2544444444444444,0.0,0.0,0.0,0.0,0.0,2.0,0.0,0.26666666666666666,-0.2,-2.4099999999999997,0.0,0.0,0.0,0.0,0.0,0.0,0.0,0.06666666666666667,0.0,0.0,3.0,2.678244285248654,4.55,9.35,2.0,0.0,0.06666666666666667,0.0,0.13333333333333333,0.30333333333333334,0.0,0.0,0.0,0.0,0.0,2.0,0.0,0.26666666666666666,-0.2,-2.2358333333333333,1.0,10.951202922383935,0.0,0.0,0.0,0.0,0.06666666666666667,0.0,0.0,0.0,7.0,4.4767338621159025,17.135714285714286,59.2,4.0,0.0,0.2,0.0,0.06666666666666667,0.10654761904761897,2.0,3.114104435618103,10.325,20.65,1.0,0.0,0.06666666666666667,0.0,0.0,0.3116666666666666,1.0,13.831328545514262,0.0,0.0,0.0,0.0,0.06666666666666667,0.0,0.0,0.0,6.0,1.7620449127199762,25.733333333333334,55.95,5.0,0.0,0.06666666666666667,0.0,0.13333333333333333,0.5182222222222223,1.0,0.0,17.05,17.05,1.0,0.0,0.0,0.0,0.0,1.0,0.0,0.0,4.0,8.475,1.0,0.0,1.0,0.0,4.0,10.912500000000001,1.0,0.0,0.0,0.0,1.0,0.0,2.0,17.825,0.0,0.0,1.0,0.0,2.0,16.025
emergency_response_seed1,emergency_response,1,144.25,159.25,38.0,7.1404440795034025,7.105263157894737,12.0,29.75,1.0,11.983505651727318,0.0,0.0,0.0,2.0,0.06666666666666667,0.0,0.0,0.0,3.0,9.092983404631521,5.1499999999999995,15.45,1.0,0.0,0.13333333333333333,0.0,0.0,0.3133333333333333,1.0,13.489264387043026,0.0,0.0,0.0,0.0,0.06666666666666667,0.26666666666666666,-0.13333333333333333,-1.2591666666666665,1.0,13.837120752210032,0.0,0.0,0.0,2.0,0.06666666666666667,0.0,0.0,0.0,3.0,4.444252386475759,7.216666666666666,13.35,2.0,0.0,0.06666666666666667,0.0,0.13333333333333333,0.48111111111111104,0.0,0.0,0.0,0.0,0.0,0.0,0.0,0.26666666666666666,-0.13333333333333333,-1.0833333333333333,1.0,0.6289127514591777,0.0,0.0,0.0,2.0,0.0,0.0,0.0,0.0,7.0,5.039565271246091,10.392857142857142,33.2,3.0,2.0,0.13333333333333333,0.0,-0.06666666666666667,-0.31980952380952393,2.0,6.659761821323308,12.325,24.65,1.0,0.0,0.06666666666666667,0.0,0.0,0.17833333333333326,1.0,13.848016515928322,0.0,0.0,0.0,2.0,0.06666666666666667,0.0,0.0,0.0,7.0,2.4082505802055323,16.35,55.8,4.0,2.0,0.13333333333333333,0.0,0.0,-0.2719999999999999,2.0,0.250086211026242,10.525,21.05,1.0,0.0,0.06666666666666667,0.0,0.0,0.2983333333333334,0.0,0.0,4.0,11.475,1.0,0.95,0.0,0.0,5.0,10.790000000000001,1.0,0.0,0.0,0.0,1.0,0.0,2.0,20.4,0.0,0.0,1.0,0.0,2.0,18.025
emergency_response_seed1,emergency_response,1,145.25,160.25,38.0,7.490081410196933,2.6592105263157895,6.0,28.75,1.0,11.983502758441027,0.0,0.0,0.0,2.0,0.06666666666666667,0.0,0.0,0.0,3.0,8.18620818939483,5.483333333333333,16.45,1.0,0.0,0.06666666666666667,0.0,0.0,0.31722222222222224,1.0,13.495500405434818,0.0,0.0,0.0,0.0,0.06666666666666667,0.2,0.0,0.0,1.0,13.839658631231869,0.0,0.0,0.0,2.0,0.06666666666666667,0.0,0.0,0.0,3.0,4.444954687796611,7.883333333333333,14.35,2.0,0.0,0.06666666666666667,0.0,0.13333333333333333,0.5255555555555556,0.0,0.0,0.0,0.0,0.0,0.0,0.0,0.2,0.0,0.0,0.0,0.0,0.0,0.0,0.0,2.0,0.0,0.06666666666666667,0.0,0.0,6.0,6.171617226078742,0.0,0.0,0.0,2.0,0.13333333333333333,0.06666666666666667,-0.26666666666666666,-1.066,2.0,6.661222199633602,12.825,25.65,1.0,0.0,0.06666666666666667,0.0,0.0,0.14499999999999993,1.0,13.83356813593302,0.0,0.0,0.0,2.0,0.06666666666666667,0.0,0.0,0.0,6.0,3.4531617214317927,2.2083333333333335,13.25,1.0,2.0,0.13333333333333333,0.06666666666666667,-0.2,-1.2681111111111112,2.0,1.3657656266798157,11.025,22.05,1.0,0.0,0.06666666666666667,0.0,0.0,0.265,0.0,0.0,4.0,12.225,1.0,1.95,0.0,0.0,5.0,11.39,1.0,0.0,0.0,0.0,1.0,0.0,2.0,21.4,0.0,0.0,1.0,0.0,2.0,18.525
emergency_response_seed1,emergency_response,1,149.25,164.25,37.0,8.51429026040897,2.9135135135135135,5.0,24.75,1.0,11.981979690017178,0.0,0.0,0.0,2.0,0.06666666666666667,0.0,0.0,0.0,4.0,3.5524865594372965,5.1125,20.45,1.0,0.0,0.13333333333333333,0.0,0.0,0.15916666666666665,1.0,13.50280902145018,0.0,0.0,0.0,0.0,0.06666666666666667,0.06666666666666667,0.0,0.0,1.0,13.865337503930787,0.0,0.0,0.0,2.0,0.06666666666666667,0.0,0.0,0.0,3.0,4.458455208035109,10.55,18.35,2.0,0.0,0.06666666666666667,0.0,0.06666666666666667,0.5916666666666667,0.0,0.0,0.0,0.0,0.0,0.0,0.0,0.06666666666666667,0.0,0.0,0.0,0.0,0.0,0.0,0.0,2.0,0.0,0.06666666666666667,0.0,0.0,4.0,7.216615311957583,0.0,0.0,0.0,2.0,0.06666666666666667,0.2,-0.26666666666666666,-1.0661111111111112,2.0,6.656484935337328,14.825,29.65,1.0,0.0,0.06666666666666667,0.0,0.0,0.011666666666666596,0.0,0.0,0.0,0.0,0.0,2.0,0.0,0.06666666666666667,0.0,0.0,4.0,8.026317585059044,0.0,0.0,0.0,2.0,0.13333333333333333,0.2,-0.3333333333333333,-1.6586666666666667,2.0,5.280546317059376,13.025,26.05,1.0,0.0,0.06666666666666667,0.0,0.0,0.13166666666666665,1.0,0.0,4.0,15.225000000000001,1.0,5.95,0.0,0.0,5.0,13.790000000000001,1.0,0.0,1.0,0.0,0.0,0.0,2.0,25.4,0.0,0.0,1.0,0.0,2.0,20.525
emergency_response_seed1,emergency_response,1,151.25,166.25,35.0,8.812002834912505,3.3957142857142855,6.0,22.75,0.0,0.0,0.0,0.0,0.0,2.0,0.0,0.06666666666666667,0.0,0.0,4.0,2.9513521919522923,5.875,22.45,2.0,0.0,0.13333333333333333,0.0,0.06666666666666667,0.14333333333333334,1.0,13.515372410580117,0.0,0.0,0.0,0.0,0.06666666666666667,0.0,0.0,0.0,1.0,13.884185273969779,0.0,0.0,0.0,2.0,0.06666666666666667,0.0,0.0,0.0,4.0,3.4521992079073343,8.912500000000001,20.35,2.0,0.0,0.13333333333333333,0.0,0.0,0.4058333333333335,0.0,0.0,0.0,0.0,0.0,0.0,0.0,0.06666666666666667,0.0,0.0,0.0,0.0,0.0,0.0,0.0,2.0,0.0,0.06666666666666667,0.0,0.0,3.0,8.369440968888936,0.0,0.0,0.0,2.0,0.06666666666666667,0.26666666666666666,-0.26666666666666666,-1.155,2.0,5.421507875486449,15.825,31.65,1.0,0.0,0.06666666666666667,0.0,0.0,-0.05499999999999995,0.0,0.0,0.0,0.0,0.0,2.0,0.0,0.06666666666666667,0.0,0.0,3.0,10.14389752544128,0.0,0.0,0.0,2.0,0.06666666666666667,0.26666666666666666,-0.3333333333333333,-1.4933333333333334,2.0,6.918236390732927,14.025,28.05,1.0,0.0,0.06666666666666667,0.0,0.0,0.06499999999999997,1.0,0.0,5.0,13.38,1.0,7.95,0.0,0.0,5.0,14.99,1.0,1.2,1.0,0.0,0.0,0.0,2.0,27.4,0.0,0.0,1.0,0.0,2.0,22.325
emergency_response_seed1,emergency_response,1,152.25,167.25,34.0,8.844557550168426,3.6720588235294116,6.0,21.75,0.0,0.0,0.0,0.0,0.0,2.0,0.0,0.06666666666666667,0.0,0.0,4.0,3.0698223939922618,6.375,23.45,2.0,0.0,0.13333333333333333,0.0,0.06666666666666667,0.14333333333333337,1.0,13.508848393942994,0.0,0.0,0.0,0.0,0.06666666666666667,0.0,0.0,0.0,1.0,13.858016757067526,0.0,0.0,0.0,2.0,0.06666666666666667,0.0,0.0,0.0,4.0,3.4304411116444977,9.412500000000001,21.35,2.0,0.0,0.06666666666666667,0.0,0.0,0.45750000000000013,0.0,0.0,0.0,0.0,0.0,0.0,0.0,0.06666666666666667,0.0,0.0,0.0,0.0,0.0,0.0,0.0,2.0,0.0,0.06666666666666667,0.0,0.0,2.0,9.059354491257459,0.0,0.0,0.0,2.0,0.0,0.3333333333333333,-0.26666666666666666,-1.0280952380952382,2.0,3.88741599473323,16.325,32.65,1.0,0.0,0.0,0.0,0.0,0.5,0.0,0.0,0.0,0.0,0.0,2.0,0.0,0.06666666666666667,0.0,0.0,2.0,11.976193465670775,0.0,0.0,0.0,2.0,0.06666666666666667,0.3333333333333333,-0.3333333333333333,-1.548888888888889,2.0,6.913739997348166,14.525,29.05,1.0,0.0,0.06666666666666667,0.0,0.0,0.03166666666666664,1.0,0.0,5.0,13.98,1.0,8.95,0.0,0.0,5.0,15.7,1.0,2.2,1.0,0.0,0.0,0.0,2.0,28.4,1.0,0.0,1.0,0.0,2.0,23.325
emergency_response_seed1,emergency_response,1,153.25,168.25,35.0,9.048880953313482,3.75,7.0,20.75,0.0,0.0,0.0,0.0,0.0,2.0,0.0,0.06666666666666667,0.0,0.0,4.0,3.0132661262589338,6.975,24.45,3.0,0.0,0.13333333333333333,0.0,0.13333333333333333,0.15,1.0,13.538038714980306,0.0,0.0,0.0,0.0,0.06666666666666667,0.0,0.0,0.0,1.0,13.846151850407479,0.0,0.0,0.0,2.0,0.06666666666666667,0.0,0.0,0.0,4.0,3.5085241341524536,9.912500000000001,22.35,2.0,0.0,0.06666666666666667,0.0,0.0,0.446388888888889,1.0,15.242624904677275,0.0,0.0,0.0,0.0,0.06666666666666667,0.06666666666666667,0.0,0.0,0.0,0.0,0.0,0.0,0.0,2.0,0.0,0.06666666666666667,0.0,0.0,2.0,9.963193597735316,0.0,0.0,0.0,2.0,0.06666666666666667,0.4,-0.26666666666666666,-1.0661904761904764,2.0,2.538178987202891,16.825,33.65,1.0,0.0,0.0,0.0,0.0,0.5,0.0,0.0,0.0,0.0,0.0,2.0,0.0,0.06666666666666667,0.0,0.0,2.0,12.193595247051125,0.0,0.0,0.0,2.0,0.06666666666666667,0.3333333333333333,-0.3333333333333333,-1.6044444444444443,2.0,6.93931282787642,15.025,30.05,1.0,0.0,0.06666666666666667,0.0,0.0,-0.0016666666666666904,1.0,0.0,6.0,12.15,1.0,9.95,0.0,0.0,5.0,16.5,1.0,3.2,1.0,0.0,0.0,0.0,2.0,29.4,1.0,0.0,1.0,0.0,2.0,24.325
emergency_response_seed1,emergency_response,1,154.25,169.25,34.0,9.051044558135768,4.0661764705882355,7.0,19.75,0.0,0.0,0.0,0.0,0.0,2.0,0.0,0.06666666666666667,0.0,0.0,4.0,2.997968232463891,7.725,25.45,3.0,0.0,0.06666666666666667,0.0,0.13333333333333333,0.2827777777777778,1.0,13.484291358248397,0.0,0.0,0.0,0.0,0.06666666666666667,0.0,0.0,0.0,1.0,13.849694498650498,0.0,0.0,0.0,2.0,0.06666666666666667,0.0,0.0,0.0,4.0,3.8125207968914214,10.412500000000001,23.35,2.0,0.0,0.06666666666666667,0.0,0.0,0.43527777777777793,1.0,15.707605497531594,0.0,0.0,0.0,0.0,0.06666666666666667,0.06666666666666667,0.0,0.0,0.0,0.0,0.0,0.0,0.0,2.0,0.0,0.06666666666666667,0.0,0.0,2.0,11.118861775282237,0.0,0.0,0.0,2.0,0.06666666666666667,0.4,-0.26666666666666666,-1.1042857142857143,2.0,1.462828574391483,17.325,34.65,1.0,0.0,0.0,0.0,0.0,0.5,0.0,0.0,0.0,0.0,0.0,2.0,0.0,0.06666666666666667,0.0,0.0,1.0,16.03390574910727,0.0,0.0,0.0,2.0,0.06666666666666667,0.4,-0.3333333333333333,-1.6600000000000001,2.0,6.929364053258905,15.525,31.05,1.0,0.0,0.06666666666666667,0.0,0.0,-0.035000000000000024,1.0,0.0,6.0,12.775,1.0,10.95,0.0,0.0,5.0,17.3,1.0,4.2,1.0,0.0,0.0,0.0,2.0,30.4,1.0,0.0,1.0,0.0,2.0,25.325
emergency_response_seed1,emergency_response,1,155.25,170.25,34.0,9.192379446671508,4.272058823529412,7.0,18.75,0.0,0.0,0.0,0.0,0.0,2.0,0.0,0.06666666666666667,0.0,0.0,4.0,3.0003084035757444,8.475,26.45,3.0,0.0,0.06666666666666667,0.0,0.13333333333333333,0.31055555555555553,1.0,13.525511163052238,0.0,0.0,0.0,0.0,0.06666666666666667,0.0,0.0,0.0,1.0,13.829368003763957,0.0,0.0,0.0,2.0,0.06666666666666667,0.0,0.0,0.0,4.0,4.092893457550207,10.912500000000001,24.35,2.0,0.0,0.06666666666666667,0.0,0.0,0.42416666666666675,1.0,15.692993828069419,0.0,0.0,0.0,0.0,0.06666666666666667,0.0,0.0,0.0,0.0,0.0,0.0,0.0,0.0,2.0,0.0,0.06666666666666667,0.0,0.0,1.0,14.540002475440783,0.0,0.0,0.0,2.0,0.06666666666666667,0.4666666666666667,-0.26666666666666666,-1.1423809523809525,2.0,0.727389432698958,17.825,35.65,1.0,0.0,0.0,0.0,0.0,0.5,0.0,0.0,0.0,0.0,0.0,2.0,0.0,0.06666666666666667,0.0,0.0,1.0,16.10169716799448,0.0,0.0,0.0,2.0,0.06666666666666667,0.4,-0.3333333333333333,-1.7155555555555557,2.0,6.9387105317920215,16.025,32.05,1.0,0.0,0.06666666666666667,0.0,0.0,-0.06833333333333348,1.0,0.0,6.0,13.441666666666668,1.0,11.95,0.0,0.0,5.0,18.1,1.0,5.2,1.0,0.0,0.0,0.0,2.0,31.4,1.0,0.0,0.0,0.0,2.0,26.325
emergency_response_seed1,emergency_response,1,156.25,171.25,35.0,8.995961295134173,4.35,7.0,17.75,0.0,0.0,0.0,0.0,0.0,2.0,0.0,0.06666666666666667,0.0,0.0,4.0,2.9992911322342635,9.225,27.45,3.0,0.0,0.06666666666666667,0.0,0.13333333333333333,0.3383333333333333,1.0,9.507069315039793,0.0,0.0,0.0,0.0,0.06666666666666667,0.0,0.0,0.0,1.0,12.40746702796658,0.0,0.0,0.0,2.0,0.06666666666666667,0.0,0.0,0.0,5.0,4.193510269552731,9.13,25.35,2.0,0.0,0.13333333333333333,0.0,0.0,0.260888888888889,1.0,15.73766584623605,0.0,0.0,0.0,0.0,0.06666666666666667,0.0,0.0,0.0,0.0,0.0,0.0,0.0,0.0,2.0,0.0,0.06666666666666667,0.0,0.0,1.0,16.311198143517704,0.0,0.0,0.0,2.0,0.06666666666666667,0.4666666666666667,-0.26666666666666666,-1.1804761904761907,2.0,0.3137171320546756,18.325,36.65,1.0,0.0,0.0,0.0,0.0,0.5,0.0,0.0,0.0,0.0,0.0,2.0,0.0,0.06666666666666667,0.0,0.0,1.0,16.105453914053996,0.0,0.0,0.0,2.0,0.06666666666666667,0.4,-0.3333333333333333,-1.771111111111111,2.0,6.917026079753996,16.525,33.05,1.0,0.0,0.06666666666666667,0.0,0.0,-0.10166666666666681,1.0,0.0,6.0,14.108333333333334,1.0,12.95,0.0,0.0,5.0,18.9,1.0,6.2,1.0,0.0,0.0,0.0,2.0,32.4,1.0,0.0,0.0,0.0,2.0,27.325
emergency_response_seed1,emergency_response,1,159.25,174.25,35.0,8.692871917163998,5.075714285714286,10.0,14.75,0.0,0.0,0.0,0.0,0.0,2.0,0.0,0.06666666666666667,0.0,0.0,4.0,2.995406498202823,11.475,30.45,3.0,0.0,0.06666666666666667,0.0,0.13333333333333333,0.4216666666666667,1.0,0.0,0.95,0.95,1.0,0.0,0.0,0.0,0.06666666666666667,0.06333333333333332,0.0,0.0,0.0,0.0,0.0,2.0,0.0,0.06666666666666667,0.0,0.0,5.0,5.4259142159911145,10.790000000000001,28.35,3.0,0.0,0.13333333333333333,0.0,0.06666666666666667,0.23822222222222234,1.0,15.781859011992813,0.0,0.0,0.0,0.0,0.06666666666666667,0.0,0.0,0.0,0.0,0.0,0.0,0.0,0.0,2.0,0.0,0.06666666666666667,0.0,0.0,1.0,16.25308165756065,0.0,0.0,0.0,2.0,0.06666666666666667,0.4666666666666667,-0.2,-0.6928571428571428,2.0,0.01617308672395142,20.4,39.65,2.0,0.0,0.0,0.0,0.06666666666666667,0.5383333333333333,0.0,0.0,0.0,0.0,0.0,2.0,0.0,0.06666666666666667,0.0,0.0,1.0,13.778023066370801,0.0,0.0,0.0,2.0,0.06666666666666667,0.4666666666666667,-0.26666666666666666,-1.09,2.0,3.242629769343323,18.025,36.05,1.0,0.0,0.0,0.0,0.0,0.4999999999999999,1.0,0.0,6.0,16.108333333333334,2.0,7.975,1.0,0.0,5.0,21.75,1.0,9.2,0.0,0.0,1.0,0.0,3.0,23.599999999999998,1.0,0.0,0.0,0.0,2.0,30.325
emergency_response_seed1,emergency_response,1,167.25,182.25,34.0,6.736544941115862,7.735294117647059,13.0,6.75,1.0,13.868491043683608,0.0,0.0,0.0,2.0,0.06666666666666667,0.0,0.0,0.0,5.0,0.5245620694281787,13.98,38.45,3.0,0.0,0.06666666666666667,0.0,0.06666666666666667,0.507,1.0,0.0,8.95,8.95,1.0,0.0,0.0,0.0,0.06666666666666667,0.5966666666666666,0.0,0.0,0.0,0.0,0.0,2.0,0.0,0.06666666666666667,0.0,0.0,5.0,1.5838131204856523,15.7,36.35,4.0,0.0,0.06666666666666667,0.0,0.13333333333333333,0.4191666666666665,1.0,0.0,2.2,2.2,1.0,0.0,0.06666666666666667,0.0,0.06666666666666667,0.14666666666666667,1.0,13.270943432968798,0.0,0.0,0.0,2.0,0.06666666666666667,0.0,0.0,0.0,0.0,0.0,0.0,0.0,0.0,2.0,0.0,0.13333333333333333,0.0,0.0,2.0,4.975761748846754e-06,28.4,47.65,2.0,0.0,0.0,0.0,0.06666666666666667,0.8049999999999999,1.0,11.971485967808404,0.0,0.0,0.0,2.0,0.06666666666666667,0.0,0.0,0.0,1.0,13.808974949491962,0.0,0.0,0.0,2.0,0.06666666666666667,0.13333333333333333,0.0,0.0,2.0,0.003758084742297259,23.325,44.05,2.0,0.0,0.0,0.0,0.06666666666666667,0.5866666666666666,0.0,0.0,6.0,21.441666666666666,2.0,11.975,1.0,0.0,7.0,21.25,1.0,17.2,0.0,0.0,2.0,0.0,1.0,0.0,1.0,0.0,2.0,0.0,1.0,0.0
emergency_response_seed1,emergency_response,1,168.25,183.25,32.0,6.061847784894395,8.625,13.0,5.75,1.0,13.879292693268509,0.0,0.0,0.0,2.0,0.06666666666666667,0.0,0.0,0.0,6.0,1.0174865379702243,12.15,39.45,3.0,0.0,0.13333333333333333,0.0,0.0,0.34500000000000003,1.0,0.0,9.95,9.95,1.0,0.0,0.0,0.0,0.06666666666666667,0.6633333333333333,0.0,0.0,0.0,0.0,0.0,2.0,0.0,0.06666666666666667,0.0,0.0,5.0,0.9293087769170174,16.5,37.35,4.0,0.0,0.06666666666666667,0.0,0.13333333333333333,0.4391666666666666,1.0,0.0,3.2,3.2,1.0,0.0,0.0,0.0,0.06666666666666667,0.21333333333333335,1.0,13.249044905667416,0.0,0.0,0.0,2.0,0.06666666666666667,0.0,0.0,0.0,0.0,0.0,0.0,0.0,0.0,2.0,0.0,0.13333333333333333,0.0,0.0,2.0,0.0,29.4,48.65,2.0,0.0,0.0,0.0,0.06666666666666667,0.8383333333333333,1.0,11.983563334972132,0.0,0.0,0.0,2.0,0.06666666666666667,0.0,0.0,0.0,1.0,13.772563665644551,0.0,0.0,0.0,2.0,0.06666666666666667,0.13333333333333333,0.0,0.0,2.0,0.0013735296834999752,24.325,45.05,2.0,0.0,0.0,0.0,0.06666666666666667,0.6199999999999999,0.0,0.0,6.0,22.108333333333334,2.0,12.475,1.0,0.0,7.0,21.964285714285715,2.0,9.1,0.0,0.0,2.0,0.0,1.0,0.0,1.0,0.6,2.0,0.0,1.0,0.0
emergency_response_seed1,emergency_response,1,169.25,184.25,31.0,5.859770027135211,9.346774193548388,14.0,4.75,1.0,13.832290881231893,0.0,0.0,0.0,2.0,0.06666666666666667,0.0,0.0,0.0,6.0,1.7053150587216421,12.775,40.45,4.0,0.0,0.13333333333333333,0.0,0.06666666666666667,0.3366666666666667,1.0,0.0,10.95,10.95,1.0,0.0,0.0,0.0,0.06666666666666667,0.73,0.0,0.0,0.0,0.0,0.0,2.0,0.0,0.06666666666666667,0.0,0.0,5.0,0.44034531931668336,17.3,38.35,4.0,0.0,0.06666666666666667,0.0,0.13333333333333333,0.4591666666666666,1.0,0.0,4.2,4.2,1.0,0.0,0.0,0.0,0.06666666666666667,0.28,1.0,13.269688580919047,0.0,0.0,0.0,2.0,0.06666666666666667,0.0,0.0,0.0,0.0,0.0,0.0,0.0,0.0,2.0,0.0,0.13333333333333333,0.0,0.0,2.0,0.0,30.4,49.65,2.0,0.0,0.0,0.0,0.06666666666666667,0.8716666666666666,1.0,11.986196486880072,0.0,0.0,0.0,2.0,0.06666666666666667,0.0,0.0,0.0,1.0,13.806700341513201,0.0,0.0,0.0,2.0,0.06666666666666667,0.06666666666666667,0.0,0.0,2.0,0.0004930209852477465,25.325,46.05,2.0,0.0,0.0,0.0,0.06666666666666667,0.6533333333333332,0.0,0.0,6.0,22.775000000000002,2.0,12.975,1.0,0.0,7.0,22.678571428571427,2.0,9.6,0.0,0.0,2.0,0.0,1.0,0.0,1.0,1.6,2.0,0.0,1.0,0.0
emergency_response_seed1,emergency_response,1,170.25,185.25,30.0,5.751228749022809,10.125,14.0,3.75,1.0,13.888104154369794,0.0,0.0,0.0,2.0,0.06666666666666667,0.0,0.0,0.0,6.0,2.3894601654542154,13.441666666666668,41.45,4.0,0.0,0.13333333333333333,0.0,0.06666666666666667,0.33111111111111124,1.0,0.0,11.95,11.95,1.0,0.0,0.0,0.0,0.06666666666666667,0.7966666666666666,0.0,0.0,0.0,0.0,0.0,2.0,0.0,0.06666666666666667,0.0,0.0,5.0,0.17028432260768508,18.1,39.35,4.0,0.0,0.06666666666666667,0.0,0.13333333333333333,0.4791666666666667,1.0,0.0,5.2,5.2,1.0,0.0,0.0,0.0,0.06666666666666667,0.3466666666666667,1.0,13.303585620318064,0.0,0.0,0.0,2.0,0.06666666666666667,0.0,0.0,0.0,0.0,0.0,0.0,0.0,0.0,2.0,0.0,0.06666666666666667,0.0,0.0,2.0,0.0,31.4,50.65,2.0,0.0,0.0,0.0,0.06666666666666667,0.9049999999999999,1.0,11.995067842018324,0.0,0.0,0.0,2.0,0.06666666666666667,0.0,0.0,0.0,0.0,0.0,0.0,0.0,0.0,2.0,0.0,0.06666666666666667,0.0,0.0,2.0,0.0001831307469857723,26.325,47.05,2.0,0.0,0.0,0.0,0.06666666666666667,0.6866666666666668,0.0,0.0,7.0,20.092857142857145,2.0,13.475,1.0,0.0,7.0,23.392857142857142,2.0,10.1,0.0,0.0,2.0,0.0,1.0,0.0,1.0,2.6,2.0,0.0,1.0,0.0
emergency_response_seed1,emergency_response,1,171.25,186.25,30.0,5.867250653759471,10.591666666666667,14.0,2.75,1.0,13.834738412864972,0.0,0.0,0.0,2.0,0.06666666666666667,0.0,0.0,0.0,6.0,3.0834829677689934,14.108333333333334,42.45,4.0,0.0,0.13333333333333333,0.0,0.06666666666666667,0.32555555555555565,1.0,0.0,12.95,12.95,1.0,0.0,0.0,0.0,0.06666666666666667,0.8633333333333333,0.0,0.0,0.0,0.0,0.0,2.0,0.0,0.06666666666666667,0.0,0.0,5.0,0.05315551596654041,18.9,40.35,4.0,0.0,0.0,0.0,0.13333333333333333,0.6513333333333332,1.0,0.0,6.2,6.2,1.0,0.0,0.0,0.0,0.06666666666666667,0.41333333333333333,1.0,13.24706091948714,0.0,0.0,0.0,2.0,0.06666666666666667,0.0,0.0,0.0,0.0,0.0,0.0,0.0,0.0,2.0,0.0,0.06666666666666667,0.0,0.0,2.0,0.0,32.4,51.65,2.0,0.0,0.0,0.0,0.06666666666666667,0.9383333333333332,1.0,11.971001750864088,0.0,0.0,0.0,2.0,0.06666666666666667,0.0,0.0,0.0,0.0,0.0,0.0,0.0,0.0,2.0,0.0,0.06666666666666667,0.0,0.0,2.0,6.540139190296464e-05,27.325,48.05,2.0,0.0,0.0,0.0,0.06666666666666667,0.7200000000000001,0.0,0.0,7.0,20.728571428571428,2.0,13.975,1.0,0.0,7.0,24.107142857142858,2.0,10.6,0.0,0.0,2.0,0.0,0.0,0.0,1.0,3.6,2.0,0.0,1.0,0.0
emergency_response_seed1,emergency_response,1,173.25,188.25,31.0,5.940467668705698,11.193548387096774,15.0,0.75,1.0,13.850553511382314,0.0,0.0,0.0,2.0,0.06666666666666667,0.0,0.0,0.0,6.0,4.265102142818628,15.441666666666668,44.45,4.0,0.0,0.13333333333333333,0.0,0.06666666666666667,0.3144444444444446,2.0,0.3838817449402071,7.475,14.95,1.0,0.0,0.06666666666666667,0.0,0.06666666666666667,0.4983333333333333,1.0,11.978598166995216,0.0,0.0,0.0,2.0,0.06666666666666667,0.0,0.0,0.0,5.0,0.004117798525497235,20.75,42.35,5.0,0.0,0.0,0.0,0.13333333333333333,0.704,1.0,0.0,8.2,8.2,1.0,0.0,0.0,0.0,0.06666666666666667,0.5466666666666666,1.0,13.178459052269991,0.0,0.0,0.0,2.0,0.06666666666666667,0.0,0.0,0.0,1.0,12.634473654147298,0.0,0.0,0.0,2.0,0.06666666666666667,0.06666666666666667,0.0,0.0,3.0,1.4941753048861353,22.933333333333334,53.65,2.0,0.0,0.06666666666666667,0.0,0.0,0.23555555555555566,1.0,11.982837743412238,0.0,0.0,0.0,2.0,0.06666666666666667,0.0,0.0,0.0,0.0,0.0,0.0,0.0,0.0,2.0,0.0,0.06666666666666667,0.0,0.0,2.0,8.598899021528015e-06,29.325,50.05,2.0,0.0,0.0,0.0,0.06666666666666667,0.7866666666666667,0.0,0.0,7.0,22.157142857142855,2.0,14.975,1.0,0.0,7.0,25.535714285714285,2.0,11.6,0.0,0.0,2.0,0.725,0.0,0.0,1.0,5.6,2.0,0.0,1.0,0.0
emergency_response_seed1,emergency_response,1,178.25,193.25,27.0,5.682378598535525,10.16851851851852,11.0,10.75,0.0,0.0,0.0,0.0,0.0,0.0,0.0,0.06666666666666667,0.0,0.0,6.0,4.141283149862085,18.775000000000002,49.45,4.0,0.0,0.13333333333333333,0.0,0.06666666666666667,0.28666666666666674,2.0,4.6035934333875534,9.975,19.95,1.0,0.0,0.06666666666666667,0.0,0.0,0.33499999999999996,1.0,11.996161037846468,0.0,0.0,0.0,0.0,0.06666666666666667,0.0,0.0,0.0,6.0,1.1535446125783226,21.458333333333332,47.35,5.0,0.0,0.06666666666666667,0.0,0.13333333333333333,0.5512222222222221,1.0,0.0,13.2,13.2,1.0,0.0,0.0,0.0,0.06666666666666667,0.88,0.0,0.0,0.0,0.0,0.0,0.0,0.0,0.06666666666666667,0.0,0.0,2.0,12.595498503370386,0.0,0.0,0.0,0.0,0.13333333333333333,0.06666666666666667,0.0,0.0,2.0,7.98733664556631,0.0,0.0,0.0,2.0,0.06666666666666667,0.06666666666666667,-0.13333333333333333,-1.6266666666666665,1.0,11.991890773647464,0.0,0.0,0.0,0.0,0.06666666666666667,0.0,0.0,0.0,0.0,0.0,0.0,0.0,0.0,0.0,0.0,0.06666666666666667,0.0,0.0,1.0,1.5969695229048435,0.0,0.0,0.0,2.0,0.0,0.06666666666666667,-0.06666666666666667,-1.335,1.0,0.0,6.0,2.0416666666666665,2.0,17.475,0.0,0.0,6.0,3.5416666666666665,2.0,14.1,1.0,0.0,2.0,3.325,0.0,0.0,0.0,0.0,2.0,0.6,1.0,0.0
emergency_response_seed1,emergency_response,1,179.25,194.25,27.0,6.07479164563265,10.575925925925926,11.0,9.75,0.0,0.0,0.0,0.0,0.0,0.0,0.0,0.06666666666666667,0.0,0.0,6.0,3.5999194739483227,19.441666666666666,50.45,4.0,0.0,0.13333333333333333,0.0,0.06666666666666667,0.281111111111111,2.0,5.455903244974299,10.475,20.95,1.0,0.0,0.06666666666666667,0.0,0.0,0.30166666666666664,1.0,11.99253685485106,0.0,0.0,0.0,0.0,0.06666666666666667,0.0,0.0,0.0,6.0,1.4912358697703099,22.291666666666668,48.35,5.0,0.0,0.06666666666666667,0.0,0.13333333333333333,0.5667777777777778,1.0,0.0,14.2,14.2,1.0,0.0,0.0,0.0,0.06666666666666667,0.9466666666666667,0.0,0.0,0.0,0.0,0.0,0.0,0.0,0.06666666666666667,0.0,0.0,2.0,12.600933181939123,0.0,0.0,0.0,0.0,0.13333333333333333,0.0,0.0,0.0,2.0,9.5954180932798,0.0,0.0,0.0,2.0,0.06666666666666667,0.06666666666666667,-0.13333333333333333,-1.6933333333333331,1.0,11.971036573781166,0.0,0.0,0.0,0.0,0.06666666666666667,0.0,0.0,0.0,0.0,0.0,0.0,0.0,0.0,0.0,0.0,0.06666666666666667,0.0,0.0,1.0,3.526901247294077,0.0,0.0,0.0,2.0,0.0,0.06666666666666667,-0.06666666666666667,-1.3683333333333332,1.0,0.0,7.0,0.0,2.0,17.975,0.0,0.0,6.0,0.0,2.0,14.6,1.0,0.0,2.0,4.325,0.0,0.0,0.0,0.0,2.0,1.1,1.0,0.0
emergency_response_seed1,emergency_response,1,180.25,195.25,30.0,6.323153676397278,9.885,11.0,8.75,0.0,0.0,0.0,0.0,0.0,0.0,0.0,0.06666666666666667,0.0,0.0,6.0,2.9302926282128943,20.108333333333334,51.45,4.0,0.0,0.13333333333333333,0.0,0.06666666666666667,0.2755555555555555,2.0,5.515085276443239,10.975,21.95,1.0,0.0,0.06666666666666667,0.0,0.0,0.2683333333333333,1.0,11.990535632951651,0.0,0.0,0.0,0.0,0.06666666666666667,0.0,0.0,0.0,7.0,1.9151490809912328,19.821428571428573,49.35,5.0,0.0,0.13333333333333333,0.0,0.13333333333333333,0.36209523809523814,1.0,0.0,15.2,15.2,1.0,0.0,0.0,0.0,0.0,1.0,0.0,0.0,0.0,0.0,0.0,0.0,0.0,0.06666666666666667,0.0,0.0,2.0,12.620213021542003,0.0,0.0,0.0,0.0,0.13333333333333333,0.0,0.0,0.0,2.0,10.54231820801907,0.0,0.0,0.0,2.0,0.06666666666666667,0.06666666666666667,-0.13333333333333333,-1.76,1.0,9.767851046663056,0.0,0.0,0.0,0.0,0.06666666666666667,0.0,0.0,0.0,1.0,14.24170125545189,0.0,0.0,0.0,0.0,0.06666666666666667,0.06666666666666667,0.0,0.0,2.0,5.402196536504702,0.0,0.0,0.0,2.0,0.06666666666666667,0.06666666666666667,-0.13333333333333333,-1.4216666666666666,1.0,0.0,6.0,0.0,2.0,18.475,0.0,0.0,6.0,0.0,2.0,15.1,1.0,0.0,2.0,5.324999999999999,0.0,0.0,0.0,0.0,2.0,1.6,1.0,0.0
emergency_response_seed1,emergency_response,1,181.25,196.25,31.0,6.891044305947445,9.920967741935485,11.0,7.75,0.0,0.0,0.0,0.0,0.0,0.0,0.0,0.06666666666666667,0.0,0.0,6.0,2.122427209069707,20.775000000000002,52.45,4.0,0.0,0.06666666666666667,0.0,0.06666666666666667,0.4930000000000001,2.0,5.515602459779435,11.475,22.95,1.0,0.0,0.06666666666666667,0.0,0.0,0.23499999999999996,1.0,11.970489693987183,0.0,0.0,0.0,0.0,0.06666666666666667,0.0,0.0,0.0,7.0,2.62980291500631,20.535714285714285,50.35,5.0,0.0,0.13333333333333333,0.0,0.13333333333333333,0.3697142857142856,1.0,0.0,16.2,16.2,1.0,0.0,0.0,0.0,0.0,1.0,0.0,0.0,0.0,0.0,0.0,0.0,0.0,0.06666666666666667,0.0,0.0,2.0,12.590043023534527,0.0,0.0,0.0,0.0,0.13333333333333333,0.0,0.0,0.0,1.0,15.77831188802275,0.0,0.0,0.0,2.0,0.06666666666666667,0.13333333333333333,-0.13333333333333333,-1.8266666666666667,1.0,5.7682045388534995,0.0,0.0,0.0,0.0,0.06666666666666667,0.0,0.0,0.0,2.0,16.189612874700913,0.0,0.0,0.0,0.0,0.13333333333333333,0.06666666666666667,0.0,0.0,1.0,7.3271861328987065,0.0,0.0,0.0,2.0,0.06666666666666667,0.13333333333333333,-0.13333333333333333,-1.4883333333333333,1.0,0.0,5.0,0.0,2.0,18.975,0.0,0.0,6.0,0.0,2.0,15.6,1.0,0.0,2.0,6.324999999999999,0.0,0.0,0.0,0.0,2.0,2.1,1.0,0.8
emergency_response_seed1,emergency_response,1,182.25,197.25,31.0,7.0281487372729865,10.275806451612903,11.0,6.75,0.0,0.0,0.0,0.0,0.0,0.0,0.0,0.06666666666666667,0.0,0.0,6.0,1.4540600361420368,21.441666666666666,53.45,4.0,0.0,0.06666666666666667,0.0,0.06666666666666667,0.4974444444444444,2.0,5.510638796825622,11.975,23.95,1.0,0.0,0.06666666666666667,0.0,0.0,0.2016666666666667,1.0,11.987894841204398,0.0,0.0,0.0,0.0,0.06666666666666667,0.0,0.0,0.0,7.0,2.95413345409943,21.25,51.35,5.0,0.0,0.13333333333333333,0.0,0.06666666666666667,0.37000000000000005,1.0,0.0,17.2,17.2,1.0,0.0,0.0,0.0,0.0,1.0,0.0,0.0,0.0,0.0,0.0,0.0,0.0,0.06666666666666667,0.0,0.0,2.0,12.58130759298528,0.0,0.0,0.0,0.0,0.13333333333333333,0.0,0.0,0.0,1.0,15.712608160732717,0.0,0.0,0.0,2.0,0.06666666666666667,0.13333333333333333,-0.13333333333333333,-1.8933333333333333,1.0,1.7682045388534964,0.0,0.0,0.0,0.0,0.0,0.0,0.0,0.0,2.0,16.196297872313735,0.0,0.0,0.0,0.0,0.13333333333333333,0.06666666666666667,0.0,0.0,1.0,9.32549229772987,0.0,0.0,0.0,2.0,0.06666666666666667,0.13333333333333333,-0.13333333333333333,-1.555,1.0,0.0,5.0,0.0,2.0,19.575000000000003,0.0,0.0,5.0,0.0,2.0,16.1,1.0,0.0,3.0,4.883333333333333,0.0,0.0,0.0,0.0,2.0,2.95,1.0,1.8
emergency_response_seed1,emergency_response,1,183.25,198.25,32.0,6.940818214161839,10.3171875,12.0,5.75,0.0,0.0,0.0,0.0,0.0,0.0,0.0,0.06666666666666667,0.0,0.0,6.0,0.9292912394696605,22.108333333333334,54.45,4.0,0.0,0.0,0.0,0.06666666666666667,0.663888888888889,2.0,5.522267664747739,12.475,24.95,1.0,0.0,0.06666666666666667,0.0,0.0,0.16833333333333336,1.0,11.9800346087222,0.0,0.0,0.0,0.0,0.06666666666666667,0.0,0.0,0.0,7.0,3.3065682525912012,21.964285714285715,52.35,5.0,0.0,0.13333333333333333,0.0,0.06666666666666667,0.3642857142857144,2.0,0.14678447445983075,9.1,18.2,1.0,0.0,0.06666666666666667,0.0,0.0,0.3933333333333333,0.0,0.0,0.0,0.0,0.0,0.0,0.0,0.06666666666666667,0.0,0.0,2.0,12.594119240401138,0.0,0.0,0.0,0.0,0.13333333333333333,0.0,0.0,0.0,1.0,15.780506313926013,0.0,0.0,0.0,2.0,0.06666666666666667,0.13333333333333333,-0.13333333333333333,-1.96,1.0,0.0,0.6,0.6,1.0,0.0,0.0,0.0,0.06666666666666667,0.04,2.0,16.183642897943237,0.0,0.0,0.0,0.0,0.13333333333333333,0.06666666666666667,0.0,0.0,1.0,11.338750578140546,0.0,0.0,0.0,2.0,0.06666666666666667,0.13333333333333333,-0.13333333333333333,-1.6216666666666666,1.0,0.0,4.0,0.0,2.0,20.575000000000003,0.0,0.0,4.0,0.0,2.0,16.6,1.0,0.0,3.0,5.55,0.0,0.0,0.0,0.0,2.0,3.95,1.0,2.8
emergency_response_seed1,emergency_response,1,184.25,199.25,32.0,7.074418509998801,10.6921875,12.0,4.75,0.0,0.0,0.0,0.0,0.0,0.0,0.0,0.06666666666666667,0.0,0.0,6.0,0.5364926052238997,22.775000000000002,55.45,4.0,0.0,0.0,0.0,0.0,0.6666666666666667,2.0,5.522073762078032,12.975,25.95,1.0,0.0,0.06666666666666667,0.0,0.0,0.13500000000000004,1.0,11.972290043835528,0.0,0.0,0.0,0.0,0.06666666666666667,0.0,0.0,0.0,7.0,3.651943045786951,22.678571428571427,53.35,5.0,0.0,0.13333333333333333,0.0,0.06666666666666667,0.35857142857142843,2.0,1.0408890114669025,9.6,19.2,1.0,0.0,0.06666666666666667,0.0,0.0,0.36,0.0,0.0,0.0,0.0,0.0,0.0,0.0,0.06666666666666667,0.0,0.0,2.0,12.090316255841332,0.0,0.0,0.0,0.0,0.13333333333333333,0.0,0.0,0.0,1.0,15.811649354273857,0.0,0.0,0.0,2.0,0.06666666666666667,0.13333333333333333,-0.13333333333333333,-2.0266666666666664,1.0,0.0,1.6,1.6,1.0,0.0,0.0,0.0,0.06666666666666667,0.10666666666666667,2.0,16.227873198326765,0.0,0.0,0.0,0.0,0.13333333333333333,0.06666666666666667,0.0,0.0,1.0,13.298186396388294,0.0,0.0,0.0,2.0,0.06666666666666667,0.13333333333333333,-0.13333333333333333,-1.6883333333333332,1.0,0.0,3.0,0.0,2.0,21.575000000000003,0.0,0.0,3.0,0.0,2.0,17.1,1.0,0.0,3.0,6.216666666666666,0.0,0.0,0.0,0.0,2.0,4.95,1.0,3.8
emergency_response_seed1,emergency_response,1,185.25,200.25,33.0,6.873240518507743,10.73181818181818,12.0,3.75,0.0,0.0,0.0,0.0,0.0,0.0,0.0,0.06666666666666667,0.0,0.0,7.0,0.4833896136173977,20.092857142857145,56.45,4.0,0.0,0.06666666666666667,0.0,0.0,0.4434126984126985,2.0,5.510851980373224,13.475,26.95,1.0,0.0,0.06666666666666667,0.0,0.0,0.1016666666666667,1.0,11.988890240660403,0.0,0.0,0.0,0.0,0.06666666666666667,0.0,0.0,0.0,7.0,3.97077526619369,23.392857142857142,54.35,5.0,0.0,0.13333333333333333,0.0,0.06666666666666667,0.3528571428571427,2.0,1.8984328368553234,10.1,20.2,1.0,0.0,0.06666666666666667,0.0,0.0,0.3266666666666666,0.0,0.0,0.0,0.0,0.0,0.0,0.0,0.06666666666666667,0.0,0.0,2.0,9.857040834291865,0.0,0.0,0.0,0.0,0.13333333333333333,0.0,0.0,0.0,1.0,15.766630848678233,0.0,0.0,0.0,2.0,0.06666666666666667,0.13333333333333333,-0.13333333333333333,-2.0933333333333333,1.0,0.0,2.6,2.6,1.0,0.0,0.0,0.0,0.06666666666666667,0.17333333333333334,2.0,16.17115792632368,0.0,0.0,0.0,0.0,0.13333333333333333,0.0,0.0,0.0,1.0,13.858404119110201,0.0,0.0,0.0,2.0,0.06666666666666667,0.13333333333333333,-0.13333333333333333,-1.755,1.0,0.0,3.0,0.0,2.0,22.575000000000003,0.0,0.0,2.0,0.0,2.0,17.6,1.0,0.0,3.0,6.883333333333333,0.0,0.0,1.0,0.0,2.0,5.949999999999999,1.0,4.8
emergency_response_seed1,emergency_response,1,186.25,201.25,32.0,6.5416075194057886,11.45625,13.0,2.75,0.0,0.0,0.0,0.0,0.0,0.0,0.0,0.06666666666666667,0.0,0.0,7.0,0.6314996339125284,20.728571428571428,57.45,5.0,0.0,0.06666666666666667,0.0,0.06666666666666667,0.4413492063492062,2.0,5.514581863620512,13.975,27.95,1.0,0.0,0.06666666666666667,0.0,0.0,0.06833333333333336,1.0,10.16491165675916,0.0,0.0,0.0,0.0,0.06666666666666667,0.0,0.0,0.0,7.0,4.296972977480176,24.107142857142858,55.35,5.0,0.0,0.13333333333333333,0.0,0.06666666666666667,0.34714285714285725,2.0,2.7331970938414107,10.6,21.2,1.0,0.0,0.06666666666666667,0.0,0.0,0.2933333333333333,0.0,0.0,0.0,0.0,0.0,0.0,0.0,0.06666666666666667,0.0,0.0,2.0,6.596005549131781,0.0,0.0,0.0,0.0,0.13333333333333333,0.0,0.0,0.0,0.0,0.0,0.0,0.0,0.0,2.0,0.0,0.13333333333333333,-0.13333333333333333,-2.1599999999999997,1.0,0.0,3.6,3.6,1.0,0.0,0.0,0.0,0.06666666666666667,0.24000000000000002,2.0,16.215653622271347,0.0,0.0,0.0,0.0,0.13333333333333333,0.0,0.0,0.0,1.0,13.837945595853963,0.0,0.0,0.0,2.0,0.06666666666666667,0.13333333333333333,-0.13333333333333333,-1.8216666666666665,1.0,0.0,2.0,0.0,2.0,23.575000000000003,0.0,0.0,1.0,0.0,2.0,18.1,1.0,0.0,3.0,7.55,0.0,0.0,1.0,0.0,2.0,6.949999999999999,1.0,5.8
emergency_response_seed1,emergency_response,1,187.25,202.25,32.0,6.371298255148247,11.8765625,14.0,1.75,0.0,0.0,0.0,0.0,0.0,0.0,0.0,0.06666666666666667,0.0,0.0,7.0,0.8421431339446478,21.442857142857143,58.45,5.0,0.0,0.06666666666666667,0.0,0.06666666666666667,0.4445238095238095,2.0,5.511819034481848,14.475,28.95,1.0,0.0,0.06666666666666667,0.0,0.0,0.035000000000000024,1.0,6.166003499169243,0.0,0.0,0.0,0.0,0.06666666666666667,0.0,0.0,0.0,7.0,4.399473133981581,24.821428571428573,56.35,5.0,0.0,0.13333333333333333,0.0,0.0,0.33809523809523817,2.0,3.6079400241691824,11.1,22.2,1.0,0.0,0.06666666666666667,0.0,0.0,0.25999999999999995,0.0,0.0,0.0,0.0,0.0,0.0,0.0,0.06666666666666667,0.0,0.0,2.0,3.764930915984526,0.225,0.45,1.0,0.0,0.06666666666666667,0.0,0.06666666666666667,0.015000000000000001,0.0,0.0,0.0,0.0,0.0,2.0,0.0,0.2,-0.13333333333333333,-1.4844444444444445,1.0,0.0,4.6,4.6,1.0,0.0,0.0,0.0,0.06666666666666667,0.30666666666666664,2.0,16.21788567641107,0.0,0.0,0.0,0.0,0.13333333333333333,0.0,0.0,0.0,1.0,13.835718755883864,0.0,0.0,0.0,2.0,0.06666666666666667,0.13333333333333333,-0.13333333333333333,-1.8883333333333332,1.0,0.0,1.0,0.0,3.0,16.383333333333336,1.0,0.0,1.0,0.0,2.0,18.6,1.0,0.0,3.0,8.216666666666667,0.0,0.0,1.0,0.0,2.0,7.949999999999999,1.0,6.8
emergency_response_seed1,emergency_response,1,188.25,203.25,32.0,6.15856207458031,12.3140625,14.0,0.75,0.0,0.0,0.0,0.0,0.0,0.0,0.0,0.06666666666666667,0.0,0.0,7.0,1.0938520304100334,22.157142857142855,59.45,5.0,0.0,0.06666666666666667,0.0,0.06666666666666667,0.44769841269841243,2.0,5.518857723099606,14.975,29.95,1.0,0.0,0.0,0.0,0.0,0.5,1.0,2.166003499169239,0.0,0.0,0.0,0.0,0.0,0.0,0.0,0.0,7.0,3.848403394740644,25.535714285714285,57.35,5.0,0.0,0.13333333333333333,0.0,0.0,0.31904761904761897,2.0,4.490022821327688,11.6,23.2,1.0,0.0,0.06666666666666667,0.0,0.0,0.22666666666666668,0.0,0.0,0.0,0.0,0.0,0.0,0.0,0.06666666666666667,0.0,0.0,2.0,2.4536907903283938,0.725,1.45,1.0,0.0,0.06666666666666667,0.0,0.06666666666666667,0.04833333333333333,0.0,0.0,0.0,0.0,0.0,2.0,0.0,0.2,-0.13333333333333333,-1.528888888888889,1.0,0.0,5.6,5.6,1.0,0.0,0.0,0.0,0.06666666666666667,0.3733333333333333,2.0,16.203126724550472,0.0,0.0,0.0,0.0,0.13333333333333333,0.0,0.0,0.0,1.0,13.881727335371544,0.0,0.0,0.0,2.0,0.06666666666666667,0.13333333333333333,-0.13333333333333333,-1.9549999999999998,0.0,0.0,2.0,0.0,3.0,17.05,1.0,0.0,1.0,0.0,2.0,19.1,1.0,0.0,3.0,8.883333333333333,0.0,0.0,1.0,0.0,3.0,5.966666666666666,1.0,7.8
emergency_response_seed1,emergency_response,1,193.25,208.25,32.0,4.651898744780112,3.265625,8.0,28.75,1.0,13.278464699702694,0.0,0.0,0.0,2.0,0.06666666666666667,0.0,0.0,0.0,6.0,2.9097965093802203,2.0416666666666665,7.45,2.0,2.0,0.06666666666666667,0.06666666666666667,-0.13333333333333333,-1.1155555555555556,2.0,0.7710270243040316,17.475,34.95,1.0,0.0,0.0,0.0,0.0,0.5000000000000001,0.0,0.0,0.0,0.0,0.0,2.0,0.0,0.06666666666666667,0.0,0.0,6.0,0.7807652872160843,3.5416666666666665,21.25,1.0,2.0,0.06666666666666667,0.06666666666666667,-0.26666666666666666,-1.1944444444444442,2.0,5.991837090313202,14.1,28.2,1.0,0.0,0.06666666666666667,0.0,0.0,0.060000000000000026,1.0,14.419060291510075,0.0,0.0,0.0,2.0,0.06666666666666667,0.0,0.0,0.0,2.0,0.04163391510521304,3.325,6.45,2.0,0.0,0.0,0.0,0.13333333333333333,0.22166666666666668,0.0,0.0,0.0,0.0,0.0,0.0,0.0,0.13333333333333333,0.0,0.0,0.0,0.0,0.0,0.0,0.0,2.0,0.0,0.06666666666666667,0.0,0.0,2.0,1.645699244591493,0.6,1.2,1.0,0.0,0.13333333333333333,0.0,0.06666666666666667,0.04,1.0,10.14967109324419,0.0,0.0,0.0,0.0,0.06666666666666667,0.06666666666666667,0.0,0.0,0.0,0.0,2.0,0.0,3.0,20.383333333333336,1.0,0.0,1.0,0.0,2.0,22.450000000000003,0.0,0.0,4.0,9.1625,1.0,0.0,1.0,0.0,3.0,9.299999999999999,1.0,12.8
emergency_response_seed1,emergency_response,1,194.25,209.25,33.0,5.034411085433984,2.303030303030303,5.0,27.75,1.0,13.289543456083287,0.0,0.0,0.0,2.0,0.06666666666666667,0.0,0.0,0.0,7.0,3.9872546879953257,0.0,0.0,0.0,2.0,0.13333333333333333,0.06666666666666667,-0.26666666666666666,-1.296111111111111,2.0,0.40143490057583786,17.975,35.95,1.0,0.0,0.0,0.0,0.0,0.5000000000000001,0.0,0.0,0.0,0.0,0.0,2.0,0.0,0.06666666666666667,0.0,0.0,6.0,1.499911476070161,0.0,0.0,0.0,2.0,0.06666666666666667,0.06666666666666667,-0.3333333333333333,-1.4861111111111112,2.0,5.990605389283737,14.6,29.2,1.0,0.0,0.06666666666666667,0.0,0.0,0.02666666666666669,1.0,16.572426458731293,0.0,0.0,0.0,2.0,0.06666666666666667,0.0,0.0,0.0,2.0,0.015046007550439435,4.325,7.45,2.0,0.0,0.0,0.0,0.13333333333333333,0.28833333333333333,0.0,0.0,0.0,0.0,0.0,0.0,0.0,0.13333333333333333,0.0,0.0,0.0,0.0,0.0,0.0,0.0,2.0,0.0,0.06666666666666667,0.0,0.0,2.0,0.7331179089217223,1.1,2.2,1.0,0.0,0.13333333333333333,0.0,0.06666666666666667,0.07333333333333333,1.0,5.649671093244198,0.0,0.0,0.0,0.0,0.06666666666666667,0.06666666666666667,0.0,0.0,0.0,0.0,1.0,0.0,3.0,21.05,1.0,0.0,1.0,0.0,2.0,23.450000000000003,0.0,0.0,4.0,9.6625,1.0,0.0,1.0,0.0,3.0,9.966666666666667,1.0,13.8
emergency_response_seed1,emergency_response,1,195.25,210.25,34.0,5.550783251350858,2.3823529411764706,5.0,26.75,1.0,13.30941884030088,0.0,0.0,0.0,2.0,0.06666666666666667,0.0,0.0,0.0,6.0,5.314056478850496,0.0,0.0,0.0,2.0,0.13333333333333333,0.13333333333333333,-0.26666666666666666,-1.3405555555555557,2.0,0.19687073136153393,18.475,36.95,1.0,0.0,0.0,0.0,0.0,0.5000000000000001,0.0,0.0,0.0,0.0,0.0,2.0,0.0,0.06666666666666667,0.0,0.0,6.0,2.38202344690321,0.0,0.0,0.0,2.0,0.06666666666666667,0.13333333333333333,-0.3333333333333333,-1.3214285714285716,2.0,5.989946666839533,15.1,30.2,1.0,0.0,0.06666666666666667,0.0,0.0,-0.006666666666666643,1.0,16.633392444536092,0.0,0.0,0.0,2.0,0.06666666666666667,0.0,0.0,0.0,2.0,0.005490889981049634,5.324999999999999,8.45,2.0,0.0,0.0,0.0,0.13333333333333333,0.3549999999999999,0.0,0.0,0.0,0.0,0.0,0.0,0.0,0.13333333333333333,0.0,0.0,0.0,0.0,0.0,0.0,0.0,2.0,0.0,0.06666666666666667,0.0,0.0,2.0,0.2559287265787278,1.6,3.2,1.0,0.0,0.06666666666666667,0.0,0.06666666666666667,0.10666666666666667,1.0,1.1512970805570504,0.0,0.0,0.0,0.0,0.0,0.06666666666666667,0.0,0.0,0.0,0.0,1.0,0.0,3.0,21.71666666666667,1.0,0.0,2.0,0.0,2.0,24.450000000000003,0.0,0.0,4.0,10.1625,1.0,0.0,1.0,0.0,3.0,10.633333333333333,1.0,14.8
emergency_response_seed1,emergency_response,1,196.25,211.25,34.0,6.335480985693087,2.552941176470588,6.0,25.75,1.0,13.274217610222642,0.0,0.0,0.0,2.0,0.06666666666666667,0.0,0.0,0.0,5.0,6.445584787196398,0.0,0.0,0.0,2.0,0.13333333333333333,0.2,-0.26666666666666666,-1.3850000000000002,2.0,0.09375898626632577,18.975,37.95,1.0,0.0,0.0,0.0,0.0,0.5000000000000001,0.0,0.0,0.0,0.0,0.0,2.0,0.0,0.06666666666666667,0.0,0.0,6.0,4.017488994294546,0.0,0.0,0.0,2.0,0.06666666666666667,0.13333333333333333,-0.3333333333333333,-1.369047619047619,2.0,5.989387425704626,15.6,31.2,1.0,0.0,0.06666666666666667,0.0,0.0,-0.03999999999999997,1.0,16.654814408387992,0.0,0.0,0.0,2.0,0.06666666666666667,0.0,0.0,0.0,2.0,0.002018789985923951,6.324999999999999,9.45,2.0,0.0,0.0,0.0,0.13333333333333333,0.42166666666666663,0.0,0.0,0.0,0.0,0.0,0.0,0.0,0.06666666666666667,0.0,0.0,0.0,0.0,0.0,0.0,0.0,2.0,0.0,0.06666666666666667,0.0,0.0,2.0,0.0775100273645291,2.1,4.2,1.0,0.0,0.0,0.0,0.06666666666666667,0.14,1.0,0.0,0.8,0.8,1.0,0.0,0.0,0.0,0.06666666666666667,0.05333333333333334,0.0,0.0,1.0,0.0,3.0,22.383333333333336,1.0,0.0,2.0,0.0,2.0,25.450000000000003,0.0,0.0,4.0,10.6625,1.0,0.0,1.0,0.0,3.0,11.299999999999999,1.0,15.8
emergency_response_seed1,emergency_response,1,197.25,212.25,34.0,6.8662296011527575,2.7558823529411764,8.0,24.75,1.0,13.282069316027576,0.0,0.0,0.0,2.0,0.06666666666666667,0.0,0.0,0.0,5.0,7.460091321476922,0.0,0.0,0.0,2.0,0.13333333333333333,0.2,-0.26666666666666666,-1.4294444444444445,2.0,0.04282919873954975,19.575000000000003,38.95,2.0,0.0,0.0,0.0,0.06666666666666667,0.5066666666666669,0.0,0.0,0.0,0.0,0.0,2.0,0.0,0.06666666666666667,0.0,0.0,5.0,5.352989277508316,0.0,0.0,0.0,2.0,0.06666666666666667,0.2,-0.3333333333333333,-1.4166666666666667,2.0,5.986306494745659,16.1,32.2,1.0,0.0,0.06666666666666667,0.0,0.0,-0.0733333333333332,1.0,16.600330506615343,0.0,0.0,0.0,2.0,0.06666666666666667,0.0,0.0,0.0,3.0,0.6382209346888716,4.883333333333333,10.45,2.0,0.0,0.06666666666666667,0.0,0.13333333333333333,0.32555555555555554,0.0,0.0,0.0,0.0,0.0,0.0,0.0,0.06666666666666667,0.0,0.0,0.0,0.0,0.0,0.0,0.0,2.0,0.0,0.06666666666666667,0.0,0.0,2.0,0.021861561771502135,2.95,5.2,2.0,0.0,0.0,0.0,0.13333333333333333,0.19666666666666668,1.0,0.0,1.8,1.8,1.0,0.0,0.0,0.0,0.06666666666666667,0.12000000000000001,0.0,0.0,2.0,0.0,3.0,23.05,1.0,0.0,1.0,0.0,2.0,26.450000000000003,0.0,0.0,4.0,11.1625,1.0,0.0,1.0,0.0,3.0,11.966666666666667,1.0,16.8
emergency_response_seed1,emergency_response,1,198.25,213.25,34.0,7.743383662966151,2.9911764705882353,8.0,23.75,1.0,13.28942213947734,0.0,0.0,0.0,2.0,0.06666666666666667,0.0,0.0,0.0,4.0,8.826210441821726,0.0,0.0,0.0,2.0,0.13333333333333333,0.26666666666666666,-0.26666666666666666,-1.473888888888889,2.0,0.019650879805898885,20.575000000000003,39.95,2.0,0.0,0.0,0.0,0.06666666666666667,0.5400000000000003,0.0,0.0,0.0,0.0,0.0,2.0,0.0,0.06666666666666667,0.0,0.0,4.0,6.762704808884577,0.0,0.0,0.0,2.0,0.06666666666666667,0.26666666666666666,-0.3333333333333333,-1.4642857142857144,2.0,5.056056064875637,16.6,33.2,1.0,0.0,0.0,0.0,0.0,0.5000000000000001,1.0,16.58166783950478,0.0,0.0,0.0,2.0,0.06666666666666667,0.0,0.0,0.0,3.0,1.2757359779682986,5.55,11.45,2.0,0.0,0.06666666666666667,0.0,0.13333333333333333,0.37,0.0,0.0,0.0,0.0,0.0,0.0,0.0,0.06666666666666667,0.0,0.0,0.0,0.0,0.0,0.0,0.0,2.0,0.0,0.06666666666666667,-0.06666666666666667,-0.04,2.0,0.006027671886844944,3.95,6.2,2.0,0.0,0.0,0.0,0.13333333333333333,0.26333333333333336,1.0,0.0,2.8,2.8,1.0,0.0,0.0,0.0,0.06666666666666667,0.18666666666666665,0.0,0.0,2.0,0.0,3.0,23.71666666666667,0.0,0.0,1.0,0.0,2.0,27.450000000000003,0.0,0.0,4.0,11.6625,1.0,0.0,1.0,0.0,3.0,12.633333333333333,1.0,17.8
emergency_response_seed1,emergency_response,1,199.25,214.25,32.0,8.178726135434813,3.428125,8.0,22.75,1.0,13.25780809489161,0.0,0.0,0.0,2.0,0.06666666666666667,0.0,0.0,0.0,3.0,10.234326960436453,0.0,0.0,0.0,2.0,0.13333333333333333,0.3333333333333333,-0.26666666666666666,-1.5183333333333335,2.0,0.008939675297921607,21.575000000000003,40.95,2.0,0.0,0.0,0.0,0.06666666666666667,0.5733333333333336,0.0,0.0,0.0,0.0,0.0,2.0,0.0,0.06666666666666667,0.0,0.0,3.0,8.354582270928502,0.0,0.0,0.0,2.0,0.06666666666666667,0.3333333333333333,-0.3333333333333333,-1.5119047619047619,2.0,3.7758878053713585,17.1,34.2,1.0,0.0,0.0,0.0,0.0,0.5000000000000001,1.0,16.654200601860882,0.0,0.0,0.0,2.0,0.06666666666666667,0.0,0.0,0.0,3.0,1.9358677949992884,6.216666666666666,12.45,2.0,0.0,0.06666666666666667,0.0,0.13333333333333333,0.4144444444444444,0.0,0.0,0.0,0.0,0.0,0.0,0.0,0.06666666666666667,0.0,0.0,0.0,0.0,0.0,0.0,0.0,2.0,0.0,0.06666666666666667,-0.06666666666666667,-0.10666666666666667,2.0,0.0017128338773517813,4.95,7.2,2.0,0.0,0.0,0.0,0.13333333333333333,0.33,1.0,0.0,3.8,3.8,1.0,0.0,0.0,0.0,0.06666666666666667,0.2533333333333333,0.0,0.0,2.0,0.0,3.0,24.383333333333336,0.0,0.0,2.0,0.0,3.0,18.96666666666667,0.0,0.0,4.0,12.1625,1.0,0.0,1.0,0.0,3.0,13.299999999999999,1.0,18.8
emergency_response_seed1,emergency_response,1,200.25,215.25,33.0,8.714593041643873,3.566666666666667,8.0,21.75,1.0,13.310596180493834,0.0,0.0,0.0,2.0,0.06666666666666667,0.0,0.0,0.0,3.0,10.811475817783991,0.0,0.0,0.0,2.0,0.06666666666666667,0.3333333333333333,-0.26666666666666666,-1.3395238095238098,2.0,0.004130989388940413,22.575000000000003,41.95,2.0,0.0,0.0,0.0,0.06666666666666667,0.6066666666666669,0.0,0.0,0.0,0.0,0.0,2.0,0.0,0.06666666666666667,0.0,0.0,2.0,10.010709972316418,0.0,0.0,0.0,2.0,0.06666666666666667,0.4,-0.3333333333333333,-1.5595238095238095,2.0,2.6540295085169117,17.6,35.2,1.0,0.0,0.0,0.0,0.0,0.5000000000000001,1.0,16.652600346244874,0.0,0.0,0.0,2.0,0.06666666666666667,0.0,0.0,0.0,3.0,2.5789821314761183,6.883333333333333,13.45,2.0,0.0,0.06666666666666667,0.0,0.13333333333333333,0.45888888888888885,0.0,0.0,0.0,0.0,0.0,0.0,0.0,0.06666666666666667,0.0,0.0,1.0,11.985953985869418,0.0,0.0,0.0,2.0,0.06666666666666667,0.06666666666666667,-0.06666666666666667,-0.17333333333333334,2.0,0.00048158275540061585,5.949999999999999,8.2,2.0,0.0,0.0,0.0,0.13333333333333333,0.3966666666666666,1.0,0.0,4.8,4.8,1.0,0.0,0.0,0.0,0.06666666666666667,0.32,0.0,0.0,2.0,0.0,3.0,25.05,0.0,0.0,2.0,0.0,3.0,19.633333333333336,0.0,0.0,4.0,12.6625,1.0,0.0,0.0,0.0,3.0,13.966666666666667,1.0,19.8
emergency_response_seed1,emergency_response,1,208.25,223.25,37.0,9.835761836839605,4.956756756756757,9.0,13.75,0.0,0.0,0.0,0.0,0.0,2.0,0.0,0.06666666666666667,0.0,0.0,2.0,13.917931747838223,0.0,0.0,0.0,2.0,0.13333333333333333,0.4,-0.13333333333333333,-0.1361111111111111,3.0,3.7437731176788027,20.383333333333336,49.95,2.0,0.0,0.06666666666666667,0.0,0.06666666666666667,0.193888888888889,1.0,16.63552235421911,0.0,0.0,0.0,2.0,0.06666666666666667,0.0,0.0,0.0,1.0,11.996519554497208,0.0,0.0,0.0,2.0,0.06666666666666667,0.4,-0.06666666666666667,-0.2361111111111111,2.0,0.013384694938995509,22.450000000000003,43.2,2.0,0.0,0.0,0.0,0.06666666666666667,0.5566666666666669,0.0,0.0,0.0,0.0,0.0,2.0,0.0,0.06666666666666667,0.0,0.0,4.0,6.12095137940749,9.1625,21.45,2.0,0.0,0.13333333333333333,0.0,0.0,0.3891666666666666,1.0,13.849004158646567,0.0,0.0,0.0,0.0,0.06666666666666667,0.0,0.0,0.0,1.0,11.99139859110117,0.0,0.0,0.0,2.0,0.06666666666666667,0.0,0.0,0.0,3.0,3.8678380937976216,9.299999999999999,16.2,2.0,0.0,0.06666666666666667,0.0,0.06666666666666667,0.58,1.0,0.0,12.8,12.8,1.0,0.0,0.0,0.0,0.06666666666666667,0.8533333333333334,1.0,0.0,3.0,0.0,3.0,30.383333333333336,0.0,0.0,1.0,0.0,3.0,24.96666666666667,0.0,0.0,5.0,14.9,1.0,3.45,0.0,0.0,4.0,14.5375,2.0,13.9
emergency_response_seed1,emergency_response,1,209.25,224.25,37.0,9.955981655832582,5.2,9.0,12.75,0.0,0.0,0.0,0.0,0.0,2.0,0.0,0.06666666666666667,0.0,0.0,1.0,14.004602939673367,0.0,0.0,0.0,2.0,0.06666666666666667,0.4666666666666667,0.0,0.0,3.0,3.9959980390388554,21.05,50.95,2.0,0.0,0.06666666666666667,0.0,0.06666666666666667,0.20499999999999996,1.0,16.649744439184666,0.0,0.0,0.0,2.0,0.06666666666666667,0.0,0.0,0.0,1.0,11.977774022226221,0.0,0.0,0.0,2.0,0.06666666666666667,0.4,0.0,0.0,2.0,0.006090468459336875,23.450000000000003,44.2,2.0,0.0,0.0,0.0,0.06666666666666667,0.5900000000000002,0.0,0.0,0.0,0.0,0.0,2.0,0.0,0.06666666666666667,0.0,0.0,4.0,6.492213995804775,9.6625,22.45,2.0,0.0,0.13333333333333333,0.0,0.0,0.3558333333333333,1.0,13.83815265775309,0.0,0.0,0.0,0.0,0.06666666666666667,0.0,0.0,0.0,1.0,11.977804175200871,0.0,0.0,0.0,2.0,0.06666666666666667,0.0,0.0,0.0,3.0,4.497219215924569,9.966666666666667,17.2,2.0,0.0,0.06666666666666667,0.0,0.06666666666666667,0.5911111111111111,1.0,0.0,13.8,13.8,1.0,0.0,0.0,0.0,0.06666666666666667,0.92,1.0,0.0,3.0,0.0,3.0,31.05,0.0,0.0,1.0,0.0,3.0,25.633333333333336,0.0,0.0,5.0,15.7,1.0,4.45,0.0,0.0,4.0,15.287500000000001,2.0,14.4
emergency_response_seed1,emergency_response,1,210.25,225.25,38.0,10.030768128725482,5.3,9.0,11.75,0.0,0.0,0.0,0.0,0.0,2.0,0.0,0.06666666666666667,0.0,0.0,1.0,14.04757791064367,0.0,0.0,0.0,2.0,0.06666666666666667,0.4,0.0,0.0,3.0,3.990344519612845,21.71666666666667,51.95,2.0,0.0,0.06666666666666667,0.0,0.06666666666666667,0.21611111111111114,1.0,16.58662120179087,0.0,0.0,0.0,2.0,0.06666666666666667,0.0,0.0,0.0,2.0,12.233075071912609,0.0,0.0,0.0,2.0,0.06666666666666667,0.3333333333333333,0.0,0.0,2.0,0.002804539616091583,24.450000000000003,45.2,2.0,0.0,0.0,0.0,0.06666666666666667,0.6233333333333335,0.0,0.0,0.0,0.0,0.0,2.0,0.0,0.06666666666666667,0.0,0.0,4.0,6.356578597128697,10.1625,23.45,2.0,0.0,0.13333333333333333,0.0,0.0,0.3225,1.0,13.829561603417387,0.0,0.0,0.0,0.0,0.06666666666666667,0.0,0.0,0.0,1.0,11.98425261945231,0.0,0.0,0.0,2.0,0.06666666666666667,0.0,0.0,0.0,3.0,4.624806500221214,10.633333333333333,18.2,2.0,0.0,0.06666666666666667,0.0,0.06666666666666667,0.6022222222222222,1.0,0.0,14.8,14.8,1.0,0.0,0.0,0.0,0.06666666666666667,0.9866666666666667,1.0,0.0,3.0,0.0,3.0,9.65,0.0,0.0,1.0,0.0,3.0,6.233333333333333,1.0,0.0,5.0,16.5,1.0,5.45,0.0,0.0,5.0,12.830000000000002,2.0,14.9
emergency_response_seed1,emergency_response,1,211.25,226.25,37.0,9.963962809416108,5.686486486486487,9.0,10.75,0.0,0.0,0.0,0.0,0.0,2.0,0.0,0.06666666666666667,0.0,0.0,1.0,14.002748960611077,0.0,0.0,0.0,2.0,0.06666666666666667,0.3333333333333333,0.0,0.0,3.0,3.996934586048592,22.383333333333336,52.95,2.0,0.0,0.06666666666666667,0.0,0.06666666666666667,0.22722222222222233,1.0,16.601405143063516,0.0,0.0,0.0,2.0,0.06666666666666667,0.0,0.0,0.0,2.0,13.370315101335448,0.0,0.0,0.0,2.0,0.06666666666666667,0.3333333333333333,0.0,0.0,2.0,0.0012900309681320781,25.450000000000003,46.2,2.0,0.0,0.0,0.0,0.06666666666666667,0.6566666666666668,0.0,0.0,0.0,0.0,0.0,2.0,0.0,0.06666666666666667,0.0,0.0,4.0,5.839631541726608,10.6625,24.45,2.0,0.0,0.13333333333333333,0.0,0.0,0.2891666666666667,1.0,13.889173264803832,0.0,0.0,0.0,0.0,0.06666666666666667,0.0,0.0,0.0,1.0,11.990798447281122,0.0,0.0,0.0,2.0,0.06666666666666667,0.0,0.0,0.0,3.0,4.619813769269579,11.299999999999999,19.2,2.0,0.0,0.06666666666666667,0.0,0.06666666666666667,0.6133333333333333,1.0,0.0,15.8,15.8,1.0,0.0,0.0,0.0,0.0,1.0,1.0,0.0,3.0,0.0,2.0,0.0,0.0,0.0,1.0,0.0,2.0,0.0,1.0,0.0,5.0,17.3,1.0,6.45,0.0,0.0,5.0,13.430000000000001,2.0,15.4
emergency_response_seed1,emergency_response,1,212.25,227.25,35.0,9.640614858357937,6.268571428571429,9.0,9.75,0.0,0.0,0.0,0.0,0.0,2.0,0.0,0.06666666666666667,0.0,0.0,2.0,12.505898174673618,0.0,0.0,0.0,2.0,0.13333333333333333,0.3333333333333333,0.0,0.0,3.0,3.990903941032011,23.05,53.95,2.0,0.0,0.06666666666666667,0.0,0.0,0.23166666666666652,1.0,13.362094776761262,0.0,0.0,0.0,2.0,0.06666666666666667,0.0,0.0,0.0,1.0,14.756938651817933,0.0,0.0,0.0,2.0,0.06666666666666667,0.3333333333333333,0.0,0.0,2.0,0.000592943485156874,26.450000000000003,47.2,2.0,0.0,0.0,0.0,0.06666666666666667,0.6900000000000001,0.0,0.0,0.0,0.0,0.0,2.0,0.0,0.06666666666666667,0.0,0.0,4.0,5.1981419225020895,11.1625,25.45,2.0,0.0,0.06666666666666667,0.0,0.0,0.4186111111111111,1.0,13.887149038534846,0.0,0.0,0.0,0.0,0.06666666666666667,0.0,0.0,0.0,1.0,11.973160928506404,0.0,0.0,0.0,2.0,0.06666666666666667,0.0,0.0,0.0,3.0,4.616513185745183,11.966666666666667,20.2,2.0,0.0,0.06666666666666667,0.0,0.0,0.601111111111111,1.0,0.0,16.8,16.8,1.0,0.0,0.0,0.0,0.0,1.0,1.0,0.0,3.0,0.0,2.0,0.0,0.0,0.0,1.0,0.0,2.0,0.0,1.0,0.0,5.0,18.1,1.0,7.45,0.0,0.0,5.0,14.030000000000001,2.0,15.9
emergency_response_seed1,emergency_response,1,217.25,232.25,32.0,7.585530715262983,8.278125,10.0,4.75,1.0,12.534260971580679,0.0,0.0,0.0,2.0,0.06666666666666667,0.06666666666666667,0.0,0.0,1.0,11.068081178184599,0.0,0.0,0.0,2.0,0.06666666666666667,0.06666666666666667,0.0,0.0,3.0,2.4920637489993243,26.383333333333336,58.95,2.0,0.0,0.0,0.0,0.0,0.6666666666666666,0.0,0.0,0.0,0.0,0.0,2.0,0.0,0.06666666666666667,0.0,0.0,2.0,13.797279410623059,0.0,0.0,0.0,2.0,0.13333333333333333,0.06666666666666667,0.0,0.0,3.0,2.3692318779655177,20.96666666666667,52.2,2.0,0.0,0.06666666666666667,0.0,0.06666666666666667,0.15777777777777782,0.0,0.0,0.0,0.0,0.0,2.0,0.0,0.06666666666666667,0.0,0.0,4.0,1.7641547599485798,13.7875,30.45,3.0,0.0,0.06666666666666667,0.0,0.06666666666666667,0.3713888888888889,1.0,11.632235095666713,0.0,0.0,0.0,0.0,0.06666666666666667,0.0,0.0,0.0,0.0,0.0,0.0,0.0,0.0,2.0,0.0,0.06666666666666667,0.0,0.0,4.0,3.4973353457339806,11.475,25.2,2.0,0.0,0.13333333333333333,0.0,0.0,0.23500000000000001,2.0,1.0872414356188127,10.9,21.8,1.0,0.0,0.06666666666666667,0.0,0.0,0.2733333333333334,1.0,0.5,3.0,1.0833333333333333,1.0,0.0,1.0,0.0,1.0,3.3,0.0,0.0,1.0,0.0,5.0,22.1,1.0,12.45,0.0,0.0,5.0,17.03,2.0,18.4
emergency_response_seed1,emergency_response,1,218.25,233.25,31.0,6.900987058741724,8.86774193548387,10.0,3.75,1.0,12.547417960167678,0.0,0.0,0.0,2.0,0.06666666666666667,0.0,0.0,0.0,1.0,11.072887909555806,0.0,0.0,0.0,2.0,0.06666666666666667,0.13333333333333333,0.0,0.0,3.0,1.7539036389636493,27.05,59.95,2.0,0.0,0.0,0.0,0.0,0.6666666666666666,0.0,0.0,0.0,0.0,0.0,2.0,0.0,0.06666666666666667,0.0,0.0,2.0,13.831545336787865,0.0,0.0,0.0,2.0,0.13333333333333333,0.06666666666666667,0.0,0.0,3.0,3.0072360773623763,21.633333333333336,53.2,2.0,0.0,0.06666666666666667,0.0,0.06666666666666667,0.168888888888889,0.0,0.0,0.0,0.0,0.0,2.0,0.0,0.06666666666666667,0.0,0.0,5.0,1.032142063826743,11.629999999999999,31.45,3.0,0.0,0.13333333333333333,0.0,0.06666666666666667,0.18311111111111109,1.0,7.13223509566672,0.0,0.0,0.0,0.0,0.06666666666666667,0.0,0.0,0.0,0.0,0.0,0.0,0.0,0.0,2.0,0.0,0.06666666666666667,0.0,0.0,4.0,3.460420558519245,11.975,26.2,2.0,0.0,0.06666666666666667,0.0,0.0,0.4005555555555556,2.0,1.9732803480894987,11.4,22.8,1.0,0.0,0.06666666666666667,0.0,0.0,0.24000000000000005,1.0,1.5,3.0,1.4166666666666667,1.0,0.0,1.0,0.0,1.0,4.3,0.0,0.0,1.0,0.0,5.0,22.9,1.0,13.45,0.0,0.0,5.0,17.630000000000003,2.0,18.9
emergency_response_seed1,emergency_response,1,225.25,240.25,29.0,6.260490014094478,7.915517241379311,12.0,11.75,1.0,12.550630476118114,0.0,0.0,0.0,0.0,0.06666666666666667,0.0,0.0,0.0,3.0,12.86845782772093,0.0,0.0,0.0,0.0,0.2,0.06666666666666667,0.0,0.0,3.0,0.24469369280212627,9.65,28.2,2.0,2.0,0.0,0.0,0.0,-0.8044444444444445,0.0,0.0,0.0,0.0,0.0,0.0,0.0,0.06666666666666667,0.0,0.0,1.0,12.830738714614192,0.0,0.0,0.0,0.0,0.06666666666666667,0.13333333333333333,0.0,0.0,3.0,4.342258563953859,6.233333333333333,18.7,1.0,2.0,0.06666666666666667,0.0,-0.06666666666666667,-1.2144444444444447,1.0,11.987979345044586,0.0,0.0,0.0,0.0,0.06666666666666667,0.0,0.0,0.0,5.0,2.702893209553825,16.5,38.45,4.0,0.0,0.06666666666666667,0.0,0.13333333333333333,0.42250000000000004,1.0,0.0,5.45,5.45,1.0,0.0,0.0,0.0,0.06666666666666667,0.36333333333333334,0.0,0.0,0.0,0.0,0.0,0.0,0.0,0.06666666666666667,0.0,0.0,5.0,2.9538329783816253,12.830000000000002,33.2,3.0,0.0,0.13333333333333333,0.0,0.06666666666666667,0.1464444444444446,2.0,5.4165123413077,14.9,29.8,1.0,0.0,0.06666666666666667,0.0,0.0,0.006666666666666643,1.0,0.0,4.0,3.5,1.0,0.0,1.0,0.0,3.0,3.766666666666667,0.0,0.0,1.0,0.0,6.0,15.291666666666666,2.0,10.225,1.0,0.0,5.0,4.5,2.0,22.4
emergency_response_seed1,emergency_response,1,226.25,241.25,29.0,6.584557663223708,6.582758620689655,9.0,10.75,1.0,12.507788730429766,0.0,0.0,0.0,0.0,0.06666666666666667,0.0,0.0,0.0,3.0,12.8955337697591,0.0,0.0,0.0,0.0,0.2,0.06666666666666667,0.0,0.0,2.0,0.9051056972878142,0.0,0.0,0.0,2.0,0.0,0.06666666666666667,-0.13333333333333333,-1.4922222222222223,0.0,0.0,0.0,0.0,0.0,0.0,0.0,0.06666666666666667,0.0,0.0,1.0,12.393702027380359,0.0,0.0,0.0,0.0,0.06666666666666667,0.13333333333333333,0.0,0.0,2.0,6.839679438991891,0.0,0.0,0.0,2.0,0.06666666666666667,0.06666666666666667,-0.13333333333333333,-1.6966666666666668,1.0,11.994347409023904,0.0,0.0,0.0,0.0,0.06666666666666667,0.0,0.0,0.0,5.0,2.7019771798827703,17.3,39.45,4.0,0.0,0.06666666666666667,0.0,0.13333333333333333,0.44250000000000006,1.0,0.0,6.45,6.45,1.0,0.0,0.0,0.0,0.06666666666666667,0.43,0.0,0.0,0.0,0.0,0.0,0.0,0.0,0.06666666666666667,0.0,0.0,5.0,3.3205807497093893,13.430000000000001,34.2,3.0,0.0,0.13333333333333333,0.0,0.06666666666666667,0.14200000000000018,2.0,5.418105682339976,15.4,30.8,1.0,0.0,0.06666666666666667,0.0,0.0,-0.02666666666666669,0.0,0.0,4.0,4.25,1.0,0.0,1.0,0.0,3.0,4.1000000000000005,0.0,0.0,0.0,0.0,5.0,0.74,2.0,10.725,1.0,0.0,4.0,0.0,2.0,23.349999999999998
emergency_response_seed1,emergency_response,1,227.25,242.25,29.0,6.666887052950512,6.893103448275863,9.0,9.75,1.0,12.546521693495615,0.0,0.0,0.0,0.0,0.06666666666666667,0.0,0.0,0.0,3.0,11.576236269273336,0.0,0.0,0.0,0.0,0.13333333333333333,0.06666666666666667,0.0,0.0,2.0,2.3561687729065652,0.0,0.0,0.0,2.0,0.0,0.06666666666666667,-0.13333333333333333,-1.5366666666666666,0.0,0.0,0.0,0.0,0.0,0.0,0.0,0.06666666666666667,0.0,0.0,1.0,7.9029031947431605,0.0,0.0,0.0,0.0,0.06666666666666667,0.06666666666666667,0.0,0.0,2.0,7.683351417659866,0.0,0.0,0.0,2.0,0.06666666666666667,0.06666666666666667,-0.13333333333333333,-1.7633333333333334,1.0,11.981486726186704,0.0,0.0,0.0,0.0,0.06666666666666667,0.0,0.0,0.0,5.0,2.701056284912831,18.1,40.45,4.0,0.0,0.06666666666666667,0.0,0.13333333333333333,0.46250000000000013,1.0,0.0,7.45,7.45,1.0,0.0,0.0,0.0,0.06666666666666667,0.4966666666666667,0.0,0.0,0.0,0.0,0.0,0.0,0.0,0.06666666666666667,0.0,0.0,5.0,3.7213098209445428,14.030000000000001,35.2,3.0,0.0,0.13333333333333333,0.0,0.06666666666666667,0.13755555555555563,2.0,5.40813029845873,15.9,31.8,1.0,0.0,0.06666666666666667,0.0,0.0,-0.060000000000000026,0.0,0.0,4.0,5.0,1.0,0.0,1.0,0.0,3.0,4.433333333333334,0.0,0.0,0.0,0.0,6.0,0.0,2.0,11.225,1.0,0.0,4.0,0.0,2.0,24.349999999999998
emergency_response_seed1,emergency_response,1,234.25,249.25,30.0,5.915888375088412,9.198333333333332,12.0,2.75,1.0,0.0,2.5,2.5,1.0,0.0,0.0,0.0,0.06666666666666667,0.16666666666666666,3.0,4.372952429749081,1.75,5.25,1.0,0.0,0.13333333333333333,0.0,0.06666666666666667,0.11666666666666667,1.0,13.872620410820238,0.0,0.0,0.0,2.0,0.06666666666666667,0.2,-0.13333333333333333,-1.847777777777778,1.0,11.756781435129493,0.0,0.0,0.0,0.0,0.06666666666666667,0.0,0.0,0.0,2.0,0.9341318057861078,2.65,5.3,1.0,0.0,0.06666666666666667,0.06666666666666667,0.06666666666666667,0.17666666666666667,0.0,0.0,0.0,0.0,0.0,2.0,0.0,0.2,-0.13333333333333333,-1.4866666666666668,1.0,11.973606156888417,0.0,0.0,0.0,0.0,0.06666666666666667,0.0,0.0,0.0,5.0,0.39942245709694635,23.7,47.45,4.0,0.0,0.0,0.0,0.06666666666666667,0.7646666666666666,1.0,0.0,14.45,14.45,1.0,0.0,0.0,0.0,0.06666666666666667,0.9633333333333333,1.0,15.616615254193547,0.0,0.0,0.0,0.0,0.06666666666666667,0.0,0.0,0.0,5.0,2.660359076532414,18.23,42.2,3.0,0.0,0.06666666666666667,0.0,0.06666666666666667,0.3836666666666667,2.0,2.4831697709870992,19.4,38.8,1.0,0.0,0.0,0.0,0.0,0.4999999999999999,1.0,0.0,4.0,10.25,1.0,3.9,0.0,0.0,3.0,6.766666666666667,1.0,0.0,0.0,0.0,2.0,0.0,2.0,14.725,0.0,0.0,1.0,0.0,2.0,31.349999999999998
emergency_response_seed1,emergency_response,1,235.25,250.25,30.0,5.7794473806760935,9.606666666666666,13.0,1.75,1.0,0.0,3.5,3.5,1.0,0.0,0.0,0.0,0.06666666666666667,0.23333333333333334,3.0,2.767615511795865,2.0833333333333335,6.25,1.0,0.0,0.13333333333333333,0.0,0.06666666666666667,0.1388888888888889,1.0,13.830235888510943,0.0,0.0,0.0,2.0,0.06666666666666667,0.2,-0.13333333333333333,-1.8922222222222225,1.0,11.773720115367583,0.0,0.0,0.0,0.0,0.06666666666666667,0.0,0.0,0.0,2.0,2.030120295046884,3.15,6.3,1.0,0.0,0.06666666666666667,0.06666666666666667,0.06666666666666667,0.21,0.0,0.0,0.0,0.0,0.0,2.0,0.0,0.2,-0.13333333333333333,-1.5311111111111113,1.0,11.99218638963299,0.0,0.0,0.0,0.0,0.06666666666666667,0.0,0.0,0.0,5.0,0.18023124761456955,24.5,48.45,4.0,0.0,0.0,0.0,0.06666666666666667,0.7779999999999999,1.0,0.0,15.45,15.45,1.0,0.0,0.0,0.0,0.0,1.0,1.0,16.568644344899806,0.0,0.0,0.0,0.0,0.06666666666666667,0.0,0.0,0.0,5.0,2.6181332547097784,18.880000000000003,43.2,4.0,0.0,0.06666666666666667,0.0,0.13333333333333333,0.3936666666666669,2.0,1.5917545202357237,19.9,39.8,1.0,0.0,0.0,0.0,0.0,0.4999999999999999,1.0,0.0,5.0,8.8,1.0,4.9,0.0,0.0,3.0,7.1000000000000005,1.0,0.0,0.0,0.0,2.0,0.0,2.0,15.225,0.0,0.0,2.0,0.0,2.0,32.35
emergency_response_seed1,emergency_response,1,236.25,251.25,30.0,5.672068264803274,10.04,13.0,0.75,1.0,0.0,4.5,4.5,1.0,0.0,0.0,0.0,0.06666666666666667,0.3,3.0,1.6014389839563277,2.4166666666666665,7.25,1.0,0.0,0.13333333333333333,0.0,0.06666666666666667,0.1611111111111111,1.0,13.854317029445665,0.0,0.0,0.0,2.0,0.06666666666666667,0.2,-0.13333333333333333,-1.9366666666666668,1.0,11.768401090658996,0.0,0.0,0.0,0.0,0.06666666666666667,0.0,0.0,0.0,2.0,3.057561375468095,3.65,7.3,1.0,0.0,0.06666666666666667,0.06666666666666667,0.06666666666666667,0.24333333333333332,0.0,0.0,0.0,0.0,0.0,2.0,0.0,0.2,-0.13333333333333333,-1.5755555555555558,1.0,11.983834020963405,0.0,0.0,0.0,0.0,0.06666666666666667,0.0,0.0,0.0,5.0,0.0731351763434114,25.3,49.45,4.0,0.0,0.0,0.0,0.06666666666666667,0.7913333333333333,1.0,0.0,16.45,16.45,1.0,0.0,0.0,0.0,0.0,1.0,1.0,16.608224010277542,0.0,0.0,0.0,0.0,0.06666666666666667,0.0,0.0,0.0,5.0,2.6083159183370968,19.68,44.2,4.0,0.0,0.06666666666666667,0.0,0.13333333333333333,0.4136666666666667,2.0,0.9297052902731939,20.4,40.8,1.0,0.0,0.0,0.0,0.0,0.4999999999999999,1.0,0.0,5.0,9.4,1.0,5.9,0.0,0.0,3.0,7.433333333333334,1.0,0.0,0.0,0.0,2.0,0.0,2.0,15.725,0.0,0.0,2.0,0.0,2.0,33.35
emergency_response_seed1,emergency_response,1,237.25,252.25,29.0,5.229040483828287,10.83448275862069,13.0,2.75,1.0,0.0,5.5,5.5,1.0,0.0,0.0,0.0,0.06666666666666667,0.36666666666666664,3.0,0.7968415458454654,2.75,8.25,1.0,0.0,0.06666666666666667,0.0,0.06666666666666667,0.18333333333333332,1.0,13.853320987619227,0.0,0.0,0.0,1.0,0.06666666666666667,0.2,-0.13333333333333333,-1.9811111111111113,1.0,11.762269602236598,0.0,0.0,0.0,0.0,0.06666666666666667,0.0,0.0,0.0,2.0,4.201997617193556,4.15,8.3,1.0,0.0,0.06666666666666667,0.0,0.06666666666666667,0.27666666666666667,0.0,0.0,0.0,0.0,0.0,1.0,0.0,0.2,-0.13333333333333333,-1.62,1.0,11.977227449293714,0.0,0.0,0.0,0.0,0.06666666666666667,0.0,0.0,0.0,5.0,0.02700300337799997,26.1,50.45,4.0,0.0,0.0,0.0,0.0,0.8000000000000002,1.0,0.0,17.45,17.45,1.0,0.0,0.0,0.0,0.0,1.0,1.0,16.622943624258042,0.0,0.0,0.0,0.0,0.06666666666666667,0.0,0.0,0.0,5.0,2.083338755292594,20.48,45.2,4.0,0.0,0.06666666666666667,0.0,0.13333333333333333,0.4336666666666667,2.0,0.5003867833848814,20.9,41.8,1.0,0.0,0.0,0.0,0.0,0.4999999999999999,1.0,0.0,5.0,10.0,1.0,6.9,0.0,0.0,3.0,7.883333333333334,1.0,0.0,0.0,0.0,2.0,0.0,2.0,16.225,0.0,0.0,3.0,0.0,3.0,22.900000000000002
emergency_response_seed1,emergency_response,1,238.25,253.25,29.0,5.110722720183597,11.329310344827586,15.0,1.75,1.0,0.0,6.5,6.5,1.0,0.0,0.0,0.0,0.06666666666666667,0.43333333333333335,3.0,0.3209152608377093,3.3000000000000003,9.25,2.0,0.0,0.0,0.0,0.13333333333333333,0.22000000000000003,1.0,13.888294613023755,0.0,0.0,0.0,1.0,0.06666666666666667,0.2,-0.13333333333333333,-2.0255555555555556,1.0,11.76841115775777,0.0,0.0,0.0,0.0,0.06666666666666667,0.0,0.0,0.0,2.0,5.291771362724774,4.65,9.3,1.0,0.0,0.06666666666666667,0.0,0.06666666666666667,0.31,0.0,0.0,0.0,0.0,0.0,1.0,0.0,0.2,-0.13333333333333333,-1.6644444444444446,1.0,11.163787627133466,0.0,0.0,0.0,0.0,0.06666666666666667,0.0,0.0,0.0,5.0,0.009835182130308713,27.040000000000003,51.45,5.0,0.0,0.0,0.0,0.06666666666666667,0.8093333333333335,1.0,0.0,18.45,18.45,1.0,0.0,0.0,0.0,0.0,1.0,1.0,16.647453762643043,0.0,0.0,0.0,0.0,0.06666666666666667,0.0,0.0,0.0,5.0,1.484466320939203,21.28,46.2,4.0,0.0,0.06666666666666667,0.0,0.06666666666666667,0.4495000000000001,2.0,0.2522368617928827,21.4,42.8,1.0,0.0,0.0,0.0,0.0,0.4999999999999999,1.0,0.0,5.0,10.6,1.0,7.9,0.0,0.0,4.0,6.4125000000000005,1.0,0.0,0.0,0.0,2.0,0.0,2.0,16.725,0.0,0.0,3.0,0.0,3.0,23.566666666666666
emergency_response_seed1,emergency_response,1,239.25,254.25,29.0,4.918623721055053,11.846551724137932,15.0,0.75,1.0,0.0,7.5,7.5,1.0,0.0,0.0,0.0,0.06666666666666667,0.5,3.0,0.10529361623253485,3.966666666666667,10.25,2.0,0.0,0.0,0.0,0.13333333333333333,0.2644444444444444,1.0,13.827277956283652,0.0,0.0,0.0,1.0,0.06666666666666667,0.2,-0.13333333333333333,-2.07,1.0,11.761739436558242,0.0,0.0,0.0,0.0,0.06666666666666667,0.0,0.0,0.0,2.0,6.288228453605498,5.15,10.3,1.0,0.0,0.06666666666666667,0.0,0.06666666666666667,0.3433333333333334,0.0,0.0,0.0,0.0,0.0,1.0,0.0,0.2,-0.13333333333333333,-1.7088888888888891,1.0,7.163787627133476,0.0,0.0,0.0,0.0,0.06666666666666667,0.0,0.0,0.0,5.0,0.003577680864460821,28.040000000000003,52.45,5.0,0.0,0.0,0.0,0.06666666666666667,0.8226666666666669,1.0,0.0,19.45,19.45,1.0,0.0,0.0,0.0,0.0,1.0,1.0,16.62916541268304,0.0,0.0,0.0,0.0,0.06666666666666667,0.0,0.0,0.0,5.0,0.9522833986832205,22.080000000000002,47.2,4.0,0.0,0.06666666666666667,0.0,0.06666666666666667,0.45283333333333337,2.0,0.11992962724338992,21.9,43.8,1.0,0.0,0.0,0.0,0.0,0.4999999999999999,1.0,0.0,5.0,11.2,1.0,8.9,0.0,0.0,4.0,6.9125000000000005,1.0,0.0,0.0,0.0,2.0,0.0,2.0,17.225,0.0,0.0,3.0,0.0,3.0,24.233333333333334
emergency_response_seed1,emergency_response,1,240.25,255.25,33.0,4.570774028050808,6.206060606060606,12.0,29.75,1.0,0.6240840169210479,0.0,0.0,0.0,2.0,0.0,0.0,0.0,0.0,4.0,0.12808811006458545,3.5,11.25,3.0,0.0,0.06666666666666667,0.0,0.2,0.23333333333333334,1.0,13.852358378778446,0.0,0.0,0.0,0.0,0.06666666666666667,0.2,-0.13333333333333333,-0.6433333333333333,1.0,11.757951431479565,0.0,0.0,0.0,2.0,0.06666666666666667,0.0,0.0,0.0,3.0,7.385129324634005,3.766666666666667,11.3,1.0,0.0,0.13333333333333333,0.0,0.06666666666666667,0.2511111111111111,0.0,0.0,0.0,0.0,0.0,0.0,0.0,0.2,-0.06666666666666667,-0.41555555555555557,1.0,4.580638704550573,0.0,0.0,0.0,2.0,0.0,0.0,0.0,0.0,6.0,0.21693447281570408,15.291666666666666,47.2,4.0,2.0,0.06666666666666667,0.0,0.0,-0.08055555555555559,2.0,0.19090955994716144,10.225,20.45,1.0,0.0,0.06666666666666667,0.0,0.0,0.3183333333333333,1.0,16.60438514469564,0.0,0.0,0.0,2.0,0.06666666666666667,0.0,0.0,0.0,5.0,0.7170210712941449,4.5,17.25,2.0,2.0,0.0,0.0,-0.06666666666666667,-0.5553333333333335,2.0,0.055474747474457936,22.4,44.8,1.0,0.0,0.0,0.0,0.0,0.4999999999999999,1.0,0.0,5.0,11.8,1.0,9.9,0.0,0.0,4.0,7.4125000000000005,1.0,0.0,0.0,0.0,2.0,0.0,2.0,17.725,0.0,0.0,3.0,0.0,3.0,24.900000000000002
emergency_response_seed1,emergency_response,1,241.25,256.25,33.0,5.288587281805087,3.065151515151515,8.0,28.75,0.0,0.0,0.0,0.0,0.0,2.0,0.0,0.06666666666666667,0.0,0.0,4.0,0.6711560995431248,4.25,12.25,3.0,0.0,0.06666666666666667,0.0,0.2,0.2833333333333333,1.0,13.849980272183894,0.0,0.0,0.0,0.0,0.06666666666666667,0.13333333333333333,0.0,0.0,1.0,11.749820632476155,0.0,0.0,0.0,2.0,0.06666666666666667,0.0,0.0,0.0,3.0,8.777014343142225,4.1000000000000005,12.3,1.0,0.0,0.13333333333333333,0.0,0.06666666666666667,0.2733333333333334,0.0,0.0,0.0,0.0,0.0,0.0,0.0,0.13333333333333333,0.0,0.0,0.0,0.0,0.0,0.0,0.0,2.0,0.0,0.06666666666666667,0.0,0.0,5.0,1.0890961876069998,0.74,3.7,1.0,2.0,0.06666666666666667,0.06666666666666667,-0.2,-1.104,2.0,1.2852254466980755,10.725,21.45,1.0,0.0,0.06666666666666667,0.0,0.0,0.285,1.0,16.637162567384543,0.0,0.0,0.0,2.0,0.06666666666666667,0.0,0.0,0.0,4.0,1.1354736923290696,0.0,0.0,0.0,2.0,0.0,0.06666666666666667,-0.2,-0.8953333333333334,2.0,0.025541453444700497,23.349999999999998,45.8,2.0,0.0,0.0,0.0,0.06666666666666667,0.5299999999999998,1.0,0.0,5.0,12.4,1.0,10.9,0.0,0.0,4.0,7.9125,1.0,0.0,0.0,0.0,2.0,0.0,2.0,18.225,0.0,0.0,3.0,0.0,3.0,25.566666666666666
emergency_response_seed1,emergency_response,1,242.25,257.25,33.0,5.707017104572935,3.165151515151515,7.0,27.75,0.0,0.0,0.0,0.0,0.0,2.0,0.0,0.06666666666666667,0.0,0.0,4.0,1.1672869545837972,5.0,13.25,3.0,0.0,0.06666666666666667,0.0,0.2,0.3333333333333333,1.0,13.862466005926255,0.0,0.0,0.0,0.0,0.06666666666666667,0.13333333333333333,0.0,0.0,1.0,11.77321313363526,0.0,0.0,0.0,2.0,0.06666666666666667,0.0,0.0,0.0,3.0,9.498162085253462,4.433333333333334,13.3,1.0,0.0,0.13333333333333333,0.0,0.06666666666666667,0.29555555555555557,0.0,0.0,0.0,0.0,0.0,0.0,0.0,0.13333333333333333,0.0,0.0,0.0,0.0,0.0,0.0,0.0,2.0,0.0,0.06666666666666667,0.0,0.0,6.0,2.5832528087682793,0.0,0.0,0.0,2.0,0.13333333333333333,0.06666666666666667,-0.26666666666666666,-1.2066666666666668,2.0,2.2710675441840946,11.225,22.45,1.0,0.0,0.06666666666666667,0.0,0.0,0.25166666666666665,1.0,16.607926934599877,0.0,0.0,0.0,2.0,0.06666666666666667,0.0,0.0,0.0,4.0,2.4297869083530523,0.0,0.0,0.0,2.0,0.0,0.06666666666666667,-0.2,-0.9353333333333335,2.0,0.011672157616751158,24.349999999999998,46.8,2.0,0.0,0.0,0.0,0.06666666666666667,0.5633333333333331,1.0,0.0,5.0,13.0,1.0,11.9,0.0,0.0,4.0,8.4125,1.0,0.0,1.0,0.0,2.0,0.0,2.0,18.725,0.0,0.0,3.0,0.0,3.0,26.23333333333333
emergency_response_seed1,emergency_response,1,243.25,258.25,33.0,6.531663730056574,3.3772727272727274,7.0,26.75,0.0,0.0,0.0,0.0,0.0,2.0,0.0,0.06666666666666667,0.0,0.0,4.0,1.6623659809025961,5.75,14.25,3.0,0.0,0.06666666666666667,0.0,0.2,0.38333333333333336,1.0,9.57638449208071,0.0,0.0,0.0,0.0,0.06666666666666667,0.13333333333333333,0.0,0.0,1.0,11.751294284139554,0.0,0.0,0.0,2.0,0.06666666666666667,0.0,0.0,0.0,3.0,10.134849051159497,4.766666666666667,14.3,1.0,0.0,0.13333333333333333,0.0,0.06666666666666667,0.31777777777777777,0.0,0.0,0.0,0.0,0.0,0.0,0.0,0.13333333333333333,0.0,0.0,0.0,0.0,0.0,0.0,0.0,2.0,0.0,0.06666666666666667,0.0,0.0,5.0,4.164870580372244,0.0,0.0,0.0,2.0,0.13333333333333333,0.13333333333333333,-0.26666666666666666,-1.26,2.0,3.1714180976554545,11.725,23.45,1.0,0.0,0.06666666666666667,0.0,0.0,0.21833333333333335,1.0,16.642802555684003,0.0,0.0,0.0,2.0,0.06666666666666667,0.0,0.0,0.0,3.0,3.4606772923161713,0.0,0.0,0.0,2.0,0.0,0.13333333333333333,-0.2,-0.9753333333333334,2.0,0.00529314642647719,25.349999999999998,47.8,2.0,0.0,0.0,0.0,0.06666666666666667,0.5966666666666666,0.0,0.0,5.0,13.6,1.0,12.9,0.0,0.0,4.0,9.0,1.0,0.0,1.0,0.0,1.0,0.0,2.0,19.225,0.0,0.0,2.0,0.0,3.0,26.899999999999995
emergency_response_seed1,emergency_response,1,249.25,264.25,32.0,9.380344663878379,4.9171875,8.0,20.75,1.0,12.624206217404154,0.0,0.0,0.0,2.0,0.06666666666666667,0.06666666666666667,-0.06666666666666667,-0.16666666666666666,4.0,3.349428987840376,10.25,20.25,3.0,0.0,0.06666666666666667,0.0,0.13333333333333333,0.5666666666666667,1.0,0.0,3.9,3.9,1.0,0.0,0.0,0.0,0.06666666666666667,0.26,0.0,0.0,0.0,0.0,0.0,2.0,0.0,0.06666666666666667,0.0,0.0,3.0,5.29575960092566,6.766666666666667,20.3,1.0,0.0,0.06666666666666667,0.0,0.0,0.2744444444444445,1.0,11.989371871431358,0.0,0.0,0.0,0.0,0.06666666666666667,0.0,0.0,0.0,0.0,0.0,0.0,0.0,0.0,2.0,0.0,0.06666666666666667,0.0,0.0,2.0,12.967918375712511,0.0,0.0,0.0,2.0,0.13333333333333333,0.3333333333333333,-0.26666666666666666,-1.5799999999999998,2.0,6.922591736955801,14.725,29.45,1.0,0.0,0.06666666666666667,0.0,0.0,0.018333333333333358,0.0,0.0,0.0,0.0,0.0,2.0,0.0,0.06666666666666667,0.0,0.0,1.0,16.62052663889155,0.0,0.0,0.0,2.0,0.06666666666666667,0.3333333333333333,-0.2,-1.2153333333333334,2.0,4.955136452590886e-05,31.349999999999998,53.8,2.0,0.0,0.0,0.0,0.06666666666666667,0.7966666666666666,0.0,0.0,6.0,14.991666666666667,2.0,9.45,1.0,0.0,4.0,13.5,1.0,4.2,1.0,0.0,2.0,0.0,2.0,23.950000000000003,0.0,0.0,1.0,0.0,3.0,30.899999999999995
emergency_response_seed1,emergency_response,1,250.25,265.25,34.0,9.394608780163782,4.863235294117647,8.0,19.75,1.0,12.66352147441141,0.0,0.0,0.0,2.0,0.06666666666666667,0.06666666666666667,-0.06666666666666667,-0.23333333333333334,5.0,3.8187609872274435,8.8,21.25,3.0,0.0,0.13333333333333333,0.0,0.13333333333333333,0.4477777777777778,1.0,0.0,4.9,4.9,1.0,0.0,0.0,0.0,0.06666666666666667,0.3266666666666667,0.0,0.0,0.0,0.0,0.0,2.0,0.0,0.06666666666666667,0.0,0.0,3.0,4.667605621430172,7.1000000000000005,21.3,1.0,0.0,0.06666666666666667,0.0,0.0,0.26333333333333336,1.0,11.992623394865078,0.0,0.0,0.0,0.0,0.06666666666666667,0.0,0.0,0.0,0.0,0.0,0.0,0.0,0.0,2.0,0.0,0.06666666666666667,0.0,0.0,2.0,13.059918483449486,0.0,0.0,0.0,2.0,0.13333333333333333,0.3333333333333333,-0.26666666666666666,-1.6333333333333333,2.0,6.915094263538486,15.225,30.45,1.0,0.0,0.06666666666666667,0.0,0.0,-0.014999999999999977,0.0,0.0,0.0,0.0,0.0,2.0,0.0,0.06666666666666667,0.0,0.0,2.0,14.55060530428407,0.0,0.0,0.0,2.0,0.13333333333333333,0.3333333333333333,-0.26666666666666666,-1.2586666666666668,2.0,2.2921795049284786e-05,32.35,54.8,2.0,0.0,0.0,0.0,0.06666666666666667,0.8300000000000002,0.0,0.0,6.0,15.658333333333333,2.0,9.95,1.0,0.0,4.0,14.25,1.0,5.2,1.0,0.0,2.0,0.0,2.0,24.950000000000003,0.0,0.0,1.0,0.0,3.0,31.566666666666663
emergency_response_seed1,emergency_response,1,251.25,266.25,33.0,9.31683194909318,5.253030303030303,8.0,18.75,1.0,12.60685892411757,0.0,0.0,0.0,2.0,0.06666666666666667,0.06666666666666667,-0.06666666666666667,-0.3,5.0,4.3090012084344735,9.4,22.25,3.0,0.0,0.13333333333333333,0.0,0.13333333333333333,0.4655555555555556,1.0,0.0,5.9,5.9,1.0,0.0,0.0,0.0,0.06666666666666667,0.39333333333333337,0.0,0.0,0.0,0.0,0.0,2.0,0.0,0.06666666666666667,0.0,0.0,3.0,3.4369680200032984,7.433333333333334,22.3,1.0,0.0,0.06666666666666667,0.0,0.0,0.25222222222222224,1.0,11.989404378624167,0.0,0.0,0.0,0.0,0.06666666666666667,0.0,0.0,0.0,0.0,0.0,0.0,0.0,0.0,2.0,0.0,0.06666666666666667,0.0,0.0,2.0,13.136400173700832,0.0,0.0,0.0,2.0,0.13333333333333333,0.3333333333333333,-0.26666666666666666,-1.6866666666666668,2.0,6.923219039093819,15.725,31.45,1.0,0.0,0.06666666666666667,0.0,0.0,-0.04833333333333331,0.0,0.0,0.0,0.0,0.0,2.0,0.0,0.06666666666666667,0.0,0.0,2.0,14.538512621050518,0.0,0.0,0.0,2.0,0.13333333333333333,0.3333333333333333,-0.26666666666666666,-1.312,2.0,1.0520850327735024e-05,33.35,55.8,2.0,0.0,0.0,0.0,0.06666666666666667,0.8633333333333335,0.0,0.0,6.0,16.325,2.0,10.45,1.0,0.0,4.0,15.0,1.0,6.2,1.0,0.0,2.0,0.0,2.0,25.950000000000003,0.0,0.0,0.0,0.0,3.0,32.23333333333333
emergency_response_seed1,emergency_response,1,252.25,267.25,35.0,9.221781717070298,5.191428571428571,9.0,17.75,1.0,12.665686228057767,0.0,0.0,0.0,2.0,0.06666666666666667,0.06666666666666667,-0.06666666666666667,-0.36666666666666664,5.0,4.833591682029551,10.0,23.25,3.0,0.0,0.13333333333333333,0.0,0.13333333333333333,0.48333333333333334,1.0,0.0,6.9,6.9,1.0,0.0,0.0,0.0,0.06666666666666667,0.46,0.0,0.0,0.0,0.0,0.0,2.0,0.0,0.06666666666666667,0.0,0.0,3.0,2.400243814874627,7.883333333333334,23.3,2.0,0.0,0.06666666666666667,0.0,0.06666666666666667,0.24888888888888888,1.0,11.996998661092949,0.0,0.0,0.0,0.0,0.06666666666666667,0.0,0.0,0.0,0.0,0.0,0.0,0.0,0.0,2.0,0.0,0.06666666666666667,0.0,0.0,2.0,13.158714992950951,0.0,0.0,0.0,2.0,0.13333333333333333,0.3333333333333333,-0.26666666666666666,-1.74,2.0,6.938157900678926,16.225,32.45,1.0,0.0,0.06666666666666667,0.0,0.0,-0.08166666666666653,0.0,0.0,0.0,0.0,0.0,2.0,0.0,0.06666666666666667,0.0,0.0,3.0,14.518556267727732,0.0,0.0,0.0,2.0,0.2,0.3333333333333333,-0.26666666666666666,-1.3653333333333333,3.0,0.16847674669829657,22.900000000000002,56.8,2.0,0.0,0.06666666666666667,0.0,0.06666666666666667,0.13333333333333358,0.0,0.0,6.0,17.108333333333334,2.0,10.95,1.0,0.0,4.0,15.75,1.0,7.2,1.0,0.0,2.0,0.0,2.0,26.950000000000003,1.0,0.0,0.0,0.0,3.0,32.9
emergency_response_seed1,emergency_response,1,253.25,268.25,36.0,9.018599707927274,5.297222222222222,9.0,16.75,1.0,12.629136100368507,0.0,0.0,0.0,2.0,0.06666666666666667,0.06666666666666667,-0.06666666666666667,-0.43333333333333335,5.0,4.922171213044099,10.6,24.25,3.0,0.0,0.13333333333333333,0.0,0.06666666666666667,0.4866666666666666,1.0,0.0,7.9,7.9,1.0,0.0,0.0,0.0,0.06666666666666667,0.5266666666666667,0.0,0.0,0.0,0.0,0.0,2.0,0.0,0.06666666666666667,0.0,0.0,4.0,1.6922925276757708,6.4125000000000005,24.3,2.0,0.0,0.13333333333333333,0.0,0.06666666666666667,0.11750000000000001,1.0,11.99108559894841,0.0,0.0,0.0,0.0,0.06666666666666667,0.0,0.0,0.0,0.0,0.0,0.0,0.0,0.0,2.0,0.0,0.06666666666666667,0.0,0.0,2.0,13.154449956814574,0.0,0.0,0.0,2.0,0.13333333333333333,0.3333333333333333,-0.3333333333333333,-1.8026666666666669,2.0,6.564362029852265,16.725,33.45,1.0,0.0,0.06666666666666667,0.0,0.0,-0.11499999999999985,0.0,0.0,0.0,0.0,0.0,2.0,0.0,0.06666666666666667,0.0,0.0,3.0,14.489891788727162,0.0,0.0,0.0,2.0,0.2,0.3333333333333333,-0.26666666666666666,-1.4186666666666667,3.0,0.9159958800553113,23.566666666666666,57.8,2.0,0.0,0.06666666666666667,0.0,0.06666666666666667,0.14444444444444451,0.0,0.0,6.0,17.941666666666666,2.0,11.45,1.0,0.0,4.0,16.5,1.0,8.2,1.0,0.0,2.0,0.0,2.0,27.950000000000003,1.0,0.0,0.0,0.0,3.0,33.56666666666666
emergency_response_seed1,emergency_response,1,254.25,269.25,36.0,8.927635437082436,5.547222222222222,9.0,15.75,1.0,12.65259160796779,0.0,0.0,0.0,2.0,0.06666666666666667,0.06666666666666667,-0.06666666666666667,-0.5,5.0,4.405274530415848,11.2,25.25,3.0,0.0,0.13333333333333333,0.0,0.06666666666666667,0.48222222222222216,1.0,0.0,8.9,8.9,1.0,0.0,0.0,0.0,0.06666666666666667,0.5933333333333334,0.0,0.0,0.0,0.0,0.0,2.0,0.0,0.06666666666666667,0.0,0.0,4.0,1.754076631140271,6.9125000000000005,25.3,2.0,0.0,0.13333333333333333,0.0,0.06666666666666667,0.11750000000000001,1.0,11.97754947282141,0.0,0.0,0.0,0.0,0.06666666666666667,0.0,0.0,0.0,0.0,0.0,0.0,0.0,0.0,2.0,0.0,0.06666666666666667,0.0,0.0,2.0,13.158949141654933,0.0,0.0,0.0,2.0,0.13333333333333333,0.3333333333333333,-0.3333333333333333,-1.8693333333333335,2.0,4.915662721136301,17.225,34.45,1.0,0.0,0.06666666666666667,0.0,0.0,-0.14833333333333318,0.0,0.0,0.0,0.0,0.0,2.0,0.0,0.06666666666666667,0.0,0.0,3.0,14.50463659105693,0.0,0.0,0.0,2.0,0.2,0.3333333333333333,-0.26666666666666666,-1.4720000000000002,3.0,1.5269177500042048,24.233333333333334,58.8,2.0,0.0,0.06666666666666667,0.0,0.06666666666666667,0.15555555555555572,0.0,0.0,6.0,18.775000000000002,2.0,11.95,1.0,0.0,4.0,17.25,1.0,9.2,1.0,0.0,2.0,0.0,2.0,28.950000000000003,1.0,0.0,0.0,0.0,3.0,34.23333333333333
emergency_response_seed1,emergency_response,1,255.25,270.25,36.0,8.847504483531528,5.797222222222222,9.0,14.75,1.0,12.607870520797025,0.0,0.0,0.0,2.0,0.06666666666666667,0.06666666666666667,0.0,0.0,5.0,3.8554743244733816,11.8,26.25,3.0,0.0,0.06666666666666667,0.0,0.0,0.5533333333333333,1.0,0.0,9.9,9.9,1.0,0.0,0.0,0.0,0.06666666666666667,0.66,0.0,0.0,0.0,0.0,0.0,2.0,0.0,0.06666666666666667,0.0,0.0,4.0,1.9529001368873407,7.4125000000000005,26.3,2.0,0.0,0.06666666666666667,0.0,0.06666666666666667,0.24305555555555555,1.0,11.975481929986271,0.0,0.0,0.0,0.0,0.06666666666666667,0.0,0.0,0.0,0.0,0.0,0.0,0.0,0.0,2.0,0.0,0.06666666666666667,0.0,0.0,2.0,13.13229065470891,0.0,0.0,0.0,2.0,0.06666666666666667,0.3333333333333333,-0.26666666666666666,-1.0194444444444444,2.0,3.463681875843664,17.725,35.45,1.0,0.0,0.0,0.0,0.0,0.5000000000000001,0.0,0.0,0.0,0.0,0.0,2.0,0.0,0.06666666666666667,0.0,0.0,3.0,14.421409905499672,0.0,0.0,0.0,2.0,0.2,0.3333333333333333,-0.13333333333333333,-0.3,3.0,2.1889768004099133,24.900000000000002,59.8,2.0,0.0,0.06666666666666667,0.0,0.06666666666666667,0.1666666666666669,0.0,0.0,6.0,19.608333333333334,2.0,12.45,1.0,0.0,5.0,14.4,1.0,10.2,0.0,0.0,2.0,0.0,2.0,29.950000000000003,1.0,0.0,1.0,0.0,3.0,34.9
emergency_response_seed1,emergency_response,1,257.25,272.25,36.0,8.500950069831461,6.297222222222222,9.0,12.75,1.0,10.764748014224919,0.0,0.0,0.0,2.0,0.06666666666666667,0.0,0.0,0.0,5.0,3.090774889380514,13.0,28.25,3.0,0.0,0.06666666666666667,0.0,0.0,0.5333333333333333,1.0,0.0,11.9,11.9,1.0,0.0,0.0,0.0,0.06666666666666667,0.7933333333333333,0.0,0.0,0.0,0.0,0.0,2.0,0.0,0.06666666666666667,0.0,0.0,4.0,2.6822322121772975,8.4125,28.3,2.0,0.0,0.06666666666666667,0.0,0.06666666666666667,0.2652777777777777,1.0,11.357576954449792,0.0,0.0,0.0,0.0,0.06666666666666667,0.0,0.0,0.0,1.0,13.846605511789676,0.0,0.0,0.0,2.0,0.06666666666666667,0.0,0.0,0.0,2.0,12.01968664984365,0.0,0.0,0.0,2.0,0.06666666666666667,0.3333333333333333,0.0,0.0,2.0,1.2094447042957568,18.725,37.45,1.0,0.0,0.0,0.0,0.0,0.5000000000000001,0.0,0.0,0.0,0.0,0.0,2.0,0.0,0.06666666666666667,0.0,0.0,3.0,14.176950143273077,0.0,0.0,0.0,2.0,0.2,0.26666666666666666,0.0,0.0,3.0,3.5181654435264242,26.23333333333333,61.8,2.0,0.0,0.06666666666666667,0.0,0.0,0.12555555555555553,1.0,0.0,6.0,21.275000000000002,2.0,13.45,1.0,0.0,5.0,15.979999999999999,1.0,12.2,0.0,0.0,2.0,0.0,2.0,31.950000000000003,1.0,0.0,1.0,0.0,3.0,36.25
emergency_response_seed1,emergency_response,1,267.25,282.25,29.0,5.992406785948356,11.97758620689655,14.0,2.75,0.0,0.0,0.0,0.0,0.0,2.0,0.0,0.06666666666666667,0.0,0.0,6.0,2.0976083008321633,17.108333333333334,38.25,5.0,0.0,0.06666666666666667,0.0,0.13333333333333333,0.47388888888888897,2.0,5.000260506546484,10.95,21.9,1.0,0.0,0.06666666666666667,0.0,0.0,0.2699999999999999,1.0,11.818640511175794,0.0,0.0,0.0,2.0,0.06666666666666667,0.0,0.0,0.0,4.0,0.7201032187560179,15.75,38.3,3.0,0.0,0.06666666666666667,0.0,0.06666666666666667,0.5244444444444444,1.0,0.0,7.2,7.2,1.0,0.0,0.0,0.0,0.06666666666666667,0.48000000000000004,1.0,13.853140881251312,0.0,0.0,0.0,2.0,0.06666666666666667,0.0,0.0,0.0,2.0,12.44934033813444,0.0,0.0,0.0,2.0,0.13333333333333333,0.13333333333333333,0.0,0.0,2.0,7.564468377697362e-05,26.950000000000003,47.45,2.0,0.0,0.0,0.0,0.06666666666666667,0.7150000000000001,1.0,11.998884408124722,0.0,0.0,0.0,2.0,0.06666666666666667,0.0,0.0,0.0,0.0,0.0,0.0,0.0,0.0,2.0,0.0,0.2,0.0,0.0,3.0,1.764939439693931,32.9,71.8,2.0,0.0,0.0,0.0,0.0,0.6666666666666664,1.0,0.0,8.0,22.8125,2.0,18.45,1.0,7.1,6.0,19.983333333333334,2.0,11.1,0.0,0.0,3.0,3.5500000000000003,1.0,0.0,1.0,0.0,1.0,0.0,0.0,0.0
emergency_response_seed1,emergency_response,1,268.25,283.25,29.0,5.8613145374961695,12.460344827586209,14.0,1.75,0.0,0.0,0.0,0.0,0.0,2.0,0.0,0.06666666666666667,0.0,0.0,6.0,2.090637741443785,17.941666666666666,39.25,5.0,0.0,0.06666666666666667,0.0,0.13333333333333333,0.48944444444444446,2.0,4.9916753170703405,11.45,22.9,1.0,0.0,0.06666666666666667,0.0,0.0,0.2366666666666666,1.0,11.801578908367258,0.0,0.0,0.0,2.0,0.06666666666666667,0.0,0.0,0.0,4.0,0.3029436163928841,16.5,39.3,3.0,0.0,0.0,0.0,0.06666666666666667,0.6724999999999999,1.0,0.0,8.2,8.2,1.0,0.0,0.0,0.0,0.06666666666666667,0.5466666666666666,1.0,13.873665775385453,0.0,0.0,0.0,2.0,0.06666666666666667,0.0,0.0,0.0,2.0,12.464343934361356,0.0,0.0,0.0,2.0,0.13333333333333333,0.13333333333333333,0.0,0.0,2.0,2.7265032008183526e-05,27.950000000000003,48.45,2.0,0.0,0.0,0.0,0.06666666666666667,0.7483333333333334,1.0,11.986118704753462,0.0,0.0,0.0,2.0,0.06666666666666667,0.0,0.0,0.0,0.0,0.0,0.0,0.0,0.0,2.0,0.0,0.2,0.0,0.0,3.0,1.0283065913690568,33.56666666666666,72.8,2.0,0.0,0.0,0.0,0.0,0.6666666666666664,1.0,0.0,8.0,23.5625,2.0,18.95,1.0,8.1,6.0,20.650000000000002,2.0,11.6,0.0,0.0,3.0,4.216666666666667,1.0,0.0,1.0,0.6,1.0,0.0,0.0,0.0
emergency_response_seed1,emergency_response,1,269.25,284.25,29.0,5.751378238186076,12.943103448275862,14.0,0.75,0.0,0.0,0.0,0.0,0.0,2.0,0.0,0.06666666666666667,0.0,0.0,6.0,2.086324817911138,18.775000000000002,40.25,5.0,0.0,0.06666666666666667,0.0,0.13333333333333333,0.5050000000000002,2.0,4.9954289363481905,11.95,23.9,1.0,0.0,0.06666666666666667,0.0,0.0,0.20333333333333325,1.0,11.80504177529033,0.0,0.0,0.0,2.0,0.06666666666666667,0.0,0.0,0.0,4.0,0.09862645317577431,17.25,40.3,3.0,0.0,0.0,0.0,0.06666666666666667,0.6891666666666666,1.0,0.0,9.2,9.2,1.0,0.0,0.0,0.0,0.06666666666666667,0.6133333333333333,1.0,13.04117807041734,0.0,0.0,0.0,2.0,0.06666666666666667,0.0,0.0,0.0,2.0,12.472272155621088,0.0,0.0,0.0,2.0,0.13333333333333333,0.13333333333333333,0.0,0.0,2.0,9.968160260142271e-06,28.950000000000003,49.45,2.0,0.0,0.0,0.0,0.06666666666666667,0.7816666666666667,1.0,11.998248857944272,0.0,0.0,0.0,2.0,0.06666666666666667,0.0,0.0,0.0,0.0,0.0,0.0,0.0,0.0,2.0,0.0,0.2,0.0,0.0,3.0,0.5187615448264341,34.23333333333333,73.8,2.0,0.0,0.0,0.0,0.0,0.6666666666666662,1.0,0.0,8.0,24.3125,2.0,19.45,1.0,9.1,6.0,21.316666666666666,2.0,12.1,0.0,0.0,4.0,3.6625,1.0,0.0,1.0,1.6,1.0,0.2,0.0,0.0
emergency_response_seed1,emergency_response,1,272.25,287.25,31.0,5.423316472972637,13.525806451612903,16.0,0.75,1.0,13.29435378166583,0.0,0.0,0.0,1.0,0.06666666666666667,0.06666666666666667,0.0,0.0,6.0,0.9717618757936727,21.275000000000002,43.25,5.0,0.0,0.06666666666666667,0.0,0.13333333333333333,0.5516666666666669,2.0,4.9975589744089035,13.45,26.9,1.0,0.0,0.06666666666666667,0.0,0.0,0.10333333333333326,1.0,11.844999382367998,0.0,0.0,0.0,1.0,0.06666666666666667,0.0,0.0,0.0,5.0,1.2630233393989307,15.979999999999999,43.3,4.0,0.0,0.06666666666666667,0.0,0.13333333333333333,0.5045,1.0,0.0,12.2,12.2,1.0,0.0,0.0,0.0,0.06666666666666667,0.8133333333333332,0.0,0.0,0.0,0.0,0.0,1.0,0.0,0.06666666666666667,0.0,0.0,2.0,10.106077992184328,0.0,0.0,0.0,1.0,0.06666666666666667,0.06666666666666667,0.0,0.0,2.0,0.0,31.950000000000003,52.45,2.0,0.0,0.0,0.0,0.06666666666666667,0.8816666666666667,1.0,11.974535342913587,0.0,0.0,0.0,1.0,0.06666666666666667,0.0,0.0,0.0,1.0,13.833518720271533,0.0,0.0,0.0,1.0,0.06666666666666667,0.2,0.0,0.0,3.0,0.032376528949451804,36.25,76.8,3.0,0.0,0.0,0.0,0.06666666666666667,0.6677777777777779,1.0,2.05,8.0,26.5625,2.0,22.375,1.0,12.1,6.0,23.316666666666666,2.0,13.6,0.0,0.0,4.0,5.1625,1.0,0.0,1.0,4.6,1.0,3.2,0.0,0.0
emergency_response_seed1,emergency_response,1,273.25,288.25,31.0,4.878465477106257,9.808064516129033,14.0,11.75,1.0,13.269117614368131,0.0,0.0,0.0,0.0,0.06666666666666667,0.0,0.0,0.0,6.0,0.5838540200995691,22.108333333333334,44.25,5.0,0.0,0.06666666666666667,0.0,0.13333333333333333,0.5672222222222223,2.0,4.992972795800898,13.95,27.9,1.0,0.0,0.06666666666666667,0.0,0.0,0.06999999999999992,1.0,8.799343147436764,0.0,0.0,0.0,0.0,0.06666666666666667,0.0,0.0,0.0,6.0,1.9620177355211872,13.983333333333333,44.3,4.0,0.0,0.13333333333333333,0.0,0.06666666666666667,0.33222222222222214,1.0,0.0,13.2,13.2,1.0,0.0,0.0,0.0,0.06666666666666667,0.88,0.0,0.0,0.0,0.0,0.0,0.0,0.0,0.06666666666666667,0.0,0.0,2.0,6.655025238179072,0.0,0.0,0.0,0.0,0.06666666666666667,0.0,0.0,0.0,2.0,0.35249146048894675,6.225,12.45,1.0,2.0,0.0,0.0,0.0,-0.8666666666666668,1.0,11.98285867368104,0.0,0.0,0.0,0.0,0.06666666666666667,0.0,0.0,0.0,1.0,13.828952932608082,0.0,0.0,0.0,0.0,0.06666666666666667,0.13333333333333333,0.0,0.0,3.0,0.2434585695298733,11.316666666666665,32.9,2.0,2.0,0.0,0.0,0.0,-1.0388888888888888,1.0,0.0,8.0,19.90625,3.0,15.583333333333334,2.0,0.0,6.0,14.191666666666668,2.0,14.1,0.0,0.0,4.0,5.6625,1.0,0.0,1.0,0.0,2.0,2.1,1.0,0.0
emergency_response_seed1,emergency_response,1,274.25,289.25,30.0,4.627223922985504,8.955,11.0,10.75,1.0,13.308008006211292,0.0,0.0,0.0,0.0,0.06666666666666667,0.0,0.0,0.0,6.0,0.3044483872384232,22.941666666666666,45.25,5.0,0.0,0.0,0.0,0.13333333333333333,0.7405555555555555,2.0,4.990405652620257,14.45,28.9,1.0,0.0,0.0,0.0,-0.06666666666666667,0.49999999999999994,1.0,4.301448102811488,0.0,0.0,0.0,0.0,0.0,0.0,0.0,0.0,6.0,2.6718404160478944,14.65,45.3,4.0,0.0,0.13333333333333333,0.0,0.06666666666666667,0.3266666666666667,1.0,0.0,14.2,14.2,1.0,0.0,0.0,0.0,0.06666666666666667,0.9466666666666667,0.0,0.0,0.0,0.0,0.0,0.0,0.0,0.06666666666666667,0.0,0.0,2.0,3.2728728759405223,0.0,0.0,0.0,0.0,0.06666666666666667,0.0,0.0,0.0,1.0,1.6030841490695655,0.0,0.0,0.0,2.0,0.0,0.06666666666666667,-0.06666666666666667,-1.3150000000000002,1.0,11.99902898314409,0.0,0.0,0.0,0.0,0.06666666666666667,0.0,0.0,0.0,1.0,13.859995098238578,0.0,0.0,0.0,0.0,0.06666666666666667,0.13333333333333333,0.0,0.0,2.0,0.9381651961083445,0.0,0.0,0.0,2.0,0.0,0.06666666666666667,-0.13333333333333333,-1.8377777777777775,0.0,0.0,7.0,4.935714285714285,3.0,16.25,1.0,0.0,5.0,0.31,2.0,14.6,0.0,0.0,4.0,6.1625,1.0,0.0,0.0,0.0,2.0,2.6,1.0,0.0
emergency_response_seed1,emergency_response,1,275.25,290.25,32.0,4.3960210373617485,8.7703125,13.0,9.75,1.0,13.29468543596884,0.0,0.0,0.0,0.0,0.06666666666666667,0.0,0.0,0.0,6.0,0.1376885184620755,23.775000000000002,46.25,5.0,0.0,0.0,0.0,0.13333333333333333,0.7627777777777779,2.0,4.989457299728539,14.95,29.9,1.0,0.0,0.0,0.0,0.0,0.49999999999999994,1.0,0.00047734539005306396,0.1,0.1,1.0,0.0,0.0,0.0,0.06666666666666667,0.006666666666666667,6.0,3.3898423539991085,15.316666666666668,46.3,4.0,0.0,0.13333333333333333,0.0,0.06666666666666667,0.32111111111111124,2.0,0.7017703983717039,7.6,15.2,1.0,0.0,0.06666666666666667,0.0,0.0,0.4933333333333333,0.0,0.0,0.0,0.0,0.0,0.0,0.0,0.06666666666666667,0.0,0.0,3.0,2.9832615130748743,0.3,0.9,1.0,0.0,0.13333333333333333,0.0,0.06666666666666667,0.02,2.0,3.5290966963306065,0.0,0.0,0.0,2.0,0.06666666666666667,0.06666666666666667,-0.06666666666666667,-1.3483333333333334,1.0,11.978320420717354,0.0,0.0,0.0,0.0,0.06666666666666667,0.0,0.0,0.0,1.0,13.880981975346804,0.0,0.0,0.0,0.0,0.06666666666666667,0.13333333333333333,0.0,0.0,2.0,2.3936277408591047,0.0,0.0,0.0,2.0,0.0,0.06666666666666667,-0.13333333333333333,-1.882222222222222,0.0,0.0,7.0,0.0,3.0,16.916666666666668,1.0,0.0,5.0,0.0,2.0,15.1,1.0,0.0,4.0,6.6625,1.0,0.0,0.0,0.0,2.0,3.1,1.0,0.0
emergency_response_seed1,emergency_response,1,276.25,291.25,32.0,4.888770916528299,9.1765625,13.0,8.75,1.0,13.299062475649096,0.0,0.0,0.0,0.0,0.06666666666666667,0.0,0.0,0.0,6.0,0.0537449655475622,24.608333333333334,47.25,5.0,0.0,0.0,0.0,0.06666666666666667,0.7744444444444445,2.0,4.859583560991685,15.45,30.9,1.0,0.0,0.0,0.0,0.0,0.49999999999999994,1.0,0.0,1.1,1.1,1.0,0.0,0.0,0.0,0.06666666666666667,0.07333333333333333,6.0,3.891594614730469,15.983333333333334,47.3,4.0,0.0,0.13333333333333333,0.0,0.06666666666666667,0.31555555555555564,2.0,1.7219227197186562,8.1,16.2,1.0,0.0,0.06666666666666667,0.0,0.0,0.45999999999999996,0.0,0.0,0.0,0.0,0.0,0.0,0.0,0.06666666666666667,0.0,0.0,3.0,3.1893651085530856,0.6333333333333333,1.9,1.0,0.0,0.13333333333333333,0.0,0.06666666666666667,0.042222222222222223,2.0,5.420842729648134,0.0,0.0,0.0,2.0,0.06666666666666667,0.06666666666666667,-0.13333333333333333,-1.396666666666667,1.0,11.97389705562964,0.0,0.0,0.0,0.0,0.06666666666666667,0.0,0.0,0.0,1.0,13.879073580489495,0.0,0.0,0.0,0.0,0.06666666666666667,0.13333333333333333,0.0,0.0,2.0,3.9730977594497463,0.0,0.0,0.0,2.0,0.0,0.06666666666666667,-0.13333333333333333,-1.9266666666666663,0.0,0.0,7.0,0.0,3.0,17.583333333333332,1.0,0.0,4.0,0.0,2.0,15.6,1.0,0.0,4.0,7.1625,1.0,0.25,0.0,0.0,2.0,3.6,1.0,0.0
emergency_response_seed1,emergency_response,1,277.25,292.25,33.0,5.168174300764966,9.292424242424241,13.0,7.75,1.0,13.254630893357952,0.0,0.0,0.0,0.0,0.06666666666666667,0.0,0.0,0.0,7.0,0.12811702874707,21.807142857142857,48.25,5.0,0.0,0.06666666666666667,0.0,0.06666666666666667,0.5432539682539682,2.0,3.6095153584306177,15.95,31.9,1.0,0.0,0.0,0.0,0.0,0.5,1.0,0.0,2.1,2.1,1.0,0.0,0.0,0.0,0.06666666666666667,0.14,6.0,4.212448605900447,16.650000000000002,48.3,4.0,0.0,0.13333333333333333,0.0,0.06666666666666667,0.31000000000000016,2.0,2.7143349701488626,8.6,17.2,1.0,0.0,0.06666666666666667,0.0,0.0,0.42666666666666664,0.0,0.0,0.0,0.0,0.0,0.0,0.0,0.06666666666666667,0.0,0.0,3.0,3.54085460089942,0.9666666666666667,2.9,1.0,0.0,0.06666666666666667,0.0,0.06666666666666667,0.06444444444444444,1.0,7.484815820481849,0.0,0.0,0.0,2.0,0.06666666666666667,0.13333333333333333,-0.13333333333333333,-1.4633333333333336,1.0,11.995310232192278,0.0,0.0,0.0,0.0,0.06666666666666667,0.0,0.0,0.0,1.0,13.875603581127944,0.0,0.0,0.0,0.0,0.06666666666666667,0.13333333333333333,0.0,0.0,1.0,5.00533319729587,0.0,0.0,0.0,2.0,0.0,0.13333333333333333,-0.13333333333333333,-1.9711111111111108,0.0,0.0,6.0,0.0,3.0,18.25,1.0,0.0,5.0,0.0,2.0,16.1,1.0,0.0,4.0,7.6625,1.0,1.25,0.0,0.0,2.0,4.1,1.0,0.0
emergency_response_seed1,emergency_response,1,278.25,293.25,33.0,5.698509430384924,9.712121212121213,14.0,6.75,1.0,13.248486092529182,0.0,0.0,0.0,0.0,0.06666666666666667,0.0,0.0,0.0,7.0,0.4734710129350869,22.642857142857142,49.25,6.0,0.0,0.06666666666666667,0.0,0.13333333333333333,0.5545238095238094,2.0,2.518743875345607,16.45,32.9,1.0,0.0,0.0,0.0,0.0,0.5,1.0,0.0,3.1,3.1,1.0,0.0,0.0,0.0,0.06666666666666667,0.20666666666666667,6.0,4.509483512509675,17.316666666666666,49.3,4.0,0.0,0.13333333333333333,0.0,0.06666666666666667,0.3044444444444444,2.0,3.6809479659873756,9.1,18.2,1.0,0.0,0.06666666666666667,0.0,0.0,0.3933333333333333,0.0,0.0,0.0,0.0,0.0,0.0,0.0,0.06666666666666667,0.0,0.0,3.0,4.271091990141396,1.3,3.9,1.0,0.0,0.06666666666666667,0.0,0.06666666666666667,0.08666666666666667,1.0,9.421388818386012,0.0,0.0,0.0,2.0,0.06666666666666667,0.13333333333333333,-0.13333333333333333,-1.5300000000000002,1.0,11.996451416169293,0.0,0.0,0.0,0.0,0.06666666666666667,0.0,0.0,0.0,1.0,13.83048627606244,0.0,0.0,0.0,0.0,0.06666666666666667,0.13333333333333333,0.0,0.0,1.0,6.706771421703075,0.0,0.0,0.0,2.0,0.0,0.13333333333333333,-0.13333333333333333,-2.0155555555555553,0.0,0.0,6.0,0.0,3.0,18.916666666666668,1.0,0.0,4.0,0.0,2.0,16.6,1.0,0.0,4.0,8.174999999999999,1.0,2.25,0.0,0.0,3.0,3.0666666666666664,1.0,0.0
emergency_response_seed1,emergency_response,1,279.25,294.25,34.0,6.028524763792472,9.838235294117647,14.0,5.75,1.0,13.293452542735885,0.0,0.0,0.0,0.0,0.06666666666666667,0.0,0.0,0.0,8.0,0.9634331499424295,20.5625,50.25,6.0,0.0,0.13333333333333333,0.0,0.13333333333333333,0.3713888888888889,2.0,1.6156398925052575,16.95,33.9,1.0,0.0,0.0,0.0,0.0,0.5,1.0,0.0,4.1,4.1,1.0,0.0,0.0,0.0,0.06666666666666667,0.2733333333333333,6.0,4.757025554367934,17.983333333333334,50.3,4.0,0.0,0.13333333333333333,0.0,0.06666666666666667,0.2988888888888889,2.0,4.632585919595678,9.6,19.2,1.0,0.0,0.06666666666666667,0.0,0.0,0.36,0.0,0.0,0.0,0.0,0.0,0.0,0.0,0.06666666666666667,0.0,0.0,3.0,4.221582325721512,1.6333333333333335,4.9,1.0,0.0,0.06666666666666667,0.0,0.06666666666666667,0.1088888888888889,1.0,11.422170829323136,0.0,0.0,0.0,2.0,0.06666666666666667,0.13333333333333333,-0.13333333333333333,-1.596666666666667,1.0,11.98072943548439,0.0,0.0,0.0,0.0,0.06666666666666667,0.0,0.0,0.0,1.0,13.835816592434421,0.0,0.0,0.0,0.0,0.06666666666666667,0.06666666666666667,0.0,0.0,0.0,0.0,0.0,0.0,0.0,2.0,0.0,0.2,-0.13333333333333333,-2.0599999999999996,0.0,0.0,5.0,0.0,3.0,19.583333333333332,1.0,0.0,3.0,0.0,2.0,17.1,1.0,0.0,4.0,8.924999999999999,1.0,3.25,0.0,0.0,3.0,3.4,1.0,0.0
emergency_response_seed1,emergency_response,1,280.25,295.25,34.0,6.340976680381085,10.272058823529411,15.0,4.75,1.0,13.243341487686537,0.0,0.0,0.0,0.0,0.06666666666666667,0.0,0.0,0.0,8.0,1.505699905378406,21.3125,51.25,6.0,0.0,0.13333333333333333,0.0,0.13333333333333333,0.37694444444444447,2.0,0.9485535371780409,17.45,34.9,1.0,0.0,0.0,0.0,0.0,0.5,1.0,0.0,5.1,5.1,1.0,0.0,0.0,0.0,0.06666666666666667,0.33999999999999997,6.0,4.764239596884941,18.650000000000002,51.3,4.0,0.0,0.13333333333333333,0.0,0.06666666666666667,0.2933333333333335,2.0,5.656730090368318,10.1,20.2,1.0,0.0,0.06666666666666667,0.0,0.0,0.3266666666666666,0.0,0.0,0.0,0.0,0.0,0.0,0.0,0.06666666666666667,0.0,0.0,3.0,4.169570915337883,2.216666666666667,5.9,2.0,0.0,0.06666666666666667,0.0,0.13333333333333333,0.14777777777777779,1.0,13.512967538325617,0.0,0.0,0.0,2.0,0.06666666666666667,0.13333333333333333,-0.13333333333333333,-1.6633333333333336,1.0,9.762432715392588,0.0,0.0,0.0,0.0,0.06666666666666667,0.0,0.0,0.0,1.0,13.84897592768306,0.0,0.0,0.0,0.0,0.06666666666666667,0.06666666666666667,0.0,0.0,0.0,0.0,0.0,0.0,0.0,2.0,0.0,0.2,-0.13333333333333333,-2.1044444444444443,0.0,0.0,4.0,0.0,3.0,20.25,1.0,0.0,2.0,0.0,2.0,17.6,1.0,0.0,4.0,9.674999999999999,1.0,4.25,0.0,0.0,3.0,3.733333333333333,1.0,0.0
emergency_response_seed1,emergency_response,1,281.25,296.25,34.0,6.360184361751954,10.713235294117647,15.0,3.75,1.0,13.258139093351472,0.0,0.0,0.0,0.0,0.06666666666666667,0.0,0.0,0.0,8.0,2.0306345772840233,22.0625,52.25,6.0,0.0,0.13333333333333333,0.0,0.13333333333333333,0.38250000000000006,2.0,0.5152991434868761,17.95,35.9,1.0,0.0,0.0,0.0,0.0,0.5,1.0,0.0,6.1,6.1,1.0,0.0,0.0,0.0,0.06666666666666667,0.4066666666666666,6.0,4.59111424890659,19.316666666666666,52.3,4.0,0.0,0.13333333333333333,0.0,0.06666666666666667,0.28777777777777774,2.0,6.504139673351044,10.6,21.2,1.0,0.0,0.06666666666666667,0.0,0.0,0.2933333333333333,0.0,0.0,0.0,0.0,0.0,0.0,0.0,0.06666666666666667,0.0,0.0,3.0,4.18426276988904,2.8833333333333333,6.9,2.0,0.0,0.06666666666666667,0.0,0.13333333333333333,0.1922222222222222,1.0,13.88029040609952,0.0,0.0,0.0,2.0,0.06666666666666667,0.13333333333333333,-0.13333333333333333,-1.7300000000000002,1.0,5.762571653990217,0.0,0.0,0.0,0.0,0.06666666666666667,0.0,0.0,0.0,1.0,12.733670285322354,0.0,0.0,0.0,0.0,0.06666666666666667,0.0,0.0,0.0,0.0,0.0,0.0,0.0,0.0,2.0,0.0,0.2,-0.13333333333333333,-2.1488888888888886,0.0,0.0,5.0,0.0,3.0,20.916666666666668,1.0,0.0,2.0,0.0,2.0,18.375,1.0,0.0,4.0,10.424999999999999,1.0,5.25,0.0,0.0,3.0,4.066666666666666,1.0,0.0
emergency_response_seed1,emergency_response,1,282.25,297.25,33.0,5.989373732440728,11.492424242424242,15.0,2.75,1.0,13.302858239315372,0.0,0.0,0.0,0.0,0.06666666666666667,0.0,0.0,0.0,8.0,2.563904201924311,22.8125,53.25,6.0,0.0,0.13333333333333333,0.0,0.06666666666666667,0.3802777777777777,2.0,0.2582768229051823,18.45,36.9,1.0,0.0,0.0,0.0,0.0,0.5,1.0,0.0,7.1,7.1,1.0,0.0,0.0,0.0,0.06666666666666667,0.47333333333333333,6.0,3.952061855462459,19.983333333333334,53.3,4.0,0.0,0.13333333333333333,0.0,0.06666666666666667,0.28222222222222226,2.0,6.501981222225319,11.1,22.2,1.0,0.0,0.06666666666666667,0.0,0.0,0.25999999999999995,0.0,0.0,0.0,0.0,0.0,0.0,0.0,0.06666666666666667,0.0,0.0,3.0,4.174688981651744,3.5500000000000003,7.9,2.0,0.0,0.06666666666666667,0.0,0.13333333333333333,0.2366666666666667,1.0,13.871438183392165,0.0,0.0,0.0,2.0,0.06666666666666667,0.13333333333333333,-0.13333333333333333,-1.7966666666666669,1.0,1.7625716539902139,0.0,0.0,0.0,0.0,0.0,0.0,0.0,0.0,1.0,8.254086679156327,0.0,0.0,0.0,0.0,0.06666666666666667,0.0,0.0,0.0,0.0,0.0,0.0,0.0,0.0,2.0,0.0,0.2,-0.13333333333333333,-2.1933333333333334,0.0,0.0,4.0,0.0,3.0,21.583333333333332,1.0,0.0,1.0,0.0,2.0,19.375,1.0,0.0,4.0,11.174999999999999,1.0,6.25,0.0,0.0,3.0,4.3999999999999995,1.0,0.0
emergency_response_seed1,emergency_response,1,283.25,298.25,32.0,5.414754091569341,12.3390625,16.0,1.75,1.0,9.068354094118993,0.0,0.0,0.0,0.0,0.06666666666666667,0.0,0.0,0.0,8.0,3.0977992963576706,23.5625,54.25,6.0,0.0,0.13333333333333333,0.0,0.06666666666666667,0.37472222222222223,2.0,0.12184199650342545,18.95,37.9,1.0,0.0,0.0,0.0,0.0,0.5,1.0,0.0,8.1,8.1,1.0,0.0,0.0,0.0,0.06666666666666667,0.5399999999999999,6.0,3.3189400900425876,20.650000000000002,54.3,4.0,0.0,0.13333333333333333,0.0,0.06666666666666667,0.2766666666666668,2.0,6.500844786344412,11.6,23.2,1.0,0.0,0.06666666666666667,0.0,0.0,0.22666666666666668,0.0,0.0,0.0,0.0,0.0,0.0,0.0,0.06666666666666667,0.0,0.0,3.0,4.185878068046913,4.216666666666667,8.9,2.0,0.0,0.06666666666666667,0.0,0.13333333333333333,0.28111111111111114,1.0,13.868668328727363,0.0,0.0,0.0,2.0,0.06666666666666667,0.13333333333333333,-0.13333333333333333,-1.8633333333333335,1.0,0.0,0.6,0.6,1.0,0.0,0.0,0.0,0.06666666666666667,0.04,1.0,3.754086679156333,0.0,0.0,0.0,0.0,0.06666666666666667,0.0,0.0,0.0,0.0,0.0,0.0,0.0,0.0,2.0,0.0,0.2,-0.13333333333333333,-2.2377777777777776,1.0,0.0,3.0,0.0,3.0,22.25,1.0,0.0,1.0,0.0,2.0,20.375,1.0,0.0,4.0,11.924999999999999,1.0,7.25,0.0,0.0,3.0,4.733333333333333,1.0,0.0
emergency_response_seed1,emergency_response,1,284.25,299.25,33.0,5.07031630157704,12.456060606060607,17.0,0.75,1.0,4.585833084961775,0.0,0.0,0.0,0.0,0.06666666666666667,0.0,0.0,0.0,8.0,3.4175023815015932,24.3125,55.25,6.0,0.0,0.13333333333333333,0.0,0.06666666666666667,0.36916666666666653,2.0,0.057189217794983635,19.45,38.9,1.0,0.0,0.0,0.0,0.0,0.5,1.0,0.0,9.1,9.1,1.0,0.0,0.0,0.0,0.06666666666666667,0.6066666666666667,6.0,2.3962876092452476,21.316666666666666,55.3,4.0,0.0,0.13333333333333333,0.0,0.06666666666666667,0.2711111111111111,2.0,6.487116514324759,12.1,24.2,1.0,0.0,0.06666666666666667,0.0,0.0,0.19333333333333336,0.0,0.0,0.0,0.0,0.0,0.0,0.0,0.06666666666666667,0.0,0.0,4.0,4.436915117885461,3.6625,9.9,2.0,0.0,0.13333333333333333,0.0,0.13333333333333333,0.24416666666666667,1.0,13.86354712733184,0.0,0.0,0.0,2.0,0.06666666666666667,0.13333333333333333,-0.13333333333333333,-1.9300000000000002,1.0,0.0,1.6,1.6,1.0,0.0,0.0,0.0,0.06666666666666667,0.10666666666666667,1.0,0.0,0.2,0.2,1.0,0.0,0.06666666666666667,0.0,0.06666666666666667,0.013333333333333334,0.0,0.0,0.0,0.0,0.0,2.0,0.0,0.2,-0.13333333333333333,-2.282222222222222,1.0,0.0,3.0,0.0,3.0,22.916666666666668,1.0,0.0,1.0,0.0,2.0,21.375,1.0,0.0,4.0,12.674999999999999,1.0,8.25,0.0,0.0,3.0,5.066666666666666,1.0,0.0
emergency_response_seed1,emergency_response,1,290.25,305.25,37.0,4.893823275424335,3.075675675675676,6.0,27.75,0.0,0.0,0.0,0.0,0.0,2.0,0.0,0.06666666666666667,0.0,0.0,7.0,2.948948772217629,0.0,0.0,0.0,2.0,0.13333333333333333,0.06666666666666667,-0.3333333333333333,-1.5850000000000002,3.0,1.586497690437046,16.916666666666668,44.9,2.0,0.0,0.06666666666666667,0.0,0.06666666666666667,0.13111111111111123,1.0,5.035035330533436,0.0,0.0,0.0,2.0,0.06666666666666667,0.06666666666666667,-0.06666666666666667,-0.006666666666666667,5.0,1.7028946780966034,0.0,0.0,0.0,2.0,0.0,0.06666666666666667,-0.26666666666666666,-1.0211111111111113,2.0,3.3100568518247213,15.1,30.2,1.0,0.0,0.0,0.0,0.0,0.5,1.0,13.876654437667458,0.0,0.0,0.0,2.0,0.06666666666666667,0.0,0.0,0.0,4.0,4.0939230171940695,6.6625,15.9,2.0,0.0,0.06666666666666667,0.0,0.06666666666666667,0.42416666666666664,1.0,3.4750194279745377,0.0,0.0,0.0,0.0,0.0,0.06666666666666667,0.0,0.0,0.0,0.0,0.0,0.0,0.0,2.0,0.0,0.06666666666666667,0.0,0.0,2.0,2.853363344731016,3.1,6.2,1.0,0.0,0.06666666666666667,0.0,0.06666666666666667,0.20666666666666667,1.0,11.990113824829459,0.0,0.0,0.0,0.0,0.06666666666666667,0.13333333333333333,0.0,0.0,1.0,0.0,2.0,0.0,3.0,26.916666666666668,0.0,0.0,2.0,0.0,3.0,18.25,0.0,0.0,4.0,17.95,1.0,14.25,1.0,0.0,3.0,7.066666666666666,1.0,1.3
emergency_response_seed1,emergency_response,1,291.25,306.25,37.0,5.2854603621519765,3.2445945945945946,7.0,26.75,0.0,0.0,0.0,0.0,0.0,2.0,0.0,0.06666666666666667,0.0,0.0,7.0,2.933803906157116,0.0,0.0,0.0,2.0,0.13333333333333333,0.06666666666666667,-0.3333333333333333,-1.6405555555555555,3.0,2.2089769013552574,17.583333333333332,45.9,2.0,0.0,0.06666666666666667,0.0,0.06666666666666667,0.1422222222222222,1.0,7.234015113714539,0.0,0.0,0.0,2.0,0.06666666666666667,0.06666666666666667,-0.06666666666666667,-0.07333333333333333,4.0,2.5014236790409567,0.0,0.0,0.0,2.0,0.0,0.13333333333333333,-0.26666666666666666,-1.0655555555555556,2.0,2.0805368652348784,15.6,31.2,1.0,0.0,0.0,0.0,0.0,0.5,1.0,13.85416761077242,0.0,0.0,0.0,2.0,0.06666666666666667,0.0,0.0,0.0,4.0,3.7130892120303267,7.1625,16.9,2.0,0.0,0.06666666666666667,0.0,0.06666666666666667,0.43527777777777776,1.0,0.0,0.25,0.25,1.0,0.0,0.0,0.06666666666666667,0.06666666666666667,0.016666666666666666,0.0,0.0,0.0,0.0,0.0,2.0,0.0,0.06666666666666667,0.0,0.0,2.0,4.160391793055433,3.6,7.2,1.0,0.0,0.06666666666666667,0.0,0.06666666666666667,0.24000000000000002,1.0,11.980305754586588,0.0,0.0,0.0,0.0,0.06666666666666667,0.13333333333333333,0.0,0.0,1.0,0.0,2.0,0.0,3.0,27.583333333333332,0.0,0.0,2.0,0.0,3.0,18.916666666666668,0.0,0.0,5.0,15.16,1.0,15.25,1.0,0.0,3.0,7.3999999999999995,1.0,2.3
emergency_response_seed1,emergency_response,1,292.25,307.25,36.0,5.387214696053629,3.529166666666667,7.0,25.75,0.0,0.0,0.0,0.0,0.0,2.0,0.0,0.06666666666666667,0.0,0.0,6.0,2.9532903862065347,0.0,0.0,0.0,2.0,0.06666666666666667,0.13333333333333333,-0.3333333333333333,-1.4538095238095239,3.0,2.8623807338408387,18.25,46.9,2.0,0.0,0.06666666666666667,0.0,0.06666666666666667,0.15333333333333338,1.0,9.272158730595766,0.0,0.0,0.0,2.0,0.06666666666666667,0.06666666666666667,-0.06666666666666667,-0.14,5.0,4.049297162028635,0.0,0.0,0.0,2.0,0.06666666666666667,0.13333333333333333,-0.26666666666666666,-1.11,2.0,1.1208955393622457,16.1,32.2,1.0,0.0,0.0,0.0,0.0,0.5000000000000001,1.0,13.867857837949414,0.0,0.0,0.0,2.0,0.06666666666666667,0.0,0.0,0.0,4.0,3.542324778918793,7.6625,17.9,2.0,0.0,0.06666666666666667,0.0,0.06666666666666667,0.44638888888888884,1.0,0.0,1.25,1.25,1.0,0.0,0.0,0.0,0.06666666666666667,0.08333333333333333,0.0,0.0,0.0,0.0,0.0,2.0,0.0,0.06666666666666667,0.0,0.0,2.0,5.3637446060741585,4.1,8.2,1.0,0.0,0.06666666666666667,0.0,0.06666666666666667,0.2733333333333333,1.0,11.97101515356917,0.0,0.0,0.0,0.0,0.06666666666666667,0.06666666666666667,0.0,0.0,1.0,0.0,2.0,0.0,3.0,28.25,0.0,0.0,1.0,0.0,3.0,19.583333333333332,0.0,0.0,5.0,15.959999999999999,1.0,16.25,1.0,0.0,3.0,7.866666666666666,1.0,3.3
emergency_response_seed1,emergency_response,1,293.25,308.25,37.0,6.146219803102523,3.6243243243243244,8.0,24.75,0.0,0.0,0.0,0.0,0.0,2.0,0.0,0.06666666666666667,0.0,0.0,6.0,3.3426224589644384,0.0,0.0,0.0,2.0,0.06666666666666667,0.13333333333333333,-0.4,-1.5095238095238095,3.0,3.498886895721897,18.916666666666668,47.9,2.0,0.0,0.06666666666666667,0.0,0.06666666666666667,0.16444444444444456,1.0,11.283248560878842,0.0,0.0,0.0,2.0,0.06666666666666667,0.06666666666666667,-0.06666666666666667,-0.20666666666666667,4.0,5.423682142674343,0.0,0.0,0.0,2.0,0.06666666666666667,0.2,-0.26666666666666666,-1.1544444444444444,2.0,0.5295056697741399,16.6,33.2,1.0,0.0,0.0,0.0,0.0,0.5000000000000001,1.0,13.82561589300749,0.0,0.0,0.0,2.0,0.06666666666666667,0.0,0.0,0.0,4.0,3.4937276713518877,8.174999999999999,18.9,3.0,0.0,0.06666666666666667,0.0,0.13333333333333333,0.45833333333333326,1.0,0.0,2.25,2.25,1.0,0.0,0.0,0.0,0.06666666666666667,0.15,0.0,0.0,0.0,0.0,0.0,2.0,0.0,0.06666666666666667,0.0,0.0,3.0,6.661864235812277,3.0666666666666664,9.2,1.0,0.0,0.13333333333333333,0.0,0.06666666666666667,0.20444444444444443,1.0,11.97143837143667,0.0,0.0,0.0,0.0,0.06666666666666667,0.06666666666666667,0.0,0.0,1.0,0.0,1.0,0.0,3.0,28.95,0.0,0.0,1.0,0.0,3.0,20.25,0.0,0.0,5.0,16.759999999999998,1.0,17.25,1.0,0.0,3.0,8.533333333333333,1.0,4.3
emergency_response_seed1,emergency_response,1,294.25,309.25,36.0,6.8148888152500025,3.947222222222222,8.0,23.75,0.0,0.0,0.0,0.0,0.0,2.0,0.0,0.06666666666666667,0.0,0.0,5.0,3.648823281593141,0.0,0.0,0.0,2.0,0.0,0.2,-0.4,-1.3708333333333333,3.0,4.1737262516506455,19.583333333333332,48.9,2.0,0.0,0.06666666666666667,0.0,0.06666666666666667,0.17555555555555552,1.0,13.258933783322039,0.0,0.0,0.0,2.0,0.06666666666666667,0.06666666666666667,-0.06666666666666667,-0.2733333333333333,3.0,6.872443553198171,0.0,0.0,0.0,2.0,0.06666666666666667,0.26666666666666666,-0.26666666666666666,-1.198888888888889,2.0,0.21541002526228764,17.1,34.2,1.0,0.0,0.0,0.0,0.0,0.5000000000000001,1.0,13.884246278636857,0.0,0.0,0.0,2.0,0.06666666666666667,0.0,0.0,0.0,4.0,3.463397422475835,8.924999999999999,19.9,3.0,0.0,0.06666666666666667,0.0,0.13333333333333333,0.486111111111111,1.0,0.0,3.25,3.25,1.0,0.0,0.0,0.0,0.06666666666666667,0.21666666666666667,0.0,0.0,0.0,0.0,0.0,2.0,0.0,0.06666666666666667,0.0,0.0,3.0,7.773536316979801,3.4,10.2,1.0,0.0,0.13333333333333333,0.0,0.06666666666666667,0.22666666666666666,1.0,11.999062667288818,0.0,0.0,0.0,0.0,0.06666666666666667,0.0,0.0,0.0,1.0,0.0,1.0,0.0,3.0,29.95,0.0,0.0,1.0,0.0,3.0,20.916666666666668,0.0,0.0,6.0,14.633333333333333,2.0,9.125,1.0,0.0,3.0,9.2,1.0,5.3
emergency_response_seed1,emergency_response,1,295.25,310.25,36.0,7.359281775481157,4.169444444444444,8.0,22.75,0.0,0.0,0.0,0.0,0.0,2.0,0.0,0.06666666666666667,0.0,0.0,4.0,4.0792934723626395,0.0,0.0,0.0,2.0,0.0,0.26666666666666666,-0.4,-1.4208333333333334,3.0,4.618747139680427,20.25,49.9,2.0,0.0,0.06666666666666667,0.0,0.06666666666666667,0.1866666666666667,1.0,15.244355944137487,0.0,0.0,0.0,2.0,0.06666666666666667,0.06666666666666667,-0.06666666666666667,-0.33999999999999997,2.0,8.519487185790023,0.0,0.0,0.0,2.0,0.06666666666666667,0.3333333333333333,-0.26666666666666666,-1.2433333333333334,2.0,0.08112899641925565,17.6,35.2,1.0,0.0,0.0,0.0,0.0,0.5000000000000001,1.0,13.842091609670316,0.0,0.0,0.0,2.0,0.06666666666666667,0.0,0.0,0.0,4.0,2.7315916210452795,9.674999999999999,20.9,3.0,0.0,0.06666666666666667,0.0,0.06666666666666667,0.4972222222222221,1.0,0.0,4.25,4.25,1.0,0.0,0.0,0.0,0.06666666666666667,0.2833333333333333,0.0,0.0,0.0,0.0,0.0,2.0,0.0,0.06666666666666667,0.0,0.0,3.0,8.348045009250797,3.733333333333333,11.2,1.0,0.0,0.13333333333333333,0.0,0.06666666666666667,0.24888888888888885,1.0,11.975535127306356,0.0,0.0,0.0,0.0,0.06666666666666667,0.0,0.0,0.0,1.0,0.0,1.0,0.0,3.0,30.950000000000003,0.0,0.0,1.0,0.0,3.0,21.583333333333332,0.0,0.0,6.0,15.299999999999999,2.0,9.625,1.0,0.0,3.0,9.866666666666665,1.0,6.3
emergency_response_seed1,emergency_response,1,296.25,311.25,37.0,7.649219937878117,4.287837837837838,9.0,21.75,0.0,0.0,0.0,0.0,0.0,2.0,0.0,0.06666666666666667,0.0,0.0,5.0,5.133499161045182,0.0,0.0,0.0,2.0,0.06666666666666667,0.26666666666666666,-0.4,-1.4708333333333334,3.0,4.624362471182898,20.916666666666668,50.9,2.0,0.0,0.06666666666666667,0.0,0.06666666666666667,0.1977777777777779,1.0,15.461914031041744,0.0,0.0,0.0,2.0,0.06666666666666667,0.06666666666666667,-0.06666666666666667,-0.4066666666666666,2.0,10.008579889001341,0.0,0.0,0.0,2.0,0.06666666666666667,0.3333333333333333,-0.26666666666666666,-1.2877777777777777,2.0,0.029672505969934832,18.375,36.2,2.0,0.0,0.0,0.0,0.06666666666666667,0.5183333333333333,1.0,13.882806948599173,0.0,0.0,0.0,2.0,0.06666666666666667,0.0,0.0,0.0,4.0,1.965075021413143,10.424999999999999,21.9,3.0,0.0,0.06666666666666667,0.0,0.06666666666666667,0.5027777777777778,1.0,0.0,5.25,5.25,1.0,0.0,0.0,0.0,0.06666666666666667,0.35,0.0,0.0,0.0,0.0,0.0,2.0,0.0,0.06666666666666667,0.0,0.0,3.0,8.940389614574164,4.066666666666666,12.2,1.0,0.0,0.13333333333333333,0.0,0.06666666666666667,0.2711111111111111,1.0,11.99890000199899,0.0,0.0,0.0,0.0,0.06666666666666667,0.0,0.0,0.0,1.0,0.0,1.0,0.0,3.0,31.950000000000003,0.0,0.0,1.0,0.0,3.0,22.25,0.0,0.0,6.0,15.966666666666667,2.0,10.125,1.0,0.0,3.0,10.533333333333333,1.0,7.3
emergency_response_seed1,emergency_response,1,297.25,312.25,37.0,7.96303572149374,4.531081081081081,9.0,20.75,0.0,0.0,0.0,0.0,0.0,2.0,0.0,0.06666666666666667,0.0,0.0,4.0,6.133184576769144,0.0,0.0,0.0,2.0,0.06666666666666667,0.3333333333333333,-0.4,-1.5208333333333333,3.0,4.620920813568713,21.583333333333332,51.9,2.0,0.0,0.06666666666666667,0.0,0.06666666666666667,0.20888888888888885,1.0,15.526569293757857,0.0,0.0,0.0,2.0,0.06666666666666667,0.06666666666666667,-0.06666666666666667,-0.47333333333333333,1.0,13.720115961983643,0.0,0.0,0.0,2.0,0.06666666666666667,0.4,-0.26666666666666666,-1.3322222222222222,2.0,0.01070635670245813,19.375,37.2,2.0,0.0,0.0,0.0,0.06666666666666667,0.5516666666666666,1.0,13.888189747339348,0.0,0.0,0.0,2.0,0.06666666666666667,0.0,0.0,0.0,4.0,1.2900390429273219,11.174999999999999,22.9,3.0,0.0,0.06666666666666667,0.0,0.06666666666666667,0.5083333333333332,1.0,0.0,6.25,6.25,1.0,0.0,0.0,0.0,0.06666666666666667,0.4166666666666667,0.0,0.0,0.0,0.0,0.0,2.0,0.0,0.06666666666666667,0.0,0.0,3.0,8.930606451108837,4.3999999999999995,13.2,1.0,0.0,0.13333333333333333,0.0,0.06666666666666667,0.2933333333333333,1.0,11.973255514302291,0.0,0.0,0.0,0.0,0.06666666666666667,0.0,0.0,0.0,0.0,0.0,1.0,0.0,3.0,32.95,0.0,0.0,2.0,0.0,3.0,22.916666666666668,0.0,0.0,6.0,16.633333333333333,2.0,10.625,1.0,0.0,3.0,11.200000000000001,1.0,8.3
emergency_response_seed1,emergency_response,1,298.25,313.25,37.0,8.294053312120877,4.774324324324325,9.0,19.75,1.0,12.674721074027314,0.0,0.0,0.0,2.0,0.06666666666666667,0.06666666666666667,0.0,0.0,3.0,7.2915711398343985,0.0,0.0,0.0,2.0,0.06666666666666667,0.4,-0.4,-1.5708333333333333,3.0,4.611519513418898,22.25,52.9,2.0,0.0,0.06666666666666667,0.0,0.06666666666666667,0.22000000000000006,1.0,15.45682994274232,0.0,0.0,0.0,2.0,0.06666666666666667,0.06666666666666667,-0.06666666666666667,-0.5399999999999999,1.0,13.836448377934286,0.0,0.0,0.0,2.0,0.06666666666666667,0.4,-0.26666666666666666,-1.3766666666666667,2.0,0.003908708905881107,20.375,38.2,2.0,0.0,0.0,0.0,0.06666666666666667,0.5850000000000001,1.0,13.857231824771734,0.0,0.0,0.0,2.0,0.06666666666666667,0.0,0.0,0.0,4.0,0.7577598737074004,11.924999999999999,23.9,3.0,0.0,0.06666666666666667,0.0,0.06666666666666667,0.5138888888888888,1.0,0.0,7.25,7.25,1.0,0.0,0.0,0.0,0.06666666666666667,0.48333333333333334,0.0,0.0,0.0,0.0,0.0,2.0,0.0,0.06666666666666667,-0.06666666666666667,-0.04,3.0,8.92994513034217,4.733333333333333,14.2,1.0,0.0,0.13333333333333333,0.0,0.06666666666666667,0.31555555555555553,1.0,11.980172060374171,0.0,0.0,0.0,0.0,0.06666666666666667,0.0,0.0,0.0,0.0,0.0,1.0,0.0,3.0,33.95,0.0,0.0,1.0,0.0,3.0,23.583333333333332,0.0,0.0,6.0,17.3,2.0,11.125,0.0,0.0,3.0,11.866666666666667,1.0,9.3
emergency_response_seed1,emergency_response,1,299.25,314.25,36.0,8.357736274307033,5.156944444444445,9.0,18.75,1.0,12.677540135519651,0.0,0.0,0.0,2.0,0.06666666666666667,0.06666666666666667,0.0,0.0,3.0,8.434357837406946,0.0,0.0,0.0,2.0,0.06666666666666667,0.4,-0.4,-1.6208333333333333,3.0,4.6177253459541445,22.916666666666668,53.9,2.0,0.0,0.06666666666666667,0.0,0.06666666666666667,0.23111111111111124,1.0,15.553942345501811,0.0,0.0,0.0,2.0,0.06666666666666667,0.06666666666666667,-0.06666666666666667,-0.6066666666666667,1.0,13.852934581076262,0.0,0.0,0.0,2.0,0.06666666666666667,0.4,-0.26666666666666666,-1.421111111111111,2.0,0.0014268536037567257,21.375,39.2,2.0,0.0,0.0,0.0,0.06666666666666667,0.6183333333333334,1.0,13.828641048262362,0.0,0.0,0.0,2.0,0.06666666666666667,0.0,0.0,0.0,4.0,0.38153918104884915,12.674999999999999,24.9,3.0,0.0,0.0,0.0,0.06666666666666667,0.6008333333333333,1.0,0.0,8.25,8.25,1.0,0.0,0.0,0.0,0.06666666666666667,0.55,0.0,0.0,0.0,0.0,0.0,2.0,0.0,0.06666666666666667,-0.06666666666666667,-0.10666666666666667,3.0,8.923480538173829,5.066666666666666,15.2,1.0,0.0,0.13333333333333333,0.0,0.0,0.3244444444444444,1.0,11.999388129597063,0.0,0.0,0.0,0.0,0.06666666666666667,0.0,0.0,0.0,0.0,0.0,2.0,0.0,3.0,34.95,0.0,0.0,1.0,0.0,3.0,24.25,0.0,0.0,6.0,17.966666666666665,2.0,11.625,0.0,0.0,3.0,12.833333333333334,1.0,10.3
emergency_response_seed1,emergency_response,1,300.25,315.25,38.0,8.778370370769782,5.122368421052632,9.0,17.75,1.0,12.67893564994198,0.0,0.0,0.0,2.0,0.06666666666666667,0.06666666666666667,-0.06666666666666667,-0.0033333333333333335,2.0,10.417259715744954,0.0,0.0,0.0,2.0,0.06666666666666667,0.4666666666666667,-0.4,-1.6708333333333334,3.0,4.6249552670028065,23.583333333333332,54.9,2.0,0.0,0.06666666666666667,0.0,0.0,0.21388888888888882,1.0,15.53593697590563,0.0,0.0,0.0,2.0,0.06666666666666667,0.06666666666666667,-0.06666666666666667,-0.6733333333333333,2.0,13.849092837203061,0.0,0.0,0.0,2.0,0.13333333333333333,0.4,-0.26666666666666666,-1.4655555555555557,2.0,0.0005161848814410487,22.375,40.2,2.0,0.0,0.0,0.0,0.06666666666666667,0.6516666666666667,1.0,13.859802241285799,0.0,0.0,0.0,2.0,0.06666666666666667,0.0,0.0,0.0,4.0,0.16326695661617743,13.424999999999999,25.9,3.0,0.0,0.0,0.0,0.06666666666666667,0.6174999999999999,1.0,0.0,9.25,9.25,1.0,0.0,0.0,0.0,0.06666666666666667,0.6166666666666667,1.0,13.853107583578677,0.0,0.0,0.0,2.0,0.06666666666666667,0.06666666666666667,-0.06666666666666667,-0.17333333333333334,3.0,8.787458569091797,5.3999999999999995,16.2,1.0,0.0,0.13333333333333333,0.0,0.0,0.27999999999999997,1.0,11.981988047829363,0.0,0.0,0.0,0.0,0.06666666666666667,0.0,0.0,0.0,0.0,0.0,2.0,0.0,3.0,35.95,0.0,0.0,1.0,0.0,3.0,24.916666666666668,0.0,0.0,6.0,18.633333333333333,2.0,12.125,0.0,0.0,4.0,10.375,1.0,11.3
emergency_response_seed1,emergency_response,1,301.25,316.25,38.0,8.713945581243491,5.359210526315789,9.0,16.75,1.0,12.672973044713565,0.0,0.0,0.0,2.0,0.06666666666666667,0.06666666666666667,-0.06666666666666667,-0.07,2.0,11.671441566292183,0.0,0.0,0.0,2.0,0.06666666666666667,0.4666666666666667,-0.4,-1.7208333333333334,3.0,3.6050714682918295,24.25,55.9,2.0,0.0,0.06666666666666667,0.0,0.0,0.19166666666666668,1.0,15.473894897477658,0.0,0.0,0.0,2.0,0.06666666666666667,0.06666666666666667,-0.06666666666666667,-0.74,2.0,13.853312133485103,0.0,0.0,0.0,2.0,0.13333333333333333,0.4,-0.26666666666666666,-1.5100000000000002,2.0,0.00018951747052051724,23.375,41.2,2.0,0.0,0.0,0.0,0.06666666666666667,0.685,1.0,13.849146868860117,0.0,0.0,0.0,2.0,0.06666666666666667,0.0,0.0,0.0,4.0,0.06349675699698717,14.175,26.9,3.0,0.0,0.0,0.0,0.06666666666666667,0.6341666666666668,1.0,0.0,10.25,10.25,1.0,0.0,0.0,0.0,0.06666666666666667,0.6833333333333333,1.0,13.884657324120635,0.0,0.0,0.0,2.0,0.06666666666666667,0.06666666666666667,-0.06666666666666667,-0.24000000000000002,3.0,7.50698285046597,5.733333333333333,17.2,1.0,0.0,0.13333333333333333,0.0,0.0,0.23555555555555555,1.0,10.95957981423773,0.0,0.0,0.0,0.0,0.06666666666666667,0.0,0.0,0.0,0.0,0.0,2.0,0.0,3.0,36.95,0.0,0.0,1.0,0.0,3.0,25.583333333333332,0.0,0.0,6.0,19.3,2.0,12.625,0.0,0.0,4.0,11.125,1.0,12.3
emergency_response_seed1,emergency_response,1,305.25,320.25,40.0,7.94042860520627,6.10125,11.0,12.75,1.0,12.664986974879707,0.0,0.0,0.0,2.0,0.06666666666666667,0.0,0.0,0.0,2.0,14.553744721755736,0.0,0.0,0.0,2.0,0.13333333333333333,0.4666666666666667,0.0,0.0,3.0,0.49673189101634563,26.916666666666668,59.9,2.0,0.0,0.0,0.0,0.0,0.6666666666666666,0.0,0.0,0.0,0.0,0.0,2.0,0.0,0.06666666666666667,0.0,0.0,2.0,13.867266382946749,0.0,0.0,0.0,2.0,0.13333333333333333,0.3333333333333333,0.0,0.0,3.0,0.08605806665566755,18.25,45.2,2.0,0.0,0.06666666666666667,0.0,0.06666666666666667,0.21000000000000002,0.0,0.0,0.0,0.0,0.0,2.0,0.0,0.06666666666666667,0.0,0.0,4.0,0.0011183975982952115,17.95,30.9,4.0,0.0,0.0,0.0,0.13333333333333333,0.7525,1.0,0.0,14.25,14.25,1.0,0.0,0.0,0.0,0.06666666666666667,0.95,1.0,13.881359783194494,0.0,0.0,0.0,2.0,0.06666666666666667,0.0,0.0,0.0,3.0,3.3672990883496694,7.066666666666666,21.2,1.0,0.0,0.06666666666666667,0.0,0.0,0.2644444444444444,1.0,0.0,1.3,1.3,1.0,0.0,0.0,0.0,0.06666666666666667,0.08666666666666667,0.0,0.0,2.0,0.0,4.0,30.712500000000002,1.0,0.0,1.0,0.0,3.0,28.25,0.0,0.0,6.0,21.96666666666667,2.0,14.625,0.0,0.0,4.0,14.125,1.0,16.3
emergency_response_seed1,emergency_response,1,306.25,321.25,41.0,7.8407697912419145,6.220731707317073,11.0,11.75,1.0,12.694475597414261,0.0,0.0,0.0,2.0,0.06666666666666667,0.0,0.0,0.0,2.0,14.539625078032028,0.0,0.0,0.0,2.0,0.13333333333333333,0.4666666666666667,0.0,0.0,3.0,0.21045471534295224,27.583333333333332,60.9,2.0,0.0,0.0,0.0,0.0,0.6666666666666666,0.0,0.0,0.0,0.0,0.0,2.0,0.0,0.06666666666666667,0.0,0.0,2.0,13.882125380673795,0.0,0.0,0.0,2.0,0.13333333333333333,0.26666666666666666,0.0,0.0,3.0,0.8370911091784373,18.916666666666668,46.2,2.0,0.0,0.06666666666666667,0.0,0.06666666666666667,0.2211111111111112,0.0,0.0,0.0,0.0,0.0,2.0,0.0,0.06666666666666667,0.0,0.0,5.0,0.39657002171322675,15.16,31.9,4.0,0.0,0.06666666666666667,0.0,0.13333333333333333,0.5331666666666667,1.0,0.0,15.25,15.25,1.0,0.0,0.0,0.0,0.0,1.0,1.0,13.85871576635167,0.0,0.0,0.0,2.0,0.06666666666666667,0.0,0.0,0.0,3.0,2.4178313573660257,7.3999999999999995,22.2,1.0,0.0,0.06666666666666667,0.0,0.0,0.2533333333333333,1.0,0.0,2.3,2.3,1.0,0.0,0.0,0.0,0.06666666666666667,0.15333333333333332,0.0,0.0,2.0,0.0,4.0,12.4875,1.0,0.0,1.0,0.0,3.0,8.516666666666667,0.0,0.0,6.0,22.633333333333336,2.0,15.125,0.0,0.0,4.0,14.875,1.0,17.3
emergency_response_seed1,emergency_response,1,307.25,322.25,40.0,7.78653411022552,6.66125,12.0,10.75,1.0,12.64757007565799,0.0,0.0,0.0,2.0,0.06666666666666667,0.0,0.0,0.0,2.0,14.51562755280058,0.0,0.0,0.0,2.0,0.13333333333333333,0.4,0.0,0.0,3.0,0.08244816487183299,28.25,61.9,2.0,0.0,0.0,0.0,0.0,0.6666666666666666,0.0,0.0,0.0,0.0,0.0,2.0,0.0,0.06666666666666667,0.0,0.0,1.0,13.872272985301912,0.0,0.0,0.0,2.0,0.06666666666666667,0.3333333333333333,0.0,0.0,3.0,1.4754975533424295,19.583333333333332,47.2,2.0,0.0,0.06666666666666667,0.0,0.06666666666666667,0.23222222222222205,0.0,0.0,0.0,0.0,0.0,2.0,0.0,0.06666666666666667,0.0,0.0,5.0,0.819007273398012,15.959999999999999,32.9,4.0,0.0,0.06666666666666667,0.0,0.13333333333333333,0.5531666666666666,1.0,0.0,16.25,16.25,1.0,0.0,0.0,0.0,0.0,1.0,1.0,13.863947988002328,0.0,0.0,0.0,2.0,0.06666666666666667,0.0,0.0,0.0,3.0,1.655973899886911,7.866666666666666,23.2,2.0,0.0,0.06666666666666667,0.0,0.06666666666666667,0.2511111111111111,1.0,0.0,3.3,3.3,1.0,0.0,0.0,0.0,0.06666666666666667,0.22,0.0,0.0,2.0,0.0,3.0,0.0,1.0,0.0,1.0,0.0,2.0,0.0,1.0,0.0,6.0,23.3,2.0,15.625,0.0,0.0,4.0,15.625,1.0,18.3
emergency_response_seed1,emergency_response,1,308.25,323.25,38.0,7.648436675164598,7.330263157894737,13.0,9.75,1.0,12.651098980707888,0.0,0.0,0.0,2.0,0.06666666666666667,0.0,0.0,0.0,1.0,12.509920695995449,0.0,0.0,0.0,2.0,0.06666666666666667,0.4,0.0,0.0,3.0,0.030234839922428383,28.95,62.9,3.0,0.0,0.0,0.0,0.06666666666666667,0.6688888888888888,0.0,0.0,0.0,0.0,0.0,2.0,0.0,0.06666666666666667,0.0,0.0,1.0,13.835681132983417,0.0,0.0,0.0,2.0,0.06666666666666667,0.26666666666666666,0.0,0.0,3.0,2.1323265975877677,20.25,48.2,2.0,0.0,0.06666666666666667,0.0,0.06666666666666667,0.24333333333333323,0.0,0.0,0.0,0.0,0.0,2.0,0.0,0.06666666666666667,0.0,0.0,5.0,1.2337565513705315,16.759999999999998,33.9,4.0,0.0,0.06666666666666667,0.0,0.06666666666666667,0.5723333333333332,1.0,0.0,17.25,17.25,1.0,0.0,0.0,0.0,0.0,1.0,1.0,13.831540318261833,0.0,0.0,0.0,2.0,0.06666666666666667,0.0,0.0,0.0,3.0,1.0594093471687718,8.533333333333333,24.2,2.0,0.0,0.0,0.0,0.06666666666666667,0.36444444444444446,1.0,0.0,4.3,4.3,1.0,0.0,0.0,0.0,0.06666666666666667,0.2866666666666667,0.0,0.0,2.0,0.0,3.0,0.0,1.0,0.0,1.0,0.0,2.0,0.0,1.0,0.0,6.0,23.96666666666667,2.0,16.125,0.0,0.0,4.0,16.375,1.0,19.3
emergency_response_seed1,emergency_response,1,309.25,324.25,39.0,7.434651710611878,7.475641025641026,13.0,8.75,1.0,12.65688232241066,0.0,0.0,0.0,2.0,0.06666666666666667,0.0,0.0,0.0,1.0,12.425349575446223,0.0,0.0,0.0,2.0,0.06666666666666667,0.3333333333333333,0.0,0.0,3.0,0.010998779995112994,29.95,63.9,3.0,0.0,0.0,0.0,0.06666666666666667,0.6911111111111111,0.0,0.0,0.0,0.0,0.0,2.0,0.0,0.06666666666666667,0.0,0.0,1.0,13.857500036697836,0.0,0.0,0.0,2.0,0.06666666666666667,0.2,0.0,0.0,3.0,2.7558361354083165,20.916666666666668,49.2,2.0,0.0,0.06666666666666667,0.0,0.06666666666666667,0.2544444444444444,0.0,0.0,0.0,0.0,0.0,2.0,0.0,0.06666666666666667,0.0,0.0,6.0,1.9407270231233096,14.633333333333333,34.9,4.0,0.0,0.13333333333333333,0.0,0.06666666666666667,0.3805555555555556,2.0,0.7193986483406779,9.125,18.25,1.0,0.0,0.06666666666666667,0.0,0.0,0.39166666666666666,1.0,13.882836785279215,0.0,0.0,0.0,2.0,0.06666666666666667,0.0,0.0,0.0,3.0,0.6148213152634808,9.2,25.2,2.0,0.0,0.0,0.0,0.06666666666666667,0.3866666666666666,1.0,0.0,5.3,5.3,1.0,0.0,0.0,0.0,0.06666666666666667,0.35333333333333333,0.0,0.0,2.0,0.0,3.0,0.0,1.0,0.0,1.0,0.65,2.0,0.0,1.0,0.0,6.0,24.766666666666666,2.0,16.625,0.0,0.0,5.0,13.7,2.0,10.15
emergency_response_seed1,emergency_response,1,310.25,325.25,38.0,7.496398653319307,8.014473684210527,13.0,7.75,1.0,12.647608140311043,0.0,0.0,0.0,2.0,0.06666666666666667,0.0,0.0,0.0,1.0,12.498339762969179,0.0,0.0,0.0,2.0,0.06666666666666667,0.26666666666666666,0.0,0.0,3.0,0.0039590880443647015,30.950000000000003,64.9,3.0,0.0,0.0,0.0,0.06666666666666667,0.7133333333333335,0.0,0.0,0.0,0.0,0.0,2.0,0.0,0.06666666666666667,0.0,0.0,1.0,13.837845165036619,0.0,0.0,0.0,2.0,0.06666666666666667,0.13333333333333333,0.0,0.0,3.0,3.3837362547444894,21.583333333333332,50.2,2.0,0.0,0.06666666666666667,0.0,0.06666666666666667,0.2655555555555554,0.0,0.0,0.0,0.0,0.0,2.0,0.0,0.06666666666666667,0.0,0.0,6.0,2.767830783270536,15.299999999999999,35.9,4.0,0.0,0.13333333333333333,0.0,0.06666666666666667,0.375,2.0,1.7290104706081386,9.625,19.25,1.0,0.0,0.06666666666666667,0.0,0.0,0.35833333333333334,1.0,13.84519132854417,0.0,0.0,0.0,2.0,0.06666666666666667,0.0,0.0,0.0,3.0,0.3308593568096936,9.866666666666665,26.2,2.0,0.0,0.0,0.0,0.06666666666666667,0.40888888888888886,1.0,0.0,6.3,6.3,1.0,0.0,0.0,0.0,0.06666666666666667,0.42,1.0,0.0,2.0,0.0,2.0,0.0,1.0,0.0,1.0,1.65,1.0,0.0,1.0,0.0,6.0,25.691666666666666,2.0,17.125,0.0,0.0,5.0,14.3,2.0,10.65
emergency_response_seed1,emergency_response,1,311.25,326.25,38.0,7.695929185462177,8.35657894736842,13.0,6.75,1.0,11.181051237686075,0.0,0.0,0.0,2.0,0.06666666666666667,0.0,0.0,0.0,1.0,12.485692289443458,0.0,0.0,0.0,2.0,0.06666666666666667,0.3333333333333333,0.0,0.0,3.0,0.0014570302078368129,31.950000000000003,65.9,3.0,0.0,0.0,0.0,0.06666666666666667,0.7355555555555556,0.0,0.0,0.0,0.0,0.0,2.0,0.0,0.06666666666666667,0.0,0.0,1.0,13.885905078876764,0.0,0.0,0.0,2.0,0.06666666666666667,0.13333333333333333,0.0,0.0,3.0,4.042248430558356,22.25,51.2,2.0,0.0,0.06666666666666667,0.0,0.0,0.25833333333333336,0.0,0.0,0.0,0.0,0.0,2.0,0.0,0.06666666666666667,0.0,0.0,6.0,3.5602805728227835,15.966666666666667,36.9,4.0,0.0,0.13333333333333333,0.0,0.06666666666666667,0.3694444444444445,2.0,2.725451811336335,10.125,20.25,1.0,0.0,0.06666666666666667,0.0,0.0,0.325,1.0,13.86958446030738,0.0,0.0,0.0,2.0,0.06666666666666667,0.0,0.0,0.0,3.0,0.1661969905015675,10.533333333333333,27.2,2.0,0.0,0.0,0.0,0.06666666666666667,0.4311111111111111,1.0,0.0,7.3,7.3,1.0,0.0,0.0,0.0,0.06666666666666667,0.48666666666666664,1.0,0.0,2.0,0.0,2.0,0.0,1.0,0.0,1.0,2.65,1.0,0.0,1.0,0.0,6.0,26.691666666666666,2.0,17.625,0.0,0.0,5.0,14.9,2.0,11.15
emergency_response_seed1,emergency_response,1,315.25,330.25,34.0,7.551059909318307,10.924999999999999,14.0,2.75,0.0,0.0,0.0,0.0,0.0,2.0,0.0,0.06666666666666667,0.0,0.0,2.0,13.15596186184371,0.0,0.0,0.0,2.0,0.13333333333333333,0.13333333333333333,0.0,0.0,3.0,2.5639060998189548e-05,35.95,69.9,3.0,0.0,0.0,0.0,0.06666666666666667,0.8244444444444448,0.0,0.0,0.0,0.0,0.0,2.0,0.0,0.06666666666666667,0.0,0.0,1.0,16.198857846602053,0.0,0.0,0.0,2.0,0.06666666666666667,0.13333333333333333,0.0,0.0,3.0,4.394131162873903,24.916666666666668,55.2,2.0,0.0,0.06666666666666667,0.0,0.0,0.16944444444444454,0.0,0.0,0.0,0.0,0.0,2.0,0.0,0.06666666666666667,0.0,0.0,6.0,5.478069939186743,18.633333333333333,40.9,4.0,0.0,0.13333333333333333,0.0,0.06666666666666667,0.34722222222222227,2.0,6.555276418021792,12.125,24.25,1.0,0.0,0.06666666666666667,0.0,0.0,0.19166666666666668,0.0,0.0,0.0,0.0,0.0,2.0,0.0,0.06666666666666667,0.0,0.0,4.0,0.10599331492306882,10.375,31.2,3.0,0.0,0.06666666666666667,0.0,0.13333333333333333,0.3316666666666667,1.0,0.0,11.3,11.3,1.0,0.0,0.0,0.0,0.06666666666666667,0.7533333333333334,1.0,0.0,2.0,1.15,1.0,0.0,1.0,0.0,2.0,3.325,0.0,0.0,1.0,0.0,7.0,26.307142857142857,2.0,20.1,0.0,0.0,5.0,17.3,2.0,13.15
emergency_response_seed1,emergency_response,1,316.25,331.25,34.0,7.794174572499297,11.336764705882352,14.0,1.75,0.0,0.0,0.0,0.0,0.0,2.0,0.0,0.06666666666666667,0.0,0.0,2.0,13.157558360622964,0.0,0.0,0.0,2.0,0.13333333333333333,0.13333333333333333,0.0,0.0,3.0,9.138264096258552e-06,36.95,70.9,3.0,0.0,0.0,0.0,0.06666666666666667,0.8466666666666669,0.0,0.0,0.0,0.0,0.0,2.0,0.0,0.06666666666666667,0.0,0.0,1.0,16.164668457924574,0.0,0.0,0.0,2.0,0.06666666666666667,0.13333333333333333,0.0,0.0,3.0,4.385347199539622,25.583333333333332,56.2,2.0,0.0,0.06666666666666667,0.0,0.0,0.14722222222222214,0.0,0.0,0.0,0.0,0.0,2.0,0.0,0.06666666666666667,0.0,0.0,6.0,5.519197807883995,19.3,41.9,4.0,0.0,0.13333333333333333,0.0,0.06666666666666667,0.3416666666666667,2.0,6.933326392914169,12.625,25.25,1.0,0.0,0.06666666666666667,0.0,0.0,0.15833333333333333,0.0,0.0,0.0,0.0,0.0,2.0,0.0,0.06666666666666667,0.0,0.0,4.0,0.5415985135712683,11.125,32.2,3.0,0.0,0.06666666666666667,0.0,0.13333333333333333,0.35944444444444446,1.0,0.0,12.3,12.3,1.0,0.0,0.0,0.0,0.06666666666666667,0.8200000000000001,1.0,0.0,2.0,1.65,1.0,0.0,1.0,0.0,2.0,3.825,0.0,0.0,1.0,0.0,7.0,27.164285714285715,2.0,21.1,0.0,0.0,5.0,17.9,2.0,13.65
emergency_response_seed1,emergency_response,1,322.25,337.25,32.0,6.08869287352449,7.8703125,9.0,10.75,0.0,0.0,0.0,0.0,0.0,0.0,0.0,0.06666666666666667,0.0,0.0,2.0,11.67227286675464,0.0,0.0,0.0,0.0,0.13333333333333333,0.13333333333333333,0.0,0.0,3.0,4.472108784994119,0.0,0.0,0.0,2.0,0.06666666666666667,0.06666666666666667,-0.13333333333333333,-1.8833333333333333,1.0,11.978826059543062,0.0,0.0,0.0,0.0,0.06666666666666667,0.0,0.0,0.0,1.0,7.681347813710122,0.0,0.0,0.0,0.0,0.06666666666666667,0.06666666666666667,0.0,0.0,2.0,1.81894027958695,0.0,0.0,0.0,2.0,0.0,0.06666666666666667,-0.13333333333333333,-1.3055555555555556,1.0,13.849184151827359,0.0,0.0,0.0,0.0,0.06666666666666667,0.0,0.0,0.0,6.0,0.4113170173473089,23.3,47.9,4.0,0.0,0.06666666666666667,0.0,0.0,0.48933333333333345,2.0,5.702187521280277,15.625,31.25,1.0,0.0,0.06666666666666667,0.0,0.0,-0.041666666666666664,0.0,0.0,0.0,0.0,0.0,0.0,0.0,0.06666666666666667,0.0,0.0,4.0,2.994991437380414,15.625,38.2,3.0,0.0,0.06666666666666667,0.0,0.06666666666666667,0.5172222222222222,1.0,0.0,18.3,18.3,1.0,0.0,0.0,0.0,0.0,1.0,1.0,0.0,4.0,2.325,0.0,0.0,0.0,0.0,3.0,4.55,1.0,0.0,0.0,0.0,6.0,4.391666666666667,2.0,27.1,1.0,0.0,4.0,0.0,2.0,16.65
emergency_response_seed1,emergency_response,1,323.25,338.25,30.0,5.699598829637382,8.695,9.0,9.75,0.0,0.0,0.0,0.0,0.0,0.0,0.0,0.06666666666666667,0.0,0.0,2.0,11.668907422775249,0.0,0.0,0.0,0.0,0.13333333333333333,0.06666666666666667,0.0,0.0,3.0,6.113751462214501,0.0,0.0,0.0,2.0,0.06666666666666667,0.06666666666666667,-0.2,-1.93,1.0,11.994599393326789,0.0,0.0,0.0,0.0,0.06666666666666667,0.0,0.0,0.0,1.0,2.181347813710118,0.0,0.0,0.0,0.0,0.06666666666666667,0.06666666666666667,0.0,0.0,2.0,2.6854455270702964,0.0,0.0,0.0,2.0,0.0,0.06666666666666667,-0.13333333333333333,-1.35,1.0,13.841361832405674,0.0,0.0,0.0,0.0,0.06666666666666667,0.0,0.0,0.0,6.0,0.13960091607456074,23.96666666666667,48.9,4.0,0.0,0.06666666666666667,0.0,0.0,0.48044444444444473,2.0,4.140560338583328,16.125,32.25,1.0,0.0,0.06666666666666667,0.0,0.0,-0.075,0.0,0.0,0.0,0.0,0.0,0.0,0.0,0.06666666666666667,0.0,0.0,4.0,2.9935003509439113,16.375,39.2,3.0,0.0,0.06666666666666667,0.0,0.06666666666666667,0.5227777777777778,1.0,0.0,19.3,19.3,1.0,0.0,0.0,0.0,0.0,1.0,0.0,0.0,4.0,2.575,0.0,0.0,0.0,0.0,3.0,4.883333333333334,1.0,0.0,0.0,0.0,6.0,0.0,2.0,28.1,1.0,0.0,5.0,0.0,2.0,17.15
emergency_response_seed1,emergency_response,1,324.25,339.25,31.0,5.408193211868859,8.751612903225807,11.0,8.75,0.0,0.0,0.0,0.0,0.0,0.0,0.0,0.06666666666666667,0.0,0.0,2.0,11.679406889812284,0.0,0.0,0.0,0.0,0.13333333333333333,0.06666666666666667,0.0,0.0,3.0,7.806212086754198,0.0,0.0,0.0,2.0,0.06666666666666667,0.06666666666666667,-0.2,-1.9966666666666666,1.0,11.991179899766575,0.0,0.0,0.0,0.0,0.06666666666666667,0.0,0.0,0.0,1.0,0.0,0.65,0.65,1.0,0.0,0.06666666666666667,0.06666666666666667,0.06666666666666667,0.043333333333333335,2.0,4.071514689455561,0.0,0.0,0.0,2.0,0.0,0.06666666666666667,-0.13333333333333333,-1.3944444444444446,1.0,13.887994022616185,0.0,0.0,0.0,0.0,0.06666666666666667,0.0,0.0,0.0,6.0,0.038847915284188385,24.766666666666666,49.9,5.0,0.0,0.0,0.0,0.06666666666666667,0.6755555555555556,2.0,2.764008827248014,16.625,33.25,1.0,0.0,0.0,0.0,0.0,0.5,0.0,0.0,0.0,0.0,0.0,0.0,0.0,0.06666666666666667,0.0,0.0,5.0,3.0805786695772395,13.7,40.2,3.0,0.0,0.13333333333333333,0.0,0.06666666666666667,0.3,2.0,0.24724498362236214,10.15,20.3,1.0,0.0,0.06666666666666667,0.0,0.0,0.32333333333333336,0.0,0.0,4.0,2.825,0.0,0.0,0.0,0.0,3.0,5.216666666666667,1.0,0.0,0.0,0.0,6.0,0.0,2.0,29.1,1.0,0.0,4.0,0.0,2.0,17.65
emergency_response_seed1,emergency_response,1,325.25,340.25,32.0,6.010302969052384,8.8390625,12.0,7.75,1.0,13.867893788217335,0.0,0.0,0.0,0.0,0.06666666666666667,0.06666666666666667,0.0,0.0,2.0,10.953891286427812,0.0,0.0,0.0,0.0,0.13333333333333333,0.06666666666666667,0.0,0.0,2.0,10.178128817043682,0.0,0.0,0.0,2.0,0.06666666666666667,0.13333333333333333,-0.2,-2.0633333333333335,1.0,11.981491780306678,0.0,0.0,0.0,0.0,0.06666666666666667,0.0,0.0,0.0,1.0,0.0,1.65,1.65,1.0,0.0,0.06666666666666667,0.06666666666666667,0.06666666666666667,0.11,1.0,5.117336270690433,0.0,0.0,0.0,2.0,0.0,0.13333333333333333,-0.13333333333333333,-1.4388888888888889,1.0,13.875700754688587,0.0,0.0,0.0,0.0,0.06666666666666667,0.0,0.0,0.0,6.0,0.009902167851495797,25.691666666666666,50.9,6.0,0.0,0.0,0.0,0.13333333333333333,0.6927777777777778,2.0,1.6231593016403578,17.125,34.25,1.0,0.0,0.0,0.0,0.0,0.5,0.0,0.0,0.0,0.0,0.0,0.0,0.0,0.06666666666666667,0.0,0.0,5.0,3.5934510411078904,14.3,41.2,3.0,0.0,0.13333333333333333,0.0,0.06666666666666667,0.2955555555555557,2.0,1.334984431429006,10.65,21.3,1.0,0.0,0.06666666666666667,0.0,0.0,0.29000000000000004,0.0,0.0,4.0,3.075,0.0,0.0,0.0,0.0,3.0,5.55,1.0,0.0,0.0,0.0,5.0,0.0,2.0,30.1,1.0,0.0,4.0,0.0,2.0,18.15
emergency_response_seed1,emergency_response,1,326.25,341.25,32.0,6.274537211120795,9.2140625,12.0,6.75,1.0,13.835477890942713,0.0,0.0,0.0,0.0,0.06666666666666667,0.06666666666666667,0.0,0.0,2.0,8.69773305708981,0.0,0.0,0.0,0.0,0.13333333333333333,0.06666666666666667,0.0,0.0,2.0,11.045545166375042,0.0,0.0,0.0,2.0,0.06666666666666667,0.13333333333333333,-0.2,-2.1300000000000003,1.0,11.976477697275113,0.0,0.0,0.0,0.0,0.06666666666666667,0.0,0.0,0.0,1.0,0.0,2.65,2.65,1.0,0.0,0.06666666666666667,0.06666666666666667,0.06666666666666667,0.17666666666666667,1.0,6.681124690729095,0.0,0.0,0.0,2.0,0.0,0.13333333333333333,-0.13333333333333333,-1.4833333333333334,1.0,13.875481655711773,0.0,0.0,0.0,0.0,0.06666666666666667,0.0,0.0,0.0,6.0,0.002679384757934427,26.691666666666666,51.9,6.0,0.0,0.0,0.0,0.13333333333333333,0.715,2.0,0.8338383935117337,17.625,35.25,1.0,0.0,0.0,0.0,0.0,0.5,0.0,0.0,0.0,0.0,0.0,0.0,0.0,0.06666666666666667,0.0,0.0,5.0,4.060177518741696,14.9,42.2,3.0,0.0,0.13333333333333333,0.0,0.06666666666666667,0.29111111111111115,2.0,2.32346209177031,11.15,22.3,1.0,0.0,0.06666666666666667,0.0,0.0,0.2566666666666667,0.0,0.0,4.0,3.5125,0.0,0.0,0.0,0.0,3.0,5.883333333333333,1.0,0.0,0.0,0.0,5.0,0.0,2.0,31.1,1.0,0.0,3.0,0.0,2.0,18.65
emergency_response_seed1,emergency_response,1,327.25,342.25,32.0,6.558730567323873,9.5890625,12.0,5.75,1.0,13.834070428475972,0.0,0.0,0.0,0.0,0.06666666666666667,0.0,0.0,0.0,2.0,6.478161305557423,0.0,0.0,0.0,0.0,0.13333333333333333,0.06666666666666667,0.0,0.0,1.0,15.257356440065175,0.0,0.0,0.0,2.0,0.06666666666666667,0.2,-0.2,-2.1966666666666668,1.0,11.976970794985537,0.0,0.0,0.0,0.0,0.06666666666666667,0.0,0.0,0.0,1.0,0.0,3.65,3.65,1.0,0.0,0.0,0.06666666666666667,0.06666666666666667,0.24333333333333332,0.0,0.0,0.0,0.0,0.0,2.0,0.0,0.2,-0.13333333333333333,-1.527777777777778,1.0,13.835531175972429,0.0,0.0,0.0,0.0,0.06666666666666667,0.0,0.0,0.0,6.0,0.0007384129452936814,27.691666666666666,52.9,6.0,0.0,0.0,0.0,0.13333333333333333,0.7372222222222222,2.0,0.3697357329129214,18.125,36.25,1.0,0.0,0.0,0.0,0.0,0.5,0.0,0.0,0.0,0.0,0.0,0.0,0.0,0.06666666666666667,0.0,0.0,5.0,4.531853346002526,15.5,43.2,3.0,0.0,0.13333333333333333,0.0,0.06666666666666667,0.28666666666666657,2.0,3.3134639716076717,11.65,23.3,1.0,0.0,0.06666666666666667,0.0,0.0,0.2233333333333333,0.0,0.0,4.0,4.0125,0.0,0.0,0.0,0.0,3.0,6.216666666666666,1.0,0.0,0.0,0.0,4.0,0.0,2.0,32.1,1.0,0.0,3.0,0.0,2.0,19.15
emergency_response_seed1,emergency_response,1,334.25,349.25,35.0,6.016776028828083,11.531428571428572,15.0,1.75,1.0,13.82622289375053,0.0,0.0,0.0,0.0,0.06666666666666667,0.0,0.0,0.0,4.0,5.605931217357808,1.575,6.3,1.0,0.0,0.13333333333333333,0.0,0.06666666666666667,0.105,0.0,0.0,0.0,0.0,0.0,1.0,0.0,0.26666666666666666,-0.2,-1.9975,1.0,0.0,1.5,1.5,1.0,0.0,0.0,0.0,0.06666666666666667,0.1,3.0,5.33688916449664,3.5500000000000003,10.65,1.0,0.0,0.13333333333333333,0.0,0.06666666666666667,0.2366666666666667,0.0,0.0,0.0,0.0,0.0,1.0,0.0,0.2,-0.13333333333333333,-1.8388888888888888,1.0,5.787498621346806,0.0,0.0,0.0,0.0,0.06666666666666667,0.0,0.0,0.0,7.0,1.9650397095890118,29.735714285714288,59.9,6.0,0.0,0.06666666666666667,0.0,0.13333333333333333,0.5623809523809524,2.0,0.000339733217209688,24.1,43.25,2.0,0.0,0.0,0.0,0.06666666666666667,0.6650000000000001,1.0,13.88606277095154,0.0,0.0,0.0,0.0,0.06666666666666667,0.0,0.0,0.0,5.0,3.0667140080058806,19.7,50.2,3.0,0.0,0.06666666666666667,0.0,0.0,0.42166666666666663,2.0,6.66017354763863,15.15,30.3,1.0,0.0,0.06666666666666667,0.0,0.0,-0.010000000000000024,0.0,0.0,4.0,7.5125,1.0,0.0,1.0,0.0,3.0,8.549999999999999,1.0,0.0,0.0,0.0,2.0,0.0,3.0,26.066666666666666,0.0,0.0,1.0,0.0,2.0,24.825
emergency_response_seed1,emergency_response,1,335.25,350.25,35.0,5.939562813042707,11.96,15.0,0.75,1.0,13.859008365012706,0.0,0.0,0.0,0.0,0.06666666666666667,0.0,0.0,0.0,4.0,5.9452519902037,1.825,7.3,1.0,0.0,0.13333333333333333,0.0,0.06666666666666667,0.12166666666666666,0.0,0.0,0.0,0.0,0.0,1.0,0.0,0.26666666666666666,-0.2,-2.0475000000000003,1.0,0.0,2.5,2.5,1.0,0.0,0.0,0.0,0.06666666666666667,0.16666666666666666,3.0,6.71741744145993,3.8833333333333333,11.65,1.0,0.0,0.13333333333333333,0.0,0.06666666666666667,0.2588888888888889,0.0,0.0,0.0,0.0,0.0,1.0,0.0,0.2,-0.13333333333333333,-1.8833333333333333,1.0,1.2874986213468076,0.0,0.0,0.0,0.0,0.06666666666666667,0.0,0.0,0.0,7.0,1.9779792575200557,30.592857142857145,60.9,6.0,0.0,0.06666666666666667,0.0,0.13333333333333333,0.5750793650793651,2.0,0.00012421821032770005,25.1,44.25,2.0,0.0,0.0,0.0,0.06666666666666667,0.6983333333333335,1.0,13.834568081633188,0.0,0.0,0.0,0.0,0.06666666666666667,0.0,0.0,0.0,5.0,2.300306529023597,20.3,51.2,3.0,0.0,0.06666666666666667,0.0,0.0,0.41166666666666674,2.0,6.662171378326535,15.65,31.3,1.0,0.0,0.06666666666666667,0.0,0.0,-0.043333333333333356,0.0,0.0,4.0,8.0125,1.0,0.0,1.0,0.0,3.0,8.883333333333333,1.0,0.0,0.0,0.0,2.0,0.0,3.0,26.733333333333334,0.0,0.0,1.0,0.0,2.0,25.825
emergency_response_seed1,emergency_response,1,336.25,351.25,36.0,6.0963360113315295,8.777777777777779,12.0,29.75,1.0,13.617845467272373,0.0,0.0,0.0,2.0,0.06666666666666667,0.0,0.0,0.0,4.0,6.504669788510936,2.075,8.3,1.0,0.0,0.13333333333333333,0.0,0.06666666666666667,0.13833333333333334,0.0,0.0,0.0,0.0,0.0,0.0,0.0,0.26666666666666666,-0.13333333333333333,-0.8325,1.0,0.4894107685630871,0.0,0.0,0.0,2.0,0.0,0.0,0.0,0.0,3.0,7.380041561405737,4.216666666666667,12.65,1.0,0.0,0.13333333333333333,0.0,0.06666666666666667,0.28111111111111114,1.0,11.23815220151748,0.0,0.0,0.0,0.0,0.06666666666666667,0.2,-0.06666666666666667,-0.5677777777777778,1.0,0.632361968029294,0.0,0.0,0.0,2.0,0.06666666666666667,0.0,0.0,0.0,7.0,2.046784668605658,22.607142857142858,56.75,5.0,2.0,0.06666666666666667,0.0,0.06666666666666667,-0.0017460317460319176,2.0,4.4542464618788465e-05,26.1,45.25,2.0,0.0,0.0,0.0,0.06666666666666667,0.7316666666666668,1.0,13.826031101443805,0.0,0.0,0.0,2.0,0.06666666666666667,0.0,0.0,0.0,5.0,1.7043656896514094,10.459999999999999,29.4,2.0,2.0,0.06666666666666667,0.0,-0.06666666666666667,-0.2943333333333334,2.0,6.658949865891414,16.15,32.3,1.0,0.0,0.06666666666666667,0.0,0.0,-0.07666666666666681,0.0,0.0,5.0,6.88,1.0,0.0,1.0,0.0,4.0,6.9125,1.0,0.0,0.0,0.0,2.0,0.0,3.0,27.400000000000002,0.0,0.0,1.0,0.0,2.0,26.825
emergency_response_seed1,emergency_response,1,337.25,352.25,35.0,6.207951259313162,3.908571428571429,7.0,28.75,1.0,12.851247751996402,0.0,0.0,0.0,2.0,0.06666666666666667,0.0,0.0,0.0,4.0,6.985749211562634,2.325,9.3,1.0,0.0,0.13333333333333333,0.0,0.06666666666666667,0.155,0.0,0.0,0.0,0.0,0.0,0.0,0.0,0.2,0.0,0.0,0.0,0.0,0.0,0.0,0.0,2.0,0.0,0.06666666666666667,0.0,0.0,3.0,8.010153124713737,4.55,13.65,1.0,0.0,0.13333333333333333,0.0,0.06666666666666667,0.30333333333333334,1.0,11.233150730110466,0.0,0.0,0.0,0.0,0.06666666666666667,0.13333333333333333,0.0,0.0,0.0,0.0,0.0,0.0,0.0,2.0,0.0,0.06666666666666667,0.0,0.0,6.0,2.5543271241381964,4.391666666666667,13.8,2.0,2.0,0.06666666666666667,0.06666666666666667,-0.13333333333333333,-1.2605555555555557,2.0,1.614440858603936e-05,27.1,46.25,2.0,0.0,0.0,0.0,0.06666666666666667,0.7650000000000001,1.0,13.882565049991245,0.0,0.0,0.0,2.0,0.06666666666666667,0.0,0.0,0.0,4.0,1.8002202765883422,0.0,0.0,0.0,2.0,0.06666666666666667,0.06666666666666667,-0.2,-1.0416666666666667,2.0,6.64998444411082,16.65,33.3,1.0,0.0,0.06666666666666667,0.0,0.0,-0.11000000000000014,1.0,0.0,5.0,7.4799999999999995,1.0,0.0,1.0,0.0,4.0,7.3125,1.0,0.0,0.0,0.0,2.0,0.0,3.0,28.066666666666666,0.0,0.0,1.0,0.0,2.0,27.825
emergency_response_seed1,emergency_response,1,340.25,355.25,35.0,6.8518249116427805,3.584285714285714,5.0,25.75,0.0,0.0,0.0,0.0,0.0,2.0,0.0,0.06666666666666667,0.0,0.0,4.0,6.828213216804211,3.075,12.3,1.0,0.0,0.13333333333333333,0.0,0.06666666666666667,0.20500000000000002,0.0,0.0,0.0,0.0,0.0,0.0,0.0,0.13333333333333333,0.0,0.0,0.0,0.0,0.0,0.0,0.0,2.0,0.0,0.06666666666666667,0.0,0.0,3.0,8.023928826898114,5.55,16.65,1.0,0.0,0.13333333333333333,0.0,0.0,0.26,1.0,11.252386583553854,0.0,0.0,0.0,0.0,0.06666666666666667,0.06666666666666667,0.0,0.0,0.0,0.0,0.0,0.0,0.0,2.0,0.0,0.06666666666666667,0.0,0.0,5.0,3.614428912817259,0.0,0.0,0.0,2.0,0.06666666666666667,0.13333333333333333,-0.4,-1.7127777777777777,2.0,0.0,30.1,49.25,2.0,0.0,0.0,0.0,0.06666666666666667,0.8650000000000001,1.0,13.868925035265274,0.0,0.0,0.0,2.0,0.06666666666666667,0.0,0.0,0.0,4.0,4.709666966671875,0.0,0.0,0.0,2.0,0.06666666666666667,0.13333333333333333,-0.2,-0.9533333333333334,2.0,2.2757607942769527,18.15,36.3,1.0,0.0,0.0,0.0,0.0,0.4999999999999999,1.0,0.0,5.0,9.690000000000001,1.0,0.0,1.0,0.0,4.0,9.125,1.0,2.95,1.0,0.0,2.0,0.0,3.0,30.066666666666666,0.0,0.0,0.0,0.0,2.0,30.825
emergency_response_seed1,emergency_response,1,341.25,356.25,35.0,7.335139717842416,3.748571428571428,6.0,24.75,0.0,0.0,0.0,0.0,0.0,2.0,0.0,0.06666666666666667,0.0,0.0,4.0,6.834573923077698,3.5125,13.3,2.0,0.0,0.13333333333333333,0.0,0.13333333333333333,0.2341666666666667,0.0,0.0,0.0,0.0,0.0,0.0,0.0,0.13333333333333333,0.0,0.0,0.0,0.0,0.0,0.0,0.0,2.0,0.0,0.06666666666666667,0.0,0.0,3.0,8.022635671591784,5.883333333333333,17.65,1.0,0.0,0.13333333333333333,0.0,0.0,0.21555555555555553,1.0,11.222359667570093,0.0,0.0,0.0,0.0,0.06666666666666667,0.06666666666666667,0.0,0.0,0.0,0.0,0.0,0.0,0.0,2.0,0.0,0.06666666666666667,0.0,0.0,5.0,4.062590875045291,0.0,0.0,0.0,2.0,0.06666666666666667,0.13333333333333333,-0.4,-1.7794444444444444,2.0,0.0,31.1,50.25,2.0,0.0,0.0,0.0,0.06666666666666667,0.8983333333333334,1.0,13.878100837685635,0.0,0.0,0.0,2.0,0.06666666666666667,0.0,0.0,0.0,3.0,6.124112226864251,0.0,0.0,0.0,2.0,0.06666666666666667,0.2,-0.2,-0.9933333333333334,2.0,1.2942925605995077,18.65,37.3,1.0,0.0,0.0,0.0,0.0,0.4999999999999999,1.0,0.0,5.0,10.49,1.0,0.0,1.0,0.0,4.0,9.875,1.0,3.95,1.0,0.0,2.0,0.0,3.0,30.733333333333334,0.0,0.0,0.0,0.0,2.0,31.825
emergency_response_seed1,emergency_response,1,342.25,357.25,35.0,7.8473849662209885,3.9199999999999995,6.0,23.75,0.0,0.0,0.0,0.0,0.0,2.0,0.0,0.06666666666666667,0.0,0.0,4.0,6.845702862591713,4.0125,14.3,2.0,0.0,0.13333333333333333,0.0,0.13333333333333333,0.2675,0.0,0.0,0.0,0.0,0.0,0.0,0.0,0.06666666666666667,0.0,0.0,0.0,0.0,0.0,0.0,0.0,2.0,0.0,0.06666666666666667,0.0,0.0,3.0,8.02220170082215,6.216666666666666,18.65,1.0,0.0,0.13333333333333333,0.0,0.0,0.17111111111111107,1.0,11.192061879843934,0.0,0.0,0.0,0.0,0.06666666666666667,0.0,0.0,0.0,0.0,0.0,0.0,0.0,0.0,2.0,0.0,0.06666666666666667,0.0,0.0,4.0,4.447112163878147,0.0,0.0,0.0,2.0,0.06666666666666667,0.2,-0.4,-1.846111111111111,2.0,0.0,32.1,51.25,2.0,0.0,0.0,0.0,0.06666666666666667,0.9316666666666668,1.0,13.871523662811379,0.0,0.0,0.0,2.0,0.06666666666666667,0.0,0.0,0.0,3.0,7.747996627371812,0.0,0.0,0.0,2.0,0.06666666666666667,0.2,-0.2,-1.0333333333333334,2.0,0.6203887512829153,19.15,38.3,1.0,0.0,0.0,0.0,0.0,0.4999999999999999,1.0,0.0,5.0,11.290000000000001,1.0,0.0,1.0,0.0,4.0,10.625,1.0,4.95,1.0,0.0,1.0,0.0,3.0,31.400000000000002,0.0,0.0,0.0,0.0,2.0,32.824999999999996
emergency_response_seed1,emergency_response,1,343.25,358.25,36.0,7.975951610645598,3.9777777777777774,6.0,22.75,0.0,0.0,0.0,0.0,0.0,2.0,0.0,0.06666666666666667,0.0,0.0,4.0,6.659994851459848,4.5125,15.3,2.0,0.0,0.13333333333333333,0.0,0.06666666666666667,0.29083333333333333,0.0,0.0,0.0,0.0,0.0,0.0,0.0,0.06666666666666667,0.0,0.0,0.0,0.0,0.0,0.0,0.0,2.0,0.0,0.06666666666666667,0.0,0.0,3.0,8.033582238147124,6.55,19.65,1.0,0.0,0.13333333333333333,0.0,0.0,0.12666666666666662,1.0,11.248520606746427,0.0,0.0,0.0,0.0,0.06666666666666667,0.0,0.0,0.0,0.0,0.0,0.0,0.0,0.0,2.0,0.0,0.06666666666666667,0.0,0.0,4.0,5.135043079446456,0.0,0.0,0.0,2.0,0.06666666666666667,0.26666666666666666,-0.4,-1.6395238095238096,3.0,0.24665556049933035,22.066666666666666,52.25,2.0,0.0,0.06666666666666667,0.0,0.06666666666666667,0.22944444444444442,1.0,13.841849864006509,0.0,0.0,0.0,2.0,0.06666666666666667,0.0,0.0,0.0,2.0,9.697748965363491,0.0,0.0,0.0,2.0,0.06666666666666667,0.26666666666666666,-0.2,-1.0733333333333335,2.0,0.257743519017923,19.65,39.3,1.0,0.0,0.0,0.0,0.0,0.4999999999999999,1.0,0.0,5.0,12.09,1.0,0.0,1.0,0.0,4.0,11.375,1.0,5.95,1.0,0.0,1.0,0.0,3.0,32.06666666666667,0.0,0.0,0.0,0.0,2.0,33.824999999999996
emergency_response_seed1,emergency_response,1,344.25,359.25,35.0,8.103401761081845,4.2628571428571425,6.0,21.75,0.0,0.0,0.0,0.0,0.0,2.0,0.0,0.06666666666666667,0.0,0.0,4.0,5.220450194224579,5.0125,16.3,2.0,0.0,0.13333333333333333,0.0,0.06666666666666667,0.29083333333333333,0.0,0.0,0.0,0.0,0.0,0.0,0.0,0.06666666666666667,0.0,0.0,0.0,0.0,0.0,0.0,0.0,2.0,0.0,0.06666666666666667,0.0,0.0,3.0,8.02463064369413,6.883333333333333,20.65,1.0,0.0,0.13333333333333333,0.0,0.0,0.08222222222222217,1.0,11.222764628341649,0.0,0.0,0.0,0.0,0.06666666666666667,0.0,0.0,0.0,0.0,0.0,0.0,0.0,0.0,2.0,0.0,0.06666666666666667,0.0,0.0,4.0,6.271046896415242,0.0,0.0,0.0,2.0,0.06666666666666667,0.26666666666666666,-0.4,-1.6966666666666665,3.0,0.944843594078002,22.733333333333334,53.25,2.0,0.0,0.06666666666666667,0.0,0.06666666666666667,0.2405555555555556,1.0,13.839575633999194,0.0,0.0,0.0,2.0,0.06666666666666667,0.0,0.0,0.0,1.0,11.567242150322826,0.0,0.0,0.0,2.0,0.06666666666666667,0.3333333333333333,-0.2,-1.1133333333333333,2.0,0.10044331329631799,20.15,40.3,1.0,0.0,0.0,0.0,0.0,0.4999999999999999,1.0,0.0,5.0,12.89,1.0,0.0,0.0,0.0,4.0,12.125,1.0,6.95,1.0,0.0,1.0,0.0,3.0,32.733333333333334,0.0,0.0,0.0,0.0,2.0,34.824999999999996
emergency_response_seed1,emergency_response,1,345.25,360.25,35.0,8.181549364616176,4.444285714285714,7.0,20.75,0.0,0.0,0.0,0.0,0.0,2.0,0.0,0.06666666666666667,0.0,0.0,4.0,3.9208071605631662,5.5125,17.3,2.0,0.0,0.13333333333333333,0.0,0.06666666666666667,0.2908333333333334,0.0,0.0,0.0,0.0,0.0,0.0,0.0,0.06666666666666667,0.0,0.0,0.0,0.0,0.0,0.0,0.0,2.0,0.0,0.06666666666666667,0.0,0.0,3.0,6.604007042065398,7.216666666666666,21.65,1.0,0.0,0.06666666666666667,0.0,0.0,0.25944444444444437,1.0,11.228414685977151,0.0,0.0,0.0,0.0,0.06666666666666667,0.0,0.0,0.0,0.0,0.0,0.0,0.0,0.0,2.0,0.0,0.06666666666666667,0.0,0.0,3.0,7.602057304057762,0.0,0.0,0.0,2.0,0.06666666666666667,0.3333333333333333,-0.4,-1.7538095238095237,3.0,1.5680686259227297,23.400000000000002,54.25,2.0,0.0,0.06666666666666667,0.0,0.0,0.22000000000000006,1.0,13.852131599270507,0.0,0.0,0.0,2.0,0.06666666666666667,0.0,0.0,0.0,1.0,11.564800345285157,0.0,0.0,0.0,2.0,0.06666666666666667,0.3333333333333333,-0.2,-1.1533333333333333,2.0,0.03577305596228982,20.825,41.3,2.0,0.0,0.0,0.0,0.06666666666666667,0.5116666666666666,1.0,0.0,6.0,11.408333333333333,1.0,0.6,0.0,0.0,5.0,10.3,1.0,7.95,1.0,0.0,1.0,0.0,3.0,33.4,0.0,0.0,1.0,0.0,3.0,23.88333333333333
emergency_response_seed1,emergency_response,1,349.25,364.25,34.0,8.282235104907228,5.398529411764706,7.0,16.75,0.0,0.0,0.0,0.0,0.0,2.0,0.0,0.06666666666666667,0.0,0.0,4.0,0.663814712342164,7.5125,21.3,2.0,0.0,0.0,0.0,0.06666666666666667,0.3958333333333333,1.0,13.850798645970645,0.0,0.0,0.0,0.0,0.06666666666666667,0.0,0.0,0.0,1.0,13.883531242137543,0.0,0.0,0.0,2.0,0.06666666666666667,0.06666666666666667,-0.06666666666666667,-0.1,3.0,1.4019771933841774,8.549999999999999,25.65,1.0,0.0,0.0,0.0,0.0,0.3333333333333332,1.0,11.256351726735703,0.0,0.0,0.0,0.0,0.06666666666666667,0.0,0.0,0.0,0.0,0.0,0.0,0.0,0.0,2.0,0.0,0.06666666666666667,0.0,0.0,2.0,13.370952277677226,0.0,0.0,0.0,2.0,0.13333333333333333,0.4666666666666667,-0.4,-1.9823809523809526,3.0,4.111888199897987,26.066666666666666,58.25,2.0,0.0,0.06666666666666667,0.0,0.0,0.131111111111111,0.0,0.0,0.0,0.0,0.0,2.0,0.0,0.06666666666666667,0.0,0.0,1.0,11.56161004176346,0.0,0.0,0.0,2.0,0.06666666666666667,0.3333333333333333,-0.2,-1.3133333333333332,2.0,0.0006266231248283556,24.825,45.3,2.0,0.0,0.0,0.0,0.06666666666666667,0.6449999999999999,1.0,0.0,7.0,12.064285714285715,1.0,4.6,0.0,0.0,5.0,12.7,1.0,11.95,1.0,0.0,0.0,0.0,3.0,36.43333333333333,0.0,0.0,2.0,0.0,3.0,26.55
emergency_response_seed1,emergency_response,1,350.25,365.25,34.0,8.246542736152332,5.6044117647058815,7.0,15.75,0.0,0.0,0.0,0.0,0.0,2.0,0.0,0.06666666666666667,0.0,0.0,4.0,0.3387100923477628,8.0125,22.3,2.0,0.0,0.0,0.0,0.06666666666666667,0.4124999999999999,1.0,13.828056421854999,0.0,0.0,0.0,0.0,0.06666666666666667,0.0,0.0,0.0,1.0,13.829732948021265,0.0,0.0,0.0,2.0,0.06666666666666667,0.06666666666666667,-0.06666666666666667,-0.16666666666666666,3.0,0.7840059952716932,8.883333333333333,26.65,1.0,0.0,0.0,0.0,0.0,0.3333333333333333,1.0,9.304739955859624,0.0,0.0,0.0,0.0,0.06666666666666667,0.0,0.0,0.0,0.0,0.0,0.0,0.0,0.0,2.0,0.0,0.06666666666666667,0.0,0.0,2.0,13.396867280731186,0.0,0.0,0.0,2.0,0.13333333333333333,0.4666666666666667,-0.4,-2.0395238095238097,3.0,4.609316077566861,26.733333333333334,59.25,2.0,0.0,0.06666666666666667,0.0,0.0,0.10888888888888885,0.0,0.0,0.0,0.0,0.0,2.0,0.0,0.06666666666666667,0.0,0.0,1.0,11.560748063388573,0.0,0.0,0.0,2.0,0.06666666666666667,0.3333333333333333,-0.2,-1.3533333333333333,2.0,0.0002306267944662717,25.825,46.3,2.0,0.0,0.0,0.0,0.06666666666666667,0.6783333333333332,0.0,0.0,7.0,12.635714285714286,1.0,5.6,0.0,0.0,5.0,13.3,1.0,12.95,1.0,0.0,0.0,0.0,3.0,37.43333333333333,0.0,0.0,2.0,0.0,3.0,27.21666666666667
emergency_response_seed1,emergency_response,1,351.25,366.25,36.0,7.759648100311641,5.497222222222223,8.0,14.75,0.0,0.0,0.0,0.0,0.0,2.0,0.0,0.06666666666666667,0.0,0.0,5.0,0.36219115129362495,6.88,23.3,3.0,0.0,0.06666666666666667,0.0,0.13333333333333333,0.3203333333333333,1.0,13.840699096000755,0.0,0.0,0.0,0.0,0.06666666666666667,0.0,0.0,0.0,1.0,13.833984174272047,0.0,0.0,0.0,2.0,0.06666666666666667,0.06666666666666667,0.0,0.0,4.0,0.9506587300111704,6.9125,27.65,1.0,0.0,0.06666666666666667,0.0,0.0,0.1797222222222222,1.0,4.80801965989326,0.0,0.0,0.0,0.0,0.0,0.0,0.0,0.0,0.0,0.0,0.0,0.0,0.0,2.0,0.0,0.06666666666666667,0.0,0.0,2.0,13.369319535343186,0.0,0.0,0.0,2.0,0.13333333333333333,0.4666666666666667,-0.3333333333333333,-1.5071428571428571,3.0,4.618844050872916,27.400000000000002,60.25,2.0,0.0,0.06666666666666667,0.0,0.0,0.08666666666666671,0.0,0.0,0.0,0.0,0.0,2.0,0.0,0.06666666666666667,0.0,0.0,1.0,11.584124106024218,0.0,0.0,0.0,2.0,0.06666666666666667,0.3333333333333333,-0.13333333333333333,-0.6973333333333332,2.0,8.256289356617602e-05,26.825,47.3,2.0,0.0,0.0,0.0,0.06666666666666667,0.7116666666666667,0.0,0.0,7.0,13.207142857142857,1.0,6.6,0.0,0.0,5.0,13.9,2.0,6.975,1.0,0.0,0.0,0.0,3.0,38.43333333333333,0.0,0.0,2.0,0.0,3.0,27.883333333333336
emergency_response_seed1,emergency_response,1,354.25,369.25,36.0,7.949367181293872,6.326388888888889,12.0,11.75,1.0,13.850516585940495,0.0,0.0,0.0,2.0,0.06666666666666667,0.0,0.0,0.0,5.0,1.448449493452373,8.89,26.3,4.0,0.0,0.06666666666666667,0.0,0.2,0.4043333333333334,1.0,13.846393432457699,0.0,0.0,0.0,0.0,0.06666666666666667,0.0,0.0,0.0,1.0,13.878813773223666,0.0,0.0,0.0,2.0,0.06666666666666667,0.0,0.0,0.0,4.0,2.154218158915772,8.375,30.65,3.0,0.0,0.06666666666666667,0.0,0.13333333333333333,0.21055555555555555,1.0,0.0,1.95,1.95,1.0,0.0,0.0,0.0,0.06666666666666667,0.13,1.0,12.49887000007572,0.0,0.0,0.0,2.0,0.06666666666666667,0.0,0.0,0.0,2.0,13.378776605339697,0.0,0.0,0.0,2.0,0.13333333333333333,0.4,0.0,0.0,3.0,4.6215813652911075,29.400000000000002,63.25,2.0,0.0,0.06666666666666667,0.0,0.0,0.02000000000000005,0.0,0.0,0.0,0.0,0.0,2.0,0.0,0.06666666666666667,0.0,0.0,1.0,11.559472623639566,0.0,0.0,0.0,2.0,0.0,0.2,0.0,0.0,2.0,4.012239694836023e-06,29.825,50.3,2.0,0.0,0.0,0.0,0.06666666666666667,0.8116666666666668,0.0,0.0,7.0,14.921428571428573,1.0,9.6,0.0,0.0,5.0,15.7,2.0,8.475,1.0,0.4,0.0,0.0,3.0,15.350000000000001,1.0,0.0,2.0,0.0,3.0,8.116666666666667
emergency_response_seed1,emergency_response,1,355.25,370.25,36.0,8.07894386438819,6.659722222222222,12.0,10.75,1.0,13.852635701354593,0.0,0.0,0.0,2.0,0.06666666666666667,0.0,0.0,0.0,5.0,1.850220007961859,9.690000000000001,27.3,4.0,0.0,0.06666666666666667,0.0,0.2,0.44100000000000006,1.0,13.847421032773564,0.0,0.0,0.0,0.0,0.06666666666666667,0.0,0.0,0.0,1.0,13.836268823639257,0.0,0.0,0.0,2.0,0.06666666666666667,0.0,0.0,0.0,4.0,2.60522990278579,9.125,31.65,3.0,0.0,0.06666666666666667,0.0,0.13333333333333333,0.23833333333333334,1.0,0.0,2.95,2.95,1.0,0.0,0.0,0.0,0.06666666666666667,0.19666666666666668,1.0,12.51254134514619,0.0,0.0,0.0,2.0,0.06666666666666667,0.0,0.0,0.0,2.0,13.396489220131631,0.0,0.0,0.0,2.0,0.13333333333333333,0.3333333333333333,0.0,0.0,3.0,4.622505168801096,30.066666666666666,64.25,2.0,0.0,0.06666666666666667,0.0,0.0,-0.002222222222222333,0.0,0.0,0.0,0.0,0.0,2.0,0.0,0.06666666666666667,0.0,0.0,0.0,0.0,0.0,0.0,0.0,2.0,0.0,0.26666666666666666,0.0,0.0,2.0,0.0,30.825,51.3,2.0,0.0,0.0,0.0,0.06666666666666667,0.8450000000000001,0.0,0.0,8.0,13.55625,1.0,10.6,0.0,0.0,6.0,13.583333333333334,2.0,8.975,1.0,1.4,0.0,0.0,2.0,0.0,1.0,0.0,2.0,0.0,2.0,0.0
emergency_response_seed1,emergency_response,1,356.25,371.25,34.0,7.861016242767604,7.404411764705882,12.0,9.75,1.0,13.825045433666093,0.0,0.0,0.0,2.0,0.06666666666666667,0.0,0.0,0.0,5.0,2.2416314008928575,10.49,28.3,4.0,0.0,0.06666666666666667,0.0,0.13333333333333333,0.4651666666666667,1.0,13.837555620957865,0.0,0.0,0.0,0.0,0.06666666666666667,0.0,0.0,0.0,1.0,13.885315083878814,0.0,0.0,0.0,2.0,0.06666666666666667,0.0,0.0,0.0,4.0,3.0880731492769513,9.875,32.65,3.0,0.0,0.06666666666666667,0.0,0.13333333333333333,0.26611111111111113,1.0,0.0,3.95,3.95,1.0,0.0,0.0,0.0,0.06666666666666667,0.26333333333333336,1.0,12.479664033088072,0.0,0.0,0.0,2.0,0.06666666666666667,0.0,0.0,0.0,2.0,13.370199019443103,0.0,0.0,0.0,2.0,0.13333333333333333,0.3333333333333333,0.0,0.0,3.0,3.6403861482105326,30.733333333333334,65.25,2.0,0.0,0.06666666666666667,0.0,0.0,-0.024444444444444477,0.0,0.0,0.0,0.0,0.0,2.0,0.0,0.06666666666666667,0.0,0.0,0.0,0.0,0.0,0.0,0.0,2.0,0.0,0.2,0.0,0.0,2.0,0.0,31.825,52.3,2.0,0.0,0.0,0.0,0.06666666666666667,0.8783333333333334,0.0,0.0,8.0,14.05625,1.0,11.6,0.0,0.0,6.0,14.174999999999999,2.0,9.475,1.0,2.4,1.0,0.0,2.0,0.0,1.0,0.0,2.0,0.0,2.0,0.0
emergency_response_seed1,emergency_response,1,357.25,372.25,33.0,7.4979723791868285,7.992424242424242,12.0,8.75,1.0,13.832337291918229,0.0,0.0,0.0,2.0,0.06666666666666667,0.0,0.0,0.0,5.0,2.3491329014064632,11.290000000000001,29.3,4.0,0.0,0.06666666666666667,0.0,0.13333333333333333,0.4851666666666667,1.0,10.955863977129171,0.0,0.0,0.0,0.0,0.06666666666666667,0.0,0.0,0.0,1.0,13.831774529997492,0.0,0.0,0.0,2.0,0.06666666666666667,0.0,0.0,0.0,4.0,3.0798014304585295,10.625,33.65,3.0,0.0,0.06666666666666667,0.0,0.13333333333333333,0.2938888888888889,1.0,0.0,4.95,4.95,1.0,0.0,0.0,0.0,0.06666666666666667,0.33,1.0,12.515812768767525,0.0,0.0,0.0,2.0,0.06666666666666667,0.0,0.0,0.0,1.0,13.227753654712952,0.0,0.0,0.0,2.0,0.06666666666666667,0.26666666666666666,0.0,0.0,3.0,2.6119574560744017,31.400000000000002,66.25,2.0,0.0,0.06666666666666667,0.0,0.0,-0.04666666666666662,0.0,0.0,0.0,0.0,0.0,2.0,0.0,0.06666666666666667,0.0,0.0,0.0,0.0,0.0,0.0,0.0,2.0,0.0,0.2,0.0,0.0,2.0,0.0,32.824999999999996,53.3,2.0,0.0,0.0,0.0,0.06666666666666667,0.9116666666666665,0.0,0.0,8.0,14.6625,1.0,12.6,0.0,0.0,6.0,14.841666666666667,2.0,9.975,1.0,3.4,1.0,0.0,2.0,0.0,1.0,0.0,2.0,0.0,2.0,0.0
emergency_response_seed1,emergency_response,1,358.25,373.25,33.0,7.21060062812357,8.356060606060606,12.0,7.75,1.0,13.869988290917828,0.0,0.0,0.0,2.0,0.06666666666666667,0.0,0.0,0.0,5.0,2.3504868009162267,12.09,30.3,4.0,0.0,0.06666666666666667,0.0,0.13333333333333333,0.5051666666666667,1.0,6.455863977129178,0.0,0.0,0.0,0.0,0.06666666666666667,0.0,0.0,0.0,1.0,11.1259456113345,0.0,0.0,0.0,2.0,0.06666666666666667,0.0,0.0,0.0,4.0,3.081272284549113,11.375,34.65,3.0,0.0,0.06666666666666667,0.0,0.13333333333333333,0.32166666666666666,1.0,0.0,5.95,5.95,1.0,0.0,0.0,0.0,0.06666666666666667,0.39666666666666667,1.0,12.49928115384321,0.0,0.0,0.0,2.0,0.06666666666666667,0.0,0.0,0.0,1.0,13.187564229476639,0.0,0.0,0.0,2.0,0.06666666666666667,0.26666666666666666,0.0,0.0,3.0,1.725241759062282,32.06666666666667,67.25,2.0,0.0,0.0,0.0,0.0,0.6666666666666669,0.0,0.0,0.0,0.0,0.0,2.0,0.0,0.06666666666666667,0.0,0.0,0.0,0.0,0.0,0.0,0.0,2.0,0.0,0.13333333333333333,0.0,0.0,2.0,0.0,33.824999999999996,54.3,2.0,0.0,0.0,0.0,0.06666666666666667,0.9449999999999998,0.0,0.0,8.0,15.2875,1.0,13.6,0.0,0.0,6.0,15.508333333333333,2.0,10.475,1.0,4.4,1.0,0.0,1.0,0.0,1.0,0.0,2.0,0.0,1.0,0.0
emergency_response_seed1,emergency_response,1,367.25,382.25,31.0,5.760653523816648,12.756451612903225,14.0,1.75,0.0,0.0,0.0,0.0,0.0,1.0,0.0,0.06666666666666667,0.0,0.0,7.0,3.6238808485970826,13.778571428571428,39.3,4.0,0.0,0.13333333333333333,0.0,0.06666666666666667,0.41990476190476195,1.0,0.0,7.6,7.6,1.0,0.0,0.0,0.0,0.06666666666666667,0.5066666666666666,0.0,0.0,0.0,0.0,0.0,1.0,0.0,0.06666666666666667,0.0,0.0,5.0,3.2547061991422153,14.5,43.65,3.0,0.0,0.06666666666666667,0.0,0.06666666666666667,0.4791666666666667,2.0,1.24214398471208,7.475,14.95,1.0,0.0,0.06666666666666667,0.0,0.06666666666666667,0.4983333333333333,1.0,7.425807141962752,0.0,0.0,0.0,1.0,0.06666666666666667,0.0,0.0,0.0,0.0,0.0,0.0,0.0,0.0,1.0,0.0,0.13333333333333333,0.0,0.0,3.0,0.000546045558517631,39.43333333333333,76.25,3.0,0.0,0.0,0.0,0.06666666666666667,0.7577777777777776,1.0,11.975016040988267,0.0,0.0,0.0,1.0,0.06666666666666667,0.0,0.0,0.0,2.0,11.999189129474262,0.0,0.0,0.0,1.0,0.13333333333333333,0.06666666666666667,0.0,0.0,3.0,4.524829149458776,28.55,63.3,2.0,0.0,0.06666666666666667,0.0,0.0,0.04833333333333343,1.0,0.0,8.0,21.43125,2.0,11.3,1.0,0.0,6.0,22.375,2.0,14.975,1.0,13.4,2.0,0.0,1.0,0.0,1.0,0.0,2.0,4.525,0.0,0.0
emergency_response_seed1,emergency_response,1,368.25,383.25,30.0,5.413705019852173,13.648333333333333,14.0,0.75,0.0,0.0,0.0,0.0,0.0,1.0,0.0,0.06666666666666667,0.0,0.0,7.0,3.5330603708167425,14.35,40.3,4.0,0.0,0.13333333333333333,0.0,0.0,0.41733333333333333,1.0,0.0,8.6,8.6,1.0,0.0,0.0,0.0,0.06666666666666667,0.5733333333333334,0.0,0.0,0.0,0.0,0.0,1.0,0.0,0.06666666666666667,0.0,0.0,5.0,3.006007506973331,15.1,44.65,3.0,0.0,0.06666666666666667,0.0,0.06666666666666667,0.4858333333333333,2.0,2.219609582124162,7.975,15.95,1.0,0.0,0.06666666666666667,0.0,0.0,0.4683333333333333,1.0,2.932556169119771,0.0,0.0,0.0,1.0,0.06666666666666667,0.0,0.0,0.0,0.0,0.0,0.0,0.0,0.0,1.0,0.0,0.13333333333333333,0.0,0.0,3.0,0.00019549505802308274,40.43333333333333,77.25,3.0,0.0,0.0,0.0,0.06666666666666667,0.7799999999999997,1.0,11.988028015180026,0.0,0.0,0.0,1.0,0.06666666666666667,0.0,0.0,0.0,2.0,12.022156339984015,0.0,0.0,0.0,1.0,0.13333333333333333,0.06666666666666667,0.0,0.0,3.0,4.545067715507219,29.21666666666667,64.3,2.0,0.0,0.06666666666666667,0.0,0.0,0.026111111111111286,1.0,0.0,8.0,22.2,2.0,11.8,1.0,0.0,6.0,23.208333333333332,2.0,15.475,1.0,14.4,2.0,0.0,1.0,0.0,1.0,0.6,3.0,3.6833333333333336,0.0,0.0
emergency_response_seed1,emergency_response,1,369.25,384.25,30.0,5.413641083425511,9.343333333333334,13.0,11.75,0.0,0.0,0.0,0.0,0.0,0.0,0.0,0.06666666666666667,0.0,0.0,7.0,3.5254875925722473,14.921428571428573,41.3,4.0,0.0,0.13333333333333333,0.0,0.0,0.4020952380952381,1.0,0.0,9.6,9.6,1.0,0.0,0.0,0.0,0.06666666666666667,0.64,0.0,0.0,0.0,0.0,0.0,0.0,0.0,0.06666666666666667,0.0,0.0,5.0,2.8815190766965073,15.7,45.65,3.0,0.0,0.06666666666666667,0.0,0.0,0.4883333333333333,2.0,3.2376869470472442,8.475,16.95,1.0,0.0,0.06666666666666667,0.0,0.0,0.43499999999999994,1.0,0.0,0.4,0.4,1.0,0.0,0.0,0.0,0.06666666666666667,0.02666666666666667,0.0,0.0,0.0,0.0,0.0,0.0,0.0,0.13333333333333333,0.0,0.0,3.0,0.23394096698969138,15.350000000000001,39.95,2.0,2.0,0.0,0.0,0.0,-0.9366666666666668,1.0,11.99697767687263,0.0,0.0,0.0,0.0,0.06666666666666667,0.0,0.0,0.0,2.0,11.994146432295729,0.0,0.0,0.0,0.0,0.13333333333333333,0.06666666666666667,0.0,0.0,3.0,4.708583869852411,8.116666666666667,24.35,1.0,2.0,0.06666666666666667,0.0,-0.06666666666666667,-1.4472222222222222,1.0,0.0,8.0,16.0375,2.0,12.3,1.0,0.0,6.0,13.933333333333335,2.0,15.975,1.0,0.0,2.0,0.0,1.0,0.0,1.0,0.0,3.0,4.3500000000000005,0.0,0.0
emergency_response_seed1,emergency_response,1,370.25,385.25,32.0,5.657456380887011,6.871875,10.0,10.75,0.0,0.0,0.0,0.0,0.0,0.0,0.0,0.06666666666666667,0.0,0.0,8.0,3.832059489640793,13.55625,42.3,4.0,0.0,0.2,0.0,0.0,0.2577499999999999,1.0,0.0,10.6,10.6,1.0,0.0,0.0,0.0,0.06666666666666667,0.7066666666666667,0.0,0.0,0.0,0.0,0.0,0.0,0.0,0.06666666666666667,0.0,0.0,6.0,2.97909362328782,13.583333333333334,46.65,3.0,0.0,0.13333333333333333,0.0,0.0,0.2972222222222223,2.0,4.267379405088491,8.975,17.95,1.0,0.0,0.06666666666666667,0.0,0.0,0.4016666666666666,1.0,0.0,1.4,1.4,1.0,0.0,0.0,0.0,0.06666666666666667,0.09333333333333332,0.0,0.0,0.0,0.0,0.0,0.0,0.0,0.13333333333333333,0.0,0.0,2.0,1.0974596329832447,0.0,0.0,0.0,2.0,0.0,0.06666666666666667,-0.13333333333333333,-2.0044444444444443,1.0,11.995167320666368,0.0,0.0,0.0,0.0,0.06666666666666667,0.0,0.0,0.0,2.0,11.95855069176313,0.0,0.0,0.0,0.0,0.13333333333333333,0.0,0.0,0.0,2.0,7.393497125471715,0.0,0.0,0.0,2.0,0.06666666666666667,0.06666666666666667,-0.13333333333333333,-2.055,1.0,0.0,7.0,3.307142857142857,2.0,12.8,1.0,0.0,5.0,1.64,2.0,16.475,0.0,0.0,2.0,0.0,1.0,0.0,0.0,0.0,3.0,5.016666666666667,0.0,0.0
emergency_response_seed1,emergency_response,1,371.25,386.25,33.0,6.108502332736766,6.983333333333333,11.0,9.75,0.0,0.0,0.0,0.0,0.0,0.0,0.0,0.06666666666666667,0.0,0.0,8.0,3.7781356388976746,14.05625,43.3,4.0,0.0,0.2,0.0,0.0,0.23775000000000002,1.0,0.0,11.6,11.6,1.0,0.0,0.0,0.0,0.06666666666666667,0.7733333333333333,0.0,0.0,0.0,0.0,0.0,0.0,0.0,0.06666666666666667,0.0,0.0,6.0,2.783306486853926,14.174999999999999,47.65,4.0,0.0,0.13333333333333333,0.0,0.06666666666666667,0.28666666666666657,2.0,5.1762049164422885,9.475,18.95,1.0,0.0,0.06666666666666667,0.0,0.0,0.3683333333333333,1.0,0.0,2.4,2.4,1.0,0.0,0.0,0.0,0.06666666666666667,0.16,1.0,11.828195759558625,0.0,0.0,0.0,0.0,0.06666666666666667,0.13333333333333333,0.0,0.0,2.0,2.7133125334742294,0.0,0.0,0.0,2.0,0.0,0.06666666666666667,-0.13333333333333333,-2.048888888888889,1.0,11.991200417003128,0.0,0.0,0.0,0.0,0.06666666666666667,0.0,0.0,0.0,2.0,11.98794080557654,0.0,0.0,0.0,0.0,0.13333333333333333,0.0,0.0,0.0,2.0,8.172091320537126,0.0,0.0,0.0,2.0,0.06666666666666667,0.06666666666666667,-0.13333333333333333,-2.1216666666666666,1.0,0.0,7.0,0.45,2.0,13.3,1.0,0.0,5.0,0.0,2.0,16.975,1.0,0.0,3.0,0.0,1.0,0.0,0.0,0.0,3.0,5.683333333333334,0.0,0.0
emergency_response_seed1,emergency_response,1,372.25,387.25,33.0,6.366828043318376,7.342424242424243,12.0,8.75,0.0,0.0,0.0,0.0,0.0,0.0,0.0,0.06666666666666667,0.0,0.0,8.0,3.686868555465776,14.6625,44.3,5.0,0.0,0.2,0.0,0.06666666666666667,0.22483333333333325,1.0,0.0,12.6,12.6,1.0,0.0,0.0,0.0,0.06666666666666667,0.84,0.0,0.0,0.0,0.0,0.0,0.0,0.0,0.06666666666666667,0.0,0.0,6.0,2.527351621000995,14.841666666666667,48.65,4.0,0.0,0.13333333333333333,0.0,0.06666666666666667,0.28111111111111114,2.0,6.189184842826584,9.975,19.95,1.0,0.0,0.06666666666666667,0.0,0.0,0.33499999999999996,1.0,0.0,3.4,3.4,1.0,0.0,0.0,0.0,0.06666666666666667,0.22666666666666666,1.0,11.800901467333356,0.0,0.0,0.0,0.0,0.06666666666666667,0.06666666666666667,0.0,0.0,2.0,4.501705948129262,0.0,0.0,0.0,2.0,0.0,0.06666666666666667,-0.13333333333333333,-2.0933333333333333,1.0,11.999897965276613,0.0,0.0,0.0,0.0,0.06666666666666667,0.0,0.0,0.0,2.0,11.968953495989831,0.0,0.0,0.0,0.0,0.13333333333333333,0.0,0.0,0.0,2.0,9.024159042745424,0.0,0.0,0.0,2.0,0.06666666666666667,0.06666666666666667,-0.13333333333333333,-2.188333333333333,1.0,0.0,7.0,0.0,2.0,13.8,0.0,0.0,4.0,0.0,2.0,17.5,1.0,0.0,3.0,0.09999999999999999,1.0,0.0,0.0,0.0,3.0,6.3500000000000005,0.0,0.0
emergency_response_seed1,emergency_response,1,373.25,388.25,33.0,6.5563591179201275,7.706060606060606,12.0,7.75,0.0,0.0,0.0,0.0,0.0,0.0,0.0,0.06666666666666667,0.0,0.0,8.0,3.5869845073172937,15.2875,45.3,5.0,0.0,0.2,0.0,0.06666666666666667,0.21316666666666664,1.0,0.0,13.6,13.6,1.0,0.0,0.0,0.0,0.06666666666666667,0.9066666666666666,0.0,0.0,0.0,0.0,0.0,0.0,0.0,0.06666666666666667,0.0,0.0,6.0,2.353683875269399,15.508333333333333,49.65,4.0,0.0,0.13333333333333333,0.0,0.06666666666666667,0.2755555555555555,2.0,6.479505776385389,10.475,20.95,1.0,0.0,0.06666666666666667,0.0,0.0,0.30166666666666664,1.0,0.0,4.4,4.4,1.0,0.0,0.0,0.0,0.06666666666666667,0.29333333333333333,1.0,11.778582650312496,0.0,0.0,0.0,0.0,0.06666666666666667,0.06666666666666667,0.0,0.0,1.0,5.794027357875108,0.0,0.0,0.0,2.0,0.0,0.13333333333333333,-0.13333333333333333,-2.137777777777778,1.0,11.996254550339653,0.0,0.0,0.0,0.0,0.06666666666666667,0.0,0.0,0.0,2.0,11.134864896199806,0.0,0.0,0.0,0.0,0.13333333333333333,0.0,0.0,0.0,1.0,13.660330435421974,0.0,0.0,0.0,2.0,0.06666666666666667,0.13333333333333333,-0.13333333333333333,-2.255,1.0,0.0,7.0,0.0,2.0,14.3,0.0,0.0,4.0,0.0,2.0,18.5,1.0,0.0,3.0,0.43333333333333335,1.0,0.0,0.0,0.0,3.0,7.016666666666667,0.0,0.0
emergency_response_seed1,emergency_response,1,375.25,390.25,32.0,6.01668603535879,8.696875,12.0,5.75,0.0,0.0,0.0,0.0,0.0,0.0,0.0,0.06666666666666667,0.0,0.0,8.0,2.8745018230215416,16.5375,47.3,5.0,0.0,0.13333333333333333,0.0,0.06666666666666667,0.34194444444444455,2.0,0.9424433965042491,7.8,15.6,1.0,0.0,0.06666666666666667,0.0,0.0,0.48000000000000004,1.0,14.088425549241007,0.0,0.0,0.0,0.0,0.06666666666666667,0.0,0.0,0.0,6.0,2.4106023830934746,16.841666666666665,51.65,4.0,0.0,0.06666666666666667,0.0,0.06666666666666667,0.43611111111111095,2.0,6.479792413381123,11.475,22.95,1.0,0.0,0.06666666666666667,0.0,0.0,0.23499999999999996,1.0,0.0,6.4,6.4,1.0,0.0,0.0,0.0,0.06666666666666667,0.4266666666666667,1.0,11.788783380718709,0.0,0.0,0.0,0.0,0.06666666666666667,0.06666666666666667,0.0,0.0,0.0,0.0,0.0,0.0,0.0,2.0,0.0,0.2,-0.13333333333333333,-2.2266666666666666,1.0,11.972344178629573,0.0,0.0,0.0,0.0,0.06666666666666667,0.0,0.0,0.0,2.0,4.289314584223238,0.0,0.0,0.0,0.0,0.06666666666666667,0.0,0.0,0.0,1.0,13.625436462287515,0.0,0.0,0.0,2.0,0.0,0.13333333333333333,-0.13333333333333333,-1.592222222222222,0.0,0.0,7.0,0.0,2.0,15.3,0.0,0.0,3.0,0.0,2.0,20.5,1.0,0.0,3.0,1.0999999999999999,1.0,0.0,0.0,0.0,3.0,8.35,0.0,0.0
emergency_response_seed1,emergency_response,1,376.25,391.25,32.0,6.035121841605494,9.08125,13.0,4.75,0.0,0.0,0.0,0.0,0.0,0.0,0.0,0.06666666666666667,0.0,0.0,8.0,2.507237808571655,17.1625,48.3,5.0,0.0,0.13333333333333333,0.0,0.06666666666666667,0.33916666666666667,2.0,1.9530767354274714,8.3,16.6,1.0,0.0,0.06666666666666667,0.0,0.0,0.4466666666666667,1.0,14.16965317687601,0.0,0.0,0.0,0.0,0.06666666666666667,0.0,0.0,0.0,6.0,2.3504829641971496,17.508333333333333,52.65,4.0,0.0,0.06666666666666667,0.0,0.06666666666666667,0.4405555555555555,2.0,6.4687324439974825,11.975,23.95,1.0,0.0,0.06666666666666667,0.0,0.0,0.2016666666666667,1.0,0.0,7.4,7.4,1.0,0.0,0.0,0.0,0.06666666666666667,0.49333333333333335,1.0,11.802345922603312,0.0,0.0,0.0,0.0,0.06666666666666667,0.06666666666666667,0.0,0.0,0.0,0.0,0.0,0.0,0.0,2.0,0.0,0.2,-0.13333333333333333,-2.2711111111111113,1.0,11.970107245396356,0.0,0.0,0.0,0.0,0.06666666666666667,0.0,0.0,0.0,2.0,1.58652007962602,0.15,0.3,1.0,0.0,0.0,0.0,0.06666666666666667,0.01,0.0,0.0,0.0,0.0,0.0,2.0,0.0,0.2,-0.13333333333333333,-1.6366666666666667,0.0,0.0,7.0,0.0,2.0,15.8,0.0,0.0,4.0,0.0,2.0,21.5,1.0,0.0,3.0,1.4333333333333333,1.0,0.0,0.0,0.0,3.0,9.016666666666667,0.0,0.0
emergency_response_seed1,emergency_response,1,377.25,392.25,34.0,6.341385275855736,8.935294117647059,14.0,3.75,0.0,0.0,0.0,0.0,0.0,0.0,0.0,0.06666666666666667,0.0,0.0,8.0,2.224807484092546,17.7875,49.3,5.0,0.0,0.13333333333333333,0.0,0.06666666666666667,0.33638888888888896,2.0,2.9554000545961165,8.8,17.6,1.0,0.0,0.06666666666666667,0.0,0.0,0.4133333333333334,1.0,14.095271378593745,0.0,0.0,0.0,0.0,0.06666666666666667,0.0,0.0,0.0,6.0,2.3224369754295227,18.208333333333332,53.65,5.0,0.0,0.06666666666666667,0.0,0.13333333333333333,0.44722222222222213,2.0,6.46611824341487,12.475,24.95,1.0,0.0,0.06666666666666667,0.0,0.0,0.16833333333333336,1.0,0.0,8.4,8.4,1.0,0.0,0.0,0.0,0.06666666666666667,0.56,2.0,11.834435981074389,0.0,0.0,0.0,0.0,0.13333333333333333,0.06666666666666667,0.0,0.0,1.0,11.98118781767087,0.0,0.0,0.0,2.0,0.06666666666666667,0.2,-0.13333333333333333,-2.3155555555555556,1.0,11.982716234663966,0.0,0.0,0.0,0.0,0.06666666666666667,0.0,0.0,0.0,2.0,0.6842690278611887,0.65,1.3,1.0,0.0,0.0,0.0,0.06666666666666667,0.043333333333333335,0.0,0.0,0.0,0.0,0.0,2.0,0.0,0.2,-0.13333333333333333,-1.6811111111111112,0.0,0.0,6.0,0.0,2.0,16.3,0.0,0.0,3.0,0.0,2.0,22.5,1.0,0.0,3.0,1.7666666666666666,1.0,0.0,0.0,0.0,3.0,9.683333333333334,0.0,0.0
emergency_response_seed1,emergency_response,1,378.25,393.25,34.0,6.4133273454818704,9.351470588235294,15.0,2.75,0.0,0.0,0.0,0.0,0.0,0.0,0.0,0.06666666666666667,0.0,0.0,8.0,2.001770569599738,18.43125,50.3,6.0,0.0,0.06666666666666667,0.0,0.13333333333333333,0.46255952380952364,2.0,3.9529684896579553,9.3,18.6,1.0,0.0,0.06666666666666667,0.0,0.0,0.38000000000000006,1.0,14.148307498486938,0.0,0.0,0.0,0.0,0.06666666666666667,0.0,0.0,0.0,6.0,2.316098361486423,19.041666666666668,54.65,5.0,0.0,0.06666666666666667,0.0,0.13333333333333333,0.4627777777777779,2.0,6.45651340423637,12.975,25.95,1.0,0.0,0.06666666666666667,0.0,0.0,0.13500000000000004,1.0,0.0,9.4,9.4,1.0,0.0,0.0,0.0,0.06666666666666667,0.6266666666666667,2.0,12.993242247105854,0.0,0.0,0.0,0.0,0.13333333333333333,0.0,0.0,0.0,1.0,11.980929734150413,0.0,0.0,0.0,2.0,0.06666666666666667,0.2,-0.2,-2.362222222222222,1.0,11.9894277759525,0.0,0.0,0.0,0.0,0.06666666666666667,0.0,0.0,0.0,2.0,0.23524850751223647,1.15,2.3,1.0,0.0,0.0,0.0,0.06666666666666667,0.07666666666666666,0.0,0.0,0.0,0.0,0.0,2.0,0.0,0.2,-0.13333333333333333,-1.7255555555555557,0.0,0.0,5.0,0.0,2.0,16.8,0.0,0.0,2.0,0.0,2.0,23.5,1.0,0.0,4.0,1.7625,1.0,0.15,0.0,0.0,3.0,10.35,0.0,0.0
emergency_response_seed1,emergency_response,1,379.25,394.25,34.0,6.453912508163135,9.79264705882353,15.0,1.75,1.0,14.2380607467182,0.0,0.0,0.0,0.0,0.06666666666666667,0.06666666666666667,0.0,0.0,8.0,1.5046810602779923,19.18125,51.3,6.0,0.0,0.06666666666666667,0.0,0.13333333333333333,0.47446428571428556,2.0,4.977011690583771,9.8,19.6,1.0,0.0,0.06666666666666667,0.0,0.0,0.34666666666666673,1.0,14.184353299005181,0.0,0.0,0.0,0.0,0.06666666666666667,0.0,0.0,0.0,6.0,2.311774812053547,19.875,55.65,5.0,0.0,0.06666666666666667,0.0,0.13333333333333333,0.4783333333333334,2.0,6.48168155882236,13.475,26.95,1.0,0.0,0.06666666666666667,0.0,0.0,0.1016666666666667,1.0,0.0,10.4,10.4,1.0,0.0,0.0,0.0,0.06666666666666667,0.6933333333333334,2.0,14.101784312343861,0.0,0.0,0.0,0.0,0.13333333333333333,0.0,0.0,0.0,1.0,11.9716261800332,0.0,0.0,0.0,2.0,0.06666666666666667,0.2,-0.2,-2.428888888888889,1.0,11.984487626112532,0.0,0.0,0.0,0.0,0.06666666666666667,0.0,0.0,0.0,2.0,0.07014747711025428,1.65,3.3,1.0,0.0,0.0,0.0,0.06666666666666667,0.11,0.0,0.0,0.0,0.0,0.0,2.0,0.0,0.2,-0.13333333333333333,-1.77,0.0,0.0,5.0,0.0,2.0,17.3,0.0,0.0,2.0,0.0,2.0,24.5,1.0,0.0,4.0,2.2625,1.0,1.15,0.0,0.0,3.0,11.016666666666666,0.0,0.0
emergency_response_seed1,emergency_response,1,380.25,395.25,33.0,6.104019454615601,10.566666666666666,16.0,0.75,1.0,15.993137961432344,0.0,0.0,0.0,0.0,0.06666666666666667,0.0,0.0,0.0,8.0,1.065420942790023,19.93125,52.3,6.0,0.0,0.06666666666666667,0.0,0.13333333333333333,0.4863690476190475,2.0,5.963708667027414,10.3,20.6,1.0,0.0,0.06666666666666667,0.0,0.0,0.3133333333333334,1.0,14.141410319390001,0.0,0.0,0.0,0.0,0.06666666666666667,0.0,0.0,0.0,6.0,2.2071305181708483,20.708333333333332,56.65,5.0,0.0,0.06666666666666667,0.0,0.13333333333333333,0.49388888888888877,2.0,5.53315490446077,13.975,27.95,1.0,0.0,0.06666666666666667,0.0,0.0,0.06833333333333336,1.0,0.0,11.4,11.4,1.0,0.0,0.0,0.0,0.06666666666666667,0.76,2.0,14.239848118629327,0.0,0.0,0.0,0.0,0.13333333333333333,0.0,0.0,0.0,1.0,11.999263834585436,0.0,0.0,0.0,2.0,0.06666666666666667,0.2,-0.2,-2.4955555555555553,1.0,9.760236710053139,0.0,0.0,0.0,0.0,0.06666666666666667,0.0,0.0,0.0,2.0,0.01978425115729691,2.525,4.3,2.0,0.0,0.0,0.0,0.13333333333333333,0.16833333333333333,0.0,0.0,0.0,0.0,0.0,2.0,0.0,0.2,-0.13333333333333333,-1.8144444444444445,0.0,0.0,4.0,0.0,2.0,17.925,0.0,0.0,2.0,0.0,2.0,25.5,1.0,0.0,4.0,2.7625,1.0,2.15,0.0,0.0,3.0,11.683333333333332,0.0,0.0
emergency_response_seed1,emergency_response,1,381.25,396.25,33.0,5.784716412970609,11.05151515151515,16.0,2.75,1.0,16.669180707111956,0.0,0.0,0.0,0.0,0.06666666666666667,0.0,0.0,0.0,8.0,0.6984054465167056,20.68125,53.3,6.0,0.0,0.06666666666666667,0.0,0.13333333333333333,0.4982738095238094,2.0,6.930093584308634,10.8,21.6,1.0,0.0,0.06666666666666667,0.0,0.0,0.2800000000000001,1.0,14.127211530471445,0.0,0.0,0.0,0.0,0.06666666666666667,0.0,0.0,0.0,6.0,1.6534463522023952,21.541666666666668,57.65,5.0,0.0,0.06666666666666667,0.0,0.13333333333333333,0.5094444444444445,2.0,3.9983798647251634,14.475,28.95,1.0,0.0,0.0,0.0,0.0,0.5,1.0,0.0,12.4,12.4,1.0,0.0,0.0,0.0,0.06666666666666667,0.8266666666666667,2.0,14.188977304557941,0.0,0.0,0.0,0.0,0.13333333333333333,0.0,0.0,0.0,1.0,11.99343677935889,0.0,0.0,0.0,1.0,0.06666666666666667,0.2,-0.2,-2.562222222222222,1.0,5.766448748629628,0.0,0.0,0.0,0.0,0.06666666666666667,0.0,0.0,0.0,2.0,0.005480538587354217,3.525,5.3,2.0,0.0,0.0,0.0,0.13333333333333333,0.235,0.0,0.0,0.0,0.0,0.0,1.0,0.0,0.2,-0.13333333333333333,-1.858888888888889,0.0,0.0,3.0,0.0,2.0,18.925,0.0,0.0,2.0,0.0,2.0,26.5,1.0,0.0,4.0,3.2625,1.0,3.15,0.0,0.0,4.0,9.2625,1.0,0.0
emergency_response_seed1,emergency_response,1,382.25,397.25,33.0,5.425929858372302,11.536363636363635,16.0,1.75,1.0,16.59164856894687,0.0,0.0,0.0,0.0,0.06666666666666667,0.0,0.0,0.0,8.0,0.4201137584824946,21.43125,54.3,6.0,0.0,0.06666666666666667,0.0,0.13333333333333333,0.5101785714285714,2.0,6.915355860330747,11.3,22.6,1.0,0.0,0.06666666666666667,0.0,0.0,0.24666666666666673,1.0,14.090945004487635,0.0,0.0,0.0,0.0,0.06666666666666667,0.0,0.0,0.0,6.0,1.1591987985258976,22.375,58.65,5.0,0.0,0.06666666666666667,0.0,0.13333333333333333,0.525,2.0,2.6382730982320446,14.975,29.95,1.0,0.0,0.0,0.0,0.0,0.5,1.0,0.0,13.4,13.4,1.0,0.0,0.0,0.0,0.06666666666666667,0.8933333333333333,2.0,14.227687945823439,0.0,0.0,0.0,0.0,0.13333333333333333,0.0,0.0,0.0,1.0,11.989235159663949,0.0,0.0,0.0,1.0,0.06666666666666667,0.2,-0.2,-2.6288888888888886,1.0,1.766448748629625,0.0,0.0,0.0,0.0,0.0,0.0,0.0,0.0,2.0,0.0015085994840288235,4.525,6.3,2.0,0.0,0.0,0.0,0.13333333333333333,0.3016666666666667,0.0,0.0,0.0,0.0,0.0,1.0,0.0,0.2,-0.13333333333333333,-1.9033333333333333,0.0,0.0,3.0,0.0,2.0,19.925,0.0,0.0,2.0,0.0,3.0,18.333333333333332,1.0,0.0,4.0,3.7625,1.0,4.15,0.0,0.0,4.0,9.7625,1.0,0.0
emergency_response_seed1,emergency_response,1,383.25,398.25,34.0,5.071736936152819,11.689705882352941,18.0,0.75,1.0,16.62054874835536,0.0,0.0,0.0,0.0,0.06666666666666667,0.0,0.0,0.0,8.0,0.21972107886087988,22.2,55.3,7.0,0.0,0.06666666666666667,0.0,0.2,0.5233333333333333,2.0,6.924038508770755,11.8,23.6,1.0,0.0,0.06666666666666667,0.0,0.0,0.2133333333333334,1.0,14.164548219936194,0.0,0.0,0.0,0.0,0.06666666666666667,0.0,0.0,0.0,6.0,0.7376622558872145,23.208333333333332,59.65,5.0,0.0,0.06666666666666667,0.0,0.13333333333333333,0.5405555555555555,2.0,1.5369387470465963,15.475,30.95,1.0,0.0,0.0,0.0,0.0,0.5,1.0,0.0,14.4,14.4,1.0,0.0,0.0,0.0,0.06666666666666667,0.9600000000000001,2.0,14.212704422060654,0.0,0.0,0.0,0.0,0.13333333333333333,0.0,0.0,0.0,1.0,11.975775980218314,0.0,0.0,0.0,1.0,0.06666666666666667,0.2,-0.2,-2.6955555555555555,1.0,0.0,0.6,0.6,1.0,0.0,0.0,0.0,0.06666666666666667,0.04,3.0,0.44570216581643246,3.6833333333333336,7.3,2.0,0.0,0.06666666666666667,0.0,0.13333333333333333,0.24555555555555558,0.0,0.0,0.0,0.0,0.0,1.0,0.0,0.2,-0.13333333333333333,-1.9477777777777778,0.0,0.0,3.0,0.0,2.0,20.925,0.0,0.0,2.0,0.0,3.0,19.0,1.0,0.0,4.0,4.2625,1.0,5.15,0.0,0.0,4.0,10.2625,1.0,0.0
emergency_response_seed1,emergency_response,1,384.25,399.25,34.0,5.078089232696655,8.279411764705882,14.0,29.75,1.0,16.605398281201722,0.0,0.0,0.0,2.0,0.06666666666666667,0.0,0.0,0.0,8.0,0.18637202233954947,16.0375,43.75,6.0,2.0,0.06666666666666667,0.0,0.13333333333333333,0.07440476190476192,2.0,6.929057094861055,12.3,24.6,1.0,0.0,0.06666666666666667,0.0,0.0,0.18000000000000008,1.0,14.100242301753015,0.0,0.0,0.0,2.0,0.06666666666666667,0.0,0.0,0.0,6.0,0.5577844386296968,13.933333333333335,32.6,4.0,2.0,0.06666666666666667,0.0,0.06666666666666667,-0.11777777777777759,2.0,0.7777929111109168,15.975,31.95,1.0,0.0,0.0,0.0,0.0,0.5,1.0,0.626856095981347,0.0,0.0,0.0,2.0,0.0,0.0,-0.06666666666666667,-0.02666666666666667,2.0,14.24865386986816,0.0,0.0,0.0,0.0,0.13333333333333333,0.0,0.0,0.0,1.0,11.983430805250537,0.0,0.0,0.0,0.0,0.06666666666666667,0.2,-0.13333333333333333,-1.0233333333333334,1.0,0.4924659939704648,0.0,0.0,0.0,2.0,0.0,0.0,0.0,0.0,3.0,1.032912344197296,4.3500000000000005,8.3,2.0,0.0,0.06666666666666667,0.0,0.13333333333333333,0.29000000000000004,0.0,0.0,0.0,0.0,0.0,0.0,0.0,0.2,-0.06666666666666667,-0.5411111111111111,0.0,0.0,2.0,0.0,2.0,21.925,0.0,0.0,2.0,0.0,3.0,19.666666666666668,0.0,0.0,4.0,4.7625,1.0,6.15,0.0,0.0,4.0,10.7625,1.0,0.0
emergency_response_seed1,emergency_response,1,385.25,400.25,34.0,5.325966429829453,3.086764705882353,8.0,28.75,1.0,16.57060256681964,0.0,0.0,0.0,2.0,0.06666666666666667,0.0,0.0,0.0,7.0,0.34838315898099603,3.307142857142857,13.85,3.0,2.0,0.0,0.06666666666666667,-0.06666666666666667,-0.6832738095238096,2.0,6.938979742086959,12.8,25.6,1.0,0.0,0.06666666666666667,0.0,0.0,0.14666666666666675,1.0,14.1377828215307,0.0,0.0,0.0,2.0,0.06666666666666667,0.0,0.0,0.0,5.0,0.7821869246308379,1.64,8.2,1.0,2.0,0.0,0.06666666666666667,-0.13333333333333333,-0.7962222222222223,2.0,0.3363158307607684,16.475,32.95,1.0,0.0,0.0,0.0,0.0,0.5000000000000001,0.0,0.0,0.0,0.0,0.0,2.0,0.0,0.06666666666666667,-0.06666666666666667,-0.09333333333333332,2.0,12.207310344332754,0.0,0.0,0.0,0.0,0.13333333333333333,0.0,0.0,0.0,1.0,11.983790783900767,0.0,0.0,0.0,0.0,0.06666666666666667,0.13333333333333333,0.0,0.0,0.0,0.0,0.0,0.0,0.0,2.0,0.0,0.06666666666666667,0.0,0.0,3.0,1.6300959082414386,5.016666666666667,9.3,2.0,0.0,0.06666666666666667,0.0,0.13333333333333333,0.33444444444444443,0.0,0.0,0.0,0.0,0.0,0.0,0.0,0.13333333333333333,0.0,0.0,0.0,0.0,2.0,0.0,2.0,22.925,0.0,0.0,3.0,0.0,3.0,20.333333333333332,0.0,0.0,4.0,5.2625,1.0,7.15,1.0,0.0,4.0,11.2625,1.0,0.0
emergency_response_seed1,emergency_response,1,386.25,401.25,36.0,5.9485019812670945,2.2430555555555554,5.0,27.75,1.0,16.57584696912393,0.0,0.0,0.0,2.0,0.06666666666666667,0.0,0.0,0.0,7.0,0.8057639926620945,0.45,3.15,1.0,2.0,0.0,0.06666666666666667,-0.2,-0.9070833333333334,2.0,6.940683100200259,13.3,26.6,1.0,0.0,0.06666666666666667,0.0,0.0,0.11333333333333341,1.0,13.687534954920562,0.0,0.0,0.0,2.0,0.06666666666666667,0.0,0.0,0.0,5.0,1.7567283917139487,0.0,0.0,0.0,2.0,0.0,0.06666666666666667,-0.26666666666666666,-0.945,2.0,0.13247335854457848,16.975,33.95,1.0,0.0,0.0,0.0,0.0,0.5000000000000001,1.0,13.833164958914276,0.0,0.0,0.0,2.0,0.06666666666666667,0.06666666666666667,-0.06666666666666667,-0.16,3.0,8.906560496426549,0.0,0.0,0.0,0.0,0.13333333333333333,0.0,0.0,0.0,1.0,11.992275055877398,0.0,0.0,0.0,0.0,0.06666666666666667,0.13333333333333333,0.0,0.0,0.0,0.0,0.0,0.0,0.0,2.0,0.0,0.06666666666666667,0.0,0.0,3.0,2.1956682977318254,5.683333333333334,10.3,2.0,0.0,0.06666666666666667,0.0,0.13333333333333333,0.3788888888888889,0.0,0.0,0.0,0.0,0.0,0.0,0.0,0.13333333333333333,0.0,0.0,0.0,0.0,1.0,0.0,2.0,23.925,0.0,0.0,3.0,0.0,3.0,21.0,0.0,0.0,4.0,5.7625,1.0,8.15,1.0,0.0,4.0,11.7625,1.0,0.0
emergency_response_seed1,emergency_response,1,396.25,411.25,37.0,8.777656207052084,3.8945945945945946,9.0,17.75,0.0,0.0,0.0,0.0,0.0,2.0,0.0,0.06666666666666667,0.0,0.0,3.0,14.15695193278549,0.0,0.0,0.0,2.0,0.13333333333333333,0.4666666666666667,-0.4,-1.37875,2.0,0.01442008971489832,18.925,36.6,2.0,0.0,0.0,0.0,0.06666666666666667,0.5416666666666666,0.0,0.0,0.0,0.0,0.0,2.0,0.0,0.06666666666666667,0.0,0.0,2.0,11.557209219070273,0.0,0.0,0.0,2.0,0.13333333333333333,0.4,-0.3333333333333333,-1.4361111111111111,2.0,5.282508856601812e-06,26.5,43.95,2.0,0.0,0.0,0.0,0.06666666666666667,0.8016666666666666,1.0,13.88879487272352,0.0,0.0,0.0,2.0,0.06666666666666667,0.06666666666666667,-0.06666666666666667,-0.8266666666666667,4.0,5.459818448379847,3.2625,9.3,2.0,0.0,0.13333333333333333,0.0,0.13333333333333333,0.2175,1.0,0.0,3.15,3.15,1.0,0.0,0.0,0.0,0.06666666666666667,0.21,0.0,0.0,0.0,0.0,0.0,2.0,0.0,0.06666666666666667,0.0,0.0,4.0,4.115099588710466,9.2625,20.3,2.0,0.0,0.13333333333333333,0.0,0.0,0.38249999999999995,1.0,13.852798998700456,0.0,0.0,0.0,0.0,0.06666666666666667,0.0,0.0,0.0,1.0,0.0,1.0,0.0,3.0,22.616666666666664,1.0,0.0,2.0,0.0,3.0,27.666666666666668,0.0,0.0,4.0,12.0375,1.0,18.15,0.0,0.0,5.0,14.569999999999999,1.0,1.2
emergency_response_seed1,emergency_response,1,397.25,412.25,38.0,8.723574963321138,4.028947368421052,9.0,16.75,0.0,0.0,0.0,0.0,0.0,2.0,0.0,0.06666666666666667,0.0,0.0,3.0,14.298822448868103,0.0,0.0,0.0,2.0,0.13333333333333333,0.4666666666666667,-0.4,-1.42875,2.0,0.005245837239786036,19.925,37.6,2.0,0.0,0.0,0.0,0.06666666666666667,0.575,0.0,0.0,0.0,0.0,0.0,2.0,0.0,0.06666666666666667,0.0,0.0,2.0,11.610901453443716,0.0,0.0,0.0,2.0,0.13333333333333333,0.4,-0.3333333333333333,-1.4916666666666667,3.0,0.5297743630492041,18.333333333333332,44.95,2.0,0.0,0.06666666666666667,0.0,0.06666666666666667,0.22388888888888883,1.0,13.872786525525154,0.0,0.0,0.0,2.0,0.06666666666666667,0.06666666666666667,-0.06666666666666667,-0.8933333333333333,4.0,5.924845977390383,3.7625,10.3,2.0,0.0,0.13333333333333333,0.0,0.13333333333333333,0.25083333333333335,1.0,0.0,4.15,4.15,1.0,0.0,0.0,0.0,0.06666666666666667,0.27666666666666667,0.0,0.0,0.0,0.0,0.0,2.0,0.0,0.06666666666666667,0.0,0.0,4.0,4.335531549814968,9.7625,21.3,2.0,0.0,0.13333333333333333,0.0,0.0,0.34916666666666657,1.0,13.850983345399145,0.0,0.0,0.0,0.0,0.06666666666666667,0.0,0.0,0.0,1.0,0.0,1.0,0.0,3.0,23.28333333333333,1.0,0.0,2.0,0.0,3.0,28.333333333333332,0.0,0.0,5.0,10.4,2.0,9.575,0.0,0.0,5.0,15.37,1.0,2.2
emergency_response_seed1,emergency_response,1,398.25,413.25,38.0,8.780406974840416,4.265789473684211,9.0,15.75,0.0,0.0,0.0,0.0,0.0,2.0,0.0,0.06666666666666667,0.0,0.0,3.0,13.586503693454512,0.0,0.0,0.0,2.0,0.13333333333333333,0.4666666666666667,-0.4666666666666667,-1.48,2.0,0.0019118535711648435,20.925,38.6,2.0,0.0,0.0,0.0,0.06666666666666667,0.6083333333333333,0.0,0.0,0.0,0.0,0.0,2.0,0.0,0.06666666666666667,0.0,0.0,2.0,11.646065211006063,0.0,0.0,0.0,2.0,0.13333333333333333,0.4,-0.3333333333333333,-1.547222222222222,3.0,1.2859667196630638,19.0,45.95,2.0,0.0,0.06666666666666667,0.0,0.06666666666666667,0.23500000000000001,1.0,13.262973343858791,0.0,0.0,0.0,2.0,0.06666666666666667,0.06666666666666667,-0.06666666666666667,-0.9600000000000001,4.0,6.234797557573392,4.2625,11.3,2.0,0.0,0.13333333333333333,0.0,0.13333333333333333,0.2841666666666667,1.0,0.0,5.15,5.15,1.0,0.0,0.0,0.0,0.06666666666666667,0.3433333333333334,0.0,0.0,0.0,0.0,0.0,2.0,0.0,0.06666666666666667,-0.06666666666666667,-0.04,4.0,4.282564914829369,10.2625,22.3,2.0,0.0,0.06666666666666667,0.0,0.0,0.43861111111111106,1.0,13.872153391178,0.0,0.0,0.0,0.0,0.06666666666666667,0.0,0.0,0.0,1.0,0.0,1.0,0.0,3.0,23.95,1.0,0.0,1.0,0.0,3.0,29.0,0.0,0.0,5.0,11.2,2.0,10.075,0.0,0.0,5.0,16.169999999999998,1.0,3.2
emergency_response_seed1,emergency_response,1,399.25,414.25,38.0,8.729148955852503,4.502631578947368,9.0,14.75,0.0,0.0,0.0,0.0,0.0,2.0,0.0,0.06666666666666667,0.0,0.0,2.0,15.468561636071092,0.0,0.0,0.0,2.0,0.13333333333333333,0.5333333333333333,-0.4,-1.0691666666666668,2.0,0.0007009089339288923,21.925,39.6,2.0,0.0,0.0,0.0,0.06666666666666667,0.6416666666666667,0.0,0.0,0.0,0.0,0.0,2.0,0.0,0.06666666666666667,0.0,0.0,2.0,11.669087534818072,0.0,0.0,0.0,2.0,0.13333333333333333,0.4,-0.26666666666666666,-0.928888888888889,3.0,2.0133632174863623,19.666666666666668,46.95,2.0,0.0,0.06666666666666667,0.0,0.06666666666666667,0.24611111111111122,0.0,0.0,0.0,0.0,0.0,2.0,0.0,0.06666666666666667,0.0,0.0,4.0,5.629051222619735,4.7625,12.3,2.0,0.0,0.13333333333333333,0.0,0.13333333333333333,0.3175,1.0,0.0,6.15,6.15,1.0,0.0,0.0,0.0,0.06666666666666667,0.41000000000000003,0.0,0.0,0.0,0.0,0.0,2.0,0.0,0.06666666666666667,0.0,0.0,4.0,4.2967996341671935,10.7625,23.3,2.0,0.0,0.06666666666666667,0.0,0.0,0.42749999999999994,1.0,13.832294976066333,0.0,0.0,0.0,0.0,0.06666666666666667,0.0,0.0,0.0,1.0,0.0,1.0,0.0,3.0,24.616666666666664,1.0,0.0,1.0,0.0,3.0,29.666666666666668,0.0,0.0,5.0,12.0,2.0,10.575,0.0,0.0,5.0,16.97,1.0,4.2
emergency_response_seed1,emergency_response,1,401.25,416.25,40.0,9.133349704519347,4.7275,9.0,12.75,0.0,0.0,0.0,0.0,0.0,2.0,0.0,0.06666666666666667,0.0,0.0,1.0,15.331224722034289,0.0,0.0,0.0,2.0,0.06666666666666667,0.4666666666666667,-0.06666666666666667,-0.030000000000000002,2.0,9.131306455074548e-05,23.925,41.6,2.0,0.0,0.0,0.0,0.06666666666666667,0.7083333333333334,0.0,0.0,0.0,0.0,0.0,2.0,0.0,0.06666666666666667,0.0,0.0,3.0,12.41639961227795,0.0,0.0,0.0,2.0,0.2,0.3333333333333333,0.0,0.0,3.0,3.4121592253257056,21.0,48.95,2.0,0.0,0.06666666666666667,0.0,0.06666666666666667,0.26833333333333326,0.0,0.0,0.0,0.0,0.0,2.0,0.0,0.06666666666666667,0.0,0.0,4.0,4.453111880362859,5.7625,14.3,2.0,0.0,0.06666666666666667,0.0,0.13333333333333333,0.38416666666666666,1.0,0.0,8.15,8.15,1.0,0.0,0.0,0.0,0.06666666666666667,0.5433333333333333,1.0,16.172811218503867,0.0,0.0,0.0,2.0,0.06666666666666667,0.0,0.0,0.0,4.0,4.6611106793685275,11.7625,25.3,2.0,0.0,0.06666666666666667,0.0,0.0,0.40527777777777774,1.0,13.830205822611461,0.0,0.0,0.0,0.0,0.06666666666666667,0.0,0.0,0.0,1.0,0.0,2.0,0.0,3.0,25.95,1.0,0.0,1.0,0.0,3.0,31.55,0.0,0.0,6.0,11.333333333333334,2.0,11.575,0.0,0.0,5.0,18.57,1.0,6.2
emergency_response_seed1,emergency_response,1,403.25,418.25,38.0,8.577725653852934,5.45,10.0,10.75,0.0,0.0,0.0,0.0,0.0,2.0,0.0,0.06666666666666667,0.0,0.0,0.0,0.0,0.0,0.0,0.0,2.0,0.0,0.4666666666666667,0.0,0.0,3.0,1.2202807884927201e-05,17.283333333333335,43.6,3.0,0.0,0.06666666666666667,0.0,0.13333333333333333,0.19888888888888895,1.0,13.89,0.0,0.0,0.0,2.0,0.06666666666666667,0.0,0.0,0.0,3.0,12.417905704670199,0.0,0.0,0.0,2.0,0.2,0.26666666666666666,0.0,0.0,3.0,4.709641019041016,22.333333333333332,50.95,2.0,0.0,0.06666666666666667,0.0,0.0,0.2555555555555555,0.0,0.0,0.0,0.0,0.0,2.0,0.0,0.06666666666666667,0.0,0.0,4.0,3.7601349084932734,6.7625,16.3,2.0,0.0,0.06666666666666667,0.0,0.06666666666666667,0.42194444444444446,1.0,0.0,10.15,10.15,1.0,0.0,0.0,0.0,0.06666666666666667,0.6766666666666666,1.0,16.19287148123303,0.0,0.0,0.0,2.0,0.06666666666666667,0.0,0.0,0.0,4.0,4.671672933057076,12.7625,27.3,2.0,0.0,0.06666666666666667,0.0,0.0,0.38305555555555554,1.0,13.827595159970224,0.0,0.0,0.0,0.0,0.06666666666666667,0.0,0.0,0.0,1.0,0.0,2.0,0.0,2.0,0.0,1.0,1.0,1.0,0.0,2.0,0.0,1.0,0.0,6.0,12.666666666666666,2.0,12.575,0.0,0.0,5.0,20.169999999999998,1.0,8.2
emergency_response_seed1,emergency_response,1,404.25,419.25,36.0,8.325948871414163,6.002777777777777,9.0,9.75,0.0,0.0,0.0,0.0,0.0,2.0,0.0,0.06666666666666667,0.0,0.0,0.0,0.0,0.0,0.0,0.0,2.0,0.0,0.4666666666666667,0.0,0.0,3.0,0.6098997117674231,17.95,44.6,2.0,0.0,0.06666666666666667,0.0,0.06666666666666667,0.2099999999999999,1.0,13.830689201841597,0.0,0.0,0.0,2.0,0.06666666666666667,0.0,0.0,0.0,3.0,12.426252169551873,0.0,0.0,0.0,2.0,0.13333333333333333,0.2,0.0,0.0,3.0,5.41225146100141,23.0,51.95,2.0,0.0,0.06666666666666667,0.0,0.0,0.23333333333333334,0.0,0.0,0.0,0.0,0.0,2.0,0.0,0.06666666666666667,0.0,0.0,4.0,3.008920262086802,7.2625,17.3,2.0,0.0,0.06666666666666667,0.0,0.06666666666666667,0.4330555555555556,1.0,0.0,11.15,11.15,1.0,0.0,0.0,0.0,0.06666666666666667,0.7433333333333334,1.0,16.239948106259792,0.0,0.0,0.0,2.0,0.06666666666666667,0.0,0.0,0.0,4.0,4.6205916375131215,13.2625,28.3,2.0,0.0,0.06666666666666667,0.0,0.0,0.37194444444444436,1.0,13.82686731368187,0.0,0.0,0.0,0.0,0.06666666666666667,0.0,0.0,0.0,1.0,0.0,2.0,0.0,2.0,0.0,1.0,2.0,1.0,0.0,2.0,0.0,1.0,0.0,6.0,13.333333333333334,2.0,13.075,0.0,0.0,5.0,20.97,1.0,9.2
emergency_response_seed1,emergency_response,1,406.25,421.25,39.0,8.279756670908743,6.02051282051282,11.0,7.75,1.0,12.870451520211603,0.0,0.0,0.0,2.0,0.06666666666666667,0.0,0.0,0.0,1.0,13.89,0.0,0.0,0.0,2.0,0.06666666666666667,0.4666666666666667,0.0,0.0,3.0,1.7836343025164016,19.283333333333335,46.6,2.0,0.0,0.06666666666666667,0.0,0.06666666666666667,0.23222222222222227,1.0,13.866929974483792,0.0,0.0,0.0,2.0,0.06666666666666667,0.0,0.0,0.0,2.0,12.794678538941254,0.0,0.0,0.0,2.0,0.06666666666666667,0.2,0.0,0.0,3.0,5.508361646083624,24.333333333333332,53.95,2.0,0.0,0.06666666666666667,0.0,0.0,0.1888888888888888,0.0,0.0,0.0,0.0,0.0,2.0,0.0,0.06666666666666667,0.0,0.0,4.0,1.4583637263464713,8.2875,19.3,3.0,0.0,0.06666666666666667,0.0,0.13333333333333333,0.45694444444444443,1.0,0.0,13.15,13.15,1.0,0.0,0.0,0.0,0.06666666666666667,0.8766666666666667,1.0,16.178439061273576,0.0,0.0,0.0,2.0,0.06666666666666667,0.0,0.0,0.0,5.0,3.917186337780246,11.53,30.3,3.0,0.0,0.13333333333333333,0.0,0.06666666666666667,0.16755555555555546,1.0,13.862854535692605,0.0,0.0,0.0,0.0,0.06666666666666667,0.0,0.0,0.0,1.0,0.3,2.0,0.95,1.0,0.0,1.0,4.0,2.0,0.075,1.0,0.0,1.0,0.0,6.0,14.666666666666666,2.0,14.075,0.0,0.0,5.0,22.57,1.0,11.2
emergency_response_seed1,emergency_response,1,407.25,422.25,38.0,8.077004758641557,6.468421052631579,11.0,6.75,1.0,12.844467572782262,0.0,0.0,0.0,2.0,0.06666666666666667,0.0,0.0,0.0,1.0,14.660389426628322,0.0,0.0,0.0,2.0,0.06666666666666667,0.4,0.0,0.0,3.0,2.350963299176277,19.95,47.6,2.0,0.0,0.06666666666666667,0.0,0.06666666666666667,0.24333333333333323,1.0,13.865075969861355,0.0,0.0,0.0,2.0,0.06666666666666667,0.0,0.0,0.0,1.0,13.854732995524168,0.0,0.0,0.0,2.0,0.06666666666666667,0.2,0.0,0.0,3.0,5.529836653469881,25.0,54.95,2.0,0.0,0.06666666666666667,0.0,0.0,0.16666666666666666,0.0,0.0,0.0,0.0,0.0,2.0,0.0,0.06666666666666667,0.0,0.0,4.0,0.8763391684459317,9.0375,20.3,3.0,0.0,0.06666666666666667,0.0,0.13333333333333333,0.4847222222222222,1.0,0.0,14.15,14.15,1.0,0.0,0.0,0.0,0.06666666666666667,0.9433333333333334,1.0,16.241446569007575,0.0,0.0,0.0,2.0,0.06666666666666667,0.0,0.0,0.0,5.0,3.396392715918222,12.129999999999999,31.3,3.0,0.0,0.13333333333333333,0.0,0.06666666666666667,0.16311111111111104,1.0,12.755855367602486,0.0,0.0,0.0,0.0,0.06666666666666667,0.0,0.0,0.0,1.0,1.3,2.0,1.45,1.0,0.0,1.0,5.0,2.0,0.575,0.0,0.0,1.0,0.0,6.0,15.333333333333334,2.0,14.575,0.0,0.0,5.0,23.369999999999997,1.0,12.2
emergency_response_seed1,emergency_response,1,408.25,423.25,37.0,7.737676171900366,6.940540540540541,11.0,5.75,1.0,12.879062352041322,0.0,0.0,0.0,2.0,0.06666666666666667,0.0,0.0,0.0,1.0,14.617052874112696,0.0,0.0,0.0,2.0,0.06666666666666667,0.3333333333333333,0.0,0.0,3.0,2.8943077663367216,20.616666666666667,48.6,2.0,0.0,0.06666666666666667,0.0,0.06666666666666667,0.2544444444444444,1.0,13.88290079324157,0.0,0.0,0.0,2.0,0.06666666666666667,0.0,0.0,0.0,1.0,13.845486144199134,0.0,0.0,0.0,2.0,0.06666666666666667,0.13333333333333333,0.0,0.0,3.0,4.80717070817529,25.666666666666668,55.95,2.0,0.0,0.06666666666666667,0.0,0.0,0.14444444444444451,0.0,0.0,0.0,0.0,0.0,2.0,0.0,0.06666666666666667,0.0,0.0,4.0,0.4606464293897284,9.7875,21.3,3.0,0.0,0.0,0.0,0.06666666666666667,0.535,1.0,0.0,15.15,15.15,1.0,0.0,0.0,0.0,0.0,1.0,1.0,16.225722109948038,0.0,0.0,0.0,2.0,0.06666666666666667,0.0,0.0,0.0,5.0,3.0193855334310067,12.73,32.3,3.0,0.0,0.13333333333333333,0.0,0.06666666666666667,0.1586666666666667,1.0,8.25874113320369,0.0,0.0,0.0,0.0,0.06666666666666667,0.0,0.0,0.0,1.0,2.3,2.0,1.95,0.0,0.0,1.0,6.0,2.0,1.075,0.0,0.0,1.0,0.0,6.0,16.0,2.0,15.075,0.0,0.0,5.0,24.240000000000002,1.0,13.2
emergency_response_seed1,emergency_response,1,409.25,424.25,38.0,7.679818083815076,7.0473684210526315,11.0,4.75,1.0,12.82358832833644,0.0,0.0,0.0,2.0,0.06666666666666667,0.0,0.0,0.0,1.0,14.646956131125064,0.0,0.0,0.0,2.0,0.06666666666666667,0.3333333333333333,0.0,0.0,3.0,3.456805211215207,21.283333333333335,49.6,2.0,0.0,0.06666666666666667,0.0,0.06666666666666667,0.2655555555555556,1.0,13.848712967749453,0.0,0.0,0.0,2.0,0.06666666666666667,0.0,0.0,0.0,2.0,14.333134442894817,0.0,0.0,0.0,2.0,0.13333333333333333,0.13333333333333333,0.0,0.0,3.0,3.448258052196211,26.333333333333332,56.95,2.0,0.0,0.06666666666666667,0.0,0.0,0.12222222222222215,0.0,0.0,0.0,0.0,0.0,2.0,0.0,0.06666666666666667,0.0,0.0,4.0,0.20454297555540038,10.5375,22.3,3.0,0.0,0.0,0.0,0.06666666666666667,0.5516666666666665,1.0,0.0,16.15,16.15,1.0,0.0,0.0,0.0,0.0,0.9999999999999999,1.0,16.17188924699345,0.0,0.0,0.0,2.0,0.06666666666666667,0.0,0.0,0.0,5.0,2.8816150905637388,13.329999999999998,33.3,3.0,0.0,0.13333333333333333,0.0,0.06666666666666667,0.15422222222222218,1.0,3.762203622517977,0.0,0.0,0.0,0.0,0.06666666666666667,0.0,0.0,0.0,1.0,3.3,3.0,1.6333333333333335,0.0,0.0,1.0,7.0,2.0,1.575,0.0,0.0,1.0,0.0,6.0,16.666666666666668,2.0,15.575,0.0,0.0,5.0,25.240000000000002,1.0,14.2
emergency_response_seed1,emergency_response,1,410.25,425.25,37.0,7.470238961784431,7.54054054054054,12.0,3.75,1.0,12.85263367328381,0.0,0.0,0.0,2.0,0.06666666666666667,0.0,0.0,0.0,1.0,14.69872599842605,0.0,0.0,0.0,2.0,0.06666666666666667,0.26666666666666666,0.0,0.0,3.0,3.997970046813134,21.95,50.6,2.0,0.0,0.06666666666666667,0.0,0.0,0.26833333333333326,1.0,13.854567437760998,0.0,0.0,0.0,2.0,0.06666666666666667,0.0,0.0,0.0,2.0,14.803429753081694,0.0,0.0,0.0,2.0,0.13333333333333333,0.13333333333333333,0.0,0.0,3.0,2.2013746020193934,27.0,57.95,2.0,0.0,0.06666666666666667,0.0,0.0,0.1,0.0,0.0,0.0,0.0,0.0,2.0,0.0,0.06666666666666667,0.0,0.0,4.0,0.08293055224142534,11.2875,23.3,3.0,0.0,0.0,0.0,0.06666666666666667,0.5683333333333332,1.0,0.0,17.15,17.15,1.0,0.0,0.0,0.0,0.0,0.9999999999999999,1.0,16.024150385715277,0.0,0.0,0.0,2.0,0.06666666666666667,0.0,0.0,0.0,5.0,2.855554610657794,13.929999999999998,34.3,3.0,0.0,0.13333333333333333,0.0,0.06666666666666667,0.14977777777777773,1.0,0.0,0.2,0.2,1.0,0.0,0.06666666666666667,0.0,0.06666666666666667,0.013333333333333334,1.0,4.3,4.0,1.475,0.0,0.0,1.0,8.0,2.0,2.075,0.0,0.0,1.0,0.0,6.0,17.333333333333332,2.0,16.075,0.0,0.0,5.0,26.24,1.0,15.2
emergency_response_seed1,emergency_response,1,418.25,433.25,34.0,6.50305369585499,6.211764705882352,11.0,10.75,1.0,12.373611670659736,0.0,0.0,0.0,0.0,0.06666666666666667,0.0,0.0,0.0,2.0,10.047968898333565,0.0,0.0,0.0,0.0,0.13333333333333333,0.0,0.0,0.0,2.0,5.352910016949421,0.0,0.0,0.0,2.0,0.0,0.06666666666666667,-0.2,-1.1522222222222223,1.0,0.0,1.0,1.0,1.0,0.0,0.0,0.0,0.06666666666666667,0.06666666666666667,1.0,15.852801821124284,0.0,0.0,0.0,0.0,0.06666666666666667,0.2,0.0,0.0,2.0,1.099888453993488,0.0,0.0,0.0,2.0,0.0,0.06666666666666667,-0.13333333333333333,-1.4888888888888887,1.0,14.563027436427774,0.0,0.0,0.0,0.0,0.06666666666666667,0.0,0.0,0.0,6.0,3.3647980717434938,12.666666666666666,31.3,4.0,0.0,0.13333333333333333,0.0,0.13333333333333333,0.3936111111111111,2.0,6.6512294187937995,12.575,25.15,1.0,0.0,0.06666666666666667,0.0,0.0,0.1616666666666666,0.0,0.0,0.0,0.0,0.0,0.0,0.0,0.06666666666666667,0.0,0.0,5.0,0.9261675044500295,20.169999999999998,42.3,4.0,0.0,0.06666666666666667,0.0,0.13333333333333333,0.49383333333333324,1.0,0.0,8.2,8.2,1.0,0.0,0.0,0.0,0.06666666666666667,0.5466666666666666,1.0,0.0,4.0,3.7625,1.0,0.0,1.0,0.0,3.0,4.05,1.0,0.0,0.0,0.0,5.0,0.5700000000000001,2.0,20.625,0.0,0.0,6.0,1.7249999999999999,2.0,11.6
emergency_response_seed1,emergency_response,1,419.25,434.25,33.0,6.212892506246477,6.733333333333333,11.0,9.75,1.0,7.880495931360841,0.0,0.0,0.0,0.0,0.06666666666666667,0.0,0.0,0.0,2.0,7.34840882027414,0.0,0.0,0.0,0.0,0.13333333333333333,0.0,0.0,0.0,2.0,5.492305934484918,0.0,0.0,0.0,2.0,0.0,0.06666666666666667,-0.13333333333333333,-1.1966666666666665,1.0,0.0,2.0,2.0,1.0,0.0,0.0,0.0,0.06666666666666667,0.13333333333333333,1.0,10.497053122688436,0.0,0.0,0.0,0.0,0.06666666666666667,0.2,0.0,0.0,2.0,2.742124670427974,0.0,0.0,0.0,2.0,0.0,0.06666666666666667,-0.13333333333333333,-1.5333333333333334,1.0,16.66499004481733,0.0,0.0,0.0,0.0,0.06666666666666667,0.0,0.0,0.0,6.0,3.648082214112202,13.333333333333334,32.3,4.0,0.0,0.13333333333333333,0.0,0.13333333333333333,0.40472222222222226,2.0,6.9345213222637545,13.075,26.15,1.0,0.0,0.06666666666666667,0.0,0.0,0.12833333333333327,0.0,0.0,0.0,0.0,0.0,0.0,0.0,0.06666666666666667,0.0,0.0,5.0,0.5133965617170225,20.97,43.3,4.0,0.0,0.06666666666666667,0.0,0.13333333333333333,0.5138333333333333,1.0,0.0,9.2,9.2,1.0,0.0,0.0,0.0,0.06666666666666667,0.6133333333333333,1.0,0.0,4.0,4.2625,1.0,0.0,1.0,0.0,3.0,4.383333333333334,1.0,0.0,0.0,0.0,5.0,0.0,2.0,21.625,1.0,0.0,6.0,0.0,2.0,12.1
emergency_response_seed1,emergency_response,1,420.25,435.25,34.0,6.190855526077647,6.885294117647058,12.0,8.75,1.0,3.3810382118888005,0.0,0.0,0.0,0.0,0.06666666666666667,0.0,0.0,0.0,2.0,6.931322332944738,0.45,0.9,1.0,0.0,0.13333333333333333,0.0,0.06666666666666667,0.030000000000000002,2.0,6.249811025968453,0.0,0.0,0.0,2.0,0.0,0.06666666666666667,-0.13333333333333333,-1.241111111111111,1.0,0.0,3.0,3.0,1.0,0.0,0.0,0.0,0.06666666666666667,0.2,2.0,5.784054696704365,0.0,0.0,0.0,0.0,0.13333333333333333,0.13333333333333333,0.0,0.0,2.0,4.5628255631212955,0.0,0.0,0.0,2.0,0.0,0.06666666666666667,-0.13333333333333333,-1.577777777777778,1.0,16.59365772974119,0.0,0.0,0.0,0.0,0.06666666666666667,0.0,0.0,0.0,6.0,3.92294977971331,14.0,33.3,4.0,0.0,0.13333333333333333,0.0,0.13333333333333333,0.41583333333333333,2.0,6.935234846461099,13.575,27.15,1.0,0.0,0.06666666666666667,0.0,0.0,0.09499999999999993,0.0,0.0,0.0,0.0,0.0,0.0,0.0,0.06666666666666667,0.0,0.0,5.0,0.2528755349062082,21.77,44.3,4.0,0.0,0.0,0.0,0.13333333333333333,0.7173333333333333,1.0,0.0,10.2,10.2,1.0,0.0,0.0,0.0,0.06666666666666667,0.6799999999999999,1.0,0.0,4.0,4.7625,1.0,0.0,1.0,0.0,3.0,4.716666666666667,1.0,0.0,0.0,0.0,4.0,0.0,2.0,22.625,1.0,0.0,5.0,0.0,2.0,12.6
emergency_response_seed1,emergency_response,1,421.25,436.25,33.0,6.2191533232953855,7.471212121212121,14.0,7.75,1.0,0.0,0.3,0.3,1.0,0.0,0.0,0.0,0.06666666666666667,0.02,2.0,6.924079660415782,0.95,1.9,1.0,0.0,0.06666666666666667,0.0,0.06666666666666667,0.06333333333333332,1.0,7.651130420150638,0.0,0.0,0.0,2.0,0.0,0.13333333333333333,-0.13333333333333333,-1.2855555555555556,1.0,0.0,4.0,4.0,1.0,0.0,0.0,0.0,0.06666666666666667,0.26666666666666666,2.0,4.5416021563715745,0.075,0.15,1.0,0.0,0.13333333333333333,0.13333333333333333,0.06666666666666667,0.005,1.0,5.8888854990156325,0.0,0.0,0.0,2.0,0.0,0.13333333333333333,-0.13333333333333333,-1.6222222222222222,1.0,16.626978486899286,0.0,0.0,0.0,0.0,0.06666666666666667,0.0,0.0,0.0,6.0,4.025125091999924,14.666666666666666,34.3,4.0,0.0,0.13333333333333333,0.0,0.06666666666666667,0.42527777777777775,2.0,6.943908001052915,14.075,28.15,1.0,0.0,0.06666666666666667,0.0,0.0,0.0616666666666666,0.0,0.0,0.0,0.0,0.0,0.0,0.0,0.06666666666666667,0.0,0.0,5.0,0.10555647517404218,22.57,45.3,4.0,0.0,0.0,0.0,0.06666666666666667,0.7360000000000001,1.0,0.0,11.2,11.2,1.0,0.0,0.0,0.0,0.06666666666666667,0.7466666666666666,1.0,0.0,4.0,5.262499999999999,1.0,0.0,1.0,0.0,3.0,5.05,1.0,0.0,0.0,0.0,4.0,0.0,2.0,23.625,1.0,0.0,5.0,0.0,2.0,13.1
emergency_response_seed1,emergency_response,1,422.25,437.25,32.0,6.417095546378525,8.1421875,14.0,6.75,1.0,0.0,1.3,1.3,1.0,0.0,0.0,0.0,0.06666666666666667,0.08666666666666667,2.0,6.928525834121874,1.45,2.9,1.0,0.0,0.06666666666666667,0.0,0.06666666666666667,0.09666666666666666,1.0,8.687669845223896,0.0,0.0,0.0,2.0,0.0,0.13333333333333333,-0.13333333333333333,-1.3299999999999998,1.0,0.0,5.0,5.0,1.0,0.0,0.0,0.0,0.06666666666666667,0.3333333333333333,2.0,5.782134905710473,0.575,1.15,1.0,0.0,0.13333333333333333,0.06666666666666667,0.06666666666666667,0.03833333333333333,0.0,0.0,0.0,0.0,0.0,2.0,0.0,0.2,-0.13333333333333333,-1.6666666666666667,1.0,16.619332177855075,0.0,0.0,0.0,0.0,0.06666666666666667,0.0,0.0,0.0,6.0,4.0348726460991315,15.333333333333334,35.3,4.0,0.0,0.13333333333333333,0.0,0.06666666666666667,0.4197222222222223,2.0,6.919900989853195,14.575,29.15,1.0,0.0,0.06666666666666667,0.0,0.0,0.028333333333333263,0.0,0.0,0.0,0.0,0.0,0.0,0.0,0.06666666666666667,0.0,0.0,5.0,0.040650454070927315,23.369999999999997,46.3,4.0,0.0,0.0,0.0,0.06666666666666667,0.7493333333333332,1.0,0.0,12.2,12.2,1.0,0.0,0.0,0.0,0.06666666666666667,0.8133333333333332,1.0,0.0,4.0,5.762499999999999,1.0,0.0,1.0,0.0,3.0,5.6499999999999995,1.0,0.0,0.0,0.0,4.0,0.0,2.0,24.625,1.0,0.0,4.0,0.0,2.0,13.6
emergency_response_seed1,emergency_response,1,423.25,438.25,31.0,6.432699207021659,8.86774193548387,15.0,5.75,1.0,0.0,2.3,2.3,1.0,0.0,0.0,0.0,0.06666666666666667,0.15333333333333332,2.0,6.902294503997446,1.95,3.9,1.0,0.0,0.06666666666666667,0.0,0.06666666666666667,0.13,0.0,0.0,0.0,0.0,0.0,2.0,0.0,0.2,-0.13333333333333333,-1.3744444444444446,1.0,0.0,6.0,6.0,1.0,0.0,0.0,0.0,0.06666666666666667,0.4,2.0,6.988300117900143,1.075,2.15,1.0,0.0,0.13333333333333333,0.06666666666666667,0.06666666666666667,0.07166666666666667,0.0,0.0,0.0,0.0,0.0,2.0,0.0,0.2,-0.13333333333333333,-1.7111111111111112,1.0,16.649963004272433,0.0,0.0,0.0,0.0,0.06666666666666667,0.0,0.0,0.0,6.0,4.030224048467528,16.0,36.3,4.0,0.0,0.13333333333333333,0.0,0.06666666666666667,0.4141666666666667,2.0,6.918700867259177,15.075,30.15,1.0,0.0,0.06666666666666667,0.0,0.0,-0.005000000000000071,0.0,0.0,0.0,0.0,0.0,0.0,0.0,0.06666666666666667,0.0,0.0,5.0,0.014669760971424615,24.240000000000002,47.3,5.0,0.0,0.0,0.0,0.13333333333333333,0.7673333333333334,1.0,0.0,13.2,13.2,1.0,0.0,0.0,0.0,0.06666666666666667,0.88,1.0,0.0,4.0,6.262499999999999,1.0,0.0,1.0,0.0,3.0,6.316666666666666,1.0,0.0,0.0,0.0,4.0,0.0,2.0,25.625,1.0,0.0,4.0,0.0,2.0,14.1
emergency_response_seed1,emergency_response,1,424.25,439.25,30.0,6.278800671089758,9.663333333333332,15.0,4.75,1.0,0.0,3.3,3.3,1.0,0.0,0.0,0.0,0.06666666666666667,0.22,3.0,7.106173785169509,1.6333333333333335,4.9,1.0,0.0,0.13333333333333333,0.0,0.06666666666666667,0.1088888888888889,0.0,0.0,0.0,0.0,0.0,2.0,0.0,0.2,-0.13333333333333333,-1.418888888888889,1.0,0.0,7.0,7.0,1.0,0.0,0.0,0.0,0.06666666666666667,0.4666666666666667,2.0,8.188644353567371,1.575,3.15,1.0,0.0,0.06666666666666667,0.06666666666666667,0.06666666666666667,0.105,0.0,0.0,0.0,0.0,0.0,2.0,0.0,0.2,-0.13333333333333333,-1.7555555555555555,1.0,16.57980886567384,0.0,0.0,0.0,0.0,0.06666666666666667,0.0,0.0,0.0,6.0,4.023847372221238,16.666666666666668,37.3,4.0,0.0,0.13333333333333333,0.0,0.06666666666666667,0.4086111111111112,2.0,6.924828571769758,15.575,31.15,1.0,0.0,0.06666666666666667,0.0,0.0,-0.03833333333333329,0.0,0.0,0.0,0.0,0.0,0.0,0.0,0.06666666666666667,0.0,0.0,5.0,0.005327249919305315,25.240000000000002,48.3,5.0,0.0,0.0,0.0,0.13333333333333333,0.7940000000000003,1.0,0.0,14.2,14.2,1.0,0.0,0.0,0.0,0.06666666666666667,0.9466666666666667,1.0,0.0,4.0,6.762499999999999,1.0,0.0,1.0,0.0,3.0,6.983333333333333,1.0,0.0,0.0,0.0,3.0,0.0,2.0,26.625,1.0,0.0,3.0,0.0,2.0,14.6
emergency_response_seed1,emergency_response,1,425.25,440.25,31.0,6.231252944898865,9.83548387096774,15.0,3.75,1.0,0.0,4.3,4.3,1.0,0.0,0.0,0.0,0.06666666666666667,0.2866666666666667,4.0,7.466414324112601,1.475,5.9,1.0,0.0,0.2,0.0,0.06666666666666667,0.09833333333333334,0.0,0.0,0.0,0.0,0.0,2.0,0.0,0.2,-0.13333333333333333,-1.4633333333333334,1.0,0.0,8.0,8.0,1.0,0.0,0.0,0.0,0.06666666666666667,0.5333333333333333,2.0,8.189568516857554,2.075,4.15,1.0,0.0,0.06666666666666667,0.06666666666666667,0.06666666666666667,0.13833333333333334,0.0,0.0,0.0,0.0,0.0,2.0,0.0,0.2,-0.13333333333333333,-1.8,1.0,16.669126653570682,0.0,0.0,0.0,0.0,0.06666666666666667,0.0,0.0,0.0,6.0,3.4325883406813986,17.333333333333332,38.3,4.0,0.0,0.13333333333333333,0.0,0.06666666666666667,0.4030555555555555,2.0,5.471544437969474,16.075,32.15,1.0,0.0,0.06666666666666667,0.0,0.0,-0.07166666666666661,0.0,0.0,0.0,0.0,0.0,0.0,0.0,0.06666666666666667,0.0,0.0,5.0,0.001945195799453132,26.24,49.3,5.0,0.0,0.0,0.0,0.13333333333333333,0.8206666666666667,1.0,0.0,15.2,15.2,1.0,0.0,0.0,0.0,0.0,1.0,1.0,0.0,4.0,7.262499999999999,1.0,0.0,1.0,0.0,3.0,7.6499999999999995,1.0,0.0,0.0,0.0,2.0,0.0,2.0,27.625,1.0,0.0,2.0,0.0,2.0,15.1
emergency_response_seed1,emergency_response,1,434.25,449.25,38.0,6.213478601071452,2.569736842105263,6.0,27.75,1.0,13.15983893845038,0.0,0.0,0.0,2.0,0.06666666666666667,0.06666666666666667,0.0,0.0,4.0,5.520597643583179,4.2625,14.9,2.0,0.0,0.13333333333333333,0.0,0.13333333333333333,0.2841666666666667,1.0,15.666426059533,0.0,0.0,0.0,0.0,0.06666666666666667,0.13333333333333333,0.0,0.0,1.0,5.35085783068239,0.0,0.0,0.0,2.0,0.06666666666666667,0.06666666666666667,-0.06666666666666667,-0.13333333333333333,3.0,5.96608397423148,4.383333333333334,13.15,1.0,0.0,0.13333333333333333,0.0,0.06666666666666667,0.29222222222222227,1.0,13.8576548652153,0.0,0.0,0.0,0.0,0.06666666666666667,0.13333333333333333,0.0,0.0,0.0,0.0,0.0,0.0,0.0,2.0,0.0,0.06666666666666667,0.0,0.0,5.0,1.526485804033649,0.0,0.0,0.0,2.0,0.0,0.06666666666666667,-0.26666666666666666,-0.888888888888889,2.0,0.0061405270944643745,21.625,41.15,2.0,0.0,0.0,0.0,0.06666666666666667,0.5700000000000001,1.0,13.198465064725685,0.0,0.0,0.0,2.0,0.06666666666666667,0.0,0.0,0.0,6.0,4.34242657287838,0.0,0.0,0.0,2.0,0.13333333333333333,0.06666666666666667,-0.26666666666666666,-1.398,2.0,2.416942731083681,12.1,24.2,1.0,0.0,0.06666666666666667,0.0,0.0,0.19333333333333336,0.0,0.0,6.0,9.016666666666666,1.0,4.75,0.0,0.0,4.0,11.625,1.0,8.05,0.0,0.0,2.0,0.0,3.0,24.416666666666668,0.0,0.0,0.0,0.0,2.0,19.6
emergency_response_seed1,emergency_response,1,435.25,450.25,38.0,6.897743688883072,2.7276315789473684,6.0,26.75,1.0,13.203822807335932,0.0,0.0,0.0,2.0,0.06666666666666667,0.06666666666666667,0.0,0.0,4.0,5.526531266805934,4.7625,15.9,2.0,0.0,0.13333333333333333,0.0,0.06666666666666667,0.2875,1.0,15.714454594358891,0.0,0.0,0.0,0.0,0.06666666666666667,0.13333333333333333,0.0,0.0,1.0,7.431593518988784,0.0,0.0,0.0,2.0,0.06666666666666667,0.06666666666666667,-0.06666666666666667,-0.2,3.0,5.697791986325671,4.716666666666667,14.15,1.0,0.0,0.06666666666666667,0.0,0.06666666666666667,0.31444444444444447,1.0,13.834665407729336,0.0,0.0,0.0,0.0,0.06666666666666667,0.13333333333333333,0.0,0.0,0.0,0.0,0.0,0.0,0.0,2.0,0.0,0.06666666666666667,0.0,0.0,4.0,1.8485563899427562,0.0,0.0,0.0,2.0,0.0,0.13333333333333333,-0.26666666666666666,-0.9333333333333333,2.0,0.0022228940114580255,22.625,42.15,2.0,0.0,0.0,0.0,0.06666666666666667,0.6033333333333334,1.0,13.24191131182372,0.0,0.0,0.0,2.0,0.06666666666666667,0.0,0.0,0.0,5.0,5.900085382620911,0.0,0.0,0.0,2.0,0.13333333333333333,0.13333333333333333,-0.26666666666666666,-1.4513333333333334,2.0,3.3954268703835147,12.6,25.2,1.0,0.0,0.06666666666666667,0.0,0.0,0.16000000000000003,0.0,0.0,6.0,9.683333333333332,1.0,5.75,0.0,0.0,5.0,9.9,1.0,9.05,1.0,0.0,3.0,0.0,3.0,25.083333333333332,0.0,0.0,1.0,0.0,2.0,20.1
emergency_response_seed1,emergency_response,1,436.25,451.25,37.0,7.448900908589357,2.9635135135135133,6.0,25.75,1.0,13.190440301082965,0.0,0.0,0.0,2.0,0.06666666666666667,0.06666666666666667,-0.06666666666666667,-0.02,4.0,5.512840751453057,5.262499999999999,16.9,2.0,0.0,0.13333333333333333,0.0,0.06666666666666667,0.2874999999999999,1.0,15.662848389431923,0.0,0.0,0.0,0.0,0.06666666666666667,0.06666666666666667,0.0,0.0,1.0,9.451379928594081,0.0,0.0,0.0,2.0,0.06666666666666667,0.06666666666666667,-0.06666666666666667,-0.26666666666666666,3.0,5.582978293995765,5.05,15.15,1.0,0.0,0.06666666666666667,0.0,0.0,0.33166666666666667,1.0,13.87294025404146,0.0,0.0,0.0,0.0,0.06666666666666667,0.06666666666666667,0.0,0.0,0.0,0.0,0.0,0.0,0.0,2.0,0.0,0.06666666666666667,0.0,0.0,4.0,2.7939891915480963,0.0,0.0,0.0,2.0,0.0,0.13333333333333333,-0.26666666666666666,-0.9777777777777777,2.0,0.000813519677676799,23.625,43.15,2.0,0.0,0.0,0.0,0.06666666666666667,0.6366666666666667,1.0,13.251690739319972,0.0,0.0,0.0,2.0,0.06666666666666667,0.0,0.0,0.0,5.0,7.232310203507761,0.0,0.0,0.0,2.0,0.13333333333333333,0.13333333333333333,-0.26666666666666666,-1.5046666666666666,2.0,4.384359146971102,13.1,26.2,1.0,0.0,0.06666666666666667,0.0,0.0,0.12666666666666668,0.0,0.0,6.0,10.35,1.0,6.75,0.0,0.0,5.0,10.5,1.0,10.05,1.0,0.0,3.0,0.0,3.0,25.75,0.0,0.0,1.0,0.0,2.0,20.6
emergency_response_seed1,emergency_response,1,437.25,452.25,38.0,7.9984906542017615,3.064473684210526,7.0,24.75,1.0,13.211567096955081,0.0,0.0,0.0,2.0,0.06666666666666667,0.06666666666666667,-0.06666666666666667,-0.08666666666666667,4.0,5.152158584704923,5.762499999999999,17.9,2.0,0.0,0.13333333333333333,0.0,0.06666666666666667,0.2874999999999999,1.0,15.736537253692836,0.0,0.0,0.0,0.0,0.06666666666666667,0.06666666666666667,0.0,0.0,1.0,11.701953291480988,0.0,0.0,0.0,2.0,0.06666666666666667,0.06666666666666667,-0.06666666666666667,-0.3333333333333333,3.0,4.920724666253908,5.6499999999999995,16.15,2.0,0.0,0.06666666666666667,0.0,0.06666666666666667,0.33833333333333326,1.0,13.827031062837923,0.0,0.0,0.0,0.0,0.06666666666666667,0.0,0.0,0.0,0.0,0.0,0.0,0.0,0.0,2.0,0.0,0.06666666666666667,0.0,0.0,4.0,3.614453878399567,0.0,0.0,0.0,2.0,0.06666666666666667,0.2,-0.26666666666666666,-1.0222222222222224,2.0,0.00029566696766542835,24.625,44.15,2.0,0.0,0.0,0.0,0.06666666666666667,0.67,1.0,13.242788092679191,0.0,0.0,0.0,2.0,0.06666666666666667,0.0,0.0,0.0,4.0,9.002390046361091,0.0,0.0,0.0,2.0,0.13333333333333333,0.2,-0.26666666666666666,-1.5579999999999998,2.0,5.353819745133951,13.6,27.2,1.0,0.0,0.06666666666666667,0.0,0.0,0.09333333333333335,0.0,0.0,6.0,11.016666666666666,1.0,7.75,0.0,0.0,5.0,11.1,1.0,11.05,1.0,0.0,3.0,0.0,3.0,26.416666666666668,0.0,0.0,1.0,0.0,2.0,21.1
emergency_response_seed1,emergency_response,1,438.25,453.25,37.0,8.301780740343622,3.336486486486486,7.0,23.75,1.0,13.211523717395433,0.0,0.0,0.0,2.0,0.06666666666666667,0.06666666666666667,-0.06666666666666667,-0.15333333333333332,4.0,3.984748172019099,6.262499999999999,18.9,2.0,0.0,0.13333333333333333,0.0,0.06666666666666667,0.2874999999999999,1.0,15.650740836236714,0.0,0.0,0.0,0.0,0.06666666666666667,0.0,0.0,0.0,1.0,13.757867454988515,0.0,0.0,0.0,2.0,0.06666666666666667,0.06666666666666667,-0.06666666666666667,-0.4,3.0,3.5402531607643444,6.316666666666666,17.15,2.0,0.0,0.06666666666666667,0.0,0.06666666666666667,0.3494444444444444,1.0,13.417892362403737,0.0,0.0,0.0,0.0,0.06666666666666667,0.0,0.0,0.0,0.0,0.0,0.0,0.0,0.0,2.0,0.0,0.06666666666666667,0.0,0.0,4.0,4.8307550511922965,0.0,0.0,0.0,2.0,0.06666666666666667,0.2,-0.26666666666666666,-1.0666666666666667,2.0,0.00010743254885561396,25.625,45.15,2.0,0.0,0.0,0.0,0.06666666666666667,0.7033333333333334,1.0,13.194588306432204,0.0,0.0,0.0,2.0,0.06666666666666667,0.0,0.0,0.0,4.0,9.803042667180254,0.0,0.0,0.0,2.0,0.13333333333333333,0.2,-0.3333333333333333,-1.616,2.0,6.3647335883507985,14.1,28.2,1.0,0.0,0.06666666666666667,0.0,0.0,0.060000000000000026,0.0,0.0,6.0,11.683333333333332,1.0,8.75,0.0,0.0,5.0,11.7,1.0,12.05,1.0,0.0,2.0,0.0,3.0,27.083333333333332,0.0,0.0,1.0,0.0,2.0,21.925
emergency_response_seed1,emergency_response,1,439.25,454.25,36.0,8.47377442347021,3.623611111111111,7.0,22.75,1.0,13.209341616380664,0.0,0.0,0.0,2.0,0.06666666666666667,0.06666666666666667,-0.06666666666666667,-0.22,4.0,2.9578918511847174,6.762499999999999,19.9,2.0,0.0,0.06666666666666667,0.0,0.06666666666666667,0.3419444444444444,1.0,15.708648720800966,0.0,0.0,0.0,0.0,0.06666666666666667,0.0,0.0,0.0,1.0,15.958592469827842,0.0,0.0,0.0,2.0,0.06666666666666667,0.06666666666666667,-0.06666666666666667,-0.4666666666666667,3.0,2.3032167639449885,6.983333333333333,18.15,2.0,0.0,0.06666666666666667,0.0,0.06666666666666667,0.3605555555555556,1.0,8.930255513222646,0.0,0.0,0.0,0.0,0.06666666666666667,0.0,0.0,0.0,0.0,0.0,0.0,0.0,0.0,2.0,0.0,0.06666666666666667,0.0,0.0,3.0,5.917007227236087,0.0,0.0,0.0,2.0,0.06666666666666667,0.26666666666666666,-0.26666666666666666,-1.1111111111111112,2.0,3.863323104264558e-05,26.625,46.15,2.0,0.0,0.0,0.0,0.06666666666666667,0.7366666666666667,1.0,13.241507699369764,0.0,0.0,0.0,2.0,0.06666666666666667,0.0,0.0,0.0,3.0,11.296438761743824,0.0,0.0,0.0,2.0,0.13333333333333333,0.26666666666666666,-0.3333333333333333,-1.6826666666666668,2.0,6.924813146531815,14.6,29.2,1.0,0.0,0.06666666666666667,0.0,0.0,0.02666666666666669,0.0,0.0,6.0,12.35,1.0,9.75,0.0,0.0,5.0,12.3,1.0,13.05,1.0,0.0,2.0,0.0,3.0,27.75,0.0,0.0,1.0,0.0,2.0,22.925
emergency_response_seed1,emergency_response,1,440.25,455.25,36.0,8.52625740196446,3.818055555555555,7.0,21.75,1.0,13.21548956550349,0.0,0.0,0.0,2.0,0.06666666666666667,0.06666666666666667,-0.06666666666666667,-0.2866666666666667,4.0,2.0799573081716636,7.262499999999999,20.9,2.0,0.0,0.0,0.0,0.06666666666666667,0.3858333333333333,1.0,15.744635615572422,0.0,0.0,0.0,0.0,0.06666666666666667,0.0,0.0,0.0,1.0,16.25604610455781,0.0,0.0,0.0,2.0,0.06666666666666667,0.06666666666666667,-0.06666666666666667,-0.5333333333333333,3.0,1.2729360002698498,7.6499999999999995,19.15,2.0,0.0,0.06666666666666667,0.0,0.06666666666666667,0.37166666666666665,1.0,4.430255513222653,0.0,0.0,0.0,0.0,0.06666666666666667,0.0,0.0,0.0,0.0,0.0,0.0,0.0,0.0,2.0,0.0,0.06666666666666667,0.0,0.0,2.0,7.447100579447413,0.0,0.0,0.0,2.0,0.06666666666666667,0.3333333333333333,-0.26666666666666666,-1.1555555555555554,2.0,1.411241849702341e-05,27.625,47.15,2.0,0.0,0.0,0.0,0.06666666666666667,0.77,1.0,13.217808165898393,0.0,0.0,0.0,2.0,0.06666666666666667,0.0,0.0,0.0,2.0,13.488205084018343,0.0,0.0,0.0,2.0,0.13333333333333333,0.3333333333333333,-0.3333333333333333,-1.7493333333333332,2.0,6.9258065466745755,15.1,30.2,1.0,0.0,0.06666666666666667,0.0,0.0,-0.006666666666666643,0.0,0.0,6.0,13.016666666666666,1.0,10.75,0.0,0.0,5.0,12.9,1.0,14.05,1.0,0.0,2.0,0.0,3.0,28.416666666666668,0.0,0.0,1.0,0.0,2.0,23.925
emergency_response_seed1,emergency_response,1,441.25,456.25,34.0,8.30279546811781,4.25,8.0,20.75,1.0,13.175577496425653,0.0,0.0,0.0,2.0,0.06666666666666667,0.06666666666666667,-0.06666666666666667,-0.35333333333333333,4.0,1.353357002254246,7.762499999999999,21.9,2.0,0.0,0.0,0.0,0.06666666666666667,0.40249999999999997,1.0,15.635604714501738,0.0,0.0,0.0,0.0,0.06666666666666667,0.0,0.0,0.0,1.0,16.21007209932059,0.0,0.0,0.0,2.0,0.06666666666666667,0.06666666666666667,-0.06666666666666667,-0.6,3.0,0.5832352141667317,8.316666666666666,20.15,2.0,0.0,0.06666666666666667,0.0,0.06666666666666667,0.3827777777777778,1.0,0.0004892537376561064,0.05,0.05,1.0,0.0,0.06666666666666667,0.0,0.06666666666666667,0.0033333333333333335,0.0,0.0,0.0,0.0,0.0,2.0,0.0,0.06666666666666667,0.0,0.0,2.0,8.805764172588763,0.0,0.0,0.0,2.0,0.06666666666666667,0.3333333333333333,-0.26666666666666666,-1.2,2.0,5.2329958888401585e-06,28.625,48.15,2.0,0.0,0.0,0.0,0.06666666666666667,0.8033333333333333,1.0,13.20573093143649,0.0,0.0,0.0,2.0,0.06666666666666667,0.0,0.0,0.0,2.0,13.521275987487105,0.0,0.0,0.0,2.0,0.13333333333333333,0.3333333333333333,-0.3333333333333333,-1.8159999999999998,2.0,6.941557117899065,15.6,31.2,1.0,0.0,0.06666666666666667,0.0,0.0,-0.03999999999999997,0.0,0.0,6.0,13.683333333333332,1.0,11.75,0.0,0.0,5.0,13.5,1.0,15.05,1.0,0.0,2.0,0.0,3.0,29.083333333333332,0.0,0.0,1.0,0.0,2.0,24.925
emergency_response_seed1,emergency_response,1,442.25,457.25,33.0,8.136342202803009,4.621212121212121,8.0,19.75,1.0,13.176607609180904,0.0,0.0,0.0,2.0,0.06666666666666667,0.06666666666666667,-0.06666666666666667,-0.42,4.0,0.8273410110114078,8.2625,22.9,2.0,0.0,0.0,0.0,0.06666666666666667,0.41916666666666663,1.0,12.679241764600707,0.0,0.0,0.0,0.0,0.06666666666666667,0.0,0.0,0.0,1.0,16.21289367721975,0.0,0.0,0.0,2.0,0.06666666666666667,0.06666666666666667,-0.06666666666666667,-0.6666666666666666,3.0,0.20181022870703924,8.983333333333333,21.15,2.0,0.0,0.06666666666666667,0.0,0.06666666666666667,0.39388888888888884,1.0,0.0,1.05,1.05,1.0,0.0,0.0,0.0,0.06666666666666667,0.07,0.0,0.0,0.0,0.0,0.0,2.0,0.0,0.06666666666666667,0.0,0.0,1.0,11.976550929564983,0.0,0.0,0.0,2.0,0.06666666666666667,0.4,-0.26666666666666666,-1.2444444444444445,2.0,0.0,29.625,49.15,2.0,0.0,0.0,0.0,0.06666666666666667,0.8366666666666667,1.0,13.253400251111096,0.0,0.0,0.0,2.0,0.06666666666666667,0.0,0.0,0.0,2.0,13.487284516781154,0.0,0.0,0.0,2.0,0.13333333333333333,0.3333333333333333,-0.3333333333333333,-1.8826666666666665,2.0,6.938605764319655,16.1,32.2,1.0,0.0,0.06666666666666667,0.0,0.0,-0.0733333333333332,0.0,0.0,6.0,14.35,1.0,12.75,0.0,0.0,5.0,14.1,1.0,16.05,1.0,0.0,2.0,0.0,3.0,29.75,0.0,0.0,1.0,0.0,2.0,25.925
emergency_response_seed1,emergency_response,1,443.25,458.25,34.0,7.84541687383511,4.720588235294118,8.0,18.75,1.0,13.177310813304906,0.0,0.0,0.0,2.0,0.06666666666666667,0.06666666666666667,-0.06666666666666667,-0.48666666666666664,5.0,0.4984408700716251,7.01,23.9,2.0,0.0,0.06666666666666667,0.0,0.06666666666666667,0.319,1.0,7.201279622206002,0.0,0.0,0.0,0.0,0.06666666666666667,0.0,0.0,0.0,1.0,16.252588302150368,0.0,0.0,0.0,2.0,0.06666666666666667,0.06666666666666667,-0.06666666666666667,-0.7333333333333333,3.0,0.06042629428829451,9.65,22.15,2.0,0.0,0.0,0.0,0.06666666666666667,0.4844444444444445,1.0,0.0,2.05,2.05,1.0,0.0,0.0,0.0,0.06666666666666667,0.13666666666666666,0.0,0.0,0.0,0.0,0.0,2.0,0.0,0.06666666666666667,0.0,0.0,1.0,11.974481517097447,0.0,0.0,0.0,2.0,0.06666666666666667,0.4,-0.26666666666666666,-1.2888888888888888,2.0,0.0,30.625,50.15,2.0,0.0,0.0,0.0,0.06666666666666667,0.87,1.0,13.207888265734152,0.0,0.0,0.0,2.0,0.06666666666666667,0.0,0.0,0.0,2.0,13.493535536550269,0.0,0.0,0.0,2.0,0.06666666666666667,0.3333333333333333,-0.3333333333333333,-1.6244444444444441,2.0,6.928000962445513,16.6,33.2,1.0,0.0,0.06666666666666667,0.0,0.0,-0.10666666666666652,0.0,0.0,6.0,15.016666666666666,1.0,13.75,0.0,0.0,5.0,14.7,2.0,8.525,1.0,0.0,2.0,0.0,3.0,30.416666666666668,0.0,0.0,1.0,0.0,2.0,26.925
emergency_response_seed1,emergency_response,1,444.25,459.25,34.0,7.754777578815579,4.972058823529412,9.0,17.75,1.0,13.199872772448401,0.0,0.0,0.0,2.0,0.06666666666666667,0.06666666666666667,-0.06666666666666667,-0.5533333333333333,5.0,0.6587820431806838,7.409999999999999,24.9,2.0,0.0,0.06666666666666667,0.0,0.06666666666666667,0.3289999999999999,1.0,1.7020551398883819,0.0,0.0,0.0,0.0,0.06666666666666667,0.0,0.0,0.0,1.0,16.30465132861957,0.0,0.0,0.0,2.0,0.06666666666666667,0.06666666666666667,-0.06666666666666667,-0.8,3.0,0.016942440217681414,10.5,23.15,3.0,0.0,0.0,0.0,0.13333333333333333,0.5188888888888888,1.0,0.0,3.05,3.05,1.0,0.0,0.0,0.0,0.06666666666666667,0.2033333333333333,0.0,0.0,0.0,0.0,0.0,2.0,0.0,0.06666666666666667,0.0,0.0,1.0,11.997440552932677,0.0,0.0,0.0,2.0,0.06666666666666667,0.4,-0.26666666666666666,-1.3333333333333333,2.0,0.0,31.625,51.15,2.0,0.0,0.0,0.0,0.06666666666666667,0.9033333333333334,1.0,13.226899937434434,0.0,0.0,0.0,2.0,0.06666666666666667,0.0,0.0,0.0,1.0,13.165514961739404,0.0,0.0,0.0,2.0,0.06666666666666667,0.4,-0.3333333333333333,-1.68,2.0,6.927168835409102,17.1,34.2,1.0,0.0,0.06666666666666667,0.0,0.0,-0.13999999999999985,0.0,0.0,6.0,15.683333333333332,1.0,14.75,0.0,0.0,5.0,15.3,2.0,9.025,1.0,0.0,2.0,0.0,3.0,31.083333333333332,0.0,0.0,1.0,0.0,2.0,27.925
emergency_response_seed1,emergency_response,1,445.25,460.25,35.0,7.590363453476308,5.1242857142857146,11.0,16.75,1.0,13.205294293368173,0.0,0.0,0.0,2.0,0.06666666666666667,0.06666666666666667,-0.06666666666666667,-0.62,6.0,1.1967726530173886,6.6000000000000005,25.9,3.0,0.0,0.13333333333333333,0.0,0.13333333333333333,0.25833333333333336,1.0,0.0,0.75,0.75,1.0,0.0,0.06666666666666667,0.0,0.06666666666666667,0.05,1.0,16.267261948138476,0.0,0.0,0.0,2.0,0.06666666666666667,0.06666666666666667,-0.06666666666666667,-0.8666666666666667,3.0,0.004961536992852635,11.5,24.15,3.0,0.0,0.0,0.0,0.13333333333333333,0.5633333333333332,1.0,0.0,4.05,4.05,1.0,0.0,0.0,0.0,0.06666666666666667,0.26999999999999996,0.0,0.0,0.0,0.0,0.0,2.0,0.0,0.06666666666666667,-0.06666666666666667,-0.02,1.0,11.991606048359536,0.0,0.0,0.0,2.0,0.06666666666666667,0.4,-0.26666666666666666,-1.3777777777777778,2.0,0.0,32.625,52.15,2.0,0.0,0.0,0.0,0.06666666666666667,0.9366666666666668,1.0,13.251839879073747,0.0,0.0,0.0,2.0,0.06666666666666667,0.0,0.0,0.0,1.0,13.112567670361473,0.0,0.0,0.0,2.0,0.06666666666666667,0.4,-0.3333333333333333,-1.7355555555555555,2.0,6.174161860624305,17.6,35.2,1.0,0.0,0.06666666666666667,0.0,0.0,-0.1733333333333332,1.0,0.0,6.0,16.349999999999998,1.0,15.75,0.0,0.0,5.0,15.9,2.0,9.525,1.0,0.0,2.0,0.0,3.0,31.75,0.0,0.0,1.0,0.0,2.0,28.925
emergency_response_seed1,emergency_response,1,446.25,461.25,37.0,7.379811672957908,5.144594594594595,11.0,15.75,1.0,10.664973652664393,0.0,0.0,0.0,2.0,0.06666666666666667,0.06666666666666667,-0.06666666666666667,-0.6866666666666668,6.0,1.778300704866549,7.1000000000000005,26.9,3.0,0.0,0.13333333333333333,0.0,0.13333333333333333,0.275,1.0,0.0,1.75,1.75,1.0,0.0,0.06666666666666667,0.0,0.06666666666666667,0.11666666666666667,1.0,12.872186817198992,0.0,0.0,0.0,2.0,0.06666666666666667,0.06666666666666667,-0.06666666666666667,-0.9333333333333333,3.0,0.001378311709592612,12.5,25.15,3.0,0.0,0.0,0.0,0.13333333333333333,0.6077777777777779,1.0,0.0,5.05,5.05,1.0,0.0,0.0,0.0,0.06666666666666667,0.33666666666666667,0.0,0.0,0.0,0.0,0.0,2.0,0.0,0.06666666666666667,-0.06666666666666667,-0.08666666666666667,2.0,12.541241577422483,0.0,0.0,0.0,2.0,0.13333333333333333,0.4,-0.3333333333333333,-1.4316666666666664,3.0,0.3621436907481925,22.416666666666668,53.15,2.0,0.0,0.06666666666666667,0.0,0.06666666666666667,0.2227777777777779,1.0,11.588569007843649,0.0,0.0,0.0,2.0,0.06666666666666667,0.0,0.0,0.0,1.0,13.181361986184362,0.0,0.0,0.0,2.0,0.06666666666666667,0.4,-0.3333333333333333,-1.7911111111111109,2.0,4.593214425248076,18.1,36.2,1.0,0.0,0.06666666666666667,0.0,0.0,-0.20666666666666653,1.0,0.0,6.0,17.016666666666666,2.0,8.375,1.0,0.0,5.0,16.5,2.0,10.025,1.0,0.0,2.0,0.0,3.0,32.416666666666664,0.0,0.0,1.0,0.0,2.0,29.925
emergency_response_seed1,emergency_response,1,450.25,465.25,40.0,7.766234619207715,5.94625,12.0,11.75,0.0,0.0,0.0,0.0,0.0,2.0,0.0,0.06666666666666667,0.0,0.0,6.0,3.892337856368093,9.683333333333332,30.9,4.0,0.0,0.13333333333333333,0.0,0.13333333333333333,0.32805555555555543,1.0,0.0,5.75,5.75,1.0,0.0,0.0,0.0,0.06666666666666667,0.38333333333333336,0.0,0.0,0.0,0.0,0.0,2.0,0.0,0.06666666666666667,0.0,0.0,5.0,1.4047297750901444,9.9,29.15,3.0,0.0,0.13333333333333333,0.0,0.13333333333333333,0.34555555555555556,1.0,0.0,9.05,9.05,1.0,0.0,0.0,0.0,0.06666666666666667,0.6033333333333334,1.0,13.297451847473349,0.0,0.0,0.0,2.0,0.06666666666666667,0.0,0.0,0.0,3.0,13.3649285952785,0.0,0.0,0.0,2.0,0.2,0.26666666666666666,0.0,0.0,3.0,2.9824587440188526,25.083333333333332,57.15,2.0,0.0,0.06666666666666667,0.0,0.0,0.1638888888888888,0.0,0.0,0.0,0.0,0.0,2.0,0.0,0.06666666666666667,0.0,0.0,1.0,11.956724429516953,0.0,0.0,0.0,2.0,0.06666666666666667,0.3333333333333333,0.0,0.0,2.0,0.47918401910200387,20.1,40.2,1.0,0.0,0.0,0.0,0.0,0.5000000000000001,1.0,0.0,7.0,16.878571428571426,2.0,10.375,1.0,0.0,5.0,18.9,2.0,12.025,0.0,0.0,1.0,0.0,3.0,11.033333333333333,0.0,0.0,1.0,0.0,2.0,6.325
emergency_response_seed1,emergency_response,1,451.25,466.25,39.0,7.826571129608694,6.406410256410256,12.0,10.75,0.0,0.0,0.0,0.0,0.0,2.0,0.0,0.06666666666666667,0.0,0.0,6.0,3.9113965794714587,10.35,31.9,4.0,0.0,0.13333333333333333,0.0,0.13333333333333333,0.33916666666666667,1.0,0.0,6.75,6.75,1.0,0.0,0.0,0.0,0.06666666666666667,0.45,0.0,0.0,0.0,0.0,0.0,2.0,0.0,0.06666666666666667,0.0,0.0,5.0,2.2656980240415874,10.5,30.15,3.0,0.0,0.13333333333333333,0.0,0.13333333333333333,0.36333333333333334,1.0,0.0,10.05,10.05,1.0,0.0,0.0,0.0,0.06666666666666667,0.67,1.0,13.308017096160402,0.0,0.0,0.0,2.0,0.06666666666666667,0.0,0.0,0.0,3.0,13.327002202778678,0.0,0.0,0.0,2.0,0.2,0.26666666666666666,0.0,0.0,3.0,3.5844453666654643,25.75,58.15,2.0,0.0,0.06666666666666667,0.0,0.0,0.14166666666666666,0.0,0.0,0.0,0.0,0.0,2.0,0.0,0.06666666666666667,0.0,0.0,1.0,11.94869356860164,0.0,0.0,0.0,2.0,0.06666666666666667,0.3333333333333333,0.0,0.0,2.0,0.19256328693624483,20.6,41.2,1.0,0.0,0.0,0.0,0.0,0.5000000000000001,1.0,0.0,7.0,17.62142857142857,2.0,10.875,1.0,0.0,5.0,19.5,2.0,12.525,0.0,0.0,1.0,0.0,2.0,0.0,0.0,0.0,1.0,0.3,1.0,0.0
emergency_response_seed1,emergency_response,1,452.25,467.25,39.0,7.987476684025964,6.714102564102565,12.0,9.75,0.0,0.0,0.0,0.0,0.0,2.0,0.0,0.06666666666666667,0.0,0.0,6.0,3.9365002516387104,11.016666666666666,32.9,4.0,0.0,0.13333333333333333,0.0,0.13333333333333333,0.35027777777777774,1.0,0.0,7.75,7.75,1.0,0.0,0.0,0.0,0.06666666666666667,0.5166666666666667,0.0,0.0,0.0,0.0,0.0,2.0,0.0,0.06666666666666667,0.0,0.0,5.0,3.0978088899871397,11.1,31.15,3.0,0.0,0.13333333333333333,0.0,0.06666666666666667,0.36333333333333334,1.0,0.0,11.05,11.05,1.0,0.0,0.0,0.0,0.06666666666666667,0.7366666666666667,1.0,13.279102074602342,0.0,0.0,0.0,2.0,0.06666666666666667,0.0,0.0,0.0,3.0,13.336170870351461,0.0,0.0,0.0,2.0,0.13333333333333333,0.2,0.0,0.0,3.0,4.230749411529067,26.416666666666668,59.15,2.0,0.0,0.06666666666666667,0.0,0.0,0.11944444444444452,0.0,0.0,0.0,0.0,0.0,2.0,0.0,0.06666666666666667,0.0,0.0,1.0,11.965692947215766,0.0,0.0,0.0,2.0,0.06666666666666667,0.26666666666666666,0.0,0.0,2.0,0.07273318628387954,21.1,42.2,1.0,0.0,0.0,0.0,0.0,0.5000000000000001,1.0,0.0,7.0,18.478571428571428,2.0,11.375,1.0,0.0,6.0,16.75,2.0,13.025,0.0,0.0,1.0,0.0,2.0,0.0,1.0,0.0,1.0,1.3,1.0,0.0
emergency_response_seed1,emergency_response,1,453.25,468.25,39.0,8.129387272663317,7.038461538461538,13.0,8.75,0.0,0.0,0.0,0.0,0.0,2.0,0.0,0.06666666666666667,0.0,0.0,6.0,3.959188517028839,11.683333333333332,33.9,4.0,0.0,0.13333333333333333,0.0,0.13333333333333333,0.3613888888888888,1.0,0.0,8.75,8.75,1.0,0.0,0.0,0.0,0.06666666666666667,0.5833333333333334,0.0,0.0,0.0,0.0,0.0,2.0,0.0,0.06666666666666667,0.0,0.0,5.0,3.9255091413730847,11.7,32.15,3.0,0.0,0.13333333333333333,0.0,0.06666666666666667,0.35888888888888887,1.0,0.0,12.05,12.05,1.0,0.0,0.0,0.0,0.06666666666666667,0.8033333333333333,1.0,13.290129103362052,0.0,0.0,0.0,2.0,0.06666666666666667,0.0,0.0,0.0,2.0,14.042412689949169,0.0,0.0,0.0,2.0,0.13333333333333333,0.26666666666666666,0.0,0.0,3.0,4.615750007291402,27.083333333333332,60.15,2.0,0.0,0.06666666666666667,0.0,0.0,0.09722222222222214,0.0,0.0,0.0,0.0,0.0,2.0,0.0,0.06666666666666667,0.0,0.0,1.0,11.969656629357386,0.0,0.0,0.0,2.0,0.06666666666666667,0.26666666666666666,0.0,0.0,2.0,0.02636378241672383,21.925,43.2,2.0,0.0,0.0,0.0,0.06666666666666667,0.5216666666666667,1.0,0.0,7.0,19.335714285714285,2.0,11.875,1.0,0.0,6.0,17.25,2.0,13.525,0.0,0.0,1.0,0.0,2.0,0.0,1.0,0.0,2.0,1.15,2.0,0.0
emergency_response_seed1,emergency_response,1,454.25,469.25,37.0,8.044799137864578,7.77027027027027,13.0,7.75,0.0,0.0,0.0,0.0,0.0,2.0,0.0,0.06666666666666667,0.0,0.0,6.0,3.96043651392286,12.35,34.9,4.0,0.0,0.13333333333333333,0.0,0.13333333333333333,0.3725,1.0,0.0,9.75,9.75,1.0,0.0,0.0,0.0,0.06666666666666667,0.65,0.0,0.0,0.0,0.0,0.0,2.0,0.0,0.06666666666666667,0.0,0.0,5.0,4.44366257313049,12.3,33.15,3.0,0.0,0.13333333333333333,0.0,0.06666666666666667,0.3544444444444445,1.0,0.0,13.05,13.05,1.0,0.0,0.0,0.0,0.06666666666666667,0.87,1.0,13.249288379568098,0.0,0.0,0.0,2.0,0.06666666666666667,0.0,0.0,0.0,2.0,14.026892366585106,0.0,0.0,0.0,2.0,0.13333333333333333,0.2,0.0,0.0,3.0,4.608973590897318,27.75,61.15,2.0,0.0,0.06666666666666667,0.0,0.0,0.075,0.0,0.0,0.0,0.0,0.0,2.0,0.0,0.06666666666666667,0.0,0.0,1.0,11.952504639979352,0.0,0.0,0.0,2.0,0.06666666666666667,0.2,0.0,0.0,2.0,0.009606435867642406,22.925,44.2,2.0,0.0,0.0,0.0,0.06666666666666667,0.555,1.0,0.0,7.0,20.192857142857143,2.0,12.375,1.0,0.0,6.0,17.808333333333334,2.0,14.025,0.0,0.0,1.0,0.0,1.0,0.0,1.0,0.0,2.0,1.65,1.0,0.0
emergency_response_seed1,emergency_response,1,455.25,470.25,35.0,7.843362379994374,8.585714285714285,13.0,6.75,0.0,0.0,0.0,0.0,0.0,2.0,0.0,0.06666666666666667,0.0,0.0,6.0,3.974716443319114,13.016666666666666,35.9,4.0,0.0,0.13333333333333333,0.0,0.13333333333333333,0.38361111111111107,1.0,0.0,10.75,10.75,1.0,0.0,0.0,0.0,0.06666666666666667,0.7166666666666667,0.0,0.0,0.0,0.0,0.0,2.0,0.0,0.06666666666666667,0.0,0.0,5.0,4.786573193594219,12.9,34.15,3.0,0.0,0.13333333333333333,0.0,0.06666666666666667,0.35000000000000003,1.0,0.0,14.05,14.05,1.0,0.0,0.0,0.0,0.06666666666666667,0.9366666666666668,1.0,13.26121965498729,0.0,0.0,0.0,2.0,0.06666666666666667,0.0,0.0,0.0,2.0,14.021856471923778,0.0,0.0,0.0,2.0,0.13333333333333333,0.13333333333333333,0.0,0.0,3.0,4.619287512297743,28.416666666666668,62.15,2.0,0.0,0.06666666666666667,0.0,0.0,0.052777777777777854,0.0,0.0,0.0,0.0,0.0,2.0,0.0,0.06666666666666667,0.0,0.0,1.0,11.94791026698881,0.0,0.0,0.0,2.0,0.06666666666666667,0.13333333333333333,0.0,0.0,2.0,0.003430628887623979,23.925,45.2,2.0,0.0,0.0,0.0,0.06666666666666667,0.5883333333333334,1.0,0.0,7.0,21.05,2.0,12.875,1.0,0.0,6.0,18.474999999999998,2.0,14.525,0.0,0.0,1.0,0.0,1.0,0.0,1.0,0.0,2.0,2.15,1.0,0.0
emergency_response_seed1,emergency_response,1,456.25,471.25,35.0,7.844948299771478,8.957142857142857,13.0,5.75,0.0,0.0,0.0,0.0,0.0,2.0,0.0,0.06666666666666667,0.0,0.0,6.0,4.0006032960303495,13.683333333333332,36.9,4.0,0.0,0.13333333333333333,0.0,0.13333333333333333,0.39472222222222214,1.0,0.0,11.75,11.75,1.0,0.0,0.0,0.0,0.06666666666666667,0.7833333333333333,0.0,0.0,0.0,0.0,0.0,2.0,0.0,0.06666666666666667,0.0,0.0,5.0,4.741856100666243,13.5,35.15,3.0,0.0,0.13333333333333333,0.0,0.06666666666666667,0.34555555555555556,1.0,0.0,15.05,15.05,1.0,0.0,0.0,0.0,0.0,1.0,1.0,13.298715674752094,0.0,0.0,0.0,2.0,0.06666666666666667,0.0,0.0,0.0,2.0,14.019528233619074,0.0,0.0,0.0,2.0,0.13333333333333333,0.13333333333333333,0.0,0.0,3.0,4.609144786653342,29.083333333333332,63.15,2.0,0.0,0.06666666666666667,0.0,0.0,0.030555555555555478,0.0,0.0,0.0,0.0,0.0,2.0,0.0,0.06666666666666667,0.0,0.0,1.0,11.9638148885196,0.0,0.0,0.0,2.0,0.06666666666666667,0.13333333333333333,0.0,0.0,2.0,0.0012657944111952222,24.925,46.2,2.0,0.0,0.0,0.0,0.06666666666666667,0.6216666666666667,1.0,0.0,8.0,19.16875,2.0,13.375,1.0,0.0,6.0,19.15,2.0,15.025,0.0,0.0,1.0,0.0,0.0,0.0,1.0,0.0,2.0,2.65,1.0,0.0
emergency_response_seed1,emergency_response,1,457.25,472.25,35.0,7.7040559183785895,9.32857142857143,13.0,4.75,0.0,0.0,0.0,0.0,0.0,2.0,0.0,0.06666666666666667,0.0,0.0,6.0,3.192917524791204,14.35,37.9,4.0,0.0,0.13333333333333333,0.0,0.13333333333333333,0.4058333333333334,1.0,0.0,12.75,12.75,1.0,0.0,0.0,0.0,0.06666666666666667,0.85,0.0,0.0,0.0,0.0,0.0,2.0,0.0,0.06666666666666667,0.0,0.0,5.0,4.710537530955108,14.1,36.15,3.0,0.0,0.13333333333333333,0.0,0.06666666666666667,0.34111111111111114,1.0,0.0,16.05,16.05,1.0,0.0,0.0,0.0,0.0,1.0,1.0,13.266170298807047,0.0,0.0,0.0,2.0,0.06666666666666667,0.0,0.0,0.0,2.0,14.044313835370371,0.0,0.0,0.0,2.0,0.13333333333333333,0.06666666666666667,0.0,0.0,3.0,4.615494435570824,29.75,64.15,2.0,0.0,0.06666666666666667,0.0,0.0,0.008333333333333333,0.0,0.0,0.0,0.0,0.0,2.0,0.0,0.06666666666666667,0.0,0.0,1.0,11.975917026197903,0.0,0.0,0.0,2.0,0.06666666666666667,0.13333333333333333,0.0,0.0,2.0,0.0004555790352767481,25.925,47.2,2.0,0.0,0.0,0.0,0.06666666666666667,0.6549999999999999,1.0,0.0,8.0,19.91875,2.0,13.875,1.0,0.0,6.0,19.98333333333333,2.0,15.525,0.0,0.0,1.0,0.6,0.0,0.0,1.0,0.0,2.0,3.15,1.0,0.0
emergency_response_seed1,emergency_response,1,458.25,473.25,36.0,7.5443152914173375,9.430555555555555,13.0,3.75,0.0,0.0,0.0,0.0,0.0,2.0,0.0,0.06666666666666667,0.0,0.0,6.0,2.4512211915496547,15.016666666666666,38.9,4.0,0.0,0.06666666666666667,0.0,0.13333333333333333,0.5337777777777777,1.0,0.0,13.75,13.75,1.0,0.0,0.0,0.0,0.06666666666666667,0.9166666666666666,0.0,0.0,0.0,0.0,0.0,2.0,0.0,0.06666666666666667,0.0,0.0,5.0,4.68565997049328,14.7,37.15,3.0,0.0,0.13333333333333333,0.0,0.06666666666666667,0.3366666666666666,2.0,0.6648920817383435,8.525,17.05,1.0,0.0,0.06666666666666667,0.0,0.0,0.4316666666666667,1.0,13.291295573414027,0.0,0.0,0.0,2.0,0.06666666666666667,0.0,0.0,0.0,2.0,12.495856660800985,0.0,0.0,0.0,2.0,0.13333333333333333,0.06666666666666667,0.0,0.0,3.0,4.53486857044846,30.416666666666668,65.15,2.0,0.0,0.06666666666666667,0.0,0.0,-0.01388888888888881,0.0,0.0,0.0,0.0,0.0,2.0,0.0,0.06666666666666667,0.0,0.0,1.0,11.970638211504456,0.0,0.0,0.0,2.0,0.06666666666666667,0.13333333333333333,0.0,0.0,2.0,0.00016499194639549907,26.925,48.2,2.0,0.0,0.0,0.0,0.06666666666666667,0.6883333333333332,1.0,0.0,8.0,20.66875,2.0,14.375,1.0,0.0,6.0,20.816666666666666,2.0,16.025,0.0,0.0,1.0,1.6,0.0,0.0,1.0,0.0,3.0,2.433333333333333,1.0,0.0
emergency_response_seed1,emergency_response,1,459.25,474.25,34.0,7.2397640527305205,10.367647058823529,13.0,2.75,0.0,0.0,0.0,0.0,0.0,2.0,0.0,0.06666666666666667,0.0,0.0,6.0,1.7813729764132737,15.683333333333332,39.9,4.0,0.0,0.06666666666666667,0.0,0.13333333333333333,0.5515555555555556,1.0,0.0,14.75,14.75,1.0,0.0,0.0,0.0,0.06666666666666667,0.9833333333333333,0.0,0.0,0.0,0.0,0.0,2.0,0.0,0.06666666666666667,0.0,0.0,5.0,4.669157089450655,15.3,38.15,3.0,0.0,0.13333333333333333,0.0,0.0,0.32000000000000006,2.0,1.6932027193137629,9.025,18.05,1.0,0.0,0.06666666666666667,0.0,0.0,0.3983333333333334,1.0,13.290111361738019,0.0,0.0,0.0,2.0,0.06666666666666667,0.0,0.0,0.0,2.0,13.432040221446893,0.0,0.0,0.0,2.0,0.13333333333333333,0.06666666666666667,0.0,0.0,3.0,3.443223438989941,31.083333333333332,66.15,2.0,0.0,0.06666666666666667,0.0,0.0,-0.03611111111111119,0.0,0.0,0.0,0.0,0.0,2.0,0.0,0.06666666666666667,0.0,0.0,1.0,11.951047907753281,0.0,0.0,0.0,2.0,0.06666666666666667,0.06666666666666667,0.0,0.0,2.0,5.951640661603092e-05,27.925,49.2,2.0,0.0,0.0,0.0,0.06666666666666667,0.7216666666666666,1.0,0.0,8.0,21.41875,2.0,14.875,1.0,0.0,6.0,21.650000000000002,2.0,16.525,0.0,0.0,1.0,2.6,0.0,0.0,1.0,0.0,3.0,2.766666666666667,1.0,0.0
emergency_response_seed1,emergency_response,1,460.25,475.25,32.0,6.6427973965132905,11.421875,13.0,1.75,1.0,12.0,0.0,0.0,0.0,2.0,0.06666666666666667,0.06666666666666667,0.0,0.0,6.0,1.2164132211675251,16.349999999999998,40.9,4.0,0.0,0.0,0.0,0.06666666666666667,0.6499999999999998,1.0,0.0,15.75,15.75,1.0,0.0,0.0,0.0,0.0,1.0,0.0,0.0,0.0,0.0,0.0,2.0,0.0,0.06666666666666667,0.0,0.0,5.0,4.665147587875851,15.9,39.15,3.0,0.0,0.13333333333333333,0.0,0.0,0.29333333333333333,2.0,2.6974704794133726,9.525,19.05,1.0,0.0,0.06666666666666667,0.0,0.0,0.36500000000000005,1.0,13.289634413289097,0.0,0.0,0.0,2.0,0.06666666666666667,0.0,0.0,0.0,2.0,13.418637588167197,0.0,0.0,0.0,2.0,0.13333333333333333,0.06666666666666667,0.0,0.0,3.0,2.4385880243150035,31.75,67.15,2.0,0.0,0.06666666666666667,0.0,0.0,-0.058333333333333334,0.0,0.0,0.0,0.0,0.0,2.0,0.0,0.06666666666666667,0.0,0.0,1.0,11.96563353157825,0.0,0.0,0.0,2.0,0.06666666666666667,0.06666666666666667,0.0,0.0,2.0,2.188213036716011e-05,28.925,50.2,2.0,0.0,0.0,0.0,0.06666666666666667,0.755,1.0,0.0,8.0,22.16875,2.0,15.375,1.0,0.25,6.0,22.483333333333334,2.0,17.025,0.0,0.0,1.0,3.6,0.0,0.0,1.0,0.0,3.0,3.1,1.0,0.0
emergency_response_seed1,emergency_response,1,461.25,476.25,32.0,6.169384084380351,11.828125,13.0,0.75,1.0,11.971434533684514,0.0,0.0,0.0,2.0,0.06666666666666667,0.06666666666666667,0.0,0.0,6.0,0.7612754564030871,17.016666666666666,41.9,4.0,0.0,0.0,0.0,0.06666666666666667,0.661111111111111,2.0,0.4872416669304144,8.375,16.75,1.0,0.0,0.06666666666666667,0.0,0.0,0.44166666666666665,1.0,13.669022297759374,0.0,0.0,0.0,2.0,0.06666666666666667,0.06666666666666667,0.0,0.0,5.0,4.650437404403453,16.5,40.15,3.0,0.0,0.13333333333333333,0.0,0.0,0.26666666666666666,2.0,3.6768543344295757,10.025,20.05,1.0,0.0,0.06666666666666667,0.0,0.0,0.3316666666666667,1.0,13.295793026019311,0.0,0.0,0.0,2.0,0.06666666666666667,0.0,0.0,0.0,2.0,13.43534434695226,0.0,0.0,0.0,2.0,0.13333333333333333,0.13333333333333333,0.0,0.0,3.0,1.5616041729345298,32.416666666666664,68.15,2.0,0.0,0.0,0.0,0.0,0.6666666666666664,0.0,0.0,0.0,0.0,0.0,2.0,0.0,0.06666666666666667,0.0,0.0,1.0,11.969577495404419,0.0,0.0,0.0,2.0,0.06666666666666667,0.06666666666666667,0.0,0.0,2.0,8.038190735796022e-06,29.925,51.2,2.0,0.0,0.0,0.0,0.06666666666666667,0.7883333333333333,1.0,0.1,8.0,22.91875,2.0,15.875,1.0,1.25,6.0,23.316666666666666,2.0,17.525,0.0,0.0,1.0,4.6,0.0,0.0,1.0,0.0,3.0,3.4333333333333336,1.0,0.0
emergency_response_seed1,emergency_response,1,467.25,482.25,31.0,5.330343079179771,9.030645161290321,12.0,9.75,1.0,11.998618218088522,0.0,0.0,0.0,0.0,0.06666666666666667,0.0,0.0,0.0,7.0,1.6972881278313954,18.478571428571428,47.9,6.0,0.0,0.06666666666666667,0.0,0.13333333333333333,0.4974603174603175,2.0,6.519667751959208,11.375,22.75,1.0,0.0,0.06666666666666667,0.0,0.0,0.24166666666666667,1.0,13.69128111283092,0.0,0.0,0.0,0.0,0.06666666666666667,0.0,0.0,0.0,6.0,0.6056903384578872,16.75,46.15,3.0,0.0,0.06666666666666667,0.0,0.0,0.3766666666666667,2.0,6.932366788344807,13.025,26.05,1.0,0.0,0.06666666666666667,0.0,0.0,0.13166666666666665,0.0,0.0,0.0,0.0,0.0,0.0,0.0,0.06666666666666667,0.0,0.0,1.0,14.338266232283056,0.0,0.0,0.0,0.0,0.06666666666666667,0.2,0.0,0.0,2.0,2.239254716796475,0.0,0.0,0.0,2.0,0.0,0.06666666666666667,-0.13333333333333333,-1.7611111111111113,1.0,14.830062356639656,0.0,0.0,0.0,0.0,0.06666666666666667,0.0,0.0,0.0,1.0,0.0,1.3,1.3,1.0,0.0,0.0,0.0,0.06666666666666667,0.08666666666666667,1.0,3.333600745095664,0.0,0.0,0.0,2.0,0.0,0.06666666666666667,-0.06666666666666667,-1.4066666666666667,0.0,0.0,8.0,0.25,2.0,19.275,0.0,0.0,6.0,0.0,2.0,22.5,1.0,0.0,3.0,3.533333333333333,1.0,0.0,0.0,0.0,3.0,5.433333333333334,1.0,0.0
emergency_response_seed1,emergency_response,1,468.25,483.25,33.0,5.583152778589761,8.846969696969696,12.0,8.75,1.0,11.98210889331065,0.0,0.0,0.0,0.0,0.06666666666666667,0.0,0.0,0.0,7.0,1.9586988502797529,19.335714285714285,48.9,6.0,0.0,0.06666666666666667,0.0,0.13333333333333333,0.5101587301587303,2.0,6.920623187394231,11.875,23.75,1.0,0.0,0.06666666666666667,0.0,0.0,0.20833333333333334,1.0,13.660047232137593,0.0,0.0,0.0,0.0,0.06666666666666667,0.0,0.0,0.0,6.0,0.7121084805638337,17.25,47.15,3.0,0.0,0.06666666666666667,0.0,0.0,0.37000000000000005,2.0,6.9312909734464485,13.525,27.05,1.0,0.0,0.06666666666666667,0.0,0.0,0.09833333333333331,0.0,0.0,0.0,0.0,0.0,0.0,0.0,0.06666666666666667,0.0,0.0,1.0,14.36192776377985,0.0,0.0,0.0,0.0,0.06666666666666667,0.13333333333333333,0.0,0.0,2.0,3.830966983078115,0.0,0.0,0.0,2.0,0.0,0.06666666666666667,-0.13333333333333333,-1.8055555555555556,1.0,16.520189879141988,0.0,0.0,0.0,0.0,0.06666666666666667,0.0,0.0,0.0,2.0,0.27066673588715334,1.15,2.3,1.0,0.0,0.06666666666666667,0.0,0.06666666666666667,0.07666666666666666,2.0,5.183579834282769,0.0,0.0,0.0,2.0,0.06666666666666667,0.06666666666666667,-0.13333333333333333,-1.4616666666666667,0.0,0.0,7.0,0.0,2.0,20.275,0.0,0.0,5.0,0.0,2.0,23.5,1.0,0.0,3.0,3.8666666666666667,1.0,0.0,0.0,0.0,3.0,5.766666666666667,1.0,0.0
emergency_response_seed1,emergency_response,1,469.25,484.25,33.0,5.976630267238753,9.22121212121212,13.0,7.75,1.0,11.985031217762735,0.0,0.0,0.0,0.0,0.06666666666666667,0.0,0.0,0.0,7.0,1.9811190544446775,20.192857142857143,49.9,6.0,0.0,0.06666666666666667,0.0,0.13333333333333333,0.5228571428571429,2.0,6.924139430703363,12.375,24.75,1.0,0.0,0.06666666666666667,0.0,0.0,0.175,1.0,13.68273714999931,0.0,0.0,0.0,0.0,0.06666666666666667,0.0,0.0,0.0,6.0,0.9201779382902594,17.808333333333334,48.15,4.0,0.0,0.06666666666666667,0.0,0.06666666666666667,0.36722222222222217,2.0,6.933400359966327,14.025,28.05,1.0,0.0,0.06666666666666667,0.0,0.0,0.06499999999999997,0.0,0.0,0.0,0.0,0.0,0.0,0.0,0.06666666666666667,0.0,0.0,1.0,13.311142057599726,0.0,0.0,0.0,0.0,0.06666666666666667,0.13333333333333333,0.0,0.0,1.0,4.878726974802572,0.0,0.0,0.0,2.0,0.0,0.13333333333333333,-0.13333333333333333,-1.85,1.0,16.48353638656089,0.0,0.0,0.0,0.0,0.06666666666666667,0.0,0.0,0.0,2.0,1.4761676179936187,1.65,3.3,1.0,0.0,0.06666666666666667,0.0,0.06666666666666667,0.11,1.0,7.04504418878399,0.0,0.0,0.0,2.0,0.06666666666666667,0.13333333333333333,-0.13333333333333333,-1.5283333333333333,0.0,0.0,7.0,0.0,2.0,21.275,0.0,0.0,4.0,0.0,2.0,24.5,1.0,0.0,3.0,4.2,1.0,0.0,0.0,0.0,3.0,6.1000000000000005,1.0,0.05
emergency_response_seed1,emergency_response,1,470.25,485.25,33.0,6.254890434524024,9.615151515151515,13.0,6.75,1.0,11.97593336810125,0.0,0.0,0.0,0.0,0.06666666666666667,0.0,0.0,0.0,7.0,1.985068207133903,21.05,50.9,6.0,0.0,0.06666666666666667,0.0,0.13333333333333333,0.5355555555555557,2.0,6.917199150760426,12.875,25.75,1.0,0.0,0.06666666666666667,0.0,0.0,0.14166666666666666,1.0,13.707303753948372,0.0,0.0,0.0,0.0,0.06666666666666667,0.0,0.0,0.0,6.0,1.1755506701168386,18.474999999999998,49.15,4.0,0.0,0.06666666666666667,0.0,0.06666666666666667,0.3716666666666665,2.0,6.926048835451947,14.525,29.05,1.0,0.0,0.06666666666666667,0.0,0.0,0.03166666666666664,0.0,0.0,0.0,0.0,0.0,0.0,0.0,0.06666666666666667,0.0,0.0,1.0,7.85589059384651,0.0,0.0,0.0,0.0,0.06666666666666667,0.13333333333333333,0.0,0.0,1.0,6.549545490183452,0.0,0.0,0.0,2.0,0.0,0.13333333333333333,-0.13333333333333333,-1.8944444444444446,1.0,16.492312595673145,0.0,0.0,0.0,0.0,0.06666666666666667,0.0,0.0,0.0,2.0,2.622803700573,2.15,4.3,1.0,0.0,0.06666666666666667,0.0,0.06666666666666667,0.14333333333333334,1.0,8.993093503802578,0.0,0.0,0.0,2.0,0.06666666666666667,0.13333333333333333,-0.13333333333333333,-1.595,0.0,0.0,6.0,0.0,2.0,22.275,0.0,0.0,4.0,0.0,2.0,25.5,1.0,0.0,3.0,4.533333333333333,1.0,0.0,0.0,0.0,3.0,6.433333333333334,1.0,1.05
emergency_response_seed1,emergency_response,1,471.25,486.25,34.0,6.353753771674926,9.716176470588236,14.0,5.75,1.0,11.97783195002703,0.0,0.0,0.0,0.0,0.06666666666666667,0.0,0.0,0.0,8.0,2.1117041589401198,19.16875,51.9,6.0,0.0,0.13333333333333333,0.0,0.13333333333333333,0.3656944444444445,2.0,6.9294847982237116,13.375,26.75,1.0,0.0,0.06666666666666667,0.0,0.0,0.10833333333333334,1.0,13.686320293565812,0.0,0.0,0.0,0.0,0.06666666666666667,0.0,0.0,0.0,6.0,1.463356086465909,19.15,50.15,5.0,0.0,0.06666666666666667,0.0,0.13333333333333333,0.3766666666666666,2.0,5.695036407023266,15.025,30.05,1.0,0.0,0.06666666666666667,0.0,0.0,-0.0016666666666666904,0.0,0.0,0.0,0.0,0.0,0.0,0.0,0.06666666666666667,0.0,0.0,1.0,2.355890593846506,0.0,0.0,0.0,0.0,0.06666666666666667,0.13333333333333333,0.0,0.0,0.0,0.0,0.0,0.0,0.0,2.0,0.0,0.2,-0.13333333333333333,-1.9388888888888889,1.0,16.471171654217184,0.0,0.0,0.0,0.0,0.06666666666666667,0.0,0.0,0.0,2.0,3.7630906012739977,2.65,5.3,1.0,0.0,0.06666666666666667,0.0,0.06666666666666667,0.17666666666666667,1.0,10.832940516189485,0.0,0.0,0.0,2.0,0.06666666666666667,0.13333333333333333,-0.13333333333333333,-1.6616666666666666,0.0,0.0,6.0,0.0,2.0,23.275,0.0,0.0,3.0,0.0,2.0,26.5,1.0,0.0,3.0,4.866666666666666,1.0,0.0,0.0,0.0,3.0,6.766666666666667,1.0,2.05
emergency_response_seed1,emergency_response,1,472.25,487.25,33.0,6.518249559533708,10.453030303030303,15.0,4.75,1.0,11.973189461517613,0.0,0.0,0.0,0.0,0.06666666666666667,0.0,0.0,0.0,8.0,2.4024542349706817,19.91875,52.9,6.0,0.0,0.13333333333333333,0.0,0.13333333333333333,0.37124999999999997,2.0,6.930882812607452,13.875,27.75,1.0,0.0,0.06666666666666667,0.0,0.0,0.075,1.0,12.500697783699485,0.0,0.0,0.0,0.0,0.06666666666666667,0.0,0.0,0.0,6.0,1.763689705610263,19.98333333333333,51.15,5.0,0.0,0.06666666666666667,0.0,0.13333333333333333,0.3922222222222221,2.0,4.111429522736405,15.525,31.05,1.0,0.0,0.06666666666666667,0.0,0.0,-0.035000000000000024,0.0,0.0,0.0,0.0,0.0,0.0,0.0,0.06666666666666667,0.0,0.0,1.0,0.0,0.6,0.6,1.0,0.0,0.06666666666666667,0.13333333333333333,0.06666666666666667,0.04,0.0,0.0,0.0,0.0,0.0,2.0,0.0,0.2,-0.13333333333333333,-1.9833333333333334,1.0,16.476244372669846,0.0,0.0,0.0,0.0,0.06666666666666667,0.0,0.0,0.0,2.0,4.84480356511958,3.15,6.3,1.0,0.0,0.06666666666666667,0.0,0.06666666666666667,0.21,1.0,12.744450259357054,0.0,0.0,0.0,2.0,0.06666666666666667,0.13333333333333333,-0.13333333333333333,-1.7283333333333333,0.0,0.0,5.0,0.0,2.0,24.275,0.0,0.0,3.0,0.0,2.0,27.5,1.0,0.0,3.0,5.2,1.0,0.0,0.0,0.0,3.0,7.1000000000000005,1.0,3.05
emergency_response_seed1,emergency_response,1,473.25,488.25,33.0,6.209320845558553,10.907575757575756,15.0,3.75,1.0,11.758539592820341,0.0,0.0,0.0,0.0,0.06666666666666667,0.0,0.0,0.0,8.0,2.3751758724139123,20.66875,53.9,6.0,0.0,0.13333333333333333,0.0,0.13333333333333333,0.37680555555555556,2.0,6.932555566036026,14.375,28.75,1.0,0.0,0.06666666666666667,0.0,0.0,0.041666666666666664,1.0,8.003533270607212,0.0,0.0,0.0,0.0,0.06666666666666667,0.0,0.0,0.0,6.0,2.0990115997762806,20.816666666666666,52.15,5.0,0.0,0.06666666666666667,0.0,0.13333333333333333,0.4077777777777778,2.0,2.73384309120684,16.025,32.05,1.0,0.0,0.0,0.0,0.0,0.4999999999999999,0.0,0.0,0.0,0.0,0.0,0.0,0.0,0.06666666666666667,0.0,0.0,1.0,0.0,1.6,1.6,1.0,0.0,0.0,0.06666666666666667,0.06666666666666667,0.10666666666666667,0.0,0.0,0.0,0.0,0.0,2.0,0.0,0.2,-0.13333333333333333,-2.0277777777777777,1.0,16.488207780245933,0.0,0.0,0.0,0.0,0.06666666666666667,0.0,0.0,0.0,3.0,6.179129080538672,2.433333333333333,7.3,1.0,0.0,0.13333333333333333,0.0,0.06666666666666667,0.1622222222222222,1.0,12.875614744405546,0.0,0.0,0.0,2.0,0.06666666666666667,0.13333333333333333,-0.13333333333333333,-1.7950000000000002,1.0,0.0,5.0,0.0,2.0,25.275,0.0,0.0,2.0,0.0,3.0,19.0,1.0,0.0,3.0,5.533333333333334,1.0,0.0,0.0,0.0,3.0,7.433333333333334,1.0,4.05
emergency_response_seed1,emergency_response,1,474.25,489.25,33.0,5.95691410569807,11.362121212121211,15.0,2.75,1.0,7.761160297761418,0.0,0.0,0.0,0.0,0.06666666666666667,0.0,0.0,0.0,8.0,2.300963723309024,21.41875,54.9,6.0,0.0,0.13333333333333333,0.0,0.13333333333333333,0.38236111111111115,2.0,5.9115897872187215,14.875,29.75,1.0,0.0,0.06666666666666667,0.0,0.0,0.008333333333333333,1.0,3.503533270607218,0.0,0.0,0.0,0.0,0.06666666666666667,0.0,0.0,0.0,6.0,2.19727823489258,21.650000000000002,53.15,5.0,0.0,0.06666666666666667,0.0,0.13333333333333333,0.42333333333333345,2.0,1.618402797754945,16.525,33.05,1.0,0.0,0.0,0.0,0.0,0.4999999999999999,0.0,0.0,0.0,0.0,0.0,0.0,0.0,0.06666666666666667,0.0,0.0,1.0,0.0,2.6,2.6,1.0,0.0,0.0,0.06666666666666667,0.06666666666666667,0.17333333333333334,0.0,0.0,0.0,0.0,0.0,2.0,0.0,0.2,-0.13333333333333333,-2.072222222222222,1.0,16.446598907277227,0.0,0.0,0.0,0.0,0.06666666666666667,0.0,0.0,0.0,3.0,7.416559178062933,2.766666666666667,8.3,1.0,0.0,0.13333333333333333,0.0,0.06666666666666667,0.18444444444444447,1.0,12.898275369608825,0.0,0.0,0.0,2.0,0.06666666666666667,0.13333333333333333,-0.13333333333333333,-1.8616666666666668,1.0,0.0,4.0,0.0,2.0,26.275,0.0,0.0,2.0,0.0,3.0,19.666666666666668,1.0,0.0,3.0,5.866666666666667,1.0,0.0,0.0,0.0,3.0,8.016666666666667,1.0,5.05
emergency_response_seed1,emergency_response,1,475.25,490.25,33.0,5.644009504433109,11.824242424242424,16.0,1.75,1.0,3.7644233606079673,0.0,0.0,0.0,0.0,0.0,0.0,0.0,0.0,8.0,2.252371082710709,22.16875,55.9,6.0,0.0,0.13333333333333333,0.0,0.13333333333333333,0.38791666666666674,2.0,4.315051236089691,15.375,30.75,1.0,0.0,0.06666666666666667,0.0,0.0,-0.025,1.0,0.0,0.25,0.25,1.0,0.0,0.06666666666666667,0.0,0.06666666666666667,0.016666666666666666,6.0,2.2047116630160795,22.483333333333334,54.15,5.0,0.0,0.06666666666666667,0.0,0.13333333333333333,0.43888888888888894,2.0,0.8300448257129242,17.025,34.05,1.0,0.0,0.0,0.0,0.0,0.4999999999999999,0.0,0.0,0.0,0.0,0.0,0.0,0.0,0.06666666666666667,0.0,0.0,1.0,0.0,3.6,3.6,1.0,0.0,0.0,0.06666666666666667,0.06666666666666667,0.24000000000000002,0.0,0.0,0.0,0.0,0.0,2.0,0.0,0.2,-0.13333333333333333,-2.1166666666666667,1.0,16.458163962554426,0.0,0.0,0.0,0.0,0.06666666666666667,0.0,0.0,0.0,3.0,8.041758335926716,3.1,9.3,1.0,0.0,0.13333333333333333,0.0,0.06666666666666667,0.20666666666666667,1.0,12.872979264999092,0.0,0.0,0.0,2.0,0.06666666666666667,0.13333333333333333,-0.13333333333333333,-1.9283333333333335,1.0,0.0,3.0,0.0,3.0,18.183333333333334,1.0,0.0,2.0,0.0,3.0,20.333333333333332,1.0,0.0,3.0,6.2,1.0,0.0,0.0,0.0,3.0,8.683333333333334,1.0,6.05
emergency_response_seed1,emergency_response,1,476.25,491.25,33.0,5.379518091895997,12.312121212121212,17.0,0.75,1.0,6.973064687642941e-06,0.1,0.1,1.0,0.0,0.0,0.0,0.06666666666666667,0.006666666666666667,8.0,2.0505947738131116,22.91875,56.9,6.0,0.0,0.13333333333333333,0.0,0.13333333333333333,0.3934722222222222,2.0,2.9187472429881294,15.875,31.75,1.0,0.0,0.0,0.0,0.0,0.5,1.0,0.0,1.25,1.25,1.0,0.0,0.0,0.0,0.06666666666666667,0.08333333333333333,6.0,2.206499143611845,23.316666666666666,55.15,5.0,0.0,0.06666666666666667,0.0,0.13333333333333333,0.45444444444444443,2.0,0.3667752776961043,17.525,35.05,1.0,0.0,0.0,0.0,0.0,0.4999999999999999,0.0,0.0,0.0,0.0,0.0,0.0,0.0,0.06666666666666667,0.0,0.0,1.0,0.0,4.6,4.6,1.0,0.0,0.0,0.06666666666666667,0.06666666666666667,0.30666666666666664,0.0,0.0,0.0,0.0,0.0,2.0,0.0,0.2,-0.13333333333333333,-2.161111111111111,1.0,14.35426952989953,0.0,0.0,0.0,0.0,0.06666666666666667,0.0,0.0,0.0,3.0,8.70056149895124,3.4333333333333336,10.3,1.0,0.0,0.13333333333333333,0.0,0.06666666666666667,0.2288888888888889,1.0,12.908249330601473,0.0,0.0,0.0,2.0,0.06666666666666667,0.13333333333333333,-0.13333333333333333,-1.995,1.0,0.0,3.0,0.0,3.0,18.849999999999998,1.0,0.0,2.0,0.0,3.0,21.0,1.0,0.0,3.0,6.533333333333334,1.0,0.0,0.0,0.0,3.0,9.35,1.0,7.05
emergency_response_seed1,emergency_response,1,477.25,492.25,33.0,5.107174634890035,12.827272727272728,17.0,2.75,1.0,0.0,1.1,1.1,1.0,0.0,0.0,0.0,0.06666666666666667,0.07333333333333333,8.0,1.8567426604069248,23.66875,57.9,6.0,0.0,0.06666666666666667,0.0,0.13333333333333333,0.5674404761904762,2.0,1.7492898321038113,16.375,32.75,1.0,0.0,0.0,0.0,0.0,0.5,1.0,0.0,2.25,2.25,1.0,0.0,0.0,0.0,0.06666666666666667,0.15,6.0,2.200434146812133,24.150000000000002,56.15,5.0,0.0,0.06666666666666667,0.0,0.13333333333333333,0.47000000000000003,2.0,0.1422795544842604,18.025,36.05,1.0,0.0,0.0,0.0,0.0,0.4999999999999999,0.0,0.0,0.0,0.0,0.0,0.0,0.0,0.06666666666666667,0.0,0.0,1.0,0.0,5.6,5.6,1.0,0.0,0.0,0.06666666666666667,0.06666666666666667,0.3733333333333333,0.0,0.0,0.0,0.0,0.0,1.0,0.0,0.2,-0.13333333333333333,-2.2055555555555557,1.0,8.888080911473676,0.0,0.0,0.0,0.0,0.06666666666666667,0.0,0.0,0.0,3.0,8.851119679926851,3.766666666666667,11.3,1.0,0.0,0.13333333333333333,0.0,0.06666666666666667,0.2511111111111111,1.0,12.915511567727014,0.0,0.0,0.0,1.0,0.06666666666666667,0.13333333333333333,-0.13333333333333333,-2.0616666666666665,1.0,0.0,2.0,0.0,3.0,19.516666666666666,1.0,0.0,2.0,0.0,3.0,21.666666666666668,1.0,0.0,3.0,6.866666666666667,1.0,0.0,0.0,0.0,3.0,10.116666666666667,1.0,8.05
emergency_response_seed1,emergency_response,1,478.25,493.25,33.0,4.864822565203738,13.342424242424244,17.0,1.75,1.0,0.0,2.1,2.1,1.0,0.0,0.0,0.0,0.06666666666666667,0.14,8.0,1.7398249900394038,24.41875,58.9,6.0,0.0,0.06666666666666667,0.0,0.13333333333333333,0.5793452380952381,2.0,0.9337059426854319,16.875,33.75,1.0,0.0,0.0,0.0,0.0,0.5,1.0,0.0,3.25,3.25,1.0,0.0,0.0,0.0,0.06666666666666667,0.21666666666666667,6.0,2.200526379758488,24.983333333333334,57.15,5.0,0.0,0.06666666666666667,0.0,0.13333333333333333,0.4855555555555557,2.0,0.05321598846398997,18.525,37.05,1.0,0.0,0.0,0.0,0.0,0.4999999999999999,0.0,0.0,0.0,0.0,0.0,0.0,0.0,0.06666666666666667,0.0,0.0,1.0,0.0,6.6,6.6,1.0,0.0,0.0,0.06666666666666667,0.06666666666666667,0.44,0.0,0.0,0.0,0.0,0.0,1.0,0.0,0.2,-0.13333333333333333,-2.25,1.0,3.392193478503828,0.0,0.0,0.0,0.0,0.06666666666666667,0.0,0.0,0.0,3.0,8.841944236277637,4.1000000000000005,12.3,1.0,0.0,0.13333333333333333,0.0,0.06666666666666667,0.2733333333333334,1.0,12.897781007413803,0.0,0.0,0.0,1.0,0.06666666666666667,0.13333333333333333,-0.13333333333333333,-2.1283333333333334,1.0,0.0,1.0,0.0,3.0,20.183333333333334,1.0,0.0,2.0,0.0,3.0,22.333333333333332,1.0,0.0,3.0,7.2,1.0,0.0,0.0,0.0,3.0,11.116666666666667,1.0,9.05
emergency_response_seed1,emergency_response,1,482.25,497.25,37.0,5.2257923978462175,3.039189189189189,7.0,27.75,0.0,0.0,0.0,0.0,0.0,2.0,0.0,0.06666666666666667,0.0,0.0,8.0,2.9268682101945735,0.25,2.0,1.0,2.0,0.13333333333333333,0.06666666666666667,-0.3333333333333333,-1.2152380952380952,2.0,0.022134181479888583,19.275,37.75,2.0,0.0,0.0,0.0,0.06666666666666667,0.5266666666666666,0.0,0.0,0.0,0.0,0.0,2.0,0.0,0.06666666666666667,0.0,0.0,6.0,3.3815249484111507,0.0,0.0,0.0,2.0,0.06666666666666667,0.06666666666666667,-0.2,-1.1166666666666667,2.0,0.0009063824040187864,22.5,41.05,2.0,0.0,0.0,0.0,0.06666666666666667,0.6316666666666666,1.0,11.589677499646381,0.0,0.0,0.0,2.0,0.06666666666666667,0.0,0.0,0.0,3.0,2.5225727288552555,3.533333333333333,10.6,1.0,0.0,0.13333333333333333,0.0,0.06666666666666667,0.23555555555555555,1.0,11.858756778841826,0.0,0.0,0.0,0.0,0.06666666666666667,0.13333333333333333,0.0,0.0,0.0,0.0,0.0,0.0,0.0,2.0,0.0,0.06666666666666667,0.0,0.0,3.0,7.212568928621553,5.433333333333334,16.3,1.0,0.0,0.13333333333333333,0.0,0.0,0.2755555555555556,1.0,8.908566929002916,0.0,0.0,0.0,0.0,0.06666666666666667,0.06666666666666667,0.0,0.0,1.0,0.0,0.0,0.0,3.0,22.849999999999998,1.0,0.0,1.0,0.0,3.0,25.0,1.0,0.0,3.0,8.533333333333333,1.0,1.3,0.0,0.0,4.0,11.3375,1.0,13.05
emergency_response_seed1,emergency_response,1,483.25,498.25,37.0,5.768082842167157,3.1472972972972975,6.0,26.75,0.0,0.0,0.0,0.0,0.0,2.0,0.0,0.06666666666666667,0.0,0.0,7.0,3.1990734616623016,0.0,0.0,0.0,2.0,0.13333333333333333,0.13333333333333333,-0.4,-1.289047619047619,2.0,0.008157608905960512,20.275,38.75,2.0,0.0,0.0,0.0,0.06666666666666667,0.5599999999999999,0.0,0.0,0.0,0.0,0.0,2.0,0.0,0.06666666666666667,0.0,0.0,5.0,4.573351327896824,0.0,0.0,0.0,2.0,0.06666666666666667,0.13333333333333333,-0.2,-1.15,2.0,0.0003315473736306584,23.5,42.05,2.0,0.0,0.0,0.0,0.06666666666666667,0.6649999999999999,1.0,11.57495653679903,0.0,0.0,0.0,2.0,0.06666666666666667,0.0,0.0,0.0,3.0,3.838705642234943,3.8666666666666667,11.6,1.0,0.0,0.13333333333333333,0.0,0.06666666666666667,0.2577777777777778,1.0,11.850961016246337,0.0,0.0,0.0,0.0,0.06666666666666667,0.13333333333333333,0.0,0.0,0.0,0.0,0.0,0.0,0.0,2.0,0.0,0.06666666666666667,0.0,0.0,3.0,6.26039702826478,5.766666666666667,17.3,1.0,0.0,0.06666666666666667,0.0,0.0,0.3077777777777778,1.0,4.408566929002923,0.0,0.0,0.0,0.0,0.0,0.06666666666666667,0.0,0.0,1.0,0.0,0.0,0.0,3.0,23.516666666666666,1.0,0.0,0.0,0.0,3.0,25.666666666666668,0.0,0.0,3.0,8.866666666666667,1.0,2.3,0.0,0.0,4.0,12.087499999999999,1.0,14.05
emergency_response_seed1,emergency_response,1,484.25,499.25,36.0,6.196147596267673,3.4027777777777777,7.0,25.75,0.0,0.0,0.0,0.0,0.0,2.0,0.0,0.06666666666666667,0.0,0.0,7.0,3.8200824725686373,0.0,0.0,0.0,2.0,0.13333333333333333,0.13333333333333333,-0.4,-1.3461904761904762,2.0,0.002936025865453003,21.275,39.75,2.0,0.0,0.0,0.0,0.06666666666666667,0.5933333333333333,0.0,0.0,0.0,0.0,0.0,2.0,0.0,0.06666666666666667,0.0,0.0,4.0,6.160183687875426,0.0,0.0,0.0,2.0,0.06666666666666667,0.2,-0.26666666666666666,-1.1872222222222222,2.0,0.00012257151669736748,24.5,43.05,2.0,0.0,0.0,0.0,0.06666666666666667,0.6983333333333334,1.0,11.57378861161374,0.0,0.0,0.0,2.0,0.06666666666666667,0.0,0.0,0.0,3.0,5.260931169256886,4.2,12.6,1.0,0.0,0.13333333333333333,0.0,0.06666666666666667,0.28,1.0,11.855212060344392,0.0,0.0,0.0,0.0,0.06666666666666667,0.06666666666666667,0.0,0.0,0.0,0.0,0.0,0.0,0.0,2.0,0.0,0.06666666666666667,0.0,0.0,3.0,5.0837556510389375,6.1000000000000005,18.3,1.0,0.0,0.06666666666666667,0.0,0.0,0.29666666666666675,1.0,0.003345588214475176,0.05,0.05,1.0,0.0,0.0,0.0,0.06666666666666667,0.0033333333333333335,1.0,0.0,1.0,0.0,3.0,24.183333333333334,1.0,0.0,0.0,0.0,3.0,26.333333333333332,0.0,0.0,3.0,9.200000000000001,1.0,3.3,0.0,0.0,4.0,12.837499999999999,1.0,15.05
emergency_response_seed1,emergency_response,1,485.25,500.25,36.0,6.992783309535744,3.5972222222222223,7.0,24.75,0.0,0.0,0.0,0.0,0.0,2.0,0.0,0.06666666666666667,0.0,0.0,6.0,4.557489753899731,0.0,0.0,0.0,2.0,0.13333333333333333,0.2,-0.4,-1.4033333333333333,2.0,0.0010600596512295216,22.275,40.75,2.0,0.0,0.0,0.0,0.06666666666666667,0.6266666666666666,0.0,0.0,0.0,0.0,0.0,2.0,0.0,0.06666666666666667,0.0,0.0,4.0,8.022679991261725,0.0,0.0,0.0,2.0,0.06666666666666667,0.2,-0.26666666666666666,-1.2316666666666665,2.0,4.3807666579014366e-05,25.5,44.05,2.0,0.0,0.0,0.0,0.06666666666666667,0.7316666666666667,1.0,11.579613924022592,0.0,0.0,0.0,2.0,0.06666666666666667,0.0,0.0,0.0,3.0,6.631970069720281,4.533333333333333,13.6,1.0,0.0,0.13333333333333333,0.0,0.06666666666666667,0.3022222222222222,1.0,11.888306125398714,0.0,0.0,0.0,0.0,0.06666666666666667,0.06666666666666667,0.0,0.0,0.0,0.0,0.0,0.0,0.0,2.0,0.0,0.06666666666666667,0.0,0.0,3.0,3.6242256789561083,6.433333333333334,19.3,1.0,0.0,0.06666666666666667,0.0,0.0,0.28555555555555556,1.0,0.0,1.05,1.05,1.0,0.0,0.0,0.0,0.06666666666666667,0.07,0.0,0.0,2.0,0.0,3.0,24.849999999999998,1.0,0.0,0.0,0.0,3.0,27.0,0.0,0.0,3.0,9.533333333333333,1.0,4.3,1.0,0.0,4.0,13.587499999999999,1.0,16.05
emergency_response_seed1,emergency_response,1,486.25,501.25,35.0,7.6284238406052705,3.9,7.0,23.75,0.0,0.0,0.0,0.0,0.0,2.0,0.0,0.06666666666666667,0.0,0.0,6.0,5.556805232179323,0.0,0.0,0.0,2.0,0.06666666666666667,0.2,-0.4,-1.2779166666666666,2.0,0.00038568549836972855,23.275,41.75,2.0,0.0,0.0,0.0,0.06666666666666667,0.6599999999999999,0.0,0.0,0.0,0.0,0.0,2.0,0.0,0.06666666666666667,0.0,0.0,3.0,9.729541727988158,0.0,0.0,0.0,2.0,0.06666666666666667,0.26666666666666666,-0.3333333333333333,-1.2766666666666666,2.0,1.61377328344059e-05,26.5,45.05,2.0,0.0,0.0,0.0,0.06666666666666667,0.765,1.0,11.559698590788352,0.0,0.0,0.0,2.0,0.06666666666666667,0.0,0.0,0.0,3.0,7.657821872554332,4.866666666666666,14.6,1.0,0.0,0.13333333333333333,0.0,0.06666666666666667,0.3244444444444444,1.0,11.869726961755415,0.0,0.0,0.0,0.0,0.06666666666666667,0.0,0.0,0.0,0.0,0.0,0.0,0.0,0.0,2.0,0.0,0.06666666666666667,0.0,0.0,3.0,2.4492982802224077,6.766666666666667,20.3,1.0,0.0,0.06666666666666667,0.0,0.0,0.2744444444444445,1.0,0.0,2.05,2.05,1.0,0.0,0.0,0.0,0.06666666666666667,0.13666666666666666,0.0,0.0,2.0,0.0,3.0,25.516666666666666,0.0,0.0,0.0,0.0,3.0,27.666666666666668,0.0,0.0,3.0,9.866666666666667,1.0,5.3,1.0,0.0,4.0,14.337499999999999,1.0,17.05
emergency_response_seed1,emergency_response,1,487.25,502.25,35.0,8.30443078281765,4.1,7.0,22.75,0.0,0.0,0.0,0.0,0.0,2.0,0.0,0.06666666666666667,0.0,0.0,5.0,6.316210085324448,0.0,0.0,0.0,2.0,0.06666666666666667,0.26666666666666666,-0.4,-1.3279166666666666,2.0,0.00014026696867201817,24.275,42.75,2.0,0.0,0.0,0.0,0.06666666666666667,0.6933333333333332,0.0,0.0,0.0,0.0,0.0,2.0,0.0,0.06666666666666667,0.0,0.0,3.0,11.633067904689797,0.0,0.0,0.0,2.0,0.13333333333333333,0.3333333333333333,-0.3333333333333333,-1.332222222222222,2.0,5.746364435065646e-06,27.5,46.05,2.0,0.0,0.0,0.0,0.06666666666666667,0.7983333333333333,1.0,11.595877713086843,0.0,0.0,0.0,2.0,0.06666666666666667,0.0,0.0,0.0,3.0,7.759757522070537,5.2,15.6,1.0,0.0,0.13333333333333333,0.0,0.0,0.3066666666666667,1.0,11.877772776714746,0.0,0.0,0.0,0.0,0.06666666666666667,0.0,0.0,0.0,0.0,0.0,0.0,0.0,0.0,2.0,0.0,0.06666666666666667,0.0,0.0,3.0,1.5244508038871964,7.1000000000000005,21.3,1.0,0.0,0.06666666666666667,0.0,0.0,0.26333333333333336,1.0,0.0,3.05,3.05,1.0,0.0,0.0,0.0,0.06666666666666667,0.2033333333333333,0.0,0.0,2.0,0.0,3.0,26.183333333333334,0.0,0.0,0.0,0.0,3.0,28.333333333333332,0.0,0.0,4.0,7.7875000000000005,1.0,6.3,1.0,0.0,4.0,15.087499999999999,1.0,18.05
emergency_response_seed1,emergency_response,1,488.25,503.25,36.0,8.465803786593774,4.180555555555555,7.0,21.75,1.0,13.867531524825608,0.0,0.0,0.0,2.0,0.06666666666666667,0.06666666666666667,0.0,0.0,5.0,7.151069781017469,0.0,0.0,0.0,2.0,0.06666666666666667,0.26666666666666666,-0.4,-1.3779166666666667,2.0,5.1109361737614236e-05,25.275,43.75,2.0,0.0,0.0,0.0,0.06666666666666667,0.7266666666666666,0.0,0.0,0.0,0.0,0.0,2.0,0.0,0.06666666666666667,0.0,0.0,2.0,14.391717849358008,0.0,0.0,0.0,2.0,0.13333333333333333,0.4,-0.3333333333333333,-1.3877777777777778,3.0,0.042470598023423616,19.0,47.05,2.0,0.0,0.06666666666666667,0.0,0.06666666666666667,0.19833333333333342,1.0,11.581366313848006,0.0,0.0,0.0,2.0,0.06666666666666667,0.0,0.0,0.0,3.0,7.866792009720101,5.533333333333334,16.6,1.0,0.0,0.13333333333333333,0.0,0.0,0.26222222222222225,1.0,11.864620439045584,0.0,0.0,0.0,0.0,0.06666666666666667,0.0,0.0,0.0,0.0,0.0,0.0,0.0,0.0,2.0,0.0,0.06666666666666667,0.0,0.0,3.0,0.8388026449229242,7.433333333333334,22.3,1.0,0.0,0.0,0.0,0.0,0.3333333333333333,1.0,0.0,4.05,4.05,1.0,0.0,0.0,0.0,0.06666666666666667,0.26999999999999996,0.0,0.0,2.0,0.0,3.0,26.849999999999998,0.0,0.0,0.0,0.0,3.0,29.0,0.0,0.0,4.0,8.2875,1.0,7.3,1.0,0.0,4.0,15.837499999999999,1.0,19.05
emergency_response_seed1,emergency_response,1,489.25,504.25,36.0,8.77956037736408,4.395833333333333,8.0,20.75,1.0,13.861794648579089,0.0,0.0,0.0,2.0,0.06666666666666667,0.06666666666666667,0.0,0.0,4.0,8.083887979652168,0.0,0.0,0.0,2.0,0.06666666666666667,0.3333333333333333,-0.4,-1.4279166666666667,2.0,1.8611316554226972e-05,26.275,44.75,2.0,0.0,0.0,0.0,0.06666666666666667,0.7599999999999999,0.0,0.0,0.0,0.0,0.0,2.0,0.0,0.06666666666666667,0.0,0.0,2.0,15.380010651915825,0.0,0.0,0.0,2.0,0.13333333333333333,0.4,-0.3333333333333333,-1.4433333333333336,3.0,0.8013331957346388,19.666666666666668,48.05,2.0,0.0,0.06666666666666667,0.0,0.06666666666666667,0.20944444444444463,1.0,11.573807897101682,0.0,0.0,0.0,2.0,0.06666666666666667,0.0,0.0,0.0,3.0,7.879759608502819,5.866666666666667,17.6,1.0,0.0,0.13333333333333333,0.0,0.0,0.2177777777777778,1.0,11.868495483142079,0.0,0.0,0.0,0.0,0.06666666666666667,0.0,0.0,0.0,0.0,0.0,0.0,0.0,0.0,2.0,0.0,0.06666666666666667,0.0,0.0,3.0,0.41050075389250695,8.016666666666667,23.3,2.0,0.0,0.0,0.0,0.06666666666666667,0.35,1.0,0.0,5.05,5.05,1.0,0.0,0.0,0.0,0.06666666666666667,0.33666666666666667,0.0,0.0,2.0,0.0,3.0,27.516666666666666,0.0,0.0,0.0,0.0,3.0,29.666666666666668,0.0,0.0,4.0,9.0375,1.0,8.3,1.0,0.0,5.0,13.27,2.0,10.025
emergency_response_seed1,emergency_response,1,490.25,505.25,37.0,8.858025818101225,4.493243243243243,8.0,19.75,1.0,13.861668016551995,0.0,0.0,0.0,2.0,0.06666666666666667,0.06666666666666667,0.0,0.0,3.0,9.06937609505036,0.0,0.0,0.0,2.0,0.06666666666666667,0.4,-0.4,-1.4779166666666665,3.0,0.3758600898431028,18.183333333333334,45.75,2.0,0.0,0.06666666666666667,0.0,0.06666666666666667,0.18722222222222223,1.0,15.024497309226547,0.0,0.0,0.0,2.0,0.06666666666666667,0.06666666666666667,-0.06666666666666667,-0.016666666666666666,2.0,15.585692236354761,0.0,0.0,0.0,2.0,0.13333333333333333,0.4,-0.3333333333333333,-1.498888888888889,3.0,1.4441216346631724,20.333333333333332,49.05,2.0,0.0,0.06666666666666667,0.0,0.06666666666666667,0.22055555555555556,1.0,11.577345672169063,0.0,0.0,0.0,2.0,0.06666666666666667,0.0,0.0,0.0,3.0,7.932081333309938,6.2,18.6,1.0,0.0,0.13333333333333333,0.0,0.0,0.17333333333333334,1.0,11.874702169224374,0.0,0.0,0.0,0.0,0.06666666666666667,0.0,0.0,0.0,0.0,0.0,0.0,0.0,0.0,2.0,0.0,0.06666666666666667,0.0,0.0,3.0,0.178580002106973,8.683333333333334,24.3,2.0,0.0,0.0,0.0,0.06666666666666667,0.3722222222222223,1.0,0.0,6.05,6.05,1.0,0.0,0.0,0.0,0.06666666666666667,0.4033333333333333,0.0,0.0,2.0,0.0,3.0,28.183333333333334,0.0,0.0,0.0,0.0,3.0,30.333333333333332,0.0,0.0,4.0,9.7875,1.0,9.3,1.0,0.0,5.0,13.87,2.0,10.525
emergency_response_seed1,emergency_response,1,491.25,506.25,37.0,9.101959388283829,4.70945945945946,8.0,18.75,1.0,13.876549846665004,0.0,0.0,0.0,2.0,0.06666666666666667,0.06666666666666667,-0.06666666666666667,-0.006666666666666667,3.0,9.636978179333761,0.0,0.0,0.0,2.0,0.06666666666666667,0.4,-0.4,-1.5279166666666666,3.0,0.9222998738030014,18.849999999999998,46.75,2.0,0.0,0.06666666666666667,0.0,0.06666666666666667,0.1983333333333332,1.0,16.653753069948408,0.0,0.0,0.0,2.0,0.06666666666666667,0.06666666666666667,-0.06666666666666667,-0.08333333333333333,2.0,15.632425820289019,0.0,0.0,0.0,2.0,0.13333333333333333,0.4,-0.3333333333333333,-1.5544444444444445,3.0,2.073400489279158,21.0,50.05,2.0,0.0,0.06666666666666667,0.0,0.06666666666666667,0.23166666666666677,1.0,11.53729313404026,0.0,0.0,0.0,2.0,0.06666666666666667,0.0,0.0,0.0,3.0,7.955884858249579,6.533333333333334,19.6,1.0,0.0,0.13333333333333333,0.0,0.0,0.12888888888888897,1.0,11.89346429141796,0.0,0.0,0.0,0.0,0.06666666666666667,0.0,0.0,0.0,0.0,0.0,0.0,0.0,0.0,2.0,0.0,0.06666666666666667,0.0,0.0,3.0,0.07099162758859477,9.35,25.3,2.0,0.0,0.0,0.0,0.06666666666666667,0.39444444444444443,1.0,0.0,7.05,7.05,1.0,0.0,0.0,0.0,0.06666666666666667,0.47,0.0,0.0,2.0,0.0,3.0,28.849999999999998,0.0,0.0,1.0,0.0,3.0,31.0,0.0,0.0,4.0,10.5375,1.0,10.3,1.0,0.0,5.0,14.469999999999999,2.0,11.025
emergency_response_seed1,emergency_response,1,492.25,507.25,37.0,9.26777501838385,4.933783783783784,9.0,17.75,1.0,13.854543703923701,0.0,0.0,0.0,2.0,0.06666666666666667,0.06666666666666667,-0.06666666666666667,-0.07333333333333333,2.0,10.852912971716837,0.0,0.0,0.0,2.0,0.06666666666666667,0.4666666666666667,-0.4,-1.5779166666666666,3.0,1.4931505183911613,19.516666666666666,47.75,2.0,0.0,0.06666666666666667,0.0,0.06666666666666667,0.20944444444444438,1.0,16.60978845756501,0.0,0.0,0.0,2.0,0.06666666666666667,0.06666666666666667,-0.06666666666666667,-0.15,2.0,15.540226336975884,0.0,0.0,0.0,2.0,0.13333333333333333,0.4,-0.3333333333333333,-1.61,3.0,2.7128344763961425,21.666666666666668,51.05,2.0,0.0,0.06666666666666667,0.0,0.06666666666666667,0.24277777777777795,1.0,11.534553009360856,0.0,0.0,0.0,2.0,0.06666666666666667,0.0,0.0,0.0,3.0,7.977505527935171,6.866666666666667,20.6,1.0,0.0,0.13333333333333333,0.0,0.0,0.0844444444444445,1.0,11.8973296564035,0.0,0.0,0.0,0.0,0.06666666666666667,0.0,0.0,0.0,0.0,0.0,0.0,0.0,0.0,2.0,0.0,0.06666666666666667,0.0,0.0,3.0,0.026172873325025364,10.116666666666667,26.3,3.0,0.0,0.0,0.0,0.13333333333333333,0.4233333333333333,1.0,0.0,8.05,8.05,1.0,0.0,0.0,0.0,0.06666666666666667,0.5366666666666667,0.0,0.0,2.0,0.0,3.0,29.516666666666666,0.0,0.0,1.0,0.0,3.0,31.666666666666668,0.0,0.0,4.0,11.2875,1.0,11.3,1.0,0.0,5.0,15.069999999999999,2.0,11.525
emergency_response_seed1,emergency_response,1,493.25,508.25,37.0,9.438032090010802,5.1770270270270276,9.0,16.75,1.0,13.83787463648594,0.0,0.0,0.0,2.0,0.06666666666666667,0.06666666666666667,-0.06666666666666667,-0.14,1.0,13.884062555865386,0.0,0.0,0.0,2.0,0.06666666666666667,0.5333333333333333,-0.4,-1.6279166666666667,3.0,2.0511123296902847,20.183333333333334,48.75,2.0,0.0,0.06666666666666667,0.0,0.06666666666666667,0.22055555555555556,1.0,16.647092066358777,0.0,0.0,0.0,2.0,0.06666666666666667,0.06666666666666667,-0.06666666666666667,-0.21666666666666667,2.0,15.597828318827855,0.0,0.0,0.0,2.0,0.13333333333333333,0.4,-0.3333333333333333,-1.6655555555555557,3.0,3.374267222223432,22.333333333333332,52.05,2.0,0.0,0.06666666666666667,0.0,0.06666666666666667,0.2538888888888889,1.0,11.55549941980938,0.0,0.0,0.0,2.0,0.06666666666666667,0.0,0.0,0.0,3.0,7.999100394055945,7.2,21.6,1.0,0.0,0.13333333333333333,0.0,0.0,0.040000000000000036,1.0,11.88707482050847,0.0,0.0,0.0,0.0,0.06666666666666667,0.0,0.0,0.0,0.0,0.0,0.0,0.0,0.0,2.0,0.0,0.06666666666666667,0.0,0.0,3.0,0.009896346139178372,11.116666666666667,27.3,3.0,0.0,0.0,0.0,0.13333333333333333,0.4677777777777778,1.0,0.0,9.05,9.05,1.0,0.0,0.0,0.0,0.06666666666666667,0.6033333333333334,0.0,0.0,2.0,0.0,3.0,30.183333333333334,0.0,0.0,1.0,0.0,3.0,32.333333333333336,0.0,0.0,4.0,12.0375,1.0,12.3,1.0,0.0,5.0,15.669999999999998,2.0,12.025
emergency_response_seed1,emergency_response,1,494.25,509.25,37.0,9.460464908196144,5.4202702702702705,9.0,15.75,1.0,13.88716034875717,0.0,0.0,0.0,2.0,0.06666666666666667,0.06666666666666667,-0.06666666666666667,-0.20666666666666667,1.0,13.150821810884484,0.0,0.0,0.0,2.0,0.06666666666666667,0.5333333333333333,-0.4,-1.6779166666666667,3.0,2.6197885413884183,20.849999999999998,49.75,2.0,0.0,0.06666666666666667,0.0,0.06666666666666667,0.23166666666666652,1.0,16.635451164625586,0.0,0.0,0.0,2.0,0.06666666666666667,0.06666666666666667,-0.06666666666666667,-0.2833333333333333,1.0,15.959193866480323,0.0,0.0,0.0,2.0,0.06666666666666667,0.4,-0.3333333333333333,-1.721111111111111,3.0,4.053392674487028,23.0,53.05,2.0,0.0,0.06666666666666667,0.0,0.0,0.23333333333333334,1.0,11.588327257637461,0.0,0.0,0.0,2.0,0.06666666666666667,0.0,0.0,0.0,3.0,8.019760119432524,7.533333333333334,22.6,1.0,0.0,0.13333333333333333,0.0,0.0,-0.00444444444444437,1.0,7.819009228398318,0.0,0.0,0.0,0.0,0.06666666666666667,0.0,0.0,0.0,0.0,0.0,0.0,0.0,0.0,2.0,0.0,0.06666666666666667,-0.06666666666666667,-0.02666666666666667,3.0,0.003719544985058503,12.116666666666667,28.3,3.0,0.0,0.0,0.0,0.13333333333333333,0.5122222222222222,1.0,0.0,10.05,10.05,1.0,0.0,0.0,0.0,0.06666666666666667,0.67,0.0,0.0,2.0,0.0,3.0,30.849999999999998,0.0,0.0,1.0,0.0,3.0,33.083333333333336,0.0,0.0,4.0,12.7875,1.0,13.3,1.0,0.0,5.0,16.27,2.0,12.525
emergency_response_seed1,emergency_response,1,495.25,510.25,38.0,9.063708423118968,5.514473684210526,9.0,14.75,1.0,13.833228565038882,0.0,0.0,0.0,2.0,0.06666666666666667,0.06666666666666667,0.0,0.0,1.0,12.338705997893952,0.0,0.0,0.0,2.0,0.0,0.5333333333333333,-0.26666666666666666,-0.7281481481481482,3.0,3.1852629192535438,21.516666666666666,50.75,2.0,0.0,0.06666666666666667,0.0,0.06666666666666667,0.2427777777777777,1.0,16.62802192215249,0.0,0.0,0.0,2.0,0.06666666666666667,0.06666666666666667,0.0,0.0,1.0,16.029603465046915,0.0,0.0,0.0,2.0,0.06666666666666667,0.4666666666666667,-0.2,-0.5423809523809523,3.0,4.168598614568535,23.666666666666668,54.05,2.0,0.0,0.06666666666666667,0.0,0.0,0.2111111111111112,1.0,11.558258069539038,0.0,0.0,0.0,2.0,0.06666666666666667,0.0,0.0,0.0,3.0,6.5435790978465205,7.866666666666667,23.6,1.0,0.0,0.06666666666666667,0.0,0.0,0.2377777777777778,1.0,3.3286030984278248,0.0,0.0,0.0,0.0,0.0,0.0,0.0,0.0,0.0,0.0,0.0,0.0,0.0,2.0,0.0,0.06666666666666667,0.0,0.0,4.0,0.09902973135226306,9.8375,29.3,3.0,0.0,0.06666666666666667,0.0,0.13333333333333333,0.3380555555555556,1.0,0.0,11.05,11.05,1.0,0.0,0.0,0.0,0.06666666666666667,0.7366666666666667,0.0,0.0,2.0,0.0,3.0,31.516666666666666,0.0,0.0,2.0,0.0,3.0,34.083333333333336,0.0,0.0,4.0,13.537500000000001,1.0,14.3,1.0,0.0,5.0,16.869999999999997,2.0,13.025
emergency_response_seed1,emergency_response,1,505.25,520.25,35.0,7.114546149691299,8.982857142857142,12.0,4.75,0.0,0.0,0.0,0.0,0.0,2.0,0.0,0.06666666666666667,0.0,0.0,2.0,11.927229981282366,0.0,0.0,0.0,2.0,0.13333333333333333,0.2,0.0,0.0,3.0,2.5496078644221796,28.183333333333334,60.75,2.0,0.0,0.0,0.0,0.0,0.6666666666666666,0.0,0.0,0.0,0.0,0.0,2.0,0.0,0.06666666666666667,0.0,0.0,0.0,0.0,0.0,0.0,0.0,2.0,0.0,0.13333333333333333,0.0,0.0,3.0,0.9056821557079854,30.333333333333332,64.05,2.0,0.0,0.0,0.0,0.0,0.6666666666666666,0.0,0.0,0.0,0.0,0.0,2.0,0.0,0.06666666666666667,0.0,0.0,4.0,1.9244957152681452,9.7875,33.6,3.0,0.0,0.06666666666666667,0.0,0.13333333333333333,0.23916666666666664,1.0,0.0,9.3,9.3,1.0,0.0,0.0,0.0,0.06666666666666667,0.62,1.0,15.625873307201894,0.0,0.0,0.0,2.0,0.06666666666666667,0.0,0.0,0.0,5.0,3.5988753232679356,13.87,39.3,3.0,0.0,0.13333333333333333,0.0,0.06666666666666667,0.3457777777777777,2.0,1.3825065903139737,10.525,21.05,1.0,0.0,0.06666666666666667,0.0,0.0,0.2983333333333334,1.0,0.0,3.0,3.033333333333333,1.0,0.0,1.0,0.0,2.0,0.0,1.0,0.0,1.0,0.0,6.0,14.116666666666667,2.0,12.15,0.0,0.0,6.0,19.5,2.0,18.025
emergency_response_seed1,emergency_response,1,506.25,521.25,35.0,7.344289078199397,9.325714285714286,12.0,3.75,0.0,0.0,0.0,0.0,0.0,2.0,0.0,0.06666666666666667,0.0,0.0,2.0,11.8529310250059,0.0,0.0,0.0,2.0,0.13333333333333333,0.2,0.0,0.0,3.0,1.7937698396661863,28.849999999999998,61.75,2.0,0.0,0.0,0.0,0.0,0.6666666666666666,0.0,0.0,0.0,0.0,0.0,2.0,0.0,0.06666666666666667,0.0,0.0,1.0,11.599423144335793,0.0,0.0,0.0,2.0,0.06666666666666667,0.13333333333333333,0.0,0.0,3.0,0.4470383696103994,31.0,65.05,2.0,0.0,0.0,0.0,0.0,0.6666666666666666,0.0,0.0,0.0,0.0,0.0,2.0,0.0,0.06666666666666667,0.0,0.0,4.0,2.395175912450231,10.5375,34.6,3.0,0.0,0.06666666666666667,0.0,0.13333333333333333,0.2669444444444444,1.0,0.0,10.3,10.3,1.0,0.0,0.0,0.0,0.06666666666666667,0.6866666666666668,1.0,15.60050333195913,0.0,0.0,0.0,2.0,0.06666666666666667,0.0,0.0,0.0,5.0,4.081396189640093,14.469999999999999,40.3,3.0,0.0,0.13333333333333333,0.0,0.06666666666666667,0.34133333333333327,2.0,2.3350674059668055,11.025,22.05,1.0,0.0,0.06666666666666667,0.0,0.0,0.265,1.0,0.0,3.0,3.6999999999999997,1.0,0.0,1.0,0.0,2.0,0.0,1.0,0.0,1.0,0.0,6.0,14.783333333333333,2.0,12.65,0.0,0.0,6.0,20.283333333333335,2.0,18.525
emergency_response_seed1,emergency_response,1,507.25,522.25,34.0,7.413424166380812,9.952941176470588,12.0,2.75,0.0,0.0,0.0,0.0,0.0,2.0,0.0,0.06666666666666667,0.0,0.0,2.0,11.90569553738493,0.0,0.0,0.0,2.0,0.13333333333333333,0.13333333333333333,0.0,0.0,3.0,1.1758186488935076,29.516666666666666,62.75,2.0,0.0,0.0,0.0,0.0,0.6666666666666666,0.0,0.0,0.0,0.0,0.0,2.0,0.0,0.06666666666666667,0.0,0.0,1.0,11.569462365424894,0.0,0.0,0.0,2.0,0.06666666666666667,0.13333333333333333,0.0,0.0,3.0,0.19209889508871425,31.666666666666668,66.05,2.0,0.0,0.0,0.0,0.0,0.6666666666666666,0.0,0.0,0.0,0.0,0.0,2.0,0.0,0.06666666666666667,0.0,0.0,4.0,2.9532760710817323,11.2875,35.6,3.0,0.0,0.06666666666666667,0.0,0.13333333333333333,0.29472222222222216,1.0,0.0,11.3,11.3,1.0,0.0,0.0,0.0,0.06666666666666667,0.7533333333333334,1.0,15.630094432815792,0.0,0.0,0.0,2.0,0.06666666666666667,0.0,0.0,0.0,5.0,4.5885727606241655,15.069999999999999,41.3,3.0,0.0,0.13333333333333333,0.0,0.0,0.3302222222222221,2.0,3.3522916108586314,11.525,23.05,1.0,0.0,0.06666666666666667,0.0,0.0,0.23166666666666663,1.0,0.0,3.0,4.366666666666666,1.0,0.0,1.0,0.0,2.0,0.05,1.0,0.0,1.0,0.0,6.0,15.450000000000001,2.0,13.15,0.0,0.0,6.0,21.116666666666667,2.0,19.025
emergency_response_seed1,emergency_response,1,508.25,523.25,32.0,7.266654594822832,10.95,12.0,1.75,0.0,0.0,0.0,0.0,0.0,2.0,0.0,0.06666666666666667,0.0,0.0,2.0,11.943991548192423,0.0,0.0,0.0,2.0,0.13333333333333333,0.06666666666666667,0.0,0.0,3.0,0.7037951601633684,30.183333333333334,63.75,2.0,0.0,0.0,0.0,0.0,0.6666666666666666,0.0,0.0,0.0,0.0,0.0,2.0,0.0,0.06666666666666667,0.0,0.0,1.0,11.586305908916453,0.0,0.0,0.0,2.0,0.06666666666666667,0.13333333333333333,0.0,0.0,3.0,0.07359413255117463,32.333333333333336,67.05,2.0,0.0,0.0,0.0,0.0,0.6666666666666669,0.0,0.0,0.0,0.0,0.0,2.0,0.0,0.06666666666666667,0.0,0.0,4.0,3.4946396962110473,12.0375,36.6,3.0,0.0,0.06666666666666667,0.0,0.13333333333333333,0.32249999999999995,1.0,0.0,12.3,12.3,1.0,0.0,0.0,0.0,0.06666666666666667,0.8200000000000001,1.0,15.664434826936455,0.0,0.0,0.0,2.0,0.06666666666666667,0.0,0.0,0.0,5.0,5.0873939489732125,15.669999999999998,42.3,3.0,0.0,0.13333333333333333,0.0,0.0,0.3035555555555554,2.0,4.34934277886769,12.025,24.05,1.0,0.0,0.06666666666666667,0.0,0.0,0.1983333333333333,1.0,0.0,3.0,5.033333333333333,1.0,0.0,1.0,0.0,2.0,0.55,1.0,0.0,1.0,0.0,6.0,16.116666666666667,2.0,13.65,0.0,0.0,6.0,21.95,2.0,19.525
emergency_response_seed1,emergency_response,1,509.25,524.25,31.0,7.137131675468891,11.698387096774193,13.0,0.75,0.0,0.0,0.0,0.0,0.0,2.0,0.0,0.06666666666666667,0.0,0.0,2.0,11.912485255755957,0.0,0.0,0.0,2.0,0.13333333333333333,0.06666666666666667,0.0,0.0,3.0,0.3835246201793247,30.849999999999998,64.75,2.0,0.0,0.0,0.0,0.0,0.6666666666666666,0.0,0.0,0.0,0.0,0.0,2.0,0.0,0.06666666666666667,0.0,0.0,1.0,11.624127172845816,0.0,0.0,0.0,2.0,0.06666666666666667,0.06666666666666667,0.0,0.0,3.0,0.026646603069470146,33.083333333333336,68.05,3.0,0.0,0.0,0.0,0.06666666666666667,0.6722222222222224,0.0,0.0,0.0,0.0,0.0,2.0,0.0,0.06666666666666667,0.0,0.0,4.0,3.9919086203999226,12.7875,37.6,3.0,0.0,0.06666666666666667,0.0,0.13333333333333333,0.3502777777777777,1.0,0.0,13.3,13.3,1.0,0.0,0.0,0.0,0.06666666666666667,0.8866666666666667,1.0,15.643990658640744,0.0,0.0,0.0,2.0,0.06666666666666667,0.0,0.0,0.0,5.0,5.157135311225263,16.27,43.3,3.0,0.0,0.13333333333333333,0.0,0.0,0.27688888888888885,2.0,5.3632132390393,12.525,25.05,1.0,0.0,0.06666666666666667,0.0,0.0,0.16499999999999998,1.0,0.0,3.0,5.7,1.0,0.0,1.0,0.0,2.0,1.05,1.0,0.0,1.0,0.0,7.0,14.385714285714286,2.0,14.15,0.0,0.0,6.0,22.78333333333333,2.0,20.025
emergency_response_seed1,emergency_response,1,510.25,525.25,31.0,7.284889832664994,12.11774193548387,13.0,2.75,0.0,0.0,0.0,0.0,0.0,1.0,0.0,0.06666666666666667,0.0,0.0,2.0,11.913420874666329,0.0,0.0,0.0,1.0,0.13333333333333333,0.06666666666666667,0.0,0.0,3.0,0.1963265809901409,31.516666666666666,65.75,2.0,0.0,0.0,0.0,0.0,0.6666666666666666,0.0,0.0,0.0,0.0,0.0,1.0,0.0,0.06666666666666667,0.0,0.0,2.0,11.835712611078105,0.0,0.0,0.0,1.0,0.13333333333333333,0.06666666666666667,0.0,0.0,3.0,0.009681142461547262,34.083333333333336,69.05,3.0,0.0,0.0,0.0,0.06666666666666667,0.6944444444444445,0.0,0.0,0.0,0.0,0.0,1.0,0.0,0.06666666666666667,0.0,0.0,4.0,4.054473027475592,13.537500000000001,38.6,3.0,0.0,0.06666666666666667,0.0,0.13333333333333333,0.37805555555555564,1.0,0.0,14.3,14.3,1.0,0.0,0.0,0.0,0.06666666666666667,0.9533333333333334,1.0,15.698478000000001,0.0,0.0,0.0,1.0,0.06666666666666667,0.0,0.0,0.0,5.0,4.861585141567211,16.869999999999997,44.3,3.0,0.0,0.06666666666666667,0.0,0.0,0.46883333333333316,2.0,6.289882900849465,13.025,26.05,1.0,0.0,0.06666666666666667,0.0,0.0,0.13166666666666665,1.0,0.0,3.0,6.366666666666667,1.0,0.0,1.0,0.0,2.0,1.55,1.0,0.0,1.0,0.0,7.0,14.957142857142857,2.0,14.65,0.0,0.0,6.0,23.616666666666664,2.0,20.849999999999998
emergency_response_seed1,emergency_response,1,511.25,526.25,30.0,7.070209472117638,12.955,13.0,1.75,0.0,0.0,0.0,0.0,0.0,1.0,0.0,0.06666666666666667,0.0,0.0,2.0,11.856093333819581,0.0,0.0,0.0,1.0,0.13333333333333333,0.0,0.0,0.0,3.0,0.09389615405398866,32.18333333333333,66.75,2.0,0.0,0.0,0.0,0.0,0.6666666666666664,0.0,0.0,0.0,0.0,0.0,1.0,0.0,0.06666666666666667,0.0,0.0,2.0,13.14558073326078,0.0,0.0,0.0,1.0,0.13333333333333333,0.06666666666666667,0.0,0.0,3.0,0.0035644931490056,35.083333333333336,70.05,3.0,0.0,0.0,0.0,0.06666666666666667,0.7166666666666669,0.0,0.0,0.0,0.0,0.0,1.0,0.0,0.06666666666666667,0.0,0.0,4.0,4.053329616778423,14.287500000000001,39.6,3.0,0.0,0.06666666666666667,0.0,0.13333333333333333,0.4058333333333334,1.0,0.0,15.3,15.3,1.0,0.0,0.0,0.0,0.0,1.0,1.0,11.969791514764674,0.0,0.0,0.0,1.0,0.06666666666666667,0.0,0.0,0.0,5.0,4.402452132818707,17.47,45.3,3.0,0.0,0.06666666666666667,0.0,0.0,0.45883333333333326,2.0,6.917193159069284,13.525,27.05,1.0,0.0,0.06666666666666667,0.0,0.0,0.09833333333333331,1.0,0.0,4.0,5.275,1.0,0.0,1.0,0.0,3.0,1.4333333333333333,1.0,0.0,1.0,0.0,7.0,15.528571428571428,2.0,15.15,0.0,0.0,6.0,24.45,2.0,21.849999999999998
emergency_response_seed1,emergency_response,1,515.25,530.25,28.0,4.997469054457764,7.846428571428571,9.0,9.75,1.0,14.795860063560518,0.0,0.0,0.0,0.0,0.06666666666666667,0.0,0.0,0.0,2.0,0.748467835771078,0.425,0.85,1.0,0.0,0.0,0.0,0.06666666666666667,0.028333333333333332,2.0,2.8390804798994336,0.0,0.0,0.0,2.0,0.0,0.06666666666666667,-0.13333333333333333,-1.6566666666666665,0.0,0.0,0.0,0.0,0.0,0.0,0.0,0.06666666666666667,0.0,0.0,2.0,13.612396244928647,0.0,0.0,0.0,0.0,0.13333333333333333,0.0,0.0,0.0,2.0,2.6813487471457003,0.0,0.0,0.0,2.0,0.0,0.06666666666666667,-0.13333333333333333,-1.8,1.0,11.790833054298968,0.0,0.0,0.0,0.0,0.06666666666666667,0.0,0.0,0.0,5.0,2.354758425376724,13.830000000000002,43.6,3.0,0.0,0.13333333333333333,0.0,0.13333333333333333,0.28644444444444456,2.0,1.0083659613871394,9.65,19.3,1.0,0.0,0.06666666666666667,0.0,0.0,0.3566666666666667,0.0,0.0,0.0,0.0,0.0,0.0,0.0,0.06666666666666667,0.0,0.0,5.0,1.7689854961906246,19.869999999999997,49.3,3.0,0.0,0.06666666666666667,0.0,0.0,0.4188333333333333,2.0,6.92711381952744,15.525,31.05,1.0,0.0,0.06666666666666667,0.0,0.0,-0.035000000000000024,0.0,0.0,5.0,5.82,1.0,0.0,1.0,0.0,3.0,4.1000000000000005,1.0,0.0,0.0,0.0,6.0,0.0,2.0,17.15,0.0,0.0,5.0,0.0,2.0,25.849999999999998
emergency_response_seed1,emergency_response,1,519.25,534.25,33.0,6.629929037286004,7.866666666666667,11.0,5.75,1.0,14.715466570634606,0.0,0.0,0.0,0.0,0.06666666666666667,0.0,0.0,0.0,3.0,1.6281137350470232,2.3666666666666667,4.85,2.0,0.0,0.06666666666666667,0.0,0.13333333333333333,0.15777777777777777,1.0,13.832767170746811,0.0,0.0,0.0,2.0,0.06666666666666667,0.2,-0.13333333333333333,-1.8344444444444443,1.0,13.033404580779616,0.0,0.0,0.0,0.0,0.06666666666666667,0.0,0.0,0.0,2.0,12.257864164813634,0.0,0.0,0.0,0.0,0.13333333333333333,0.0,0.0,0.0,1.0,12.708437789832251,0.0,0.0,0.0,2.0,0.06666666666666667,0.2,-0.13333333333333333,-1.9777777777777779,1.0,11.771767105293659,0.0,0.0,0.0,0.0,0.06666666666666667,0.0,0.0,0.0,6.0,3.2927214149426534,13.525,47.6,3.0,0.0,0.13333333333333333,0.0,0.0,0.2991666666666667,2.0,4.870427592757742,11.65,23.3,1.0,0.0,0.06666666666666667,0.0,0.0,0.2233333333333333,0.0,0.0,0.0,0.0,0.0,0.0,0.0,0.06666666666666667,0.0,0.0,6.0,0.7622096079152109,18.833333333333332,53.3,4.0,0.0,0.06666666666666667,0.0,0.06666666666666667,0.3708888888888888,2.0,3.193651121631464,17.525,35.05,1.0,0.0,0.0,0.0,0.0,0.4999999999999999,0.0,0.0,5.0,7.42,1.0,1.8,0.0,0.0,3.0,6.766666666666666,1.0,0.55,0.0,0.0,3.0,0.0,2.0,19.15,1.0,0.0,3.0,0.0,2.0,29.849999999999998
emergency_response_seed1,emergency_response,1,520.25,535.25,33.0,6.916274704262329,8.216666666666667,12.0,4.75,1.0,14.768269015103789,0.0,0.0,0.0,0.0,0.06666666666666667,0.0,0.0,0.0,3.0,2.2425978878315047,3.033333333333333,5.85,2.0,0.0,0.06666666666666667,0.0,0.13333333333333333,0.20222222222222222,1.0,13.880999895309797,0.0,0.0,0.0,2.0,0.06666666666666667,0.2,-0.13333333333333333,-1.8788888888888888,1.0,13.040950346537874,0.0,0.0,0.0,0.0,0.06666666666666667,0.0,0.0,0.0,2.0,9.803495930673382,0.0,0.0,0.0,0.0,0.13333333333333333,0.0,0.0,0.0,1.0,12.687997685839663,0.0,0.0,0.0,2.0,0.06666666666666667,0.2,-0.13333333333333333,-2.022222222222222,1.0,11.78807801811254,0.0,0.0,0.0,0.0,0.06666666666666667,0.0,0.0,0.0,6.0,3.4493387145018777,14.116666666666667,48.6,4.0,0.0,0.13333333333333333,0.0,0.06666666666666667,0.28861111111111115,2.0,5.817339473054598,12.15,24.3,1.0,0.0,0.06666666666666667,0.0,0.0,0.18999999999999997,0.0,0.0,0.0,0.0,0.0,0.0,0.0,0.06666666666666667,0.0,0.0,6.0,1.0440689183273217,19.5,54.3,4.0,0.0,0.06666666666666667,0.0,0.06666666666666667,0.3753333333333334,2.0,1.9859690556162013,18.025,36.05,1.0,0.0,0.0,0.0,0.0,0.4999999999999999,0.0,0.0,5.0,7.82,1.0,2.8,0.0,0.0,3.0,7.433333333333333,1.0,1.55,0.0,0.0,2.0,0.0,2.0,19.65,1.0,0.0,2.0,0.0,2.0,30.849999999999998
emergency_response_seed1,emergency_response,1,521.25,536.25,33.0,6.845283661785235,8.601515151515152,13.0,3.75,1.0,14.712202714614781,0.0,0.0,0.0,0.0,0.06666666666666667,0.0,0.0,0.0,3.0,2.8525389619709016,3.6999999999999997,6.85,2.0,0.0,0.06666666666666667,0.0,0.13333333333333333,0.24666666666666665,1.0,13.838248185355916,0.0,0.0,0.0,2.0,0.06666666666666667,0.2,-0.13333333333333333,-1.9233333333333331,1.0,13.022644047057264,0.0,0.0,0.0,0.0,0.06666666666666667,0.0,0.0,0.0,2.0,5.955315347834018,0.0,0.0,0.0,0.0,0.06666666666666667,0.0,0.0,0.0,1.0,12.711743525830107,0.0,0.0,0.0,2.0,0.06666666666666667,0.2,-0.13333333333333333,-2.066666666666667,1.0,11.763632126892883,0.0,0.0,0.0,0.0,0.06666666666666667,0.0,0.0,0.0,6.0,3.6111282281546884,14.783333333333333,49.6,4.0,0.0,0.13333333333333333,0.0,0.06666666666666667,0.28305555555555556,2.0,5.822913919110287,12.65,25.3,1.0,0.0,0.06666666666666667,0.0,0.0,0.15666666666666665,0.0,0.0,0.0,0.0,0.0,0.0,0.0,0.06666666666666667,0.0,0.0,6.0,1.3443331827190725,20.283333333333335,55.3,5.0,0.0,0.06666666666666667,0.0,0.13333333333333333,0.38755555555555576,2.0,1.0539238216302533,18.525,37.05,1.0,0.0,0.0,0.0,0.0,0.4999999999999999,0.0,0.0,6.0,6.8500000000000005,1.0,3.8,0.0,0.0,3.0,8.1,1.0,2.55,0.0,0.0,2.0,0.0,2.0,20.15,1.0,0.0,1.0,0.0,2.0,31.849999999999998
emergency_response_seed1,emergency_response,1,522.25,537.25,33.0,6.760887333973053,8.998484848484848,14.0,2.75,1.0,14.715871607363434,0.0,0.0,0.0,0.0,0.06666666666666667,0.0,0.0,0.0,3.0,3.490361381074315,4.366666666666666,7.85,2.0,0.0,0.06666666666666667,0.0,0.13333333333333333,0.2911111111111111,1.0,13.85139608812984,0.0,0.0,0.0,2.0,0.06666666666666667,0.2,-0.13333333333333333,-1.9677777777777776,1.0,13.007395131605453,0.0,0.0,0.0,0.0,0.06666666666666667,0.0,0.0,0.0,2.0,2.300607295705775,0.05,0.1,1.0,0.0,0.06666666666666667,0.0,0.06666666666666667,0.0033333333333333335,1.0,12.683138882361828,0.0,0.0,0.0,2.0,0.06666666666666667,0.2,-0.13333333333333333,-2.111111111111111,1.0,11.745893145587727,0.0,0.0,0.0,0.0,0.06666666666666667,0.0,0.0,0.0,6.0,3.808264743738173,15.450000000000001,50.6,4.0,0.0,0.13333333333333333,0.0,0.06666666666666667,0.2775000000000001,2.0,5.806137102069769,13.15,26.3,1.0,0.0,0.06666666666666667,0.0,0.0,0.12333333333333331,0.0,0.0,0.0,0.0,0.0,0.0,0.0,0.06666666666666667,0.0,0.0,6.0,1.6589261153826325,21.116666666666667,56.3,5.0,0.0,0.06666666666666667,0.0,0.13333333333333333,0.40311111111111125,2.0,0.4988441881475647,19.025,38.05,1.0,0.0,0.0,0.0,0.0,0.4999999999999999,0.0,0.0,6.0,7.183333333333334,1.0,4.8,0.0,0.0,3.0,8.766666666666666,1.0,3.55,0.0,0.0,1.0,0.0,2.0,21.099999999999998,1.0,0.0,1.0,0.0,2.0,32.85
emergency_response_seed1,emergency_response,1,523.25,538.25,33.0,6.822171863801854,9.422727272727272,14.0,1.75,1.0,14.729014521997632,0.0,0.0,0.0,0.0,0.06666666666666667,0.0,0.0,0.0,3.0,4.0969603552037555,5.033333333333333,8.85,2.0,0.0,0.06666666666666667,0.0,0.13333333333333333,0.33555555555555555,1.0,13.865115756641607,0.0,0.0,0.0,2.0,0.06666666666666667,0.2,-0.13333333333333333,-2.0122222222222224,1.0,13.048384545461749,0.0,0.0,0.0,0.0,0.06666666666666667,0.0,0.0,0.0,2.0,1.147752686133247,0.55,1.1,1.0,0.0,0.06666666666666667,0.0,0.06666666666666667,0.03666666666666667,1.0,12.693048380358386,0.0,0.0,0.0,2.0,0.06666666666666667,0.2,-0.13333333333333333,-2.155555555555556,1.0,11.76133631062225,0.0,0.0,0.0,0.0,0.06666666666666667,0.0,0.0,0.0,6.0,3.9969955626422577,16.116666666666667,51.6,4.0,0.0,0.13333333333333333,0.0,0.06666666666666667,0.2719444444444445,2.0,5.802877918926969,13.65,27.3,1.0,0.0,0.06666666666666667,0.0,0.0,0.08999999999999998,0.0,0.0,0.0,0.0,0.0,0.0,0.0,0.06666666666666667,0.0,0.0,6.0,1.956673394658349,21.95,57.3,5.0,0.0,0.06666666666666667,0.0,0.13333333333333333,0.41866666666666674,2.0,0.20119843132907242,19.525,39.05,1.0,0.0,0.0,0.0,0.0,0.4999999999999999,0.0,0.0,6.0,7.641666666666667,1.0,5.8,0.0,0.0,3.0,9.433333333333334,1.0,4.55,0.0,0.0,1.0,0.0,2.0,22.099999999999998,1.0,0.0,0.0,0.0,2.0,33.85
emergency_response_seed1,emergency_response,1,524.25,539.25,34.0,6.82540980409154,9.55735294117647,14.0,0.75,1.0,14.731298777017953,0.0,0.0,0.0,0.0,0.06666666666666667,0.0,0.0,0.0,3.0,4.571546938003786,5.7,9.85,2.0,0.0,0.06666666666666667,0.0,0.13333333333333333,0.38,1.0,13.836006109587617,0.0,0.0,0.0,2.0,0.06666666666666667,0.2,-0.13333333333333333,-2.0566666666666666,1.0,13.024322075983518,0.0,0.0,0.0,0.0,0.06666666666666667,0.0,0.0,0.0,2.0,0.4480661016370582,1.05,2.1,1.0,0.0,0.06666666666666667,0.0,0.06666666666666667,0.07,1.0,12.675837128794528,0.0,0.0,0.0,2.0,0.06666666666666667,0.2,-0.2,-2.2055555555555557,1.0,11.745526345993824,0.0,0.0,0.0,0.0,0.06666666666666667,0.0,0.0,0.0,7.0,4.151269198679201,14.385714285714286,52.6,4.0,0.0,0.2,0.0,0.06666666666666667,0.1065476190476191,2.0,5.821850637480237,14.15,28.3,1.0,0.0,0.06666666666666667,0.0,0.0,0.05666666666666664,0.0,0.0,0.0,0.0,0.0,0.0,0.0,0.06666666666666667,0.0,0.0,6.0,2.2766447213587875,22.78333333333333,58.3,5.0,0.0,0.06666666666666667,0.0,0.13333333333333333,0.4342222222222221,2.0,0.0741488899233646,20.025,40.05,1.0,0.0,0.0,0.0,0.0,0.4999999999999999,0.0,0.0,6.0,8.141666666666667,1.0,6.8,0.0,0.0,3.0,10.1,1.0,5.55,0.0,0.0,1.0,0.0,2.0,23.099999999999998,1.0,0.0,0.0,0.0,2.0,34.85
emergency_response_seed1,emergency_response,1,525.25,540.25,33.0,6.5215946283752775,10.290909090909091,15.0,2.75,1.0,12.014491062267936,0.0,0.0,0.0,0.0,0.06666666666666667,0.0,0.0,0.0,3.0,4.579601634976812,6.366666666666667,10.85,2.0,0.0,0.06666666666666667,0.0,0.13333333333333333,0.42444444444444446,1.0,13.859593014998827,0.0,0.0,0.0,1.0,0.06666666666666667,0.2,-0.13333333333333333,-2.101111111111111,1.0,13.042326334977997,0.0,0.0,0.0,0.0,0.06666666666666667,0.0,0.0,0.0,2.0,0.14140131071506565,1.55,3.1,1.0,0.0,0.0,0.0,0.06666666666666667,0.10333333333333333,1.0,12.707994656532547,0.0,0.0,0.0,1.0,0.06666666666666667,0.2,-0.2,-2.2722222222222226,1.0,11.800836376612972,0.0,0.0,0.0,0.0,0.06666666666666667,0.0,0.0,0.0,7.0,4.391998938284664,14.957142857142857,53.6,4.0,0.0,0.2,0.0,0.06666666666666667,0.09464285714285706,2.0,5.821382890089734,14.65,29.3,1.0,0.0,0.06666666666666667,0.0,0.0,0.02333333333333331,0.0,0.0,0.0,0.0,0.0,0.0,0.0,0.06666666666666667,0.0,0.0,6.0,2.3135639906797776,23.616666666666664,59.3,5.0,0.0,0.06666666666666667,0.0,0.13333333333333333,0.4497777777777777,2.0,0.02707576494337247,20.849999999999998,41.05,2.0,0.0,0.0,0.0,0.06666666666666667,0.5216666666666665,0.0,0.0,6.0,8.641666666666667,1.0,7.8,0.0,0.0,4.0,8.075,1.0,6.55,0.0,0.0,0.0,0.0,2.0,24.099999999999998,1.0,0.0,1.0,0.0,3.0,23.900000000000002
emergency_response_seed1,emergency_response,1,526.25,541.25,35.0,6.166814786532783,10.137142857142857,16.0,1.75,1.0,6.537257952336184,0.0,0.0,0.0,0.0,0.06666666666666667,0.0,0.0,0.0,4.0,4.599260909339101,5.275,11.85,2.0,0.0,0.13333333333333333,0.0,0.13333333333333333,0.3516666666666667,1.0,13.857465427364223,0.0,0.0,0.0,1.0,0.06666666666666667,0.2,-0.13333333333333333,-2.145555555555555,1.0,13.016810842453278,0.0,0.0,0.0,0.0,0.06666666666666667,0.0,0.0,0.0,3.0,0.6687809163850709,1.4333333333333333,4.1,2.0,0.0,0.06666666666666667,0.0,0.13333333333333333,0.09555555555555556,1.0,12.713274705517115,0.0,0.0,0.0,1.0,0.06666666666666667,0.2,-0.2,-2.338888888888889,1.0,11.769149868870121,0.0,0.0,0.0,0.0,0.06666666666666667,0.0,0.0,0.0,7.0,4.373724759818279,15.528571428571428,54.6,4.0,0.0,0.2,0.0,0.06666666666666667,0.08273809523809514,2.0,5.80574980389254,15.15,30.3,1.0,0.0,0.06666666666666667,0.0,0.0,-0.010000000000000024,0.0,0.0,0.0,0.0,0.0,0.0,0.0,0.06666666666666667,0.0,0.0,6.0,2.3063034679133803,24.45,60.3,5.0,0.0,0.06666666666666667,0.0,0.13333333333333333,0.4653333333333334,2.0,0.00976796029755506,21.849999999999998,42.05,2.0,0.0,0.0,0.0,0.06666666666666667,0.5549999999999998,0.0,0.0,6.0,9.141666666666667,1.0,8.8,0.0,0.0,4.0,8.575,1.0,7.55,0.0,0.0,0.0,0.0,2.0,25.099999999999998,1.0,0.0,2.0,0.0,3.0,24.566666666666663
emergency_response_seed1,emergency_response,1,534.25,549.25,33.0,7.1443235765217,4.78030303030303,9.0,23.75,0.0,0.0,0.0,0.0,0.0,2.0,0.0,0.06666666666666667,0.0,0.0,5.0,6.039700205613533,7.42,19.85,2.0,0.0,0.13333333333333333,0.0,0.0,0.33688888888888885,1.0,0.0,1.8,1.8,1.0,0.0,0.0,0.0,0.06666666666666667,0.12000000000000001,0.0,0.0,0.0,0.0,0.0,2.0,0.0,0.06666666666666667,0.0,0.0,3.0,4.620446328106337,6.766666666666666,12.1,2.0,0.0,0.06666666666666667,0.0,0.13333333333333333,0.4511111111111111,1.0,0.0,0.55,0.55,1.0,0.0,0.0,0.0,0.06666666666666667,0.03666666666666667,0.0,0.0,0.0,0.0,0.0,2.0,0.0,0.06666666666666667,0.0,0.0,3.0,9.132396956906568,0.0,0.0,0.0,2.0,0.06666666666666667,0.26666666666666666,-0.2,-0.9016666666666667,2.0,0.3913897865973931,19.15,38.3,1.0,0.0,0.0,0.0,0.0,0.4999999999999999,1.0,12.053407303509221,0.0,0.0,0.0,2.0,0.06666666666666667,0.0,0.0,0.0,3.0,5.892873864236523,0.0,0.0,0.0,2.0,0.0,0.2,-0.26666666666666666,-1.2555555555555555,2.0,2.9562510966180173e-06,29.849999999999998,50.05,2.0,0.0,0.0,0.0,0.06666666666666667,0.8216666666666667,1.0,0.0,6.0,14.433333333333332,2.0,8.4,1.0,0.0,5.0,10.74,2.0,7.775,1.0,0.0,2.0,0.0,3.0,22.066666666666666,0.0,0.0,2.0,0.0,3.0,29.899999999999995
emergency_response_seed1,emergency_response,1,535.25,550.25,33.0,7.580929340064349,5.053030303030303,9.0,22.75,0.0,0.0,0.0,0.0,0.0,2.0,0.0,0.06666666666666667,0.0,0.0,5.0,5.818773299702015,7.82,20.85,2.0,0.0,0.13333333333333333,0.0,0.0,0.3191111111111111,1.0,0.0,2.8,2.8,1.0,0.0,0.0,0.0,0.06666666666666667,0.18666666666666665,0.0,0.0,0.0,0.0,0.0,2.0,0.0,0.06666666666666667,0.0,0.0,3.0,4.613182821854328,7.433333333333333,13.1,2.0,0.0,0.06666666666666667,0.0,0.13333333333333333,0.4955555555555555,1.0,0.0,1.55,1.55,1.0,0.0,0.0,0.0,0.06666666666666667,0.10333333333333333,0.0,0.0,0.0,0.0,0.0,2.0,0.0,0.06666666666666667,0.0,0.0,2.0,10.261474922711901,0.0,0.0,0.0,2.0,0.06666666666666667,0.3333333333333333,-0.26666666666666666,-0.9411111111111111,2.0,0.1521056444520489,19.65,39.3,1.0,0.0,0.0,0.0,0.0,0.4999999999999999,1.0,12.045784448768163,0.0,0.0,0.0,2.0,0.06666666666666667,0.0,0.0,0.0,2.0,6.787336725863467,0.0,0.0,0.0,2.0,0.0,0.26666666666666666,-0.26666666666666666,-1.3,2.0,0.0,30.849999999999998,51.05,2.0,0.0,0.0,0.0,0.06666666666666667,0.855,1.0,0.0,6.0,15.174999999999999,2.0,8.9,1.0,0.0,5.0,11.34,2.0,8.275,1.0,0.0,3.0,0.0,3.0,22.733333333333334,0.0,0.0,2.0,0.0,3.0,30.566666666666663
emergency_response_seed1,emergency_response,1,536.25,551.25,33.0,7.5389242271787715,5.325757575757576,9.0,21.75,0.0,0.0,0.0,0.0,0.0,2.0,0.0,0.06666666666666667,0.0,0.0,6.0,5.592274020810198,6.8500000000000005,21.85,2.0,0.0,0.2,0.0,0.0,0.21000000000000005,1.0,0.0,3.8,3.8,1.0,0.0,0.0,0.0,0.06666666666666667,0.2533333333333333,0.0,0.0,0.0,0.0,0.0,2.0,0.0,0.06666666666666667,0.0,0.0,3.0,4.614007481120837,8.1,14.1,2.0,0.0,0.06666666666666667,0.0,0.13333333333333333,0.5399999999999999,1.0,0.0,2.55,2.55,1.0,0.0,0.0,0.0,0.06666666666666667,0.16999999999999998,0.0,0.0,0.0,0.0,0.0,2.0,0.0,0.06666666666666667,0.0,0.0,2.0,10.600246135179603,0.0,0.0,0.0,2.0,0.06666666666666667,0.3333333333333333,-0.26666666666666666,-0.9855555555555555,2.0,0.05694181906551141,20.15,40.3,1.0,0.0,0.0,0.0,0.0,0.4999999999999999,1.0,12.03201602844746,0.0,0.0,0.0,2.0,0.06666666666666667,0.0,0.0,0.0,1.0,7.262405858950192,0.0,0.0,0.0,2.0,0.0,0.3333333333333333,-0.3333333333333333,-1.3522222222222224,2.0,0.0,31.849999999999998,52.05,2.0,0.0,0.0,0.0,0.06666666666666667,0.8883333333333333,1.0,0.0,6.0,16.008333333333333,2.0,9.4,1.0,0.0,5.0,11.940000000000001,2.0,8.775,1.0,0.0,3.0,0.0,3.0,23.400000000000002,0.0,0.0,2.0,0.0,3.0,31.23333333333333
emergency_response_seed1,emergency_response,1,537.25,552.25,32.0,7.448712519692045,5.8015625,10.0,20.75,0.0,0.0,0.0,0.0,0.0,2.0,0.0,0.06666666666666667,0.0,0.0,6.0,5.172435838098094,7.183333333333334,22.85,2.0,0.0,0.2,0.0,0.0,0.18777777777777782,1.0,0.0,4.8,4.8,1.0,0.0,0.0,0.0,0.06666666666666667,0.32,0.0,0.0,0.0,0.0,0.0,2.0,0.0,0.06666666666666667,0.0,0.0,3.0,4.6243383683970505,8.766666666666666,15.1,2.0,0.0,0.06666666666666667,0.0,0.06666666666666667,0.581111111111111,1.0,0.0,3.55,3.55,1.0,0.0,0.0,0.0,0.06666666666666667,0.23666666666666666,0.0,0.0,0.0,0.0,0.0,2.0,0.0,0.06666666666666667,0.0,0.0,1.0,11.997830944173039,0.0,0.0,0.0,2.0,0.06666666666666667,0.4,-0.26666666666666666,-1.03,2.0,0.020672113133372957,21.099999999999998,41.3,2.0,0.0,0.0,0.0,0.06666666666666667,0.5299999999999998,1.0,12.04731782960348,0.0,0.0,0.0,2.0,0.06666666666666667,0.0,0.0,0.0,1.0,8.05384529985658,0.0,0.0,0.0,2.0,0.0,0.3333333333333333,-0.3333333333333333,-1.4077777777777778,2.0,0.0,32.85,53.05,2.0,0.0,0.0,0.0,0.06666666666666667,0.9216666666666669,1.0,0.0,6.0,16.933333333333334,2.0,9.9,1.0,0.0,5.0,12.540000000000001,2.0,9.275,1.0,0.0,3.0,0.0,3.0,24.066666666666666,0.0,0.0,2.0,0.0,3.0,31.899999999999995
emergency_response_seed1,emergency_response,1,538.25,553.25,32.0,7.463470800091642,6.1375,11.0,19.75,0.0,0.0,0.0,0.0,0.0,2.0,0.0,0.06666666666666667,0.0,0.0,6.0,4.852674084376578,7.641666666666667,23.85,3.0,0.0,0.2,0.0,0.06666666666666667,0.1738888888888889,1.0,0.0,5.8,5.8,1.0,0.0,0.0,0.0,0.06666666666666667,0.38666666666666666,0.0,0.0,0.0,0.0,0.0,2.0,0.0,0.06666666666666667,0.0,0.0,3.0,4.377689920008787,9.433333333333334,16.1,2.0,0.0,0.06666666666666667,0.0,0.06666666666666667,0.5922222222222222,1.0,0.0,4.55,4.55,1.0,0.0,0.0,0.0,0.06666666666666667,0.30333333333333334,0.0,0.0,0.0,0.0,0.0,2.0,0.0,0.06666666666666667,0.0,0.0,1.0,11.979718889670913,0.0,0.0,0.0,2.0,0.06666666666666667,0.4,-0.26666666666666666,-1.0744444444444445,2.0,0.007427825075298016,22.099999999999998,42.3,2.0,0.0,0.0,0.0,0.06666666666666667,0.5633333333333331,1.0,12.059340287883451,0.0,0.0,0.0,2.0,0.06666666666666667,0.0,0.0,0.0,0.0,0.0,0.0,0.0,0.0,2.0,0.0,0.4,-0.3333333333333333,-1.4633333333333334,2.0,0.0,33.85,54.05,2.0,0.0,0.0,0.0,0.06666666666666667,0.9550000000000002,1.0,0.0,6.0,17.933333333333334,2.0,10.4,1.0,0.0,5.0,13.14,2.0,9.775,1.0,0.0,3.0,0.0,3.0,24.73333333333333,0.0,0.0,1.0,0.0,3.0,32.56666666666666
emergency_response_seed1,emergency_response,1,539.25,554.25,32.0,7.409843102754797,6.48125,11.0,18.75,0.0,0.0,0.0,0.0,0.0,2.0,0.0,0.06666666666666667,0.0,0.0,6.0,4.663957039749713,8.141666666666667,24.85,3.0,0.0,0.2,0.0,0.06666666666666667,0.16277777777777783,1.0,0.0,6.8,6.8,1.0,0.0,0.0,0.0,0.06666666666666667,0.4533333333333333,0.0,0.0,0.0,0.0,0.0,2.0,0.0,0.06666666666666667,0.0,0.0,3.0,3.2839236657083615,10.1,17.1,2.0,0.0,0.06666666666666667,0.0,0.06666666666666667,0.6033333333333333,1.0,0.0,5.55,5.55,1.0,0.0,0.0,0.0,0.06666666666666667,0.37,0.0,0.0,0.0,0.0,0.0,2.0,0.0,0.06666666666666667,0.0,0.0,1.0,11.977694402465131,0.0,0.0,0.0,2.0,0.0,0.4,-0.26666666666666666,-0.959047619047619,2.0,0.002719434098942621,23.099999999999998,43.3,2.0,0.0,0.0,0.0,0.06666666666666667,0.5966666666666665,1.0,12.02468275841783,0.0,0.0,0.0,2.0,0.06666666666666667,0.0,0.0,0.0,0.0,0.0,0.0,0.0,0.0,2.0,0.0,0.4,-0.3333333333333333,-1.5188888888888887,2.0,0.0,34.85,55.05,2.0,0.0,0.0,0.0,0.06666666666666667,0.9883333333333335,1.0,0.0,7.0,16.228571428571428,2.0,10.9,1.0,0.0,5.0,13.74,2.0,10.275,1.0,0.0,3.0,0.0,3.0,25.399999999999995,0.0,0.0,1.0,0.0,3.0,33.23333333333333
emergency_response_seed1,emergency_response,1,540.25,555.25,35.0,7.263616645143569,6.24,11.0,17.75,0.0,0.0,0.0,0.0,0.0,2.0,0.0,0.06666666666666667,0.0,0.0,6.0,4.695619103875216,8.641666666666667,25.85,3.0,0.0,0.2,0.0,0.06666666666666667,0.1516666666666667,1.0,0.0,7.8,7.8,1.0,0.0,0.0,0.0,0.06666666666666667,0.52,0.0,0.0,0.0,0.0,0.0,2.0,0.0,0.06666666666666667,0.0,0.0,4.0,2.504157129461769,8.075,18.1,2.0,0.0,0.13333333333333333,0.0,0.06666666666666667,0.43499999999999994,1.0,0.0,6.55,6.55,1.0,0.0,0.0,0.0,0.06666666666666667,0.43666666666666665,0.0,0.0,0.0,0.0,0.0,2.0,0.0,0.06666666666666667,0.0,0.0,0.0,0.0,0.0,0.0,0.0,2.0,0.0,0.4666666666666667,-0.26666666666666666,-0.9971428571428571,2.0,0.0009753023908576873,24.099999999999998,44.3,2.0,0.0,0.0,0.0,0.06666666666666667,0.6299999999999998,1.0,12.017585192955949,0.0,0.0,0.0,2.0,0.06666666666666667,0.0,0.0,0.0,1.0,13.846148097222905,0.0,0.0,0.0,2.0,0.06666666666666667,0.4,-0.3333333333333333,-1.5744444444444443,3.0,0.2017817921575805,23.900000000000002,56.05,2.0,0.0,0.06666666666666667,0.0,0.0,0.20333333333333362,1.0,0.0,7.0,17.085714285714285,2.0,11.4,1.0,0.0,5.0,14.34,2.0,10.775,1.0,0.0,3.0,0.0,3.0,26.066666666666663,0.0,0.0,0.0,0.0,3.0,33.9
emergency_response_seed1,emergency_response,1,541.25,556.25,36.0,7.5067659561965865,6.372222222222223,11.0,16.75,0.0,0.0,0.0,0.0,0.0,2.0,0.0,0.06666666666666667,0.0,0.0,6.0,4.637570866684085,9.141666666666667,26.85,3.0,0.0,0.13333333333333333,0.0,0.06666666666666667,0.25777777777777783,1.0,0.0,8.8,8.8,1.0,0.0,0.0,0.0,0.06666666666666667,0.5866666666666667,0.0,0.0,0.0,0.0,0.0,2.0,0.0,0.06666666666666667,0.0,0.0,4.0,2.503991792269251,8.575,19.1,2.0,0.0,0.06666666666666667,0.0,0.0,0.47611111111111104,1.0,0.0,7.55,7.55,1.0,0.0,0.0,0.0,0.06666666666666667,0.5033333333333333,0.0,0.0,0.0,0.0,0.0,2.0,0.0,0.06666666666666667,0.0,0.0,0.0,0.0,0.0,0.0,0.0,2.0,0.0,0.4666666666666667,-0.26666666666666666,-1.0352380952380953,2.0,0.00035542635894792547,25.099999999999998,45.3,2.0,0.0,0.0,0.0,0.06666666666666667,0.6633333333333332,1.0,12.050289750996662,0.0,0.0,0.0,2.0,0.06666666666666667,0.0,0.0,0.0,2.0,13.027895795433182,0.0,0.0,0.0,2.0,0.13333333333333333,0.4,-0.3333333333333333,-1.63,3.0,1.0768100370028397,24.566666666666663,57.05,2.0,0.0,0.06666666666666667,0.0,0.0,0.181111111111111,0.0,0.0,8.0,15.7,2.0,11.9,1.0,0.0,5.0,14.940000000000001,2.0,11.275,1.0,0.0,3.0,0.0,3.0,26.73333333333333,0.0,0.0,0.0,0.0,3.0,34.56666666666666
emergency_response_seed1,emergency_response,1,542.25,557.25,37.0,7.721457848451937,6.517567567567568,12.0,15.75,1.0,11.983414676226676,0.0,0.0,0.0,2.0,0.06666666666666667,0.06666666666666667,0.0,0.0,6.0,4.530541520399372,9.766666666666667,27.85,4.0,0.0,0.13333333333333333,0.0,0.13333333333333333,0.26611111111111113,1.0,0.0,9.8,9.8,1.0,0.0,0.0,0.0,0.06666666666666667,0.6533333333333334,0.0,0.0,0.0,0.0,0.0,2.0,0.0,0.06666666666666667,0.0,0.0,4.0,2.686295780444263,9.075,20.1,2.0,0.0,0.06666666666666667,0.0,0.0,0.46499999999999997,1.0,0.0,8.55,8.55,1.0,0.0,0.0,0.0,0.06666666666666667,0.5700000000000001,0.0,0.0,0.0,0.0,0.0,2.0,0.0,0.06666666666666667,0.0,0.0,0.0,0.0,0.0,0.0,0.0,2.0,0.0,0.4666666666666667,-0.26666666666666666,-1.0733333333333335,2.0,0.00012859038619608226,26.099999999999998,46.3,2.0,0.0,0.0,0.0,0.06666666666666667,0.6966666666666665,1.0,12.060340381457854,0.0,0.0,0.0,2.0,0.06666666666666667,0.0,0.0,0.0,2.0,13.018492950155963,0.0,0.0,0.0,2.0,0.13333333333333333,0.4,-0.3333333333333333,-1.6855555555555555,3.0,1.8291316820491141,25.23333333333333,58.05,2.0,0.0,0.06666666666666667,0.0,0.0,0.15888888888888886,0.0,0.0,8.0,16.45,2.0,12.4,1.0,0.0,5.0,15.540000000000001,2.0,11.775,1.0,0.0,3.0,0.0,3.0,27.399999999999995,0.0,0.0,0.0,0.0,3.0,35.23333333333333
emergency_response_seed1,emergency_response,1,543.25,558.25,37.0,7.749419071781248,6.841891891891892,12.0,14.75,1.0,11.985150975545402,0.0,0.0,0.0,2.0,0.06666666666666667,0.06666666666666667,0.0,0.0,6.0,3.9844618516533052,10.433333333333334,28.85,4.0,0.0,0.13333333333333333,0.0,0.13333333333333333,0.2772222222222222,1.0,0.0,10.8,10.8,1.0,0.0,0.0,0.0,0.06666666666666667,0.7200000000000001,0.0,0.0,0.0,0.0,0.0,2.0,0.0,0.06666666666666667,0.0,0.0,4.0,2.9986231755308075,9.575,21.1,2.0,0.0,0.06666666666666667,0.0,0.0,0.4538888888888888,1.0,0.0,9.55,9.55,1.0,0.0,0.0,0.0,0.06666666666666667,0.6366666666666667,0.0,0.0,0.0,0.0,0.0,2.0,0.0,0.06666666666666667,0.0,0.0,0.0,0.0,0.0,0.0,0.0,2.0,0.0,0.4666666666666667,-0.2,-0.5723809523809523,2.0,4.5964333915552776e-05,27.099999999999998,47.3,2.0,0.0,0.0,0.0,0.06666666666666667,0.73,1.0,12.058412292948843,0.0,0.0,0.0,2.0,0.06666666666666667,0.0,0.0,0.0,2.0,13.048994708492284,0.0,0.0,0.0,2.0,0.13333333333333333,0.4,-0.26666666666666666,-1.0488888888888888,3.0,2.5065413323525387,25.899999999999995,59.05,2.0,0.0,0.06666666666666667,0.0,0.0,0.13666666666666646,0.0,0.0,8.0,17.2,2.0,12.9,1.0,0.0,5.0,16.29,2.0,12.275,1.0,0.0,3.0,0.0,3.0,28.066666666666663,0.0,0.0,0.0,0.0,3.0,35.9
emergency_response_seed1,emergency_response,1,544.25,559.25,37.0,7.730872649948173,7.166216216216216,12.0,13.75,1.0,11.997278090373147,0.0,0.0,0.0,2.0,0.06666666666666667,0.0,0.0,0.0,6.0,3.053469824883735,11.1,29.85,4.0,0.0,0.13333333333333333,0.0,0.13333333333333333,0.2883333333333333,1.0,0.0,11.8,11.8,1.0,0.0,0.0,0.0,0.06666666666666667,0.7866666666666667,0.0,0.0,0.0,0.0,0.0,2.0,0.0,0.06666666666666667,0.0,0.0,4.0,3.4777699606539,10.075,22.1,2.0,0.0,0.06666666666666667,0.0,0.0,0.4427777777777777,1.0,0.0,10.55,10.55,1.0,0.0,0.0,0.0,0.06666666666666667,0.7033333333333334,0.0,0.0,0.0,0.0,0.0,2.0,0.0,0.06666666666666667,0.0,0.0,0.0,0.0,0.0,0.0,0.0,2.0,0.0,0.4,0.0,0.0,2.0,1.687024561868635e-05,28.099999999999998,48.3,2.0,0.0,0.0,0.0,0.06666666666666667,0.7633333333333333,1.0,12.021786194028017,0.0,0.0,0.0,2.0,0.06666666666666667,0.0,0.0,0.0,2.0,13.059567005227184,0.0,0.0,0.0,2.0,0.13333333333333333,0.3333333333333333,-0.06666666666666667,-0.11599999999999998,3.0,3.2696893961177587,26.566666666666663,60.05,2.0,0.0,0.06666666666666667,0.0,0.0,0.11444444444444433,0.0,0.0,8.0,17.95,2.0,13.4,1.0,0.0,5.0,17.09,2.0,12.775,0.0,0.0,3.0,0.0,3.0,28.73333333333333,0.0,0.0,0.0,0.0,3.0,36.9
emergency_response_seed1,emergency_response,1,547.25,562.25,39.0,7.307797122784139,7.757692307692308,14.0,10.75,1.0,11.986345275901257,0.0,0.0,0.0,2.0,0.06666666666666667,0.0,0.0,0.0,6.0,0.9028931176120566,13.1,32.85,4.0,0.0,0.06666666666666667,0.0,0.13333333333333333,0.432,2.0,0.0,7.4,14.8,2.0,0.0,0.06666666666666667,0.0,0.13333333333333333,0.49333333333333335,1.0,11.880117,0.0,0.0,0.0,2.0,0.06666666666666667,0.0,0.0,0.0,5.0,4.363042459694336,9.540000000000001,25.1,3.0,0.0,0.13333333333333333,0.0,0.06666666666666667,0.27377777777777784,1.0,0.0,13.55,13.55,1.0,0.0,0.0,0.0,0.06666666666666667,0.9033333333333334,1.0,13.836468158137286,0.0,0.0,0.0,2.0,0.06666666666666667,0.0,0.0,0.0,1.0,12.257879260662207,0.0,0.0,0.0,2.0,0.06666666666666667,0.3333333333333333,0.0,0.0,2.0,0.0,31.099999999999998,51.3,2.0,0.0,0.0,0.0,0.06666666666666667,0.8633333333333333,1.0,12.020798549750968,0.0,0.0,0.0,2.0,0.06666666666666667,0.0,0.0,0.0,2.0,13.053845840265023,0.0,0.0,0.0,2.0,0.13333333333333333,0.26666666666666666,0.0,0.0,3.0,5.034402483049652,28.566666666666663,63.05,2.0,0.0,0.06666666666666667,0.0,0.0,0.04777777777777767,0.0,0.0,8.0,20.2,2.0,14.9,1.0,0.0,5.0,19.490000000000002,2.0,14.275,0.0,0.0,3.0,0.45,2.0,0.0,0.0,0.0,0.0,0.0,2.0,0.0
emergency_response_seed1,emergency_response,1,549.25,564.25,41.0,7.027485164671028,8.013414634146342,13.0,8.75,1.0,11.97119848799659,0.0,0.0,0.0,2.0,0.06666666666666667,0.0,0.0,0.0,6.0,0.22334735912932072,14.433333333333332,34.85,4.0,0.0,0.06666666666666667,0.0,0.13333333333333333,0.46755555555555545,2.0,2.038582091036613,8.4,16.8,1.0,0.0,0.06666666666666667,0.0,0.0,0.44000000000000006,1.0,11.864604101188862,0.0,0.0,0.0,2.0,0.06666666666666667,0.0,0.0,0.0,5.0,5.046832044144976,10.74,27.1,3.0,0.0,0.13333333333333333,0.0,0.06666666666666667,0.26488888888888895,2.0,0.0791421678629704,7.775,15.55,1.0,0.0,0.06666666666666667,0.0,0.0,0.4816666666666667,1.0,13.85197854392929,0.0,0.0,0.0,2.0,0.06666666666666667,0.0,0.0,0.0,2.0,13.081917105428492,0.0,0.0,0.0,2.0,0.13333333333333333,0.2,0.0,0.0,3.0,0.4706438304325957,22.066666666666666,53.3,2.0,0.0,0.06666666666666667,0.0,0.06666666666666667,0.19444444444444453,0.0,0.0,0.0,0.0,0.0,2.0,0.0,0.06666666666666667,0.0,0.0,2.0,13.058342422778116,0.0,0.0,0.0,2.0,0.13333333333333333,0.2,0.0,0.0,3.0,5.048465361997357,29.899999999999995,65.05,2.0,0.0,0.06666666666666667,0.0,0.0,0.003333333333333144,0.0,0.0,8.0,21.7,2.0,15.9,1.0,0.95,5.0,21.09,2.0,15.275,0.0,0.0,3.0,1.1166666666666667,2.0,0.0,0.0,0.0,1.0,0.0,2.0,0.0
emergency_response_seed1,emergency_response,1,550.25,565.25,41.0,7.352755863703193,8.341463414634147,14.0,7.75,1.0,11.992656646692193,0.0,0.0,0.0,2.0,0.06666666666666667,0.0,0.0,0.0,6.0,0.08741321882111425,15.174999999999999,35.85,5.0,0.0,0.06666666666666667,0.0,0.2,0.49033333333333323,2.0,3.0434110628367725,8.9,17.8,1.0,0.0,0.06666666666666667,0.0,0.0,0.4066666666666667,1.0,11.875971969453067,0.0,0.0,0.0,2.0,0.06666666666666667,0.0,0.0,0.0,5.0,5.265136519555954,11.34,28.1,3.0,0.0,0.13333333333333333,0.0,0.06666666666666667,0.2604444444444445,2.0,1.4037505668544659,8.275,16.55,1.0,0.0,0.06666666666666667,0.0,0.0,0.44833333333333336,1.0,13.845668019927107,0.0,0.0,0.0,2.0,0.06666666666666667,0.0,0.0,0.0,3.0,14.380983534636117,0.0,0.0,0.0,2.0,0.2,0.13333333333333333,0.0,0.0,3.0,1.1179382272488796,22.733333333333334,54.3,2.0,0.0,0.06666666666666667,0.0,0.06666666666666667,0.2055555555555557,0.0,0.0,0.0,0.0,0.0,2.0,0.0,0.06666666666666667,0.0,0.0,2.0,13.051966541437762,0.0,0.0,0.0,2.0,0.13333333333333333,0.13333333333333333,0.0,0.0,3.0,5.040622833743563,30.566666666666663,66.05,2.0,0.0,0.06666666666666667,0.0,0.0,-0.018888888888889,0.0,0.0,8.0,22.45,2.0,16.4,1.0,1.95,6.0,18.241666666666667,2.0,15.775,0.0,0.0,3.0,1.6166666666666665,1.0,0.0,0.0,0.0,1.0,0.0,1.0,0.0
emergency_response_seed1,emergency_response,1,551.25,566.25,40.0,7.492318082438922,8.9,14.0,6.75,1.0,11.996448854806367,0.0,0.0,0.0,2.0,0.06666666666666667,0.0,0.0,0.0,6.0,0.03218968778316463,16.008333333333333,36.85,5.0,0.0,0.0,0.0,0.2,0.6105555555555554,2.0,3.9624227462717174,9.4,18.8,1.0,0.0,0.06666666666666667,0.0,0.0,0.37333333333333335,1.0,11.87085024491037,0.0,0.0,0.0,2.0,0.06666666666666667,0.0,0.0,0.0,5.0,4.9725071510087755,11.940000000000001,29.1,3.0,0.0,0.13333333333333333,0.0,0.06666666666666667,0.2560000000000001,2.0,2.4392018396408015,8.775,17.55,1.0,0.0,0.06666666666666667,0.0,0.0,0.41500000000000004,1.0,13.830555925946683,0.0,0.0,0.0,2.0,0.06666666666666667,0.0,0.0,0.0,3.0,14.352422058987806,0.0,0.0,0.0,2.0,0.2,0.13333333333333333,0.0,0.0,3.0,1.725515365231274,23.400000000000002,55.3,2.0,0.0,0.06666666666666667,0.0,0.06666666666666667,0.2166666666666669,0.0,0.0,0.0,0.0,0.0,2.0,0.0,0.06666666666666667,0.0,0.0,2.0,13.02979128919924,0.0,0.0,0.0,2.0,0.13333333333333333,0.06666666666666667,0.0,0.0,3.0,5.031466096731395,31.23333333333333,67.05,2.0,0.0,0.06666666666666667,0.0,0.0,-0.04111111111111114,0.0,0.0,8.0,23.2,2.0,16.9,1.0,2.95,6.0,19.01666666666667,2.0,16.275,0.0,0.0,3.0,2.283333333333333,1.0,0.0,0.0,0.0,1.0,0.0,0.0,0.0
emergency_response_seed1,emergency_response,1,552.25,567.25,38.0,7.2299460695521205,9.751315789473685,15.0,5.75,1.0,11.975316746353638,0.0,0.0,0.0,2.0,0.06666666666666667,0.0,0.0,0.0,6.0,0.01163863827940765,16.933333333333334,37.85,6.0,0.0,0.0,0.0,0.26666666666666666,0.65,2.0,4.92710007667741,9.9,19.8,1.0,0.0,0.06666666666666667,0.0,0.0,0.34,1.0,11.85210367472927,0.0,0.0,0.0,2.0,0.06666666666666667,0.0,0.0,0.0,5.0,4.228287975355503,12.540000000000001,30.1,3.0,0.0,0.13333333333333333,0.0,0.06666666666666667,0.2515555555555557,2.0,3.4312921029721126,9.275,18.55,1.0,0.0,0.06666666666666667,0.0,0.0,0.3816666666666667,1.0,13.871259847701294,0.0,0.0,0.0,2.0,0.06666666666666667,0.0,0.0,0.0,3.0,14.185988069323267,0.0,0.0,0.0,2.0,0.2,0.06666666666666667,0.0,0.0,3.0,2.348296943858843,24.066666666666666,56.3,2.0,0.0,0.06666666666666667,0.0,0.0,0.1977777777777779,0.0,0.0,0.0,0.0,0.0,2.0,0.0,0.06666666666666667,0.0,0.0,2.0,13.01754080516028,0.0,0.0,0.0,2.0,0.13333333333333333,0.06666666666666667,0.0,0.0,3.0,4.220553080695173,31.899999999999995,68.05,2.0,0.0,0.06666666666666667,0.0,0.0,-0.06333333333333376,0.0,0.0,8.0,23.95,2.0,17.4,1.0,3.95,6.0,19.85,2.0,16.775,0.0,0.0,3.0,3.033333333333333,0.0,0.0,1.0,0.0,1.0,0.0,0.0,0.0
emergency_response_seed1,emergency_response,1,553.25,568.25,36.0,6.787660269920006,10.709722222222222,15.0,4.75,1.0,11.981266175201164,0.0,0.0,0.0,2.0,0.06666666666666667,0.0,0.0,0.0,6.0,0.0042967533102756875,17.933333333333334,38.85,6.0,0.0,0.0,0.0,0.2,0.6861111111111112,2.0,5.422238971358112,10.4,20.8,1.0,0.0,0.06666666666666667,0.0,0.0,0.3066666666666667,1.0,11.859689488507255,0.0,0.0,0.0,2.0,0.06666666666666667,0.0,0.0,0.0,5.0,3.57017115003896,13.14,31.1,3.0,0.0,0.13333333333333333,0.0,0.06666666666666667,0.24711111111111114,2.0,4.469016917726093,9.775,19.55,1.0,0.0,0.06666666666666667,0.0,0.0,0.3483333333333334,1.0,13.879735599089182,0.0,0.0,0.0,2.0,0.06666666666666667,0.0,0.0,0.0,3.0,13.875674664170019,0.0,0.0,0.0,2.0,0.2,0.06666666666666667,0.0,0.0,3.0,3.0067516339916787,24.73333333333333,57.3,2.0,0.0,0.06666666666666667,0.0,0.0,0.17555555555555552,0.0,0.0,0.0,0.0,0.0,2.0,0.0,0.06666666666666667,0.0,0.0,1.0,12.206254317115022,0.0,0.0,0.0,2.0,0.06666666666666667,0.0,0.0,0.0,3.0,2.929013845693616,32.56666666666666,69.05,2.0,0.0,0.06666666666666667,0.0,0.0,-0.0855555555555559,0.0,0.0,8.0,24.7,2.0,17.9,1.0,4.95,6.0,20.683333333333334,2.0,17.599999999999998,0.0,0.0,4.0,3.025,0.0,0.0,1.0,0.0,1.0,0.0,0.0,0.0
emergency_response_seed1,emergency_response,1,554.25,569.25,36.0,6.38009980313346,11.12638888888889,15.0,3.75,1.0,11.981756820443552,0.0,0.0,0.0,2.0,0.06666666666666667,0.0,0.0,0.0,7.0,0.16406050125487695,16.228571428571428,39.85,6.0,0.0,0.06666666666666667,0.0,0.2,0.539126984126984,2.0,5.420946028276759,10.9,21.8,1.0,0.0,0.06666666666666667,0.0,0.0,0.2733333333333334,1.0,11.854712822640694,0.0,0.0,0.0,2.0,0.06666666666666667,0.0,0.0,0.0,5.0,3.024909205718493,13.74,32.1,3.0,0.0,0.13333333333333333,0.0,0.06666666666666667,0.2426666666666667,2.0,5.554591913940456,10.275,20.55,1.0,0.0,0.06666666666666667,0.0,0.0,0.31500000000000006,1.0,13.841529623381794,0.0,0.0,0.0,2.0,0.06666666666666667,0.0,0.0,0.0,3.0,13.67370137176029,0.0,0.0,0.0,2.0,0.2,0.06666666666666667,0.0,0.0,3.0,3.6903735145011876,25.399999999999995,58.3,2.0,0.0,0.06666666666666667,0.0,0.0,0.15333333333333315,0.0,0.0,0.0,0.0,0.0,2.0,0.0,0.06666666666666667,0.0,0.0,1.0,12.203436941871846,0.0,0.0,0.0,2.0,0.06666666666666667,0.0,0.0,0.0,3.0,1.7728443220512615,33.23333333333333,70.05,2.0,0.0,0.06666666666666667,0.0,0.0,-0.10777777777777828,1.0,0.0,8.0,25.45,2.0,18.4,1.0,5.95,6.0,21.516666666666666,2.0,18.599999999999998,0.0,0.0,4.0,3.775,0.0,0.0,1.0,0.0,1.0,0.0,0.0,0.0
emergency_response_seed1,emergency_response,1,555.25,570.25,35.0,6.308106575977931,11.872857142857143,15.0,2.75,1.0,11.99148078023689,0.0,0.0,0.0,2.0,0.06666666666666667,0.0,0.0,0.0,7.0,0.5597622210763624,17.085714285714285,40.85,6.0,0.0,0.06666666666666667,0.0,0.2,0.5629365079365078,2.0,5.422256113509595,11.4,22.8,1.0,0.0,0.06666666666666667,0.0,0.0,0.24000000000000005,1.0,11.856544561675664,0.0,0.0,0.0,2.0,0.06666666666666667,0.0,0.0,0.0,5.0,2.6715791380021736,14.34,33.1,3.0,0.0,0.06666666666666667,0.0,0.06666666666666667,0.4176666666666667,2.0,6.540558727694749,10.775,21.55,1.0,0.0,0.06666666666666667,0.0,0.0,0.2816666666666667,1.0,13.86853900113958,0.0,0.0,0.0,2.0,0.06666666666666667,0.0,0.0,0.0,3.0,13.4975604050924,0.0,0.0,0.0,2.0,0.2,0.0,0.0,0.0,3.0,4.300131564259188,26.066666666666663,59.3,2.0,0.0,0.06666666666666667,0.0,0.0,0.131111111111111,0.0,0.0,0.0,0.0,0.0,2.0,0.0,0.06666666666666667,0.0,0.0,0.0,0.0,0.0,0.0,0.0,2.0,0.0,0.06666666666666667,0.0,0.0,3.0,0.8859855888559757,33.9,71.05,2.0,0.0,0.0,0.0,0.0,0.6666666666666664,1.0,0.0,8.0,26.2,2.0,19.075,1.0,6.95,7.0,19.157142857142855,2.0,19.599999999999998,0.0,0.0,4.0,4.525,0.0,0.0,1.0,0.0,1.0,0.0,0.0,0.0
emergency_response_seed1,emergency_response,1,557.25,572.25,34.0,5.962232136063027,13.104411764705883,15.0,0.75,0.0,0.0,0.0,0.0,0.0,2.0,0.0,0.06666666666666667,0.0,0.0,8.0,1.5221336588860173,16.45,42.85,6.0,0.0,0.13333333333333333,0.0,0.13333333333333333,0.4455555555555554,2.0,5.4238357413873945,12.4,24.8,1.0,0.0,0.06666666666666667,0.0,0.0,0.1733333333333333,1.0,11.864003027194094,0.0,0.0,0.0,2.0,0.06666666666666667,0.0,0.0,0.0,5.0,2.084810539484023,15.540000000000001,35.1,3.0,0.0,0.06666666666666667,0.0,0.06666666666666667,0.4310000000000001,2.0,8.221574045128092,11.775,23.55,1.0,0.0,0.06666666666666667,0.0,0.0,0.21499999999999997,1.0,13.855049670712324,0.0,0.0,0.0,2.0,0.06666666666666667,0.0,0.0,0.0,3.0,13.218560988385208,0.0,0.0,0.0,2.0,0.2,0.0,0.0,0.0,3.0,4.613668163413338,27.399999999999995,61.3,2.0,0.0,0.06666666666666667,0.0,0.0,0.08666666666666648,0.0,0.0,0.0,0.0,0.0,2.0,0.0,0.06666666666666667,0.0,0.0,0.0,0.0,0.0,0.0,0.0,2.0,0.0,0.13333333333333333,0.0,0.0,3.0,0.11920460609888887,35.23333333333333,73.05,2.0,0.0,0.0,0.0,0.0,0.6666666666666664,1.0,0.0,8.0,27.85625,2.0,21.075,1.0,8.95,7.0,20.585714285714285,2.0,21.599999999999998,0.0,0.0,4.0,6.025,0.0,0.0,1.0,0.0,1.0,0.0,0.0,0.0
emergency_response_seed1,emergency_response,1,558.25,573.25,33.0,5.755010018078958,13.978787878787879,16.0,2.75,0.0,0.0,0.0,0.0,0.0,1.0,0.0,0.06666666666666667,0.0,0.0,8.0,2.048759822924899,17.2,43.85,6.0,0.0,0.13333333333333333,0.0,0.13333333333333333,0.4511111111111111,2.0,5.425873723100469,12.9,25.8,1.0,0.0,0.06666666666666667,0.0,0.0,0.13999999999999999,1.0,11.877545956150543,0.0,0.0,0.0,1.0,0.06666666666666667,0.0,0.0,0.0,5.0,1.5583877588186807,16.29,36.1,4.0,0.0,0.06666666666666667,0.0,0.13333333333333333,0.44766666666666666,2.0,8.246333999733345,12.275,24.55,1.0,0.0,0.06666666666666667,0.0,0.0,0.18166666666666664,1.0,13.89,0.0,0.0,0.0,1.0,0.06666666666666667,0.0,0.0,0.0,3.0,13.102832998298666,0.0,0.0,0.0,1.0,0.2,0.0,0.0,0.0,3.0,4.62672609212886,28.066666666666663,62.3,2.0,0.0,0.06666666666666667,0.0,0.0,0.06444444444444433,0.0,0.0,0.0,0.0,0.0,1.0,0.0,0.06666666666666667,0.0,0.0,0.0,0.0,0.0,0.0,0.0,1.0,0.0,0.13333333333333333,0.0,0.0,3.0,0.03403160716027471,35.9,74.05,2.0,0.0,0.0,0.0,0.0,0.6666666666666669,1.0,0.0,9.0,25.538888888888888,2.0,22.075,1.0,9.95,7.0,21.3,2.0,22.599999999999998,0.0,0.0,4.0,6.775,0.0,0.0,1.0,0.0,1.0,0.0,0.0,0.0
emergency_response_seed1,emergency_response,1,562.25,577.25,32.0,4.5233157723225,9.9609375,13.0,10.75,0.0,0.0,0.0,0.0,0.0,0.0,0.0,0.06666666666666667,0.0,0.0,8.0,3.557053862616802,20.2,47.85,6.0,0.0,0.13333333333333333,0.0,0.13333333333333333,0.47333333333333333,2.0,5.447653569320048,14.9,29.8,1.0,0.0,0.0,0.0,-0.06666666666666667,0.5,1.0,4.290484656059835,0.0,0.0,0.0,0.0,0.0,0.0,0.0,0.0,5.0,0.23943737842012713,19.490000000000002,40.1,4.0,0.0,0.0,0.0,0.06666666666666667,0.6633333333333334,2.0,5.088617966797779,14.275,28.55,1.0,0.0,0.06666666666666667,0.0,0.0,0.04833333333333331,0.0,0.0,0.0,0.0,0.0,0.0,0.0,0.06666666666666667,0.0,0.0,3.0,2.2123202069104657,0.45,1.35,1.0,0.0,0.13333333333333333,0.0,0.06666666666666667,0.030000000000000002,2.0,5.926413404269342,0.0,0.0,0.0,2.0,0.06666666666666667,0.06666666666666667,-0.13333333333333333,-2.0733333333333333,0.0,0.0,0.0,0.0,0.0,0.0,0.0,0.06666666666666667,0.0,0.0,0.0,0.0,0.0,0.0,0.0,0.0,0.0,0.13333333333333333,0.0,0.0,2.0,1.1739447233190712,0.0,0.0,0.0,2.0,0.0,0.06666666666666667,-0.13333333333333333,-1.9044444444444442,1.0,0.0,8.0,7.7125,3.0,17.383333333333333,1.0,0.0,6.0,1.9416666666666667,2.0,26.599999999999998,0.0,0.0,4.0,9.775,0.0,0.0,1.0,0.0,2.0,0.275,1.0,0.0
emergency_response_seed1,emergency_response,1,567.25,582.25,34.0,4.915489634611689,11.532352941176471,17.0,5.75,0.0,0.0,0.0,0.0,0.0,0.0,0.0,0.06666666666666667,0.0,0.0,8.0,1.966821688383428,23.95,52.85,6.0,0.0,0.13333333333333333,0.0,0.0,0.46777777777777774,2.0,0.6254254079118649,17.4,34.8,1.0,0.0,0.0,0.0,0.0,0.4999999999999999,1.0,0.0,3.95,3.95,1.0,0.0,0.0,0.0,0.06666666666666667,0.26333333333333336,6.0,0.8552423325653046,19.85,45.1,5.0,0.0,0.06666666666666667,0.0,0.13333333333333333,0.48733333333333334,2.0,0.08094084290401696,16.775,33.55,1.0,0.0,0.0,0.0,0.0,0.4999999999999999,0.0,0.0,0.0,0.0,0.0,0.0,0.0,0.06666666666666667,0.0,0.0,3.0,0.027168062469874483,3.033333333333333,6.35,3.0,0.0,0.0,0.0,0.2,0.20222222222222222,0.0,0.0,0.0,0.0,0.0,2.0,0.0,0.2,-0.13333333333333333,-1.6044444444444443,1.0,13.636924276139943,0.0,0.0,0.0,0.0,0.06666666666666667,0.0,0.0,0.0,1.0,13.644872888402173,0.0,0.0,0.0,0.0,0.06666666666666667,0.13333333333333333,0.0,0.0,0.0,0.0,0.0,0.0,0.0,2.0,0.0,0.2,-0.13333333333333333,-2.1266666666666665,1.0,0.0,6.0,0.0,3.0,20.716666666666665,1.0,0.0,3.0,0.0,3.0,21.066666666666666,1.0,0.0,4.0,13.525,0.0,0.0,0.0,0.0,2.0,2.775,1.0,0.0
emergency_response_seed1,emergency_response,1,568.25,583.25,35.0,4.8323669279732595,11.707142857142857,18.0,4.75,0.0,0.0,0.0,0.0,0.0,0.0,0.0,0.06666666666666667,0.0,0.0,8.0,1.3639419363575171,24.7,53.85,6.0,0.0,0.13333333333333333,0.0,0.0,0.4511111111111111,2.0,0.26457883059662124,17.9,35.8,1.0,0.0,0.0,0.0,0.0,0.4999999999999999,1.0,0.0,4.95,4.95,1.0,0.0,0.0,0.0,0.06666666666666667,0.33,6.0,1.136561119406321,20.683333333333334,46.1,5.0,0.0,0.06666666666666667,0.0,0.13333333333333333,0.5028888888888888,2.0,0.023275091949393478,17.599999999999998,34.55,2.0,0.0,0.0,0.0,0.06666666666666667,0.5216666666666665,0.0,0.0,0.0,0.0,0.0,0.0,0.0,0.06666666666666667,0.0,0.0,4.0,0.5326818461520986,3.025,7.35,3.0,0.0,0.06666666666666667,0.0,0.2,0.20166666666666666,0.0,0.0,0.0,0.0,0.0,2.0,0.0,0.2,-0.13333333333333333,-1.6488888888888886,1.0,13.656470853045938,0.0,0.0,0.0,0.0,0.06666666666666667,0.0,0.0,0.0,1.0,13.655241039258986,0.0,0.0,0.0,0.0,0.06666666666666667,0.06666666666666667,0.0,0.0,0.0,0.0,0.0,0.0,0.0,2.0,0.0,0.2,-0.13333333333333333,-2.1711111111111108,0.0,0.0,6.0,0.0,3.0,21.38333333333333,1.0,0.0,3.0,0.0,3.0,21.733333333333334,1.0,0.0,5.0,11.42,1.0,0.0,0.0,0.0,2.0,3.275,1.0,0.0
emergency_response_seed1,emergency_response,1,569.25,584.25,35.0,4.801678185389127,12.221428571428572,18.0,3.75,1.0,11.961105620574005,0.0,0.0,0.0,0.0,0.06666666666666667,0.06666666666666667,0.0,0.0,8.0,0.8875825169766945,25.45,54.85,6.0,0.0,0.06666666666666667,0.0,0.0,0.6147619047619047,2.0,0.10147235461074545,18.4,36.8,1.0,0.0,0.0,0.0,0.0,0.4999999999999999,1.0,0.0,5.95,5.95,1.0,0.0,0.0,0.0,0.06666666666666667,0.39666666666666667,6.0,1.4222675177415693,21.516666666666666,47.1,5.0,0.0,0.06666666666666667,0.0,0.13333333333333333,0.5184444444444444,2.0,0.006512718360597132,18.599999999999998,35.55,2.0,0.0,0.0,0.0,0.06666666666666667,0.5549999999999998,0.0,0.0,0.0,0.0,0.0,0.0,0.0,0.06666666666666667,0.0,0.0,4.0,1.0370948058859886,3.775,8.35,3.0,0.0,0.06666666666666667,0.0,0.2,0.25166666666666665,0.0,0.0,0.0,0.0,0.0,2.0,0.0,0.2,-0.13333333333333333,-1.693333333333333,1.0,13.605916572667084,0.0,0.0,0.0,0.0,0.06666666666666667,0.0,0.0,0.0,1.0,13.642299679394204,0.0,0.0,0.0,0.0,0.06666666666666667,0.06666666666666667,0.0,0.0,0.0,0.0,0.0,0.0,0.0,2.0,0.0,0.2,-0.13333333333333333,-2.215555555555555,0.0,0.0,5.0,0.0,3.0,22.049999999999997,1.0,0.0,3.0,0.0,3.0,22.399999999999995,1.0,0.0,5.0,12.02,1.0,0.0,0.0,0.0,2.0,3.775,1.0,0.0
emergency_response_seed1,emergency_response,1,570.25,585.25,36.0,4.7719062747641185,12.391666666666667,19.0,2.75,1.0,11.9525025682913,0.0,0.0,0.0,0.0,0.06666666666666667,0.06666666666666667,0.0,0.0,8.0,0.5407239765170574,26.2,55.85,6.0,0.0,0.06666666666666667,0.0,0.0,0.6076190476190476,2.0,0.03652724177402841,19.075,37.8,2.0,0.0,0.0,0.0,0.06666666666666667,0.5116666666666666,1.0,0.0,6.95,6.95,1.0,0.0,0.0,0.0,0.06666666666666667,0.4633333333333333,7.0,1.759715485811801,19.157142857142855,48.1,5.0,0.0,0.13333333333333333,0.0,0.13333333333333333,0.321142857142857,2.0,0.0018496341399383514,19.599999999999998,36.55,2.0,0.0,0.0,0.0,0.06666666666666667,0.5883333333333332,0.0,0.0,0.0,0.0,0.0,0.0,0.0,0.06666666666666667,0.0,0.0,4.0,1.5406528140603317,4.525,9.35,3.0,0.0,0.06666666666666667,0.0,0.2,0.3016666666666667,0.0,0.0,0.0,0.0,0.0,2.0,0.0,0.2,-0.13333333333333333,-1.7377777777777774,1.0,13.62584943295562,0.0,0.0,0.0,0.0,0.06666666666666667,0.0,0.0,0.0,1.0,13.66451098282691,0.0,0.0,0.0,0.0,0.06666666666666667,0.0,0.0,0.0,0.0,0.0,0.0,0.0,0.0,2.0,0.0,0.2,-0.13333333333333333,-2.26,0.0,0.0,4.0,0.0,3.0,22.716666666666665,1.0,0.0,3.0,0.0,3.0,23.066666666666663,1.0,0.0,5.0,12.620000000000001,1.0,0.0,0.0,0.0,3.0,2.85,1.0,0.0
emergency_response_seed1,emergency_response,1,571.25,586.25,36.0,4.900886666687046,12.926388888888889,20.0,1.75,1.0,11.9632168989715,0.0,0.0,0.0,0.0,0.06666666666666667,0.0,0.0,0.0,8.0,0.2968371211907223,26.98125,56.85,7.0,0.0,0.0,0.0,0.06666666666666667,0.7520833333333333,2.0,0.013291216032241865,20.075,38.8,2.0,0.0,0.0,0.0,0.06666666666666667,0.5449999999999999,1.0,0.0,7.95,7.95,1.0,0.0,0.0,0.0,0.06666666666666667,0.53,7.0,2.3175184074042474,19.87142857142857,49.1,5.0,0.0,0.13333333333333333,0.0,0.13333333333333333,0.3287619047619046,2.0,0.0005185171260116965,20.599999999999998,37.55,2.0,0.0,0.0,0.0,0.06666666666666667,0.6216666666666665,0.0,0.0,0.0,0.0,0.0,0.0,0.0,0.06666666666666667,0.0,0.0,4.0,2.0436527792778976,5.275,10.35,3.0,0.0,0.06666666666666667,0.0,0.2,0.3516666666666667,0.0,0.0,0.0,0.0,0.0,2.0,0.0,0.2,-0.13333333333333333,-1.7822222222222222,1.0,13.621784896692152,0.0,0.0,0.0,0.0,0.06666666666666667,0.0,0.0,0.0,1.0,13.670614501394889,0.0,0.0,0.0,0.0,0.06666666666666667,0.0,0.0,0.0,0.0,0.0,0.0,0.0,0.0,2.0,0.0,0.2,-0.13333333333333333,-2.304444444444444,0.0,0.0,4.0,0.0,3.0,23.383333333333336,1.0,0.0,2.0,0.0,3.0,23.73333333333333,1.0,0.0,5.0,13.219999999999999,1.0,0.0,0.0,0.0,3.0,3.1833333333333336,1.0,0.0
emergency_response_seed1,emergency_response,1,572.25,587.25,36.0,4.996684935853443,13.481944444444444,20.0,0.75,1.0,11.971381144380926,0.0,0.0,0.0,0.0,0.06666666666666667,0.0,0.0,0.0,8.0,0.13899369936322492,27.85625,57.85,7.0,0.0,0.0,0.0,0.06666666666666667,0.7604166666666666,2.0,0.004784036738209109,21.075,39.8,2.0,0.0,0.0,0.0,0.06666666666666667,0.5783333333333333,1.0,0.0,8.95,8.95,1.0,0.0,0.0,0.0,0.06666666666666667,0.5966666666666666,7.0,2.664907417487162,20.585714285714285,50.1,5.0,0.0,0.13333333333333333,0.0,0.13333333333333333,0.3363809523809523,2.0,0.0001473355089033852,21.599999999999998,38.55,2.0,0.0,0.0,0.0,0.06666666666666667,0.6549999999999998,0.0,0.0,0.0,0.0,0.0,0.0,0.0,0.06666666666666667,0.0,0.0,4.0,2.5125482006226467,6.025,11.35,3.0,0.0,0.06666666666666667,0.0,0.2,0.40166666666666667,0.0,0.0,0.0,0.0,0.0,2.0,0.0,0.2,-0.13333333333333333,-1.8266666666666664,1.0,13.661947219567264,0.0,0.0,0.0,0.0,0.06666666666666667,0.0,0.0,0.0,1.0,13.671166434021293,0.0,0.0,0.0,0.0,0.06666666666666667,0.0,0.0,0.0,0.0,0.0,0.0,0.0,0.0,2.0,0.0,0.2,-0.13333333333333333,-2.3488888888888884,0.0,0.0,3.0,0.0,3.0,24.05,1.0,0.0,2.0,0.0,3.0,24.399999999999995,1.0,0.0,5.0,13.84,1.0,0.0,0.0,0.0,3.0,3.516666666666667,1.0,0.0
emergency_response_seed1,emergency_response,1,573.25,588.25,36.0,4.8095538765127115,14.037500000000001,20.0,2.75,1.0,11.952837297177672,0.0,0.0,0.0,0.0,0.06666666666666667,0.0,0.0,0.0,9.0,0.24043616456943415,25.538888888888888,58.85,7.0,0.0,0.06666666666666667,0.0,0.06666666666666667,0.5559259259259259,2.0,0.0017680875958789779,22.075,40.8,2.0,0.0,0.0,0.0,0.06666666666666667,0.6116666666666666,1.0,0.0,9.95,9.95,1.0,0.0,0.0,0.0,0.06666666666666667,0.6633333333333333,7.0,2.993836642153979,21.3,51.1,5.0,0.0,0.13333333333333333,0.0,0.06666666666666667,0.33400000000000013,2.0,4.0524527158615426e-05,22.599999999999998,39.55,2.0,0.0,0.0,0.0,0.06666666666666667,0.6883333333333331,0.0,0.0,0.0,0.0,0.0,0.0,0.0,0.06666666666666667,0.0,0.0,4.0,2.999693805913096,6.775,12.35,3.0,0.0,0.06666666666666667,0.0,0.2,0.4516666666666667,0.0,0.0,0.0,0.0,0.0,1.0,0.0,0.2,-0.13333333333333333,-1.871111111111111,1.0,13.608611598171883,0.0,0.0,0.0,0.0,0.06666666666666667,0.0,0.0,0.0,1.0,13.639404709688247,0.0,0.0,0.0,0.0,0.06666666666666667,0.0,0.0,0.0,0.0,0.0,0.0,0.0,0.0,1.0,0.0,0.2,-0.13333333333333333,-2.393333333333333,0.0,0.0,2.0,0.0,3.0,24.71666666666667,1.0,0.0,1.0,0.0,3.0,25.066666666666663,1.0,0.0,5.0,14.64,1.0,0.0,0.0,0.0,3.0,3.85,1.0,0.0
emergency_response_seed1,emergency_response,1,579.25,594.25,39.0,6.15480854600942,4.128205128205129,8.0,26.75,1.0,11.952353883722596,0.0,0.0,0.0,2.0,0.06666666666666667,0.0,0.0,0.0,7.0,3.2529122184703865,0.0,0.0,0.0,2.0,0.06666666666666667,0.13333333333333333,-0.4,-1.4466666666666665,3.0,2.081083097075567,18.716666666666665,46.8,2.0,0.0,0.06666666666666667,0.0,0.06666666666666667,0.18777777777777765,1.0,6.616552817754576,0.0,0.0,0.0,2.0,0.06666666666666667,0.06666666666666667,-0.06666666666666667,-0.06333333333333332,5.0,5.598839753445731,0.0,0.0,0.0,2.0,0.13333333333333333,0.13333333333333333,-0.26666666666666666,-1.406,2.0,0.0,28.599999999999998,45.55,2.0,0.0,0.0,0.0,0.06666666666666667,0.8883333333333332,1.0,11.836829518656021,0.0,0.0,0.0,2.0,0.06666666666666667,0.0,0.0,0.0,4.0,3.462726927997137,11.275,18.35,3.0,0.0,0.06666666666666667,0.0,0.13333333333333333,0.6772222222222222,0.0,0.0,0.0,0.0,0.0,0.0,0.0,0.13333333333333333,0.0,0.0,1.0,11.818276508745344,0.0,0.0,0.0,2.0,0.06666666666666667,0.0,0.0,0.0,2.0,5.499318870485906,1.275,2.55,1.0,0.0,0.06666666666666667,0.0,0.06666666666666667,0.08499999999999999,1.0,11.98286313642282,0.0,0.0,0.0,0.0,0.06666666666666667,0.13333333333333333,0.0,0.0,0.0,0.0,2.0,0.0,3.0,28.71666666666667,0.0,0.0,1.0,0.0,3.0,29.066666666666663,0.0,0.0,6.0,16.2,1.0,0.0,0.0,0.0,3.0,6.166666666666667,1.0,2.3
emergency_response_seed1,emergency_response,1,584.25,599.25,39.0,8.056879022712067,5.153846153846154,8.0,21.75,0.0,0.0,0.0,0.0,0.0,2.0,0.0,0.06666666666666667,0.0,0.0,5.0,7.957769387327818,0.0,0.0,0.0,2.0,0.13333333333333333,0.3333333333333333,-0.4,-1.6966666666666665,3.0,4.613795020311373,22.049999999999997,51.8,2.0,0.0,0.06666666666666667,0.0,0.06666666666666667,0.24333333333333323,1.0,12.63197264202195,0.0,0.0,0.0,2.0,0.06666666666666667,0.06666666666666667,-0.06666666666666667,-0.39666666666666667,3.0,9.119470258225778,0.0,0.0,0.0,2.0,0.13333333333333333,0.3333333333333333,-0.3333333333333333,-1.4344444444444444,3.0,3.0302174043578454,22.399999999999995,50.55,2.0,0.0,0.06666666666666667,0.0,0.0,0.25333333333333313,1.0,11.81640615662677,0.0,0.0,0.0,2.0,0.06666666666666667,0.0,0.0,0.0,5.0,1.239891093044399,12.02,23.35,3.0,0.0,0.06666666666666667,0.0,0.0,0.5496666666666666,1.0,16.243957746393978,0.0,0.0,0.0,0.0,0.06666666666666667,0.0,0.0,0.0,0.0,0.0,0.0,0.0,0.0,2.0,0.0,0.06666666666666667,0.0,0.0,2.0,8.282634519800196,3.775,7.55,1.0,0.0,0.06666666666666667,0.0,0.06666666666666667,0.25166666666666665,1.0,11.996106669211294,0.0,0.0,0.0,0.0,0.06666666666666667,0.0,0.0,0.0,1.0,0.0,1.0,0.0,3.0,33.03333333333333,0.0,0.0,0.0,0.0,3.0,32.4,0.0,0.0,6.0,19.675,1.0,4.3,0.0,0.0,3.0,9.5,1.0,7.3
emergency_response_seed1,emergency_response,1,585.25,600.25,40.0,8.490968347647023,5.225,8.0,20.75,0.0,0.0,0.0,0.0,0.0,2.0,0.0,0.06666666666666667,0.0,0.0,4.0,9.49365346537637,0.0,0.0,0.0,2.0,0.13333333333333333,0.4,-0.4,-1.7466666666666666,3.0,4.629032215893967,22.716666666666665,52.8,2.0,0.0,0.06666666666666667,0.0,0.0,0.2427777777777777,1.0,12.63341409890004,0.0,0.0,0.0,2.0,0.06666666666666667,0.06666666666666667,-0.06666666666666667,-0.4633333333333333,3.0,9.782154769949164,0.0,0.0,0.0,2.0,0.06666666666666667,0.3333333333333333,-0.3333333333333333,-1.277142857142857,3.0,3.702914480179,23.066666666666663,51.55,2.0,0.0,0.06666666666666667,0.0,0.0,0.231111111111111,1.0,11.795083162746167,0.0,0.0,0.0,2.0,0.06666666666666667,0.0,0.0,0.0,5.0,1.588563553335651,12.620000000000001,24.35,3.0,0.0,0.06666666666666667,0.0,0.0,0.5396666666666667,1.0,16.57711640225351,0.0,0.0,0.0,0.0,0.06666666666666667,0.0,0.0,0.0,0.0,0.0,0.0,0.0,0.0,2.0,0.0,0.06666666666666667,0.0,0.0,3.0,8.451332771980283,2.85,8.55,1.0,0.0,0.13333333333333333,0.0,0.06666666666666667,0.19,1.0,11.993374403009657,0.0,0.0,0.0,0.0,0.06666666666666667,0.0,0.0,0.0,1.0,0.0,1.0,0.0,3.0,34.03333333333333,0.0,0.0,1.0,0.0,3.0,33.166666666666664,0.0,0.0,6.0,20.508333333333333,1.0,5.3,1.0,0.0,3.0,10.166666666666666,1.0,8.3
emergency_response_seed1,emergency_response,1,586.25,601.25,39.0,8.694657328126965,5.564102564102564,8.0,19.75,0.0,0.0,0.0,0.0,0.0,2.0,0.0,0.06666666666666667,0.0,0.0,4.0,10.025779576177863,0.0,0.0,0.0,2.0,0.13333333333333333,0.4,-0.4666666666666667,-1.7987499999999998,3.0,4.6107898021182825,23.383333333333336,53.8,2.0,0.0,0.06666666666666667,0.0,0.0,0.2205555555555558,1.0,12.595246408272299,0.0,0.0,0.0,2.0,0.06666666666666667,0.06666666666666667,-0.06666666666666667,-0.53,2.0,10.837587035674652,0.0,0.0,0.0,2.0,0.06666666666666667,0.4,-0.3333333333333333,-1.3247619047619046,3.0,4.3742190972518475,23.73333333333333,52.55,2.0,0.0,0.06666666666666667,0.0,0.0,0.20888888888888885,1.0,11.783068194808447,0.0,0.0,0.0,2.0,0.06666666666666667,0.0,0.0,0.0,5.0,1.9984286294479188,13.219999999999999,25.35,3.0,0.0,0.06666666666666667,0.0,0.0,0.5296666666666666,1.0,16.64841718868539,0.0,0.0,0.0,0.0,0.06666666666666667,0.0,0.0,0.0,0.0,0.0,0.0,0.0,0.0,2.0,0.0,0.06666666666666667,0.0,0.0,3.0,8.842737073844082,3.1833333333333336,9.55,1.0,0.0,0.13333333333333333,0.0,0.06666666666666667,0.21222222222222223,1.0,11.990379485597368,0.0,0.0,0.0,0.0,0.06666666666666667,0.0,0.0,0.0,1.0,0.0,1.0,0.0,3.0,35.03333333333333,0.0,0.0,1.0,0.0,3.0,34.166666666666664,0.0,0.0,6.0,21.34166666666667,1.0,6.3,1.0,0.0,3.0,10.833333333333334,1.0,9.3
emergency_response_seed1,emergency_response,1,587.25,602.25,39.0,8.90786965264554,5.771794871794872,9.0,18.75,0.0,0.0,0.0,0.0,0.0,2.0,0.0,0.06666666666666667,0.0,0.0,3.0,11.04377753391183,0.0,0.0,0.0,2.0,0.13333333333333333,0.4666666666666667,-0.4666666666666667,-1.8570833333333332,3.0,4.61117046231986,24.05,54.8,2.0,0.0,0.06666666666666667,0.0,0.0,0.19833333333333342,1.0,12.651072784995424,0.0,0.0,0.0,2.0,0.06666666666666667,0.06666666666666667,-0.06666666666666667,-0.5966666666666666,2.0,10.878170510313229,0.0,0.0,0.0,2.0,0.06666666666666667,0.4,-0.3333333333333333,-1.3723809523809523,3.0,4.62389288635226,24.399999999999995,53.55,2.0,0.0,0.06666666666666667,0.0,0.0,0.18666666666666648,1.0,11.843654653423007,0.0,0.0,0.0,2.0,0.06666666666666667,0.0,0.0,0.0,5.0,2.395148885858565,13.84,26.35,4.0,0.0,0.06666666666666667,0.0,0.06666666666666667,0.521,1.0,16.578868834536525,0.0,0.0,0.0,0.0,0.06666666666666667,0.0,0.0,0.0,0.0,0.0,0.0,0.0,0.0,2.0,0.0,0.06666666666666667,0.0,0.0,3.0,8.233833376064032,3.516666666666667,10.55,1.0,0.0,0.13333333333333333,0.0,0.06666666666666667,0.23444444444444448,1.0,11.97330051277997,0.0,0.0,0.0,0.0,0.06666666666666667,0.0,0.0,0.0,1.0,0.0,1.0,0.0,3.0,36.03333333333333,0.0,0.0,1.0,0.0,3.0,35.166666666666664,0.0,0.0,6.0,22.175,1.0,7.3,1.0,0.0,3.0,11.5,1.0,10.3
emergency_response_seed1,emergency_response,1,588.25,603.25,39.0,9.052612143928664,6.0025641025641026,9.0,17.75,0.0,0.0,0.0,0.0,0.0,2.0,0.0,0.06666666666666667,0.0,0.0,2.0,12.566228083165349,0.0,0.0,0.0,2.0,0.06666666666666667,0.5333333333333333,-0.4666666666666667,-1.7025925925925924,3.0,4.619038753859932,24.71666666666667,55.8,2.0,0.0,0.06666666666666667,0.0,0.0,0.17611111111111127,1.0,12.624126221339914,0.0,0.0,0.0,2.0,0.06666666666666667,0.06666666666666667,-0.06666666666666667,-0.6633333333333333,1.0,11.976262898594142,0.0,0.0,0.0,2.0,0.06666666666666667,0.4666666666666667,-0.3333333333333333,-1.4200000000000002,3.0,4.617887493247787,25.066666666666663,54.55,2.0,0.0,0.06666666666666667,0.0,0.0,0.16444444444444434,1.0,11.823789805566202,0.0,0.0,0.0,2.0,0.06666666666666667,0.0,0.0,0.0,5.0,2.861107503286521,14.64,27.35,4.0,0.0,0.06666666666666667,0.0,0.06666666666666667,0.5243333333333333,1.0,16.581718334808947,0.0,0.0,0.0,0.0,0.06666666666666667,0.0,0.0,0.0,0.0,0.0,0.0,0.0,0.0,2.0,0.0,0.06666666666666667,0.0,0.0,3.0,7.39144579800679,3.85,11.55,1.0,0.0,0.13333333333333333,0.0,0.06666666666666667,0.25666666666666665,1.0,11.97479099598946,0.0,0.0,0.0,0.0,0.06666666666666667,0.0,0.0,0.0,1.0,0.0,1.0,0.0,3.0,37.03333333333333,0.0,0.0,1.0,0.0,3.0,36.166666666666664,0.0,0.0,6.0,23.008333333333336,1.0,8.3,1.0,0.0,3.0,12.366666666666667,1.0,11.3
emergency_response_seed1,emergency_response,1,589.25,604.25,40.0,8.869814549614908,6.0775,9.0,16.75,0.0,0.0,0.0,0.0,0.0,2.0,0.0,0.06666666666666667,0.0,0.0,2.0,12.452730979124926,0.0,0.0,0.0,2.0,0.06666666666666667,0.5333333333333333,-0.4666666666666667,-1.7544444444444445,3.0,3.8317653875474775,25.383333333333336,56.8,2.0,0.0,0.06666666666666667,0.0,0.0,0.15388888888888913,1.0,12.627445363799572,0.0,0.0,0.0,2.0,0.06666666666666667,0.06666666666666667,-0.06666666666666667,-0.73,1.0,11.979681941564195,0.0,0.0,0.0,2.0,0.06666666666666667,0.4666666666666667,-0.3333333333333333,-1.4676190476190476,3.0,4.62456124461644,25.73333333333333,55.55,2.0,0.0,0.06666666666666667,0.0,0.0,0.1422222222222222,1.0,11.83568127050531,0.0,0.0,0.0,2.0,0.06666666666666667,0.0,0.0,0.0,6.0,3.407312820728304,12.866666666666667,28.35,4.0,0.0,0.13333333333333333,0.0,0.06666666666666667,0.3561111111111111,1.0,16.66757044341788,0.0,0.0,0.0,0.0,0.06666666666666667,0.0,0.0,0.0,0.0,0.0,0.0,0.0,0.0,2.0,0.0,0.06666666666666667,0.0,0.0,3.0,6.3525779071240835,4.183333333333334,12.55,1.0,0.0,0.13333333333333333,0.0,0.06666666666666667,0.2788888888888889,1.0,10.962754766897092,0.0,0.0,0.0,0.0,0.06666666666666667,0.0,0.0,0.0,1.0,0.0,1.0,0.0,3.0,38.03333333333333,0.0,0.0,2.0,0.0,3.0,37.166666666666664,0.0,0.0,6.0,23.84166666666667,1.0,9.3,1.0,0.0,3.0,13.366666666666667,1.0,12.3
emergency_response_seed1,emergency_response,1,590.25,605.25,40.0,8.734085022425438,6.3025,9.0,15.75,0.0,0.0,0.0,0.0,0.0,2.0,0.0,0.06666666666666667,0.0,0.0,2.0,12.379422338413534,0.0,0.0,0.0,2.0,0.06666666666666667,0.5333333333333333,-0.5333333333333333,-1.8096296296296297,3.0,2.7892571475088705,26.05,57.8,2.0,0.0,0.06666666666666667,0.0,0.0,0.13166666666666677,1.0,12.650662532184736,0.0,0.0,0.0,2.0,0.06666666666666667,0.06666666666666667,-0.06666666666666667,-0.7966666666666666,1.0,11.978474298783112,0.0,0.0,0.0,2.0,0.06666666666666667,0.4666666666666667,-0.3333333333333333,-1.5152380952380953,3.0,4.622516525605849,26.399999999999995,56.55,2.0,0.0,0.06666666666666667,0.0,0.0,0.11999999999999982,1.0,11.823970625925584,0.0,0.0,0.0,2.0,0.06666666666666667,0.0,0.0,0.0,6.0,3.788261546495253,13.533333333333333,29.35,4.0,0.0,0.13333333333333333,0.0,0.06666666666666667,0.3505555555555555,1.0,16.55859350537509,0.0,0.0,0.0,0.0,0.06666666666666667,0.0,0.0,0.0,0.0,0.0,0.0,0.0,0.0,2.0,0.0,0.06666666666666667,0.0,0.0,3.0,5.522724969455072,4.516666666666667,13.55,1.0,0.0,0.13333333333333333,0.0,0.06666666666666667,0.3011111111111111,1.0,6.962754766897101,0.0,0.0,0.0,0.0,0.06666666666666667,0.0,0.0,0.0,1.0,0.0,1.0,0.0,4.0,29.275,1.0,0.0,2.0,0.0,3.0,38.166666666666664,0.0,0.0,6.0,24.675,1.0,10.3,1.0,0.0,3.0,14.366666666666667,1.0,13.3
emergency_response_seed1,emergency_response,1,591.25,606.25,41.0,8.683961124194663,6.36829268292683,9.0,14.75,0.0,0.0,0.0,0.0,0.0,2.0,0.0,0.06666666666666667,0.0,0.0,2.0,12.903811933209536,0.0,0.0,0.0,2.0,0.13333333333333333,0.6,-0.4,-0.9718518518518517,3.0,1.8723384803132934,26.71666666666667,58.8,2.0,0.0,0.0,0.0,0.0,0.6666666666666669,1.0,12.65416436659428,0.0,0.0,0.0,2.0,0.0,0.06666666666666667,0.0,0.0,1.0,11.97077589985449,0.0,0.0,0.0,2.0,0.06666666666666667,0.4666666666666667,-0.26666666666666666,-1.0476190476190477,3.0,4.624647285446215,27.066666666666663,57.55,2.0,0.0,0.06666666666666667,0.0,0.0,0.09777777777777767,1.0,11.792462543920854,0.0,0.0,0.0,2.0,0.06666666666666667,0.0,0.0,0.0,6.0,4.08080054111623,14.200000000000001,30.35,4.0,0.0,0.13333333333333333,0.0,0.06666666666666667,0.34500000000000003,1.0,16.616481753256174,0.0,0.0,0.0,0.0,0.06666666666666667,0.0,0.0,0.0,0.0,0.0,0.0,0.0,0.0,2.0,0.0,0.06666666666666667,0.0,0.0,3.0,4.999172750126723,4.8500000000000005,14.55,1.0,0.0,0.06666666666666667,0.0,0.06666666666666667,0.32333333333333336,1.0,2.9663395334217038,0.0,0.0,0.0,0.0,0.0,0.0,0.0,0.0,1.0,0.0,0.0,0.0,4.0,30.025,1.0,0.0,2.0,0.0,3.0,39.166666666666664,0.0,0.0,6.0,25.508333333333336,1.0,11.3,1.0,0.0,3.0,15.366666666666667,1.0,14.3
emergency_response_seed1,emergency_response,1,592.25,607.25,41.0,8.560269796499849,6.595121951219512,10.0,13.75,0.0,0.0,0.0,0.0,0.0,2.0,0.0,0.06666666666666667,0.0,0.0,2.0,12.870530021879123,0.0,0.0,0.0,2.0,0.13333333333333333,0.5333333333333333,-0.26666666666666666,-0.5141666666666667,3.0,1.119062942073622,27.383333333333336,59.8,2.0,0.0,0.0,0.0,0.0,0.6666666666666669,1.0,12.570977226565036,0.0,0.0,0.0,2.0,0.0,0.0,0.0,0.0,1.0,11.97416800847277,0.0,0.0,0.0,2.0,0.06666666666666667,0.4,-0.06666666666666667,-0.12944444444444445,3.0,4.493741054948465,27.73333333333333,58.55,2.0,0.0,0.06666666666666667,0.0,0.0,0.07555555555555553,1.0,11.809364522872501,0.0,0.0,0.0,2.0,0.06666666666666667,0.0,0.0,0.0,6.0,4.371315539693941,14.866666666666667,31.35,4.0,0.0,0.13333333333333333,0.0,0.06666666666666667,0.33944444444444444,1.0,15.166786855275165,0.0,0.0,0.0,0.0,0.06666666666666667,0.0,0.0,0.0,0.0,0.0,0.0,0.0,0.0,2.0,0.0,0.06666666666666667,0.0,0.0,3.0,4.738281425400811,5.183333333333334,15.55,1.0,0.0,0.06666666666666667,0.0,0.0,0.3272222222222222,1.0,0.0,0.3,0.3,1.0,0.0,0.0,0.0,0.06666666666666667,0.02,1.0,0.0,0.0,0.0,4.0,30.775,1.0,0.0,2.0,0.0,3.0,40.166666666666664,0.0,0.0,6.0,26.34166666666667,1.0,12.3,1.0,0.0,3.0,16.366666666666667,1.0,15.3
emergency_response_seed1,emergency_response,1,593.25,608.25,41.0,8.152177547445906,6.839024390243902,10.0,12.75,0.0,0.0,0.0,0.0,0.0,2.0,0.0,0.06666666666666667,0.0,0.0,2.0,12.858990454465848,0.0,0.0,0.0,2.0,0.13333333333333333,0.5333333333333333,-0.13333333333333333,-0.08916666666666666,3.0,0.5649856444859038,28.05,60.8,2.0,0.0,0.0,0.0,0.0,0.6666666666666666,0.0,0.0,0.0,0.0,0.0,2.0,0.0,0.06666666666666667,0.0,0.0,1.0,11.980242498556617,0.0,0.0,0.0,2.0,0.06666666666666667,0.4,0.0,0.0,3.0,3.397096878464913,28.399999999999995,59.55,2.0,0.0,0.06666666666666667,0.0,0.0,0.05333333333333314,1.0,9.794774967515282,0.0,0.0,0.0,2.0,0.06666666666666667,0.0,0.0,0.0,6.0,4.127529607173957,15.533333333333333,32.35,4.0,0.0,0.13333333333333333,0.0,0.06666666666666667,0.33388888888888885,1.0,9.666786855275157,0.0,0.0,0.0,0.0,0.06666666666666667,0.0,0.0,0.0,0.0,0.0,0.0,0.0,0.0,2.0,0.0,0.06666666666666667,0.0,0.0,3.0,4.65522914455103,5.516666666666667,16.55,1.0,0.0,0.06666666666666667,0.0,0.0,0.31611111111111106,1.0,0.0,1.3,1.3,1.0,0.0,0.0,0.0,0.06666666666666667,0.08666666666666667,1.0,0.0,0.0,0.0,4.0,31.525,1.0,0.0,2.0,0.0,3.0,41.166666666666664,0.0,0.0,6.0,27.175,1.0,13.3,1.0,0.0,4.0,13.025,1.0,16.3
emergency_response_seed1,emergency_response,1,594.25,609.25,41.0,7.8256622899020885,7.10609756097561,11.0,11.75,0.0,0.0,0.0,0.0,0.0,2.0,0.0,0.06666666666666667,0.0,0.0,2.0,12.89194335025083,0.0,0.0,0.0,2.0,0.13333333333333333,0.4666666666666667,0.0,0.0,3.0,0.2501000744721339,28.71666666666667,61.8,2.0,0.0,0.0,0.0,0.0,0.6666666666666669,0.0,0.0,0.0,0.0,0.0,2.0,0.0,0.06666666666666667,0.0,0.0,1.0,11.996612259198447,0.0,0.0,0.0,2.0,0.06666666666666667,0.3333333333333333,0.0,0.0,3.0,2.401222651876109,29.066666666666663,60.55,2.0,0.0,0.06666666666666667,0.0,0.0,0.031111111111111,0.0,0.0,0.0,0.0,0.0,2.0,0.0,0.06666666666666667,0.0,0.0,6.0,3.5034470324749063,16.2,33.35,4.0,0.0,0.13333333333333333,0.0,0.06666666666666667,0.32833333333333325,1.0,4.182827923782485,0.0,0.0,0.0,0.0,0.06666666666666667,0.0,0.0,0.0,0.0,0.0,0.0,0.0,0.0,2.0,0.0,0.06666666666666667,0.0,0.0,3.0,4.62691298832883,6.166666666666667,17.55,2.0,0.0,0.06666666666666667,0.0,0.06666666666666667,0.3261111111111112,1.0,0.0,2.3,2.3,1.0,0.0,0.0,0.0,0.06666666666666667,0.15333333333333332,1.0,0.0,0.0,0.0,4.0,13.075,1.0,0.0,2.0,0.0,3.0,16.983333333333334,0.0,0.0,6.0,28.008333333333336,1.0,14.3,1.0,0.0,4.0,13.774999999999999,1.0,17.3
emergency_response_seed1,emergency_response,1,600.25,615.25,37.0,7.019839127836785,9.966216216216216,15.0,5.75,1.0,13.877645423121285,0.0,0.0,0.0,2.0,0.06666666666666667,0.0,0.0,0.0,1.0,11.814163564701241,0.0,0.0,0.0,2.0,0.06666666666666667,0.26666666666666666,0.0,0.0,3.0,0.0006422669558177001,34.03333333333333,67.8,3.0,0.0,0.0,0.0,0.06666666666666667,0.7544444444444445,0.0,0.0,0.0,0.0,0.0,2.0,0.0,0.06666666666666667,0.0,0.0,1.0,14.449725995699414,0.0,0.0,0.0,2.0,0.06666666666666667,0.2,0.0,0.0,3.0,0.02417321707887179,33.166666666666664,66.55,3.0,0.0,0.0,0.0,0.06666666666666667,0.6733333333333335,0.0,0.0,0.0,0.0,0.0,2.0,0.0,0.06666666666666667,0.0,0.0,6.0,1.8902988661880844,20.508333333333333,39.35,5.0,0.0,0.06666666666666667,0.0,0.13333333333333333,0.5258888888888887,1.0,0.0,5.3,5.3,1.0,0.0,0.0,0.0,0.06666666666666667,0.35333333333333333,1.0,13.263463215460987,0.0,0.0,0.0,2.0,0.06666666666666667,0.0,0.0,0.0,3.0,0.3351545270991472,10.166666666666666,23.55,2.0,0.0,0.0,0.0,0.06666666666666667,0.48777777777777775,1.0,0.0,8.3,8.3,1.0,0.0,0.0,0.0,0.06666666666666667,0.5533333333333333,1.0,5.7,2.0,0.0,1.0,0.0,1.0,0.0,2.0,1.125,1.0,0.0,1.0,0.0,7.0,29.085714285714285,1.0,20.3,1.0,0.95,5.0,14.62,2.0,11.65
emergency_response_seed1,emergency_response,1,601.25,616.25,34.0,6.481881668601155,11.286764705882353,15.0,4.75,1.0,13.881711114925565,0.0,0.0,0.0,2.0,0.06666666666666667,0.0,0.0,0.0,1.0,11.819742183932478,0.0,0.0,0.0,2.0,0.06666666666666667,0.26666666666666666,0.0,0.0,3.0,0.00023420905691370908,35.03333333333333,68.8,3.0,0.0,0.0,0.0,0.06666666666666667,0.7766666666666663,0.0,0.0,0.0,0.0,0.0,2.0,0.0,0.06666666666666667,0.0,0.0,1.0,14.986676222492523,0.0,0.0,0.0,2.0,0.06666666666666667,0.13333333333333333,0.0,0.0,3.0,0.008894754742145178,34.166666666666664,67.55,3.0,0.0,0.0,0.0,0.06666666666666667,0.6955555555555556,0.0,0.0,0.0,0.0,0.0,2.0,0.0,0.06666666666666667,0.0,0.0,6.0,1.7581692052224918,21.34166666666667,40.35,5.0,0.0,0.06666666666666667,0.0,0.13333333333333333,0.5414444444444446,1.0,0.0,6.3,6.3,1.0,0.0,0.0,0.0,0.06666666666666667,0.42,1.0,13.239998070275398,0.0,0.0,0.0,2.0,0.06666666666666667,0.0,0.0,0.0,3.0,0.13582924183672532,10.833333333333334,24.55,2.0,0.0,0.0,0.0,0.06666666666666667,0.51,1.0,0.0,9.3,9.3,1.0,0.0,0.0,0.0,0.06666666666666667,0.62,1.0,6.7,2.0,0.0,1.0,0.0,1.0,0.0,2.0,1.625,1.0,0.0,1.0,0.0,7.0,29.942857142857143,1.0,21.3,1.0,1.95,5.0,15.219999999999999,2.0,12.15
emergency_response_seed1,emergency_response,1,602.25,617.25,33.0,6.164166694989689,12.083333333333334,15.0,3.75,1.0,13.87109619457042,0.0,0.0,0.0,2.0,0.06666666666666667,0.0,0.0,0.0,1.0,11.838798337446436,0.0,0.0,0.0,2.0,0.06666666666666667,0.2,0.0,0.0,3.0,8.409450414750088e-05,36.03333333333333,69.8,3.0,0.0,0.0,0.0,0.06666666666666667,0.7988888888888888,0.0,0.0,0.0,0.0,0.0,2.0,0.0,0.06666666666666667,0.0,0.0,1.0,15.063613154515673,0.0,0.0,0.0,2.0,0.06666666666666667,0.13333333333333333,0.0,0.0,3.0,0.0032758035843209582,35.166666666666664,68.55,3.0,0.0,0.0,0.0,0.06666666666666667,0.717777777777778,0.0,0.0,0.0,0.0,0.0,2.0,0.0,0.06666666666666667,0.0,0.0,6.0,1.3248213422182313,22.175,41.35,5.0,0.0,0.06666666666666667,0.0,0.06666666666666667,0.5556666666666668,1.0,0.0,7.3,7.3,1.0,0.0,0.0,0.0,0.06666666666666667,0.48666666666666664,1.0,13.220494379190715,0.0,0.0,0.0,2.0,0.06666666666666667,0.0,0.0,0.0,3.0,0.05085672183492244,11.5,25.55,2.0,0.0,0.0,0.0,0.06666666666666667,0.5322222222222222,1.0,0.0,10.3,10.3,1.0,0.0,0.0,0.0,0.06666666666666667,0.6866666666666668,1.0,7.7,2.0,0.0,1.0,0.0,1.0,0.0,2.0,2.125,1.0,0.0,1.0,0.0,8.0,26.95,2.0,11.15,1.0,2.95,5.0,15.819999999999999,2.0,12.65
emergency_response_seed1,emergency_response,1,603.25,618.25,33.0,6.092165602399342,12.556060606060607,16.0,2.75,1.0,13.857507303210442,0.0,0.0,0.0,2.0,0.06666666666666667,0.0,0.0,0.0,1.0,11.84723145367033,0.0,0.0,0.0,2.0,0.06666666666666667,0.13333333333333333,0.0,0.0,3.0,3.087570705127366e-05,37.03333333333333,70.8,3.0,0.0,0.0,0.0,0.06666666666666667,0.8211111111111109,0.0,0.0,0.0,0.0,0.0,2.0,0.0,0.06666666666666667,0.0,0.0,1.0,15.023314666511423,0.0,0.0,0.0,2.0,0.06666666666666667,0.06666666666666667,0.0,0.0,3.0,0.001165726628672591,36.166666666666664,69.55,3.0,0.0,0.0,0.0,0.06666666666666667,0.7400000000000001,0.0,0.0,0.0,0.0,0.0,2.0,0.0,0.06666666666666667,0.0,0.0,6.0,0.9419592739451127,23.008333333333336,42.35,5.0,0.0,0.06666666666666667,0.0,0.06666666666666667,0.5578888888888891,1.0,0.0,8.3,8.3,1.0,0.0,0.0,0.0,0.06666666666666667,0.5533333333333333,1.0,13.23877709961495,0.0,0.0,0.0,2.0,0.06666666666666667,0.0,0.0,0.0,3.0,0.018749620726515908,12.366666666666667,26.55,3.0,0.0,0.0,0.0,0.13333333333333333,0.5677777777777778,1.0,0.0,11.3,11.3,1.0,0.0,0.0,0.0,0.06666666666666667,0.7533333333333334,1.0,8.7,2.0,0.0,1.0,0.0,1.0,0.0,2.0,2.625,1.0,0.0,1.0,0.0,8.0,27.7,2.0,11.65,1.0,3.95,5.0,16.419999999999998,2.0,13.15
emergency_response_seed1,emergency_response,1,604.25,619.25,33.0,6.040680616923081,13.040909090909091,16.0,1.75,1.0,13.831366108763032,0.0,0.0,0.0,2.0,0.06666666666666667,0.0,0.0,0.0,1.0,11.79188656392894,0.0,0.0,0.0,2.0,0.06666666666666667,0.13333333333333333,0.0,0.0,3.0,1.139550549189048e-05,38.03333333333333,71.8,3.0,0.0,0.0,0.0,0.06666666666666667,0.843333333333333,0.0,0.0,0.0,0.0,0.0,2.0,0.0,0.06666666666666667,0.0,0.0,2.0,13.620677324808355,0.0,0.0,0.0,2.0,0.13333333333333333,0.06666666666666667,0.0,0.0,3.0,0.0004241990569026146,37.166666666666664,70.55,3.0,0.0,0.0,0.0,0.06666666666666667,0.7622222222222222,0.0,0.0,0.0,0.0,0.0,2.0,0.0,0.06666666666666667,0.0,0.0,6.0,0.6211091766838275,23.84166666666667,43.35,5.0,0.0,0.0,0.0,0.06666666666666667,0.7316666666666668,1.0,0.0,9.3,9.3,1.0,0.0,0.0,0.0,0.06666666666666667,0.62,1.0,13.276571115864426,0.0,0.0,0.0,2.0,0.06666666666666667,0.0,0.0,0.0,3.0,0.006782312050787143,13.366666666666667,27.55,3.0,0.0,0.0,0.0,0.13333333333333333,0.6122222222222222,1.0,0.0,12.3,12.3,1.0,0.0,0.0,0.0,0.06666666666666667,0.8200000000000001,1.0,9.7,2.0,0.0,1.0,0.0,1.0,0.0,2.0,3.125,1.0,0.0,1.0,0.0,8.0,28.45,2.0,12.15,1.0,4.95,5.0,17.02,2.0,13.65
emergency_response_seed1,emergency_response,1,605.25,620.25,34.0,5.952940652037434,13.12794117647059,16.0,0.75,1.0,13.853848358548712,0.0,0.0,0.0,2.0,0.06666666666666667,0.0,0.0,0.0,1.0,11.838636197321259,0.0,0.0,0.0,2.0,0.06666666666666667,0.13333333333333333,0.0,0.0,4.0,0.2444179342506476,29.275,72.8,3.0,0.0,0.06666666666666667,0.0,0.06666666666666667,0.21499999999999986,1.0,11.584730970898116,0.0,0.0,0.0,2.0,0.06666666666666667,0.06666666666666667,0.0,0.0,2.0,13.64747431861473,0.0,0.0,0.0,2.0,0.13333333333333333,0.06666666666666667,0.0,0.0,3.0,0.0001536806518817566,38.166666666666664,71.55,3.0,0.0,0.0,0.0,0.06666666666666667,0.7844444444444446,0.0,0.0,0.0,0.0,0.0,2.0,0.0,0.06666666666666667,0.0,0.0,6.0,0.3749644454788296,24.675,44.35,5.0,0.0,0.0,0.0,0.06666666666666667,0.7427777777777779,1.0,0.0,10.3,10.3,1.0,0.0,0.0,0.0,0.06666666666666667,0.6866666666666668,1.0,13.273789275398464,0.0,0.0,0.0,2.0,0.06666666666666667,0.0,0.0,0.0,3.0,0.002459724536771695,14.366666666666667,28.55,3.0,0.0,0.0,0.0,0.13333333333333333,0.6566666666666667,1.0,0.0,13.3,13.3,1.0,0.0,0.0,0.0,0.06666666666666667,0.8866666666666667,1.0,10.7,2.0,0.0,1.0,0.0,1.0,0.0,2.0,3.625,1.0,0.0,1.0,0.0,8.0,29.2,2.0,12.65,1.0,5.95,5.0,17.619999999999997,2.0,14.15
emergency_response_seed1,emergency_response,1,606.25,621.25,32.0,5.734762810297857,14.4484375,16.0,2.75,1.0,13.865406813300215,0.0,0.0,0.0,1.0,0.06666666666666667,0.0,0.0,0.0,0.0,0.0,0.0,0.0,0.0,1.0,0.0,0.13333333333333333,0.0,0.0,4.0,0.7543515047531548,30.025,73.8,3.0,0.0,0.06666666666666667,0.0,0.06666666666666667,0.22055555555555534,1.0,11.642339466175933,0.0,0.0,0.0,1.0,0.06666666666666667,0.06666666666666667,0.0,0.0,2.0,13.633352574695053,0.0,0.0,0.0,1.0,0.13333333333333333,0.06666666666666667,0.0,0.0,3.0,5.6278685749729915e-05,39.166666666666664,72.55,3.0,0.0,0.0,0.0,0.06666666666666667,0.8066666666666668,0.0,0.0,0.0,0.0,0.0,1.0,0.0,0.06666666666666667,0.0,0.0,6.0,0.20791291170648296,25.508333333333336,45.35,5.0,0.0,0.0,0.0,0.06666666666666667,0.753888888888889,1.0,0.0,11.3,11.3,1.0,0.0,0.0,0.0,0.06666666666666667,0.7533333333333334,1.0,13.198606811130405,0.0,0.0,0.0,1.0,0.06666666666666667,0.0,0.0,0.0,3.0,0.0008941387765034977,15.366666666666667,29.55,3.0,0.0,0.0,0.0,0.13333333333333333,0.701111111111111,1.0,0.0,14.3,14.3,1.0,0.0,0.0,0.0,0.06666666666666667,0.9533333333333334,1.0,11.7,2.0,0.0,1.0,0.0,1.0,0.25,2.0,4.125,1.0,0.0,1.0,0.0,8.0,29.95,2.0,13.15,1.0,6.95,5.0,18.22,2.0,14.65
emergency_response_seed1,emergency_response,1,607.25,622.25,30.0,5.188072504289912,15.945,16.0,1.75,1.0,10.50286621134623,0.0,0.0,0.0,1.0,0.06666666666666667,0.0,0.0,0.0,0.0,0.0,0.0,0.0,0.0,1.0,0.0,0.13333333333333333,0.0,0.0,4.0,1.2414362663742358,30.775,74.8,3.0,0.0,0.06666666666666667,0.0,0.06666666666666667,0.22611111111111082,1.0,11.647148860136683,0.0,0.0,0.0,1.0,0.06666666666666667,0.06666666666666667,0.0,0.0,2.0,13.690129431641987,0.0,0.0,0.0,1.0,0.13333333333333333,0.06666666666666667,0.0,0.0,3.0,2.0656520589398304e-05,40.166666666666664,73.55,3.0,0.0,0.0,0.0,0.06666666666666667,0.8288888888888889,0.0,0.0,0.0,0.0,0.0,1.0,0.0,0.06666666666666667,0.0,0.0,6.0,0.10656252737166873,26.34166666666667,46.35,5.0,0.0,0.0,0.0,0.06666666666666667,0.7650000000000001,1.0,0.0,12.3,12.3,1.0,0.0,0.0,0.0,0.06666666666666667,0.8200000000000001,1.0,13.21900428278929,0.0,0.0,0.0,1.0,0.06666666666666667,0.0,0.0,0.0,3.0,0.0003305390140951984,16.366666666666667,30.55,3.0,0.0,0.0,0.0,0.13333333333333333,0.7455555555555555,1.0,0.0,15.3,15.3,1.0,0.0,0.0,0.0,0.0,1.0,1.0,12.7,2.0,0.0,0.0,0.0,1.0,1.25,2.0,4.75,1.0,0.0,1.0,0.0,8.0,30.7,2.0,13.65,1.0,7.95,5.0,18.82,2.0,15.15
emergency_response_seed1,emergency_response,1,608.25,623.25,30.0,4.660559844891924,16.478333333333335,16.0,0.75,1.0,6.002866211346237,0.0,0.0,0.0,1.0,0.06666666666666667,0.0,0.0,0.0,0.0,0.0,0.0,0.0,0.0,1.0,0.0,0.13333333333333333,0.0,0.0,4.0,1.7272008846169191,31.525,75.8,3.0,0.0,0.06666666666666667,0.0,0.06666666666666667,0.23166666666666652,1.0,11.609531786310425,0.0,0.0,0.0,1.0,0.06666666666666667,0.0,0.0,0.0,2.0,13.64267717168245,0.0,0.0,0.0,1.0,0.13333333333333333,0.06666666666666667,0.0,0.0,3.0,7.490966516189786e-06,41.166666666666664,74.55,3.0,0.0,0.0,0.0,0.06666666666666667,0.8511111111111113,0.0,0.0,0.0,0.0,0.0,1.0,0.0,0.06666666666666667,0.0,0.0,6.0,0.05168654083934665,27.175,47.35,5.0,0.0,0.0,0.0,0.06666666666666667,0.7761111111111112,1.0,0.0,13.3,13.3,1.0,0.0,0.0,0.0,0.06666666666666667,0.8866666666666667,1.0,13.270568364391089,0.0,0.0,0.0,1.0,0.06666666666666667,0.0,0.0,0.0,4.0,0.3334889153887754,13.025,31.55,3.0,0.0,0.06666666666666667,0.0,0.13333333333333333,0.5005555555555555,1.0,0.0,16.3,16.3,1.0,0.0,0.0,0.0,0.0,1.0,2.0,6.85,2.0,0.0,0.0,0.0,1.0,2.25,3.0,3.8333333333333335,1.0,0.0,1.0,0.0,8.0,31.45,2.0,14.15,1.0,8.95,5.0,19.419999999999998,2.0,15.65
emergency_response_seed1,emergency_response,1,611.25,626.25,33.0,5.512120587281776,8.424242424242424,12.0,9.75,1.0,0.0,1.7,1.7,1.0,0.0,0.0,0.0,0.06666666666666667,0.11333333333333333,2.0,13.90085260101328,0.0,0.0,0.0,0.0,0.13333333333333333,0.06666666666666667,0.0,0.0,3.0,6.071009959752125,0.0,0.0,0.0,2.0,0.06666666666666667,0.06666666666666667,-0.13333333333333333,-2.0033333333333334,1.0,11.586239818881902,0.0,0.0,0.0,0.0,0.06666666666666667,0.0,0.0,0.0,2.0,11.445468415550355,0.0,0.0,0.0,0.0,0.13333333333333333,0.06666666666666667,0.0,0.0,3.0,2.9266473546472676,0.0,0.0,0.0,2.0,0.06666666666666667,0.06666666666666667,-0.13333333333333333,-2.0266666666666664,1.0,13.294690253231531,0.0,0.0,0.0,0.0,0.06666666666666667,0.0,0.0,0.0,7.0,0.07496623896249317,25.657142857142855,50.35,6.0,0.0,0.06666666666666667,0.0,0.13333333333333333,0.5415873015873013,1.0,0.0,16.3,16.3,1.0,0.0,0.0,0.0,0.0,1.0,1.0,13.255558243224383,0.0,0.0,0.0,0.0,0.06666666666666667,0.0,0.0,0.0,4.0,1.5763452681981889,15.274999999999999,34.55,3.0,0.0,0.06666666666666667,0.0,0.06666666666666667,0.5183333333333332,1.0,0.0,19.3,19.3,1.0,0.0,0.0,0.0,0.0,1.0,1.0,0.0,2.0,1.475,0.0,0.0,0.0,0.0,3.0,5.833333333333333,1.0,0.0,0.0,0.0,7.0,0.0,2.0,15.65,0.0,0.0,4.0,0.0,2.0,17.15
emergency_response_seed1,emergency_response,1,612.25,627.25,33.0,5.082025987761855,8.787878787878787,12.0,8.75,1.0,0.0,2.7,2.7,1.0,0.0,0.0,0.0,0.06666666666666667,0.18000000000000002,2.0,13.860817016845036,0.0,0.0,0.0,0.0,0.13333333333333333,0.06666666666666667,0.0,0.0,3.0,7.31915223747444,0.0,0.0,0.0,2.0,0.06666666666666667,0.06666666666666667,-0.2,-2.0688888888888886,1.0,11.631268824445021,0.0,0.0,0.0,0.0,0.06666666666666667,0.0,0.0,0.0,2.0,8.469086650443426,0.0,0.0,0.0,0.0,0.13333333333333333,0.06666666666666667,0.0,0.0,2.0,4.2938685518066535,0.0,0.0,0.0,2.0,0.06666666666666667,0.13333333333333333,-0.13333333333333333,-2.0711111111111107,1.0,13.295561997025363,0.0,0.0,0.0,0.0,0.06666666666666667,0.0,0.0,0.0,7.0,0.3301867212723494,26.514285714285712,51.35,6.0,0.0,0.06666666666666667,0.0,0.13333333333333333,0.5542857142857142,1.0,0.0,17.3,17.3,1.0,0.0,0.0,0.0,0.0,1.0,1.0,11.455468520514907,0.0,0.0,0.0,0.0,0.06666666666666667,0.0,0.0,0.0,5.0,2.091558641141259,12.819999999999999,35.55,3.0,0.0,0.13333333333333333,0.0,0.06666666666666667,0.3102222222222222,2.0,0.25312936319159474,10.15,20.3,1.0,0.0,0.06666666666666667,0.0,0.0,0.32333333333333336,1.0,0.0,2.0,2.1,0.0,0.0,0.0,0.0,3.0,6.5,1.0,0.0,0.0,0.0,6.0,0.0,2.0,16.15,0.0,0.0,3.0,0.0,2.0,17.65
emergency_response_seed1,emergency_response,1,613.25,628.25,33.0,5.402792961233819,9.159090909090908,13.0,7.75,1.0,0.0,3.7,3.7,1.0,0.0,0.0,0.0,0.06666666666666667,0.24666666666666667,2.0,13.844377374250822,0.0,0.0,0.0,0.0,0.13333333333333333,0.06666666666666667,0.0,0.0,2.0,9.249778645525337,0.0,0.0,0.0,2.0,0.06666666666666667,0.13333333333333333,-0.2,-2.1355555555555554,1.0,11.623198891714154,0.0,0.0,0.0,0.0,0.06666666666666667,0.0,0.0,0.0,2.0,6.150960816999734,0.125,0.25,1.0,0.0,0.13333333333333333,0.06666666666666667,0.06666666666666667,0.008333333333333333,2.0,5.966849741464921,0.0,0.0,0.0,2.0,0.06666666666666667,0.13333333333333333,-0.13333333333333333,-2.1155555555555554,1.0,13.264353219023763,0.0,0.0,0.0,0.0,0.06666666666666667,0.0,0.0,0.0,7.0,0.5667505122942507,27.37142857142857,52.35,6.0,0.0,0.06666666666666667,0.0,0.13333333333333333,0.5669841269841268,1.0,0.0,18.3,18.3,1.0,0.0,0.0,0.0,0.0,1.0,1.0,5.9554685205149,0.0,0.0,0.0,0.0,0.06666666666666667,0.0,0.0,0.0,5.0,2.9117403956408996,13.419999999999998,36.55,3.0,0.0,0.13333333333333333,0.0,0.06666666666666667,0.3057777777777776,2.0,1.3258918379043039,10.65,21.3,1.0,0.0,0.06666666666666667,0.0,0.0,0.29000000000000004,1.0,0.0,3.0,2.066666666666667,0.0,0.0,0.0,0.0,3.0,7.166666666666667,1.0,0.0,0.0,0.0,5.0,0.0,2.0,16.65,0.0,0.0,3.0,0.0,2.0,18.15
emergency_response_seed1,emergency_response,1,614.25,629.25,33.0,5.878993589491064,9.553030303030303,13.0,6.75,1.0,0.0,4.7,4.7,1.0,0.0,0.0,0.0,0.06666666666666667,0.31333333333333335,2.0,13.883559193331367,0.0,0.0,0.0,0.0,0.13333333333333333,0.06666666666666667,0.0,0.0,1.0,12.594171874159107,0.0,0.0,0.0,2.0,0.06666666666666667,0.2,-0.2,-2.2022222222222223,1.0,11.634538973678307,0.0,0.0,0.0,0.0,0.06666666666666667,0.0,0.0,0.0,2.0,6.161167708764271,0.625,1.25,1.0,0.0,0.13333333333333333,0.0,0.06666666666666667,0.041666666666666664,1.0,7.926973284030222,0.0,0.0,0.0,2.0,0.06666666666666667,0.2,-0.13333333333333333,-2.1599999999999997,1.0,13.3077190945005,0.0,0.0,0.0,0.0,0.06666666666666667,0.0,0.0,0.0,7.0,0.8022238186000913,28.228571428571428,53.35,6.0,0.0,0.06666666666666667,0.0,0.06666666666666667,0.5702380952380951,1.0,0.0,19.3,19.3,1.0,0.0,0.0,0.0,0.0,1.0,1.0,0.5218008050338379,0.0,0.0,0.0,0.0,0.06666666666666667,0.0,0.0,0.0,5.0,3.738414044016916,14.02,37.55,3.0,0.0,0.13333333333333333,0.0,0.06666666666666667,0.3013333333333333,2.0,2.2985061786230214,11.15,22.3,1.0,0.0,0.06666666666666667,0.0,0.0,0.2566666666666667,1.0,0.0,3.0,2.733333333333333,0.0,0.0,0.0,0.0,3.0,7.833333333333333,1.0,0.25,0.0,0.0,5.0,0.0,2.0,17.15,0.0,0.0,2.0,0.0,2.0,18.65
emergency_response_seed1,emergency_response,1,615.25,630.25,33.0,6.362693563894552,9.975757575757575,14.0,5.75,1.0,0.0,5.7,5.7,1.0,0.0,0.0,0.0,0.06666666666666667,0.38,2.0,13.882843921354977,0.0,0.0,0.0,0.0,0.13333333333333333,0.06666666666666667,0.0,0.0,1.0,12.615675973977519,0.0,0.0,0.0,2.0,0.06666666666666667,0.2,-0.2,-2.2688888888888887,1.0,11.608620103231104,0.0,0.0,0.0,0.0,0.06666666666666667,0.0,0.0,0.0,2.0,5.209992371787391,1.125,2.25,1.0,0.0,0.06666666666666667,0.0,0.06666666666666667,0.075,1.0,9.606886571458423,0.0,0.0,0.0,2.0,0.06666666666666667,0.2,-0.2,-2.211111111111111,1.0,13.260539544353817,0.0,0.0,0.0,0.0,0.06666666666666667,0.0,0.0,0.0,7.0,1.0510604629233102,29.085714285714285,54.35,6.0,0.0,0.06666666666666667,0.0,0.06666666666666667,0.5718253968253968,1.0,0.0,20.3,20.3,1.0,0.0,0.0,0.0,0.0,1.0,1.0,0.0,0.95,0.95,1.0,0.0,0.0,0.0,0.06666666666666667,0.06333333333333332,5.0,4.328243472550036,14.62,38.55,3.0,0.0,0.13333333333333333,0.0,0.06666666666666667,0.29688888888888887,2.0,3.2482745221023928,11.65,23.3,1.0,0.0,0.06666666666666667,0.0,0.0,0.2233333333333333,1.0,0.0,3.0,3.4,0.0,0.0,0.0,0.0,4.0,6.375,1.0,1.25,0.0,0.0,4.0,0.0,2.0,17.65,0.0,0.0,3.0,0.0,2.0,19.15
emergency_response_seed1,emergency_response,1,616.25,631.25,33.0,6.622779105607375,10.4,14.0,4.75,1.0,0.0,6.7,6.7,1.0,0.0,0.0,0.0,0.06666666666666667,0.44666666666666666,2.0,13.893494137475788,0.0,0.0,0.0,0.0,0.13333333333333333,0.06666666666666667,0.0,0.0,1.0,12.587356803209147,0.0,0.0,0.0,2.0,0.06666666666666667,0.2,-0.2,-2.3355555555555556,1.0,11.643699800665662,0.0,0.0,0.0,0.0,0.06666666666666667,0.0,0.0,0.0,2.0,3.6828132626411256,1.625,3.25,1.0,0.0,0.06666666666666667,0.0,0.06666666666666667,0.10833333333333334,1.0,11.304131381897133,0.0,0.0,0.0,2.0,0.06666666666666667,0.2,-0.2,-2.2777777777777777,1.0,13.310941352050143,0.0,0.0,0.0,0.0,0.06666666666666667,0.0,0.0,0.0,7.0,1.29558449693822,29.942857142857143,55.35,6.0,0.0,0.06666666666666667,0.0,0.06666666666666667,0.5734126984126983,1.0,0.0,21.3,21.3,1.0,0.0,0.0,0.0,0.0,1.0,1.0,0.0,1.95,1.95,1.0,0.0,0.0,0.0,0.06666666666666667,0.13,5.0,4.835892084700962,15.219999999999999,39.55,3.0,0.0,0.13333333333333333,0.0,0.06666666666666667,0.29244444444444434,2.0,4.248131661117031,12.15,24.3,1.0,0.0,0.06666666666666667,0.0,0.0,0.18999999999999997,1.0,0.0,3.0,4.066666666666666,0.0,0.0,0.0,0.0,4.0,6.875,1.0,2.25,0.0,0.0,3.0,0.0,2.0,18.15,0.0,0.0,2.0,0.0,2.0,19.65
emergency_response_seed1,emergency_response,1,617.25,632.25,34.0,6.300860458115784,10.505882352941176,14.0,3.75,1.0,0.0,7.7,7.7,1.0,0.0,0.0,0.0,0.06666666666666667,0.5133333333333333,2.0,13.861831653225403,0.0,0.0,0.0,0.0,0.13333333333333333,0.06666666666666667,0.0,0.0,1.0,12.571436875873802,0.0,0.0,0.0,2.0,0.06666666666666667,0.2,-0.2,-2.402222222222222,1.0,11.596759617875966,0.0,0.0,0.0,0.0,0.06666666666666667,0.0,0.0,0.0,2.0,2.383386659164961,2.125,4.25,1.0,0.0,0.06666666666666667,0.0,0.06666666666666667,0.14166666666666666,1.0,11.9986597905471,0.0,0.0,0.0,2.0,0.06666666666666667,0.2,-0.2,-2.344444444444444,1.0,13.262450185776546,0.0,0.0,0.0,0.0,0.06666666666666667,0.0,0.0,0.0,8.0,1.549953168687522,26.95,56.35,6.0,0.0,0.13333333333333333,0.0,0.06666666666666667,0.31833333333333325,2.0,0.06388969295070274,11.15,22.3,1.0,0.0,0.06666666666666667,0.0,0.0,0.2566666666666667,1.0,0.0,2.95,2.95,1.0,0.0,0.0,0.0,0.06666666666666667,0.19666666666666668,5.0,5.348056793410542,15.819999999999999,40.55,3.0,0.0,0.13333333333333333,0.0,0.06666666666666667,0.2879999999999999,2.0,5.223725181294685,12.65,25.3,1.0,0.0,0.06666666666666667,0.0,0.0,0.15666666666666665,1.0,0.0,3.0,4.733333333333333,0.0,0.0,0.0,0.0,4.0,7.375,1.0,3.25,0.0,0.0,3.0,0.0,2.0,18.65,0.0,0.0,1.0,0.0,2.0,20.15
emergency_response_seed1,emergency_response,1,618.25,633.25,34.0,6.526392960908484,10.91764705882353,14.0,2.75,1.0,0.0,8.7,8.7,1.0,0.0,0.0,0.0,0.06666666666666667,0.58,2.0,13.830453030452507,0.0,0.0,0.0,0.0,0.13333333333333333,0.06666666666666667,0.0,0.0,1.0,12.578753099156634,0.0,0.0,0.0,2.0,0.06666666666666667,0.2,-0.2,-2.468888888888889,1.0,11.603521399377085,0.0,0.0,0.0,0.0,0.06666666666666667,0.0,0.0,0.0,2.0,1.3498329712093753,2.625,5.25,1.0,0.0,0.06666666666666667,0.0,0.06666666666666667,0.175,1.0,11.975696248244494,0.0,0.0,0.0,2.0,0.06666666666666667,0.2,-0.2,-2.411111111111111,1.0,13.3101555690424,0.0,0.0,0.0,0.0,0.06666666666666667,0.0,0.0,0.0,8.0,1.984841672248164,27.7,57.35,6.0,0.0,0.13333333333333333,0.0,0.06666666666666667,0.31277777777777754,2.0,1.1872456113338952,11.65,23.3,1.0,0.0,0.06666666666666667,0.0,0.0,0.2233333333333333,1.0,0.0,3.95,3.95,1.0,0.0,0.0,0.0,0.06666666666666667,0.26333333333333336,5.0,5.629902577610045,16.419999999999998,41.55,3.0,0.0,0.13333333333333333,0.0,0.0,0.2702222222222221,2.0,6.153468321157823,13.15,26.3,1.0,0.0,0.06666666666666667,0.0,0.0,0.12333333333333331,1.0,0.0,3.0,5.3999999999999995,0.0,0.0,0.0,0.0,4.0,7.875,1.0,4.25,0.0,0.0,3.0,0.0,2.0,19.15,0.0,0.0,1.0,0.0,2.0,20.924999999999997
emergency_response_seed1,emergency_response,1,619.25,634.25,34.0,6.533911294654343,11.329411764705881,14.0,1.75,1.0,0.0,9.7,9.7,1.0,0.0,0.0,0.0,0.06666666666666667,0.6466666666666666,2.0,13.831357363261308,0.0,0.0,0.0,0.0,0.13333333333333333,0.06666666666666667,0.0,0.0,1.0,12.604829987335576,0.0,0.0,0.0,2.0,0.06666666666666667,0.2,-0.2,-2.5355555555555553,1.0,8.067823366280342,0.0,0.0,0.0,0.0,0.06666666666666667,0.0,0.0,0.0,2.0,0.6522408598102075,3.125,6.25,1.0,0.0,0.0,0.0,0.06666666666666667,0.20833333333333334,1.0,11.976413719290868,0.0,0.0,0.0,2.0,0.06666666666666667,0.2,-0.2,-2.4777777777777774,1.0,13.27641777292578,0.0,0.0,0.0,0.0,0.06666666666666667,0.0,0.0,0.0,8.0,2.2630906370627315,28.45,58.35,6.0,0.0,0.13333333333333333,0.0,0.06666666666666667,0.30722222222222206,2.0,2.193101690831563,12.15,24.3,1.0,0.0,0.06666666666666667,0.0,0.0,0.18999999999999997,1.0,0.0,4.95,4.95,1.0,0.0,0.0,0.0,0.06666666666666667,0.33,5.0,5.433188258234016,17.02,42.55,3.0,0.0,0.13333333333333333,0.0,0.0,0.2435555555555555,2.0,6.9300248639617354,13.65,27.3,1.0,0.0,0.06666666666666667,0.0,0.0,0.08999999999999998,1.0,0.0,3.0,6.066666666666666,1.0,0.0,1.0,0.0,4.0,8.375,1.0,5.25,0.0,0.0,3.0,0.0,2.0,19.65,1.0,0.0,1.0,0.0,2.0,21.924999999999997
emergency_response_seed1,emergency_response,1,620.25,635.25,34.0,6.491710234627456,11.741176470588234,14.0,0.75,1.0,0.0,10.7,10.7,1.0,0.0,0.0,0.0,0.06666666666666667,0.7133333333333333,2.0,13.86986587284887,0.0,0.0,0.0,0.0,0.13333333333333333,0.06666666666666667,0.0,0.0,1.0,12.59421908049993,0.0,0.0,0.0,2.0,0.0,0.2,-0.2,-1.9516666666666667,1.0,3.568008398806305,0.0,0.0,0.0,0.0,0.0,0.0,0.0,0.0,2.0,0.2778329423417916,3.625,7.25,1.0,0.0,0.0,0.0,0.06666666666666667,0.24166666666666667,1.0,11.984617458803113,0.0,0.0,0.0,2.0,0.06666666666666667,0.2,-0.2,-2.5444444444444443,1.0,13.28834130294956,0.0,0.0,0.0,0.0,0.06666666666666667,0.0,0.0,0.0,8.0,2.5336799989635743,29.2,59.35,6.0,0.0,0.13333333333333333,0.0,0.06666666666666667,0.3016666666666666,2.0,3.1023334229752324,12.65,25.3,1.0,0.0,0.06666666666666667,0.0,0.0,0.15666666666666665,1.0,0.0,5.95,5.95,1.0,0.0,0.0,0.0,0.06666666666666667,0.39666666666666667,5.0,5.284401975409463,17.619999999999997,43.55,3.0,0.0,0.13333333333333333,0.0,0.0,0.2168888888888887,2.0,6.929021885265829,14.15,28.3,1.0,0.0,0.06666666666666667,0.0,0.0,0.05666666666666664,1.0,0.0,3.0,6.733333333333333,1.0,0.0,1.0,0.0,4.0,8.875,1.0,6.25,0.0,0.0,2.0,0.0,2.0,20.15,1.0,0.0,1.0,0.0,2.0,22.924999999999997
emergency_response_seed1,emergency_response,1,621.25,636.25,34.0,6.2665084016635495,12.160294117647059,15.0,2.75,1.0,0.0,11.7,11.7,1.0,0.0,0.0,0.0,0.06666666666666667,0.7799999999999999,2.0,10.021553437351475,0.0,0.0,0.0,0.0,0.13333333333333333,0.0,0.0,0.0,1.0,12.630177,0.0,0.0,0.0,1.0,0.0,0.2,-0.2,-2.0016666666666665,1.0,0.0,0.25,0.25,1.0,0.0,0.0,0.0,0.06666666666666667,0.016666666666666666,2.0,0.10869481103724797,4.125,8.25,1.0,0.0,0.0,0.0,0.06666666666666667,0.275,1.0,11.972461824801284,0.0,0.0,0.0,1.0,0.06666666666666667,0.2,-0.2,-2.611111111111111,1.0,13.313861883007778,0.0,0.0,0.0,0.0,0.06666666666666667,0.0,0.0,0.0,8.0,2.8071131405043475,29.95,60.35,6.0,0.0,0.13333333333333333,0.0,0.06666666666666667,0.2961111111111109,2.0,4.0621301844684305,13.15,26.3,1.0,0.0,0.06666666666666667,0.0,0.0,0.12333333333333331,1.0,0.0,6.95,6.95,1.0,0.0,0.0,0.0,0.06666666666666667,0.4633333333333333,5.0,5.159989575973165,18.22,44.55,3.0,0.0,0.13333333333333333,0.0,0.0,0.19022222222222213,2.0,6.94290327602299,14.65,29.3,1.0,0.0,0.06666666666666667,0.0,0.0,0.02333333333333331,1.0,0.0,4.0,5.55,1.0,0.0,1.0,0.0,4.0,9.375,1.0,7.25,0.0,0.0,2.0,0.0,2.0,20.65,1.0,0.0,1.0,0.0,2.0,23.924999999999997
emergency_response_seed1,emergency_response,1,622.25,637.25,34.0,5.995261067920977,12.608823529411765,16.0,1.75,1.0,0.0,12.7,12.7,1.0,0.0,0.0,0.0,0.06666666666666667,0.8466666666666666,2.0,6.141146352027846,0.0,0.0,0.0,0.0,0.13333333333333333,0.0,0.0,0.0,0.0,0.0,0.0,0.0,0.0,1.0,0.0,0.26666666666666666,-0.2,-2.0516666666666667,1.0,0.0,1.25,1.25,1.0,0.0,0.0,0.0,0.06666666666666667,0.08333333333333333,2.0,0.03971861262826976,4.75,9.25,2.0,0.0,0.0,0.0,0.13333333333333333,0.31666666666666665,1.0,11.978817018487025,0.0,0.0,0.0,1.0,0.06666666666666667,0.2,-0.2,-2.6777777777777776,1.0,13.266429507344585,0.0,0.0,0.0,0.0,0.06666666666666667,0.0,0.0,0.0,8.0,3.099903186182057,30.7,61.35,6.0,0.0,0.13333333333333333,0.0,0.06666666666666667,0.2905555555555554,2.0,5.003124777613881,13.65,27.3,1.0,0.0,0.06666666666666667,0.0,0.0,0.08999999999999998,1.0,0.0,7.95,7.95,1.0,0.0,0.0,0.0,0.06666666666666667,0.53,5.0,4.163261815108903,18.82,45.55,3.0,0.0,0.13333333333333333,0.0,0.0,0.16355555555555554,2.0,6.9286248009954585,15.15,30.3,1.0,0.0,0.06666666666666667,0.0,0.0,-0.010000000000000024,1.0,0.0,5.0,4.84,1.0,0.0,1.0,0.0,4.0,9.875,1.0,8.25,0.0,0.0,1.0,0.0,2.0,21.15,1.0,0.0,1.0,0.0,2.0,24.924999999999997
emergency_response_seed1,emergency_response,1,623.25,638.25,36.0,5.369092239994481,12.352777777777778,16.0,0.75,2.0,0.7145587563803477,6.85,13.7,1.0,0.0,0.06666666666666667,0.0,0.06666666666666667,0.45666666666666667,2.0,2.4527923849030397,0.0,0.0,0.0,0.0,0.13333333333333333,0.0,0.0,0.0,0.0,0.0,0.0,0.0,0.0,1.0,0.0,0.26666666666666666,-0.2,-2.1016666666666666,1.0,0.0,2.25,2.25,1.0,0.0,0.0,0.0,0.06666666666666667,0.15,3.0,0.33776209835073107,3.8333333333333335,10.25,2.0,0.0,0.06666666666666667,0.0,0.13333333333333333,0.2555555555555556,1.0,11.98085264924448,0.0,0.0,0.0,1.0,0.06666666666666667,0.2,-0.2,-2.7444444444444445,1.0,9.277272179461654,0.0,0.0,0.0,0.0,0.06666666666666667,0.0,0.0,0.0,8.0,3.2132681032576436,31.45,62.35,6.0,0.0,0.13333333333333333,0.0,0.06666666666666667,0.2849999999999999,2.0,6.009493915423268,14.15,28.3,1.0,0.0,0.06666666666666667,0.0,0.0,0.05666666666666664,1.0,0.0,8.95,8.95,1.0,0.0,0.0,0.0,0.06666666666666667,0.5966666666666666,5.0,3.227275406492544,19.419999999999998,46.55,3.0,0.0,0.06666666666666667,0.0,0.0,0.4263333333333332,2.0,6.9154635255009635,15.65,31.3,1.0,0.0,0.06666666666666667,0.0,0.0,-0.043333333333333356,1.0,0.0,5.0,5.24,1.0,0.0,1.0,0.0,4.0,10.375,1.0,9.25,0.0,0.0,1.0,0.0,2.0,21.849999999999998,1.0,0.0,1.0,0.0,2.0,25.924999999999997
emergency_response_seed1,emergency_response,1,624.25,639.25,36.0,5.278930556079148,8.968055555555557,12.0,29.75,2.0,1.9915099560369696,0.0,0.0,0.0,2.0,0.06666666666666667,0.0,0.0,0.0,2.0,1.1223528423739118,0.475,0.95,1.0,0.0,0.13333333333333333,0.0,0.06666666666666667,0.03166666666666666,0.0,0.0,0.0,0.0,0.0,0.0,0.0,0.26666666666666666,-0.13333333333333333,-0.8716666666666666,1.0,0.6384388933516357,0.0,0.0,0.0,2.0,0.0,0.0,0.0,0.0,3.0,0.9111642178786575,4.5,11.25,2.0,0.0,0.06666666666666667,0.0,0.13333333333333333,0.3,1.0,11.990504158353433,0.0,0.0,0.0,0.0,0.06666666666666667,0.2,-0.13333333333333333,-1.1322222222222222,1.0,6.404667538409928,0.0,0.0,0.0,2.0,0.06666666666666667,0.0,0.0,0.0,8.0,2.9655619418947037,24.28125,59.5,5.0,2.0,0.13333333333333333,0.0,0.0,-0.24847222222222243,2.0,6.932922324147658,14.65,29.3,1.0,0.0,0.06666666666666667,0.0,0.0,0.02333333333333331,1.0,0.7665173756483276,0.0,0.0,0.0,2.0,0.0,0.0,0.0,0.0,5.0,2.5476284714013473,10.51,30.95,2.0,2.0,0.06666666666666667,0.0,-0.06666666666666667,-0.2176666666666666,2.0,6.940275776293711,16.15,32.3,1.0,0.0,0.06666666666666667,0.0,0.0,-0.07666666666666681,0.0,0.0,5.0,5.64,1.0,0.0,1.0,0.0,4.0,10.875,1.0,10.25,0.0,0.0,1.0,0.0,2.0,22.849999999999998,1.0,0.0,1.0,0.0,2.0,26.924999999999997
emergency_response_seed1,emergency_response,1,626.25,641.25,35.0,5.941121849946131,2.4585714285714286,5.0,27.75,1.0,7.301411855925871,0.0,0.0,0.0,2.0,0.06666666666666667,0.06666666666666667,-0.06666666666666667,-0.11333333333333333,2.0,0.13616374490132738,1.475,2.95,1.0,0.0,0.0,0.0,0.06666666666666667,0.09833333333333334,0.0,0.0,0.0,0.0,0.0,0.0,0.0,0.2,0.0,0.0,0.0,0.0,0.0,0.0,0.0,2.0,0.0,0.06666666666666667,0.0,0.0,3.0,2.0645936628681745,5.833333333333333,13.25,2.0,0.0,0.06666666666666667,0.0,0.13333333333333333,0.3888888888888889,1.0,11.181271804537905,0.0,0.0,0.0,0.0,0.0,0.13333333333333333,0.0,0.0,0.0,0.0,0.0,0.0,0.0,2.0,0.0,0.06666666666666667,0.0,0.0,7.0,3.831572749420332,0.0,0.0,0.0,2.0,0.06666666666666667,0.06666666666666667,-0.4,-1.7104761904761903,2.0,6.924076520999661,15.65,31.3,1.0,0.0,0.06666666666666667,0.0,0.0,-0.043333333333333356,0.0,0.0,0.0,0.0,0.0,2.0,0.0,0.06666666666666667,0.0,0.0,4.0,3.2130105638464865,0.0,0.0,0.0,2.0,0.06666666666666667,0.06666666666666667,-0.2,-1.0183333333333333,2.0,4.780630777792292,17.15,34.3,1.0,0.0,0.06666666666666667,0.0,0.0,-0.14333333333333348,0.0,0.0,5.0,6.44,1.0,0.0,1.0,0.0,4.0,11.875,2.0,6.125,0.0,0.0,1.0,0.0,2.0,24.849999999999998,1.0,0.0,1.0,0.0,2.0,28.924999999999997
emergency_response_seed1,emergency_response,1,627.25,642.25,35.0,6.352744514868342,2.6085714285714285,6.0,26.75,1.0,9.286576629716052,0.0,0.0,0.0,2.0,0.06666666666666667,0.06666666666666667,-0.06666666666666667,-0.18000000000000002,2.0,0.038586029246909855,2.1,3.95,2.0,0.0,0.0,0.0,0.13333333333333333,0.14,0.0,0.0,0.0,0.0,0.0,0.0,0.0,0.2,0.0,0.0,0.0,0.0,0.0,0.0,0.0,2.0,0.0,0.06666666666666667,0.0,0.0,3.0,2.6340554407122663,6.5,14.25,2.0,0.0,0.06666666666666667,0.0,0.13333333333333333,0.43333333333333335,1.0,7.185027569210596,0.0,0.0,0.0,0.0,0.0,0.06666666666666667,0.0,0.0,0.0,0.0,0.0,0.0,0.0,2.0,0.0,0.06666666666666667,0.0,0.0,6.0,4.163310923101208,0.0,0.0,0.0,2.0,0.06666666666666667,0.13333333333333333,-0.4,-1.7676190476190474,2.0,6.932500186870457,16.15,32.3,1.0,0.0,0.06666666666666667,0.0,0.0,-0.07666666666666681,0.0,0.0,0.0,0.0,0.0,2.0,0.0,0.06666666666666667,0.0,0.0,3.0,3.7620406330488976,0.0,0.0,0.0,2.0,0.0,0.13333333333333333,-0.2,-0.8546666666666666,2.0,3.300154889073746,17.65,35.3,1.0,0.0,0.0,0.0,0.0,0.4999999999999999,0.0,0.0,5.0,6.840000000000001,1.0,0.0,1.0,0.0,5.0,9.9,2.0,6.625,0.0,0.0,1.0,0.0,2.0,25.849999999999998,1.0,0.0,1.0,0.0,2.0,29.924999999999997
emergency_response_seed1,emergency_response,1,628.25,643.25,35.0,6.573011324901732,2.78,6.0,25.75,1.0,11.306332280601698,0.0,0.0,0.0,2.0,0.06666666666666667,0.06666666666666667,-0.06666666666666667,-0.24666666666666667,3.0,0.3761035402515825,2.066666666666667,4.95,2.0,0.0,0.06666666666666667,0.0,0.13333333333333333,0.1377777777777778,0.0,0.0,0.0,0.0,0.0,0.0,0.0,0.13333333333333333,0.0,0.0,0.0,0.0,0.0,0.0,0.0,2.0,0.0,0.06666666666666667,0.0,0.0,3.0,3.185755501655312,7.166666666666667,15.25,2.0,0.0,0.06666666666666667,0.0,0.06666666666666667,0.46944444444444444,1.0,3.1851972875549635,0.0,0.0,0.0,0.0,0.0,0.06666666666666667,0.0,0.0,0.0,0.0,0.0,0.0,0.0,2.0,0.0,0.06666666666666667,0.0,0.0,5.0,4.48555765840684,0.0,0.0,0.0,2.0,0.06666666666666667,0.2,-0.4,-1.8247619047619046,2.0,6.916419058913016,16.65,33.3,1.0,0.0,0.06666666666666667,0.0,0.0,-0.11000000000000014,0.0,0.0,0.0,0.0,0.0,2.0,0.0,0.06666666666666667,0.0,0.0,3.0,5.0573067945199215,0.0,0.0,0.0,2.0,0.0,0.13333333333333333,-0.2,-0.8946666666666665,2.0,2.069890585744444,18.15,36.3,1.0,0.0,0.0,0.0,0.0,0.4999999999999999,0.0,0.0,5.0,7.24,1.0,0.0,1.0,0.0,5.0,10.3,2.0,7.125,1.0,0.0,2.0,0.0,2.0,26.849999999999998,1.0,0.0,1.0,0.0,2.0,30.924999999999997
emergency_response_seed1,emergency_response,1,629.25,644.25,34.0,7.139362926485866,3.0455882352941175,7.0,24.75,1.0,13.14382993811822,0.0,0.0,0.0,2.0,0.06666666666666667,0.06666666666666667,-0.06666666666666667,-0.31333333333333335,3.0,1.065049527637233,2.733333333333333,5.95,2.0,0.0,0.06666666666666667,0.0,0.13333333333333333,0.1822222222222222,0.0,0.0,0.0,0.0,0.0,0.0,0.0,0.06666666666666667,0.0,0.0,0.0,0.0,0.0,0.0,0.0,2.0,0.0,0.06666666666666667,0.0,0.0,3.0,3.751948638477778,7.833333333333333,16.25,2.0,0.0,0.06666666666666667,0.0,0.06666666666666667,0.4805555555555555,1.0,0.0,0.25,0.25,1.0,0.0,0.0,0.0,0.06666666666666667,0.016666666666666666,0.0,0.0,0.0,0.0,0.0,2.0,0.0,0.06666666666666667,0.0,0.0,5.0,5.233458872899753,0.0,0.0,0.0,2.0,0.06666666666666667,0.2,-0.4,-1.8819047619047617,2.0,6.927820211142535,17.15,34.3,1.0,0.0,0.06666666666666667,0.0,0.0,-0.14333333333333348,0.0,0.0,0.0,0.0,0.0,2.0,0.0,0.06666666666666667,0.0,0.0,2.0,5.973880688865112,0.0,0.0,0.0,2.0,0.0,0.2,-0.2,-0.9346666666666666,2.0,1.1324108283868746,18.65,37.3,1.0,0.0,0.0,0.0,0.0,0.4999999999999999,0.0,0.0,5.0,7.640000000000001,1.0,0.0,1.0,0.0,5.0,10.7,2.0,7.625,1.0,0.0,2.0,0.0,2.0,27.849999999999998,1.0,0.0,1.0,0.0,2.0,31.924999999999997
emergency_response_seed1,emergency_response,1,630.25,645.25,36.0,7.904460329765651,3.0708333333333333,7.0,23.75,1.0,13.83919900377281,0.0,0.0,0.0,2.0,0.06666666666666667,0.06666666666666667,-0.06666666666666667,-0.38,3.0,1.7562096907389062,3.4,6.95,2.0,0.0,0.06666666666666667,0.0,0.13333333333333333,0.22666666666666666,0.0,0.0,0.0,0.0,0.0,0.0,0.0,0.06666666666666667,0.0,0.0,0.0,0.0,0.0,0.0,0.0,2.0,0.0,0.06666666666666667,0.0,0.0,4.0,3.9811105889578102,6.375,17.25,2.0,0.0,0.13333333333333333,0.0,0.06666666666666667,0.35,1.0,0.0,1.25,1.25,1.0,0.0,0.0,0.0,0.06666666666666667,0.08333333333333333,0.0,0.0,0.0,0.0,0.0,2.0,0.0,0.06666666666666667,0.0,0.0,4.0,5.851154578445199,0.0,0.0,0.0,2.0,0.06666666666666667,0.26666666666666666,-0.4,-1.9390476190476191,2.0,6.668829114266129,17.65,35.3,1.0,0.0,0.06666666666666667,0.0,0.0,-0.1766666666666668,0.0,0.0,0.0,0.0,0.0,2.0,0.0,0.06666666666666667,-0.06666666666666667,-0.06333333333333332,3.0,7.564661477739125,0.0,0.0,0.0,2.0,0.06666666666666667,0.2,-0.2,-0.9746666666666666,2.0,0.5248679993095791,19.15,38.3,1.0,0.0,0.0,0.0,0.0,0.4999999999999999,0.0,0.0,5.0,8.040000000000001,1.0,0.0,0.0,0.0,5.0,11.1,2.0,8.125,1.0,0.0,2.0,0.0,2.0,28.849999999999998,1.0,0.0,0.0,0.0,2.0,32.925
emergency_response_seed1,emergency_response,1,631.25,646.25,35.0,8.158577807159906,3.3585714285714285,7.0,22.75,1.0,13.825245142715286,0.0,0.0,0.0,2.0,0.06666666666666667,0.06666666666666667,-0.06666666666666667,-0.44666666666666666,3.0,2.413443961287705,4.066666666666666,7.95,2.0,0.0,0.06666666666666667,0.0,0.13333333333333333,0.2711111111111111,0.0,0.0,0.0,0.0,0.0,0.0,0.0,0.06666666666666667,0.0,0.0,0.0,0.0,0.0,0.0,0.0,2.0,0.0,0.06666666666666667,0.0,0.0,4.0,4.537046855578071,6.875,18.25,2.0,0.0,0.13333333333333333,0.0,0.06666666666666667,0.35,1.0,0.0,2.25,2.25,1.0,0.0,0.0,0.0,0.06666666666666667,0.15,0.0,0.0,0.0,0.0,0.0,2.0,0.0,0.06666666666666667,0.0,0.0,3.0,6.116393825439886,0.0,0.0,0.0,2.0,0.06666666666666667,0.3333333333333333,-0.4,-1.9961904761904763,2.0,5.035038730762455,18.15,36.3,1.0,0.0,0.06666666666666667,0.0,0.0,-0.21000000000000013,0.0,0.0,0.0,0.0,0.0,2.0,0.0,0.06666666666666667,-0.06666666666666667,-0.13,2.0,9.0089992753648,0.0,0.0,0.0,2.0,0.06666666666666667,0.26666666666666666,-0.2,-1.0146666666666666,2.0,0.21776491049836405,19.65,39.3,1.0,0.0,0.0,0.0,0.0,0.4999999999999999,0.0,0.0,6.0,7.033333333333334,1.0,0.0,0.0,0.0,5.0,11.55,2.0,8.625,1.0,0.0,1.0,0.0,2.0,29.849999999999998,1.0,0.0,0.0,0.0,2.0,33.925
emergency_response_seed1,emergency_response,1,632.25,647.25,34.0,8.273374604397345,3.663235294117647,7.0,21.75,1.0,13.886108661255568,0.0,0.0,0.0,2.0,0.06666666666666667,0.06666666666666667,-0.06666666666666667,-0.5133333333333333,3.0,3.042997992756145,4.733333333333333,8.95,2.0,0.0,0.06666666666666667,0.0,0.13333333333333333,0.31555555555555553,0.0,0.0,0.0,0.0,0.0,0.0,0.0,0.06666666666666667,0.0,0.0,0.0,0.0,0.0,0.0,0.0,2.0,0.0,0.06666666666666667,0.0,0.0,4.0,5.070411895291067,7.375,19.25,2.0,0.0,0.13333333333333333,0.0,0.06666666666666667,0.35,1.0,0.0,3.25,3.25,1.0,0.0,0.0,0.0,0.06666666666666667,0.21666666666666667,0.0,0.0,0.0,0.0,0.0,2.0,0.0,0.06666666666666667,0.0,0.0,3.0,6.918268791480574,0.0,0.0,0.0,2.0,0.0,0.3333333333333333,-0.4,-1.7966666666666666,2.0,3.5409660936029157,18.65,37.3,1.0,0.0,0.0,0.0,0.0,0.4999999999999999,0.0,0.0,0.0,0.0,0.0,2.0,0.0,0.06666666666666667,-0.06666666666666667,-0.19666666666666668,1.0,10.986846987782393,0.0,0.0,0.0,2.0,0.06666666666666667,0.3333333333333333,-0.2,-1.0546666666666666,2.0,0.08308642168046937,20.15,40.3,1.0,0.0,0.0,0.0,0.0,0.4999999999999999,0.0,0.0,6.0,7.366666666666667,1.0,0.0,0.0,0.0,5.0,12.15,2.0,9.125,1.0,0.0,1.0,0.0,2.0,30.849999999999998,0.0,0.0,0.0,0.0,2.0,34.925
emergency_response_seed1,emergency_response,1,633.25,648.25,34.0,8.455578053521648,3.885294117647059,8.0,20.75,1.0,13.88996992633678,0.0,0.0,0.0,2.0,0.06666666666666667,0.06666666666666667,-0.06666666666666667,-0.58,3.0,3.665431897122749,5.3999999999999995,9.95,2.0,0.0,0.06666666666666667,0.0,0.13333333333333333,0.36,0.0,0.0,0.0,0.0,0.0,0.0,0.0,0.06666666666666667,0.0,0.0,0.0,0.0,0.0,0.0,0.0,2.0,0.0,0.06666666666666667,0.0,0.0,4.0,5.660404152842709,7.875,20.25,2.0,0.0,0.13333333333333333,0.0,0.06666666666666667,0.35,1.0,0.0,4.25,4.25,1.0,0.0,0.0,0.0,0.06666666666666667,0.2833333333333333,0.0,0.0,0.0,0.0,0.0,2.0,0.0,0.06666666666666667,0.0,0.0,3.0,7.590962668198262,0.0,0.0,0.0,2.0,0.06666666666666667,0.4,-0.4,-1.8466666666666667,2.0,2.256565700138391,19.15,38.3,1.0,0.0,0.0,0.0,0.0,0.4999999999999999,0.0,0.0,0.0,0.0,0.0,2.0,0.0,0.06666666666666667,-0.06666666666666667,-0.26333333333333336,1.0,11.98192537795985,0.0,0.0,0.0,2.0,0.06666666666666667,0.3333333333333333,-0.2,-1.0946666666666665,2.0,0.030034722364761013,20.924999999999997,41.3,2.0,0.0,0.0,0.0,0.06666666666666667,0.5183333333333331,0.0,0.0,6.0,7.7,1.0,0.5,0.0,0.0,5.0,12.75,2.0,9.625,1.0,0.0,1.0,0.0,2.0,31.849999999999998,0.0,0.0,1.0,0.0,3.0,23.95
emergency_response_seed1,emergency_response,1,634.25,649.25,37.0,9.156852776056551,3.7864864864864862,8.0,19.75,1.0,13.88162793389056,0.0,0.0,0.0,2.0,0.06666666666666667,0.06666666666666667,-0.06666666666666667,-0.6466666666666666,3.0,4.022372819893311,6.066666666666666,10.95,2.0,0.0,0.06666666666666667,0.0,0.13333333333333333,0.40444444444444444,1.0,13.709645633303568,0.0,0.0,0.0,0.0,0.06666666666666667,0.06666666666666667,0.0,0.0,1.0,15.280196848277003,0.0,0.0,0.0,2.0,0.06666666666666667,0.06666666666666667,0.0,0.0,4.0,5.974755522240459,8.375,21.25,2.0,0.0,0.13333333333333333,0.0,0.06666666666666667,0.35,1.0,0.0,5.25,5.25,1.0,0.0,0.0,0.0,0.06666666666666667,0.35,0.0,0.0,0.0,0.0,0.0,2.0,0.0,0.06666666666666667,0.0,0.0,3.0,8.721486136002303,0.0,0.0,0.0,2.0,0.06666666666666667,0.4,-0.4,-1.8966666666666667,2.0,1.2538326624732494,19.65,39.3,1.0,0.0,0.0,0.0,0.0,0.4999999999999999,1.0,13.048856213623708,0.0,0.0,0.0,2.0,0.06666666666666667,0.06666666666666667,-0.06666666666666667,-0.33,1.0,11.994047892624513,0.0,0.0,0.0,2.0,0.06666666666666667,0.3333333333333333,-0.2,-1.1346666666666667,2.0,0.010910299977442571,21.924999999999997,42.3,2.0,0.0,0.0,0.0,0.06666666666666667,0.5516666666666664,0.0,0.0,6.0,8.049999999999999,1.0,1.5,0.0,0.0,5.0,13.35,2.0,10.125,1.0,0.0,1.0,0.0,2.0,32.85,0.0,0.0,1.0,0.0,3.0,24.616666666666664
emergency_response_seed1,emergency_response,1,635.25,650.25,36.0,9.195477847955829,4.113888888888889,8.0,18.75,1.0,13.832598745898578,0.0,0.0,0.0,2.0,0.06666666666666667,0.06666666666666667,-0.06666666666666667,-0.7133333333333333,3.0,4.0050236736910945,6.733333333333333,11.95,2.0,0.0,0.06666666666666667,0.0,0.13333333333333333,0.4488888888888889,1.0,13.723769214981708,0.0,0.0,0.0,0.0,0.06666666666666667,0.06666666666666667,0.0,0.0,1.0,16.56166495926306,0.0,0.0,0.0,2.0,0.06666666666666667,0.06666666666666667,0.0,0.0,4.0,5.962117277459747,8.875,22.25,2.0,0.0,0.13333333333333333,0.0,0.06666666666666667,0.35,1.0,0.0,6.25,6.25,1.0,0.0,0.0,0.0,0.06666666666666667,0.4166666666666667,0.0,0.0,0.0,0.0,0.0,2.0,0.0,0.06666666666666667,0.0,0.0,2.0,10.327337941272699,0.0,0.0,0.0,2.0,0.06666666666666667,0.4666666666666667,-0.4,-1.9466666666666665,2.0,0.6025965983997719,20.15,40.3,1.0,0.0,0.0,0.0,0.0,0.4999999999999999,1.0,13.053110088580338,0.0,0.0,0.0,2.0,0.06666666666666667,0.06666666666666667,-0.06666666666666667,-0.39666666666666667,1.0,11.980538838242646,0.0,0.0,0.0,2.0,0.06666666666666667,0.3333333333333333,-0.2,-1.1746666666666665,2.0,0.0039015406615510325,22.924999999999997,43.3,2.0,0.0,0.0,0.0,0.06666666666666667,0.5849999999999997,1.0,0.0,6.0,8.549999999999999,1.0,2.5,0.0,0.0,5.0,14.1,2.0,10.625,1.0,0.0,1.0,0.0,2.0,33.85,0.0,0.0,1.0,0.0,3.0,25.28333333333333
emergency_response_seed1,emergency_response,1,636.25,651.25,37.0,9.18293644109868,4.218918918918919,8.0,17.75,1.0,13.879483054277953,0.0,0.0,0.0,2.0,0.06666666666666667,0.06666666666666667,-0.06666666666666667,-0.7799999999999999,4.0,4.270150293015668,5.55,12.95,2.0,0.0,0.13333333333333333,0.0,0.13333333333333333,0.37,1.0,13.707171383394867,0.0,0.0,0.0,0.0,0.06666666666666667,0.06666666666666667,0.0,0.0,1.0,16.570988964520396,0.0,0.0,0.0,2.0,0.06666666666666667,0.06666666666666667,-0.06666666666666667,-0.016666666666666666,4.0,5.969333080792723,9.375,23.25,2.0,0.0,0.13333333333333333,0.0,0.06666666666666667,0.35,1.0,0.0,7.25,7.25,1.0,0.0,0.0,0.0,0.06666666666666667,0.48333333333333334,0.0,0.0,0.0,0.0,0.0,2.0,0.0,0.06666666666666667,0.0,0.0,2.0,11.344989421753603,0.0,0.0,0.0,2.0,0.06666666666666667,0.4666666666666667,-0.4,-1.9966666666666666,2.0,0.2548309632677583,20.65,41.3,1.0,0.0,0.0,0.0,0.0,0.4999999999999999,1.0,13.105005735093778,0.0,0.0,0.0,2.0,0.06666666666666667,0.06666666666666667,-0.06666666666666667,-0.4633333333333333,1.0,11.995216562740971,0.0,0.0,0.0,2.0,0.06666666666666667,0.3333333333333333,-0.2,-1.2146666666666666,2.0,0.0014340886901767404,23.924999999999997,44.3,2.0,0.0,0.0,0.0,0.06666666666666667,0.6183333333333331,1.0,0.0,6.0,9.049999999999999,1.0,3.5,0.0,0.0,5.0,14.9,2.0,11.125,1.0,0.0,1.0,0.0,2.0,34.85,0.0,0.0,1.0,0.0,3.0,25.95
emergency_response_seed1,emergency_response,1,637.25,652.25,38.0,9.1469427527318,4.318421052631579,8.0,16.75,1.0,13.885654434104218,0.0,0.0,0.0,2.0,0.06666666666666667,0.06666666666666667,-0.06666666666666667,-0.8466666666666666,5.0,4.618826957237164,4.84,13.95,2.0,0.0,0.2,0.0,0.13333333333333333,0.32266666666666666,1.0,13.736350374459995,0.0,0.0,0.0,0.0,0.06666666666666667,0.0,0.0,0.0,1.0,16.625723546184602,0.0,0.0,0.0,2.0,0.06666666666666667,0.06666666666666667,-0.06666666666666667,-0.08333333333333333,4.0,5.9043708225411,9.875,24.25,2.0,0.0,0.13333333333333333,0.0,0.0,0.3416666666666667,1.0,0.0,8.25,8.25,1.0,0.0,0.0,0.0,0.06666666666666667,0.55,0.0,0.0,0.0,0.0,0.0,2.0,0.0,0.06666666666666667,0.0,0.0,1.0,13.847796286048833,0.0,0.0,0.0,2.0,0.06666666666666667,0.5333333333333333,-0.4,-2.0466666666666664,2.0,0.09692614185037134,21.15,42.3,1.0,0.0,0.0,0.0,0.0,0.4999999999999999,1.0,13.10451505587674,0.0,0.0,0.0,2.0,0.06666666666666667,0.06666666666666667,-0.06666666666666667,-0.53,1.0,11.990370273753069,0.0,0.0,0.0,2.0,0.06666666666666667,0.3333333333333333,-0.2,-1.2546666666666666,2.0,0.0005181202547088349,24.924999999999997,45.3,2.0,0.0,0.0,0.0,0.06666666666666667,0.6516666666666665,1.0,0.0,6.0,9.549999999999999,1.0,4.5,0.0,0.0,5.0,15.7,2.0,11.625,1.0,0.0,2.0,0.0,3.0,23.900000000000002,0.0,0.0,1.0,0.0,3.0,26.616666666666664
emergency_response_seed1,emergency_response,1,638.25,653.25,38.0,9.15087660044378,4.5394736842105265,9.0,15.75,1.0,12.348484194911205,0.0,0.0,0.0,2.0,0.0,0.06666666666666667,-0.06666666666666667,-0.45666666666666667,5.0,5.193833497880144,5.24,14.95,2.0,0.0,0.2,0.0,0.13333333333333333,0.34933333333333333,1.0,13.691151888044093,0.0,0.0,0.0,0.0,0.06666666666666667,0.0,0.0,0.0,1.0,16.58993317400292,0.0,0.0,0.0,2.0,0.06666666666666667,0.06666666666666667,-0.06666666666666667,-0.15,4.0,5.242768042367302,10.375,25.25,2.0,0.0,0.06666666666666667,0.0,0.0,0.43611111111111106,1.0,0.0,9.25,9.25,1.0,0.0,0.0,0.0,0.06666666666666667,0.6166666666666667,0.0,0.0,0.0,0.0,0.0,2.0,0.0,0.06666666666666667,0.0,0.0,1.0,13.830412210064242,0.0,0.0,0.0,2.0,0.06666666666666667,0.5333333333333333,-0.4,-2.0966666666666667,2.0,0.034697565699265735,21.849999999999998,43.3,2.0,0.0,0.0,0.0,0.06666666666666667,0.5133333333333332,1.0,13.078393138018487,0.0,0.0,0.0,2.0,0.06666666666666667,0.06666666666666667,-0.06666666666666667,-0.5966666666666666,1.0,11.99631772281602,0.0,0.0,0.0,2.0,0.06666666666666667,0.3333333333333333,-0.2,-1.2946666666666666,2.0,0.00019088831304083816,25.924999999999997,46.3,2.0,0.0,0.0,0.0,0.06666666666666667,0.6849999999999998,1.0,0.0,6.0,10.049999999999999,1.0,5.5,0.0,0.0,5.0,16.5,2.0,12.125,1.0,0.0,2.0,0.0,3.0,24.566666666666666,0.0,0.0,2.0,0.0,3.0,27.28333333333333
emergency_response_seed1,emergency_response,1,639.25,654.25,37.0,9.022626080250706,4.905405405405405,9.0,14.75,0.0,0.0,0.0,0.0,0.0,2.0,0.0,0.13333333333333333,0.0,0.0,5.0,5.530450989960738,5.64,15.95,2.0,0.0,0.2,0.0,0.06666666666666667,0.3443333333333333,1.0,13.738722741715153,0.0,0.0,0.0,0.0,0.06666666666666667,0.0,0.0,0.0,1.0,16.62030800102279,0.0,0.0,0.0,2.0,0.06666666666666667,0.06666666666666667,0.0,0.0,4.0,4.636907460408843,10.875,26.25,2.0,0.0,0.06666666666666667,0.0,0.0,0.425,1.0,0.0,10.25,10.25,1.0,0.0,0.0,0.0,0.06666666666666667,0.6833333333333333,0.0,0.0,0.0,0.0,0.0,2.0,0.0,0.06666666666666667,0.0,0.0,1.0,13.887753893187037,0.0,0.0,0.0,2.0,0.06666666666666667,0.5333333333333333,-0.3333333333333333,-1.61875,2.0,0.012516389621753901,22.849999999999998,44.3,2.0,0.0,0.0,0.0,0.06666666666666667,0.5466666666666665,1.0,13.0933917677403,0.0,0.0,0.0,2.0,0.06666666666666667,0.06666666666666667,0.0,0.0,1.0,11.972640260977204,0.0,0.0,0.0,2.0,0.06666666666666667,0.3333333333333333,-0.13333333333333333,-0.7006666666666667,2.0,6.825975495509936e-05,26.924999999999997,47.3,2.0,0.0,0.0,0.0,0.06666666666666667,0.7183333333333333,1.0,0.0,6.0,10.549999999999999,1.0,6.5,0.0,0.0,5.0,17.3,2.0,12.625,1.0,0.0,2.0,0.0,3.0,25.23333333333333,0.0,0.0,2.0,0.0,3.0,27.95
emergency_response_seed1,emergency_response,1,643.25,658.25,38.0,8.614545241469134,5.723684210526316,9.0,10.75,0.0,0.0,0.0,0.0,0.0,2.0,0.0,0.06666666666666667,0.0,0.0,5.0,5.913979843648336,7.24,19.95,2.0,0.0,0.13333333333333333,0.0,0.0,0.3448888888888889,1.0,13.700906325006631,0.0,0.0,0.0,0.0,0.06666666666666667,0.0,0.0,0.0,1.0,16.603388681244105,0.0,0.0,0.0,2.0,0.06666666666666667,0.0,0.0,0.0,5.0,2.8113101230056685,10.3,30.25,2.0,0.0,0.13333333333333333,0.0,0.0,0.20888888888888893,2.0,2.607240316956674,7.125,14.25,1.0,0.0,0.06666666666666667,0.0,0.06666666666666667,0.475,1.0,13.844073170840275,0.0,0.0,0.0,2.0,0.06666666666666667,0.0,0.0,0.0,2.0,12.466228727738141,0.0,0.0,0.0,2.0,0.13333333333333333,0.3333333333333333,0.0,0.0,2.0,0.00022191656091328566,26.849999999999998,48.3,2.0,0.0,0.0,0.0,0.06666666666666667,0.6799999999999999,1.0,13.100375492833605,0.0,0.0,0.0,2.0,0.06666666666666667,0.0,0.0,0.0,1.0,11.983859828913118,0.0,0.0,0.0,2.0,0.06666666666666667,0.2,0.0,0.0,2.0,0.0,30.924999999999997,51.3,2.0,0.0,0.0,0.0,0.06666666666666667,0.8516666666666666,1.0,0.0,6.0,12.725000000000001,1.0,10.5,0.0,0.0,5.0,20.5,2.0,14.625,0.0,0.0,3.0,0.0,2.0,0.0,0.0,0.0,2.0,0.0,2.0,0.0
emergency_response_seed1,emergency_response,1,644.25,659.25,37.0,8.426261052065193,6.121621621621622,9.0,9.75,0.0,0.0,0.0,0.0,0.0,2.0,0.0,0.06666666666666667,0.0,0.0,5.0,5.397698239307232,7.640000000000001,20.95,2.0,0.0,0.13333333333333333,0.0,0.0,0.3271111111111112,1.0,13.740488749953926,0.0,0.0,0.0,0.0,0.06666666666666667,0.0,0.0,0.0,1.0,14.000583903993842,0.0,0.0,0.0,2.0,0.06666666666666667,0.0,0.0,0.0,5.0,2.591251771824038,10.7,31.25,2.0,0.0,0.13333333333333333,0.0,0.0,0.1911111111111111,2.0,3.598814825094674,7.625,15.25,1.0,0.0,0.06666666666666667,0.0,0.0,0.49166666666666664,1.0,13.866907297105064,0.0,0.0,0.0,2.0,0.06666666666666667,0.0,0.0,0.0,2.0,12.479376651507803,0.0,0.0,0.0,2.0,0.13333333333333333,0.3333333333333333,0.0,0.0,2.0,7.915833353924767e-05,27.849999999999998,49.3,2.0,0.0,0.0,0.0,0.06666666666666667,0.7133333333333333,1.0,13.064609582813041,0.0,0.0,0.0,2.0,0.06666666666666667,0.0,0.0,0.0,1.0,11.971749329979065,0.0,0.0,0.0,2.0,0.06666666666666667,0.13333333333333333,0.0,0.0,2.0,0.0,31.924999999999997,52.3,2.0,0.0,0.0,0.0,0.06666666666666667,0.8849999999999999,1.0,0.0,6.0,13.5,1.0,11.5,0.0,0.0,5.0,21.3,2.0,15.125,0.0,0.0,3.0,0.0,2.0,0.0,0.0,0.0,2.0,0.0,2.0,0.0
emergency_response_seed1,emergency_response,1,649.25,664.25,33.0,7.17063809079411,8.374242424242425,12.0,4.75,0.0,0.0,0.0,0.0,0.0,2.0,0.0,0.06666666666666667,0.0,0.0,6.0,5.43878197903981,8.049999999999999,25.95,3.0,0.0,0.2,0.0,0.06666666666666667,0.13222222222222216,1.0,0.0,1.5,1.5,1.0,0.0,0.0,0.0,0.06666666666666667,0.1,0.0,0.0,0.0,0.0,0.0,2.0,0.0,0.06666666666666667,0.0,0.0,5.0,2.746256275220813,13.35,36.25,3.0,0.0,0.06666666666666667,0.0,0.06666666666666667,0.33166666666666667,2.0,5.58534766068806,10.125,20.25,1.0,0.0,0.06666666666666667,0.0,0.0,0.325,1.0,13.858838129155338,0.0,0.0,0.0,2.0,0.06666666666666667,0.0,0.0,0.0,1.0,11.082608977176248,0.0,0.0,0.0,2.0,0.06666666666666667,0.2,0.0,0.0,2.0,0.0,32.85,54.3,2.0,0.0,0.0,0.0,0.06666666666666667,0.8800000000000002,0.0,0.0,0.0,0.0,0.0,2.0,0.0,0.06666666666666667,0.0,0.0,1.0,12.934594711412347,0.0,0.0,0.0,2.0,0.06666666666666667,0.06666666666666667,0.0,0.0,3.0,1.0228373834786617,24.616666666666664,57.3,2.0,0.0,0.06666666666666667,0.0,0.0,0.17944444444444443,1.0,1.25,6.0,17.725,2.0,8.25,1.0,0.0,7.0,18.75,2.0,18.2,0.0,0.0,3.0,1.3833333333333335,1.0,0.0,0.0,0.0,2.0,0.7,0.0,0.0
emergency_response_seed1,emergency_response,1,650.25,665.25,32.0,7.14447562593348,9.034375,13.0,3.75,1.0,14.330903598848135,0.0,0.0,0.0,2.0,0.06666666666666667,0.06666666666666667,0.0,0.0,6.0,5.056042445939158,8.549999999999999,26.95,3.0,0.0,0.2,0.0,0.06666666666666667,0.12111111111111103,1.0,0.0,2.5,2.5,1.0,0.0,0.0,0.0,0.06666666666666667,0.16666666666666666,0.0,0.0,0.0,0.0,0.0,2.0,0.0,0.06666666666666667,0.0,0.0,5.0,2.7375797976969705,14.1,37.25,4.0,0.0,0.06666666666666667,0.0,0.13333333333333333,0.34833333333333333,2.0,5.578254820020596,10.625,21.25,1.0,0.0,0.06666666666666667,0.0,0.0,0.2916666666666667,1.0,13.862466374196812,0.0,0.0,0.0,2.0,0.06666666666666667,0.0,0.0,0.0,1.0,11.108188122263178,0.0,0.0,0.0,2.0,0.06666666666666667,0.13333333333333333,0.0,0.0,2.0,0.0,33.85,55.3,2.0,0.0,0.0,0.0,0.06666666666666667,0.9133333333333336,0.0,0.0,0.0,0.0,0.0,2.0,0.0,0.06666666666666667,0.0,0.0,1.0,12.946452947931967,0.0,0.0,0.0,2.0,0.06666666666666667,0.06666666666666667,0.0,0.0,3.0,1.694826678590011,25.28333333333333,58.3,2.0,0.0,0.06666666666666667,0.0,0.0,0.1572222222222223,1.0,2.25,7.0,16.05,2.0,8.75,1.0,0.0,7.0,19.464285714285715,2.0,19.2,0.0,0.0,3.0,1.7166666666666668,1.0,0.0,0.0,0.0,2.0,1.2,0.0,0.0
emergency_response_seed1,emergency_response,1,651.25,666.25,31.0,6.94467599265254,9.745161290322581,13.0,2.75,1.0,14.359800554405302,0.0,0.0,0.0,2.0,0.06666666666666667,0.06666666666666667,0.0,0.0,6.0,4.582009933167499,9.049999999999999,27.95,3.0,0.0,0.13333333333333333,0.0,0.06666666666666667,0.23333333333333328,1.0,0.0,3.5,3.5,1.0,0.0,0.0,0.0,0.06666666666666667,0.23333333333333334,0.0,0.0,0.0,0.0,0.0,2.0,0.0,0.06666666666666667,0.0,0.0,5.0,2.7355041818445924,14.9,38.25,4.0,0.0,0.06666666666666667,0.0,0.13333333333333333,0.36833333333333335,2.0,5.590854015925509,11.125,22.25,1.0,0.0,0.06666666666666667,0.0,0.0,0.25833333333333336,1.0,13.883689104836668,0.0,0.0,0.0,2.0,0.06666666666666667,0.0,0.0,0.0,1.0,11.076262714458629,0.0,0.0,0.0,2.0,0.06666666666666667,0.13333333333333333,0.0,0.0,2.0,0.0,34.85,56.3,2.0,0.0,0.0,0.0,0.06666666666666667,0.9466666666666669,0.0,0.0,0.0,0.0,0.0,2.0,0.0,0.06666666666666667,0.0,0.0,1.0,13.00653014583294,0.0,0.0,0.0,2.0,0.06666666666666667,0.06666666666666667,0.0,0.0,3.0,2.4298769953819934,25.95,59.3,2.0,0.0,0.06666666666666667,0.0,0.0,0.13500000000000015,1.0,3.25,7.0,16.90714285714286,2.0,9.25,1.0,0.0,7.0,20.178571428571427,2.0,20.2,0.0,0.0,3.0,2.15,1.0,0.0,0.0,0.0,2.0,1.7,0.0,0.0
emergency_response_seed1,emergency_response,1,652.25,667.25,33.0,6.9010590822067845,9.548484848484849,13.0,1.75,1.0,14.313832058175803,0.0,0.0,0.0,2.0,0.06666666666666667,0.06666666666666667,0.0,0.0,6.0,3.9411360115828624,9.549999999999999,28.95,3.0,0.0,0.06666666666666667,0.0,0.06666666666666667,0.31399999999999995,1.0,0.0,4.5,4.5,1.0,0.0,0.0,0.0,0.06666666666666667,0.3,0.0,0.0,0.0,0.0,0.0,2.0,0.0,0.06666666666666667,0.0,0.0,5.0,2.7302276307335256,15.7,39.25,4.0,0.0,0.06666666666666667,0.0,0.13333333333333333,0.3883333333333333,2.0,5.589717877419973,11.625,23.25,1.0,0.0,0.06666666666666667,0.0,0.0,0.225,1.0,13.855830639007037,0.0,0.0,0.0,2.0,0.06666666666666667,0.0,0.0,0.0,2.0,12.005990404223388,0.0,0.0,0.0,2.0,0.13333333333333333,0.06666666666666667,0.0,0.0,3.0,0.5966541804461497,23.900000000000002,57.3,2.0,0.0,0.06666666666666667,0.0,0.06666666666666667,0.18333333333333357,0.0,0.0,0.0,0.0,0.0,2.0,0.0,0.06666666666666667,0.0,0.0,1.0,12.986639850613566,0.0,0.0,0.0,2.0,0.06666666666666667,0.06666666666666667,0.0,0.0,3.0,2.9951813962370486,26.616666666666664,60.3,2.0,0.0,0.06666666666666667,0.0,0.0,0.11277777777777777,1.0,4.25,8.0,15.543750000000001,2.0,9.75,1.0,0.0,7.0,20.892857142857142,2.0,21.2,0.0,0.0,3.0,2.816666666666667,1.0,0.0,1.0,0.0,2.0,2.2,0.0,0.0
emergency_response_seed1,emergency_response,1,653.25,668.25,34.0,7.166780288203277,9.65,13.0,0.75,1.0,14.328010689105243,0.0,0.0,0.0,2.0,0.06666666666666667,0.06666666666666667,0.0,0.0,6.0,3.3766974665077356,10.049999999999999,29.95,3.0,0.0,0.06666666666666667,0.0,0.06666666666666667,0.3206666666666666,1.0,0.0,5.5,5.5,1.0,0.0,0.0,0.0,0.06666666666666667,0.36666666666666664,0.0,0.0,0.0,0.0,0.0,2.0,0.0,0.06666666666666667,0.0,0.0,5.0,2.7136560264043603,16.5,40.25,4.0,0.0,0.06666666666666667,0.0,0.13333333333333333,0.4083333333333333,2.0,5.593623729904723,12.125,24.25,1.0,0.0,0.06666666666666667,0.0,0.0,0.19166666666666668,1.0,13.876818292307435,0.0,0.0,0.0,2.0,0.06666666666666667,0.0,0.0,0.0,2.0,13.178756340412203,0.0,0.0,0.0,2.0,0.13333333333333333,0.06666666666666667,0.0,0.0,3.0,1.2701367172847324,24.566666666666666,58.3,2.0,0.0,0.06666666666666667,0.0,0.0,0.18111111111111125,0.0,0.0,0.0,0.0,0.0,2.0,0.0,0.06666666666666667,0.0,0.0,2.0,13.057596531149901,0.0,0.0,0.0,2.0,0.13333333333333333,0.06666666666666667,0.0,0.0,3.0,3.631428373486832,27.28333333333333,61.3,2.0,0.0,0.06666666666666667,0.0,0.0,0.09055555555555563,1.0,5.25,8.0,16.29375,2.0,10.25,1.0,0.0,7.0,21.607142857142858,2.0,22.2,0.0,0.0,3.0,3.483333333333333,0.0,0.0,1.0,0.0,2.0,2.7,0.0,0.0
emergency_response_seed1,emergency_response,1,654.25,669.25,32.0,6.842522641428195,10.659374999999999,13.0,2.75,1.0,14.339333035952748,0.0,0.0,0.0,1.0,0.06666666666666667,0.0,0.0,0.0,6.0,2.966779981738386,10.549999999999999,30.95,3.0,0.0,0.06666666666666667,0.0,0.06666666666666667,0.3273333333333333,1.0,0.0,6.5,6.5,1.0,0.0,0.0,0.0,0.06666666666666667,0.43333333333333335,0.0,0.0,0.0,0.0,0.0,1.0,0.0,0.06666666666666667,0.0,0.0,5.0,1.9795394436921445,17.3,41.25,4.0,0.0,0.06666666666666667,0.0,0.13333333333333333,0.4283333333333334,2.0,5.570273127429029,12.625,25.25,1.0,0.0,0.06666666666666667,0.0,0.0,0.15833333333333333,1.0,13.89,0.0,0.0,0.0,1.0,0.06666666666666667,0.0,0.0,0.0,2.0,13.810106288470006,0.0,0.0,0.0,1.0,0.13333333333333333,0.06666666666666667,0.0,0.0,3.0,1.9291154572732558,25.23333333333333,59.3,2.0,0.0,0.06666666666666667,0.0,0.0,0.15888888888888886,0.0,0.0,0.0,0.0,0.0,1.0,0.0,0.06666666666666667,0.0,0.0,2.0,13.056638898560049,0.0,0.0,0.0,1.0,0.13333333333333333,0.06666666666666667,0.0,0.0,3.0,4.317915527809197,27.95,62.3,2.0,0.0,0.06666666666666667,0.0,0.0,0.06833333333333348,1.0,6.25,8.0,17.04375,2.0,10.75,1.0,0.0,7.0,22.321428571428573,2.0,23.2,0.0,0.0,3.0,4.1499999999999995,0.0,0.0,1.0,0.0,2.0,3.2,0.0,0.0
emergency_response_seed1,emergency_response,1,655.25,670.25,32.0,6.809040543813726,11.065624999999999,13.0,1.75,1.0,14.319343995678574,0.0,0.0,0.0,1.0,0.06666666666666667,0.0,0.0,0.0,6.0,2.66001255325499,11.049999999999999,31.95,3.0,0.0,0.06666666666666667,0.0,0.06666666666666667,0.3339999999999999,1.0,0.0,7.5,7.5,1.0,0.0,0.0,0.0,0.06666666666666667,0.5,0.0,0.0,0.0,0.0,0.0,1.0,0.0,0.06666666666666667,0.0,0.0,5.0,1.257037808814653,18.1,42.25,4.0,0.0,0.06666666666666667,0.0,0.13333333333333333,0.4483333333333334,2.0,5.595137789634248,13.125,26.25,1.0,0.0,0.06666666666666667,0.0,0.0,0.125,1.0,12.216671999999997,0.0,0.0,0.0,1.0,0.06666666666666667,0.0,0.0,0.0,3.0,13.855090528703741,0.0,0.0,0.0,1.0,0.2,0.06666666666666667,0.0,0.0,3.0,2.5722137736102364,25.899999999999995,60.3,2.0,0.0,0.06666666666666667,0.0,0.0,0.13666666666666646,0.0,0.0,0.0,0.0,0.0,1.0,0.0,0.06666666666666667,0.0,0.0,2.0,13.07285425863272,0.0,0.0,0.0,1.0,0.13333333333333333,0.06666666666666667,0.0,0.0,3.0,5.017586612834072,28.616666666666664,63.3,2.0,0.0,0.06666666666666667,0.0,0.0,0.046111111111111096,1.0,7.25,8.0,17.79375,2.0,11.25,1.0,0.0,7.0,23.035714285714285,2.0,24.2,0.0,0.0,3.0,4.816666666666666,0.0,0.0,1.0,0.0,2.0,3.7,0.0,0.0
emergency_response_seed1,emergency_response,1,658.25,673.25,30.0,5.968430090169846,7.286666666666666,10.0,10.75,1.0,14.334875097534955,0.0,0.0,0.0,0.0,0.06666666666666667,0.0,0.0,0.0,6.0,1.1993756629273555,12.725000000000001,34.95,4.0,0.0,0.06666666666666667,0.0,0.13333333333333333,0.36566666666666675,1.0,0.0,10.5,10.5,1.0,0.0,0.0,0.0,0.06666666666666667,0.7,0.0,0.0,0.0,0.0,0.0,0.0,0.0,0.06666666666666667,0.0,0.0,5.0,0.10056473833127107,20.5,45.25,4.0,0.0,0.0,0.0,0.13333333333333333,0.6799999999999999,2.0,2.492283000392125,14.625,29.25,1.0,0.0,0.0,0.0,0.0,0.5,0.0,0.0,0.0,0.0,0.0,0.0,0.0,0.06666666666666667,0.0,0.0,3.0,12.690080645098844,0.0,0.0,0.0,0.0,0.13333333333333333,0.06666666666666667,0.0,0.0,2.0,7.485052459003126,0.0,0.0,0.0,2.0,0.06666666666666667,0.06666666666666667,-0.13333333333333333,-1.7899999999999998,0.0,0.0,0.0,0.0,0.0,0.0,0.0,0.06666666666666667,0.0,0.0,2.0,13.067880027524513,0.0,0.0,0.0,0.0,0.13333333333333333,0.06666666666666667,0.0,0.0,2.0,8.42473637727601,0.0,0.0,0.0,2.0,0.06666666666666667,0.06666666666666667,-0.13333333333333333,-2.0616666666666665,0.0,0.0,7.0,3.4285714285714284,2.0,12.75,1.0,0.0,6.0,2.2916666666666665,3.0,18.133333333333333,0.0,0.0,3.0,7.3,0.0,0.0,1.0,0.0,2.0,6.575,0.0,0.0
emergency_response_seed1,emergency_response,1,659.25,674.25,30.0,5.9605908374378265,7.641666666666667,11.0,9.75,1.0,14.322474217756987,0.0,0.0,0.0,0.0,0.06666666666666667,0.0,0.0,0.0,6.0,0.7600559135741752,13.5,35.95,5.0,0.0,0.06666666666666667,0.0,0.2,0.3906666666666666,1.0,0.0,11.5,11.5,1.0,0.0,0.0,0.0,0.06666666666666667,0.7666666666666667,0.0,0.0,0.0,0.0,0.0,0.0,0.0,0.06666666666666667,0.0,0.0,5.0,0.02946577112999891,21.3,46.25,4.0,0.0,0.0,0.0,0.13333333333333333,0.7066666666666668,2.0,1.4250814051209344,15.125,30.25,1.0,0.0,0.0,0.0,0.0,0.5,0.0,0.0,0.0,0.0,0.0,0.0,0.0,0.06666666666666667,0.0,0.0,3.0,11.34351381040525,0.0,0.0,0.0,0.0,0.13333333333333333,0.06666666666666667,0.0,0.0,2.0,8.37110749551329,0.0,0.0,0.0,2.0,0.06666666666666667,0.06666666666666667,-0.13333333333333333,-1.8566666666666665,0.0,0.0,0.0,0.0,0.0,0.0,0.0,0.06666666666666667,0.0,0.0,2.0,13.042441926919707,0.0,0.0,0.0,0.0,0.13333333333333333,0.06666666666666667,0.0,0.0,2.0,9.204913660648806,0.0,0.0,0.0,2.0,0.06666666666666667,0.06666666666666667,-0.13333333333333333,-2.128333333333333,0.0,0.0,7.0,0.0,2.0,13.25,1.0,0.0,6.0,0.0,3.0,18.8,0.0,0.0,3.0,8.3,0.0,0.0,1.0,0.0,2.0,7.575,0.0,0.0
emergency_response_seed1,emergency_response,1,667.25,682.25,34.0,4.923449289440754,10.282352941176471,18.0,1.75,1.0,0.0,4.25,4.25,1.0,0.0,0.0,0.0,0.06666666666666667,0.2833333333333333,8.0,0.9926553592384841,15.543750000000001,43.95,6.0,0.0,0.13333333333333333,0.0,0.2,0.39958333333333346,2.0,5.160570959774194,9.75,19.5,1.0,0.0,0.06666666666666667,0.0,0.0,0.35,1.0,13.860067955848063,0.0,0.0,0.0,0.0,0.06666666666666667,0.0,0.0,0.0,7.0,3.518514889294715,20.892857142857142,54.25,5.0,0.0,0.13333333333333333,0.0,0.06666666666666667,0.3461904761904762,2.0,0.0007527057772948463,21.2,38.25,2.0,0.0,0.0,0.0,0.06666666666666667,0.6383333333333333,0.0,0.0,0.0,0.0,0.0,0.0,0.0,0.06666666666666667,0.0,0.0,3.0,1.4660490356488725,2.816666666666667,7.15,2.0,0.0,0.06666666666666667,0.0,0.13333333333333333,0.1877777777777778,1.0,13.373310459775587,0.0,0.0,0.0,2.0,0.0,0.13333333333333333,-0.13333333333333333,-1.5933333333333335,1.0,11.183568845050694,0.0,0.0,0.0,0.0,0.06666666666666667,0.0,0.0,0.0,2.0,0.9880083642680243,2.2,4.4,1.0,0.0,0.06666666666666667,0.0,0.06666666666666667,0.14666666666666667,0.0,0.0,0.0,0.0,0.0,2.0,0.0,0.2,-0.13333333333333333,-1.7744444444444443,1.0,0.0,2.0,0.0,2.0,17.95,0.0,0.0,1.0,0.0,3.0,24.133333333333336,1.0,0.0,4.0,12.225,0.0,0.0,1.0,0.0,3.0,10.383333333333333,0.0,0.0
emergency_response_seed1,emergency_response,1,668.25,683.25,34.0,5.076558452204334,10.811764705882354,18.0,0.75,1.0,0.0,5.25,5.25,1.0,0.0,0.0,0.0,0.06666666666666667,0.35,8.0,1.5387360514083475,16.29375,44.95,6.0,0.0,0.13333333333333333,0.0,0.2,0.41625,2.0,6.246375219713314,10.25,20.5,1.0,0.0,0.06666666666666667,0.0,0.0,0.31666666666666665,1.0,13.850202941496391,0.0,0.0,0.0,0.0,0.06666666666666667,0.0,0.0,0.0,7.0,3.8360571400283363,21.607142857142858,55.25,5.0,0.0,0.13333333333333333,0.0,0.06666666666666667,0.3404761904761905,2.0,0.00027154319760246847,22.2,39.25,2.0,0.0,0.0,0.0,0.06666666666666667,0.6716666666666666,0.0,0.0,0.0,0.0,0.0,0.0,0.0,0.06666666666666667,0.0,0.0,3.0,0.8256473465365035,3.483333333333333,8.15,2.0,0.0,0.06666666666666667,0.0,0.13333333333333333,0.2322222222222222,0.0,0.0,0.0,0.0,0.0,2.0,0.0,0.2,-0.13333333333333333,-1.6377777777777778,1.0,11.185060323695005,0.0,0.0,0.0,0.0,0.06666666666666667,0.0,0.0,0.0,2.0,0.44871150984266617,2.7,5.4,1.0,0.0,0.0,0.0,0.06666666666666667,0.18000000000000002,0.0,0.0,0.0,0.0,0.0,2.0,0.0,0.2,-0.13333333333333333,-1.8188888888888888,1.0,0.0,3.0,0.0,2.0,18.95,0.0,0.0,1.0,0.0,3.0,24.8,1.0,0.0,4.0,12.975,0.0,0.0,0.0,0.0,3.0,11.049999999999999,0.0,0.0
emergency_response_seed1,emergency_response,1,669.25,684.25,34.0,5.224165886111999,11.341176470588236,18.0,2.75,1.0,0.0,6.25,6.25,1.0,0.0,0.0,0.0,0.06666666666666667,0.4166666666666667,8.0,2.057272941793575,17.04375,45.95,6.0,0.0,0.13333333333333333,0.0,0.2,0.43291666666666667,2.0,7.280732648366481,10.75,21.5,1.0,0.0,0.06666666666666667,0.0,0.0,0.2833333333333333,1.0,13.830199982373744,0.0,0.0,0.0,0.0,0.06666666666666667,0.0,0.0,0.0,7.0,3.925408255256263,22.321428571428573,56.25,5.0,0.0,0.13333333333333333,0.0,0.06666666666666667,0.3347619047619048,2.0,9.777565278877039e-05,23.2,40.25,2.0,0.0,0.0,0.0,0.06666666666666667,0.705,0.0,0.0,0.0,0.0,0.0,0.0,0.0,0.06666666666666667,0.0,0.0,3.0,0.3862995584387558,4.1499999999999995,9.15,2.0,0.0,0.06666666666666667,0.0,0.13333333333333333,0.2766666666666666,0.0,0.0,0.0,0.0,0.0,1.0,0.0,0.2,-0.13333333333333333,-1.682222222222222,1.0,11.200622373008452,0.0,0.0,0.0,0.0,0.06666666666666667,0.0,0.0,0.0,2.0,0.18043924664994307,3.2,6.4,1.0,0.0,0.0,0.0,0.06666666666666667,0.21333333333333335,0.0,0.0,0.0,0.0,0.0,1.0,0.0,0.2,-0.13333333333333333,-1.8633333333333333,1.0,0.0,2.0,0.0,2.0,19.95,0.0,0.0,1.0,0.0,3.0,25.46666666666667,1.0,0.0,4.0,13.725,0.0,0.0,0.0,0.0,4.0,8.7875,1.0,0.0
emergency_response_seed1,emergency_response,1,670.25,685.25,34.0,5.3737845911118285,11.870588235294118,18.0,1.75,1.0,0.0,7.25,7.25,1.0,0.0,0.0,0.0,0.06666666666666667,0.48333333333333334,8.0,2.5913014324693555,17.79375,46.95,6.0,0.0,0.13333333333333333,0.0,0.2,0.44958333333333333,2.0,8.279657534267754,11.25,22.5,1.0,0.0,0.06666666666666667,0.0,0.0,0.25,1.0,13.86686495958129,0.0,0.0,0.0,0.0,0.06666666666666667,0.0,0.0,0.0,7.0,3.8636046254584797,23.035714285714285,57.25,5.0,0.0,0.13333333333333333,0.0,0.06666666666666667,0.32904761904761887,2.0,3.616932660480979e-05,24.2,41.25,2.0,0.0,0.0,0.0,0.06666666666666667,0.7383333333333333,0.0,0.0,0.0,0.0,0.0,0.0,0.0,0.06666666666666667,0.0,0.0,3.0,0.16444425187739845,4.816666666666666,10.15,2.0,0.0,0.0,0.0,0.13333333333333333,0.32111111111111107,0.0,0.0,0.0,0.0,0.0,1.0,0.0,0.2,-0.13333333333333333,-1.7266666666666663,1.0,11.178725695162363,0.0,0.0,0.0,0.0,0.06666666666666667,0.0,0.0,0.0,2.0,0.06797865542203474,3.7,7.4,1.0,0.0,0.0,0.0,0.06666666666666667,0.24666666666666667,0.0,0.0,0.0,0.0,0.0,1.0,0.0,0.2,-0.13333333333333333,-1.9077777777777776,1.0,0.0,1.0,0.0,2.0,20.95,0.0,0.0,1.0,0.0,3.0,26.133333333333336,1.0,0.0,4.0,14.475,0.0,0.0,0.0,0.0,4.0,9.2875,1.0,0.0
emergency_response_seed1,emergency_response,1,678.25,693.25,36.0,7.608262110312525,4.304166666666666,8.0,23.75,1.0,16.33802587452638,0.0,0.0,0.0,2.0,0.06666666666666667,0.06666666666666667,-0.06666666666666667,-0.016666666666666666,5.0,6.330679701039708,0.0,0.0,0.0,2.0,0.13333333333333333,0.2,-0.3333333333333333,-1.1222222222222222,2.0,1.0095062424945127,15.25,30.5,1.0,0.0,0.0,0.0,0.0,0.5,0.0,0.0,0.0,0.0,0.0,2.0,0.0,0.06666666666666667,0.0,0.0,3.0,6.2175801411651745,0.0,0.0,0.0,2.0,0.0,0.26666666666666666,-0.3333333333333333,-1.2023809523809523,3.0,4.379335711224228,21.46666666666667,49.25,2.0,0.0,0.06666666666666667,0.0,0.0,0.2844444444444446,1.0,16.61342955981195,0.0,0.0,0.0,2.0,0.06666666666666667,0.0,0.0,0.0,4.0,0.9602385117997762,9.225,18.15,3.0,0.0,0.06666666666666667,0.0,0.13333333333333333,0.5449999999999999,0.0,0.0,0.0,0.0,0.0,0.0,0.0,0.06666666666666667,0.0,0.0,1.0,11.191924414245229,0.0,0.0,0.0,2.0,0.06666666666666667,0.0,0.0,0.0,3.0,2.2471556890740776,7.716666666666666,15.4,2.0,0.0,0.06666666666666667,0.0,0.06666666666666667,0.5011111111111111,0.0,0.0,0.0,0.0,0.0,0.0,0.0,0.06666666666666667,0.0,0.0,0.0,0.0,2.0,0.0,3.0,19.3,1.0,0.0,2.0,0.0,3.0,32.43333333333333,0.0,0.0,5.0,16.380000000000003,1.0,0.0,0.0,0.0,4.0,13.2875,1.0,0.0
emergency_response_seed1,emergency_response,1,692.25,707.25,37.0,8.44225058901685,7.574324324324325,10.0,9.75,0.0,0.0,0.0,0.0,0.0,2.0,0.0,0.06666666666666667,0.0,0.0,1.0,16.564680424302818,0.0,0.0,0.0,2.0,0.06666666666666667,0.3333333333333333,0.0,0.0,3.0,0.7401279892360293,18.633333333333333,44.5,2.0,0.0,0.06666666666666667,0.0,0.06666666666666667,0.25888888888888884,1.0,13.851471563783708,0.0,0.0,0.0,2.0,0.06666666666666667,0.0,0.0,0.0,2.0,13.82429720288918,0.0,0.0,0.0,2.0,0.13333333333333333,0.26666666666666666,0.0,0.0,3.0,0.0029966195124723153,31.433333333333334,63.25,3.0,0.0,0.0,0.0,0.06666666666666667,0.7088888888888889,0.0,0.0,0.0,0.0,0.0,2.0,0.0,0.06666666666666667,0.0,0.0,5.0,3.395801298460635,15.780000000000001,32.15,3.0,0.0,0.06666666666666667,0.0,0.0,0.4870000000000001,1.0,11.984450057444628,0.0,0.0,0.0,0.0,0.06666666666666667,0.0,0.0,0.0,0.0,0.0,0.0,0.0,0.0,2.0,0.0,0.06666666666666667,0.0,0.0,4.0,4.252366658215002,12.7875,29.4,2.0,0.0,0.06666666666666667,0.0,0.0,0.3825,1.0,10.467768910000286,0.0,0.0,0.0,0.0,0.06666666666666667,0.0,0.0,0.0,2.0,0.0,2.0,0.0,2.0,0.0,1.0,2.0,1.0,0.0,3.0,0.0,1.0,0.0,6.0,23.075,1.0,5.55,1.0,0.0,5.0,19.869999999999997,1.0,5.55
emergency_response_seed1,emergency_response,1,693.25,708.25,37.0,8.327102721455818,7.844594594594595,10.0,8.75,0.0,0.0,0.0,0.0,0.0,2.0,0.0,0.06666666666666667,0.0,0.0,2.0,13.920451076960152,0.0,0.0,0.0,2.0,0.13333333333333333,0.3333333333333333,0.0,0.0,3.0,1.4039260337385515,19.3,45.5,2.0,0.0,0.06666666666666667,0.0,0.06666666666666667,0.2700000000000001,1.0,13.830545710290316,0.0,0.0,0.0,2.0,0.06666666666666667,0.0,0.0,0.0,2.0,13.820069577344766,0.0,0.0,0.0,2.0,0.13333333333333333,0.2,0.0,0.0,3.0,0.0008508100728242726,32.43333333333333,64.25,3.0,0.0,0.0,0.0,0.06666666666666667,0.7311111111111107,0.0,0.0,0.0,0.0,0.0,2.0,0.0,0.06666666666666667,0.0,0.0,5.0,3.0343555909727455,16.380000000000003,33.15,3.0,0.0,0.06666666666666667,0.0,0.0,0.4770000000000002,1.0,11.988798153426032,0.0,0.0,0.0,0.0,0.06666666666666667,0.0,0.0,0.0,0.0,0.0,0.0,0.0,0.0,2.0,0.0,0.06666666666666667,0.0,0.0,4.0,3.9771779576133772,13.2875,30.4,2.0,0.0,0.06666666666666667,0.0,0.0,0.37138888888888894,1.0,10.479026911715463,0.0,0.0,0.0,0.0,0.06666666666666667,0.0,0.0,0.0,2.0,0.0,2.0,0.0,1.0,0.0,1.0,3.0,1.0,0.0,3.0,0.0,1.0,0.0,6.0,23.90833333333333,1.0,6.55,1.0,0.0,5.0,20.669999999999998,1.0,6.55
emergency_response_seed1,emergency_response,1,694.25,709.25,36.0,8.191615188296623,8.340277777777779,10.0,7.75,0.0,0.0,0.0,0.0,0.0,2.0,0.0,0.06666666666666667,0.0,0.0,2.0,13.883435055035477,0.0,0.0,0.0,2.0,0.13333333333333333,0.26666666666666666,0.0,0.0,3.0,2.0767689550772936,19.966666666666665,46.5,2.0,0.0,0.06666666666666667,0.0,0.06666666666666667,0.281111111111111,1.0,13.867448284616694,0.0,0.0,0.0,2.0,0.06666666666666667,0.0,0.0,0.0,2.0,13.779749710388089,0.0,0.0,0.0,2.0,0.13333333333333333,0.13333333333333333,0.0,0.0,3.0,0.0002370763693091874,33.43333333333333,65.25,3.0,0.0,0.0,0.0,0.06666666666666667,0.7533333333333329,0.0,0.0,0.0,0.0,0.0,2.0,0.0,0.06666666666666667,0.0,0.0,5.0,2.7971011791212765,16.98,34.15,3.0,0.0,0.06666666666666667,0.0,0.0,0.467,1.0,11.971613461172673,0.0,0.0,0.0,0.0,0.06666666666666667,0.0,0.0,0.0,0.0,0.0,0.0,0.0,0.0,2.0,0.0,0.06666666666666667,0.0,0.0,4.0,3.494540235365125,13.7875,31.4,2.0,0.0,0.06666666666666667,0.0,0.0,0.3602777777777778,1.0,10.453934505338966,0.0,0.0,0.0,0.0,0.06666666666666667,0.0,0.0,0.0,2.0,0.0,2.0,0.05,1.0,0.0,1.0,4.0,1.0,0.0,2.0,0.0,1.0,0.0,6.0,24.741666666666664,1.0,7.55,1.0,0.0,5.0,21.47,1.0,7.55
emergency_response_seed1,emergency_response,1,695.25,710.25,36.0,8.123062971939943,8.618055555555555,10.0,6.75,0.0,0.0,0.0,0.0,0.0,2.0,0.0,0.06666666666666667,0.0,0.0,1.0,11.141434701477097,0.0,0.0,0.0,2.0,0.06666666666666667,0.2,0.0,0.0,3.0,2.7397373618422383,20.633333333333333,47.5,2.0,0.0,0.06666666666666667,0.0,0.06666666666666667,0.2922222222222222,1.0,13.841019628454234,0.0,0.0,0.0,2.0,0.06666666666666667,0.0,0.0,0.0,1.0,13.819220663595573,0.0,0.0,0.0,2.0,0.06666666666666667,0.13333333333333333,0.0,0.0,3.0,6.838544118048039e-05,34.43333333333333,66.25,3.0,0.0,0.0,0.0,0.06666666666666667,0.7755555555555553,0.0,0.0,0.0,0.0,0.0,2.0,0.0,0.06666666666666667,0.0,0.0,5.0,2.6964680047018756,17.580000000000002,35.15,3.0,0.0,0.06666666666666667,0.0,0.0,0.45700000000000013,1.0,11.98399348000763,0.0,0.0,0.0,0.0,0.06666666666666667,0.0,0.0,0.0,0.0,0.0,0.0,0.0,0.0,2.0,0.0,0.06666666666666667,0.0,0.0,4.0,2.5096529673540084,14.2875,32.4,2.0,0.0,0.06666666666666667,0.0,0.0,0.34916666666666674,1.0,10.447131060064256,0.0,0.0,0.0,0.0,0.06666666666666667,0.0,0.0,0.0,2.0,0.0,2.0,0.55,0.0,0.0,1.0,5.0,1.0,0.0,2.0,0.0,1.0,0.0,6.0,25.575,1.0,8.55,1.0,0.0,5.0,22.27,1.0,8.55
emergency_response_seed1,emergency_response,1,696.25,711.25,35.0,7.967216978087252,9.17,11.0,5.75,0.0,0.0,0.0,0.0,0.0,2.0,0.0,0.06666666666666667,0.0,0.0,1.0,11.211781008839294,0.0,0.0,0.0,2.0,0.06666666666666667,0.2,0.0,0.0,3.0,3.3673148882571646,21.3,48.5,2.0,0.0,0.06666666666666667,0.0,0.0,0.2900000000000001,1.0,13.825074614877813,0.0,0.0,0.0,2.0,0.06666666666666667,0.0,0.0,0.0,1.0,13.849967818727345,0.0,0.0,0.0,2.0,0.06666666666666667,0.13333333333333333,0.0,0.0,3.0,1.9005994400047922e-05,35.43333333333333,67.25,3.0,0.0,0.0,0.0,0.06666666666666667,0.7977777777777775,0.0,0.0,0.0,0.0,0.0,2.0,0.0,0.06666666666666667,0.0,0.0,5.0,2.6407189544553544,18.18,36.15,3.0,0.0,0.06666666666666667,0.0,0.0,0.447,1.0,11.976515721415636,0.0,0.0,0.0,0.0,0.06666666666666667,0.0,0.0,0.0,0.0,0.0,0.0,0.0,0.0,2.0,0.0,0.06666666666666667,0.0,0.0,4.0,1.640081456837379,14.9625,33.4,3.0,0.0,0.06666666666666667,0.0,0.06666666666666667,0.3497222222222222,1.0,10.456790664528215,0.0,0.0,0.0,0.0,0.06666666666666667,0.0,0.0,0.0,2.0,0.0,2.0,1.05,0.0,0.0,1.0,6.0,1.0,0.0,1.0,0.0,1.0,0.0,6.0,26.40833333333333,1.0,9.55,1.0,0.0,5.0,23.07,1.0,9.55
emergency_response_seed1,emergency_response,1,697.25,712.25,34.0,7.858121461091422,9.782352941176471,12.0,4.75,0.0,0.0,0.0,0.0,0.0,2.0,0.0,0.06666666666666667,0.0,0.0,1.0,11.187550142726083,0.0,0.0,0.0,2.0,0.06666666666666667,0.13333333333333333,0.0,0.0,3.0,4.053410677247472,21.96666666666667,49.5,2.0,0.0,0.06666666666666667,0.0,0.0,0.26777777777777795,1.0,13.859704550702592,0.0,0.0,0.0,2.0,0.06666666666666667,0.0,0.0,0.0,1.0,13.800485003677757,0.0,0.0,0.0,2.0,0.06666666666666667,0.06666666666666667,0.0,0.0,3.0,5.224120664087265e-06,36.43333333333333,68.25,3.0,0.0,0.0,0.0,0.06666666666666667,0.8199999999999996,0.0,0.0,0.0,0.0,0.0,2.0,0.0,0.06666666666666667,0.0,0.0,5.0,2.4524800689627217,18.91,37.15,4.0,0.0,0.06666666666666667,0.0,0.06666666666666667,0.4456666666666667,1.0,11.989031744592358,0.0,0.0,0.0,0.0,0.06666666666666667,0.0,0.0,0.0,0.0,0.0,0.0,0.0,0.0,2.0,0.0,0.06666666666666667,0.0,0.0,4.0,0.929990623293382,15.7125,34.4,3.0,0.0,0.06666666666666667,0.0,0.06666666666666667,0.35527777777777786,1.0,10.47940797064728,0.0,0.0,0.0,0.0,0.06666666666666667,0.0,0.0,0.0,2.0,0.0,2.0,1.55,0.0,0.0,1.0,7.0,1.0,0.0,1.0,0.0,1.0,0.0,6.0,27.241666666666664,1.0,10.55,1.0,0.0,5.0,23.869999999999997,1.0,10.55
emergency_response_seed1,emergency_response,1,700.25,715.25,34.0,6.91219319666638,10.841176470588234,12.0,1.75,1.0,13.856411233376011,0.0,0.0,0.0,2.0,0.06666666666666667,0.06666666666666667,0.0,0.0,1.0,11.140198108039018,0.0,0.0,0.0,2.0,0.06666666666666667,0.06666666666666667,0.0,0.0,3.0,4.470726454816186,23.96666666666667,52.5,2.0,0.0,0.06666666666666667,0.0,0.0,0.2011111111111113,1.0,13.840850944027771,0.0,0.0,0.0,2.0,0.06666666666666667,0.0,0.0,0.0,1.0,13.807945133417473,0.0,0.0,0.0,2.0,0.06666666666666667,0.06666666666666667,0.0,0.0,3.0,0.0,39.43333333333333,71.25,3.0,0.0,0.0,0.0,0.06666666666666667,0.8866666666666663,0.0,0.0,0.0,0.0,0.0,2.0,0.0,0.06666666666666667,0.0,0.0,6.0,1.3303261936416355,17.758333333333333,40.15,4.0,0.0,0.13333333333333333,0.0,0.06666666666666667,0.21888888888888888,1.0,5.9651539115594865,0.0,0.0,0.0,0.0,0.06666666666666667,0.0,0.0,0.0,1.0,13.614190366506731,0.0,0.0,0.0,2.0,0.06666666666666667,0.0,0.0,0.0,5.0,1.1166337055586033,14.37,37.4,3.0,0.0,0.06666666666666667,0.0,0.06666666666666667,0.3388333333333333,1.0,6.650835933095808,0.0,0.0,0.0,0.0,0.0,0.0,0.0,0.0,2.0,0.85,2.0,3.05,0.0,0.0,1.0,10.0,1.0,0.65,1.0,0.0,1.0,0.0,6.0,29.741666666666664,1.0,13.55,1.0,1.0,5.0,26.27,1.0,13.55
emergency_response_seed1,emergency_response,1,707.25,722.25,31.0,6.23315983930864,8.093548387096774,12.0,9.75,2.0,13.284984528265566,0.0,0.0,0.0,0.0,0.13333333333333333,0.0,0.0,0.0,2.0,11.482571970088046,0.0,0.0,0.0,0.0,0.13333333333333333,0.06666666666666667,0.0,0.0,2.0,4.433510479931648,0.0,0.0,0.0,2.0,0.0,0.06666666666666667,-0.13333333333333333,-1.2422222222222221,1.0,0.0,2.0,2.0,1.0,0.0,0.0,0.0,0.06666666666666667,0.13333333333333333,1.0,13.889057551906445,0.0,0.0,0.0,0.0,0.06666666666666667,0.13333333333333333,0.0,0.0,3.0,5.578742765960274,0.0,0.0,0.0,2.0,0.06666666666666667,0.06666666666666667,-0.2,-2.0955555555555554,1.0,13.912569342349112,0.0,0.0,0.0,0.0,0.06666666666666667,0.0,0.0,0.0,6.0,1.9816911635516226,23.075,47.15,5.0,0.0,0.06666666666666667,0.0,0.13333333333333333,0.48633333333333323,1.0,0.0,5.55,5.55,1.0,0.0,0.0,0.0,0.06666666666666667,0.37,1.0,13.652204058446145,0.0,0.0,0.0,0.0,0.06666666666666667,0.0,0.0,0.0,5.0,2.398617100587923,19.869999999999997,44.4,4.0,0.0,0.06666666666666667,0.0,0.13333333333333333,0.4721666666666665,1.0,0.0,5.55,5.55,1.0,0.0,0.0,0.0,0.06666666666666667,0.37,1.0,0.0,3.0,5.233333333333333,1.0,0.0,1.0,0.0,3.0,2.5500000000000003,0.0,0.0,0.0,0.0,7.0,0.0,2.0,10.275,0.0,0.0,6.0,0.0,2.0,10.275
emergency_response_seed1,emergency_response,1,708.25,723.25,30.0,6.08077398796857,8.763333333333332,12.0,8.75,2.0,13.28578662406574,0.0,0.0,0.0,0.0,0.13333333333333333,0.0,0.0,0.0,2.0,8.977109678497804,0.0,0.0,0.0,0.0,0.06666666666666667,0.06666666666666667,0.0,0.0,1.0,5.606370922645881,0.0,0.0,0.0,2.0,0.0,0.13333333333333333,-0.13333333333333333,-1.2866666666666666,1.0,0.0,3.0,3.0,1.0,0.0,0.0,0.0,0.06666666666666667,0.2,1.0,13.83788195075933,0.0,0.0,0.0,0.0,0.06666666666666667,0.13333333333333333,0.0,0.0,3.0,7.3062253160960156,0.0,0.0,0.0,2.0,0.06666666666666667,0.06666666666666667,-0.2,-2.162222222222222,1.0,13.934177157991021,0.0,0.0,0.0,0.0,0.06666666666666667,0.0,0.0,0.0,6.0,1.9809051905494401,23.90833333333333,48.15,5.0,0.0,0.06666666666666667,0.0,0.13333333333333333,0.5018888888888886,1.0,0.0,6.55,6.55,1.0,0.0,0.0,0.0,0.06666666666666667,0.43666666666666665,1.0,13.635031357291076,0.0,0.0,0.0,0.0,0.06666666666666667,0.0,0.0,0.0,5.0,2.396775161010559,20.669999999999998,45.4,4.0,0.0,0.06666666666666667,0.0,0.13333333333333333,0.4921666666666666,1.0,0.0,6.55,6.55,1.0,0.0,0.0,0.0,0.06666666666666667,0.43666666666666665,1.0,0.0,4.0,4.425,1.0,0.0,1.0,0.0,3.0,2.8833333333333333,0.0,0.0,0.0,0.0,6.0,0.0,2.0,10.775,0.0,0.0,5.0,0.0,2.0,10.775
emergency_response_seed1,emergency_response,1,709.25,724.25,30.0,6.252638155247899,9.166666666666666,13.0,7.75,2.0,13.283081147168204,0.0,0.0,0.0,0.0,0.13333333333333333,0.0,0.0,0.0,2.0,6.625756456409849,0.05,0.1,1.0,0.0,0.06666666666666667,0.06666666666666667,0.06666666666666667,0.0033333333333333335,1.0,6.5102496425423535,0.0,0.0,0.0,2.0,0.0,0.13333333333333333,-0.13333333333333333,-1.331111111111111,1.0,0.0,4.0,4.0,1.0,0.0,0.0,0.0,0.06666666666666667,0.26666666666666666,1.0,13.856863533859142,0.0,0.0,0.0,0.0,0.06666666666666667,0.13333333333333333,0.0,0.0,2.0,9.700108215681357,0.0,0.0,0.0,2.0,0.06666666666666667,0.13333333333333333,-0.2,-2.2288888888888887,1.0,13.904617854033052,0.0,0.0,0.0,0.0,0.06666666666666667,0.0,0.0,0.0,6.0,1.980425271818057,24.741666666666664,49.15,5.0,0.0,0.06666666666666667,0.0,0.13333333333333333,0.5174444444444443,1.0,0.0,7.55,7.55,1.0,0.0,0.0,0.0,0.06666666666666667,0.5033333333333333,1.0,13.643187221765906,0.0,0.0,0.0,0.0,0.06666666666666667,0.0,0.0,0.0,5.0,2.3964117166246286,21.47,46.4,4.0,0.0,0.06666666666666667,0.0,0.13333333333333333,0.5121666666666667,1.0,0.0,7.55,7.55,1.0,0.0,0.0,0.0,0.06666666666666667,0.5033333333333333,1.0,0.0,4.0,4.925,1.0,0.0,1.0,0.0,3.0,3.216666666666667,0.0,0.0,0.0,0.0,6.0,0.0,2.0,11.275,0.0,0.0,5.0,0.0,2.0,11.275
emergency_response_seed1,emergency_response,1,710.25,725.25,30.0,6.59506014536343,9.6,13.0,6.75,2.0,13.283896722334111,0.0,0.0,0.0,0.0,0.13333333333333333,0.0,0.0,0.0,2.0,6.613809105712946,0.55,1.1,1.0,0.0,0.06666666666666667,0.0,0.06666666666666667,0.03666666666666667,0.0,0.0,0.0,0.0,0.0,2.0,0.0,0.2,-0.13333333333333333,-1.3755555555555554,1.0,0.0,5.0,5.0,1.0,0.0,0.0,0.0,0.06666666666666667,0.3333333333333333,1.0,13.87337624990847,0.0,0.0,0.0,0.0,0.06666666666666667,0.06666666666666667,0.0,0.0,2.0,10.435263334768047,0.0,0.0,0.0,2.0,0.06666666666666667,0.13333333333333333,-0.2,-2.295555555555555,1.0,13.967046143476308,0.0,0.0,0.0,0.0,0.06666666666666667,0.0,0.0,0.0,6.0,1.9821053989545012,25.575,50.15,5.0,0.0,0.06666666666666667,0.0,0.13333333333333333,0.5329999999999998,1.0,0.0,8.55,8.55,1.0,0.0,0.0,0.0,0.06666666666666667,0.5700000000000001,1.0,13.6394855334446,0.0,0.0,0.0,0.0,0.06666666666666667,0.0,0.0,0.0,5.0,2.396804273884278,22.27,47.4,4.0,0.0,0.06666666666666667,0.0,0.13333333333333333,0.5321666666666667,1.0,0.0,8.55,8.55,1.0,0.0,0.0,0.0,0.06666666666666667,0.5700000000000001,0.0,0.0,4.0,5.425000000000001,1.0,0.0,1.0,0.0,3.0,3.5500000000000003,0.0,0.0,0.0,0.0,5.0,0.0,2.0,11.775,0.0,0.0,4.0,0.0,2.0,11.775
emergency_response_seed1,emergency_response,1,711.25,726.25,29.0,6.501328915684371,10.379310344827585,13.0,5.75,2.0,12.242207437675638,0.0,0.0,0.0,0.0,0.13333333333333333,0.0,0.0,0.0,2.0,6.6275467915371085,1.05,2.1,1.0,0.0,0.06666666666666667,0.0,0.06666666666666667,0.07,0.0,0.0,0.0,0.0,0.0,2.0,0.0,0.2,-0.13333333333333333,-1.4200000000000002,1.0,0.0,6.0,6.0,1.0,0.0,0.0,0.0,0.06666666666666667,0.4,1.0,13.82913600714528,0.0,0.0,0.0,0.0,0.06666666666666667,0.06666666666666667,0.0,0.0,1.0,14.361779769779117,0.0,0.0,0.0,2.0,0.06666666666666667,0.2,-0.2,-2.362222222222222,1.0,13.93254463927114,0.0,0.0,0.0,0.0,0.06666666666666667,0.0,0.0,0.0,6.0,1.6465298539305067,26.40833333333333,51.15,5.0,0.0,0.06666666666666667,0.0,0.13333333333333333,0.5485555555555555,1.0,0.0,9.55,9.55,1.0,0.0,0.0,0.0,0.06666666666666667,0.6366666666666667,1.0,13.57638207601355,0.0,0.0,0.0,0.0,0.06666666666666667,0.0,0.0,0.0,5.0,1.9528157757264708,23.07,48.4,4.0,0.0,0.06666666666666667,0.0,0.06666666666666667,0.5405,1.0,0.0,9.55,9.55,1.0,0.0,0.0,0.0,0.06666666666666667,0.6366666666666667,0.0,0.0,5.0,4.74,1.0,0.0,1.0,0.0,3.0,3.8833333333333333,0.0,0.0,0.0,0.0,5.0,0.0,2.0,12.275,0.0,0.0,3.0,0.0,2.0,12.275
emergency_response_seed1,emergency_response,1,712.25,727.25,29.0,6.1675286492164485,10.827586206896552,13.0,4.75,2.0,9.74036741302519,0.0,0.0,0.0,0.0,0.13333333333333333,0.0,0.0,0.0,2.0,6.24129343400762,1.55,3.1,1.0,0.0,0.06666666666666667,0.0,0.06666666666666667,0.10333333333333333,0.0,0.0,0.0,0.0,0.0,2.0,0.0,0.2,-0.13333333333333333,-1.4644444444444447,1.0,0.0,7.0,7.0,1.0,0.0,0.0,0.0,0.06666666666666667,0.4666666666666667,1.0,10.727136203240468,0.0,0.0,0.0,0.0,0.06666666666666667,0.06666666666666667,0.0,0.0,1.0,14.353772889570267,0.0,0.0,0.0,2.0,0.06666666666666667,0.2,-0.2,-2.428888888888889,1.0,13.931260812037081,0.0,0.0,0.0,0.0,0.06666666666666667,0.0,0.0,0.0,6.0,1.2293592724072295,27.241666666666664,52.15,5.0,0.0,0.06666666666666667,0.0,0.06666666666666667,0.5554444444444442,1.0,0.0,10.55,10.55,1.0,0.0,0.0,0.0,0.06666666666666667,0.7033333333333334,1.0,9.107261734261696,0.0,0.0,0.0,0.0,0.06666666666666667,0.0,0.0,0.0,5.0,1.4533603780562625,23.869999999999997,49.4,4.0,0.0,0.06666666666666667,0.0,0.06666666666666667,0.5438333333333332,1.0,0.0,10.55,10.55,1.0,0.0,0.0,0.0,0.06666666666666667,0.7033333333333334,0.0,0.0,5.0,5.140000000000001,1.0,0.0,1.0,0.0,3.0,4.216666666666667,0.0,0.0,0.0,0.0,4.0,0.0,2.0,12.775,0.0,0.0,3.0,0.0,2.0,12.775
emergency_response_seed1,emergency_response,1,713.25,728.25,29.0,5.472319222958913,11.275862068965518,13.0,3.75,2.0,7.240323699752773,0.0,0.0,0.0,0.0,0.13333333333333333,0.0,0.0,0.0,2.0,4.64604344741349,2.05,4.1,1.0,0.0,0.06666666666666667,0.0,0.06666666666666667,0.13666666666666666,0.0,0.0,0.0,0.0,0.0,2.0,0.0,0.2,-0.13333333333333333,-1.5088888888888892,1.0,0.0,8.0,8.0,1.0,0.0,0.0,0.0,0.06666666666666667,0.5333333333333333,1.0,6.227136203240475,0.0,0.0,0.0,0.0,0.06666666666666667,0.06666666666666667,0.0,0.0,1.0,14.327673921820642,0.0,0.0,0.0,2.0,0.06666666666666667,0.2,-0.2,-2.4955555555555553,1.0,13.925459517814605,0.0,0.0,0.0,0.0,0.06666666666666667,0.0,0.0,0.0,6.0,0.8575451316867867,28.075,53.15,5.0,0.0,0.0,0.0,0.06666666666666667,0.7766666666666666,1.0,0.0,11.55,11.55,1.0,0.0,0.0,0.0,0.06666666666666667,0.77,1.0,4.607261734261703,0.0,0.0,0.0,0.0,0.06666666666666667,0.0,0.0,0.0,5.0,1.0132143530429878,24.669999999999998,50.4,4.0,0.0,0.0,0.0,0.06666666666666667,0.7666666666666667,1.0,0.0,11.55,11.55,1.0,0.0,0.0,0.0,0.06666666666666667,0.77,0.0,0.0,5.0,5.540000000000001,1.0,0.0,1.0,0.0,3.0,4.55,0.0,0.0,0.0,0.0,4.0,0.0,2.0,13.275,0.0,0.0,2.0,0.0,2.0,13.275
emergency_response_seed1,emergency_response,1,714.25,729.25,29.0,4.911790598460046,11.748275862068965,14.0,2.75,2.0,6.250672760402392,0.35,0.7,1.0,0.0,0.13333333333333333,0.0,0.06666666666666667,0.02333333333333333,2.0,3.1889651429535375,2.55,5.1,1.0,0.0,0.06666666666666667,0.0,0.06666666666666667,0.16999999999999998,0.0,0.0,0.0,0.0,0.0,2.0,0.0,0.2,-0.13333333333333333,-1.5533333333333335,1.0,0.0,9.0,9.0,1.0,0.0,0.0,0.0,0.06666666666666667,0.6,1.0,1.7405548378847437,0.0,0.0,0.0,0.0,0.06666666666666667,0.06666666666666667,0.0,0.0,1.0,14.349184373152376,0.0,0.0,0.0,2.0,0.06666666666666667,0.2,-0.2,-2.562222222222222,1.0,13.982474822964907,0.0,0.0,0.0,0.0,0.06666666666666667,0.0,0.0,0.0,6.0,0.5551333676976332,28.90833333333333,54.15,5.0,0.0,0.0,0.0,0.06666666666666667,0.7877777777777778,1.0,0.0,12.55,12.55,1.0,0.0,0.0,0.0,0.06666666666666667,0.8366666666666667,1.0,0.11461330360736885,0.0,0.0,0.0,0.0,0.06666666666666667,0.0,0.0,0.0,5.0,0.6511120313994526,25.47,51.4,4.0,0.0,0.0,0.0,0.06666666666666667,0.7799999999999999,1.0,0.0,12.55,12.55,1.0,0.0,0.0,0.0,0.06666666666666667,0.8366666666666667,0.0,0.0,5.0,5.94,1.0,0.0,1.0,0.0,3.0,4.883333333333334,0.0,0.0,0.0,0.0,3.0,0.0,2.0,13.775,0.0,0.0,2.0,0.0,2.0,13.775
emergency_response_seed1,emergency_response,1,715.25,730.25,29.0,4.57601596193262,12.28793103448276,16.0,1.75,2.0,4.65968521709528,0.85,1.7,1.0,0.0,0.06666666666666667,0.0,0.06666666666666667,0.056666666666666664,2.0,1.9691409256774801,3.05,6.1,1.0,0.0,0.06666666666666667,0.0,0.06666666666666667,0.2033333333333333,0.0,0.0,0.0,0.0,0.0,2.0,0.0,0.2,-0.13333333333333333,-1.597777777777778,1.0,0.0,10.0,10.0,1.0,0.0,0.0,0.0,0.06666666666666667,0.6666666666666666,1.0,0.0,0.65,0.65,1.0,0.0,0.06666666666666667,0.06666666666666667,0.06666666666666667,0.043333333333333335,1.0,14.3169913913579,0.0,0.0,0.0,2.0,0.06666666666666667,0.2,-0.2,-2.6288888888888886,1.0,13.900477665424734,0.0,0.0,0.0,0.0,0.06666666666666667,0.0,0.0,0.0,6.0,0.3269379372155921,29.741666666666664,55.15,5.0,0.0,0.0,0.0,0.06666666666666667,0.7988888888888888,1.0,0.0,13.55,13.55,1.0,0.0,0.0,0.0,0.06666666666666667,0.9033333333333334,1.0,0.0,1.0,1.0,1.0,0.0,0.0,0.0,0.06666666666666667,0.06666666666666667,5.0,0.3837233246861539,26.27,52.4,4.0,0.0,0.0,0.0,0.06666666666666667,0.7933333333333333,1.0,0.0,13.55,13.55,1.0,0.0,0.0,0.0,0.06666666666666667,0.9033333333333334,0.0,0.0,5.0,6.340000000000001,1.0,0.0,1.0,0.0,3.0,5.216666666666667,0.0,0.0,0.0,0.0,3.0,0.0,2.0,14.275,0.0,0.0,2.0,0.0,2.0,14.275
emergency_response_seed1,emergency_response,1,716.25,731.25,29.0,4.373178105597557,12.839655172413794,16.0,0.75,2.0,3.1858639605317336,1.35,2.7,1.0,0.0,0.06666666666666667,0.0,0.06666666666666667,0.09000000000000001,2.0,1.0581669044740665,3.55,7.1,1.0,0.0,0.06666666666666667,0.0,0.06666666666666667,0.23666666666666666,0.0,0.0,0.0,0.0,0.0,2.0,0.0,0.2,-0.13333333333333333,-1.6422222222222225,1.0,0.0,11.0,11.0,1.0,0.0,0.0,0.0,0.06666666666666667,0.7333333333333333,1.0,0.0,1.65,1.65,1.0,0.0,0.0,0.06666666666666667,0.06666666666666667,0.11,1.0,14.351441453219326,0.0,0.0,0.0,2.0,0.06666666666666667,0.2,-0.2,-2.6955555555555555,1.0,13.970710287440955,0.0,0.0,0.0,0.0,0.06666666666666667,0.0,0.0,0.0,6.0,0.17872306863215415,30.575,56.15,5.0,0.0,0.0,0.0,0.06666666666666667,0.8099999999999999,1.0,0.0,14.55,14.55,1.0,0.0,0.0,0.0,0.06666666666666667,0.9700000000000001,1.0,0.0,2.0,2.0,1.0,0.0,0.0,0.0,0.06666666666666667,0.13333333333333333,5.0,0.2074785710148562,27.07,53.4,4.0,0.0,0.0,0.0,0.0,0.8000000000000002,1.0,0.0,14.55,14.55,1.0,0.0,0.0,0.0,0.06666666666666667,0.9700000000000001,1.0,0.0,5.0,6.74,1.0,0.0,1.0,0.0,3.0,5.55,0.0,0.0,0.0,0.0,2.0,0.0,2.0,14.775,0.0,0.0,2.0,0.0,2.0,14.775
emergency_response_seed1,emergency_response,1,717.25,732.25,29.0,4.206952817065524,13.391379310344828,16.0,2.75,2.0,1.9674407976087933,1.85,3.7,1.0,0.0,0.06666666666666667,0.0,0.06666666666666667,0.12333333333333334,2.0,0.4976847822605533,4.05,8.1,1.0,0.0,0.0,0.0,0.06666666666666667,0.26999999999999996,0.0,0.0,0.0,0.0,0.0,1.0,0.0,0.2,-0.13333333333333333,-1.6866666666666668,1.0,0.0,12.0,12.0,1.0,0.0,0.0,0.0,0.06666666666666667,0.8,1.0,0.0,2.65,2.65,1.0,0.0,0.0,0.06666666666666667,0.06666666666666667,0.17666666666666667,0.0,0.0,0.0,0.0,0.0,1.0,0.0,0.26666666666666666,-0.2,-2.0716666666666668,1.0,13.925142121035993,0.0,0.0,0.0,0.0,0.06666666666666667,0.0,0.0,0.0,6.0,0.08911319512292609,31.40833333333333,57.15,5.0,0.0,0.0,0.0,0.06666666666666667,0.8211111111111111,1.0,0.0,15.55,15.55,1.0,0.0,0.0,0.0,0.0,1.0,1.0,0.0,3.0,3.0,1.0,0.0,0.0,0.0,0.06666666666666667,0.2,5.0,0.10477087887942287,27.869999999999997,54.4,4.0,0.0,0.0,0.0,0.0,0.7999999999999999,1.0,0.0,15.55,15.55,1.0,0.0,0.0,0.0,0.0,1.0,1.0,0.0,5.0,7.140000000000001,1.0,0.0,1.0,0.0,3.0,5.883333333333333,1.0,0.0,0.0,0.0,2.0,0.0,2.0,15.275,0.0,0.0,2.0,0.0,2.0,15.275
emergency_response_seed1,emergency_response,1,718.25,733.25,29.0,4.105067304319998,13.943103448275863,16.0,1.75,2.0,1.0668890038078904,2.35,4.7,1.0,0.0,0.06666666666666667,0.0,0.06666666666666667,0.15666666666666668,2.0,0.19823316768038057,4.55,9.1,1.0,0.0,0.0,0.0,0.06666666666666667,0.30333333333333334,0.0,0.0,0.0,0.0,0.0,1.0,0.0,0.2,-0.13333333333333333,-1.7311111111111113,1.0,0.0,13.0,13.0,1.0,0.0,0.0,0.0,0.06666666666666667,0.8666666666666667,1.0,0.0,3.65,3.65,1.0,0.0,0.0,0.0,0.06666666666666667,0.24333333333333332,0.0,0.0,0.0,0.0,0.0,1.0,0.0,0.26666666666666666,-0.2,-2.1216666666666666,1.0,13.905201458298057,0.0,0.0,0.0,0.0,0.06666666666666667,0.0,0.0,0.0,6.0,0.0429661608597585,32.24166666666667,58.15,5.0,0.0,0.0,0.0,0.06666666666666667,0.8322222222222223,1.0,0.0,16.55,16.55,1.0,0.0,0.0,0.0,0.0,1.0,1.0,0.0,4.0,4.0,1.0,0.0,0.0,0.0,0.06666666666666667,0.26666666666666666,5.0,0.050013098964474256,28.669999999999998,55.4,4.0,0.0,0.0,0.0,0.0,0.8,1.0,0.0,16.55,16.55,1.0,0.0,0.0,0.0,0.0,1.0,1.0,0.0,5.0,7.540000000000001,1.0,0.85,1.0,0.0,3.0,6.216666666666666,1.0,0.0,0.0,0.0,2.0,0.0,2.0,15.775,0.0,0.0,2.0,0.0,2.0,15.775
emergency_response_seed1,emergency_response,1,719.25,734.25,28.0,3.531135240359043,15.012500000000001,16.0,0.75,2.0,0.49617486767540514,2.85,5.7,1.0,0.0,0.0,0.0,0.06666666666666667,0.19,2.0,0.07455602093185214,5.05,10.1,1.0,0.0,0.0,0.0,0.06666666666666667,0.33666666666666667,0.0,0.0,0.0,0.0,0.0,1.0,0.0,0.2,-0.13333333333333333,-1.7755555555555558,1.0,0.0,14.0,14.0,1.0,0.0,0.0,0.0,0.06666666666666667,0.9333333333333333,1.0,0.0,4.65,4.65,1.0,0.0,0.0,0.0,0.06666666666666667,0.31,0.0,0.0,0.0,0.0,0.0,1.0,0.0,0.26666666666666666,-0.2,-2.171666666666667,1.0,8.989472405372295,0.0,0.0,0.0,0.0,0.06666666666666667,0.0,0.0,0.0,6.0,0.019861240619076213,33.074999999999996,59.15,5.0,0.0,0.0,0.0,0.0,0.8333333333333331,1.0,0.0,17.55,17.55,1.0,0.0,0.0,0.0,0.0,1.0,1.0,0.0,5.0,5.0,1.0,0.0,0.0,0.0,0.06666666666666667,0.3333333333333333,5.0,0.02292135316465977,29.47,56.4,4.0,0.0,0.0,0.0,0.0,0.8,1.0,0.0,17.55,17.55,1.0,0.0,0.0,0.0,0.0,1.0,1.0,0.0,5.0,7.94,1.0,1.85,1.0,0.0,3.0,6.55,1.0,0.0,0.0,0.0,2.0,0.0,2.0,16.275,1.0,0.0,2.0,0.0,2.0,16.275
emergency_response_seed1,emergency_response,1,720.25,735.25,36.0,3.237552551825037,6.766666666666667,13.0,29.75,2.0,0.40123916250868463,0.0,0.0,0.0,2.0,0.0,0.0,0.0,0.0,3.0,0.25468622337638946,3.9,11.1,2.0,0.0,0.06666666666666667,0.0,0.13333333333333333,0.26,1.0,14.332690156675877,0.0,0.0,0.0,0.0,0.06666666666666667,0.2,-0.06666666666666667,-0.5422222222222222,2.0,0.6758477473784346,0.0,0.0,0.0,2.0,0.06666666666666667,0.0,0.0,0.0,2.0,0.2517477074354051,2.825,5.65,1.0,0.0,0.06666666666666667,0.0,0.06666666666666667,0.18833333333333335,0.0,0.0,0.0,0.0,0.0,0.0,0.0,0.26666666666666666,-0.13333333333333333,-0.9508333333333333,1.0,5.308083064140855,0.0,0.0,0.0,2.0,0.06666666666666667,0.0,0.0,0.0,7.0,0.15571927974217717,20.585714285714285,54.3,5.0,2.0,0.06666666666666667,0.0,0.0,-0.05484126984126973,2.0,0.19173870888349517,9.275,18.55,1.0,0.0,0.06666666666666667,0.0,0.0,0.3816666666666667,1.0,0.614209024552551,0.0,0.0,0.0,2.0,0.0,0.0,0.0,0.0,6.0,0.24052103510424738,7.508333333333333,24.7,3.0,2.0,0.06666666666666667,0.0,-0.06666666666666667,-0.7174444444444444,2.0,0.31475698560342613,9.275,18.55,1.0,0.0,0.06666666666666667,0.0,0.0,0.3816666666666667,1.0,0.0,5.0,8.34,1.0,2.85,0.0,0.0,3.0,6.883333333333333,1.0,0.0,0.0,0.0,2.0,0.0,2.0,16.775,1.0,0.0,2.0,0.0,2.0,16.775
emergency_response_seed1,emergency_response,1,722.25,737.25,39.0,4.97879559768695,1.6525641025641027,5.0,27.75,1.0,2.1305195538194974,0.0,0.0,0.0,2.0,0.0,0.06666666666666667,0.0,0.0,3.0,2.004008983048372,5.233333333333333,13.1,2.0,0.0,0.06666666666666667,0.0,0.13333333333333333,0.3488888888888889,1.0,15.93573299342227,0.0,0.0,0.0,0.0,0.06666666666666667,0.13333333333333333,0.0,0.0,1.0,5.114673684475985,0.0,0.0,0.0,2.0,0.06666666666666667,0.06666666666666667,-0.06666666666666667,-0.13333333333333333,3.0,2.509640517403866,2.5500000000000003,7.65,1.0,0.0,0.13333333333333333,0.0,0.06666666666666667,0.17,0.0,0.0,0.0,0.0,0.0,0.0,0.0,0.2,0.0,0.0,0.0,0.0,0.0,0.0,0.0,2.0,0.0,0.06666666666666667,0.0,0.0,7.0,1.7370009066886236,0.0,0.0,0.0,2.0,0.13333333333333333,0.06666666666666667,-0.3333333333333333,-1.5383333333333333,2.0,2.2154949431740376,10.275,20.55,1.0,0.0,0.06666666666666667,0.0,0.0,0.31500000000000006,0.0,0.0,0.0,0.0,0.0,2.0,0.0,0.06666666666666667,0.0,0.0,6.0,2.588464936214057,0.0,0.0,0.0,2.0,0.13333333333333333,0.06666666666666667,-0.26666666666666666,-1.3246666666666664,2.0,2.50022017263393,10.275,20.55,1.0,0.0,0.06666666666666667,0.0,0.0,0.31500000000000006,1.0,0.0,5.0,9.14,1.0,4.85,0.0,0.0,3.0,7.55,1.0,0.0,0.0,0.0,1.0,0.0,2.0,17.775,1.0,0.0,2.0,0.0,2.0,17.775
emergency_response_seed1,emergency_response,1,723.25,738.25,40.0,5.970048583674301,1.73625,5.0,26.75,1.0,3.3809328442451863,0.0,0.0,0.0,2.0,0.0,0.06666666666666667,0.0,0.0,4.0,2.7895497151809168,4.425,14.1,2.0,0.0,0.13333333333333333,0.0,0.13333333333333333,0.295,1.0,15.871507488278866,0.0,0.0,0.0,0.0,0.06666666666666667,0.06666666666666667,0.0,0.0,1.0,7.092598780578047,0.0,0.0,0.0,2.0,0.06666666666666667,0.06666666666666667,-0.06666666666666667,-0.2,3.0,3.9364713240971674,2.8833333333333333,8.65,1.0,0.0,0.13333333333333333,0.0,0.06666666666666667,0.1922222222222222,0.0,0.0,0.0,0.0,0.0,0.0,0.0,0.2,0.0,0.0,0.0,0.0,0.0,0.0,0.0,2.0,0.0,0.06666666666666667,0.0,0.0,6.0,2.8843601767230638,0.0,0.0,0.0,2.0,0.13333333333333333,0.13333333333333333,-0.3333333333333333,-1.5938888888888887,2.0,3.1455162674865833,10.775,21.55,1.0,0.0,0.06666666666666667,0.0,0.0,0.2816666666666667,0.0,0.0,0.0,0.0,0.0,2.0,0.0,0.06666666666666667,0.0,0.0,5.0,3.9187584887869633,0.0,0.0,0.0,2.0,0.13333333333333333,0.13333333333333333,-0.26666666666666666,-1.378,2.0,3.591369257488803,10.775,21.55,1.0,0.0,0.06666666666666667,0.0,0.0,0.2816666666666667,1.0,0.0,5.0,9.540000000000001,1.0,5.85,0.0,0.0,3.0,7.883333333333333,1.0,0.0,0.0,0.0,1.0,0.0,2.0,18.275,1.0,0.0,2.0,0.0,2.0,18.275
emergency_response_seed1,emergency_response,1,724.25,739.25,39.0,6.918879287752027,1.908974358974359,5.0,25.75,1.0,4.675306703493048,0.0,0.0,0.0,2.0,0.0,0.06666666666666667,0.0,0.0,4.0,3.5864626919233054,4.925,15.1,2.0,0.0,0.13333333333333333,0.0,0.06666666666666667,0.325,1.0,15.845565002123088,0.0,0.0,0.0,0.0,0.06666666666666667,0.06666666666666667,0.0,0.0,1.0,9.003087515546055,0.0,0.0,0.0,2.0,0.06666666666666667,0.06666666666666667,-0.06666666666666667,-0.26666666666666666,3.0,5.2981912389446855,3.216666666666667,9.65,1.0,0.0,0.13333333333333333,0.0,0.06666666666666667,0.21444444444444447,0.0,0.0,0.0,0.0,0.0,0.0,0.0,0.13333333333333333,0.0,0.0,0.0,0.0,0.0,0.0,0.0,2.0,0.0,0.06666666666666667,0.0,0.0,6.0,4.107572101617253,0.0,0.0,0.0,2.0,0.13333333333333333,0.13333333333333333,-0.3333333333333333,-1.6494444444444443,2.0,4.138500043705191,11.275,22.55,1.0,0.0,0.06666666666666667,0.0,0.0,0.24833333333333338,0.0,0.0,0.0,0.0,0.0,2.0,0.0,0.06666666666666667,0.0,0.0,5.0,5.672564039733284,0.0,0.0,0.0,2.0,0.13333333333333333,0.13333333333333333,-0.26666666666666666,-1.4313333333333333,2.0,4.801978386081339,11.275,22.55,1.0,0.0,0.06666666666666667,0.0,0.0,0.24833333333333338,1.0,0.0,6.0,8.35,1.0,6.85,0.0,0.0,3.0,8.216666666666667,1.0,0.0,0.0,0.0,1.0,0.0,2.0,18.775,1.0,0.0,1.0,0.0,2.0,19.2
emergency_response_seed1,emergency_response,1,725.25,740.25,39.0,8.104129420717108,2.037179487179487,5.0,24.75,0.0,0.0,0.0,0.0,0.0,2.0,0.0,0.13333333333333333,0.0,0.0,4.0,4.447639740272468,5.425000000000001,16.1,2.0,0.0,0.13333333333333333,0.0,0.06666666666666667,0.32500000000000007,1.0,15.87831303305012,0.0,0.0,0.0,0.0,0.06666666666666667,0.0,0.0,0.0,1.0,10.82965473116753,0.0,0.0,0.0,2.0,0.06666666666666667,0.06666666666666667,-0.06666666666666667,-0.3333333333333333,3.0,6.586410626486054,3.5500000000000003,10.65,1.0,0.0,0.13333333333333333,0.0,0.06666666666666667,0.2366666666666667,0.0,0.0,0.0,0.0,0.0,0.0,0.0,0.13333333333333333,0.0,0.0,0.0,0.0,0.0,0.0,0.0,2.0,0.0,0.06666666666666667,0.0,0.0,5.0,5.581156538009916,0.0,0.0,0.0,2.0,0.13333333333333333,0.2,-0.3333333333333333,-1.7049999999999998,2.0,5.117984837445174,11.775,23.55,1.0,0.0,0.06666666666666667,0.0,0.0,0.21499999999999997,0.0,0.0,0.0,0.0,0.0,2.0,0.0,0.06666666666666667,0.0,0.0,4.0,7.237683213590769,0.0,0.0,0.0,2.0,0.13333333333333333,0.2,-0.26666666666666666,-1.4846666666666666,2.0,5.809235673265117,11.775,23.55,1.0,0.0,0.06666666666666667,0.0,0.0,0.21499999999999997,1.0,0.0,6.0,8.85,1.0,7.85,0.0,0.0,4.0,6.4125,1.0,0.0,1.0,0.0,0.0,0.0,2.0,19.275,1.0,0.0,0.0,0.0,2.0,20.2
emergency_response_seed1,emergency_response,1,726.25,741.25,39.0,8.83698941738381,2.1653846153846152,5.0,23.75,0.0,0.0,0.0,0.0,0.0,2.0,0.0,0.13333333333333333,0.0,0.0,5.0,5.0705547882067,4.74,17.1,2.0,0.0,0.2,0.0,0.06666666666666667,0.24600000000000002,1.0,15.942614364987433,0.0,0.0,0.0,0.0,0.06666666666666667,0.0,0.0,0.0,1.0,13.063542287709241,0.0,0.0,0.0,2.0,0.06666666666666667,0.06666666666666667,-0.06666666666666667,-0.4,3.0,7.5468267920237695,3.8833333333333333,11.65,1.0,0.0,0.13333333333333333,0.0,0.06666666666666667,0.2588888888888889,0.0,0.0,0.0,0.0,0.0,0.0,0.0,0.06666666666666667,0.0,0.0,0.0,0.0,0.0,0.0,0.0,2.0,0.0,0.06666666666666667,0.0,0.0,5.0,6.92985865450494,0.0,0.0,0.0,2.0,0.13333333333333333,0.2,-0.3333333333333333,-1.7605555555555554,2.0,6.072241789497424,12.275,24.55,1.0,0.0,0.06666666666666667,0.0,0.0,0.18166666666666664,0.0,0.0,0.0,0.0,0.0,2.0,0.0,0.06666666666666667,0.0,0.0,3.0,9.079391897703692,0.0,0.0,0.0,2.0,0.13333333333333333,0.26666666666666666,-0.26666666666666666,-1.538,2.0,6.851903309134352,12.275,24.55,1.0,0.0,0.06666666666666667,0.0,0.0,0.18166666666666664,1.0,0.0,7.0,8.014285714285714,1.0,8.85,0.0,0.0,4.0,6.6625,1.0,0.0,1.0,0.0,0.0,0.0,2.0,20.0,1.0,0.0,0.0,0.0,2.0,21.2
emergency_response_seed1,emergency_response,1,727.25,742.25,38.0,9.53864292051331,2.3539473684210526,5.0,22.75,0.0,0.0,0.0,0.0,0.0,2.0,0.0,0.13333333333333333,0.0,0.0,5.0,5.449623953385014,5.140000000000001,18.1,2.0,0.0,0.2,0.0,0.06666666666666667,0.23933333333333337,1.0,15.87178286786583,0.0,0.0,0.0,0.0,0.06666666666666667,0.0,0.0,0.0,1.0,15.192334781030247,0.0,0.0,0.0,2.0,0.06666666666666667,0.06666666666666667,-0.06666666666666667,-0.4666666666666667,3.0,7.6592239166715546,4.216666666666667,12.65,1.0,0.0,0.13333333333333333,0.0,0.06666666666666667,0.28111111111111114,0.0,0.0,0.0,0.0,0.0,0.0,0.0,0.06666666666666667,0.0,0.0,0.0,0.0,0.0,0.0,0.0,2.0,0.0,0.06666666666666667,0.0,0.0,4.0,8.39350530090774,0.0,0.0,0.0,2.0,0.13333333333333333,0.26666666666666666,-0.3333333333333333,-1.816111111111111,2.0,6.936733058275422,12.775,25.55,1.0,0.0,0.06666666666666667,0.0,0.0,0.14833333333333332,0.0,0.0,0.0,0.0,0.0,2.0,0.0,0.06666666666666667,0.0,0.0,3.0,10.167773701595548,0.0,0.0,0.0,2.0,0.13333333333333333,0.26666666666666666,-0.26666666666666666,-1.5913333333333333,2.0,7.889872021104729,12.775,25.55,1.0,0.0,0.06666666666666667,0.0,0.0,0.14833333333333332,1.0,0.0,7.0,8.442857142857143,1.0,9.85,0.0,0.0,4.0,7.012499999999999,1.0,0.0,1.0,0.0,1.0,0.0,2.0,21.0,1.0,0.0,0.0,0.0,2.0,22.2
emergency_response_seed1,emergency_response,1,728.25,743.25,37.0,9.826475792092987,2.5527027027027027,5.0,21.75,0.0,0.0,0.0,0.0,0.0,2.0,0.0,0.13333333333333333,0.0,0.0,5.0,5.844711354243915,5.540000000000001,19.1,2.0,0.0,0.2,0.0,0.06666666666666667,0.23266666666666674,1.0,15.882025005160093,0.0,0.0,0.0,0.0,0.06666666666666667,0.0,0.0,0.0,1.0,15.452936105580747,0.0,0.0,0.0,2.0,0.06666666666666667,0.06666666666666667,-0.06666666666666667,-0.5333333333333333,3.0,7.730886031391029,4.55,13.65,1.0,0.0,0.13333333333333333,0.0,0.06666666666666667,0.30333333333333334,0.0,0.0,0.0,0.0,0.0,0.0,0.0,0.06666666666666667,0.0,0.0,0.0,0.0,0.0,0.0,0.0,2.0,0.0,0.06666666666666667,0.0,0.0,4.0,8.945816516006204,0.0,0.0,0.0,2.0,0.13333333333333333,0.26666666666666666,-0.3333333333333333,-1.8716666666666666,2.0,6.923557238258073,13.275,26.55,1.0,0.0,0.06666666666666667,0.0,0.0,0.11499999999999998,0.0,0.0,0.0,0.0,0.0,2.0,0.0,0.06666666666666667,0.0,0.0,2.0,11.10105561321016,0.0,0.0,0.0,2.0,0.13333333333333333,0.3333333333333333,-0.26666666666666666,-1.6446666666666665,2.0,8.305798578051851,13.275,26.55,1.0,0.0,0.06666666666666667,0.0,0.0,0.11499999999999998,1.0,0.0,7.0,8.871428571428572,1.0,10.85,0.0,0.0,4.0,7.512499999999999,1.0,0.0,1.0,0.0,1.0,0.0,2.0,22.0,1.0,0.0,1.0,0.0,2.0,23.2
emergency_response_seed1,emergency_response,1,729.25,744.25,36.0,10.162498563385155,2.7625,5.0,20.75,0.0,0.0,0.0,0.0,0.0,2.0,0.0,0.13333333333333333,-0.06666666666666667,-0.02333333333333333,5.0,6.262499461854139,5.94,20.1,2.0,0.0,0.2,0.0,0.06666666666666667,0.22600000000000003,1.0,15.922295015918285,0.0,0.0,0.0,0.0,0.06666666666666667,0.0,0.0,0.0,1.0,15.4577537338638,0.0,0.0,0.0,2.0,0.06666666666666667,0.06666666666666667,-0.06666666666666667,-0.6,3.0,7.786312737350348,4.883333333333334,14.65,1.0,0.0,0.13333333333333333,0.0,0.06666666666666667,0.3255555555555556,0.0,0.0,0.0,0.0,0.0,0.0,0.0,0.06666666666666667,0.0,0.0,0.0,0.0,0.0,0.0,0.0,2.0,0.0,0.06666666666666667,0.0,0.0,3.0,10.195743888879877,0.0,0.0,0.0,2.0,0.13333333333333333,0.3333333333333333,-0.3333333333333333,-1.9272222222222222,2.0,6.9369616338930795,13.775,27.55,1.0,0.0,0.06666666666666667,0.0,0.0,0.08166666666666664,0.0,0.0,0.0,0.0,0.0,2.0,0.0,0.06666666666666667,0.0,0.0,2.0,11.179764911470706,0.0,0.0,0.0,2.0,0.13333333333333333,0.3333333333333333,-0.26666666666666666,-1.698,2.0,8.297677223218606,13.775,27.55,1.0,0.0,0.06666666666666667,0.0,0.0,0.08166666666666664,1.0,0.0,7.0,9.3,1.0,11.85,0.0,0.0,4.0,8.225,1.0,0.0,1.0,0.0,1.0,0.0,2.0,23.0,1.0,0.0,1.0,0.0,2.0,24.2
emergency_response_seed1,emergency_response,1,730.25,745.25,35.0,10.298621118492237,2.9842857142857144,5.0,19.75,0.0,0.0,0.0,0.0,0.0,2.0,0.0,0.13333333333333333,-0.06666666666666667,-0.056666666666666664,5.0,6.677505683771292,6.340000000000001,21.1,2.0,0.0,0.2,0.0,0.06666666666666667,0.2193333333333334,1.0,12.083330111678677,0.0,0.0,0.0,0.0,0.06666666666666667,0.0,0.0,0.0,1.0,15.429908532784998,0.0,0.0,0.0,2.0,0.06666666666666667,0.06666666666666667,-0.06666666666666667,-0.6666666666666666,3.0,7.808260596035652,5.216666666666667,15.65,1.0,0.0,0.13333333333333333,0.0,0.0,0.3044444444444444,0.0,0.0,0.0,0.0,0.0,0.0,0.0,0.06666666666666667,0.0,0.0,0.0,0.0,0.0,0.0,0.0,2.0,0.0,0.06666666666666667,0.0,0.0,3.0,10.529873772366427,0.0,0.0,0.0,2.0,0.13333333333333333,0.3333333333333333,-0.3333333333333333,-1.9827777777777775,2.0,6.936057859663852,14.275,28.55,1.0,0.0,0.06666666666666667,0.0,0.0,0.04833333333333331,0.0,0.0,0.0,0.0,0.0,2.0,0.0,0.06666666666666667,-0.06666666666666667,-0.06666666666666667,2.0,11.24699561002604,0.0,0.0,0.0,2.0,0.13333333333333333,0.3333333333333333,-0.26666666666666666,-1.7513333333333334,2.0,8.279633445087821,14.275,28.55,1.0,0.0,0.06666666666666667,0.0,0.0,0.04833333333333331,1.0,0.0,7.0,9.72857142857143,1.0,12.85,0.0,0.0,4.0,8.975,1.0,0.0,1.0,0.0,1.0,0.0,2.0,24.0,1.0,0.0,1.0,0.0,2.0,25.2
emergency_response_seed1,emergency_response,1,731.25,746.25,36.0,10.325482823576229,3.040277777777778,5.0,18.75,1.0,11.177470741891588,0.0,0.0,0.0,2.0,0.06666666666666667,0.13333333333333333,-0.06666666666666667,-0.09000000000000001,5.0,7.078246122942346,6.74,22.1,2.0,0.0,0.2,0.0,0.06666666666666667,0.2126666666666667,1.0,6.597136472024673,0.0,0.0,0.0,0.0,0.06666666666666667,0.0,0.0,0.0,1.0,15.440478909166277,0.0,0.0,0.0,2.0,0.06666666666666667,0.06666666666666667,-0.06666666666666667,-0.7333333333333333,3.0,7.8152208398653045,5.55,16.65,1.0,0.0,0.13333333333333333,0.0,0.0,0.26,0.0,0.0,0.0,0.0,0.0,0.0,0.0,0.06666666666666667,0.0,0.0,0.0,0.0,0.0,0.0,0.0,2.0,0.0,0.06666666666666667,0.0,0.0,2.0,12.419819675635,0.0,0.0,0.0,2.0,0.13333333333333333,0.4,-0.3333333333333333,-2.038333333333333,2.0,6.916154898119858,14.775,29.55,1.0,0.0,0.06666666666666667,0.0,0.0,0.014999999999999977,0.0,0.0,0.0,0.0,0.0,2.0,0.0,0.06666666666666667,-0.06666666666666667,-0.13333333333333333,2.0,11.27473014819807,0.0,0.0,0.0,2.0,0.13333333333333333,0.3333333333333333,-0.26666666666666666,-1.8046666666666666,2.0,8.323169503366575,14.775,29.55,1.0,0.0,0.06666666666666667,0.0,0.0,0.014999999999999977,1.0,0.0,7.0,10.3,1.0,13.85,0.0,0.0,4.0,9.725,1.0,0.5,1.0,0.0,1.0,0.0,2.0,25.0,0.0,0.0,1.0,0.0,2.0,26.2
emergency_response_seed1,emergency_response,1,732.25,747.25,36.0,10.197460148832421,3.1791666666666667,5.0,17.75,1.0,11.14596385636512,0.0,0.0,0.0,2.0,0.06666666666666667,0.13333333333333333,-0.06666666666666667,-0.12333333333333334,5.0,7.489596869604933,7.140000000000001,23.1,2.0,0.0,0.2,0.0,0.06666666666666667,0.20600000000000004,1.0,1.1048267609564184,0.0,0.0,0.0,0.0,0.06666666666666667,0.0,0.0,0.0,1.0,15.457420928453773,0.0,0.0,0.0,2.0,0.06666666666666667,0.06666666666666667,-0.06666666666666667,-0.8,3.0,7.848628772217203,5.883333333333333,17.65,1.0,0.0,0.13333333333333333,0.0,0.0,0.21555555555555553,1.0,13.89,0.0,0.0,0.0,0.0,0.06666666666666667,0.0,0.0,0.0,0.0,0.0,0.0,0.0,0.0,2.0,0.0,0.06666666666666667,0.0,0.0,2.0,12.364300303704141,0.0,0.0,0.0,2.0,0.13333333333333333,0.4,-0.3333333333333333,-2.093888888888889,2.0,6.937619692774606,15.275,30.55,1.0,0.0,0.06666666666666667,0.0,0.0,-0.018333333333333358,0.0,0.0,0.0,0.0,0.0,2.0,0.0,0.06666666666666667,-0.06666666666666667,-0.2,2.0,11.330369963904555,0.0,0.0,0.0,2.0,0.13333333333333333,0.3333333333333333,-0.26666666666666666,-1.8579999999999999,2.0,6.680719924391855,15.275,30.55,1.0,0.0,0.06666666666666667,0.0,0.0,-0.018333333333333358,0.0,0.0,7.0,10.87857142857143,1.0,14.85,0.0,0.0,4.0,10.475,1.0,1.5,1.0,0.0,1.0,0.0,2.0,26.0,0.0,0.0,1.0,0.0,2.0,27.2
emergency_response_seed1,emergency_response,1,733.25,748.25,36.0,10.025046760038954,3.341666666666667,6.0,16.75,1.0,11.151017919755827,0.0,0.0,0.0,2.0,0.06666666666666667,0.13333333333333333,-0.06666666666666667,-0.15666666666666668,5.0,6.953143004787316,7.540000000000001,24.1,2.0,0.0,0.2,0.0,0.06666666666666667,0.19933333333333342,1.0,0.0,0.85,0.85,1.0,0.0,0.06666666666666667,0.0,0.06666666666666667,0.056666666666666664,1.0,15.49235472896111,0.0,0.0,0.0,2.0,0.06666666666666667,0.06666666666666667,-0.06666666666666667,-0.8666666666666667,3.0,7.8660234292421265,6.216666666666666,18.65,1.0,0.0,0.13333333333333333,0.0,0.0,0.17111111111111107,1.0,14.081604831489324,0.0,0.0,0.0,0.0,0.06666666666666667,0.0,0.0,0.0,0.0,0.0,0.0,0.0,0.0,2.0,0.0,0.06666666666666667,0.0,0.0,2.0,12.408425994578785,0.0,0.0,0.0,2.0,0.13333333333333333,0.4,-0.3333333333333333,-2.1494444444444443,2.0,6.527185432564017,15.775,31.55,1.0,0.0,0.06666666666666667,0.0,0.0,-0.05166666666666669,0.0,0.0,0.0,0.0,0.0,2.0,0.0,0.06666666666666667,-0.06666666666666667,-0.26666666666666666,2.0,11.352270693610967,0.0,0.0,0.0,2.0,0.13333333333333333,0.3333333333333333,-0.26666666666666666,-1.911333333333333,2.0,4.673620380272263,15.775,31.55,1.0,0.0,0.06666666666666667,0.0,0.0,-0.05166666666666669,0.0,0.0,8.0,10.14375,1.0,15.85,0.0,0.0,4.0,11.225,1.0,2.5,1.0,0.0,1.0,0.0,2.0,27.0,0.0,0.0,1.0,0.0,2.0,28.2
emergency_response_seed1,emergency_response,1,734.25,749.25,37.0,9.89217018665757,3.4135135135135135,6.0,15.75,1.0,11.185561786253524,0.0,0.0,0.0,2.0,0.06666666666666667,0.13333333333333333,-0.06666666666666667,-0.19,5.0,6.290141496656341,7.94,25.1,2.0,0.0,0.2,0.0,0.06666666666666667,0.1926666666666667,1.0,0.0,1.85,1.85,1.0,0.0,0.06666666666666667,0.0,0.06666666666666667,0.12333333333333334,1.0,15.256066950865417,0.0,0.0,0.0,2.0,0.06666666666666667,0.06666666666666667,-0.06666666666666667,-0.9333333333333333,3.0,7.883984917636364,6.55,19.65,1.0,0.0,0.13333333333333333,0.0,0.0,0.12666666666666662,1.0,14.176405043138713,0.0,0.0,0.0,0.0,0.06666666666666667,0.0,0.0,0.0,0.0,0.0,0.0,0.0,0.0,2.0,0.0,0.06666666666666667,0.0,0.0,2.0,12.401608768214274,0.0,0.0,0.0,2.0,0.13333333333333333,0.4,-0.3333333333333333,-2.2049999999999996,2.0,4.90584216514976,16.275,32.55,1.0,0.0,0.06666666666666667,0.0,0.0,-0.08500000000000014,1.0,13.852122905079742,0.0,0.0,0.0,2.0,0.06666666666666667,0.06666666666666667,-0.06666666666666667,-0.3333333333333333,2.0,11.352448955088988,0.0,0.0,0.0,2.0,0.13333333333333333,0.3333333333333333,-0.26666666666666666,-1.9646666666666666,2.0,2.8732006715943603,16.275,32.55,1.0,0.0,0.06666666666666667,0.0,0.0,-0.08500000000000014,0.0,0.0,8.0,10.76875,2.0,8.425,1.0,0.0,4.0,11.975,1.0,3.5,1.0,0.0,1.0,0.0,2.0,28.0,0.0,0.0,1.0,0.0,2.0,29.2
emergency_response_seed1,emergency_response,1,735.25,750.25,37.0,9.502299461776914,3.5756756756756753,6.0,14.75,1.0,11.172080550983368,0.0,0.0,0.0,2.0,0.06666666666666667,0.13333333333333333,0.0,0.0,5.0,5.736641416956135,8.34,26.1,2.0,0.0,0.13333333333333333,0.0,0.0,0.296,1.0,0.0,2.85,2.85,1.0,0.0,0.0,0.0,0.06666666666666667,0.19,0.0,0.0,0.0,0.0,0.0,2.0,0.0,0.13333333333333333,0.0,0.0,3.0,6.787920089416841,6.883333333333333,20.65,1.0,0.0,0.06666666666666667,0.0,0.0,0.2705555555555555,1.0,14.072389383351952,0.0,0.0,0.0,0.0,0.06666666666666667,0.0,0.0,0.0,0.0,0.0,0.0,0.0,0.0,2.0,0.0,0.06666666666666667,0.0,0.0,2.0,12.409122445105961,0.0,0.0,0.0,2.0,0.06666666666666667,0.4,-0.3333333333333333,-1.3723809523809523,2.0,3.4370453188271557,16.775,33.55,1.0,0.0,0.0,0.0,0.0,0.4999999999999999,1.0,13.834947891859338,0.0,0.0,0.0,2.0,0.06666666666666667,0.06666666666666667,0.0,0.0,2.0,11.37364799544454,0.0,0.0,0.0,2.0,0.06666666666666667,0.3333333333333333,-0.2,-0.5005555555555555,2.0,1.5387360488288846,16.775,33.55,1.0,0.0,0.0,0.0,0.0,0.4999999999999999,0.0,0.0,8.0,11.39375,2.0,8.925,1.0,0.0,5.0,10.18,1.0,4.5,1.0,0.0,1.0,0.0,2.0,29.0,0.0,0.0,1.0,0.0,2.0,30.2
emergency_response_seed1,emergency_response,1,740.25,755.25,35.0,7.525256328107262,4.7299999999999995,8.0,9.75,1.0,11.205078099337692,0.0,0.0,0.0,2.0,0.06666666666666667,0.0,0.0,0.0,6.0,2.4172939771622968,8.85,31.1,3.0,0.0,0.13333333333333333,0.0,0.06666666666666667,0.22833333333333325,1.0,0.0,7.85,7.85,1.0,0.0,0.0,0.0,0.06666666666666667,0.5233333333333333,0.0,0.0,0.0,0.0,0.0,2.0,0.0,0.06666666666666667,0.0,0.0,4.0,1.230625870933371,6.4125,25.65,1.0,0.0,0.06666666666666667,0.0,0.0,0.1908333333333333,1.0,14.132474136623143,0.0,0.0,0.0,0.0,0.06666666666666667,0.0,0.0,0.0,1.0,12.295502865642876,0.0,0.0,0.0,2.0,0.06666666666666667,0.0,0.0,0.0,0.0,0.0,0.0,0.0,0.0,2.0,0.0,0.3333333333333333,0.0,0.0,2.0,0.08962069108774111,19.275,38.55,1.0,0.0,0.0,0.0,0.0,0.4999999999999999,1.0,13.869231359367259,0.0,0.0,0.0,2.0,0.06666666666666667,0.0,0.0,0.0,0.0,0.0,0.0,0.0,0.0,2.0,0.0,0.26666666666666666,0.0,0.0,2.0,0.004707488404848909,20.2,38.55,2.0,0.0,0.0,0.0,0.06666666666666667,0.5616666666666666,0.0,0.0,8.0,14.51875,2.0,11.425,1.0,0.0,5.0,13.180000000000001,1.0,9.5,1.0,0.5,2.0,0.0,2.0,0.0,0.0,0.0,1.0,0.0,1.0,0.0
emergency_response_seed1,emergency_response,1,741.25,756.25,35.0,7.196498184199736,4.9714285714285715,9.0,8.75,1.0,11.157721088804823,0.0,0.0,0.0,2.0,0.06666666666666667,0.0,0.0,0.0,7.0,2.241057903046748,8.014285714285714,32.1,3.0,0.0,0.13333333333333333,0.0,0.06666666666666667,0.21828571428571428,1.0,0.0,8.85,8.85,1.0,0.0,0.0,0.0,0.06666666666666667,0.59,0.0,0.0,0.0,0.0,0.0,2.0,0.0,0.06666666666666667,0.0,0.0,4.0,1.429319287854983,6.6625,26.65,1.0,0.0,0.06666666666666667,0.0,0.0,0.18527777777777776,1.0,14.116852539616227,0.0,0.0,0.0,0.0,0.06666666666666667,0.0,0.0,0.0,1.0,12.30682071975326,0.0,0.0,0.0,2.0,0.06666666666666667,0.0,0.0,0.0,0.0,0.0,0.0,0.0,0.0,2.0,0.0,0.3333333333333333,0.0,0.0,2.0,0.03214554355935665,20.0,39.55,2.0,0.0,0.0,0.0,0.06666666666666667,0.515,1.0,13.850964651741087,0.0,0.0,0.0,2.0,0.06666666666666667,0.0,0.0,0.0,0.0,0.0,0.0,0.0,0.0,2.0,0.0,0.2,0.0,0.0,2.0,0.001319371399543068,21.2,39.55,2.0,0.0,0.0,0.0,0.06666666666666667,0.595,0.0,0.0,8.0,15.14375,2.0,11.925,1.0,0.0,5.0,13.780000000000001,1.0,10.5,1.0,1.5,2.0,0.175,2.0,0.0,0.0,0.0,2.0,0.0,1.0,0.0
emergency_response_seed1,emergency_response,1,742.25,757.25,35.0,7.273429912291783,5.24,10.0,7.75,1.0,11.170492524829747,0.0,0.0,0.0,2.0,0.06666666666666667,0.0,0.0,0.0,7.0,2.341502388780654,8.442857142857143,33.1,3.0,0.0,0.13333333333333333,0.0,0.06666666666666667,0.22019047619047616,1.0,0.0,9.85,9.85,1.0,0.0,0.0,0.0,0.06666666666666667,0.6566666666666666,0.0,0.0,0.0,0.0,0.0,2.0,0.0,0.06666666666666667,0.0,0.0,4.0,1.7414984972946288,7.012499999999999,27.65,2.0,0.0,0.06666666666666667,0.0,0.06666666666666667,0.18638888888888883,1.0,14.158661582021564,0.0,0.0,0.0,0.0,0.06666666666666667,0.0,0.0,0.0,1.0,12.315682834431165,0.0,0.0,0.0,2.0,0.06666666666666667,0.0,0.0,0.0,1.0,13.83537860824843,0.0,0.0,0.0,2.0,0.06666666666666667,0.26666666666666666,0.0,0.0,2.0,0.011808064209898357,21.0,40.55,2.0,0.0,0.0,0.0,0.06666666666666667,0.5483333333333333,1.0,13.862945042094216,0.0,0.0,0.0,2.0,0.06666666666666667,0.0,0.0,0.0,0.0,0.0,0.0,0.0,0.0,2.0,0.0,0.2,0.0,0.0,2.0,0.0003810229432890717,22.2,40.55,2.0,0.0,0.0,0.0,0.06666666666666667,0.6283333333333333,0.0,0.0,9.0,14.016666666666667,2.0,12.425,1.0,0.0,5.0,14.38,1.0,11.5,1.0,2.5,2.0,0.675,1.0,0.0,0.0,0.0,2.0,0.35,1.0,0.0
emergency_response_seed1,emergency_response,1,743.25,758.25,35.0,7.395164076007838,5.525714285714286,10.0,6.75,1.0,11.172073596793048,0.0,0.0,0.0,2.0,0.06666666666666667,0.0,0.0,0.0,7.0,2.487359229597305,8.871428571428572,34.1,3.0,0.0,0.13333333333333333,0.0,0.06666666666666667,0.22209523809523807,1.0,0.0,10.85,10.85,1.0,0.0,0.0,0.0,0.06666666666666667,0.7233333333333333,0.0,0.0,0.0,0.0,0.0,2.0,0.0,0.06666666666666667,0.0,0.0,4.0,2.1787269574716586,7.512499999999999,28.65,2.0,0.0,0.06666666666666667,0.0,0.06666666666666667,0.19749999999999995,1.0,13.893207202810679,0.0,0.0,0.0,0.0,0.06666666666666667,0.0,0.0,0.0,1.0,12.2904650691595,0.0,0.0,0.0,2.0,0.06666666666666667,0.0,0.0,0.0,1.0,13.83906576409354,0.0,0.0,0.0,2.0,0.06666666666666667,0.26666666666666666,0.0,0.0,2.0,0.004272655261803672,22.0,41.55,2.0,0.0,0.0,0.0,0.06666666666666667,0.5816666666666667,1.0,13.882614379494918,0.0,0.0,0.0,2.0,0.06666666666666667,0.0,0.0,0.0,1.0,13.859994074499701,0.0,0.0,0.0,2.0,0.06666666666666667,0.13333333333333333,0.0,0.0,2.0,0.00010666998611139983,23.2,41.55,2.0,0.0,0.0,0.0,0.06666666666666667,0.6616666666666666,1.0,0.0,9.0,14.572222222222223,2.0,12.925,1.0,0.0,5.0,14.979999999999999,1.0,12.5,1.0,3.5,2.0,1.175,1.0,0.0,0.0,0.0,2.0,0.85,1.0,0.0
emergency_response_seed1,emergency_response,1,744.25,759.25,34.0,7.110533198606788,6.007352941176471,11.0,5.75,1.0,11.14699289596901,0.0,0.0,0.0,2.0,0.06666666666666667,0.0,0.0,0.0,7.0,2.648115359627094,9.3,35.1,3.0,0.0,0.13333333333333333,0.0,0.06666666666666667,0.22400000000000003,1.0,0.0,11.85,11.85,1.0,0.0,0.0,0.0,0.06666666666666667,0.7899999999999999,0.0,0.0,0.0,0.0,0.0,2.0,0.0,0.06666666666666667,0.0,0.0,4.0,2.647452597050088,8.225,29.65,3.0,0.0,0.06666666666666667,0.0,0.13333333333333333,0.2227777777777777,1.0,8.495065392617722,0.0,0.0,0.0,0.0,0.06666666666666667,0.0,0.0,0.0,1.0,12.27527875154522,0.0,0.0,0.0,2.0,0.06666666666666667,0.0,0.0,0.0,1.0,13.876840759232874,0.0,0.0,0.0,2.0,0.06666666666666667,0.2,0.0,0.0,2.0,0.0015808413442673461,23.0,42.55,2.0,0.0,0.0,0.0,0.06666666666666667,0.615,1.0,13.84024799034116,0.0,0.0,0.0,2.0,0.06666666666666667,0.0,0.0,0.0,1.0,13.830202901266748,0.0,0.0,0.0,2.0,0.06666666666666667,0.13333333333333333,0.0,0.0,2.0,3.0015655527452798e-05,24.2,42.55,2.0,0.0,0.0,0.0,0.06666666666666667,0.695,1.0,0.0,9.0,15.238888888888889,2.0,13.425,1.0,0.0,6.0,12.983333333333333,1.0,13.5,1.0,4.5,2.0,1.675,1.0,0.0,0.0,0.0,2.0,1.35,1.0,0.0
emergency_response_seed1,emergency_response,1,745.25,760.25,33.0,6.9410275012263245,6.5227272727272725,11.0,4.75,1.0,11.203898544587714,0.0,0.0,0.0,2.0,0.06666666666666667,0.0,0.0,0.0,7.0,2.7059137725132953,9.72857142857143,36.1,3.0,0.0,0.13333333333333333,0.0,0.06666666666666667,0.2259047619047619,1.0,0.0,12.85,12.85,1.0,0.0,0.0,0.0,0.06666666666666667,0.8566666666666667,0.0,0.0,0.0,0.0,0.0,2.0,0.0,0.06666666666666667,0.0,0.0,4.0,3.116767308556718,8.975,30.65,3.0,0.0,0.06666666666666667,0.0,0.13333333333333333,0.25055555555555553,1.0,2.997608222555465,0.0,0.0,0.0,0.0,0.06666666666666667,0.0,0.0,0.0,1.0,12.281946048826313,0.0,0.0,0.0,2.0,0.06666666666666667,0.0,0.0,0.0,1.0,13.8670964314288,0.0,0.0,0.0,2.0,0.06666666666666667,0.2,0.0,0.0,2.0,0.0005606729100892906,24.0,43.55,2.0,0.0,0.0,0.0,0.06666666666666667,0.6483333333333333,1.0,13.869709565117956,0.0,0.0,0.0,2.0,0.06666666666666667,0.0,0.0,0.0,1.0,13.850240304537584,0.0,0.0,0.0,2.0,0.06666666666666667,0.13333333333333333,0.0,0.0,2.0,8.431587978294292e-06,25.2,43.55,2.0,0.0,0.0,0.0,0.06666666666666667,0.7283333333333333,1.0,0.0,9.0,15.905555555555557,2.0,13.925,1.0,0.0,6.0,13.608333333333334,1.0,14.5,1.0,5.5,2.0,2.175,1.0,0.0,0.0,0.0,2.0,1.85,1.0,0.0
emergency_response_seed1,emergency_response,1,749.25,764.25,31.0,6.1050198932260376,8.670967741935485,14.0,0.75,0.0,0.0,0.0,0.0,0.0,2.0,0.0,0.06666666666666667,0.0,0.0,8.0,3.6546547870157293,10.76875,40.1,5.0,0.0,0.2,0.0,0.2,0.18858333333333335,2.0,0.4977520984672982,8.425,16.85,1.0,0.0,0.06666666666666667,0.0,0.0,0.4383333333333334,1.0,13.830754137865734,0.0,0.0,0.0,2.0,0.06666666666666667,0.06666666666666667,0.0,0.0,4.0,3.164108212061199,11.975,34.65,3.0,0.0,0.06666666666666667,0.0,0.13333333333333333,0.36166666666666664,1.0,0.0,3.5,3.5,1.0,0.0,0.0,0.0,0.06666666666666667,0.23333333333333334,1.0,12.319243064377325,0.0,0.0,0.0,2.0,0.06666666666666667,0.0,0.0,0.0,1.0,13.848064250733005,0.0,0.0,0.0,2.0,0.06666666666666667,0.13333333333333333,0.0,0.0,2.0,9.902573935286178e-06,28.0,47.55,2.0,0.0,0.0,0.0,0.06666666666666667,0.7816666666666667,0.0,0.0,0.0,0.0,0.0,2.0,0.0,0.06666666666666667,0.0,0.0,1.0,13.872920217196224,0.0,0.0,0.0,2.0,0.06666666666666667,0.13333333333333333,0.0,0.0,2.0,0.0,29.2,47.55,2.0,0.0,0.0,0.0,0.06666666666666667,0.8616666666666667,1.0,0.0,9.0,18.805555555555557,2.0,15.925,1.0,1.4,6.0,16.275000000000002,2.0,9.25,1.0,9.5,3.0,2.783333333333333,1.0,0.0,0.0,0.0,2.0,3.85,1.0,0.0
emergency_response_seed1,emergency_response,1,750.25,765.25,31.0,5.949876237508722,9.12258064516129,14.0,2.75,0.0,0.0,0.0,0.0,0.0,1.0,0.0,0.06666666666666667,0.0,0.0,8.0,3.6935295980659046,11.39375,41.1,5.0,0.0,0.2,0.0,0.2,0.2035833333333334,2.0,1.5502569309556236,8.925,17.85,1.0,0.0,0.06666666666666667,0.0,0.0,0.4050000000000001,1.0,13.873799370320048,0.0,0.0,0.0,1.0,0.06666666666666667,0.0,0.0,0.0,5.0,3.2289240682747598,10.18,35.65,3.0,0.0,0.13333333333333333,0.0,0.13333333333333333,0.2197777777777778,1.0,0.0,4.5,4.5,1.0,0.0,0.0,0.0,0.06666666666666667,0.3,1.0,12.303878300245952,0.0,0.0,0.0,1.0,0.06666666666666667,0.0,0.0,0.0,1.0,13.849337991533103,0.0,0.0,0.0,1.0,0.06666666666666667,0.13333333333333333,0.0,0.0,2.0,3.604424672369965e-06,29.0,48.55,2.0,0.0,0.0,0.0,0.06666666666666667,0.8150000000000001,0.0,0.0,0.0,0.0,0.0,1.0,0.0,0.06666666666666667,0.0,0.0,1.0,13.869993369961158,0.0,0.0,0.0,1.0,0.06666666666666667,0.13333333333333333,0.0,0.0,2.0,0.0,30.2,48.55,2.0,0.0,0.0,0.0,0.06666666666666667,0.895,1.0,0.0,9.0,19.694444444444443,2.0,16.425,1.0,2.4,6.0,16.941666666666666,2.0,9.75,1.0,10.5,3.0,3.1166666666666667,1.0,0.0,0.0,0.0,3.0,2.9,1.0,0.0
emergency_response_seed1,emergency_response,1,751.25,766.25,31.0,6.119257127756191,9.574193548387097,14.0,1.75,0.0,0.0,0.0,0.0,0.0,1.0,0.0,0.06666666666666667,0.0,0.0,8.0,3.6840583447352895,12.01875,42.1,5.0,0.0,0.2,0.0,0.2,0.21858333333333338,2.0,2.526036324233103,9.425,18.85,1.0,0.0,0.06666666666666667,0.0,0.0,0.37166666666666676,1.0,13.86471130574937,0.0,0.0,0.0,1.0,0.06666666666666667,0.0,0.0,0.0,5.0,3.7346873674596517,10.78,36.65,3.0,0.0,0.13333333333333333,0.0,0.13333333333333333,0.23755555555555558,1.0,0.0,5.5,5.5,1.0,0.0,0.0,0.0,0.06666666666666667,0.36666666666666664,1.0,12.317954111584797,0.0,0.0,0.0,1.0,0.06666666666666667,0.0,0.0,0.0,1.0,13.871741065736861,0.0,0.0,0.0,1.0,0.06666666666666667,0.06666666666666667,0.0,0.0,2.0,0.0,30.0,49.55,2.0,0.0,0.0,0.0,0.06666666666666667,0.8483333333333334,0.0,0.0,0.0,0.0,0.0,1.0,0.0,0.06666666666666667,0.0,0.0,1.0,13.839540493626847,0.0,0.0,0.0,1.0,0.06666666666666667,0.13333333333333333,0.0,0.0,2.0,0.0,31.2,49.55,2.0,0.0,0.0,0.0,0.06666666666666667,0.9283333333333333,1.0,0.0,9.0,20.583333333333332,2.0,16.925,1.0,3.4,6.0,17.608333333333334,2.0,10.25,1.0,11.5,3.0,3.4499999999999997,1.0,0.0,0.0,0.0,3.0,3.233333333333333,1.0,0.0
emergency_response_seed1,emergency_response,1,752.25,767.25,30.0,6.053954063043705,10.360000000000001,14.0,0.75,0.0,0.0,0.0,0.0,0.0,1.0,0.0,0.06666666666666667,0.0,0.0,8.0,3.687652179284621,12.64375,43.1,5.0,0.0,0.2,0.0,0.2,0.23358333333333334,2.0,3.472839909623546,9.925,19.85,1.0,0.0,0.06666666666666667,0.0,0.0,0.33833333333333343,1.0,13.839320585223614,0.0,0.0,0.0,1.0,0.06666666666666667,0.0,0.0,0.0,5.0,4.148921070647023,11.379999999999999,37.65,3.0,0.0,0.13333333333333333,0.0,0.13333333333333333,0.2553333333333333,1.0,0.0,6.5,6.5,1.0,0.0,0.0,0.0,0.06666666666666667,0.43333333333333335,1.0,11.426857872007675,0.0,0.0,0.0,1.0,0.06666666666666667,0.0,0.0,0.0,1.0,13.861660183409695,0.0,0.0,0.0,1.0,0.06666666666666667,0.06666666666666667,0.0,0.0,2.0,0.0,31.0,50.55,2.0,0.0,0.0,0.0,0.06666666666666667,0.8816666666666667,0.0,0.0,0.0,0.0,0.0,1.0,0.0,0.06666666666666667,0.0,0.0,1.0,13.864532544823597,0.0,0.0,0.0,1.0,0.06666666666666667,0.13333333333333333,0.0,0.0,2.0,0.0,32.199999999999996,50.55,2.0,0.0,0.0,0.0,0.06666666666666667,0.9616666666666664,1.0,0.0,9.0,21.47222222222222,2.0,17.425,1.0,4.4,6.0,18.275000000000002,2.0,10.75,1.0,12.5,3.0,3.783333333333333,1.0,0.0,1.0,0.0,3.0,3.5666666666666664,1.0,0.0
emergency_response_seed1,emergency_response,1,753.25,768.25,30.0,5.910117648913692,7.39,12.0,11.75,0.0,0.0,0.0,0.0,0.0,0.0,0.0,0.06666666666666667,0.0,0.0,8.0,3.470668398257695,13.26875,44.1,5.0,0.0,0.2,0.0,0.2,0.24858333333333332,2.0,4.4493248010430815,10.425,20.85,1.0,0.0,0.06666666666666667,0.0,0.0,0.30500000000000005,1.0,13.831336353942753,0.0,0.0,0.0,0.0,0.06666666666666667,0.0,0.0,0.0,5.0,3.9967355751819573,11.98,38.65,3.0,0.0,0.13333333333333333,0.0,0.13333333333333333,0.2731111111111112,1.0,0.0,7.5,7.5,1.0,0.0,0.0,0.0,0.06666666666666667,0.5,1.0,6.944288171284173,0.0,0.0,0.0,0.0,0.06666666666666667,0.0,0.0,0.0,1.0,12.065959840239534,0.0,0.0,0.0,0.0,0.06666666666666667,0.06666666666666667,0.0,0.0,2.0,0.2707317396167733,6.225,12.45,1.0,2.0,0.0,0.0,0.0,-0.8033333333333332,0.0,0.0,0.0,0.0,0.0,0.0,0.0,0.06666666666666667,0.0,0.0,1.0,13.887231592704776,0.0,0.0,0.0,0.0,0.06666666666666667,0.13333333333333333,0.0,0.0,2.0,0.3559806669522646,7.425,14.85,1.0,2.0,0.0,0.0,0.0,-0.7233333333333332,1.0,0.0,9.0,10.394444444444444,2.0,17.925,1.0,0.0,6.0,10.0,2.0,11.25,1.0,0.0,3.0,4.116666666666666,1.0,0.0,1.0,0.0,3.0,3.9,1.0,0.0
emergency_response_seed1,emergency_response,1,754.25,769.25,29.0,5.357721745626919,7.048275862068966,10.0,10.75,0.0,0.0,0.0,0.0,0.0,0.0,0.0,0.06666666666666667,0.0,0.0,8.0,3.220077377870811,13.89375,45.1,5.0,0.0,0.13333333333333333,0.0,0.13333333333333333,0.36958333333333343,2.0,5.473042868638127,10.925,21.85,1.0,0.0,0.06666666666666667,0.0,0.0,0.2716666666666667,1.0,13.841154057029636,0.0,0.0,0.0,0.0,0.06666666666666667,0.0,0.0,0.0,5.0,3.495761030010418,12.58,39.65,3.0,0.0,0.13333333333333333,0.0,0.13333333333333333,0.29088888888888886,1.0,0.0,8.5,8.5,1.0,0.0,0.0,0.0,0.06666666666666667,0.5666666666666667,1.0,2.4487689179861998,0.0,0.0,0.0,0.0,0.06666666666666667,0.0,0.0,0.0,1.0,7.5822139847394805,0.0,0.0,0.0,0.0,0.06666666666666667,0.06666666666666667,0.0,0.0,1.0,1.1936948747901035,0.0,0.0,0.0,2.0,0.0,0.06666666666666667,-0.06666666666666667,-1.2516666666666665,0.0,0.0,0.0,0.0,0.0,0.0,0.0,0.06666666666666667,0.0,0.0,1.0,10.508922899125139,0.0,0.0,0.0,0.0,0.06666666666666667,0.06666666666666667,0.0,0.0,1.0,1.7289323452823342,0.0,0.0,0.0,2.0,0.0,0.06666666666666667,-0.13333333333333333,-1.28,1.0,0.0,8.0,5.64375,2.0,18.425,0.0,0.0,5.0,0.12,2.0,11.75,0.0,0.0,3.0,4.45,1.0,0.0,1.0,0.0,3.0,4.233333333333333,1.0,0.0
emergency_response_seed1,emergency_response,1,755.25,770.25,31.0,5.1324273658185895,6.932258064516129,11.0,9.75,0.0,0.0,0.0,0.0,0.0,0.0,0.0,0.06666666666666667,0.0,0.0,8.0,2.8151178818170663,14.51875,46.1,5.0,0.0,0.13333333333333333,0.0,0.13333333333333333,0.37791666666666673,2.0,6.420468388283466,11.425,22.85,1.0,0.0,0.06666666666666667,0.0,0.0,0.2383333333333334,1.0,13.831489454837284,0.0,0.0,0.0,0.0,0.06666666666666667,0.0,0.0,0.0,5.0,3.018043510607313,13.180000000000001,40.65,3.0,0.0,0.06666666666666667,0.0,0.13333333333333333,0.45116666666666677,1.0,0.0,9.5,9.5,1.0,0.0,0.0,0.0,0.06666666666666667,0.6333333333333333,1.0,0.0,0.5,0.5,1.0,0.0,0.0,0.0,0.06666666666666667,0.03333333333333333,2.0,6.104377663680072,0.0,0.0,0.0,0.0,0.13333333333333333,0.0,0.0,0.0,2.0,2.827265169128273,0.0,0.0,0.0,2.0,0.06666666666666667,0.06666666666666667,-0.06666666666666667,-1.285,0.0,0.0,0.0,0.0,0.0,0.0,0.0,0.06666666666666667,0.0,0.0,1.0,6.010512179580061,0.0,0.0,0.0,0.0,0.06666666666666667,0.0,0.0,0.0,1.0,3.49516634996142,0.0,0.0,0.0,2.0,0.0,0.06666666666666667,-0.13333333333333333,-1.3466666666666667,1.0,0.0,8.0,1.7625,2.0,19.325,0.0,0.0,5.0,0.0,2.0,12.25,0.0,0.0,3.0,4.783333333333333,1.0,0.0,1.0,0.0,3.0,4.566666666666666,1.0,0.3
emergency_response_seed1,emergency_response,1,756.25,771.25,33.0,5.0772625479965,6.856060606060606,12.0,8.75,0.0,0.0,0.0,0.0,0.0,0.0,0.0,0.06666666666666667,0.0,0.0,8.0,2.4782031413065284,15.14375,47.1,5.0,0.0,0.06666666666666667,0.0,0.13333333333333333,0.4752976190476191,2.0,6.92830520448857,11.925,23.85,1.0,0.0,0.06666666666666667,0.0,0.0,0.20500000000000007,1.0,13.839686572999927,0.0,0.0,0.0,0.0,0.06666666666666667,0.0,0.0,0.0,5.0,2.661447984329443,13.780000000000001,41.65,3.0,0.0,0.06666666666666667,0.0,0.13333333333333333,0.4745000000000001,1.0,0.0,10.5,10.5,1.0,0.0,0.0,0.0,0.06666666666666667,0.7,1.0,0.0,1.5,1.5,1.0,0.0,0.0,0.0,0.06666666666666667,0.1,2.0,5.819511650223868,0.175,0.35,1.0,0.0,0.13333333333333333,0.0,0.06666666666666667,0.011666666666666665,2.0,4.4952259596041735,0.0,0.0,0.0,2.0,0.06666666666666667,0.06666666666666667,-0.13333333333333333,-1.3333333333333333,0.0,0.0,0.0,0.0,0.0,0.0,0.0,0.06666666666666667,0.0,0.0,2.0,2.283353743723894,0.0,0.0,0.0,0.0,0.13333333333333333,0.0,0.0,0.0,1.0,5.265653734223356,0.0,0.0,0.0,2.0,0.06666666666666667,0.13333333333333333,-0.13333333333333333,-1.4133333333333333,1.0,0.0,7.0,0.0,2.0,20.325,0.0,0.0,5.0,0.0,2.0,12.75,0.0,0.0,3.0,5.233333333333333,1.0,0.0,1.0,0.0,3.0,4.8999999999999995,1.0,1.3
emergency_response_seed1,emergency_response,1,757.25,772.25,34.0,5.257364946997305,7.027941176470588,13.0,7.75,0.0,0.0,0.0,0.0,0.0,0.0,0.0,0.06666666666666667,0.0,0.0,9.0,1.9388581779050809,14.016666666666667,48.1,5.0,0.0,0.13333333333333333,0.0,0.13333333333333333,0.37158730158730163,2.0,6.914086284458172,12.425,24.85,1.0,0.0,0.06666666666666667,0.0,0.0,0.17166666666666675,1.0,13.8857538968476,0.0,0.0,0.0,0.0,0.06666666666666667,0.0,0.0,0.0,5.0,2.4673311082287084,14.38,42.65,3.0,0.0,0.06666666666666667,0.0,0.06666666666666667,0.49116666666666675,1.0,0.0,11.5,11.5,1.0,0.0,0.0,0.0,0.06666666666666667,0.7666666666666667,1.0,0.0,2.5,2.5,1.0,0.0,0.0,0.0,0.06666666666666667,0.16666666666666666,2.0,7.0211428327782865,0.675,1.35,1.0,0.0,0.06666666666666667,0.0,0.06666666666666667,0.045000000000000005,1.0,6.33641371683113,0.0,0.0,0.0,2.0,0.06666666666666667,0.13333333333333333,-0.13333333333333333,-1.4,0.0,0.0,0.0,0.0,0.0,0.0,0.0,0.06666666666666667,0.0,0.0,2.0,2.7034518938237286,0.35,0.7,1.0,0.0,0.13333333333333333,0.0,0.06666666666666667,0.02333333333333333,1.0,7.395919507076406,0.0,0.0,0.0,2.0,0.06666666666666667,0.13333333333333333,-0.13333333333333333,-1.48,1.0,0.0,6.0,0.0,2.0,21.325,0.0,0.0,4.0,0.0,2.0,13.25,1.0,0.0,4.0,4.425000000000001,1.0,0.0,1.0,0.0,3.0,5.233333333333333,1.0,2.3
emergency_response_seed1,emergency_response,1,758.25,773.25,34.0,5.592083450857821,7.410294117647059,13.0,6.75,1.0,10.910821008149833,0.0,0.0,0.0,0.0,0.06666666666666667,0.06666666666666667,0.0,0.0,9.0,1.6707837872106037,14.572222222222223,49.1,5.0,0.0,0.13333333333333333,0.0,0.13333333333333333,0.3800529100529101,2.0,6.917028174343868,12.925,25.85,1.0,0.0,0.06666666666666667,0.0,0.0,0.1383333333333334,1.0,13.844399440983544,0.0,0.0,0.0,0.0,0.06666666666666667,0.0,0.0,0.0,5.0,2.3510692702032094,14.979999999999999,43.65,3.0,0.0,0.06666666666666667,0.0,0.06666666666666667,0.4978333333333333,1.0,0.0,12.5,12.5,1.0,0.0,0.0,0.0,0.06666666666666667,0.8333333333333334,1.0,0.0,3.5,3.5,1.0,0.0,0.0,0.0,0.06666666666666667,0.23333333333333334,2.0,7.718019555937491,1.175,2.35,1.0,0.0,0.06666666666666667,0.0,0.06666666666666667,0.07833333333333334,1.0,8.064057417522529,0.0,0.0,0.0,2.0,0.06666666666666667,0.13333333333333333,-0.13333333333333333,-1.4666666666666666,0.0,0.0,0.0,0.0,0.0,0.0,0.0,0.06666666666666667,0.0,0.0,2.0,3.814822431346267,0.85,1.7,1.0,0.0,0.06666666666666667,0.0,0.06666666666666667,0.056666666666666664,1.0,9.340222992224064,0.0,0.0,0.0,2.0,0.06666666666666667,0.13333333333333333,-0.13333333333333333,-1.5466666666666666,1.0,0.0,6.0,0.0,2.0,22.325,0.0,0.0,3.0,0.0,2.0,13.75,1.0,0.0,4.0,4.925000000000001,1.0,0.3,1.0,0.0,3.0,5.866666666666666,1.0,3.3
emergency_response_seed1,emergency_response,1,759.25,774.25,34.0,5.57667101186533,7.822058823529411,14.0,5.75,1.0,10.923638364565159,0.0,0.0,0.0,0.0,0.06666666666666667,0.06666666666666667,0.0,0.0,9.0,1.4787403897922693,15.238888888888889,50.1,6.0,0.0,0.13333333333333333,0.0,0.2,0.3959259259259259,2.0,6.916424753788743,13.425,26.85,1.0,0.0,0.06666666666666667,0.0,0.0,0.10500000000000007,1.0,13.875690903958166,0.0,0.0,0.0,0.0,0.06666666666666667,0.0,0.0,0.0,6.0,2.3905307029560716,12.983333333333333,44.65,3.0,0.0,0.13333333333333333,0.0,0.0,0.3172222222222222,1.0,0.0,13.5,13.5,1.0,0.0,0.0,0.0,0.06666666666666667,0.9,1.0,0.0,4.5,4.5,1.0,0.0,0.0,0.0,0.06666666666666667,0.3,2.0,7.757167494324377,1.675,3.35,1.0,0.0,0.06666666666666667,0.0,0.06666666666666667,0.11166666666666666,1.0,9.824889704667834,0.0,0.0,0.0,2.0,0.06666666666666667,0.13333333333333333,-0.13333333333333333,-1.5333333333333334,0.0,0.0,0.0,0.0,0.0,0.0,0.0,0.06666666666666667,0.0,0.0,2.0,5.267789765469139,1.35,2.7,1.0,0.0,0.06666666666666667,0.0,0.06666666666666667,0.09000000000000001,1.0,11.535323832319499,0.0,0.0,0.0,2.0,0.06666666666666667,0.13333333333333333,-0.13333333333333333,-1.6133333333333333,0.0,0.0,6.0,0.0,2.0,23.325,0.0,0.0,2.0,0.0,2.0,14.25,1.0,0.0,4.0,5.425000000000001,1.0,1.3,1.0,0.0,3.0,6.533333333333332,1.0,4.3
emergency_response_seed1,emergency_response,1,760.25,775.25,33.0,5.685232296826294,8.506060606060606,15.0,4.75,1.0,10.89780301392737,0.0,0.0,0.0,0.0,0.06666666666666667,0.06666666666666667,0.0,0.0,9.0,1.4023083389671995,15.905555555555557,51.1,6.0,0.0,0.13333333333333333,0.0,0.2,0.41179894179894183,2.0,6.931383773586131,13.925,27.85,1.0,0.0,0.06666666666666667,0.0,0.0,0.07166666666666674,1.0,11.85716351287377,0.0,0.0,0.0,0.0,0.06666666666666667,0.0,0.0,0.0,6.0,2.7112614393081116,13.608333333333334,45.65,4.0,0.0,0.13333333333333333,0.0,0.06666666666666667,0.308888888888889,1.0,0.0,14.5,14.5,1.0,0.0,0.0,0.0,0.06666666666666667,0.9666666666666667,1.0,0.0,5.5,5.5,1.0,0.0,0.0,0.0,0.06666666666666667,0.36666666666666664,2.0,7.734858067532761,2.175,4.35,1.0,0.0,0.06666666666666667,0.0,0.06666666666666667,0.145,1.0,11.56541250375458,0.0,0.0,0.0,2.0,0.06666666666666667,0.13333333333333333,-0.13333333333333333,-1.6,0.0,0.0,0.0,0.0,0.0,0.0,0.0,0.06666666666666667,0.0,0.0,2.0,6.485068388817368,1.85,3.7,1.0,0.0,0.06666666666666667,0.0,0.06666666666666667,0.12333333333333334,1.0,13.644066882563205,0.0,0.0,0.0,2.0,0.06666666666666667,0.13333333333333333,-0.13333333333333333,-1.68,0.0,0.0,5.0,0.0,2.0,24.325,0.0,0.0,2.0,0.0,2.0,14.75,1.0,0.0,4.0,5.925000000000001,1.0,2.3,1.0,0.0,3.0,7.199999999999999,1.0,5.3
emergency_response_seed1,emergency_response,1,767.25,782.25,35.0,4.971105164556002,11.377142857142857,18.0,0.75,1.0,10.870127770221625,0.0,0.0,0.0,0.0,0.06666666666666667,0.0,0.0,0.0,9.0,1.0081607064181421,21.47222222222222,58.1,8.0,0.0,0.06666666666666667,0.0,0.2,0.5885648148148147,2.0,0.4285204140654413,17.425,34.85,1.0,0.0,0.0,0.0,0.0,0.5,1.0,0.0,4.4,4.4,1.0,0.0,0.0,0.0,0.06666666666666667,0.29333333333333333,6.0,2.1742354980164023,18.275000000000002,52.65,4.0,0.0,0.06666666666666667,0.0,0.06666666666666667,0.4596666666666669,2.0,4.646434712076065,10.75,21.5,1.0,0.0,0.06666666666666667,0.0,0.0,0.2833333333333333,1.0,0.0,12.5,12.5,1.0,0.0,0.0,0.0,0.06666666666666667,0.8333333333333334,3.0,6.444938247310553,3.783333333333333,11.35,1.0,0.0,0.13333333333333333,0.0,0.06666666666666667,0.25222222222222224,1.0,11.98311028192984,0.0,0.0,0.0,1.0,0.06666666666666667,0.13333333333333333,-0.13333333333333333,-2.066666666666667,1.0,12.84358018737566,0.0,0.0,0.0,0.0,0.06666666666666667,0.0,0.0,0.0,3.0,8.986554836276975,3.5666666666666664,10.7,1.0,0.0,0.13333333333333333,0.0,0.06666666666666667,0.23777777777777775,1.0,14.960443584303361,0.0,0.0,0.0,1.0,0.06666666666666667,0.13333333333333333,-0.13333333333333333,-2.1466666666666665,0.0,0.0,3.0,0.0,3.0,20.883333333333336,1.0,0.0,2.0,0.0,2.0,18.25,1.0,0.0,4.0,10.1625,1.0,9.3,0.0,0.0,3.0,12.450000000000001,1.0,12.3
emergency_response_seed1,emergency_response,1,768.25,783.25,35.0,4.738296774414988,6.741428571428571,13.0,29.75,1.0,10.889758714879463,0.0,0.0,0.0,2.0,0.06666666666666667,0.0,0.0,0.0,9.0,0.7293363706336371,10.394444444444444,29.4,6.0,2.0,0.06666666666666667,0.0,0.06666666666666667,-0.19162037037037044,2.0,0.1738730299550432,17.925,35.85,1.0,0.0,0.0,0.0,0.0,0.5,1.0,0.6263841007053199,0.0,0.0,0.0,2.0,0.0,0.0,0.0,0.0,6.0,2.2309855551267286,10.0,26.4,3.0,2.0,0.06666666666666667,0.0,0.0,-0.13200000000000003,2.0,5.653717814989137,11.25,22.5,1.0,0.0,0.06666666666666667,0.0,0.0,0.25,1.0,0.625699203483069,0.0,0.0,0.0,2.0,0.0,0.0,0.0,0.0,3.0,6.19734388934171,4.116666666666666,12.35,1.0,0.0,0.13333333333333333,0.0,0.06666666666666667,0.27444444444444444,1.0,11.998872056370601,0.0,0.0,0.0,0.0,0.06666666666666667,0.13333333333333333,-0.06666666666666667,-0.415,1.0,12.805341453567848,0.0,0.0,0.0,2.0,0.06666666666666667,0.0,0.0,0.0,3.0,8.12257950651403,3.9,11.7,1.0,0.0,0.13333333333333333,0.0,0.06666666666666667,0.26,1.0,9.462207789343335,0.0,0.0,0.0,0.0,0.06666666666666667,0.13333333333333333,-0.06666666666666667,-0.495,0.0,0.0,2.0,0.0,3.0,21.55,1.0,0.0,2.0,0.0,2.0,18.75,1.0,0.0,4.0,10.9125,1.0,10.3,0.0,0.0,3.0,13.450000000000001,1.0,13.3
emergency_response_seed1,emergency_response,1,769.25,784.25,35.0,4.857861400487675,3.775714285714286,9.0,28.75,1.0,10.90148884686485,0.0,0.0,0.0,2.0,0.06666666666666667,0.0,0.0,0.0,8.0,0.7716837499946058,5.64375,22.05,4.0,2.0,0.06666666666666667,0.06666666666666667,-0.06666666666666667,-0.55,2.0,0.06458310553243461,18.425,36.85,1.0,0.0,0.0,0.0,0.0,0.5,0.0,0.0,0.0,0.0,0.0,2.0,0.0,0.06666666666666667,0.0,0.0,5.0,3.000175381713122,0.12,0.6,1.0,2.0,0.06666666666666667,0.06666666666666667,-0.13333333333333333,-0.8306666666666668,2.0,6.62297366984851,11.75,23.5,1.0,0.0,0.06666666666666667,0.0,0.0,0.21666666666666667,0.0,0.0,0.0,0.0,0.0,2.0,0.0,0.06666666666666667,0.0,0.0,3.0,5.795688843906571,4.45,13.35,1.0,0.0,0.13333333333333333,0.0,0.06666666666666667,0.2966666666666667,1.0,11.972438908831682,0.0,0.0,0.0,0.0,0.06666666666666667,0.06666666666666667,0.0,0.0,1.0,12.790090423851975,0.0,0.0,0.0,2.0,0.06666666666666667,0.0,0.0,0.0,3.0,7.2709822055420865,4.233333333333333,12.7,1.0,0.0,0.13333333333333333,0.0,0.06666666666666667,0.2822222222222222,1.0,3.9622077893433283,0.0,0.0,0.0,0.0,0.06666666666666667,0.06666666666666667,0.0,0.0,0.0,0.0,2.0,0.0,3.0,22.21666666666667,1.0,0.0,2.0,0.0,2.0,19.7,0.0,0.0,4.0,11.6625,1.0,11.3,0.0,0.0,3.0,14.450000000000001,1.0,14.3
emergency_response_seed1,emergency_response,1,770.25,785.25,35.0,5.126832756975028,3.017142857142857,8.0,27.75,1.0,10.928450124286647,0.0,0.0,0.0,2.0,0.06666666666666667,0.0,0.0,0.0,8.0,1.2986012924186918,1.7625,8.0,2.0,2.0,0.06666666666666667,0.06666666666666667,-0.2,-0.8504166666666667,2.0,0.023203556713156062,19.325,37.85,2.0,0.0,0.0,0.0,0.06666666666666667,0.5266666666666666,0.0,0.0,0.0,0.0,0.0,2.0,0.0,0.06666666666666667,0.0,0.0,5.0,3.960578856782284,0.0,0.0,0.0,2.0,0.06666666666666667,0.06666666666666667,-0.2,-0.8786666666666668,2.0,6.913121272377321,12.25,24.5,1.0,0.0,0.06666666666666667,0.0,0.0,0.18333333333333332,0.0,0.0,0.0,0.0,0.0,2.0,0.0,0.06666666666666667,-0.06666666666666667,-0.03333333333333333,3.0,5.608496798262298,4.783333333333333,14.35,1.0,0.0,0.06666666666666667,0.0,0.06666666666666667,0.3188888888888889,1.0,11.030218603787016,0.0,0.0,0.0,0.0,0.0,0.06666666666666667,0.0,0.0,1.0,12.840706294401784,0.0,0.0,0.0,2.0,0.06666666666666667,0.0,0.0,0.0,3.0,6.287926129081657,4.566666666666666,13.7,1.0,0.0,0.13333333333333333,0.0,0.06666666666666667,0.3044444444444444,1.0,0.0,0.3,0.3,1.0,0.0,0.06666666666666667,0.06666666666666667,0.06666666666666667,0.02,1.0,0.0,2.0,0.0,3.0,22.883333333333336,1.0,0.0,2.0,0.0,2.0,20.7,0.0,0.0,4.0,12.4125,1.0,12.3,0.0,0.0,3.0,15.450000000000001,1.0,15.3
emergency_response_seed1,emergency_response,1,771.25,786.25,35.0,5.501661920903337,2.7957142857142854,7.0,26.75,1.0,10.931266469620933,0.0,0.0,0.0,2.0,0.06666666666666667,0.0,0.0,0.0,7.0,1.492244797089209,0.0,0.0,0.0,2.0,0.06666666666666667,0.13333333333333333,-0.3333333333333333,-1.0095833333333333,2.0,0.008575573054268112,20.325,38.85,2.0,0.0,0.0,0.0,0.06666666666666667,0.5599999999999999,0.0,0.0,0.0,0.0,0.0,2.0,0.0,0.06666666666666667,0.0,0.0,5.0,4.812517210298358,0.0,0.0,0.0,2.0,0.06666666666666667,0.06666666666666667,-0.2,-0.9186666666666667,2.0,6.92721642358054,12.75,25.5,1.0,0.0,0.06666666666666667,0.0,0.0,0.15,0.0,0.0,0.0,0.0,0.0,2.0,0.0,0.06666666666666667,-0.06666666666666667,-0.1,3.0,5.568968800181708,5.233333333333333,15.35,2.0,0.0,0.06666666666666667,0.0,0.06666666666666667,0.33722222222222226,1.0,7.034014118801861,0.0,0.0,0.0,0.0,0.0,0.06666666666666667,0.0,0.0,1.0,12.798472295229326,0.0,0.0,0.0,2.0,0.06666666666666667,0.0,0.0,0.0,3.0,5.730568325266831,4.8999999999999995,14.7,1.0,0.0,0.06666666666666667,0.0,0.06666666666666667,0.3266666666666666,1.0,0.0,1.3,1.3,1.0,0.0,0.0,0.0,0.06666666666666667,0.08666666666666667,1.0,0.0,2.0,0.0,3.0,23.55,1.0,0.0,2.0,0.0,2.0,21.7,0.0,0.0,5.0,10.53,1.0,13.3,0.0,0.0,3.0,16.45,1.0,16.3
emergency_response_seed1,emergency_response,1,772.25,787.25,37.0,6.188328739734395,2.833783783783784,7.0,25.75,1.0,10.917331571803262,0.0,0.0,0.0,2.0,0.06666666666666667,0.0,0.0,0.0,6.0,1.5527707092290426,0.0,0.0,0.0,2.0,0.0,0.2,-0.3333333333333333,-0.9344444444444445,2.0,0.003113486279053361,21.325,39.85,2.0,0.0,0.0,0.0,0.06666666666666667,0.5933333333333333,0.0,0.0,0.0,0.0,0.0,2.0,0.0,0.06666666666666667,0.0,0.0,4.0,5.520638188166433,0.0,0.0,0.0,2.0,0.06666666666666667,0.13333333333333333,-0.2,-0.9586666666666667,2.0,6.939717996959808,13.25,26.5,1.0,0.0,0.06666666666666667,0.0,0.0,0.11666666666666667,1.0,13.862182780472795,0.0,0.0,0.0,2.0,0.06666666666666667,0.06666666666666667,-0.06666666666666667,-0.16666666666666666,4.0,5.7411042879769125,4.425000000000001,16.35,2.0,0.0,0.13333333333333333,0.0,0.06666666666666667,0.25000000000000006,1.0,3.0340141188018572,0.0,0.0,0.0,0.0,0.0,0.0,0.0,0.0,1.0,12.83701644802047,0.0,0.0,0.0,2.0,0.06666666666666667,0.0,0.0,0.0,3.0,5.570427557091886,5.233333333333333,15.7,1.0,0.0,0.06666666666666667,0.0,0.0,0.3255555555555556,1.0,0.0,2.3,2.3,1.0,0.0,0.0,0.0,0.06666666666666667,0.15333333333333332,1.0,0.0,2.0,0.0,3.0,24.21666666666667,1.0,0.0,2.0,0.0,2.0,22.7,0.0,0.0,5.0,11.13,1.0,14.3,0.0,0.0,3.0,17.45,1.0,17.3
emergency_response_seed1,emergency_response,1,773.25,788.25,37.0,6.608529794296806,3.055405405405405,9.0,24.75,1.0,10.868634041610239,0.0,0.0,0.0,2.0,0.0,0.0,0.0,0.0,6.0,2.3650594104782514,0.0,0.0,0.0,2.0,0.0,0.2,-0.3333333333333333,-0.9714814814814815,2.0,0.001131354946878484,22.325,40.85,2.0,0.0,0.0,0.0,0.06666666666666667,0.6266666666666666,0.0,0.0,0.0,0.0,0.0,2.0,0.0,0.06666666666666667,0.0,0.0,3.0,6.321550850522983,0.0,0.0,0.0,2.0,0.06666666666666667,0.2,-0.2,-0.9986666666666666,2.0,6.939988857949502,13.75,27.5,1.0,0.0,0.06666666666666667,0.0,0.0,0.08333333333333333,1.0,13.855677351540654,0.0,0.0,0.0,2.0,0.06666666666666667,0.06666666666666667,-0.06666666666666667,-0.23333333333333334,4.0,5.156808752340733,4.925000000000001,17.35,2.0,0.0,0.13333333333333333,0.0,0.06666666666666667,0.25000000000000006,1.0,0.0,0.3,0.3,1.0,0.0,0.0,0.0,0.06666666666666667,0.02,1.0,12.81261056632316,0.0,0.0,0.0,2.0,0.06666666666666667,0.0,0.0,0.0,3.0,5.560784935621199,5.866666666666666,16.7,2.0,0.0,0.06666666666666667,0.0,0.06666666666666667,0.33444444444444443,1.0,0.0,3.3,3.3,1.0,0.0,0.0,0.0,0.06666666666666667,0.22,1.0,0.0,1.0,0.0,3.0,24.883333333333336,1.0,0.0,2.0,0.0,2.0,23.7,0.0,0.0,5.0,11.73,1.0,15.3,0.0,0.0,4.0,13.8375,1.0,18.3
emergency_response_seed1,emergency_response,1,774.25,789.25,37.0,6.935639289009992,3.2986486486486486,9.0,23.75,0.0,0.0,0.0,0.0,0.0,2.0,0.0,0.06666666666666667,0.0,0.0,6.0,3.2667015100738066,0.0,0.0,0.0,2.0,0.0,0.2,-0.4,-1.015925925925926,2.0,0.0004104245517533051,23.325,41.85,2.0,0.0,0.0,0.0,0.06666666666666667,0.6599999999999999,0.0,0.0,0.0,0.0,0.0,2.0,0.0,0.06666666666666667,0.0,0.0,2.0,7.394369424795823,0.0,0.0,0.0,2.0,0.0,0.26666666666666666,-0.2,-0.8655555555555555,2.0,6.92471794812358,14.25,28.5,1.0,0.0,0.06666666666666667,0.0,0.0,0.05,1.0,13.826247908120276,0.0,0.0,0.0,2.0,0.06666666666666667,0.06666666666666667,-0.06666666666666667,-0.3,4.0,4.417400757845462,5.425000000000001,18.35,2.0,0.0,0.13333333333333333,0.0,0.06666666666666667,0.25000000000000006,1.0,0.0,1.3,1.3,1.0,0.0,0.0,0.0,0.06666666666666667,0.08666666666666667,1.0,12.817532107249603,0.0,0.0,0.0,2.0,0.06666666666666667,0.0,0.0,0.0,3.0,4.636783000084681,6.533333333333332,17.7,2.0,0.0,0.06666666666666667,0.0,0.06666666666666667,0.34555555555555545,1.0,0.0,4.3,4.3,1.0,0.0,0.0,0.0,0.06666666666666667,0.2866666666666667,1.0,0.0,1.0,0.0,3.0,25.55,0.0,0.0,2.0,0.0,2.0,24.7,0.0,0.0,6.0,10.275,2.0,8.15,0.0,0.0,4.0,14.5875,1.0,19.3
emergency_response_seed1,emergency_response,1,775.25,790.25,36.0,7.087290230522266,3.640277777777778,9.0,22.75,0.0,0.0,0.0,0.0,0.0,2.0,0.0,0.06666666666666667,0.0,0.0,5.0,3.7801372383195564,0.0,0.0,0.0,2.0,0.0,0.26666666666666666,-0.4,-1.0603703703703704,2.0,0.00014886236473590905,24.325,42.85,2.0,0.0,0.0,0.0,0.06666666666666667,0.6933333333333332,0.0,0.0,0.0,0.0,0.0,2.0,0.0,0.06666666666666667,0.0,0.0,2.0,8.613980710072038,0.0,0.0,0.0,2.0,0.0,0.26666666666666666,-0.26666666666666666,-0.9072222222222223,2.0,6.920322865864728,14.75,29.5,1.0,0.0,0.06666666666666667,0.0,0.0,0.016666666666666666,1.0,13.834892752522137,0.0,0.0,0.0,2.0,0.06666666666666667,0.06666666666666667,-0.06666666666666667,-0.36666666666666664,4.0,3.830670303701336,5.925000000000001,19.35,2.0,0.0,0.13333333333333333,0.0,0.06666666666666667,0.25000000000000006,1.0,0.0,2.3,2.3,1.0,0.0,0.0,0.0,0.06666666666666667,0.15333333333333332,1.0,12.790096332495336,0.0,0.0,0.0,2.0,0.06666666666666667,0.0,0.0,0.0,3.0,3.302205516562571,7.199999999999999,18.7,2.0,0.0,0.06666666666666667,0.0,0.06666666666666667,0.35666666666666663,1.0,0.0,5.3,5.3,1.0,0.0,0.0,0.0,0.06666666666666667,0.35333333333333333,1.0,0.0,1.0,0.0,3.0,26.21666666666667,0.0,0.0,2.0,0.0,2.0,25.7,0.0,0.0,6.0,10.775,2.0,8.65,0.0,0.0,4.0,15.3375,1.0,20.3
emergency_response_seed1,emergency_response,1,776.25,791.25,36.0,6.885506839229355,3.890277777777778,9.0,21.75,0.0,0.0,0.0,0.0,0.0,2.0,0.0,0.06666666666666667,0.0,0.0,6.0,4.878266355914395,0.0,0.0,0.0,2.0,0.06666666666666667,0.26666666666666666,-0.4,-1.104814814814815,2.0,5.3310690787722044e-05,25.325,43.85,2.0,0.0,0.0,0.0,0.06666666666666667,0.7266666666666666,0.0,0.0,0.0,0.0,0.0,2.0,0.0,0.06666666666666667,0.0,0.0,1.0,9.114178796142802,0.0,0.0,0.0,2.0,0.0,0.3333333333333333,-0.26666666666666666,-0.9516666666666667,2.0,5.763300973379272,15.25,30.5,1.0,0.0,0.06666666666666667,0.0,0.0,-0.016666666666666666,1.0,13.872911491133273,0.0,0.0,0.0,2.0,0.06666666666666667,0.06666666666666667,-0.06666666666666667,-0.43333333333333335,4.0,3.396123409847141,6.425000000000001,20.35,2.0,0.0,0.13333333333333333,0.0,0.06666666666666667,0.25000000000000006,1.0,0.0,3.3,3.3,1.0,0.0,0.0,0.0,0.06666666666666667,0.22,1.0,12.784010629132858,0.0,0.0,0.0,2.0,0.06666666666666667,0.0,0.0,0.0,3.0,2.1028779961724506,7.866666666666666,19.7,2.0,0.0,0.06666666666666667,0.0,0.06666666666666667,0.3677777777777777,1.0,0.0,6.3,6.3,1.0,0.0,0.0,0.0,0.06666666666666667,0.42,1.0,0.0,0.0,0.0,3.0,26.883333333333336,0.0,0.0,2.0,0.0,2.0,26.7,0.0,0.0,6.0,11.275,2.0,9.15,0.0,0.0,4.0,16.0875,1.0,21.3
emergency_response_seed1,emergency_response,1,777.25,792.25,35.0,6.956813410657247,4.258571428571429,9.0,20.75,0.0,0.0,0.0,0.0,0.0,2.0,0.0,0.06666666666666667,0.0,0.0,6.0,6.181097262137297,0.0,0.0,0.0,2.0,0.06666666666666667,0.26666666666666666,-0.4,-1.1492592592592594,2.0,1.9767129034150795e-05,26.325,44.85,2.0,0.0,0.0,0.0,0.06666666666666667,0.7599999999999999,0.0,0.0,0.0,0.0,0.0,2.0,0.0,0.06666666666666667,0.0,0.0,0.0,0.0,0.0,0.0,0.0,2.0,0.0,0.4,-0.26666666666666666,-0.9961111111111112,2.0,4.203411508547742,15.75,31.5,1.0,0.0,0.06666666666666667,0.0,0.0,-0.05,1.0,13.855479477382033,0.0,0.0,0.0,2.0,0.06666666666666667,0.06666666666666667,-0.06666666666666667,-0.5,4.0,3.050086197926805,6.925000000000001,21.35,2.0,0.0,0.13333333333333333,0.0,0.06666666666666667,0.25000000000000006,1.0,0.0,4.3,4.3,1.0,0.0,0.0,0.0,0.06666666666666667,0.2866666666666667,1.0,12.790064120595812,0.0,0.0,0.0,2.0,0.06666666666666667,0.0,0.0,0.0,3.0,1.1071123100407194,8.533333333333333,20.7,2.0,0.0,0.06666666666666667,0.0,0.06666666666666667,0.3788888888888889,1.0,0.0,7.3,7.3,1.0,0.0,0.0,0.0,0.06666666666666667,0.48666666666666664,1.0,0.0,0.0,0.0,3.0,27.55,0.0,0.0,2.0,0.0,2.0,27.7,0.0,0.0,6.0,11.775,2.0,9.65,0.0,0.0,5.0,13.469999999999999,2.0,11.15
emergency_response_seed1,emergency_response,1,778.25,793.25,37.0,7.064629741673927,4.271621621621622,9.0,19.75,0.0,0.0,0.0,0.0,0.0,2.0,0.0,0.06666666666666667,0.0,0.0,6.0,7.246850880027005,0.0,0.0,0.0,2.0,0.13333333333333333,0.3333333333333333,-0.4666666666666667,-1.201111111111111,3.0,0.3792443372102127,18.21666666666667,45.85,2.0,0.0,0.06666666666666667,0.0,0.06666666666666667,0.1861111111111112,1.0,15.158939145203677,0.0,0.0,0.0,2.0,0.06666666666666667,0.06666666666666667,-0.06666666666666667,-0.02666666666666667,0.0,0.0,0.0,0.0,0.0,2.0,0.0,0.4,-0.26666666666666666,-1.0405555555555557,2.0,2.829690527703184,16.25,32.5,1.0,0.0,0.0,0.0,0.0,0.5,1.0,13.881763092000037,0.0,0.0,0.0,2.0,0.06666666666666667,0.06666666666666667,-0.06666666666666667,-0.5666666666666667,4.0,2.867697353887622,7.425000000000001,22.35,2.0,0.0,0.13333333333333333,0.0,0.06666666666666667,0.25000000000000006,1.0,0.0,5.3,5.3,1.0,0.0,0.0,0.0,0.06666666666666667,0.35333333333333333,1.0,12.824065814741656,0.0,0.0,0.0,2.0,0.06666666666666667,0.0,0.0,0.0,3.0,0.4808033230339948,9.200000000000001,21.7,2.0,0.0,0.06666666666666667,0.0,0.06666666666666667,0.39000000000000007,1.0,0.0,8.3,8.3,1.0,0.0,0.0,0.0,0.06666666666666667,0.5533333333333333,1.0,0.0,0.0,0.0,3.0,28.21666666666667,0.0,0.0,2.0,0.0,2.0,28.7,0.0,0.0,6.0,12.408333333333333,2.0,10.15,0.0,0.0,5.0,14.069999999999999,2.0,11.65
emergency_response_seed1,emergency_response,1,779.25,794.25,38.0,7.4939068964260755,4.396052631578947,9.0,18.75,0.0,0.0,0.0,0.0,0.0,2.0,0.0,0.06666666666666667,0.0,0.0,5.0,8.77289831539948,0.0,0.0,0.0,2.0,0.13333333333333333,0.4,-0.5333333333333333,-1.2537037037037038,3.0,0.9696750381265168,18.883333333333336,46.85,2.0,0.0,0.06666666666666667,0.0,0.06666666666666667,0.19722222222222238,1.0,16.627816408619285,0.0,0.0,0.0,2.0,0.06666666666666667,0.06666666666666667,-0.06666666666666667,-0.09333333333333332,1.0,11.663159468154465,0.0,0.0,0.0,2.0,0.06666666666666667,0.4,-0.26666666666666666,-1.0850000000000002,2.0,1.679397452222325,16.75,33.5,1.0,0.0,0.0,0.0,0.0,0.5,1.0,13.881416834454285,0.0,0.0,0.0,2.0,0.06666666666666667,0.06666666666666667,-0.06666666666666667,-0.6333333333333333,4.0,2.804532189296489,7.925000000000001,23.35,2.0,0.0,0.06666666666666667,0.0,0.06666666666666667,0.34277777777777785,1.0,0.0,6.3,6.3,1.0,0.0,0.0,0.0,0.06666666666666667,0.42,1.0,12.787706646232868,0.0,0.0,0.0,2.0,0.06666666666666667,0.0,0.0,0.0,3.0,0.16406065276145232,9.866666666666667,22.7,2.0,0.0,0.06666666666666667,0.0,0.06666666666666667,0.40111111111111114,1.0,0.0,9.3,9.3,1.0,0.0,0.0,0.0,0.06666666666666667,0.62,1.0,0.0,1.0,0.0,3.0,28.883333333333336,0.0,0.0,1.0,0.0,3.0,19.8,0.0,0.0,6.0,13.075000000000001,2.0,10.65,0.0,0.0,5.0,14.669999999999998,2.0,12.15
emergency_response_seed1,emergency_response,1,780.25,795.25,39.0,7.8462381349265415,4.538461538461538,10.0,17.75,0.0,0.0,0.0,0.0,0.0,2.0,0.0,0.06666666666666667,0.0,0.0,5.0,10.318622271690813,0.0,0.0,0.0,2.0,0.13333333333333333,0.4,-0.5333333333333333,-1.3129629629629629,3.0,1.5349884417684665,19.55,47.85,2.0,0.0,0.06666666666666667,0.0,0.06666666666666667,0.20833333333333334,1.0,16.64282305095345,0.0,0.0,0.0,2.0,0.06666666666666667,0.06666666666666667,-0.06666666666666667,-0.16,2.0,11.919143722820138,0.0,0.0,0.0,2.0,0.13333333333333333,0.4,-0.26666666666666666,-1.1294444444444445,2.0,0.8766235046723808,17.25,34.5,1.0,0.0,0.0,0.0,0.0,0.5,1.0,13.83575258899713,0.0,0.0,0.0,2.0,0.06666666666666667,0.06666666666666667,-0.06666666666666667,-0.7,4.0,2.783183614250373,8.6625,24.35,3.0,0.0,0.06666666666666667,0.0,0.13333333333333333,0.3697222222222222,1.0,0.0,7.3,7.3,1.0,0.0,0.0,0.0,0.06666666666666667,0.48666666666666664,1.0,10.38749040283682,0.0,0.0,0.0,2.0,0.06666666666666667,0.0,0.0,0.0,3.0,0.048747612151166464,10.533333333333333,23.7,2.0,0.0,0.0,0.0,0.06666666666666667,0.5088888888888888,1.0,0.0,10.3,10.3,1.0,0.0,0.0,0.0,0.06666666666666667,0.6866666666666668,1.0,0.0,1.0,0.0,3.0,29.55,0.0,0.0,0.0,0.0,3.0,20.466666666666665,0.0,0.0,6.0,13.741666666666667,2.0,11.15,0.0,0.0,5.0,15.27,2.0,12.65
emergency_response_seed1,emergency_response,1,782.25,797.25,39.0,8.232409029536546,5.096153846153846,11.0,15.75,0.0,0.0,0.0,0.0,0.0,2.0,0.0,0.06666666666666667,0.0,0.0,3.0,13.490204629786065,0.0,0.0,0.0,2.0,0.13333333333333333,0.5333333333333333,-0.5333333333333333,-1.4314814814814814,3.0,2.674817026862147,20.883333333333336,49.85,2.0,0.0,0.06666666666666667,0.0,0.06666666666666667,0.2305555555555557,1.0,16.65342630277947,0.0,0.0,0.0,2.0,0.06666666666666667,0.06666666666666667,-0.06666666666666667,-0.29333333333333333,2.0,12.20547831008789,0.0,0.0,0.0,2.0,0.13333333333333333,0.4,-0.26666666666666666,-1.2183333333333335,2.0,0.1522528477834903,18.25,36.5,1.0,0.0,0.0,0.0,0.0,0.5,1.0,13.840878110284685,0.0,0.0,0.0,2.0,0.06666666666666667,0.06666666666666667,-0.06666666666666667,-0.8333333333333334,4.0,2.7687293643216817,10.1625,26.35,3.0,0.0,0.06666666666666667,0.0,0.13333333333333333,0.42527777777777775,1.0,0.0,9.3,9.3,1.0,0.0,0.0,0.0,0.06666666666666667,0.62,0.0,0.0,0.0,0.0,0.0,2.0,0.0,0.06666666666666667,0.0,0.0,3.0,0.0038254171485761837,12.450000000000001,25.7,3.0,0.0,0.0,0.0,0.13333333333333333,0.5922222222222223,1.0,0.0,12.3,12.3,1.0,0.0,0.0,0.0,0.06666666666666667,0.8200000000000001,1.0,0.0,1.0,0.0,3.0,30.88333333333333,0.0,0.0,0.0,0.0,3.0,21.8,0.0,0.0,6.0,15.075000000000001,2.0,12.15,0.0,0.0,5.0,16.47,2.0,13.65
emergency_response_seed1,emergency_response,1,783.25,798.25,39.0,8.322662655298476,5.378205128205129,11.0,14.75,0.0,0.0,0.0,0.0,0.0,2.0,0.0,0.06666666666666667,0.0,0.0,2.0,15.784680396318432,0.0,0.0,0.0,2.0,0.13333333333333333,0.6,-0.4,-0.6929629629629629,3.0,3.21777459385887,21.55,50.85,2.0,0.0,0.06666666666666667,0.0,0.06666666666666667,0.24166666666666667,1.0,16.590187185235322,0.0,0.0,0.0,2.0,0.06666666666666667,0.06666666666666667,0.0,0.0,2.0,12.051918888414654,0.0,0.0,0.0,2.0,0.13333333333333333,0.4,-0.2,-0.6666666666666666,2.0,0.05569622055064464,18.75,37.5,1.0,0.0,0.0,0.0,0.0,0.5,1.0,13.83202148747514,0.0,0.0,0.0,2.0,0.06666666666666667,0.06666666666666667,0.0,0.0,4.0,2.775629660104786,10.9125,27.35,3.0,0.0,0.06666666666666667,0.0,0.13333333333333333,0.45305555555555554,1.0,0.0,10.3,10.3,1.0,0.0,0.0,0.0,0.06666666666666667,0.6866666666666668,0.0,0.0,0.0,0.0,0.0,2.0,0.0,0.06666666666666667,0.0,0.0,3.0,0.0010911706216804166,13.450000000000001,26.7,3.0,0.0,0.0,0.0,0.13333333333333333,0.6366666666666667,1.0,0.0,13.3,13.3,1.0,0.0,0.0,0.0,0.06666666666666667,0.8866666666666667,0.0,0.0,1.0,0.0,3.0,31.549999999999997,0.0,0.0,1.0,0.0,3.0,22.46666666666667,0.0,0.0,6.0,15.741666666666667,2.0,12.65,0.0,0.0,5.0,17.07,2.0,14.15
emergency_response_seed1,emergency_response,1,787.25,802.25,40.0,8.20754314746852,6.441250000000001,12.0,10.75,1.0,13.805283660542072,0.0,0.0,0.0,2.0,0.06666666666666667,0.06666666666666667,0.0,0.0,2.0,15.79344453607214,0.0,0.0,0.0,2.0,0.13333333333333333,0.4,0.0,0.0,3.0,3.9933181656501255,24.21666666666667,54.85,2.0,0.0,0.06666666666666667,0.0,0.0,0.19277777777777796,1.0,16.583594821531328,0.0,0.0,0.0,2.0,0.06666666666666667,0.0,0.0,0.0,2.0,11.768438047463315,0.0,0.0,0.0,2.0,0.13333333333333333,0.26666666666666666,0.0,0.0,2.0,0.0009807031690697299,22.7,41.5,2.0,0.0,0.0,0.0,0.06666666666666667,0.63,0.0,0.0,0.0,0.0,0.0,2.0,0.0,0.06666666666666667,0.0,0.0,5.0,2.031989814646086,11.13,31.35,3.0,0.0,0.06666666666666667,0.0,0.06666666666666667,0.447,1.0,0.0,14.3,14.3,1.0,0.0,0.0,0.0,0.06666666666666667,0.9533333333333334,0.0,0.0,0.0,0.0,0.0,2.0,0.0,0.06666666666666667,0.0,0.0,3.0,6.9258526957534156e-06,17.45,30.7,3.0,0.0,0.0,0.0,0.13333333333333333,0.8144444444444443,1.0,0.0,17.3,17.3,1.0,0.0,0.0,0.0,0.0,1.0,0.0,0.0,1.0,0.0,2.0,0.0,0.0,0.0,1.0,0.0,2.0,0.0,0.0,0.0,6.0,18.408333333333335,2.0,14.65,1.0,0.0,5.0,19.47,2.0,16.15
emergency_response_seed1,emergency_response,1,788.25,803.25,39.0,7.743440215894901,6.9141025641025635,12.0,9.75,1.0,13.785451691630614,0.0,0.0,0.0,2.0,0.06666666666666667,0.06666666666666667,0.0,0.0,1.0,13.885270214740887,0.0,0.0,0.0,2.0,0.06666666666666667,0.4,0.0,0.0,3.0,3.990063765603118,24.883333333333336,55.85,2.0,0.0,0.06666666666666667,0.0,0.0,0.17055555555555582,1.0,13.292253164687514,0.0,0.0,0.0,2.0,0.06666666666666667,0.0,0.0,0.0,2.0,11.756441268175877,0.0,0.0,0.0,2.0,0.13333333333333333,0.2,0.0,0.0,2.0,0.00035113661118286923,23.7,42.5,2.0,0.0,0.0,0.0,0.06666666666666667,0.6633333333333333,0.0,0.0,0.0,0.0,0.0,2.0,0.0,0.06666666666666667,0.0,0.0,5.0,2.0588752342409236,11.73,32.35,3.0,0.0,0.06666666666666667,0.0,0.06666666666666667,0.45366666666666666,1.0,0.0,15.3,15.3,1.0,0.0,0.0,0.0,0.0,1.0,0.0,0.0,0.0,0.0,0.0,2.0,0.0,0.06666666666666667,0.0,0.0,4.0,0.32677856191436594,13.8375,31.7,3.0,0.0,0.06666666666666667,0.0,0.06666666666666667,0.5313888888888889,1.0,0.0,18.3,18.3,1.0,0.0,0.0,0.0,0.0,1.0,0.0,0.0,1.0,0.0,2.0,0.0,0.0,0.0,1.0,0.0,2.0,0.0,0.0,0.0,6.0,19.075,2.0,15.15,1.0,0.0,5.0,20.07,2.0,16.65
emergency_response_seed1,emergency_response,1,793.25,808.25,38.0,7.472487303916265,8.696052631578947,13.0,4.75,1.0,13.745895293108505,0.0,0.0,0.0,2.0,0.06666666666666667,0.0,0.0,0.0,0.0,0.0,0.0,0.0,0.0,2.0,0.0,0.4,0.0,0.0,3.0,2.498165980448734,28.21666666666667,60.85,2.0,0.0,0.0,0.0,0.0,0.6666666666666666,0.0,0.0,0.0,0.0,0.0,2.0,0.0,0.06666666666666667,0.0,0.0,2.0,11.658354008206528,0.0,0.0,0.0,2.0,0.13333333333333333,0.0,0.0,0.0,2.0,0.0,28.7,47.5,2.0,0.0,0.0,0.0,0.06666666666666667,0.83,0.0,0.0,0.0,0.0,0.0,2.0,0.0,0.06666666666666667,0.0,0.0,6.0,4.573219528727496,12.408333333333333,37.35,4.0,0.0,0.13333333333333333,0.0,0.13333333333333333,0.33222222222222214,2.0,4.716689239076345,10.15,20.3,1.0,0.0,0.06666666666666667,0.0,0.0,0.32333333333333336,0.0,0.0,0.0,0.0,0.0,2.0,0.0,0.06666666666666667,0.0,0.0,5.0,2.865248284236343,14.069999999999999,36.7,3.0,0.0,0.13333333333333333,0.0,0.06666666666666667,0.3246666666666665,2.0,1.0918952557290327,11.65,23.3,1.0,0.0,0.06666666666666667,0.0,0.0,0.2233333333333333,0.0,0.0,1.0,0.0,0.0,0.0,0.0,0.0,1.0,0.0,1.0,0.0,0.0,0.0,6.0,23.53333333333333,2.0,17.65,1.0,0.0,5.0,23.07,2.0,19.15
emergency_response_seed1,emergency_response,1,794.25,809.25,38.0,7.411225655967677,9.038157894736841,13.0,3.75,1.0,13.767203355580886,0.0,0.0,0.0,2.0,0.06666666666666667,0.0,0.0,0.0,1.0,12.004926753792052,0.0,0.0,0.0,2.0,0.06666666666666667,0.3333333333333333,0.0,0.0,3.0,1.746773766943728,28.883333333333336,61.85,2.0,0.0,0.0,0.0,0.0,0.6666666666666666,0.0,0.0,0.0,0.0,0.0,2.0,0.0,0.06666666666666667,0.0,0.0,1.0,11.662375378390523,0.0,0.0,0.0,2.0,0.06666666666666667,0.06666666666666667,0.0,0.0,3.0,0.580044202641948,19.8,48.5,2.0,0.0,0.06666666666666667,0.0,0.06666666666666667,0.2033333333333334,0.0,0.0,0.0,0.0,0.0,2.0,0.0,0.06666666666666667,0.0,0.0,6.0,4.963191327377554,13.075000000000001,38.35,4.0,0.0,0.13333333333333333,0.0,0.13333333333333333,0.3433333333333334,2.0,5.760299687557401,10.65,21.3,1.0,0.0,0.06666666666666667,0.0,0.0,0.29000000000000004,0.0,0.0,0.0,0.0,0.0,2.0,0.0,0.06666666666666667,0.0,0.0,5.0,3.65244459156161,14.669999999999998,37.7,3.0,0.0,0.13333333333333333,0.0,0.06666666666666667,0.3202222222222221,2.0,1.9514540190793934,12.15,24.3,1.0,0.0,0.06666666666666667,0.0,0.0,0.18999999999999997,0.0,0.0,1.0,0.0,0.0,0.0,0.0,0.0,1.0,0.0,1.0,0.0,0.0,0.0,6.0,24.53333333333333,2.0,18.15,1.0,0.0,5.0,23.669999999999998,2.0,19.65
emergency_response_seed1,emergency_response,1,795.25,810.25,37.0,7.46856578234085,9.633783783783784,13.0,2.75,1.0,13.757571008979893,0.0,0.0,0.0,2.0,0.06666666666666667,0.0,0.0,0.0,1.0,11.97854929619639,0.0,0.0,0.0,2.0,0.06666666666666667,0.3333333333333333,0.0,0.0,3.0,1.140409145236724,29.55,62.85,2.0,0.0,0.0,0.0,0.0,0.6666666666666666,0.0,0.0,0.0,0.0,0.0,2.0,0.0,0.06666666666666667,0.0,0.0,0.0,0.0,0.0,0.0,0.0,2.0,0.0,0.13333333333333333,0.0,0.0,3.0,1.135099020723312,20.466666666666665,49.5,2.0,0.0,0.06666666666666667,0.0,0.06666666666666667,0.21444444444444433,0.0,0.0,0.0,0.0,0.0,2.0,0.0,0.06666666666666667,0.0,0.0,6.0,4.960685095077151,13.741666666666667,39.35,4.0,0.0,0.13333333333333333,0.0,0.06666666666666667,0.33861111111111114,2.0,6.715323015732128,11.15,22.3,1.0,0.0,0.06666666666666667,0.0,0.0,0.2566666666666667,0.0,0.0,0.0,0.0,0.0,2.0,0.0,0.06666666666666667,0.0,0.0,5.0,4.242814283998584,15.27,38.7,3.0,0.0,0.13333333333333333,0.0,0.06666666666666667,0.31577777777777777,2.0,2.782403677596882,12.65,25.3,1.0,0.0,0.06666666666666667,0.0,0.0,0.15666666666666665,0.0,0.0,1.0,0.55,0.0,0.0,0.0,0.0,1.0,0.0,1.0,0.0,0.0,0.0,6.0,25.53333333333333,2.0,19.15,1.0,0.0,5.0,24.27,2.0,20.15
