run_id,scenario_name,seed,simulation_time,target_time,total_vehicle_count,average_speed,average_waiting_time,stopped_vehicle_count,seconds_in_current_phase,N_in_0__vehicle_count,N_in_0__average_speed,N_in_0__average_waiting_time,N_in_0__max_waiting_time,N_in_0__stopped_vehicle_count,N_in_0__current_signal_state,N_in_0__arrival_rate,N_in_0__departure_rate,N_in_0__stopped_vehicle_count_trend,N_in_0__waiting_time_trend,N_in_1__vehicle_count,N_in_1__average_speed,N_in_1__average_waiting_time,N_in_1__max_waiting_time,N_in_1__stopped_vehicle_count,N_in_1__current_signal_state,N_in_1__arrival_rate,N_in_1__departure_rate,N_in_1__stopped_vehicle_count_trend,N_in_1__waiting_time_trend,N_in_2__vehicle_count,N_in_2__average_speed,N_in_2__average_waiting_time,N_in_2__max_waiting_time,N_in_2__stopped_vehicle_count,N_in_2__current_signal_state,N_in_2__arrival_rate,N_in_2__departure_rate,N_in_2__stopped_vehicle_count_trend,N_in_2__waiting_time_trend,S_in_0__vehicle_count,S_in_0__average_speed,S_in_0__average_waiting_time,S_in_0__max_waiting_time,S_in_0__stopped_vehicle_count,S_in_0__current_signal_state,S_in_0__arrival_rate,S_in_0__departure_rate,S_in_0__stopped_vehicle_count_trend,S_in_0__waiting_time_trend,S_in_1__vehicle_count,S_in_1__average_speed,S_in_1__average_waiting_time,S_in_1__max_waiting_time,S_in_1__stopped_vehicle_count,S_in_1__current_signal_state,S_in_1__arrival_rate,S_in_1__departure_rate,S_in_1__stopped_vehicle_count_trend,S_in_1__waiting_time_trend,S_in_2__vehicle_count,S_in_2__average_speed,S_in_2__average_waiting_time,S_in_2__max_waiting_time,S_in_2__stopped_vehicle_count,S_in_2__current_signal_state,S_in_2__arrival_rate,S_in_2__departure_rate,S_in_2__stopped_vehicle_count_trend,S_in_2__waiting_time_trend,E_in_0__vehicle_count,E_in_0__average_speed,E_in_0__average_waiting_time,E_in_0__max_waiting_time,E_in_0__stopped_vehicle_count,E_in_0__current_signal_state,E_in_0__arrival_rate,E_in_0__departure_rate,E_in_0__stopped_vehicle_count_trend,E_in_0__waiting_time_trend,E_in_1__vehicle_count,E_in_1__average_speed,E_in_1__average_waiting_time,E_in_1__max_waiting_time,E_in_1__stopped_vehicle_count,E_in_1__current_signal_state,E_in_1__arrival_rate,E_in_1__departure_rate,E_in_1__stopped_vehicle_count_trend,E_in_1__waiting_time_trend,E_in_2__vehicle_count,E_in_2__average_speed,E_in_2__average_waiting_time,E_in_2__max_waiting_time,E_in_2__stopped_vehicle_count,E_in_2__current_signal_state,E_in_2__arrival_rate,E_in_2__departure_rate,E_in_2__stopped_vehicle_count_trend,E_in_2__waiting_time_trend,W_in_0__vehicle_count,W_in_0__average_speed,W_in_0__average_waiting_time,W_in_0__max_waiting_time,W_in_0__stopped_vehicle_count,W_in_0__current_signal_state,W_in_0__arrival_rate,W_in_0__departure_rate,W_in_0__stopped_vehicle_count_trend,W_in_0__waiting_time_trend,W_in_1__vehicle_count,W_in_1__average_speed,W_in_1__average_waiting_time,W_in_1__max_waiting_time,W_in_1__stopped_vehicle_count,W_in_1__current_signal_state,W_in_1__arrival_rate,W_in_1__departure_rate,W_in_1__stopped_vehicle_count_trend,W_in_1__waiting_time_trend,W_in_2__vehicle_count,W_in_2__average_speed,W_in_2__average_waiting_time,W_in_2__max_waiting_time,W_in_2__stopped_vehicle_count,W_in_2__current_signal_state,W_in_2__arrival_rate,W_in_2__departure_rate,W_in_2__stopped_vehicle_count_trend,W_in_2__waiting_time_trend,N_in_0__target__vehicle_count,N_in_0__target__average_waiting_time,N_in_1__target__vehicle_count,N_in_1__target__average_waiting_time,N_in_2__target__vehicle_count,N_in_2__target__average_waiting_time,S_in_0__target__vehicle_count,S_in_0__target__average_waiting_time,S_in_1__target__vehicle_count,S_in_1__target__average_waiting_time,S_in_2__target__vehicle_count,S_in_2__target__average_waiting_time,E_in_0__target__vehicle_count,E_in_0__target__average_waiting_time,E_in_1__target__vehicle_count,E_in_1__target__average_waiting_time,E_in_2__target__vehicle_count,E_in_2__target__average_waiting_time,W_in_0__target__vehicle_count,W_in_0__target__average_waiting_time,W_in_1__target__vehicle_count,W_in_1__target__average_waiting_time,W_in_2__target__vehicle_count,W_in_2__target__average_waiting_time
light_seed1,light,1,0.05,15.15,12.0,13.391500500000001,0.0,0.0,0.05000000000000071,1.0,12.0,0.0,0.0,0.0,2.0,0.0,0.0,0.0,0.0,1.0,13.677483,0.0,0.0,0.0,2.0,0.0,0.0,0.0,0.0,1.0,13.89,0.0,0.0,0.0,0.0,0.0,0.0,0.0,0.0,1.0,13.89,0.0,0.0,0.0,2.0,0.0,0.0,0.0,0.0,1.0,13.89,0.0,0.0,0.0,2.0,0.0,0.0,0.0,0.0,1.0,11.964846000000001,0.0,0.0,0.0,0.0,0.0,0.0,0.0,0.0,1.0,13.89,0.0,0.0,0.0,0.0,0.0,0.0,0.0,0.0,1.0,13.576086000000002,0.0,0.0,0.0,0.0,0.0,0.0,0.0,0.0,1.0,12.300984000000001,0.0,0.0,0.0,0.0,0.0,0.0,0.0,0.0,1.0,13.838607,0.0,0.0,0.0,0.0,0.0,0.0,0.0,0.0,1.0,13.89,0.0,0.0,0.0,0.0,0.0,0.0,0.0,0.0,1.0,13.89,0.0,0.0,0.0,0.0,0.0,0.0,0.0,0.0,4.0,0.0,3.0,0.0,5.0,0.22000000000000003,3.0,0.0,3.0,0.0,5.0,0.0,5.0,0.22000000000000003,5.0,0.16999999999999998,5.0,0.0,5.0,0.21000000000000002,5.0,0.62,5.0,0.22000000000000003
light_seed1,light,1,2.1,17.2,32.0,12.880390869104087,0.0,0.0,2.100000000000001,2.0,12.017759727705169,0.0,0.0,0.0,2.0,0.0,0.0,0.0,0.0,2.0,13.071890385733854,0.0,0.0,0.0,2.0,0.0,0.0,0.0,0.0,3.0,12.945186319854384,0.0,0.0,0.0,0.0,0.0,0.0,0.0,0.0,3.0,12.946072921215203,0.0,0.0,0.0,2.0,0.0,0.0,0.0,0.0,3.0,13.60102743602362,0.0,0.0,0.0,2.0,0.0,0.0,0.0,0.0,2.0,12.004040544570056,0.0,0.0,0.0,0.0,0.0,0.0,0.0,0.0,3.0,12.074559486910685,0.0,0.0,0.0,0.0,0.0,0.0,0.0,0.0,3.0,12.733307525047062,0.0,0.0,0.0,0.0,0.0,0.0,0.0,0.0,2.0,12.268233399252264,0.0,0.0,0.0,0.0,0.0,0.0,0.0,0.0,3.0,12.507011112025216,0.0,0.0,0.0,0.0,0.0,0.0,0.0,0.0,3.0,14.752532304616885,0.0,0.0,0.0,0.0,0.0,0.0,0.0,0.0,3.0,12.923189459909642,0.0,0.0,0.0,0.0,0.0,0.0,0.0,0.0,3.0,0.0,3.0,0.0,5.0,0.63,3.0,0.0,3.0,0.0,5.0,0.24,5.0,0.63,5.0,0.58,5.0,0.33999999999999997,5.0,0.62,5.0,1.2100000000000002,5.0,0.73
light_seed1,light,1,3.1,18.2,36.0,12.677619247162504,0.0,0.0,3.100000000000001,3.0,11.681985527524839,0.0,0.0,0.0,2.0,0.0,0.0,0.0,0.0,3.0,12.42057434308447,0.0,0.0,0.0,2.0,0.0,0.0,0.0,0.0,3.0,12.945396939766562,0.0,0.0,0.0,0.0,0.0,0.0,0.0,0.0,3.0,12.950536723785092,0.0,0.0,0.0,2.0,0.0,0.0,0.0,0.0,3.0,13.592259906702404,0.0,0.0,0.0,2.0,0.0,0.0,0.0,0.0,3.0,11.697961773502998,0.0,0.0,0.0,0.0,0.0,0.0,0.0,0.0,3.0,12.08700712750771,0.0,0.0,0.0,0.0,0.0,0.0,0.0,0.0,3.0,12.72975175774038,0.0,0.0,0.0,0.0,0.0,0.0,0.0,0.0,3.0,11.8469946775897,0.0,0.0,0.0,0.0,0.0,0.0,0.0,0.0,3.0,12.514409094526172,0.0,0.0,0.0,0.0,0.0,0.0,0.0,0.0,3.0,14.710685399090336,0.0,0.0,0.0,0.0,0.0,0.0,0.0,0.0,3.0,12.953867695129384,0.0,0.0,0.0,0.0,0.0,0.0,0.0,0.0,3.0,0.0,2.0,0.0,5.0,0.9200000000000002,2.0,0.0,2.0,0.0,5.0,0.44000000000000006,5.0,0.9200000000000002,5.0,0.82,5.0,0.56,5.0,0.82,5.0,1.61,5.0,1.1300000000000001
light_seed1,light,1,4.15,19.2,36.0,12.684630698270759,0.0,0.0,4.150000000000001,3.0,11.70582233939516,0.0,0.0,0.0,2.0,0.0,0.0,0.0,0.0,3.0,12.402568895561423,0.0,0.0,0.0,2.0,0.0,0.0,0.0,0.0,3.0,12.965131847566,0.0,0.0,0.0,0.0,0.0,0.0,0.0,0.0,3.0,12.947989402005225,0.0,0.0,0.0,2.0,0.0,0.0,0.0,0.0,3.0,13.582959081717496,0.0,0.0,0.0,2.0,0.0,0.0,0.0,0.0,3.0,11.690373833453634,0.0,0.0,0.0,0.0,0.0,0.0,0.0,0.0,3.0,12.12435957648921,0.0,0.0,0.0,0.0,0.0,0.0,0.0,0.0,3.0,12.736446827529925,0.0,0.0,0.0,0.0,0.0,0.0,0.0,0.0,3.0,11.907541792546397,0.0,0.0,0.0,0.0,0.0,0.0,0.0,0.0,3.0,12.49313504718125,0.0,0.0,0.0,0.0,0.0,0.0,0.0,0.0,3.0,14.737640278957016,0.0,0.0,0.0,0.0,0.0,0.0,0.0,0.0,3.0,12.921599456846367,0.0,0.0,0.0,0.0,0.0,0.0,0.0,0.0,2.0,0.0,2.0,0.0,5.0,1.32,2.0,0.0,2.0,0.0,5.0,0.64,5.0,1.32,5.0,1.2200000000000002,5.0,0.9600000000000002,5.0,1.02,5.0,2.0100000000000002,5.0,1.53
light_seed1,light,1,5.15,20.2,38.0,12.655304214434588,0.0,0.0,5.150000000000001,3.0,11.686447454291516,0.0,0.0,0.0,2.0,0.0,0.0,0.0,0.0,3.0,12.420336851073698,0.0,0.0,0.0,2.0,0.0,0.0,0.0,0.0,3.0,12.931363037431778,0.0,0.0,0.0,0.0,0.0,0.0,0.0,0.0,3.0,12.92417650444804,0.0,0.0,0.0,2.0,0.0,0.0,0.0,0.0,4.0,13.30723532714756,0.0,0.0,0.0,2.0,0.0,0.0,0.0,0.0,3.0,11.672261152361619,0.0,0.0,0.0,0.0,0.0,0.0,0.0,0.0,3.0,12.077238700287076,0.0,0.0,0.0,0.0,0.0,0.0,0.0,0.0,3.0,12.704838627439685,0.0,0.0,0.0,0.0,0.0,0.0,0.0,0.0,3.0,11.868393549568529,0.0,0.0,0.0,0.0,0.0,0.0,0.0,0.0,3.0,12.504291269088215,0.0,0.0,0.0,0.0,0.0,0.0,0.0,0.0,4.0,14.143755583435592,0.0,0.0,0.0,0.0,0.0,0.0,0.0,0.0,3.0,12.90985168940376,0.0,0.0,0.0,0.0,0.0,0.0,0.0,0.0,2.0,0.0,1.0,0.0,5.0,1.7200000000000002,2.0,0.0,1.0,0.0,5.0,0.9800000000000001,5.0,1.7200000000000002,5.0,1.6200000000000003,5.0,1.36,5.0,1.3699999999999999,5.0,2.41,5.0,1.9300000000000002
light_seed1,light,1,6.15,21.2,48.0,12.518215492048292,0.0,0.0,6.150000000000001,4.0,11.69381457442404,0.0,0.0,0.0,2.0,0.0,0.0,0.0,0.0,4.0,12.341565896469312,0.0,0.0,0.0,2.0,0.0,0.0,0.0,0.0,4.0,12.761732172628589,0.0,0.0,0.0,0.0,0.0,0.0,0.0,0.0,4.0,12.752791563191467,0.0,0.0,0.0,2.0,0.0,0.0,0.0,0.0,4.0,13.254855150629954,0.0,0.0,0.0,2.0,0.0,0.0,0.0,0.0,4.0,11.661313089209763,0.0,0.0,0.0,0.0,0.0,0.0,0.0,0.0,4.0,12.083170951917538,0.0,0.0,0.0,0.0,0.0,0.0,0.0,0.0,4.0,12.565277742486423,0.0,0.0,0.0,0.0,0.0,0.0,0.0,0.0,4.0,11.838612668871589,0.0,0.0,0.0,0.0,0.0,0.0,0.0,0.0,4.0,12.442087317370524,0.0,0.0,0.0,0.0,0.0,0.0,0.0,0.0,4.0,14.073423460949995,0.0,0.0,0.0,0.0,0.0,0.0,0.0,0.0,4.0,12.749941316430306,0.0,0.0,0.0,0.0,0.0,0.0,0.0,0.0,1.0,0.0,1.0,0.0,5.0,2.12,1.0,0.0,1.0,0.0,5.0,1.3800000000000001,5.0,2.12,5.0,2.0200000000000005,5.0,1.7600000000000002,5.0,1.77,5.0,2.81,5.0,2.33
light_seed1,light,1,7.15,22.2,50.0,12.411698754825807,0.0,0.0,7.150000000000001,4.0,11.666750641994469,0.0,0.0,0.0,2.0,0.0,0.0,0.0,0.0,4.0,12.312048476701815,0.0,0.0,0.0,2.0,0.0,0.0,0.0,0.0,4.0,12.68990379701319,0.0,0.0,0.0,0.0,0.0,0.0,0.0,0.0,4.0,12.714819400750926,0.0,0.0,0.0,2.0,0.0,0.0,0.0,0.0,5.0,12.775286265238325,0.0,0.0,0.0,2.0,0.0,0.0,0.0,0.0,4.0,11.640700653869555,0.0,0.0,0.0,0.0,0.0,0.0,0.0,0.0,4.0,11.87812710888597,0.0,0.0,0.0,0.0,0.0,0.0,0.0,0.0,4.0,12.551930433316002,0.0,0.0,0.0,0.0,0.0,0.0,0.0,0.0,4.0,11.804912839548122,0.0,0.0,0.0,0.0,0.0,0.0,0.0,0.0,4.0,12.379182268638996,0.0,0.0,0.0,0.0,0.0,0.0,0.0,0.0,5.0,13.454850950232958,0.0,0.0,0.0,0.0,0.0,0.0,0.0,0.0,4.0,12.72018729526442,0.0,0.0,0.0,0.0,0.0,0.0,0.0,0.0,1.0,0.0,1.0,0.0,5.0,2.5200000000000005,1.0,0.0,1.0,0.0,5.0,1.78,5.0,2.5200000000000005,5.0,2.4200000000000004,5.0,2.16,5.0,2.17,5.0,3.25,5.0,2.73
light_seed1,light,1,8.15,23.2,59.0,12.170196196218685,0.0,0.0,8.15,5.0,11.504803431897043,0.0,0.0,0.0,2.0,0.0,0.0,0.0,0.0,5.0,12.030211921454534,0.0,0.0,0.0,2.0,0.0,0.0,0.0,0.0,5.0,12.332968590581306,0.0,0.0,0.0,0.0,0.0,0.0,0.0,0.0,5.0,12.359354667687255,0.0,0.0,0.0,2.0,0.0,0.0,0.0,0.0,5.0,12.738234644728045,0.0,0.0,0.0,2.0,0.0,0.0,0.0,0.0,5.0,11.522156412317473,0.0,0.0,0.0,0.0,0.0,0.0,0.0,0.0,4.0,11.743518754863118,0.0,0.0,0.0,0.0,0.0,0.0,0.0,0.0,5.0,12.207301194979747,0.0,0.0,0.0,0.0,0.0,0.0,0.0,0.0,5.0,11.677435094027423,0.0,0.0,0.0,0.0,0.0,0.0,0.0,0.0,5.0,12.093822602132903,0.0,0.0,0.0,0.0,0.0,0.0,0.0,0.0,5.0,13.4075298777266,0.0,0.0,0.0,0.0,0.0,0.0,0.0,0.0,5.0,12.339681673957653,0.0,0.0,0.0,0.0,0.0,0.0,0.0,0.0,0.0,0.0,0.0,0.0,5.0,3.0700000000000003,1.0,0.0,0.0,0.0,5.0,2.18,5.0,2.9200000000000004,5.0,2.95,5.0,2.62,5.0,2.63,5.0,3.85,5.0,3.3
light_seed1,light,1,9.15,24.2,60.0,12.11208692292057,0.0,0.0,9.15,5.0,11.500669459432373,0.0,0.0,0.0,2.0,0.0,0.0,0.0,0.0,5.0,11.995274049713917,0.0,0.0,0.0,2.0,0.0,0.0,0.0,0.0,5.0,12.32685337898879,0.0,0.0,0.0,0.0,0.0,0.0,0.0,0.0,5.0,12.325745215190231,0.0,0.0,0.0,2.0,0.0,0.0,0.0,0.0,5.0,12.716868977307673,0.0,0.0,0.0,2.0,0.0,0.0,0.0,0.0,5.0,11.498932837777392,0.0,0.0,0.0,0.0,0.0,0.0,0.0,0.0,5.0,11.490831884667175,0.0,0.0,0.0,0.0,0.0,0.0,0.0,0.0,5.0,12.189512907372976,0.0,0.0,0.0,0.0,0.0,0.0,0.0,0.0,5.0,11.63642817025517,0.0,0.0,0.0,0.0,0.0,0.0,0.0,0.0,5.0,12.060891844426726,0.0,0.0,0.0,0.0,0.0,0.0,0.0,0.0,5.0,13.274165555966212,0.0,0.0,0.0,0.0,0.0,0.0,0.0,0.0,5.0,12.328868793948203,0.0,0.0,0.0,0.0,0.0,0.0,0.0,0.0,0.0,0.0,0.0,0.0,5.0,3.6700000000000004,0.0,0.0,0.0,0.0,5.0,2.76,5.0,3.3200000000000003,5.0,3.55,5.0,3.2199999999999998,5.0,3.2299999999999995,5.0,4.45,5.0,3.9
light_seed1,light,1,10.15,25.2,60.0,11.916216284083585,0.0,0.0,10.15,5.0,11.490783992292672,0.0,0.0,0.0,2.0,0.0,0.0,0.0,0.0,5.0,11.98732764398914,0.0,0.0,0.0,2.0,0.0,0.0,0.0,0.0,5.0,12.282397116071742,0.0,0.0,0.0,0.0,0.0,0.0,0.0,0.0,5.0,12.291056455330638,0.0,0.0,0.0,2.0,0.0,0.0,0.0,0.0,5.0,12.684707269112717,0.0,0.0,0.0,2.0,0.0,0.0,0.0,0.0,5.0,11.482354728515265,0.0,0.0,0.0,0.0,0.0,0.0,0.0,0.0,5.0,11.318715156549843,0.0,0.0,0.0,0.0,0.0,0.0,0.0,0.0,5.0,12.166566030254168,0.0,0.0,0.0,0.0,0.0,0.0,0.0,0.0,5.0,11.611738139643894,0.0,0.0,0.0,0.0,0.0,0.0,0.0,0.0,5.0,12.028762375085346,0.0,0.0,0.0,0.0,0.0,0.0,0.0,0.0,5.0,11.352812765701154,0.0,0.0,0.0,0.0,0.0,0.0,0.0,0.0,5.0,12.297373736456445,0.0,0.0,0.0,0.0,0.0,0.0,0.0,0.0,0.0,0.0,0.0,0.0,5.0,4.2700000000000005,0.0,0.0,0.0,0.0,5.0,3.3600000000000003,5.0,3.72,5.0,4.15,5.0,3.8199999999999994,5.0,3.8299999999999996,5.0,5.07,5.0,4.5
light_seed1,light,1,11.15,26.2,60.0,11.675825344057237,0.0,0.0,11.15,5.0,11.473330376849816,0.0,0.0,0.0,2.0,0.0,0.0,0.0,0.0,5.0,11.944572805183324,0.0,0.0,0.0,2.0,0.0,0.0,0.0,0.0,5.0,12.064285790548173,0.0,0.0,0.0,0.0,0.0,0.0,0.0,0.0,5.0,12.270403361062154,0.0,0.0,0.0,2.0,0.0,0.0,0.0,0.0,4.0,11.878330058993644,0.0,0.0,0.0,2.0,0.0,0.0,0.0,0.0,5.0,11.458207130370136,0.0,0.0,0.0,0.0,0.0,0.0,0.0,0.0,5.0,10.996183402122266,0.0,0.0,0.0,0.0,0.0,0.0,0.0,0.0,5.0,12.135643113520919,0.0,0.0,0.0,0.0,0.0,0.0,0.0,0.0,5.0,11.614000706875668,0.0,0.0,0.0,0.0,0.0,0.0,0.0,0.0,5.0,11.924491596054029,0.0,0.0,0.0,0.0,0.0,0.0,0.0,0.0,5.0,9.500571508857574,0.0,0.0,0.0,0.0,0.0,0.0,0.0,0.0,5.0,12.05506217586668,0.0,0.0,0.0,0.0,0.0,0.0,0.0,0.0,0.0,0.0,0.0,0.0,5.0,5.0200000000000005,0.0,0.0,0.0,0.0,5.0,3.96,5.0,4.24,5.0,4.869999999999999,5.0,4.47,5.0,4.5,5.0,5.87,5.0,5.25
light_seed1,light,1,12.15,27.2,60.0,10.914446888261624,0.0016666666666666668,1.0,12.15,5.0,11.468950605909507,0.0,0.0,0.0,2.0,0.0,0.0,0.0,0.0,5.0,11.944130256377802,0.0,0.0,0.0,2.0,0.0,0.0,0.0,0.0,5.0,10.479702472357655,0.0,0.0,0.0,0.0,0.0,0.0,0.0,0.0,5.0,12.035119423505748,0.0,0.0,0.0,2.0,0.0,0.0,0.0,0.0,4.0,11.859481405756185,0.0,0.0,0.0,2.0,0.0,0.0,0.0,0.0,5.0,11.467542504794821,0.0,0.0,0.0,0.0,0.0,0.0,0.0,0.0,5.0,9.304002506700929,0.0,0.0,0.0,0.0,0.0,0.0,0.0,0.0,5.0,10.856219123744719,0.0,0.0,0.0,0.0,0.0,0.0,0.0,0.0,5.0,11.61750090534984,0.0,0.0,0.0,0.0,0.0,0.0,0.0,0.0,5.0,10.885100537042145,0.0,0.0,0.0,0.0,0.0,0.0,0.0,0.0,5.0,7.8098260981510865,0.02,0.1,1.0,0.0,0.0,0.0,0.0,0.0,5.0,10.451342098463776,0.0,0.0,0.0,0.0,0.0,0.0,0.0,0.0,0.0,0.0,0.0,0.0,5.0,5.82,0.0,0.0,0.0,0.0,5.0,4.75,5.0,4.84,5.0,5.67,5.0,5.27,5.0,5.3,5.0,6.67,5.0,6.05
light_seed1,light,1,13.15,28.2,60.0,10.07711265497222,0.018333333333333333,1.0,13.15,5.0,11.472970134491389,0.0,0.0,0.0,2.0,0.0,0.0,0.0,0.0,4.0,11.512527912186844,0.0,0.0,0.0,2.0,0.0,0.0,0.0,0.0,5.0,8.937625867838502,0.0,0.0,0.0,0.0,0.0,0.0,0.0,0.0,4.0,11.206757746018907,0.0,0.0,0.0,2.0,0.0,0.0,0.0,0.0,4.0,11.838746539476496,0.0,0.0,0.0,2.0,0.0,0.0,0.0,0.0,5.0,11.324439641673639,0.0,0.0,0.0,0.0,0.0,0.0,0.0,0.0,5.0,7.686367363248205,0.0,0.0,0.0,0.0,0.0,0.0,0.0,0.0,5.0,9.30880851674617,0.0,0.0,0.0,0.0,0.0,0.0,0.0,0.0,5.0,11.045820663580182,0.0,0.0,0.0,0.0,0.0,0.0,0.0,0.0,5.0,9.337312087638622,0.0,0.0,0.0,0.0,0.0,0.0,0.0,0.0,5.0,7.26665934660095,0.22000000000000003,1.1,1.0,0.0,0.0,0.0,0.0,0.0,5.0,8.866755542631719,0.0,0.0,0.0,0.0,0.0,0.0,0.0,0.0,0.0,0.0,0.0,0.0,5.0,6.62,0.0,0.0,0.0,0.0,5.0,5.55,5.0,5.4399999999999995,5.0,6.470000000000001,5.0,6.069999999999999,5.0,6.1,5.0,7.470000000000001,5.0,6.85
light_seed1,light,1,14.15,29.2,60.0,9.157287023032106,0.04083333333333334,5.0,14.15,5.0,11.331033753028601,0.0,0.0,0.0,2.0,0.0,0.0,0.0,0.0,4.0,11.49068487401519,0.0,0.0,0.0,2.0,0.0,0.0,0.0,0.0,5.0,7.503764850860728,0.02,0.1,1.0,0.0,0.0,0.0,0.0,0.0,3.0,11.144254207369654,0.0,0.0,0.0,2.0,0.0,0.0,0.0,0.0,3.0,11.148541839026898,0.0,0.0,0.0,2.0,0.0,0.0,0.0,0.0,5.0,9.939445973996373,0.0,0.0,0.0,0.0,0.0,0.0,0.0,0.0,5.0,6.231922029135655,0.02,0.1,1.0,0.0,0.0,0.0,0.0,0.0,5.0,7.810672960406025,0.0,0.0,0.0,0.0,0.0,0.0,0.0,0.0,5.0,9.45792174493877,0.0,0.0,0.0,0.0,0.0,0.0,0.0,0.0,5.0,7.884115048766584,0.01,0.05,1.0,0.0,0.0,0.0,0.0,0.0,5.0,6.910108773228427,0.42000000000000004,2.1,1.0,0.0,0.0,0.0,0.0,0.0,5.0,7.38854639012132,0.02,0.1,1.0,0.0,0.0,0.0,0.0,0.0,0.0,0.0,0.0,0.0,5.0,7.540000000000001,0.0,0.0,0.0,0.0,5.0,6.35,5.0,6.18,5.0,7.359999999999999,5.0,6.889999999999999,5.0,6.95,5.0,8.459999999999999,5.0,7.7700000000000005
light_seed1,light,1,15.15,30.2,60.0,8.23270479656731,0.13833333333333334,6.0,15.15,4.0,10.857706729369763,0.0,0.0,0.0,2.0,0.26666666666666666,0.06666666666666667,0.0,0.0,3.0,11.147782371822393,0.0,0.0,0.0,2.0,0.2,0.06666666666666667,0.0,0.0,5.0,6.26760013770257,0.22000000000000003,1.1,1.0,0.0,0.26666666666666666,0.0,0.06666666666666667,0.014666666666666668,3.0,11.120264919872902,0.0,0.0,0.0,2.0,0.2,0.06666666666666667,0.0,0.0,3.0,11.149610113486924,0.0,0.0,0.0,2.0,0.2,0.06666666666666667,0.0,0.0,5.0,8.084880019145373,0.0,0.0,0.0,0.0,0.26666666666666666,0.0,0.0,0.0,5.0,5.72628112653923,0.22000000000000003,1.1,1.0,0.0,0.26666666666666666,0.0,0.06666666666666667,0.014666666666666668,5.0,6.449672850984062,0.16999999999999998,0.85,1.0,0.0,0.26666666666666666,0.0,0.06666666666666667,0.011333333333333332,5.0,7.529597712553192,0.0,0.0,0.0,0.0,0.26666666666666666,0.0,0.0,0.0,5.0,6.605853163989474,0.21000000000000002,1.05,1.0,0.0,0.26666666666666666,0.0,0.06666666666666667,0.014000000000000002,5.0,5.719920514423508,0.62,3.1,1.0,0.0,0.26666666666666666,0.0,0.06666666666666667,0.04133333333333333,5.0,6.235887015710466,0.22000000000000003,1.1,1.0,0.0,0.26666666666666666,0.0,0.06666666666666667,0.014666666666666668,0.0,0.0,0.0,0.0,5.0,8.54,0.0,0.0,0.0,0.0,5.0,7.32,5.0,6.9799999999999995,5.0,8.36,5.0,7.889999999999999,5.0,7.95,5.0,9.459999999999999,5.0,8.77
light_seed1,light,1,16.2,31.2,60.0,7.369204679100449,0.25833333333333336,8.0,16.2,3.0,11.097116443818704,0.0,0.0,0.0,2.0,0.2,0.13333333333333333,0.0,0.0,3.0,11.11246207727416,0.0,0.0,0.0,2.0,0.2,0.13333333333333333,0.0,0.0,5.0,4.997434627072729,0.43,2.15,1.0,0.0,0.2,0.0,0.06666666666666667,0.028666666666666667,3.0,11.127477042362209,0.0,0.0,0.0,2.0,0.2,0.13333333333333333,0.0,0.0,3.0,11.106606380015366,0.0,0.0,0.0,2.0,0.2,0.13333333333333333,0.0,0.0,5.0,5.931665451581578,0.04,0.2,1.0,0.0,0.2,0.0,0.06666666666666667,0.0026666666666666666,5.0,5.419609323850832,0.43,2.15,1.0,0.0,0.2,0.0,0.06666666666666667,0.028666666666666667,5.0,5.124049471408591,0.38,1.9,1.0,0.0,0.2,0.0,0.06666666666666667,0.025333333333333333,5.0,5.655094503522043,0.13999999999999999,0.7,1.0,0.0,0.2,0.0,0.06666666666666667,0.009333333333333332,5.0,5.305440778585734,0.42000000000000004,2.1,1.0,0.0,0.2,0.0,0.06666666666666667,0.028000000000000004,5.0,4.567080800702956,0.8300000000000001,4.15,1.0,0.0,0.26666666666666666,0.0,0.06666666666666667,0.05533333333333334,5.0,4.9759877603106295,0.43,2.15,1.0,0.0,0.2,0.0,0.06666666666666667,0.028666666666666667,0.0,0.0,0.0,0.0,5.0,9.54,0.0,0.0,0.0,0.0,5.0,8.32,5.0,7.779999999999999,5.0,9.36,5.0,8.89,5.0,8.95,5.0,10.459999999999999,5.0,9.77
light_seed1,light,1,17.2,32.2,60.0,6.776110319823291,0.415,10.0,17.2,3.0,11.099243141993057,0.0,0.0,0.0,2.0,0.2,0.13333333333333333,0.0,0.0,3.0,11.128725905131917,0.0,0.0,0.0,2.0,0.13333333333333333,0.13333333333333333,0.0,0.0,5.0,3.9577452093997865,0.63,3.15,1.0,0.0,0.13333333333333333,0.0,0.06666666666666667,0.042,3.0,11.129503861226118,0.0,0.0,0.0,2.0,0.13333333333333333,0.13333333333333333,0.0,0.0,3.0,11.108941812669073,0.0,0.0,0.0,2.0,0.13333333333333333,0.13333333333333333,0.0,0.0,5.0,4.709472290835306,0.24,1.2,1.0,0.0,0.2,0.0,0.06666666666666667,0.016,5.0,5.295690987966195,0.63,3.15,1.0,0.0,0.13333333333333333,0.0,0.06666666666666667,0.042,5.0,4.05462046249997,0.58,2.9,1.0,0.0,0.13333333333333333,0.0,0.06666666666666667,0.03866666666666666,5.0,4.441374475679349,0.33999999999999997,1.7,1.0,0.0,0.2,0.0,0.06666666666666667,0.022666666666666665,5.0,4.220436246721621,0.62,3.1,1.0,0.0,0.13333333333333333,0.0,0.06666666666666667,0.04133333333333333,5.0,3.6048781095782205,1.2100000000000002,5.15,2.0,0.0,0.13333333333333333,0.0,0.13333333333333333,0.08066666666666668,5.0,3.9371863168364656,0.73,3.15,2.0,0.0,0.13333333333333333,0.0,0.13333333333333333,0.048666666666666664,0.0,0.0,0.0,0.0,5.0,10.54,0.0,0.0,0.0,0.0,5.0,9.32,5.0,8.709999999999999,5.0,10.36,5.0,9.89,5.0,9.95,5.0,11.459999999999999,5.0,10.77
light_seed1,light,1,18.2,33.2,60.0,6.196769979923483,0.6016666666666667,14.0,18.2,3.0,11.102618969604459,0.0,0.0,0.0,2.0,0.13333333333333333,0.13333333333333333,0.0,0.0,2.0,11.12699888072936,0.0,0.0,0.0,2.0,0.13333333333333333,0.2,0.0,0.0,5.0,3.0624529476853186,0.9200000000000002,4.15,2.0,0.0,0.13333333333333333,0.0,0.13333333333333333,0.061333333333333344,2.0,9.685198440548817,0.0,0.0,0.0,2.0,0.13333333333333333,0.2,0.0,0.0,2.0,11.113460143225126,0.0,0.0,0.0,2.0,0.13333333333333333,0.2,0.0,0.0,5.0,3.6796093524129696,0.44000000000000006,2.2,1.0,0.0,0.13333333333333333,0.0,0.06666666666666667,0.029333333333333336,5.0,5.2351744515437755,0.9200000000000002,4.15,2.0,0.0,0.13333333333333333,0.0,0.13333333333333333,0.061333333333333344,5.0,3.158094148121369,0.82,3.9,2.0,0.0,0.13333333333333333,0.0,0.13333333333333333,0.05466666666666666,5.0,3.456506802239276,0.56,2.7,2.0,0.0,0.13333333333333333,0.0,0.13333333333333333,0.037333333333333336,5.0,3.301855880676461,0.82,4.1,1.0,0.0,0.13333333333333333,0.0,0.06666666666666667,0.05466666666666666,5.0,2.77180080773985,1.61,6.15,2.0,0.0,0.13333333333333333,0.0,0.13333333333333333,0.10733333333333334,5.0,3.0665580686100586,1.1300000000000001,4.15,2.0,0.0,0.13333333333333333,0.0,0.13333333333333333,0.07533333333333334,0.0,0.0,0.0,0.0,5.0,7.709999999999999,0.0,0.0,0.0,0.0,5.0,6.88,5.0,9.709999999999999,5.0,11.36,5.0,10.89,5.0,10.95,5.0,12.459999999999999,5.0,11.77
light_seed1,light,1,19.2,34.2,60.0,5.730042492277767,0.8350000000000001,14.0,19.2,2.0,11.107059640979106,0.0,0.0,0.0,2.0,0.13333333333333333,0.2,0.0,0.0,2.0,11.119096646685502,0.0,0.0,0.0,2.0,0.13333333333333333,0.2,0.0,0.0,5.0,2.312974183857044,1.32,5.15,2.0,0.0,0.13333333333333333,0.0,0.13333333333333333,0.08800000000000001,2.0,9.395509950629705,0.0,0.0,0.0,2.0,0.13333333333333333,0.2,0.0,0.0,2.0,11.114227059420593,0.0,0.0,0.0,2.0,0.13333333333333333,0.2,0.0,0.0,5.0,2.8213306064511725,0.64,3.2,1.0,0.0,0.13333333333333333,0.0,0.06666666666666667,0.042666666666666665,5.0,4.756527389668389,1.32,5.15,2.0,0.0,0.13333333333333333,0.0,0.13333333333333333,0.08800000000000001,5.0,2.396599031217851,1.2200000000000002,4.9,2.0,0.0,0.13333333333333333,0.0,0.13333333333333333,0.08133333333333334,5.0,2.6442207021118582,0.9600000000000002,3.7,2.0,0.0,0.13333333333333333,0.0,0.13333333333333333,0.06400000000000002,5.0,2.5170967381621305,1.02,5.1,1.0,0.0,0.13333333333333333,0.0,0.06666666666666667,0.068,5.0,2.066249419810651,2.0100000000000002,7.15,2.0,0.0,0.13333333333333333,0.0,0.13333333333333333,0.134,5.0,2.3068347048720277,1.53,5.15,2.0,0.0,0.13333333333333333,0.0,0.13333333333333333,0.10200000000000001,0.0,0.0,0.0,0.0,4.0,1.4,0.0,0.0,0.0,0.0,4.0,3.2,5.0,10.709999999999999,5.0,12.36,5.0,11.89,5.0,11.95,5.0,13.459999999999999,5.0,12.77
light_seed1,light,1,20.2,35.2,60.0,5.268268643963016,1.0925,16.0,20.2,2.0,11.098275607825116,0.0,0.0,0.0,2.0,0.13333333333333333,0.2,0.0,0.0,1.0,11.099091001073829,0.0,0.0,0.0,2.0,0.06666666666666667,0.2,0.0,0.0,5.0,1.7011400063344777,1.7200000000000002,6.15,2.0,0.0,0.06666666666666667,0.0,0.13333333333333333,0.11466666666666668,2.0,9.157316027896474,0.0,0.0,0.0,2.0,0.06666666666666667,0.2,0.0,0.0,1.0,11.094450520346872,0.0,0.0,0.0,2.0,0.06666666666666667,0.26666666666666666,0.0,0.0,5.0,2.114030453615477,0.9800000000000001,4.2,2.0,0.0,0.13333333333333333,0.0,0.13333333333333333,0.06533333333333334,5.0,3.791178469883038,1.7200000000000002,6.15,2.0,0.0,0.13333333333333333,0.0,0.13333333333333333,0.11466666666666668,5.0,1.763147167158036,1.6200000000000003,5.9,2.0,0.0,0.13333333333333333,0.0,0.13333333333333333,0.10800000000000003,5.0,1.9758576174933153,1.36,4.7,2.0,0.0,0.13333333333333333,0.0,0.13333333333333333,0.09066666666666667,5.0,1.8632210285180189,1.3699999999999999,6.1,2.0,0.0,0.13333333333333333,0.0,0.13333333333333333,0.09133333333333332,5.0,1.500174041213049,2.41,8.15,2.0,0.0,0.06666666666666667,0.0,0.13333333333333333,0.16066666666666668,5.0,1.7022048350496572,1.9300000000000002,6.15,2.0,0.0,0.06666666666666667,0.0,0.13333333333333333,0.12866666666666668,0.0,0.0,0.0,0.0,4.0,0.0,0.0,0.0,0.0,0.0,4.0,0.0,5.0,11.709999999999999,5.0,13.36,5.0,12.89,5.0,12.95,5.0,14.459999999999999,5.0,13.77
light_seed1,light,1,21.2,36.2,60.0,4.896670997099327,1.3591666666666666,16.0,21.2,1.0,10.854079993052949,0.0,0.0,0.0,2.0,0.06666666666666667,0.26666666666666666,0.0,0.0,1.0,11.10256174295675,0.0,0.0,0.0,2.0,0.06666666666666667,0.26666666666666666,0.0,0.0,5.0,1.2021694259876328,2.12,7.15,2.0,0.0,0.06666666666666667,0.0,0.13333333333333333,0.14133333333333334,1.0,9.41468290228846,0.0,0.0,0.0,2.0,0.06666666666666667,0.26666666666666666,0.0,0.0,1.0,11.099453619448468,0.0,0.0,0.0,2.0,0.06666666666666667,0.26666666666666666,0.0,0.0,5.0,1.5368540572058245,1.3800000000000001,5.2,2.0,0.0,0.06666666666666667,0.0,0.13333333333333333,0.09200000000000001,5.0,2.9370191629901834,2.12,7.15,2.0,0.0,0.06666666666666667,0.0,0.13333333333333333,0.14133333333333334,5.0,1.2525005022927904,2.0200000000000005,6.9,2.0,0.0,0.06666666666666667,0.0,0.13333333333333333,0.13466666666666668,5.0,1.424292012330659,1.7600000000000002,5.7,2.0,0.0,0.06666666666666667,0.0,0.13333333333333333,0.11733333333333335,5.0,1.336852013154306,1.77,7.1,2.0,0.0,0.06666666666666667,0.0,0.13333333333333333,0.11800000000000001,5.0,1.0466471001626716,2.81,9.15,2.0,0.0,0.06666666666666667,0.0,0.13333333333333333,0.18733333333333332,5.0,1.19906428159903,2.33,7.15,2.0,0.0,0.06666666666666667,0.0,0.13333333333333333,0.15533333333333335,0.0,0.0,0.0,0.0,3.0,0.0,0.0,0.0,0.0,0.0,3.0,0.0,5.0,12.709999999999999,5.0,14.36,5.0,13.89,5.0,13.95,5.0,15.459999999999999,5.0,14.77
light_seed1,light,1,22.2,37.2,60.0,4.64025798598635,1.6291666666666667,17.0,22.2,1.0,10.822378857556142,0.0,0.0,0.0,2.0,0.06666666666666667,0.26666666666666666,0.0,0.0,1.0,11.097913195369765,0.0,0.0,0.0,2.0,0.06666666666666667,0.26666666666666666,0.0,0.0,5.0,0.8180633540566518,2.5200000000000005,8.15,2.0,0.0,0.0,0.0,0.13333333333333333,0.16800000000000004,1.0,9.820856376606713,0.0,0.0,0.0,2.0,0.0,0.26666666666666666,0.0,0.0,1.0,11.104135351479053,0.0,0.0,0.0,2.0,0.0,0.26666666666666666,0.0,0.0,5.0,1.0797843792446655,1.78,6.2,2.0,0.0,0.06666666666666667,0.0,0.13333333333333333,0.11866666666666667,5.0,2.22125453881087,2.5200000000000005,8.15,2.0,0.0,0.06666666666666667,0.0,0.13333333333333333,0.16800000000000004,5.0,0.856599598776404,2.4200000000000004,7.9,2.0,0.0,0.06666666666666667,0.0,0.13333333333333333,0.16133333333333336,5.0,0.9848744942486329,2.16,6.7,2.0,0.0,0.06666666666666667,0.0,0.13333333333333333,0.14400000000000002,5.0,0.92288678837988,2.17,8.1,2.0,0.0,0.06666666666666667,0.0,0.13333333333333333,0.14466666666666667,5.0,0.697109530986045,3.25,10.15,3.0,0.0,0.0,0.0,0.2,0.21666666666666667,5.0,0.8164367846391294,2.73,8.15,2.0,0.0,0.0,0.0,0.13333333333333333,0.182,0.0,0.0,0.0,0.0,3.0,0.0,0.0,0.0,0.0,0.0,3.0,0.0,5.0,13.709999999999999,5.0,15.36,5.0,14.89,5.0,14.95,5.0,16.46,5.0,15.77
light_seed1,light,1,23.2,38.2,60.0,4.434661254522127,1.9600000000000002,22.0,23.2,0.0,0.0,0.0,0.0,0.0,2.0,0.0,0.3333333333333333,0.0,0.0,0.0,0.0,0.0,0.0,0.0,2.0,0.0,0.3333333333333333,0.0,0.0,5.0,0.5295871150578619,3.0700000000000003,9.15,3.0,0.0,0.0,0.0,0.2,0.2046666666666667,1.0,10.199775502050004,0.0,0.0,0.0,2.0,0.0,0.26666666666666666,0.0,0.0,0.0,0.0,0.0,0.0,0.0,2.0,0.0,0.3333333333333333,0.0,0.0,5.0,0.7255001483236465,2.18,7.2,2.0,0.0,0.0,0.0,0.13333333333333333,0.14533333333333334,5.0,1.6236702226824669,2.9200000000000004,9.15,2.0,0.0,0.06666666666666667,0.0,0.13333333333333333,0.19466666666666668,5.0,0.5562352306283505,2.95,8.9,3.0,0.0,0.0,0.0,0.2,0.19666666666666668,5.0,0.652490265128278,2.62,7.7,3.0,0.0,0.0,0.0,0.2,0.17466666666666666,5.0,0.6081053508340951,2.63,9.1,3.0,0.0,0.0,0.0,0.2,0.1753333333333333,5.0,0.44299438251079326,3.85,11.15,3.0,0.0,0.0,0.0,0.2,0.25666666666666665,5.0,0.5273000345452308,3.3,9.15,3.0,0.0,0.0,0.0,0.2,0.22,0.0,0.0,0.0,0.0,2.0,0.0,0.0,0.0,0.0,0.0,2.0,0.0,5.0,14.709999999999999,5.0,16.36,5.0,15.89,5.0,15.95,5.0,17.46,5.0,16.77
light_seed1,light,1,24.2,39.2,60.0,4.263493872841445,2.341666666666667,23.0,24.2,0.0,0.0,0.0,0.0,0.0,2.0,0.0,0.3333333333333333,0.0,0.0,0.0,0.0,0.0,0.0,0.0,2.0,0.0,0.3333333333333333,0.0,0.0,5.0,0.3254034320827818,3.6700000000000004,10.15,3.0,0.0,0.0,0.0,0.2,0.2446666666666667,0.0,0.0,0.0,0.0,0.0,2.0,0.0,0.3333333333333333,0.0,0.0,0.0,0.0,0.0,0.0,0.0,2.0,0.0,0.3333333333333333,0.0,0.0,5.0,0.46372045058407857,2.76,8.2,3.0,0.0,0.0,0.0,0.2,0.184,5.0,1.1507641932657242,3.3200000000000003,10.15,2.0,0.0,0.0,0.0,0.13333333333333333,0.22133333333333335,5.0,0.34243719189831434,3.55,9.9,3.0,0.0,0.0,0.0,0.2,0.23666666666666666,5.0,0.41170636793578846,3.2199999999999998,8.7,3.0,0.0,0.0,0.0,0.2,0.21466666666666664,5.0,0.37806219811377617,3.2299999999999995,10.1,3.0,0.0,0.0,0.0,0.2,0.2153333333333333,5.0,0.2677179487409721,4.45,12.15,3.0,0.0,0.0,0.0,0.2,0.2966666666666667,5.0,0.32279883833324635,3.9,10.15,3.0,0.0,0.0,0.0,0.2,0.26,0.0,0.0,0.0,0.0,2.0,0.0,0.0,0.0,0.0,0.0,2.0,0.0,5.0,15.709999999999999,5.0,17.36,5.0,16.89,5.0,16.95,5.0,18.46,5.0,17.77
light_seed1,light,1,25.2,40.2,59.0,3.95250430787604,2.772881355932203,24.0,25.2,0.0,0.0,0.0,0.0,0.0,2.0,0.0,0.3333333333333333,0.0,0.0,0.0,0.0,0.0,0.0,0.0,2.0,0.0,0.3333333333333333,0.0,0.0,5.0,0.19004244822622324,4.2700000000000005,11.15,3.0,0.0,0.0,0.0,0.2,0.2846666666666667,0.0,0.0,0.0,0.0,0.0,2.0,0.0,0.3333333333333333,0.0,0.0,0.0,0.0,0.0,0.0,0.0,2.0,0.0,0.3333333333333333,0.0,0.0,5.0,0.28133338059547636,3.3600000000000003,9.2,3.0,0.0,0.0,0.0,0.2,0.22400000000000003,5.0,0.7785430409554321,3.72,11.15,2.0,0.0,0.0,0.0,0.13333333333333333,0.24800000000000003,5.0,0.20078853606508645,4.15,10.9,3.0,0.0,0.0,0.0,0.2,0.27666666666666667,5.0,0.24769345299694856,3.8199999999999994,9.7,3.0,0.0,0.0,0.0,0.2,0.25466666666666665,5.0,0.22399999839715842,3.8299999999999996,11.1,3.0,0.0,0.0,0.0,0.2,0.2553333333333333,5.0,0.15329319981968142,5.07,13.15,4.0,0.0,0.0,0.0,0.26666666666666666,0.338,5.0,0.18801538973394388,4.5,11.15,3.0,0.0,0.0,0.0,0.2,0.3,0.0,0.0,0.0,0.0,1.0,0.0,0.0,0.0,0.0,0.0,1.0,0.0,5.0,16.71,5.0,18.36,5.0,17.89,5.0,17.95,5.0,19.46,5.0,18.77
light_seed1,light,1,26.2,41.2,59.0,3.893295164055053,3.2355932203389832,30.0,26.2,0.0,0.0,0.0,0.0,0.0,2.0,0.0,0.3333333333333333,0.0,0.0,0.0,0.0,0.0,0.0,0.0,2.0,0.0,0.3333333333333333,0.0,0.0,5.0,0.10523296039335257,5.0200000000000005,12.15,4.0,0.0,0.0,0.0,0.26666666666666666,0.3346666666666667,0.0,0.0,0.0,0.0,0.0,2.0,0.0,0.3333333333333333,0.0,0.0,0.0,0.0,0.0,0.0,0.0,2.0,0.0,0.26666666666666666,0.0,0.0,5.0,0.16290764384586692,3.96,10.2,3.0,0.0,0.0,0.0,0.2,0.264,5.0,0.5021840833142859,4.24,12.15,3.0,0.0,0.0,0.0,0.2,0.2826666666666667,5.0,0.1122487929699296,4.869999999999999,11.9,4.0,0.0,0.0,0.0,0.26666666666666666,0.3246666666666666,5.0,0.13893684584534016,4.47,10.7,4.0,0.0,0.0,0.0,0.26666666666666666,0.298,5.0,0.12704708490156022,4.5,12.1,4.0,0.0,0.0,0.0,0.26666666666666666,0.3,5.0,0.0831468585257683,5.87,14.15,4.0,0.0,0.0,0.0,0.26666666666666666,0.39133333333333337,5.0,0.10420158124649437,5.25,12.15,4.0,0.0,0.0,0.0,0.26666666666666666,0.35,0.0,0.0,0.0,0.0,1.0,0.0,0.0,0.0,0.0,0.0,1.0,0.0,5.0,17.71,5.0,19.36,5.0,18.89,5.0,18.95,5.0,20.46,5.0,19.77
light_seed1,light,1,27.2,42.2,59.0,3.8622553683475433,3.760169491525424,31.0,27.2,0.0,0.0,0.0,0.0,0.0,2.0,0.0,0.3333333333333333,0.0,0.0,0.0,0.0,0.0,0.0,0.0,2.0,0.0,0.3333333333333333,0.0,0.0,5.0,0.05595572081868644,5.82,13.15,4.0,0.0,0.0,0.0,0.26666666666666666,0.388,0.0,0.0,0.0,0.0,0.0,2.0,0.0,0.3333333333333333,0.0,0.0,0.0,0.0,0.0,0.0,0.0,2.0,0.0,0.26666666666666666,0.0,0.0,5.0,0.08876022117477278,4.75,11.2,4.0,0.0,0.0,0.0,0.26666666666666666,0.31666666666666665,5.0,0.30763131722862963,4.84,13.15,3.0,0.0,0.0,0.0,0.2,0.32266666666666666,5.0,0.06038154861843385,5.67,12.9,4.0,0.0,0.0,0.0,0.26666666666666666,0.378,5.0,0.0758079145785873,5.27,11.7,4.0,0.0,0.0,0.0,0.26666666666666666,0.35133333333333333,5.0,0.0697624763563141,5.3,13.1,4.0,0.0,0.0,0.0,0.26666666666666666,0.35333333333333333,5.0,0.04455749607851454,6.67,15.15,4.0,0.0,0.0,0.0,0.2,0.44266666666666665,5.0,0.055799558077150466,6.05,13.15,4.0,0.0,0.0,0.0,0.26666666666666666,0.4033333333333333,0.0,0.0,0.0,0.0,1.0,0.0,0.0,0.0,0.0,0.0,1.0,0.0,5.0,18.71,5.0,20.36,5.0,19.89,5.0,19.95,5.0,21.46,5.0,20.77
light_seed1,light,1,28.2,43.2,58.0,3.6716491426962787,4.35948275862069,31.0,28.2,0.0,0.0,0.0,0.0,0.0,2.0,0.0,0.3333333333333333,0.0,0.0,0.0,0.0,0.0,0.0,0.0,2.0,0.0,0.26666666666666666,0.0,0.0,5.0,0.029660563841025094,6.62,14.15,4.0,0.0,0.0,0.0,0.26666666666666666,0.44133333333333336,0.0,0.0,0.0,0.0,0.0,2.0,0.0,0.26666666666666666,0.0,0.0,0.0,0.0,0.0,0.0,0.0,2.0,0.0,0.26666666666666666,0.0,0.0,5.0,0.04732932240179026,5.55,12.2,4.0,0.0,0.0,0.0,0.26666666666666666,0.37,5.0,0.1795547771227421,5.4399999999999995,14.15,3.0,0.0,0.0,0.0,0.2,0.36266666666666664,5.0,0.031587766961525314,6.470000000000001,13.9,4.0,0.0,0.0,0.0,0.26666666666666666,0.4313333333333334,5.0,0.0406179203140288,6.069999999999999,12.7,4.0,0.0,0.0,0.0,0.26666666666666666,0.4046666666666666,5.0,0.036329657423525716,6.1,14.1,4.0,0.0,0.0,0.0,0.26666666666666666,0.4066666666666666,5.0,0.022964012644933654,7.470000000000001,16.15,4.0,0.0,0.0,0.0,0.2,0.4826666666666667,5.0,0.02881727302322178,6.85,14.15,4.0,0.0,0.0,0.0,0.26666666666666666,0.45666666666666667,0.0,0.0,0.0,0.0,1.0,0.0,0.0,0.0,0.0,0.0,1.0,0.0,5.0,19.71,5.0,21.36,5.0,20.89,5.0,20.95,5.0,22.46,5.0,21.77
light_seed1,light,1,29.2,44.2,57.0,3.480349806194896,5.043859649122807,38.0,29.2,0.0,0.0,0.0,0.0,0.0,2.0,0.0,0.3333333333333333,0.0,0.0,0.0,0.0,0.0,0.0,0.0,2.0,0.0,0.26666666666666666,0.0,0.0,5.0,0.01501597618439746,7.540000000000001,15.15,5.0,0.0,0.0,0.0,0.26666666666666666,0.5006666666666667,0.0,0.0,0.0,0.0,0.0,2.0,0.0,0.2,0.0,0.0,0.0,0.0,0.0,0.0,0.0,2.0,0.0,0.2,0.0,0.0,5.0,0.024618628428317,6.35,13.2,4.0,0.0,0.0,0.0,0.26666666666666666,0.4233333333333333,5.0,0.09991447441226989,6.18,15.15,4.0,0.0,0.0,0.0,0.2,0.41,5.0,0.01610942948495004,7.359999999999999,14.9,5.0,0.0,0.0,0.0,0.3333333333333333,0.49066666666666664,5.0,0.020795600000285346,6.889999999999999,13.7,5.0,0.0,0.0,0.0,0.3333333333333333,0.45933333333333326,5.0,0.01869035517362929,6.95,15.1,5.0,0.0,0.0,0.0,0.26666666666666666,0.462,5.0,0.01168946842784538,8.459999999999999,17.15,5.0,0.0,0.0,0.0,0.26666666666666666,0.5353333333333333,5.0,0.014851410822375982,7.7700000000000005,15.15,5.0,0.0,0.0,0.0,0.26666666666666666,0.516,0.0,0.0,0.0,0.0,0.0,0.0,0.0,0.0,0.0,0.0,0.0,0.0,5.0,20.71,5.0,22.36,5.0,21.89,5.0,21.95,5.0,23.46,5.0,22.77
light_seed1,light,1,30.2,45.2,55.0,3.0885743479489483,5.933636363636363,39.0,0.14999999999999858,0.0,0.0,0.0,0.0,0.0,1.0,0.0,0.26666666666666666,0.0,0.0,0.0,0.0,0.0,0.0,0.0,1.0,0.0,0.2,0.0,0.0,5.0,0.007635151873840435,8.54,16.15,5.0,0.0,0.0,0.0,0.26666666666666666,0.5539999999999999,0.0,0.0,0.0,0.0,0.0,1.0,0.0,0.2,0.0,0.0,0.0,0.0,0.0,0.0,0.0,1.0,0.0,0.2,0.0,0.0,5.0,0.012663800929978519,7.32,14.2,5.0,0.0,0.0,0.0,0.3333333333333333,0.48800000000000004,5.0,0.05359756750100155,6.9799999999999995,16.15,4.0,0.0,0.0,0.0,0.2,0.45,5.0,0.008147650696004404,8.36,15.9,5.0,0.0,0.0,0.0,0.26666666666666666,0.5453333333333333,5.0,0.010547745241900964,7.889999999999999,14.7,5.0,0.0,0.0,0.0,0.3333333333333333,0.5259999999999999,5.0,0.00948951722913228,7.95,16.1,5.0,0.0,0.0,0.0,0.26666666666666666,0.5153333333333333,5.0,0.005822522024981833,9.459999999999999,18.15,5.0,0.0,0.0,0.0,0.26666666666666666,0.5886666666666666,5.0,0.007556212897963659,8.77,16.15,5.0,0.0,0.0,0.0,0.26666666666666666,0.5693333333333332,0.0,0.0,0.0,0.0,0.0,0.0,0.0,0.0,0.0,0.0,0.0,0.0,5.0,21.71,5.0,23.36,5.0,22.89,5.0,22.95,5.0,24.46,5.0,23.77
light_seed1,light,1,31.2,46.2,55.0,3.0854928556259744,6.642727272727272,39.0,1.1499999999999986,0.0,0.0,0.0,0.0,0.0,1.0,0.0,0.2,0.0,0.0,0.0,0.0,0.0,0.0,0.0,1.0,0.0,0.2,0.0,0.0,5.0,0.0038693234505832773,9.54,17.15,5.0,0.0,0.0,0.0,0.26666666666666666,0.6073333333333333,0.0,0.0,0.0,0.0,0.0,1.0,0.0,0.2,0.0,0.0,0.0,0.0,0.0,0.0,0.0,1.0,0.0,0.2,0.0,0.0,5.0,0.006416148959078183,8.32,15.2,5.0,0.0,0.0,0.0,0.26666666666666666,0.552,5.0,0.027936729237847978,7.779999999999999,17.15,4.0,0.0,0.0,0.0,0.2,0.49,5.0,0.004107138158997435,9.36,16.9,5.0,0.0,0.0,0.0,0.26666666666666666,0.5986666666666666,5.0,0.005359265407029452,8.89,15.7,5.0,0.0,0.0,0.0,0.26666666666666666,0.5833333333333334,5.0,0.004879420979371564,8.95,17.1,5.0,0.0,0.0,0.0,0.26666666666666666,0.5686666666666667,5.0,0.002932016787501272,10.459999999999999,19.15,5.0,0.0,0.0,0.0,0.26666666666666666,0.6419999999999999,5.0,0.0038014595164224,9.77,17.15,5.0,0.0,0.0,0.0,0.26666666666666666,0.6226666666666667,0.0,0.0,0.0,0.0,0.0,0.0,0.0,0.0,0.0,0.0,0.0,0.0,5.0,22.71,5.0,24.36,5.0,23.89,5.0,23.95,5.0,25.46,5.0,24.77
light_seed1,light,1,32.2,47.2,54.0,2.9278953612551897,7.5,40.0,2.150000000000002,0.0,0.0,0.0,0.0,0.0,1.0,0.0,0.19999999999999996,0.0,0.0,0.0,0.0,0.0,0.0,0.0,1.0,0.0,0.19999999999999996,0.0,0.0,5.0,0.0019229350009767536,10.54,18.15,5.0,0.0,0.0,0.0,0.2666666666666666,0.6606666666666664,0.0,0.0,0.0,0.0,0.0,1.0,0.0,0.19999999999999996,0.0,0.0,0.0,0.0,0.0,0.0,0.0,1.0,0.0,0.19999999999999996,0.0,0.0,5.0,0.0031924286140368545,9.32,16.2,5.0,0.0,0.0,0.0,0.2666666666666666,0.6053333333333332,5.0,0.014397944856107972,8.709999999999999,18.15,5.0,0.0,0.0,0.0,0.2666666666666666,0.5386666666666664,5.0,0.0020849469483198127,10.36,17.9,5.0,0.0,0.0,0.0,0.2666666666666666,0.6519999999999998,5.0,0.002694228032725555,9.89,16.7,5.0,0.0,0.0,0.0,0.2666666666666666,0.6366666666666666,5.0,0.002464157954369189,9.95,18.1,5.0,0.0,0.0,0.0,0.2666666666666666,0.6219999999999999,5.0,0.0014859588360702388,11.459999999999999,20.15,5.0,0.0,0.0,0.0,0.19999999999999996,0.683333333333333,5.0,0.0019126824212117861,10.77,18.15,5.0,0.0,0.0,0.0,0.19999999999999996,0.6693333333333331,0.0,0.0,0.0,0.0,0.0,0.0,0.0,0.0,0.0,0.0,0.0,0.0,5.0,23.71,5.0,25.36,5.0,24.89,5.0,24.95,5.0,26.46,5.0,25.77
light_seed1,light,1,33.2,48.2,52.0,2.5759803128353465,7.858653846153846,38.0,0.15000000000000568,0.0,0.0,0.0,0.0,0.0,0.0,0.0,0.19999999999999996,0.0,0.0,0.0,0.0,0.0,0.0,0.0,0.0,0.0,0.1333333333333333,0.0,0.0,5.0,0.11248152335720567,7.709999999999999,15.45,4.0,2.0,0.0,0.0,0.1333333333333333,0.4526666666666665,0.0,0.0,0.0,0.0,0.0,0.0,0.0,0.1333333333333333,0.0,0.0,0.0,0.0,0.0,0.0,0.0,0.0,0.0,0.1333333333333333,0.0,0.0,5.0,0.08790401882307118,6.88,13.7,4.0,2.0,0.0,0.0,0.19999999999999996,0.4293333333333332,5.0,0.0072791762519537895,9.709999999999999,19.15,5.0,0.0,0.0,0.0,0.19999999999999996,0.5859999999999999,5.0,0.0010537987492735307,11.36,18.9,5.0,0.0,0.0,0.0,0.19999999999999996,0.7026666666666664,5.0,0.0013427149018742344,10.89,17.7,5.0,0.0,0.0,0.0,0.19999999999999996,0.6886666666666665,5.0,0.0012284668769696758,10.95,19.1,5.0,0.0,0.0,0.0,0.2666666666666666,0.6753333333333331,5.0,0.0007339166691513633,12.459999999999999,21.15,5.0,0.0,0.0,0.0,0.19999999999999996,0.7233333333333332,5.0,0.0009524497402333715,11.77,19.15,5.0,0.0,0.0,0.0,0.19999999999999996,0.709333333333333,0.0,0.0,0.0,0.0,0.0,0.0,0.0,0.0,0.0,0.0,0.0,0.0,5.0,17.880000000000003,5.0,19.580000000000002,5.0,25.890000000000004,5.0,19.130000000000003,5.0,20.23,5.0,26.77
light_seed1,light,1,34.2,49.2,52.0,2.736178342960471,7.386538461538461,33.0,1.1500000000000057,0.0,0.0,0.0,0.0,0.0,0.0,0.0,0.1333333333333333,0.0,0.0,0.0,0.0,0.0,0.0,0.0,0.0,0.0,0.1333333333333333,0.0,0.0,4.0,0.6131488225515129,1.4,5.6,1.0,2.0,0.0,0.06666666666666665,-0.06666666666666665,0.005333333333333322,0.0,0.0,0.0,0.0,0.0,0.0,0.0,0.1333333333333333,0.0,0.0,0.0,0.0,0.0,0.0,0.0,0.0,0.0,0.1333333333333333,0.0,0.0,4.0,0.4598780128412202,3.2,7.95,2.0,2.0,0.0,0.06666666666666665,0.06666666666666665,0.17066666666666663,5.0,0.0036880686608664393,10.709999999999999,20.15,5.0,0.0,0.0,0.0,0.19999999999999996,0.6259999999999998,5.0,0.000524423262698271,12.36,19.9,5.0,0.0,0.0,0.0,0.19999999999999996,0.7426666666666664,5.0,0.0006696829043973389,11.89,18.7,5.0,0.0,0.0,0.0,0.19999999999999996,0.7286666666666665,5.0,0.000610001274666432,11.95,20.1,5.0,0.0,0.0,0.0,0.2666666666666666,0.7286666666666665,5.0,0.00037105654358947257,13.459999999999999,22.15,5.0,0.0,0.0,0.0,0.19999999999999996,0.7633333333333331,5.0,0.00047477395552689833,12.77,20.15,5.0,0.0,0.0,0.0,0.19999999999999996,0.7493333333333332,0.0,0.0,0.0,0.0,0.0,0.0,0.0,0.0,0.0,0.0,0.0,0.0,4.0,4.4125,4.0,5.1125,5.0,26.890000000000004,4.0,5.0625,4.0,5.2375,5.0,27.77
light_seed1,light,1,35.2,50.2,52.0,2.967970808656519,7.609615384615385,30.0,2.1500000000000057,0.0,0.0,0.0,0.0,0.0,0.0,0.0,0.1333333333333333,0.0,0.0,0.0,0.0,0.0,0.0,0.0,0.0,0.0,0.06666666666666665,0.0,0.0,4.0,1.6991426480136225,0.0,0.0,0.0,2.0,0.0,0.06666666666666665,-0.1333333333333333,-0.11466666666666665,0.0,0.0,0.0,0.0,0.0,0.0,0.0,0.1333333333333333,0.0,0.0,0.0,0.0,0.0,0.0,0.0,0.0,0.0,0.06666666666666665,0.0,0.0,4.0,1.413837767391775,0.0,0.0,0.0,2.0,0.0,0.06666666666666665,-0.1333333333333333,-0.06533333333333333,5.0,0.0018647396746311283,11.709999999999999,21.15,5.0,0.0,0.0,0.0,0.19999999999999996,0.6659999999999997,5.0,0.0002609114224945368,13.36,20.9,5.0,0.0,0.0,0.0,0.19999999999999996,0.7826666666666664,5.0,0.0003343267913648865,12.89,19.7,5.0,0.0,0.0,0.0,0.19999999999999996,0.7686666666666666,5.0,0.0003065963594769287,12.95,21.1,5.0,0.0,0.0,0.0,0.19999999999999996,0.7719999999999998,5.0,0.0001840295605288646,14.459999999999999,23.15,5.0,0.0,0.0,0.0,0.19999999999999996,0.8033333333333331,5.0,0.00023440462175924968,13.77,21.15,5.0,0.0,0.0,0.0,0.19999999999999996,0.7893333333333331,0.0,0.0,0.0,0.0,0.0,0.0,0.0,0.0,0.0,0.0,0.0,0.0,4.0,0.0,4.0,0.0,5.0,27.890000000000004,4.0,0.0,4.0,0.0,5.0,28.77
light_seed1,light,1,36.2,51.2,52.0,3.207587145426239,8.186538461538461,30.0,3.1500000000000057,0.0,0.0,0.0,0.0,0.0,0.0,0.0,0.06666666666666665,0.0,0.0,0.0,0.0,0.0,0.0,0.0,0.0,0.0,0.06666666666666665,0.0,0.0,3.0,1.9385724866533167,0.0,0.0,0.0,2.0,0.0,0.1333333333333333,-0.1333333333333333,-0.1413333333333333,0.0,0.0,0.0,0.0,0.0,0.0,0.0,0.06666666666666665,0.0,0.0,0.0,0.0,0.0,0.0,0.0,0.0,0.0,0.06666666666666665,0.0,0.0,3.0,1.8443388330431993,0.0,0.0,0.0,2.0,0.0,0.1333333333333333,-0.1333333333333333,-0.09199999999999998,5.0,0.0009412456557253299,12.709999999999999,22.15,5.0,0.0,0.0,0.0,0.19999999999999996,0.7059999999999998,5.0,0.00012858191499937657,14.36,21.9,5.0,0.0,0.0,0.0,0.19999999999999996,0.8226666666666664,5.0,0.00016705521189365274,13.89,20.7,5.0,0.0,0.0,0.0,0.19999999999999996,0.8086666666666665,5.0,0.0001524776323537675,13.95,22.1,5.0,0.0,0.0,0.0,0.19999999999999996,0.8119999999999998,5.0,9.146315822415825e-05,15.459999999999999,24.15,5.0,0.0,0.0,0.0,0.19999999999999996,0.843333333333333,5.0,0.00011738999639644793,14.77,22.15,5.0,0.0,0.0,0.0,0.19999999999999996,0.8293333333333331,0.0,0.0,0.0,0.0,0.0,0.0,0.0,0.0,0.0,0.0,0.0,0.0,3.0,0.0,3.0,0.0,5.0,28.890000000000004,3.0,0.0,3.0,0.0,5.0,29.77
light_seed1,light,1,37.2,52.2,50.0,3.1653294419970495,9.113999999999999,30.0,4.150000000000006,0.0,0.0,0.0,0.0,0.0,0.0,0.0,0.06666666666666665,0.0,0.0,0.0,0.0,0.0,0.0,0.0,0.0,0.0,0.06666666666666665,0.0,0.0,3.0,2.9562266526343435,0.0,0.0,0.0,2.0,0.0,0.1333333333333333,-0.1333333333333333,-0.16799999999999998,0.0,0.0,0.0,0.0,0.0,0.0,0.0,0.06666666666666665,0.0,0.0,0.0,0.0,0.0,0.0,0.0,0.0,0.0,0.06666666666666665,0.0,0.0,3.0,2.7486902803046154,0.0,0.0,0.0,2.0,0.0,0.1333333333333333,-0.1333333333333333,-0.11866666666666664,5.0,0.000467719768517593,13.709999999999999,23.15,5.0,0.0,0.0,0.0,0.19999999999999996,0.7459999999999997,5.0,6.388843726751959e-05,15.36,22.9,5.0,0.0,0.0,0.0,0.19999999999999996,0.8626666666666665,5.0,8.276380678448572e-05,14.89,21.7,5.0,0.0,0.0,0.0,0.19999999999999996,0.8486666666666665,5.0,7.591892018409209e-05,14.95,23.1,5.0,0.0,0.0,0.0,0.19999999999999996,0.8519999999999998,5.0,4.390274438002889e-05,16.46,25.15,5.0,0.0,0.0,0.0,0.1333333333333333,0.8806666666666665,5.0,5.76137449651767e-05,15.77,23.15,5.0,0.0,0.0,0.0,0.19999999999999996,0.8693333333333331,0.0,0.0,0.0,0.0,0.0,0.0,0.0,0.0,0.0,0.0,0.0,0.0,3.0,0.0,3.0,0.0,5.0,29.890000000000004,3.0,0.0,3.0,0.0,5.0,30.77
light_seed1,light,1,38.2,53.2,48.0,3.1609991060792217,10.11875,30.0,5.150000000000006,0.0,0.0,0.0,0.0,0.0,0.0,0.0,0.0,0.0,0.0,0.0,0.0,0.0,0.0,0.0,0.0,0.0,0.0,0.0,0.0,2.0,3.2593469069616123,0.0,0.0,0.0,2.0,0.0,0.19999999999999996,-0.19999999999999996,-0.20466666666666664,0.0,0.0,0.0,0.0,0.0,0.0,0.0,0.06666666666666665,0.0,0.0,0.0,0.0,0.0,0.0,0.0,0.0,0.0,0.0,0.0,0.0,2.0,3.132073151023767,0.0,0.0,0.0,2.0,0.0,0.19999999999999996,-0.1333333333333333,-0.14533333333333331,5.0,0.00023314664372702806,14.709999999999999,24.15,5.0,0.0,0.0,0.0,0.19999999999999996,0.7859999999999998,5.0,3.0243619043105932e-05,16.36,23.9,5.0,0.0,0.0,0.0,0.1333333333333333,0.8939999999999998,5.0,3.963574726217638e-05,15.89,22.7,5.0,0.0,0.0,0.0,0.1333333333333333,0.8846666666666664,5.0,3.6295669250054433e-05,15.95,24.1,5.0,0.0,0.0,0.0,0.1333333333333333,0.8879999999999998,5.0,2.1422830892922793e-05,17.46,26.15,5.0,0.0,0.0,0.0,0.1333333333333333,0.9073333333333332,5.0,2.763833428546975e-05,16.77,24.15,5.0,0.0,0.0,0.0,0.1333333333333333,0.8979999999999997,0.0,0.0,0.0,0.0,0.0,0.0,0.0,0.0,0.0,0.0,0.0,0.0,2.0,0.0,2.0,0.0,5.0,30.890000000000004,2.0,0.0,2.0,0.0,5.0,31.77
light_seed1,light,1,39.2,54.2,46.0,3.0935326254525726,11.210869565217392,30.0,6.150000000000006,0.0,0.0,0.0,0.0,0.0,0.0,0.0,0.0,0.0,0.0,0.0,0.0,0.0,0.0,0.0,0.0,0.0,0.0,0.0,0.0,2.0,4.172640536163202,0.0,0.0,0.0,2.0,0.0,0.19999999999999996,-0.19999999999999996,-0.24466666666666664,0.0,0.0,0.0,0.0,0.0,0.0,0.0,0.0,0.0,0.0,0.0,0.0,0.0,0.0,0.0,0.0,0.0,0.0,0.0,0.0,2.0,4.0044210055406975,0.0,0.0,0.0,2.0,0.0,0.19999999999999996,-0.19999999999999996,-0.18399999999999994,5.0,0.00011630541804966916,15.709999999999999,25.15,5.0,0.0,0.0,0.0,0.19999999999999996,0.8259999999999997,5.0,1.4690626041760009e-05,17.36,24.9,5.0,0.0,0.0,0.0,0.1333333333333333,0.9206666666666664,5.0,1.9083580751461535e-05,16.89,23.7,5.0,0.0,0.0,0.0,0.1333333333333333,0.9113333333333332,5.0,1.769108991380877e-05,16.95,25.1,5.0,0.0,0.0,0.0,0.1333333333333333,0.9146666666666664,5.0,1.0374369662983266e-05,18.46,27.15,5.0,0.0,0.0,0.0,0.1333333333333333,0.9339999999999998,5.0,1.3396828435969979e-05,17.77,25.15,5.0,0.0,0.0,0.0,0.1333333333333333,0.9246666666666664,0.0,0.0,0.0,0.0,0.0,0.0,0.0,0.0,0.0,0.0,0.0,0.0,2.0,0.0,2.0,0.0,5.0,31.890000000000004,2.0,0.0,2.0,0.0,5.0,32.769999999999996
light_seed1,light,1,40.2,55.2,44.0,2.916807109049719,12.40227272727273,30.0,7.150000000000006,0.0,0.0,0.0,0.0,0.0,0.0,0.0,0.0,0.0,0.0,0.0,0.0,0.0,0.0,0.0,0.0,0.0,0.0,0.0,0.0,1.0,4.171067795721512,0.0,0.0,0.0,2.0,0.0,0.2666666666666666,-0.19999999999999996,-0.2846666666666666,0.0,0.0,0.0,0.0,0.0,0.0,0.0,0.0,0.0,0.0,0.0,0.0,0.0,0.0,0.0,0.0,0.0,0.0,0.0,0.0,1.0,4.040022245205626,0.0,0.0,0.0,2.0,0.0,0.2666666666666666,-0.19999999999999996,-0.22399999999999998,5.0,5.755377823669683e-05,16.71,26.15,5.0,0.0,0.0,0.0,0.19999999999999996,0.8659999999999998,5.0,7.217760176139684e-06,18.36,25.9,5.0,0.0,0.0,0.0,0.1333333333333333,0.947333333333333,5.0,9.290520548042689e-06,17.89,24.7,5.0,0.0,0.0,0.0,0.1333333333333333,0.9379999999999998,5.0,8.552778776677214e-06,17.95,26.1,5.0,0.0,0.0,0.0,0.1333333333333333,0.941333333333333,5.0,5.053896150979295e-06,19.46,28.15,5.0,0.0,0.0,0.0,0.06666666666666665,0.9593333333333331,5.0,6.636995797577518e-06,18.77,26.15,5.0,0.0,0.0,0.0,0.1333333333333333,0.951333333333333,0.0,0.0,0.0,0.0,0.0,0.0,0.0,0.0,0.0,0.0,0.0,0.0,1.0,0.0,1.0,0.0,5.0,32.89,1.0,0.0,1.0,0.0,5.0,33.769999999999996
light_seed1,light,1,41.2,56.2,44.0,3.0510549793867443,13.08409090909091,30.0,8.150000000000006,0.0,0.0,0.0,0.0,0.0,0.0,0.0,0.0,0.0,0.0,0.0,0.0,0.0,0.0,0.0,0.0,0.0,0.0,0.0,0.0,1.0,4.952461725664951,0.0,0.0,0.0,2.0,0.0,0.2666666666666666,-0.2666666666666666,-0.3346666666666666,0.0,0.0,0.0,0.0,0.0,0.0,0.0,0.0,0.0,0.0,0.0,0.0,0.0,0.0,0.0,0.0,0.0,0.0,0.0,0.0,1.0,4.798269496939759,0.0,0.0,0.0,2.0,0.0,0.2666666666666666,-0.19999999999999996,-0.26399999999999996,5.0,2.738280067919021e-05,17.71,27.15,5.0,0.0,0.0,0.0,0.1333333333333333,0.8979999999999998,5.0,3.515214206715327e-06,19.36,26.9,5.0,0.0,0.0,0.0,0.06666666666666665,0.9659999999999997,5.0,4.596880176385357e-06,18.89,25.7,5.0,0.0,0.0,0.0,0.06666666666666665,0.9613333333333333,5.0,4.198075090207126e-06,18.95,27.1,5.0,0.0,0.0,0.0,0.06666666666666665,0.963333333333333,5.0,2.445855446439763e-06,20.46,29.15,5.0,0.0,0.0,0.0,0.06666666666666665,0.9726666666666665,5.0,3.1718564279540633e-06,19.77,27.15,5.0,0.0,0.0,0.0,0.06666666666666665,0.9679999999999997,0.0,0.0,0.0,0.0,0.0,0.0,0.0,0.0,0.0,0.0,0.0,0.0,1.0,0.0,1.0,0.0,5.0,33.89,1.0,0.0,1.0,0.0,5.0,34.769999999999996
light_seed1,light,1,42.2,57.2,42.0,2.814875180813452,14.421428571428573,30.0,9.150000000000006,0.0,0.0,0.0,0.0,0.0,0.0,0.0,0.0,0.0,0.0,0.0,0.0,0.0,0.0,0.0,0.0,0.0,0.0,0.0,0.0,1.0,5.772813679548602,0.0,0.0,0.0,2.0,0.0,0.2666666666666666,-0.2666666666666666,-0.3879999999999999,0.0,0.0,0.0,0.0,0.0,0.0,0.0,0.0,0.0,0.0,0.0,0.0,0.0,0.0,0.0,0.0,0.0,0.0,0.0,0.0,1.0,5.5941184539978,0.0,0.0,0.0,2.0,0.0,0.2666666666666666,-0.2666666666666666,-0.3166666666666666,5.0,1.3297462007334687e-05,18.71,28.15,5.0,0.0,0.0,0.0,0.1333333333333333,0.9246666666666665,5.0,1.7214200008541964e-06,20.36,27.9,5.0,0.0,0.0,0.0,0.06666666666666665,0.9793333333333331,5.0,2.2351898351269625e-06,19.89,26.7,5.0,0.0,0.0,0.0,0.06666666666666665,0.9746666666666665,5.0,2.0129819780852523e-06,19.95,28.1,5.0,0.0,0.0,0.0,0.06666666666666665,0.9766666666666663,5.0,1.2024019275328469e-06,21.46,30.15,5.0,0.0,0.0,0.0,0.06666666666666665,0.9859999999999999,5.0,1.5483229707082627e-06,20.77,28.15,5.0,0.0,0.0,0.0,0.06666666666666665,0.9813333333333331,0.0,0.0,0.0,0.0,0.0,0.0,0.0,0.0,0.0,0.0,0.0,0.0,1.0,0.0,1.0,0.0,5.0,34.89,1.0,0.0,1.0,0.0,5.0,35.769999999999996
light_seed1,light,1,43.2,58.2,40.0,2.5491149683434067,15.892500000000002,30.0,10.150000000000006,0.0,0.0,0.0,0.0,0.0,0.0,0.0,0.0,0.0,0.0,0.0,0.0,0.0,0.0,0.0,0.0,0.0,0.0,0.0,0.0,1.0,6.576956731491407,0.0,0.0,0.0,2.0,0.0,0.2666666666666666,-0.2666666666666666,-0.44133333333333324,0.0,0.0,0.0,0.0,0.0,0.0,0.0,0.0,0.0,0.0,0.0,0.0,0.0,0.0,0.0,0.0,0.0,0.0,0.0,0.0,1.0,6.43618973890101,0.0,0.0,0.0,2.0,0.0,0.2666666666666666,-0.2666666666666666,-0.3699999999999999,5.0,6.539596947043495e-06,19.71,29.15,5.0,0.0,0.0,0.0,0.1333333333333333,0.9513333333333333,5.0,0.0,21.36,28.9,5.0,0.0,0.0,0.0,0.06666666666666665,0.9926666666666664,5.0,1.0864581677566362e-06,20.89,27.7,5.0,0.0,0.0,0.0,0.06666666666666665,0.9879999999999998,5.0,0.0,20.95,29.1,5.0,0.0,0.0,0.0,0.06666666666666665,0.9899999999999998,5.0,0.0,22.46,31.15,5.0,0.0,0.0,0.0,0.06666666666666665,0.9993333333333331,5.0,0.0,21.77,29.15,5.0,0.0,0.0,0.0,0.06666666666666665,0.9946666666666665,0.0,0.0,0.0,0.0,0.0,0.0,0.0,0.0,0.0,0.0,0.0,0.0,1.0,0.0,1.0,0.0,5.0,35.89,1.0,0.0,1.0,0.0,5.0,36.769999999999996
light_seed1,light,1,44.2,59.2,40.0,2.682104605411903,16.642500000000002,30.0,11.150000000000006,0.0,0.0,0.0,0.0,0.0,0.0,0.0,0.0,0.0,0.0,0.0,0.0,0.0,0.0,0.0,0.0,0.0,0.0,0.0,0.0,0.0,0.0,0.0,0.0,0.0,2.0,0.0,0.33333333333333326,-0.33333333333333326,-0.5026666666666666,0.0,0.0,0.0,0.0,0.0,0.0,0.0,0.0,0.0,0.0,0.0,0.0,0.0,0.0,0.0,0.0,0.0,0.0,0.0,0.0,0.0,0.0,0.0,0.0,0.0,2.0,0.0,0.33333333333333326,-0.2666666666666666,-0.42333333333333323,5.0,3.1327553204698903e-06,20.71,30.15,5.0,0.0,0.0,0.0,0.06666666666666665,0.9686666666666666,5.0,0.0,22.36,29.9,5.0,0.0,0.0,0.0,0.0,0.9999999999999998,5.0,0.0,21.89,28.7,5.0,0.0,0.0,0.0,0.0,0.9999999999999999,5.0,0.0,21.95,30.1,5.0,0.0,0.0,0.0,0.0,0.9999999999999998,5.0,0.0,23.46,32.15,5.0,0.0,0.0,0.0,0.0,0.9999999999999999,5.0,0.0,22.77,30.15,5.0,0.0,0.0,0.0,0.0,0.9999999999999998,0.0,0.0,0.0,0.0,0.0,0.0,0.0,0.0,0.0,0.0,0.0,0.0,0.0,0.0,0.0,0.0,5.0,36.89,0.0,0.0,0.0,0.0,5.0,37.769999999999996
light_seed1,light,1,45.2,60.2,40.0,2.7626013656725106,17.392500000000002,30.0,0.15000000000000568,0.0,0.0,0.0,0.0,0.0,0.0,0.0,0.0,0.0,0.0,0.0,0.0,0.0,0.0,0.0,0.0,0.0,0.0,0.0,0.0,0.0,0.0,0.0,0.0,0.0,1.0,0.0,0.33333333333333326,-0.33333333333333326,-0.5693333333333331,0.0,0.0,0.0,0.0,0.0,0.0,0.0,0.0,0.0,0.0,0.0,0.0,0.0,0.0,0.0,0.0,0.0,0.0,0.0,0.0,0.0,0.0,0.0,0.0,0.0,1.0,0.0,0.33333333333333326,-0.33333333333333326,-0.4879999999999999,5.0,1.5448192129328605e-06,21.71,31.15,5.0,0.0,0.0,0.0,0.06666666666666665,0.9819999999999998,5.0,0.0,23.36,30.9,5.0,0.0,0.0,0.0,0.0,0.9999999999999998,5.0,0.0,22.89,29.7,5.0,0.0,0.0,0.0,0.0,0.9999999999999999,5.0,0.0,22.95,31.1,5.0,0.0,0.0,0.0,0.0,0.9999999999999998,5.0,0.0,24.46,33.15,5.0,0.0,0.0,0.0,0.0,0.9999999999999999,5.0,0.0,23.77,31.15,5.0,0.0,0.0,0.0,0.0,0.9999999999999998,0.0,0.0,0.0,0.0,0.0,0.0,0.0,0.0,0.0,0.0,0.0,0.0,0.0,0.0,0.0,0.0,5.0,37.89,0.0,0.0,0.0,0.0,5.0,38.769999999999996
light_seed1,light,1,46.2,61.2,40.0,2.8132133343935166,18.142500000000002,30.0,1.1500000000000057,0.0,0.0,0.0,0.0,0.0,0.0,0.0,0.0,0.0,0.0,0.0,0.0,0.0,0.0,0.0,0.0,0.0,0.0,0.0,0.0,0.0,0.0,0.0,0.0,0.0,1.0,0.0,0.33333333333333326,-0.33333333333333326,-0.6359999999999998,0.0,0.0,0.0,0.0,0.0,0.0,0.0,0.0,0.0,0.0,0.0,0.0,0.0,0.0,0.0,0.0,0.0,0.0,0.0,0.0,0.0,0.0,0.0,0.0,0.0,1.0,0.0,0.33333333333333326,-0.33333333333333326,-0.5546666666666665,5.0,0.0,22.71,32.15,5.0,0.0,0.0,0.0,0.06666666666666665,0.9953333333333332,5.0,0.0,24.36,31.9,5.0,0.0,0.0,0.0,0.0,0.9999999999999998,5.0,0.0,23.89,30.7,5.0,0.0,0.0,0.0,0.0,0.9999999999999998,5.0,0.0,23.95,32.1,5.0,0.0,0.0,0.0,0.0,0.9999999999999998,5.0,0.0,25.46,34.15,5.0,0.0,0.0,0.0,0.0,0.9999999999999999,5.0,0.0,24.77,32.15,5.0,0.0,0.0,0.0,0.0,0.9999999999999998,0.0,0.0,0.0,0.0,0.0,0.0,0.0,0.0,0.0,0.0,0.0,0.0,0.0,0.0,0.0,0.0,5.0,38.89,0.0,0.0,0.0,0.0,5.0,39.769999999999996
light_seed1,light,1,47.2,62.2,40.0,2.863806177967725,18.892500000000002,30.0,2.1500000000000057,0.0,0.0,0.0,0.0,0.0,0.0,0.0,0.0,0.0,0.0,0.0,0.0,0.0,0.0,0.0,0.0,0.0,0.0,0.0,0.0,0.0,0.0,0.0,0.0,0.0,1.0,0.0,0.3333333333333333,-0.3333333333333333,-0.7026666666666667,0.0,0.0,0.0,0.0,0.0,0.0,0.0,0.0,0.0,0.0,0.0,0.0,0.0,0.0,0.0,0.0,0.0,0.0,0.0,0.0,0.0,0.0,0.0,0.0,0.0,1.0,0.0,0.3333333333333333,-0.3333333333333333,-0.6213333333333334,5.0,0.0,23.71,33.15,5.0,0.0,0.0,0.0,0.0,1.0000000000000002,5.0,0.0,25.36,32.9,5.0,0.0,0.0,0.0,0.0,1.0,5.0,0.0,24.89,31.7,5.0,0.0,0.0,0.0,0.0,1.0,5.0,0.0,24.95,33.1,5.0,0.0,0.0,0.0,0.0,1.0,5.0,0.0,26.46,35.15,5.0,0.0,0.0,0.0,0.0,1.0000000000000002,5.0,0.0,25.77,33.15,5.0,0.0,0.0,0.0,0.0,1.0,0.0,0.0,0.0,0.0,0.0,0.0,0.0,0.0,0.0,0.0,0.0,0.0,0.0,0.0,0.0,0.0,5.0,39.89,0.0,0.0,0.0,0.0,5.0,40.769999999999996
light_seed1,light,1,48.2,63.2,40.0,2.9656906459487296,16.185,26.0,0.15000000000000568,0.0,0.0,0.0,0.0,0.0,0.0,0.0,0.0,0.0,0.0,0.0,0.0,0.0,0.0,0.0,0.0,0.0,0.0,0.0,0.0,0.0,0.0,0.0,0.0,0.0,0.0,0.0,0.3333333333333333,-0.26666666666666666,-0.5139999999999999,0.0,0.0,0.0,0.0,0.0,0.0,0.0,0.0,0.0,0.0,0.0,0.0,0.0,0.0,0.0,0.0,0.0,0.0,0.0,0.0,0.0,0.0,0.0,0.0,0.0,0.0,0.0,0.3333333333333333,-0.26666666666666666,-0.45866666666666667,5.0,0.11122364311764851,17.880000000000003,30.45,4.0,2.0,0.0,0.0,-0.06666666666666667,0.5446666666666669,5.0,0.11249425357663789,19.580000000000002,30.2,4.0,2.0,0.0,0.0,-0.06666666666666667,0.5480000000000002,5.0,0.0,25.890000000000004,32.7,5.0,0.0,0.0,0.0,0.0,1.0000000000000002,5.0,0.10946494547836405,19.130000000000003,28.75,4.0,2.0,0.0,0.0,-0.06666666666666667,0.5453333333333336,5.0,0.13511135982999736,20.23,31.9,4.0,2.0,0.0,0.0,-0.06666666666666667,0.5180000000000001,5.0,0.0,26.77,34.15,5.0,0.0,0.0,0.0,0.0,1.0,0.0,0.0,0.0,0.0,0.0,0.0,0.0,0.0,0.0,0.0,0.0,0.0,0.0,0.0,0.0,0.0,5.0,40.89,0.0,0.0,0.0,0.0,5.0,41.769999999999996
light_seed1,light,1,49.2,64.2,40.0,3.462693996243536,8.815000000000001,14.0,1.1500000000000057,0.0,0.0,0.0,0.0,0.0,0.0,0.0,0.0,0.0,0.0,0.0,0.0,0.0,0.0,0.0,0.0,0.0,0.0,0.0,0.0,0.0,0.0,0.0,0.0,0.0,0.0,0.0,0.26666666666666666,-0.06666666666666667,-0.09333333333333332,0.0,0.0,0.0,0.0,0.0,0.0,0.0,0.0,0.0,0.0,0.0,0.0,0.0,0.0,0.0,0.0,0.0,0.0,0.0,0.0,0.0,0.0,0.0,0.0,0.0,0.0,0.0,0.26666666666666666,-0.13333333333333333,-0.21333333333333335,4.0,0.5802359877411021,4.4125,17.65,1.0,2.0,0.0,0.06666666666666667,-0.26666666666666666,-0.4198333333333333,4.0,0.6077578320708709,5.1125,20.45,1.0,2.0,0.0,0.06666666666666667,-0.26666666666666666,-0.48316666666666663,5.0,0.0,26.890000000000004,33.7,5.0,0.0,0.0,0.0,0.0,1.0000000000000002,4.0,0.5277242531352817,5.0625,20.25,1.0,2.0,0.0,0.06666666666666667,-0.26666666666666666,-0.4591666666666666,4.0,0.7272699639629073,5.2375,20.95,1.0,2.0,0.0,0.06666666666666667,-0.26666666666666666,-0.5481666666666667,5.0,0.0,27.77,35.15,5.0,0.0,0.0,0.0,0.0,1.0,0.0,0.0,0.0,0.0,0.0,0.0,0.0,0.0,0.0,0.0,0.0,0.0,0.0,0.0,0.0,0.0,5.0,41.89,0.0,0.0,0.0,0.0,5.0,42.769999999999996
light_seed1,light,1,50.2,65.2,40.0,4.075705792494974,7.0825000000000005,10.0,2.1500000000000057,0.0,0.0,0.0,0.0,0.0,0.0,0.0,0.0,0.0,0.0,0.0,0.0,0.0,0.0,0.0,0.0,0.0,0.0,0.0,0.0,0.0,0.0,0.0,0.0,0.0,0.0,0.0,0.26666666666666666,0.0,0.0,0.0,0.0,0.0,0.0,0.0,0.0,0.0,0.0,0.0,0.0,0.0,0.0,0.0,0.0,0.0,0.0,0.0,0.0,0.0,0.0,0.0,0.0,0.0,0.0,0.0,0.0,0.0,0.26666666666666666,0.0,0.0,4.0,1.6198249124203843,0.0,0.0,0.0,2.0,0.0,0.06666666666666667,-0.3333333333333333,-0.7806666666666666,4.0,1.6323534783682443,0.0,0.0,0.0,2.0,0.0,0.06666666666666667,-0.3333333333333333,-0.8906666666666666,5.0,0.0,27.890000000000004,34.7,5.0,0.0,0.0,0.0,0.0,1.0000000000000002,4.0,1.541991611386783,0.0,0.0,0.0,2.0,0.0,0.06666666666666667,-0.3333333333333333,-0.8633333333333333,4.0,1.7988770286460911,0.0,0.0,0.0,2.0,0.0,0.06666666666666667,-0.3333333333333333,-0.964,5.0,0.0,28.77,36.15,5.0,0.0,0.0,0.0,0.0,1.0,0.0,0.0,0.0,0.0,0.0,0.0,0.0,0.0,0.0,0.0,0.0,0.0,0.0,0.0,0.0,0.0,5.0,42.89,0.0,0.0,0.0,0.0,5.0,43.769999999999996
light_seed1,light,1,51.2,66.2,40.0,4.7477341663670405,7.3325000000000005,10.0,3.1500000000000057,0.0,0.0,0.0,0.0,0.0,0.0,0.0,0.0,0.0,0.0,0.0,0.0,0.0,0.0,0.0,0.0,0.0,0.0,0.0,0.0,0.0,0.0,0.0,0.0,0.0,0.0,0.0,0.2,0.0,0.0,0.0,0.0,0.0,0.0,0.0,0.0,0.0,0.0,0.0,0.0,0.0,0.0,0.0,0.0,0.0,0.0,0.0,0.0,0.0,0.0,0.0,0.0,0.0,0.0,0.0,0.0,0.0,0.2,0.0,0.0,3.0,1.9559112455315315,0.0,0.0,0.0,2.0,0.0,0.13333333333333333,-0.3333333333333333,-0.8473333333333333,3.0,1.9609186137409698,0.0,0.0,0.0,2.0,0.0,0.13333333333333333,-0.3333333333333333,-0.9573333333333333,5.0,0.0,28.890000000000004,35.7,5.0,0.0,0.0,0.0,0.0,1.0000000000000002,3.0,1.8807441341730113,0.0,0.0,0.0,2.0,0.0,0.13333333333333333,-0.3333333333333333,-0.9299999999999999,3.0,1.9941221665222317,0.0,0.0,0.0,2.0,0.0,0.13333333333333333,-0.3333333333333333,-1.0306666666666666,5.0,0.0,29.77,37.15,5.0,0.0,0.0,0.0,0.0,1.0,0.0,0.0,0.0,0.0,0.0,0.0,0.0,0.0,0.0,0.0,0.0,0.0,0.0,0.0,0.0,0.0,5.0,43.89,0.0,0.0,0.0,0.0,5.0,44.769999999999996
light_seed1,light,1,52.2,67.2,39.0,5.231644409182122,7.776923076923077,10.0,4.150000000000006,0.0,0.0,0.0,0.0,0.0,0.0,0.0,0.0,0.0,0.0,0.0,0.0,0.0,0.0,0.0,0.0,0.0,0.0,0.0,0.0,0.0,0.0,0.0,0.0,0.0,0.0,0.0,0.2,0.0,0.0,0.0,0.0,0.0,0.0,0.0,0.0,0.0,0.0,0.0,0.0,0.0,0.0,0.0,0.0,0.0,0.0,0.0,0.0,0.0,0.0,0.0,0.0,0.0,0.0,0.0,0.0,0.0,0.2,0.0,0.0,3.0,2.890139943663671,0.0,0.0,0.0,2.0,0.0,0.13333333333333333,-0.3333333333333333,-0.9139999999999999,3.0,2.9835236162530383,0.0,0.0,0.0,2.0,0.0,0.13333333333333333,-0.3333333333333333,-1.024,5.0,0.0,29.890000000000004,36.7,5.0,0.0,0.0,0.0,0.0,1.0000000000000002,3.0,2.804601506753231,0.0,0.0,0.0,2.0,0.0,0.13333333333333333,-0.3333333333333333,-0.9966666666666666,3.0,2.972007250010226,0.0,0.0,0.0,2.0,0.0,0.13333333333333333,-0.3333333333333333,-1.0973333333333335,5.0,0.0,30.77,38.15,5.0,0.0,0.0,0.0,0.0,1.0,0.0,0.0,0.0,0.0,0.0,0.0,0.0,0.0,0.0,0.0,0.0,0.0,0.0,0.0,0.0,0.0,5.0,44.89,0.0,0.0,0.0,0.0,5.0,45.769999999999996
light_seed1,light,1,53.2,68.2,38.0,5.71398271814909,8.244736842105263,10.0,5.150000000000006,0.0,0.0,0.0,0.0,0.0,0.0,0.0,0.0,0.0,0.0,0.0,0.0,0.0,0.0,0.0,0.0,0.0,0.0,0.0,0.0,0.0,0.0,0.0,0.0,0.0,0.0,0.0,0.13333333333333333,0.0,0.0,0.0,0.0,0.0,0.0,0.0,0.0,0.0,0.0,0.0,0.0,0.0,0.0,0.0,0.0,0.0,0.0,0.0,0.0,0.0,0.0,0.0,0.0,0.0,0.0,0.0,0.0,0.0,0.13333333333333333,0.0,0.0,2.0,3.265016534738506,0.0,0.0,0.0,2.0,0.0,0.2,-0.3333333333333333,-0.9806666666666666,2.0,3.253192986460833,0.0,0.0,0.0,2.0,0.0,0.2,-0.3333333333333333,-1.0906666666666667,5.0,0.0,30.890000000000004,37.7,5.0,0.0,0.0,0.0,0.0,1.0000000000000002,2.0,3.1930322174671764,0.0,0.0,0.0,2.0,0.0,0.2,-0.3333333333333333,-1.0633333333333332,2.0,3.335143977780481,0.0,0.0,0.0,2.0,0.0,0.2,-0.3333333333333333,-1.1640000000000001,5.0,0.0,31.77,39.15,5.0,0.0,0.0,0.0,0.0,1.0,0.0,0.0,0.0,0.0,0.0,0.0,0.0,0.0,0.0,0.0,0.0,0.0,0.0,0.0,0.0,0.0,5.0,45.89,0.0,0.0,0.0,0.0,5.0,46.769999999999996
light_seed1,light,1,54.2,69.2,38.0,6.421792092182425,8.507894736842106,10.0,6.150000000000006,0.0,0.0,0.0,0.0,0.0,0.0,0.0,0.0,0.0,0.0,0.0,0.0,0.0,0.0,0.0,0.0,0.0,0.0,0.0,0.0,0.0,0.0,0.0,0.0,0.0,0.0,0.0,0.13333333333333333,0.0,0.0,0.0,0.0,0.0,0.0,0.0,0.0,0.0,0.0,0.0,0.0,0.0,0.0,0.0,0.0,0.0,0.0,0.0,0.0,0.0,0.0,0.0,0.0,0.0,0.0,0.0,0.0,0.0,0.13333333333333333,0.0,0.0,2.0,4.191235316460234,0.0,0.0,0.0,2.0,0.0,0.2,-0.3333333333333333,-1.0473333333333332,2.0,4.165154328527354,0.0,0.0,0.0,2.0,0.0,0.2,-0.3333333333333333,-1.1573333333333333,5.0,0.0,31.890000000000004,38.7,5.0,0.0,0.0,0.0,0.0,1.0000000000000002,2.0,4.102646944352859,0.0,0.0,0.0,2.0,0.0,0.2,-0.3333333333333333,-1.13,2.0,4.260473257964675,0.0,0.0,0.0,2.0,0.0,0.2,-0.3333333333333333,-1.2306666666666668,5.0,0.0,32.769999999999996,40.15,5.0,0.0,0.0,0.0,0.0,0.9999999999999998,0.0,0.0,0.0,0.0,0.0,0.0,0.0,0.0,0.0,0.0,0.0,0.0,0.0,0.0,0.0,0.0,5.0,46.89,0.0,0.0,0.0,0.0,5.0,47.769999999999996
light_seed1,light,1,55.2,70.2,37.0,6.951064889788424,9.00810810810811,10.0,7.150000000000006,0.0,0.0,0.0,0.0,0.0,0.0,0.0,0.0,0.0,0.0,0.0,0.0,0.0,0.0,0.0,0.0,0.0,0.0,0.0,0.0,0.0,0.0,0.0,0.0,0.0,0.0,0.0,0.06666666666666667,0.0,0.0,0.0,0.0,0.0,0.0,0.0,0.0,0.0,0.0,0.0,0.0,0.0,0.0,0.0,0.0,0.0,0.0,0.0,0.0,0.0,0.0,0.0,0.0,0.0,0.0,0.0,0.0,0.0,0.06666666666666667,0.0,0.0,1.0,4.189452121006678,0.0,0.0,0.0,2.0,0.0,0.26666666666666666,-0.3333333333333333,-1.114,1.0,4.194606804848838,0.0,0.0,0.0,2.0,0.0,0.26666666666666666,-0.3333333333333333,-1.224,5.0,0.0,32.89,39.7,5.0,0.0,0.0,0.0,0.0,1.0,1.0,4.198899640810403,0.0,0.0,0.0,2.0,0.0,0.26666666666666666,-0.3333333333333333,-1.1966666666666665,1.0,4.3616929539421125,0.0,0.0,0.0,2.0,0.0,0.26666666666666666,-0.3333333333333333,-1.2973333333333334,5.0,0.0,33.769999999999996,41.15,5.0,0.0,0.0,0.0,0.0,0.9999999999999998,0.0,0.0,0.0,0.0,0.0,0.0,0.0,0.0,0.0,0.0,0.0,0.0,0.0,0.0,0.0,0.0,5.0,47.89,0.0,0.0,0.0,0.0,5.0,48.769999999999996
light_seed1,light,1,56.2,71.2,36.0,7.1142029111993,9.536111111111111,10.0,8.150000000000006,0.0,0.0,0.0,0.0,0.0,0.0,0.0,0.0,0.0,0.0,0.0,0.0,0.0,0.0,0.0,0.0,0.0,0.0,0.0,0.0,0.0,0.0,0.0,0.0,0.0,0.0,0.0,0.06666666666666667,0.0,0.0,0.0,0.0,0.0,0.0,0.0,0.0,0.0,0.0,0.0,0.0,0.0,0.0,0.0,0.0,0.0,0.0,0.0,0.0,0.0,0.0,0.0,0.0,0.0,0.0,0.0,0.0,0.0,0.06666666666666667,0.0,0.0,1.0,4.991554019139496,0.0,0.0,0.0,2.0,0.0,0.26666666666666666,-0.3333333333333333,-1.1806666666666668,1.0,5.024307197668774,0.0,0.0,0.0,2.0,0.0,0.26666666666666666,-0.3333333333333333,-1.2906666666666666,5.0,0.0,33.89,40.7,5.0,0.0,0.0,0.0,0.0,1.0,1.0,4.943116661973019,0.0,0.0,0.0,2.0,0.0,0.26666666666666666,-0.3333333333333333,-1.2633333333333332,1.0,5.1109268845419855,0.0,0.0,0.0,2.0,0.0,0.26666666666666666,-0.3333333333333333,-1.364,5.0,0.0,34.769999999999996,42.15,5.0,0.0,0.0,0.0,0.0,0.9999999999999998,0.0,0.0,0.0,0.0,0.0,0.0,0.0,0.0,0.0,0.0,0.0,0.0,0.0,0.0,0.0,0.0,5.0,48.89,0.0,0.0,0.0,0.0,5.0,49.769999999999996
light_seed1,light,1,57.2,72.2,36.0,7.424703250939583,9.81388888888889,10.0,9.150000000000006,0.0,0.0,0.0,0.0,0.0,0.0,0.0,0.0,0.0,0.0,0.0,0.0,0.0,0.0,0.0,0.0,0.0,0.0,0.0,0.0,0.0,0.0,0.0,0.0,0.0,0.0,0.0,0.06666666666666667,0.0,0.0,0.0,0.0,0.0,0.0,0.0,0.0,0.0,0.0,0.0,0.0,0.0,0.0,0.0,0.0,0.0,0.0,0.0,0.0,0.0,0.0,0.0,0.0,0.0,0.0,0.0,0.0,0.0,0.06666666666666667,0.0,0.0,1.0,5.794620206384334,0.0,0.0,0.0,2.0,0.0,0.26666666666666666,-0.3333333333333333,-1.2473333333333334,1.0,5.829627758270312,0.0,0.0,0.0,2.0,0.0,0.26666666666666666,-0.3333333333333333,-1.3573333333333333,5.0,0.0,34.89,41.7,5.0,0.0,0.0,0.0,0.0,1.0,1.0,5.739873470712172,0.0,0.0,0.0,2.0,0.0,0.26666666666666666,-0.3333333333333333,-1.3299999999999998,1.0,5.907116636097194,0.0,0.0,0.0,2.0,0.0,0.26666666666666666,-0.3333333333333333,-1.4306666666666668,5.0,0.0,35.769999999999996,43.15,5.0,0.0,0.0,0.0,0.0,0.9999999999999998,0.0,0.0,0.0,0.0,0.0,0.0,0.0,0.0,0.0,0.0,0.0,0.0,0.0,0.0,0.0,0.0,5.0,49.89,0.0,0.0,0.0,0.0,5.0,50.769999999999996
light_seed1,light,1,58.2,73.2,36.0,7.752613788743337,10.091666666666667,10.0,10.150000000000006,0.0,0.0,0.0,0.0,0.0,0.0,0.0,0.0,0.0,0.0,0.0,0.0,0.0,0.0,0.0,0.0,0.0,0.0,0.0,0.0,0.0,0.0,0.0,0.0,0.0,0.0,0.0,0.06666666666666667,0.0,0.0,0.0,0.0,0.0,0.0,0.0,0.0,0.0,0.0,0.0,0.0,0.0,0.0,0.0,0.0,0.0,0.0,0.0,0.0,0.0,0.0,0.0,0.0,0.0,0.0,0.0,0.0,0.0,0.06666666666666667,0.0,0.0,1.0,6.615629032666085,0.0,0.0,0.0,2.0,0.0,0.26666666666666666,-0.3333333333333333,-1.314,1.0,6.667158995397565,0.0,0.0,0.0,2.0,0.0,0.26666666666666666,-0.3333333333333333,-1.424,5.0,0.0,35.89,42.7,5.0,0.0,0.0,0.0,0.0,1.0,1.0,6.5177449667143605,0.0,0.0,0.0,2.0,0.0,0.26666666666666666,-0.3333333333333333,-1.3966666666666667,1.0,6.695000160004702,0.0,0.0,0.0,2.0,0.0,0.26666666666666666,-0.3333333333333333,-1.4973333333333334,5.0,0.0,36.769999999999996,44.15,5.0,0.0,0.0,0.0,0.0,0.9999999999999998,0.0,0.0,0.0,0.0,0.0,0.0,0.0,0.0,0.0,0.0,0.0,0.0,0.0,0.0,0.0,0.0,5.0,50.89,0.0,0.0,0.0,0.0,5.0,51.77
light_seed1,light,1,59.2,74.2,35.0,7.9361810497276695,10.665714285714285,10.0,11.150000000000006,0.0,0.0,0.0,0.0,0.0,0.0,0.0,0.0,0.0,0.0,0.0,0.0,0.0,0.0,0.0,0.0,0.0,0.0,0.0,0.0,0.0,0.0,0.0,0.0,0.0,0.0,0.0,0.0,0.0,0.0,0.0,0.0,0.0,0.0,0.0,0.0,0.0,0.0,0.0,0.0,0.0,0.0,0.0,0.0,0.0,0.0,0.0,0.0,0.0,0.0,0.0,0.0,0.0,0.0,0.0,0.0,0.0,0.0,0.0,0.0,0.0,0.0,0.0,0.0,0.0,2.0,0.0,0.3333333333333333,-0.3333333333333333,-1.3806666666666667,0.0,0.0,0.0,0.0,0.0,2.0,0.0,0.3333333333333333,-0.3333333333333333,-1.4906666666666666,5.0,0.0,36.89,43.7,5.0,0.0,0.0,0.0,0.0,1.0,0.0,0.0,0.0,0.0,0.0,2.0,0.0,0.3333333333333333,-0.3333333333333333,-1.4633333333333334,0.0,0.0,0.0,0.0,0.0,2.0,0.0,0.3333333333333333,-0.3333333333333333,-1.564,5.0,0.0,37.769999999999996,45.15,5.0,0.0,0.0,0.0,0.0,0.9999999999999998,0.0,0.0,0.0,0.0,0.0,0.0,0.0,0.0,0.0,0.0,0.0,0.0,0.0,0.0,0.0,0.0,5.0,51.89,0.0,0.0,0.0,0.0,5.0,52.77
light_seed1,light,1,60.2,75.2,34.0,8.05453928408099,11.273529411764706,10.0,12.150000000000006,0.0,0.0,0.0,0.0,0.0,0.0,0.0,0.0,0.0,0.0,0.0,0.0,0.0,0.0,0.0,0.0,0.0,0.0,0.0,0.0,0.0,0.0,0.0,0.0,0.0,0.0,0.0,0.0,0.0,0.0,0.0,0.0,0.0,0.0,0.0,0.0,0.0,0.0,0.0,0.0,0.0,0.0,0.0,0.0,0.0,0.0,0.0,0.0,0.0,0.0,0.0,0.0,0.0,0.0,0.0,0.0,0.0,0.0,0.0,0.0,0.0,0.0,0.0,0.0,0.0,2.0,0.0,0.3333333333333333,-0.3333333333333333,-1.4473333333333334,0.0,0.0,0.0,0.0,0.0,2.0,0.0,0.3333333333333333,-0.3333333333333333,-1.5573333333333332,5.0,0.0,37.89,44.7,5.0,0.0,0.0,0.0,0.0,1.0,0.0,0.0,0.0,0.0,0.0,2.0,0.0,0.3333333333333333,-0.3333333333333333,-1.53,0.0,0.0,0.0,0.0,0.0,2.0,0.0,0.3333333333333333,-0.3333333333333333,-1.6306666666666667,5.0,0.0,38.769999999999996,46.15,5.0,0.0,0.0,0.0,0.0,0.9999999999999998,0.0,0.0,0.0,0.0,0.0,0.0,0.0,0.0,0.0,0.0,0.0,0.0,0.0,0.0,0.0,0.0,5.0,52.89,0.0,0.0,0.0,0.0,5.0,53.77
light_seed1,light,1,61.2,76.2,32.0,7.952952844552172,12.290625,10.0,13.150000000000006,0.0,0.0,0.0,0.0,0.0,0.0,0.0,0.0,0.0,0.0,0.0,0.0,0.0,0.0,0.0,0.0,0.0,0.0,0.0,0.0,0.0,0.0,0.0,0.0,0.0,0.0,0.0,0.0,0.0,0.0,0.0,0.0,0.0,0.0,0.0,0.0,0.0,0.0,0.0,0.0,0.0,0.0,0.0,0.0,0.0,0.0,0.0,0.0,0.0,0.0,0.0,0.0,0.0,0.0,0.0,0.0,0.0,0.0,0.0,0.0,0.0,0.0,0.0,0.0,0.0,2.0,0.0,0.3333333333333333,-0.3333333333333333,-1.514,0.0,0.0,0.0,0.0,0.0,2.0,0.0,0.3333333333333333,-0.3333333333333333,-1.6239999999999999,5.0,0.0,38.89,45.7,5.0,0.0,0.0,0.0,0.0,1.0,0.0,0.0,0.0,0.0,0.0,2.0,0.0,0.3333333333333333,-0.3333333333333333,-1.5966666666666667,0.0,0.0,0.0,0.0,0.0,2.0,0.0,0.3333333333333333,-0.3333333333333333,-1.6973333333333334,5.0,0.0,39.769999999999996,47.15,5.0,0.0,0.0,0.0,0.0,0.9999999999999998,0.0,0.0,0.0,0.0,0.0,0.0,0.0,0.0,0.0,0.0,0.0,0.0,0.0,0.0,0.0,0.0,5.0,53.89,0.0,0.0,0.0,0.0,5.0,54.77
light_seed1,light,1,62.2,77.2,32.0,8.099405307121925,12.603125,10.0,14.150000000000006,0.0,0.0,0.0,0.0,0.0,0.0,0.0,0.0,0.0,0.0,0.0,0.0,0.0,0.0,0.0,0.0,0.0,0.0,0.0,0.0,0.0,0.0,0.0,0.0,0.0,0.0,0.0,0.0,0.0,0.0,0.0,0.0,0.0,0.0,0.0,0.0,0.0,0.0,0.0,0.0,0.0,0.0,0.0,0.0,0.0,0.0,0.0,0.0,0.0,0.0,0.0,0.0,0.0,0.0,0.0,0.0,0.0,0.0,0.0,0.0,0.0,0.0,0.0,0.0,0.0,2.0,0.0,0.3333333333333333,-0.3333333333333333,-1.5806666666666667,0.0,0.0,0.0,0.0,0.0,2.0,0.0,0.3333333333333333,-0.3333333333333333,-1.6906666666666665,5.0,0.0,39.89,46.7,5.0,0.0,0.0,0.0,0.0,1.0,0.0,0.0,0.0,0.0,0.0,2.0,0.0,0.3333333333333333,-0.3333333333333333,-1.6633333333333333,0.0,0.0,0.0,0.0,0.0,2.0,0.0,0.3333333333333333,-0.3333333333333333,-1.764,5.0,0.0,40.769999999999996,48.15,5.0,0.0,0.0,0.0,0.0,0.9999999999999998,0.0,0.0,0.0,0.0,0.0,0.0,0.0,0.0,0.0,0.0,0.0,0.0,0.0,0.0,0.0,0.0,5.0,54.89,0.0,0.0,0.0,0.0,5.0,55.77
light_seed1,light,1,63.2,78.2,32.0,8.247125965576783,12.915625,10.0,15.150000000000006,0.0,0.0,0.0,0.0,0.0,0.0,0.0,0.0,0.0,0.0,0.0,0.0,0.0,0.0,0.0,0.0,0.0,0.0,0.0,0.0,0.0,0.0,0.0,0.0,0.0,0.0,0.0,0.0,0.0,0.0,0.0,0.0,0.0,0.0,0.0,0.0,0.0,0.0,0.0,0.0,0.0,0.0,0.0,0.0,0.0,0.0,0.0,0.0,0.0,0.0,0.0,0.0,0.0,0.0,0.0,0.0,0.0,0.0,0.0,0.0,0.0,0.0,0.0,0.0,0.0,2.0,0.0,0.3333333333333333,-0.26666666666666666,-1.1920000000000002,0.0,0.0,0.0,0.0,0.0,2.0,0.0,0.3333333333333333,-0.26666666666666666,-1.3053333333333335,5.0,0.0,40.89,47.7,5.0,0.0,0.0,0.0,0.0,0.9999999999999998,0.0,0.0,0.0,0.0,0.0,2.0,0.0,0.3333333333333333,-0.26666666666666666,-1.2753333333333334,0.0,0.0,0.0,0.0,0.0,2.0,0.0,0.3333333333333333,-0.26666666666666666,-1.3486666666666667,5.0,0.0,41.769999999999996,49.15,5.0,0.0,0.0,0.0,0.0,0.9999999999999998,0.0,0.0,0.0,0.0,0.0,0.0,0.0,0.0,0.0,0.0,0.0,0.0,0.0,0.0,0.0,0.0,5.0,55.89,0.0,0.0,0.0,0.0,5.0,56.77
light_seed1,light,1,64.2,79.2,30.0,8.160939515810393,14.110000000000001,10.0,16.150000000000006,0.0,0.0,0.0,0.0,0.0,0.0,0.0,0.0,0.0,0.0,0.0,0.0,0.0,0.0,0.0,0.0,0.0,0.0,0.0,0.0,0.0,0.0,0.0,0.0,0.0,0.0,0.0,0.0,0.0,0.0,0.0,0.0,0.0,0.0,0.0,0.0,0.0,0.0,0.0,0.0,0.0,0.0,0.0,0.0,0.0,0.0,0.0,0.0,0.0,0.0,0.0,0.0,0.0,0.0,0.0,0.0,0.0,0.0,0.0,0.0,0.0,0.0,0.0,0.0,0.0,2.0,0.0,0.26666666666666666,-0.06666666666666667,-0.29416666666666663,0.0,0.0,0.0,0.0,0.0,2.0,0.0,0.26666666666666666,-0.06666666666666667,-0.3408333333333333,5.0,0.0,41.89,48.7,5.0,0.0,0.0,0.0,0.0,0.9999999999999998,0.0,0.0,0.0,0.0,0.0,2.0,0.0,0.26666666666666666,-0.06666666666666667,-0.3375,0.0,0.0,0.0,0.0,0.0,2.0,0.0,0.26666666666666666,-0.06666666666666667,-0.3491666666666667,5.0,0.0,42.769999999999996,50.15,5.0,0.0,0.0,0.0,0.0,0.9999999999999998,0.0,0.0,0.0,0.0,0.0,0.0,0.0,0.0,0.0,0.0,0.0,0.0,0.0,0.0,0.0,0.0,5.0,56.89,0.0,0.0,0.0,0.0,5.0,57.77
light_seed1,light,1,65.2,80.2,29.0,7.893454641789794,14.941379310344828,10.0,17.150000000000006,0.0,0.0,0.0,0.0,0.0,0.0,0.0,0.0,0.0,0.0,0.0,0.0,0.0,0.0,0.0,0.0,0.0,0.0,0.0,0.0,0.0,0.0,0.0,0.0,0.0,0.0,0.0,0.0,0.0,0.0,0.0,0.0,0.0,0.0,0.0,0.0,0.0,0.0,0.0,0.0,0.0,0.0,0.0,0.0,0.0,0.0,0.0,0.0,0.0,0.0,0.0,0.0,0.0,0.0,0.0,0.0,0.0,0.0,0.0,0.0,0.0,0.0,0.0,0.0,0.0,2.0,0.0,0.26666666666666666,0.0,0.0,0.0,0.0,0.0,0.0,0.0,2.0,0.0,0.26666666666666666,0.0,0.0,5.0,0.0,42.89,49.7,5.0,0.0,0.0,0.0,0.0,0.9999999999999998,0.0,0.0,0.0,0.0,0.0,2.0,0.0,0.26666666666666666,0.0,0.0,0.0,0.0,0.0,0.0,0.0,2.0,0.0,0.26666666666666666,0.0,0.0,5.0,0.0,43.769999999999996,51.15,5.0,0.0,0.0,0.0,0.0,0.9999999999999998,0.0,0.0,0.0,0.0,0.0,0.0,0.0,0.0,0.0,0.0,0.0,0.0,0.0,0.0,0.0,0.0,5.0,57.89,0.0,0.0,0.0,0.0,5.0,58.77
light_seed1,light,1,66.2,81.2,27.0,7.47056319676311,16.418518518518518,10.0,18.150000000000006,0.0,0.0,0.0,0.0,0.0,0.0,0.0,0.0,0.0,0.0,0.0,0.0,0.0,0.0,0.0,0.0,0.0,0.0,0.0,0.0,0.0,0.0,0.0,0.0,0.0,0.0,0.0,0.0,0.0,0.0,0.0,0.0,0.0,0.0,0.0,0.0,0.0,0.0,0.0,0.0,0.0,0.0,0.0,0.0,0.0,0.0,0.0,0.0,0.0,0.0,0.0,0.0,0.0,0.0,0.0,0.0,0.0,0.0,0.0,0.0,0.0,0.0,0.0,0.0,0.0,2.0,0.0,0.2,0.0,0.0,0.0,0.0,0.0,0.0,0.0,2.0,0.0,0.2,0.0,0.0,5.0,0.0,43.89,50.7,5.0,0.0,0.0,0.0,0.0,0.9999999999999998,0.0,0.0,0.0,0.0,0.0,2.0,0.0,0.2,0.0,0.0,0.0,0.0,0.0,0.0,0.0,2.0,0.0,0.2,0.0,0.0,5.0,0.0,44.769999999999996,52.15,5.0,0.0,0.0,0.0,0.0,0.9999999999999998,0.0,0.0,0.0,0.0,0.0,0.0,0.0,0.0,0.0,0.0,0.0,0.0,0.0,0.0,0.0,0.0,5.0,45.75,0.0,0.0,0.0,0.0,5.0,46.339999999999996
light_seed1,light,1,67.2,82.2,25.0,6.813548005739675,18.132,10.0,19.150000000000006,0.0,0.0,0.0,0.0,0.0,0.0,0.0,0.0,0.0,0.0,0.0,0.0,0.0,0.0,0.0,0.0,0.0,0.0,0.0,0.0,0.0,0.0,0.0,0.0,0.0,0.0,0.0,0.0,0.0,0.0,0.0,0.0,0.0,0.0,0.0,0.0,0.0,0.0,0.0,0.0,0.0,0.0,0.0,0.0,0.0,0.0,0.0,0.0,0.0,0.0,0.0,0.0,0.0,0.0,0.0,0.0,0.0,0.0,0.0,0.0,0.0,0.0,0.0,0.0,0.0,2.0,0.0,0.2,0.0,0.0,0.0,0.0,0.0,0.0,0.0,2.0,0.0,0.2,0.0,0.0,5.0,0.0,44.89,51.7,5.0,0.0,0.0,0.0,0.0,0.9999999999999998,0.0,0.0,0.0,0.0,0.0,2.0,0.0,0.2,0.0,0.0,0.0,0.0,0.0,0.0,0.0,2.0,0.0,0.2,0.0,0.0,5.0,0.0,45.769999999999996,53.15,5.0,0.0,0.0,0.0,0.0,0.9999999999999998,0.0,0.0,0.0,0.0,0.0,0.0,0.0,0.0,0.0,0.0,0.0,0.0,0.0,0.0,0.0,0.0,4.0,13.275,0.0,0.0,0.0,0.0,4.0,13.4
light_seed1,light,1,68.2,83.2,23.0,6.287391372028487,20.143478260869564,10.0,20.150000000000006,0.0,0.0,0.0,0.0,0.0,0.0,0.0,0.0,0.0,0.0,0.0,0.0,0.0,0.0,0.0,0.0,0.0,0.0,0.0,0.0,0.0,0.0,0.0,0.0,0.0,0.0,0.0,0.0,0.0,0.0,0.0,0.0,0.0,0.0,0.0,0.0,0.0,0.0,0.0,0.0,0.0,0.0,0.0,0.0,0.0,0.0,0.0,0.0,0.0,0.0,0.0,0.0,0.0,0.0,0.0,0.0,0.0,0.0,0.0,0.0,0.0,0.0,0.0,0.0,0.0,2.0,0.0,0.13333333333333333,0.0,0.0,0.0,0.0,0.0,0.0,0.0,2.0,0.0,0.13333333333333333,0.0,0.0,5.0,0.0,45.89,52.7,5.0,0.0,0.0,0.0,0.0,0.9999999999999998,0.0,0.0,0.0,0.0,0.0,2.0,0.0,0.13333333333333333,0.0,0.0,0.0,0.0,0.0,0.0,0.0,2.0,0.0,0.13333333333333333,0.0,0.0,5.0,0.0,46.769999999999996,54.15,5.0,0.0,0.0,0.0,0.0,0.9999999999999998,0.0,0.0,0.0,0.0,0.0,0.0,0.0,0.0,0.0,0.0,0.0,0.0,0.0,0.0,0.0,0.0,4.0,0.0,0.0,0.0,0.0,0.0,4.0,0.0
light_seed1,light,1,69.2,84.2,22.0,5.906250523165557,21.513636363636365,10.0,21.150000000000006,0.0,0.0,0.0,0.0,0.0,0.0,0.0,0.0,0.0,0.0,0.0,0.0,0.0,0.0,0.0,0.0,0.0,0.0,0.0,0.0,0.0,0.0,0.0,0.0,0.0,0.0,0.0,0.0,0.0,0.0,0.0,0.0,0.0,0.0,0.0,0.0,0.0,0.0,0.0,0.0,0.0,0.0,0.0,0.0,0.0,0.0,0.0,0.0,0.0,0.0,0.0,0.0,0.0,0.0,0.0,0.0,0.0,0.0,0.0,0.0,0.0,0.0,0.0,0.0,0.0,2.0,0.0,0.13333333333333333,0.0,0.0,0.0,0.0,0.0,0.0,0.0,2.0,0.0,0.13333333333333333,0.0,0.0,5.0,0.0,46.89,53.7,5.0,0.0,0.0,0.0,0.0,0.9999999999999998,0.0,0.0,0.0,0.0,0.0,2.0,0.0,0.13333333333333333,0.0,0.0,0.0,0.0,0.0,0.0,0.0,2.0,0.0,0.13333333333333333,0.0,0.0,5.0,0.0,47.769999999999996,55.15,5.0,0.0,0.0,0.0,0.0,1.0,0.0,0.0,0.0,0.0,0.0,0.0,0.0,0.0,0.0,0.0,0.0,0.0,0.0,0.0,0.0,0.0,3.0,0.0,0.0,0.0,0.0,0.0,3.0,0.0
light_seed1,light,1,70.2,85.2,22.0,5.899109589821404,21.96818181818182,10.0,22.150000000000006,0.0,0.0,0.0,0.0,0.0,0.0,0.0,0.0,0.0,0.0,0.0,0.0,0.0,0.0,0.0,0.0,0.0,0.0,0.0,0.0,0.0,0.0,0.0,0.0,0.0,0.0,0.0,0.0,0.0,0.0,0.0,0.0,0.0,0.0,0.0,0.0,0.0,0.0,0.0,0.0,0.0,0.0,0.0,0.0,0.0,0.0,0.0,0.0,0.0,0.0,0.0,0.0,0.0,0.0,0.0,0.0,0.0,0.0,0.0,0.0,0.0,0.0,0.0,0.0,0.0,2.0,0.0,0.06666666666666667,0.0,0.0,0.0,0.0,0.0,0.0,0.0,2.0,0.0,0.06666666666666667,0.0,0.0,5.0,0.0,47.89,54.7,5.0,0.0,0.0,0.0,0.0,1.0,0.0,0.0,0.0,0.0,0.0,2.0,0.0,0.06666666666666667,0.0,0.0,0.0,0.0,0.0,0.0,0.0,2.0,0.0,0.06666666666666667,0.0,0.0,5.0,0.0,48.769999999999996,56.15,5.0,0.0,0.0,0.0,0.0,1.0,0.0,0.0,0.0,0.0,0.0,0.0,0.0,0.0,0.0,0.0,0.0,0.0,0.0,0.0,0.0,0.0,3.0,0.0,0.0,0.0,0.0,0.0,3.0,0.0
light_seed1,light,1,71.2,86.2,22.0,5.888933424723663,22.422727272727272,10.0,23.150000000000006,0.0,0.0,0.0,0.0,0.0,0.0,0.0,0.0,0.0,0.0,0.0,0.0,0.0,0.0,0.0,0.0,0.0,0.0,0.0,0.0,0.0,0.0,0.0,0.0,0.0,0.0,0.0,0.0,0.0,0.0,0.0,0.0,0.0,0.0,0.0,0.0,0.0,0.0,0.0,0.0,0.0,0.0,0.0,0.0,0.0,0.0,0.0,0.0,0.0,0.0,0.0,0.0,0.0,0.0,0.0,0.0,0.0,0.0,0.0,0.0,0.0,0.0,0.0,0.0,0.0,2.0,0.0,0.06666666666666667,0.0,0.0,0.0,0.0,0.0,0.0,0.0,2.0,0.0,0.06666666666666667,0.0,0.0,5.0,0.0,48.89,55.7,5.0,0.0,0.0,0.0,0.0,1.0,0.0,0.0,0.0,0.0,0.0,2.0,0.0,0.06666666666666667,0.0,0.0,0.0,0.0,0.0,0.0,0.0,2.0,0.0,0.06666666666666667,0.0,0.0,5.0,0.0,49.769999999999996,57.15,5.0,0.0,0.0,0.0,0.0,1.0,0.0,0.0,0.0,0.0,0.0,0.0,0.0,0.0,0.0,0.0,0.0,0.0,0.0,0.0,0.0,0.0,2.0,0.0,0.0,0.0,0.0,0.0,2.0,0.0
light_seed1,light,1,72.2,87.2,22.0,5.879078521474053,22.87727272727273,10.0,24.150000000000006,0.0,0.0,0.0,0.0,0.0,0.0,0.0,0.0,0.0,0.0,0.0,0.0,0.0,0.0,0.0,0.0,0.0,0.0,0.0,0.0,0.0,0.0,0.0,0.0,0.0,0.0,0.0,0.0,0.0,0.0,0.0,0.0,0.0,0.0,0.0,0.0,0.0,0.0,0.0,0.0,0.0,0.0,0.0,0.0,0.0,0.0,0.0,0.0,0.0,0.0,0.0,0.0,0.0,0.0,0.0,0.0,0.0,0.0,0.0,0.0,0.0,0.0,0.0,0.0,0.0,2.0,0.0,0.06666666666666667,0.0,0.0,0.0,0.0,0.0,0.0,0.0,2.0,0.0,0.06666666666666667,0.0,0.0,5.0,0.0,49.89,56.7,5.0,0.0,0.0,0.0,0.0,1.0,0.0,0.0,0.0,0.0,0.0,2.0,0.0,0.06666666666666667,0.0,0.0,0.0,0.0,0.0,0.0,0.0,2.0,0.0,0.06666666666666667,0.0,0.0,5.0,0.0,50.769999999999996,58.15,5.0,0.0,0.0,0.0,0.0,1.0,1.0,0.0,1.0,0.0,1.0,0.0,1.0,0.0,1.0,0.0,1.0,0.0,1.0,0.0,1.0,0.0,3.0,0.0,1.0,0.0,1.0,0.0,3.0,0.0
light_seed1,light,1,73.2,88.2,21.0,5.651923257122787,24.44285714285714,10.0,25.150000000000006,0.0,0.0,0.0,0.0,0.0,0.0,0.0,0.0,0.0,0.0,0.0,0.0,0.0,0.0,0.0,0.0,0.0,0.0,0.0,0.0,0.0,0.0,0.0,0.0,0.0,0.0,0.0,0.0,0.0,0.0,0.0,0.0,0.0,0.0,0.0,0.0,0.0,0.0,0.0,0.0,0.0,0.0,0.0,0.0,0.0,0.0,0.0,0.0,0.0,0.0,0.0,0.0,0.0,0.0,0.0,0.0,0.0,0.0,0.0,0.0,0.0,0.0,0.0,0.0,0.0,2.0,0.0,0.06666666666666667,0.0,0.0,0.0,0.0,0.0,0.0,0.0,2.0,0.0,0.06666666666666667,0.0,0.0,5.0,0.0,50.89,57.7,5.0,0.0,0.0,0.0,0.0,1.0,0.0,0.0,0.0,0.0,0.0,2.0,0.0,0.06666666666666667,0.0,0.0,0.0,0.0,0.0,0.0,0.0,2.0,0.0,0.06666666666666667,0.0,0.0,5.0,0.0,51.77,59.15,5.0,0.0,0.0,0.0,0.0,1.0000000000000004,1.0,0.0,1.0,0.0,1.0,0.0,1.0,0.0,1.0,0.0,1.0,0.0,1.0,0.0,1.0,0.0,2.0,0.0,1.0,0.0,1.0,0.0,2.0,0.0
light_seed1,light,1,74.2,89.2,20.0,5.371879813790672,26.165,10.0,26.150000000000006,0.0,0.0,0.0,0.0,0.0,0.0,0.0,0.0,0.0,0.0,0.0,0.0,0.0,0.0,0.0,0.0,0.0,0.0,0.0,0.0,0.0,0.0,0.0,0.0,0.0,0.0,0.0,0.0,0.0,0.0,0.0,0.0,0.0,0.0,0.0,0.0,0.0,0.0,0.0,0.0,0.0,0.0,0.0,0.0,0.0,0.0,0.0,0.0,0.0,0.0,0.0,0.0,0.0,0.0,0.0,0.0,0.0,0.0,0.0,0.0,0.0,0.0,0.0,0.0,0.0,2.0,0.0,0.0,0.0,0.0,0.0,0.0,0.0,0.0,0.0,2.0,0.0,0.0,0.0,0.0,5.0,0.0,51.89,58.7,5.0,0.0,0.0,0.0,0.0,1.0,0.0,0.0,0.0,0.0,0.0,2.0,0.0,0.0,0.0,0.0,0.0,0.0,0.0,0.0,0.0,2.0,0.0,0.0,0.0,0.0,5.0,0.0,52.77,60.15,5.0,0.0,0.0,0.0,0.0,1.0000000000000004,1.0,0.0,1.0,0.0,1.0,0.0,1.0,0.0,1.0,0.0,1.0,0.0,1.0,0.0,1.0,0.0,2.0,0.0,1.0,0.0,1.0,0.0,2.0,0.0
light_seed1,light,1,75.2,90.2,17.0,4.427643404154508,31.370588235294115,10.0,27.150000000000006,0.0,0.0,0.0,0.0,0.0,0.0,0.0,0.0,0.0,0.0,0.0,0.0,0.0,0.0,0.0,0.0,0.0,0.0,0.0,0.0,0.0,0.0,0.0,0.0,0.0,0.0,0.0,0.0,0.0,0.0,0.0,0.0,0.0,0.0,0.0,0.0,0.0,0.0,0.0,0.0,0.0,0.0,0.0,0.0,0.0,0.0,0.0,0.0,0.0,0.0,0.0,0.0,0.0,0.0,0.0,0.0,0.0,0.0,0.0,0.0,0.0,0.0,0.0,0.0,0.0,2.0,0.0,0.0,0.0,0.0,0.0,0.0,0.0,0.0,0.0,2.0,0.0,0.0,0.0,0.0,5.0,0.0,52.89,59.7,5.0,0.0,0.0,0.0,0.0,1.0,0.0,0.0,0.0,0.0,0.0,2.0,0.0,0.0,0.0,0.0,0.0,0.0,0.0,0.0,0.0,2.0,0.0,0.0,0.0,0.0,5.0,0.0,53.77,61.15,5.0,0.0,0.0,0.0,0.0,1.0000000000000004,1.0,0.0,1.0,0.0,1.0,0.0,1.0,0.0,1.0,0.0,1.0,0.0,1.0,0.0,1.0,0.0,2.0,0.0,1.0,0.0,1.0,0.0,2.0,0.0
light_seed1,light,1,76.2,91.2,16.0,4.079509640229159,33.95625,10.0,28.150000000000006,0.0,0.0,0.0,0.0,0.0,0.0,0.0,0.0,0.0,0.0,0.0,0.0,0.0,0.0,0.0,0.0,0.0,0.0,0.0,0.0,0.0,0.0,0.0,0.0,0.0,0.0,0.0,0.0,0.0,0.0,0.0,0.0,0.0,0.0,0.0,0.0,0.0,0.0,0.0,0.0,0.0,0.0,0.0,0.0,0.0,0.0,0.0,0.0,0.0,0.0,0.0,0.0,0.0,0.0,0.0,0.0,0.0,0.0,0.0,0.0,0.0,0.0,0.0,0.0,0.0,2.0,0.0,0.0,0.0,0.0,0.0,0.0,0.0,0.0,0.0,2.0,0.0,0.0,0.0,0.0,5.0,0.0,53.89,60.7,5.0,0.0,0.0,0.0,0.0,1.0,0.0,0.0,0.0,0.0,0.0,2.0,0.0,0.0,0.0,0.0,0.0,0.0,0.0,0.0,0.0,2.0,0.0,0.0,0.0,0.0,5.0,0.0,54.77,62.15,5.0,0.0,0.0,0.0,0.0,1.0000000000000004,1.0,0.0,1.0,0.0,1.0,0.0,1.0,0.0,1.0,0.0,1.0,0.0,1.0,0.0,1.0,0.0,2.0,0.0,1.0,0.0,1.0,0.0,2.0,0.0
light_seed1,light,1,77.2,92.2,15.0,3.52403826809875,36.88666666666666,10.0,29.150000000000006,0.0,0.0,0.0,0.0,0.0,0.0,0.0,0.0,0.0,0.0,0.0,0.0,0.0,0.0,0.0,0.0,0.0,0.0,0.0,0.0,0.0,0.0,0.0,0.0,0.0,0.0,0.0,0.0,0.0,0.0,0.0,0.0,0.0,0.0,0.0,0.0,0.0,0.0,0.0,0.0,0.0,0.0,0.0,0.0,0.0,0.0,0.0,0.0,0.0,0.0,0.0,0.0,0.0,0.0,0.0,0.0,0.0,0.0,0.0,0.0,0.0,0.0,0.0,0.0,0.0,2.0,0.0,0.0,0.0,0.0,0.0,0.0,0.0,0.0,0.0,2.0,0.0,0.0,0.0,0.0,5.0,0.0,54.89,61.7,5.0,0.0,0.0,0.0,0.0,1.0,0.0,0.0,0.0,0.0,0.0,2.0,0.0,0.0,0.0,0.0,0.0,0.0,0.0,0.0,0.0,2.0,0.0,0.0,0.0,0.0,5.0,0.0,55.77,63.15,5.0,0.0,0.0,0.0,0.0,1.0000000000000004,1.0,0.0,1.0,0.0,1.0,0.0,1.0,0.0,1.0,0.0,1.0,0.0,1.0,0.0,1.0,0.0,1.0,0.0,1.0,0.0,1.0,0.0,1.0,0.0
light_seed1,light,1,78.2,93.2,13.0,2.563300435363243,43.33076923076923,10.0,0.15000000000000568,0.0,0.0,0.0,0.0,0.0,0.0,0.0,0.0,0.0,0.0,0.0,0.0,0.0,0.0,0.0,0.0,0.0,0.0,0.0,0.0,0.0,0.0,0.0,0.0,0.0,0.0,0.0,0.0,0.0,0.0,0.0,0.0,0.0,0.0,0.0,0.0,0.0,0.0,0.0,0.0,0.0,0.0,0.0,0.0,0.0,0.0,0.0,0.0,0.0,0.0,0.0,0.0,0.0,0.0,0.0,0.0,0.0,0.0,0.0,0.0,0.0,0.0,0.0,0.0,0.0,1.0,0.0,0.0,0.0,0.0,0.0,0.0,0.0,0.0,0.0,1.0,0.0,0.0,0.0,0.0,5.0,0.0,55.89,62.7,5.0,0.0,0.0,0.0,0.0,1.0,0.0,0.0,0.0,0.0,0.0,1.0,0.0,0.0,0.0,0.0,0.0,0.0,0.0,0.0,0.0,1.0,0.0,0.0,0.0,0.0,5.0,0.0,56.77,64.15,5.0,0.0,0.0,0.0,0.0,1.0000000000000004,1.0,0.0,1.0,0.0,1.0,0.0,1.0,0.0,1.0,0.0,1.0,0.0,1.0,0.0,1.0,0.0,1.0,0.0,1.0,0.0,1.0,0.0,1.0,0.0
light_seed1,light,1,79.2,94.2,12.0,1.8507729975033242,47.775,10.0,1.1500000000000057,0.0,0.0,0.0,0.0,0.0,0.0,0.0,0.0,0.0,0.0,0.0,0.0,0.0,0.0,0.0,0.0,0.0,0.0,0.0,0.0,0.0,0.0,0.0,0.0,0.0,0.0,0.0,0.0,0.0,0.0,0.0,0.0,0.0,0.0,0.0,0.0,0.0,0.0,0.0,0.0,0.0,0.0,0.0,0.0,0.0,0.0,0.0,0.0,0.0,0.0,0.0,0.0,0.0,0.0,0.0,0.0,0.0,0.0,0.0,0.0,0.0,0.0,0.0,0.0,0.0,1.0,0.0,0.0,0.0,0.0,0.0,0.0,0.0,0.0,0.0,1.0,0.0,0.0,0.0,0.0,5.0,0.0,56.89,63.7,5.0,0.0,0.0,0.0,0.0,1.0,0.0,0.0,0.0,0.0,0.0,1.0,0.0,0.0,0.0,0.0,0.0,0.0,0.0,0.0,0.0,1.0,0.0,0.0,0.0,0.0,5.0,0.0,57.77,65.15,5.0,0.0,0.0,0.0,0.0,1.0000000000000004,1.0,0.0,1.0,0.0,1.0,0.0,1.0,0.0,1.0,0.0,1.0,0.0,1.0,0.0,1.0,0.0,1.0,0.0,1.0,0.0,1.0,0.0,1.0,0.0
light_seed1,light,1,80.2,95.2,10.0,0.0,58.33,10.0,2.1500000000000057,0.0,0.0,0.0,0.0,0.0,0.0,0.0,0.0,0.0,0.0,0.0,0.0,0.0,0.0,0.0,0.0,0.0,0.0,0.0,0.0,0.0,0.0,0.0,0.0,0.0,0.0,0.0,0.0,0.0,0.0,0.0,0.0,0.0,0.0,0.0,0.0,0.0,0.0,0.0,0.0,0.0,0.0,0.0,0.0,0.0,0.0,0.0,0.0,0.0,0.0,0.0,0.0,0.0,0.0,0.0,0.0,0.0,0.0,0.0,0.0,0.0,0.0,0.0,0.0,0.0,1.0,0.0,0.0,0.0,0.0,0.0,0.0,0.0,0.0,0.0,1.0,0.0,0.0,0.0,0.0,5.0,0.0,57.89,64.7,5.0,0.0,0.0,0.0,0.0,1.0,0.0,0.0,0.0,0.0,0.0,1.0,0.0,0.0,0.0,0.0,0.0,0.0,0.0,0.0,0.0,1.0,0.0,0.0,0.0,0.0,5.0,0.0,58.77,66.15,5.0,0.0,0.0,0.0,0.0,1.0000000000000004,1.0,0.0,1.0,0.0,1.0,0.0,1.0,0.0,1.0,0.0,1.0,0.0,1.0,0.0,1.0,0.0,1.0,0.0,1.0,0.0,1.0,0.0,1.0,0.0
light_seed1,light,1,81.2,96.2,10.0,0.11462793249045615,46.045,8.0,0.15000000000000568,0.0,0.0,0.0,0.0,0.0,0.0,0.0,0.0,0.0,0.0,0.0,0.0,0.0,0.0,0.0,0.0,0.0,0.0,0.0,0.0,0.0,0.0,0.0,0.0,0.0,0.0,0.0,0.0,0.0,0.0,0.0,0.0,0.0,0.0,0.0,0.0,0.0,0.0,0.0,0.0,0.0,0.0,0.0,0.0,0.0,0.0,0.0,0.0,0.0,0.0,0.0,0.0,0.0,0.0,0.0,0.0,0.0,0.0,0.0,0.0,0.0,0.0,0.0,0.0,0.0,0.0,0.0,0.0,0.0,0.0,0.0,0.0,0.0,0.0,0.0,0.0,0.0,0.0,0.0,0.0,5.0,0.11322169220763986,45.75,63.1,4.0,2.0,0.0,0.0,-0.06666666666666667,0.12399999999999996,0.0,0.0,0.0,0.0,0.0,0.0,0.0,0.0,0.0,0.0,0.0,0.0,0.0,0.0,0.0,0.0,0.0,0.0,0.0,0.0,5.0,0.11603417277327246,46.339999999999996,64.5,4.0,2.0,0.0,0.0,-0.06666666666666667,0.10466666666666669,1.0,0.0,1.0,0.0,1.0,0.0,1.0,0.0,1.0,0.0,1.0,0.0,1.0,0.0,1.0,0.0,1.0,0.0,1.0,0.0,1.0,0.0,1.0,0.0
light_seed1,light,1,82.2,97.2,10.0,1.0547314843502096,10.67,2.0,1.1500000000000057,0.0,0.0,0.0,0.0,0.0,0.0,0.0,0.0,0.0,0.0,0.0,0.0,0.0,0.0,0.0,0.0,0.0,0.0,0.0,0.0,0.0,0.0,0.0,0.0,0.0,0.0,0.0,0.0,0.0,0.0,0.0,0.0,0.0,0.0,0.0,0.0,0.0,0.0,0.0,0.0,0.0,0.0,0.0,0.0,0.0,0.0,0.0,0.0,0.0,0.0,0.0,0.0,0.0,0.0,0.0,0.0,0.0,0.0,0.0,0.0,0.0,0.0,0.0,0.0,0.0,0.0,0.0,0.0,0.0,0.0,0.0,0.0,0.0,0.0,0.0,0.0,0.0,0.0,0.0,0.0,4.0,0.6468945428288276,13.275,53.1,1.0,2.0,0.0,0.06666666666666667,-0.26666666666666666,-2.107666666666667,0.0,0.0,0.0,0.0,0.0,0.0,0.0,0.0,0.0,0.0,0.0,0.0,0.0,0.0,0.0,0.0,0.0,0.0,0.0,0.0,4.0,0.6528638816392659,13.4,53.6,1.0,2.0,0.0,0.06666666666666667,-0.26666666666666666,-2.158,1.0,0.0,1.0,0.0,1.0,0.0,1.0,0.0,1.0,0.0,1.0,0.0,1.0,0.0,1.0,0.0,1.0,0.0,1.0,0.0,1.0,0.0,1.0,0.0
light_seed1,light,1,83.2,98.2,10.0,2.2883701649638803,0.0,0.0,2.1500000000000057,0.0,0.0,0.0,0.0,0.0,0.0,0.0,0.0,0.0,0.0,0.0,0.0,0.0,0.0,0.0,0.0,0.0,0.0,0.0,0.0,0.0,0.0,0.0,0.0,0.0,0.0,0.0,0.0,0.0,0.0,0.0,0.0,0.0,0.0,0.0,0.0,0.0,0.0,0.0,0.0,0.0,0.0,0.0,0.0,0.0,0.0,0.0,0.0,0.0,0.0,0.0,0.0,0.0,0.0,0.0,0.0,0.0,0.0,0.0,0.0,0.0,0.0,0.0,0.0,0.0,0.0,0.0,0.0,0.0,0.0,0.0,0.0,0.0,0.0,0.0,0.0,0.0,0.0,0.0,0.0,4.0,1.6957392017564834,0.0,0.0,0.0,2.0,0.0,0.06666666666666667,-0.3333333333333333,-3.0593333333333335,0.0,0.0,0.0,0.0,0.0,0.0,0.0,0.0,0.0,0.0,0.0,0.0,0.0,0.0,0.0,0.0,0.0,0.0,0.0,0.0,4.0,1.707993984894122,0.0,0.0,0.0,2.0,0.0,0.06666666666666667,-0.3333333333333333,-3.118,1.0,0.0,0.0,0.0,1.0,0.0,1.0,0.0,1.0,0.0,1.0,0.0,1.0,0.0,1.0,0.0,1.0,0.0,1.0,0.0,1.0,0.0,1.0,0.0
light_seed1,light,1,84.2,99.2,10.0,3.6048017123764353,0.0,0.0,3.1500000000000057,0.0,0.0,0.0,0.0,0.0,0.0,0.0,0.0,0.0,0.0,0.0,0.0,0.0,0.0,0.0,0.0,0.0,0.0,0.0,0.0,0.0,0.0,0.0,0.0,0.0,0.0,0.0,0.0,0.0,0.0,0.0,0.0,0.0,0.0,0.0,0.0,0.0,0.0,0.0,0.0,0.0,0.0,0.0,0.0,0.0,0.0,0.0,0.0,0.0,0.0,0.0,0.0,0.0,0.0,0.0,0.0,0.0,0.0,0.0,0.0,0.0,0.0,0.0,0.0,0.0,0.0,0.0,0.0,0.0,0.0,0.0,0.0,0.0,0.0,0.0,0.0,0.0,0.0,0.0,0.0,3.0,1.9357851309930696,0.0,0.0,0.0,2.0,0.0,0.13333333333333333,-0.3333333333333333,-3.126,0.0,0.0,0.0,0.0,0.0,0.0,0.0,0.0,0.0,0.0,0.0,0.0,0.0,0.0,0.0,0.0,0.0,0.0,0.0,0.0,3.0,1.990198640655752,0.0,0.0,0.0,2.0,0.0,0.13333333333333333,-0.3333333333333333,-3.1846666666666663,1.0,0.0,0.0,0.0,1.0,0.0,1.0,0.0,1.0,0.0,1.0,0.05,1.0,0.0,1.0,0.0,1.0,0.0,1.0,0.0,1.0,0.0,1.0,0.0
light_seed1,light,1,85.2,100.2,10.0,4.898835651924481,0.0,0.0,4.150000000000006,0.0,0.0,0.0,0.0,0.0,0.0,0.0,0.0,0.0,0.0,0.0,0.0,0.0,0.0,0.0,0.0,0.0,0.0,0.0,0.0,0.0,0.0,0.0,0.0,0.0,0.0,0.0,0.0,0.0,0.0,0.0,0.0,0.0,0.0,0.0,0.0,0.0,0.0,0.0,0.0,0.0,0.0,0.0,0.0,0.0,0.0,0.0,0.0,0.0,0.0,0.0,0.0,0.0,0.0,0.0,0.0,0.0,0.0,0.0,0.0,0.0,0.0,0.0,0.0,0.0,0.0,0.0,0.0,0.0,0.0,0.0,0.0,0.0,0.0,0.0,0.0,0.0,0.0,0.0,0.0,3.0,2.8664881557250332,0.0,0.0,0.0,2.0,0.0,0.13333333333333333,-0.3333333333333333,-3.1926666666666668,0.0,0.0,0.0,0.0,0.0,0.0,0.0,0.0,0.0,0.0,0.0,0.0,0.0,0.0,0.0,0.0,0.0,0.0,0.0,0.0,3.0,2.9421186883088537,0.0,0.0,0.0,2.0,0.0,0.13333333333333333,-0.3333333333333333,-3.251333333333333,0.0,0.0,0.0,0.0,1.0,0.0,0.0,0.0,0.0,0.0,1.0,1.05,1.0,1.0,1.0,0.0,1.0,0.0,1.0,0.0,1.0,0.0,1.0,0.0
light_seed1,light,1,86.2,101.2,10.0,6.246027347704705,0.0,0.0,5.150000000000006,0.0,0.0,0.0,0.0,0.0,0.0,0.0,0.0,0.0,0.0,0.0,0.0,0.0,0.0,0.0,0.0,0.0,0.0,0.0,0.0,0.0,0.0,0.0,0.0,0.0,0.0,0.0,0.0,0.0,0.0,0.0,0.0,0.0,0.0,0.0,0.0,0.0,0.0,0.0,0.0,0.0,0.0,0.0,0.0,0.0,0.0,0.0,0.0,0.0,0.0,0.0,0.0,0.0,0.0,0.0,0.0,0.0,0.0,0.0,0.0,0.0,0.0,0.0,0.0,0.0,0.0,0.0,0.0,0.0,0.0,0.0,0.0,0.0,0.0,0.0,0.0,0.0,0.0,0.0,0.0,2.0,3.2254845159701784,0.0,0.0,0.0,2.0,0.0,0.2,-0.3333333333333333,-3.259333333333333,0.0,0.0,0.0,0.0,0.0,0.0,0.0,0.0,0.0,0.0,0.0,0.0,0.0,0.0,0.0,0.0,0.0,0.0,0.0,0.0,2.0,3.2797021713072767,0.0,0.0,0.0,2.0,0.0,0.2,-0.3333333333333333,-3.3179999999999996,0.0,0.0,0.0,0.0,1.0,0.45,0.0,0.0,0.0,0.0,1.0,2.05,1.0,2.0,1.0,0.0,1.0,0.0,1.0,0.0,1.0,0.35,1.0,0.0
light_seed1,light,1,87.2,102.2,22.0,10.093211346033623,0.0,0.0,6.150000000000006,1.0,13.87191736461944,0.0,0.0,0.0,0.0,0.06666666666666667,0.0,0.0,0.0,1.0,14.766684984285387,0.0,0.0,0.0,0.0,0.06666666666666667,0.0,0.0,0.0,1.0,13.853495446635572,0.0,0.0,0.0,0.0,0.06666666666666667,0.0,0.0,0.0,1.0,13.863472043027869,0.0,0.0,0.0,0.0,0.06666666666666667,0.0,0.0,0.0,1.0,13.828906971401302,0.0,0.0,0.0,0.0,0.06666666666666667,0.0,0.0,0.0,1.0,14.84532570564002,0.0,0.0,0.0,0.0,0.06666666666666667,0.0,0.0,0.0,1.0,14.89122839580104,0.0,0.0,0.0,0.0,0.06666666666666667,0.0,0.0,0.0,1.0,11.922184855673692,0.0,0.0,0.0,0.0,0.06666666666666667,0.0,0.0,0.0,3.0,4.290174678902832,0.0,0.0,0.0,2.0,0.06666666666666667,0.2,-0.3333333333333333,-3.326,1.0,11.980829206975177,0.0,0.0,0.0,0.0,0.06666666666666667,0.0,0.0,0.0,1.0,13.749942282565017,0.0,0.0,0.0,0.0,0.06666666666666667,0.0,0.0,0.0,3.0,4.256839113770188,0.0,0.0,0.0,2.0,0.06666666666666667,0.2,-0.3333333333333333,-3.3846666666666665,0.0,0.0,0.0,0.0,1.0,1.45,0.0,0.0,0.0,0.0,1.0,3.05,1.0,3.0,1.0,0.0,1.0,0.0,1.0,0.0,1.0,1.35,1.0,0.0
light_seed1,light,1,88.2,103.2,22.0,10.89421834026813,0.0,0.0,7.150000000000006,1.0,13.826202903351515,0.0,0.0,0.0,0.0,0.06666666666666667,0.0,0.0,0.0,1.0,16.5747532645762,0.0,0.0,0.0,0.0,0.06666666666666667,0.0,0.0,0.0,1.0,13.8363985742104,0.0,0.0,0.0,0.0,0.06666666666666667,0.0,0.0,0.0,1.0,13.884979181070813,0.0,0.0,0.0,0.0,0.06666666666666667,0.0,0.0,0.0,1.0,13.876051813780796,0.0,0.0,0.0,0.0,0.06666666666666667,0.0,0.0,0.0,1.0,15.78627474872902,0.0,0.0,0.0,0.0,0.06666666666666667,0.0,0.0,0.0,1.0,15.726841305351588,0.0,0.0,0.0,0.0,0.06666666666666667,0.0,0.0,0.0,1.0,11.946772839414184,0.0,0.0,0.0,0.0,0.06666666666666667,0.0,0.0,0.0,2.0,5.479691777034422,0.0,0.0,0.0,2.0,0.06666666666666667,0.26666666666666666,-0.3333333333333333,-3.3926666666666665,1.0,11.973851749151946,0.0,0.0,0.0,0.0,0.06666666666666667,0.0,0.0,0.0,1.0,13.756985394441136,0.0,0.0,0.0,0.0,0.06666666666666667,0.0,0.0,0.0,2.0,5.153526900390014,0.0,0.0,0.0,2.0,0.06666666666666667,0.26666666666666666,-0.3333333333333333,-3.4513333333333334,0.0,0.0,0.0,0.0,1.0,2.45,0.0,0.0,0.0,0.0,1.0,4.05,1.0,4.0,1.0,0.5,1.0,0.65,1.0,0.55,1.0,2.35,1.0,0.0
light_seed1,light,1,89.2,104.2,22.0,11.35369223958428,0.0,0.0,8.150000000000006,1.0,13.83072614284116,0.0,0.0,0.0,0.0,0.06666666666666667,0.0,0.0,0.0,1.0,16.576128206994387,0.0,0.0,0.0,0.0,0.06666666666666667,0.0,0.0,0.0,1.0,13.831524712758766,0.0,0.0,0.0,0.0,0.06666666666666667,0.0,0.0,0.0,1.0,13.843925763868029,0.0,0.0,0.0,0.0,0.06666666666666667,0.0,0.0,0.0,1.0,13.863498362295795,0.0,0.0,0.0,0.0,0.06666666666666667,0.0,0.0,0.0,1.0,15.829820852023959,0.0,0.0,0.0,0.0,0.06666666666666667,0.0,0.0,0.0,1.0,15.716998191683325,0.0,0.0,0.0,0.0,0.06666666666666667,0.0,0.0,0.0,1.0,11.945004667252066,0.0,0.0,0.0,0.0,0.06666666666666667,0.0,0.0,0.0,2.0,6.864732294982639,0.0,0.0,0.0,2.0,0.06666666666666667,0.26666666666666666,-0.3333333333333333,-3.4593333333333334,1.0,11.992308654652442,0.0,0.0,0.0,0.0,0.06666666666666667,0.0,0.0,0.0,1.0,13.726645381364353,0.0,0.0,0.0,0.0,0.06666666666666667,0.0,0.0,0.0,2.0,6.418341427310679,0.0,0.0,0.0,2.0,0.06666666666666667,0.26666666666666666,-0.3333333333333333,-3.5180000000000002,0.0,0.0,0.0,0.0,1.0,3.45,0.0,0.0,0.0,0.0,1.0,5.05,1.0,5.0,1.0,1.5,1.0,1.65,1.0,1.55,1.0,3.35,1.0,0.0
light_seed1,light,1,90.2,105.2,22.0,11.80818773737959,0.0,0.0,9.150000000000006,1.0,13.885294070421951,0.0,0.0,0.0,0.0,0.06666666666666667,0.0,0.0,0.0,1.0,16.58895918767527,0.0,0.0,0.0,0.0,0.06666666666666667,0.0,0.0,0.0,1.0,13.79976546990096,0.0,0.0,0.0,0.0,0.06666666666666667,0.0,0.0,0.0,1.0,13.878107825549087,0.0,0.0,0.0,0.0,0.06666666666666667,0.0,0.0,0.0,1.0,13.832983080144041,0.0,0.0,0.0,0.0,0.06666666666666667,0.0,0.0,0.0,1.0,15.851599931572974,0.0,0.0,0.0,0.0,0.06666666666666667,0.0,0.0,0.0,1.0,15.742672476111684,0.0,0.0,0.0,0.0,0.06666666666666667,0.0,0.0,0.0,1.0,11.921593724089904,0.0,0.0,0.0,0.0,0.06666666666666667,0.0,0.0,0.0,2.0,8.33010815823171,0.0,0.0,0.0,2.0,0.06666666666666667,0.26666666666666666,-0.3333333333333333,-3.5260000000000002,1.0,11.993108851185534,0.0,0.0,0.0,0.0,0.06666666666666667,0.0,0.0,0.0,1.0,13.769521382555677,0.0,0.0,0.0,0.0,0.06666666666666667,0.0,0.0,0.0,2.0,7.667282856612305,0.0,0.0,0.0,2.0,0.06666666666666667,0.26666666666666666,-0.3333333333333333,-3.5846666666666667,0.0,0.0,0.0,0.0,1.0,4.45,0.0,0.0,0.0,0.0,1.0,6.05,1.0,6.0,1.0,2.5,1.0,2.65,1.0,2.55,1.0,4.35,1.0,0.85
light_seed1,light,1,91.2,106.2,22.0,12.245007255256981,0.0,0.0,10.150000000000006,1.0,13.826441124974517,0.0,0.0,0.0,0.0,0.06666666666666667,0.0,0.0,0.0,1.0,16.64610913456604,0.0,0.0,0.0,0.0,0.06666666666666667,0.0,0.0,0.0,1.0,13.854745278997509,0.0,0.0,0.0,0.0,0.06666666666666667,0.0,0.0,0.0,1.0,13.848390526127769,0.0,0.0,0.0,0.0,0.06666666666666667,0.0,0.0,0.0,1.0,13.838057811558247,0.0,0.0,0.0,0.0,0.06666666666666667,0.0,0.0,0.0,1.0,15.847808130705207,0.0,0.0,0.0,0.0,0.06666666666666667,0.0,0.0,0.0,1.0,15.716127849484566,0.0,0.0,0.0,0.0,0.06666666666666667,0.0,0.0,0.0,1.0,11.922536051172061,0.0,0.0,0.0,0.0,0.06666666666666667,0.0,0.0,0.0,2.0,9.677592088721696,0.0,0.0,0.0,2.0,0.06666666666666667,0.26666666666666666,-0.3333333333333333,-3.5926666666666667,1.0,11.995275388676673,0.0,0.0,0.0,0.0,0.06666666666666667,0.0,0.0,0.0,1.0,13.734632406001758,0.0,0.0,0.0,0.0,0.06666666666666667,0.0,0.0,0.0,2.0,8.93902640379413,0.0,0.0,0.0,2.0,0.06666666666666667,0.26666666666666666,-0.3333333333333333,-3.6513333333333335,0.0,0.0,0.0,0.0,1.0,5.45,0.0,0.0,0.0,0.0,1.0,7.05,1.0,7.0,1.0,3.5,1.0,3.65,1.0,3.55,1.0,5.35,1.0,1.85
light_seed1,light,1,92.2,107.2,22.0,12.54374724813709,0.0,0.0,11.150000000000006,1.0,13.884267403025879,0.0,0.0,0.0,0.0,0.06666666666666667,0.0,0.0,0.0,1.0,16.609688557628544,0.0,0.0,0.0,0.0,0.06666666666666667,0.0,0.0,0.0,1.0,13.83554817977238,0.0,0.0,0.0,0.0,0.06666666666666667,0.0,0.0,0.0,1.0,13.860796294611646,0.0,0.0,0.0,0.0,0.06666666666666667,0.0,0.0,0.0,1.0,13.852479709004983,0.0,0.0,0.0,0.0,0.06666666666666667,0.0,0.0,0.0,1.0,15.780157642742097,0.0,0.0,0.0,0.0,0.06666666666666667,0.0,0.0,0.0,1.0,15.717364034398232,0.0,0.0,0.0,0.0,0.06666666666666667,0.0,0.0,0.0,1.0,11.928638239785792,0.0,0.0,0.0,0.0,0.06666666666666667,0.0,0.0,0.0,1.0,13.84682753024972,0.0,0.0,0.0,2.0,0.06666666666666667,0.3333333333333333,-0.3333333333333333,-3.6593333333333335,1.0,11.998981497636997,0.0,0.0,0.0,0.0,0.06666666666666667,0.0,0.0,0.0,1.0,13.758133900293462,0.0,0.0,0.0,0.0,0.06666666666666667,0.0,0.0,0.0,1.0,11.9974121283344,0.0,0.0,0.0,2.0,0.06666666666666667,0.3333333333333333,-0.3333333333333333,-3.7180000000000004,0.0,0.0,0.0,0.0,1.0,6.45,0.0,0.0,0.0,0.0,1.0,8.05,1.0,8.0,1.0,4.5,1.0,4.65,1.0,4.55,1.0,6.35,1.0,2.85
light_seed1,light,1,93.2,108.2,22.0,12.67209398269248,0.0,0.0,0.15000000000000568,1.0,13.887937609375221,0.0,0.0,0.0,0.0,0.06666666666666667,0.0,0.0,0.0,1.0,16.570751308828594,0.0,0.0,0.0,0.0,0.06666666666666667,0.0,0.0,0.0,1.0,13.849111639881668,0.0,0.0,0.0,0.0,0.06666666666666667,0.0,0.0,0.0,1.0,13.83717146694311,0.0,0.0,0.0,0.0,0.06666666666666667,0.0,0.0,0.0,1.0,13.855135242706165,0.0,0.0,0.0,0.0,0.06666666666666667,0.0,0.0,0.0,1.0,15.800533192874342,0.0,0.0,0.0,0.0,0.06666666666666667,0.0,0.0,0.0,1.0,15.74360993128154,0.0,0.0,0.0,0.0,0.06666666666666667,0.0,0.0,0.0,1.0,11.921243803974935,0.0,0.0,0.0,0.0,0.06666666666666667,0.0,0.0,0.0,1.0,13.829188884783072,0.0,0.0,0.0,1.0,0.06666666666666667,0.3333333333333333,-0.3333333333333333,-3.726,1.0,11.98959464786807,0.0,0.0,0.0,0.0,0.06666666666666667,0.0,0.0,0.0,1.0,13.735081287827189,0.0,0.0,0.0,0.0,0.06666666666666667,0.0,0.0,0.0,1.0,11.989083203449844,0.0,0.0,0.0,1.0,0.06666666666666667,0.3333333333333333,-0.3333333333333333,-3.784666666666667,0.0,0.0,0.0,0.0,1.0,7.45,0.0,0.0,0.0,0.0,1.0,9.05,1.0,9.0,1.0,5.5,1.0,5.65,1.0,5.55,1.0,7.35,1.0,3.85
light_seed1,light,1,94.2,109.2,22.0,12.751345102882375,0.0,0.0,1.1500000000000057,1.0,13.850091725271195,0.0,0.0,0.0,0.0,0.06666666666666667,0.0,0.0,0.0,1.0,16.62537296273187,0.0,0.0,0.0,0.0,0.06666666666666667,0.0,0.0,0.0,1.0,13.81662548267159,0.0,0.0,0.0,0.0,0.06666666666666667,0.0,0.0,0.0,1.0,13.861806782741333,0.0,0.0,0.0,0.0,0.06666666666666667,0.0,0.0,0.0,1.0,13.838161560308654,0.0,0.0,0.0,0.0,0.06666666666666667,0.0,0.0,0.0,1.0,15.765321823639274,0.0,0.0,0.0,0.0,0.06666666666666667,0.0,0.0,0.0,1.0,15.799312181330057,0.0,0.0,0.0,0.0,0.06666666666666667,0.0,0.0,0.0,1.0,11.936524699173166,0.0,0.0,0.0,0.0,0.06666666666666667,0.0,0.0,0.0,1.0,13.865036442402053,0.0,0.0,0.0,1.0,0.06666666666666667,0.3333333333333333,-0.3333333333333333,-3.792666666666667,1.0,11.992759837629274,0.0,0.0,0.0,0.0,0.06666666666666667,0.0,0.0,0.0,1.0,13.743926304938352,0.0,0.0,0.0,0.0,0.06666666666666667,0.0,0.0,0.0,1.0,11.995423608042765,0.0,0.0,0.0,1.0,0.06666666666666667,0.3333333333333333,-0.3333333333333333,-3.8513333333333337,0.0,0.0,0.0,0.0,1.0,8.45,0.0,0.0,0.0,0.0,1.0,10.05,1.0,10.0,1.0,6.5,1.0,6.65,1.0,6.55,1.0,8.35,1.0,4.85
light_seed1,light,1,95.2,110.2,22.0,12.851181640971987,0.0,0.0,2.1500000000000057,1.0,13.851332162965555,0.0,0.0,0.0,0.0,0.06666666666666667,0.0,0.0,0.0,1.0,16.633822991956027,0.0,0.0,0.0,0.0,0.06666666666666667,0.0,0.0,0.0,1.0,13.85162793177755,0.0,0.0,0.0,0.0,0.06666666666666667,0.0,0.0,0.0,1.0,13.872696865794715,0.0,0.0,0.0,0.0,0.06666666666666667,0.0,0.0,0.0,1.0,13.87780175351887,0.0,0.0,0.0,0.0,0.06666666666666667,0.0,0.0,0.0,1.0,15.84130316336587,0.0,0.0,0.0,0.0,0.06666666666666667,0.0,0.0,0.0,1.0,15.773560472550574,0.0,0.0,0.0,0.0,0.06666666666666667,0.0,0.0,0.0,1.0,11.936725600162749,0.0,0.0,0.0,0.0,0.06666666666666667,0.0,0.0,0.0,1.0,13.88040569946752,0.0,0.0,0.0,1.0,0.06666666666666667,0.3333333333333333,-0.3333333333333333,-3.8593333333333333,1.0,11.98235698803328,0.0,0.0,0.0,0.0,0.06666666666666667,0.0,0.0,0.0,1.0,13.726873080383367,0.0,0.0,0.0,0.0,0.06666666666666667,0.0,0.0,0.0,1.0,11.996498272956815,0.0,0.0,0.0,1.0,0.06666666666666667,0.3333333333333333,-0.3333333333333333,-3.918,0.0,0.0,0.0,0.0,1.0,9.45,0.0,0.0,0.0,0.0,1.0,11.05,1.0,11.0,1.0,7.5,1.0,7.65,1.0,7.55,1.0,9.35,1.0,5.85
light_seed1,light,1,96.2,111.2,22.0,12.884335262505092,0.0,0.0,0.15000000000000568,1.0,13.88950419217581,0.0,0.0,0.0,2.0,0.06666666666666667,0.0,0.0,0.0,1.0,15.742554840551929,0.0,0.0,0.0,2.0,0.06666666666666667,0.0,0.0,0.0,1.0,13.813330554054048,0.0,0.0,0.0,0.0,0.06666666666666667,0.0,0.0,0.0,1.0,13.869070898267674,0.0,0.0,0.0,2.0,0.06666666666666667,0.0,0.0,0.0,1.0,13.825833482928575,0.0,0.0,0.0,2.0,0.06666666666666667,0.0,0.0,0.0,1.0,15.841761187893749,0.0,0.0,0.0,0.0,0.06666666666666667,0.0,0.0,0.0,1.0,15.785575787762884,0.0,0.0,0.0,0.0,0.06666666666666667,0.0,0.0,0.0,1.0,11.924217819197798,0.0,0.0,0.0,0.0,0.06666666666666667,0.0,0.0,0.0,1.0,13.861197656186997,0.0,0.0,0.0,0.0,0.06666666666666667,0.3333333333333333,-0.26666666666666666,-3.05,1.0,11.971307913232595,0.0,0.0,0.0,0.0,0.06666666666666667,0.0,0.0,0.0,1.0,13.719755635151952,0.0,0.0,0.0,0.0,0.06666666666666667,0.0,0.0,0.0,1.0,11.996695657570381,0.0,0.0,0.0,0.0,0.06666666666666667,0.3333333333333333,-0.26666666666666666,-3.0893333333333333,0.0,0.0,0.0,0.0,1.0,10.45,0.0,0.0,0.0,0.0,1.0,12.05,1.0,12.0,1.0,8.5,1.0,8.65,1.0,8.55,1.0,10.35,1.0,6.85
light_seed1,light,1,97.2,112.2,22.0,12.537471027457629,0.0,0.0,1.1500000000000057,1.0,13.833607803487686,0.0,0.0,0.0,2.0,0.06666666666666667,0.0,0.0,0.0,1.0,16.572973181799057,0.0,0.0,0.0,2.0,0.06666666666666667,0.0,0.0,0.0,1.0,13.835217547619179,0.0,0.0,0.0,0.0,0.06666666666666667,0.0,0.0,0.0,1.0,13.851904581735145,0.0,0.0,0.0,2.0,0.06666666666666667,0.0,0.0,0.0,1.0,13.86224747259752,0.0,0.0,0.0,2.0,0.06666666666666667,0.0,0.0,0.0,1.0,11.00812078641353,0.0,0.0,0.0,0.0,0.06666666666666667,0.0,0.0,0.0,1.0,11.111423958698483,0.0,0.0,0.0,0.0,0.06666666666666667,0.0,0.0,0.0,1.0,11.936702359785555,0.0,0.0,0.0,0.0,0.06666666666666667,0.0,0.0,0.0,1.0,13.875217460814165,0.0,0.0,0.0,0.0,0.06666666666666667,0.26666666666666666,-0.06666666666666667,-0.885,1.0,11.980301205029246,0.0,0.0,0.0,0.0,0.06666666666666667,0.0,0.0,0.0,1.0,13.735313560716888,0.0,0.0,0.0,0.0,0.06666666666666667,0.0,0.0,0.0,1.0,11.97896684782114,0.0,0.0,0.0,0.0,0.06666666666666667,0.26666666666666666,-0.06666666666666667,-0.8933333333333333,0.0,0.0,0.0,0.0,1.0,11.45,0.0,0.0,0.0,0.0,1.0,13.05,1.0,13.0,1.0,9.5,1.0,9.65,1.0,9.55,1.0,11.35,1.0,7.85
light_seed1,light,1,98.2,113.2,22.0,11.87675118437797,0.0,0.0,2.1500000000000057,1.0,13.860119513135869,0.0,0.0,0.0,2.0,0.06666666666666667,0.0,0.0,0.0,0.0,0.0,0.0,0.0,0.0,2.0,0.0,0.0,0.0,0.0,1.0,11.739748442007729,0.0,0.0,0.0,0.0,0.06666666666666667,0.0,0.0,0.0,1.0,13.88769625153509,0.0,0.0,0.0,2.0,0.06666666666666667,0.0,0.0,0.0,1.0,13.839256492162823,0.0,0.0,0.0,2.0,0.06666666666666667,0.0,0.0,0.0,1.0,5.517693871805697,0.0,0.0,0.0,0.0,0.06666666666666667,0.0,0.0,0.0,1.0,5.6257531152059,0.0,0.0,0.0,0.0,0.06666666666666667,0.0,0.0,0.0,1.0,11.942836571013318,0.0,0.0,0.0,0.0,0.06666666666666667,0.0,0.0,0.0,1.0,13.849857912089211,0.0,0.0,0.0,0.0,0.06666666666666667,0.26666666666666666,0.0,0.0,1.0,11.997680528406054,0.0,0.0,0.0,0.0,0.06666666666666667,0.0,0.0,0.0,1.0,12.027478340787825,0.0,0.0,0.0,0.0,0.06666666666666667,0.0,0.0,0.0,1.0,11.982713478051592,0.0,0.0,0.0,0.0,0.06666666666666667,0.26666666666666666,0.0,0.0,0.0,0.0,0.0,0.0,1.0,12.45,0.0,0.0,0.0,0.0,1.0,14.05,1.0,14.0,1.0,10.5,1.0,10.65,1.0,10.55,1.0,12.35,1.0,8.85
light_seed1,light,1,99.2,114.2,22.0,10.816022752511113,0.002272727272727273,1.0,3.1500000000000057,1.0,11.434240904145735,0.0,0.0,0.0,2.0,0.06666666666666667,0.0,0.0,0.0,0.0,0.0,0.0,0.0,0.0,2.0,0.0,0.0,0.0,0.0,1.0,7.246367960328234,0.0,0.0,0.0,0.0,0.06666666666666667,0.0,0.0,0.0,1.0,12.861034080173416,0.0,0.0,0.0,2.0,0.06666666666666667,0.0,0.0,0.0,1.0,13.88273372388445,0.0,0.0,0.0,2.0,0.06666666666666667,0.0,0.0,0.0,1.0,0.023920058964770837,0.05,0.05,1.0,0.0,0.06666666666666667,0.0,0.06666666666666667,0.0033333333333333335,1.0,0.15756445543910497,0.0,0.0,0.0,0.0,0.06666666666666667,0.0,0.0,0.0,1.0,11.921051504850617,0.0,0.0,0.0,0.0,0.06666666666666667,0.0,0.0,0.0,1.0,13.848218537027716,0.0,0.0,0.0,0.0,0.06666666666666667,0.2,0.0,0.0,1.0,11.97700392456958,0.0,0.0,0.0,0.0,0.06666666666666667,0.0,0.0,0.0,1.0,7.52972100383314,0.0,0.0,0.0,0.0,0.06666666666666667,0.0,0.0,0.0,1.0,11.993906230407301,0.0,0.0,0.0,0.0,0.06666666666666667,0.2,0.0,0.0,0.0,0.0,0.0,0.0,1.0,13.45,0.0,0.0,0.0,0.0,1.0,15.05,1.0,15.0,1.0,11.5,1.0,11.65,1.0,11.55,1.0,13.35,1.0,9.85
light_seed1,light,1,100.2,115.2,21.0,9.856026777601645,0.0976190476190476,2.0,4.150000000000006,0.0,0.0,0.0,0.0,0.0,2.0,0.0,0.0,0.0,0.0,0.0,0.0,0.0,0.0,0.0,2.0,0.0,0.0,0.0,0.0,1.0,2.7463679603282385,0.0,0.0,0.0,0.0,0.06666666666666667,0.0,0.0,0.0,0.0,0.0,0.0,0.0,0.0,2.0,0.0,0.0,0.0,0.0,0.0,0.0,0.0,0.0,0.0,2.0,0.0,0.0,0.0,0.0,1.0,0.0,1.05,1.05,1.0,0.0,0.06666666666666667,0.0,0.06666666666666667,0.07,1.0,0.0,1.0,1.0,1.0,0.0,0.06666666666666667,0.0,0.06666666666666667,0.06666666666666667,1.0,10.17688340149655,0.0,0.0,0.0,0.0,0.06666666666666667,0.0,0.0,0.0,1.0,10.687907563418115,0.0,0.0,0.0,0.0,0.06666666666666667,0.2,0.0,0.0,1.0,9.962419123506898,0.0,0.0,0.0,0.0,0.06666666666666667,0.0,0.0,0.0,1.0,3.0327916854287653,0.0,0.0,0.0,0.0,0.06666666666666667,0.0,0.0,0.0,1.0,11.990954647238832,0.0,0.0,0.0,0.0,0.06666666666666667,0.2,0.0,0.0,0.0,0.0,0.0,0.0,1.0,14.45,0.0,0.0,0.0,0.0,1.0,16.05,1.0,16.0,1.0,12.5,1.0,12.65,1.0,12.55,1.0,14.35,1.0,10.85
light_seed1,light,1,101.2,116.2,20.0,8.713891241072,0.2425,4.0,5.150000000000006,0.0,0.0,0.0,0.0,0.0,2.0,0.0,0.0,0.0,0.0,0.0,0.0,0.0,0.0,0.0,2.0,0.0,0.0,0.0,0.0,1.0,0.0,0.45,0.45,1.0,0.0,0.06666666666666667,0.0,0.06666666666666667,0.030000000000000002,0.0,0.0,0.0,0.0,0.0,2.0,0.0,0.0,0.0,0.0,0.0,0.0,0.0,0.0,0.0,2.0,0.0,0.0,0.0,0.0,1.0,0.0,2.05,2.05,1.0,0.0,0.06666666666666667,0.0,0.06666666666666667,0.13666666666666666,1.0,0.0,2.0,2.0,1.0,0.0,0.06666666666666667,0.0,0.06666666666666667,0.13333333333333333,1.0,6.177213720405214,0.0,0.0,0.0,0.0,0.06666666666666667,0.0,0.0,0.0,1.0,6.193229411114129,0.0,0.0,0.0,0.0,0.06666666666666667,0.13333333333333333,0.0,0.0,1.0,5.962419123506902,0.0,0.0,0.0,0.0,0.06666666666666667,0.0,0.0,0.0,1.0,0.0,0.35,0.35,1.0,0.0,0.06666666666666667,0.0,0.06666666666666667,0.02333333333333333,1.0,11.974472734630108,0.0,0.0,0.0,0.0,0.06666666666666667,0.13333333333333333,0.0,0.0,0.0,0.0,0.0,0.0,1.0,15.45,0.0,0.0,0.0,0.0,1.0,17.05,1.0,17.0,1.0,13.5,1.0,13.65,1.0,13.55,1.0,15.35,1.0,11.85
light_seed1,light,1,102.2,117.2,19.0,7.909746604338862,0.46578947368421053,4.0,6.150000000000006,0.0,0.0,0.0,0.0,0.0,2.0,0.0,0.06666666666666667,0.0,0.0,0.0,0.0,0.0,0.0,0.0,2.0,0.0,0.06666666666666667,0.0,0.0,1.0,0.0,1.45,1.45,1.0,0.0,0.0,0.0,0.06666666666666667,0.09666666666666666,0.0,0.0,0.0,0.0,0.0,2.0,0.0,0.06666666666666667,0.0,0.0,0.0,0.0,0.0,0.0,0.0,2.0,0.0,0.06666666666666667,0.0,0.0,1.0,0.0,3.05,3.05,1.0,0.0,0.0,0.0,0.06666666666666667,0.2033333333333333,1.0,0.0,3.0,3.0,1.0,0.0,0.0,0.0,0.06666666666666667,0.2,1.0,2.17721372040521,0.0,0.0,0.0,0.0,0.0,0.0,0.0,0.0,1.0,1.6932294111141313,0.0,0.0,0.0,0.0,0.0,0.13333333333333333,0.0,0.0,1.0,1.9624191235068988,0.0,0.0,0.0,0.0,0.0,0.0,0.0,0.0,1.0,0.0,1.35,1.35,1.0,0.0,0.0,0.0,0.06666666666666667,0.09000000000000001,1.0,8.682423705499447,0.0,0.0,0.0,0.0,0.0,0.13333333333333333,0.0,0.0,0.0,0.0,0.0,0.0,1.0,16.45,0.0,0.0,0.0,0.0,1.0,18.05,1.0,18.0,1.0,14.5,1.0,14.65,1.0,14.55,1.0,16.35,1.0,12.85
light_seed1,light,1,103.2,118.2,18.0,7.171401828761211,0.8083333333333333,7.0,7.150000000000006,0.0,0.0,0.0,0.0,0.0,2.0,0.0,0.06666666666666667,0.0,0.0,0.0,0.0,0.0,0.0,0.0,2.0,0.0,0.06666666666666667,0.0,0.0,1.0,0.0,2.45,2.45,1.0,0.0,0.0,0.0,0.06666666666666667,0.16333333333333336,0.0,0.0,0.0,0.0,0.0,2.0,0.0,0.06666666666666667,0.0,0.0,0.0,0.0,0.0,0.0,0.0,2.0,0.0,0.06666666666666667,0.0,0.0,1.0,0.0,4.05,4.05,1.0,0.0,0.0,0.0,0.06666666666666667,0.26999999999999996,1.0,0.0,4.0,4.0,1.0,0.0,0.0,0.0,0.06666666666666667,0.26666666666666666,1.0,0.0,0.5,0.5,1.0,0.0,0.0,0.0,0.06666666666666667,0.03333333333333333,1.0,0.0,0.65,0.65,1.0,0.0,0.0,0.06666666666666667,0.06666666666666667,0.043333333333333335,1.0,0.0,0.55,0.55,1.0,0.0,0.0,0.0,0.06666666666666667,0.03666666666666667,1.0,0.0,2.35,2.35,1.0,0.0,0.0,0.0,0.06666666666666667,0.15666666666666668,1.0,4.682423705499446,0.0,0.0,0.0,0.0,0.0,0.06666666666666667,0.0,0.0,0.0,0.0,0.0,0.0,1.0,17.45,0.0,0.0,0.0,0.0,1.0,19.05,1.0,19.0,1.0,15.5,1.0,15.65,1.0,15.55,1.0,17.35,1.0,13.85
light_seed1,light,1,104.2,119.2,18.0,6.958823752681272,1.1972222222222222,7.0,8.150000000000006,0.0,0.0,0.0,0.0,0.0,2.0,0.0,0.06666666666666667,0.0,0.0,0.0,0.0,0.0,0.0,0.0,2.0,0.0,0.06666666666666667,0.0,0.0,1.0,0.0,3.45,3.45,1.0,0.0,0.0,0.0,0.06666666666666667,0.23,0.0,0.0,0.0,0.0,0.0,2.0,0.0,0.06666666666666667,0.0,0.0,0.0,0.0,0.0,0.0,0.0,2.0,0.0,0.06666666666666667,0.0,0.0,1.0,0.0,5.05,5.05,1.0,0.0,0.0,0.0,0.06666666666666667,0.33666666666666667,1.0,0.0,5.0,5.0,1.0,0.0,0.0,0.0,0.06666666666666667,0.3333333333333333,1.0,0.0,1.5,1.5,1.0,0.0,0.0,0.0,0.06666666666666667,0.1,1.0,0.0,1.65,1.65,1.0,0.0,0.0,0.06666666666666667,0.06666666666666667,0.11,1.0,0.0,1.55,1.55,1.0,0.0,0.0,0.0,0.06666666666666667,0.10333333333333333,1.0,0.0,3.35,3.35,1.0,0.0,0.0,0.0,0.06666666666666667,0.22333333333333333,1.0,0.6860823447902282,0.0,0.0,0.0,0.0,0.0,0.06666666666666667,0.0,0.0,0.0,0.0,0.0,0.0,1.0,18.45,0.0,0.0,0.0,0.0,1.0,20.05,1.0,20.0,1.0,16.5,1.0,16.65,1.0,16.55,1.0,18.35,1.0,14.85
light_seed1,light,1,105.2,120.2,18.0,6.922408888020088,1.6333333333333333,8.0,9.150000000000006,0.0,0.0,0.0,0.0,0.0,2.0,0.0,0.06666666666666667,0.0,0.0,0.0,0.0,0.0,0.0,0.0,2.0,0.0,0.06666666666666667,0.0,0.0,1.0,0.0,4.45,4.45,1.0,0.0,0.0,0.0,0.06666666666666667,0.2966666666666667,0.0,0.0,0.0,0.0,0.0,2.0,0.0,0.06666666666666667,0.0,0.0,0.0,0.0,0.0,0.0,0.0,2.0,0.0,0.06666666666666667,0.0,0.0,1.0,0.0,6.05,6.05,1.0,0.0,0.0,0.0,0.06666666666666667,0.4033333333333333,1.0,0.0,6.0,6.0,1.0,0.0,0.0,0.0,0.06666666666666667,0.4,1.0,0.0,2.5,2.5,1.0,0.0,0.0,0.0,0.06666666666666667,0.16666666666666666,1.0,0.0,2.65,2.65,1.0,0.0,0.0,0.06666666666666667,0.06666666666666667,0.17666666666666667,1.0,0.0,2.55,2.55,1.0,0.0,0.0,0.0,0.06666666666666667,0.16999999999999998,1.0,0.0,4.35,4.35,1.0,0.0,0.0,0.0,0.06666666666666667,0.29,1.0,0.0,0.85,0.85,1.0,0.0,0.0,0.06666666666666667,0.06666666666666667,0.056666666666666664,0.0,0.0,0.0,0.0,1.0,19.45,0.0,0.0,0.0,0.0,1.0,21.05,1.0,21.0,1.0,17.5,1.0,17.65,1.0,17.55,1.0,19.35,1.0,15.85
light_seed1,light,1,106.2,121.2,18.0,6.921151815655111,2.0777777777777775,8.0,10.150000000000006,0.0,0.0,0.0,0.0,0.0,2.0,0.0,0.06666666666666667,0.0,0.0,0.0,0.0,0.0,0.0,0.0,2.0,0.0,0.06666666666666667,0.0,0.0,1.0,0.0,5.45,5.45,1.0,0.0,0.0,0.0,0.06666666666666667,0.36333333333333334,0.0,0.0,0.0,0.0,0.0,2.0,0.0,0.06666666666666667,0.0,0.0,0.0,0.0,0.0,0.0,0.0,2.0,0.0,0.06666666666666667,0.0,0.0,1.0,0.0,7.05,7.05,1.0,0.0,0.0,0.0,0.06666666666666667,0.47,1.0,0.0,7.0,7.0,1.0,0.0,0.0,0.0,0.06666666666666667,0.4666666666666667,1.0,0.0,3.5,3.5,1.0,0.0,0.0,0.0,0.06666666666666667,0.23333333333333334,1.0,0.0,3.65,3.65,1.0,0.0,0.0,0.06666666666666667,0.06666666666666667,0.24333333333333332,1.0,0.0,3.55,3.55,1.0,0.0,0.0,0.0,0.06666666666666667,0.23666666666666666,1.0,0.0,5.35,5.35,1.0,0.0,0.0,0.0,0.06666666666666667,0.35666666666666663,1.0,0.0,1.85,1.85,1.0,0.0,0.0,0.06666666666666667,0.06666666666666667,0.12333333333333334,0.0,0.0,0.0,0.0,1.0,20.45,0.0,0.0,0.0,0.0,1.0,22.05,1.0,22.0,1.0,18.5,1.0,18.65,1.0,18.55,1.0,20.35,1.0,16.85
light_seed1,light,1,107.2,122.2,16.0,6.429787193840762,2.8375,8.0,11.150000000000006,0.0,0.0,0.0,0.0,0.0,2.0,0.0,0.06666666666666667,0.0,0.0,0.0,0.0,0.0,0.0,0.0,2.0,0.0,0.06666666666666667,0.0,0.0,1.0,0.0,6.45,6.45,1.0,0.0,0.0,0.0,0.06666666666666667,0.43,0.0,0.0,0.0,0.0,0.0,2.0,0.0,0.06666666666666667,0.0,0.0,0.0,0.0,0.0,0.0,0.0,2.0,0.0,0.06666666666666667,0.0,0.0,1.0,0.0,8.05,8.05,1.0,0.0,0.0,0.0,0.06666666666666667,0.5366666666666667,1.0,0.0,8.0,8.0,1.0,0.0,0.0,0.0,0.06666666666666667,0.5333333333333333,1.0,0.0,4.5,4.5,1.0,0.0,0.0,0.0,0.06666666666666667,0.3,1.0,0.0,4.65,4.65,1.0,0.0,0.0,0.0,0.06666666666666667,0.31,1.0,0.0,4.55,4.55,1.0,0.0,0.0,0.0,0.06666666666666667,0.30333333333333334,1.0,0.0,6.35,6.35,1.0,0.0,0.0,0.0,0.06666666666666667,0.4233333333333333,1.0,0.0,2.85,2.85,1.0,0.0,0.0,0.0,0.06666666666666667,0.19,0.0,0.0,0.0,0.0,1.0,21.45,0.0,0.0,0.0,0.0,1.0,23.05,1.0,23.0,1.0,19.5,1.0,19.65,1.0,19.55,1.0,21.35,1.0,17.85
light_seed1,light,1,108.2,123.2,16.0,6.56022521025366,3.3375,8.0,12.150000000000006,0.0,0.0,0.0,0.0,0.0,2.0,0.0,0.06666666666666667,0.0,0.0,0.0,0.0,0.0,0.0,0.0,2.0,0.0,0.06666666666666667,0.0,0.0,1.0,0.0,7.45,7.45,1.0,0.0,0.0,0.0,0.06666666666666667,0.4966666666666667,0.0,0.0,0.0,0.0,0.0,2.0,0.0,0.06666666666666667,0.0,0.0,0.0,0.0,0.0,0.0,0.0,2.0,0.0,0.06666666666666667,0.0,0.0,1.0,0.0,9.05,9.05,1.0,0.0,0.0,0.0,0.06666666666666667,0.6033333333333334,1.0,0.0,9.0,9.0,1.0,0.0,0.0,0.0,0.06666666666666667,0.6,1.0,0.0,5.5,5.5,1.0,0.0,0.0,0.0,0.06666666666666667,0.36666666666666664,1.0,0.0,5.65,5.65,1.0,0.0,0.0,0.0,0.06666666666666667,0.3766666666666667,1.0,0.0,5.55,5.55,1.0,0.0,0.0,0.0,0.06666666666666667,0.37,1.0,0.0,7.35,7.35,1.0,0.0,0.0,0.0,0.06666666666666667,0.49,1.0,0.0,3.85,3.85,1.0,0.0,0.0,0.0,0.06666666666666667,0.25666666666666665,0.0,0.0,0.0,0.0,1.0,22.45,0.0,0.0,0.0,0.0,1.0,24.05,1.0,24.0,1.0,20.5,1.0,20.65,1.0,20.55,1.0,22.35,1.0,18.85
light_seed1,light,1,109.2,124.2,14.0,5.745004870980346,4.385714285714285,8.0,13.150000000000006,0.0,0.0,0.0,0.0,0.0,2.0,0.0,0.06666666666666667,0.0,0.0,0.0,0.0,0.0,0.0,0.0,2.0,0.0,0.06666666666666667,0.0,0.0,1.0,0.0,8.45,8.45,1.0,0.0,0.0,0.0,0.06666666666666667,0.5633333333333332,0.0,0.0,0.0,0.0,0.0,2.0,0.0,0.06666666666666667,0.0,0.0,0.0,0.0,0.0,0.0,0.0,2.0,0.0,0.06666666666666667,0.0,0.0,1.0,0.0,10.05,10.05,1.0,0.0,0.0,0.0,0.06666666666666667,0.67,1.0,0.0,10.0,10.0,1.0,0.0,0.0,0.0,0.06666666666666667,0.6666666666666666,1.0,0.0,6.5,6.5,1.0,0.0,0.0,0.0,0.06666666666666667,0.43333333333333335,1.0,0.0,6.65,6.65,1.0,0.0,0.0,0.0,0.06666666666666667,0.44333333333333336,1.0,0.0,6.55,6.55,1.0,0.0,0.0,0.0,0.06666666666666667,0.43666666666666665,1.0,0.0,8.35,8.35,1.0,0.0,0.0,0.0,0.06666666666666667,0.5566666666666666,1.0,0.0,4.85,4.85,1.0,0.0,0.0,0.0,0.06666666666666667,0.3233333333333333,0.0,0.0,0.0,0.0,1.0,23.45,0.0,0.0,0.0,0.0,1.0,25.05,1.0,25.0,1.0,21.5,1.0,21.65,1.0,21.55,1.0,23.35,1.0,19.85
light_seed1,light,1,110.2,125.2,14.0,5.738190324102695,4.957142857142857,8.0,14.150000000000006,0.0,0.0,0.0,0.0,0.0,2.0,0.0,0.06666666666666667,0.0,0.0,0.0,0.0,0.0,0.0,0.0,2.0,0.0,0.06666666666666667,0.0,0.0,1.0,0.0,9.45,9.45,1.0,0.0,0.0,0.0,0.06666666666666667,0.63,0.0,0.0,0.0,0.0,0.0,2.0,0.0,0.06666666666666667,0.0,0.0,0.0,0.0,0.0,0.0,0.0,2.0,0.0,0.06666666666666667,0.0,0.0,1.0,0.0,11.05,11.05,1.0,0.0,0.0,0.0,0.06666666666666667,0.7366666666666667,1.0,0.0,11.0,11.0,1.0,0.0,0.0,0.0,0.06666666666666667,0.7333333333333333,1.0,0.0,7.5,7.5,1.0,0.0,0.0,0.0,0.06666666666666667,0.5,1.0,0.0,7.65,7.65,1.0,0.0,0.0,0.0,0.06666666666666667,0.51,1.0,0.0,7.55,7.55,1.0,0.0,0.0,0.0,0.06666666666666667,0.5033333333333333,1.0,0.0,9.35,9.35,1.0,0.0,0.0,0.0,0.06666666666666667,0.6233333333333333,1.0,0.0,5.85,5.85,1.0,0.0,0.0,0.0,0.06666666666666667,0.38999999999999996,0.0,0.0,0.0,0.0,1.0,24.45,0.0,0.0,0.0,0.0,1.0,26.05,1.0,26.0,1.0,22.5,1.0,22.65,1.0,22.55,1.0,24.35,1.0,20.85
light_seed1,light,1,111.2,126.2,13.0,4.904335230393515,5.953846153846154,8.0,15.150000000000006,0.0,0.0,0.0,0.0,0.0,2.0,0.0,0.06666666666666667,0.0,0.0,0.0,0.0,0.0,0.0,0.0,2.0,0.0,0.06666666666666667,0.0,0.0,1.0,0.0,10.45,10.45,1.0,0.0,0.0,0.0,0.06666666666666667,0.6966666666666667,0.0,0.0,0.0,0.0,0.0,2.0,0.0,0.06666666666666667,0.0,0.0,0.0,0.0,0.0,0.0,0.0,2.0,0.0,0.06666666666666667,0.0,0.0,1.0,0.0,12.05,12.05,1.0,0.0,0.0,0.0,0.06666666666666667,0.8033333333333333,1.0,0.0,12.0,12.0,1.0,0.0,0.0,0.0,0.06666666666666667,0.8,1.0,0.0,8.5,8.5,1.0,0.0,0.0,0.0,0.06666666666666667,0.5666666666666667,1.0,0.0,8.65,8.65,1.0,0.0,0.0,0.0,0.06666666666666667,0.5766666666666667,1.0,0.0,8.55,8.55,1.0,0.0,0.0,0.0,0.06666666666666667,0.5700000000000001,1.0,0.0,10.35,10.35,1.0,0.0,0.0,0.0,0.06666666666666667,0.69,1.0,0.0,6.85,6.85,1.0,0.0,0.0,0.0,0.06666666666666667,0.45666666666666667,0.0,0.0,0.0,0.0,1.0,25.45,0.0,0.0,0.0,0.0,1.0,27.05,1.0,27.0,1.0,23.5,1.0,23.65,1.0,23.55,1.0,25.35,1.0,21.85
light_seed1,light,1,112.2,127.2,11.0,3.7782373628062618,7.763636363636365,8.0,16.150000000000006,0.0,0.0,0.0,0.0,0.0,2.0,0.0,0.06666666666666667,0.0,0.0,0.0,0.0,0.0,0.0,0.0,2.0,0.0,0.06666666666666667,0.0,0.0,1.0,0.0,11.45,11.45,1.0,0.0,0.0,0.0,0.06666666666666667,0.7633333333333333,0.0,0.0,0.0,0.0,0.0,2.0,0.0,0.06666666666666667,0.0,0.0,0.0,0.0,0.0,0.0,0.0,2.0,0.0,0.06666666666666667,0.0,0.0,1.0,0.0,13.05,13.05,1.0,0.0,0.0,0.0,0.06666666666666667,0.87,1.0,0.0,13.0,13.0,1.0,0.0,0.0,0.0,0.06666666666666667,0.8666666666666667,1.0,0.0,9.5,9.5,1.0,0.0,0.0,0.0,0.06666666666666667,0.6333333333333333,1.0,0.0,9.65,9.65,1.0,0.0,0.0,0.0,0.06666666666666667,0.6433333333333333,1.0,0.0,9.55,9.55,1.0,0.0,0.0,0.0,0.06666666666666667,0.6366666666666667,1.0,0.0,11.35,11.35,1.0,0.0,0.0,0.0,0.06666666666666667,0.7566666666666666,1.0,0.0,7.85,7.85,1.0,0.0,0.0,0.0,0.06666666666666667,0.5233333333333333,0.0,0.0,0.0,0.0,1.0,26.45,0.0,0.0,0.0,0.0,1.0,28.05,1.0,28.0,1.0,24.5,1.0,24.65,1.0,24.55,1.0,26.35,1.0,22.85
light_seed1,light,1,113.2,128.25,11.0,3.7777458194947,8.490909090909092,8.0,17.150000000000006,0.0,0.0,0.0,0.0,0.0,2.0,0.0,0.06666666666666667,0.0,0.0,0.0,0.0,0.0,0.0,0.0,2.0,0.0,0.0,0.0,0.0,1.0,0.0,12.45,12.45,1.0,0.0,0.0,0.0,0.06666666666666667,0.83,0.0,0.0,0.0,0.0,0.0,2.0,0.0,0.06666666666666667,0.0,0.0,0.0,0.0,0.0,0.0,0.0,2.0,0.0,0.06666666666666667,0.0,0.0,1.0,0.0,14.05,14.05,1.0,0.0,0.0,0.0,0.06666666666666667,0.9366666666666668,1.0,0.0,14.0,14.0,1.0,0.0,0.0,0.0,0.06666666666666667,0.9333333333333333,1.0,0.0,10.5,10.5,1.0,0.0,0.0,0.0,0.06666666666666667,0.7,1.0,0.0,10.65,10.65,1.0,0.0,0.0,0.0,0.06666666666666667,0.7100000000000001,1.0,0.0,10.55,10.55,1.0,0.0,0.0,0.0,0.06666666666666667,0.7033333333333334,1.0,0.0,12.35,12.35,1.0,0.0,0.0,0.0,0.06666666666666667,0.8233333333333334,1.0,0.0,8.85,8.85,1.0,0.0,0.0,0.0,0.06666666666666667,0.59,0.0,0.0,0.0,0.0,1.0,27.5,0.0,0.0,0.0,0.0,1.0,29.1,1.0,29.05,1.0,25.55,1.0,25.7,1.0,25.6,1.0,27.4,1.0,23.9
light_seed1,light,1,114.2,129.25,10.0,2.7677652784059754,10.14,8.0,18.150000000000006,0.0,0.0,0.0,0.0,0.0,2.0,0.0,0.06666666666666667,0.0,0.0,0.0,0.0,0.0,0.0,0.0,2.0,0.0,0.0,0.0,0.0,1.0,0.0,13.45,13.45,1.0,0.0,0.0,0.0,0.06666666666666667,0.8966666666666666,0.0,0.0,0.0,0.0,0.0,2.0,0.0,0.06666666666666667,0.0,0.0,0.0,0.0,0.0,0.0,0.0,2.0,0.0,0.06666666666666667,0.0,0.0,1.0,0.0,15.05,15.05,1.0,0.0,0.0,0.0,0.0,1.0,1.0,0.0,15.0,15.0,1.0,0.0,0.0,0.0,0.06666666666666667,1.0,1.0,0.0,11.5,11.5,1.0,0.0,0.0,0.0,0.06666666666666667,0.7666666666666667,1.0,0.0,11.65,11.65,1.0,0.0,0.0,0.0,0.06666666666666667,0.7766666666666667,1.0,0.0,11.55,11.55,1.0,0.0,0.0,0.0,0.06666666666666667,0.77,1.0,0.0,13.35,13.35,1.0,0.0,0.0,0.0,0.06666666666666667,0.89,1.0,0.0,9.85,9.85,1.0,0.0,0.0,0.0,0.06666666666666667,0.6566666666666666,0.0,0.0,0.0,0.0,1.0,0.0,0.0,0.0,0.0,0.0,1.0,0.0,1.0,30.05,1.0,26.55,1.0,26.7,1.0,26.6,1.0,28.4,1.0,24.9
light_seed1,light,1,115.2,130.25,9.0,1.542122940998266,12.155555555555557,8.0,19.150000000000006,0.0,0.0,0.0,0.0,0.0,2.0,0.0,0.0,0.0,0.0,0.0,0.0,0.0,0.0,0.0,2.0,0.0,0.0,0.0,0.0,1.0,0.0,14.45,14.45,1.0,0.0,0.0,0.0,0.06666666666666667,0.9633333333333333,0.0,0.0,0.0,0.0,0.0,2.0,0.0,0.0,0.0,0.0,0.0,0.0,0.0,0.0,0.0,2.0,0.0,0.0,0.0,0.0,1.0,0.0,16.05,16.05,1.0,0.0,0.0,0.0,0.0,1.0,1.0,0.0,16.0,16.0,1.0,0.0,0.0,0.0,0.0,1.0,1.0,0.0,12.5,12.5,1.0,0.0,0.0,0.0,0.06666666666666667,0.8333333333333334,1.0,0.0,12.65,12.65,1.0,0.0,0.0,0.0,0.06666666666666667,0.8433333333333334,1.0,0.0,12.55,12.55,1.0,0.0,0.0,0.0,0.06666666666666667,0.8366666666666667,1.0,0.0,14.35,14.35,1.0,0.0,0.0,0.0,0.06666666666666667,0.9566666666666667,1.0,0.0,10.85,10.85,1.0,0.0,0.0,0.0,0.06666666666666667,0.7233333333333333,0.0,0.0,0.0,0.0,0.0,0.0,0.0,0.0,0.0,0.0,0.0,0.0,1.0,31.05,1.0,27.55,1.0,27.7,1.0,27.6,1.0,29.4,1.0,25.9
light_seed1,light,1,116.2,131.25,8.0,0.0,14.675,8.0,20.150000000000006,0.0,0.0,0.0,0.0,0.0,2.0,0.0,0.0,0.0,0.0,0.0,0.0,0.0,0.0,0.0,2.0,0.0,0.0,0.0,0.0,1.0,0.0,15.45,15.45,1.0,0.0,0.0,0.0,0.0,1.0,0.0,0.0,0.0,0.0,0.0,2.0,0.0,0.0,0.0,0.0,0.0,0.0,0.0,0.0,0.0,2.0,0.0,0.0,0.0,0.0,1.0,0.0,17.05,17.05,1.0,0.0,0.0,0.0,0.0,1.0,1.0,0.0,17.0,17.0,1.0,0.0,0.0,0.0,0.0,1.0,1.0,0.0,13.5,13.5,1.0,0.0,0.0,0.0,0.06666666666666667,0.9,1.0,0.0,13.65,13.65,1.0,0.0,0.0,0.0,0.06666666666666667,0.91,1.0,0.0,13.55,13.55,1.0,0.0,0.0,0.0,0.06666666666666667,0.9033333333333334,1.0,0.0,15.35,15.35,1.0,0.0,0.0,0.0,0.0,1.0,1.0,0.0,11.85,11.85,1.0,0.0,0.0,0.0,0.06666666666666667,0.7899999999999999,0.0,0.0,0.0,0.0,0.0,0.0,0.0,0.0,0.0,0.0,0.0,0.0,1.0,32.05,1.0,28.55,1.0,28.7,1.0,28.6,1.0,30.4,1.0,26.9
light_seed1,light,1,117.2,132.25,8.0,0.0,15.675,8.0,21.150000000000006,0.0,0.0,0.0,0.0,0.0,2.0,0.0,0.0,0.0,0.0,0.0,0.0,0.0,0.0,0.0,2.0,0.0,0.0,0.0,0.0,1.0,0.0,16.45,16.45,1.0,0.0,0.0,0.0,0.0,1.0,0.0,0.0,0.0,0.0,0.0,2.0,0.0,0.0,0.0,0.0,0.0,0.0,0.0,0.0,0.0,2.0,0.0,0.0,0.0,0.0,1.0,0.0,18.05,18.05,1.0,0.0,0.0,0.0,0.0,1.0,1.0,0.0,18.0,18.0,1.0,0.0,0.0,0.0,0.0,1.0,1.0,0.0,14.5,14.5,1.0,0.0,0.0,0.0,0.06666666666666667,0.9666666666666667,1.0,0.0,14.65,14.65,1.0,0.0,0.0,0.0,0.06666666666666667,0.9766666666666667,1.0,0.0,14.55,14.55,1.0,0.0,0.0,0.0,0.06666666666666667,0.9700000000000001,1.0,0.0,16.35,16.35,1.0,0.0,0.0,0.0,0.0,1.0000000000000002,1.0,0.0,12.85,12.85,1.0,0.0,0.0,0.0,0.06666666666666667,0.8566666666666667,0.0,0.0,0.0,0.0,0.0,0.0,0.0,0.0,0.0,0.0,0.0,0.0,1.0,33.05,1.0,29.55,1.0,29.7,1.0,29.6,1.0,31.4,1.0,27.9
light_seed1,light,1,118.2,133.25,8.0,0.0,16.675,8.0,22.150000000000006,0.0,0.0,0.0,0.0,0.0,2.0,0.0,0.0,0.0,0.0,0.0,0.0,0.0,0.0,0.0,2.0,0.0,0.0,0.0,0.0,1.0,0.0,17.45,17.45,1.0,0.0,0.0,0.0,0.0,1.0,0.0,0.0,0.0,0.0,0.0,2.0,0.0,0.0,0.0,0.0,0.0,0.0,0.0,0.0,0.0,2.0,0.0,0.0,0.0,0.0,1.0,0.0,19.05,19.05,1.0,0.0,0.0,0.0,0.0,1.0,1.0,0.0,19.0,19.0,1.0,0.0,0.0,0.0,0.0,1.0,1.0,0.0,15.5,15.5,1.0,0.0,0.0,0.0,0.0,1.0,1.0,0.0,15.65,15.65,1.0,0.0,0.0,0.0,0.0,1.0,1.0,0.0,15.55,15.55,1.0,0.0,0.0,0.0,0.0,1.0,1.0,0.0,17.35,17.35,1.0,0.0,0.0,0.0,0.0,1.0000000000000002,1.0,0.0,13.85,13.85,1.0,0.0,0.0,0.0,0.06666666666666667,0.9233333333333333,0.0,0.0,0.0,0.0,0.0,0.0,0.0,0.0,0.0,0.0,0.0,0.0,1.0,34.05,1.0,30.55,1.0,30.7,1.0,30.6,1.0,32.4,1.0,28.9
light_seed1,light,1,119.2,134.25,8.0,0.0,17.675,8.0,23.150000000000006,0.0,0.0,0.0,0.0,0.0,2.0,0.0,0.0,0.0,0.0,0.0,0.0,0.0,0.0,0.0,2.0,0.0,0.0,0.0,0.0,1.0,0.0,18.45,18.45,1.0,0.0,0.0,0.0,0.0,1.0,0.0,0.0,0.0,0.0,0.0,2.0,0.0,0.0,0.0,0.0,0.0,0.0,0.0,0.0,0.0,2.0,0.0,0.0,0.0,0.0,1.0,0.0,20.05,20.05,1.0,0.0,0.0,0.0,0.0,1.0,1.0,0.0,20.0,20.0,1.0,0.0,0.0,0.0,0.0,1.0,1.0,0.0,16.5,16.5,1.0,0.0,0.0,0.0,0.0,1.0,1.0,0.0,16.65,16.65,1.0,0.0,0.0,0.0,0.0,0.9999999999999999,1.0,0.0,16.55,16.55,1.0,0.0,0.0,0.0,0.0,1.0,1.0,0.0,18.35,18.35,1.0,0.0,0.0,0.0,0.0,1.0000000000000002,1.0,0.0,14.85,14.85,1.0,0.0,0.0,0.0,0.06666666666666667,0.99,0.0,0.0,0.0,0.0,0.0,0.0,0.0,0.0,0.0,0.0,0.0,0.0,1.0,35.05,1.0,31.55,1.0,31.7,1.0,31.6,1.0,33.4,1.0,29.9
light_seed1,light,1,120.2,135.25,8.0,0.0,18.675,8.0,24.150000000000006,0.0,0.0,0.0,0.0,0.0,2.0,0.0,0.0,0.0,0.0,0.0,0.0,0.0,0.0,0.0,2.0,0.0,0.0,0.0,0.0,1.0,0.0,19.45,19.45,1.0,0.0,0.0,0.0,0.0,1.0,0.0,0.0,0.0,0.0,0.0,2.0,0.0,0.0,0.0,0.0,0.0,0.0,0.0,0.0,0.0,2.0,0.0,0.0,0.0,0.0,1.0,0.0,21.05,21.05,1.0,0.0,0.0,0.0,0.0,1.0,1.0,0.0,21.0,21.0,1.0,0.0,0.0,0.0,0.0,1.0,1.0,0.0,17.5,17.5,1.0,0.0,0.0,0.0,0.0,1.0,1.0,0.0,17.65,17.65,1.0,0.0,0.0,0.0,0.0,0.9999999999999999,1.0,0.0,17.55,17.55,1.0,0.0,0.0,0.0,0.0,1.0,1.0,0.0,19.35,19.35,1.0,0.0,0.0,0.0,0.0,1.0000000000000002,1.0,0.0,15.85,15.85,1.0,0.0,0.0,0.0,0.0,1.0,0.0,0.0,0.0,0.0,0.0,0.0,0.0,0.0,0.0,0.0,0.0,0.0,1.0,36.05,1.0,32.55,1.0,32.7,1.0,32.6,1.0,34.4,1.0,30.9
light_seed1,light,1,121.2,136.25,8.0,0.0,19.675,8.0,25.150000000000006,0.0,0.0,0.0,0.0,0.0,2.0,0.0,0.0,0.0,0.0,0.0,0.0,0.0,0.0,0.0,2.0,0.0,0.0,0.0,0.0,1.0,0.0,20.45,20.45,1.0,0.0,0.0,0.0,0.0,1.0,0.0,0.0,0.0,0.0,0.0,2.0,0.0,0.0,0.0,0.0,0.0,0.0,0.0,0.0,0.0,2.0,0.0,0.0,0.0,0.0,1.0,0.0,22.05,22.05,1.0,0.0,0.0,0.0,0.0,1.0,1.0,0.0,22.0,22.0,1.0,0.0,0.0,0.0,0.0,1.0,1.0,0.0,18.5,18.5,1.0,0.0,0.0,0.0,0.0,1.0,1.0,0.0,18.65,18.65,1.0,0.0,0.0,0.0,0.0,0.9999999999999999,1.0,0.0,18.55,18.55,1.0,0.0,0.0,0.0,0.0,1.0,1.0,0.0,20.35,20.35,1.0,0.0,0.0,0.0,0.0,1.0000000000000002,1.0,0.0,16.85,16.85,1.0,0.0,0.0,0.0,0.0,1.0000000000000002,0.0,0.0,0.0,0.0,0.0,0.0,0.0,0.0,0.0,0.0,0.0,0.0,1.0,37.05,1.0,33.55,1.0,33.7,1.0,33.6,1.0,35.4,1.0,31.9
light_seed1,light,1,122.2,137.25,8.0,0.0,20.675,8.0,26.150000000000006,0.0,0.0,0.0,0.0,0.0,2.0,0.0,0.0,0.0,0.0,0.0,0.0,0.0,0.0,0.0,2.0,0.0,0.0,0.0,0.0,1.0,0.0,21.45,21.45,1.0,0.0,0.0,0.0,0.0,1.0,0.0,0.0,0.0,0.0,0.0,2.0,0.0,0.0,0.0,0.0,0.0,0.0,0.0,0.0,0.0,2.0,0.0,0.0,0.0,0.0,1.0,0.0,23.05,23.05,1.0,0.0,0.0,0.0,0.0,1.0,1.0,0.0,23.0,23.0,1.0,0.0,0.0,0.0,0.0,1.0,1.0,0.0,19.5,19.5,1.0,0.0,0.0,0.0,0.0,1.0,1.0,0.0,19.65,19.65,1.0,0.0,0.0,0.0,0.0,0.9999999999999999,1.0,0.0,19.55,19.55,1.0,0.0,0.0,0.0,0.0,1.0,1.0,0.0,21.35,21.35,1.0,0.0,0.0,0.0,0.0,1.0000000000000002,1.0,0.0,17.85,17.85,1.0,0.0,0.0,0.0,0.0,1.0000000000000002,0.0,0.0,0.0,0.0,0.0,0.0,0.0,0.0,0.0,0.0,0.0,0.0,1.0,38.05,1.0,34.55,1.0,34.7,1.0,34.6,1.0,36.4,1.0,32.9
light_seed1,light,1,123.2,138.25,8.0,0.0,21.675,8.0,27.150000000000006,0.0,0.0,0.0,0.0,0.0,2.0,0.0,0.0,0.0,0.0,0.0,0.0,0.0,0.0,0.0,2.0,0.0,0.0,0.0,0.0,1.0,0.0,22.45,22.45,1.0,0.0,0.0,0.0,0.0,1.0,0.0,0.0,0.0,0.0,0.0,2.0,0.0,0.0,0.0,0.0,0.0,0.0,0.0,0.0,0.0,2.0,0.0,0.0,0.0,0.0,1.0,0.0,24.05,24.05,1.0,0.0,0.0,0.0,0.0,1.0,1.0,0.0,24.0,24.0,1.0,0.0,0.0,0.0,0.0,1.0,1.0,0.0,20.5,20.5,1.0,0.0,0.0,0.0,0.0,1.0,1.0,0.0,20.65,20.65,1.0,0.0,0.0,0.0,0.0,0.9999999999999999,1.0,0.0,20.55,20.55,1.0,0.0,0.0,0.0,0.0,1.0,1.0,0.0,22.35,22.35,1.0,0.0,0.0,0.0,0.0,1.0000000000000002,1.0,0.0,18.85,18.85,1.0,0.0,0.0,0.0,0.0,1.0000000000000002,0.0,0.0,0.0,0.0,0.0,0.0,0.0,0.0,0.0,0.0,0.0,0.0,1.0,39.05,1.0,35.55,1.0,35.7,1.0,35.6,1.0,37.4,1.0,33.9
light_seed1,light,1,124.2,139.25,8.0,0.0,22.675,8.0,28.150000000000006,0.0,0.0,0.0,0.0,0.0,2.0,0.0,0.0,0.0,0.0,0.0,0.0,0.0,0.0,0.0,2.0,0.0,0.0,0.0,0.0,1.0,0.0,23.45,23.45,1.0,0.0,0.0,0.0,0.0,1.0,0.0,0.0,0.0,0.0,0.0,2.0,0.0,0.0,0.0,0.0,0.0,0.0,0.0,0.0,0.0,2.0,0.0,0.0,0.0,0.0,1.0,0.0,25.05,25.05,1.0,0.0,0.0,0.0,0.0,1.0,1.0,0.0,25.0,25.0,1.0,0.0,0.0,0.0,0.0,1.0,1.0,0.0,21.5,21.5,1.0,0.0,0.0,0.0,0.0,1.0,1.0,0.0,21.65,21.65,1.0,0.0,0.0,0.0,0.0,0.9999999999999999,1.0,0.0,21.55,21.55,1.0,0.0,0.0,0.0,0.0,1.0,1.0,0.0,23.35,23.35,1.0,0.0,0.0,0.0,0.0,1.0000000000000002,1.0,0.0,19.85,19.85,1.0,0.0,0.0,0.0,0.0,1.0000000000000002,0.0,0.0,0.0,0.0,0.0,0.0,0.0,0.0,0.0,0.0,0.0,0.0,1.0,40.05,1.0,36.55,1.0,36.7,1.0,36.6,1.0,38.4,1.0,34.9
light_seed1,light,1,125.2,140.25,8.0,0.0,23.675,8.0,29.150000000000006,0.0,0.0,0.0,0.0,0.0,2.0,0.0,0.0,0.0,0.0,0.0,0.0,0.0,0.0,0.0,2.0,0.0,0.0,0.0,0.0,1.0,0.0,24.45,24.45,1.0,0.0,0.0,0.0,0.0,1.0,0.0,0.0,0.0,0.0,0.0,2.0,0.0,0.0,0.0,0.0,0.0,0.0,0.0,0.0,0.0,2.0,0.0,0.0,0.0,0.0,1.0,0.0,26.05,26.05,1.0,0.0,0.0,0.0,0.0,1.0,1.0,0.0,26.0,26.0,1.0,0.0,0.0,0.0,0.0,1.0,1.0,0.0,22.5,22.5,1.0,0.0,0.0,0.0,0.0,1.0,1.0,0.0,22.65,22.65,1.0,0.0,0.0,0.0,0.0,0.9999999999999999,1.0,0.0,22.55,22.55,1.0,0.0,0.0,0.0,0.0,1.0,1.0,0.0,24.35,24.35,1.0,0.0,0.0,0.0,0.0,1.0000000000000002,1.0,0.0,20.85,20.85,1.0,0.0,0.0,0.0,0.0,1.0000000000000002,0.0,0.0,0.0,0.0,0.0,0.0,0.0,0.0,0.0,0.0,0.0,0.0,1.0,41.05,1.0,37.55,1.0,37.7,1.0,37.6,1.0,39.4,1.0,35.9
light_seed1,light,1,126.2,141.25,8.0,0.0,24.675,8.0,0.15000000000000568,0.0,0.0,0.0,0.0,0.0,1.0,0.0,0.0,0.0,0.0,0.0,0.0,0.0,0.0,0.0,1.0,0.0,0.0,0.0,0.0,1.0,0.0,25.45,25.45,1.0,0.0,0.0,0.0,0.0,1.0,0.0,0.0,0.0,0.0,0.0,1.0,0.0,0.0,0.0,0.0,0.0,0.0,0.0,0.0,0.0,1.0,0.0,0.0,0.0,0.0,1.0,0.0,27.05,27.05,1.0,0.0,0.0,0.0,0.0,1.0,1.0,0.0,27.0,27.0,1.0,0.0,0.0,0.0,0.0,1.0,1.0,0.0,23.5,23.5,1.0,0.0,0.0,0.0,0.0,1.0,1.0,0.0,23.65,23.65,1.0,0.0,0.0,0.0,0.0,0.9999999999999999,1.0,0.0,23.55,23.55,1.0,0.0,0.0,0.0,0.0,1.0,1.0,0.0,25.35,25.35,1.0,0.0,0.0,0.0,0.0,1.0000000000000002,1.0,0.0,21.85,21.85,1.0,0.0,0.0,0.0,0.0,1.0000000000000002,0.0,0.0,0.0,0.0,0.0,0.0,0.0,0.0,0.0,0.0,0.0,0.0,1.0,42.05,1.0,38.55,1.0,38.7,1.0,38.6,1.0,40.4,1.0,36.9
light_seed1,light,1,127.2,142.25,8.0,0.0,25.675,8.0,1.1500000000000057,0.0,0.0,0.0,0.0,0.0,1.0,0.0,0.0,0.0,0.0,0.0,0.0,0.0,0.0,0.0,1.0,0.0,0.0,0.0,0.0,1.0,0.0,26.45,26.45,1.0,0.0,0.0,0.0,0.0,1.0,0.0,0.0,0.0,0.0,0.0,1.0,0.0,0.0,0.0,0.0,0.0,0.0,0.0,0.0,0.0,1.0,0.0,0.0,0.0,0.0,1.0,0.0,28.05,28.05,1.0,0.0,0.0,0.0,0.0,1.0,1.0,0.0,28.0,28.0,1.0,0.0,0.0,0.0,0.0,1.0,1.0,0.0,24.5,24.5,1.0,0.0,0.0,0.0,0.0,1.0,1.0,0.0,24.65,24.65,1.0,0.0,0.0,0.0,0.0,0.9999999999999999,1.0,0.0,24.55,24.55,1.0,0.0,0.0,0.0,0.0,1.0,1.0,0.0,26.35,26.35,1.0,0.0,0.0,0.0,0.0,1.0000000000000002,1.0,0.0,22.85,22.85,1.0,0.0,0.0,0.0,0.0,1.0000000000000002,0.0,0.0,0.0,0.0,0.0,0.0,0.0,0.0,0.0,0.0,0.0,0.0,1.0,43.05,1.0,39.55,1.0,39.7,1.0,39.6,1.0,41.4,1.0,37.9
light_seed1,light,1,128.25,143.25,8.0,0.0,26.725,8.0,2.200000000000003,0.0,0.0,0.0,0.0,0.0,1.0,0.0,0.0,0.0,0.0,0.0,0.0,0.0,0.0,0.0,1.0,0.0,0.0,0.0,0.0,1.0,0.0,27.5,27.5,1.0,0.0,0.0,0.0,0.0,1.0,0.0,0.0,0.0,0.0,0.0,1.0,0.0,0.0,0.0,0.0,0.0,0.0,0.0,0.0,0.0,1.0,0.0,0.0,0.0,0.0,1.0,0.0,29.1,29.1,1.0,0.0,0.0,0.0,0.0,1.0000000000000002,1.0,0.0,29.05,29.05,1.0,0.0,0.0,0.0,0.0,1.0,1.0,0.0,25.55,25.55,1.0,0.0,0.0,0.0,0.0,1.0,1.0,0.0,25.7,25.7,1.0,0.0,0.0,0.0,0.0,1.0,1.0,0.0,25.6,25.6,1.0,0.0,0.0,0.0,0.0,1.0000000000000002,1.0,0.0,27.4,27.4,1.0,0.0,0.0,0.0,0.0,0.9999999999999999,1.0,0.0,23.9,23.9,1.0,0.0,0.0,0.0,0.0,0.9999999999999999,0.0,0.0,0.0,0.0,0.0,0.0,0.0,0.0,0.0,0.0,0.0,0.0,1.0,44.05,1.0,40.55,1.0,40.7,1.0,40.6,1.0,42.4,1.0,38.9
light_seed1,light,1,129.25,144.25,8.0,0.17405371367472477,20.4,6.0,0.19999999999998863,0.0,0.0,0.0,0.0,0.0,0.0,0.0,0.0,0.0,0.0,0.0,0.0,0.0,0.0,0.0,0.0,0.0,0.0,0.0,0.0,1.0,0.6243650167360065,0.0,0.0,0.0,2.0,0.0,0.0,-0.06666666666666667,-0.9,0.0,0.0,0.0,0.0,0.0,0.0,0.0,0.0,0.0,0.0,0.0,0.0,0.0,0.0,0.0,0.0,0.0,0.0,0.0,0.0,1.0,0.7680646926617917,0.0,0.0,0.0,2.0,0.0,0.0,-0.06666666666666667,-1.0066666666666666,1.0,0.0,30.05,30.05,1.0,0.0,0.0,0.0,0.0,1.0,1.0,0.0,26.55,26.55,1.0,0.0,0.0,0.0,0.0,1.0,1.0,0.0,26.7,26.7,1.0,0.0,0.0,0.0,0.0,1.0,1.0,0.0,26.6,26.6,1.0,0.0,0.0,0.0,0.0,1.0000000000000002,1.0,0.0,28.4,28.4,1.0,0.0,0.0,0.0,0.0,0.9999999999999999,1.0,0.0,24.9,24.9,1.0,0.0,0.0,0.0,0.0,0.9999999999999999,0.0,0.0,0.0,0.0,0.0,0.0,0.0,0.0,0.0,0.0,0.0,0.0,1.0,0.0,1.0,0.0,1.0,41.7,1.0,0.0,1.0,0.0,1.0,39.9
light_seed1,light,1,130.25,145.25,8.0,0.782741154494385,21.15,6.0,1.1999999999999886,0.0,0.0,0.0,0.0,0.0,0.0,0.0,0.0,0.0,0.0,0.0,0.0,0.0,0.0,0.0,0.0,0.0,0.0,0.0,0.0,0.0,0.0,0.0,0.0,0.0,2.0,0.0,0.06666666666666667,-0.06666666666666667,-0.9666666666666667,0.0,0.0,0.0,0.0,0.0,0.0,0.0,0.0,0.0,0.0,0.0,0.0,0.0,0.0,0.0,0.0,0.0,0.0,0.0,0.0,0.0,0.0,0.0,0.0,0.0,2.0,0.0,0.06666666666666667,-0.06666666666666667,-1.0733333333333335,1.0,0.0,31.05,31.05,1.0,0.0,0.0,0.0,0.0,1.0,1.0,0.0,27.55,27.55,1.0,0.0,0.0,0.0,0.0,1.0,1.0,0.0,27.7,27.7,1.0,0.0,0.0,0.0,0.0,1.0,1.0,0.0,27.6,27.6,1.0,0.0,0.0,0.0,0.0,1.0000000000000002,1.0,0.0,29.4,29.4,1.0,0.0,0.0,0.0,0.0,0.9999999999999999,1.0,0.0,25.9,25.9,1.0,0.0,0.0,0.0,0.0,0.9999999999999999,0.0,0.0,0.0,0.0,0.0,0.0,0.0,0.0,0.0,0.0,0.0,0.0,0.0,0.0,0.0,0.0,1.0,42.7,0.0,0.0,0.0,0.0,1.0,40.9
light_seed1,light,1,131.25,146.25,8.0,1.2592881064544292,21.9,6.0,2.1999999999999886,0.0,0.0,0.0,0.0,0.0,0.0,0.0,0.0,0.0,0.0,0.0,0.0,0.0,0.0,0.0,0.0,0.0,0.0,0.0,0.0,0.0,0.0,0.0,0.0,0.0,2.0,0.0,0.06666666666666667,-0.06666666666666667,-1.0333333333333334,0.0,0.0,0.0,0.0,0.0,0.0,0.0,0.0,0.0,0.0,0.0,0.0,0.0,0.0,0.0,0.0,0.0,0.0,0.0,0.0,0.0,0.0,0.0,0.0,0.0,2.0,0.0,0.06666666666666667,-0.06666666666666667,-1.1400000000000001,1.0,0.0,32.05,32.05,1.0,0.0,0.0,0.0,0.0,0.9999999999999998,1.0,0.0,28.55,28.55,1.0,0.0,0.0,0.0,0.0,1.0,1.0,0.0,28.7,28.7,1.0,0.0,0.0,0.0,0.0,1.0,1.0,0.0,28.6,28.6,1.0,0.0,0.0,0.0,0.0,1.0000000000000002,1.0,0.0,30.4,30.4,1.0,0.0,0.0,0.0,0.0,0.9999999999999999,1.0,0.0,26.9,26.9,1.0,0.0,0.0,0.0,0.0,0.9999999999999999,0.0,0.0,0.0,0.0,0.0,0.0,0.0,0.0,0.0,0.0,0.0,0.0,0.0,0.0,0.0,0.0,1.0,43.7,0.0,0.0,0.0,0.0,1.0,41.9
light_seed1,light,1,132.25,147.25,8.0,1.7654614488004685,22.65,6.0,3.1999999999999886,0.0,0.0,0.0,0.0,0.0,0.0,0.0,0.0,0.0,0.0,0.0,0.0,0.0,0.0,0.0,0.0,0.0,0.0,0.0,0.0,0.0,0.0,0.0,0.0,0.0,2.0,0.0,0.06666666666666667,-0.06666666666666667,-1.1,0.0,0.0,0.0,0.0,0.0,0.0,0.0,0.0,0.0,0.0,0.0,0.0,0.0,0.0,0.0,0.0,0.0,0.0,0.0,0.0,0.0,0.0,0.0,0.0,0.0,2.0,0.0,0.06666666666666667,-0.06666666666666667,-1.2066666666666668,1.0,0.0,33.05,33.05,1.0,0.0,0.0,0.0,0.0,0.9999999999999998,1.0,0.0,29.55,29.55,1.0,0.0,0.0,0.0,0.0,1.0,1.0,0.0,29.7,29.7,1.0,0.0,0.0,0.0,0.0,1.0,1.0,0.0,29.6,29.6,1.0,0.0,0.0,0.0,0.0,1.0000000000000002,1.0,0.0,31.4,31.4,1.0,0.0,0.0,0.0,0.0,1.0,1.0,0.0,27.9,27.9,1.0,0.0,0.0,0.0,0.0,0.9999999999999999,0.0,0.0,0.0,0.0,0.0,0.0,0.0,0.0,0.0,0.0,0.0,0.0,0.0,0.0,0.0,0.0,1.0,44.7,0.0,0.0,0.0,0.0,1.0,42.9
light_seed1,light,1,133.25,148.25,8.0,2.276137601282546,23.4,6.0,4.199999999999989,0.0,0.0,0.0,0.0,0.0,0.0,0.0,0.0,0.0,0.0,0.0,0.0,0.0,0.0,0.0,0.0,0.0,0.0,0.0,0.0,0.0,0.0,0.0,0.0,0.0,2.0,0.0,0.06666666666666667,-0.06666666666666667,-1.1666666666666667,0.0,0.0,0.0,0.0,0.0,0.0,0.0,0.0,0.0,0.0,0.0,0.0,0.0,0.0,0.0,0.0,0.0,0.0,0.0,0.0,0.0,0.0,0.0,0.0,0.0,2.0,0.0,0.06666666666666667,-0.06666666666666667,-1.2733333333333334,1.0,0.0,34.05,34.05,1.0,0.0,0.0,0.0,0.0,0.9999999999999998,1.0,0.0,30.55,30.55,1.0,0.0,0.0,0.0,0.0,1.0,1.0,0.0,30.7,30.7,1.0,0.0,0.0,0.0,0.0,1.0,1.0,0.0,30.6,30.6,1.0,0.0,0.0,0.0,0.0,1.0000000000000002,1.0,0.0,32.4,32.4,1.0,0.0,0.0,0.0,0.0,1.0,1.0,0.0,28.9,28.9,1.0,0.0,0.0,0.0,0.0,0.9999999999999999,0.0,0.0,0.0,0.0,0.0,0.0,0.0,0.0,0.0,0.0,0.0,0.0,0.0,0.0,0.0,0.0,1.0,45.7,0.0,0.0,0.0,0.0,1.0,43.9
light_seed1,light,1,134.25,149.25,8.0,2.731959379474442,24.15,6.0,5.199999999999989,0.0,0.0,0.0,0.0,0.0,0.0,0.0,0.0,0.0,0.0,0.0,0.0,0.0,0.0,0.0,0.0,0.0,0.0,0.0,0.0,0.0,0.0,0.0,0.0,0.0,2.0,0.0,0.06666666666666667,-0.06666666666666667,-1.2333333333333334,0.0,0.0,0.0,0.0,0.0,0.0,0.0,0.0,0.0,0.0,0.0,0.0,0.0,0.0,0.0,0.0,0.0,0.0,0.0,0.0,0.0,0.0,0.0,0.0,0.0,2.0,0.0,0.06666666666666667,-0.06666666666666667,-1.34,1.0,0.0,35.05,35.05,1.0,0.0,0.0,0.0,0.0,0.9999999999999998,1.0,0.0,31.55,31.55,1.0,0.0,0.0,0.0,0.0,1.0,1.0,0.0,31.7,31.7,1.0,0.0,0.0,0.0,0.0,1.0,1.0,0.0,31.6,31.6,1.0,0.0,0.0,0.0,0.0,1.0,1.0,0.0,33.4,33.4,1.0,0.0,0.0,0.0,0.0,1.0,1.0,0.0,29.9,29.9,1.0,0.0,0.0,0.0,0.0,0.9999999999999999,0.0,0.0,0.0,0.0,0.0,0.0,0.0,0.0,0.0,0.0,0.0,0.0,0.0,0.0,0.0,0.0,1.0,46.7,0.0,0.0,0.0,0.0,1.0,44.9
light_seed1,light,1,135.25,150.25,8.0,3.2376537723268424,24.9,6.0,6.199999999999989,0.0,0.0,0.0,0.0,0.0,0.0,0.0,0.0,0.0,0.0,0.0,0.0,0.0,0.0,0.0,0.0,0.0,0.0,0.0,0.0,0.0,0.0,0.0,0.0,0.0,2.0,0.0,0.06666666666666667,-0.06666666666666667,-1.3,0.0,0.0,0.0,0.0,0.0,0.0,0.0,0.0,0.0,0.0,0.0,0.0,0.0,0.0,0.0,0.0,0.0,0.0,0.0,0.0,0.0,0.0,0.0,0.0,0.0,2.0,0.0,0.06666666666666667,-0.06666666666666667,-1.4066666666666667,1.0,0.0,36.05,36.05,1.0,0.0,0.0,0.0,0.0,0.9999999999999998,1.0,0.0,32.55,32.55,1.0,0.0,0.0,0.0,0.0,0.9999999999999998,1.0,0.0,32.7,32.7,1.0,0.0,0.0,0.0,0.0,1.0000000000000002,1.0,0.0,32.6,32.6,1.0,0.0,0.0,0.0,0.0,1.0,1.0,0.0,34.4,34.4,1.0,0.0,0.0,0.0,0.0,1.0,1.0,0.0,30.9,30.9,1.0,0.0,0.0,0.0,0.0,0.9999999999999999,0.0,0.0,0.0,0.0,0.0,0.0,0.0,0.0,0.0,0.0,0.0,0.0,0.0,0.0,0.0,0.0,1.0,47.7,0.0,0.0,0.0,0.0,1.0,45.9
light_seed1,light,1,136.25,151.25,8.0,3.648289137944067,25.65,6.0,7.199999999999989,0.0,0.0,0.0,0.0,0.0,0.0,0.0,0.0,0.0,0.0,0.0,0.0,0.0,0.0,0.0,0.0,0.0,0.0,0.0,0.0,0.0,0.0,0.0,0.0,0.0,2.0,0.0,0.06666666666666667,-0.06666666666666667,-1.3666666666666667,0.0,0.0,0.0,0.0,0.0,0.0,0.0,0.0,0.0,0.0,0.0,0.0,0.0,0.0,0.0,0.0,0.0,0.0,0.0,0.0,0.0,0.0,0.0,0.0,0.0,2.0,0.0,0.06666666666666667,-0.06666666666666667,-1.4733333333333334,1.0,0.0,37.05,37.05,1.0,0.0,0.0,0.0,0.0,0.9999999999999998,1.0,0.0,33.55,33.55,1.0,0.0,0.0,0.0,0.0,0.9999999999999998,1.0,0.0,33.7,33.7,1.0,0.0,0.0,0.0,0.0,1.0000000000000002,1.0,0.0,33.6,33.6,1.0,0.0,0.0,0.0,0.0,1.0,1.0,0.0,35.4,35.4,1.0,0.0,0.0,0.0,0.0,1.0,1.0,0.0,31.9,31.9,1.0,0.0,0.0,0.0,0.0,1.0,0.0,0.0,0.0,0.0,0.0,0.0,0.0,0.0,0.0,0.0,0.0,0.0,0.0,0.0,0.0,0.0,1.0,48.7,0.0,0.0,0.0,0.0,1.0,46.9
light_seed1,light,1,137.25,152.25,8.0,3.701395657063446,26.4,6.0,8.199999999999989,0.0,0.0,0.0,0.0,0.0,0.0,0.0,0.0,0.0,0.0,0.0,0.0,0.0,0.0,0.0,0.0,0.0,0.0,0.0,0.0,0.0,0.0,0.0,0.0,0.0,2.0,0.0,0.06666666666666667,-0.06666666666666667,-1.4333333333333333,0.0,0.0,0.0,0.0,0.0,0.0,0.0,0.0,0.0,0.0,0.0,0.0,0.0,0.0,0.0,0.0,0.0,0.0,0.0,0.0,0.0,0.0,0.0,0.0,0.0,2.0,0.0,0.06666666666666667,-0.06666666666666667,-1.54,1.0,0.0,38.05,38.05,1.0,0.0,0.0,0.0,0.0,0.9999999999999998,1.0,0.0,34.55,34.55,1.0,0.0,0.0,0.0,0.0,0.9999999999999998,1.0,0.0,34.7,34.7,1.0,0.0,0.0,0.0,0.0,1.0000000000000002,1.0,0.0,34.6,34.6,1.0,0.0,0.0,0.0,0.0,1.0,1.0,0.0,36.4,36.4,1.0,0.0,0.0,0.0,0.0,1.0,1.0,0.0,32.9,32.9,1.0,0.0,0.0,0.0,0.0,1.0,0.0,0.0,0.0,0.0,0.0,0.0,0.0,0.0,0.0,0.0,0.0,0.0,0.0,0.0,0.0,0.0,1.0,49.7,0.0,0.0,0.0,0.0,1.0,47.9
light_seed1,light,1,138.25,153.25,8.0,3.70461934033803,27.15,6.0,9.199999999999989,0.0,0.0,0.0,0.0,0.0,0.0,0.0,0.0,0.0,0.0,0.0,0.0,0.0,0.0,0.0,0.0,0.0,0.0,0.0,0.0,0.0,0.0,0.0,0.0,0.0,2.0,0.0,0.06666666666666667,-0.06666666666666667,-1.5,0.0,0.0,0.0,0.0,0.0,0.0,0.0,0.0,0.0,0.0,0.0,0.0,0.0,0.0,0.0,0.0,0.0,0.0,0.0,0.0,0.0,0.0,0.0,0.0,0.0,2.0,0.0,0.06666666666666667,-0.06666666666666667,-1.6066666666666667,1.0,0.0,39.05,39.05,1.0,0.0,0.0,0.0,0.0,0.9999999999999998,1.0,0.0,35.55,35.55,1.0,0.0,0.0,0.0,0.0,0.9999999999999998,1.0,0.0,35.7,35.7,1.0,0.0,0.0,0.0,0.0,1.0000000000000002,1.0,0.0,35.6,35.6,1.0,0.0,0.0,0.0,0.0,1.0,1.0,0.0,37.4,37.4,1.0,0.0,0.0,0.0,0.0,1.0,1.0,0.0,33.9,33.9,1.0,0.0,0.0,0.0,0.0,1.0,0.0,0.0,0.0,0.0,0.0,0.0,0.0,0.0,0.0,0.0,0.0,0.0,0.0,0.0,0.0,0.0,1.0,50.7,0.0,0.0,0.0,0.0,1.0,48.9
light_seed1,light,1,139.25,154.25,8.0,3.708175044851245,27.9,6.0,10.199999999999989,0.0,0.0,0.0,0.0,0.0,0.0,0.0,0.0,0.0,0.0,0.0,0.0,0.0,0.0,0.0,0.0,0.0,0.0,0.0,0.0,0.0,0.0,0.0,0.0,0.0,2.0,0.0,0.06666666666666667,-0.06666666666666667,-1.5666666666666667,0.0,0.0,0.0,0.0,0.0,0.0,0.0,0.0,0.0,0.0,0.0,0.0,0.0,0.0,0.0,0.0,0.0,0.0,0.0,0.0,0.0,0.0,0.0,0.0,0.0,2.0,0.0,0.06666666666666667,-0.06666666666666667,-1.6733333333333333,1.0,0.0,40.05,40.05,1.0,0.0,0.0,0.0,0.0,0.9999999999999998,1.0,0.0,36.55,36.55,1.0,0.0,0.0,0.0,0.0,0.9999999999999998,1.0,0.0,36.7,36.7,1.0,0.0,0.0,0.0,0.0,1.0000000000000002,1.0,0.0,36.6,36.6,1.0,0.0,0.0,0.0,0.0,1.0,1.0,0.0,38.4,38.4,1.0,0.0,0.0,0.0,0.0,1.0,1.0,0.0,34.9,34.9,1.0,0.0,0.0,0.0,0.0,1.0,0.0,0.0,0.0,0.0,0.0,0.0,0.0,0.0,0.0,0.0,0.0,0.0,0.0,0.0,0.0,0.0,1.0,51.7,0.0,0.0,0.0,0.0,1.0,49.9
light_seed1,light,1,140.25,155.25,8.0,3.7005466087165244,28.65,6.0,11.199999999999989,0.0,0.0,0.0,0.0,0.0,0.0,0.0,0.0,0.0,0.0,0.0,0.0,0.0,0.0,0.0,0.0,0.0,0.0,0.0,0.0,0.0,0.0,0.0,0.0,0.0,2.0,0.0,0.06666666666666667,-0.06666666666666667,-1.6333333333333333,0.0,0.0,0.0,0.0,0.0,0.0,0.0,0.0,0.0,0.0,0.0,0.0,0.0,0.0,0.0,0.0,0.0,0.0,0.0,0.0,0.0,0.0,0.0,0.0,0.0,2.0,0.0,0.06666666666666667,-0.06666666666666667,-1.74,1.0,0.0,41.05,41.05,1.0,0.0,0.0,0.0,0.0,0.9999999999999998,1.0,0.0,37.55,37.55,1.0,0.0,0.0,0.0,0.0,0.9999999999999998,1.0,0.0,37.7,37.7,1.0,0.0,0.0,0.0,0.0,1.0000000000000002,1.0,0.0,37.6,37.6,1.0,0.0,0.0,0.0,0.0,1.0,1.0,0.0,39.4,39.4,1.0,0.0,0.0,0.0,0.0,1.0,1.0,0.0,35.9,35.9,1.0,0.0,0.0,0.0,0.0,1.0,0.0,0.0,0.0,0.0,0.0,0.0,0.0,0.0,0.0,0.0,0.0,0.0,0.0,0.0,0.0,0.0,1.0,52.7,0.0,0.0,0.0,0.0,1.0,50.9
light_seed1,light,1,141.25,156.25,8.0,3.7039878467495857,29.4,6.0,0.19999999999998863,0.0,0.0,0.0,0.0,0.0,0.0,0.0,0.0,0.0,0.0,0.0,0.0,0.0,0.0,0.0,0.0,0.0,0.0,0.0,0.0,0.0,0.0,0.0,0.0,0.0,1.0,0.0,0.06666666666666667,-0.06666666666666667,-1.7,0.0,0.0,0.0,0.0,0.0,0.0,0.0,0.0,0.0,0.0,0.0,0.0,0.0,0.0,0.0,0.0,0.0,0.0,0.0,0.0,0.0,0.0,0.0,0.0,0.0,1.0,0.0,0.06666666666666667,-0.06666666666666667,-1.8066666666666669,1.0,0.0,42.05,42.05,1.0,0.0,0.0,0.0,0.0,0.9999999999999998,1.0,0.0,38.55,38.55,1.0,0.0,0.0,0.0,0.0,0.9999999999999998,1.0,0.0,38.7,38.7,1.0,0.0,0.0,0.0,0.0,1.0000000000000002,1.0,0.0,38.6,38.6,1.0,0.0,0.0,0.0,0.0,1.0,1.0,0.0,40.4,40.4,1.0,0.0,0.0,0.0,0.0,1.0,1.0,0.0,36.9,36.9,1.0,0.0,0.0,0.0,0.0,1.0,0.0,0.0,0.0,0.0,0.0,0.0,0.0,0.0,0.0,0.0,0.0,0.0,0.0,0.0,0.0,0.0,1.0,53.7,0.0,0.0,0.0,0.0,1.0,51.9
light_seed1,light,1,142.25,157.25,8.0,3.702314752480785,30.15,6.0,1.1999999999999886,0.0,0.0,0.0,0.0,0.0,0.0,0.0,0.0,0.0,0.0,0.0,0.0,0.0,0.0,0.0,0.0,0.0,0.0,0.0,0.0,0.0,0.0,0.0,0.0,0.0,1.0,0.0,0.06666666666666667,-0.06666666666666667,-1.7666666666666666,0.0,0.0,0.0,0.0,0.0,0.0,0.0,0.0,0.0,0.0,0.0,0.0,0.0,0.0,0.0,0.0,0.0,0.0,0.0,0.0,0.0,0.0,0.0,0.0,0.0,1.0,0.0,0.06666666666666667,-0.06666666666666667,-1.8733333333333335,1.0,0.0,43.05,43.05,1.0,0.0,0.0,0.0,0.0,0.9999999999999998,1.0,0.0,39.55,39.55,1.0,0.0,0.0,0.0,0.0,0.9999999999999998,1.0,0.0,39.7,39.7,1.0,0.0,0.0,0.0,0.0,1.0000000000000002,1.0,0.0,39.6,39.6,1.0,0.0,0.0,0.0,0.0,1.0,1.0,0.0,41.4,41.4,1.0,0.0,0.0,0.0,0.0,1.0,1.0,0.0,37.9,37.9,1.0,0.0,0.0,0.0,0.0,1.0,0.0,0.0,0.0,0.0,0.0,0.0,0.0,0.0,0.0,0.0,0.0,0.0,0.0,0.0,0.0,0.0,1.0,54.7,0.0,0.0,0.0,0.0,1.0,52.9
light_seed1,light,1,143.25,158.25,8.0,3.7015114737721877,30.9,6.0,2.1999999999999886,0.0,0.0,0.0,0.0,0.0,0.0,0.0,0.0,0.0,0.0,0.0,0.0,0.0,0.0,0.0,0.0,0.0,0.0,0.0,0.0,0.0,0.0,0.0,0.0,0.0,1.0,0.0,0.06666666666666667,-0.06666666666666667,-1.8333333333333333,0.0,0.0,0.0,0.0,0.0,0.0,0.0,0.0,0.0,0.0,0.0,0.0,0.0,0.0,0.0,0.0,0.0,0.0,0.0,0.0,0.0,0.0,0.0,0.0,0.0,1.0,0.0,0.06666666666666667,-0.06666666666666667,-1.9400000000000002,1.0,0.0,44.05,44.05,1.0,0.0,0.0,0.0,0.0,0.9999999999999998,1.0,0.0,40.55,40.55,1.0,0.0,0.0,0.0,0.0,0.9999999999999998,1.0,0.0,40.7,40.7,1.0,0.0,0.0,0.0,0.0,1.0000000000000002,1.0,0.0,40.6,40.6,1.0,0.0,0.0,0.0,0.0,1.0,1.0,0.0,42.4,42.4,1.0,0.0,0.0,0.0,0.0,1.0,1.0,0.0,38.9,38.9,1.0,0.0,0.0,0.0,0.0,1.0,0.0,0.0,0.0,0.0,0.0,0.0,0.0,0.0,0.0,0.0,0.0,0.0,0.0,0.0,0.0,0.0,1.0,55.7,0.0,0.0,0.0,0.0,1.0,53.9
light_seed1,light,1,144.25,159.25,8.0,3.991649341258582,10.2,2.0,0.19999999999998863,0.0,0.0,0.0,0.0,0.0,0.0,0.0,0.0,0.0,0.0,0.0,0.0,0.0,0.0,0.0,0.0,0.0,0.0,0.0,0.0,0.0,0.0,0.0,0.0,0.0,0.0,0.0,0.06666666666666667,0.0,0.0,0.0,0.0,0.0,0.0,0.0,0.0,0.0,0.0,0.0,0.0,0.0,0.0,0.0,0.0,0.0,0.0,0.0,0.0,0.0,0.0,0.0,0.0,0.0,0.0,0.0,0.0,0.0,0.06666666666666667,0.0,0.0,1.0,0.7410855066443696,0.0,0.0,0.0,2.0,0.0,0.0,-0.06666666666666667,-2.0033333333333334,1.0,0.48489907835645857,0.0,0.0,0.0,2.0,0.0,0.0,-0.06666666666666667,-1.77,1.0,0.0,41.7,41.7,1.0,0.0,0.0,0.0,0.0,1.0000000000000002,1.0,0.4892807060506233,0.0,0.0,0.0,2.0,0.0,0.0,-0.06666666666666667,-1.7733333333333334,1.0,0.6208466671297971,0.0,0.0,0.0,2.0,0.0,0.0,-0.06666666666666667,-1.8933333333333333,1.0,0.0,39.9,39.9,1.0,0.0,0.0,0.0,0.0,1.0,1.0,0.0,1.0,0.0,1.0,0.0,1.0,0.0,1.0,0.0,1.0,0.0,1.0,0.0,1.0,0.0,2.0,28.35,1.0,0.0,1.0,0.0,2.0,27.45
light_seed1,light,1,145.25,160.25,8.0,5.021962030537136,10.45,2.0,1.1999999999999886,0.0,0.0,0.0,0.0,0.0,0.0,0.0,0.0,0.0,0.0,0.0,0.0,0.0,0.0,0.0,0.0,0.0,0.0,0.0,0.0,0.0,0.0,0.0,0.0,0.0,0.0,0.0,0.0,0.0,0.0,0.0,0.0,0.0,0.0,0.0,0.0,0.0,0.0,0.0,0.0,0.0,0.0,0.0,0.0,0.0,0.0,0.0,0.0,0.0,0.0,0.0,0.0,0.0,0.0,0.0,0.0,0.0,0.0,0.0,0.0,0.0,0.0,0.0,0.0,0.0,2.0,0.0,0.06666666666666667,-0.06666666666666667,-2.07,0.0,0.0,0.0,0.0,0.0,2.0,0.0,0.06666666666666667,-0.06666666666666667,-1.8366666666666667,1.0,0.0,42.7,42.7,1.0,0.0,0.0,0.0,0.0,1.0000000000000002,0.0,0.0,0.0,0.0,0.0,2.0,0.0,0.06666666666666667,-0.06666666666666667,-1.84,0.0,0.0,0.0,0.0,0.0,2.0,0.0,0.06666666666666667,-0.06666666666666667,-1.96,1.0,0.0,40.9,40.9,1.0,0.0,0.0,0.0,0.0,1.0,1.0,0.0,1.0,0.0,1.0,0.0,1.0,0.0,1.0,0.0,1.0,0.0,1.0,0.0,1.0,0.0,2.0,28.85,1.0,0.0,1.0,0.0,2.0,27.95
light_seed1,light,1,146.25,161.25,8.0,5.97321727691393,10.7,2.0,2.1999999999999886,0.0,0.0,0.0,0.0,0.0,0.0,0.0,0.0,0.0,0.0,0.0,0.0,0.0,0.0,0.0,0.0,0.0,0.0,0.0,0.0,0.0,0.0,0.0,0.0,0.0,0.0,0.0,0.0,0.0,0.0,0.0,0.0,0.0,0.0,0.0,0.0,0.0,0.0,0.0,0.0,0.0,0.0,0.0,0.0,0.0,0.0,0.0,0.0,0.0,0.0,0.0,0.0,0.0,0.0,0.0,0.0,0.0,0.0,0.0,0.0,0.0,0.0,0.0,0.0,0.0,2.0,0.0,0.06666666666666667,-0.06666666666666667,-2.1366666666666663,0.0,0.0,0.0,0.0,0.0,2.0,0.0,0.06666666666666667,-0.06666666666666667,-1.9033333333333333,1.0,0.0,43.7,43.7,1.0,0.0,0.0,0.0,0.0,1.0000000000000002,0.0,0.0,0.0,0.0,0.0,2.0,0.0,0.06666666666666667,-0.06666666666666667,-1.9066666666666667,0.0,0.0,0.0,0.0,0.0,2.0,0.0,0.06666666666666667,-0.06666666666666667,-2.0266666666666664,1.0,0.0,41.9,41.9,1.0,0.0,0.0,0.0,0.0,1.0,1.0,0.0,1.0,0.0,1.0,0.0,1.0,0.0,1.0,0.0,1.0,0.0,1.0,0.0,1.0,0.0,2.0,29.35,1.0,0.0,1.0,0.0,2.0,28.45
light_seed1,light,1,147.25,162.25,7.0,5.623804253862247,12.514285714285714,2.0,3.1999999999999886,0.0,0.0,0.0,0.0,0.0,0.0,0.0,0.0,0.0,0.0,0.0,0.0,0.0,0.0,0.0,0.0,0.0,0.0,0.0,0.0,0.0,0.0,0.0,0.0,0.0,0.0,0.0,0.0,0.0,0.0,0.0,0.0,0.0,0.0,0.0,0.0,0.0,0.0,0.0,0.0,0.0,0.0,0.0,0.0,0.0,0.0,0.0,0.0,0.0,0.0,0.0,0.0,0.0,0.0,0.0,0.0,0.0,0.0,0.0,0.0,0.0,0.0,0.0,0.0,0.0,2.0,0.0,0.06666666666666667,-0.06666666666666667,-2.203333333333333,0.0,0.0,0.0,0.0,0.0,2.0,0.0,0.06666666666666667,-0.06666666666666667,-1.97,1.0,0.0,44.7,44.7,1.0,0.0,0.0,0.0,0.0,1.0000000000000002,0.0,0.0,0.0,0.0,0.0,2.0,0.0,0.06666666666666667,-0.06666666666666667,-1.9733333333333334,0.0,0.0,0.0,0.0,0.0,2.0,0.0,0.06666666666666667,-0.06666666666666667,-2.0933333333333333,1.0,0.0,42.9,42.9,1.0,0.0,0.0,0.0,0.0,1.0,1.0,0.0,1.0,0.0,1.0,0.0,1.0,0.0,1.0,0.0,1.0,0.0,1.0,0.0,1.0,0.0,2.0,29.85,1.0,0.0,1.0,0.0,2.0,28.95
light_seed1,light,1,148.25,163.25,6.0,5.5315152017739,14.933333333333332,2.0,4.199999999999989,0.0,0.0,0.0,0.0,0.0,0.0,0.0,0.0,0.0,0.0,0.0,0.0,0.0,0.0,0.0,0.0,0.0,0.0,0.0,0.0,0.0,0.0,0.0,0.0,0.0,0.0,0.0,0.0,0.0,0.0,0.0,0.0,0.0,0.0,0.0,0.0,0.0,0.0,0.0,0.0,0.0,0.0,0.0,0.0,0.0,0.0,0.0,0.0,0.0,0.0,0.0,0.0,0.0,0.0,0.0,0.0,0.0,0.0,0.0,0.0,0.0,0.0,0.0,0.0,0.0,2.0,0.0,0.06666666666666667,-0.06666666666666667,-2.27,0.0,0.0,0.0,0.0,0.0,2.0,0.0,0.06666666666666667,-0.06666666666666667,-2.0366666666666666,1.0,0.0,45.7,45.7,1.0,0.0,0.0,0.0,0.0,1.0000000000000002,0.0,0.0,0.0,0.0,0.0,2.0,0.0,0.06666666666666667,-0.06666666666666667,-2.04,0.0,0.0,0.0,0.0,0.0,2.0,0.0,0.06666666666666667,-0.06666666666666667,-2.1599999999999997,1.0,0.0,43.9,43.9,1.0,0.0,0.0,0.0,0.0,1.0,1.0,0.0,1.0,0.0,1.0,0.0,1.0,0.0,1.0,0.0,1.0,0.0,1.0,0.0,1.0,0.0,2.0,30.35,1.0,0.0,1.0,0.0,2.0,29.45
light_seed1,light,1,149.25,164.25,6.0,6.810598432616815,15.266666666666666,2.0,5.199999999999989,0.0,0.0,0.0,0.0,0.0,0.0,0.0,0.0,0.0,0.0,0.0,0.0,0.0,0.0,0.0,0.0,0.0,0.0,0.0,0.0,0.0,0.0,0.0,0.0,0.0,0.0,0.0,0.0,0.0,0.0,0.0,0.0,0.0,0.0,0.0,0.0,0.0,0.0,0.0,0.0,0.0,0.0,0.0,0.0,0.0,0.0,0.0,0.0,0.0,0.0,0.0,0.0,0.0,0.0,0.0,0.0,0.0,0.0,0.0,0.0,0.0,0.0,0.0,0.0,0.0,2.0,0.0,0.06666666666666667,-0.06666666666666667,-2.3366666666666664,0.0,0.0,0.0,0.0,0.0,2.0,0.0,0.06666666666666667,-0.06666666666666667,-2.1033333333333335,1.0,0.0,46.7,46.7,1.0,0.0,0.0,0.0,0.0,1.0000000000000002,0.0,0.0,0.0,0.0,0.0,2.0,0.0,0.06666666666666667,-0.06666666666666667,-2.106666666666667,0.0,0.0,0.0,0.0,0.0,2.0,0.0,0.06666666666666667,-0.06666666666666667,-2.2266666666666666,1.0,0.0,44.9,44.9,1.0,0.0,0.0,0.0,0.0,1.0,1.0,0.0,1.0,0.0,1.0,0.0,1.0,0.0,1.0,0.0,1.0,0.0,1.0,0.0,1.0,0.0,2.0,30.85,1.0,0.0,1.0,0.0,2.0,29.95
light_seed1,light,1,150.25,165.25,6.0,8.07246769513339,15.6,2.0,6.199999999999989,0.0,0.0,0.0,0.0,0.0,0.0,0.0,0.0,0.0,0.0,0.0,0.0,0.0,0.0,0.0,0.0,0.0,0.0,0.0,0.0,0.0,0.0,0.0,0.0,0.0,0.0,0.0,0.0,0.0,0.0,0.0,0.0,0.0,0.0,0.0,0.0,0.0,0.0,0.0,0.0,0.0,0.0,0.0,0.0,0.0,0.0,0.0,0.0,0.0,0.0,0.0,0.0,0.0,0.0,0.0,0.0,0.0,0.0,0.0,0.0,0.0,0.0,0.0,0.0,0.0,2.0,0.0,0.06666666666666667,-0.06666666666666667,-2.4033333333333333,0.0,0.0,0.0,0.0,0.0,2.0,0.0,0.06666666666666667,-0.06666666666666667,-2.17,1.0,0.0,47.7,47.7,1.0,0.0,0.0,0.0,0.0,1.0,0.0,0.0,0.0,0.0,0.0,2.0,0.0,0.06666666666666667,-0.06666666666666667,-2.1733333333333333,0.0,0.0,0.0,0.0,0.0,2.0,0.0,0.06666666666666667,-0.06666666666666667,-2.2933333333333334,1.0,0.0,45.9,45.9,1.0,0.0,0.0,0.0,0.0,1.0,1.0,0.0,1.0,0.0,1.0,0.0,1.0,0.0,1.0,0.0,1.0,0.0,1.0,0.0,1.0,0.0,2.0,31.35,1.0,0.0,1.0,0.0,2.0,30.45
light_seed1,light,1,151.25,166.25,6.0,8.896705694866148,15.933333333333332,2.0,7.199999999999989,0.0,0.0,0.0,0.0,0.0,0.0,0.0,0.0,0.0,0.0,0.0,0.0,0.0,0.0,0.0,0.0,0.0,0.0,0.0,0.0,0.0,0.0,0.0,0.0,0.0,0.0,0.0,0.0,0.0,0.0,0.0,0.0,0.0,0.0,0.0,0.0,0.0,0.0,0.0,0.0,0.0,0.0,0.0,0.0,0.0,0.0,0.0,0.0,0.0,0.0,0.0,0.0,0.0,0.0,0.0,0.0,0.0,0.0,0.0,0.0,0.0,0.0,0.0,0.0,0.0,2.0,0.0,0.06666666666666667,-0.06666666666666667,-2.4699999999999998,0.0,0.0,0.0,0.0,0.0,2.0,0.0,0.06666666666666667,-0.06666666666666667,-2.2366666666666664,1.0,0.0,48.7,48.7,1.0,0.0,0.0,0.0,0.0,1.0,0.0,0.0,0.0,0.0,0.0,2.0,0.0,0.06666666666666667,-0.06666666666666667,-2.24,0.0,0.0,0.0,0.0,0.0,2.0,0.0,0.06666666666666667,-0.06666666666666667,-2.36,1.0,0.0,46.9,46.9,1.0,0.0,0.0,0.0,0.0,1.0,1.0,0.0,1.0,0.0,1.0,0.0,1.0,0.0,1.0,0.0,1.0,0.0,1.0,0.0,1.0,0.0,2.0,31.85,1.0,0.0,1.0,0.0,2.0,30.95
light_seed1,light,1,152.25,167.25,6.0,8.905949380880001,16.266666666666666,2.0,8.199999999999989,0.0,0.0,0.0,0.0,0.0,0.0,0.0,0.0,0.0,0.0,0.0,0.0,0.0,0.0,0.0,0.0,0.0,0.0,0.0,0.0,0.0,0.0,0.0,0.0,0.0,0.0,0.0,0.0,0.0,0.0,0.0,0.0,0.0,0.0,0.0,0.0,0.0,0.0,0.0,0.0,0.0,0.0,0.0,0.0,0.0,0.0,0.0,0.0,0.0,0.0,0.0,0.0,0.0,0.0,0.0,0.0,0.0,0.0,0.0,0.0,0.0,0.0,0.0,0.0,0.0,2.0,0.0,0.06666666666666667,-0.06666666666666667,-2.5366666666666666,0.0,0.0,0.0,0.0,0.0,2.0,0.0,0.06666666666666667,-0.06666666666666667,-2.3033333333333332,1.0,0.0,49.7,49.7,1.0,0.0,0.0,0.0,0.0,1.0,0.0,0.0,0.0,0.0,0.0,2.0,0.0,0.06666666666666667,-0.06666666666666667,-2.3066666666666666,0.0,0.0,0.0,0.0,0.0,2.0,0.0,0.06666666666666667,-0.06666666666666667,-2.4266666666666667,1.0,0.0,47.9,47.9,1.0,0.0,0.0,0.0,0.0,1.0,1.0,0.0,1.0,0.0,1.0,0.0,1.0,0.0,1.0,0.0,1.0,0.0,1.0,0.0,1.0,0.0,2.0,32.35,1.0,0.0,1.0,0.0,2.0,31.45
light_seed1,light,1,153.25,168.25,6.0,8.909512138740483,16.599999999999998,2.0,9.199999999999989,0.0,0.0,0.0,0.0,0.0,0.0,0.0,0.0,0.0,0.0,0.0,0.0,0.0,0.0,0.0,0.0,0.0,0.0,0.0,0.0,0.0,0.0,0.0,0.0,0.0,0.0,0.0,0.0,0.0,0.0,0.0,0.0,0.0,0.0,0.0,0.0,0.0,0.0,0.0,0.0,0.0,0.0,0.0,0.0,0.0,0.0,0.0,0.0,0.0,0.0,0.0,0.0,0.0,0.0,0.0,0.0,0.0,0.0,0.0,0.0,0.0,0.0,0.0,0.0,0.0,2.0,0.0,0.06666666666666667,-0.06666666666666667,-2.603333333333333,0.0,0.0,0.0,0.0,0.0,2.0,0.0,0.06666666666666667,-0.06666666666666667,-2.3699999999999997,1.0,0.0,50.7,50.7,1.0,0.0,0.0,0.0,0.0,1.0,0.0,0.0,0.0,0.0,0.0,2.0,0.0,0.06666666666666667,-0.06666666666666667,-2.3733333333333335,0.0,0.0,0.0,0.0,0.0,2.0,0.0,0.06666666666666667,-0.06666666666666667,-2.493333333333333,1.0,0.0,48.9,48.9,1.0,0.0,0.0,0.0,0.0,1.0,1.0,0.0,1.0,0.0,1.0,0.0,1.0,0.0,1.0,0.0,1.0,0.0,1.0,0.0,1.0,0.0,2.0,32.85,1.0,0.0,1.0,0.0,2.0,31.95
light_seed1,light,1,154.25,169.25,6.0,8.909803629229131,16.933333333333334,2.0,10.199999999999989,0.0,0.0,0.0,0.0,0.0,0.0,0.0,0.0,0.0,0.0,0.0,0.0,0.0,0.0,0.0,0.0,0.0,0.0,0.0,0.0,0.0,0.0,0.0,0.0,0.0,0.0,0.0,0.0,0.0,0.0,0.0,0.0,0.0,0.0,0.0,0.0,0.0,0.0,0.0,0.0,0.0,0.0,0.0,0.0,0.0,0.0,0.0,0.0,0.0,0.0,0.0,0.0,0.0,0.0,0.0,0.0,0.0,0.0,0.0,0.0,0.0,0.0,0.0,0.0,0.0,2.0,0.0,0.06666666666666667,-0.06666666666666667,-2.67,0.0,0.0,0.0,0.0,0.0,2.0,0.0,0.06666666666666667,-0.06666666666666667,-2.4366666666666665,1.0,0.0,51.7,51.7,1.0,0.0,0.0,0.0,0.0,1.0,0.0,0.0,0.0,0.0,0.0,2.0,0.0,0.06666666666666667,-0.06666666666666667,-2.44,0.0,0.0,0.0,0.0,0.0,2.0,0.0,0.06666666666666667,-0.06666666666666667,-2.56,1.0,0.0,49.9,49.9,1.0,0.0,0.0,0.0,0.0,1.0,1.0,0.0,1.0,0.0,1.0,0.0,1.0,0.0,1.0,0.0,1.0,0.0,0.0,0.0,1.0,0.0,2.0,33.35,1.0,0.0,1.0,0.0,2.0,32.45
light_seed1,light,1,155.25,170.25,6.0,8.898721621383112,17.266666666666666,2.0,11.199999999999989,0.0,0.0,0.0,0.0,0.0,0.0,0.0,0.0,0.0,0.0,0.0,0.0,0.0,0.0,0.0,0.0,0.0,0.0,0.0,0.0,0.0,0.0,0.0,0.0,0.0,0.0,0.0,0.0,0.0,0.0,0.0,0.0,0.0,0.0,0.0,0.0,0.0,0.0,0.0,0.0,0.0,0.0,0.0,0.0,0.0,0.0,0.0,0.0,0.0,0.0,0.0,0.0,0.0,0.0,0.0,0.0,0.0,0.0,0.0,0.0,0.0,0.0,0.0,0.0,0.0,2.0,0.0,0.06666666666666667,-0.06666666666666667,-2.7366666666666664,0.0,0.0,0.0,0.0,0.0,2.0,0.0,0.06666666666666667,-0.06666666666666667,-2.503333333333333,1.0,0.0,52.7,52.7,1.0,0.0,0.0,0.0,0.0,1.0,0.0,0.0,0.0,0.0,0.0,2.0,0.0,0.06666666666666667,-0.06666666666666667,-2.506666666666667,0.0,0.0,0.0,0.0,0.0,2.0,0.0,0.06666666666666667,-0.06666666666666667,-2.6266666666666665,1.0,0.0,50.9,50.9,1.0,0.0,0.0,0.0,0.0,1.0,1.0,0.0,1.0,0.0,1.0,0.0,1.0,0.0,1.0,0.0,1.0,0.0,0.0,0.0,1.0,0.0,2.0,33.85,1.0,0.0,0.0,0.0,2.0,32.95
light_seed1,light,1,156.25,171.25,6.0,8.912940951346473,17.599999999999998,2.0,12.199999999999989,0.0,0.0,0.0,0.0,0.0,0.0,0.0,0.0,0.0,0.0,0.0,0.0,0.0,0.0,0.0,0.0,0.0,0.0,0.0,0.0,0.0,0.0,0.0,0.0,0.0,0.0,0.0,0.0,0.0,0.0,0.0,0.0,0.0,0.0,0.0,0.0,0.0,0.0,0.0,0.0,0.0,0.0,0.0,0.0,0.0,0.0,0.0,0.0,0.0,0.0,0.0,0.0,0.0,0.0,0.0,0.0,0.0,0.0,0.0,0.0,0.0,0.0,0.0,0.0,0.0,2.0,0.0,0.06666666666666667,-0.06666666666666667,-2.8033333333333332,0.0,0.0,0.0,0.0,0.0,2.0,0.0,0.06666666666666667,-0.06666666666666667,-2.57,1.0,0.0,53.7,53.7,1.0,0.0,0.0,0.0,0.0,1.0,0.0,0.0,0.0,0.0,0.0,2.0,0.0,0.06666666666666667,-0.06666666666666667,-2.5733333333333333,0.0,0.0,0.0,0.0,0.0,2.0,0.0,0.06666666666666667,-0.06666666666666667,-2.6933333333333334,1.0,0.0,51.9,51.9,1.0,0.0,0.0,0.0,0.0,1.0,1.0,0.0,1.0,0.0,1.0,0.0,1.0,0.0,1.0,0.0,1.0,0.0,0.0,0.0,1.0,0.0,2.0,34.35,1.0,0.0,0.0,0.0,2.0,33.45
light_seed1,light,1,157.25,172.25,6.0,8.906188950036666,17.933333333333334,2.0,13.199999999999989,0.0,0.0,0.0,0.0,0.0,0.0,0.0,0.0,0.0,0.0,0.0,0.0,0.0,0.0,0.0,0.0,0.0,0.0,0.0,0.0,0.0,0.0,0.0,0.0,0.0,0.0,0.0,0.0,0.0,0.0,0.0,0.0,0.0,0.0,0.0,0.0,0.0,0.0,0.0,0.0,0.0,0.0,0.0,0.0,0.0,0.0,0.0,0.0,0.0,0.0,0.0,0.0,0.0,0.0,0.0,0.0,0.0,0.0,0.0,0.0,0.0,0.0,0.0,0.0,0.0,2.0,0.0,0.06666666666666667,-0.06666666666666667,-2.8699999999999997,0.0,0.0,0.0,0.0,0.0,2.0,0.0,0.06666666666666667,-0.06666666666666667,-2.6366666666666663,1.0,0.0,54.7,54.7,1.0,0.0,0.0,0.0,0.0,1.0,0.0,0.0,0.0,0.0,0.0,2.0,0.0,0.06666666666666667,-0.06666666666666667,-2.64,0.0,0.0,0.0,0.0,0.0,2.0,0.0,0.06666666666666667,-0.06666666666666667,-2.76,1.0,0.0,52.9,52.9,1.0,0.0,0.0,0.0,0.0,1.0,1.0,0.0,1.0,0.0,1.0,0.85,1.0,0.95,1.0,0.0,1.0,0.0,0.0,0.0,0.0,0.0,2.0,34.85,1.0,0.0,0.0,0.0,2.0,33.95
light_seed1,light,1,158.25,173.25,6.0,8.898431869465405,18.266666666666666,2.0,14.199999999999989,0.0,0.0,0.0,0.0,0.0,0.0,0.0,0.0,0.0,0.0,0.0,0.0,0.0,0.0,0.0,0.0,0.0,0.0,0.0,0.0,0.0,0.0,0.0,0.0,0.0,0.0,0.0,0.0,0.0,0.0,0.0,0.0,0.0,0.0,0.0,0.0,0.0,0.0,0.0,0.0,0.0,0.0,0.0,0.0,0.0,0.0,0.0,0.0,0.0,0.0,0.0,0.0,0.0,0.0,0.0,0.0,0.0,0.0,0.0,0.0,0.0,0.0,0.0,0.0,0.0,2.0,0.0,0.06666666666666667,-0.06666666666666667,-2.9366666666666665,0.0,0.0,0.0,0.0,0.0,2.0,0.0,0.06666666666666667,-0.06666666666666667,-2.703333333333333,1.0,0.0,55.7,55.7,1.0,0.0,0.0,0.0,0.0,1.0,0.0,0.0,0.0,0.0,0.0,2.0,0.0,0.06666666666666667,-0.06666666666666667,-2.7066666666666666,0.0,0.0,0.0,0.0,0.0,2.0,0.0,0.06666666666666667,-0.06666666666666667,-2.8266666666666667,1.0,0.0,53.9,53.9,1.0,0.0,0.0,0.0,0.0,1.0,1.0,0.0,1.0,0.0,1.0,1.85,1.0,1.95,1.0,0.0,1.0,0.9,0.0,0.0,0.0,0.0,2.0,35.35,1.0,0.0,0.0,0.0,2.0,34.45
light_seed1,light,1,159.25,174.25,18.0,10.536115052859703,6.199999999999999,2.0,15.199999999999989,1.0,13.266017154993937,0.0,0.0,0.0,0.0,0.06666666666666667,0.0,0.0,0.0,1.0,10.653471037194983,0.0,0.0,0.0,0.0,0.06666666666666667,0.0,0.0,0.0,1.0,14.606083854543632,0.0,0.0,0.0,0.0,0.06666666666666667,0.0,0.0,0.0,1.0,14.704399670407879,0.0,0.0,0.0,0.0,0.06666666666666667,0.0,0.0,0.0,1.0,12.827239925412627,0.0,0.0,0.0,0.0,0.06666666666666667,0.0,0.0,0.0,1.0,14.62794631356025,0.0,0.0,0.0,0.0,0.06666666666666667,0.0,0.0,0.0,1.0,14.77092852953333,0.0,0.0,0.0,2.0,0.06666666666666667,0.06666666666666667,0.0,0.0,1.0,13.87998615306616,0.0,0.0,0.0,2.0,0.06666666666666667,0.06666666666666667,0.0,0.0,2.0,0.49351506164993836,28.35,56.7,1.0,0.0,0.06666666666666667,0.0,0.0,-0.8900000000000001,1.0,10.260207937879466,0.0,0.0,0.0,2.0,0.06666666666666667,0.06666666666666667,0.0,0.0,1.0,14.628298883704707,0.0,0.0,0.0,2.0,0.06666666666666667,0.06666666666666667,0.0,0.0,2.0,0.4979117772563129,27.45,54.9,1.0,0.0,0.06666666666666667,0.0,0.0,-0.83,2.0,0.3,2.0,0.0,2.0,1.425,2.0,1.475,2.0,0.1,2.0,0.95,1.0,0.0,1.0,0.0,3.0,23.900000000000002,2.0,0.0,1.0,0.0,3.0,23.3
light_seed1,light,1,160.25,175.25,17.0,10.955701899163179,6.68235294117647,2.0,16.19999999999999,1.0,13.256325095558987,0.0,0.0,0.0,0.0,0.06666666666666667,0.0,0.0,0.0,1.0,10.6565521333133,0.0,0.0,0.0,0.0,0.06666666666666667,0.0,0.0,0.0,1.0,15.885184558747584,0.0,0.0,0.0,0.0,0.06666666666666667,0.0,0.0,0.0,1.0,16.46853863551658,0.0,0.0,0.0,0.0,0.06666666666666667,0.0,0.0,0.0,1.0,12.810182339446785,0.0,0.0,0.0,0.0,0.06666666666666667,0.0,0.0,0.0,1.0,14.668836890205403,0.0,0.0,0.0,0.0,0.06666666666666667,0.0,0.0,0.0,1.0,17.40451126857617,0.0,0.0,0.0,2.0,0.06666666666666667,0.0,0.0,0.0,1.0,13.839868225540966,0.0,0.0,0.0,2.0,0.06666666666666667,0.0,0.0,0.0,2.0,1.93654899355513,28.85,57.7,1.0,0.0,0.06666666666666667,0.0,0.0,-0.9233333333333335,1.0,10.202283955901374,0.0,0.0,0.0,2.0,0.06666666666666667,0.0,0.0,0.0,1.0,15.755418370103563,0.0,0.0,0.0,2.0,0.06666666666666667,0.0,0.0,0.0,2.0,1.8762842274657665,27.95,55.9,1.0,0.0,0.06666666666666667,0.0,0.0,-0.8633333333333333,2.0,0.8,2.0,0.0,2.0,1.925,2.0,1.975,2.0,0.6,2.0,1.45,1.0,0.0,1.0,0.0,3.0,24.233333333333334,2.0,0.0,1.0,0.0,3.0,23.633333333333336
light_seed1,light,1,161.25,176.25,17.0,11.32969022511303,6.8,2.0,17.19999999999999,1.0,13.223733719090447,0.0,0.0,0.0,0.0,0.06666666666666667,0.0,0.0,0.0,1.0,10.676307316015393,0.0,0.0,0.0,0.0,0.06666666666666667,0.0,0.0,0.0,1.0,15.841316260836685,0.0,0.0,0.0,0.0,0.06666666666666667,0.0,0.0,0.0,1.0,16.435127991213502,0.0,0.0,0.0,0.0,0.06666666666666667,0.0,0.0,0.0,1.0,12.786787795217874,0.0,0.0,0.0,0.0,0.06666666666666667,0.0,0.0,0.0,1.0,14.69392886369502,0.0,0.0,0.0,0.0,0.06666666666666667,0.0,0.0,0.0,1.0,19.334989136876423,0.0,0.0,0.0,2.0,0.06666666666666667,0.0,0.0,0.0,1.0,13.842587609689684,0.0,0.0,0.0,2.0,0.06666666666666667,0.0,0.0,0.0,2.0,3.0588138260979885,29.35,58.7,1.0,0.0,0.06666666666666667,0.0,0.0,-0.9566666666666668,1.0,10.199346394225001,0.0,0.0,0.0,2.0,0.06666666666666667,0.0,0.0,0.0,1.0,15.681529634534947,0.0,0.0,0.0,2.0,0.06666666666666667,0.0,0.0,0.0,2.0,3.051931872969396,28.45,56.9,1.0,0.0,0.06666666666666667,0.0,0.0,-0.8966666666666666,2.0,1.3,2.0,0.0,2.0,2.425,2.0,2.475,2.0,1.1,2.0,1.95,1.0,0.0,1.0,0.0,3.0,24.566666666666666,2.0,0.0,1.0,0.0,3.0,23.96666666666667
light_seed1,light,1,162.25,177.25,17.0,11.646605756603016,6.917647058823529,2.0,18.19999999999999,1.0,13.271190292589814,0.0,0.0,0.0,0.0,0.06666666666666667,0.0,0.0,0.0,1.0,10.659575888124213,0.0,0.0,0.0,0.0,0.06666666666666667,0.0,0.0,0.0,1.0,15.79295885526798,0.0,0.0,0.0,0.0,0.06666666666666667,0.0,0.0,0.0,1.0,16.500936732540413,0.0,0.0,0.0,0.0,0.06666666666666667,0.0,0.0,0.0,1.0,12.832949124293567,0.0,0.0,0.0,0.0,0.06666666666666667,0.0,0.0,0.0,1.0,14.718927632509859,0.0,0.0,0.0,0.0,0.06666666666666667,0.0,0.0,0.0,1.0,19.314504512904563,0.0,0.0,0.0,2.0,0.06666666666666667,0.0,0.0,0.0,1.0,13.837980858959257,0.0,0.0,0.0,2.0,0.06666666666666667,0.0,0.0,0.0,2.0,4.358970457774353,29.85,59.7,1.0,0.0,0.06666666666666667,0.0,0.0,-0.9900000000000001,1.0,10.248796924407804,0.0,0.0,0.0,2.0,0.06666666666666667,0.0,0.0,0.0,1.0,15.755666545079421,0.0,0.0,0.0,2.0,0.06666666666666667,0.0,0.0,0.0,2.0,4.335246481195461,28.95,57.9,1.0,0.0,0.06666666666666667,0.0,0.0,-0.9299999999999999,2.0,1.8,2.0,0.35,2.0,2.925,2.0,2.975,2.0,1.6,2.0,2.45,1.0,0.0,1.0,0.0,3.0,0.0,2.0,0.1,1.0,0.0,3.0,0.0
light_seed1,light,1,163.25,178.25,17.0,11.92998336546899,7.035294117647059,2.0,19.19999999999999,1.0,13.235791785667168,0.0,0.0,0.0,0.0,0.06666666666666667,0.0,0.0,0.0,1.0,10.65435768340613,0.0,0.0,0.0,0.0,0.06666666666666667,0.0,0.0,0.0,1.0,15.842890413952308,0.0,0.0,0.0,0.0,0.06666666666666667,0.0,0.0,0.0,1.0,16.43941489207935,0.0,0.0,0.0,0.0,0.06666666666666667,0.0,0.0,0.0,1.0,12.819687571184875,0.0,0.0,0.0,0.0,0.06666666666666667,0.0,0.0,0.0,1.0,14.625357651321812,0.0,0.0,0.0,0.0,0.06666666666666667,0.0,0.0,0.0,1.0,19.439461455414655,0.0,0.0,0.0,2.0,0.06666666666666667,0.0,0.0,0.0,1.0,13.844778374612332,0.0,0.0,0.0,2.0,0.06666666666666667,0.0,0.0,0.0,2.0,5.631043139582274,30.35,60.7,1.0,0.0,0.06666666666666667,0.0,0.0,-1.0233333333333334,1.0,10.232962224294177,0.0,0.0,0.0,2.0,0.06666666666666667,0.0,0.0,0.0,1.0,15.730791771940986,0.0,0.0,0.0,2.0,0.06666666666666667,0.0,0.0,0.0,2.0,5.502224211953839,29.45,58.9,1.0,0.0,0.06666666666666667,0.0,0.0,-0.9633333333333333,2.0,2.3,2.0,0.85,2.0,3.425,2.0,3.475,2.0,2.1,2.0,2.95,1.0,0.0,1.0,0.0,2.0,0.0,2.0,0.6,1.0,0.0,2.0,0.0
light_seed1,light,1,164.25,179.25,15.0,11.99580941021835,8.106666666666666,2.0,20.19999999999999,1.0,13.268292815715522,0.0,0.0,0.0,0.0,0.06666666666666667,0.0,0.0,0.0,1.0,10.648016189291061,0.0,0.0,0.0,0.0,0.06666666666666667,0.0,0.0,0.0,1.0,15.727209984930015,0.0,0.0,0.0,0.0,0.06666666666666667,0.0,0.0,0.0,1.0,16.51041625351789,0.0,0.0,0.0,0.0,0.06666666666666667,0.0,0.0,0.0,1.0,12.803704556683243,0.0,0.0,0.0,0.0,0.06666666666666667,0.0,0.0,0.0,1.0,14.692906409131957,0.0,0.0,0.0,0.0,0.06666666666666667,0.0,0.0,0.0,1.0,19.365855148708334,0.0,0.0,0.0,2.0,0.06666666666666667,0.0,0.0,0.0,1.0,13.846022300492972,0.0,0.0,0.0,2.0,0.06666666666666667,0.0,0.0,0.0,2.0,6.295313505116894,30.85,61.7,1.0,0.0,0.06666666666666667,0.0,0.0,-1.0566666666666669,1.0,10.197755606736035,0.0,0.0,0.0,2.0,0.06666666666666667,0.0,0.0,0.0,1.0,15.728492835077324,0.0,0.0,0.0,2.0,0.06666666666666667,0.0,0.0,0.0,2.0,6.3079557589279185,29.95,59.9,1.0,0.0,0.06666666666666667,0.0,0.0,-0.9966666666666666,2.0,2.8,2.0,1.35,2.0,3.925,2.0,3.975,2.0,2.6,2.0,3.45,1.0,0.0,1.0,0.0,2.0,0.0,2.0,1.1,1.0,0.0,2.0,0.0
light_seed1,light,1,165.25,180.25,15.0,11.997725279229225,8.24,2.0,21.19999999999999,1.0,13.226158512454928,0.0,0.0,0.0,0.0,0.06666666666666667,0.0,0.0,0.0,1.0,10.657866687922658,0.0,0.0,0.0,0.0,0.06666666666666667,0.0,0.0,0.0,1.0,15.866796943100766,0.0,0.0,0.0,0.0,0.06666666666666667,0.0,0.0,0.0,1.0,16.522811215082456,0.0,0.0,0.0,0.0,0.06666666666666667,0.0,0.0,0.0,1.0,12.803600168772208,0.0,0.0,0.0,0.0,0.06666666666666667,0.0,0.0,0.0,1.0,14.648029512037883,0.0,0.0,0.0,0.0,0.06666666666666667,0.0,0.0,0.0,1.0,19.292869835928784,0.0,0.0,0.0,2.0,0.06666666666666667,0.0,0.0,0.0,1.0,13.835028424791993,0.0,0.0,0.0,2.0,0.06666666666666667,0.0,0.0,0.0,2.0,6.295511530916367,31.35,62.7,1.0,0.0,0.06666666666666667,0.0,0.0,-1.09,1.0,10.213903462480964,0.0,0.0,0.0,2.0,0.06666666666666667,0.0,0.0,0.0,1.0,15.76612548676958,0.0,0.0,0.0,2.0,0.06666666666666667,0.0,0.0,0.0,2.0,6.299672552861802,30.45,60.9,1.0,0.0,0.06666666666666667,0.0,0.0,-1.03,2.0,3.3,2.0,1.85,2.0,4.425,2.0,4.475,2.0,3.1,2.0,3.95,1.0,0.0,1.0,0.0,1.0,0.0,2.0,1.6,1.0,0.0,1.0,0.0
light_seed1,light,1,166.25,181.25,14.0,11.998153266081925,8.971428571428572,2.0,22.19999999999999,1.0,13.230324372519256,0.0,0.0,0.0,0.0,0.06666666666666667,0.0,0.0,0.0,1.0,10.653371166086675,0.0,0.0,0.0,0.0,0.06666666666666667,0.0,0.0,0.0,1.0,15.719612643577872,0.0,0.0,0.0,0.0,0.06666666666666667,0.0,0.0,0.0,1.0,16.514176843315635,0.0,0.0,0.0,0.0,0.06666666666666667,0.0,0.0,0.0,1.0,12.812386099623682,0.0,0.0,0.0,0.0,0.06666666666666667,0.0,0.0,0.0,1.0,14.695342851228908,0.0,0.0,0.0,0.0,0.06666666666666667,0.0,0.0,0.0,1.0,19.40060949945194,0.0,0.0,0.0,2.0,0.06666666666666667,0.0,0.0,0.0,1.0,13.847183539351448,0.0,0.0,0.0,2.0,0.06666666666666667,0.0,0.0,0.0,2.0,6.298691422752266,31.85,63.7,1.0,0.0,0.06666666666666667,0.0,0.0,-1.1233333333333335,1.0,10.242933361117473,0.0,0.0,0.0,2.0,0.06666666666666667,0.0,0.0,0.0,1.0,15.695280622556439,0.0,0.0,0.0,2.0,0.06666666666666667,0.0,0.0,0.0,2.0,6.282770940406544,30.95,61.9,1.0,0.0,0.06666666666666667,0.0,0.0,-1.0633333333333332,2.0,3.8,2.0,2.35,2.0,4.925,2.0,4.975,2.0,3.6,2.0,4.45,1.0,0.0,1.0,0.0,1.0,0.0,2.0,2.1,1.0,0.0,1.0,0.0
light_seed1,light,1,167.25,182.25,14.0,11.99442161353659,9.114285714285714,2.0,23.19999999999999,1.0,13.249051343987212,0.0,0.0,0.0,0.0,0.06666666666666667,0.0,0.0,0.0,1.0,10.64065891328539,0.0,0.0,0.0,0.0,0.06666666666666667,0.0,0.0,0.0,1.0,15.808351352222628,0.0,0.0,0.0,0.0,0.06666666666666667,0.0,0.0,0.0,1.0,16.421676038232672,0.0,0.0,0.0,0.0,0.06666666666666667,0.0,0.0,0.0,1.0,12.785917339923026,0.0,0.0,0.0,0.0,0.06666666666666667,0.0,0.0,0.0,1.0,14.663332284652988,0.0,0.0,0.0,0.0,0.06666666666666667,0.0,0.0,0.0,1.0,19.33643879071763,0.0,0.0,0.0,2.0,0.06666666666666667,0.0,0.0,0.0,1.0,13.856677825072781,0.0,0.0,0.0,2.0,0.06666666666666667,0.0,0.0,0.0,2.0,6.275420270608549,32.35,64.7,1.0,0.0,0.06666666666666667,0.0,0.0,-1.1566666666666667,1.0,10.267301330991765,0.0,0.0,0.0,2.0,0.06666666666666667,0.0,0.0,0.0,1.0,15.764143369710638,0.0,0.0,0.0,2.0,0.06666666666666667,0.0,0.0,0.0,2.0,6.288756729749211,31.45,62.9,1.0,0.0,0.06666666666666667,0.0,0.0,-1.0966666666666667,2.0,4.3,2.0,2.85,2.0,5.425,2.0,5.475,2.0,4.1,2.0,4.95,1.0,0.0,1.0,0.0,1.0,0.0,2.0,2.6,1.0,0.0,1.0,0.0
light_seed1,light,1,168.25,183.25,14.0,11.688487913285835,9.257142857142856,2.0,24.19999999999999,1.0,13.236573602391855,0.0,0.0,0.0,0.0,0.06666666666666667,0.0,0.0,0.0,1.0,10.664027671202005,0.0,0.0,0.0,0.0,0.06666666666666667,0.0,0.0,0.0,1.0,15.858084776600954,0.0,0.0,0.0,0.0,0.06666666666666667,0.0,0.0,0.0,1.0,15.446628889057322,0.0,0.0,0.0,0.0,0.06666666666666667,0.0,0.0,0.0,1.0,12.805481810089367,0.0,0.0,0.0,0.0,0.06666666666666667,0.0,0.0,0.0,1.0,14.6212012411469,0.0,0.0,0.0,0.0,0.06666666666666667,0.0,0.0,0.0,1.0,15.990910226476037,0.0,0.0,0.0,2.0,0.06666666666666667,0.0,0.0,0.0,1.0,13.849616705803202,0.0,0.0,0.0,2.0,0.06666666666666667,0.0,0.0,0.0,2.0,6.2725797441803595,32.85,65.7,1.0,0.0,0.06666666666666667,0.0,0.0,-1.1900000000000002,1.0,10.225195680370533,0.0,0.0,0.0,2.0,0.06666666666666667,0.0,0.0,0.0,1.0,15.782434226059687,0.0,0.0,0.0,2.0,0.06666666666666667,0.0,0.0,0.0,2.0,6.306758234221551,31.95,63.9,1.0,0.0,0.06666666666666667,0.0,0.0,-1.13,2.0,4.8,2.0,3.35,2.0,5.925,2.0,5.975,2.0,4.6,2.0,5.45,1.0,0.0,1.0,0.0,1.0,0.0,2.0,3.1,1.0,0.0,1.0,0.0
light_seed1,light,1,169.25,184.25,14.0,11.037184427355495,9.400000000000002,2.0,25.19999999999999,1.0,13.228893418970035,0.0,0.0,0.0,0.0,0.06666666666666667,0.0,0.0,0.0,1.0,10.662684060142293,0.0,0.0,0.0,0.0,0.06666666666666667,0.0,0.0,0.0,1.0,13.109602550126251,0.0,0.0,0.0,0.0,0.06666666666666667,0.0,0.0,0.0,1.0,10.447300130493984,0.0,0.0,0.0,0.0,0.06666666666666667,0.0,0.0,0.0,1.0,12.83462731354514,0.0,0.0,0.0,0.0,0.06666666666666667,0.0,0.0,0.0,1.0,14.716760469620477,0.0,0.0,0.0,0.0,0.06666666666666667,0.0,0.0,0.0,0.0,0.0,0.0,0.0,0.0,2.0,0.0,0.0,0.0,0.0,1.0,13.849408629732206,0.0,0.0,0.0,2.0,0.06666666666666667,0.0,0.0,0.0,2.0,6.271920031686707,33.35,66.7,1.0,0.0,0.06666666666666667,0.0,0.0,-1.2233333333333334,1.0,10.233179235375,0.0,0.0,0.0,2.0,0.06666666666666667,0.0,0.0,0.0,1.0,15.711047358378401,0.0,0.0,0.0,2.0,0.06666666666666667,0.0,0.0,0.0,2.0,6.2692724784644716,32.45,64.9,1.0,0.0,0.06666666666666667,0.0,0.0,-1.163333333333333,2.0,5.3,2.0,3.85,2.0,6.425,2.0,6.475,2.0,5.1,2.0,5.95,1.0,0.0,1.0,0.0,1.0,0.0,2.0,3.6,1.0,0.0,1.0,0.0
light_seed1,light,1,170.25,185.25,14.0,10.005129921331545,9.542857142857144,2.0,26.19999999999999,1.0,13.237378807241544,0.0,0.0,0.0,0.0,0.06666666666666667,0.0,0.0,0.0,1.0,10.629473007102415,0.0,0.0,0.0,0.0,0.06666666666666667,0.0,0.0,0.0,1.0,7.131548738726287,0.0,0.0,0.0,0.0,0.06666666666666667,0.0,0.0,0.0,1.0,5.44868480478214,0.0,0.0,0.0,0.0,0.06666666666666667,0.0,0.0,0.0,1.0,12.817638953598381,0.0,0.0,0.0,0.0,0.06666666666666667,0.0,0.0,0.0,1.0,10.74078575993017,0.0,0.0,0.0,0.0,0.06666666666666667,0.0,0.0,0.0,0.0,0.0,0.0,0.0,0.0,2.0,0.0,0.0,0.0,0.0,1.0,13.867284794844688,0.0,0.0,0.0,2.0,0.06666666666666667,0.0,0.0,0.0,2.0,6.267068742612421,33.85,67.7,1.0,0.0,0.06666666666666667,0.0,0.0,-1.2566666666666668,1.0,10.211266096403568,0.0,0.0,0.0,2.0,0.06666666666666667,0.0,0.0,0.0,0.0,0.0,0.0,0.0,0.0,2.0,0.0,0.0,0.0,0.0,2.0,6.309489814191537,32.95,65.9,1.0,0.0,0.06666666666666667,0.0,0.0,-1.1966666666666663,2.0,5.8,2.0,4.35,2.0,6.925,2.0,6.975,2.0,5.6,2.0,6.45,1.0,0.0,1.0,0.0,1.0,0.0,2.0,4.1,1.0,0.0,1.0,0.0
light_seed1,light,1,171.25,186.25,14.0,8.861993927397377,9.685714285714287,2.0,27.19999999999999,1.0,10.937589510264006,0.0,0.0,0.0,0.0,0.06666666666666667,0.0,0.0,0.0,1.0,10.641327273250477,0.0,0.0,0.0,0.0,0.06666666666666667,0.0,0.0,0.0,1.0,1.1315487387262897,0.0,0.0,0.0,0.0,0.06666666666666667,0.0,0.0,0.0,1.0,0.4730559002953105,0.0,0.0,0.0,0.0,0.06666666666666667,0.0,0.0,0.0,1.0,12.739184492848322,0.0,0.0,0.0,0.0,0.06666666666666667,0.0,0.0,0.0,1.0,5.740785759930169,0.0,0.0,0.0,0.0,0.06666666666666667,0.0,0.0,0.0,0.0,0.0,0.0,0.0,0.0,2.0,0.0,0.0,0.0,0.0,1.0,13.842782919332386,0.0,0.0,0.0,2.0,0.06666666666666667,0.0,0.0,0.0,2.0,6.299391033703971,34.35,68.7,1.0,0.0,0.06666666666666667,0.0,0.0,-1.29,1.0,10.215940452371003,0.0,0.0,0.0,2.0,0.06666666666666667,0.0,0.0,0.0,0.0,0.0,0.0,0.0,0.0,2.0,0.0,0.0,0.0,0.0,2.0,6.2974496371637265,33.45,66.9,1.0,0.0,0.06666666666666667,0.0,0.0,-1.2299999999999998,2.0,6.3,2.0,4.85,2.0,7.425,2.0,7.475,2.0,6.1,2.0,6.95,1.0,0.0,1.0,0.85,1.0,0.0,2.0,4.6,1.0,0.0,1.0,0.0
light_seed1,light,1,172.25,187.25,14.0,7.889336844880433,9.957142857142857,4.0,28.19999999999999,1.0,6.441174641859407,0.0,0.0,0.0,0.0,0.06666666666666667,0.0,0.0,0.0,1.0,10.675137496470393,0.0,0.0,0.0,0.0,0.06666666666666667,0.0,0.0,0.0,1.0,0.0,0.85,0.85,1.0,0.0,0.06666666666666667,0.0,0.06666666666666667,0.056666666666666664,1.0,0.0,0.95,0.95,1.0,0.0,0.06666666666666667,0.0,0.06666666666666667,0.06333333333333332,1.0,8.253158072772006,0.0,0.0,0.0,0.0,0.06666666666666667,0.0,0.0,0.0,1.0,0.7429772533787898,0.0,0.0,0.0,0.0,0.06666666666666667,0.0,0.0,0.0,0.0,0.0,0.0,0.0,0.0,2.0,0.0,0.0,0.0,0.0,0.0,0.0,0.0,0.0,0.0,2.0,0.0,0.0,0.0,0.0,2.0,6.294817507192886,34.85,69.7,1.0,0.0,0.06666666666666667,0.0,0.0,-1.3233333333333335,1.0,10.241866531358545,0.0,0.0,0.0,2.0,0.06666666666666667,0.0,0.0,0.0,0.0,0.0,0.0,0.0,0.0,2.0,0.0,0.0,0.0,0.0,2.0,6.2773201332789075,33.95,67.9,1.0,0.0,0.06666666666666667,0.0,0.0,-1.263333333333333,2.0,6.8,2.0,5.35,2.0,7.925,2.0,7.975,2.0,6.6,2.0,7.45,1.0,0.0,1.0,1.85,1.0,0.0,2.0,5.1,1.0,0.0,1.0,0.0
light_seed1,light,1,173.25,188.25,14.0,6.944492759385708,10.307142857142859,5.0,29.19999999999999,1.0,1.9521696470291445,0.0,0.0,0.0,0.0,0.06666666666666667,0.0,0.0,0.0,1.0,10.657965832876892,0.0,0.0,0.0,0.0,0.06666666666666667,0.0,0.0,0.0,1.0,0.0,1.85,1.85,1.0,0.0,0.06666666666666667,0.0,0.06666666666666667,0.12333333333333334,1.0,0.0,1.95,1.95,1.0,0.0,0.06666666666666667,0.0,0.06666666666666667,0.13,1.0,3.7587004931322805,0.0,0.0,0.0,0.0,0.06666666666666667,0.0,0.0,0.0,1.0,0.0,0.9,0.9,1.0,0.0,0.06666666666666667,0.0,0.06666666666666667,0.060000000000000005,0.0,0.0,0.0,0.0,0.0,2.0,0.0,0.0,0.0,0.0,0.0,0.0,0.0,0.0,0.0,2.0,0.0,0.0,0.0,0.0,2.0,5.4124101271133815,35.35,70.7,1.0,0.0,0.06666666666666667,0.0,0.0,-1.3566666666666667,1.0,10.243439985892481,0.0,0.0,0.0,2.0,0.06666666666666667,0.0,0.0,0.0,0.0,0.0,0.0,0.0,0.0,2.0,0.0,0.0,0.0,0.0,2.0,5.442182413509483,34.45,68.9,1.0,0.0,0.06666666666666667,0.0,0.0,-1.2966666666666664,2.0,7.3,2.0,5.85,2.0,8.425,2.0,8.475,2.0,7.1,2.0,7.95,1.0,0.85,1.0,2.85,0.0,0.0,2.0,5.6,1.0,0.0,1.0,0.0
light_seed1,light,1,174.25,189.25,26.0,6.7921829153913835,5.773076923076924,7.0,0.19999999999998863,2.0,1.4971683889227632,0.3,0.6,1.0,0.0,0.06666666666666667,0.0,0.06666666666666667,0.02,2.0,11.292458919236239,0.0,0.0,0.0,0.0,0.06666666666666667,0.0,0.0,0.0,2.0,0.7961213863966473,1.425,2.85,1.0,0.0,0.06666666666666667,0.0,0.06666666666666667,0.095,2.0,1.1417202294232496,1.475,2.95,1.0,0.0,0.06666666666666667,0.0,0.06666666666666667,0.09833333333333334,2.0,2.2917908144442145,0.1,0.2,1.0,0.0,0.06666666666666667,0.0,0.06666666666666667,0.006666666666666667,2.0,0.9867111721506817,0.95,1.9,1.0,0.0,0.06666666666666667,0.0,0.06666666666666667,0.06333333333333332,1.0,13.84264110893244,0.0,0.0,0.0,1.0,0.06666666666666667,0.06666666666666667,0.0,0.0,1.0,15.575725021854048,0.0,0.0,0.0,1.0,0.06666666666666667,0.06666666666666667,0.0,0.0,3.0,4.706133947285636,23.900000000000002,71.7,1.0,0.0,0.06666666666666667,0.0,0.0,-0.29666666666666663,2.0,11.028538090312953,0.0,0.0,0.0,1.0,0.06666666666666667,0.0,0.0,0.0,1.0,11.989652572155464,0.0,0.0,0.0,1.0,0.06666666666666667,0.06666666666666667,0.0,0.0,3.0,4.70576072139577,23.3,69.9,1.0,0.0,0.06666666666666667,0.0,0.0,-0.27666666666666656,2.0,7.8,2.0,6.35,2.0,8.925,2.0,8.975,2.0,7.6,2.0,8.45,1.0,1.85,1.0,3.85,0.0,0.0,2.0,6.1,1.0,0.0,1.0,0.0
light_seed1,light,1,175.25,190.25,26.0,6.998367560689109,6.042307692307693,7.0,1.1999999999999886,2.0,2.487236971594572,0.8,1.6,1.0,0.0,0.06666666666666667,0.0,0.06666666666666667,0.05333333333333334,2.0,9.050069666515478,0.0,0.0,0.0,0.0,0.06666666666666667,0.0,0.0,0.0,2.0,1.6520715510185846,1.925,3.85,1.0,0.0,0.06666666666666667,0.0,0.06666666666666667,0.12833333333333333,2.0,2.2279508491835496,1.975,3.95,1.0,0.0,0.06666666666666667,0.0,0.06666666666666667,0.13166666666666668,2.0,3.267029459448205,0.6,1.2,1.0,0.0,0.06666666666666667,0.0,0.06666666666666667,0.04,2.0,1.9369318009187309,1.45,2.9,1.0,0.0,0.06666666666666667,0.0,0.06666666666666667,0.09666666666666666,1.0,13.886929089012556,0.0,0.0,0.0,1.0,0.06666666666666667,0.06666666666666667,0.0,0.0,1.0,16.576127977777276,0.0,0.0,0.0,1.0,0.06666666666666667,0.06666666666666667,0.0,0.0,3.0,4.350428588160818,24.233333333333334,72.7,1.0,0.0,0.06666666666666667,0.0,0.0,-0.3077777777777778,2.0,11.56979861412455,0.0,0.0,0.0,1.0,0.06666666666666667,0.0,0.0,0.0,1.0,11.970305543274153,0.0,0.0,0.0,1.0,0.06666666666666667,0.06666666666666667,0.0,0.0,3.0,4.366789545352895,23.633333333333336,70.9,1.0,0.0,0.06666666666666667,0.0,0.0,-0.2877777777777775,2.0,8.3,2.0,6.85,2.0,9.425,2.0,9.475,2.0,8.1,2.0,8.95,1.0,2.85,1.0,4.85,0.0,0.0,2.0,6.6,1.0,0.95,0.0,0.0
light_seed1,light,1,176.25,191.25,26.0,6.987286767072178,6.311538461538462,7.0,2.1999999999999886,2.0,3.4934704261146883,1.3,2.6,1.0,0.0,0.06666666666666667,0.0,0.06666666666666667,0.08666666666666667,2.0,6.808728757068872,0.0,0.0,0.0,0.0,0.06666666666666667,0.0,0.0,0.0,2.0,2.486538710598091,2.425,4.85,1.0,0.0,0.06666666666666667,0.0,0.06666666666666667,0.16166666666666665,2.0,3.2999397128789645,2.475,4.95,1.0,0.0,0.06666666666666667,0.0,0.06666666666666667,0.165,2.0,4.299173515580734,1.1,2.2,1.0,0.0,0.06666666666666667,0.0,0.06666666666666667,0.07333333333333333,2.0,2.9432212591539897,1.95,3.9,1.0,0.0,0.06666666666666667,0.0,0.06666666666666667,0.13,1.0,13.851786276460626,0.0,0.0,0.0,1.0,0.06666666666666667,0.06666666666666667,0.0,0.0,1.0,16.629491554107517,0.0,0.0,0.0,1.0,0.06666666666666667,0.06666666666666667,0.0,0.0,3.0,4.237383767130109,24.566666666666666,73.7,1.0,0.0,0.06666666666666667,0.0,0.0,-0.318888888888889,2.0,9.080888419785348,0.0,0.0,0.0,1.0,0.06666666666666667,0.0,0.0,0.0,1.0,11.974527342338115,0.0,0.0,0.0,1.0,0.06666666666666667,0.06666666666666667,0.0,0.0,3.0,4.239504114386219,23.96666666666667,71.9,1.0,0.0,0.06666666666666667,0.0,0.0,-0.2988888888888887,2.0,8.8,2.0,7.35,2.0,9.925,2.0,9.975,2.0,8.6,2.0,9.45,1.0,3.85,1.0,5.85,0.0,0.0,2.0,7.175,1.0,1.95,0.0,0.0
light_seed1,light,1,177.25,192.25,26.0,7.197552617290494,0.9384615384615386,7.0,0.19999999999998863,2.0,4.562095457090365,1.8,3.6,1.0,0.0,0.06666666666666667,0.0,0.06666666666666667,0.12000000000000001,2.0,5.998921201850753,0.35,0.7,1.0,0.0,0.06666666666666667,0.0,0.06666666666666667,0.02333333333333333,2.0,3.345950461216689,2.925,5.85,1.0,0.0,0.06666666666666667,0.0,0.06666666666666667,0.19499999999999998,2.0,4.512278778611401,2.975,5.95,1.0,0.0,0.06666666666666667,0.0,0.06666666666666667,0.19833333333333333,2.0,5.256190038334145,1.6,3.2,1.0,0.0,0.06666666666666667,0.0,0.06666666666666667,0.10666666666666667,2.0,3.95182086679114,2.45,4.9,1.0,0.0,0.06666666666666667,0.0,0.06666666666666667,0.16333333333333336,1.0,13.842146357899765,0.0,0.0,0.0,0.0,0.06666666666666667,0.06666666666666667,0.0,0.0,1.0,16.669362496074292,0.0,0.0,0.0,0.0,0.06666666666666667,0.06666666666666667,0.0,0.0,3.0,4.688834583379543,0.0,0.0,0.0,2.0,0.06666666666666667,0.0,-0.06666666666666667,-1.99,2.0,6.919705287377001,0.1,0.2,1.0,0.0,0.06666666666666667,0.0,0.06666666666666667,0.006666666666666667,1.0,11.979839252850507,0.0,0.0,0.0,0.0,0.06666666666666667,0.06666666666666667,0.0,0.0,3.0,4.172992204580991,0.0,0.0,0.0,2.0,0.06666666666666667,0.0,-0.06666666666666667,-1.93,2.0,0.0,2.0,0.0,2.0,10.425,2.0,0.0,2.0,0.0,2.0,9.95,1.0,4.85,1.0,6.85,0.0,0.0,2.0,8.174999999999999,1.0,2.95,0.0,0.0
light_seed1,light,1,178.25,193.25,26.0,7.816036146716735,1.2076923076923076,7.0,1.1999999999999886,2.0,5.463870583459113,2.3,4.6,1.0,0.0,0.06666666666666667,0.0,0.06666666666666667,0.15333333333333332,2.0,5.98553291182383,0.85,1.7,1.0,0.0,0.06666666666666667,0.0,0.06666666666666667,0.056666666666666664,2.0,4.194032758542286,3.425,6.85,1.0,0.0,0.06666666666666667,0.0,0.06666666666666667,0.22833333333333333,2.0,5.444268310387338,3.475,6.95,1.0,0.0,0.06666666666666667,0.0,0.06666666666666667,0.23166666666666666,2.0,6.20536933405585,2.1,4.2,1.0,0.0,0.06666666666666667,0.0,0.06666666666666667,0.14,2.0,4.969823819995127,2.95,5.9,1.0,0.0,0.06666666666666667,0.0,0.06666666666666667,0.19666666666666668,1.0,13.826783929669764,0.0,0.0,0.0,0.0,0.06666666666666667,0.06666666666666667,0.0,0.0,1.0,16.643277758378538,0.0,0.0,0.0,0.0,0.06666666666666667,0.06666666666666667,0.0,0.0,2.0,7.854084906307415,0.0,0.0,0.0,2.0,0.06666666666666667,0.06666666666666667,-0.06666666666666667,-2.0233333333333334,2.0,6.920500431417022,0.6,1.2,1.0,0.0,0.06666666666666667,0.0,0.06666666666666667,0.04,1.0,11.974387299986557,0.0,0.0,0.0,0.0,0.06666666666666667,0.06666666666666667,0.0,0.0,2.0,6.345745723662626,0.0,0.0,0.0,2.0,0.06666666666666667,0.06666666666666667,-0.06666666666666667,-1.9633333333333334,1.0,0.0,1.0,0.0,2.0,10.925,1.0,0.0,1.0,0.0,2.0,10.45,1.0,5.85,1.0,7.85,0.0,0.0,2.0,9.174999999999999,1.0,3.95,0.0,0.0
light_seed1,light,1,179.25,194.25,26.0,8.413523808083045,1.4769230769230768,7.0,2.1999999999999886,2.0,6.4192164400035665,2.8,5.6,1.0,0.0,0.06666666666666667,0.0,0.06666666666666667,0.18666666666666665,2.0,5.998698224807158,1.35,2.7,1.0,0.0,0.06666666666666667,0.0,0.06666666666666667,0.09000000000000001,2.0,4.999535116851741,3.925,7.85,1.0,0.0,0.06666666666666667,0.0,0.06666666666666667,0.26166666666666666,2.0,6.54936631839415,3.975,7.95,1.0,0.0,0.06666666666666667,0.0,0.06666666666666667,0.265,2.0,6.597001080569999,2.6,5.2,1.0,0.0,0.06666666666666667,0.0,0.06666666666666667,0.17333333333333334,2.0,5.9224492218423155,3.45,6.9,1.0,0.0,0.06666666666666667,0.0,0.06666666666666667,0.23,1.0,13.875102958151839,0.0,0.0,0.0,0.0,0.06666666666666667,0.06666666666666667,0.0,0.0,1.0,16.574331947851928,0.0,0.0,0.0,0.0,0.06666666666666667,0.06666666666666667,0.0,0.0,2.0,8.745986344990362,0.0,0.0,0.0,2.0,0.06666666666666667,0.06666666666666667,-0.06666666666666667,-2.0566666666666666,2.0,6.917473945929669,1.1,2.2,1.0,0.0,0.06666666666666667,0.0,0.06666666666666667,0.07333333333333333,1.0,11.97381764234975,0.0,0.0,0.0,0.0,0.06666666666666667,0.06666666666666667,0.0,0.0,2.0,7.093019718079888,0.0,0.0,0.0,2.0,0.06666666666666667,0.06666666666666667,-0.06666666666666667,-1.9966666666666666,1.0,0.0,1.0,0.0,2.0,11.425,1.0,0.0,1.0,0.0,2.0,10.95,1.0,6.85,1.0,8.85,0.0,0.0,2.0,10.174999999999999,1.0,4.95,0.0,0.0
light_seed1,light,1,180.25,195.25,25.0,8.486860834340758,1.8159999999999998,7.0,3.1999999999999886,2.0,6.9408097496011765,3.3,6.6,1.0,0.0,0.06666666666666667,0.0,0.06666666666666667,0.22,2.0,5.994603550551692,1.85,3.7,1.0,0.0,0.06666666666666667,0.0,0.06666666666666667,0.12333333333333334,2.0,5.570798189963451,4.425,8.85,1.0,0.0,0.06666666666666667,0.0,0.06666666666666667,0.295,2.0,7.654025984217133,4.475,8.95,1.0,0.0,0.06666666666666667,0.0,0.06666666666666667,0.2983333333333333,2.0,6.615427809607891,3.1,6.2,1.0,0.0,0.06666666666666667,0.0,0.06666666666666667,0.20666666666666667,2.0,6.605850459273146,3.95,7.9,1.0,0.0,0.06666666666666667,0.0,0.06666666666666667,0.26333333333333336,1.0,13.886229346259498,0.0,0.0,0.0,0.0,0.06666666666666667,0.06666666666666667,0.0,0.0,1.0,16.56842329018563,0.0,0.0,0.0,0.0,0.06666666666666667,0.06666666666666667,0.0,0.0,1.0,13.843870974245142,0.0,0.0,0.0,2.0,0.06666666666666667,0.13333333333333333,-0.06666666666666667,-2.0900000000000003,2.0,6.9313964911561925,1.6,3.2,1.0,0.0,0.06666666666666667,0.0,0.06666666666666667,0.10666666666666667,1.0,11.98183384187054,0.0,0.0,0.0,0.0,0.06666666666666667,0.06666666666666667,0.0,0.0,1.0,11.104634575290914,0.0,0.0,0.0,2.0,0.06666666666666667,0.13333333333333333,-0.06666666666666667,-2.03,0.0,0.0,0.0,0.0,2.0,11.925,0.0,0.0,0.0,0.0,2.0,11.825,1.0,7.85,1.0,9.85,0.0,0.0,2.0,11.175,1.0,5.95,0.0,0.0
light_seed1,light,1,181.25,196.25,25.0,8.827089996060081,2.096,7.0,4.199999999999989,2.0,6.93857443610148,3.8,7.6,1.0,0.0,0.06666666666666667,0.0,0.06666666666666667,0.2533333333333333,2.0,5.987731231420766,2.35,4.7,1.0,0.0,0.06666666666666667,0.0,0.06666666666666667,0.15666666666666668,2.0,5.566017759240702,4.925,9.85,1.0,0.0,0.06666666666666667,0.0,0.06666666666666667,0.3283333333333333,2.0,8.28630975499563,4.975,9.95,1.0,0.0,0.06666666666666667,0.0,0.06666666666666667,0.33166666666666667,2.0,6.597581898251038,3.6,7.2,1.0,0.0,0.06666666666666667,0.0,0.06666666666666667,0.24000000000000002,2.0,6.598065177791808,4.45,8.9,1.0,0.0,0.06666666666666667,0.0,0.06666666666666667,0.2966666666666667,1.0,13.828556165591582,0.0,0.0,0.0,0.0,0.06666666666666667,0.06666666666666667,0.0,0.0,1.0,16.58882001286,0.0,0.0,0.0,0.0,0.06666666666666667,0.06666666666666667,0.0,0.0,1.0,13.818714075406673,0.0,0.0,0.0,2.0,0.06666666666666667,0.13333333333333333,-0.06666666666666667,-2.1233333333333335,2.0,6.927276031493675,2.1,4.2,1.0,0.0,0.06666666666666667,0.0,0.06666666666666667,0.14,1.0,11.984605684611015,0.0,0.0,0.0,0.0,0.06666666666666667,0.06666666666666667,0.0,0.0,1.0,11.130910189172795,0.0,0.0,0.0,2.0,0.06666666666666667,0.13333333333333333,-0.06666666666666667,-2.0633333333333335,0.0,0.0,0.0,0.0,2.0,12.425,0.0,0.0,0.0,0.0,2.0,12.825,1.0,8.85,1.0,10.85,0.0,0.0,2.0,12.175,1.0,6.95,0.0,0.0
light_seed1,light,1,182.25,197.25,25.0,9.127624070742849,2.376,7.0,5.199999999999989,2.0,6.936659641079022,4.3,8.6,1.0,0.0,0.06666666666666667,0.0,0.06666666666666667,0.2866666666666667,2.0,5.987349007967859,2.85,5.7,1.0,0.0,0.06666666666666667,0.0,0.06666666666666667,0.19,2.0,5.568115131006114,5.425,10.85,1.0,0.0,0.06666666666666667,0.0,0.06666666666666667,0.36166666666666664,2.0,8.298186929047109,5.475,10.95,1.0,0.0,0.06666666666666667,0.0,0.06666666666666667,0.365,2.0,6.623095986681829,4.1,8.2,1.0,0.0,0.06666666666666667,0.0,0.06666666666666667,0.2733333333333333,2.0,6.618572758132299,4.95,9.9,1.0,0.0,0.06666666666666667,0.0,0.06666666666666667,0.33,1.0,13.82736240943661,0.0,0.0,0.0,0.0,0.06666666666666667,0.06666666666666667,0.0,0.0,1.0,16.558090795740487,0.0,0.0,0.0,0.0,0.06666666666666667,0.06666666666666667,0.0,0.0,1.0,13.789723391698566,0.0,0.0,0.0,2.0,0.06666666666666667,0.13333333333333333,-0.06666666666666667,-2.1566666666666667,2.0,6.925482325870544,2.6,5.2,1.0,0.0,0.06666666666666667,0.0,0.06666666666666667,0.17333333333333334,1.0,11.98041553947609,0.0,0.0,0.0,0.0,0.06666666666666667,0.06666666666666667,0.0,0.0,1.0,11.11551509568941,0.0,0.0,0.0,2.0,0.06666666666666667,0.13333333333333333,-0.06666666666666667,-2.0966666666666667,0.0,0.0,0.0,0.0,2.0,12.925,0.0,0.0,0.0,0.0,2.0,13.825,1.0,9.85,1.0,11.85,0.0,0.0,2.0,13.175,1.0,7.95,0.0,0.0
light_seed1,light,1,183.25,198.25,25.0,9.245943065485191,2.656,7.0,6.199999999999989,2.0,6.942397934563342,4.8,9.6,1.0,0.0,0.06666666666666667,0.0,0.06666666666666667,0.32,2.0,5.997618889898295,3.35,6.7,1.0,0.0,0.06666666666666667,0.0,0.06666666666666667,0.22333333333333333,2.0,5.564083638206128,5.925,11.85,1.0,0.0,0.06666666666666667,0.0,0.06666666666666667,0.39499999999999996,2.0,8.301240986386315,5.975,11.95,1.0,0.0,0.06666666666666667,0.0,0.06666666666666667,0.3983333333333333,2.0,6.599422600783246,4.6,9.2,1.0,0.0,0.06666666666666667,0.0,0.06666666666666667,0.30666666666666664,2.0,6.618188019408202,5.45,10.9,1.0,0.0,0.06666666666666667,0.0,0.06666666666666667,0.36333333333333334,1.0,13.874480864172803,0.0,0.0,0.0,0.0,0.06666666666666667,0.06666666666666667,0.0,0.0,1.0,12.074224118879458,0.0,0.0,0.0,0.0,0.06666666666666667,0.06666666666666667,0.0,0.0,1.0,13.839092819764405,0.0,0.0,0.0,2.0,0.06666666666666667,0.13333333333333333,-0.06666666666666667,-2.19,2.0,6.941307189747459,3.1,6.2,1.0,0.0,0.06666666666666667,0.0,0.06666666666666667,0.20666666666666667,1.0,11.998214237890206,0.0,0.0,0.0,0.0,0.06666666666666667,0.06666666666666667,0.0,0.0,1.0,11.109838199508452,0.0,0.0,0.0,2.0,0.06666666666666667,0.13333333333333333,-0.06666666666666667,-2.13,0.0,0.0,0.0,0.0,2.0,13.700000000000001,0.0,0.0,0.0,0.0,2.0,14.825,1.0,10.85,1.0,12.85,0.0,0.0,2.0,14.175,1.0,8.95,0.0,0.0
light_seed1,light,1,184.25,199.25,25.0,9.081750163798418,2.9360000000000004,7.0,7.199999999999989,2.0,6.916545361586614,5.3,10.6,1.0,0.0,0.06666666666666667,0.0,0.06666666666666667,0.35333333333333333,2.0,5.994677718485473,3.85,7.7,1.0,0.0,0.06666666666666667,0.0,0.06666666666666667,0.25666666666666665,2.0,5.563037899627587,6.425,12.85,1.0,0.0,0.06666666666666667,0.0,0.06666666666666667,0.42833333333333334,2.0,8.32884883151576,6.475,12.95,1.0,0.0,0.06666666666666667,0.0,0.06666666666666667,0.43166666666666664,2.0,6.603142193555205,5.1,10.2,1.0,0.0,0.06666666666666667,0.0,0.06666666666666667,0.33999999999999997,2.0,6.628263358373601,5.95,11.9,1.0,0.0,0.06666666666666667,0.0,0.06666666666666667,0.39666666666666667,1.0,13.838111124192364,0.0,0.0,0.0,0.0,0.06666666666666667,0.0,0.0,0.0,1.0,6.574224118879451,0.0,0.0,0.0,0.0,0.06666666666666667,0.06666666666666667,0.0,0.0,1.0,13.798922981454885,0.0,0.0,0.0,2.0,0.06666666666666667,0.13333333333333333,-0.06666666666666667,-2.2233333333333336,2.0,5.369507434983846,3.6,7.2,1.0,0.0,0.06666666666666667,0.0,0.06666666666666667,0.24000000000000002,1.0,11.989108920672443,0.0,0.0,0.0,0.0,0.06666666666666667,0.06666666666666667,0.0,0.0,1.0,11.156609878526146,0.0,0.0,0.0,2.0,0.06666666666666667,0.13333333333333333,-0.06666666666666667,-2.1633333333333336,0.0,0.0,0.0,0.0,2.0,14.700000000000001,0.0,0.0,0.0,0.0,2.0,15.825,1.0,11.85,1.0,13.85,0.0,0.0,2.0,15.175,1.0,9.95,0.0,0.0
light_seed1,light,1,185.25,200.25,24.0,8.17833502921066,3.3499999999999996,7.0,8.199999999999989,2.0,6.9186448401468805,5.8,11.6,1.0,0.0,0.06666666666666667,0.0,0.06666666666666667,0.38666666666666666,2.0,5.242736564169907,4.35,8.7,1.0,0.0,0.06666666666666667,0.0,0.06666666666666667,0.29,2.0,5.57202798727062,6.925,13.85,1.0,0.0,0.06666666666666667,0.0,0.06666666666666667,0.46166666666666667,2.0,7.644942716561497,6.975,13.95,1.0,0.0,0.06666666666666667,0.0,0.06666666666666667,0.46499999999999997,2.0,6.606809102381767,5.6,11.2,1.0,0.0,0.06666666666666667,0.0,0.06666666666666667,0.3733333333333333,2.0,6.621615557154813,6.45,12.9,1.0,0.0,0.06666666666666667,0.0,0.06666666666666667,0.43,1.0,9.830856123227678,0.0,0.0,0.0,0.0,0.06666666666666667,0.0,0.0,0.0,1.0,1.074224118879449,0.0,0.0,0.0,0.0,0.06666666666666667,0.06666666666666667,0.0,0.0,1.0,13.832885500990447,0.0,0.0,0.0,2.0,0.06666666666666667,0.13333333333333333,-0.06666666666666667,-2.256666666666667,2.0,3.824739503139506,4.1,8.2,1.0,0.0,0.06666666666666667,0.0,0.06666666666666667,0.2733333333333333,1.0,11.987243846766651,0.0,0.0,0.0,0.0,0.06666666666666667,0.0,0.0,0.0,1.0,11.136176038750058,0.0,0.0,0.0,2.0,0.06666666666666667,0.13333333333333333,-0.06666666666666667,-2.1966666666666668,0.0,0.0,0.0,0.0,2.0,15.700000000000001,0.0,0.0,0.0,0.0,2.0,16.825,1.0,12.85,1.0,14.85,0.0,0.0,2.0,16.175,1.0,10.95,0.0,0.0
light_seed1,light,1,186.25,201.25,24.0,7.441411293143108,3.6770833333333335,8.0,9.199999999999989,2.0,6.33639268573368,6.3,12.6,1.0,0.0,0.06666666666666667,0.0,0.06666666666666667,0.42,2.0,3.9534267651596173,4.85,9.7,1.0,0.0,0.06666666666666667,0.0,0.06666666666666667,0.3233333333333333,2.0,5.574724780332534,7.425,14.85,1.0,0.0,0.06666666666666667,0.0,0.06666666666666667,0.495,2.0,5.551964976948155,7.475,14.95,1.0,0.0,0.06666666666666667,0.0,0.06666666666666667,0.4983333333333333,2.0,5.757033982352795,6.1,12.2,1.0,0.0,0.06666666666666667,0.0,0.06666666666666667,0.4066666666666666,2.0,6.601169093851289,6.95,13.9,1.0,0.0,0.06666666666666667,0.0,0.06666666666666667,0.4633333333333333,1.0,5.330856123227685,0.0,0.0,0.0,0.0,0.06666666666666667,0.0,0.0,0.0,1.0,0.0,0.85,0.85,1.0,0.0,0.06666666666666667,0.06666666666666667,0.06666666666666667,0.056666666666666664,1.0,13.78463758339792,0.0,0.0,0.0,2.0,0.06666666666666667,0.13333333333333333,-0.06666666666666667,-2.29,2.0,2.5100463664367325,4.6,9.2,1.0,0.0,0.06666666666666667,0.0,0.06666666666666667,0.30666666666666664,1.0,11.996361321683507,0.0,0.0,0.0,0.0,0.06666666666666667,0.0,0.0,0.0,1.0,11.100927515976439,0.0,0.0,0.0,2.0,0.06666666666666667,0.13333333333333333,-0.06666666666666667,-2.23,0.0,0.0,0.0,0.0,2.0,16.7,0.0,0.0,0.0,0.0,2.0,17.825,1.0,13.85,1.0,15.85,0.0,0.0,2.0,17.175,1.0,11.95,0.0,0.0
light_seed1,light,1,187.25,202.25,24.0,6.453856032405664,4.010416666666667,8.0,10.199999999999989,2.0,4.7304010057156285,6.8,13.6,1.0,0.0,0.06666666666666667,0.0,0.06666666666666667,0.4533333333333333,2.0,2.80764732389867,5.35,10.7,1.0,0.0,0.06666666666666667,0.0,0.06666666666666667,0.35666666666666663,2.0,5.560846342249778,7.925,15.85,1.0,0.0,0.06666666666666667,0.0,0.0,0.4716666666666667,2.0,3.6368904184038793,7.975,15.95,1.0,0.0,0.06666666666666667,0.0,0.0,0.4683333333333333,2.0,4.214784958460158,6.6,13.2,1.0,0.0,0.06666666666666667,0.0,0.06666666666666667,0.44,2.0,6.028531119925882,7.45,14.9,1.0,0.0,0.06666666666666667,0.0,0.06666666666666667,0.4966666666666667,1.0,0.8335016738985813,0.0,0.0,0.0,0.0,0.06666666666666667,0.0,0.0,0.0,1.0,0.0,1.85,1.85,1.0,0.0,0.06666666666666667,0.0,0.06666666666666667,0.12333333333333334,1.0,13.804599281977056,0.0,0.0,0.0,2.0,0.06666666666666667,0.13333333333333333,-0.06666666666666667,-2.3233333333333333,2.0,1.4529787197083515,5.1,10.2,1.0,0.0,0.06666666666666667,0.0,0.06666666666666667,0.33999999999999997,1.0,8.369043674748312,0.0,0.0,0.0,0.0,0.06666666666666667,0.0,0.0,0.0,1.0,11.129349537202,0.0,0.0,0.0,2.0,0.06666666666666667,0.13333333333333333,-0.06666666666666667,-2.2633333333333336,0.0,0.0,0.0,0.0,2.0,17.7,0.0,0.0,0.0,0.0,2.0,18.825,1.0,14.85,1.0,16.85,0.0,0.0,2.0,18.175,1.0,12.95,0.0,0.0
light_seed1,light,1,188.25,203.25,23.0,5.238957237525321,4.569565217391304,9.0,11.199999999999989,2.0,3.273570524425729,7.3,14.6,1.0,0.0,0.06666666666666667,0.0,0.06666666666666667,0.48666666666666664,2.0,1.853906790362106,5.85,11.7,1.0,0.0,0.06666666666666667,0.0,0.06666666666666667,0.38999999999999996,2.0,5.567083916100445,8.425,16.85,1.0,0.0,0.06666666666666667,0.0,0.0,0.4383333333333334,2.0,2.094320838883985,8.475,16.95,1.0,0.0,0.06666666666666667,0.0,0.0,0.43499999999999994,2.0,2.828174448858843,7.1,14.2,1.0,0.0,0.06666666666666667,0.0,0.06666666666666667,0.47333333333333333,2.0,4.427378028208263,7.95,15.9,1.0,0.0,0.06666666666666667,0.0,0.0,0.47,1.0,0.0,0.85,0.85,1.0,0.0,0.06666666666666667,0.0,0.06666666666666667,0.056666666666666664,1.0,0.0,2.85,2.85,1.0,0.0,0.06666666666666667,0.0,0.06666666666666667,0.19,0.0,0.0,0.0,0.0,0.0,2.0,0.0,0.13333333333333333,-0.06666666666666667,-2.356666666666667,2.0,0.7119050697242646,5.6,11.2,1.0,0.0,0.06666666666666667,0.0,0.06666666666666667,0.3733333333333333,1.0,4.369053631238092,0.0,0.0,0.0,0.0,0.06666666666666667,0.0,0.0,0.0,1.0,11.163011958593346,0.0,0.0,0.0,2.0,0.06666666666666667,0.13333333333333333,-0.06666666666666667,-2.296666666666667,0.0,0.0,0.0,0.0,2.0,18.7,0.0,0.0,0.0,0.0,2.0,19.825,1.0,15.85,1.0,17.85,0.0,0.0,2.0,19.175,1.0,13.95,0.0,0.0
light_seed1,light,1,189.25,204.25,23.0,4.508521527239565,4.960869565217391,9.0,0.19999999999998863,2.0,2.0518184085373377,7.8,15.6,1.0,0.0,0.0,0.0,0.0,0.5,2.0,1.1240022356182915,6.35,12.7,1.0,0.0,0.0,0.0,0.06666666666666667,0.4233333333333333,2.0,5.259568701322845,8.925,17.85,1.0,0.0,0.0,0.0,0.0,0.5000000000000001,2.0,0.9466763024157991,8.975,17.95,1.0,0.0,0.0,0.0,0.0,0.5,2.0,1.6663445251875317,7.6,15.2,1.0,0.0,0.0,0.0,0.0,0.5,2.0,3.022815076673173,8.45,16.9,1.0,0.0,0.0,0.0,0.0,0.49999999999999994,1.0,0.0,1.85,1.85,1.0,0.0,0.0,0.0,0.06666666666666667,0.12333333333333334,1.0,0.0,3.85,3.85,1.0,0.0,0.0,0.0,0.06666666666666667,0.25666666666666665,0.0,0.0,0.0,0.0,0.0,1.0,0.0,0.2,-0.06666666666666667,-1.5933333333333335,2.0,0.30520264860290425,6.1,12.2,1.0,0.0,0.0,0.0,0.06666666666666667,0.4066666666666666,1.0,0.3690536312380905,0.0,0.0,0.0,0.0,0.0,0.0,0.0,0.0,1.0,11.163393,0.0,0.0,0.0,1.0,0.0,0.13333333333333333,-0.06666666666666667,-1.5533333333333335,0.0,0.0,0.0,0.0,2.0,19.7,0.0,0.0,0.0,0.0,2.0,20.825,1.0,16.85,1.0,18.85,0.0,0.0,2.0,20.175,1.0,14.95,0.0,0.0
light_seed1,light,1,190.25,205.25,23.0,3.9963000012962224,5.393478260869565,10.0,1.1999999999999886,2.0,1.1122680686730098,8.3,16.6,1.0,0.0,0.0,0.0,0.0,0.5000000000000001,2.0,0.6196156054674866,6.85,13.7,1.0,0.0,0.0,0.0,0.06666666666666667,0.45666666666666667,2.0,3.967451763907798,9.425,18.85,1.0,0.0,0.0,0.0,0.0,0.5000000000000001,2.0,0.35232069196833,9.475,18.95,1.0,0.0,0.0,0.0,0.0,0.5,2.0,0.8641440850961755,8.1,16.2,1.0,0.0,0.0,0.0,0.0,0.5,2.0,1.8442023180138722,8.95,17.9,1.0,0.0,0.0,0.0,0.0,0.49999999999999994,1.0,0.0,2.85,2.85,1.0,0.0,0.0,0.0,0.06666666666666667,0.19,1.0,0.0,4.85,4.85,1.0,0.0,0.0,0.0,0.06666666666666667,0.3233333333333333,0.0,0.0,0.0,0.0,0.0,1.0,0.0,0.2,-0.06666666666666667,-1.6155555555555556,2.0,0.12056404748872812,6.6,13.2,1.0,0.0,0.0,0.0,0.06666666666666667,0.44,1.0,0.0,0.95,0.95,1.0,0.0,0.0,0.0,0.06666666666666667,0.06333333333333332,0.0,0.0,0.0,0.0,0.0,1.0,0.0,0.2,-0.06666666666666667,-1.5755555555555558,0.0,0.0,0.0,0.0,2.0,20.7,0.0,0.0,0.0,0.0,2.0,21.825,1.0,17.85,1.0,19.85,0.0,0.0,2.0,21.175,1.0,15.95,0.0,0.0
light_seed1,light,1,191.25,206.25,23.0,3.7005142540692524,5.834782608695652,11.0,2.1999999999999886,2.0,0.5197035611878348,8.8,17.6,1.0,0.0,0.0,0.0,0.0,0.5000000000000001,2.0,0.31680235716840843,7.35,14.7,1.0,0.0,0.0,0.0,0.06666666666666667,0.49,2.0,2.8171629606224755,9.925,19.85,1.0,0.0,0.0,0.0,0.0,0.5000000000000001,2.0,0.10797386978411737,9.975,19.95,1.0,0.0,0.0,0.0,0.0,0.5,2.0,0.3892271234542856,8.6,17.2,1.0,0.0,0.0,0.0,0.0,0.5,2.0,0.9629272365076345,9.45,18.9,1.0,0.0,0.0,0.0,0.0,0.49999999999999994,1.0,0.0,3.85,3.85,1.0,0.0,0.0,0.0,0.06666666666666667,0.25666666666666665,1.0,0.0,5.85,5.85,1.0,0.0,0.0,0.0,0.06666666666666667,0.38999999999999996,0.0,0.0,0.0,0.0,0.0,1.0,0.0,0.2,-0.06666666666666667,-1.6377777777777778,2.0,0.04367020731685447,7.175,14.2,2.0,0.0,0.0,0.0,0.13333333333333333,0.47833333333333333,1.0,0.0,1.95,1.95,1.0,0.0,0.0,0.0,0.06666666666666667,0.13,0.0,0.0,0.0,0.0,0.0,1.0,0.0,0.2,-0.06666666666666667,-1.597777777777778,0.0,0.0,0.0,0.0,2.0,21.700000000000003,0.0,0.0,0.0,0.0,2.0,22.825,1.0,18.85,1.0,20.85,0.0,0.0,2.0,22.175,1.0,16.95,0.0,0.0
light_seed1,light,1,192.25,207.25,23.0,3.637321328712515,3.119565217391304,7.0,0.19999999999998863,2.0,0.5889783443934152,0.0,0.0,0.0,2.0,0.0,0.0,-0.06666666666666667,-0.12000000000000001,2.0,0.523837703068214,0.0,0.0,0.0,2.0,0.0,0.0,-0.06666666666666667,-0.02333333333333333,2.0,1.8580700248018418,10.425,20.85,1.0,0.0,0.0,0.0,0.0,0.5000000000000001,2.0,0.5195898110327594,0.0,0.0,0.0,2.0,0.0,0.0,-0.06666666666666667,-0.19833333333333333,2.0,0.5316584618052583,0.0,0.0,0.0,2.0,0.0,0.0,-0.06666666666666667,-0.10666666666666667,2.0,0.44351154873315546,9.95,19.9,1.0,0.0,0.0,0.0,0.0,0.49999999999999994,1.0,0.0,4.85,4.85,1.0,0.0,0.0,0.0,0.06666666666666667,0.3233333333333333,1.0,0.0,6.85,6.85,1.0,0.0,0.0,0.0,0.06666666666666667,0.45666666666666667,0.0,0.0,0.0,0.0,0.0,0.0,0.0,0.2,0.0,0.0,2.0,0.01597835458328356,8.174999999999999,15.2,2.0,0.0,0.0,0.0,0.06666666666666667,0.5383333333333333,1.0,0.0,2.95,2.95,1.0,0.0,0.0,0.0,0.06666666666666667,0.19666666666666668,0.0,0.0,0.0,0.0,0.0,0.0,0.0,0.2,0.0,0.0,0.0,0.0,0.0,0.0,2.0,22.700000000000003,0.0,0.0,0.0,0.0,2.0,23.825,1.0,19.85,1.0,21.85,0.0,0.0,2.0,23.174999999999997,1.0,17.95,0.0,0.0
light_seed1,light,1,193.25,208.25,23.0,4.248023229976639,3.4239130434782608,7.0,1.1999999999999886,1.0,1.8760273724661922,0.0,0.0,0.0,2.0,0.0,0.06666666666666667,-0.06666666666666667,-0.15333333333333332,1.0,1.5898514984085639,0.0,0.0,0.0,2.0,0.0,0.06666666666666667,-0.06666666666666667,-0.056666666666666664,2.0,1.1268997321109935,10.925,21.85,1.0,0.0,0.0,0.0,0.0,0.5000000000000001,1.0,2.3299131061227754,0.0,0.0,0.0,2.0,0.0,0.06666666666666667,-0.06666666666666667,-0.23166666666666666,1.0,1.771751608626588,0.0,0.0,0.0,2.0,0.0,0.06666666666666667,-0.06666666666666667,-0.14,2.0,0.17877837687038478,10.45,20.9,1.0,0.0,0.0,0.0,0.0,0.49999999999999994,1.0,0.0,5.85,5.85,1.0,0.0,0.0,0.0,0.06666666666666667,0.38999999999999996,1.0,0.0,7.85,7.85,1.0,0.0,0.0,0.0,0.06666666666666667,0.5233333333333333,0.0,0.0,0.0,0.0,0.0,0.0,0.0,0.13333333333333333,0.0,0.0,2.0,0.005756924109958779,9.174999999999999,16.2,2.0,0.0,0.0,0.0,0.06666666666666667,0.5716666666666667,1.0,0.0,3.95,3.95,1.0,0.0,0.0,0.0,0.06666666666666667,0.26333333333333336,0.0,0.0,0.0,0.0,0.0,0.0,0.0,0.13333333333333333,0.0,0.0,0.0,0.0,0.0,0.0,2.0,23.700000000000003,0.0,0.0,0.0,0.0,2.0,24.825,1.0,20.85,1.0,22.85,0.0,0.0,2.0,24.174999999999997,1.0,18.95,0.0,0.0
light_seed1,light,1,194.25,209.25,23.0,4.934146498925448,3.7282608695652173,7.0,2.1999999999999886,1.0,3.6922202522701455,0.0,0.0,0.0,2.0,0.0,0.06666666666666667,-0.06666666666666667,-0.18666666666666665,1.0,3.2949268434330996,0.0,0.0,0.0,2.0,0.0,0.06666666666666667,-0.06666666666666667,-0.09000000000000001,2.0,0.6180738628959183,11.425,22.85,1.0,0.0,0.0,0.0,0.0,0.5000000000000001,1.0,4.223469555992129,0.0,0.0,0.0,2.0,0.0,0.06666666666666667,-0.06666666666666667,-0.265,1.0,3.783773854066552,0.0,0.0,0.0,2.0,0.0,0.06666666666666667,-0.06666666666666667,-0.17333333333333334,2.0,0.06599704968140653,10.95,21.9,1.0,0.0,0.0,0.0,0.0,0.49999999999999994,1.0,0.0,6.85,6.85,1.0,0.0,0.0,0.0,0.06666666666666667,0.45666666666666667,1.0,0.0,8.85,8.85,1.0,0.0,0.0,0.0,0.06666666666666667,0.59,0.0,0.0,0.0,0.0,0.0,0.0,0.0,0.13333333333333333,0.0,0.0,2.0,0.00210325128275329,10.174999999999999,17.2,2.0,0.0,0.0,0.0,0.06666666666666667,0.605,1.0,0.0,4.95,4.95,1.0,0.0,0.0,0.0,0.06666666666666667,0.33,0.0,0.0,0.0,0.0,0.0,0.0,0.0,0.13333333333333333,0.0,0.0,0.0,0.0,0.0,0.0,2.0,24.700000000000003,0.0,0.0,0.0,0.0,2.0,25.825,1.0,21.85,1.0,23.85,0.0,0.0,2.0,25.175,1.0,19.95,0.0,0.0
light_seed1,light,1,195.25,210.25,23.0,5.651731873978296,4.065217391304348,8.0,3.1999999999999886,0.0,0.0,0.0,0.0,0.0,2.0,0.0,0.13333333333333333,-0.06666666666666667,-0.22,0.0,0.0,0.0,0.0,0.0,2.0,0.0,0.13333333333333333,-0.06666666666666667,-0.12333333333333334,2.0,0.31745235352418677,11.925,23.85,1.0,0.0,0.0,0.0,0.0,0.5000000000000001,0.0,0.0,0.0,0.0,0.0,2.0,0.0,0.13333333333333333,-0.06666666666666667,-0.2983333333333333,0.0,0.0,0.0,0.0,0.0,2.0,0.0,0.13333333333333333,-0.06666666666666667,-0.20666666666666667,2.0,0.02370618684873659,11.825,22.9,2.0,0.0,0.0,0.0,0.06666666666666667,0.5249999999999999,1.0,0.0,7.85,7.85,1.0,0.0,0.0,0.0,0.06666666666666667,0.5233333333333333,1.0,0.0,9.85,9.85,1.0,0.0,0.0,0.0,0.06666666666666667,0.6566666666666666,0.0,0.0,0.0,0.0,0.0,0.0,0.0,0.06666666666666667,0.0,0.0,2.0,0.0007653190534371423,11.175,18.2,2.0,0.0,0.0,0.0,0.06666666666666667,0.6383333333333334,1.0,0.0,5.95,5.95,1.0,0.0,0.0,0.0,0.06666666666666667,0.39666666666666667,0.0,0.0,0.0,0.0,0.0,0.0,0.0,0.06666666666666667,0.0,0.0,0.0,0.0,0.0,0.0,2.0,25.700000000000003,0.0,0.0,0.0,0.0,2.0,26.825,1.0,22.85,1.0,24.85,0.0,0.0,2.0,26.175,1.0,20.95,0.0,0.0
light_seed1,light,1,196.25,211.25,22.0,6.047201748494853,4.613636363636363,8.0,4.199999999999989,0.0,0.0,0.0,0.0,0.0,2.0,0.0,0.13333333333333333,-0.06666666666666667,-0.2533333333333333,0.0,0.0,0.0,0.0,0.0,2.0,0.0,0.13333333333333333,-0.06666666666666667,-0.15666666666666668,2.0,0.15284382645148126,12.425,24.85,1.0,0.0,0.0,0.0,0.0,0.5000000000000001,0.0,0.0,0.0,0.0,0.0,2.0,0.0,0.13333333333333333,-0.06666666666666667,-0.33166666666666667,0.0,0.0,0.0,0.0,0.0,2.0,0.0,0.13333333333333333,-0.06666666666666667,-0.24000000000000002,2.0,0.008567334964225234,12.825,23.9,2.0,0.0,0.0,0.0,0.06666666666666667,0.5583333333333333,1.0,0.0,8.85,8.85,1.0,0.0,0.0,0.0,0.06666666666666667,0.59,1.0,0.0,10.85,10.85,1.0,0.0,0.0,0.0,0.06666666666666667,0.7233333333333333,0.0,0.0,0.0,0.0,0.0,0.0,0.0,0.06666666666666667,0.0,0.0,2.0,0.00027808029928555326,12.175,19.2,2.0,0.0,0.0,0.0,0.06666666666666667,0.6716666666666667,1.0,0.0,6.95,6.95,1.0,0.0,0.0,0.0,0.06666666666666667,0.4633333333333333,0.0,0.0,0.0,0.0,0.0,0.0,0.0,0.06666666666666667,0.0,0.0,0.0,0.0,0.0,0.0,2.0,26.700000000000003,0.0,0.0,0.0,0.0,2.0,27.825,1.0,23.85,1.0,25.85,0.0,0.0,2.0,27.175,1.0,21.95,0.0,0.0
light_seed1,light,1,197.25,212.25,22.0,6.7412038343442875,4.9772727272727275,8.0,5.199999999999989,0.0,0.0,0.0,0.0,0.0,2.0,0.0,0.13333333333333333,-0.06666666666666667,-0.2866666666666667,0.0,0.0,0.0,0.0,0.0,2.0,0.0,0.13333333333333333,-0.06666666666666667,-0.19,2.0,0.07228991651811652,12.925,25.85,1.0,0.0,0.0,0.0,0.0,0.5000000000000001,0.0,0.0,0.0,0.0,0.0,2.0,0.0,0.13333333333333333,-0.06666666666666667,-0.365,0.0,0.0,0.0,0.0,0.0,2.0,0.0,0.13333333333333333,-0.06666666666666667,-0.2733333333333333,2.0,0.0031123833877149433,13.825,24.9,2.0,0.0,0.0,0.0,0.06666666666666667,0.5916666666666667,1.0,0.0,9.85,9.85,1.0,0.0,0.0,0.0,0.06666666666666667,0.6566666666666666,1.0,0.0,11.85,11.85,1.0,0.0,0.0,0.0,0.06666666666666667,0.7899999999999999,0.0,0.0,0.0,0.0,0.0,0.0,0.0,0.06666666666666667,0.0,0.0,2.0,9.95713197166433e-05,13.175,20.2,2.0,0.0,0.0,0.0,0.06666666666666667,0.7050000000000001,1.0,0.0,7.95,7.95,1.0,0.0,0.0,0.0,0.06666666666666667,0.53,0.0,0.0,0.0,0.0,0.0,0.0,0.0,0.06666666666666667,0.0,0.0,0.0,0.0,0.0,0.0,2.0,27.700000000000003,0.0,0.0,0.0,0.0,2.0,28.825,1.0,24.85,1.0,26.85,0.0,0.0,2.0,28.175,1.0,22.95,0.0,0.0
light_seed1,light,1,198.25,213.25,22.0,7.286551030980139,5.365909090909091,9.0,6.199999999999989,0.0,0.0,0.0,0.0,0.0,2.0,0.0,0.13333333333333333,-0.06666666666666667,-0.32,0.0,0.0,0.0,0.0,0.0,2.0,0.0,0.13333333333333333,-0.06666666666666667,-0.22333333333333333,2.0,0.032930216992994144,13.700000000000001,26.85,2.0,0.0,0.0,0.0,0.06666666666666667,0.5183333333333334,0.0,0.0,0.0,0.0,0.0,2.0,0.0,0.13333333333333333,-0.06666666666666667,-0.3983333333333333,0.0,0.0,0.0,0.0,0.0,2.0,0.0,0.13333333333333333,-0.06666666666666667,-0.30666666666666664,2.0,0.0011568264113359233,14.825,25.9,2.0,0.0,0.0,0.0,0.06666666666666667,0.625,1.0,0.0,10.85,10.85,1.0,0.0,0.0,0.0,0.06666666666666667,0.7233333333333333,1.0,0.0,12.85,12.85,1.0,0.0,0.0,0.0,0.06666666666666667,0.8566666666666667,0.0,0.0,0.0,0.0,0.0,0.0,0.0,0.06666666666666667,0.0,0.0,2.0,3.6206597139227244e-05,14.175,21.2,2.0,0.0,0.0,0.0,0.06666666666666667,0.7383333333333334,1.0,0.0,8.95,8.95,1.0,0.0,0.0,0.0,0.06666666666666667,0.5966666666666666,0.0,0.0,0.0,0.0,0.0,0.0,0.0,0.06666666666666667,0.0,0.0,0.0,0.0,0.0,0.0,2.0,28.700000000000003,0.0,0.0,0.0,0.0,2.0,29.825,1.0,25.85,1.0,27.85,0.0,0.0,2.0,29.175,1.0,23.95,0.0,0.0
light_seed1,light,1,199.25,214.25,20.0,7.038192971904763,6.3525,9.0,7.199999999999989,0.0,0.0,0.0,0.0,0.0,2.0,0.0,0.13333333333333333,-0.06666666666666667,-0.35333333333333333,0.0,0.0,0.0,0.0,0.0,2.0,0.0,0.13333333333333333,-0.06666666666666667,-0.25666666666666665,2.0,0.015189521892692197,14.700000000000001,27.85,2.0,0.0,0.0,0.0,0.06666666666666667,0.5516666666666669,0.0,0.0,0.0,0.0,0.0,2.0,0.0,0.13333333333333333,-0.06666666666666667,-0.43166666666666664,0.0,0.0,0.0,0.0,0.0,2.0,0.0,0.13333333333333333,-0.06666666666666667,-0.33999999999999997,2.0,0.00041983873050835396,15.825,26.9,2.0,0.0,0.0,0.0,0.06666666666666667,0.6583333333333333,1.0,0.0,11.85,11.85,1.0,0.0,0.0,0.0,0.06666666666666667,0.7899999999999999,1.0,0.0,13.85,13.85,1.0,0.0,0.0,0.0,0.06666666666666667,0.9233333333333333,0.0,0.0,0.0,0.0,0.0,0.0,0.0,0.06666666666666667,0.0,0.0,2.0,1.3052642721876698e-05,15.175,22.2,2.0,0.0,0.0,0.0,0.06666666666666667,0.7716666666666667,1.0,0.0,9.95,9.95,1.0,0.0,0.0,0.0,0.06666666666666667,0.6633333333333333,0.0,0.0,0.0,0.0,0.0,0.0,0.0,0.06666666666666667,0.0,0.0,0.0,0.0,0.0,0.0,2.0,29.700000000000003,0.0,0.0,0.0,0.0,2.0,30.825,1.0,26.85,1.0,28.85,0.0,0.0,2.0,30.175,1.0,24.95,0.0,0.0
light_seed1,light,1,200.25,215.25,19.0,6.8468048942438315,7.1605263157894745,9.0,8.199999999999989,0.0,0.0,0.0,0.0,0.0,2.0,0.0,0.13333333333333333,-0.06666666666666667,-0.38666666666666666,0.0,0.0,0.0,0.0,0.0,2.0,0.0,0.13333333333333333,-0.06666666666666667,-0.29,2.0,0.006949690818548256,15.700000000000001,28.85,2.0,0.0,0.0,0.0,0.06666666666666667,0.5850000000000002,0.0,0.0,0.0,0.0,0.0,2.0,0.0,0.13333333333333333,-0.06666666666666667,-0.46499999999999997,0.0,0.0,0.0,0.0,0.0,2.0,0.0,0.13333333333333333,-0.06666666666666667,-0.3733333333333333,2.0,0.00015160388211663022,16.825,27.9,2.0,0.0,0.0,0.0,0.06666666666666667,0.6916666666666667,1.0,0.0,12.85,12.85,1.0,0.0,0.0,0.0,0.06666666666666667,0.8566666666666667,1.0,0.0,14.85,14.85,1.0,0.0,0.0,0.0,0.06666666666666667,0.99,0.0,0.0,0.0,0.0,0.0,0.0,0.0,0.06666666666666667,0.0,0.0,2.0,4.754881336663036e-06,16.175,23.2,2.0,0.0,0.0,0.0,0.06666666666666667,0.805,1.0,0.0,10.95,10.95,1.0,0.0,0.0,0.0,0.06666666666666667,0.73,0.0,0.0,0.0,0.0,0.0,0.0,0.0,0.06666666666666667,0.0,0.0,0.0,0.0,0.0,0.0,2.0,30.700000000000003,0.0,0.0,0.0,0.0,2.0,31.825,1.0,27.85,1.0,29.85,0.0,0.0,2.0,31.175,1.0,25.95,0.0,0.0
light_seed1,light,1,201.25,216.25,19.0,6.8628994208003204,7.6342105263157904,9.0,9.199999999999989,0.0,0.0,0.0,0.0,0.0,2.0,0.0,0.13333333333333333,-0.06666666666666667,-0.42,0.0,0.0,0.0,0.0,0.0,2.0,0.0,0.13333333333333333,-0.06666666666666667,-0.3233333333333333,2.0,0.0031724557512215557,16.7,29.85,2.0,0.0,0.0,0.0,0.06666666666666667,0.6183333333333333,0.0,0.0,0.0,0.0,0.0,2.0,0.0,0.13333333333333333,-0.06666666666666667,-0.4983333333333333,0.0,0.0,0.0,0.0,0.0,2.0,0.0,0.13333333333333333,-0.06666666666666667,-0.4066666666666666,2.0,5.486252572314108e-05,17.825,28.9,2.0,0.0,0.0,0.0,0.06666666666666667,0.725,1.0,0.0,13.85,13.85,1.0,0.0,0.0,0.0,0.06666666666666667,0.9233333333333333,1.0,0.0,15.85,15.85,1.0,0.0,0.0,0.0,0.0,1.0,0.0,0.0,0.0,0.0,0.0,0.0,0.0,0.06666666666666667,0.0,0.0,2.0,0.0,17.175,24.2,2.0,0.0,0.0,0.0,0.06666666666666667,0.8383333333333334,1.0,0.0,11.95,11.95,1.0,0.0,0.0,0.0,0.06666666666666667,0.7966666666666666,0.0,0.0,0.0,0.0,0.0,0.0,0.0,0.06666666666666667,0.0,0.0,0.0,0.0,0.0,0.0,2.0,31.700000000000003,0.0,0.0,0.0,0.0,2.0,32.825,1.0,28.85,1.0,30.85,0.0,0.0,2.0,32.175,1.0,26.95,0.0,0.0
light_seed1,light,1,202.25,217.25,19.0,6.876217190358372,8.107894736842105,9.0,10.199999999999989,0.0,0.0,0.0,0.0,0.0,2.0,0.0,0.13333333333333333,-0.06666666666666667,-0.4533333333333333,0.0,0.0,0.0,0.0,0.0,2.0,0.0,0.13333333333333333,-0.06666666666666667,-0.35666666666666663,2.0,0.0014662520921590676,17.7,30.85,2.0,0.0,0.0,0.0,0.06666666666666667,0.6516666666666666,0.0,0.0,0.0,0.0,0.0,2.0,0.0,0.13333333333333333,-0.06666666666666667,-0.5316666666666666,0.0,0.0,0.0,0.0,0.0,2.0,0.0,0.13333333333333333,-0.06666666666666667,-0.44,2.0,1.97928368120429e-05,18.825,29.9,2.0,0.0,0.0,0.0,0.06666666666666667,0.7583333333333333,1.0,0.0,14.85,14.85,1.0,0.0,0.0,0.0,0.06666666666666667,0.99,1.0,0.0,16.85,16.85,1.0,0.0,0.0,0.0,0.0,1.0000000000000002,0.0,0.0,0.0,0.0,0.0,0.0,0.0,0.06666666666666667,0.0,0.0,2.0,0.0,18.175,25.2,2.0,0.0,0.0,0.0,0.06666666666666667,0.8716666666666667,1.0,0.0,12.95,12.95,1.0,0.0,0.0,0.0,0.06666666666666667,0.8633333333333333,0.0,0.0,0.0,0.0,0.0,0.0,0.0,0.06666666666666667,0.0,0.0,0.0,0.0,0.0,0.0,2.0,32.7,0.0,0.0,0.0,0.0,2.0,33.825,1.0,29.85,1.0,31.85,0.0,0.0,2.0,33.175,1.0,27.95,0.0,0.0
light_seed1,light,1,203.25,218.25,18.0,6.500503857320631,9.058333333333334,9.0,11.199999999999989,0.0,0.0,0.0,0.0,0.0,2.0,0.0,0.13333333333333333,-0.06666666666666667,-0.48666666666666664,0.0,0.0,0.0,0.0,0.0,2.0,0.0,0.13333333333333333,-0.06666666666666667,-0.38999999999999996,2.0,0.0006723317403447167,18.7,31.85,2.0,0.0,0.0,0.0,0.06666666666666667,0.6849999999999999,0.0,0.0,0.0,0.0,0.0,2.0,0.0,0.13333333333333333,-0.06666666666666667,-0.565,0.0,0.0,0.0,0.0,0.0,2.0,0.0,0.13333333333333333,-0.06666666666666667,-0.47333333333333333,2.0,7.239108392042555e-06,19.825,30.9,2.0,0.0,0.0,0.0,0.06666666666666667,0.7916666666666666,1.0,0.0,15.85,15.85,1.0,0.0,0.0,0.0,0.0,1.0,1.0,0.0,17.85,17.85,1.0,0.0,0.0,0.0,0.0,1.0000000000000002,0.0,0.0,0.0,0.0,0.0,0.0,0.0,0.0,0.0,0.0,2.0,0.0,19.175,26.2,2.0,0.0,0.0,0.0,0.06666666666666667,0.905,1.0,0.0,13.95,13.95,1.0,0.0,0.0,0.0,0.06666666666666667,0.9299999999999999,0.0,0.0,0.0,0.0,0.0,0.0,0.0,0.06666666666666667,0.0,0.0,0.0,0.0,0.0,0.0,2.0,33.7,0.0,0.0,0.0,0.0,2.0,34.825,1.0,30.85,1.0,32.85,0.0,0.0,2.0,34.175,1.0,28.95,0.0,0.0
light_seed1,light,1,204.25,219.25,18.0,6.507396432612159,9.558333333333334,9.0,12.199999999999989,0.0,0.0,0.0,0.0,0.0,2.0,0.0,0.13333333333333333,-0.06666666666666667,-0.52,0.0,0.0,0.0,0.0,0.0,2.0,0.0,0.13333333333333333,-0.06666666666666667,-0.4233333333333333,2.0,0.00030878311083901204,19.7,32.85,2.0,0.0,0.0,0.0,0.06666666666666667,0.7183333333333333,0.0,0.0,0.0,0.0,0.0,2.0,0.0,0.13333333333333333,-0.06666666666666667,-0.5983333333333333,0.0,0.0,0.0,0.0,0.0,2.0,0.0,0.13333333333333333,-0.06666666666666667,-0.5066666666666666,2.0,2.6369945924328484e-06,20.825,31.9,2.0,0.0,0.0,0.0,0.06666666666666667,0.825,1.0,0.0,16.85,16.85,1.0,0.0,0.0,0.0,0.0,1.0000000000000002,1.0,0.0,18.85,18.85,1.0,0.0,0.0,0.0,0.0,1.0000000000000002,0.0,0.0,0.0,0.0,0.0,0.0,0.0,0.0,0.0,0.0,2.0,0.0,20.175,27.2,2.0,0.0,0.0,0.0,0.06666666666666667,0.9383333333333334,1.0,0.0,14.95,14.95,1.0,0.0,0.0,0.0,0.06666666666666667,0.9966666666666666,0.0,0.0,0.0,0.0,0.0,0.0,0.0,0.06666666666666667,0.0,0.0,0.0,0.0,0.0,0.0,2.0,34.7,0.0,0.0,0.0,0.0,2.0,35.825,1.0,31.85,1.0,33.85,0.0,0.0,2.0,35.175,1.0,29.95,0.0,0.0
light_seed1,light,1,205.25,220.25,18.0,6.512669093493051,10.058333333333334,9.0,13.199999999999989,0.0,0.0,0.0,0.0,0.0,2.0,0.0,0.13333333333333333,-0.06666666666666667,-0.5533333333333333,0.0,0.0,0.0,0.0,0.0,2.0,0.0,0.13333333333333333,-0.06666666666666667,-0.45666666666666667,2.0,0.00014064586701818466,20.7,33.85,2.0,0.0,0.0,0.0,0.06666666666666667,0.7516666666666666,0.0,0.0,0.0,0.0,0.0,2.0,0.0,0.13333333333333333,-0.06666666666666667,-0.6316666666666666,0.0,0.0,0.0,0.0,0.0,2.0,0.0,0.13333333333333333,-0.06666666666666667,-0.5399999999999999,2.0,0.0,21.825,32.9,2.0,0.0,0.0,0.0,0.06666666666666667,0.8583333333333333,1.0,0.0,17.85,17.85,1.0,0.0,0.0,0.0,0.0,1.0000000000000002,1.0,0.0,19.85,19.85,1.0,0.0,0.0,0.0,0.0,1.0000000000000002,0.0,0.0,0.0,0.0,0.0,0.0,0.0,0.0,0.0,0.0,2.0,0.0,21.175,28.2,2.0,0.0,0.0,0.0,0.06666666666666667,0.9716666666666668,1.0,0.0,15.95,15.95,1.0,0.0,0.0,0.0,0.0,1.0,0.0,0.0,0.0,0.0,0.0,0.0,0.0,0.0,0.0,0.0,0.0,0.0,0.0,0.0,2.0,35.7,0.0,0.0,0.0,0.0,2.0,36.825,1.0,32.85,1.0,34.85,0.0,0.0,2.0,36.175,1.0,30.95,0.0,0.0
light_seed1,light,1,206.25,221.25,18.0,6.516920823573738,10.558333333333334,9.0,14.199999999999989,0.0,0.0,0.0,0.0,0.0,2.0,0.0,0.13333333333333333,-0.06666666666666667,-0.5866666666666667,0.0,0.0,0.0,0.0,0.0,2.0,0.0,0.13333333333333333,-0.06666666666666667,-0.49,2.0,6.507884342507506e-05,21.700000000000003,34.85,2.0,0.0,0.0,0.0,0.06666666666666667,0.7850000000000001,0.0,0.0,0.0,0.0,0.0,2.0,0.0,0.13333333333333333,-0.06666666666666667,-0.6649999999999999,0.0,0.0,0.0,0.0,0.0,2.0,0.0,0.13333333333333333,-0.06666666666666667,-0.5733333333333334,2.0,0.0,22.825,33.9,2.0,0.0,0.0,0.0,0.06666666666666667,0.8916666666666667,1.0,0.0,18.85,18.85,1.0,0.0,0.0,0.0,0.0,1.0000000000000002,1.0,0.0,20.85,20.85,1.0,0.0,0.0,0.0,0.0,1.0000000000000002,0.0,0.0,0.0,0.0,0.0,0.0,0.0,0.0,0.0,0.0,2.0,0.0,22.175,29.2,2.0,0.0,0.0,0.0,0.0,1.0,1.0,0.0,16.95,16.95,1.0,0.0,0.0,0.0,0.0,1.0,0.0,0.0,0.0,0.0,0.0,0.0,0.0,0.0,0.0,0.0,0.0,0.0,0.0,0.0,2.0,36.7,0.0,0.0,0.0,0.0,2.0,37.825,1.0,33.85,1.0,35.85,0.0,0.0,2.0,37.175,1.0,31.95,0.0,0.0
light_seed1,light,1,207.25,222.25,18.0,6.521260585714626,11.058333333333334,9.0,15.199999999999989,0.0,0.0,0.0,0.0,0.0,2.0,0.0,0.13333333333333333,0.0,0.0,0.0,0.0,0.0,0.0,0.0,2.0,0.0,0.13333333333333333,0.0,0.0,2.0,2.9554482978822577e-05,22.700000000000003,35.85,2.0,0.0,0.0,0.0,0.06666666666666667,0.8183333333333335,0.0,0.0,0.0,0.0,0.0,2.0,0.0,0.13333333333333333,0.0,0.0,0.0,0.0,0.0,0.0,0.0,2.0,0.0,0.13333333333333333,0.0,0.0,2.0,0.0,23.825,34.9,2.0,0.0,0.0,0.0,0.06666666666666667,0.925,1.0,0.0,19.85,19.85,1.0,0.0,0.0,0.0,0.0,1.0000000000000002,1.0,0.0,21.85,21.85,1.0,0.0,0.0,0.0,0.0,1.0000000000000002,0.0,0.0,0.0,0.0,0.0,0.0,0.0,0.0,0.0,0.0,2.0,0.0,23.174999999999997,30.2,2.0,0.0,0.0,0.0,0.0,0.9999999999999999,1.0,0.0,17.95,17.95,1.0,0.0,0.0,0.0,0.0,1.0,0.0,0.0,0.0,0.0,0.0,0.0,0.0,0.0,0.0,0.0,0.0,0.0,0.0,0.0,2.0,37.7,0.0,0.0,0.0,0.0,2.0,38.825,1.0,34.85,1.0,36.85,0.0,0.0,2.0,38.175,1.0,32.95,0.0,0.0
light_seed1,light,1,208.25,223.25,17.0,5.936461855932752,12.238235294117647,9.0,16.19999999999999,0.0,0.0,0.0,0.0,0.0,2.0,0.0,0.06666666666666667,0.0,0.0,0.0,0.0,0.0,0.0,0.0,2.0,0.0,0.06666666666666667,0.0,0.0,2.0,1.3608012099958506e-05,23.700000000000003,36.85,2.0,0.0,0.0,0.0,0.06666666666666667,0.8516666666666668,0.0,0.0,0.0,0.0,0.0,2.0,0.0,0.06666666666666667,0.0,0.0,0.0,0.0,0.0,0.0,0.0,2.0,0.0,0.06666666666666667,0.0,0.0,2.0,0.0,24.825,35.9,2.0,0.0,0.0,0.0,0.06666666666666667,0.9583333333333334,1.0,0.0,20.85,20.85,1.0,0.0,0.0,0.0,0.0,1.0000000000000002,1.0,0.0,22.85,22.85,1.0,0.0,0.0,0.0,0.0,1.0000000000000002,0.0,0.0,0.0,0.0,0.0,0.0,0.0,0.0,0.0,0.0,2.0,0.0,24.174999999999997,31.2,2.0,0.0,0.0,0.0,0.0,0.9999999999999999,1.0,0.0,18.95,18.95,1.0,0.0,0.0,0.0,0.0,1.0,0.0,0.0,0.0,0.0,0.0,0.0,0.0,0.0,0.0,0.0,0.0,0.0,0.0,0.0,2.0,38.7,0.0,0.0,0.0,0.0,2.0,39.825,1.0,35.85,1.0,37.85,0.0,0.0,2.0,39.175,1.0,33.95,0.0,0.0
light_seed1,light,1,209.25,224.25,16.0,5.271799671805346,13.565625,9.0,17.19999999999999,0.0,0.0,0.0,0.0,0.0,2.0,0.0,0.06666666666666667,0.0,0.0,0.0,0.0,0.0,0.0,0.0,2.0,0.0,0.06666666666666667,0.0,0.0,2.0,6.319020813239973e-06,24.700000000000003,37.85,2.0,0.0,0.0,0.0,0.06666666666666667,0.8850000000000001,0.0,0.0,0.0,0.0,0.0,2.0,0.0,0.06666666666666667,0.0,0.0,0.0,0.0,0.0,0.0,0.0,2.0,0.0,0.06666666666666667,0.0,0.0,2.0,0.0,25.825,36.9,2.0,0.0,0.0,0.0,0.06666666666666667,0.9916666666666667,1.0,0.0,21.85,21.85,1.0,0.0,0.0,0.0,0.0,1.0000000000000002,1.0,0.0,23.85,23.85,1.0,0.0,0.0,0.0,0.0,1.0000000000000002,0.0,0.0,0.0,0.0,0.0,0.0,0.0,0.0,0.0,0.0,2.0,0.0,25.175,32.2,2.0,0.0,0.0,0.0,0.0,1.0000000000000002,1.0,0.0,19.95,19.95,1.0,0.0,0.0,0.0,0.0,1.0,0.0,0.0,0.0,0.0,0.0,0.0,0.0,0.0,0.0,0.0,0.0,0.0,0.0,0.0,2.0,39.7,0.0,0.0,0.0,0.0,2.0,40.825,1.0,36.85,1.0,38.85,0.0,0.0,2.0,40.175,1.0,34.95,0.0,0.0
light_seed1,light,1,210.25,225.25,14.0,4.312205869679468,16.146428571428572,9.0,18.19999999999999,0.0,0.0,0.0,0.0,0.0,2.0,0.0,0.0,0.0,0.0,0.0,0.0,0.0,0.0,0.0,2.0,0.0,0.0,0.0,0.0,2.0,2.8855408051859494e-06,25.700000000000003,38.85,2.0,0.0,0.0,0.0,0.06666666666666667,0.9183333333333334,0.0,0.0,0.0,0.0,0.0,2.0,0.0,0.0,0.0,0.0,0.0,0.0,0.0,0.0,0.0,2.0,0.0,0.0,0.0,0.0,2.0,0.0,26.825,37.9,2.0,0.0,0.0,0.0,0.0,1.0,1.0,0.0,22.85,22.85,1.0,0.0,0.0,0.0,0.0,1.0000000000000002,1.0,0.0,24.85,24.85,1.0,0.0,0.0,0.0,0.0,1.0000000000000002,0.0,0.0,0.0,0.0,0.0,0.0,0.0,0.0,0.0,0.0,2.0,0.0,26.175,33.2,2.0,0.0,0.0,0.0,0.0,1.0,1.0,0.0,20.95,20.95,1.0,0.0,0.0,0.0,0.0,1.0,0.0,0.0,0.0,0.0,0.0,0.0,0.0,0.0,0.0,0.0,0.0,0.0,0.0,0.0,2.0,13.775,0.0,0.0,0.0,0.0,2.0,0.0,1.0,37.85,1.0,39.85,0.0,0.0,2.0,41.175,1.0,35.95,0.0,0.0
light_seed1,light,1,211.25,226.25,14.0,4.338450466102784,16.789285714285715,9.0,19.19999999999999,0.0,0.0,0.0,0.0,0.0,2.0,0.0,0.0,0.0,0.0,0.0,0.0,0.0,0.0,0.0,2.0,0.0,0.0,0.0,0.0,2.0,0.0,26.700000000000003,39.85,2.0,0.0,0.0,0.0,0.06666666666666667,0.9516666666666668,0.0,0.0,0.0,0.0,0.0,2.0,0.0,0.0,0.0,0.0,0.0,0.0,0.0,0.0,0.0,2.0,0.0,0.0,0.0,0.0,2.0,0.0,27.825,38.9,2.0,0.0,0.0,0.0,0.0,1.0,1.0,0.0,23.85,23.85,1.0,0.0,0.0,0.0,0.0,1.0000000000000002,1.0,0.0,25.85,25.85,1.0,0.0,0.0,0.0,0.0,1.0000000000000002,0.0,0.0,0.0,0.0,0.0,0.0,0.0,0.0,0.0,0.0,2.0,0.0,27.175,34.2,2.0,0.0,0.0,0.0,0.0,1.0,1.0,0.0,21.95,21.95,1.0,0.0,0.0,0.0,0.0,1.0,0.0,0.0,0.0,0.0,0.0,0.0,0.0,0.0,0.0,0.0,0.0,0.0,0.0,0.0,1.0,0.0,0.0,0.0,0.0,0.0,1.0,0.0,1.0,38.85,1.0,40.85,0.0,0.0,2.0,42.175,1.0,36.95,0.0,0.0
light_seed1,light,1,212.25,227.25,12.0,2.857894347182094,20.337500000000002,9.0,20.19999999999999,0.0,0.0,0.0,0.0,0.0,2.0,0.0,0.0,0.0,0.0,0.0,0.0,0.0,0.0,0.0,2.0,0.0,0.0,0.0,0.0,2.0,0.0,27.700000000000003,40.85,2.0,0.0,0.0,0.0,0.06666666666666667,0.9850000000000001,0.0,0.0,0.0,0.0,0.0,2.0,0.0,0.0,0.0,0.0,0.0,0.0,0.0,0.0,0.0,2.0,0.0,0.0,0.0,0.0,2.0,0.0,28.825,39.9,2.0,0.0,0.0,0.0,0.0,1.0,1.0,0.0,24.85,24.85,1.0,0.0,0.0,0.0,0.0,1.0000000000000002,1.0,0.0,26.85,26.85,1.0,0.0,0.0,0.0,0.0,1.0000000000000002,0.0,0.0,0.0,0.0,0.0,0.0,0.0,0.0,0.0,0.0,2.0,0.0,28.175,35.2,2.0,0.0,0.0,0.0,0.0,1.0,1.0,0.0,22.95,22.95,1.0,0.0,0.0,0.0,0.0,1.0,0.0,0.0,0.0,0.0,0.0,0.0,0.0,0.0,0.0,0.0,0.0,0.0,0.0,0.0,1.0,0.0,0.0,0.0,0.0,0.0,1.0,0.0,1.0,39.85,1.0,41.85,0.0,0.0,2.0,43.175,1.0,37.95,0.0,0.0
light_seed1,light,1,213.25,228.25,12.0,2.8781049644191232,21.087500000000002,9.0,21.19999999999999,0.0,0.0,0.0,0.0,0.0,2.0,0.0,0.0,0.0,0.0,0.0,0.0,0.0,0.0,0.0,2.0,0.0,0.0,0.0,0.0,2.0,0.0,28.700000000000003,41.85,2.0,0.0,0.0,0.0,0.0,1.0000000000000002,0.0,0.0,0.0,0.0,0.0,2.0,0.0,0.0,0.0,0.0,0.0,0.0,0.0,0.0,0.0,2.0,0.0,0.0,0.0,0.0,2.0,0.0,29.825,40.9,2.0,0.0,0.0,0.0,0.0,1.0,1.0,0.0,25.85,25.85,1.0,0.0,0.0,0.0,0.0,1.0000000000000002,1.0,0.0,27.85,27.85,1.0,0.0,0.0,0.0,0.0,1.0000000000000002,0.0,0.0,0.0,0.0,0.0,0.0,0.0,0.0,0.0,0.0,2.0,0.0,29.175,36.2,2.0,0.0,0.0,0.0,0.0,1.0,1.0,0.0,23.95,23.95,1.0,0.0,0.0,0.0,0.0,1.0,0.0,0.0,0.0,0.0,0.0,0.0,0.0,0.0,0.0,0.0,0.0,0.0,0.0,0.0,0.0,0.0,0.0,0.0,0.0,0.0,0.0,0.0,1.0,40.85,1.0,42.85,0.0,0.0,2.0,44.175,1.0,38.95,0.0,0.0
light_seed1,light,1,214.25,229.25,11.0,1.9378086944228576,23.822727272727274,9.0,22.19999999999999,0.0,0.0,0.0,0.0,0.0,2.0,0.0,0.0,0.0,0.0,0.0,0.0,0.0,0.0,0.0,2.0,0.0,0.0,0.0,0.0,2.0,0.0,29.700000000000003,42.85,2.0,0.0,0.0,0.0,0.0,1.0000000000000002,0.0,0.0,0.0,0.0,0.0,2.0,0.0,0.0,0.0,0.0,0.0,0.0,0.0,0.0,0.0,2.0,0.0,0.0,0.0,0.0,2.0,0.0,30.825,41.9,2.0,0.0,0.0,0.0,0.0,1.0,1.0,0.0,26.85,26.85,1.0,0.0,0.0,0.0,0.0,1.0000000000000002,1.0,0.0,28.85,28.85,1.0,0.0,0.0,0.0,0.0,1.0000000000000002,0.0,0.0,0.0,0.0,0.0,0.0,0.0,0.0,0.0,0.0,2.0,0.0,30.175,37.2,2.0,0.0,0.0,0.0,0.0,1.0,1.0,0.0,24.95,24.95,1.0,0.0,0.0,0.0,0.0,1.0,0.0,0.0,0.0,0.0,0.0,0.0,0.0,0.0,0.0,0.0,0.0,0.0,0.0,0.0,0.0,0.0,0.0,0.0,0.0,0.0,0.0,0.0,1.0,41.85,1.0,43.85,0.0,0.0,2.0,45.175,1.0,39.95,0.0,0.0
light_seed1,light,1,215.25,230.25,10.0,1.0725178719343427,27.105,9.0,23.19999999999999,0.0,0.0,0.0,0.0,0.0,2.0,0.0,0.0,0.0,0.0,0.0,0.0,0.0,0.0,0.0,2.0,0.0,0.0,0.0,0.0,2.0,0.0,30.700000000000003,43.85,2.0,0.0,0.0,0.0,0.0,1.0000000000000002,0.0,0.0,0.0,0.0,0.0,2.0,0.0,0.0,0.0,0.0,0.0,0.0,0.0,0.0,0.0,2.0,0.0,0.0,0.0,0.0,2.0,0.0,31.825,42.9,2.0,0.0,0.0,0.0,0.0,1.0,1.0,0.0,27.85,27.85,1.0,0.0,0.0,0.0,0.0,1.0000000000000002,1.0,0.0,29.85,29.85,1.0,0.0,0.0,0.0,0.0,1.0000000000000002,0.0,0.0,0.0,0.0,0.0,0.0,0.0,0.0,0.0,0.0,2.0,0.0,31.175,38.2,2.0,0.0,0.0,0.0,0.0,1.0,1.0,0.0,25.95,25.95,1.0,0.0,0.0,0.0,0.0,1.0,0.0,0.0,0.0,0.0,0.0,0.0,0.0,0.0,0.0,0.0,0.0,0.0,0.0,0.0,0.0,0.0,0.0,0.0,0.0,0.0,0.0,0.0,1.0,42.85,1.0,44.85,0.0,0.0,2.0,46.175,1.0,40.95,0.0,0.0
light_seed1,light,1,216.25,231.25,10.0,1.1973394559808077,28.005000000000003,9.0,24.19999999999999,0.0,0.0,0.0,0.0,0.0,2.0,0.0,0.0,0.0,0.0,0.0,0.0,0.0,0.0,0.0,2.0,0.0,0.0,0.0,0.0,2.0,0.0,31.700000000000003,44.85,2.0,0.0,0.0,0.0,0.0,1.0000000000000002,0.0,0.0,0.0,0.0,0.0,2.0,0.0,0.0,0.0,0.0,0.0,0.0,0.0,0.0,0.0,2.0,0.0,0.0,0.0,0.0,2.0,0.0,32.825,43.9,2.0,0.0,0.0,0.0,0.0,1.0000000000000002,1.0,0.0,28.85,28.85,1.0,0.0,0.0,0.0,0.0,1.0000000000000002,1.0,0.0,30.85,30.85,1.0,0.0,0.0,0.0,0.0,1.0000000000000002,0.0,0.0,0.0,0.0,0.0,0.0,0.0,0.0,0.0,0.0,2.0,0.0,32.175,39.2,2.0,0.0,0.0,0.0,0.0,0.9999999999999998,1.0,0.0,26.95,26.95,1.0,0.0,0.0,0.0,0.0,1.0,0.0,0.0,0.0,0.0,0.0,0.0,0.0,0.0,0.0,0.0,0.0,0.0,0.0,0.0,0.0,0.0,0.0,0.0,0.0,0.0,0.0,0.0,1.0,43.85,1.0,45.85,0.0,0.0,2.0,47.175,1.0,41.95,0.0,0.0
light_seed1,light,1,217.25,232.25,9.0,0.0,32.11666666666667,9.0,25.19999999999999,0.0,0.0,0.0,0.0,0.0,2.0,0.0,0.0,0.0,0.0,0.0,0.0,0.0,0.0,0.0,2.0,0.0,0.0,0.0,0.0,2.0,0.0,32.7,45.85,2.0,0.0,0.0,0.0,0.0,1.0000000000000002,0.0,0.0,0.0,0.0,0.0,2.0,0.0,0.0,0.0,0.0,0.0,0.0,0.0,0.0,0.0,2.0,0.0,0.0,0.0,0.0,2.0,0.0,33.825,44.9,2.0,0.0,0.0,0.0,0.0,1.0000000000000002,1.0,0.0,29.85,29.85,1.0,0.0,0.0,0.0,0.0,1.0000000000000002,1.0,0.0,31.85,31.85,1.0,0.0,0.0,0.0,0.0,1.0,0.0,0.0,0.0,0.0,0.0,0.0,0.0,0.0,0.0,0.0,2.0,0.0,33.175,40.2,2.0,0.0,0.0,0.0,0.0,0.9999999999999998,1.0,0.0,27.95,27.95,1.0,0.0,0.0,0.0,0.0,1.0,0.0,0.0,0.0,0.0,0.0,0.0,0.0,0.0,0.0,0.0,0.0,0.0,0.0,0.0,0.0,0.0,0.0,0.0,0.0,0.0,0.0,0.0,1.0,44.85,1.0,46.85,0.0,0.0,2.0,48.175,1.0,42.95,0.0,0.0
light_seed1,light,1,218.25,233.25,9.0,0.0,33.11666666666667,9.0,26.19999999999999,0.0,0.0,0.0,0.0,0.0,2.0,0.0,0.0,0.0,0.0,0.0,0.0,0.0,0.0,0.0,2.0,0.0,0.0,0.0,0.0,2.0,0.0,33.7,46.85,2.0,0.0,0.0,0.0,0.0,1.0000000000000002,0.0,0.0,0.0,0.0,0.0,2.0,0.0,0.0,0.0,0.0,0.0,0.0,0.0,0.0,0.0,2.0,0.0,0.0,0.0,0.0,2.0,0.0,34.825,45.9,2.0,0.0,0.0,0.0,0.0,1.0000000000000002,1.0,0.0,30.85,30.85,1.0,0.0,0.0,0.0,0.0,1.0000000000000002,1.0,0.0,32.85,32.85,1.0,0.0,0.0,0.0,0.0,1.0,0.0,0.0,0.0,0.0,0.0,0.0,0.0,0.0,0.0,0.0,2.0,0.0,34.175,41.2,2.0,0.0,0.0,0.0,0.0,0.9999999999999998,1.0,0.0,28.95,28.95,1.0,0.0,0.0,0.0,0.0,1.0,0.0,0.0,0.0,0.0,0.0,0.0,0.0,0.0,0.0,0.0,0.0,0.0,0.0,0.0,0.0,0.0,0.0,0.0,0.0,0.0,0.0,0.0,1.0,45.85,1.0,47.85,0.0,0.0,2.0,49.175,1.0,43.95,0.0,0.0
light_seed1,light,1,219.25,234.25,9.0,0.0,34.11666666666667,9.0,27.19999999999999,0.0,0.0,0.0,0.0,0.0,2.0,0.0,0.0,0.0,0.0,0.0,0.0,0.0,0.0,0.0,2.0,0.0,0.0,0.0,0.0,2.0,0.0,34.7,47.85,2.0,0.0,0.0,0.0,0.0,1.0000000000000002,0.0,0.0,0.0,0.0,0.0,2.0,0.0,0.0,0.0,0.0,0.0,0.0,0.0,0.0,0.0,2.0,0.0,0.0,0.0,0.0,2.0,0.0,35.825,46.9,2.0,0.0,0.0,0.0,0.0,1.0000000000000002,1.0,0.0,31.85,31.85,1.0,0.0,0.0,0.0,0.0,1.0,1.0,0.0,33.85,33.85,1.0,0.0,0.0,0.0,0.0,1.0,0.0,0.0,0.0,0.0,0.0,0.0,0.0,0.0,0.0,0.0,2.0,0.0,35.175,42.2,2.0,0.0,0.0,0.0,0.0,0.9999999999999998,1.0,0.0,29.95,29.95,1.0,0.0,0.0,0.0,0.0,1.0,0.0,0.0,0.0,0.0,0.0,0.0,0.0,0.0,0.0,0.0,0.0,0.0,0.0,0.0,0.0,0.0,0.0,0.0,0.0,0.0,0.0,0.0,1.0,46.85,1.0,48.85,0.0,0.0,2.0,50.175,1.0,44.95,0.0,0.0
light_seed1,light,1,220.25,235.25,9.0,0.0,35.11666666666667,9.0,28.19999999999999,0.0,0.0,0.0,0.0,0.0,2.0,0.0,0.0,0.0,0.0,0.0,0.0,0.0,0.0,0.0,2.0,0.0,0.0,0.0,0.0,2.0,0.0,35.7,48.85,2.0,0.0,0.0,0.0,0.0,1.0000000000000002,0.0,0.0,0.0,0.0,0.0,2.0,0.0,0.0,0.0,0.0,0.0,0.0,0.0,0.0,0.0,2.0,0.0,0.0,0.0,0.0,2.0,0.0,36.825,47.9,2.0,0.0,0.0,0.0,0.0,1.0000000000000002,1.0,0.0,32.85,32.85,1.0,0.0,0.0,0.0,0.0,1.0,1.0,0.0,34.85,34.85,1.0,0.0,0.0,0.0,0.0,1.0,0.0,0.0,0.0,0.0,0.0,0.0,0.0,0.0,0.0,0.0,2.0,0.0,36.175,43.2,2.0,0.0,0.0,0.0,0.0,0.9999999999999998,1.0,0.0,30.95,30.95,1.0,0.0,0.0,0.0,0.0,1.0,0.0,0.0,0.0,0.0,0.0,0.0,0.0,0.0,0.0,0.0,0.0,0.0,0.0,0.0,0.0,0.0,0.0,0.0,0.0,0.0,0.0,0.0,1.0,47.85,1.0,49.85,0.0,0.0,2.0,51.175,1.0,45.95,0.0,0.0
light_seed1,light,1,221.25,236.25,9.0,0.0,36.11666666666667,9.0,29.19999999999999,0.0,0.0,0.0,0.0,0.0,2.0,0.0,0.0,0.0,0.0,0.0,0.0,0.0,0.0,0.0,2.0,0.0,0.0,0.0,0.0,2.0,0.0,36.7,49.85,2.0,0.0,0.0,0.0,0.0,1.0,0.0,0.0,0.0,0.0,0.0,2.0,0.0,0.0,0.0,0.0,0.0,0.0,0.0,0.0,0.0,2.0,0.0,0.0,0.0,0.0,2.0,0.0,37.825,48.9,2.0,0.0,0.0,0.0,0.0,1.0000000000000002,1.0,0.0,33.85,33.85,1.0,0.0,0.0,0.0,0.0,1.0,1.0,0.0,35.85,35.85,1.0,0.0,0.0,0.0,0.0,1.0,0.0,0.0,0.0,0.0,0.0,0.0,0.0,0.0,0.0,0.0,2.0,0.0,37.175,44.2,2.0,0.0,0.0,0.0,0.0,0.9999999999999998,1.0,0.0,31.95,31.95,1.0,0.0,0.0,0.0,0.0,1.0,0.0,0.0,0.0,0.0,0.0,0.0,0.0,0.0,0.0,0.0,0.0,0.0,0.0,0.0,0.0,0.0,0.0,0.0,0.0,0.0,0.0,0.0,1.0,48.85,1.0,50.85,0.0,0.0,2.0,52.175,1.0,46.95,0.0,0.0
light_seed1,light,1,222.25,237.25,9.0,0.0,37.11666666666667,9.0,0.19999999999998863,0.0,0.0,0.0,0.0,0.0,1.0,0.0,0.0,0.0,0.0,0.0,0.0,0.0,0.0,0.0,1.0,0.0,0.0,0.0,0.0,2.0,0.0,37.7,50.85,2.0,0.0,0.0,0.0,0.0,1.0,0.0,0.0,0.0,0.0,0.0,1.0,0.0,0.0,0.0,0.0,0.0,0.0,0.0,0.0,0.0,1.0,0.0,0.0,0.0,0.0,2.0,0.0,38.825,49.9,2.0,0.0,0.0,0.0,0.0,1.0000000000000002,1.0,0.0,34.85,34.85,1.0,0.0,0.0,0.0,0.0,1.0,1.0,0.0,36.85,36.85,1.0,0.0,0.0,0.0,0.0,1.0,0.0,0.0,0.0,0.0,0.0,0.0,0.0,0.0,0.0,0.0,2.0,0.0,38.175,45.2,2.0,0.0,0.0,0.0,0.0,1.0,1.0,0.0,32.95,32.95,1.0,0.0,0.0,0.0,0.0,1.0000000000000002,0.0,0.0,0.0,0.0,0.0,0.0,0.0,0.0,0.0,0.0,0.0,0.0,0.0,0.0,0.0,0.0,0.0,0.0,0.0,0.0,0.0,0.0,1.0,49.85,1.0,51.85,0.0,0.0,2.0,53.175,1.0,47.95,0.0,0.0
light_seed1,light,1,223.25,238.25,9.0,0.0,38.11666666666667,9.0,1.1999999999999886,0.0,0.0,0.0,0.0,0.0,1.0,0.0,0.0,0.0,0.0,0.0,0.0,0.0,0.0,0.0,1.0,0.0,0.0,0.0,0.0,2.0,0.0,38.7,51.85,2.0,0.0,0.0,0.0,0.0,1.0,0.0,0.0,0.0,0.0,0.0,1.0,0.0,0.0,0.0,0.0,0.0,0.0,0.0,0.0,0.0,1.0,0.0,0.0,0.0,0.0,2.0,0.0,39.825,50.9,2.0,0.0,0.0,0.0,0.0,1.0000000000000002,1.0,0.0,35.85,35.85,1.0,0.0,0.0,0.0,0.0,1.0,1.0,0.0,37.85,37.85,1.0,0.0,0.0,0.0,0.0,1.0,0.0,0.0,0.0,0.0,0.0,0.0,0.0,0.0,0.0,0.0,2.0,0.0,39.175,46.2,2.0,0.0,0.0,0.0,0.0,1.0,1.0,0.0,33.95,33.95,1.0,0.0,0.0,0.0,0.0,1.0000000000000002,0.0,0.0,0.0,0.0,0.0,0.0,0.0,0.0,0.0,0.0,0.0,0.0,0.0,0.0,0.0,0.0,0.0,0.0,0.0,0.0,0.0,0.0,1.0,50.85,1.0,52.85,0.0,0.0,2.0,54.175,1.0,48.95,0.0,0.0
light_seed1,light,1,224.25,239.25,9.0,0.0,39.11666666666667,9.0,2.1999999999999886,0.0,0.0,0.0,0.0,0.0,1.0,0.0,0.0,0.0,0.0,0.0,0.0,0.0,0.0,0.0,1.0,0.0,0.0,0.0,0.0,2.0,0.0,39.7,52.85,2.0,0.0,0.0,0.0,0.0,1.0,0.0,0.0,0.0,0.0,0.0,1.0,0.0,0.0,0.0,0.0,0.0,0.0,0.0,0.0,0.0,1.0,0.0,0.0,0.0,0.0,2.0,0.0,40.825,51.9,2.0,0.0,0.0,0.0,0.0,1.0000000000000002,1.0,0.0,36.85,36.85,1.0,0.0,0.0,0.0,0.0,1.0,1.0,0.0,38.85,38.85,1.0,0.0,0.0,0.0,0.0,1.0,0.0,0.0,0.0,0.0,0.0,0.0,0.0,0.0,0.0,0.0,2.0,0.0,40.175,47.2,2.0,0.0,0.0,0.0,0.0,0.9999999999999998,1.0,0.0,34.95,34.95,1.0,0.0,0.0,0.0,0.0,1.0000000000000002,0.0,0.0,0.0,0.0,0.0,0.0,0.0,0.0,0.0,0.0,0.0,0.0,0.0,0.0,0.0,0.0,0.0,0.0,0.0,0.0,0.0,0.0,1.0,51.85,1.0,53.85,0.0,0.0,2.0,55.175,1.0,49.95,0.0,0.0
light_seed1,light,1,225.25,240.25,9.0,0.22408035473892365,24.83888888888889,6.0,0.19999999999998863,0.0,0.0,0.0,0.0,0.0,0.0,0.0,0.0,0.0,0.0,0.0,0.0,0.0,0.0,0.0,0.0,0.0,0.0,0.0,0.0,2.0,0.5363201911768444,13.775,27.55,1.0,2.0,0.0,0.0,-0.06666666666666667,-0.7950000000000002,0.0,0.0,0.0,0.0,0.0,0.0,0.0,0.0,0.0,0.0,0.0,0.0,0.0,0.0,0.0,0.0,0.0,0.0,0.0,0.0,2.0,0.4720414051483121,0.0,0.0,0.0,2.0,0.0,0.0,-0.13333333333333333,-1.7883333333333333,1.0,0.0,37.85,37.85,1.0,0.0,0.0,0.0,0.0,1.0,1.0,0.0,39.85,39.85,1.0,0.0,0.0,0.0,0.0,1.0,0.0,0.0,0.0,0.0,0.0,0.0,0.0,0.0,0.0,0.0,2.0,0.0,41.175,48.2,2.0,0.0,0.0,0.0,0.0,0.9999999999999998,1.0,0.0,35.95,35.95,1.0,0.0,0.0,0.0,0.0,1.0000000000000002,0.0,0.0,0.0,0.0,0.0,0.0,0.0,0.0,0.0,0.0,0.0,0.0,0.0,0.0,0.0,0.0,0.0,0.0,0.0,0.0,0.0,0.0,1.0,0.0,1.0,0.0,0.0,0.0,2.0,0.0,1.0,0.0,0.0,0.0
light_seed1,light,1,226.25,241.25,9.0,1.2847250803322234,22.333333333333332,5.0,1.1999999999999886,0.0,0.0,0.0,0.0,0.0,0.0,0.0,0.0,0.0,0.0,0.0,0.0,0.0,0.0,0.0,0.0,0.0,0.0,0.0,0.0,1.0,1.7579970154906848,0.0,0.0,0.0,2.0,0.0,0.06666666666666667,-0.13333333333333333,-1.7800000000000002,0.0,0.0,0.0,0.0,0.0,0.0,0.0,0.0,0.0,0.0,0.0,0.0,0.0,0.0,0.0,0.0,0.0,0.0,0.0,0.0,1.0,2.052987609250074,0.0,0.0,0.0,2.0,0.0,0.06666666666666667,-0.13333333333333333,-1.855,1.0,0.0,38.85,38.85,1.0,0.0,0.0,0.0,0.0,1.0,1.0,0.0,40.85,40.85,1.0,0.0,0.0,0.0,0.0,1.0,0.0,0.0,0.0,0.0,0.0,0.0,0.0,0.0,0.0,0.0,2.0,0.0,42.175,49.2,2.0,0.0,0.0,0.0,0.0,0.9999999999999998,1.0,0.0,36.95,36.95,1.0,0.0,0.0,0.0,0.0,1.0000000000000002,0.0,0.0,0.0,0.0,0.0,0.0,0.0,0.0,0.0,0.0,0.0,0.0,0.0,0.0,0.0,0.0,0.0,0.0,0.0,0.0,0.0,0.0,0.0,0.0,0.0,0.0,0.0,0.0,1.0,0.0,0.0,0.0,0.0,0.0
light_seed1,light,1,227.25,242.25,9.0,2.2018838903179243,22.88888888888889,5.0,2.1999999999999886,0.0,0.0,0.0,0.0,0.0,0.0,0.0,0.0,0.0,0.0,0.0,0.0,0.0,0.0,0.0,0.0,0.0,0.0,0.0,0.0,1.0,3.4882669483021425,0.0,0.0,0.0,2.0,0.0,0.06666666666666667,-0.13333333333333333,-1.846666666666667,0.0,0.0,0.0,0.0,0.0,0.0,0.0,0.0,0.0,0.0,0.0,0.0,0.0,0.0,0.0,0.0,0.0,0.0,0.0,0.0,1.0,4.187504076745302,0.0,0.0,0.0,2.0,0.0,0.06666666666666667,-0.13333333333333333,-1.9216666666666666,1.0,0.0,39.85,39.85,1.0,0.0,0.0,0.0,0.0,1.0,1.0,0.0,41.85,41.85,1.0,0.0,0.0,0.0,0.0,1.0,0.0,0.0,0.0,0.0,0.0,0.0,0.0,0.0,0.0,0.0,2.0,0.0,43.175,50.2,2.0,0.0,0.0,0.0,0.0,0.9999999999999998,1.0,0.0,37.95,37.95,1.0,0.0,0.0,0.0,0.0,1.0000000000000002,0.0,0.0,0.0,0.0,0.0,0.0,0.0,0.0,0.0,0.0,0.0,0.0,0.0,0.0,0.0,0.0,0.0,0.0,0.0,0.0,0.0,0.0,0.0,0.0,0.0,0.0,0.0,0.0,1.0,0.0,0.0,0.0,0.0,0.0
light_seed1,light,1,228.25,243.25,9.0,3.1567971024134667,23.444444444444443,5.0,3.1999999999999886,0.0,0.0,0.0,0.0,0.0,0.0,0.0,0.0,0.0,0.0,0.0,0.0,0.0,0.0,0.0,0.0,0.0,0.0,0.0,0.0,0.0,0.0,0.0,0.0,0.0,2.0,0.0,0.13333333333333333,-0.13333333333333333,-1.9133333333333336,0.0,0.0,0.0,0.0,0.0,0.0,0.0,0.0,0.0,0.0,0.0,0.0,0.0,0.0,0.0,0.0,0.0,0.0,0.0,0.0,0.0,0.0,0.0,0.0,0.0,2.0,0.0,0.13333333333333333,-0.13333333333333333,-1.9883333333333333,1.0,0.0,40.85,40.85,1.0,0.0,0.0,0.0,0.0,1.0,1.0,0.0,42.85,42.85,1.0,0.0,0.0,0.0,0.0,1.0,0.0,0.0,0.0,0.0,0.0,0.0,0.0,0.0,0.0,0.0,2.0,0.0,44.175,51.2,2.0,0.0,0.0,0.0,0.0,0.9999999999999998,1.0,0.0,38.95,38.95,1.0,0.0,0.0,0.0,0.0,1.0000000000000002,0.0,0.0,0.0,0.0,0.0,0.0,0.0,0.0,0.0,0.0,0.0,0.0,0.0,0.0,0.0,0.0,0.0,0.0,0.0,0.0,0.0,0.0,0.0,0.0,0.0,0.0,0.0,0.0,0.0,0.0,0.0,0.0,0.0,0.0
light_seed1,light,1,229.25,244.25,9.0,4.143525821267103,24.0,5.0,4.199999999999989,0.0,0.0,0.0,0.0,0.0,0.0,0.0,0.0,0.0,0.0,0.0,0.0,0.0,0.0,0.0,0.0,0.0,0.0,0.0,0.0,0.0,0.0,0.0,0.0,0.0,2.0,0.0,0.13333333333333333,-0.13333333333333333,-1.9800000000000002,0.0,0.0,0.0,0.0,0.0,0.0,0.0,0.0,0.0,0.0,0.0,0.0,0.0,0.0,0.0,0.0,0.0,0.0,0.0,0.0,0.0,0.0,0.0,0.0,0.0,2.0,0.0,0.13333333333333333,-0.13333333333333333,-2.055,1.0,0.0,41.85,41.85,1.0,0.0,0.0,0.0,0.0,1.0,1.0,0.0,43.85,43.85,1.0,0.0,0.0,0.0,0.0,1.0,0.0,0.0,0.0,0.0,0.0,0.0,0.0,0.0,0.0,0.0,2.0,0.0,45.175,52.2,2.0,0.0,0.0,0.0,0.0,0.9999999999999998,1.0,0.0,39.95,39.95,1.0,0.0,0.0,0.0,0.0,1.0000000000000002,0.0,0.0,0.0,0.0,0.0,0.0,0.0,0.0,0.0,0.0,0.0,0.0,0.0,0.0,0.0,0.0,0.0,0.0,0.0,0.0,0.0,0.0,0.0,0.0,0.0,0.0,0.0,0.0,0.0,0.0,0.0,0.0,0.0,0.0
light_seed1,light,1,230.25,245.25,9.0,5.093463480330108,24.555555555555557,5.0,5.199999999999989,0.0,0.0,0.0,0.0,0.0,0.0,0.0,0.0,0.0,0.0,0.0,0.0,0.0,0.0,0.0,0.0,0.0,0.0,0.0,0.0,0.0,0.0,0.0,0.0,0.0,2.0,0.0,0.13333333333333333,-0.13333333333333333,-2.046666666666667,0.0,0.0,0.0,0.0,0.0,0.0,0.0,0.0,0.0,0.0,0.0,0.0,0.0,0.0,0.0,0.0,0.0,0.0,0.0,0.0,0.0,0.0,0.0,0.0,0.0,2.0,0.0,0.13333333333333333,-0.13333333333333333,-2.1216666666666666,1.0,0.0,42.85,42.85,1.0,0.0,0.0,0.0,0.0,1.0,1.0,0.0,44.85,44.85,1.0,0.0,0.0,0.0,0.0,1.0,0.0,0.0,0.0,0.0,0.0,0.0,0.0,0.0,0.0,0.0,2.0,0.0,46.175,53.2,2.0,0.0,0.0,0.0,0.0,0.9999999999999998,1.0,0.0,40.95,40.95,1.0,0.0,0.0,0.0,0.0,1.0000000000000002,0.0,0.0,0.0,0.0,0.0,0.0,0.0,0.0,0.0,0.0,0.0,0.0,0.0,0.0,0.0,0.0,0.0,0.0,0.0,0.0,0.0,0.0,0.0,0.0,0.0,0.0,0.0,0.0,0.0,0.0,0.0,0.0,0.0,0.0
light_seed1,light,1,231.25,246.25,9.0,5.883248824599504,25.11111111111111,5.0,6.199999999999989,0.0,0.0,0.0,0.0,0.0,0.0,0.0,0.0,0.0,0.0,0.0,0.0,0.0,0.0,0.0,0.0,0.0,0.0,0.0,0.0,0.0,0.0,0.0,0.0,0.0,2.0,0.0,0.13333333333333333,-0.13333333333333333,-2.1133333333333337,0.0,0.0,0.0,0.0,0.0,0.0,0.0,0.0,0.0,0.0,0.0,0.0,0.0,0.0,0.0,0.0,0.0,0.0,0.0,0.0,0.0,0.0,0.0,0.0,0.0,2.0,0.0,0.13333333333333333,-0.13333333333333333,-2.1883333333333335,1.0,0.0,43.85,43.85,1.0,0.0,0.0,0.0,0.0,1.0,1.0,0.0,45.85,45.85,1.0,0.0,0.0,0.0,0.0,1.0,0.0,0.0,0.0,0.0,0.0,0.0,0.0,0.0,0.0,0.0,2.0,0.0,47.175,54.2,2.0,0.0,0.0,0.0,0.0,1.0,1.0,0.0,41.95,41.95,1.0,0.0,0.0,0.0,0.0,1.0000000000000002,0.0,0.0,0.0,0.0,0.0,0.0,0.0,0.0,0.0,0.0,0.0,0.0,0.0,0.0,0.0,0.0,0.0,0.0,0.0,0.0,0.0,0.0,0.0,0.0,0.0,0.0,0.0,0.0,0.0,0.0,0.0,0.0,0.0,0.0
light_seed1,light,1,232.25,247.25,9.0,6.046565107344548,25.666666666666668,5.0,7.199999999999989,0.0,0.0,0.0,0.0,0.0,0.0,0.0,0.0,0.0,0.0,0.0,0.0,0.0,0.0,0.0,0.0,0.0,0.0,0.0,0.0,0.0,0.0,0.0,0.0,0.0,2.0,0.0,0.13333333333333333,-0.13333333333333333,-2.18,0.0,0.0,0.0,0.0,0.0,0.0,0.0,0.0,0.0,0.0,0.0,0.0,0.0,0.0,0.0,0.0,0.0,0.0,0.0,0.0,0.0,0.0,0.0,0.0,0.0,2.0,0.0,0.13333333333333333,-0.13333333333333333,-2.2550000000000003,1.0,0.0,44.85,44.85,1.0,0.0,0.0,0.0,0.0,1.0,1.0,0.0,46.85,46.85,1.0,0.0,0.0,0.0,0.0,1.0,0.0,0.0,0.0,0.0,0.0,0.0,0.0,0.0,0.0,0.0,2.0,0.0,48.175,55.2,2.0,0.0,0.0,0.0,0.0,1.0,1.0,0.0,42.95,42.95,1.0,0.0,0.0,0.0,0.0,1.0000000000000002,0.0,0.0,0.0,0.0,0.0,0.0,0.0,0.0,0.0,0.0,0.0,0.0,0.0,0.0,0.0,0.0,0.0,0.0,0.0,0.0,0.0,0.0,0.0,0.0,0.0,0.0,0.0,0.0,0.0,0.0,0.0,0.0,0.0,0.0
light_seed1,light,1,233.25,248.25,9.0,6.091813940538317,26.22222222222222,5.0,8.199999999999989,0.0,0.0,0.0,0.0,0.0,0.0,0.0,0.0,0.0,0.0,0.0,0.0,0.0,0.0,0.0,0.0,0.0,0.0,0.0,0.0,0.0,0.0,0.0,0.0,0.0,2.0,0.0,0.13333333333333333,-0.13333333333333333,-2.246666666666667,0.0,0.0,0.0,0.0,0.0,0.0,0.0,0.0,0.0,0.0,0.0,0.0,0.0,0.0,0.0,0.0,0.0,0.0,0.0,0.0,0.0,0.0,0.0,0.0,0.0,2.0,0.0,0.13333333333333333,-0.13333333333333333,-2.3216666666666668,1.0,0.0,45.85,45.85,1.0,0.0,0.0,0.0,0.0,1.0,1.0,0.0,47.85,47.85,1.0,0.0,0.0,0.0,0.0,1.0,0.0,0.0,0.0,0.0,0.0,0.0,0.0,0.0,0.0,0.0,2.0,0.0,49.175,56.2,2.0,0.0,0.0,0.0,0.0,1.0,1.0,0.0,43.95,43.95,1.0,0.0,0.0,0.0,0.0,1.0000000000000002,0.0,0.0,0.0,0.0,0.0,0.0,0.0,0.0,0.0,0.0,0.0,0.0,0.0,0.0,0.0,0.0,0.0,0.0,0.0,0.0,0.0,0.0,0.0,0.0,0.0,0.0,0.0,0.0,0.0,0.0,0.0,0.0,0.0,0.0
light_seed1,light,1,234.25,249.25,9.0,6.087580547458521,26.77777777777778,5.0,9.199999999999989,0.0,0.0,0.0,0.0,0.0,0.0,0.0,0.0,0.0,0.0,0.0,0.0,0.0,0.0,0.0,0.0,0.0,0.0,0.0,0.0,0.0,0.0,0.0,0.0,0.0,2.0,0.0,0.13333333333333333,-0.13333333333333333,-2.3133333333333335,0.0,0.0,0.0,0.0,0.0,0.0,0.0,0.0,0.0,0.0,0.0,0.0,0.0,0.0,0.0,0.0,0.0,0.0,0.0,0.0,0.0,0.0,0.0,0.0,0.0,2.0,0.0,0.13333333333333333,-0.13333333333333333,-2.3883333333333336,1.0,0.0,46.85,46.85,1.0,0.0,0.0,0.0,0.0,1.0,1.0,0.0,48.85,48.85,1.0,0.0,0.0,0.0,0.0,1.0,0.0,0.0,0.0,0.0,0.0,0.0,0.0,0.0,0.0,0.0,2.0,0.0,50.175,57.2,2.0,0.0,0.0,0.0,0.0,1.0,1.0,0.0,44.95,44.95,1.0,0.0,0.0,0.0,0.0,1.0000000000000002,0.0,0.0,0.0,0.0,0.0,0.0,0.0,0.0,0.0,0.0,0.0,0.0,0.0,0.0,0.0,0.0,0.0,0.0,0.0,0.0,0.0,0.0,0.0,0.0,0.0,0.0,0.0,0.0,0.0,0.0,0.0,0.0,0.0,0.0
light_seed1,light,1,235.25,250.25,9.0,6.100662895703252,27.333333333333332,5.0,10.199999999999989,0.0,0.0,0.0,0.0,0.0,0.0,0.0,0.0,0.0,0.0,0.0,0.0,0.0,0.0,0.0,0.0,0.0,0.0,0.0,0.0,0.0,0.0,0.0,0.0,0.0,2.0,0.0,0.13333333333333333,-0.13333333333333333,-2.3800000000000003,0.0,0.0,0.0,0.0,0.0,0.0,0.0,0.0,0.0,0.0,0.0,0.0,0.0,0.0,0.0,0.0,0.0,0.0,0.0,0.0,0.0,0.0,0.0,0.0,0.0,2.0,0.0,0.13333333333333333,-0.13333333333333333,-2.455,1.0,0.0,47.85,47.85,1.0,0.0,0.0,0.0,0.0,1.0,1.0,0.0,49.85,49.85,1.0,0.0,0.0,0.0,0.0,1.0,0.0,0.0,0.0,0.0,0.0,0.0,0.0,0.0,0.0,0.0,2.0,0.0,51.175,58.2,2.0,0.0,0.0,0.0,0.0,1.0,1.0,0.0,45.95,45.95,1.0,0.0,0.0,0.0,0.0,1.0000000000000002,0.0,0.0,0.0,0.0,0.0,0.0,0.0,0.0,0.0,0.0,0.0,0.0,0.0,0.0,0.0,0.0,0.0,0.0,0.0,0.0,0.0,0.0,0.0,0.0,0.0,0.0,0.0,0.0,0.0,0.0,0.0,0.0,0.0,0.0
light_seed1,light,1,236.25,251.25,9.0,6.075529120091029,27.88888888888889,5.0,11.199999999999989,0.0,0.0,0.0,0.0,0.0,0.0,0.0,0.0,0.0,0.0,0.0,0.0,0.0,0.0,0.0,0.0,0.0,0.0,0.0,0.0,0.0,0.0,0.0,0.0,0.0,2.0,0.0,0.13333333333333333,-0.13333333333333333,-2.4466666666666668,0.0,0.0,0.0,0.0,0.0,0.0,0.0,0.0,0.0,0.0,0.0,0.0,0.0,0.0,0.0,0.0,0.0,0.0,0.0,0.0,0.0,0.0,0.0,0.0,0.0,2.0,0.0,0.13333333333333333,-0.13333333333333333,-2.521666666666667,1.0,0.0,48.85,48.85,1.0,0.0,0.0,0.0,0.0,1.0,1.0,0.0,50.85,50.85,1.0,0.0,0.0,0.0,0.0,1.0,0.0,0.0,0.0,0.0,0.0,0.0,0.0,0.0,0.0,0.0,2.0,0.0,52.175,59.2,2.0,0.0,0.0,0.0,0.0,1.0,1.0,0.0,46.95,46.95,1.0,0.0,0.0,0.0,0.0,1.0000000000000002,0.0,0.0,0.0,0.0,0.0,0.0,0.0,0.0,0.0,0.0,0.0,0.0,0.0,0.0,0.0,0.0,0.0,0.0,0.0,0.0,0.0,0.0,0.0,0.0,0.0,0.0,0.0,0.0,0.0,0.0,0.0,0.0,0.0,0.0
light_seed1,light,1,237.25,252.25,9.0,6.092907000290298,28.444444444444443,5.0,0.19999999999998863,0.0,0.0,0.0,0.0,0.0,0.0,0.0,0.0,0.0,0.0,0.0,0.0,0.0,0.0,0.0,0.0,0.0,0.0,0.0,0.0,0.0,0.0,0.0,0.0,0.0,1.0,0.0,0.13333333333333333,-0.13333333333333333,-2.5133333333333336,0.0,0.0,0.0,0.0,0.0,0.0,0.0,0.0,0.0,0.0,0.0,0.0,0.0,0.0,0.0,0.0,0.0,0.0,0.0,0.0,0.0,0.0,0.0,0.0,0.0,1.0,0.0,0.13333333333333333,-0.13333333333333333,-2.5883333333333334,1.0,0.0,49.85,49.85,1.0,0.0,0.0,0.0,0.0,1.0,1.0,0.0,51.85,51.85,1.0,0.0,0.0,0.0,0.0,1.0,0.0,0.0,0.0,0.0,0.0,0.0,0.0,0.0,0.0,0.0,2.0,0.0,53.175,60.2,2.0,0.0,0.0,0.0,0.0,1.0,1.0,0.0,47.95,47.95,1.0,0.0,0.0,0.0,0.0,1.0,0.0,0.0,0.0,0.0,0.0,0.0,0.0,0.0,0.0,0.0,0.0,0.0,0.0,0.0,0.0,0.0,0.0,0.0,0.0,0.0,0.0,0.0,0.0,0.0,0.0,0.0,0.0,0.0,0.0,0.0,0.0,0.0,0.0,0.0
light_seed1,light,1,238.25,253.25,9.0,6.0972010977160505,29.0,5.0,1.1999999999999886,0.0,0.0,0.0,0.0,0.0,0.0,0.0,0.0,0.0,0.0,0.0,0.0,0.0,0.0,0.0,0.0,0.0,0.0,0.0,0.0,0.0,0.0,0.0,0.0,0.0,1.0,0.0,0.13333333333333333,-0.13333333333333333,-2.58,0.0,0.0,0.0,0.0,0.0,0.0,0.0,0.0,0.0,0.0,0.0,0.0,0.0,0.0,0.0,0.0,0.0,0.0,0.0,0.0,0.0,0.0,0.0,0.0,0.0,1.0,0.0,0.13333333333333333,-0.13333333333333333,-2.6550000000000002,1.0,0.0,50.85,50.85,1.0,0.0,0.0,0.0,0.0,1.0,1.0,0.0,52.85,52.85,1.0,0.0,0.0,0.0,0.0,1.0,0.0,0.0,0.0,0.0,0.0,0.0,0.0,0.0,0.0,0.0,2.0,0.0,54.175,61.2,2.0,0.0,0.0,0.0,0.0,1.0,1.0,0.0,48.95,48.95,1.0,0.0,0.0,0.0,0.0,1.0,0.0,0.0,0.0,0.0,0.0,0.0,0.0,0.0,0.0,0.0,0.0,0.0,0.0,0.0,0.0,0.0,0.0,0.0,0.0,0.0,0.0,0.0,0.0,0.0,0.0,0.0,0.0,0.0,0.0,0.0,0.0,0.0,0.0,0.0
light_seed1,light,1,239.25,254.25,9.0,6.083794747068964,29.555555555555557,5.0,2.1999999999999886,0.0,0.0,0.0,0.0,0.0,0.0,0.0,0.0,0.0,0.0,0.0,0.0,0.0,0.0,0.0,0.0,0.0,0.0,0.0,0.0,0.0,0.0,0.0,0.0,0.0,1.0,0.0,0.13333333333333333,-0.13333333333333333,-2.646666666666667,0.0,0.0,0.0,0.0,0.0,0.0,0.0,0.0,0.0,0.0,0.0,0.0,0.0,0.0,0.0,0.0,0.0,0.0,0.0,0.0,0.0,0.0,0.0,0.0,0.0,1.0,0.0,0.13333333333333333,-0.13333333333333333,-2.7216666666666667,1.0,0.0,51.85,51.85,1.0,0.0,0.0,0.0,0.0,1.0,1.0,0.0,53.85,53.85,1.0,0.0,0.0,0.0,0.0,1.0,0.0,0.0,0.0,0.0,0.0,0.0,0.0,0.0,0.0,0.0,2.0,0.0,55.175,62.2,2.0,0.0,0.0,0.0,0.0,1.0,1.0,0.0,49.95,49.95,1.0,0.0,0.0,0.0,0.0,1.0,0.0,0.0,0.0,0.0,0.0,0.0,0.0,0.0,0.0,0.0,0.0,0.0,0.0,0.0,0.0,0.0,0.0,0.0,0.0,0.0,0.0,0.0,0.0,0.0,0.0,0.0,0.0,0.0,0.0,0.0,0.0,0.0,0.0,0.0
light_seed1,light,1,240.25,255.25,9.0,6.409219308365759,0.0,0.0,0.19999999999998863,0.0,0.0,0.0,0.0,0.0,0.0,0.0,0.0,0.0,0.0,0.0,0.0,0.0,0.0,0.0,0.0,0.0,0.0,0.0,0.0,0.0,0.0,0.0,0.0,0.0,0.0,0.0,0.13333333333333333,-0.06666666666666667,-0.9183333333333333,0.0,0.0,0.0,0.0,0.0,0.0,0.0,0.0,0.0,0.0,0.0,0.0,0.0,0.0,0.0,0.0,0.0,0.0,0.0,0.0,0.0,0.0,0.0,0.0,0.0,0.0,0.0,0.13333333333333333,0.0,0.0,1.0,0.6287872355374666,0.0,0.0,0.0,2.0,0.0,0.0,-0.06666666666666667,-2.5233333333333334,1.0,0.7311559933724556,0.0,0.0,0.0,2.0,0.0,0.0,-0.06666666666666667,-2.6566666666666667,0.0,0.0,0.0,0.0,0.0,0.0,0.0,0.0,0.0,0.0,2.0,0.47171167656446233,0.0,0.0,0.0,2.0,0.0,0.0,-0.13333333333333333,-2.7449999999999997,1.0,0.48676213757979186,0.0,0.0,0.0,2.0,0.0,0.0,-0.06666666666666667,-2.396666666666667,0.0,0.0,0.0,0.0,0.0,0.0,0.0,0.0,0.0,0.0,0.0,0.0,0.0,0.0,0.0,0.0,0.0,0.0,0.0,0.0,0.0,0.0,0.0,0.0,0.0,0.0,0.0,0.0,0.0,0.0,0.0,0.0,0.0,0.0
light_seed1,light,1,241.25,256.25,9.0,7.6321287795862105,0.0,0.0,1.1999999999999886,0.0,0.0,0.0,0.0,0.0,0.0,0.0,0.0,0.0,0.0,0.0,0.0,0.0,0.0,0.0,0.0,0.0,0.0,0.0,0.0,0.0,0.0,0.0,0.0,0.0,0.0,0.0,0.06666666666666667,0.0,0.0,0.0,0.0,0.0,0.0,0.0,0.0,0.0,0.0,0.0,0.0,0.0,0.0,0.0,0.0,0.0,0.0,0.0,0.0,0.0,0.0,0.0,0.0,0.0,0.0,0.0,0.0,0.0,0.06666666666666667,0.0,0.0,0.0,0.0,0.0,0.0,0.0,2.0,0.0,0.06666666666666667,-0.06666666666666667,-2.5900000000000003,0.0,0.0,0.0,0.0,0.0,2.0,0.0,0.06666666666666667,-0.06666666666666667,-2.7233333333333336,0.0,0.0,0.0,0.0,0.0,0.0,0.0,0.0,0.0,0.0,1.0,2.0520513102880416,0.0,0.0,0.0,2.0,0.0,0.06666666666666667,-0.13333333333333333,-2.8116666666666665,0.0,0.0,0.0,0.0,0.0,2.0,0.0,0.06666666666666667,-0.06666666666666667,-2.4633333333333334,0.0,0.0,0.0,0.0,0.0,0.0,0.0,0.0,0.0,0.0,0.0,0.0,0.0,0.0,0.0,0.0,0.0,0.0,0.0,0.0,0.0,0.0,0.0,0.0,0.0,0.0,0.0,0.0,0.0,0.0,0.0,0.0,0.0,0.0
light_seed1,light,1,242.25,257.25,8.0,7.846342132122233,0.0,0.0,2.1999999999999886,0.0,0.0,0.0,0.0,0.0,0.0,0.0,0.0,0.0,0.0,0.0,0.0,0.0,0.0,0.0,0.0,0.0,0.0,0.0,0.0,0.0,0.0,0.0,0.0,0.0,0.0,0.0,0.06666666666666667,0.0,0.0,0.0,0.0,0.0,0.0,0.0,0.0,0.0,0.0,0.0,0.0,0.0,0.0,0.0,0.0,0.0,0.0,0.0,0.0,0.0,0.0,0.0,0.0,0.0,0.0,0.0,0.0,0.0,0.06666666666666667,0.0,0.0,0.0,0.0,0.0,0.0,0.0,2.0,0.0,0.06666666666666667,-0.06666666666666667,-2.6566666666666667,0.0,0.0,0.0,0.0,0.0,2.0,0.0,0.06666666666666667,-0.06666666666666667,-2.79,0.0,0.0,0.0,0.0,0.0,0.0,0.0,0.0,0.0,0.0,1.0,4.105452193639322,0.0,0.0,0.0,2.0,0.0,0.06666666666666667,-0.13333333333333333,-2.878333333333333,0.0,0.0,0.0,0.0,0.0,2.0,0.0,0.06666666666666667,-0.06666666666666667,-2.5300000000000002,0.0,0.0,0.0,0.0,0.0,0.0,0.0,0.0,0.0,0.0,0.0,0.0,0.0,0.0,0.0,0.0,0.0,0.0,0.0,0.0,0.0,0.0,0.0,0.0,0.0,0.0,0.0,0.0,0.0,0.0,0.0,0.0,0.0,0.0
light_seed1,light,1,243.25,258.25,7.0,8.218613535908572,0.0,0.0,3.1999999999999886,0.0,0.0,0.0,0.0,0.0,0.0,0.0,0.0,0.0,0.0,0.0,0.0,0.0,0.0,0.0,0.0,0.0,0.0,0.0,0.0,0.0,0.0,0.0,0.0,0.0,0.0,0.0,0.0,0.0,0.0,0.0,0.0,0.0,0.0,0.0,0.0,0.0,0.0,0.0,0.0,0.0,0.0,0.0,0.0,0.0,0.0,0.0,0.0,0.0,0.0,0.0,0.0,0.0,0.0,0.0,0.0,0.0,0.0,0.0,0.0,0.0,0.0,0.0,0.0,0.0,2.0,0.0,0.06666666666666667,-0.06666666666666667,-2.7233333333333336,0.0,0.0,0.0,0.0,0.0,2.0,0.0,0.06666666666666667,-0.06666666666666667,-2.856666666666667,0.0,0.0,0.0,0.0,0.0,0.0,0.0,0.0,0.0,0.0,0.0,0.0,0.0,0.0,0.0,2.0,0.0,0.13333333333333333,-0.13333333333333333,-2.945,0.0,0.0,0.0,0.0,0.0,2.0,0.0,0.06666666666666667,-0.06666666666666667,-2.5966666666666667,0.0,0.0,0.0,0.0,0.0,0.0,0.0,0.0,0.0,0.0,0.0,0.0,0.0,0.0,0.0,0.0,0.0,0.0,0.0,0.0,0.0,0.0,0.0,0.0,0.0,0.0,0.0,0.0,0.0,0.0,0.0,0.0,0.0,0.0
light_seed1,light,1,244.25,259.25,7.0,9.097884155592947,0.0,0.0,4.199999999999989,0.0,0.0,0.0,0.0,0.0,0.0,0.0,0.0,0.0,0.0,0.0,0.0,0.0,0.0,0.0,0.0,0.0,0.0,0.0,0.0,0.0,0.0,0.0,0.0,0.0,0.0,0.0,0.0,0.0,0.0,0.0,0.0,0.0,0.0,0.0,0.0,0.0,0.0,0.0,0.0,0.0,0.0,0.0,0.0,0.0,0.0,0.0,0.0,0.0,0.0,0.0,0.0,0.0,0.0,0.0,0.0,0.0,0.0,0.0,0.0,0.0,0.0,0.0,0.0,0.0,2.0,0.0,0.06666666666666667,-0.06666666666666667,-2.79,0.0,0.0,0.0,0.0,0.0,2.0,0.0,0.06666666666666667,-0.06666666666666667,-2.9233333333333333,0.0,0.0,0.0,0.0,0.0,0.0,0.0,0.0,0.0,0.0,0.0,0.0,0.0,0.0,0.0,2.0,0.0,0.13333333333333333,-0.13333333333333333,-3.0116666666666663,0.0,0.0,0.0,0.0,0.0,2.0,0.0,0.06666666666666667,-0.06666666666666667,-2.6633333333333336,0.0,0.0,0.0,0.0,0.0,0.0,0.0,0.0,0.0,0.0,0.0,0.0,0.0,0.0,0.0,0.0,0.0,0.0,0.0,0.0,0.0,0.0,0.0,0.0,0.0,0.0,0.0,0.0,0.0,0.0,0.0,0.0,0.0,0.0
light_seed1,light,1,245.25,260.25,6.0,9.986153707800801,0.0,0.0,5.199999999999989,0.0,0.0,0.0,0.0,0.0,0.0,0.0,0.0,0.0,0.0,0.0,0.0,0.0,0.0,0.0,0.0,0.0,0.0,0.0,0.0,0.0,0.0,0.0,0.0,0.0,0.0,0.0,0.0,0.0,0.0,0.0,0.0,0.0,0.0,0.0,0.0,0.0,0.0,0.0,0.0,0.0,0.0,0.0,0.0,0.0,0.0,0.0,0.0,0.0,0.0,0.0,0.0,0.0,0.0,0.0,0.0,0.0,0.0,0.0,0.0,0.0,0.0,0.0,0.0,0.0,2.0,0.0,0.06666666666666667,-0.06666666666666667,-2.856666666666667,0.0,0.0,0.0,0.0,0.0,2.0,0.0,0.06666666666666667,-0.06666666666666667,-2.99,0.0,0.0,0.0,0.0,0.0,0.0,0.0,0.0,0.0,0.0,0.0,0.0,0.0,0.0,0.0,2.0,0.0,0.13333333333333333,-0.13333333333333333,-3.078333333333333,0.0,0.0,0.0,0.0,0.0,2.0,0.0,0.06666666666666667,-0.06666666666666667,-2.73,0.0,0.0,0.0,0.0,0.0,0.0,0.0,0.0,0.0,0.0,1.0,0.0,1.0,0.0,1.0,0.0,1.0,0.0,1.0,0.0,1.0,0.0,1.0,0.0,1.0,0.0,1.0,0.0,1.0,0.0,1.0,0.0,1.0,0.0
light_seed1,light,1,246.25,261.25,6.0,11.202140244376038,0.0,0.0,6.199999999999989,0.0,0.0,0.0,0.0,0.0,0.0,0.0,0.0,0.0,0.0,0.0,0.0,0.0,0.0,0.0,0.0,0.0,0.0,0.0,0.0,0.0,0.0,0.0,0.0,0.0,0.0,0.0,0.0,0.0,0.0,0.0,0.0,0.0,0.0,0.0,0.0,0.0,0.0,0.0,0.0,0.0,0.0,0.0,0.0,0.0,0.0,0.0,0.0,0.0,0.0,0.0,0.0,0.0,0.0,0.0,0.0,0.0,0.0,0.0,0.0,0.0,0.0,0.0,0.0,0.0,2.0,0.0,0.06666666666666667,-0.06666666666666667,-2.9233333333333333,0.0,0.0,0.0,0.0,0.0,2.0,0.0,0.06666666666666667,-0.06666666666666667,-3.0566666666666666,0.0,0.0,0.0,0.0,0.0,0.0,0.0,0.0,0.0,0.0,0.0,0.0,0.0,0.0,0.0,2.0,0.0,0.13333333333333333,-0.13333333333333333,-3.145,0.0,0.0,0.0,0.0,0.0,2.0,0.0,0.06666666666666667,-0.06666666666666667,-2.796666666666667,0.0,0.0,0.0,0.0,0.0,0.0,0.0,0.0,0.0,0.0,1.0,0.0,1.0,0.0,1.0,0.0,1.0,0.0,1.0,0.0,1.0,0.0,1.0,0.0,1.0,0.0,1.0,0.0,1.0,0.0,1.0,0.0,1.0,0.0
light_seed1,light,1,247.25,262.25,6.0,12.033810461259748,0.0,0.0,7.199999999999989,0.0,0.0,0.0,0.0,0.0,0.0,0.0,0.0,0.0,0.0,0.0,0.0,0.0,0.0,0.0,0.0,0.0,0.0,0.0,0.0,0.0,0.0,0.0,0.0,0.0,0.0,0.0,0.0,0.0,0.0,0.0,0.0,0.0,0.0,0.0,0.0,0.0,0.0,0.0,0.0,0.0,0.0,0.0,0.0,0.0,0.0,0.0,0.0,0.0,0.0,0.0,0.0,0.0,0.0,0.0,0.0,0.0,0.0,0.0,0.0,0.0,0.0,0.0,0.0,0.0,2.0,0.0,0.06666666666666667,-0.06666666666666667,-2.99,0.0,0.0,0.0,0.0,0.0,2.0,0.0,0.06666666666666667,-0.06666666666666667,-3.1233333333333335,0.0,0.0,0.0,0.0,0.0,0.0,0.0,0.0,0.0,0.0,0.0,0.0,0.0,0.0,0.0,2.0,0.0,0.13333333333333333,-0.13333333333333333,-3.2116666666666664,0.0,0.0,0.0,0.0,0.0,2.0,0.0,0.06666666666666667,-0.06666666666666667,-2.8633333333333337,0.0,0.0,0.0,0.0,0.0,0.0,0.0,0.0,0.0,0.0,1.0,0.0,1.0,0.0,1.0,0.0,1.0,0.0,1.0,0.0,1.0,0.0,1.0,0.0,1.0,0.0,1.0,0.0,1.0,0.0,1.0,0.0,1.0,0.0
light_seed1,light,1,248.25,263.25,6.0,12.254888978486571,0.0,0.0,8.199999999999989,0.0,0.0,0.0,0.0,0.0,0.0,0.0,0.0,0.0,0.0,0.0,0.0,0.0,0.0,0.0,0.0,0.0,0.0,0.0,0.0,0.0,0.0,0.0,0.0,0.0,0.0,0.0,0.0,0.0,0.0,0.0,0.0,0.0,0.0,0.0,0.0,0.0,0.0,0.0,0.0,0.0,0.0,0.0,0.0,0.0,0.0,0.0,0.0,0.0,0.0,0.0,0.0,0.0,0.0,0.0,0.0,0.0,0.0,0.0,0.0,0.0,0.0,0.0,0.0,0.0,2.0,0.0,0.06666666666666667,-0.06666666666666667,-3.0566666666666666,0.0,0.0,0.0,0.0,0.0,2.0,0.0,0.06666666666666667,-0.06666666666666667,-3.19,0.0,0.0,0.0,0.0,0.0,0.0,0.0,0.0,0.0,0.0,0.0,0.0,0.0,0.0,0.0,2.0,0.0,0.13333333333333333,-0.13333333333333333,-3.2783333333333333,0.0,0.0,0.0,0.0,0.0,2.0,0.0,0.06666666666666667,-0.06666666666666667,-2.93,0.0,0.0,0.0,0.0,0.0,0.0,0.0,0.0,0.0,0.0,1.0,0.0,1.0,0.0,1.0,0.0,1.0,0.0,1.0,0.0,1.0,0.0,1.0,0.0,1.0,0.0,1.0,0.0,1.0,0.0,1.0,0.0,1.0,0.0
light_seed1,light,1,249.25,264.25,5.0,12.504307113976747,0.0,0.0,9.199999999999989,0.0,0.0,0.0,0.0,0.0,0.0,0.0,0.0,0.0,0.0,0.0,0.0,0.0,0.0,0.0,0.0,0.0,0.0,0.0,0.0,0.0,0.0,0.0,0.0,0.0,0.0,0.0,0.0,0.0,0.0,0.0,0.0,0.0,0.0,0.0,0.0,0.0,0.0,0.0,0.0,0.0,0.0,0.0,0.0,0.0,0.0,0.0,0.0,0.0,0.0,0.0,0.0,0.0,0.0,0.0,0.0,0.0,0.0,0.0,0.0,0.0,0.0,0.0,0.0,0.0,2.0,0.0,0.06666666666666667,-0.06666666666666667,-3.1233333333333335,0.0,0.0,0.0,0.0,0.0,2.0,0.0,0.06666666666666667,-0.06666666666666667,-3.256666666666667,0.0,0.0,0.0,0.0,0.0,0.0,0.0,0.0,0.0,0.0,0.0,0.0,0.0,0.0,0.0,2.0,0.0,0.13333333333333333,-0.13333333333333333,-3.3449999999999998,0.0,0.0,0.0,0.0,0.0,2.0,0.0,0.06666666666666667,-0.06666666666666667,-2.996666666666667,0.0,0.0,0.0,0.0,0.0,0.0,0.0,0.0,0.0,0.0,1.0,0.0,1.0,0.0,1.0,0.0,1.0,0.0,1.0,0.0,1.0,0.0,1.0,0.0,1.0,0.0,1.0,0.0,1.0,0.0,1.0,0.0,1.0,0.0
light_seed1,light,1,250.25,265.25,5.0,12.549156699608186,0.0,0.0,10.199999999999989,0.0,0.0,0.0,0.0,0.0,0.0,0.0,0.0,0.0,0.0,0.0,0.0,0.0,0.0,0.0,0.0,0.0,0.0,0.0,0.0,0.0,0.0,0.0,0.0,0.0,0.0,0.0,0.0,0.0,0.0,0.0,0.0,0.0,0.0,0.0,0.0,0.0,0.0,0.0,0.0,0.0,0.0,0.0,0.0,0.0,0.0,0.0,0.0,0.0,0.0,0.0,0.0,0.0,0.0,0.0,0.0,0.0,0.0,0.0,0.0,0.0,0.0,0.0,0.0,0.0,2.0,0.0,0.06666666666666667,-0.06666666666666667,-3.19,0.0,0.0,0.0,0.0,0.0,2.0,0.0,0.06666666666666667,-0.06666666666666667,-3.3233333333333333,0.0,0.0,0.0,0.0,0.0,0.0,0.0,0.0,0.0,0.0,0.0,0.0,0.0,0.0,0.0,2.0,0.0,0.13333333333333333,-0.13333333333333333,-3.4116666666666666,0.0,0.0,0.0,0.0,0.0,2.0,0.0,0.06666666666666667,-0.06666666666666667,-3.0633333333333335,0.0,0.0,0.0,0.0,0.0,0.0,0.0,0.0,0.0,0.0,1.0,0.0,1.0,0.0,1.0,0.0,1.0,0.0,1.0,0.0,1.0,0.0,1.0,0.0,1.0,0.0,1.0,0.0,1.0,0.0,1.0,0.0,1.0,0.0
light_seed1,light,1,251.25,266.25,5.0,12.546376555709559,0.0,0.0,11.199999999999989,0.0,0.0,0.0,0.0,0.0,0.0,0.0,0.0,0.0,0.0,0.0,0.0,0.0,0.0,0.0,0.0,0.0,0.0,0.0,0.0,0.0,0.0,0.0,0.0,0.0,0.0,0.0,0.0,0.0,0.0,0.0,0.0,0.0,0.0,0.0,0.0,0.0,0.0,0.0,0.0,0.0,0.0,0.0,0.0,0.0,0.0,0.0,0.0,0.0,0.0,0.0,0.0,0.0,0.0,0.0,0.0,0.0,0.0,0.0,0.0,0.0,0.0,0.0,0.0,0.0,2.0,0.0,0.06666666666666667,-0.06666666666666667,-3.256666666666667,0.0,0.0,0.0,0.0,0.0,2.0,0.0,0.06666666666666667,-0.06666666666666667,-3.39,0.0,0.0,0.0,0.0,0.0,0.0,0.0,0.0,0.0,0.0,0.0,0.0,0.0,0.0,0.0,2.0,0.0,0.13333333333333333,-0.13333333333333333,-3.478333333333333,0.0,0.0,0.0,0.0,0.0,2.0,0.0,0.06666666666666667,-0.06666666666666667,-3.1300000000000003,0.0,0.0,0.0,0.0,0.0,0.0,0.0,0.0,0.0,0.0,1.0,0.0,1.0,0.0,1.0,0.0,1.0,0.0,1.0,0.0,1.0,0.0,1.0,0.0,1.0,0.0,1.0,0.0,1.0,0.0,1.0,0.0,1.0,0.0
light_seed1,light,1,252.25,267.25,5.0,12.55114616599313,0.0,0.0,12.199999999999989,0.0,0.0,0.0,0.0,0.0,0.0,0.0,0.0,0.0,0.0,0.0,0.0,0.0,0.0,0.0,0.0,0.0,0.0,0.0,0.0,0.0,0.0,0.0,0.0,0.0,0.0,0.0,0.0,0.0,0.0,0.0,0.0,0.0,0.0,0.0,0.0,0.0,0.0,0.0,0.0,0.0,0.0,0.0,0.0,0.0,0.0,0.0,0.0,0.0,0.0,0.0,0.0,0.0,0.0,0.0,0.0,0.0,0.0,0.0,0.0,0.0,0.0,0.0,0.0,0.0,2.0,0.0,0.06666666666666667,-0.06666666666666667,-3.3233333333333333,0.0,0.0,0.0,0.0,0.0,2.0,0.0,0.06666666666666667,-0.06666666666666667,-3.4566666666666666,0.0,0.0,0.0,0.0,0.0,0.0,0.0,0.0,0.0,0.0,0.0,0.0,0.0,0.0,0.0,2.0,0.0,0.13333333333333333,-0.13333333333333333,-3.545,0.0,0.0,0.0,0.0,0.0,2.0,0.0,0.06666666666666667,-0.06666666666666667,-3.1966666666666668,0.0,0.0,0.0,0.0,0.0,0.0,0.0,0.0,0.0,0.0,1.0,0.0,1.0,0.0,1.0,0.0,1.0,0.0,1.0,0.0,1.0,0.0,1.0,0.0,1.0,0.0,1.0,0.0,1.0,0.0,1.0,0.0,1.0,0.0
light_seed1,light,1,253.25,268.25,5.0,12.574105013008626,0.0,0.0,13.199999999999989,0.0,0.0,0.0,0.0,0.0,0.0,0.0,0.0,0.0,0.0,0.0,0.0,0.0,0.0,0.0,0.0,0.0,0.0,0.0,0.0,0.0,0.0,0.0,0.0,0.0,0.0,0.0,0.0,0.0,0.0,0.0,0.0,0.0,0.0,0.0,0.0,0.0,0.0,0.0,0.0,0.0,0.0,0.0,0.0,0.0,0.0,0.0,0.0,0.0,0.0,0.0,0.0,0.0,0.0,0.0,0.0,0.0,0.0,0.0,0.0,0.0,0.0,0.0,0.0,0.0,2.0,0.0,0.06666666666666667,-0.06666666666666667,-3.39,0.0,0.0,0.0,0.0,0.0,2.0,0.0,0.06666666666666667,-0.06666666666666667,-3.5233333333333334,0.0,0.0,0.0,0.0,0.0,0.0,0.0,0.0,0.0,0.0,0.0,0.0,0.0,0.0,0.0,2.0,0.0,0.13333333333333333,-0.13333333333333333,-3.6116666666666664,0.0,0.0,0.0,0.0,0.0,2.0,0.0,0.06666666666666667,-0.06666666666666667,-3.2633333333333336,0.0,0.0,0.0,0.0,0.0,0.0,0.0,0.0,0.0,0.0,1.0,0.0,1.0,0.0,1.0,0.0,1.0,0.0,1.0,0.0,1.0,0.0,1.0,0.0,1.0,0.0,1.0,0.0,1.0,0.0,1.0,0.0,1.0,0.0
light_seed1,light,1,254.25,269.25,5.0,12.585686707959251,0.0,0.0,14.199999999999989,0.0,0.0,0.0,0.0,0.0,0.0,0.0,0.0,0.0,0.0,0.0,0.0,0.0,0.0,0.0,0.0,0.0,0.0,0.0,0.0,0.0,0.0,0.0,0.0,0.0,0.0,0.0,0.0,0.0,0.0,0.0,0.0,0.0,0.0,0.0,0.0,0.0,0.0,0.0,0.0,0.0,0.0,0.0,0.0,0.0,0.0,0.0,0.0,0.0,0.0,0.0,0.0,0.0,0.0,0.0,0.0,0.0,0.0,0.0,0.0,0.0,0.0,0.0,0.0,0.0,2.0,0.0,0.06666666666666667,-0.06666666666666667,-3.4566666666666666,0.0,0.0,0.0,0.0,0.0,2.0,0.0,0.06666666666666667,-0.06666666666666667,-3.5900000000000003,0.0,0.0,0.0,0.0,0.0,0.0,0.0,0.0,0.0,0.0,0.0,0.0,0.0,0.0,0.0,2.0,0.0,0.13333333333333333,-0.13333333333333333,-3.6783333333333332,0.0,0.0,0.0,0.0,0.0,2.0,0.0,0.06666666666666667,-0.06666666666666667,-3.33,0.0,0.0,0.0,0.0,0.0,0.0,0.0,0.0,0.0,0.0,1.0,0.0,1.0,0.0,1.0,0.0,1.0,0.0,1.0,0.0,1.0,0.0,1.0,0.0,1.0,0.0,1.0,0.0,1.0,0.0,1.0,0.0,1.0,0.0
light_seed1,light,1,255.25,270.25,5.0,12.598359535635444,0.0,0.0,15.199999999999989,0.0,0.0,0.0,0.0,0.0,0.0,0.0,0.0,0.0,0.0,0.0,0.0,0.0,0.0,0.0,0.0,0.0,0.0,0.0,0.0,0.0,0.0,0.0,0.0,0.0,0.0,0.0,0.0,0.0,0.0,0.0,0.0,0.0,0.0,0.0,0.0,0.0,0.0,0.0,0.0,0.0,0.0,0.0,0.0,0.0,0.0,0.0,0.0,0.0,0.0,0.0,0.0,0.0,0.0,0.0,0.0,0.0,0.0,0.0,0.0,0.0,0.0,0.0,0.0,0.0,2.0,0.0,0.06666666666666667,0.0,0.0,0.0,0.0,0.0,0.0,0.0,2.0,0.0,0.06666666666666667,0.0,0.0,0.0,0.0,0.0,0.0,0.0,0.0,0.0,0.0,0.0,0.0,0.0,0.0,0.0,0.0,0.0,2.0,0.0,0.13333333333333333,0.0,0.0,0.0,0.0,0.0,0.0,0.0,2.0,0.0,0.06666666666666667,0.0,0.0,0.0,0.0,0.0,0.0,0.0,0.0,0.0,0.0,0.0,0.0,1.0,0.0,1.0,0.0,1.0,0.0,1.0,0.0,1.0,0.0,1.0,0.0,1.0,0.0,1.0,0.0,1.0,0.0,1.0,0.0,1.0,0.0,1.0,0.0
light_seed1,light,1,256.25,271.25,5.0,12.56350942285916,0.0,0.0,16.19999999999999,0.0,0.0,0.0,0.0,0.0,0.0,0.0,0.0,0.0,0.0,0.0,0.0,0.0,0.0,0.0,0.0,0.0,0.0,0.0,0.0,0.0,0.0,0.0,0.0,0.0,0.0,0.0,0.0,0.0,0.0,0.0,0.0,0.0,0.0,0.0,0.0,0.0,0.0,0.0,0.0,0.0,0.0,0.0,0.0,0.0,0.0,0.0,0.0,0.0,0.0,0.0,0.0,0.0,0.0,0.0,0.0,0.0,0.0,0.0,0.0,0.0,0.0,0.0,0.0,0.0,2.0,0.0,0.0,0.0,0.0,0.0,0.0,0.0,0.0,0.0,2.0,0.0,0.0,0.0,0.0,0.0,0.0,0.0,0.0,0.0,0.0,0.0,0.0,0.0,0.0,0.0,0.0,0.0,0.0,0.0,2.0,0.0,0.06666666666666667,0.0,0.0,0.0,0.0,0.0,0.0,0.0,2.0,0.0,0.0,0.0,0.0,0.0,0.0,0.0,0.0,0.0,0.0,0.0,0.0,0.0,0.0,1.0,0.0,1.0,0.0,1.0,0.0,1.0,0.0,1.0,0.0,1.0,0.0,1.0,0.0,1.0,0.0,1.0,0.0,1.0,0.0,0.0,0.0,1.0,0.0
light_seed1,light,1,257.25,272.25,4.0,11.580429128092018,0.0,0.0,17.19999999999999,0.0,0.0,0.0,0.0,0.0,0.0,0.0,0.0,0.0,0.0,0.0,0.0,0.0,0.0,0.0,0.0,0.0,0.0,0.0,0.0,0.0,0.0,0.0,0.0,0.0,0.0,0.0,0.0,0.0,0.0,0.0,0.0,0.0,0.0,0.0,0.0,0.0,0.0,0.0,0.0,0.0,0.0,0.0,0.0,0.0,0.0,0.0,0.0,0.0,0.0,0.0,0.0,0.0,0.0,0.0,0.0,0.0,0.0,0.0,0.0,0.0,0.0,0.0,0.0,0.0,2.0,0.0,0.0,0.0,0.0,0.0,0.0,0.0,0.0,0.0,2.0,0.0,0.0,0.0,0.0,0.0,0.0,0.0,0.0,0.0,0.0,0.0,0.0,0.0,0.0,0.0,0.0,0.0,0.0,0.0,2.0,0.0,0.06666666666666667,0.0,0.0,0.0,0.0,0.0,0.0,0.0,2.0,0.0,0.0,0.0,0.0,0.0,0.0,0.0,0.0,0.0,0.0,0.0,0.0,0.0,0.0,1.0,0.0,1.0,0.0,1.0,0.0,1.0,0.0,1.0,0.2,1.0,0.0,1.0,0.0,1.0,0.0,1.0,0.0,1.0,0.0,0.0,0.0,1.0,0.0
light_seed1,light,1,258.25,273.25,3.0,10.81528823469487,0.0,0.0,18.19999999999999,0.0,0.0,0.0,0.0,0.0,0.0,0.0,0.0,0.0,0.0,0.0,0.0,0.0,0.0,0.0,0.0,0.0,0.0,0.0,0.0,0.0,0.0,0.0,0.0,0.0,0.0,0.0,0.0,0.0,0.0,0.0,0.0,0.0,0.0,0.0,0.0,0.0,0.0,0.0,0.0,0.0,0.0,0.0,0.0,0.0,0.0,0.0,0.0,0.0,0.0,0.0,0.0,0.0,0.0,0.0,0.0,0.0,0.0,0.0,0.0,0.0,0.0,0.0,0.0,0.0,2.0,0.0,0.0,0.0,0.0,0.0,0.0,0.0,0.0,0.0,2.0,0.0,0.0,0.0,0.0,0.0,0.0,0.0,0.0,0.0,0.0,0.0,0.0,0.0,0.0,0.0,0.0,0.0,0.0,0.0,2.0,0.0,0.0,0.0,0.0,0.0,0.0,0.0,0.0,0.0,2.0,0.0,0.0,0.0,0.0,0.0,0.0,0.0,0.0,0.0,0.0,0.0,0.0,0.0,0.0,1.0,0.0,1.0,0.05,1.0,0.0,1.0,0.0,1.0,1.2,1.0,0.0,1.0,0.0,1.0,0.0,1.0,0.0,1.0,0.0,0.0,0.0,1.0,0.0
light_seed1,light,1,259.25,274.25,3.0,10.823177286291155,0.0,0.0,19.19999999999999,0.0,0.0,0.0,0.0,0.0,0.0,0.0,0.0,0.0,0.0,0.0,0.0,0.0,0.0,0.0,0.0,0.0,0.0,0.0,0.0,0.0,0.0,0.0,0.0,0.0,0.0,0.0,0.0,0.0,0.0,0.0,0.0,0.0,0.0,0.0,0.0,0.0,0.0,0.0,0.0,0.0,0.0,0.0,0.0,0.0,0.0,0.0,0.0,0.0,0.0,0.0,0.0,0.0,0.0,0.0,0.0,0.0,0.0,0.0,0.0,0.0,0.0,0.0,0.0,0.0,2.0,0.0,0.0,0.0,0.0,0.0,0.0,0.0,0.0,0.0,2.0,0.0,0.0,0.0,0.0,0.0,0.0,0.0,0.0,0.0,0.0,0.0,0.0,0.0,0.0,0.0,0.0,0.0,0.0,0.0,2.0,0.0,0.0,0.0,0.0,0.0,0.0,0.0,0.0,0.0,2.0,0.0,0.0,0.0,0.0,0.0,0.0,0.0,0.0,0.0,0.0,0.0,0.0,0.0,0.0,1.0,0.0,1.0,1.05,1.0,0.0,1.0,0.2,1.0,2.2,1.0,0.2,1.0,0.0,1.0,0.0,1.0,0.0,1.0,0.2,0.0,0.0,0.0,0.0
light_seed1,light,1,260.25,275.25,15.0,12.845133623905408,0.0,0.0,20.19999999999999,1.0,10.837748661756166,0.0,0.0,0.0,0.0,0.06666666666666667,0.0,0.0,0.0,1.0,14.270173194631935,0.0,0.0,0.0,0.0,0.06666666666666667,0.0,0.0,0.0,1.0,12.708698566474105,0.0,0.0,0.0,0.0,0.06666666666666667,0.0,0.0,0.0,1.0,13.8746656172059,0.0,0.0,0.0,0.0,0.06666666666666667,0.0,0.0,0.0,1.0,14.235185376361011,0.0,0.0,0.0,0.0,0.06666666666666667,0.0,0.0,0.0,1.0,13.860614805405495,0.0,0.0,0.0,0.0,0.06666666666666667,0.0,0.0,0.0,1.0,13.36563937355089,0.0,0.0,0.0,2.0,0.06666666666666667,0.0,0.0,0.0,1.0,13.335193482780598,0.0,0.0,0.0,2.0,0.06666666666666667,0.0,0.0,0.0,1.0,11.981296812775545,0.0,0.0,0.0,0.0,0.06666666666666667,0.0,0.0,0.0,1.0,13.841356308271644,0.0,0.0,0.0,2.0,0.06666666666666667,0.0,0.0,0.0,1.0,14.341812503159046,0.0,0.0,0.0,2.0,0.06666666666666667,0.0,0.0,0.0,1.0,13.52528495958943,0.0,0.0,0.0,0.0,0.06666666666666667,0.0,0.0,0.0,1.0,0.0,1.0,2.05,1.0,0.25,1.0,1.2,1.0,3.2,1.0,1.2,1.0,0.8,1.0,0.8,0.0,0.0,1.0,1.2,0.0,0.0,0.0,0.0
light_seed1,light,1,261.25,276.25,15.0,13.141504122400704,0.0,0.0,21.19999999999999,1.0,10.829945706604166,0.0,0.0,0.0,0.0,0.06666666666666667,0.0,0.0,0.0,1.0,14.670631629273712,0.0,0.0,0.0,0.0,0.06666666666666667,0.0,0.0,0.0,1.0,12.758383681588658,0.0,0.0,0.0,0.0,0.06666666666666667,0.0,0.0,0.0,1.0,13.860387691012583,0.0,0.0,0.0,0.0,0.06666666666666667,0.0,0.0,0.0,1.0,16.29864451627806,0.0,0.0,0.0,0.0,0.06666666666666667,0.0,0.0,0.0,1.0,13.86472228026949,0.0,0.0,0.0,0.0,0.06666666666666667,0.0,0.0,0.0,1.0,13.341617173869396,0.0,0.0,0.0,2.0,0.06666666666666667,0.0,0.0,0.0,1.0,13.36419217359624,0.0,0.0,0.0,2.0,0.06666666666666667,0.0,0.0,0.0,1.0,11.987511819563807,0.0,0.0,0.0,0.0,0.06666666666666667,0.0,0.0,0.0,1.0,13.882691500622315,0.0,0.0,0.0,2.0,0.06666666666666667,0.0,0.0,0.0,1.0,16.31908641347289,0.0,0.0,0.0,2.0,0.06666666666666667,0.0,0.0,0.0,1.0,13.538199489050843,0.0,0.0,0.0,0.0,0.06666666666666667,0.0,0.0,0.0,1.0,0.0,1.0,3.05,1.0,1.25,1.0,2.2,1.0,4.2,1.0,2.2,1.0,1.8,1.0,1.8,0.0,0.0,1.0,2.2,0.0,0.0,0.0,0.0
light_seed1,light,1,262.25,277.25,13.0,13.542949238961738,0.0,0.0,22.19999999999999,1.0,10.835530339735676,0.0,0.0,0.0,0.0,0.06666666666666667,0.0,0.0,0.0,1.0,14.67475545689133,0.0,0.0,0.0,0.0,0.06666666666666667,0.0,0.0,0.0,1.0,12.763445008917097,0.0,0.0,0.0,0.0,0.06666666666666667,0.0,0.0,0.0,1.0,13.88176616165787,0.0,0.0,0.0,0.0,0.06666666666666667,0.0,0.0,0.0,1.0,16.62634316494316,0.0,0.0,0.0,0.0,0.06666666666666667,0.0,0.0,0.0,1.0,13.838905291855335,0.0,0.0,0.0,0.0,0.06666666666666667,0.0,0.0,0.0,1.0,13.329208653934998,0.0,0.0,0.0,2.0,0.06666666666666667,0.0,0.0,0.0,1.0,13.329091305341572,0.0,0.0,0.0,2.0,0.06666666666666667,0.0,0.0,0.0,1.0,11.980745830829255,0.0,0.0,0.0,0.0,0.06666666666666667,0.0,0.0,0.0,1.0,13.837693240202498,0.0,0.0,0.0,2.0,0.06666666666666667,0.0,0.0,0.0,1.0,16.600299894135446,0.0,0.0,0.0,2.0,0.06666666666666667,0.0,0.0,0.0,1.0,13.533390613837932,0.0,0.0,0.0,0.0,0.06666666666666667,0.0,0.0,0.0,1.0,0.0,1.0,4.05,1.0,2.25,1.0,3.2,1.0,5.2,1.0,3.2,1.0,2.8,1.0,2.8,0.0,0.0,1.0,3.2,0.0,0.0,0.0,0.0
light_seed1,light,1,263.25,278.25,13.0,13.686836298947775,0.0,0.0,23.19999999999999,1.0,10.833350376091083,0.0,0.0,0.0,0.0,0.06666666666666667,0.0,0.0,0.0,1.0,14.659164368890643,0.0,0.0,0.0,0.0,0.06666666666666667,0.0,0.0,0.0,1.0,12.734092608396514,0.0,0.0,0.0,0.0,0.06666666666666667,0.0,0.0,0.0,1.0,13.847001230595634,0.0,0.0,0.0,0.0,0.06666666666666667,0.0,0.0,0.0,1.0,16.659312313873322,0.0,0.0,0.0,0.0,0.06666666666666667,0.0,0.0,0.0,1.0,13.845923283499433,0.0,0.0,0.0,0.0,0.06666666666666667,0.0,0.0,0.0,1.0,13.364300227663714,0.0,0.0,0.0,2.0,0.06666666666666667,0.0,0.0,0.0,1.0,13.365817226665095,0.0,0.0,0.0,2.0,0.06666666666666667,0.0,0.0,0.0,1.0,11.980954922181555,0.0,0.0,0.0,0.0,0.06666666666666667,0.0,0.0,0.0,1.0,13.863789491552161,0.0,0.0,0.0,2.0,0.06666666666666667,0.0,0.0,0.0,1.0,16.63177206042409,0.0,0.0,0.0,2.0,0.06666666666666667,0.0,0.0,0.0,1.0,13.513755763671893,0.0,0.0,0.0,0.0,0.06666666666666667,0.0,0.0,0.0,1.0,0.9,1.0,5.05,1.0,3.25,1.0,4.2,1.0,6.2,1.0,4.2,1.0,3.8,1.0,3.8,0.0,0.0,1.0,4.2,0.0,0.0,0.0,0.0
light_seed1,light,1,264.25,279.25,12.0,13.767524208662216,0.0,0.0,24.19999999999999,1.0,10.821568940142287,0.0,0.0,0.0,0.0,0.06666666666666667,0.0,0.0,0.0,1.0,14.588192240760149,0.0,0.0,0.0,0.0,0.06666666666666667,0.0,0.0,0.0,1.0,12.725425169641003,0.0,0.0,0.0,0.0,0.06666666666666667,0.0,0.0,0.0,1.0,13.856032256634208,0.0,0.0,0.0,0.0,0.06666666666666667,0.0,0.0,0.0,1.0,16.61896062844247,0.0,0.0,0.0,0.0,0.06666666666666667,0.0,0.0,0.0,1.0,13.887649295646698,0.0,0.0,0.0,0.0,0.06666666666666667,0.0,0.0,0.0,1.0,13.361631178974873,0.0,0.0,0.0,2.0,0.06666666666666667,0.0,0.0,0.0,1.0,13.36663933270611,0.0,0.0,0.0,2.0,0.06666666666666667,0.0,0.0,0.0,1.0,11.990149831173476,0.0,0.0,0.0,0.0,0.06666666666666667,0.0,0.0,0.0,1.0,13.868586706538919,0.0,0.0,0.0,2.0,0.06666666666666667,0.0,0.0,0.0,1.0,16.58299688063562,0.0,0.0,0.0,2.0,0.06666666666666667,0.0,0.0,0.0,1.0,13.542458042650782,0.0,0.0,0.0,0.0,0.06666666666666667,0.0,0.0,0.0,1.0,1.9,1.0,6.05,1.0,4.25,1.0,5.2,1.0,7.2,1.0,5.2,1.0,4.8,1.0,4.8,0.0,0.0,1.0,5.2,0.0,0.0,0.0,0.0
light_seed1,light,1,265.25,280.25,12.0,13.757472022898767,0.0,0.0,25.19999999999999,1.0,10.83657669850171,0.0,0.0,0.0,0.0,0.06666666666666667,0.0,0.0,0.0,1.0,14.57144993607369,0.0,0.0,0.0,0.0,0.06666666666666667,0.0,0.0,0.0,1.0,12.753211323835039,0.0,0.0,0.0,0.0,0.06666666666666667,0.0,0.0,0.0,1.0,13.849063436192228,0.0,0.0,0.0,0.0,0.06666666666666667,0.0,0.0,0.0,1.0,16.64025874777511,0.0,0.0,0.0,0.0,0.06666666666666667,0.0,0.0,0.0,1.0,13.84522335738293,0.0,0.0,0.0,0.0,0.06666666666666667,0.0,0.0,0.0,1.0,13.363468817199115,0.0,0.0,0.0,2.0,0.06666666666666667,0.0,0.0,0.0,1.0,13.318871630416254,0.0,0.0,0.0,2.0,0.06666666666666667,0.0,0.0,0.0,1.0,11.975492276118603,0.0,0.0,0.0,0.0,0.06666666666666667,0.0,0.0,0.0,1.0,13.861053506186,0.0,0.0,0.0,2.0,0.06666666666666667,0.0,0.0,0.0,1.0,16.591210734117777,0.0,0.0,0.0,2.0,0.06666666666666667,0.0,0.0,0.0,1.0,13.483783810986738,0.0,0.0,0.0,0.0,0.06666666666666667,0.0,0.0,0.0,1.0,2.9,1.0,7.05,1.0,5.25,1.0,6.2,1.0,8.2,1.0,6.2,1.0,5.8,1.0,5.8,0.0,0.0,1.0,6.2,0.0,0.0,0.0,0.0
light_seed1,light,1,266.25,281.25,12.0,13.772783669153675,0.0,0.0,26.19999999999999,1.0,10.82916857256333,0.0,0.0,0.0,0.0,0.06666666666666667,0.0,0.0,0.0,1.0,14.67667643921864,0.0,0.0,0.0,0.0,0.06666666666666667,0.0,0.0,0.0,1.0,12.743269512541211,0.0,0.0,0.0,0.0,0.06666666666666667,0.0,0.0,0.0,1.0,13.86851011572173,0.0,0.0,0.0,0.0,0.06666666666666667,0.0,0.0,0.0,1.0,16.64910335566476,0.0,0.0,0.0,0.0,0.06666666666666667,0.0,0.0,0.0,1.0,13.876629953532248,0.0,0.0,0.0,0.0,0.06666666666666667,0.0,0.0,0.0,1.0,13.3253418803229,0.0,0.0,0.0,2.0,0.06666666666666667,0.0,0.0,0.0,1.0,13.354512576372365,0.0,0.0,0.0,2.0,0.06666666666666667,0.0,0.0,0.0,1.0,11.986165412217378,0.0,0.0,0.0,0.0,0.06666666666666667,0.0,0.0,0.0,1.0,13.852423075700646,0.0,0.0,0.0,2.0,0.06666666666666667,0.0,0.0,0.0,1.0,16.5909834003672,0.0,0.0,0.0,2.0,0.06666666666666667,0.0,0.0,0.0,1.0,13.52061973562168,0.0,0.0,0.0,0.0,0.06666666666666667,0.0,0.0,0.0,1.0,3.9,1.0,8.05,1.0,6.25,1.0,7.2,1.0,9.2,1.0,7.2,1.0,6.8,1.0,6.8,0.0,0.0,1.0,7.2,0.0,0.0,0.0,0.0
light_seed1,light,1,267.25,282.25,12.0,13.775540660197342,0.0,0.0,27.19999999999999,1.0,10.820680030936026,0.0,0.0,0.0,0.0,0.06666666666666667,0.0,0.0,0.0,1.0,14.671704499341965,0.0,0.0,0.0,0.0,0.06666666666666667,0.0,0.0,0.0,1.0,12.721723091891818,0.0,0.0,0.0,0.0,0.06666666666666667,0.0,0.0,0.0,1.0,13.834871932674433,0.0,0.0,0.0,0.0,0.06666666666666667,0.0,0.0,0.0,1.0,16.65353361404315,0.0,0.0,0.0,0.0,0.06666666666666667,0.0,0.0,0.0,1.0,13.846189134464367,0.0,0.0,0.0,0.0,0.06666666666666667,0.0,0.0,0.0,1.0,13.32247755849408,0.0,0.0,0.0,2.0,0.06666666666666667,0.0,0.0,0.0,1.0,13.367813738312108,0.0,0.0,0.0,2.0,0.06666666666666667,0.0,0.0,0.0,1.0,11.999512369162403,0.0,0.0,0.0,0.0,0.06666666666666667,0.0,0.0,0.0,1.0,13.873234948427417,0.0,0.0,0.0,2.0,0.06666666666666667,0.0,0.0,0.0,1.0,16.657507070567462,0.0,0.0,0.0,2.0,0.06666666666666667,0.0,0.0,0.0,1.0,13.537239934052872,0.0,0.0,0.0,0.0,0.06666666666666667,0.0,0.0,0.0,1.0,4.9,1.0,9.05,1.0,7.25,1.0,8.2,1.0,10.2,1.0,8.2,1.0,7.8,1.0,7.8,0.0,0.0,1.0,8.2,0.0,0.0,0.0,0.0
light_seed1,light,1,268.25,283.25,12.0,13.769295709331752,0.0,0.0,28.19999999999999,1.0,10.842591553991777,0.0,0.0,0.0,0.0,0.06666666666666667,0.0,0.0,0.0,1.0,14.67036796818343,0.0,0.0,0.0,0.0,0.06666666666666667,0.0,0.0,0.0,1.0,12.76441329433661,0.0,0.0,0.0,0.0,0.06666666666666667,0.0,0.0,0.0,1.0,13.826743409677874,0.0,0.0,0.0,0.0,0.06666666666666667,0.0,0.0,0.0,1.0,16.610938744917515,0.0,0.0,0.0,0.0,0.06666666666666667,0.0,0.0,0.0,1.0,13.848960881604581,0.0,0.0,0.0,0.0,0.06666666666666667,0.0,0.0,0.0,1.0,13.30579431085405,0.0,0.0,0.0,2.0,0.06666666666666667,0.0,0.0,0.0,1.0,13.360760193470634,0.0,0.0,0.0,2.0,0.06666666666666667,0.0,0.0,0.0,1.0,11.978724388692063,0.0,0.0,0.0,0.0,0.06666666666666667,0.0,0.0,0.0,1.0,13.83529227277497,0.0,0.0,0.0,2.0,0.06666666666666667,0.0,0.0,0.0,1.0,16.64599878480658,0.0,0.0,0.0,2.0,0.06666666666666667,0.0,0.0,0.0,1.0,13.540962708670945,0.0,0.0,0.0,0.0,0.06666666666666667,0.0,0.0,0.0,1.0,5.9,1.0,10.05,1.0,8.25,1.0,9.2,1.0,11.2,1.0,9.2,1.0,8.8,1.0,8.8,0.0,0.0,1.0,9.2,0.0,0.0,0.0,0.0
light_seed1,light,1,269.25,284.25,12.0,13.671958895047702,0.0,0.0,29.19999999999999,1.0,10.81826840756007,0.0,0.0,0.0,0.0,0.06666666666666667,0.0,0.0,0.0,1.0,14.621385342631907,0.0,0.0,0.0,0.0,0.06666666666666667,0.0,0.0,0.0,1.0,12.711444442115809,0.0,0.0,0.0,0.0,0.06666666666666667,0.0,0.0,0.0,1.0,13.849507326721215,0.0,0.0,0.0,0.0,0.06666666666666667,0.0,0.0,0.0,1.0,15.590257840335866,0.0,0.0,0.0,0.0,0.06666666666666667,0.0,0.0,0.0,1.0,13.825450510424563,0.0,0.0,0.0,0.0,0.06666666666666667,0.0,0.0,0.0,1.0,13.366419303260278,0.0,0.0,0.0,2.0,0.06666666666666667,0.0,0.0,0.0,1.0,13.32072286106879,0.0,0.0,0.0,2.0,0.06666666666666667,0.0,0.0,0.0,1.0,11.987905001726467,0.0,0.0,0.0,0.0,0.06666666666666667,0.0,0.0,0.0,1.0,13.825671262351099,0.0,0.0,0.0,2.0,0.06666666666666667,0.0,0.0,0.0,1.0,16.60890409653634,0.0,0.0,0.0,2.0,0.06666666666666667,0.0,0.0,0.0,1.0,13.537570345840017,0.0,0.0,0.0,0.0,0.06666666666666667,0.0,0.0,0.0,1.0,6.9,1.0,11.05,1.0,9.25,1.0,10.2,1.0,12.2,1.0,10.2,1.0,9.8,1.0,9.8,0.0,0.0,1.0,10.2,0.0,0.0,0.0,0.0
light_seed1,light,1,270.25,285.25,12.0,13.23721952719198,0.0,0.0,0.19999999999998863,1.0,10.83171388259402,0.0,0.0,0.0,0.0,0.06666666666666667,0.0,0.0,0.0,1.0,14.662841919292182,0.0,0.0,0.0,0.0,0.06666666666666667,0.0,0.0,0.0,1.0,12.748237575222356,0.0,0.0,0.0,0.0,0.06666666666666667,0.0,0.0,0.0,1.0,13.845303922779859,0.0,0.0,0.0,0.0,0.06666666666666667,0.0,0.0,0.0,1.0,10.156634689722129,0.0,0.0,0.0,0.0,0.06666666666666667,0.0,0.0,0.0,1.0,13.85358605701942,0.0,0.0,0.0,0.0,0.06666666666666667,0.0,0.0,0.0,1.0,13.353497984614457,0.0,0.0,0.0,1.0,0.06666666666666667,0.0,0.0,0.0,1.0,13.36793239178951,0.0,0.0,0.0,1.0,0.06666666666666667,0.0,0.0,0.0,1.0,11.999251557311508,0.0,0.0,0.0,0.0,0.06666666666666667,0.0,0.0,0.0,1.0,13.835132754901425,0.0,0.0,0.0,1.0,0.06666666666666667,0.0,0.0,0.0,1.0,16.67,0.0,0.0,0.0,1.0,0.06666666666666667,0.0,0.0,0.0,1.0,13.522501591056884,0.0,0.0,0.0,0.0,0.06666666666666667,0.0,0.0,0.0,1.0,7.9,1.0,12.05,1.0,10.25,1.0,11.2,1.0,13.2,1.0,11.2,1.0,10.8,1.0,10.8,0.0,0.0,1.0,11.2,0.0,0.0,0.0,0.0
light_seed1,light,1,271.25,286.25,12.0,12.18202348517795,0.0,0.0,1.1999999999999886,1.0,10.844518092819607,0.0,0.0,0.0,0.0,0.06666666666666667,0.0,0.0,0.0,1.0,10.856788979843099,0.0,0.0,0.0,0.0,0.06666666666666667,0.0,0.0,0.0,1.0,12.70102304202117,0.0,0.0,0.0,0.0,0.06666666666666667,0.0,0.0,0.0,1.0,12.756738160846865,0.0,0.0,0.0,0.0,0.06666666666666667,0.0,0.0,0.0,1.0,4.669678425149697,0.0,0.0,0.0,0.0,0.06666666666666667,0.0,0.0,0.0,1.0,12.742957558476682,0.0,0.0,0.0,0.0,0.06666666666666667,0.0,0.0,0.0,1.0,13.328440652156948,0.0,0.0,0.0,1.0,0.06666666666666667,0.0,0.0,0.0,1.0,13.344488852544456,0.0,0.0,0.0,1.0,0.06666666666666667,0.0,0.0,0.0,1.0,11.983789828901644,0.0,0.0,0.0,0.0,0.06666666666666667,0.0,0.0,0.0,1.0,12.757513264992939,0.0,0.0,0.0,1.0,0.06666666666666667,0.0,0.0,0.0,0.0,0.0,0.0,0.0,0.0,1.0,0.0,0.0,0.0,0.0,1.0,13.533182262492433,0.0,0.0,0.0,0.0,0.06666666666666667,0.0,0.0,0.0,1.0,8.9,1.0,13.05,1.0,11.25,1.0,12.2,1.0,14.2,1.0,12.2,1.0,11.8,1.0,11.8,0.0,0.0,1.0,12.2,0.0,0.0,0.0,0.0
light_seed1,light,1,272.25,287.25,12.0,9.338719706060749,0.016666666666666666,1.0,2.1999999999999886,1.0,10.84307341921155,0.0,0.0,0.0,0.0,0.06666666666666667,0.0,0.0,0.0,1.0,5.388029496434415,0.0,0.0,0.0,0.0,0.06666666666666667,0.0,0.0,0.0,1.0,12.590262875176483,0.0,0.0,0.0,0.0,0.06666666666666667,0.0,0.0,0.0,1.0,8.260287927563645,0.0,0.0,0.0,0.0,0.06666666666666667,0.0,0.0,0.0,1.0,0.0,0.2,0.2,1.0,0.0,0.06666666666666667,0.0,0.06666666666666667,0.013333333333333334,1.0,8.255259753734874,0.0,0.0,0.0,0.0,0.06666666666666667,0.0,0.0,0.0,1.0,10.182321104272162,0.0,0.0,0.0,1.0,0.06666666666666667,0.0,0.0,0.0,1.0,10.155647980677811,0.0,0.0,0.0,1.0,0.06666666666666667,0.0,0.0,0.0,1.0,11.978809934647288,0.0,0.0,0.0,0.0,0.06666666666666667,0.0,0.0,0.0,1.0,8.257513264992946,0.0,0.0,0.0,1.0,0.06666666666666667,0.0,0.0,0.0,0.0,0.0,0.0,0.0,0.0,1.0,0.0,0.0,0.0,0.0,1.0,9.507490215985653,0.0,0.0,0.0,0.0,0.06666666666666667,0.0,0.0,0.0,1.0,9.9,1.0,14.05,1.0,12.25,1.0,13.2,1.0,15.2,1.0,13.2,1.0,12.8,1.0,12.8,0.0,0.0,1.0,13.2,0.0,0.0,0.0,0.0
light_seed1,light,1,273.25,288.25,12.0,6.4076861287481615,0.10416666666666667,2.0,0.19999999999998863,1.0,10.834469574433868,0.0,0.0,0.0,0.0,0.06666666666666667,0.0,0.0,0.0,1.0,0.005351242128940931,0.05,0.05,1.0,0.0,0.06666666666666667,0.0,0.06666666666666667,0.0033333333333333335,1.0,8.153319462459397,0.0,0.0,0.0,0.0,0.06666666666666667,0.0,0.0,0.0,1.0,3.7655112132749267,0.0,0.0,0.0,0.0,0.06666666666666667,0.0,0.0,0.0,1.0,0.0,1.2,1.2,1.0,0.0,0.06666666666666667,0.0,0.06666666666666667,0.08,1.0,3.7552597537348804,0.0,0.0,0.0,0.0,0.06666666666666667,0.0,0.0,0.0,1.0,5.6823211042721695,0.0,0.0,0.0,0.0,0.06666666666666667,0.0,0.0,0.0,1.0,5.656559893115645,0.0,0.0,0.0,0.0,0.06666666666666667,0.0,0.0,0.0,1.0,11.989863544637338,0.0,0.0,0.0,2.0,0.06666666666666667,0.0,0.0,0.0,1.0,3.7575132649929524,0.0,0.0,0.0,0.0,0.06666666666666667,0.0,0.0,0.0,0.0,0.0,0.0,0.0,0.0,0.0,0.0,0.0,0.0,0.0,1.0,6.718075851202212,0.0,0.0,0.0,2.0,0.06666666666666667,0.0,0.0,0.0,1.0,0.0,1.0,0.0,1.0,13.25,1.0,0.0,1.0,0.0,1.0,14.2,1.0,13.8,1.0,13.8,0.0,0.0,1.0,14.2,0.0,0.0,0.0,0.0
light_seed1,light,1,274.25,289.25,12.0,4.504768390691928,0.32083333333333336,5.0,1.1999999999999886,1.0,10.845070046284352,0.0,0.0,0.0,0.0,0.06666666666666667,0.0,0.0,0.0,1.0,0.0,1.05,1.05,1.0,0.0,0.06666666666666667,0.0,0.06666666666666667,0.07,1.0,3.655270577612151,0.0,0.0,0.0,0.0,0.06666666666666667,0.0,0.0,0.0,1.0,0.0,0.2,0.2,1.0,0.0,0.06666666666666667,0.0,0.06666666666666667,0.013333333333333334,1.0,0.0,2.2,2.2,1.0,0.0,0.06666666666666667,0.0,0.06666666666666667,0.14666666666666667,1.0,0.0,0.2,0.2,1.0,0.0,0.06666666666666667,0.0,0.06666666666666667,0.013333333333333334,1.0,1.1823211042721709,0.0,0.0,0.0,0.0,0.06666666666666667,0.0,0.0,0.0,1.0,1.168052603265123,0.0,0.0,0.0,0.0,0.06666666666666667,0.0,0.0,0.0,1.0,11.991186748857144,0.0,0.0,0.0,2.0,0.06666666666666667,0.0,0.0,0.0,1.0,0.0,0.2,0.2,1.0,0.0,0.06666666666666667,0.0,0.06666666666666667,0.013333333333333334,0.0,0.0,0.0,0.0,0.0,0.0,0.0,0.0,0.0,0.0,0.0,0.0,0.0,0.0,0.0,2.0,0.0,0.0,0.0,0.0,0.0,0.0,0.0,0.0,1.0,14.25,0.0,0.0,0.0,0.0,1.0,15.2,1.0,14.8,1.0,14.8,0.0,0.0,1.0,15.2,0.0,0.0,0.0,0.0
light_seed1,light,1,275.25,290.25,12.0,3.949035148363274,0.8916666666666666,8.0,2.1999999999999886,1.0,8.530722956062633,0.0,0.0,0.0,0.0,0.0,0.0,0.0,0.0,1.0,0.0,2.05,2.05,1.0,0.0,0.0,0.0,0.06666666666666667,0.13666666666666666,1.0,0.0,0.25,0.25,1.0,0.0,0.0,0.0,0.06666666666666667,0.016666666666666666,1.0,0.0,1.2,1.2,1.0,0.0,0.0,0.0,0.06666666666666667,0.08,1.0,0.0,3.2,3.2,1.0,0.0,0.0,0.0,0.06666666666666667,0.21333333333333335,1.0,0.0,1.2,1.2,1.0,0.0,0.0,0.0,0.06666666666666667,0.08,1.0,0.0,0.8,0.8,1.0,0.0,0.0,0.0,0.06666666666666667,0.05333333333333334,1.0,0.0,0.8,0.8,1.0,0.0,0.0,0.0,0.06666666666666667,0.05333333333333334,0.0,0.0,0.0,0.0,0.0,2.0,0.0,0.06666666666666667,0.0,0.0,1.0,0.0,1.2,1.2,1.0,0.0,0.0,0.0,0.06666666666666667,0.08,0.0,0.0,0.0,0.0,0.0,0.0,0.0,0.06666666666666667,0.0,0.0,0.0,0.0,0.0,0.0,0.0,2.0,0.0,0.06666666666666667,0.0,0.0,0.0,0.0,0.0,0.0,1.0,15.25,0.0,0.0,0.0,0.0,1.0,16.2,1.0,15.8,1.0,15.8,0.0,0.0,1.0,16.2,0.0,0.0,0.0,0.0
light_seed1,light,1,276.25,291.25,12.0,3.7784106799956696,1.5583333333333333,8.0,3.1999999999999886,1.0,4.530722956062631,0.0,0.0,0.0,0.0,0.0,0.0,0.0,0.0,1.0,0.0,3.05,3.05,1.0,0.0,0.0,0.0,0.06666666666666667,0.2033333333333333,1.0,0.0,1.25,1.25,1.0,0.0,0.0,0.0,0.06666666666666667,0.08333333333333333,1.0,0.0,2.2,2.2,1.0,0.0,0.0,0.0,0.06666666666666667,0.14666666666666667,1.0,0.0,4.2,4.2,1.0,0.0,0.0,0.0,0.06666666666666667,0.28,1.0,0.0,2.2,2.2,1.0,0.0,0.0,0.0,0.06666666666666667,0.14666666666666667,1.0,0.0,1.8,1.8,1.0,0.0,0.0,0.0,0.06666666666666667,0.12000000000000001,1.0,0.0,1.8,1.8,1.0,0.0,0.0,0.0,0.06666666666666667,0.12000000000000001,0.0,0.0,0.0,0.0,0.0,2.0,0.0,0.06666666666666667,0.0,0.0,1.0,0.0,2.2,2.2,1.0,0.0,0.0,0.0,0.06666666666666667,0.14666666666666667,0.0,0.0,0.0,0.0,0.0,0.0,0.0,0.06666666666666667,0.0,0.0,0.0,0.0,0.0,0.0,0.0,2.0,0.0,0.06666666666666667,0.0,0.0,0.0,0.0,0.0,0.0,1.0,16.25,0.0,0.0,0.0,0.0,1.0,17.2,1.0,16.8,1.0,16.8,0.0,0.0,1.0,17.2,0.0,0.0,0.0,0.0
light_seed1,light,1,277.25,292.25,12.0,3.4749581700192125,2.225,8.0,4.199999999999989,1.0,0.5328333287037247,0.0,0.0,0.0,0.0,0.0,0.0,0.0,0.0,1.0,0.0,4.05,4.05,1.0,0.0,0.0,0.0,0.06666666666666667,0.26999999999999996,1.0,0.0,2.25,2.25,1.0,0.0,0.0,0.0,0.06666666666666667,0.15,1.0,0.0,3.2,3.2,1.0,0.0,0.0,0.0,0.06666666666666667,0.21333333333333335,1.0,0.0,5.2,5.2,1.0,0.0,0.0,0.0,0.06666666666666667,0.3466666666666667,1.0,0.0,3.2,3.2,1.0,0.0,0.0,0.0,0.06666666666666667,0.21333333333333335,1.0,0.0,2.8,2.8,1.0,0.0,0.0,0.0,0.06666666666666667,0.18666666666666665,1.0,0.0,2.8,2.8,1.0,0.0,0.0,0.0,0.06666666666666667,0.18666666666666665,0.0,0.0,0.0,0.0,0.0,2.0,0.0,0.06666666666666667,0.0,0.0,1.0,0.0,3.2,3.2,1.0,0.0,0.0,0.0,0.06666666666666667,0.21333333333333335,0.0,0.0,0.0,0.0,0.0,0.0,0.0,0.06666666666666667,0.0,0.0,0.0,0.0,0.0,0.0,0.0,2.0,0.0,0.06666666666666667,0.0,0.0,0.0,0.0,0.0,0.0,1.0,17.25,0.0,0.0,0.0,0.0,1.0,18.2,1.0,17.8,1.0,17.8,0.0,0.0,1.0,18.2,0.0,0.0,0.0,0.0
light_seed1,light,1,278.25,293.25,12.0,3.515051711107823,2.966666666666667,9.0,5.199999999999989,1.0,0.0,0.9,0.9,1.0,0.0,0.0,0.0,0.06666666666666667,0.060000000000000005,1.0,0.0,5.05,5.05,1.0,0.0,0.0,0.0,0.06666666666666667,0.33666666666666667,1.0,0.0,3.25,3.25,1.0,0.0,0.0,0.0,0.06666666666666667,0.21666666666666667,1.0,0.0,4.2,4.2,1.0,0.0,0.0,0.0,0.06666666666666667,0.28,1.0,0.0,6.2,6.2,1.0,0.0,0.0,0.0,0.06666666666666667,0.41333333333333333,1.0,0.0,4.2,4.2,1.0,0.0,0.0,0.0,0.06666666666666667,0.28,1.0,0.0,3.8,3.8,1.0,0.0,0.0,0.0,0.06666666666666667,0.2533333333333333,1.0,0.0,3.8,3.8,1.0,0.0,0.0,0.0,0.06666666666666667,0.2533333333333333,0.0,0.0,0.0,0.0,0.0,2.0,0.0,0.06666666666666667,0.0,0.0,1.0,0.0,4.2,4.2,1.0,0.0,0.0,0.0,0.06666666666666667,0.28,0.0,0.0,0.0,0.0,0.0,0.0,0.0,0.06666666666666667,0.0,0.0,0.0,0.0,0.0,0.0,0.0,2.0,0.0,0.06666666666666667,0.0,0.0,0.0,0.0,0.0,0.0,1.0,18.25,0.0,0.0,0.0,0.0,1.0,19.2,1.0,18.8,1.0,18.8,0.0,0.0,1.0,19.2,0.0,0.0,0.0,0.0
light_seed1,light,1,279.25,294.25,12.0,3.5072121162267536,3.716666666666667,9.0,6.199999999999989,1.0,0.0,1.9,1.9,1.0,0.0,0.0,0.0,0.06666666666666667,0.12666666666666665,1.0,0.0,6.05,6.05,1.0,0.0,0.0,0.0,0.06666666666666667,0.4033333333333333,1.0,0.0,4.25,4.25,1.0,0.0,0.0,0.0,0.06666666666666667,0.2833333333333333,1.0,0.0,5.2,5.2,1.0,0.0,0.0,0.0,0.06666666666666667,0.3466666666666667,1.0,0.0,7.2,7.2,1.0,0.0,0.0,0.0,0.06666666666666667,0.48000000000000004,1.0,0.0,5.2,5.2,1.0,0.0,0.0,0.0,0.06666666666666667,0.3466666666666667,1.0,0.0,4.8,4.8,1.0,0.0,0.0,0.0,0.06666666666666667,0.32,1.0,0.0,4.8,4.8,1.0,0.0,0.0,0.0,0.06666666666666667,0.32,0.0,0.0,0.0,0.0,0.0,2.0,0.0,0.06666666666666667,0.0,0.0,1.0,0.0,5.2,5.2,1.0,0.0,0.0,0.0,0.06666666666666667,0.3466666666666667,0.0,0.0,0.0,0.0,0.0,0.0,0.0,0.06666666666666667,0.0,0.0,0.0,0.0,0.0,0.0,0.0,2.0,0.0,0.06666666666666667,0.0,0.0,0.0,0.0,0.0,0.0,1.0,19.25,0.0,0.0,0.0,0.0,1.0,20.2,1.0,19.8,1.0,19.8,0.0,0.0,1.0,20.2,0.0,0.0,0.0,0.0
light_seed1,light,1,280.25,295.25,12.0,3.5122160523440162,4.466666666666667,9.0,7.199999999999989,1.0,0.0,2.9,2.9,1.0,0.0,0.0,0.0,0.06666666666666667,0.19333333333333333,1.0,0.0,7.05,7.05,1.0,0.0,0.0,0.0,0.06666666666666667,0.47,1.0,0.0,5.25,5.25,1.0,0.0,0.0,0.0,0.06666666666666667,0.35,1.0,0.0,6.2,6.2,1.0,0.0,0.0,0.0,0.06666666666666667,0.41333333333333333,1.0,0.0,8.2,8.2,1.0,0.0,0.0,0.0,0.06666666666666667,0.5466666666666666,1.0,0.0,6.2,6.2,1.0,0.0,0.0,0.0,0.06666666666666667,0.41333333333333333,1.0,0.0,5.8,5.8,1.0,0.0,0.0,0.0,0.06666666666666667,0.38666666666666666,1.0,0.0,5.8,5.8,1.0,0.0,0.0,0.0,0.06666666666666667,0.38666666666666666,0.0,0.0,0.0,0.0,0.0,2.0,0.0,0.06666666666666667,0.0,0.0,1.0,0.0,6.2,6.2,1.0,0.0,0.0,0.0,0.06666666666666667,0.41333333333333333,0.0,0.0,0.0,0.0,0.0,0.0,0.0,0.06666666666666667,0.0,0.0,0.0,0.0,0.0,0.0,0.0,2.0,0.0,0.06666666666666667,0.0,0.0,0.0,0.0,0.0,0.0,1.0,20.25,0.0,0.0,0.0,0.0,1.0,21.2,1.0,20.8,1.0,20.8,0.0,0.0,1.0,21.2,0.0,0.0,0.0,0.0
light_seed1,light,1,281.25,296.25,12.0,3.5105177148300633,5.216666666666667,9.0,8.199999999999989,1.0,0.0,3.9,3.9,1.0,0.0,0.0,0.0,0.06666666666666667,0.26,1.0,0.0,8.05,8.05,1.0,0.0,0.0,0.0,0.06666666666666667,0.5366666666666667,1.0,0.0,6.25,6.25,1.0,0.0,0.0,0.0,0.06666666666666667,0.4166666666666667,1.0,0.0,7.2,7.2,1.0,0.0,0.0,0.0,0.06666666666666667,0.48000000000000004,1.0,0.0,9.2,9.2,1.0,0.0,0.0,0.0,0.06666666666666667,0.6133333333333333,1.0,0.0,7.2,7.2,1.0,0.0,0.0,0.0,0.06666666666666667,0.48000000000000004,1.0,0.0,6.8,6.8,1.0,0.0,0.0,0.0,0.06666666666666667,0.4533333333333333,1.0,0.0,6.8,6.8,1.0,0.0,0.0,0.0,0.06666666666666667,0.4533333333333333,0.0,0.0,0.0,0.0,0.0,2.0,0.0,0.06666666666666667,0.0,0.0,1.0,0.0,7.2,7.2,1.0,0.0,0.0,0.0,0.06666666666666667,0.48000000000000004,0.0,0.0,0.0,0.0,0.0,0.0,0.0,0.06666666666666667,0.0,0.0,0.0,0.0,0.0,0.0,0.0,2.0,0.0,0.06666666666666667,0.0,0.0,0.0,0.0,0.0,0.0,1.0,21.25,0.0,0.0,0.0,0.0,1.0,22.2,1.0,21.8,1.0,21.8,0.0,0.0,1.0,22.2,0.0,0.0,0.0,0.0
light_seed1,light,1,282.25,297.25,12.0,3.510495969708995,5.966666666666666,9.0,9.199999999999989,1.0,0.0,4.9,4.9,1.0,0.0,0.0,0.0,0.06666666666666667,0.3266666666666667,1.0,0.0,9.05,9.05,1.0,0.0,0.0,0.0,0.06666666666666667,0.6033333333333334,1.0,0.0,7.25,7.25,1.0,0.0,0.0,0.0,0.06666666666666667,0.48333333333333334,1.0,0.0,8.2,8.2,1.0,0.0,0.0,0.0,0.06666666666666667,0.5466666666666666,1.0,0.0,10.2,10.2,1.0,0.0,0.0,0.0,0.06666666666666667,0.6799999999999999,1.0,0.0,8.2,8.2,1.0,0.0,0.0,0.0,0.06666666666666667,0.5466666666666666,1.0,0.0,7.8,7.8,1.0,0.0,0.0,0.0,0.06666666666666667,0.52,1.0,0.0,7.8,7.8,1.0,0.0,0.0,0.0,0.06666666666666667,0.52,0.0,0.0,0.0,0.0,0.0,2.0,0.0,0.06666666666666667,0.0,0.0,1.0,0.0,8.2,8.2,1.0,0.0,0.0,0.0,0.06666666666666667,0.5466666666666666,0.0,0.0,0.0,0.0,0.0,0.0,0.0,0.06666666666666667,0.0,0.0,0.0,0.0,0.0,0.0,0.0,2.0,0.0,0.06666666666666667,0.0,0.0,0.0,0.0,0.0,0.0,1.0,22.25,0.0,0.0,0.0,0.0,1.0,23.2,1.0,22.8,1.0,22.8,0.0,0.0,1.0,23.2,0.0,0.0,0.0,0.0
light_seed1,light,1,283.25,298.25,12.0,3.5065306818381905,6.716666666666666,9.0,10.199999999999989,1.0,0.0,5.9,5.9,1.0,0.0,0.0,0.0,0.06666666666666667,0.39333333333333337,1.0,0.0,10.05,10.05,1.0,0.0,0.0,0.0,0.06666666666666667,0.67,1.0,0.0,8.25,8.25,1.0,0.0,0.0,0.0,0.06666666666666667,0.55,1.0,0.0,9.2,9.2,1.0,0.0,0.0,0.0,0.06666666666666667,0.6133333333333333,1.0,0.0,11.2,11.2,1.0,0.0,0.0,0.0,0.06666666666666667,0.7466666666666666,1.0,0.0,9.2,9.2,1.0,0.0,0.0,0.0,0.06666666666666667,0.6133333333333333,1.0,0.0,8.8,8.8,1.0,0.0,0.0,0.0,0.06666666666666667,0.5866666666666667,1.0,0.0,8.8,8.8,1.0,0.0,0.0,0.0,0.06666666666666667,0.5866666666666667,0.0,0.0,0.0,0.0,0.0,2.0,0.0,0.06666666666666667,0.0,0.0,1.0,0.0,9.2,9.2,1.0,0.0,0.0,0.0,0.06666666666666667,0.6133333333333333,0.0,0.0,0.0,0.0,0.0,0.0,0.0,0.06666666666666667,0.0,0.0,0.0,0.0,0.0,0.0,0.0,2.0,0.0,0.06666666666666667,0.0,0.0,0.0,0.0,0.0,0.0,1.0,23.25,0.0,0.0,0.0,0.0,1.0,24.2,1.0,23.8,1.0,23.8,0.0,0.0,1.0,24.2,0.0,0.0,0.0,0.0
light_seed1,light,1,284.25,299.25,11.0,2.3168944867488097,8.145454545454545,9.0,11.199999999999989,1.0,0.0,6.9,6.9,1.0,0.0,0.0,0.0,0.06666666666666667,0.46,1.0,0.0,11.05,11.05,1.0,0.0,0.0,0.0,0.06666666666666667,0.7366666666666667,1.0,0.0,9.25,9.25,1.0,0.0,0.0,0.0,0.06666666666666667,0.6166666666666667,1.0,0.0,10.2,10.2,1.0,0.0,0.0,0.0,0.06666666666666667,0.6799999999999999,1.0,0.0,12.2,12.2,1.0,0.0,0.0,0.0,0.06666666666666667,0.8133333333333332,1.0,0.0,10.2,10.2,1.0,0.0,0.0,0.0,0.06666666666666667,0.6799999999999999,1.0,0.0,9.8,9.8,1.0,0.0,0.0,0.0,0.06666666666666667,0.6533333333333334,1.0,0.0,9.8,9.8,1.0,0.0,0.0,0.0,0.06666666666666667,0.6533333333333334,0.0,0.0,0.0,0.0,0.0,2.0,0.0,0.06666666666666667,0.0,0.0,1.0,0.0,10.2,10.2,1.0,0.0,0.0,0.0,0.06666666666666667,0.6799999999999999,0.0,0.0,0.0,0.0,0.0,0.0,0.0,0.06666666666666667,0.0,0.0,0.0,0.0,0.0,0.0,0.0,2.0,0.0,0.06666666666666667,0.0,0.0,0.0,0.0,0.0,0.0,1.0,24.25,0.0,0.0,0.0,0.0,1.0,25.2,1.0,24.8,1.0,24.8,0.0,0.0,1.0,25.2,0.0,0.0,0.0,0.0
light_seed1,light,1,285.25,300.25,11.0,2.319815854461679,8.963636363636363,9.0,0.19999999999998863,1.0,0.0,7.9,7.9,1.0,0.0,0.0,0.0,0.06666666666666667,0.5266666666666667,1.0,0.0,12.05,12.05,1.0,0.0,0.0,0.0,0.06666666666666667,0.8033333333333333,1.0,0.0,10.25,10.25,1.0,0.0,0.0,0.0,0.06666666666666667,0.6833333333333333,1.0,0.0,11.2,11.2,1.0,0.0,0.0,0.0,0.06666666666666667,0.7466666666666666,1.0,0.0,13.2,13.2,1.0,0.0,0.0,0.0,0.06666666666666667,0.88,1.0,0.0,11.2,11.2,1.0,0.0,0.0,0.0,0.06666666666666667,0.7466666666666666,1.0,0.0,10.8,10.8,1.0,0.0,0.0,0.0,0.06666666666666667,0.7200000000000001,1.0,0.0,10.8,10.8,1.0,0.0,0.0,0.0,0.06666666666666667,0.7200000000000001,0.0,0.0,0.0,0.0,0.0,1.0,0.0,0.06666666666666667,0.0,0.0,1.0,0.0,11.2,11.2,1.0,0.0,0.0,0.0,0.06666666666666667,0.7466666666666666,0.0,0.0,0.0,0.0,0.0,0.0,0.0,0.06666666666666667,0.0,0.0,0.0,0.0,0.0,0.0,0.0,1.0,0.0,0.06666666666666667,0.0,0.0,0.0,0.0,0.0,0.0,1.0,25.25,0.0,0.0,0.0,0.0,1.0,26.2,1.0,25.8,1.0,25.8,0.0,0.0,1.0,26.2,0.0,0.0,0.0,0.0
light_seed1,light,1,286.25,301.25,11.0,2.319458785881866,9.781818181818181,9.0,1.1999999999999886,1.0,0.0,8.9,8.9,1.0,0.0,0.0,0.0,0.06666666666666667,0.5933333333333334,1.0,0.0,13.05,13.05,1.0,0.0,0.0,0.0,0.06666666666666667,0.87,1.0,0.0,11.25,11.25,1.0,0.0,0.0,0.0,0.06666666666666667,0.75,1.0,0.0,12.2,12.2,1.0,0.0,0.0,0.0,0.06666666666666667,0.8133333333333332,1.0,0.0,14.2,14.2,1.0,0.0,0.0,0.0,0.06666666666666667,0.9466666666666667,1.0,0.0,12.2,12.2,1.0,0.0,0.0,0.0,0.06666666666666667,0.8133333333333332,1.0,0.0,11.8,11.8,1.0,0.0,0.0,0.0,0.06666666666666667,0.7866666666666667,1.0,0.0,11.8,11.8,1.0,0.0,0.0,0.0,0.06666666666666667,0.7866666666666667,0.0,0.0,0.0,0.0,0.0,1.0,0.0,0.06666666666666667,0.0,0.0,1.0,0.0,12.2,12.2,1.0,0.0,0.0,0.0,0.06666666666666667,0.8133333333333332,0.0,0.0,0.0,0.0,0.0,0.0,0.0,0.0,0.0,0.0,0.0,0.0,0.0,0.0,0.0,1.0,0.0,0.06666666666666667,0.0,0.0,0.0,0.0,0.0,0.0,1.0,26.25,0.0,0.0,0.0,0.0,1.0,27.2,1.0,26.8,1.0,26.8,0.0,0.0,1.0,27.2,0.0,0.0,0.0,0.0
light_seed1,light,1,287.25,302.25,11.0,2.3200637019975385,10.6,9.0,2.1999999999999886,1.0,0.0,9.9,9.9,1.0,0.0,0.0,0.0,0.06666666666666667,0.66,1.0,0.0,14.05,14.05,1.0,0.0,0.0,0.0,0.06666666666666667,0.9366666666666668,1.0,0.0,12.25,12.25,1.0,0.0,0.0,0.0,0.06666666666666667,0.8166666666666667,1.0,0.0,13.2,13.2,1.0,0.0,0.0,0.0,0.06666666666666667,0.88,1.0,0.0,15.2,15.2,1.0,0.0,0.0,0.0,0.0,1.0,1.0,0.0,13.2,13.2,1.0,0.0,0.0,0.0,0.06666666666666667,0.88,1.0,0.0,12.8,12.8,1.0,0.0,0.0,0.0,0.06666666666666667,0.8533333333333334,1.0,0.0,12.8,12.8,1.0,0.0,0.0,0.0,0.06666666666666667,0.8533333333333334,0.0,0.0,0.0,0.0,0.0,1.0,0.0,0.06666666666666667,0.0,0.0,1.0,0.0,13.2,13.2,1.0,0.0,0.0,0.0,0.06666666666666667,0.88,0.0,0.0,0.0,0.0,0.0,0.0,0.0,0.0,0.0,0.0,0.0,0.0,0.0,0.0,0.0,1.0,0.0,0.06666666666666667,0.0,0.0,0.0,0.0,0.0,0.0,1.0,27.25,0.0,0.0,0.0,0.0,1.0,28.2,1.0,27.8,1.0,27.8,0.0,0.0,1.0,28.2,0.0,0.0,0.0,0.0
light_seed1,light,1,288.25,303.25,11.0,2.5567793437639907,6.295454545454546,5.0,0.19999999999998863,1.0,0.4840133069835152,0.0,0.0,0.0,2.0,0.0,0.0,0.0,0.0,1.0,0.7620431685880744,0.0,0.0,0.0,2.0,0.0,0.0,-0.06666666666666667,-0.0033333333333333335,1.0,0.0,13.25,13.25,1.0,0.0,0.0,0.0,0.06666666666666667,0.8833333333333333,1.0,0.6127484703424158,0.0,0.0,0.0,2.0,0.0,0.0,0.0,0.0,1.0,0.7590971386701598,0.0,0.0,0.0,2.0,0.0,0.0,-0.06666666666666667,-0.08,1.0,0.0,14.2,14.2,1.0,0.0,0.0,0.0,0.06666666666666667,0.9466666666666667,1.0,0.0,13.8,13.8,1.0,0.0,0.0,0.0,0.06666666666666667,0.92,1.0,0.0,13.8,13.8,1.0,0.0,0.0,0.0,0.06666666666666667,0.92,0.0,0.0,0.0,0.0,0.0,0.0,0.0,0.06666666666666667,0.0,0.0,1.0,0.0,14.2,14.2,1.0,0.0,0.0,0.0,0.06666666666666667,0.9466666666666667,0.0,0.0,0.0,0.0,0.0,0.0,0.0,0.0,0.0,0.0,0.0,0.0,0.0,0.0,0.0,0.0,0.0,0.06666666666666667,0.0,0.0,0.0,0.0,0.0,0.0,1.0,28.25,0.0,0.0,0.0,0.0,1.0,29.2,1.0,28.8,1.0,28.8,0.0,0.0,1.0,29.2,0.0,0.0,0.0,0.0
light_seed1,light,1,289.25,304.25,11.0,3.3354397006815275,6.75,5.0,1.1999999999999886,0.0,0.0,0.0,0.0,0.0,2.0,0.0,0.06666666666666667,0.0,0.0,0.0,0.0,0.0,0.0,0.0,2.0,0.0,0.06666666666666667,-0.06666666666666667,-0.07,1.0,0.0,14.25,14.25,1.0,0.0,0.0,0.0,0.06666666666666667,0.95,0.0,0.0,0.0,0.0,0.0,2.0,0.0,0.06666666666666667,-0.06666666666666667,-0.013333333333333334,0.0,0.0,0.0,0.0,0.0,2.0,0.0,0.06666666666666667,-0.06666666666666667,-0.14666666666666667,1.0,0.0,15.2,15.2,1.0,0.0,0.0,0.0,0.0,1.0,1.0,0.0,14.8,14.8,1.0,0.0,0.0,0.0,0.06666666666666667,0.9866666666666667,1.0,0.0,14.8,14.8,1.0,0.0,0.0,0.0,0.06666666666666667,0.9866666666666667,0.0,0.0,0.0,0.0,0.0,0.0,0.0,0.06666666666666667,0.0,0.0,1.0,0.0,15.2,15.2,1.0,0.0,0.0,0.0,0.0,1.0,0.0,0.0,0.0,0.0,0.0,0.0,0.0,0.0,0.0,0.0,0.0,0.0,0.0,0.0,0.0,0.0,0.0,0.0,0.0,0.0,0.0,0.0,0.0,0.0,1.0,29.25,0.0,0.0,0.0,0.0,1.0,30.2,1.0,29.8,1.0,29.8,0.0,0.0,1.0,30.2,0.0,0.0,0.0,0.0
light_seed1,light,1,290.25,305.25,11.0,4.0313181149799995,7.204545454545454,5.0,2.1999999999999886,0.0,0.0,0.0,0.0,0.0,2.0,0.0,0.06666666666666667,0.0,0.0,0.0,0.0,0.0,0.0,0.0,2.0,0.0,0.06666666666666667,-0.06666666666666667,-0.13666666666666666,1.0,0.0,15.25,15.25,1.0,0.0,0.0,0.0,0.0,1.0,0.0,0.0,0.0,0.0,0.0,2.0,0.0,0.06666666666666667,-0.06666666666666667,-0.08,0.0,0.0,0.0,0.0,0.0,2.0,0.0,0.06666666666666667,-0.06666666666666667,-0.21333333333333335,1.0,0.0,16.2,16.2,1.0,0.0,0.0,0.0,0.0,1.0,1.0,0.0,15.8,15.8,1.0,0.0,0.0,0.0,0.0,1.0,1.0,0.0,15.8,15.8,1.0,0.0,0.0,0.0,0.0,1.0,0.0,0.0,0.0,0.0,0.0,0.0,0.0,0.0,0.0,0.0,1.0,0.0,16.2,16.2,1.0,0.0,0.0,0.0,0.0,1.0,0.0,0.0,0.0,0.0,0.0,0.0,0.0,0.0,0.0,0.0,0.0,0.0,0.0,0.0,0.0,0.0,0.0,0.0,0.0,0.0,0.0,0.0,0.0,0.0,1.0,30.25,0.0,0.0,0.0,0.0,1.0,31.2,1.0,30.8,1.0,30.8,0.0,0.0,1.0,31.2,0.0,0.0,0.0,0.0
light_seed1,light,1,291.25,306.25,10.0,3.891540178732104,8.425,5.0,3.1999999999999886,0.0,0.0,0.0,0.0,0.0,2.0,0.0,0.06666666666666667,0.0,0.0,0.0,0.0,0.0,0.0,0.0,2.0,0.0,0.06666666666666667,-0.06666666666666667,-0.2033333333333333,1.0,0.0,16.25,16.25,1.0,0.0,0.0,0.0,0.0,1.0,0.0,0.0,0.0,0.0,0.0,2.0,0.0,0.06666666666666667,-0.06666666666666667,-0.14666666666666667,0.0,0.0,0.0,0.0,0.0,2.0,0.0,0.06666666666666667,-0.06666666666666667,-0.28,1.0,0.0,17.2,17.2,1.0,0.0,0.0,0.0,0.0,1.0,1.0,0.0,16.8,16.8,1.0,0.0,0.0,0.0,0.0,1.0,1.0,0.0,16.8,16.8,1.0,0.0,0.0,0.0,0.0,1.0,0.0,0.0,0.0,0.0,0.0,0.0,0.0,0.0,0.0,0.0,1.0,0.0,17.2,17.2,1.0,0.0,0.0,0.0,0.0,1.0,0.0,0.0,0.0,0.0,0.0,0.0,0.0,0.0,0.0,0.0,0.0,0.0,0.0,0.0,0.0,0.0,0.0,0.0,0.0,0.0,0.0,0.0,0.0,0.0,1.0,31.25,0.0,0.0,0.0,0.0,1.0,32.2,1.0,31.8,1.0,31.8,0.0,0.0,1.0,32.2,0.0,0.0,0.0,0.0
light_seed1,light,1,292.25,307.25,10.0,4.678241151997838,8.925,5.0,4.199999999999989,0.0,0.0,0.0,0.0,0.0,2.0,0.0,0.06666666666666667,0.0,0.0,0.0,0.0,0.0,0.0,0.0,2.0,0.0,0.06666666666666667,-0.06666666666666667,-0.26999999999999996,1.0,0.0,17.25,17.25,1.0,0.0,0.0,0.0,0.0,1.0,0.0,0.0,0.0,0.0,0.0,2.0,0.0,0.06666666666666667,-0.06666666666666667,-0.21333333333333335,0.0,0.0,0.0,0.0,0.0,2.0,0.0,0.06666666666666667,-0.06666666666666667,-0.3466666666666667,1.0,0.0,18.2,18.2,1.0,0.0,0.0,0.0,0.0,1.0,1.0,0.0,17.8,17.8,1.0,0.0,0.0,0.0,0.0,1.0,1.0,0.0,17.8,17.8,1.0,0.0,0.0,0.0,0.0,1.0,0.0,0.0,0.0,0.0,0.0,0.0,0.0,0.0,0.0,0.0,1.0,0.0,18.2,18.2,1.0,0.0,0.0,0.0,0.0,1.0,0.0,0.0,0.0,0.0,0.0,0.0,0.0,0.0,0.0,0.0,0.0,0.0,0.0,0.0,0.0,0.0,0.0,0.0,0.0,0.0,0.0,0.0,0.0,0.0,1.0,32.25,0.0,0.0,0.0,0.0,1.0,33.2,1.0,32.8,1.0,32.8,0.0,0.0,1.0,33.2,0.0,0.0,0.0,0.0
light_seed1,light,1,293.25,308.25,9.0,4.581490894195254,10.472222222222221,5.0,5.199999999999989,0.0,0.0,0.0,0.0,0.0,2.0,0.0,0.06666666666666667,-0.06666666666666667,-0.060000000000000005,0.0,0.0,0.0,0.0,0.0,2.0,0.0,0.06666666666666667,-0.06666666666666667,-0.33666666666666667,1.0,0.0,18.25,18.25,1.0,0.0,0.0,0.0,0.0,1.0,0.0,0.0,0.0,0.0,0.0,2.0,0.0,0.06666666666666667,-0.06666666666666667,-0.28,0.0,0.0,0.0,0.0,0.0,2.0,0.0,0.06666666666666667,-0.06666666666666667,-0.41333333333333333,1.0,0.0,19.2,19.2,1.0,0.0,0.0,0.0,0.0,1.0,1.0,0.0,18.8,18.8,1.0,0.0,0.0,0.0,0.0,1.0,1.0,0.0,18.8,18.8,1.0,0.0,0.0,0.0,0.0,1.0,0.0,0.0,0.0,0.0,0.0,0.0,0.0,0.0,0.0,0.0,1.0,0.0,19.2,19.2,1.0,0.0,0.0,0.0,0.0,1.0,0.0,0.0,0.0,0.0,0.0,0.0,0.0,0.0,0.0,0.0,0.0,0.0,0.0,0.0,0.0,0.0,0.0,0.0,0.0,0.0,0.0,0.0,0.0,0.0,1.0,33.25,0.0,0.0,0.0,0.0,1.0,34.2,1.0,33.8,1.0,33.8,0.0,0.0,1.0,34.2,0.0,0.0,0.0,0.0
light_seed1,light,1,294.25,309.25,9.0,5.448139507722441,11.027777777777779,5.0,6.199999999999989,0.0,0.0,0.0,0.0,0.0,2.0,0.0,0.06666666666666667,-0.06666666666666667,-0.12666666666666665,0.0,0.0,0.0,0.0,0.0,2.0,0.0,0.06666666666666667,-0.06666666666666667,-0.4033333333333333,1.0,0.0,19.25,19.25,1.0,0.0,0.0,0.0,0.0,1.0,0.0,0.0,0.0,0.0,0.0,2.0,0.0,0.06666666666666667,-0.06666666666666667,-0.3466666666666667,0.0,0.0,0.0,0.0,0.0,2.0,0.0,0.06666666666666667,-0.06666666666666667,-0.48000000000000004,1.0,0.0,20.2,20.2,1.0,0.0,0.0,0.0,0.0,1.0,1.0,0.0,19.8,19.8,1.0,0.0,0.0,0.0,0.0,1.0,1.0,0.0,19.8,19.8,1.0,0.0,0.0,0.0,0.0,1.0,0.0,0.0,0.0,0.0,0.0,0.0,0.0,0.0,0.0,0.0,1.0,0.0,20.2,20.2,1.0,0.0,0.0,0.0,0.0,1.0,0.0,0.0,0.0,0.0,0.0,0.0,0.0,0.0,0.0,0.0,0.0,0.0,0.0,0.0,0.0,0.0,0.0,0.0,0.0,0.0,0.0,0.0,0.0,0.0,1.0,34.25,0.0,0.0,0.0,0.0,1.0,35.2,1.0,34.8,1.0,34.8,0.0,0.0,1.0,35.2,0.0,0.0,0.0,0.0
light_seed1,light,1,295.25,310.25,9.0,6.0850478982467955,11.583333333333334,5.0,7.199999999999989,0.0,0.0,0.0,0.0,0.0,2.0,0.0,0.06666666666666667,-0.06666666666666667,-0.19333333333333333,0.0,0.0,0.0,0.0,0.0,2.0,0.0,0.06666666666666667,-0.06666666666666667,-0.47,1.0,0.0,20.25,20.25,1.0,0.0,0.0,0.0,0.0,1.0,0.0,0.0,0.0,0.0,0.0,2.0,0.0,0.06666666666666667,-0.06666666666666667,-0.41333333333333333,0.0,0.0,0.0,0.0,0.0,2.0,0.0,0.06666666666666667,-0.06666666666666667,-0.5466666666666666,1.0,0.0,21.2,21.2,1.0,0.0,0.0,0.0,0.0,1.0,1.0,0.0,20.8,20.8,1.0,0.0,0.0,0.0,0.0,1.0,1.0,0.0,20.8,20.8,1.0,0.0,0.0,0.0,0.0,1.0,0.0,0.0,0.0,0.0,0.0,0.0,0.0,0.0,0.0,0.0,1.0,0.0,21.2,21.2,1.0,0.0,0.0,0.0,0.0,1.0,0.0,0.0,0.0,0.0,0.0,0.0,0.0,0.0,0.0,0.0,0.0,0.0,0.0,0.0,0.0,0.0,0.0,0.0,0.0,0.0,0.0,0.0,0.0,0.0,1.0,35.25,0.0,0.0,0.0,0.0,1.0,36.2,1.0,35.8,1.0,35.8,0.0,0.0,1.0,36.2,0.0,0.0,0.0,0.0
light_seed1,light,1,296.25,311.25,9.0,6.215638700622737,12.13888888888889,5.0,8.199999999999989,0.0,0.0,0.0,0.0,0.0,2.0,0.0,0.06666666666666667,-0.06666666666666667,-0.26,0.0,0.0,0.0,0.0,0.0,2.0,0.0,0.06666666666666667,-0.06666666666666667,-0.5366666666666667,1.0,0.0,21.25,21.25,1.0,0.0,0.0,0.0,0.0,1.0,0.0,0.0,0.0,0.0,0.0,2.0,0.0,0.06666666666666667,-0.06666666666666667,-0.48000000000000004,0.0,0.0,0.0,0.0,0.0,2.0,0.0,0.06666666666666667,-0.06666666666666667,-0.6133333333333333,1.0,0.0,22.2,22.2,1.0,0.0,0.0,0.0,0.0,1.0,1.0,0.0,21.8,21.8,1.0,0.0,0.0,0.0,0.0,1.0,1.0,0.0,21.8,21.8,1.0,0.0,0.0,0.0,0.0,1.0,0.0,0.0,0.0,0.0,0.0,0.0,0.0,0.0,0.0,0.0,1.0,0.0,22.2,22.2,1.0,0.0,0.0,0.0,0.0,1.0,0.0,0.0,0.0,0.0,0.0,0.0,0.0,0.0,0.0,0.0,0.0,0.0,0.0,0.0,0.0,0.0,0.0,0.0,0.0,0.0,0.0,0.0,0.0,0.0,1.0,36.25,0.0,0.0,0.0,0.0,1.0,37.2,1.0,36.8,1.0,36.8,0.0,0.0,1.0,37.2,0.0,0.0,0.0,0.0
light_seed1,light,1,297.25,312.25,9.0,6.204888370274781,12.694444444444445,5.0,9.199999999999989,0.0,0.0,0.0,0.0,0.0,2.0,0.0,0.06666666666666667,-0.06666666666666667,-0.3266666666666667,0.0,0.0,0.0,0.0,0.0,2.0,0.0,0.06666666666666667,-0.06666666666666667,-0.6033333333333334,1.0,0.0,22.25,22.25,1.0,0.0,0.0,0.0,0.0,1.0,0.0,0.0,0.0,0.0,0.0,2.0,0.0,0.06666666666666667,-0.06666666666666667,-0.5466666666666666,0.0,0.0,0.0,0.0,0.0,2.0,0.0,0.06666666666666667,-0.06666666666666667,-0.6799999999999999,1.0,0.0,23.2,23.2,1.0,0.0,0.0,0.0,0.0,1.0,1.0,0.0,22.8,22.8,1.0,0.0,0.0,0.0,0.0,1.0,1.0,0.0,22.8,22.8,1.0,0.0,0.0,0.0,0.0,1.0,0.0,0.0,0.0,0.0,0.0,0.0,0.0,0.0,0.0,0.0,1.0,0.0,23.2,23.2,1.0,0.0,0.0,0.0,0.0,1.0,0.0,0.0,0.0,0.0,0.0,0.0,0.0,0.0,0.0,0.0,0.0,0.0,0.0,0.0,0.0,0.0,0.0,0.0,0.0,0.0,0.0,0.0,0.0,0.0,1.0,37.25,0.0,0.0,0.0,0.0,1.0,38.2,1.0,37.8,1.0,37.8,0.0,0.0,1.0,38.2,0.0,0.0,0.0,0.0
light_seed1,light,1,298.25,313.25,9.0,6.2236609699844925,13.25,5.0,10.199999999999989,0.0,0.0,0.0,0.0,0.0,2.0,0.0,0.06666666666666667,-0.06666666666666667,-0.39333333333333337,0.0,0.0,0.0,0.0,0.0,2.0,0.0,0.06666666666666667,-0.06666666666666667,-0.67,1.0,0.0,23.25,23.25,1.0,0.0,0.0,0.0,0.0,1.0,0.0,0.0,0.0,0.0,0.0,2.0,0.0,0.06666666666666667,-0.06666666666666667,-0.6133333333333333,0.0,0.0,0.0,0.0,0.0,2.0,0.0,0.06666666666666667,-0.06666666666666667,-0.7466666666666666,1.0,0.0,24.2,24.2,1.0,0.0,0.0,0.0,0.0,1.0,1.0,0.0,23.8,23.8,1.0,0.0,0.0,0.0,0.0,1.0,1.0,0.0,23.8,23.8,1.0,0.0,0.0,0.0,0.0,1.0,0.0,0.0,0.0,0.0,0.0,0.0,0.0,0.0,0.0,0.0,1.0,0.0,24.2,24.2,1.0,0.0,0.0,0.0,0.0,1.0,0.0,0.0,0.0,0.0,0.0,0.0,0.0,0.0,0.0,0.0,0.0,0.0,0.0,0.0,0.0,0.0,0.0,0.0,0.0,0.0,0.0,0.0,0.0,0.0,1.0,38.25,0.0,0.0,0.0,0.0,1.0,39.2,1.0,38.8,1.0,38.8,0.0,0.0,1.0,39.2,0.0,0.0,0.0,0.0
light_seed1,light,1,299.25,314.25,9.0,6.215366987104872,13.805555555555555,5.0,11.199999999999989,0.0,0.0,0.0,0.0,0.0,2.0,0.0,0.06666666666666667,-0.06666666666666667,-0.46,0.0,0.0,0.0,0.0,0.0,2.0,0.0,0.06666666666666667,-0.06666666666666667,-0.7366666666666667,1.0,0.0,24.25,24.25,1.0,0.0,0.0,0.0,0.0,1.0,0.0,0.0,0.0,0.0,0.0,2.0,0.0,0.06666666666666667,-0.06666666666666667,-0.6799999999999999,0.0,0.0,0.0,0.0,0.0,2.0,0.0,0.06666666666666667,-0.06666666666666667,-0.8133333333333332,1.0,0.0,25.2,25.2,1.0,0.0,0.0,0.0,0.0,1.0,1.0,0.0,24.8,24.8,1.0,0.0,0.0,0.0,0.0,1.0,1.0,0.0,24.8,24.8,1.0,0.0,0.0,0.0,0.0,1.0,0.0,0.0,0.0,0.0,0.0,0.0,0.0,0.0,0.0,0.0,1.0,0.0,25.2,25.2,1.0,0.0,0.0,0.0,0.0,1.0,0.0,0.0,0.0,0.0,0.0,0.0,0.0,0.0,0.0,0.0,0.0,0.0,0.0,0.0,0.0,0.0,0.0,0.0,0.0,0.0,0.0,0.0,0.0,0.0,1.0,39.25,0.0,0.0,0.0,0.0,1.0,40.2,1.0,39.8,1.0,39.8,0.0,0.0,1.0,40.2,0.0,0.0,0.0,0.0
light_seed1,light,1,300.25,315.25,9.0,6.214095495967073,14.36111111111111,5.0,12.199999999999989,0.0,0.0,0.0,0.0,0.0,2.0,0.0,0.06666666666666667,-0.06666666666666667,-0.5266666666666667,0.0,0.0,0.0,0.0,0.0,2.0,0.0,0.06666666666666667,-0.06666666666666667,-0.8033333333333333,1.0,0.0,25.25,25.25,1.0,0.0,0.0,0.0,0.0,1.0,0.0,0.0,0.0,0.0,0.0,2.0,0.0,0.06666666666666667,-0.06666666666666667,-0.7466666666666666,0.0,0.0,0.0,0.0,0.0,2.0,0.0,0.06666666666666667,-0.06666666666666667,-0.88,1.0,0.0,26.2,26.2,1.0,0.0,0.0,0.0,0.0,1.0,1.0,0.0,25.8,25.8,1.0,0.0,0.0,0.0,0.0,1.0,1.0,0.0,25.8,25.8,1.0,0.0,0.0,0.0,0.0,1.0,0.0,0.0,0.0,0.0,0.0,0.0,0.0,0.0,0.0,0.0,1.0,0.0,26.2,26.2,1.0,0.0,0.0,0.0,0.0,1.0,0.0,0.0,0.0,0.0,0.0,0.0,0.0,0.0,0.0,0.0,0.0,0.0,0.0,0.0,0.0,0.0,0.0,0.0,0.0,0.0,0.0,0.0,0.0,0.0,1.0,40.25,0.0,0.0,0.0,0.0,1.0,41.2,1.0,40.8,1.0,40.8,0.0,0.0,1.0,41.2,0.0,0.0,0.0,0.0
light_seed1,light,1,301.25,316.25,9.0,6.210789033825906,14.916666666666666,5.0,13.199999999999989,0.0,0.0,0.0,0.0,0.0,2.0,0.0,0.06666666666666667,-0.06666666666666667,-0.5933333333333334,0.0,0.0,0.0,0.0,0.0,2.0,0.0,0.06666666666666667,-0.06666666666666667,-0.87,1.0,0.0,26.25,26.25,1.0,0.0,0.0,0.0,0.0,1.0,0.0,0.0,0.0,0.0,0.0,2.0,0.0,0.06666666666666667,-0.06666666666666667,-0.8133333333333332,0.0,0.0,0.0,0.0,0.0,2.0,0.0,0.06666666666666667,-0.06666666666666667,-0.9466666666666667,1.0,0.0,27.2,27.2,1.0,0.0,0.0,0.0,0.0,1.0,1.0,0.0,26.8,26.8,1.0,0.0,0.0,0.0,0.0,1.0,1.0,0.0,26.8,26.8,1.0,0.0,0.0,0.0,0.0,1.0,0.0,0.0,0.0,0.0,0.0,0.0,0.0,0.0,0.0,0.0,1.0,0.0,27.2,27.2,1.0,0.0,0.0,0.0,0.0,1.0,0.0,0.0,0.0,0.0,0.0,0.0,0.0,0.0,0.0,0.0,0.0,0.0,0.0,0.0,0.0,0.0,0.0,0.0,0.0,0.0,0.0,0.0,0.0,0.0,1.0,41.25,0.0,0.0,0.0,0.0,1.0,42.2,1.0,41.8,1.0,41.8,0.0,0.0,1.0,42.2,0.0,0.0,0.0,0.0
light_seed1,light,1,302.25,317.25,9.0,6.21547930904551,15.472222222222221,5.0,14.199999999999989,0.0,0.0,0.0,0.0,0.0,2.0,0.0,0.06666666666666667,-0.06666666666666667,-0.66,0.0,0.0,0.0,0.0,0.0,2.0,0.0,0.06666666666666667,-0.06666666666666667,-0.9366666666666668,1.0,0.0,27.25,27.25,1.0,0.0,0.0,0.0,0.0,1.0,0.0,0.0,0.0,0.0,0.0,2.0,0.0,0.06666666666666667,-0.06666666666666667,-0.88,0.0,0.0,0.0,0.0,0.0,2.0,0.0,0.06666666666666667,-0.06666666666666667,-1.0133333333333332,1.0,0.0,28.2,28.2,1.0,0.0,0.0,0.0,0.0,1.0,1.0,0.0,27.8,27.8,1.0,0.0,0.0,0.0,0.0,1.0,1.0,0.0,27.8,27.8,1.0,0.0,0.0,0.0,0.0,1.0,0.0,0.0,0.0,0.0,0.0,0.0,0.0,0.0,0.0,0.0,1.0,0.0,28.2,28.2,1.0,0.0,0.0,0.0,0.0,1.0,0.0,0.0,0.0,0.0,0.0,0.0,0.0,0.0,0.0,0.0,0.0,0.0,0.0,0.0,0.0,0.0,0.0,0.0,0.0,0.0,0.0,0.0,0.0,0.0,1.0,42.25,0.0,0.0,0.0,0.0,1.0,43.2,1.0,42.8,1.0,42.8,0.0,0.0,1.0,43.2,0.0,0.0,0.0,0.0
light_seed1,light,1,303.25,318.25,9.0,6.2085490398067655,16.02777777777778,5.0,15.199999999999989,0.0,0.0,0.0,0.0,0.0,2.0,0.0,0.06666666666666667,0.0,0.0,0.0,0.0,0.0,0.0,0.0,2.0,0.0,0.06666666666666667,0.0,0.0,1.0,0.0,28.25,28.25,1.0,0.0,0.0,0.0,0.0,1.0,0.0,0.0,0.0,0.0,0.0,2.0,0.0,0.06666666666666667,0.0,0.0,0.0,0.0,0.0,0.0,0.0,2.0,0.0,0.06666666666666667,0.0,0.0,1.0,0.0,29.2,29.2,1.0,0.0,0.0,0.0,0.0,1.0,1.0,0.0,28.8,28.8,1.0,0.0,0.0,0.0,0.0,1.0,1.0,0.0,28.8,28.8,1.0,0.0,0.0,0.0,0.0,1.0,0.0,0.0,0.0,0.0,0.0,0.0,0.0,0.0,0.0,0.0,1.0,0.0,29.2,29.2,1.0,0.0,0.0,0.0,0.0,1.0,0.0,0.0,0.0,0.0,0.0,0.0,0.0,0.0,0.0,0.0,0.0,0.0,0.0,0.0,0.0,0.0,0.0,0.0,0.0,0.0,1.0,0.0,1.0,0.0,2.0,21.625,1.0,0.0,1.0,0.0,2.0,22.1,2.0,21.9,2.0,21.9,1.0,0.0,2.0,22.1,1.0,0.0,1.0,0.0
light_seed1,light,1,304.25,319.25,9.0,6.212171924501949,16.583333333333332,5.0,16.19999999999999,0.0,0.0,0.0,0.0,0.0,2.0,0.0,0.0,0.0,0.0,0.0,0.0,0.0,0.0,0.0,2.0,0.0,0.0,0.0,0.0,1.0,0.0,29.25,29.25,1.0,0.0,0.0,0.0,0.0,1.0,0.0,0.0,0.0,0.0,0.0,2.0,0.0,0.0,0.0,0.0,0.0,0.0,0.0,0.0,0.0,2.0,0.0,0.0,0.0,0.0,1.0,0.0,30.2,30.2,1.0,0.0,0.0,0.0,0.0,1.0,1.0,0.0,29.8,29.8,1.0,0.0,0.0,0.0,0.0,1.0,1.0,0.0,29.8,29.8,1.0,0.0,0.0,0.0,0.0,1.0,0.0,0.0,0.0,0.0,0.0,0.0,0.0,0.0,0.0,0.0,1.0,0.0,30.2,30.2,1.0,0.0,0.0,0.0,0.0,1.0,0.0,0.0,0.0,0.0,0.0,0.0,0.0,0.0,0.0,0.0,0.0,0.0,0.0,0.0,0.0,0.0,0.0,0.0,0.0,0.0,1.0,0.0,1.0,0.0,2.0,22.125,1.0,0.0,1.0,0.0,2.0,22.6,2.0,22.4,2.0,22.4,1.0,0.0,2.0,22.6,1.0,0.0,1.0,0.0
light_seed1,light,1,305.25,320.25,8.0,4.923986007166278,19.28125,5.0,17.19999999999999,0.0,0.0,0.0,0.0,0.0,2.0,0.0,0.0,0.0,0.0,0.0,0.0,0.0,0.0,0.0,2.0,0.0,0.0,0.0,0.0,1.0,0.0,30.25,30.25,1.0,0.0,0.0,0.0,0.0,1.0,0.0,0.0,0.0,0.0,0.0,2.0,0.0,0.0,0.0,0.0,0.0,0.0,0.0,0.0,0.0,2.0,0.0,0.0,0.0,0.0,1.0,0.0,31.2,31.2,1.0,0.0,0.0,0.0,0.0,1.0,1.0,0.0,30.8,30.8,1.0,0.0,0.0,0.0,0.0,1.0,1.0,0.0,30.8,30.8,1.0,0.0,0.0,0.0,0.0,1.0,0.0,0.0,0.0,0.0,0.0,0.0,0.0,0.0,0.0,0.0,1.0,0.0,31.2,31.2,1.0,0.0,0.0,0.0,0.0,1.0,0.0,0.0,0.0,0.0,0.0,0.0,0.0,0.0,0.0,0.0,0.0,0.0,0.0,0.0,0.0,0.0,0.0,0.0,0.0,0.0,1.0,0.0,1.0,0.0,2.0,22.625,1.0,0.0,1.0,0.0,2.0,23.1,2.0,22.9,2.0,22.9,1.0,0.0,2.0,23.1,1.0,0.0,1.0,0.0
light_seed1,light,1,306.25,321.25,7.0,3.6349516401380133,22.75,5.0,18.19999999999999,0.0,0.0,0.0,0.0,0.0,2.0,0.0,0.0,0.0,0.0,0.0,0.0,0.0,0.0,0.0,2.0,0.0,0.0,0.0,0.0,1.0,0.0,31.25,31.25,1.0,0.0,0.0,0.0,0.0,1.0,0.0,0.0,0.0,0.0,0.0,2.0,0.0,0.0,0.0,0.0,0.0,0.0,0.0,0.0,0.0,2.0,0.0,0.0,0.0,0.0,1.0,0.0,32.2,32.2,1.0,0.0,0.0,0.0,0.0,1.0000000000000002,1.0,0.0,31.8,31.8,1.0,0.0,0.0,0.0,0.0,1.0,1.0,0.0,31.8,31.8,1.0,0.0,0.0,0.0,0.0,1.0,0.0,0.0,0.0,0.0,0.0,0.0,0.0,0.0,0.0,0.0,1.0,0.0,32.2,32.2,1.0,0.0,0.0,0.0,0.0,1.0000000000000002,0.0,0.0,0.0,0.0,0.0,0.0,0.0,0.0,0.0,0.0,0.0,0.0,0.0,0.0,0.0,0.0,0.0,0.0,0.0,0.0,1.0,0.0,1.0,0.0,2.0,0.0,1.0,0.0,1.0,0.0,2.0,0.0,2.0,23.4,2.0,23.4,1.0,0.0,2.0,23.6,1.0,0.0,1.0,0.0
light_seed1,light,1,307.25,322.25,6.0,1.8029837971654292,27.375,5.0,19.19999999999999,0.0,0.0,0.0,0.0,0.0,2.0,0.0,0.0,0.0,0.0,0.0,0.0,0.0,0.0,0.0,2.0,0.0,0.0,0.0,0.0,1.0,0.0,32.25,32.25,1.0,0.0,0.0,0.0,0.0,1.0,0.0,0.0,0.0,0.0,0.0,2.0,0.0,0.0,0.0,0.0,0.0,0.0,0.0,0.0,0.0,2.0,0.0,0.0,0.0,0.0,1.0,0.0,33.2,33.2,1.0,0.0,0.0,0.0,0.0,1.0000000000000002,1.0,0.0,32.8,32.8,1.0,0.0,0.0,0.0,0.0,0.9999999999999998,1.0,0.0,32.8,32.8,1.0,0.0,0.0,0.0,0.0,0.9999999999999998,0.0,0.0,0.0,0.0,0.0,0.0,0.0,0.0,0.0,0.0,1.0,0.0,33.2,33.2,1.0,0.0,0.0,0.0,0.0,1.0000000000000002,0.0,0.0,0.0,0.0,0.0,0.0,0.0,0.0,0.0,0.0,0.0,0.0,0.0,0.0,0.0,0.0,0.0,0.0,0.0,0.0,1.0,0.0,1.0,0.0,1.0,0.0,1.0,0.0,1.0,0.0,1.0,0.0,2.0,23.9,2.0,23.9,1.0,0.0,2.0,24.1,1.0,0.0,1.0,0.0
light_seed1,light,1,308.25,323.25,6.0,1.802793357529076,28.208333333333332,5.0,20.19999999999999,0.0,0.0,0.0,0.0,0.0,2.0,0.0,0.0,0.0,0.0,0.0,0.0,0.0,0.0,0.0,2.0,0.0,0.0,0.0,0.0,1.0,0.0,33.25,33.25,1.0,0.0,0.0,0.0,0.0,1.0,0.0,0.0,0.0,0.0,0.0,2.0,0.0,0.0,0.0,0.0,0.0,0.0,0.0,0.0,0.0,2.0,0.0,0.0,0.0,0.0,1.0,0.0,34.2,34.2,1.0,0.0,0.0,0.0,0.0,1.0000000000000002,1.0,0.0,33.8,33.8,1.0,0.0,0.0,0.0,0.0,0.9999999999999998,1.0,0.0,33.8,33.8,1.0,0.0,0.0,0.0,0.0,0.9999999999999998,0.0,0.0,0.0,0.0,0.0,0.0,0.0,0.0,0.0,0.0,1.0,0.0,34.2,34.2,1.0,0.0,0.0,0.0,0.0,1.0000000000000002,0.0,0.0,0.0,0.0,0.0,0.0,0.0,0.0,0.0,0.0,0.0,0.0,0.0,0.0,0.0,0.0,0.0,0.0,0.0,0.0,1.0,0.0,1.0,0.0,1.0,0.0,1.0,0.0,1.0,0.0,1.0,0.0,2.0,24.4,2.0,24.4,1.0,0.0,2.0,24.6,1.0,0.0,1.0,0.0
light_seed1,light,1,309.25,324.25,6.0,1.8054463681784496,29.041666666666668,5.0,21.19999999999999,0.0,0.0,0.0,0.0,0.0,2.0,0.0,0.0,0.0,0.0,0.0,0.0,0.0,0.0,0.0,2.0,0.0,0.0,0.0,0.0,1.0,0.0,34.25,34.25,1.0,0.0,0.0,0.0,0.0,1.0,0.0,0.0,0.0,0.0,0.0,2.0,0.0,0.0,0.0,0.0,0.0,0.0,0.0,0.0,0.0,2.0,0.0,0.0,0.0,0.0,1.0,0.0,35.2,35.2,1.0,0.0,0.0,0.0,0.0,1.0000000000000002,1.0,0.0,34.8,34.8,1.0,0.0,0.0,0.0,0.0,0.9999999999999998,1.0,0.0,34.8,34.8,1.0,0.0,0.0,0.0,0.0,0.9999999999999998,0.0,0.0,0.0,0.0,0.0,0.0,0.0,0.0,0.0,0.0,1.0,0.0,35.2,35.2,1.0,0.0,0.0,0.0,0.0,1.0000000000000002,0.0,0.0,0.0,0.0,0.0,0.0,0.0,0.0,0.0,0.0,0.0,0.0,0.0,0.0,0.0,0.0,0.0,0.0,0.0,0.0,1.0,0.0,1.0,0.0,1.0,0.0,1.0,0.0,1.0,0.0,1.0,0.0,2.0,24.9,2.0,24.9,1.0,0.0,2.0,25.1,1.0,0.0,1.0,0.0
light_seed1,light,1,310.25,325.25,5.0,0.0,35.85,5.0,22.19999999999999,0.0,0.0,0.0,0.0,0.0,2.0,0.0,0.0,0.0,0.0,0.0,0.0,0.0,0.0,0.0,2.0,0.0,0.0,0.0,0.0,1.0,0.0,35.25,35.25,1.0,0.0,0.0,0.0,0.0,1.0,0.0,0.0,0.0,0.0,0.0,2.0,0.0,0.0,0.0,0.0,0.0,0.0,0.0,0.0,0.0,2.0,0.0,0.0,0.0,0.0,1.0,0.0,36.2,36.2,1.0,0.0,0.0,0.0,0.0,1.0000000000000002,1.0,0.0,35.8,35.8,1.0,0.0,0.0,0.0,0.0,0.9999999999999998,1.0,0.0,35.8,35.8,1.0,0.0,0.0,0.0,0.0,0.9999999999999998,0.0,0.0,0.0,0.0,0.0,0.0,0.0,0.0,0.0,0.0,1.0,0.0,36.2,36.2,1.0,0.0,0.0,0.0,0.0,1.0000000000000002,0.0,0.0,0.0,0.0,0.0,0.0,0.0,0.0,0.0,0.0,0.0,0.0,0.0,0.0,0.0,0.0,0.0,0.0,0.0,0.0,1.0,0.0,1.0,0.0,1.0,0.0,1.0,0.0,1.0,0.0,1.0,0.0,2.0,25.4,2.0,25.4,1.0,0.0,2.0,25.6,1.0,0.0,1.0,0.0
light_seed1,light,1,311.25,326.25,5.0,0.0,36.85,5.0,23.19999999999999,0.0,0.0,0.0,0.0,0.0,2.0,0.0,0.0,0.0,0.0,0.0,0.0,0.0,0.0,0.0,2.0,0.0,0.0,0.0,0.0,1.0,0.0,36.25,36.25,1.0,0.0,0.0,0.0,0.0,1.0,0.0,0.0,0.0,0.0,0.0,2.0,0.0,0.0,0.0,0.0,0.0,0.0,0.0,0.0,0.0,2.0,0.0,0.0,0.0,0.0,1.0,0.0,37.2,37.2,1.0,0.0,0.0,0.0,0.0,1.0000000000000002,1.0,0.0,36.8,36.8,1.0,0.0,0.0,0.0,0.0,0.9999999999999998,1.0,0.0,36.8,36.8,1.0,0.0,0.0,0.0,0.0,0.9999999999999998,0.0,0.0,0.0,0.0,0.0,0.0,0.0,0.0,0.0,0.0,1.0,0.0,37.2,37.2,1.0,0.0,0.0,0.0,0.0,1.0000000000000002,0.0,0.0,0.0,0.0,0.0,0.0,0.0,0.0,0.0,0.0,0.0,0.0,0.0,0.0,0.0,0.0,0.0,0.0,0.0,0.0,1.0,0.0,1.0,0.0,1.0,0.0,1.0,0.0,1.0,0.0,1.0,0.0,2.0,25.9,2.0,25.9,1.0,0.0,2.0,26.1,1.0,0.0,1.0,0.0
light_seed1,light,1,312.25,327.25,5.0,0.0,37.85,5.0,24.19999999999999,0.0,0.0,0.0,0.0,0.0,2.0,0.0,0.0,0.0,0.0,0.0,0.0,0.0,0.0,0.0,2.0,0.0,0.0,0.0,0.0,1.0,0.0,37.25,37.25,1.0,0.0,0.0,0.0,0.0,1.0,0.0,0.0,0.0,0.0,0.0,2.0,0.0,0.0,0.0,0.0,0.0,0.0,0.0,0.0,0.0,2.0,0.0,0.0,0.0,0.0,1.0,0.0,38.2,38.2,1.0,0.0,0.0,0.0,0.0,1.0000000000000002,1.0,0.0,37.8,37.8,1.0,0.0,0.0,0.0,0.0,0.9999999999999998,1.0,0.0,37.8,37.8,1.0,0.0,0.0,0.0,0.0,0.9999999999999998,0.0,0.0,0.0,0.0,0.0,0.0,0.0,0.0,0.0,0.0,1.0,0.0,38.2,38.2,1.0,0.0,0.0,0.0,0.0,1.0000000000000002,0.0,0.0,0.0,0.0,0.0,0.0,0.0,0.0,0.0,0.0,0.0,0.0,0.0,0.0,0.0,0.0,0.0,0.0,0.0,0.0,1.0,0.0,1.0,0.0,1.0,0.0,1.0,0.0,1.0,0.0,1.0,0.0,2.0,26.4,2.0,26.4,1.0,0.0,2.0,26.6,1.0,0.0,1.0,0.0
light_seed1,light,1,313.25,328.25,5.0,0.0,38.85,5.0,25.19999999999999,0.0,0.0,0.0,0.0,0.0,2.0,0.0,0.0,0.0,0.0,0.0,0.0,0.0,0.0,0.0,2.0,0.0,0.0,0.0,0.0,1.0,0.0,38.25,38.25,1.0,0.0,0.0,0.0,0.0,1.0,0.0,0.0,0.0,0.0,0.0,2.0,0.0,0.0,0.0,0.0,0.0,0.0,0.0,0.0,0.0,2.0,0.0,0.0,0.0,0.0,1.0,0.0,39.2,39.2,1.0,0.0,0.0,0.0,0.0,1.0000000000000002,1.0,0.0,38.8,38.8,1.0,0.0,0.0,0.0,0.0,0.9999999999999998,1.0,0.0,38.8,38.8,1.0,0.0,0.0,0.0,0.0,0.9999999999999998,0.0,0.0,0.0,0.0,0.0,0.0,0.0,0.0,0.0,0.0,1.0,0.0,39.2,39.2,1.0,0.0,0.0,0.0,0.0,1.0000000000000002,0.0,0.0,0.0,0.0,0.0,0.0,0.0,0.0,0.0,0.0,0.0,0.0,0.0,0.0,0.0,0.0,0.0,0.0,0.0,0.0,1.0,0.0,1.0,0.0,1.0,0.0,1.0,0.0,1.0,0.0,1.0,0.0,2.0,26.9,2.0,26.9,1.0,0.0,2.0,27.1,1.0,0.0,1.0,0.0
light_seed1,light,1,314.25,329.25,5.0,0.0,39.85,5.0,26.19999999999999,0.0,0.0,0.0,0.0,0.0,2.0,0.0,0.0,0.0,0.0,0.0,0.0,0.0,0.0,0.0,2.0,0.0,0.0,0.0,0.0,1.0,0.0,39.25,39.25,1.0,0.0,0.0,0.0,0.0,1.0,0.0,0.0,0.0,0.0,0.0,2.0,0.0,0.0,0.0,0.0,0.0,0.0,0.0,0.0,0.0,2.0,0.0,0.0,0.0,0.0,1.0,0.0,40.2,40.2,1.0,0.0,0.0,0.0,0.0,1.0000000000000002,1.0,0.0,39.8,39.8,1.0,0.0,0.0,0.0,0.0,0.9999999999999998,1.0,0.0,39.8,39.8,1.0,0.0,0.0,0.0,0.0,0.9999999999999998,0.0,0.0,0.0,0.0,0.0,0.0,0.0,0.0,0.0,0.0,1.0,0.0,40.2,40.2,1.0,0.0,0.0,0.0,0.0,1.0000000000000002,0.0,0.0,0.0,0.0,0.0,0.0,0.0,0.0,0.0,0.0,0.0,0.0,0.0,0.0,0.0,0.0,0.0,0.0,0.0,0.0,1.0,0.0,1.0,0.0,1.0,0.0,1.0,0.0,1.0,0.0,1.0,0.0,2.0,27.4,2.0,27.4,1.0,0.0,2.0,27.6,1.0,0.0,1.0,0.0
light_seed1,light,1,315.25,330.25,5.0,0.0,40.85,5.0,27.19999999999999,0.0,0.0,0.0,0.0,0.0,2.0,0.0,0.0,0.0,0.0,0.0,0.0,0.0,0.0,0.0,2.0,0.0,0.0,0.0,0.0,1.0,0.0,40.25,40.25,1.0,0.0,0.0,0.0,0.0,1.0,0.0,0.0,0.0,0.0,0.0,2.0,0.0,0.0,0.0,0.0,0.0,0.0,0.0,0.0,0.0,2.0,0.0,0.0,0.0,0.0,1.0,0.0,41.2,41.2,1.0,0.0,0.0,0.0,0.0,1.0000000000000002,1.0,0.0,40.8,40.8,1.0,0.0,0.0,0.0,0.0,0.9999999999999998,1.0,0.0,40.8,40.8,1.0,0.0,0.0,0.0,0.0,0.9999999999999998,0.0,0.0,0.0,0.0,0.0,0.0,0.0,0.0,0.0,0.0,1.0,0.0,41.2,41.2,1.0,0.0,0.0,0.0,0.0,1.0000000000000002,0.0,0.0,0.0,0.0,0.0,0.0,0.0,0.0,0.0,0.0,0.0,0.0,0.0,0.0,0.0,0.0,0.0,0.0,0.0,0.0,1.0,0.0,1.0,0.0,1.0,0.0,1.0,0.65,1.0,0.0,1.0,0.0,2.0,27.9,2.0,27.9,1.0,0.0,2.0,28.1,1.0,0.0,1.0,0.0
light_seed1,light,1,316.25,331.25,5.0,0.0,41.85,5.0,28.19999999999999,0.0,0.0,0.0,0.0,0.0,2.0,0.0,0.0,0.0,0.0,0.0,0.0,0.0,0.0,0.0,2.0,0.0,0.0,0.0,0.0,1.0,0.0,41.25,41.25,1.0,0.0,0.0,0.0,0.0,1.0,0.0,0.0,0.0,0.0,0.0,2.0,0.0,0.0,0.0,0.0,0.0,0.0,0.0,0.0,0.0,2.0,0.0,0.0,0.0,0.0,1.0,0.0,42.2,42.2,1.0,0.0,0.0,0.0,0.0,1.0000000000000002,1.0,0.0,41.8,41.8,1.0,0.0,0.0,0.0,0.0,0.9999999999999998,1.0,0.0,41.8,41.8,1.0,0.0,0.0,0.0,0.0,0.9999999999999998,0.0,0.0,0.0,0.0,0.0,0.0,0.0,0.0,0.0,0.0,1.0,0.0,42.2,42.2,1.0,0.0,0.0,0.0,0.0,1.0000000000000002,0.0,0.0,0.0,0.0,0.0,0.0,0.0,0.0,0.0,0.0,0.0,0.0,0.0,0.0,0.0,0.0,0.0,0.0,0.0,0.0,1.0,0.5,1.0,0.1,1.0,0.0,1.0,1.65,1.0,0.7,1.0,0.0,2.0,28.4,2.0,28.4,1.0,0.0,2.0,28.6,1.0,0.8,1.0,0.0
light_seed1,light,1,317.25,332.25,5.0,0.0,42.85,5.0,29.19999999999999,0.0,0.0,0.0,0.0,0.0,2.0,0.0,0.0,0.0,0.0,0.0,0.0,0.0,0.0,0.0,2.0,0.0,0.0,0.0,0.0,1.0,0.0,42.25,42.25,1.0,0.0,0.0,0.0,0.0,1.0,0.0,0.0,0.0,0.0,0.0,2.0,0.0,0.0,0.0,0.0,0.0,0.0,0.0,0.0,0.0,2.0,0.0,0.0,0.0,0.0,1.0,0.0,43.2,43.2,1.0,0.0,0.0,0.0,0.0,1.0000000000000002,1.0,0.0,42.8,42.8,1.0,0.0,0.0,0.0,0.0,0.9999999999999998,1.0,0.0,42.8,42.8,1.0,0.0,0.0,0.0,0.0,0.9999999999999998,0.0,0.0,0.0,0.0,0.0,0.0,0.0,0.0,0.0,0.0,1.0,0.0,43.2,43.2,1.0,0.0,0.0,0.0,0.0,1.0000000000000002,0.0,0.0,0.0,0.0,0.0,0.0,0.0,0.0,0.0,0.0,0.0,0.0,0.0,0.0,0.0,0.0,0.0,0.0,0.0,0.0,1.0,1.5,1.0,1.1,1.0,0.0,1.0,2.65,1.0,1.7,0.0,0.0,2.0,28.9,2.0,28.9,1.0,0.8,2.0,29.1,1.0,1.8,1.0,0.0
light_seed1,light,1,318.25,333.25,17.0,6.300740239116849,12.897058823529411,5.0,0.19999999999998863,1.0,15.029885599218549,0.0,0.0,0.0,1.0,0.06666666666666667,0.0,0.0,0.0,1.0,14.80674345313011,0.0,0.0,0.0,1.0,0.06666666666666667,0.0,0.0,0.0,2.0,0.5386535634064719,21.625,43.25,1.0,0.0,0.06666666666666667,0.0,0.0,-0.44166666666666665,1.0,14.670093522441814,0.0,0.0,0.0,1.0,0.06666666666666667,0.0,0.0,0.0,1.0,14.989394097578483,0.0,0.0,0.0,1.0,0.06666666666666667,0.0,0.0,0.0,2.0,0.7460753982406331,22.1,44.2,1.0,0.0,0.06666666666666667,0.0,0.0,-0.4733333333333332,2.0,0.6466405689875159,21.9,43.8,1.0,0.0,0.06666666666666667,0.0,0.0,-0.46000000000000013,2.0,0.8031058012918082,21.9,43.8,1.0,0.0,0.06666666666666667,0.0,0.0,-0.46000000000000013,1.0,14.393706402797365,0.0,0.0,0.0,0.0,0.06666666666666667,0.0,0.0,0.0,2.0,0.6443481050698405,22.1,44.2,1.0,0.0,0.06666666666666667,0.0,0.0,-0.4733333333333332,1.0,14.79123492633459,0.0,0.0,0.0,0.0,0.06666666666666667,0.0,0.0,0.0,1.0,11.673879189492986,0.0,0.0,0.0,0.0,0.06666666666666667,0.0,0.0,0.0,1.0,2.5,1.0,2.1,1.0,0.0,1.0,3.65,1.0,2.7,0.0,0.0,2.0,29.4,2.0,29.4,1.0,1.8,2.0,29.6,1.0,2.8,1.0,0.0
light_seed1,light,1,319.25,334.25,17.0,7.329417071552688,13.191176470588236,5.0,1.1999999999999886,1.0,15.481516545050157,0.0,0.0,0.0,1.0,0.06666666666666667,0.0,0.0,0.0,1.0,14.782268416813094,0.0,0.0,0.0,1.0,0.06666666666666667,0.0,0.0,0.0,2.0,1.6767867340225302,22.125,44.25,1.0,0.0,0.06666666666666667,0.0,0.0,-0.475,1.0,17.1039825730111,0.0,0.0,0.0,1.0,0.06666666666666667,0.0,0.0,0.0,1.0,15.83313038987938,0.0,0.0,0.0,1.0,0.06666666666666667,0.0,0.0,0.0,2.0,2.1800372808303985,22.6,45.2,1.0,0.0,0.06666666666666667,0.0,0.0,-0.5066666666666665,2.0,1.8565325541624977,22.4,44.8,1.0,0.0,0.06666666666666667,0.0,0.0,-0.49333333333333346,2.0,2.0350561451692464,22.4,44.8,1.0,0.0,0.06666666666666667,0.0,0.0,-0.49333333333333346,1.0,14.434956205078747,0.0,0.0,0.0,0.0,0.06666666666666667,0.0,0.0,0.0,2.0,1.9228966830954148,22.6,45.2,1.0,0.0,0.06666666666666667,0.0,0.0,-0.5066666666666665,1.0,15.950224576908571,0.0,0.0,0.0,0.0,0.06666666666666667,0.0,0.0,0.0,1.0,11.671392715094463,0.0,0.0,0.0,0.0,0.06666666666666667,0.0,0.0,0.0,1.0,3.5,1.0,3.1,1.0,0.0,1.0,4.65,1.0,3.7,0.0,0.0,2.0,29.9,2.0,29.9,1.0,2.8,2.0,30.1,1.0,3.8,1.0,0.15
light_seed1,light,1,320.25,335.25,17.0,8.041945121747661,13.485294117647058,5.0,2.1999999999999886,1.0,15.449377707566214,0.0,0.0,0.0,1.0,0.06666666666666667,0.0,0.0,0.0,1.0,14.834583610149783,0.0,0.0,0.0,1.0,0.06666666666666667,0.0,0.0,0.0,2.0,2.776493293762535,22.625,45.25,1.0,0.0,0.06666666666666667,0.0,0.0,-0.5083333333333333,1.0,17.11969690600459,0.0,0.0,0.0,1.0,0.06666666666666667,0.0,0.0,0.0,1.0,15.817053046510708,0.0,0.0,0.0,1.0,0.06666666666666667,0.0,0.0,0.0,2.0,3.54320637915716,23.1,46.2,1.0,0.0,0.06666666666666667,0.0,0.0,-0.5399999999999998,2.0,3.11986808821088,22.9,45.8,1.0,0.0,0.06666666666666667,0.0,0.0,-0.5266666666666668,2.0,3.185800484593549,22.9,45.8,1.0,0.0,0.06666666666666667,0.0,0.0,-0.5266666666666668,1.0,14.461347218732229,0.0,0.0,0.0,0.0,0.06666666666666667,0.0,0.0,0.0,2.0,3.065632937758154,23.1,46.2,1.0,0.0,0.06666666666666667,0.0,0.0,-0.5399999999999998,1.0,15.939344223860594,0.0,0.0,0.0,0.0,0.06666666666666667,0.0,0.0,0.0,1.0,11.709661989921555,0.0,0.0,0.0,0.0,0.06666666666666667,0.0,0.0,0.0,1.0,4.5,1.0,4.1,1.0,0.0,1.0,5.65,1.0,4.7,0.0,0.0,2.0,30.4,2.0,30.724999999999998,1.0,3.8,2.0,30.6,1.0,4.8,1.0,1.15
light_seed1,light,1,321.25,336.25,17.0,8.81788273857137,8.282352941176471,3.0,0.19999999999998863,1.0,15.44191344840297,0.0,0.0,0.0,0.0,0.06666666666666667,0.0,0.0,0.0,1.0,14.84729049212554,0.0,0.0,0.0,0.0,0.06666666666666667,0.0,0.0,0.0,2.0,4.141466609568839,0.0,0.0,0.0,2.0,0.06666666666666667,0.0,-0.06666666666666667,-2.0833333333333335,1.0,17.151204271349847,0.0,0.0,0.0,0.0,0.06666666666666667,0.0,0.0,0.0,1.0,15.803408495024932,0.0,0.0,0.0,0.0,0.06666666666666667,0.0,0.0,0.0,2.0,5.066317199498796,0.0,0.0,0.0,2.0,0.06666666666666667,0.0,-0.06666666666666667,-2.146666666666667,2.0,4.338271917742626,23.4,46.8,1.0,0.0,0.06666666666666667,0.0,0.0,-0.5600000000000002,2.0,4.348920500733426,23.4,46.8,1.0,0.0,0.06666666666666667,0.0,0.0,-0.5600000000000002,1.0,14.455698871143507,0.0,0.0,0.0,0.0,0.06666666666666667,0.0,0.0,0.0,2.0,4.39099933381115,23.6,47.2,1.0,0.0,0.06666666666666667,0.0,0.0,-0.5733333333333335,1.0,15.956729439635005,0.0,0.0,0.0,0.0,0.06666666666666667,0.0,0.0,0.0,1.0,11.675810415321813,0.0,0.0,0.0,0.0,0.06666666666666667,0.0,0.0,0.0,1.0,5.5,1.0,5.1,1.0,0.35,1.0,6.65,1.0,5.7,0.0,0.0,2.0,0.0,2.0,0.0,1.0,4.8,2.0,0.0,1.0,0.0,1.0,2.15
light_seed1,light,1,322.25,337.25,17.0,9.808997920970397,8.458823529411765,3.0,1.1999999999999886,1.0,15.448297841450744,0.0,0.0,0.0,0.0,0.06666666666666667,0.0,0.0,0.0,1.0,14.771663001623455,0.0,0.0,0.0,0.0,0.06666666666666667,0.0,0.0,0.0,1.0,9.833063706413572,0.0,0.0,0.0,2.0,0.06666666666666667,0.06666666666666667,-0.06666666666666667,-2.15,1.0,17.10711937573368,0.0,0.0,0.0,0.0,0.06666666666666667,0.0,0.0,0.0,1.0,15.837693873045653,0.0,0.0,0.0,0.0,0.06666666666666667,0.0,0.0,0.0,1.0,12.318736875116889,0.0,0.0,0.0,2.0,0.06666666666666667,0.06666666666666667,-0.06666666666666667,-2.2133333333333334,2.0,5.600458814222322,23.9,47.8,1.0,0.0,0.06666666666666667,0.0,0.0,-0.5933333333333333,2.0,5.637678599270423,23.9,47.8,1.0,0.0,0.06666666666666667,0.0,0.0,-0.5933333333333333,1.0,14.372078920200114,0.0,0.0,0.0,0.0,0.06666666666666667,0.0,0.0,0.0,2.0,5.686713351137401,24.1,48.2,1.0,0.0,0.06666666666666667,0.0,0.0,-0.6066666666666668,1.0,15.988744863164088,0.0,0.0,0.0,0.0,0.06666666666666667,0.0,0.0,0.0,1.0,11.715607342118249,0.0,0.0,0.0,0.0,0.06666666666666667,0.0,0.0,0.0,1.0,6.5,1.0,6.1,1.0,1.35,1.0,7.65,1.0,6.7,0.0,0.0,1.0,0.0,1.0,0.0,1.0,5.8,1.0,0.0,0.0,0.0,1.0,3.15
light_seed1,light,1,323.25,338.25,17.0,10.70446970580437,8.63529411764706,3.0,2.1999999999999886,1.0,15.509895424207985,0.0,0.0,0.0,0.0,0.06666666666666667,0.0,0.0,0.0,1.0,14.777010288572855,0.0,0.0,0.0,0.0,0.06666666666666667,0.0,0.0,0.0,1.0,12.004596157365219,0.0,0.0,0.0,2.0,0.06666666666666667,0.06666666666666667,-0.06666666666666667,-2.216666666666667,1.0,17.05144528722719,0.0,0.0,0.0,0.0,0.06666666666666667,0.0,0.0,0.0,1.0,15.87207904612428,0.0,0.0,0.0,0.0,0.06666666666666667,0.0,0.0,0.0,1.0,14.549221144995501,0.0,0.0,0.0,2.0,0.06666666666666667,0.06666666666666667,-0.06666666666666667,-2.2800000000000002,2.0,6.663095669934372,24.4,48.8,1.0,0.0,0.06666666666666667,0.0,0.0,-0.6266666666666666,2.0,6.859863208127579,24.4,48.8,1.0,0.0,0.06666666666666667,0.0,0.0,-0.6266666666666666,1.0,14.414452977165459,0.0,0.0,0.0,0.0,0.06666666666666667,0.0,0.0,0.0,2.0,6.873895310436897,24.6,49.2,1.0,0.0,0.06666666666666667,0.0,0.0,-0.6400000000000001,1.0,15.949668238203216,0.0,0.0,0.0,0.0,0.06666666666666667,0.0,0.0,0.0,1.0,11.706123006466628,0.0,0.0,0.0,0.0,0.06666666666666667,0.0,0.0,0.0,1.0,7.5,1.0,7.1,1.0,2.35,1.0,8.65,1.0,7.7,0.0,0.0,1.0,0.0,1.0,0.0,1.0,6.8,1.0,0.0,0.0,0.0,1.0,4.15
light_seed1,light,1,324.25,339.25,17.0,11.286310927097357,8.811764705882354,3.0,3.1999999999999886,1.0,15.432166259631826,0.0,0.0,0.0,0.0,0.06666666666666667,0.0,0.0,0.0,1.0,14.752597575718754,0.0,0.0,0.0,0.0,0.06666666666666667,0.0,0.0,0.0,1.0,12.573057571472825,0.0,0.0,0.0,2.0,0.06666666666666667,0.06666666666666667,-0.06666666666666667,-2.283333333333333,1.0,17.123463554825193,0.0,0.0,0.0,0.0,0.06666666666666667,0.0,0.0,0.0,1.0,15.87721190278783,0.0,0.0,0.0,0.0,0.06666666666666667,0.0,0.0,0.0,1.0,16.316505734840273,0.0,0.0,0.0,2.0,0.06666666666666667,0.06666666666666667,-0.06666666666666667,-2.3466666666666667,2.0,6.829624166112959,24.9,49.8,1.0,0.0,0.06666666666666667,0.0,0.0,-0.6599999999999999,2.0,8.039897432467058,24.9,49.8,1.0,0.0,0.06666666666666667,0.0,0.0,-0.6599999999999999,1.0,14.390362175591402,0.0,0.0,0.0,0.0,0.06666666666666667,0.0,0.0,0.0,2.0,7.393415111242331,25.1,50.2,1.0,0.0,0.06666666666666667,0.0,0.0,-0.6733333333333335,1.0,15.939603228611581,0.0,0.0,0.0,0.0,0.06666666666666667,0.0,0.0,0.0,1.0,11.680005084130764,0.0,0.0,0.0,0.0,0.06666666666666667,0.0,0.0,0.0,1.0,8.5,1.0,8.1,1.0,3.35,1.0,9.65,1.0,8.7,0.0,0.0,0.0,0.0,0.0,0.0,1.0,7.8,0.0,0.0,0.0,0.0,1.0,5.15
light_seed1,light,1,325.25,340.25,17.0,11.641662254731706,8.988235294117647,3.0,4.199999999999989,1.0,15.430974444426441,0.0,0.0,0.0,0.0,0.06666666666666667,0.0,0.0,0.0,1.0,14.764614284530033,0.0,0.0,0.0,0.0,0.06666666666666667,0.0,0.0,0.0,1.0,12.620512086855472,0.0,0.0,0.0,2.0,0.06666666666666667,0.06666666666666667,-0.06666666666666667,-2.35,1.0,17.13917161234261,0.0,0.0,0.0,0.0,0.06666666666666667,0.0,0.0,0.0,1.0,15.800735473511894,0.0,0.0,0.0,0.0,0.06666666666666667,0.0,0.0,0.0,1.0,16.333478222632298,0.0,0.0,0.0,2.0,0.06666666666666667,0.06666666666666667,-0.06666666666666667,-2.4133333333333336,2.0,6.846708915987734,25.4,50.8,1.0,0.0,0.06666666666666667,0.0,0.0,-0.6933333333333332,2.0,9.030281806541165,25.4,50.8,1.0,0.0,0.06666666666666667,0.0,0.0,-0.6933333333333332,1.0,14.44555091644532,0.0,0.0,0.0,0.0,0.06666666666666667,0.0,0.0,0.0,2.0,7.396063031550267,25.6,51.2,1.0,0.0,0.06666666666666667,0.0,0.0,-0.7066666666666668,1.0,15.988075254265627,0.0,0.0,0.0,0.0,0.06666666666666667,0.0,0.0,0.0,1.0,11.719237389620245,0.0,0.0,0.0,0.0,0.06666666666666667,0.0,0.0,0.0,1.0,9.5,1.0,9.1,1.0,4.35,1.0,10.65,1.0,9.7,0.0,0.0,0.0,0.0,0.0,0.0,1.0,8.8,0.0,0.0,0.0,0.0,1.0,6.15
light_seed1,light,1,326.25,341.25,17.0,11.869762452734685,9.164705882352942,3.0,5.199999999999989,1.0,15.437551140558984,0.0,0.0,0.0,0.0,0.06666666666666667,0.0,0.0,0.0,1.0,14.853144929122863,0.0,0.0,0.0,0.0,0.06666666666666667,0.0,0.0,0.0,1.0,12.609444281021357,0.0,0.0,0.0,2.0,0.06666666666666667,0.06666666666666667,-0.06666666666666667,-2.4166666666666665,1.0,17.075145307924622,0.0,0.0,0.0,0.0,0.06666666666666667,0.0,0.0,0.0,1.0,15.864931387987607,0.0,0.0,0.0,0.0,0.06666666666666667,0.0,0.0,0.0,1.0,16.317501999883895,0.0,0.0,0.0,2.0,0.06666666666666667,0.06666666666666667,-0.06666666666666667,-2.48,2.0,6.830515600763944,25.9,51.8,1.0,0.0,0.06666666666666667,0.0,0.0,-0.7266666666666666,2.0,9.012007319424383,25.9,51.8,1.0,0.0,0.06666666666666667,0.0,0.0,-0.7266666666666666,1.0,14.467526254418884,0.0,0.0,0.0,0.0,0.06666666666666667,0.0,0.0,0.0,2.0,7.384980411660628,26.1,52.2,1.0,0.0,0.06666666666666667,0.0,0.0,-0.7400000000000001,1.0,15.983743912636477,0.0,0.0,0.0,0.0,0.06666666666666667,0.0,0.0,0.0,1.0,11.682739307675362,0.0,0.0,0.0,0.0,0.06666666666666667,0.0,0.0,0.0,1.0,10.5,1.0,10.1,1.0,5.35,1.0,11.65,1.0,10.7,0.0,0.0,0.0,0.0,0.0,0.0,1.0,9.8,0.0,0.0,0.0,0.0,1.0,7.15
light_seed1,light,1,327.25,342.25,17.0,11.940609343466324,9.341176470588236,3.0,6.199999999999989,1.0,15.472576226158612,0.0,0.0,0.0,0.0,0.06666666666666667,0.0,0.0,0.0,1.0,14.823624875679597,0.0,0.0,0.0,0.0,0.06666666666666667,0.0,0.0,0.0,1.0,12.570479481823966,0.0,0.0,0.0,2.0,0.06666666666666667,0.06666666666666667,-0.06666666666666667,-2.4833333333333334,1.0,14.446441907656965,0.0,0.0,0.0,0.0,0.06666666666666667,0.0,0.0,0.0,1.0,15.792349752806048,0.0,0.0,0.0,0.0,0.06666666666666667,0.0,0.0,0.0,1.0,16.331214722411456,0.0,0.0,0.0,2.0,0.06666666666666667,0.06666666666666667,-0.06666666666666667,-2.546666666666667,2.0,6.81755118074802,26.4,52.8,1.0,0.0,0.06666666666666667,0.0,0.0,-0.7599999999999999,2.0,9.039007077700598,26.4,52.8,1.0,0.0,0.06666666666666667,0.0,0.0,-0.7599999999999999,1.0,14.399218963718853,0.0,0.0,0.0,0.0,0.06666666666666667,0.0,0.0,0.0,2.0,7.357033911469163,26.6,53.2,1.0,0.0,0.06666666666666667,0.0,0.0,-0.7733333333333334,1.0,15.989755395112502,0.0,0.0,0.0,0.0,0.06666666666666667,0.0,0.0,0.0,1.0,11.70134900724873,0.0,0.0,0.0,0.0,0.06666666666666667,0.0,0.0,0.0,1.0,11.5,1.0,11.1,1.0,6.35,1.0,12.65,1.0,11.7,0.0,0.0,0.0,0.0,0.0,0.0,1.0,10.8,0.0,0.0,0.0,0.0,1.0,8.15
light_seed1,light,1,328.25,343.25,17.0,10.987845561875199,9.51764705882353,3.0,7.199999999999989,1.0,12.639000587118773,0.0,0.0,0.0,0.0,0.06666666666666667,0.0,0.0,0.0,1.0,14.754538000760586,0.0,0.0,0.0,0.0,0.06666666666666667,0.0,0.0,0.0,1.0,12.585109031824619,0.0,0.0,0.0,2.0,0.06666666666666667,0.06666666666666667,-0.06666666666666667,-2.55,1.0,8.466415559379726,0.0,0.0,0.0,0.0,0.06666666666666667,0.0,0.0,0.0,1.0,11.585711685613024,0.0,0.0,0.0,0.0,0.06666666666666667,0.0,0.0,0.0,1.0,16.343204729651433,0.0,0.0,0.0,2.0,0.06666666666666667,0.06666666666666667,-0.06666666666666667,-2.6133333333333337,2.0,6.8185155273307885,26.9,53.8,1.0,0.0,0.06666666666666667,0.0,0.0,-0.7933333333333332,2.0,9.029936785856401,26.9,53.8,1.0,0.0,0.06666666666666667,0.0,0.0,-0.7933333333333332,1.0,14.369696373143345,0.0,0.0,0.0,0.0,0.06666666666666667,0.0,0.0,0.0,2.0,7.370934070422782,27.1,54.2,1.0,0.0,0.06666666666666667,0.0,0.0,-0.8066666666666668,1.0,11.29602856607881,0.0,0.0,0.0,0.0,0.06666666666666667,0.0,0.0,0.0,1.0,11.706773026859238,0.0,0.0,0.0,0.0,0.06666666666666667,0.0,0.0,0.0,1.0,12.5,1.0,12.1,1.0,7.35,1.0,13.65,1.0,12.7,0.0,0.0,0.0,0.0,0.0,0.0,1.0,11.8,0.0,0.0,0.0,0.0,1.0,9.15
light_seed1,light,1,329.25,344.25,17.0,9.105294366226827,9.694117647058825,3.0,8.199999999999989,1.0,7.639633411258679,0.0,0.0,0.0,0.0,0.06666666666666667,0.0,0.0,0.0,1.0,9.796534172047906,0.0,0.0,0.0,0.0,0.06666666666666667,0.0,0.0,0.0,1.0,12.606416357510016,0.0,0.0,0.0,2.0,0.06666666666666667,0.06666666666666667,-0.06666666666666667,-2.6166666666666667,1.0,2.466415559379729,0.0,0.0,0.0,0.0,0.06666666666666667,0.0,0.0,0.0,1.0,6.585711685613024,0.0,0.0,0.0,0.0,0.06666666666666667,0.0,0.0,0.0,1.0,16.364745129066733,0.0,0.0,0.0,2.0,0.06666666666666667,0.06666666666666667,-0.06666666666666667,-2.68,2.0,6.832981496721955,27.4,54.8,1.0,0.0,0.06666666666666667,0.0,0.0,-0.8266666666666665,2.0,7.617793314432885,27.4,54.8,1.0,0.0,0.06666666666666667,0.0,0.0,-0.8266666666666665,1.0,11.13910740732934,0.0,0.0,0.0,0.0,0.06666666666666667,0.0,0.0,0.0,2.0,7.35085248522356,27.6,55.2,1.0,0.0,0.06666666666666667,0.0,0.0,-0.8400000000000001,1.0,6.29602856607881,0.0,0.0,0.0,0.0,0.06666666666666667,0.0,0.0,0.0,1.0,11.686586952363923,0.0,0.0,0.0,0.0,0.06666666666666667,0.0,0.0,0.0,1.0,13.5,1.0,13.1,1.0,8.35,1.0,14.65,1.0,13.7,0.0,0.0,0.0,0.0,0.0,0.0,1.0,12.8,0.0,0.0,0.0,0.0,1.0,10.15
light_seed1,light,1,330.25,345.25,17.0,7.150462136413208,9.908823529411764,4.0,9.199999999999989,1.0,2.6396334112586786,0.0,0.0,0.0,0.0,0.06666666666666667,0.0,0.0,0.0,1.0,4.796534172047906,0.0,0.0,0.0,0.0,0.06666666666666667,0.0,0.0,0.0,1.0,12.57028322356403,0.0,0.0,0.0,2.0,0.06666666666666667,0.06666666666666667,-0.06666666666666667,-2.683333333333333,1.0,0.0,0.65,0.65,1.0,0.0,0.06666666666666667,0.0,0.06666666666666667,0.043333333333333335,1.0,1.5950282132075855,0.0,0.0,0.0,0.0,0.06666666666666667,0.0,0.0,0.0,1.0,16.325345176134007,0.0,0.0,0.0,2.0,0.06666666666666667,0.06666666666666667,-0.06666666666666667,-2.746666666666667,2.0,6.82759230911183,27.9,55.8,1.0,0.0,0.06666666666666667,0.0,0.0,-0.8599999999999999,2.0,5.293747891599877,27.9,55.8,1.0,0.0,0.06666666666666667,0.0,0.0,-0.8599999999999999,1.0,6.139107407329339,0.0,0.0,0.0,0.0,0.06666666666666667,0.0,0.0,0.0,2.0,6.824727234152758,28.1,56.2,1.0,0.0,0.06666666666666667,0.0,0.0,-0.8733333333333334,1.0,1.3013985992800043,0.0,0.0,0.0,0.0,0.06666666666666667,0.0,0.0,0.0,1.0,11.682920138932616,0.0,0.0,0.0,0.0,0.06666666666666667,0.0,0.0,0.0,1.0,14.5,1.0,14.1,1.0,9.35,1.0,15.65,1.0,14.7,0.0,0.0,0.0,0.0,0.0,0.0,1.0,13.8,0.0,0.0,0.0,0.0,1.0,11.15
light_seed1,light,1,331.25,346.25,17.0,5.6622965681820965,10.267647058823528,8.0,10.199999999999989,1.0,0.0,0.5,0.5,1.0,0.0,0.06666666666666667,0.0,0.06666666666666667,0.03333333333333333,1.0,0.0003153272012318834,0.1,0.1,1.0,0.0,0.06666666666666667,0.0,0.06666666666666667,0.006666666666666667,1.0,12.604405951537416,0.0,0.0,0.0,2.0,0.06666666666666667,0.06666666666666667,-0.06666666666666667,-2.75,1.0,0.0,1.65,1.65,1.0,0.0,0.06666666666666667,0.0,0.06666666666666667,0.11,1.0,0.0,0.7,0.7,1.0,0.0,0.06666666666666667,0.0,0.06666666666666667,0.04666666666666666,1.0,16.263179198418495,0.0,0.0,0.0,2.0,0.06666666666666667,0.06666666666666667,-0.06666666666666667,-2.8133333333333335,2.0,5.955093247803491,28.4,56.8,1.0,0.0,0.06666666666666667,0.0,0.0,-0.8933333333333332,2.0,3.1424016356263746,28.4,56.8,1.0,0.0,0.06666666666666667,0.0,0.0,-0.8933333333333332,1.0,1.1458140314274408,0.0,0.0,0.0,0.0,0.06666666666666667,0.0,0.0,0.0,2.0,4.913705692446785,28.6,57.2,1.0,0.0,0.06666666666666667,0.0,0.0,-0.9066666666666667,1.0,0.0,0.8,0.8,1.0,0.0,0.06666666666666667,0.0,0.06666666666666667,0.05333333333333334,1.0,11.680861994363218,0.0,0.0,0.0,0.0,0.06666666666666667,0.0,0.0,0.0,1.0,15.5,1.0,15.1,1.0,10.35,1.0,16.65,1.0,15.7,0.0,0.0,0.0,0.0,0.0,0.0,1.0,14.8,0.0,0.0,0.0,0.0,1.0,12.15
light_seed1,light,1,332.25,347.25,17.0,4.760845608988978,10.785294117647059,9.0,11.199999999999989,1.0,0.0,1.5,1.5,1.0,0.0,0.06666666666666667,0.0,0.06666666666666667,0.1,1.0,0.0,1.1,1.1,1.0,0.0,0.06666666666666667,0.0,0.06666666666666667,0.07333333333333333,1.0,12.58092033207439,0.0,0.0,0.0,2.0,0.06666666666666667,0.06666666666666667,-0.06666666666666667,-2.816666666666667,1.0,0.0,2.65,2.65,1.0,0.0,0.06666666666666667,0.0,0.06666666666666667,0.17666666666666667,1.0,0.0,1.7,1.7,1.0,0.0,0.06666666666666667,0.0,0.06666666666666667,0.11333333333333333,0.0,0.0,0.0,0.0,0.0,2.0,0.0,0.06666666666666667,-0.06666666666666667,-2.8800000000000003,2.0,4.146785804004792,28.9,57.8,1.0,0.0,0.06666666666666667,0.0,0.0,-0.9266666666666665,2.0,1.440288394301931,28.9,57.8,1.0,0.0,0.06666666666666667,0.0,0.0,-0.9266666666666665,1.0,0.0,0.8,0.8,1.0,0.0,0.06666666666666667,0.0,0.06666666666666667,0.05333333333333334,2.0,3.2190401175912617,29.1,58.2,1.0,0.0,0.06666666666666667,0.0,0.0,-0.9400000000000001,1.0,0.0,1.8,1.8,1.0,0.0,0.06666666666666667,0.0,0.06666666666666667,0.12000000000000001,1.0,8.61212396549466,0.0,0.0,0.0,0.0,0.06666666666666667,0.0,0.0,0.0,2.0,8.25,2.0,8.05,2.0,5.675,2.0,8.825,2.0,8.35,1.0,0.0,1.0,0.0,1.0,0.0,2.0,7.9,1.0,0.0,1.0,0.0,2.0,6.575
light_seed1,light,1,333.25,348.25,17.0,3.9979038115683805,11.314705882352941,9.0,0.19999999999998863,1.0,0.0,2.5,2.5,1.0,0.0,0.0,0.0,0.06666666666666667,0.16666666666666666,1.0,0.0,2.1,2.1,1.0,0.0,0.0,0.0,0.06666666666666667,0.14,1.0,12.04771320048335,0.0,0.0,0.0,1.0,0.0,0.06666666666666667,-0.06666666666666667,-1.4416666666666667,1.0,0.0,3.65,3.65,1.0,0.0,0.0,0.0,0.06666666666666667,0.24333333333333332,1.0,0.0,2.7,2.7,1.0,0.0,0.0,0.0,0.06666666666666667,0.18000000000000002,0.0,0.0,0.0,0.0,0.0,1.0,0.0,0.13333333333333333,-0.06666666666666667,-1.4733333333333334,2.0,2.558186446190568,29.4,58.8,1.0,0.0,0.0,0.0,0.0,0.5,2.0,0.44364349520463053,29.4,58.8,1.0,0.0,0.0,0.0,0.0,0.5,1.0,0.0,1.8,1.8,1.0,0.0,0.0,0.0,0.06666666666666667,0.12000000000000001,2.0,1.8004495735616064,29.6,59.2,1.0,0.0,0.0,0.0,0.0,0.5,1.0,0.0,2.8,2.8,1.0,0.0,0.0,0.0,0.06666666666666667,0.18666666666666665,1.0,4.112921695857128,0.0,0.0,0.0,0.0,0.0,0.0,0.0,0.0,2.0,8.75,2.0,8.55,2.0,6.175,2.0,9.325,2.0,8.85,1.0,0.0,1.0,0.0,1.0,0.0,2.0,8.4,1.0,0.0,1.0,0.0,2.0,7.075
light_seed1,light,1,334.25,349.25,17.0,3.2334973268693465,11.852941176470589,10.0,1.1999999999999886,1.0,0.0,3.5,3.5,1.0,0.0,0.0,0.0,0.06666666666666667,0.23333333333333334,1.0,0.0,3.1,3.1,1.0,0.0,0.0,0.0,0.06666666666666667,0.20666666666666667,1.0,7.5920670632349605,0.0,0.0,0.0,1.0,0.0,0.06666666666666667,-0.06666666666666667,-1.475,1.0,0.0,4.65,4.65,1.0,0.0,0.0,0.0,0.06666666666666667,0.31,1.0,0.0,3.7,3.7,1.0,0.0,0.0,0.0,0.06666666666666667,0.24666666666666667,0.0,0.0,0.0,0.0,0.0,1.0,0.0,0.13333333333333333,-0.06666666666666667,-1.5066666666666668,2.0,1.3245433337533241,29.9,59.8,1.0,0.0,0.0,0.0,0.0,0.5,2.0,0.0939180188748666,29.9,59.8,1.0,0.0,0.0,0.0,0.0,0.5,1.0,0.0,2.8,2.8,1.0,0.0,0.0,0.0,0.06666666666666667,0.18666666666666665,2.0,0.8367360048381829,30.1,60.2,1.0,0.0,0.0,0.0,0.0,0.5,1.0,0.0,3.8,3.8,1.0,0.0,0.0,0.0,0.06666666666666667,0.2533333333333333,1.0,2.2765145728801046e-05,0.15,0.15,1.0,0.0,0.0,0.0,0.06666666666666667,0.01,2.0,9.25,2.0,9.05,2.0,6.675,2.0,9.825,2.0,9.35,1.0,0.0,1.0,0.0,1.0,0.0,2.0,8.9,1.0,0.0,1.0,0.0,2.0,7.575
light_seed1,light,1,335.25,350.25,17.0,2.807561628035438,12.479411764705883,11.0,2.1999999999999886,1.0,0.0,4.5,4.5,1.0,0.0,0.0,0.0,0.06666666666666667,0.3,1.0,0.0,4.1,4.1,1.0,0.0,0.0,0.0,0.06666666666666667,0.2733333333333333,1.0,3.0928984684563603,0.0,0.0,0.0,1.0,0.0,0.06666666666666667,-0.06666666666666667,-1.5083333333333333,1.0,0.0,5.65,5.65,1.0,0.0,0.0,0.0,0.06666666666666667,0.3766666666666667,1.0,0.0,4.7,4.7,1.0,0.0,0.0,0.0,0.06666666666666667,0.31333333333333335,0.0,0.0,0.0,0.0,0.0,1.0,0.0,0.13333333333333333,-0.06666666666666667,-1.54,2.0,0.5572492762839187,30.4,60.8,1.0,0.0,0.0,0.0,0.0,0.5,2.0,0.017066343989563512,30.724999999999998,60.8,2.0,0.0,0.0,0.0,0.06666666666666667,0.5216666666666666,1.0,0.0,3.8,3.8,1.0,0.0,0.0,0.0,0.06666666666666667,0.2533333333333333,2.0,0.3044614025295977,30.6,61.2,1.0,0.0,0.0,0.0,0.0,0.5,1.0,0.0,4.8,4.8,1.0,0.0,0.0,0.0,0.06666666666666667,0.32,1.0,0.0,1.15,1.15,1.0,0.0,0.0,0.0,0.06666666666666667,0.07666666666666666,2.0,9.75,2.0,9.55,2.0,7.175,2.0,10.325,2.0,9.85,1.0,0.0,1.0,0.0,1.0,0.0,2.0,9.4,1.0,0.0,1.0,0.0,2.0,8.075
light_seed1,light,1,336.25,351.25,17.0,2.7366744665730387,1.7794117647058822,7.0,0.19999999999998863,1.0,0.0,5.5,5.5,1.0,0.0,0.0,0.0,0.06666666666666667,0.36666666666666664,1.0,0.0,5.1,5.1,1.0,0.0,0.0,0.0,0.06666666666666667,0.33999999999999997,1.0,0.0,0.35,0.35,1.0,0.0,0.0,0.06666666666666667,0.06666666666666667,0.02333333333333333,1.0,0.0,6.65,6.65,1.0,0.0,0.0,0.0,0.06666666666666667,0.44333333333333336,1.0,0.0,5.7,5.7,1.0,0.0,0.0,0.0,0.06666666666666667,0.38,0.0,0.0,0.0,0.0,0.0,0.0,0.0,0.13333333333333333,0.0,0.0,2.0,0.5392192904251882,0.0,0.0,0.0,2.0,0.0,0.0,-0.06666666666666667,-1.5599999999999998,2.0,0.3685555921088667,0.0,0.0,0.0,2.0,0.0,0.0,-0.06666666666666667,-1.5599999999999998,1.0,0.0,4.8,4.8,1.0,0.0,0.0,0.0,0.06666666666666667,0.32,2.0,0.4439088957749726,0.0,0.0,0.0,2.0,0.0,0.0,-0.06666666666666667,-1.5733333333333335,1.0,0.831929824645003,0.0,0.0,0.0,2.0,0.0,0.0,0.0,0.0,1.0,0.0,2.15,2.15,1.0,0.0,0.0,0.0,0.06666666666666667,0.14333333333333334,2.0,10.25,2.0,10.05,2.0,7.675,2.0,10.825,2.0,10.35,1.0,0.0,1.0,0.0,1.0,0.0,2.0,9.9,1.0,0.0,1.0,0.0,2.0,8.575
light_seed1,light,1,337.25,352.25,17.0,3.5517198063383235,2.1911764705882355,7.0,1.1999999999999886,1.0,0.0,6.5,6.5,1.0,0.0,0.0,0.0,0.06666666666666667,0.43333333333333335,1.0,0.0,6.1,6.1,1.0,0.0,0.0,0.0,0.06666666666666667,0.4066666666666666,1.0,0.0,1.35,1.35,1.0,0.0,0.0,0.0,0.06666666666666667,0.09000000000000001,1.0,0.0,7.65,7.65,1.0,0.0,0.0,0.0,0.06666666666666667,0.51,1.0,0.0,6.7,6.7,1.0,0.0,0.0,0.0,0.06666666666666667,0.44666666666666666,0.0,0.0,0.0,0.0,0.0,0.0,0.0,0.06666666666666667,0.0,0.0,1.0,1.8232586735734213,0.0,0.0,0.0,2.0,0.0,0.06666666666666667,-0.06666666666666667,-1.5933333333333333,1.0,1.9634886263306135,0.0,0.0,0.0,2.0,0.0,0.06666666666666667,-0.06666666666666667,-1.5933333333333333,1.0,0.0,5.8,5.8,1.0,0.0,0.0,0.0,0.06666666666666667,0.38666666666666666,1.0,1.6835853097903966,0.0,0.0,0.0,2.0,0.0,0.06666666666666667,-0.06666666666666667,-1.6066666666666667,0.0,0.0,0.0,0.0,0.0,2.0,0.0,0.06666666666666667,0.0,0.0,1.0,0.0,3.15,3.15,1.0,0.0,0.0,0.0,0.06666666666666667,0.21,2.0,10.75,2.0,10.55,2.0,8.175,2.0,11.325,2.0,10.85,1.0,0.0,1.0,0.0,1.0,0.0,2.0,10.4,1.0,0.0,1.0,0.0,2.0,9.075
light_seed1,light,1,338.25,353.25,17.0,4.371013394313068,2.6029411764705883,7.0,2.1999999999999886,1.0,0.0,7.5,7.5,1.0,0.0,0.0,0.0,0.06666666666666667,0.5,1.0,0.0,7.1,7.1,1.0,0.0,0.0,0.0,0.06666666666666667,0.47333333333333333,1.0,0.0,2.35,2.35,1.0,0.0,0.0,0.0,0.06666666666666667,0.15666666666666668,1.0,0.0,8.65,8.65,1.0,0.0,0.0,0.0,0.06666666666666667,0.5766666666666667,1.0,0.0,7.7,7.7,1.0,0.0,0.0,0.0,0.06666666666666667,0.5133333333333333,0.0,0.0,0.0,0.0,0.0,0.0,0.0,0.06666666666666667,0.0,0.0,1.0,3.7042175946081337,0.0,0.0,0.0,2.0,0.0,0.06666666666666667,-0.06666666666666667,-1.6266666666666665,1.0,3.766900819433971,0.0,0.0,0.0,2.0,0.0,0.06666666666666667,-0.06666666666666667,-1.6266666666666665,1.0,0.0,6.8,6.8,1.0,0.0,0.0,0.0,0.06666666666666667,0.4533333333333333,1.0,3.5857095800205525,0.0,0.0,0.0,2.0,0.0,0.06666666666666667,-0.06666666666666667,-1.6400000000000001,0.0,0.0,0.0,0.0,0.0,2.0,0.0,0.06666666666666667,0.0,0.0,1.0,0.0,4.15,4.15,1.0,0.0,0.0,0.0,0.06666666666666667,0.27666666666666667,2.0,11.25,2.0,11.05,2.0,8.675,2.0,11.825,2.0,11.35,1.0,0.0,1.0,0.0,1.0,0.0,2.0,10.9,1.0,0.0,1.0,0.0,2.0,9.575
light_seed1,light,1,339.25,354.25,17.0,5.196276411401082,3.014705882352941,7.0,3.1999999999999886,1.0,0.0,8.5,8.5,1.0,0.0,0.0,0.0,0.06666666666666667,0.5666666666666667,1.0,0.0,8.1,8.1,1.0,0.0,0.0,0.0,0.06666666666666667,0.5399999999999999,1.0,0.0,3.35,3.35,1.0,0.0,0.0,0.0,0.06666666666666667,0.22333333333333333,1.0,0.0,9.65,9.65,1.0,0.0,0.0,0.0,0.06666666666666667,0.6433333333333333,1.0,0.0,8.7,8.7,1.0,0.0,0.0,0.0,0.06666666666666667,0.58,0.0,0.0,0.0,0.0,0.0,0.0,0.0,0.06666666666666667,0.0,0.0,0.0,0.0,0.0,0.0,0.0,2.0,0.0,0.13333333333333333,-0.06666666666666667,-1.66,0.0,0.0,0.0,0.0,0.0,2.0,0.0,0.13333333333333333,-0.06666666666666667,-1.66,1.0,0.0,7.8,7.8,1.0,0.0,0.0,0.0,0.06666666666666667,0.52,0.0,0.0,0.0,0.0,0.0,2.0,0.0,0.13333333333333333,-0.06666666666666667,-1.6733333333333333,0.0,0.0,0.0,0.0,0.0,2.0,0.0,0.06666666666666667,0.0,0.0,1.0,0.0,5.15,5.15,1.0,0.0,0.0,0.0,0.06666666666666667,0.3433333333333334,2.0,11.75,2.0,11.55,2.0,9.175,2.0,12.325,2.0,11.85,1.0,0.0,1.0,0.0,1.0,0.0,2.0,11.4,1.0,0.0,1.0,0.0,2.0,10.075
light_seed1,light,1,340.25,355.25,16.0,5.526833527808661,3.640625,7.0,4.199999999999989,1.0,0.0,9.5,9.5,1.0,0.0,0.0,0.0,0.06666666666666667,0.6333333333333333,1.0,0.0,9.1,9.1,1.0,0.0,0.0,0.0,0.06666666666666667,0.6066666666666667,1.0,0.0,4.35,4.35,1.0,0.0,0.0,0.0,0.06666666666666667,0.29,1.0,0.0,10.65,10.65,1.0,0.0,0.0,0.0,0.06666666666666667,0.7100000000000001,1.0,0.0,9.7,9.7,1.0,0.0,0.0,0.0,0.06666666666666667,0.6466666666666666,0.0,0.0,0.0,0.0,0.0,0.0,0.0,0.06666666666666667,0.0,0.0,0.0,0.0,0.0,0.0,0.0,2.0,0.0,0.13333333333333333,-0.06666666666666667,-1.6933333333333331,0.0,0.0,0.0,0.0,0.0,2.0,0.0,0.13333333333333333,-0.06666666666666667,-1.6933333333333331,1.0,0.0,8.8,8.8,1.0,0.0,0.0,0.0,0.06666666666666667,0.5866666666666667,0.0,0.0,0.0,0.0,0.0,2.0,0.0,0.13333333333333333,-0.06666666666666667,-1.7066666666666668,0.0,0.0,0.0,0.0,0.0,2.0,0.0,0.06666666666666667,0.0,0.0,1.0,0.0,6.15,6.15,1.0,0.0,0.0,0.0,0.06666666666666667,0.41000000000000003,2.0,12.25,2.0,12.05,2.0,9.675,2.0,12.825,2.0,12.35,1.0,0.0,1.0,0.0,1.0,0.0,2.0,11.9,1.0,0.0,1.0,0.0,2.0,10.575
light_seed1,light,1,341.25,356.25,15.0,6.026177162744205,4.35,7.0,5.199999999999989,1.0,0.0,10.5,10.5,1.0,0.0,0.0,0.0,0.06666666666666667,0.7,1.0,0.0,10.1,10.1,1.0,0.0,0.0,0.0,0.06666666666666667,0.6733333333333333,1.0,0.0,5.35,5.35,1.0,0.0,0.0,0.0,0.06666666666666667,0.35666666666666663,1.0,0.0,11.65,11.65,1.0,0.0,0.0,0.0,0.06666666666666667,0.7766666666666667,1.0,0.0,10.7,10.7,1.0,0.0,0.0,0.0,0.06666666666666667,0.7133333333333333,0.0,0.0,0.0,0.0,0.0,0.0,0.0,0.06666666666666667,0.0,0.0,0.0,0.0,0.0,0.0,0.0,2.0,0.0,0.13333333333333333,-0.06666666666666667,-1.7266666666666666,0.0,0.0,0.0,0.0,0.0,2.0,0.0,0.13333333333333333,-0.06666666666666667,-1.7266666666666666,1.0,0.0,9.8,9.8,1.0,0.0,0.0,0.0,0.06666666666666667,0.6533333333333334,0.0,0.0,0.0,0.0,0.0,2.0,0.0,0.13333333333333333,-0.06666666666666667,-1.74,0.0,0.0,0.0,0.0,0.0,2.0,0.0,0.06666666666666667,0.0,0.0,1.0,0.0,7.15,7.15,1.0,0.0,0.0,0.0,0.06666666666666667,0.4766666666666667,2.0,12.75,2.0,12.55,2.0,10.175,2.0,13.325,2.0,12.85,1.0,0.0,1.0,0.0,1.0,0.0,2.0,12.4,1.0,0.0,1.0,0.0,2.0,11.075
light_seed1,light,1,342.25,357.25,15.0,6.954120070816079,4.816666666666666,7.0,6.199999999999989,1.0,0.0,11.5,11.5,1.0,0.0,0.0,0.0,0.06666666666666667,0.7666666666666667,1.0,0.0,11.1,11.1,1.0,0.0,0.0,0.0,0.06666666666666667,0.74,1.0,0.0,6.35,6.35,1.0,0.0,0.0,0.0,0.06666666666666667,0.4233333333333333,1.0,0.0,12.65,12.65,1.0,0.0,0.0,0.0,0.06666666666666667,0.8433333333333334,1.0,0.0,11.7,11.7,1.0,0.0,0.0,0.0,0.06666666666666667,0.7799999999999999,0.0,0.0,0.0,0.0,0.0,0.0,0.0,0.06666666666666667,0.0,0.0,0.0,0.0,0.0,0.0,0.0,2.0,0.0,0.13333333333333333,-0.06666666666666667,-1.76,0.0,0.0,0.0,0.0,0.0,2.0,0.0,0.13333333333333333,-0.06666666666666667,-1.76,1.0,0.0,10.8,10.8,1.0,0.0,0.0,0.0,0.06666666666666667,0.7200000000000001,0.0,0.0,0.0,0.0,0.0,2.0,0.0,0.13333333333333333,-0.06666666666666667,-1.7733333333333334,0.0,0.0,0.0,0.0,0.0,2.0,0.0,0.06666666666666667,0.0,0.0,1.0,0.0,8.15,8.15,1.0,0.0,0.0,0.0,0.06666666666666667,0.5433333333333333,2.0,13.25,2.0,13.05,2.0,10.675,2.0,13.825,2.0,13.35,1.0,0.0,1.0,0.0,1.0,0.0,2.0,12.9,1.0,0.0,1.0,0.0,2.0,11.575
light_seed1,light,1,343.25,358.25,15.0,7.400633819816944,5.283333333333333,7.0,7.199999999999989,1.0,0.0,12.5,12.5,1.0,0.0,0.0,0.0,0.06666666666666667,0.8333333333333334,1.0,0.0,12.1,12.1,1.0,0.0,0.0,0.0,0.06666666666666667,0.8066666666666666,1.0,0.0,7.35,7.35,1.0,0.0,0.0,0.0,0.06666666666666667,0.49,1.0,0.0,13.65,13.65,1.0,0.0,0.0,0.0,0.06666666666666667,0.91,1.0,0.0,12.7,12.7,1.0,0.0,0.0,0.0,0.06666666666666667,0.8466666666666666,0.0,0.0,0.0,0.0,0.0,0.0,0.0,0.06666666666666667,0.0,0.0,0.0,0.0,0.0,0.0,0.0,2.0,0.0,0.13333333333333333,-0.06666666666666667,-1.7933333333333332,0.0,0.0,0.0,0.0,0.0,2.0,0.0,0.13333333333333333,-0.06666666666666667,-1.7933333333333332,1.0,0.0,11.8,11.8,1.0,0.0,0.0,0.0,0.06666666666666667,0.7866666666666667,0.0,0.0,0.0,0.0,0.0,2.0,0.0,0.13333333333333333,-0.06666666666666667,-1.8066666666666669,0.0,0.0,0.0,0.0,0.0,2.0,0.0,0.06666666666666667,0.0,0.0,1.0,0.0,9.15,9.15,1.0,0.0,0.0,0.0,0.06666666666666667,0.61,2.0,13.75,2.0,13.55,2.0,11.175,2.0,14.325,2.0,13.85,1.0,0.0,0.0,0.0,1.0,0.0,2.0,13.4,1.0,0.0,1.0,0.0,2.0,12.075
light_seed1,light,1,344.25,359.25,15.0,7.43296267452388,5.75,7.0,8.199999999999989,1.0,0.0,13.5,13.5,1.0,0.0,0.0,0.0,0.06666666666666667,0.9,1.0,0.0,13.1,13.1,1.0,0.0,0.0,0.0,0.06666666666666667,0.8733333333333333,1.0,0.0,8.35,8.35,1.0,0.0,0.0,0.0,0.06666666666666667,0.5566666666666666,1.0,0.0,14.65,14.65,1.0,0.0,0.0,0.0,0.06666666666666667,0.9766666666666667,1.0,0.0,13.7,13.7,1.0,0.0,0.0,0.0,0.06666666666666667,0.9133333333333333,0.0,0.0,0.0,0.0,0.0,0.0,0.0,0.06666666666666667,0.0,0.0,0.0,0.0,0.0,0.0,0.0,2.0,0.0,0.13333333333333333,-0.06666666666666667,-1.8266666666666667,0.0,0.0,0.0,0.0,0.0,2.0,0.0,0.13333333333333333,-0.06666666666666667,-1.8266666666666667,1.0,0.0,12.8,12.8,1.0,0.0,0.0,0.0,0.06666666666666667,0.8533333333333334,0.0,0.0,0.0,0.0,0.0,2.0,0.0,0.13333333333333333,-0.06666666666666667,-1.84,0.0,0.0,0.0,0.0,0.0,2.0,0.0,0.06666666666666667,0.0,0.0,1.0,0.0,10.15,10.15,1.0,0.0,0.0,0.0,0.06666666666666667,0.6766666666666666,2.0,14.25,2.0,14.05,2.0,11.675,2.0,14.825,2.0,14.35,1.0,0.0,0.0,0.0,1.0,0.0,2.0,13.9,1.0,0.0,1.0,0.0,2.0,12.575
light_seed1,light,1,345.25,360.25,14.0,6.832944690356344,6.660714285714286,7.0,9.199999999999989,1.0,0.0,14.5,14.5,1.0,0.0,0.0,0.0,0.06666666666666667,0.9666666666666667,1.0,0.0,14.1,14.1,1.0,0.0,0.0,0.0,0.06666666666666667,0.94,1.0,0.0,9.35,9.35,1.0,0.0,0.0,0.0,0.06666666666666667,0.6233333333333333,1.0,0.0,15.65,15.65,1.0,0.0,0.0,0.0,0.0,1.0,1.0,0.0,14.7,14.7,1.0,0.0,0.0,0.0,0.06666666666666667,0.98,0.0,0.0,0.0,0.0,0.0,0.0,0.0,0.06666666666666667,0.0,0.0,0.0,0.0,0.0,0.0,0.0,2.0,0.0,0.13333333333333333,-0.06666666666666667,-1.8599999999999999,0.0,0.0,0.0,0.0,0.0,2.0,0.0,0.13333333333333333,-0.06666666666666667,-1.8599999999999999,1.0,0.0,13.8,13.8,1.0,0.0,0.0,0.0,0.06666666666666667,0.92,0.0,0.0,0.0,0.0,0.0,2.0,0.0,0.13333333333333333,-0.06666666666666667,-1.8733333333333335,0.0,0.0,0.0,0.0,0.0,2.0,0.0,0.06666666666666667,0.0,0.0,1.0,0.0,11.15,11.15,1.0,0.0,0.0,0.0,0.06666666666666667,0.7433333333333334,2.0,14.75,2.0,14.55,2.0,12.175,2.0,15.325,2.0,14.85,1.0,0.0,0.0,0.0,0.0,0.0,2.0,14.4,0.0,0.0,0.0,0.0,2.0,13.075
light_seed1,light,1,346.25,361.25,14.0,6.856023331961086,7.160714285714286,7.0,10.199999999999989,1.0,0.0,15.5,15.5,1.0,0.0,0.0,0.0,0.0,1.0,1.0,0.0,15.1,15.1,1.0,0.0,0.0,0.0,0.0,1.0,1.0,0.0,10.35,10.35,1.0,0.0,0.0,0.0,0.06666666666666667,0.69,1.0,0.0,16.65,16.65,1.0,0.0,0.0,0.0,0.0,0.9999999999999999,1.0,0.0,15.7,15.7,1.0,0.0,0.0,0.0,0.0,1.0,0.0,0.0,0.0,0.0,0.0,0.0,0.0,0.06666666666666667,0.0,0.0,0.0,0.0,0.0,0.0,0.0,2.0,0.0,0.13333333333333333,-0.06666666666666667,-1.8933333333333333,0.0,0.0,0.0,0.0,0.0,2.0,0.0,0.13333333333333333,-0.06666666666666667,-1.8933333333333333,1.0,0.0,14.8,14.8,1.0,0.0,0.0,0.0,0.06666666666666667,0.9866666666666667,0.0,0.0,0.0,0.0,0.0,2.0,0.0,0.13333333333333333,-0.06666666666666667,-1.9066666666666667,0.0,0.0,0.0,0.0,0.0,2.0,0.0,0.06666666666666667,-0.06666666666666667,-0.05333333333333334,1.0,0.0,12.15,12.15,1.0,0.0,0.0,0.0,0.06666666666666667,0.81,2.0,15.25,2.0,15.05,2.0,12.675,2.0,15.825,2.0,15.35,1.0,0.0,0.0,0.0,0.0,0.0,2.0,14.9,0.0,0.0,0.0,0.0,2.0,13.575
light_seed1,light,1,347.25,362.25,26.0,6.624691553203862,4.125,7.0,11.199999999999989,2.0,0.4788562941389318,8.25,16.5,1.0,0.0,0.06666666666666667,0.0,0.0,0.45,2.0,0.47642954889102523,8.05,16.1,1.0,0.0,0.06666666666666667,0.0,0.0,0.46333333333333343,2.0,0.7042142712914015,5.675,11.35,1.0,0.0,0.06666666666666667,0.0,0.06666666666666667,0.3783333333333333,2.0,0.6064790305075687,8.825,17.65,1.0,0.0,0.06666666666666667,0.0,0.0,0.41166666666666657,2.0,0.4807832409597608,8.35,16.7,1.0,0.0,0.06666666666666667,0.0,0.0,0.4433333333333333,1.0,11.974256035177968,0.0,0.0,0.0,0.0,0.06666666666666667,0.0,0.0,0.0,1.0,14.941698676206176,0.0,0.0,0.0,2.0,0.06666666666666667,0.13333333333333333,-0.06666666666666667,-1.9266666666666665,1.0,13.378720340785385,0.0,0.0,0.0,2.0,0.06666666666666667,0.13333333333333333,-0.06666666666666667,-1.9266666666666665,2.0,0.7265728675718746,7.9,15.8,1.0,0.0,0.06666666666666667,0.0,0.0,0.4733333333333334,1.0,13.867062207086711,0.0,0.0,0.0,2.0,0.06666666666666667,0.13333333333333333,-0.06666666666666667,-1.9400000000000002,1.0,13.830673012102489,0.0,0.0,0.0,2.0,0.06666666666666667,0.06666666666666667,-0.06666666666666667,-0.12000000000000001,2.0,0.4859225059643415,6.575,13.15,1.0,0.0,0.06666666666666667,0.0,0.06666666666666667,0.43833333333333335,2.0,15.75,2.0,15.55,2.0,13.175,2.0,16.325,2.0,15.85,1.0,0.0,0.0,0.0,0.0,0.0,2.0,15.4,0.0,0.0,0.0,0.0,2.0,14.075
light_seed1,light,1,348.25,363.25,26.0,7.222200087192585,4.394230769230769,7.0,12.199999999999989,2.0,1.3283512551852128,8.75,17.5,1.0,0.0,0.06666666666666667,0.0,0.0,0.4166666666666667,2.0,1.3424478605378514,8.55,17.1,1.0,0.0,0.06666666666666667,0.0,0.0,0.43000000000000005,2.0,1.9088639714414575,6.175,12.35,1.0,0.0,0.06666666666666667,0.0,0.06666666666666667,0.4116666666666667,2.0,1.6290687744655616,9.325,18.65,1.0,0.0,0.06666666666666667,0.0,0.0,0.37833333333333324,2.0,1.3163302763669114,8.85,17.7,1.0,0.0,0.06666666666666667,0.0,0.0,0.41,1.0,11.983684299190063,0.0,0.0,0.0,0.0,0.06666666666666667,0.0,0.0,0.0,1.0,16.609263218861074,0.0,0.0,0.0,2.0,0.06666666666666667,0.13333333333333333,-0.06666666666666667,-1.96,1.0,13.365378675539791,0.0,0.0,0.0,2.0,0.06666666666666667,0.13333333333333333,-0.06666666666666667,-1.96,2.0,1.877337869666555,8.4,16.8,1.0,0.0,0.06666666666666667,0.0,0.0,0.44000000000000006,1.0,13.864495133156888,0.0,0.0,0.0,2.0,0.06666666666666667,0.13333333333333333,-0.06666666666666667,-1.9733333333333334,1.0,13.83145142005873,0.0,0.0,0.0,2.0,0.06666666666666667,0.06666666666666667,-0.06666666666666667,-0.18666666666666665,2.0,1.3462679548673218,7.075,14.15,1.0,0.0,0.06666666666666667,0.0,0.06666666666666667,0.4716666666666667,2.0,16.25,2.0,16.05,2.0,13.675,2.0,16.825,2.0,16.35,1.0,0.6,0.0,0.0,0.0,0.0,2.0,15.9,0.0,0.0,0.0,0.0,2.0,14.575
light_seed1,light,1,349.25,364.25,26.0,7.7298200481752355,4.663461538461538,7.0,13.199999999999989,2.0,2.1589394881019928,9.25,18.5,1.0,0.0,0.06666666666666667,0.0,0.0,0.38333333333333336,2.0,2.1835568289831833,9.05,18.1,1.0,0.0,0.06666666666666667,0.0,0.0,0.3966666666666667,2.0,2.9053283052569596,6.675,13.35,1.0,0.0,0.06666666666666667,0.0,0.06666666666666667,0.445,2.0,2.6603954946626645,9.825,19.65,1.0,0.0,0.06666666666666667,0.0,0.0,0.3449999999999999,2.0,2.1895342565096274,9.35,18.7,1.0,0.0,0.06666666666666667,0.0,0.0,0.37666666666666665,1.0,11.999185771797784,0.0,0.0,0.0,0.0,0.06666666666666667,0.0,0.0,0.0,1.0,16.60825927941129,0.0,0.0,0.0,2.0,0.06666666666666667,0.13333333333333333,-0.06666666666666667,-1.9933333333333332,1.0,13.414778220237046,0.0,0.0,0.0,2.0,0.06666666666666667,0.13333333333333333,-0.06666666666666667,-1.9933333333333332,2.0,3.032143629003355,8.9,17.8,1.0,0.0,0.06666666666666667,0.0,0.0,0.4066666666666667,1.0,13.887839798839996,0.0,0.0,0.0,2.0,0.06666666666666667,0.13333333333333333,-0.06666666666666667,-2.006666666666667,1.0,13.85139323033276,0.0,0.0,0.0,2.0,0.06666666666666667,0.06666666666666667,-0.06666666666666667,-0.2533333333333333,2.0,2.168014739349706,7.575,15.15,1.0,0.0,0.06666666666666667,0.0,0.0,0.495,2.0,16.75,2.0,16.55,2.0,14.175,2.0,17.325,2.0,16.85,1.0,1.6,0.0,0.0,0.0,0.0,2.0,16.4,0.0,0.0,0.0,0.0,2.0,15.075
light_seed1,light,1,350.25,365.25,26.0,8.239353914363857,4.9326923076923075,7.0,14.199999999999989,2.0,2.995344355912186,9.75,19.5,1.0,0.0,0.06666666666666667,0.0,0.0,0.35,2.0,2.9954917957401426,9.55,19.1,1.0,0.0,0.06666666666666667,0.0,0.0,0.3633333333333334,2.0,3.9556838984111677,7.175,14.35,1.0,0.0,0.06666666666666667,0.0,0.06666666666666667,0.47833333333333333,2.0,3.619321750398232,10.325,20.65,1.0,0.0,0.06666666666666667,0.0,0.0,0.3116666666666666,2.0,3.079942639918418,9.85,19.7,1.0,0.0,0.06666666666666667,0.0,0.0,0.3433333333333333,1.0,11.997483475359623,0.0,0.0,0.0,0.0,0.06666666666666667,0.0,0.0,0.0,1.0,16.565361704368147,0.0,0.0,0.0,2.0,0.06666666666666667,0.13333333333333333,-0.06666666666666667,-2.0266666666666664,1.0,13.403875627630205,0.0,0.0,0.0,2.0,0.06666666666666667,0.13333333333333333,-0.13333333333333333,-2.0483333333333333,2.0,4.167936333015601,9.4,18.8,1.0,0.0,0.06666666666666667,0.0,0.0,0.37333333333333335,1.0,13.865380257139915,0.0,0.0,0.0,2.0,0.06666666666666667,0.13333333333333333,-0.06666666666666667,-2.04,1.0,13.826052866802785,0.0,0.0,0.0,2.0,0.06666666666666667,0.06666666666666667,-0.06666666666666667,-0.32,2.0,3.0325942471793237,8.075,16.15,1.0,0.0,0.06666666666666667,0.0,0.0,0.4616666666666666,2.0,17.25,2.0,17.05,2.0,14.675,2.0,17.825,2.0,17.35,1.0,2.6,0.0,0.0,0.0,0.0,2.0,16.974999999999998,0.0,0.0,0.0,0.0,2.0,15.575
light_seed1,light,1,351.25,366.25,26.0,8.736755764170578,5.201923076923077,7.0,15.199999999999989,2.0,3.850181222938935,10.25,20.5,1.0,0.0,0.06666666666666667,0.0,0.0,0.31666666666666665,2.0,3.802518877274173,10.05,20.1,1.0,0.0,0.06666666666666667,0.0,0.0,0.33000000000000007,2.0,4.9931495362682625,7.675,15.35,1.0,0.0,0.06666666666666667,0.0,0.0,0.48833333333333334,2.0,4.541265736092905,10.825,21.65,1.0,0.0,0.06666666666666667,0.0,0.0,0.27833333333333327,2.0,3.9566384131311176,10.35,20.7,1.0,0.0,0.06666666666666667,0.0,0.0,0.30999999999999994,1.0,11.998231646788772,0.0,0.0,0.0,0.0,0.06666666666666667,0.0,0.0,0.0,1.0,16.610257811650637,0.0,0.0,0.0,2.0,0.06666666666666667,0.13333333333333333,0.0,0.0,1.0,13.4336019407928,0.0,0.0,0.0,2.0,0.06666666666666667,0.13333333333333333,0.0,0.0,2.0,5.239423297368031,9.9,19.8,1.0,0.0,0.06666666666666667,0.0,0.0,0.34,1.0,13.839077658276075,0.0,0.0,0.0,2.0,0.06666666666666667,0.13333333333333333,0.0,0.0,1.0,13.877802268997767,0.0,0.0,0.0,2.0,0.06666666666666667,0.06666666666666667,0.0,0.0,2.0,3.904839199325749,8.575,17.15,1.0,0.0,0.06666666666666667,0.0,0.0,0.4283333333333333,2.0,17.75,2.0,17.55,2.0,15.55,2.0,18.325,2.0,17.85,1.0,3.6,0.0,0.0,0.0,0.0,2.0,17.974999999999998,0.0,0.0,0.0,0.0,2.0,16.075
light_seed1,light,1,352.25,367.25,26.0,9.225664029230241,5.471153846153846,7.0,16.19999999999999,2.0,4.6732926973365245,10.75,21.5,1.0,0.0,0.06666666666666667,0.0,0.0,0.2833333333333333,2.0,4.661213716998509,10.55,21.1,1.0,0.0,0.06666666666666667,0.0,0.0,0.29666666666666675,2.0,5.99986056878552,8.175,16.35,1.0,0.0,0.06666666666666667,0.0,0.0,0.45500000000000007,2.0,5.484414505276231,11.325,22.65,1.0,0.0,0.06666666666666667,0.0,0.0,0.24499999999999994,2.0,4.812225211067234,10.85,21.7,1.0,0.0,0.06666666666666667,0.0,0.0,0.2766666666666666,1.0,11.972772852822672,0.0,0.0,0.0,0.0,0.06666666666666667,0.0,0.0,0.0,1.0,16.58807151989639,0.0,0.0,0.0,2.0,0.06666666666666667,0.06666666666666667,0.0,0.0,1.0,13.334599911042304,0.0,0.0,0.0,2.0,0.06666666666666667,0.06666666666666667,0.0,0.0,2.0,6.329781889291524,10.4,20.8,1.0,0.0,0.06666666666666667,0.0,0.0,0.3066666666666667,1.0,13.884230455579237,0.0,0.0,0.0,2.0,0.06666666666666667,0.06666666666666667,0.0,0.0,1.0,13.841439434672939,0.0,0.0,0.0,2.0,0.06666666666666667,0.0,0.0,0.0,2.0,4.7355264515029045,9.075,18.15,1.0,0.0,0.06666666666666667,0.0,0.0,0.3949999999999999,2.0,18.25,2.0,18.05,2.0,16.55,2.0,18.825,2.0,18.35,1.0,4.6,0.0,0.0,0.0,0.0,2.0,18.974999999999998,0.0,0.0,0.0,0.0,2.0,16.575
light_seed1,light,1,353.25,368.25,25.0,9.446145531944417,5.97,7.0,17.19999999999999,2.0,5.524458642758192,11.25,22.5,1.0,0.0,0.06666666666666667,0.0,0.0,0.25,2.0,5.489879946839105,11.05,22.1,1.0,0.0,0.06666666666666667,0.0,0.0,0.2633333333333334,2.0,7.001318308881897,8.675,17.35,1.0,0.0,0.06666666666666667,0.0,0.0,0.42166666666666675,2.0,6.305398107061424,11.825,23.65,1.0,0.0,0.06666666666666667,0.0,0.0,0.2116666666666666,2.0,5.514792072731031,11.35,22.7,1.0,0.0,0.06666666666666667,0.0,0.0,0.2433333333333333,1.0,11.98061986089684,0.0,0.0,0.0,0.0,0.06666666666666667,0.0,0.0,0.0,1.0,16.669806890659036,0.0,0.0,0.0,2.0,0.06666666666666667,0.06666666666666667,0.0,0.0,1.0,13.376859476421773,0.0,0.0,0.0,2.0,0.06666666666666667,0.06666666666666667,0.0,0.0,2.0,7.279538043556781,10.9,21.8,1.0,0.0,0.06666666666666667,0.0,0.0,0.2733333333333334,1.0,13.844237203107914,0.0,0.0,0.0,2.0,0.06666666666666667,0.06666666666666667,0.0,0.0,1.0,13.855105836709264,0.0,0.0,0.0,2.0,0.06666666666666667,0.0,0.0,0.0,2.0,5.58006071434773,9.575,19.15,1.0,0.0,0.06666666666666667,0.0,0.0,0.3616666666666666,2.0,18.75,2.0,18.55,2.0,17.55,2.0,19.325,2.0,18.85,1.0,5.6,0.0,0.0,0.0,0.0,2.0,19.974999999999998,0.0,0.0,0.0,0.0,2.0,17.075
light_seed1,light,1,354.25,369.25,24.0,9.559063822609462,6.510416666666667,7.0,18.19999999999999,2.0,5.986021183576668,11.75,23.5,1.0,0.0,0.06666666666666667,0.0,0.0,0.21666666666666667,2.0,5.998753400043352,11.55,23.1,1.0,0.0,0.06666666666666667,0.0,0.0,0.23000000000000007,2.0,7.863299049585328,9.175,18.35,1.0,0.0,0.06666666666666667,0.0,0.0,0.3883333333333334,2.0,6.288773508770187,12.325,24.65,1.0,0.0,0.06666666666666667,0.0,0.0,0.17833333333333326,2.0,5.518917947527913,11.85,23.7,1.0,0.0,0.06666666666666667,0.0,0.0,0.21000000000000002,1.0,11.97286023859866,0.0,0.0,0.0,0.0,0.06666666666666667,0.0,0.0,0.0,1.0,16.581311231657864,0.0,0.0,0.0,2.0,0.06666666666666667,0.0,0.0,0.0,1.0,13.43451601253152,0.0,0.0,0.0,2.0,0.06666666666666667,0.0,0.0,0.0,2.0,8.311580923002658,11.4,22.8,1.0,0.0,0.06666666666666667,0.0,0.0,0.24000000000000005,1.0,13.826575305685402,0.0,0.0,0.0,2.0,0.06666666666666667,0.0,0.0,0.0,1.0,13.840380438724534,0.0,0.0,0.0,2.0,0.06666666666666667,0.0,0.0,0.0,2.0,5.991840641421732,10.075,20.15,1.0,0.0,0.06666666666666667,0.0,0.0,0.32833333333333325,2.0,19.25,2.0,19.05,2.0,18.55,2.0,20.325,2.0,19.35,1.0,6.6,0.0,0.0,0.0,0.0,2.0,0.0,0.0,0.0,0.0,0.0,2.0,0.0
light_seed1,light,1,355.25,370.25,22.0,9.17338308067153,7.420454545454546,7.0,19.19999999999999,2.0,5.996368159664562,12.25,24.5,1.0,0.0,0.06666666666666667,0.0,0.0,0.18333333333333332,2.0,5.9926206204271875,12.05,24.1,1.0,0.0,0.06666666666666667,0.0,0.0,0.19666666666666674,2.0,7.862494951757804,9.675,19.35,1.0,0.0,0.06666666666666667,0.0,0.0,0.3550000000000001,2.0,6.281887389312993,12.825,25.65,1.0,0.0,0.06666666666666667,0.0,0.0,0.14499999999999993,2.0,5.512654835988029,12.35,24.7,1.0,0.0,0.06666666666666667,0.0,0.0,0.1766666666666667,1.0,11.981351370722987,0.0,0.0,0.0,0.0,0.06666666666666667,0.0,0.0,0.0,1.0,16.569948449842634,0.0,0.0,0.0,2.0,0.06666666666666667,0.0,0.0,0.0,1.0,13.41684267333597,0.0,0.0,0.0,2.0,0.06666666666666667,0.0,0.0,0.0,2.0,8.296536574271022,11.9,23.8,1.0,0.0,0.06666666666666667,0.0,0.0,0.20666666666666664,1.0,13.844238732034574,0.0,0.0,0.0,2.0,0.06666666666666667,0.0,0.0,0.0,1.0,13.834874095458073,0.0,0.0,0.0,2.0,0.06666666666666667,0.0,0.0,0.0,2.0,5.991471132111037,10.575,21.15,1.0,0.0,0.06666666666666667,0.0,0.0,0.29499999999999993,2.0,19.75,2.0,19.55,2.0,19.55,2.0,21.325,2.0,19.85,1.0,7.6,0.0,0.0,0.0,0.0,1.0,0.0,0.0,0.0,0.0,0.0,1.0,0.0
light_seed1,light,1,356.25,371.25,20.0,8.81026104656286,8.5125,7.0,20.19999999999999,2.0,5.997262196898228,12.75,25.5,1.0,0.0,0.06666666666666667,0.0,0.0,0.15,2.0,5.987207404189976,12.55,25.1,1.0,0.0,0.06666666666666667,0.0,0.0,0.1633333333333334,2.0,7.904356403925658,10.175,20.35,1.0,0.0,0.06666666666666667,0.0,0.0,0.3216666666666667,2.0,6.304069819624215,13.325,26.65,1.0,0.0,0.06666666666666667,0.0,0.0,0.1116666666666666,2.0,5.524307037990035,12.85,25.7,1.0,0.0,0.06666666666666667,0.0,0.0,0.14333333333333337,1.0,11.994470531470142,0.0,0.0,0.0,0.0,0.06666666666666667,0.0,0.0,0.0,1.0,16.605431224707516,0.0,0.0,0.0,2.0,0.06666666666666667,0.0,0.0,0.0,1.0,13.352215525128692,0.0,0.0,0.0,2.0,0.06666666666666667,0.0,0.0,0.0,2.0,8.307476855125724,12.4,24.8,1.0,0.0,0.06666666666666667,0.0,0.0,0.1733333333333333,1.0,13.844188809520565,0.0,0.0,0.0,2.0,0.06666666666666667,0.0,0.0,0.0,1.0,13.855729252067395,0.0,0.0,0.0,2.0,0.06666666666666667,0.0,0.0,0.0,2.0,5.993723288937471,11.075,22.15,1.0,0.0,0.06666666666666667,0.0,0.0,0.2616666666666666,2.0,20.65,2.0,20.45,2.0,20.55,2.0,22.325,2.0,20.425,1.0,8.6,0.0,0.0,0.0,0.0,1.0,0.0,0.0,0.0,0.0,0.0,1.0,0.0
light_seed1,light,1,357.25,372.25,19.0,8.336585549109083,9.328947368421053,7.0,21.19999999999999,2.0,5.998364359654952,13.25,26.5,1.0,0.0,0.06666666666666667,0.0,0.0,0.11666666666666667,2.0,5.994094285637839,13.05,26.1,1.0,0.0,0.06666666666666667,0.0,0.0,0.13000000000000006,2.0,7.896513332669825,10.675,21.35,1.0,0.0,0.06666666666666667,0.0,0.0,0.2883333333333334,2.0,6.287897727802425,13.825,27.65,1.0,0.0,0.06666666666666667,0.0,0.0,0.07833333333333327,2.0,5.510822063859047,13.35,26.7,1.0,0.0,0.06666666666666667,0.0,0.0,0.11000000000000003,1.0,11.994635446965695,0.0,0.0,0.0,0.0,0.06666666666666667,0.0,0.0,0.0,1.0,13.423070794170917,0.0,0.0,0.0,2.0,0.06666666666666667,0.0,0.0,0.0,1.0,13.358271437865495,0.0,0.0,0.0,2.0,0.06666666666666667,0.0,0.0,0.0,2.0,8.270207981734051,12.9,25.8,1.0,0.0,0.06666666666666667,0.0,0.0,0.13999999999999999,1.0,13.841851286193124,0.0,0.0,0.0,2.0,0.06666666666666667,0.0,0.0,0.0,1.0,13.873459569010883,0.0,0.0,0.0,2.0,0.06666666666666667,0.0,0.0,0.0,2.0,5.994018698075088,11.575,23.15,1.0,0.0,0.06666666666666667,0.0,0.0,0.22833333333333325,2.0,21.65,2.0,21.45,2.0,21.55,2.0,23.325,2.0,21.425,1.0,9.6,0.0,0.0,0.0,0.0,0.0,0.0,0.0,0.0,0.0,0.0,0.0,0.0
light_seed1,light,1,358.25,373.25,19.0,8.276077111719102,9.697368421052632,7.0,22.19999999999999,2.0,5.985816635139054,13.75,27.5,1.0,0.0,0.06666666666666667,0.0,0.0,0.08333333333333333,2.0,5.997504967174027,13.55,27.1,1.0,0.0,0.06666666666666667,0.0,0.0,0.09666666666666673,2.0,7.888743052854404,11.175,22.35,1.0,0.0,0.06666666666666667,0.0,0.0,0.25500000000000006,2.0,6.280920671805302,14.325,28.65,1.0,0.0,0.06666666666666667,0.0,0.0,0.04499999999999993,2.0,5.5157373143476045,13.85,27.7,1.0,0.0,0.06666666666666667,0.0,0.0,0.07666666666666669,1.0,11.994524818591309,0.0,0.0,0.0,0.0,0.06666666666666667,0.0,0.0,0.0,0.0,0.0,0.0,0.0,0.0,2.0,0.0,0.0,0.0,0.0,1.0,13.426141070243716,0.0,0.0,0.0,2.0,0.06666666666666667,0.0,0.0,0.0,2.0,8.27185852875215,13.4,26.8,1.0,0.0,0.06666666666666667,0.0,0.0,0.10666666666666665,1.0,13.873331279963022,0.0,0.0,0.0,2.0,0.06666666666666667,0.0,0.0,0.0,1.0,13.851192505444633,0.0,0.0,0.0,2.0,0.06666666666666667,0.0,0.0,0.0,2.0,5.986497845541453,12.075,24.15,1.0,0.0,0.06666666666666667,0.0,0.0,0.19499999999999992,2.0,22.65,2.0,22.45,2.0,22.55,2.0,24.325,2.0,22.425,1.0,10.6,0.0,0.0,0.0,0.0,0.0,0.0,0.0,0.0,0.0,0.0,0.0,0.0
light_seed1,light,1,359.25,374.25,19.0,7.825440104612795,10.06578947368421,7.0,23.19999999999999,2.0,5.988806121032685,14.25,28.5,1.0,0.0,0.06666666666666667,0.0,0.0,0.05,2.0,5.992917094852309,14.05,28.1,1.0,0.0,0.06666666666666667,0.0,0.0,0.06333333333333341,2.0,6.877731009298295,11.675,23.35,1.0,0.0,0.06666666666666667,0.0,0.0,0.22166666666666673,2.0,6.285053671871806,14.825,29.65,1.0,0.0,0.06666666666666667,0.0,0.0,0.011666666666666596,2.0,5.521135436712027,14.35,28.7,1.0,0.0,0.06666666666666667,0.0,0.0,0.043333333333333356,1.0,11.98046993177617,0.0,0.0,0.0,0.0,0.06666666666666667,0.0,0.0,0.0,0.0,0.0,0.0,0.0,0.0,2.0,0.0,0.0,0.0,0.0,1.0,13.387304735698551,0.0,0.0,0.0,2.0,0.06666666666666667,0.0,0.0,0.0,2.0,6.144468875529316,13.9,27.8,1.0,0.0,0.06666666666666667,0.0,0.0,0.0733333333333333,1.0,11.549591616055137,0.0,0.0,0.0,2.0,0.06666666666666667,0.0,0.0,0.0,1.0,13.880474471080817,0.0,0.0,0.0,2.0,0.06666666666666667,0.0,0.0,0.0,2.0,5.98698791228584,12.575,25.15,1.0,0.0,0.06666666666666667,0.0,0.0,0.1616666666666666,2.0,23.65,2.0,23.45,2.0,23.55,2.0,25.325,2.0,23.425,1.0,11.6,0.0,0.0,0.0,0.0,0.0,0.0,0.0,0.0,0.0,0.0,0.0,0.0
light_seed1,light,1,360.25,375.25,19.0,7.356734958093938,10.43421052631579,7.0,24.19999999999999,2.0,5.992336479574442,14.75,29.5,1.0,0.0,0.06666666666666667,0.0,0.0,0.016666666666666666,2.0,5.989910690328106,14.55,29.1,1.0,0.0,0.06666666666666667,0.0,0.0,0.030000000000000072,2.0,4.867481230922277,12.175,24.35,1.0,0.0,0.06666666666666667,0.0,0.0,0.1883333333333334,2.0,6.277231214549188,15.325,30.65,1.0,0.0,0.06666666666666667,0.0,0.0,-0.021666666666666737,2.0,5.513353413843976,14.85,29.7,1.0,0.0,0.06666666666666667,0.0,0.0,0.010000000000000024,1.0,9.766970750373119,0.0,0.0,0.0,0.0,0.06666666666666667,0.0,0.0,0.0,0.0,0.0,0.0,0.0,0.0,2.0,0.0,0.0,0.0,0.0,0.0,0.0,0.0,0.0,0.0,2.0,0.0,0.0,0.0,0.0,2.0,4.172939308554609,14.4,28.8,1.0,0.0,0.06666666666666667,0.0,0.0,0.03999999999999997,0.0,0.0,0.0,0.0,0.0,2.0,0.0,0.0,0.0,0.0,0.0,0.0,0.0,0.0,0.0,2.0,0.0,0.0,0.0,0.0,2.0,5.993083463301883,13.075,26.15,1.0,0.0,0.06666666666666667,0.0,0.0,0.12833333333333327,2.0,24.65,2.0,24.45,2.0,24.55,2.0,26.325,2.0,24.425,1.0,12.6,0.0,0.0,0.0,0.0,0.0,0.0,0.0,0.0,0.0,0.0,0.0,0.0
light_seed1,light,1,361.25,376.25,19.0,6.813907407829104,10.802631578947368,7.0,25.19999999999999,2.0,5.989307316038758,15.25,30.5,1.0,0.0,0.06666666666666667,0.0,0.0,-0.016666666666666666,2.0,5.9894968336075545,15.05,30.1,1.0,0.0,0.06666666666666667,0.0,0.0,-0.0033333333333332624,2.0,3.0988650013135617,12.675,25.35,1.0,0.0,0.06666666666666667,0.0,0.0,0.15500000000000008,2.0,5.61018045372623,15.825,31.65,1.0,0.0,0.06666666666666667,0.0,0.0,-0.05499999999999995,2.0,5.522834005815636,15.35,30.7,1.0,0.0,0.06666666666666667,0.0,0.0,-0.02333333333333331,1.0,5.7669707503731225,0.0,0.0,0.0,0.0,0.06666666666666667,0.0,0.0,0.0,0.0,0.0,0.0,0.0,0.0,2.0,0.0,0.0,0.0,0.0,0.0,0.0,0.0,0.0,0.0,2.0,0.0,0.0,0.0,0.0,2.0,2.5054292971315393,14.9,29.8,1.0,0.0,0.06666666666666667,0.0,0.0,0.006666666666666643,0.0,0.0,0.0,0.0,0.0,2.0,0.0,0.0,0.0,0.0,0.0,0.0,0.0,0.0,0.0,2.0,0.0,0.0,0.0,0.0,2.0,5.991960263131187,13.575,27.15,1.0,0.0,0.06666666666666667,0.0,0.0,0.09499999999999993,2.0,25.65,2.0,25.45,2.0,25.55,2.0,27.325,2.0,25.425,1.0,13.6,0.0,0.0,0.0,0.0,0.0,0.0,0.0,0.0,0.0,0.0,0.0,0.0
light_seed1,light,1,362.25,377.25,19.0,5.928912293166093,11.171052631578947,7.0,26.19999999999999,2.0,4.9496418717604005,15.75,31.5,1.0,0.0,0.0,0.0,0.0,0.5,2.0,4.962604274527486,15.55,31.1,1.0,0.0,0.0,0.0,0.0,0.5,2.0,1.62321822239378,13.175,26.35,1.0,0.0,0.0,0.0,0.0,0.5000000000000001,2.0,4.054848734347697,16.325,32.65,1.0,0.0,0.0,0.0,0.0,0.5,2.0,5.511079740836246,15.85,31.7,1.0,0.0,0.0,0.0,0.0,0.5,1.0,1.7713207973548253,0.0,0.0,0.0,0.0,0.0,0.0,0.0,0.0,0.0,0.0,0.0,0.0,0.0,2.0,0.0,0.06666666666666667,0.0,0.0,0.0,0.0,0.0,0.0,0.0,2.0,0.0,0.06666666666666667,0.0,0.0,2.0,1.2174440926339862,15.4,30.8,1.0,0.0,0.0,0.0,0.0,0.5,0.0,0.0,0.0,0.0,0.0,2.0,0.0,0.06666666666666667,0.0,0.0,0.0,0.0,0.0,0.0,0.0,2.0,0.0,0.06666666666666667,0.0,0.0,2.0,4.9086708185930314,14.075,28.15,1.0,0.0,0.0,0.0,0.0,0.49999999999999994,2.0,26.65,2.0,26.45,2.0,26.55,2.0,28.325,2.0,26.425,1.0,14.6,0.0,0.0,0.0,0.0,0.0,0.0,0.0,0.0,0.0,0.0,0.0,0.0
light_seed1,light,1,363.25,378.25,19.0,5.076741788809523,11.571052631578947,8.0,27.19999999999999,2.0,3.683476795530776,16.25,32.5,1.0,0.0,0.0,0.0,0.0,0.5,2.0,3.701058463493808,16.05,32.1,1.0,0.0,0.0,0.0,0.0,0.5,2.0,0.7180868231372377,13.675,27.35,1.0,0.0,0.0,0.0,0.0,0.5000000000000001,2.0,2.6723524476578313,16.825,33.65,1.0,0.0,0.0,0.0,0.0,0.5,2.0,4.468503239993066,16.35,32.7,1.0,0.0,0.0,0.0,0.0,0.5000000000000001,1.0,0.0,0.6,0.6,1.0,0.0,0.0,0.0,0.06666666666666667,0.04,0.0,0.0,0.0,0.0,0.0,2.0,0.0,0.06666666666666667,0.0,0.0,0.0,0.0,0.0,0.0,0.0,2.0,0.0,0.06666666666666667,0.0,0.0,2.0,0.480376245385795,15.9,31.8,1.0,0.0,0.0,0.0,0.0,0.5,0.0,0.0,0.0,0.0,0.0,2.0,0.0,0.06666666666666667,0.0,0.0,0.0,0.0,0.0,0.0,0.0,2.0,0.0,0.06666666666666667,0.0,0.0,2.0,3.6465683080271525,14.575,29.15,1.0,0.0,0.0,0.0,0.0,0.49999999999999994,2.0,27.65,2.0,27.45,2.0,27.55,2.0,29.325,2.0,27.425,1.0,15.6,0.0,0.0,0.0,0.0,0.0,0.0,0.0,0.0,0.0,0.0,0.0,0.0
light_seed1,light,1,364.25,379.25,19.0,4.396898687324959,11.992105263157894,8.0,28.19999999999999,2.0,2.5781946828721476,16.75,33.5,1.0,0.0,0.0,0.0,0.0,0.5,2.0,2.6024398350291977,16.55,33.1,1.0,0.0,0.0,0.0,0.0,0.5,2.0,0.24254687532954333,14.175,28.35,1.0,0.0,0.0,0.0,0.0,0.5000000000000001,2.0,1.566370233691333,17.325,34.65,1.0,0.0,0.0,0.0,0.0,0.5,2.0,3.2535079660671853,16.85,33.7,1.0,0.0,0.0,0.0,0.0,0.5000000000000001,1.0,0.0,1.6,1.6,1.0,0.0,0.0,0.0,0.06666666666666667,0.10666666666666667,0.0,0.0,0.0,0.0,0.0,2.0,0.0,0.06666666666666667,0.0,0.0,0.0,0.0,0.0,0.0,0.0,2.0,0.0,0.06666666666666667,0.0,0.0,2.0,0.15233611769218824,16.4,32.8,1.0,0.0,0.0,0.0,0.0,0.4999999999999999,0.0,0.0,0.0,0.0,0.0,2.0,0.0,0.06666666666666667,0.0,0.0,0.0,0.0,0.0,0.0,0.0,2.0,0.0,0.06666666666666667,0.0,0.0,2.0,2.5423886019757527,15.075,30.15,1.0,0.0,0.0,0.0,0.0,0.49999999999999994,2.0,28.65,2.0,28.450000000000003,2.0,28.55,2.0,30.325,2.0,28.425,1.0,16.6,0.0,0.0,0.0,0.0,0.0,0.0,0.0,0.0,0.0,0.0,0.0,0.0
light_seed1,light,1,365.25,380.25,19.0,3.893542452051064,12.421052631578947,9.0,29.19999999999999,2.0,1.679615109722676,17.25,34.5,1.0,0.0,0.0,0.0,0.0,0.5,2.0,1.6863613813870404,17.05,34.1,1.0,0.0,0.0,0.0,0.0,0.5,2.0,0.06929262399078938,14.675,29.35,1.0,0.0,0.0,0.0,0.0,0.5000000000000001,2.0,0.7966277287481587,17.825,35.65,1.0,0.0,0.0,0.0,0.0,0.5,2.0,2.221715451714418,17.35,34.7,1.0,0.0,0.0,0.0,0.0,0.5000000000000001,1.0,0.0,2.6,2.6,1.0,0.0,0.0,0.0,0.06666666666666667,0.17333333333333334,0.0,0.0,0.0,0.0,0.0,2.0,0.0,0.06666666666666667,0.0,0.0,0.0,0.0,0.0,0.0,0.0,2.0,0.0,0.06666666666666667,0.0,0.0,2.0,0.044051814190507264,16.974999999999998,33.8,2.0,0.0,0.0,0.0,0.06666666666666667,0.5049999999999998,0.0,0.0,0.0,0.0,0.0,2.0,0.0,0.06666666666666667,0.0,0.0,0.0,0.0,0.0,0.0,0.0,2.0,0.0,0.06666666666666667,0.0,0.0,2.0,1.6451857128383083,15.575,31.15,1.0,0.0,0.0,0.0,0.0,0.5,2.0,29.65,2.0,29.450000000000003,2.0,29.55,2.0,31.325,2.0,29.425,1.0,17.6,0.0,0.0,0.0,0.0,0.0,0.0,0.0,0.0,0.0,0.0,0.0,0.0
light_seed1,light,1,366.25,381.25,19.0,3.534839975717975,12.93421052631579,10.0,0.19999999999998863,2.0,0.9842520720223193,17.75,35.5,1.0,0.0,0.0,0.0,0.0,0.5,2.0,0.9915090937675004,17.55,35.1,1.0,0.0,0.0,0.0,0.0,0.5,2.0,0.019482823337334775,15.55,30.35,2.0,0.0,0.0,0.0,0.06666666666666667,0.525,2.0,0.3503054124444084,18.325,36.65,1.0,0.0,0.0,0.0,0.0,0.5,2.0,1.3887879510506613,17.85,35.7,1.0,0.0,0.0,0.0,0.0,0.5000000000000001,1.0,0.0,3.6,3.6,1.0,0.0,0.0,0.0,0.06666666666666667,0.24000000000000002,0.0,0.0,0.0,0.0,0.0,1.0,0.0,0.06666666666666667,0.0,0.0,0.0,0.0,0.0,0.0,0.0,1.0,0.0,0.06666666666666667,0.0,0.0,2.0,0.012468861414666339,17.974999999999998,34.8,2.0,0.0,0.0,0.0,0.06666666666666667,0.5383333333333332,0.0,0.0,0.0,0.0,0.0,1.0,0.0,0.06666666666666667,0.0,0.0,0.0,0.0,0.0,0.0,0.0,1.0,0.0,0.06666666666666667,0.0,0.0,2.0,0.9758766476852317,16.075,32.15,1.0,0.0,0.0,0.0,0.0,0.5,2.0,30.65,2.0,30.450000000000003,2.0,30.55,2.0,32.325,2.0,30.425,1.0,18.6,0.0,0.0,0.0,0.0,0.0,0.0,0.0,0.0,0.0,0.0,0.0,0.0
light_seed1,light,1,367.25,382.25,19.0,3.308723056102514,13.460526315789474,10.0,1.1999999999999886,2.0,0.5333581135110557,18.25,36.5,1.0,0.0,0.0,0.0,0.0,0.5,2.0,0.5440716226014068,18.05,36.1,1.0,0.0,0.0,0.0,0.0,0.5,2.0,0.005571126209709823,16.55,31.35,2.0,0.0,0.0,0.0,0.06666666666666667,0.5583333333333333,2.0,0.1392588482020179,18.825,37.65,1.0,0.0,0.0,0.0,0.0,0.5,2.0,0.794655957255602,18.35,36.7,1.0,0.0,0.0,0.0,0.0,0.5000000000000001,1.0,0.0,4.6,4.6,1.0,0.0,0.0,0.0,0.06666666666666667,0.30666666666666664,0.0,0.0,0.0,0.0,0.0,1.0,0.0,0.06666666666666667,0.0,0.0,0.0,0.0,0.0,0.0,0.0,1.0,0.0,0.06666666666666667,0.0,0.0,2.0,0.0034591313850093944,18.974999999999998,35.8,2.0,0.0,0.0,0.0,0.06666666666666667,0.5716666666666665,0.0,0.0,0.0,0.0,0.0,1.0,0.0,0.06666666666666667,0.0,0.0,0.0,0.0,0.0,0.0,0.0,1.0,0.0,0.06666666666666667,0.0,0.0,2.0,0.5251890472409928,16.575,33.15,1.0,0.0,0.0,0.0,0.0,0.5,2.0,31.65,2.0,31.450000000000003,2.0,31.55,2.0,33.325,2.0,31.425,1.0,19.6,0.0,0.0,0.0,0.0,0.0,0.0,0.0,0.0,0.0,0.0,0.0,0.0
light_seed1,light,1,368.25,383.25,19.0,3.1720178581777305,13.986842105263158,10.0,2.1999999999999886,2.0,0.26909824188382403,18.75,37.5,1.0,0.0,0.0,0.0,0.0,0.5,2.0,0.27274028243194254,18.55,37.1,1.0,0.0,0.0,0.0,0.0,0.5,2.0,0.001581036050084144,17.55,32.35,2.0,0.0,0.0,0.0,0.06666666666666667,0.5916666666666667,2.0,0.051223844246171935,19.325,38.65,1.0,0.0,0.0,0.0,0.0,0.5,2.0,0.4167862154706849,18.85,37.7,1.0,0.0,0.0,0.0,0.0,0.5000000000000001,1.0,0.0,5.6,5.6,1.0,0.0,0.0,0.0,0.06666666666666667,0.3733333333333333,0.0,0.0,0.0,0.0,0.0,1.0,0.0,0.06666666666666667,0.0,0.0,0.0,0.0,0.0,0.0,0.0,1.0,0.0,0.06666666666666667,0.0,0.0,2.0,0.000979440359914214,19.974999999999998,36.8,2.0,0.0,0.0,0.0,0.06666666666666667,0.6049999999999999,0.0,0.0,0.0,0.0,0.0,1.0,0.0,0.06666666666666667,0.0,0.0,0.0,0.0,0.0,0.0,0.0,1.0,0.0,0.06666666666666667,0.0,0.0,2.0,0.26604160153546313,17.075,34.15,1.0,0.0,0.0,0.0,0.0,0.5,2.0,32.65,2.0,32.45,2.0,32.55,2.0,34.325,2.0,32.425000000000004,1.0,20.6,0.0,0.0,0.0,0.0,0.0,0.0,0.0,0.0,0.0,0.0,0.0,0.0
light_seed1,light,1,369.25,384.25,19.0,3.1900013745322084,10.507894736842106,8.0,0.19999999999998863,2.0,0.12892088818066816,19.25,38.5,1.0,0.0,0.0,0.0,0.0,0.5,2.0,0.13131509102432667,19.05,38.1,1.0,0.0,0.0,0.0,0.0,0.5,2.0,0.00043935806492941025,18.55,33.35,2.0,0.0,0.0,0.0,0.06666666666666667,0.625,2.0,0.018469073049854567,20.325,39.65,2.0,0.0,0.0,0.0,0.06666666666666667,0.5333333333333333,2.0,0.20530215387043985,19.35,38.7,1.0,0.0,0.0,0.0,0.0,0.5000000000000001,1.0,0.0,6.6,6.6,1.0,0.0,0.0,0.0,0.06666666666666667,0.44,0.0,0.0,0.0,0.0,0.0,0.0,0.0,0.06666666666666667,0.0,0.0,0.0,0.0,0.0,0.0,0.0,0.0,0.0,0.06666666666666667,0.0,0.0,2.0,0.49088548784720487,0.0,0.0,0.0,2.0,0.0,0.0,-0.06666666666666667,-0.76,0.0,0.0,0.0,0.0,0.0,0.0,0.0,0.06666666666666667,0.0,0.0,0.0,0.0,0.0,0.0,0.0,0.0,0.0,0.06666666666666667,0.0,0.0,2.0,0.49489270935498064,0.0,0.0,0.0,2.0,0.0,0.0,-0.06666666666666667,-0.6716666666666666,2.0,6.9,2.0,6.9,2.0,33.55,2.0,0.0,2.0,6.575,1.0,21.6,0.0,0.0,0.0,0.0,0.0,0.0,0.0,0.0,0.0,0.0,0.0,0.0
light_seed1,light,1,370.25,385.25,18.0,2.8922062931058137,11.536111111111111,8.0,1.1999999999999886,2.0,0.05991906629706114,19.75,39.5,1.0,0.0,0.0,0.0,0.0,0.5,2.0,0.06040453404792127,19.55,39.1,1.0,0.0,0.0,0.0,0.0,0.5,2.0,0.00012180045476686469,19.55,34.35,2.0,0.0,0.0,0.0,0.06666666666666667,0.6583333333333333,2.0,0.0066808582814798356,21.325,40.65,2.0,0.0,0.0,0.0,0.06666666666666667,0.5666666666666667,2.0,0.0969424518158728,19.85,39.7,1.0,0.0,0.0,0.0,0.0,0.5000000000000001,1.0,0.0,7.6,7.6,1.0,0.0,0.0,0.0,0.06666666666666667,0.5066666666666666,0.0,0.0,0.0,0.0,0.0,0.0,0.0,0.06666666666666667,0.0,0.0,0.0,0.0,0.0,0.0,0.0,0.0,0.0,0.06666666666666667,0.0,0.0,1.0,2.2661003490780525,0.0,0.0,0.0,2.0,0.0,0.06666666666666667,-0.06666666666666667,-0.7933333333333333,0.0,0.0,0.0,0.0,0.0,0.0,0.0,0.06666666666666667,0.0,0.0,0.0,0.0,0.0,0.0,0.0,0.0,0.0,0.06666666666666667,0.0,0.0,1.0,1.571938066283574,0.0,0.0,0.0,2.0,0.0,0.06666666666666667,-0.06666666666666667,-0.705,1.0,0.0,1.0,0.0,2.0,34.55,1.0,0.0,1.0,0.0,1.0,22.6,0.0,0.0,0.0,0.0,0.0,0.0,0.0,0.0,0.0,0.0,0.0,0.0
light_seed1,light,1,371.25,386.25,18.0,3.347850069496331,12.077777777777778,11.0,2.1999999999999886,2.0,0.027632675593884853,20.65,40.5,2.0,0.0,0.0,0.0,0.06666666666666667,0.5266666666666666,2.0,0.027906416516048943,20.45,40.1,2.0,0.0,0.0,0.0,0.06666666666666667,0.5266666666666666,2.0,3.450515181176497e-05,20.55,35.35,2.0,0.0,0.0,0.0,0.06666666666666667,0.6916666666666667,2.0,0.002417403397470269,22.325,41.65,2.0,0.0,0.0,0.0,0.06666666666666667,0.6,2.0,0.04469007690358936,20.425,40.7,2.0,0.0,0.0,0.0,0.06666666666666667,0.5050000000000001,1.0,0.0,8.6,8.6,1.0,0.0,0.0,0.0,0.06666666666666667,0.5733333333333334,0.0,0.0,0.0,0.0,0.0,0.0,0.0,0.06666666666666667,0.0,0.0,0.0,0.0,0.0,0.0,0.0,0.0,0.0,0.06666666666666667,0.0,0.0,1.0,4.301979441401289,0.0,0.0,0.0,2.0,0.0,0.06666666666666667,-0.06666666666666667,-0.8266666666666667,0.0,0.0,0.0,0.0,0.0,0.0,0.0,0.06666666666666667,0.0,0.0,0.0,0.0,0.0,0.0,0.0,0.0,0.0,0.06666666666666667,0.0,0.0,1.0,3.302719059701085,0.0,0.0,0.0,2.0,0.0,0.06666666666666667,-0.06666666666666667,-0.7383333333333333,1.0,0.0,1.0,0.0,2.0,35.55,1.0,0.0,1.0,0.0,1.0,23.6,0.0,0.0,0.0,0.0,0.0,0.0,0.0,0.0,0.0,0.0,0.0,0.0
light_seed1,light,1,372.25,387.25,18.0,3.811277836558157,12.68888888888889,11.0,3.1999999999999886,2.0,0.012708459072819193,21.65,41.5,2.0,0.0,0.0,0.0,0.06666666666666667,0.5599999999999999,2.0,0.012674584921556058,21.45,41.1,2.0,0.0,0.0,0.0,0.06666666666666667,0.5599999999999999,2.0,9.870785625741811e-06,21.55,36.35,2.0,0.0,0.0,0.0,0.06666666666666667,0.725,2.0,0.0008834627440412927,23.325,42.65,2.0,0.0,0.0,0.0,0.06666666666666667,0.6333333333333333,2.0,0.02074518887380322,21.425,41.7,2.0,0.0,0.0,0.0,0.06666666666666667,0.5383333333333334,1.0,0.0,9.6,9.6,1.0,0.0,0.0,0.0,0.06666666666666667,0.64,0.0,0.0,0.0,0.0,0.0,0.0,0.0,0.06666666666666667,0.0,0.0,0.0,0.0,0.0,0.0,0.0,0.0,0.0,0.06666666666666667,0.0,0.0,0.0,0.0,0.0,0.0,0.0,2.0,0.0,0.13333333333333333,-0.06666666666666667,-0.86,0.0,0.0,0.0,0.0,0.0,0.0,0.0,0.06666666666666667,0.0,0.0,0.0,0.0,0.0,0.0,0.0,0.0,0.0,0.06666666666666667,0.0,0.0,0.0,0.0,0.0,0.0,0.0,2.0,0.0,0.13333333333333333,-0.06666666666666667,-0.7716666666666666,0.0,0.0,0.0,0.0,2.0,36.55,0.0,0.0,0.0,0.0,1.0,24.6,0.0,0.0,0.0,0.0,0.0,0.0,0.0,0.0,0.0,0.0,0.0,0.0
light_seed1,light,1,373.25,388.25,18.0,4.282974878349195,13.3,11.0,4.199999999999989,2.0,0.00583494012290352,22.65,42.5,2.0,0.0,0.0,0.0,0.06666666666666667,0.5933333333333333,2.0,0.005818880103057129,22.45,42.1,2.0,0.0,0.0,0.0,0.06666666666666667,0.5933333333333333,2.0,2.7126782037607314e-06,22.55,37.35,2.0,0.0,0.0,0.0,0.06666666666666667,0.7583333333333333,2.0,0.0003170020116396083,24.325,43.65,2.0,0.0,0.0,0.0,0.06666666666666667,0.6666666666666666,2.0,0.00945644722240853,22.425,42.7,2.0,0.0,0.0,0.0,0.06666666666666667,0.5716666666666668,1.0,0.0,10.6,10.6,1.0,0.0,0.0,0.0,0.06666666666666667,0.7066666666666667,0.0,0.0,0.0,0.0,0.0,0.0,0.0,0.0,0.0,0.0,0.0,0.0,0.0,0.0,0.0,0.0,0.0,0.06666666666666667,0.0,0.0,0.0,0.0,0.0,0.0,0.0,2.0,0.0,0.13333333333333333,-0.06666666666666667,-0.8933333333333333,0.0,0.0,0.0,0.0,0.0,0.0,0.0,0.06666666666666667,0.0,0.0,0.0,0.0,0.0,0.0,0.0,0.0,0.0,0.06666666666666667,0.0,0.0,0.0,0.0,0.0,0.0,0.0,2.0,0.0,0.13333333333333333,-0.06666666666666667,-0.8049999999999999,0.0,0.0,0.0,0.0,2.0,37.55,0.0,0.0,0.0,0.0,1.0,25.6,0.0,0.0,0.0,0.0,0.0,0.0,0.0,0.0,0.0,0.0,0.0,0.0
light_seed1,light,1,374.25,389.25,18.0,4.720169973248806,13.911111111111111,11.0,5.199999999999989,2.0,0.0026513589081370065,23.65,43.5,2.0,0.0,0.0,0.0,0.06666666666666667,0.6266666666666666,2.0,0.0027010284073157873,23.45,43.1,2.0,0.0,0.0,0.0,0.06666666666666667,0.6266666666666666,2.0,0.0,23.55,38.35,2.0,0.0,0.0,0.0,0.06666666666666667,0.7916666666666666,2.0,0.00011589247400416159,25.325,44.65,2.0,0.0,0.0,0.0,0.06666666666666667,0.7,2.0,0.004354822213631724,23.425,43.7,2.0,0.0,0.0,0.0,0.06666666666666667,0.6050000000000001,1.0,0.0,11.6,11.6,1.0,0.0,0.0,0.0,0.06666666666666667,0.7733333333333333,0.0,0.0,0.0,0.0,0.0,0.0,0.0,0.0,0.0,0.0,0.0,0.0,0.0,0.0,0.0,0.0,0.0,0.06666666666666667,0.0,0.0,0.0,0.0,0.0,0.0,0.0,2.0,0.0,0.13333333333333333,-0.06666666666666667,-0.9266666666666666,0.0,0.0,0.0,0.0,0.0,0.0,0.0,0.06666666666666667,0.0,0.0,0.0,0.0,0.0,0.0,0.0,0.0,0.0,0.06666666666666667,0.0,0.0,0.0,0.0,0.0,0.0,0.0,2.0,0.0,0.13333333333333333,-0.06666666666666667,-0.8383333333333333,0.0,0.0,0.0,0.0,2.0,38.55,0.0,0.0,0.0,0.0,1.0,26.6,0.0,0.0,0.0,0.0,0.0,0.0,0.0,0.0,0.0,0.0,0.0,0.0
light_seed1,light,1,375.25,390.25,17.0,4.490614625514487,15.376470588235293,11.0,6.199999999999989,2.0,0.001218004475561368,24.65,44.5,2.0,0.0,0.0,0.0,0.06666666666666667,0.6599999999999999,2.0,0.0012327786304169842,24.45,44.1,2.0,0.0,0.0,0.0,0.06666666666666667,0.6599999999999999,2.0,0.0,24.55,39.35,2.0,0.0,0.0,0.0,0.06666666666666667,0.825,2.0,4.221353482150324e-05,26.325,45.65,2.0,0.0,0.0,0.0,0.06666666666666667,0.7333333333333333,2.0,0.0019983893027088603,24.425,44.7,2.0,0.0,0.0,0.0,0.06666666666666667,0.6383333333333334,1.0,0.0,12.6,12.6,1.0,0.0,0.0,0.0,0.06666666666666667,0.84,0.0,0.0,0.0,0.0,0.0,0.0,0.0,0.0,0.0,0.0,0.0,0.0,0.0,0.0,0.0,0.0,0.0,0.0,0.0,0.0,0.0,0.0,0.0,0.0,0.0,2.0,0.0,0.13333333333333333,-0.06666666666666667,-0.9600000000000001,0.0,0.0,0.0,0.0,0.0,0.0,0.0,0.0,0.0,0.0,0.0,0.0,0.0,0.0,0.0,0.0,0.0,0.0,0.0,0.0,0.0,0.0,0.0,0.0,0.0,2.0,0.0,0.13333333333333333,-0.06666666666666667,-0.8716666666666666,0.0,0.0,0.0,0.0,2.0,39.55,0.0,0.0,0.0,0.0,1.0,27.6,0.0,0.0,0.0,0.0,0.0,0.0,0.0,0.0,0.0,0.0,0.0,0.0
light_seed1,light,1,376.25,391.25,16.0,4.068531283888272,17.025,11.0,7.199999999999989,2.0,0.0005627106230238828,25.65,45.5,2.0,0.0,0.0,0.0,0.06666666666666667,0.6933333333333332,2.0,0.000568449956722426,25.45,45.1,2.0,0.0,0.0,0.0,0.06666666666666667,0.6933333333333332,2.0,0.0,25.55,40.35,2.0,0.0,0.0,0.0,0.06666666666666667,0.8583333333333333,2.0,1.5295038493254396e-05,27.325,46.65,2.0,0.0,0.0,0.0,0.06666666666666667,0.7666666666666667,2.0,0.0009153773681940136,25.425,45.7,2.0,0.0,0.0,0.0,0.06666666666666667,0.6716666666666667,1.0,0.0,13.6,13.6,1.0,0.0,0.0,0.0,0.06666666666666667,0.9066666666666666,0.0,0.0,0.0,0.0,0.0,0.0,0.0,0.0,0.0,0.0,0.0,0.0,0.0,0.0,0.0,0.0,0.0,0.0,0.0,0.0,0.0,0.0,0.0,0.0,0.0,2.0,0.0,0.13333333333333333,-0.06666666666666667,-0.9933333333333334,0.0,0.0,0.0,0.0,0.0,0.0,0.0,0.0,0.0,0.0,0.0,0.0,0.0,0.0,0.0,0.0,0.0,0.0,0.0,0.0,0.0,0.0,0.0,0.0,0.0,2.0,0.0,0.13333333333333333,-0.06666666666666667,-0.9049999999999999,0.0,0.0,0.0,0.0,2.0,40.55,0.0,0.0,0.0,0.0,1.0,28.6,0.0,0.0,0.0,0.0,0.0,0.0,0.0,0.0,0.0,0.0,0.0,0.0
light_seed1,light,1,377.25,392.25,15.0,3.4515301428666927,18.89333333333333,11.0,8.199999999999989,2.0,0.0002573771170190625,26.65,46.5,2.0,0.0,0.0,0.0,0.06666666666666667,0.7266666666666666,2.0,0.00025983017276522667,26.45,46.1,2.0,0.0,0.0,0.0,0.06666666666666667,0.7266666666666666,2.0,0.0,26.55,41.35,2.0,0.0,0.0,0.0,0.06666666666666667,0.8916666666666667,2.0,5.581418119763809e-06,28.325,47.65,2.0,0.0,0.0,0.0,0.06666666666666667,0.8,2.0,0.0004210509684141114,26.425,46.7,2.0,0.0,0.0,0.0,0.06666666666666667,0.7050000000000001,1.0,0.0,14.6,14.6,1.0,0.0,0.0,0.0,0.06666666666666667,0.9733333333333333,0.0,0.0,0.0,0.0,0.0,0.0,0.0,0.0,0.0,0.0,0.0,0.0,0.0,0.0,0.0,0.0,0.0,0.0,0.0,0.0,0.0,0.0,0.0,0.0,0.0,2.0,0.0,0.13333333333333333,-0.06666666666666667,-1.0266666666666666,0.0,0.0,0.0,0.0,0.0,0.0,0.0,0.0,0.0,0.0,0.0,0.0,0.0,0.0,0.0,0.0,0.0,0.0,0.0,0.0,0.0,0.0,0.0,0.0,0.0,2.0,0.0,0.13333333333333333,-0.06666666666666667,-0.9383333333333332,0.0,0.0,0.0,0.0,2.0,41.55,0.0,0.0,0.0,0.0,1.0,29.6,0.0,0.0,0.0,0.0,0.0,0.0,0.0,0.0,0.0,0.0,0.0,0.0
light_seed1,light,1,378.25,393.25,15.0,3.4568756439123756,19.626666666666665,11.0,9.199999999999989,2.0,0.00011864834549352483,27.65,47.5,2.0,0.0,0.0,0.0,0.06666666666666667,0.7599999999999999,2.0,0.00012006757111987343,27.45,47.1,2.0,0.0,0.0,0.0,0.06666666666666667,0.7599999999999999,2.0,0.0,27.55,42.35,2.0,0.0,0.0,0.0,0.06666666666666667,0.925,2.0,0.0,29.325,48.65,2.0,0.0,0.0,0.0,0.06666666666666667,0.8333333333333334,2.0,0.00019278537749266436,27.425,47.7,2.0,0.0,0.0,0.0,0.06666666666666667,0.7383333333333333,1.0,0.0,15.6,15.6,1.0,0.0,0.0,0.0,0.0,1.0,0.0,0.0,0.0,0.0,0.0,0.0,0.0,0.0,0.0,0.0,0.0,0.0,0.0,0.0,0.0,0.0,0.0,0.0,0.0,0.0,0.0,0.0,0.0,0.0,0.0,2.0,0.0,0.13333333333333333,-0.06666666666666667,-1.06,0.0,0.0,0.0,0.0,0.0,0.0,0.0,0.0,0.0,0.0,0.0,0.0,0.0,0.0,0.0,0.0,0.0,0.0,0.0,0.0,0.0,0.0,0.0,0.0,0.0,2.0,0.0,0.13333333333333333,-0.06666666666666667,-0.9716666666666666,0.0,0.0,0.0,0.0,2.0,42.55,0.0,0.0,0.0,0.0,1.0,30.6,0.0,0.0,0.0,0.0,0.0,0.0,0.0,0.0,0.0,0.0,0.0,0.0
light_seed1,light,1,379.25,394.25,15.0,3.4573008723862197,20.360000000000003,11.0,10.199999999999989,2.0,5.439922727573865e-05,28.65,48.5,2.0,0.0,0.0,0.0,0.06666666666666667,0.7933333333333332,2.0,5.4527549907668766e-05,28.450000000000003,48.1,2.0,0.0,0.0,0.0,0.06666666666666667,0.7933333333333334,2.0,0.0,28.55,43.35,2.0,0.0,0.0,0.0,0.06666666666666667,0.9583333333333334,2.0,0.0,30.325,49.65,2.0,0.0,0.0,0.0,0.06666666666666667,0.8666666666666667,2.0,8.865209082120527e-05,28.425,48.7,2.0,0.0,0.0,0.0,0.06666666666666667,0.7716666666666666,1.0,0.0,16.6,16.6,1.0,0.0,0.0,0.0,0.0,1.0000000000000002,0.0,0.0,0.0,0.0,0.0,0.0,0.0,0.0,0.0,0.0,0.0,0.0,0.0,0.0,0.0,0.0,0.0,0.0,0.0,0.0,0.0,0.0,0.0,0.0,0.0,2.0,0.0,0.13333333333333333,-0.06666666666666667,-1.0933333333333333,0.0,0.0,0.0,0.0,0.0,0.0,0.0,0.0,0.0,0.0,0.0,0.0,0.0,0.0,0.0,0.0,0.0,0.0,0.0,0.0,0.0,0.0,0.0,0.0,0.0,2.0,0.0,0.13333333333333333,-0.06666666666666667,-1.005,0.0,0.0,0.0,0.0,2.0,43.55,0.0,0.0,0.0,0.0,1.0,31.6,0.0,0.0,0.0,0.0,0.0,0.0,0.0,0.0,0.0,0.0,0.0,0.0
light_seed1,light,1,380.25,395.25,15.0,3.459084615388227,21.093333333333337,11.0,11.199999999999989,2.0,2.4671269936750735e-05,29.65,49.5,2.0,0.0,0.0,0.0,0.06666666666666667,0.8266666666666665,2.0,2.5218567972801967e-05,29.450000000000003,49.1,2.0,0.0,0.0,0.0,0.06666666666666667,0.8266666666666668,2.0,0.0,29.55,44.35,2.0,0.0,0.0,0.0,0.06666666666666667,0.9916666666666667,2.0,0.0,31.325,50.65,2.0,0.0,0.0,0.0,0.06666666666666667,0.9,2.0,4.081567316080982e-05,29.425,49.7,2.0,0.0,0.0,0.0,0.06666666666666667,0.8049999999999999,1.0,0.0,17.6,17.6,1.0,0.0,0.0,0.0,0.0,1.0000000000000002,0.0,0.0,0.0,0.0,0.0,0.0,0.0,0.0,0.0,0.0,0.0,0.0,0.0,0.0,0.0,0.0,0.0,0.0,0.0,0.0,0.0,0.0,0.0,0.0,0.0,2.0,0.0,0.13333333333333333,-0.13333333333333333,-1.1316666666666666,0.0,0.0,0.0,0.0,0.0,0.0,0.0,0.0,0.0,0.0,0.0,0.0,0.0,0.0,0.0,0.0,0.0,0.0,0.0,0.0,0.0,0.0,0.0,0.0,0.0,2.0,0.0,0.13333333333333333,-0.06666666666666667,-1.0383333333333333,0.0,0.0,0.0,0.0,2.0,44.55,0.0,0.0,0.0,0.0,1.0,32.6,0.0,0.0,0.0,0.0,0.0,0.0,0.0,0.0,0.0,0.0,0.0,0.0
light_seed1,light,1,381.25,396.25,15.0,3.4682735832197937,21.826666666666668,11.0,0.19999999999998863,2.0,1.138793829607778e-05,30.65,50.5,2.0,0.0,0.0,0.0,0.06666666666666667,0.8599999999999999,2.0,1.1639964278593436e-05,30.450000000000003,50.1,2.0,0.0,0.0,0.0,0.06666666666666667,0.8600000000000001,2.0,0.0,30.55,45.35,2.0,0.0,0.0,0.0,0.0,1.0,2.0,0.0,32.325,51.65,2.0,0.0,0.0,0.0,0.06666666666666667,0.9333333333333336,2.0,1.8716739779094552e-05,30.425,50.7,2.0,0.0,0.0,0.0,0.06666666666666667,0.8383333333333333,1.0,0.0,18.6,18.6,1.0,0.0,0.0,0.0,0.0,1.0000000000000002,0.0,0.0,0.0,0.0,0.0,0.0,0.0,0.0,0.0,0.0,0.0,0.0,0.0,0.0,0.0,0.0,0.0,0.0,0.0,0.0,0.0,0.0,0.0,0.0,0.0,1.0,0.0,0.13333333333333333,-0.13333333333333333,-1.1983333333333333,0.0,0.0,0.0,0.0,0.0,0.0,0.0,0.0,0.0,0.0,0.0,0.0,0.0,0.0,0.0,0.0,0.0,0.0,0.0,0.0,0.0,0.0,0.0,0.0,0.0,1.0,0.0,0.13333333333333333,-0.06666666666666667,-1.0716666666666665,0.0,0.0,0.0,0.0,2.0,45.55,0.0,0.0,0.0,0.0,1.0,33.6,0.0,0.0,0.0,0.0,0.0,0.0,0.0,0.0,0.0,0.0,0.0,0.0
light_seed1,light,1,382.25,397.25,15.0,3.4744368002625845,22.560000000000002,11.0,1.1999999999999886,2.0,5.232212131623481e-06,31.65,51.5,2.0,0.0,0.0,0.0,0.06666666666666667,0.8933333333333332,2.0,5.344556179313107e-06,31.450000000000003,51.1,2.0,0.0,0.0,0.0,0.06666666666666667,0.8933333333333334,2.0,0.0,31.55,46.35,2.0,0.0,0.0,0.0,0.0,1.0,2.0,0.0,33.325,52.65,2.0,0.0,0.0,0.0,0.06666666666666667,0.9666666666666669,2.0,8.526172029890063e-06,31.425,51.7,2.0,0.0,0.0,0.0,0.06666666666666667,0.8716666666666666,1.0,0.0,19.6,19.6,1.0,0.0,0.0,0.0,0.0,1.0000000000000002,0.0,0.0,0.0,0.0,0.0,0.0,0.0,0.0,0.0,0.0,0.0,0.0,0.0,0.0,0.0,0.0,0.0,0.0,0.0,0.0,0.0,0.0,0.0,0.0,0.0,1.0,0.0,0.13333333333333333,-0.13333333333333333,-1.265,0.0,0.0,0.0,0.0,0.0,0.0,0.0,0.0,0.0,0.0,0.0,0.0,0.0,0.0,0.0,0.0,0.0,0.0,0.0,0.0,0.0,0.0,0.0,0.0,0.0,1.0,0.0,0.13333333333333333,-0.06666666666666667,-1.105,0.0,0.0,0.0,0.0,2.0,46.55,0.0,0.0,0.0,0.0,1.0,34.6,0.0,0.0,0.0,0.0,0.0,0.0,0.0,0.0,0.0,0.0,0.0,0.0
light_seed1,light,1,383.25,398.25,15.0,3.474285877057284,23.293333333333337,11.0,2.1999999999999886,2.0,0.0,32.65,52.5,2.0,0.0,0.0,0.0,0.06666666666666667,0.9266666666666665,2.0,0.0,32.45,52.1,2.0,0.0,0.0,0.0,0.06666666666666667,0.9266666666666669,2.0,0.0,32.55,47.35,2.0,0.0,0.0,0.0,0.0,0.9999999999999998,2.0,0.0,34.325,53.65,2.0,0.0,0.0,0.0,0.06666666666666667,1.0000000000000002,2.0,3.952637027600444e-06,32.425000000000004,52.7,2.0,0.0,0.0,0.0,0.06666666666666667,0.9050000000000001,1.0,0.0,20.6,20.6,1.0,0.0,0.0,0.0,0.0,1.0000000000000002,0.0,0.0,0.0,0.0,0.0,0.0,0.0,0.0,0.0,0.0,0.0,0.0,0.0,0.0,0.0,0.0,0.0,0.0,0.0,0.0,0.0,0.0,0.0,0.0,0.0,1.0,0.0,0.13333333333333333,-0.13333333333333333,-1.3316666666666666,0.0,0.0,0.0,0.0,0.0,0.0,0.0,0.0,0.0,0.0,0.0,0.0,0.0,0.0,0.0,0.0,0.0,0.0,0.0,0.0,0.0,0.0,0.0,0.0,0.0,1.0,0.0,0.13333333333333333,-0.06666666666666667,-1.1383333333333332,0.0,0.0,0.0,0.0,2.0,47.55,0.0,0.0,0.0,0.0,1.0,35.6,0.0,0.0,0.0,0.0,0.0,0.0,0.0,0.0,0.0,0.0,0.0,0.0
light_seed1,light,1,384.25,399.25,15.0,3.7305875040542458,8.63,6.0,0.19999999999998863,2.0,0.45367496365429905,6.9,13.8,1.0,2.0,0.0,0.0,0.0,-0.8233333333333334,2.0,0.4713279992654164,6.9,13.8,1.0,2.0,0.0,0.0,0.0,-0.81,2.0,0.0,33.55,48.35,2.0,0.0,0.0,0.0,0.0,0.9999999999999998,2.0,0.5498013650635563,0.0,0.0,0.0,2.0,0.0,0.0,-0.13333333333333333,-1.355,2.0,0.46684130342964075,6.575,13.15,1.0,2.0,0.0,0.0,0.0,-0.8516666666666668,1.0,0.0,21.6,21.6,1.0,0.0,0.0,0.0,0.0,1.0000000000000002,0.0,0.0,0.0,0.0,0.0,0.0,0.0,0.0,0.0,0.0,0.0,0.0,0.0,0.0,0.0,0.0,0.0,0.0,0.0,0.0,0.0,0.0,0.0,0.0,0.0,0.0,0.0,0.13333333333333333,0.0,0.0,0.0,0.0,0.0,0.0,0.0,0.0,0.0,0.0,0.0,0.0,0.0,0.0,0.0,0.0,0.0,0.0,0.0,0.0,0.0,0.0,0.0,0.0,0.0,0.0,0.0,0.0,0.0,0.13333333333333333,0.0,0.0,0.0,0.0,0.0,0.0,2.0,48.55,0.0,0.0,0.0,0.0,1.0,36.6,0.0,0.0,0.0,0.0,0.0,0.0,0.0,0.0,0.0,0.0,0.0,0.0
light_seed1,light,1,385.25,400.25,15.0,4.959335474304316,6.113333333333333,3.0,1.1999999999999886,1.0,1.691324424238316,0.0,0.0,0.0,2.0,0.0,0.06666666666666667,-0.06666666666666667,-1.3166666666666667,1.0,1.6847984250348345,0.0,0.0,0.0,2.0,0.0,0.06666666666666667,-0.06666666666666667,-1.3033333333333335,2.0,0.0,34.55,49.35,2.0,0.0,0.0,0.0,0.0,0.9999999999999998,1.0,2.100979996555152,0.0,0.0,0.0,2.0,0.0,0.06666666666666667,-0.13333333333333333,-1.4216666666666666,1.0,1.7260969337315346,0.0,0.0,0.0,2.0,0.0,0.06666666666666667,-0.06666666666666667,-1.3233333333333335,1.0,0.0,22.6,22.6,1.0,0.0,0.0,0.0,0.0,1.0000000000000002,0.0,0.0,0.0,0.0,0.0,0.0,0.0,0.0,0.0,0.0,0.0,0.0,0.0,0.0,0.0,0.0,0.0,0.0,0.0,0.0,0.0,0.0,0.0,0.0,0.0,0.0,0.0,0.06666666666666667,0.0,0.0,0.0,0.0,0.0,0.0,0.0,0.0,0.0,0.0,0.0,0.0,0.0,0.0,0.0,0.0,0.0,0.0,0.0,0.0,0.0,0.0,0.0,0.0,0.0,0.0,0.0,0.0,0.0,0.06666666666666667,0.0,0.0,0.0,0.0,0.0,0.0,2.0,49.55,0.0,0.0,0.0,0.0,1.0,37.6,0.0,0.0,0.0,0.0,0.0,0.0,0.0,0.0,0.0,0.0,0.0,0.0
light_seed1,light,1,386.25,401.25,15.0,6.096132749925067,6.3133333333333335,3.0,2.1999999999999886,1.0,3.4446894715981013,0.0,0.0,0.0,2.0,0.0,0.06666666666666667,-0.13333333333333333,-1.3766666666666665,1.0,3.4098372053624932,0.0,0.0,0.0,2.0,0.0,0.06666666666666667,-0.13333333333333333,-1.3633333333333333,2.0,0.0,35.55,50.35,2.0,0.0,0.0,0.0,0.0,0.9999999999999998,1.0,4.059236777722413,0.0,0.0,0.0,2.0,0.0,0.06666666666666667,-0.13333333333333333,-1.4883333333333333,1.0,3.4142309887125446,0.0,0.0,0.0,2.0,0.0,0.06666666666666667,-0.13333333333333333,-1.3616666666666668,1.0,0.0,23.6,23.6,1.0,0.0,0.0,0.0,0.0,1.0000000000000002,0.0,0.0,0.0,0.0,0.0,0.0,0.0,0.0,0.0,0.0,0.0,0.0,0.0,0.0,0.0,0.0,0.0,0.0,0.0,0.0,0.0,0.0,0.0,0.0,0.0,0.0,0.0,0.06666666666666667,0.0,0.0,0.0,0.0,0.0,0.0,0.0,0.0,0.0,0.0,0.0,0.0,0.0,0.0,0.0,0.0,0.0,0.0,0.0,0.0,0.0,0.0,0.0,0.0,0.0,0.0,0.0,0.0,0.0,0.06666666666666667,0.0,0.0,0.0,0.0,0.0,0.0,2.0,50.55,0.0,0.0,0.0,0.0,1.0,38.6,0.0,0.0,0.0,0.0,0.0,0.0,0.0,0.0,0.0,0.0,0.0,0.0
light_seed1,light,1,387.25,402.25,14.0,6.766040309055216,6.978571428571429,3.0,3.1999999999999886,0.0,0.0,0.0,0.0,0.0,2.0,0.0,0.13333333333333333,-0.13333333333333333,-1.4433333333333331,0.0,0.0,0.0,0.0,0.0,2.0,0.0,0.13333333333333333,-0.13333333333333333,-1.43,2.0,0.0,36.55,51.35,2.0,0.0,0.0,0.0,0.0,0.9999999999999998,0.0,0.0,0.0,0.0,0.0,2.0,0.0,0.13333333333333333,-0.13333333333333333,-1.555,0.0,0.0,0.0,0.0,0.0,2.0,0.0,0.13333333333333333,-0.13333333333333333,-1.4283333333333335,1.0,0.0,24.6,24.6,1.0,0.0,0.0,0.0,0.0,1.0000000000000002,0.0,0.0,0.0,0.0,0.0,0.0,0.0,0.0,0.0,0.0,0.0,0.0,0.0,0.0,0.0,0.0,0.0,0.0,0.0,0.0,0.0,0.0,0.0,0.0,0.0,0.0,0.0,0.0,0.0,0.0,0.0,0.0,0.0,0.0,0.0,0.0,0.0,0.0,0.0,0.0,0.0,0.0,0.0,0.0,0.0,0.0,0.0,0.0,0.0,0.0,0.0,0.0,0.0,0.0,0.0,0.0,0.0,0.0,0.0,0.0,0.0,0.0,0.0,0.0,2.0,51.55,0.0,0.0,0.0,0.0,1.0,39.6,0.0,0.0,0.0,0.0,0.0,0.0,0.0,0.0,0.0,0.0,0.0,0.0
light_seed1,light,1,388.25,403.25,13.0,7.463266677530063,7.746153846153846,3.0,4.199999999999989,0.0,0.0,0.0,0.0,0.0,2.0,0.0,0.13333333333333333,-0.13333333333333333,-1.51,0.0,0.0,0.0,0.0,0.0,2.0,0.0,0.13333333333333333,-0.13333333333333333,-1.4966666666666666,2.0,0.0,37.55,52.35,2.0,0.0,0.0,0.0,0.0,0.9999999999999998,0.0,0.0,0.0,0.0,0.0,2.0,0.0,0.13333333333333333,-0.13333333333333333,-1.6216666666666666,0.0,0.0,0.0,0.0,0.0,2.0,0.0,0.13333333333333333,-0.13333333333333333,-1.495,1.0,0.0,25.6,25.6,1.0,0.0,0.0,0.0,0.0,1.0000000000000002,0.0,0.0,0.0,0.0,0.0,0.0,0.0,0.0,0.0,0.0,0.0,0.0,0.0,0.0,0.0,0.0,0.0,0.0,0.0,0.0,0.0,0.0,0.0,0.0,0.0,0.0,0.0,0.0,0.0,0.0,0.0,0.0,0.0,0.0,0.0,0.0,0.0,0.0,0.0,0.0,0.0,0.0,0.0,0.0,0.0,0.0,0.0,0.0,0.0,0.0,0.0,0.0,0.0,0.0,0.0,0.0,0.0,0.0,0.0,0.0,0.0,0.0,0.0,0.0,2.0,52.55,0.0,0.0,0.0,0.0,1.0,40.6,0.0,0.0,0.0,0.0,0.0,0.0,0.0,0.0,0.0,0.0,0.0,0.0
light_seed1,light,1,389.25,404.25,13.0,8.712452763769251,7.976923076923077,3.0,5.199999999999989,0.0,0.0,0.0,0.0,0.0,2.0,0.0,0.13333333333333333,-0.13333333333333333,-1.5766666666666667,0.0,0.0,0.0,0.0,0.0,2.0,0.0,0.13333333333333333,-0.13333333333333333,-1.5633333333333332,2.0,0.0,38.55,53.35,2.0,0.0,0.0,0.0,0.0,0.9999999999999998,0.0,0.0,0.0,0.0,0.0,2.0,0.0,0.13333333333333333,-0.13333333333333333,-1.6883333333333332,0.0,0.0,0.0,0.0,0.0,2.0,0.0,0.13333333333333333,-0.13333333333333333,-1.5616666666666668,1.0,0.0,26.6,26.6,1.0,0.0,0.0,0.0,0.0,1.0000000000000002,0.0,0.0,0.0,0.0,0.0,0.0,0.0,0.0,0.0,0.0,0.0,0.0,0.0,0.0,0.0,0.0,0.0,0.0,0.0,0.0,0.0,0.0,0.0,0.0,0.0,0.0,0.0,0.0,0.0,0.0,0.0,0.0,0.0,0.0,0.0,0.0,0.0,0.0,0.0,0.0,0.0,0.0,0.0,0.0,0.0,0.0,0.0,0.0,0.0,0.0,0.0,0.0,0.0,0.0,0.0,0.0,0.0,0.0,0.0,0.0,0.0,0.0,0.0,0.0,2.0,53.55,0.0,0.0,0.0,0.0,1.0,41.6,0.0,0.0,0.0,0.0,0.0,0.0,0.0,0.0,0.0,0.0,0.0,0.0
light_seed1,light,1,390.25,405.25,12.0,9.6276146126752,8.891666666666667,3.0,6.199999999999989,0.0,0.0,0.0,0.0,0.0,2.0,0.0,0.13333333333333333,-0.13333333333333333,-1.6433333333333333,0.0,0.0,0.0,0.0,0.0,2.0,0.0,0.13333333333333333,-0.13333333333333333,-1.63,2.0,0.0,39.55,54.35,2.0,0.0,0.0,0.0,0.0,0.9999999999999998,0.0,0.0,0.0,0.0,0.0,2.0,0.0,0.13333333333333333,-0.13333333333333333,-1.755,0.0,0.0,0.0,0.0,0.0,2.0,0.0,0.13333333333333333,-0.13333333333333333,-1.6283333333333334,1.0,0.0,27.6,27.6,1.0,0.0,0.0,0.0,0.0,1.0000000000000002,0.0,0.0,0.0,0.0,0.0,0.0,0.0,0.0,0.0,0.0,0.0,0.0,0.0,0.0,0.0,0.0,0.0,0.0,0.0,0.0,0.0,0.0,0.0,0.0,0.0,0.0,0.0,0.0,0.0,0.0,0.0,0.0,0.0,0.0,0.0,0.0,0.0,0.0,0.0,0.0,0.0,0.0,0.0,0.0,0.0,0.0,0.0,0.0,0.0,0.0,0.0,0.0,0.0,0.0,0.0,0.0,0.0,0.0,0.0,0.0,0.0,0.0,0.0,0.0,2.0,54.55,0.0,0.0,0.0,0.0,1.0,42.6,0.0,0.0,0.0,0.0,0.0,0.0,0.0,0.0,0.0,0.0,0.0,0.0
light_seed1,light,1,391.25,406.25,12.0,10.169765312826053,9.141666666666667,3.0,7.199999999999989,0.0,0.0,0.0,0.0,0.0,2.0,0.0,0.13333333333333333,-0.13333333333333333,-1.71,0.0,0.0,0.0,0.0,0.0,2.0,0.0,0.13333333333333333,-0.13333333333333333,-1.6966666666666665,2.0,0.0,40.55,55.35,2.0,0.0,0.0,0.0,0.0,0.9999999999999998,0.0,0.0,0.0,0.0,0.0,2.0,0.0,0.13333333333333333,-0.13333333333333333,-1.8216666666666665,0.0,0.0,0.0,0.0,0.0,2.0,0.0,0.13333333333333333,-0.13333333333333333,-1.695,1.0,0.0,28.6,28.6,1.0,0.0,0.0,0.0,0.0,1.0000000000000002,0.0,0.0,0.0,0.0,0.0,0.0,0.0,0.0,0.0,0.0,0.0,0.0,0.0,0.0,0.0,0.0,0.0,0.0,0.0,0.0,0.0,0.0,0.0,0.0,0.0,0.0,0.0,0.0,0.0,0.0,0.0,0.0,0.0,0.0,0.0,0.0,0.0,0.0,0.0,0.0,0.0,0.0,0.0,0.0,0.0,0.0,0.0,0.0,0.0,0.0,0.0,0.0,0.0,0.0,0.0,0.0,0.0,0.0,0.0,0.0,0.0,0.0,0.0,0.0,2.0,55.55,0.0,0.0,0.0,0.0,1.0,43.6,0.0,0.0,0.0,0.0,0.0,0.0,0.0,0.0,0.0,0.0,0.0,0.0
light_seed1,light,1,392.25,407.25,11.0,10.07826920391544,10.245454545454546,3.0,8.199999999999989,0.0,0.0,0.0,0.0,0.0,2.0,0.0,0.13333333333333333,-0.13333333333333333,-1.7766666666666666,0.0,0.0,0.0,0.0,0.0,2.0,0.0,0.13333333333333333,-0.13333333333333333,-1.7633333333333332,2.0,0.0,41.55,56.35,2.0,0.0,0.0,0.0,0.0,0.9999999999999998,0.0,0.0,0.0,0.0,0.0,2.0,0.0,0.13333333333333333,-0.13333333333333333,-1.8883333333333332,0.0,0.0,0.0,0.0,0.0,2.0,0.0,0.13333333333333333,-0.13333333333333333,-1.7616666666666667,1.0,0.0,29.6,29.6,1.0,0.0,0.0,0.0,0.0,1.0000000000000002,0.0,0.0,0.0,0.0,0.0,0.0,0.0,0.0,0.0,0.0,0.0,0.0,0.0,0.0,0.0,0.0,0.0,0.0,0.0,0.0,0.0,0.0,0.0,0.0,0.0,0.0,0.0,0.0,0.0,0.0,0.0,0.0,0.0,0.0,0.0,0.0,0.0,0.0,0.0,0.0,0.0,0.0,0.0,0.0,0.0,0.0,0.0,0.0,0.0,0.0,0.0,0.0,0.0,0.0,0.0,0.0,0.0,0.0,0.0,0.0,0.0,0.0,0.0,0.0,2.0,56.55,0.0,0.0,0.0,0.0,1.0,44.6,0.0,0.0,0.0,0.0,0.0,0.0,0.0,0.0,0.0,0.0,0.0,0.0
light_seed1,light,1,393.25,408.25,11.0,10.073975744904631,10.518181818181818,3.0,9.199999999999989,0.0,0.0,0.0,0.0,0.0,2.0,0.0,0.13333333333333333,-0.13333333333333333,-1.8433333333333333,0.0,0.0,0.0,0.0,0.0,2.0,0.0,0.13333333333333333,-0.13333333333333333,-1.8299999999999998,2.0,0.0,42.55,57.35,2.0,0.0,0.0,0.0,0.0,0.9999999999999998,0.0,0.0,0.0,0.0,0.0,2.0,0.0,0.13333333333333333,-0.13333333333333333,-1.9549999999999998,0.0,0.0,0.0,0.0,0.0,2.0,0.0,0.13333333333333333,-0.13333333333333333,-1.8283333333333334,1.0,0.0,30.6,30.6,1.0,0.0,0.0,0.0,0.0,1.0000000000000002,0.0,0.0,0.0,0.0,0.0,0.0,0.0,0.0,0.0,0.0,0.0,0.0,0.0,0.0,0.0,0.0,0.0,0.0,0.0,0.0,0.0,0.0,0.0,0.0,0.0,0.0,0.0,0.0,0.0,0.0,0.0,0.0,0.0,0.0,0.0,0.0,0.0,0.0,0.0,0.0,0.0,0.0,0.0,0.0,0.0,0.0,0.0,0.0,0.0,0.0,0.0,0.0,0.0,0.0,0.0,0.0,0.0,0.0,0.0,0.0,0.0,0.0,0.0,0.0,2.0,57.55,0.0,0.0,0.0,0.0,1.0,45.6,0.0,0.0,0.0,0.0,0.0,0.0,0.0,0.0,0.0,0.0,0.0,0.0
light_seed1,light,1,394.25,409.25,11.0,10.07488855663907,10.790909090909091,3.0,10.199999999999989,0.0,0.0,0.0,0.0,0.0,2.0,0.0,0.13333333333333333,-0.13333333333333333,-1.91,0.0,0.0,0.0,0.0,0.0,2.0,0.0,0.13333333333333333,-0.13333333333333333,-1.896666666666667,2.0,0.0,43.55,58.35,2.0,0.0,0.0,0.0,0.0,0.9999999999999998,0.0,0.0,0.0,0.0,0.0,2.0,0.0,0.13333333333333333,-0.13333333333333333,-2.0216666666666665,0.0,0.0,0.0,0.0,0.0,2.0,0.0,0.13333333333333333,-0.13333333333333333,-1.895,1.0,0.0,31.6,31.6,1.0,0.0,0.0,0.0,0.0,1.0,0.0,0.0,0.0,0.0,0.0,0.0,0.0,0.0,0.0,0.0,0.0,0.0,0.0,0.0,0.0,0.0,0.0,0.0,0.0,0.0,0.0,0.0,0.0,0.0,0.0,0.0,0.0,0.0,0.0,0.0,0.0,0.0,0.0,0.0,0.0,0.0,0.0,0.0,0.0,0.0,0.0,0.0,0.0,0.0,0.0,0.0,0.0,0.0,0.0,0.0,0.0,0.0,0.0,0.0,0.0,0.0,0.0,0.0,0.0,0.0,0.0,0.0,0.0,0.0,2.0,58.55,0.0,0.0,0.0,0.0,1.0,46.6,0.0,0.0,0.0,0.0,0.0,0.0,0.0,0.0,0.0,0.0,0.0,0.0
light_seed1,light,1,395.25,410.25,11.0,10.080759599595128,11.063636363636364,3.0,11.199999999999989,0.0,0.0,0.0,0.0,0.0,2.0,0.0,0.13333333333333333,-0.13333333333333333,-1.9766666666666666,0.0,0.0,0.0,0.0,0.0,2.0,0.0,0.13333333333333333,-0.13333333333333333,-1.9633333333333336,2.0,0.0,44.55,59.35,2.0,0.0,0.0,0.0,0.0,0.9999999999999998,0.0,0.0,0.0,0.0,0.0,2.0,0.0,0.13333333333333333,-0.13333333333333333,-2.0883333333333334,0.0,0.0,0.0,0.0,0.0,2.0,0.0,0.13333333333333333,-0.13333333333333333,-1.9616666666666667,1.0,0.0,32.6,32.6,1.0,0.0,0.0,0.0,0.0,1.0,0.0,0.0,0.0,0.0,0.0,0.0,0.0,0.0,0.0,0.0,0.0,0.0,0.0,0.0,0.0,0.0,0.0,0.0,0.0,0.0,0.0,0.0,0.0,0.0,0.0,0.0,0.0,0.0,0.0,0.0,0.0,0.0,0.0,0.0,0.0,0.0,0.0,0.0,0.0,0.0,0.0,0.0,0.0,0.0,0.0,0.0,0.0,0.0,0.0,0.0,0.0,0.0,0.0,0.0,0.0,0.0,0.0,0.0,0.0,0.0,0.0,0.0,0.0,0.0,2.0,59.55,0.0,0.0,0.0,0.0,1.0,47.6,0.0,0.0,0.0,0.0,0.0,0.0,0.0,0.0,0.0,0.0,0.0,0.0
light_seed1,light,1,396.25,411.25,11.0,10.079764227992028,11.336363636363636,3.0,12.199999999999989,0.0,0.0,0.0,0.0,0.0,2.0,0.0,0.13333333333333333,-0.13333333333333333,-2.0433333333333334,0.0,0.0,0.0,0.0,0.0,2.0,0.0,0.13333333333333333,-0.13333333333333333,-2.0300000000000002,2.0,0.0,45.55,60.35,2.0,0.0,0.0,0.0,0.0,0.9999999999999998,0.0,0.0,0.0,0.0,0.0,2.0,0.0,0.13333333333333333,-0.13333333333333333,-2.1550000000000002,0.0,0.0,0.0,0.0,0.0,2.0,0.0,0.13333333333333333,-0.13333333333333333,-2.0283333333333333,1.0,0.0,33.6,33.6,1.0,0.0,0.0,0.0,0.0,1.0,0.0,0.0,0.0,0.0,0.0,0.0,0.0,0.0,0.0,0.0,0.0,0.0,0.0,0.0,0.0,0.0,0.0,0.0,0.0,0.0,0.0,0.0,0.0,0.0,0.0,0.0,0.0,0.0,0.0,0.0,0.0,0.0,0.0,0.0,0.0,0.0,0.0,0.0,0.0,0.0,0.0,0.0,0.0,0.0,0.0,0.0,0.0,0.0,0.0,0.0,0.0,0.0,0.0,0.0,0.0,0.0,0.0,0.0,0.0,0.0,0.0,0.0,0.0,0.0,2.0,60.55,0.0,0.0,0.0,0.0,1.0,48.6,0.0,0.0,0.0,0.0,0.0,0.0,0.0,0.0,0.0,0.0,0.0,0.0
light_seed1,light,1,397.25,412.25,11.0,10.079951734880725,11.60909090909091,3.0,13.199999999999989,0.0,0.0,0.0,0.0,0.0,2.0,0.0,0.13333333333333333,-0.13333333333333333,-2.11,0.0,0.0,0.0,0.0,0.0,2.0,0.0,0.13333333333333333,-0.13333333333333333,-2.0966666666666667,2.0,0.0,46.55,61.35,2.0,0.0,0.0,0.0,0.0,0.9999999999999998,0.0,0.0,0.0,0.0,0.0,2.0,0.0,0.13333333333333333,-0.13333333333333333,-2.2216666666666667,0.0,0.0,0.0,0.0,0.0,2.0,0.0,0.13333333333333333,-0.13333333333333333,-2.095,1.0,0.0,34.6,34.6,1.0,0.0,0.0,0.0,0.0,1.0,0.0,0.0,0.0,0.0,0.0,0.0,0.0,0.0,0.0,0.0,0.0,0.0,0.0,0.0,0.0,0.0,0.0,0.0,0.0,0.0,0.0,0.0,0.0,0.0,0.0,0.0,0.0,0.0,0.0,0.0,0.0,0.0,0.0,0.0,0.0,0.0,0.0,0.0,0.0,0.0,0.0,0.0,0.0,0.0,0.0,0.0,0.0,0.0,0.0,0.0,0.0,0.0,0.0,0.0,0.0,0.0,0.0,0.0,0.0,0.0,0.0,0.0,0.0,0.0,2.0,61.55,0.0,0.0,0.0,0.0,1.0,49.6,0.0,0.0,0.0,0.0,0.0,0.0,0.0,0.0,0.0,0.0,0.0,0.0
light_seed1,light,1,398.25,413.25,11.0,10.080778693169778,11.881818181818181,3.0,14.199999999999989,0.0,0.0,0.0,0.0,0.0,2.0,0.0,0.13333333333333333,-0.13333333333333333,-2.1766666666666667,0.0,0.0,0.0,0.0,0.0,2.0,0.0,0.13333333333333333,-0.13333333333333333,-2.1633333333333336,2.0,0.0,47.55,62.35,2.0,0.0,0.0,0.0,0.0,1.0,0.0,0.0,0.0,0.0,0.0,2.0,0.0,0.13333333333333333,-0.13333333333333333,-2.2883333333333336,0.0,0.0,0.0,0.0,0.0,2.0,0.0,0.13333333333333333,-0.13333333333333333,-2.161666666666667,1.0,0.0,35.6,35.6,1.0,0.0,0.0,0.0,0.0,1.0,0.0,0.0,0.0,0.0,0.0,0.0,0.0,0.0,0.0,0.0,0.0,0.0,0.0,0.0,0.0,0.0,0.0,0.0,0.0,0.0,0.0,0.0,0.0,0.0,0.0,0.0,0.0,0.0,0.0,0.0,0.0,0.0,0.0,0.0,0.0,0.0,0.0,0.0,0.0,0.0,0.0,0.0,0.0,0.0,0.0,0.0,0.0,0.0,0.0,0.0,0.0,0.0,0.0,0.0,0.0,0.0,0.0,0.0,0.0,0.0,0.0,0.0,0.0,0.0,2.0,62.55,0.0,0.0,0.0,0.0,1.0,50.6,0.0,0.0,0.0,0.0,0.0,0.0,0.0,0.0,0.0,0.0,0.0,0.0
light_seed1,light,1,399.25,414.25,10.0,9.371814472124512,13.37,3.0,15.199999999999989,0.0,0.0,0.0,0.0,0.0,2.0,0.0,0.13333333333333333,-0.06666666666666667,-0.46,0.0,0.0,0.0,0.0,0.0,2.0,0.0,0.13333333333333333,-0.06666666666666667,-0.46,2.0,0.0,48.55,63.35,2.0,0.0,0.0,0.0,0.0,1.0,0.0,0.0,0.0,0.0,0.0,2.0,0.0,0.13333333333333333,0.0,0.0,0.0,0.0,0.0,0.0,0.0,2.0,0.0,0.13333333333333333,-0.06666666666666667,-0.43833333333333335,1.0,0.0,36.6,36.6,1.0,0.0,0.0,0.0,0.0,1.0,0.0,0.0,0.0,0.0,0.0,0.0,0.0,0.0,0.0,0.0,0.0,0.0,0.0,0.0,0.0,0.0,0.0,0.0,0.0,0.0,0.0,0.0,0.0,0.0,0.0,0.0,0.0,0.0,0.0,0.0,0.0,0.0,0.0,0.0,0.0,0.0,0.0,0.0,0.0,0.0,0.0,0.0,0.0,0.0,0.0,0.0,0.0,0.0,0.0,0.0,0.0,0.0,0.0,0.0,0.0,0.0,0.0,0.0,0.0,0.0,0.0,0.0,0.0,0.0,2.0,63.55,0.0,0.0,0.0,0.0,1.0,51.6,0.0,0.0,0.0,0.0,0.0,0.0,0.0,0.0,0.0,0.0,0.0,0.0
light_seed1,light,1,400.25,415.25,9.0,8.693920162038916,15.188888888888888,3.0,16.19999999999999,0.0,0.0,0.0,0.0,0.0,2.0,0.0,0.06666666666666667,0.0,0.0,0.0,0.0,0.0,0.0,0.0,2.0,0.0,0.06666666666666667,0.0,0.0,2.0,0.0,49.55,64.35,2.0,0.0,0.0,0.0,0.0,1.0,0.0,0.0,0.0,0.0,0.0,2.0,0.0,0.06666666666666667,0.0,0.0,0.0,0.0,0.0,0.0,0.0,2.0,0.0,0.06666666666666667,0.0,0.0,1.0,0.0,37.6,37.6,1.0,0.0,0.0,0.0,0.0,1.0,0.0,0.0,0.0,0.0,0.0,0.0,0.0,0.0,0.0,0.0,0.0,0.0,0.0,0.0,0.0,0.0,0.0,0.0,0.0,0.0,0.0,0.0,0.0,0.0,0.0,0.0,0.0,0.0,0.0,0.0,0.0,0.0,0.0,0.0,0.0,0.0,0.0,0.0,0.0,0.0,0.0,0.0,0.0,0.0,0.0,0.0,0.0,0.0,0.0,0.0,0.0,0.0,0.0,0.0,0.0,0.0,0.0,0.0,0.0,0.0,0.0,0.0,0.0,0.0,2.0,64.55,0.0,0.0,0.0,0.0,1.0,52.6,0.0,0.0,0.0,0.0,0.0,0.0,0.0,0.0,0.0,0.0,0.0,0.0
light_seed1,light,1,401.25,416.25,8.0,7.797820078198968,17.4625,3.0,17.19999999999999,0.0,0.0,0.0,0.0,0.0,2.0,0.0,0.06666666666666667,0.0,0.0,0.0,0.0,0.0,0.0,0.0,2.0,0.0,0.06666666666666667,0.0,0.0,2.0,0.0,50.55,65.35,2.0,0.0,0.0,0.0,0.0,1.0,0.0,0.0,0.0,0.0,0.0,2.0,0.0,0.06666666666666667,0.0,0.0,0.0,0.0,0.0,0.0,0.0,2.0,0.0,0.06666666666666667,0.0,0.0,1.0,0.0,38.6,38.6,1.0,0.0,0.0,0.0,0.0,1.0,0.0,0.0,0.0,0.0,0.0,0.0,0.0,0.0,0.0,0.0,0.0,0.0,0.0,0.0,0.0,0.0,0.0,0.0,0.0,0.0,0.0,0.0,0.0,0.0,0.0,0.0,0.0,0.0,0.0,0.0,0.0,0.0,0.0,0.0,0.0,0.0,0.0,0.0,0.0,0.0,0.0,0.0,0.0,0.0,0.0,0.0,0.0,0.0,0.0,0.0,0.0,0.0,0.0,0.0,0.0,0.0,0.0,0.0,0.0,0.0,0.0,0.0,0.0,0.0,2.0,65.55,0.0,0.0,0.0,0.0,1.0,53.6,0.0,0.0,0.0,0.0,0.0,0.0,0.0,0.0,0.0,0.0,0.0,0.0
light_seed1,light,1,402.25,417.25,7.0,6.797813016479332,20.385714285714283,3.0,18.19999999999999,0.0,0.0,0.0,0.0,0.0,2.0,0.0,0.0,0.0,0.0,0.0,0.0,0.0,0.0,0.0,2.0,0.0,0.0,0.0,0.0,2.0,0.0,51.55,66.35,2.0,0.0,0.0,0.0,0.0,1.0,0.0,0.0,0.0,0.0,0.0,2.0,0.0,0.0,0.0,0.0,0.0,0.0,0.0,0.0,0.0,2.0,0.0,0.0,0.0,0.0,1.0,0.0,39.6,39.6,1.0,0.0,0.0,0.0,0.0,1.0,0.0,0.0,0.0,0.0,0.0,0.0,0.0,0.0,0.0,0.0,0.0,0.0,0.0,0.0,0.0,0.0,0.0,0.0,0.0,0.0,0.0,0.0,0.0,0.0,0.0,0.0,0.0,0.0,0.0,0.0,0.0,0.0,0.0,0.0,0.0,0.0,0.0,0.0,0.0,0.0,0.0,0.0,0.0,0.0,0.0,0.0,0.0,0.0,0.0,0.0,0.0,0.0,0.0,0.0,0.0,0.0,0.0,0.0,0.0,0.0,0.0,0.0,0.0,0.0,2.0,25.875,0.0,0.0,0.0,0.0,1.0,0.0,0.0,0.0,0.0,0.0,0.0,0.0,0.0,0.0,0.0,0.0,0.0,0.0
light_seed1,light,1,403.25,418.25,7.0,6.799418186876254,20.814285714285713,3.0,19.19999999999999,0.0,0.0,0.0,0.0,0.0,2.0,0.0,0.0,0.0,0.0,0.0,0.0,0.0,0.0,0.0,2.0,0.0,0.0,0.0,0.0,2.0,0.0,52.55,67.35,2.0,0.0,0.0,0.0,0.0,1.0,0.0,0.0,0.0,0.0,0.0,2.0,0.0,0.0,0.0,0.0,0.0,0.0,0.0,0.0,0.0,2.0,0.0,0.0,0.0,0.0,1.0,0.0,40.6,40.6,1.0,0.0,0.0,0.0,0.0,1.0,0.0,0.0,0.0,0.0,0.0,0.0,0.0,0.0,0.0,0.0,0.0,0.0,0.0,0.0,0.0,0.0,0.0,0.0,0.0,0.0,0.0,0.0,0.0,0.0,0.0,0.0,0.0,0.0,0.0,0.0,0.0,0.0,0.0,0.0,0.0,0.0,0.0,0.0,0.0,0.0,0.0,0.0,0.0,0.0,0.0,0.0,0.0,0.0,0.0,0.0,0.0,0.0,0.0,0.0,0.0,0.0,0.0,0.0,0.0,0.0,0.0,0.0,0.0,0.0,1.0,0.0,0.0,0.0,0.0,0.0,0.0,0.0,0.0,0.0,0.0,0.0,0.0,0.0,0.0,0.0,0.0,0.0,0.0,0.0
light_seed1,light,1,404.25,419.25,6.0,5.839369010061478,24.78333333333333,3.0,20.19999999999999,0.0,0.0,0.0,0.0,0.0,2.0,0.0,0.0,0.0,0.0,0.0,0.0,0.0,0.0,0.0,2.0,0.0,0.0,0.0,0.0,2.0,0.0,53.55,68.35,2.0,0.0,0.0,0.0,0.0,1.0,0.0,0.0,0.0,0.0,0.0,2.0,0.0,0.0,0.0,0.0,0.0,0.0,0.0,0.0,0.0,2.0,0.0,0.0,0.0,0.0,1.0,0.0,41.6,41.6,1.0,0.0,0.0,0.0,0.0,1.0,0.0,0.0,0.0,0.0,0.0,0.0,0.0,0.0,0.0,0.0,0.0,0.0,0.0,0.0,0.0,0.0,0.0,0.0,0.0,0.0,0.0,0.0,0.0,0.0,0.0,0.0,0.0,0.0,0.0,0.0,0.0,0.0,0.0,0.0,0.0,0.0,0.0,0.0,0.0,0.0,0.0,0.0,0.0,0.0,0.0,0.0,0.0,0.0,0.0,0.0,0.0,0.0,0.0,0.0,0.0,0.0,0.0,0.0,0.0,0.0,0.0,0.0,0.0,0.0,1.0,0.0,0.0,0.0,0.0,0.0,0.0,0.0,0.0,0.0,0.0,0.0,0.0,0.0,0.0,0.0,0.0,0.0,0.0,0.0
light_seed1,light,1,405.25,420.25,5.0,4.60893400307976,30.339999999999996,3.0,21.19999999999999,0.0,0.0,0.0,0.0,0.0,2.0,0.0,0.0,0.0,0.0,0.0,0.0,0.0,0.0,0.0,2.0,0.0,0.0,0.0,0.0,2.0,0.0,54.55,69.35,2.0,0.0,0.0,0.0,0.0,1.0,0.0,0.0,0.0,0.0,0.0,2.0,0.0,0.0,0.0,0.0,0.0,0.0,0.0,0.0,0.0,2.0,0.0,0.0,0.0,0.0,1.0,0.0,42.6,42.6,1.0,0.0,0.0,0.0,0.0,1.0,0.0,0.0,0.0,0.0,0.0,0.0,0.0,0.0,0.0,0.0,0.0,0.0,0.0,0.0,0.0,0.0,0.0,0.0,0.0,0.0,0.0,0.0,0.0,0.0,0.0,0.0,0.0,0.0,0.0,0.0,0.0,0.0,0.0,0.0,0.0,0.0,0.0,0.0,0.0,0.0,0.0,0.0,0.0,0.0,0.0,0.0,0.0,0.0,0.0,0.0,0.0,0.0,0.0,0.0,0.0,0.0,0.0,0.0,0.0,0.0,0.0,0.0,0.0,0.0,0.0,0.0,0.0,0.0,0.0,0.0,0.0,0.0,0.0,0.0,0.0,0.0,0.0,0.0,0.0,0.0,0.0,0.0,0.0,0.0
light_seed1,light,1,406.25,421.25,5.0,4.605680086387771,30.939999999999998,3.0,22.19999999999999,0.0,0.0,0.0,0.0,0.0,2.0,0.0,0.0,0.0,0.0,0.0,0.0,0.0,0.0,0.0,2.0,0.0,0.0,0.0,0.0,2.0,0.0,55.55,70.35,2.0,0.0,0.0,0.0,0.0,1.0,0.0,0.0,0.0,0.0,0.0,2.0,0.0,0.0,0.0,0.0,0.0,0.0,0.0,0.0,0.0,2.0,0.0,0.0,0.0,0.0,1.0,0.0,43.6,43.6,1.0,0.0,0.0,0.0,0.0,1.0,0.0,0.0,0.0,0.0,0.0,0.0,0.0,0.0,0.0,0.0,0.0,0.0,0.0,0.0,0.0,0.0,0.0,0.0,0.0,0.0,0.0,0.0,0.0,0.0,0.0,0.0,0.0,0.0,0.0,0.0,0.0,0.0,0.0,0.0,0.0,0.0,0.0,0.0,0.0,0.0,0.0,0.0,0.0,0.0,0.0,0.0,0.0,0.0,0.0,0.0,0.0,0.0,0.0,0.0,0.0,0.0,0.0,0.0,0.0,0.0,0.0,0.0,0.0,0.0,0.0,0.0,0.0,0.0,0.0,0.0,0.0,0.0,0.0,0.0,0.0,0.0,0.0,0.0,0.0,0.0,0.0,0.0,0.0,0.0
light_seed1,light,1,407.25,422.25,4.0,2.761334555681077,39.425,3.0,23.19999999999999,0.0,0.0,0.0,0.0,0.0,2.0,0.0,0.0,0.0,0.0,0.0,0.0,0.0,0.0,0.0,2.0,0.0,0.0,0.0,0.0,2.0,0.0,56.55,71.35,2.0,0.0,0.0,0.0,0.0,1.0,0.0,0.0,0.0,0.0,0.0,2.0,0.0,0.0,0.0,0.0,0.0,0.0,0.0,0.0,0.0,2.0,0.0,0.0,0.0,0.0,1.0,0.0,44.6,44.6,1.0,0.0,0.0,0.0,0.0,1.0,0.0,0.0,0.0,0.0,0.0,0.0,0.0,0.0,0.0,0.0,0.0,0.0,0.0,0.0,0.0,0.0,0.0,0.0,0.0,0.0,0.0,0.0,0.0,0.0,0.0,0.0,0.0,0.0,0.0,0.0,0.0,0.0,0.0,0.0,0.0,0.0,0.0,0.0,0.0,0.0,0.0,0.0,0.0,0.0,0.0,0.0,0.0,0.0,0.0,0.0,0.0,0.0,0.0,0.0,0.0,0.0,0.0,0.0,0.0,0.0,0.0,0.0,0.0,0.0,0.0,0.0,0.0,0.0,0.0,0.0,0.0,0.0,0.0,0.0,0.0,0.0,0.0,0.0,0.0,0.0,0.0,0.0,0.0,0.0
light_seed1,light,1,408.25,423.25,3.0,0.0,53.56666666666666,3.0,24.19999999999999,0.0,0.0,0.0,0.0,0.0,2.0,0.0,0.0,0.0,0.0,0.0,0.0,0.0,0.0,0.0,2.0,0.0,0.0,0.0,0.0,2.0,0.0,57.55,72.35,2.0,0.0,0.0,0.0,0.0,1.0,0.0,0.0,0.0,0.0,0.0,2.0,0.0,0.0,0.0,0.0,0.0,0.0,0.0,0.0,0.0,2.0,0.0,0.0,0.0,0.0,1.0,0.0,45.6,45.6,1.0,0.0,0.0,0.0,0.0,1.0,0.0,0.0,0.0,0.0,0.0,0.0,0.0,0.0,0.0,0.0,0.0,0.0,0.0,0.0,0.0,0.0,0.0,0.0,0.0,0.0,0.0,0.0,0.0,0.0,0.0,0.0,0.0,0.0,0.0,0.0,0.0,0.0,0.0,0.0,0.0,0.0,0.0,0.0,0.0,0.0,0.0,0.0,0.0,0.0,0.0,0.0,0.0,0.0,0.0,0.0,0.0,0.0,0.0,0.0,0.0,0.0,0.0,0.0,0.0,0.0,0.0,0.0,0.0,0.0,0.0,0.0,0.0,0.0,0.0,0.0,0.0,0.0,0.0,0.0,0.0,0.0,0.0,0.0,0.0,0.0,0.0,0.0,0.0,0.0
light_seed1,light,1,409.25,424.25,3.0,0.0,54.56666666666666,3.0,25.19999999999999,0.0,0.0,0.0,0.0,0.0,2.0,0.0,0.0,0.0,0.0,0.0,0.0,0.0,0.0,0.0,2.0,0.0,0.0,0.0,0.0,2.0,0.0,58.55,73.35,2.0,0.0,0.0,0.0,0.0,1.0,0.0,0.0,0.0,0.0,0.0,2.0,0.0,0.0,0.0,0.0,0.0,0.0,0.0,0.0,0.0,2.0,0.0,0.0,0.0,0.0,1.0,0.0,46.6,46.6,1.0,0.0,0.0,0.0,0.0,1.0,0.0,0.0,0.0,0.0,0.0,0.0,0.0,0.0,0.0,0.0,0.0,0.0,0.0,0.0,0.0,0.0,0.0,0.0,0.0,0.0,0.0,0.0,0.0,0.0,0.0,0.0,0.0,0.0,0.0,0.0,0.0,0.0,0.0,0.0,0.0,0.0,0.0,0.0,0.0,0.0,0.0,0.0,0.0,0.0,0.0,0.0,0.0,0.0,0.0,0.0,0.0,0.0,0.0,0.0,0.0,0.0,0.0,0.0,0.0,0.0,0.0,0.0,0.0,0.0,0.0,0.0,0.0,0.0,0.0,0.0,0.0,0.0,0.0,0.0,0.0,0.0,0.0,0.0,0.0,0.0,0.0,0.0,0.0,0.0
light_seed1,light,1,410.25,425.25,3.0,0.0,55.56666666666666,3.0,26.19999999999999,0.0,0.0,0.0,0.0,0.0,2.0,0.0,0.0,0.0,0.0,0.0,0.0,0.0,0.0,0.0,2.0,0.0,0.0,0.0,0.0,2.0,0.0,59.55,74.35,2.0,0.0,0.0,0.0,0.0,1.0,0.0,0.0,0.0,0.0,0.0,2.0,0.0,0.0,0.0,0.0,0.0,0.0,0.0,0.0,0.0,2.0,0.0,0.0,0.0,0.0,1.0,0.0,47.6,47.6,1.0,0.0,0.0,0.0,0.0,1.0,0.0,0.0,0.0,0.0,0.0,0.0,0.0,0.0,0.0,0.0,0.0,0.0,0.0,0.0,0.0,0.0,0.0,0.0,0.0,0.0,0.0,0.0,0.0,0.0,0.0,0.0,0.0,0.0,0.0,0.0,0.0,0.0,0.0,0.0,0.0,0.0,0.0,0.0,0.0,0.0,0.0,0.0,0.0,0.0,0.0,0.0,0.0,0.0,0.0,0.0,0.0,0.0,0.0,0.0,0.0,0.0,0.0,0.0,0.0,0.0,0.0,0.0,0.0,0.0,0.0,0.0,0.0,0.0,0.0,0.0,0.0,0.0,0.0,0.0,0.0,0.0,0.0,0.0,0.0,0.0,0.0,0.0,0.0,0.0
light_seed1,light,1,411.25,426.25,3.0,0.0,56.56666666666666,3.0,27.19999999999999,0.0,0.0,0.0,0.0,0.0,2.0,0.0,0.0,0.0,0.0,0.0,0.0,0.0,0.0,0.0,2.0,0.0,0.0,0.0,0.0,2.0,0.0,60.55,75.35,2.0,0.0,0.0,0.0,0.0,1.0,0.0,0.0,0.0,0.0,0.0,2.0,0.0,0.0,0.0,0.0,0.0,0.0,0.0,0.0,0.0,2.0,0.0,0.0,0.0,0.0,1.0,0.0,48.6,48.6,1.0,0.0,0.0,0.0,0.0,1.0,0.0,0.0,0.0,0.0,0.0,0.0,0.0,0.0,0.0,0.0,0.0,0.0,0.0,0.0,0.0,0.0,0.0,0.0,0.0,0.0,0.0,0.0,0.0,0.0,0.0,0.0,0.0,0.0,0.0,0.0,0.0,0.0,0.0,0.0,0.0,0.0,0.0,0.0,0.0,0.0,0.0,0.0,0.0,0.0,0.0,0.0,0.0,0.0,0.0,0.0,0.0,0.0,0.0,0.0,0.0,0.0,0.0,0.0,0.0,0.0,0.0,0.0,0.0,0.0,0.0,0.0,0.0,0.0,0.0,0.0,0.0,0.0,0.0,0.0,0.0,0.0,0.0,0.0,0.0,0.0,0.0,0.0,0.0,0.0
light_seed1,light,1,412.25,427.25,3.0,0.0,57.56666666666666,3.0,28.19999999999999,0.0,0.0,0.0,0.0,0.0,2.0,0.0,0.0,0.0,0.0,0.0,0.0,0.0,0.0,0.0,2.0,0.0,0.0,0.0,0.0,2.0,0.0,61.55,76.35,2.0,0.0,0.0,0.0,0.0,1.0,0.0,0.0,0.0,0.0,0.0,2.0,0.0,0.0,0.0,0.0,0.0,0.0,0.0,0.0,0.0,2.0,0.0,0.0,0.0,0.0,1.0,0.0,49.6,49.6,1.0,0.0,0.0,0.0,0.0,1.0,0.0,0.0,0.0,0.0,0.0,0.0,0.0,0.0,0.0,0.0,0.0,0.0,0.0,0.0,0.0,0.0,0.0,0.0,0.0,0.0,0.0,0.0,0.0,0.0,0.0,0.0,0.0,0.0,0.0,0.0,0.0,0.0,0.0,0.0,0.0,0.0,0.0,0.0,0.0,0.0,0.0,0.0,0.0,0.0,0.0,0.0,0.0,0.0,0.0,0.0,0.0,0.0,0.0,0.0,0.0,0.0,0.0,0.0,0.0,0.0,0.0,0.0,0.0,0.0,0.0,0.0,0.0,0.0,0.0,0.0,0.0,0.0,0.0,0.0,0.0,0.0,0.0,0.0,0.0,0.0,0.0,0.0,0.0,0.0
light_seed1,light,1,413.25,428.25,3.0,0.0,58.56666666666666,3.0,29.19999999999999,0.0,0.0,0.0,0.0,0.0,2.0,0.0,0.0,0.0,0.0,0.0,0.0,0.0,0.0,0.0,2.0,0.0,0.0,0.0,0.0,2.0,0.0,62.55,77.35,2.0,0.0,0.0,0.0,0.0,1.0,0.0,0.0,0.0,0.0,0.0,2.0,0.0,0.0,0.0,0.0,0.0,0.0,0.0,0.0,0.0,2.0,0.0,0.0,0.0,0.0,1.0,0.0,50.6,50.6,1.0,0.0,0.0,0.0,0.0,1.0,0.0,0.0,0.0,0.0,0.0,0.0,0.0,0.0,0.0,0.0,0.0,0.0,0.0,0.0,0.0,0.0,0.0,0.0,0.0,0.0,0.0,0.0,0.0,0.0,0.0,0.0,0.0,0.0,0.0,0.0,0.0,0.0,0.0,0.0,0.0,0.0,0.0,0.0,0.0,0.0,0.0,0.0,0.0,0.0,0.0,0.0,0.0,0.0,0.0,0.0,0.0,0.0,0.0,0.0,0.0,0.0,0.0,0.0,0.0,0.0,0.0,0.0,0.0,0.0,0.0,0.0,0.0,0.0,0.0,0.0,0.0,0.0,0.0,0.0,0.0,0.0,0.0,0.0,0.0,0.0,0.0,0.0,0.0,0.0
light_seed1,light,1,414.25,429.25,3.0,0.0,59.56666666666666,3.0,0.19999999999998863,0.0,0.0,0.0,0.0,0.0,1.0,0.0,0.0,0.0,0.0,0.0,0.0,0.0,0.0,0.0,1.0,0.0,0.0,0.0,0.0,2.0,0.0,63.55,78.35,2.0,0.0,0.0,0.0,0.0,1.0,0.0,0.0,0.0,0.0,0.0,1.0,0.0,0.0,0.0,0.0,0.0,0.0,0.0,0.0,0.0,1.0,0.0,0.0,0.0,0.0,1.0,0.0,51.6,51.6,1.0,0.0,0.0,0.0,0.0,1.0,0.0,0.0,0.0,0.0,0.0,0.0,0.0,0.0,0.0,0.0,0.0,0.0,0.0,0.0,0.0,0.0,0.0,0.0,0.0,0.0,0.0,0.0,0.0,0.0,0.0,0.0,0.0,0.0,0.0,0.0,0.0,0.0,0.0,0.0,0.0,0.0,0.0,0.0,0.0,0.0,0.0,0.0,0.0,0.0,0.0,0.0,0.0,0.0,0.0,0.0,0.0,0.0,0.0,0.0,0.0,0.0,0.0,0.0,0.0,0.0,0.0,0.0,0.0,0.0,0.0,0.0,0.0,0.0,0.0,0.0,0.0,0.0,0.0,0.0,0.0,0.0,0.0,0.0,0.0,0.0,0.0,0.0,0.0,0.0
light_seed1,light,1,415.25,430.25,3.0,0.0,60.56666666666666,3.0,1.1999999999999886,0.0,0.0,0.0,0.0,0.0,1.0,0.0,0.0,0.0,0.0,0.0,0.0,0.0,0.0,0.0,1.0,0.0,0.0,0.0,0.0,2.0,0.0,64.55,79.35,2.0,0.0,0.0,0.0,0.0,1.0,0.0,0.0,0.0,0.0,0.0,1.0,0.0,0.0,0.0,0.0,0.0,0.0,0.0,0.0,0.0,1.0,0.0,0.0,0.0,0.0,1.0,0.0,52.6,52.6,1.0,0.0,0.0,0.0,0.0,1.0,0.0,0.0,0.0,0.0,0.0,0.0,0.0,0.0,0.0,0.0,0.0,0.0,0.0,0.0,0.0,0.0,0.0,0.0,0.0,0.0,0.0,0.0,0.0,0.0,0.0,0.0,0.0,0.0,0.0,0.0,0.0,0.0,0.0,0.0,0.0,0.0,0.0,0.0,0.0,0.0,0.0,0.0,0.0,0.0,0.0,0.0,0.0,0.0,0.0,0.0,0.0,0.0,0.0,0.0,0.0,0.0,0.0,0.0,0.0,0.0,0.0,0.0,0.0,0.0,0.0,0.0,0.0,0.0,0.0,0.0,0.0,0.0,0.0,0.0,0.0,0.0,0.0,0.0,0.0,0.0,0.0,0.0,0.0,0.0
light_seed1,light,1,416.25,431.25,3.0,0.0,61.56666666666666,3.0,2.1999999999999886,0.0,0.0,0.0,0.0,0.0,1.0,0.0,0.0,0.0,0.0,0.0,0.0,0.0,0.0,0.0,1.0,0.0,0.0,0.0,0.0,2.0,0.0,65.55,80.35,2.0,0.0,0.0,0.0,0.0,1.0,0.0,0.0,0.0,0.0,0.0,1.0,0.0,0.0,0.0,0.0,0.0,0.0,0.0,0.0,0.0,1.0,0.0,0.0,0.0,0.0,1.0,0.0,53.6,53.6,1.0,0.0,0.0,0.0,0.0,1.0,0.0,0.0,0.0,0.0,0.0,0.0,0.0,0.0,0.0,0.0,0.0,0.0,0.0,0.0,0.0,0.0,0.0,0.0,0.0,0.0,0.0,0.0,0.0,0.0,0.0,0.0,0.0,0.0,0.0,0.0,0.0,0.0,0.0,0.0,0.0,0.0,0.0,0.0,0.0,0.0,0.0,0.0,0.0,0.0,0.0,0.0,0.0,0.0,0.0,0.0,0.0,0.0,0.0,0.0,0.0,0.0,0.0,0.0,0.0,0.0,0.0,0.0,0.0,0.0,0.0,0.0,0.0,0.0,0.0,0.0,0.0,0.0,0.0,0.0,0.0,0.0,0.0,0.0,0.0,0.0,0.0,0.0,0.0,0.0
light_seed1,light,1,417.25,432.25,3.0,0.42228742004683145,17.25,1.0,0.19999999999998863,0.0,0.0,0.0,0.0,0.0,0.0,0.0,0.0,0.0,0.0,0.0,0.0,0.0,0.0,0.0,0.0,0.0,0.0,0.0,0.0,2.0,0.38861184609157573,25.875,51.75,1.0,2.0,0.0,0.0,-0.06666666666666667,-1.7116666666666664,0.0,0.0,0.0,0.0,0.0,0.0,0.0,0.0,0.0,0.0,0.0,0.0,0.0,0.0,0.0,0.0,0.0,0.0,0.0,0.0,1.0,0.4896385679573429,0.0,0.0,0.0,2.0,0.0,0.0,-0.06666666666666667,-2.64,0.0,0.0,0.0,0.0,0.0,0.0,0.0,0.0,0.0,0.0,0.0,0.0,0.0,0.0,0.0,0.0,0.0,0.0,0.0,0.0,0.0,0.0,0.0,0.0,0.0,0.0,0.0,0.0,0.0,0.0,0.0,0.0,0.0,0.0,0.0,0.0,0.0,0.0,0.0,0.0,0.0,0.0,0.0,0.0,0.0,0.0,0.0,0.0,0.0,0.0,0.0,0.0,0.0,0.0,0.0,0.0,0.0,0.0,0.0,0.0,0.0,0.0,0.0,0.0,0.0,0.0,0.0,0.0,0.0,0.0,0.0,0.0,0.0,0.0,0.0,0.0,0.0,0.0,0.0,0.0,0.0,0.0,0.0,0.0
light_seed1,light,1,418.25,433.25,3.0,2.4264562415404334,0.0,0.0,1.1999999999999886,0.0,0.0,0.0,0.0,0.0,0.0,0.0,0.0,0.0,0.0,0.0,0.0,0.0,0.0,0.0,0.0,0.0,0.0,0.0,0.0,1.0,1.8796132843110627,0.0,0.0,0.0,2.0,0.0,0.06666666666666667,-0.13333333333333333,-3.503333333333333,0.0,0.0,0.0,0.0,0.0,0.0,0.0,0.0,0.0,0.0,0.0,0.0,0.0,0.0,0.0,0.0,0.0,0.0,0.0,0.0,0.0,0.0,0.0,0.0,0.0,2.0,0.0,0.06666666666666667,-0.06666666666666667,-2.7066666666666666,0.0,0.0,0.0,0.0,0.0,0.0,0.0,0.0,0.0,0.0,0.0,0.0,0.0,0.0,0.0,0.0,0.0,0.0,0.0,0.0,0.0,0.0,0.0,0.0,0.0,0.0,0.0,0.0,0.0,0.0,0.0,0.0,0.0,0.0,0.0,0.0,0.0,0.0,0.0,0.0,0.0,0.0,0.0,0.0,0.0,0.0,0.0,0.0,0.0,0.0,0.0,0.0,0.0,0.0,0.0,0.0,0.0,0.0,0.0,0.0,0.0,0.0,0.0,0.0,0.0,0.0,0.0,0.0,0.0,0.0,0.0,0.0,0.0,0.0,0.0,0.0,0.0,0.0,0.0,0.0,0.0,0.0,0.0,0.0
light_seed1,light,1,419.25,434.25,3.0,4.386367364852469,0.0,0.0,2.1999999999999886,0.0,0.0,0.0,0.0,0.0,0.0,0.0,0.0,0.0,0.0,0.0,0.0,0.0,0.0,0.0,0.0,0.0,0.0,0.0,0.0,1.0,3.83899613717306,0.0,0.0,0.0,2.0,0.0,0.06666666666666667,-0.13333333333333333,-3.57,0.0,0.0,0.0,0.0,0.0,0.0,0.0,0.0,0.0,0.0,0.0,0.0,0.0,0.0,0.0,0.0,0.0,0.0,0.0,0.0,0.0,0.0,0.0,0.0,0.0,2.0,0.0,0.06666666666666667,-0.06666666666666667,-2.7733333333333334,0.0,0.0,0.0,0.0,0.0,0.0,0.0,0.0,0.0,0.0,0.0,0.0,0.0,0.0,0.0,0.0,0.0,0.0,0.0,0.0,0.0,0.0,0.0,0.0,0.0,0.0,0.0,0.0,0.0,0.0,0.0,0.0,0.0,0.0,0.0,0.0,0.0,0.0,0.0,0.0,0.0,0.0,0.0,0.0,0.0,0.0,0.0,0.0,0.0,0.0,0.0,0.0,0.0,0.0,0.0,0.0,0.0,0.0,0.0,0.0,1.0,0.0,1.0,0.0,1.0,0.0,1.0,0.0,1.0,0.0,1.0,0.0,1.0,0.0,1.0,0.0,1.0,0.0,1.0,0.0,1.0,0.0,1.0,0.0
light_seed1,light,1,420.25,435.25,3.0,6.433724320945728,0.0,0.0,3.1999999999999886,0.0,0.0,0.0,0.0,0.0,0.0,0.0,0.0,0.0,0.0,0.0,0.0,0.0,0.0,0.0,0.0,0.0,0.0,0.0,0.0,0.0,0.0,0.0,0.0,0.0,2.0,0.0,0.13333333333333333,-0.13333333333333333,-3.6366666666666663,0.0,0.0,0.0,0.0,0.0,0.0,0.0,0.0,0.0,0.0,0.0,0.0,0.0,0.0,0.0,0.0,0.0,0.0,0.0,0.0,0.0,0.0,0.0,0.0,0.0,2.0,0.0,0.06666666666666667,-0.06666666666666667,-2.8400000000000003,0.0,0.0,0.0,0.0,0.0,0.0,0.0,0.0,0.0,0.0,0.0,0.0,0.0,0.0,0.0,0.0,0.0,0.0,0.0,0.0,0.0,0.0,0.0,0.0,0.0,0.0,0.0,0.0,0.0,0.0,0.0,0.0,0.0,0.0,0.0,0.0,0.0,0.0,0.0,0.0,0.0,0.0,0.0,0.0,0.0,0.0,0.0,0.0,0.0,0.0,0.0,0.0,0.0,0.0,0.0,0.0,0.0,0.0,0.0,0.0,1.0,0.0,1.0,0.0,1.0,0.0,1.0,0.0,1.0,0.0,1.0,0.0,1.0,0.0,1.0,0.0,1.0,0.0,1.0,0.0,1.0,0.0,1.0,0.0
light_seed1,light,1,421.25,436.25,3.0,8.433164367904356,0.0,0.0,4.199999999999989,0.0,0.0,0.0,0.0,0.0,0.0,0.0,0.0,0.0,0.0,0.0,0.0,0.0,0.0,0.0,0.0,0.0,0.0,0.0,0.0,0.0,0.0,0.0,0.0,0.0,2.0,0.0,0.13333333333333333,-0.13333333333333333,-3.703333333333333,0.0,0.0,0.0,0.0,0.0,0.0,0.0,0.0,0.0,0.0,0.0,0.0,0.0,0.0,0.0,0.0,0.0,0.0,0.0,0.0,0.0,0.0,0.0,0.0,0.0,2.0,0.0,0.06666666666666667,-0.06666666666666667,-2.9066666666666667,0.0,0.0,0.0,0.0,0.0,0.0,0.0,0.0,0.0,0.0,0.0,0.0,0.0,0.0,0.0,0.0,0.0,0.0,0.0,0.0,0.0,0.0,0.0,0.0,0.0,0.0,0.0,0.0,0.0,0.0,0.0,0.0,0.0,0.0,0.0,0.0,0.0,0.0,0.0,0.0,0.0,0.0,0.0,0.0,0.0,0.0,0.0,0.0,0.0,0.0,0.0,0.0,0.0,0.0,0.0,0.0,0.0,0.0,0.0,0.0,1.0,0.0,1.0,0.0,1.0,0.0,1.0,0.0,1.0,0.0,1.0,0.0,1.0,0.0,1.0,0.0,1.0,0.0,1.0,0.0,1.0,0.0,1.0,0.0
light_seed1,light,1,422.25,437.25,3.0,10.433220106572909,0.0,0.0,5.199999999999989,0.0,0.0,0.0,0.0,0.0,0.0,0.0,0.0,0.0,0.0,0.0,0.0,0.0,0.0,0.0,0.0,0.0,0.0,0.0,0.0,0.0,0.0,0.0,0.0,0.0,2.0,0.0,0.13333333333333333,-0.13333333333333333,-3.77,0.0,0.0,0.0,0.0,0.0,0.0,0.0,0.0,0.0,0.0,0.0,0.0,0.0,0.0,0.0,0.0,0.0,0.0,0.0,0.0,0.0,0.0,0.0,0.0,0.0,2.0,0.0,0.06666666666666667,-0.06666666666666667,-2.9733333333333336,0.0,0.0,0.0,0.0,0.0,0.0,0.0,0.0,0.0,0.0,0.0,0.0,0.0,0.0,0.0,0.0,0.0,0.0,0.0,0.0,0.0,0.0,0.0,0.0,0.0,0.0,0.0,0.0,0.0,0.0,0.0,0.0,0.0,0.0,0.0,0.0,0.0,0.0,0.0,0.0,0.0,0.0,0.0,0.0,0.0,0.0,0.0,0.0,0.0,0.0,0.0,0.0,0.0,0.0,0.0,0.0,0.0,0.0,0.0,0.0,1.0,0.0,1.0,0.0,1.0,0.0,1.0,0.0,1.0,0.0,1.0,0.0,1.0,0.0,1.0,0.0,1.0,0.0,1.0,0.0,1.0,0.0,1.0,0.0
light_seed1,light,1,423.25,438.25,3.0,11.743289367890009,0.0,0.0,6.199999999999989,0.0,0.0,0.0,0.0,0.0,0.0,0.0,0.0,0.0,0.0,0.0,0.0,0.0,0.0,0.0,0.0,0.0,0.0,0.0,0.0,0.0,0.0,0.0,0.0,0.0,2.0,0.0,0.13333333333333333,-0.13333333333333333,-3.8366666666666664,0.0,0.0,0.0,0.0,0.0,0.0,0.0,0.0,0.0,0.0,0.0,0.0,0.0,0.0,0.0,0.0,0.0,0.0,0.0,0.0,0.0,0.0,0.0,0.0,0.0,2.0,0.0,0.06666666666666667,-0.06666666666666667,-3.04,0.0,0.0,0.0,0.0,0.0,0.0,0.0,0.0,0.0,0.0,0.0,0.0,0.0,0.0,0.0,0.0,0.0,0.0,0.0,0.0,0.0,0.0,0.0,0.0,0.0,0.0,0.0,0.0,0.0,0.0,0.0,0.0,0.0,0.0,0.0,0.0,0.0,0.0,0.0,0.0,0.0,0.0,0.0,0.0,0.0,0.0,0.0,0.0,0.0,0.0,0.0,0.0,0.0,0.0,0.0,0.0,0.0,0.0,0.0,0.0,1.0,0.0,1.0,0.0,1.0,0.0,1.0,0.0,1.0,0.0,1.0,0.0,1.0,0.0,1.0,0.0,1.0,0.0,1.0,0.0,1.0,0.0,1.0,0.0
light_seed1,light,1,424.25,439.25,3.0,12.234180959034731,0.0,0.0,7.199999999999989,0.0,0.0,0.0,0.0,0.0,0.0,0.0,0.0,0.0,0.0,0.0,0.0,0.0,0.0,0.0,0.0,0.0,0.0,0.0,0.0,0.0,0.0,0.0,0.0,0.0,2.0,0.0,0.13333333333333333,-0.13333333333333333,-3.9033333333333333,0.0,0.0,0.0,0.0,0.0,0.0,0.0,0.0,0.0,0.0,0.0,0.0,0.0,0.0,0.0,0.0,0.0,0.0,0.0,0.0,0.0,0.0,0.0,0.0,0.0,2.0,0.0,0.06666666666666667,-0.06666666666666667,-3.106666666666667,0.0,0.0,0.0,0.0,0.0,0.0,0.0,0.0,0.0,0.0,0.0,0.0,0.0,0.0,0.0,0.0,0.0,0.0,0.0,0.0,0.0,0.0,0.0,0.0,0.0,0.0,0.0,0.0,0.0,0.0,0.0,0.0,0.0,0.0,0.0,0.0,0.0,0.0,0.0,0.0,0.0,0.0,0.0,0.0,0.0,0.0,0.0,0.0,0.0,0.0,0.0,0.0,0.0,0.0,0.0,0.0,0.0,0.0,0.0,0.0,1.0,0.0,1.0,0.0,1.0,0.0,1.0,0.0,1.0,0.0,1.0,0.0,1.0,0.0,1.0,0.0,1.0,0.0,1.0,0.0,1.0,0.0,1.0,0.0
light_seed1,light,1,425.25,440.25,3.0,12.305736083118864,0.0,0.0,8.199999999999989,0.0,0.0,0.0,0.0,0.0,0.0,0.0,0.0,0.0,0.0,0.0,0.0,0.0,0.0,0.0,0.0,0.0,0.0,0.0,0.0,0.0,0.0,0.0,0.0,0.0,2.0,0.0,0.13333333333333333,-0.13333333333333333,-3.9699999999999998,0.0,0.0,0.0,0.0,0.0,0.0,0.0,0.0,0.0,0.0,0.0,0.0,0.0,0.0,0.0,0.0,0.0,0.0,0.0,0.0,0.0,0.0,0.0,0.0,0.0,2.0,0.0,0.06666666666666667,-0.06666666666666667,-3.1733333333333333,0.0,0.0,0.0,0.0,0.0,0.0,0.0,0.0,0.0,0.0,0.0,0.0,0.0,0.0,0.0,0.0,0.0,0.0,0.0,0.0,0.0,0.0,0.0,0.0,0.0,0.0,0.0,0.0,0.0,0.0,0.0,0.0,0.0,0.0,0.0,0.0,0.0,0.0,0.0,0.0,0.0,0.0,0.0,0.0,0.0,0.0,0.0,0.0,0.0,0.0,0.0,0.0,0.0,0.0,0.0,0.0,0.0,0.0,0.0,0.0,1.0,0.0,1.0,0.0,1.0,0.0,1.0,0.0,1.0,0.0,1.0,0.0,1.0,0.0,1.0,0.0,1.0,0.0,1.0,0.0,1.0,0.0,1.0,0.0
light_seed1,light,1,426.25,441.25,3.0,12.304776991901067,0.0,0.0,9.199999999999989,0.0,0.0,0.0,0.0,0.0,0.0,0.0,0.0,0.0,0.0,0.0,0.0,0.0,0.0,0.0,0.0,0.0,0.0,0.0,0.0,0.0,0.0,0.0,0.0,0.0,2.0,0.0,0.13333333333333333,-0.13333333333333333,-4.036666666666666,0.0,0.0,0.0,0.0,0.0,0.0,0.0,0.0,0.0,0.0,0.0,0.0,0.0,0.0,0.0,0.0,0.0,0.0,0.0,0.0,0.0,0.0,0.0,0.0,0.0,2.0,0.0,0.06666666666666667,-0.06666666666666667,-3.24,0.0,0.0,0.0,0.0,0.0,0.0,0.0,0.0,0.0,0.0,0.0,0.0,0.0,0.0,0.0,0.0,0.0,0.0,0.0,0.0,0.0,0.0,0.0,0.0,0.0,0.0,0.0,0.0,0.0,0.0,0.0,0.0,0.0,0.0,0.0,0.0,0.0,0.0,0.0,0.0,0.0,0.0,0.0,0.0,0.0,0.0,0.0,0.0,0.0,0.0,0.0,0.0,0.0,0.0,0.0,0.0,0.0,0.0,0.0,0.0,1.0,0.0,1.0,0.0,1.0,0.0,1.0,0.0,1.0,0.0,1.0,0.0,1.0,0.0,1.0,0.0,1.0,0.0,1.0,0.0,1.0,0.0,1.0,0.0
light_seed1,light,1,427.25,442.25,3.0,12.313061651942673,0.0,0.0,10.199999999999989,0.0,0.0,0.0,0.0,0.0,0.0,0.0,0.0,0.0,0.0,0.0,0.0,0.0,0.0,0.0,0.0,0.0,0.0,0.0,0.0,0.0,0.0,0.0,0.0,0.0,2.0,0.0,0.13333333333333333,-0.13333333333333333,-4.1033333333333335,0.0,0.0,0.0,0.0,0.0,0.0,0.0,0.0,0.0,0.0,0.0,0.0,0.0,0.0,0.0,0.0,0.0,0.0,0.0,0.0,0.0,0.0,0.0,0.0,0.0,2.0,0.0,0.06666666666666667,-0.06666666666666667,-3.3066666666666666,0.0,0.0,0.0,0.0,0.0,0.0,0.0,0.0,0.0,0.0,0.0,0.0,0.0,0.0,0.0,0.0,0.0,0.0,0.0,0.0,0.0,0.0,0.0,0.0,0.0,0.0,0.0,0.0,0.0,0.0,0.0,0.0,0.0,0.0,0.0,0.0,0.0,0.0,0.0,0.0,0.0,0.0,0.0,0.0,0.0,0.0,0.0,0.0,0.0,0.0,0.0,0.0,0.0,0.0,0.0,0.0,0.0,0.0,0.0,0.0,1.0,0.0,1.0,0.0,1.0,0.0,1.0,0.0,1.0,0.0,1.0,0.0,1.0,0.0,1.0,0.0,1.0,0.0,1.0,0.0,1.0,0.0,1.0,0.0
light_seed1,light,1,428.25,443.25,3.0,12.364817383980144,0.0,0.0,11.199999999999989,0.0,0.0,0.0,0.0,0.0,0.0,0.0,0.0,0.0,0.0,0.0,0.0,0.0,0.0,0.0,0.0,0.0,0.0,0.0,0.0,0.0,0.0,0.0,0.0,0.0,2.0,0.0,0.13333333333333333,-0.13333333333333333,-4.17,0.0,0.0,0.0,0.0,0.0,0.0,0.0,0.0,0.0,0.0,0.0,0.0,0.0,0.0,0.0,0.0,0.0,0.0,0.0,0.0,0.0,0.0,0.0,0.0,0.0,2.0,0.0,0.06666666666666667,-0.06666666666666667,-3.3733333333333335,0.0,0.0,0.0,0.0,0.0,0.0,0.0,0.0,0.0,0.0,0.0,0.0,0.0,0.0,0.0,0.0,0.0,0.0,0.0,0.0,0.0,0.0,0.0,0.0,0.0,0.0,0.0,0.0,0.0,0.0,0.0,0.0,0.0,0.0,0.0,0.0,0.0,0.0,0.0,0.0,0.0,0.0,0.0,0.0,0.0,0.0,0.0,0.0,0.0,0.0,0.0,0.0,0.0,0.0,0.0,0.0,0.0,0.0,0.0,0.0,1.0,0.0,1.0,0.0,1.0,0.0,1.0,0.0,1.0,0.0,1.0,0.0,1.0,0.0,1.0,0.0,1.0,0.0,1.0,0.0,1.0,0.0,1.0,0.0
light_seed1,light,1,429.25,444.25,3.0,12.346512001814261,0.0,0.0,0.19999999999998863,0.0,0.0,0.0,0.0,0.0,0.0,0.0,0.0,0.0,0.0,0.0,0.0,0.0,0.0,0.0,0.0,0.0,0.0,0.0,0.0,0.0,0.0,0.0,0.0,0.0,1.0,0.0,0.13333333333333333,-0.13333333333333333,-4.236666666666666,0.0,0.0,0.0,0.0,0.0,0.0,0.0,0.0,0.0,0.0,0.0,0.0,0.0,0.0,0.0,0.0,0.0,0.0,0.0,0.0,0.0,0.0,0.0,0.0,0.0,1.0,0.0,0.06666666666666667,-0.06666666666666667,-3.44,0.0,0.0,0.0,0.0,0.0,0.0,0.0,0.0,0.0,0.0,0.0,0.0,0.0,0.0,0.0,0.0,0.0,0.0,0.0,0.0,0.0,0.0,0.0,0.0,0.0,0.0,0.0,0.0,0.0,0.0,0.0,0.0,0.0,0.0,0.0,0.0,0.0,0.0,0.0,0.0,0.0,0.0,0.0,0.0,0.0,0.0,0.0,0.0,0.0,0.0,0.0,0.0,0.0,0.0,0.0,0.0,0.0,0.0,0.0,0.0,1.0,0.0,1.0,0.0,1.0,0.0,1.0,0.0,1.0,0.0,1.0,0.0,0.0,0.0,1.0,0.0,1.0,0.0,1.0,0.0,1.0,0.0,1.0,0.0
light_seed1,light,1,430.25,445.25,3.0,12.362559301640916,0.0,0.0,1.1999999999999886,0.0,0.0,0.0,0.0,0.0,0.0,0.0,0.0,0.0,0.0,0.0,0.0,0.0,0.0,0.0,0.0,0.0,0.0,0.0,0.0,0.0,0.0,0.0,0.0,0.0,1.0,0.0,0.13333333333333333,-0.13333333333333333,-4.303333333333333,0.0,0.0,0.0,0.0,0.0,0.0,0.0,0.0,0.0,0.0,0.0,0.0,0.0,0.0,0.0,0.0,0.0,0.0,0.0,0.0,0.0,0.0,0.0,0.0,0.0,1.0,0.0,0.06666666666666667,-0.06666666666666667,-3.506666666666667,0.0,0.0,0.0,0.0,0.0,0.0,0.0,0.0,0.0,0.0,0.0,0.0,0.0,0.0,0.0,0.0,0.0,0.0,0.0,0.0,0.0,0.0,0.0,0.0,0.0,0.0,0.0,0.0,0.0,0.0,0.0,0.0,0.0,0.0,0.0,0.0,0.0,0.0,0.0,0.0,0.0,0.0,0.0,0.0,0.0,0.0,0.0,0.0,0.0,0.0,0.0,0.0,0.0,0.0,0.0,0.0,0.0,0.0,0.0,0.0,1.0,0.0,1.0,0.0,1.0,0.0,1.0,0.0,1.0,0.0,1.0,0.0,0.0,0.0,1.0,0.0,1.0,0.0,1.0,0.0,1.0,0.0,1.0,0.0
light_seed1,light,1,431.25,446.25,3.0,12.3846419365395,0.0,0.0,2.1999999999999886,0.0,0.0,0.0,0.0,0.0,0.0,0.0,0.0,0.0,0.0,0.0,0.0,0.0,0.0,0.0,0.0,0.0,0.0,0.0,0.0,0.0,0.0,0.0,0.0,0.0,1.0,0.0,0.13333333333333333,-0.13333333333333333,-4.37,0.0,0.0,0.0,0.0,0.0,0.0,0.0,0.0,0.0,0.0,0.0,0.0,0.0,0.0,0.0,0.0,0.0,0.0,0.0,0.0,0.0,0.0,0.0,0.0,0.0,1.0,0.0,0.06666666666666667,-0.06666666666666667,-3.5733333333333333,0.0,0.0,0.0,0.0,0.0,0.0,0.0,0.0,0.0,0.0,0.0,0.0,0.0,0.0,0.0,0.0,0.0,0.0,0.0,0.0,0.0,0.0,0.0,0.0,0.0,0.0,0.0,0.0,0.0,0.0,0.0,0.0,0.0,0.0,0.0,0.0,0.0,0.0,0.0,0.0,0.0,0.0,0.0,0.0,0.0,0.0,0.0,0.0,0.0,0.0,0.0,0.0,0.0,0.0,0.0,0.0,0.0,0.0,0.0,0.0,1.0,0.0,1.0,0.0,1.0,0.85,1.0,0.0,1.0,0.0,1.0,0.0,0.0,0.0,1.0,0.0,1.0,0.0,0.0,0.0,0.0,0.0,1.0,0.0
light_seed1,light,1,432.25,447.25,3.0,12.379478919812598,0.0,0.0,0.19999999999998863,0.0,0.0,0.0,0.0,0.0,0.0,0.0,0.0,0.0,0.0,0.0,0.0,0.0,0.0,0.0,0.0,0.0,0.0,0.0,0.0,0.0,0.0,0.0,0.0,0.0,0.0,0.0,0.13333333333333333,-0.06666666666666667,-1.725,0.0,0.0,0.0,0.0,0.0,0.0,0.0,0.0,0.0,0.0,0.0,0.0,0.0,0.0,0.0,0.0,0.0,0.0,0.0,0.0,0.0,0.0,0.0,0.0,0.0,0.0,0.0,0.06666666666666667,0.0,0.0,0.0,0.0,0.0,0.0,0.0,2.0,0.0,0.0,0.0,0.0,0.0,0.0,0.0,0.0,0.0,2.0,0.0,0.0,0.0,0.0,0.0,0.0,0.0,0.0,0.0,0.0,0.0,0.0,0.0,0.0,0.0,0.0,0.0,0.0,0.0,2.0,0.0,0.0,0.0,0.0,0.0,0.0,0.0,0.0,0.0,2.0,0.0,0.0,0.0,0.0,0.0,0.0,0.0,0.0,0.0,0.0,0.0,0.0,0.0,0.0,1.0,0.0,1.0,0.0,1.0,1.85,1.0,0.0,1.0,0.0,1.0,0.0,0.0,0.0,1.0,0.0,1.0,0.0,0.0,0.0,0.0,0.0,1.0,0.0
light_seed1,light,1,433.25,448.25,3.0,12.381824281218883,0.0,0.0,1.1999999999999886,0.0,0.0,0.0,0.0,0.0,0.0,0.0,0.0,0.0,0.0,0.0,0.0,0.0,0.0,0.0,0.0,0.0,0.0,0.0,0.0,0.0,0.0,0.0,0.0,0.0,0.0,0.0,0.06666666666666667,0.0,0.0,0.0,0.0,0.0,0.0,0.0,0.0,0.0,0.0,0.0,0.0,0.0,0.0,0.0,0.0,0.0,0.0,0.0,0.0,0.0,0.0,0.0,0.0,0.0,0.0,0.0,0.0,0.0,0.0,0.0,0.0,0.0,0.0,0.0,0.0,0.0,2.0,0.0,0.0,0.0,0.0,0.0,0.0,0.0,0.0,0.0,2.0,0.0,0.0,0.0,0.0,0.0,0.0,0.0,0.0,0.0,0.0,0.0,0.0,0.0,0.0,0.0,0.0,0.0,0.0,0.0,2.0,0.0,0.0,0.0,0.0,0.0,0.0,0.0,0.0,0.0,2.0,0.0,0.0,0.0,0.0,0.0,0.0,0.0,0.0,0.0,0.0,0.0,0.0,0.0,0.0,1.0,0.4,1.0,0.85,1.0,2.85,1.0,0.85,1.0,0.85,1.0,0.0,0.0,0.0,0.0,0.0,1.0,0.0,0.0,0.0,0.0,0.0,1.0,0.85
light_seed1,light,1,434.25,449.25,15.0,13.399639258061987,0.0,0.0,2.1999999999999886,1.0,13.308237893284188,0.0,0.0,0.0,0.0,0.06666666666666667,0.0,0.0,0.0,1.0,13.867504105740228,0.0,0.0,0.0,0.0,0.06666666666666667,0.0,0.0,0.0,1.0,15.560928012467922,0.0,0.0,0.0,0.0,0.06666666666666667,0.06666666666666667,0.0,0.0,1.0,13.882720724360553,0.0,0.0,0.0,0.0,0.06666666666666667,0.0,0.0,0.0,1.0,13.86739824637305,0.0,0.0,0.0,0.0,0.06666666666666667,0.0,0.0,0.0,1.0,11.99433309728047,0.0,0.0,0.0,0.0,0.06666666666666667,0.0,0.0,0.0,1.0,15.626644748624418,0.0,0.0,0.0,2.0,0.06666666666666667,0.0,0.0,0.0,1.0,11.980751118371263,0.0,0.0,0.0,2.0,0.06666666666666667,0.0,0.0,0.0,1.0,11.986279006877448,0.0,0.0,0.0,0.0,0.06666666666666667,0.0,0.0,0.0,1.0,14.030818979241552,0.0,0.0,0.0,2.0,0.06666666666666667,0.0,0.0,0.0,1.0,13.8432044620323,0.0,0.0,0.0,2.0,0.06666666666666667,0.0,0.0,0.0,1.0,13.880396252996288,0.0,0.0,0.0,0.0,0.06666666666666667,0.0,0.0,0.0,1.0,1.4,1.0,1.85,1.0,3.85,1.0,1.85,1.0,1.85,1.0,0.0,0.0,0.0,0.0,0.0,1.0,0.0,0.0,0.0,0.0,0.0,1.0,1.85
light_seed1,light,1,435.25,450.25,15.0,13.524002259818413,0.0,0.0,3.1999999999999886,1.0,13.309221084247932,0.0,0.0,0.0,0.0,0.06666666666666667,0.0,0.0,0.0,1.0,13.855642336795572,0.0,0.0,0.0,0.0,0.06666666666666667,0.0,0.0,0.0,1.0,16.61007811716944,0.0,0.0,0.0,0.0,0.06666666666666667,0.0,0.0,0.0,1.0,13.864334499832475,0.0,0.0,0.0,0.0,0.06666666666666667,0.0,0.0,0.0,1.0,13.836006633299403,0.0,0.0,0.0,0.0,0.06666666666666667,0.0,0.0,0.0,1.0,11.998675030306913,0.0,0.0,0.0,0.0,0.06666666666666667,0.0,0.0,0.0,1.0,16.584569818917664,0.0,0.0,0.0,2.0,0.06666666666666667,0.0,0.0,0.0,1.0,11.983334323796443,0.0,0.0,0.0,2.0,0.06666666666666667,0.0,0.0,0.0,1.0,11.994781990740448,0.0,0.0,0.0,0.0,0.06666666666666667,0.0,0.0,0.0,1.0,14.007587374896408,0.0,0.0,0.0,2.0,0.06666666666666667,0.0,0.0,0.0,1.0,13.848265275486048,0.0,0.0,0.0,2.0,0.06666666666666667,0.0,0.0,0.0,1.0,13.834800398926019,0.0,0.0,0.0,0.0,0.06666666666666667,0.0,0.0,0.0,1.0,2.4,1.0,2.85,1.0,4.85,1.0,2.85,1.0,2.85,1.0,0.95,0.0,0.0,0.0,0.0,1.0,0.95,0.0,0.0,0.0,0.0,1.0,2.85
light_seed1,light,1,436.25,451.25,15.0,13.534589781084813,0.0,0.0,4.199999999999989,1.0,13.313349263744552,0.0,0.0,0.0,0.0,0.06666666666666667,0.0,0.0,0.0,1.0,13.835910119384062,0.0,0.0,0.0,0.0,0.06666666666666667,0.0,0.0,0.0,1.0,16.64100872107968,0.0,0.0,0.0,0.0,0.06666666666666667,0.0,0.0,0.0,1.0,13.830713935914682,0.0,0.0,0.0,0.0,0.06666666666666667,0.0,0.0,0.0,1.0,13.848565436315258,0.0,0.0,0.0,0.0,0.06666666666666667,0.0,0.0,0.0,1.0,11.985731628569773,0.0,0.0,0.0,0.0,0.06666666666666667,0.0,0.0,0.0,1.0,16.636951461788268,0.0,0.0,0.0,2.0,0.06666666666666667,0.0,0.0,0.0,1.0,11.989929445534944,0.0,0.0,0.0,2.0,0.06666666666666667,0.0,0.0,0.0,1.0,11.996540952790529,0.0,0.0,0.0,0.0,0.06666666666666667,0.0,0.0,0.0,1.0,13.99564602622077,0.0,0.0,0.0,2.0,0.06666666666666667,0.0,0.0,0.0,1.0,13.873764135224047,0.0,0.0,0.0,2.0,0.06666666666666667,0.0,0.0,0.0,1.0,13.861154751032592,0.0,0.0,0.0,0.0,0.06666666666666667,0.0,0.0,0.0,1.0,3.4,1.0,3.85,1.0,5.85,1.0,3.85,1.0,3.85,1.0,1.95,0.0,0.0,0.0,0.0,1.0,1.95,0.0,0.0,0.0,0.0,1.0,3.85
light_seed1,light,1,437.25,452.25,14.0,13.658955000973167,0.0,0.0,5.199999999999989,1.0,13.288145426103968,0.0,0.0,0.0,0.0,0.06666666666666667,0.0,0.0,0.0,1.0,13.860154641491826,0.0,0.0,0.0,0.0,0.06666666666666667,0.0,0.0,0.0,1.0,16.633694836825136,0.0,0.0,0.0,0.0,0.06666666666666667,0.0,0.0,0.0,1.0,13.860904708066956,0.0,0.0,0.0,0.0,0.06666666666666667,0.0,0.0,0.0,1.0,13.886071905919817,0.0,0.0,0.0,0.0,0.06666666666666667,0.0,0.0,0.0,1.0,11.99305451331893,0.0,0.0,0.0,0.0,0.06666666666666667,0.0,0.0,0.0,1.0,16.5774207100831,0.0,0.0,0.0,2.0,0.06666666666666667,0.0,0.0,0.0,1.0,11.970722861413378,0.0,0.0,0.0,2.0,0.06666666666666667,0.0,0.0,0.0,1.0,11.988132717660628,0.0,0.0,0.0,0.0,0.06666666666666667,0.0,0.0,0.0,1.0,13.973456171535553,0.0,0.0,0.0,2.0,0.06666666666666667,0.0,0.0,0.0,1.0,13.879713389774553,0.0,0.0,0.0,2.0,0.06666666666666667,0.0,0.0,0.0,1.0,13.875760125338566,0.0,0.0,0.0,0.0,0.06666666666666667,0.0,0.0,0.0,1.0,4.4,1.0,4.85,1.0,6.85,1.0,4.85,1.0,4.85,1.0,2.95,0.0,0.0,0.0,0.0,1.0,2.95,0.0,0.0,0.0,0.0,1.0,4.85
light_seed1,light,1,438.25,453.25,13.0,13.66005224655343,0.0,0.0,6.199999999999989,1.0,13.271029353349824,0.0,0.0,0.0,0.0,0.06666666666666667,0.0,0.0,0.0,1.0,13.86357038652175,0.0,0.0,0.0,0.0,0.06666666666666667,0.0,0.0,0.0,1.0,16.568529982250187,0.0,0.0,0.0,0.0,0.06666666666666667,0.0,0.0,0.0,1.0,13.825192367383279,0.0,0.0,0.0,0.0,0.06666666666666667,0.0,0.0,0.0,1.0,13.829252736880445,0.0,0.0,0.0,0.0,0.06666666666666667,0.0,0.0,0.0,1.0,11.971487549480516,0.0,0.0,0.0,0.0,0.06666666666666667,0.0,0.0,0.0,1.0,16.584280357498677,0.0,0.0,0.0,2.0,0.06666666666666667,0.0,0.0,0.0,1.0,11.996322007833514,0.0,0.0,0.0,2.0,0.06666666666666667,0.0,0.0,0.0,1.0,11.981989439916797,0.0,0.0,0.0,0.0,0.06666666666666667,0.0,0.0,0.0,1.0,14.014975272156896,0.0,0.0,0.0,2.0,0.06666666666666667,0.0,0.0,0.0,1.0,13.85647451126948,0.0,0.0,0.0,2.0,0.06666666666666667,0.0,0.0,0.0,1.0,13.836427583572222,0.0,0.0,0.0,0.0,0.06666666666666667,0.0,0.0,0.0,1.0,5.4,1.0,5.85,1.0,7.85,1.0,5.85,1.0,5.85,1.0,3.95,0.0,0.0,0.0,0.0,1.0,3.95,0.0,0.0,0.0,0.0,1.0,5.85
light_seed1,light,1,439.25,454.25,12.0,13.807623996269136,0.0,0.0,7.199999999999989,1.0,13.294337085131213,0.0,0.0,0.0,0.0,0.06666666666666667,0.0,0.0,0.0,1.0,13.839624684265582,0.0,0.0,0.0,0.0,0.06666666666666667,0.0,0.0,0.0,1.0,16.655765994727613,0.0,0.0,0.0,0.0,0.06666666666666667,0.0,0.0,0.0,1.0,13.83965351238614,0.0,0.0,0.0,0.0,0.06666666666666667,0.0,0.0,0.0,1.0,13.838063436287921,0.0,0.0,0.0,0.0,0.06666666666666667,0.0,0.0,0.0,1.0,11.98585998237133,0.0,0.0,0.0,0.0,0.06666666666666667,0.0,0.0,0.0,1.0,16.63652664281428,0.0,0.0,0.0,2.0,0.06666666666666667,0.0,0.0,0.0,1.0,11.970561630860903,0.0,0.0,0.0,2.0,0.06666666666666667,0.0,0.0,0.0,1.0,11.974107420598157,0.0,0.0,0.0,0.0,0.06666666666666667,0.0,0.0,0.0,1.0,13.959483924095185,0.0,0.0,0.0,2.0,0.06666666666666667,0.0,0.0,0.0,1.0,13.858449889053592,0.0,0.0,0.0,2.0,0.06666666666666667,0.0,0.0,0.0,1.0,13.839053752637701,0.0,0.0,0.0,0.0,0.06666666666666667,0.0,0.0,0.0,1.0,6.4,1.0,6.85,1.0,8.85,1.0,6.85,1.0,6.85,1.0,4.95,0.0,0.0,0.0,0.0,1.0,4.95,0.0,0.0,0.0,0.0,1.0,6.85
light_seed1,light,1,440.25,455.25,12.0,13.819055373159124,0.0,0.0,8.199999999999989,1.0,13.266586244866142,0.0,0.0,0.0,0.0,0.06666666666666667,0.0,0.0,0.0,1.0,13.860884868357099,0.0,0.0,0.0,0.0,0.06666666666666667,0.0,0.0,0.0,1.0,16.627548823431137,0.0,0.0,0.0,0.0,0.06666666666666667,0.0,0.0,0.0,1.0,13.867755432492123,0.0,0.0,0.0,0.0,0.06666666666666667,0.0,0.0,0.0,1.0,13.834456311730902,0.0,0.0,0.0,0.0,0.06666666666666667,0.0,0.0,0.0,1.0,11.986510605826043,0.0,0.0,0.0,0.0,0.06666666666666667,0.0,0.0,0.0,1.0,16.620594770144674,0.0,0.0,0.0,2.0,0.06666666666666667,0.0,0.0,0.0,1.0,11.999648378980346,0.0,0.0,0.0,2.0,0.06666666666666667,0.0,0.0,0.0,1.0,11.98346162402071,0.0,0.0,0.0,0.0,0.06666666666666667,0.0,0.0,0.0,1.0,14.0445368681556,0.0,0.0,0.0,2.0,0.06666666666666667,0.0,0.0,0.0,1.0,13.881293665250997,0.0,0.0,0.0,2.0,0.06666666666666667,0.0,0.0,0.0,1.0,13.855386884653708,0.0,0.0,0.0,0.0,0.06666666666666667,0.0,0.0,0.0,1.0,7.4,1.0,7.85,1.0,9.85,1.0,7.85,1.0,7.85,1.0,5.95,0.0,0.0,0.0,0.0,1.0,5.95,0.0,0.0,0.0,0.0,1.0,7.85
light_seed1,light,1,441.25,456.25,12.0,13.812707988761446,0.0,0.0,9.199999999999989,1.0,13.296874423718203,0.0,0.0,0.0,0.0,0.06666666666666667,0.0,0.0,0.0,1.0,13.859798175448086,0.0,0.0,0.0,0.0,0.06666666666666667,0.0,0.0,0.0,1.0,16.59735761355609,0.0,0.0,0.0,0.0,0.06666666666666667,0.0,0.0,0.0,1.0,13.828838862808189,0.0,0.0,0.0,0.0,0.06666666666666667,0.0,0.0,0.0,1.0,13.872130671802443,0.0,0.0,0.0,0.0,0.06666666666666667,0.0,0.0,0.0,1.0,11.99852693042485,0.0,0.0,0.0,0.0,0.06666666666666667,0.0,0.0,0.0,1.0,16.60486873162538,0.0,0.0,0.0,2.0,0.06666666666666667,0.0,0.0,0.0,1.0,11.982342012582812,0.0,0.0,0.0,2.0,0.06666666666666667,0.0,0.0,0.0,1.0,11.982454872548114,0.0,0.0,0.0,0.0,0.06666666666666667,0.0,0.0,0.0,1.0,13.979700628724547,0.0,0.0,0.0,2.0,0.06666666666666667,0.0,0.0,0.0,1.0,13.87870523277903,0.0,0.0,0.0,2.0,0.06666666666666667,0.0,0.0,0.0,1.0,13.8708977091196,0.0,0.0,0.0,0.0,0.06666666666666667,0.0,0.0,0.0,1.0,8.4,1.0,8.85,1.0,10.85,1.0,8.85,1.0,8.85,1.0,6.95,0.0,0.0,0.0,0.0,1.0,6.95,0.0,0.0,0.0,0.0,1.0,8.85
light_seed1,light,1,442.25,457.25,12.0,13.808427536076538,0.0,0.0,10.199999999999989,1.0,13.29878750915954,0.0,0.0,0.0,0.0,0.06666666666666667,0.0,0.0,0.0,1.0,13.828762590939878,0.0,0.0,0.0,0.0,0.06666666666666667,0.0,0.0,0.0,1.0,16.650048224691304,0.0,0.0,0.0,0.0,0.06666666666666667,0.0,0.0,0.0,1.0,13.8870710804977,0.0,0.0,0.0,0.0,0.06666666666666667,0.0,0.0,0.0,1.0,13.836088576328475,0.0,0.0,0.0,0.0,0.06666666666666667,0.0,0.0,0.0,1.0,11.985967651570682,0.0,0.0,0.0,0.0,0.06666666666666667,0.0,0.0,0.0,1.0,16.574199407268317,0.0,0.0,0.0,2.0,0.06666666666666667,0.0,0.0,0.0,1.0,11.986529249972664,0.0,0.0,0.0,2.0,0.06666666666666667,0.0,0.0,0.0,1.0,11.980593746316153,0.0,0.0,0.0,0.0,0.06666666666666667,0.0,0.0,0.0,1.0,13.943024181731642,0.0,0.0,0.0,2.0,0.06666666666666667,0.0,0.0,0.0,1.0,13.856582517605275,0.0,0.0,0.0,2.0,0.06666666666666667,0.0,0.0,0.0,1.0,13.873475696836831,0.0,0.0,0.0,0.0,0.06666666666666667,0.0,0.0,0.0,1.0,9.4,1.0,9.85,1.0,11.85,1.0,9.85,1.0,9.85,1.0,7.95,0.0,0.0,0.0,0.0,1.0,7.95,0.0,0.0,0.0,0.0,1.0,9.85
light_seed1,light,1,443.25,458.25,12.0,13.432248278389897,0.0,0.0,11.199999999999989,1.0,13.251859712906537,0.0,0.0,0.0,0.0,0.06666666666666667,0.0,0.0,0.0,1.0,13.8254767142504,0.0,0.0,0.0,0.0,0.06666666666666667,0.0,0.0,0.0,1.0,12.078452787215069,0.0,0.0,0.0,0.0,0.06666666666666667,0.0,0.0,0.0,1.0,13.868837230341743,0.0,0.0,0.0,0.0,0.06666666666666667,0.0,0.0,0.0,1.0,13.857503899999429,0.0,0.0,0.0,0.0,0.06666666666666667,0.0,0.0,0.0,1.0,11.996244407342747,0.0,0.0,0.0,0.0,0.06666666666666667,0.0,0.0,0.0,1.0,16.58529076616466,0.0,0.0,0.0,2.0,0.06666666666666667,0.0,0.0,0.0,1.0,11.992512385582085,0.0,0.0,0.0,2.0,0.06666666666666667,0.0,0.0,0.0,1.0,11.979217493135948,0.0,0.0,0.0,0.0,0.06666666666666667,0.0,0.0,0.0,1.0,14.046972417943778,0.0,0.0,0.0,2.0,0.06666666666666667,0.0,0.0,0.0,1.0,13.850900353145553,0.0,0.0,0.0,2.0,0.06666666666666667,0.0,0.0,0.0,1.0,13.8537111726508,0.0,0.0,0.0,0.0,0.06666666666666667,0.0,0.0,0.0,1.0,10.4,1.0,10.85,1.0,12.85,1.0,10.85,1.0,10.85,1.0,8.95,0.0,0.0,0.0,0.0,1.0,8.95,0.0,0.0,0.0,0.0,1.0,10.85
light_seed1,light,1,444.25,459.25,12.0,12.68807356089105,0.0,0.0,12.199999999999989,1.0,13.281793577844168,0.0,0.0,0.0,0.0,0.06666666666666667,0.0,0.0,0.0,1.0,13.839304530025693,0.0,0.0,0.0,0.0,0.06666666666666667,0.0,0.0,0.0,1.0,6.5784527872150615,0.0,0.0,0.0,0.0,0.06666666666666667,0.0,0.0,0.0,1.0,13.855946633184795,0.0,0.0,0.0,0.0,0.06666666666666667,0.0,0.0,0.0,1.0,13.887210214760854,0.0,0.0,0.0,0.0,0.06666666666666667,0.0,0.0,0.0,1.0,11.987075873783324,0.0,0.0,0.0,0.0,0.06666666666666667,0.0,0.0,0.0,0.0,0.0,0.0,0.0,0.0,2.0,0.0,0.0,0.0,0.0,1.0,11.983970211006236,0.0,0.0,0.0,2.0,0.06666666666666667,0.0,0.0,0.0,1.0,11.982544401967898,0.0,0.0,0.0,0.0,0.06666666666666667,0.0,0.0,0.0,1.0,14.03311015088171,0.0,0.0,0.0,2.0,0.06666666666666667,0.0,0.0,0.0,1.0,13.864898677523016,0.0,0.0,0.0,2.0,0.06666666666666667,0.0,0.0,0.0,1.0,13.874186782471371,0.0,0.0,0.0,0.0,0.06666666666666667,0.0,0.0,0.0,1.0,11.4,1.0,11.85,1.0,13.85,1.0,11.85,1.0,11.85,1.0,9.95,0.0,0.0,0.0,0.0,1.0,9.95,0.0,0.0,0.0,0.0,1.0,11.85
light_seed1,light,1,445.25,460.25,12.0,10.76195933812045,0.0,0.0,13.199999999999989,1.0,11.947457494818353,0.0,0.0,0.0,0.0,0.06666666666666667,0.0,0.0,0.0,1.0,9.829238112978913,0.0,0.0,0.0,0.0,0.06666666666666667,0.0,0.0,0.0,1.0,1.0784527872150593,0.0,0.0,0.0,0.0,0.06666666666666667,0.0,0.0,0.0,1.0,9.829780254816932,0.0,0.0,0.0,0.0,0.06666666666666667,0.0,0.0,0.0,1.0,9.83048871938066,0.0,0.0,0.0,0.0,0.06666666666666667,0.0,0.0,0.0,1.0,11.983360078961123,0.0,0.0,0.0,0.0,0.06666666666666667,0.0,0.0,0.0,0.0,0.0,0.0,0.0,0.0,2.0,0.0,0.0,0.0,0.0,1.0,11.974269637456164,0.0,0.0,0.0,2.0,0.06666666666666667,0.0,0.0,0.0,1.0,11.9729529737751,0.0,0.0,0.0,0.0,0.06666666666666667,0.0,0.0,0.0,1.0,13.944842378698887,0.0,0.0,0.0,2.0,0.06666666666666667,0.0,0.0,0.0,1.0,13.84717772573582,0.0,0.0,0.0,2.0,0.06666666666666667,0.0,0.0,0.0,1.0,9.82506935705596,0.0,0.0,0.0,0.0,0.06666666666666667,0.0,0.0,0.0,1.0,12.4,1.0,12.85,1.0,14.85,1.0,12.85,1.0,12.85,1.0,10.95,0.0,0.0,0.0,0.0,1.0,10.95,0.0,0.0,0.0,0.0,1.0,12.85
light_seed1,light,1,446.25,461.25,12.0,8.577063695579923,0.07083333333333333,1.0,14.199999999999989,1.0,7.467785628380273,0.0,0.0,0.0,0.0,0.06666666666666667,0.0,0.0,0.0,1.0,5.329238112978921,0.0,0.0,0.0,0.0,0.06666666666666667,0.0,0.0,0.0,1.0,0.0,0.85,0.85,1.0,0.0,0.06666666666666667,0.0,0.06666666666666667,0.056666666666666664,1.0,5.33981792535753,0.0,0.0,0.0,0.0,0.06666666666666667,0.0,0.0,0.0,1.0,5.332911079742329,0.0,0.0,0.0,0.0,0.06666666666666667,0.0,0.0,0.0,1.0,11.98594725678675,0.0,0.0,0.0,0.0,0.06666666666666667,0.0,0.0,0.0,0.0,0.0,0.0,0.0,0.0,2.0,0.0,0.0,0.0,0.0,1.0,11.980431541583966,0.0,0.0,0.0,2.0,0.06666666666666667,0.0,0.0,0.0,1.0,11.990116214593872,0.0,0.0,0.0,0.0,0.06666666666666667,0.0,0.0,0.0,0.0,0.0,0.0,0.0,0.0,2.0,0.0,0.0,0.0,0.0,0.0,0.0,0.0,0.0,0.0,2.0,0.0,0.0,0.0,0.0,1.0,5.32655033530415,0.0,0.0,0.0,0.0,0.06666666666666667,0.0,0.0,0.0,1.0,13.4,1.0,13.85,1.0,15.85,1.0,13.85,1.0,13.85,1.0,11.95,0.0,0.0,0.0,0.0,1.0,11.95,0.0,0.0,0.0,0.0,1.0,13.85
light_seed1,light,1,447.25,462.25,12.0,6.272207280735979,0.15416666666666667,1.0,15.199999999999989,1.0,2.967785628380278,0.0,0.0,0.0,0.0,0.06666666666666667,0.0,0.0,0.0,1.0,0.8301439372666272,0.0,0.0,0.0,0.0,0.06666666666666667,0.0,0.0,0.0,1.0,0.0,1.85,1.85,1.0,0.0,0.06666666666666667,0.0,0.06666666666666667,0.12333333333333334,1.0,0.8475568113294384,0.0,0.0,0.0,0.0,0.06666666666666667,0.0,0.0,0.0,1.0,0.8369827469608306,0.0,0.0,0.0,0.0,0.06666666666666667,0.0,0.0,0.0,1.0,8.364954350339419,0.0,0.0,0.0,0.0,0.06666666666666667,0.0,0.0,0.0,0.0,0.0,0.0,0.0,0.0,2.0,0.0,0.0,0.0,0.0,1.0,11.981145759711508,0.0,0.0,0.0,2.0,0.06666666666666667,0.0,0.0,0.0,1.0,8.366931743054636,0.0,0.0,0.0,0.0,0.06666666666666667,0.0,0.0,0.0,0.0,0.0,0.0,0.0,0.0,2.0,0.0,0.0,0.0,0.0,0.0,0.0,0.0,0.0,0.0,2.0,0.0,0.0,0.0,0.0,1.0,0.8414117433004388,0.0,0.0,0.0,0.0,0.06666666666666667,0.0,0.0,0.0,1.0,14.4,1.0,14.85,1.0,16.85,1.0,14.85,1.0,14.85,1.0,12.95,0.0,0.0,0.0,0.0,1.0,12.95,0.0,0.0,0.0,0.0,1.0,14.85
light_seed1,light,1,448.25,463.25,12.0,5.164125726746113,0.5541666666666667,6.0,16.19999999999999,1.0,0.0,0.4,0.4,1.0,0.0,0.06666666666666667,0.0,0.06666666666666667,0.02666666666666667,1.0,0.0,0.85,0.85,1.0,0.0,0.06666666666666667,0.0,0.06666666666666667,0.056666666666666664,1.0,0.0,2.85,2.85,1.0,0.0,0.06666666666666667,0.0,0.06666666666666667,0.19,1.0,0.0,0.85,0.85,1.0,0.0,0.06666666666666667,0.0,0.06666666666666667,0.056666666666666664,1.0,0.0,0.85,0.85,1.0,0.0,0.06666666666666667,0.0,0.06666666666666667,0.056666666666666664,1.0,4.365583746531398,0.0,0.0,0.0,0.0,0.06666666666666667,0.0,0.0,0.0,0.0,0.0,0.0,0.0,0.0,2.0,0.0,0.0,0.0,0.0,0.0,0.0,0.0,0.0,0.0,2.0,0.0,0.0,0.0,0.0,1.0,4.366931743054633,0.0,0.0,0.0,0.0,0.06666666666666667,0.0,0.0,0.0,0.0,0.0,0.0,0.0,0.0,2.0,0.0,0.0,0.0,0.0,0.0,0.0,0.0,0.0,0.0,2.0,0.0,0.0,0.0,0.0,1.0,0.0,0.85,0.85,1.0,0.0,0.06666666666666667,0.0,0.06666666666666667,0.056666666666666664,1.0,15.4,1.0,15.85,1.0,17.85,1.0,15.85,1.0,15.85,1.0,13.95,0.0,0.0,0.0,0.0,1.0,13.95,0.0,0.0,0.0,0.0,1.0,15.85
light_seed1,light,1,449.25,464.25,12.0,4.675334783719268,1.0541666666666667,6.0,17.19999999999999,1.0,0.0,1.4,1.4,1.0,0.0,0.0,0.0,0.06666666666666667,0.09333333333333332,1.0,0.0,1.85,1.85,1.0,0.0,0.0,0.0,0.06666666666666667,0.12333333333333334,1.0,0.0,3.85,3.85,1.0,0.0,0.0,0.0,0.06666666666666667,0.25666666666666665,1.0,0.0,1.85,1.85,1.0,0.0,0.0,0.0,0.06666666666666667,0.12333333333333334,1.0,0.0,1.85,1.85,1.0,0.0,0.0,0.0,0.06666666666666667,0.12333333333333334,1.0,0.36778914089799636,0.0,0.0,0.0,0.0,0.0,0.0,0.0,0.0,0.0,0.0,0.0,0.0,0.0,2.0,0.0,0.06666666666666667,0.0,0.0,0.0,0.0,0.0,0.0,0.0,2.0,0.0,0.06666666666666667,0.0,0.0,1.0,0.3671009779935612,0.0,0.0,0.0,0.0,0.0,0.0,0.0,0.0,0.0,0.0,0.0,0.0,0.0,2.0,0.0,0.06666666666666667,0.0,0.0,0.0,0.0,0.0,0.0,0.0,2.0,0.0,0.06666666666666667,0.0,0.0,1.0,0.0,1.85,1.85,1.0,0.0,0.0,0.0,0.06666666666666667,0.12333333333333334,1.0,16.4,1.0,16.85,1.0,18.85,1.0,16.85,1.0,16.85,1.0,14.95,0.0,0.0,0.0,0.0,1.0,14.95,0.0,0.0,0.0,0.0,1.0,16.85
light_seed1,light,1,450.25,465.25,12.0,4.6997724380621335,1.7125000000000001,8.0,18.19999999999999,1.0,0.0,2.4,2.4,1.0,0.0,0.0,0.0,0.06666666666666667,0.16,1.0,0.0,2.85,2.85,1.0,0.0,0.0,0.0,0.06666666666666667,0.19,1.0,0.0,4.85,4.85,1.0,0.0,0.0,0.0,0.06666666666666667,0.3233333333333333,1.0,0.0,2.85,2.85,1.0,0.0,0.0,0.0,0.06666666666666667,0.19,1.0,0.0,2.85,2.85,1.0,0.0,0.0,0.0,0.06666666666666667,0.19,1.0,0.0,0.95,0.95,1.0,0.0,0.0,0.0,0.06666666666666667,0.06333333333333332,0.0,0.0,0.0,0.0,0.0,2.0,0.0,0.06666666666666667,0.0,0.0,0.0,0.0,0.0,0.0,0.0,2.0,0.0,0.06666666666666667,0.0,0.0,1.0,0.0,0.95,0.95,1.0,0.0,0.0,0.0,0.06666666666666667,0.06333333333333332,0.0,0.0,0.0,0.0,0.0,2.0,0.0,0.06666666666666667,0.0,0.0,0.0,0.0,0.0,0.0,0.0,2.0,0.0,0.06666666666666667,0.0,0.0,1.0,0.0,2.85,2.85,1.0,0.0,0.0,0.0,0.06666666666666667,0.19,1.0,17.4,1.0,17.85,1.0,19.85,1.0,17.85,1.0,17.85,1.0,15.95,0.0,0.0,0.0,0.0,1.0,0.0,0.0,0.0,0.0,0.0,1.0,0.0
light_seed1,light,1,451.25,466.25,12.0,4.702563241173621,2.379166666666667,8.0,19.19999999999999,1.0,0.0,3.4,3.4,1.0,0.0,0.0,0.0,0.06666666666666667,0.22666666666666666,1.0,0.0,3.85,3.85,1.0,0.0,0.0,0.0,0.06666666666666667,0.25666666666666665,1.0,0.0,5.85,5.85,1.0,0.0,0.0,0.0,0.06666666666666667,0.38999999999999996,1.0,0.0,3.85,3.85,1.0,0.0,0.0,0.0,0.06666666666666667,0.25666666666666665,1.0,0.0,3.85,3.85,1.0,0.0,0.0,0.0,0.06666666666666667,0.25666666666666665,1.0,0.0,1.95,1.95,1.0,0.0,0.0,0.0,0.06666666666666667,0.13,0.0,0.0,0.0,0.0,0.0,2.0,0.0,0.06666666666666667,0.0,0.0,0.0,0.0,0.0,0.0,0.0,2.0,0.0,0.06666666666666667,0.0,0.0,1.0,0.0,1.95,1.95,1.0,0.0,0.0,0.0,0.06666666666666667,0.13,0.0,0.0,0.0,0.0,0.0,2.0,0.0,0.06666666666666667,0.0,0.0,0.0,0.0,0.0,0.0,0.0,2.0,0.0,0.06666666666666667,0.0,0.0,1.0,0.0,3.85,3.85,1.0,0.0,0.0,0.0,0.06666666666666667,0.25666666666666665,1.0,18.4,1.0,18.85,1.0,20.85,1.0,18.85,1.0,18.85,1.0,16.95,0.0,0.0,0.0,0.0,0.0,0.0,0.0,0.0,0.0,0.0,0.0,0.0
light_seed1,light,1,452.25,467.25,12.0,4.708113097753057,3.045833333333333,8.0,20.19999999999999,1.0,0.0,4.4,4.4,1.0,0.0,0.0,0.0,0.06666666666666667,0.29333333333333333,1.0,0.0,4.85,4.85,1.0,0.0,0.0,0.0,0.06666666666666667,0.3233333333333333,1.0,0.0,6.85,6.85,1.0,0.0,0.0,0.0,0.06666666666666667,0.45666666666666667,1.0,0.0,4.85,4.85,1.0,0.0,0.0,0.0,0.06666666666666667,0.3233333333333333,1.0,0.0,4.85,4.85,1.0,0.0,0.0,0.0,0.06666666666666667,0.3233333333333333,1.0,0.0,2.95,2.95,1.0,0.0,0.0,0.0,0.06666666666666667,0.19666666666666668,0.0,0.0,0.0,0.0,0.0,2.0,0.0,0.06666666666666667,0.0,0.0,0.0,0.0,0.0,0.0,0.0,2.0,0.0,0.06666666666666667,0.0,0.0,1.0,0.0,2.95,2.95,1.0,0.0,0.0,0.0,0.06666666666666667,0.19666666666666668,0.0,0.0,0.0,0.0,0.0,2.0,0.0,0.06666666666666667,0.0,0.0,0.0,0.0,0.0,0.0,0.0,2.0,0.0,0.06666666666666667,0.0,0.0,1.0,0.0,4.85,4.85,1.0,0.0,0.0,0.0,0.06666666666666667,0.3233333333333333,1.0,19.4,1.0,19.85,1.0,21.85,1.0,19.85,1.0,19.85,1.0,17.95,0.0,0.0,0.0,0.0,0.0,0.0,0.0,0.0,0.0,0.0,0.0,0.0
light_seed1,light,1,453.25,468.25,12.0,4.710943451293775,3.7125,8.0,21.19999999999999,1.0,0.0,5.4,5.4,1.0,0.0,0.0,0.0,0.06666666666666667,0.36000000000000004,1.0,0.0,5.85,5.85,1.0,0.0,0.0,0.0,0.06666666666666667,0.38999999999999996,1.0,0.0,7.85,7.85,1.0,0.0,0.0,0.0,0.06666666666666667,0.5233333333333333,1.0,0.0,5.85,5.85,1.0,0.0,0.0,0.0,0.06666666666666667,0.38999999999999996,1.0,0.0,5.85,5.85,1.0,0.0,0.0,0.0,0.06666666666666667,0.38999999999999996,1.0,0.0,3.95,3.95,1.0,0.0,0.0,0.0,0.06666666666666667,0.26333333333333336,0.0,0.0,0.0,0.0,0.0,2.0,0.0,0.06666666666666667,0.0,0.0,0.0,0.0,0.0,0.0,0.0,2.0,0.0,0.06666666666666667,0.0,0.0,1.0,0.0,3.95,3.95,1.0,0.0,0.0,0.0,0.06666666666666667,0.26333333333333336,0.0,0.0,0.0,0.0,0.0,2.0,0.0,0.06666666666666667,0.0,0.0,0.0,0.0,0.0,0.0,0.0,2.0,0.0,0.06666666666666667,0.0,0.0,1.0,0.0,5.85,5.85,1.0,0.0,0.0,0.0,0.06666666666666667,0.38999999999999996,1.0,20.4,1.0,20.85,1.0,22.85,1.0,20.85,1.0,20.85,1.0,18.95,0.0,0.0,0.0,0.0,0.0,0.0,0.0,0.0,0.0,0.0,0.0,0.0
light_seed1,light,1,454.25,469.25,12.0,4.7080679700212125,4.379166666666666,8.0,22.19999999999999,1.0,0.0,6.4,6.4,1.0,0.0,0.0,0.0,0.06666666666666667,0.4266666666666667,1.0,0.0,6.85,6.85,1.0,0.0,0.0,0.0,0.06666666666666667,0.45666666666666667,1.0,0.0,8.85,8.85,1.0,0.0,0.0,0.0,0.06666666666666667,0.59,1.0,0.0,6.85,6.85,1.0,0.0,0.0,0.0,0.06666666666666667,0.45666666666666667,1.0,0.0,6.85,6.85,1.0,0.0,0.0,0.0,0.06666666666666667,0.45666666666666667,1.0,0.0,4.95,4.95,1.0,0.0,0.0,0.0,0.06666666666666667,0.33,0.0,0.0,0.0,0.0,0.0,2.0,0.0,0.06666666666666667,0.0,0.0,0.0,0.0,0.0,0.0,0.0,2.0,0.0,0.06666666666666667,0.0,0.0,1.0,0.0,4.95,4.95,1.0,0.0,0.0,0.0,0.06666666666666667,0.33,0.0,0.0,0.0,0.0,0.0,2.0,0.0,0.06666666666666667,0.0,0.0,0.0,0.0,0.0,0.0,0.0,2.0,0.0,0.06666666666666667,0.0,0.0,1.0,0.0,6.85,6.85,1.0,0.0,0.0,0.0,0.06666666666666667,0.45666666666666667,1.0,21.4,1.0,21.85,1.0,23.85,1.0,21.85,1.0,21.85,1.0,19.95,0.0,0.0,0.0,0.0,0.0,0.0,0.0,0.0,0.0,0.0,0.0,0.0
light_seed1,light,1,455.25,470.25,12.0,4.704449597875773,5.045833333333333,8.0,23.19999999999999,1.0,0.0,7.4,7.4,1.0,0.0,0.0,0.0,0.06666666666666667,0.49333333333333335,1.0,0.0,7.85,7.85,1.0,0.0,0.0,0.0,0.06666666666666667,0.5233333333333333,1.0,0.0,9.85,9.85,1.0,0.0,0.0,0.0,0.06666666666666667,0.6566666666666666,1.0,0.0,7.85,7.85,1.0,0.0,0.0,0.0,0.06666666666666667,0.5233333333333333,1.0,0.0,7.85,7.85,1.0,0.0,0.0,0.0,0.06666666666666667,0.5233333333333333,1.0,0.0,5.95,5.95,1.0,0.0,0.0,0.0,0.06666666666666667,0.39666666666666667,0.0,0.0,0.0,0.0,0.0,2.0,0.0,0.06666666666666667,0.0,0.0,0.0,0.0,0.0,0.0,0.0,2.0,0.0,0.06666666666666667,0.0,0.0,1.0,0.0,5.95,5.95,1.0,0.0,0.0,0.0,0.06666666666666667,0.39666666666666667,0.0,0.0,0.0,0.0,0.0,2.0,0.0,0.06666666666666667,0.0,0.0,0.0,0.0,0.0,0.0,0.0,2.0,0.0,0.06666666666666667,0.0,0.0,1.0,0.0,7.85,7.85,1.0,0.0,0.0,0.0,0.06666666666666667,0.5233333333333333,1.0,22.4,1.0,22.85,1.0,24.85,1.0,22.85,1.0,22.85,1.0,20.95,0.0,0.0,0.0,0.0,0.0,0.0,0.0,0.0,0.0,0.0,0.0,0.0
light_seed1,light,1,456.25,471.25,12.0,4.702881484826921,5.7124999999999995,8.0,24.19999999999999,1.0,0.0,8.4,8.4,1.0,0.0,0.0,0.0,0.06666666666666667,0.56,1.0,0.0,8.85,8.85,1.0,0.0,0.0,0.0,0.06666666666666667,0.59,1.0,0.0,10.85,10.85,1.0,0.0,0.0,0.0,0.06666666666666667,0.7233333333333333,1.0,0.0,8.85,8.85,1.0,0.0,0.0,0.0,0.06666666666666667,0.59,1.0,0.0,8.85,8.85,1.0,0.0,0.0,0.0,0.06666666666666667,0.59,1.0,0.0,6.95,6.95,1.0,0.0,0.0,0.0,0.06666666666666667,0.4633333333333333,0.0,0.0,0.0,0.0,0.0,2.0,0.0,0.06666666666666667,0.0,0.0,0.0,0.0,0.0,0.0,0.0,2.0,0.0,0.06666666666666667,0.0,0.0,1.0,0.0,6.95,6.95,1.0,0.0,0.0,0.0,0.06666666666666667,0.4633333333333333,0.0,0.0,0.0,0.0,0.0,2.0,0.0,0.06666666666666667,0.0,0.0,0.0,0.0,0.0,0.0,0.0,2.0,0.0,0.06666666666666667,0.0,0.0,1.0,0.0,8.85,8.85,1.0,0.0,0.0,0.0,0.06666666666666667,0.59,1.0,23.4,1.0,23.85,1.0,25.85,1.0,23.85,1.0,23.85,1.0,21.95,0.0,0.0,0.0,0.0,0.0,0.0,0.0,0.0,0.0,0.0,0.0,0.0
light_seed1,light,1,457.25,472.25,11.0,3.6171716608937783,6.959090909090909,8.0,25.19999999999999,1.0,0.0,9.4,9.4,1.0,0.0,0.0,0.0,0.06666666666666667,0.6266666666666667,1.0,0.0,9.85,9.85,1.0,0.0,0.0,0.0,0.06666666666666667,0.6566666666666666,1.0,0.0,11.85,11.85,1.0,0.0,0.0,0.0,0.06666666666666667,0.7899999999999999,1.0,0.0,9.85,9.85,1.0,0.0,0.0,0.0,0.06666666666666667,0.6566666666666666,1.0,0.0,9.85,9.85,1.0,0.0,0.0,0.0,0.06666666666666667,0.6566666666666666,1.0,0.0,7.95,7.95,1.0,0.0,0.0,0.0,0.06666666666666667,0.53,0.0,0.0,0.0,0.0,0.0,2.0,0.0,0.06666666666666667,0.0,0.0,0.0,0.0,0.0,0.0,0.0,2.0,0.0,0.06666666666666667,0.0,0.0,1.0,0.0,7.95,7.95,1.0,0.0,0.0,0.0,0.06666666666666667,0.53,0.0,0.0,0.0,0.0,0.0,2.0,0.0,0.06666666666666667,0.0,0.0,0.0,0.0,0.0,0.0,0.0,2.0,0.0,0.06666666666666667,0.0,0.0,1.0,0.0,9.85,9.85,1.0,0.0,0.0,0.0,0.06666666666666667,0.6566666666666666,1.0,24.4,1.0,24.85,1.0,26.85,1.0,24.85,1.0,24.85,1.0,22.95,0.0,0.0,0.0,0.0,0.0,0.0,0.0,0.0,0.0,0.0,0.0,0.0
light_seed1,light,1,458.25,473.25,11.0,3.6164273679339747,7.6863636363636365,8.0,26.19999999999999,1.0,0.0,10.4,10.4,1.0,0.0,0.0,0.0,0.06666666666666667,0.6933333333333334,1.0,0.0,10.85,10.85,1.0,0.0,0.0,0.0,0.06666666666666667,0.7233333333333333,1.0,0.0,12.85,12.85,1.0,0.0,0.0,0.0,0.06666666666666667,0.8566666666666667,1.0,0.0,10.85,10.85,1.0,0.0,0.0,0.0,0.06666666666666667,0.7233333333333333,1.0,0.0,10.85,10.85,1.0,0.0,0.0,0.0,0.06666666666666667,0.7233333333333333,1.0,0.0,8.95,8.95,1.0,0.0,0.0,0.0,0.06666666666666667,0.5966666666666666,0.0,0.0,0.0,0.0,0.0,2.0,0.0,0.06666666666666667,0.0,0.0,0.0,0.0,0.0,0.0,0.0,2.0,0.0,0.06666666666666667,0.0,0.0,1.0,0.0,8.95,8.95,1.0,0.0,0.0,0.0,0.06666666666666667,0.5966666666666666,0.0,0.0,0.0,0.0,0.0,2.0,0.0,0.06666666666666667,0.0,0.0,0.0,0.0,0.0,0.0,0.0,2.0,0.0,0.06666666666666667,0.0,0.0,1.0,0.0,10.85,10.85,1.0,0.0,0.0,0.0,0.06666666666666667,0.7233333333333333,1.0,25.4,1.0,25.85,1.0,27.85,1.0,25.85,1.0,25.85,1.0,23.95,0.0,0.0,0.0,0.0,0.0,0.0,0.0,0.0,0.0,0.0,0.0,0.0
light_seed1,light,1,459.25,474.25,11.0,3.6200531917746006,8.413636363636364,8.0,27.19999999999999,1.0,0.0,11.4,11.4,1.0,0.0,0.0,0.0,0.06666666666666667,0.76,1.0,0.0,11.85,11.85,1.0,0.0,0.0,0.0,0.06666666666666667,0.7899999999999999,1.0,0.0,13.85,13.85,1.0,0.0,0.0,0.0,0.06666666666666667,0.9233333333333333,1.0,0.0,11.85,11.85,1.0,0.0,0.0,0.0,0.06666666666666667,0.7899999999999999,1.0,0.0,11.85,11.85,1.0,0.0,0.0,0.0,0.06666666666666667,0.7899999999999999,1.0,0.0,9.95,9.95,1.0,0.0,0.0,0.0,0.06666666666666667,0.6633333333333333,0.0,0.0,0.0,0.0,0.0,2.0,0.0,0.0,0.0,0.0,0.0,0.0,0.0,0.0,0.0,2.0,0.0,0.06666666666666667,0.0,0.0,1.0,0.0,9.95,9.95,1.0,0.0,0.0,0.0,0.06666666666666667,0.6633333333333333,0.0,0.0,0.0,0.0,0.0,2.0,0.0,0.06666666666666667,0.0,0.0,0.0,0.0,0.0,0.0,0.0,2.0,0.0,0.06666666666666667,0.0,0.0,1.0,0.0,11.85,11.85,1.0,0.0,0.0,0.0,0.06666666666666667,0.7899999999999999,1.0,26.4,1.0,26.85,1.0,28.85,1.0,26.85,1.0,26.85,1.0,24.95,0.0,0.0,0.0,0.0,0.0,0.0,0.0,0.0,0.0,0.0,0.0,0.0
light_seed1,light,1,460.25,475.25,11.0,3.616457138635336,9.14090909090909,8.0,28.19999999999999,1.0,0.0,12.4,12.4,1.0,0.0,0.0,0.0,0.06666666666666667,0.8266666666666667,1.0,0.0,12.85,12.85,1.0,0.0,0.0,0.0,0.06666666666666667,0.8566666666666667,1.0,0.0,14.85,14.85,1.0,0.0,0.0,0.0,0.06666666666666667,0.99,1.0,0.0,12.85,12.85,1.0,0.0,0.0,0.0,0.06666666666666667,0.8566666666666667,1.0,0.0,12.85,12.85,1.0,0.0,0.0,0.0,0.06666666666666667,0.8566666666666667,1.0,0.0,10.95,10.95,1.0,0.0,0.0,0.0,0.06666666666666667,0.73,0.0,0.0,0.0,0.0,0.0,2.0,0.0,0.0,0.0,0.0,0.0,0.0,0.0,0.0,0.0,2.0,0.0,0.06666666666666667,0.0,0.0,1.0,0.0,10.95,10.95,1.0,0.0,0.0,0.0,0.06666666666666667,0.73,0.0,0.0,0.0,0.0,0.0,2.0,0.0,0.06666666666666667,0.0,0.0,0.0,0.0,0.0,0.0,0.0,2.0,0.0,0.06666666666666667,0.0,0.0,1.0,0.0,12.85,12.85,1.0,0.0,0.0,0.0,0.06666666666666667,0.8566666666666667,1.0,27.4,1.0,27.85,1.0,29.85,1.0,27.85,1.0,27.85,1.0,25.95,0.0,0.0,0.0,0.0,0.0,0.0,0.0,0.0,0.0,0.0,0.0,0.0
light_seed1,light,1,461.25,476.25,10.0,2.580662896993803,10.855,8.0,29.19999999999999,1.0,0.0,13.4,13.4,1.0,0.0,0.0,0.0,0.06666666666666667,0.8933333333333333,1.0,0.0,13.85,13.85,1.0,0.0,0.0,0.0,0.06666666666666667,0.9233333333333333,1.0,0.0,15.85,15.85,1.0,0.0,0.0,0.0,0.0,1.0,1.0,0.0,13.85,13.85,1.0,0.0,0.0,0.0,0.06666666666666667,0.9233333333333333,1.0,0.0,13.85,13.85,1.0,0.0,0.0,0.0,0.06666666666666667,0.9233333333333333,1.0,0.0,11.95,11.95,1.0,0.0,0.0,0.0,0.06666666666666667,0.7966666666666666,0.0,0.0,0.0,0.0,0.0,2.0,0.0,0.0,0.0,0.0,0.0,0.0,0.0,0.0,0.0,2.0,0.0,0.06666666666666667,0.0,0.0,1.0,0.0,11.95,11.95,1.0,0.0,0.0,0.0,0.06666666666666667,0.7966666666666666,0.0,0.0,0.0,0.0,0.0,2.0,0.0,0.0,0.0,0.0,0.0,0.0,0.0,0.0,0.0,2.0,0.0,0.0,0.0,0.0,1.0,0.0,13.85,13.85,1.0,0.0,0.0,0.0,0.06666666666666667,0.9233333333333333,1.0,28.4,1.0,28.85,1.0,30.85,1.0,28.85,1.0,28.85,1.0,26.95,0.0,0.0,0.0,0.0,0.0,0.0,0.0,0.0,0.0,0.0,0.0,0.0
light_seed1,light,1,462.25,477.25,9.0,1.331402128977546,12.95,8.0,0.19999999999998863,1.0,0.0,14.4,14.4,1.0,0.0,0.0,0.0,0.06666666666666667,0.9600000000000001,1.0,0.0,14.85,14.85,1.0,0.0,0.0,0.0,0.06666666666666667,0.99,1.0,0.0,16.85,16.85,1.0,0.0,0.0,0.0,0.0,1.0000000000000002,1.0,0.0,14.85,14.85,1.0,0.0,0.0,0.0,0.06666666666666667,0.99,1.0,0.0,14.85,14.85,1.0,0.0,0.0,0.0,0.06666666666666667,0.99,1.0,0.0,12.95,12.95,1.0,0.0,0.0,0.0,0.06666666666666667,0.8633333333333333,0.0,0.0,0.0,0.0,0.0,1.0,0.0,0.0,0.0,0.0,0.0,0.0,0.0,0.0,0.0,1.0,0.0,0.06666666666666667,0.0,0.0,1.0,0.0,12.95,12.95,1.0,0.0,0.0,0.0,0.06666666666666667,0.8633333333333333,0.0,0.0,0.0,0.0,0.0,1.0,0.0,0.0,0.0,0.0,0.0,0.0,0.0,0.0,0.0,1.0,0.0,0.0,0.0,0.0,1.0,0.0,14.85,14.85,1.0,0.0,0.0,0.0,0.06666666666666667,0.99,2.0,14.7,2.0,14.925,2.0,15.925,2.0,14.925,2.0,14.925,2.0,13.975,1.0,0.0,1.0,0.0,1.0,0.0,1.0,0.0,1.0,0.0,1.0,0.0
light_seed1,light,1,463.25,478.25,9.0,1.33160247834865,13.838888888888889,8.0,1.1999999999999886,1.0,0.0,15.4,15.4,1.0,0.0,0.0,0.0,0.0,1.0,1.0,0.0,15.85,15.85,1.0,0.0,0.0,0.0,0.0,1.0,1.0,0.0,17.85,17.85,1.0,0.0,0.0,0.0,0.0,1.0000000000000002,1.0,0.0,15.85,15.85,1.0,0.0,0.0,0.0,0.0,1.0,1.0,0.0,15.85,15.85,1.0,0.0,0.0,0.0,0.0,1.0,1.0,0.0,13.95,13.95,1.0,0.0,0.0,0.0,0.06666666666666667,0.9299999999999999,0.0,0.0,0.0,0.0,0.0,1.0,0.0,0.0,0.0,0.0,0.0,0.0,0.0,0.0,0.0,1.0,0.0,0.0,0.0,0.0,1.0,0.0,13.95,13.95,1.0,0.0,0.0,0.0,0.06666666666666667,0.9299999999999999,0.0,0.0,0.0,0.0,0.0,1.0,0.0,0.0,0.0,0.0,0.0,0.0,0.0,0.0,0.0,1.0,0.0,0.0,0.0,0.0,1.0,0.0,15.85,15.85,1.0,0.0,0.0,0.0,0.0,1.0,2.0,15.2,2.0,15.425,2.0,16.425,2.0,15.425,2.0,15.425,2.0,14.475,1.0,0.0,1.0,0.0,1.0,0.0,1.0,0.0,1.0,0.0,1.0,0.0
light_seed1,light,1,464.25,479.25,9.0,1.3308793273265473,14.72777777777778,8.0,2.1999999999999886,1.0,0.0,16.4,16.4,1.0,0.0,0.0,0.0,0.0,0.9999999999999999,1.0,0.0,16.85,16.85,1.0,0.0,0.0,0.0,0.0,1.0000000000000002,1.0,0.0,18.85,18.85,1.0,0.0,0.0,0.0,0.0,1.0000000000000002,1.0,0.0,16.85,16.85,1.0,0.0,0.0,0.0,0.0,1.0000000000000002,1.0,0.0,16.85,16.85,1.0,0.0,0.0,0.0,0.0,1.0000000000000002,1.0,0.0,14.95,14.95,1.0,0.0,0.0,0.0,0.06666666666666667,0.9966666666666666,0.0,0.0,0.0,0.0,0.0,1.0,0.0,0.0,0.0,0.0,0.0,0.0,0.0,0.0,0.0,1.0,0.0,0.0,0.0,0.0,1.0,0.0,14.95,14.95,1.0,0.0,0.0,0.0,0.06666666666666667,0.9966666666666666,0.0,0.0,0.0,0.0,0.0,1.0,0.0,0.0,0.0,0.0,0.0,0.0,0.0,0.0,0.0,1.0,0.0,0.0,0.0,0.0,1.0,0.0,16.85,16.85,1.0,0.0,0.0,0.0,0.0,1.0000000000000002,2.0,15.7,2.0,15.925,2.0,16.925,2.0,15.925,2.0,15.925,2.0,14.975,1.0,0.0,1.0,0.0,1.0,0.0,1.0,0.0,1.0,0.0,1.0,0.0
light_seed1,light,1,465.25,480.25,9.0,1.4561491295543114,11.86111111111111,6.0,0.19999999999998863,1.0,0.0,17.4,17.4,1.0,0.0,0.0,0.0,0.0,0.9999999999999999,1.0,0.0,17.85,17.85,1.0,0.0,0.0,0.0,0.0,1.0000000000000002,1.0,0.0,19.85,19.85,1.0,0.0,0.0,0.0,0.0,1.0000000000000002,1.0,0.0,17.85,17.85,1.0,0.0,0.0,0.0,0.0,1.0000000000000002,1.0,0.0,17.85,17.85,1.0,0.0,0.0,0.0,0.0,1.0000000000000002,1.0,0.0,15.95,15.95,1.0,0.0,0.0,0.0,0.0,1.0,0.0,0.0,0.0,0.0,0.0,0.0,0.0,0.0,0.0,0.0,0.0,0.0,0.0,0.0,0.0,0.0,0.0,0.0,0.0,0.0,1.0,0.48623436773998174,0.0,0.0,0.0,2.0,0.0,0.0,-0.06666666666666667,-0.06333333333333332,0.0,0.0,0.0,0.0,0.0,0.0,0.0,0.0,0.0,0.0,0.0,0.0,0.0,0.0,0.0,0.0,0.0,0.0,0.0,0.0,1.0,0.6272322400606364,0.0,0.0,0.0,2.0,0.0,0.0,-0.06666666666666667,-0.19,2.0,0.0,2.0,0.0,2.0,17.425,2.0,0.0,2.0,0.0,2.0,15.475,1.0,0.0,1.0,0.0,1.0,0.0,1.0,0.0,1.0,0.0,1.0,0.0
light_seed1,light,1,466.25,481.25,9.0,1.8887885067279828,12.527777777777779,6.0,1.1999999999999886,1.0,0.0,18.4,18.4,1.0,0.0,0.0,0.0,0.0,0.9999999999999999,1.0,0.0,18.85,18.85,1.0,0.0,0.0,0.0,0.0,1.0000000000000002,1.0,0.0,20.85,20.85,1.0,0.0,0.0,0.0,0.0,1.0000000000000002,1.0,0.0,18.85,18.85,1.0,0.0,0.0,0.0,0.0,1.0000000000000002,1.0,0.0,18.85,18.85,1.0,0.0,0.0,0.0,0.0,1.0000000000000002,1.0,0.0,16.95,16.95,1.0,0.0,0.0,0.0,0.0,1.0,0.0,0.0,0.0,0.0,0.0,0.0,0.0,0.0,0.0,0.0,0.0,0.0,0.0,0.0,0.0,0.0,0.0,0.0,0.0,0.0,0.0,0.0,0.0,0.0,0.0,2.0,0.0,0.06666666666666667,-0.06666666666666667,-0.13,0.0,0.0,0.0,0.0,0.0,0.0,0.0,0.0,0.0,0.0,0.0,0.0,0.0,0.0,0.0,0.0,0.0,0.0,0.0,0.0,0.0,0.0,0.0,0.0,0.0,2.0,0.0,0.06666666666666667,-0.06666666666666667,-0.25666666666666665,1.0,0.0,1.0,0.0,2.0,17.925,1.0,0.0,1.0,0.0,2.0,15.975,1.0,0.0,1.0,0.0,1.0,0.0,1.0,0.0,1.0,0.0,1.0,0.0
light_seed1,light,1,467.25,482.25,8.0,1.0800128804997442,14.84375,6.0,2.1999999999999886,1.0,0.0,19.4,19.4,1.0,0.0,0.0,0.0,0.0,0.9999999999999999,1.0,0.0,19.85,19.85,1.0,0.0,0.0,0.0,0.0,1.0000000000000002,1.0,0.0,21.85,21.85,1.0,0.0,0.0,0.0,0.0,1.0000000000000002,1.0,0.0,19.85,19.85,1.0,0.0,0.0,0.0,0.0,1.0000000000000002,1.0,0.0,19.85,19.85,1.0,0.0,0.0,0.0,0.0,1.0000000000000002,1.0,0.0,17.95,17.95,1.0,0.0,0.0,0.0,0.0,1.0,0.0,0.0,0.0,0.0,0.0,0.0,0.0,0.0,0.0,0.0,0.0,0.0,0.0,0.0,0.0,0.0,0.0,0.0,0.0,0.0,0.0,0.0,0.0,0.0,0.0,2.0,0.0,0.06666666666666667,-0.06666666666666667,-0.19666666666666668,0.0,0.0,0.0,0.0,0.0,0.0,0.0,0.0,0.0,0.0,0.0,0.0,0.0,0.0,0.0,0.0,0.0,0.0,0.0,0.0,0.0,0.0,0.0,0.0,0.0,2.0,0.0,0.06666666666666667,-0.06666666666666667,-0.3233333333333333,1.0,0.0,1.0,0.0,2.0,18.425,1.0,0.0,1.0,0.0,2.0,16.475,1.0,0.0,1.0,0.0,1.0,0.0,1.0,0.0,1.0,0.0,1.0,0.0
light_seed1,light,1,468.25,483.25,8.0,1.5311612825040712,15.59375,6.0,3.1999999999999886,1.0,0.0,20.4,20.4,1.0,0.0,0.0,0.0,0.0,0.9999999999999999,1.0,0.0,20.85,20.85,1.0,0.0,0.0,0.0,0.0,1.0000000000000002,1.0,0.0,22.85,22.85,1.0,0.0,0.0,0.0,0.0,1.0000000000000002,1.0,0.0,20.85,20.85,1.0,0.0,0.0,0.0,0.0,1.0000000000000002,1.0,0.0,20.85,20.85,1.0,0.0,0.0,0.0,0.0,1.0000000000000002,1.0,0.0,18.95,18.95,1.0,0.0,0.0,0.0,0.0,1.0,0.0,0.0,0.0,0.0,0.0,0.0,0.0,0.0,0.0,0.0,0.0,0.0,0.0,0.0,0.0,0.0,0.0,0.0,0.0,0.0,0.0,0.0,0.0,0.0,0.0,2.0,0.0,0.06666666666666667,-0.06666666666666667,-0.26333333333333336,0.0,0.0,0.0,0.0,0.0,0.0,0.0,0.0,0.0,0.0,0.0,0.0,0.0,0.0,0.0,0.0,0.0,0.0,0.0,0.0,0.0,0.0,0.0,0.0,0.0,2.0,0.0,0.06666666666666667,-0.06666666666666667,-0.38999999999999996,1.0,0.0,1.0,0.0,2.0,18.925,1.0,0.0,1.0,0.0,2.0,16.975,1.0,0.0,1.0,0.0,1.0,0.0,1.0,0.0,1.0,0.0,1.0,0.0
light_seed1,light,1,469.25,484.25,8.0,1.9852589212234655,16.34375,6.0,4.199999999999989,1.0,0.0,21.4,21.4,1.0,0.0,0.0,0.0,0.0,0.9999999999999999,1.0,0.0,21.85,21.85,1.0,0.0,0.0,0.0,0.0,1.0000000000000002,1.0,0.0,23.85,23.85,1.0,0.0,0.0,0.0,0.0,1.0000000000000002,1.0,0.0,21.85,21.85,1.0,0.0,0.0,0.0,0.0,1.0000000000000002,1.0,0.0,21.85,21.85,1.0,0.0,0.0,0.0,0.0,1.0000000000000002,1.0,0.0,19.95,19.95,1.0,0.0,0.0,0.0,0.0,1.0,0.0,0.0,0.0,0.0,0.0,0.0,0.0,0.0,0.0,0.0,0.0,0.0,0.0,0.0,0.0,0.0,0.0,0.0,0.0,0.0,0.0,0.0,0.0,0.0,0.0,2.0,0.0,0.06666666666666667,-0.06666666666666667,-0.33,0.0,0.0,0.0,0.0,0.0,0.0,0.0,0.0,0.0,0.0,0.0,0.0,0.0,0.0,0.0,0.0,0.0,0.0,0.0,0.0,0.0,0.0,0.0,0.0,0.0,2.0,0.0,0.06666666666666667,-0.06666666666666667,-0.45666666666666667,1.0,0.0,1.0,0.0,2.0,19.425,1.0,0.0,1.0,0.0,2.0,17.475,1.0,0.0,1.0,0.0,1.0,0.0,1.0,0.0,1.0,0.0,1.0,0.0
light_seed1,light,1,470.25,485.25,8.0,2.4315505197247322,17.09375,6.0,5.199999999999989,1.0,0.0,22.4,22.4,1.0,0.0,0.0,0.0,0.0,0.9999999999999999,1.0,0.0,22.85,22.85,1.0,0.0,0.0,0.0,0.0,1.0000000000000002,1.0,0.0,24.85,24.85,1.0,0.0,0.0,0.0,0.0,1.0000000000000002,1.0,0.0,22.85,22.85,1.0,0.0,0.0,0.0,0.0,1.0000000000000002,1.0,0.0,22.85,22.85,1.0,0.0,0.0,0.0,0.0,1.0000000000000002,1.0,0.0,20.95,20.95,1.0,0.0,0.0,0.0,0.0,1.0,0.0,0.0,0.0,0.0,0.0,0.0,0.0,0.0,0.0,0.0,0.0,0.0,0.0,0.0,0.0,0.0,0.0,0.0,0.0,0.0,0.0,0.0,0.0,0.0,0.0,2.0,0.0,0.06666666666666667,-0.06666666666666667,-0.39666666666666667,0.0,0.0,0.0,0.0,0.0,0.0,0.0,0.0,0.0,0.0,0.0,0.0,0.0,0.0,0.0,0.0,0.0,0.0,0.0,0.0,0.0,0.0,0.0,0.0,0.0,2.0,0.0,0.06666666666666667,-0.06666666666666667,-0.5233333333333333,1.0,0.0,1.0,0.0,2.0,19.925,1.0,0.0,1.0,0.0,2.0,17.975,1.0,0.0,1.0,0.0,1.0,0.0,1.0,0.0,1.0,0.0,1.0,0.0
light_seed1,light,1,471.25,486.25,8.0,2.8934969837229074,17.84375,6.0,6.199999999999989,1.0,0.0,23.4,23.4,1.0,0.0,0.0,0.0,0.0,0.9999999999999999,1.0,0.0,23.85,23.85,1.0,0.0,0.0,0.0,0.0,1.0000000000000002,1.0,0.0,25.85,25.85,1.0,0.0,0.0,0.0,0.0,1.0000000000000002,1.0,0.0,23.85,23.85,1.0,0.0,0.0,0.0,0.0,1.0000000000000002,1.0,0.0,23.85,23.85,1.0,0.0,0.0,0.0,0.0,1.0000000000000002,1.0,0.0,21.95,21.95,1.0,0.0,0.0,0.0,0.0,1.0,0.0,0.0,0.0,0.0,0.0,0.0,0.0,0.0,0.0,0.0,0.0,0.0,0.0,0.0,0.0,0.0,0.0,0.0,0.0,0.0,0.0,0.0,0.0,0.0,0.0,2.0,0.0,0.06666666666666667,-0.06666666666666667,-0.4633333333333333,0.0,0.0,0.0,0.0,0.0,0.0,0.0,0.0,0.0,0.0,0.0,0.0,0.0,0.0,0.0,0.0,0.0,0.0,0.0,0.0,0.0,0.0,0.0,0.0,0.0,2.0,0.0,0.06666666666666667,-0.06666666666666667,-0.59,1.0,0.0,1.0,0.0,2.0,20.425,1.0,0.0,1.0,0.0,2.0,18.475,1.0,0.0,1.0,0.0,1.0,0.0,1.0,0.0,1.0,0.0,1.0,0.0
light_seed1,light,1,472.25,487.25,8.0,3.231983266516181,18.59375,6.0,7.199999999999989,1.0,0.0,24.4,24.4,1.0,0.0,0.0,0.0,0.0,0.9999999999999999,1.0,0.0,24.85,24.85,1.0,0.0,0.0,0.0,0.0,1.0000000000000002,1.0,0.0,26.85,26.85,1.0,0.0,0.0,0.0,0.0,1.0000000000000002,1.0,0.0,24.85,24.85,1.0,0.0,0.0,0.0,0.0,1.0000000000000002,1.0,0.0,24.85,24.85,1.0,0.0,0.0,0.0,0.0,1.0000000000000002,1.0,0.0,22.95,22.95,1.0,0.0,0.0,0.0,0.0,1.0,0.0,0.0,0.0,0.0,0.0,0.0,0.0,0.0,0.0,0.0,0.0,0.0,0.0,0.0,0.0,0.0,0.0,0.0,0.0,0.0,0.0,0.0,0.0,0.0,0.0,2.0,0.0,0.06666666666666667,-0.06666666666666667,-0.53,0.0,0.0,0.0,0.0,0.0,0.0,0.0,0.0,0.0,0.0,0.0,0.0,0.0,0.0,0.0,0.0,0.0,0.0,0.0,0.0,0.0,0.0,0.0,0.0,0.0,2.0,0.0,0.06666666666666667,-0.06666666666666667,-0.6566666666666666,1.0,0.0,1.0,0.0,2.0,20.925,1.0,0.0,1.0,0.0,2.0,18.975,1.0,0.0,1.0,0.0,1.0,0.0,1.0,0.0,1.0,0.0,1.0,0.0
light_seed1,light,1,473.25,488.25,8.0,3.227743196199881,19.34375,6.0,8.199999999999989,1.0,0.0,25.4,25.4,1.0,0.0,0.0,0.0,0.0,0.9999999999999999,1.0,0.0,25.85,25.85,1.0,0.0,0.0,0.0,0.0,1.0000000000000002,1.0,0.0,27.85,27.85,1.0,0.0,0.0,0.0,0.0,1.0000000000000002,1.0,0.0,25.85,25.85,1.0,0.0,0.0,0.0,0.0,1.0000000000000002,1.0,0.0,25.85,25.85,1.0,0.0,0.0,0.0,0.0,1.0000000000000002,1.0,0.0,23.95,23.95,1.0,0.0,0.0,0.0,0.0,1.0,0.0,0.0,0.0,0.0,0.0,0.0,0.0,0.0,0.0,0.0,0.0,0.0,0.0,0.0,0.0,0.0,0.0,0.0,0.0,0.0,0.0,0.0,0.0,0.0,0.0,2.0,0.0,0.06666666666666667,-0.06666666666666667,-0.5966666666666666,0.0,0.0,0.0,0.0,0.0,0.0,0.0,0.0,0.0,0.0,0.0,0.0,0.0,0.0,0.0,0.0,0.0,0.0,0.0,0.0,0.0,0.0,0.0,0.0,0.0,2.0,0.0,0.06666666666666667,-0.06666666666666667,-0.7233333333333333,1.0,0.0,1.0,0.0,2.0,21.425,1.0,0.0,1.0,0.0,2.0,19.475,1.0,0.0,1.0,0.0,1.0,0.0,1.0,0.0,1.0,0.0,1.0,0.0
light_seed1,light,1,474.25,489.25,8.0,3.227477731907129,20.09375,6.0,9.199999999999989,1.0,0.0,26.4,26.4,1.0,0.0,0.0,0.0,0.0,0.9999999999999999,1.0,0.0,26.85,26.85,1.0,0.0,0.0,0.0,0.0,1.0000000000000002,1.0,0.0,28.85,28.85,1.0,0.0,0.0,0.0,0.0,1.0000000000000002,1.0,0.0,26.85,26.85,1.0,0.0,0.0,0.0,0.0,1.0000000000000002,1.0,0.0,26.85,26.85,1.0,0.0,0.0,0.0,0.0,1.0000000000000002,1.0,0.0,24.95,24.95,1.0,0.0,0.0,0.0,0.0,1.0,0.0,0.0,0.0,0.0,0.0,0.0,0.0,0.0,0.0,0.0,0.0,0.0,0.0,0.0,0.0,0.0,0.0,0.0,0.0,0.0,0.0,0.0,0.0,0.0,0.0,2.0,0.0,0.06666666666666667,-0.06666666666666667,-0.6633333333333333,0.0,0.0,0.0,0.0,0.0,0.0,0.0,0.0,0.0,0.0,0.0,0.0,0.0,0.0,0.0,0.0,0.0,0.0,0.0,0.0,0.0,0.0,0.0,0.0,0.0,2.0,0.0,0.06666666666666667,-0.06666666666666667,-0.7899999999999999,1.0,0.0,1.0,0.0,2.0,21.925,1.0,0.0,1.0,0.0,2.0,19.975,1.0,0.2,1.0,0.0,1.0,0.0,1.0,0.0,1.0,0.0,1.0,0.0
light_seed1,light,1,475.25,490.25,8.0,3.2267803801714035,20.84375,6.0,10.199999999999989,1.0,0.0,27.4,27.4,1.0,0.0,0.0,0.0,0.0,0.9999999999999999,1.0,0.0,27.85,27.85,1.0,0.0,0.0,0.0,0.0,1.0000000000000002,1.0,0.0,29.85,29.85,1.0,0.0,0.0,0.0,0.0,1.0000000000000002,1.0,0.0,27.85,27.85,1.0,0.0,0.0,0.0,0.0,1.0000000000000002,1.0,0.0,27.85,27.85,1.0,0.0,0.0,0.0,0.0,1.0000000000000002,1.0,0.0,25.95,25.95,1.0,0.0,0.0,0.0,0.0,1.0,0.0,0.0,0.0,0.0,0.0,0.0,0.0,0.0,0.0,0.0,0.0,0.0,0.0,0.0,0.0,0.0,0.0,0.0,0.0,0.0,0.0,0.0,0.0,0.0,0.0,2.0,0.0,0.06666666666666667,-0.06666666666666667,-0.73,0.0,0.0,0.0,0.0,0.0,0.0,0.0,0.0,0.0,0.0,0.0,0.0,0.0,0.0,0.0,0.0,0.0,0.0,0.0,0.0,0.0,0.0,0.0,0.0,0.0,2.0,0.0,0.06666666666666667,-0.06666666666666667,-0.8566666666666667,1.0,0.0,1.0,0.0,2.0,22.425,1.0,0.0,1.0,0.0,2.0,20.475,1.0,1.2,1.0,0.0,1.0,0.0,1.0,0.8,1.0,0.0,1.0,0.0
light_seed1,light,1,476.25,491.25,8.0,3.2268362995666395,21.59375,6.0,11.199999999999989,1.0,0.0,28.4,28.4,1.0,0.0,0.0,0.0,0.0,0.9999999999999999,1.0,0.0,28.85,28.85,1.0,0.0,0.0,0.0,0.0,1.0000000000000002,1.0,0.0,30.85,30.85,1.0,0.0,0.0,0.0,0.0,1.0000000000000002,1.0,0.0,28.85,28.85,1.0,0.0,0.0,0.0,0.0,1.0000000000000002,1.0,0.0,28.85,28.85,1.0,0.0,0.0,0.0,0.0,1.0000000000000002,1.0,0.0,26.95,26.95,1.0,0.0,0.0,0.0,0.0,1.0,0.0,0.0,0.0,0.0,0.0,0.0,0.0,0.0,0.0,0.0,0.0,0.0,0.0,0.0,0.0,0.0,0.0,0.0,0.0,0.0,0.0,0.0,0.0,0.0,0.0,2.0,0.0,0.06666666666666667,-0.06666666666666667,-0.7966666666666666,0.0,0.0,0.0,0.0,0.0,0.0,0.0,0.0,0.0,0.0,0.0,0.0,0.0,0.0,0.0,0.0,0.0,0.0,0.0,0.0,0.0,0.0,0.0,0.0,0.0,2.0,0.0,0.06666666666666667,-0.06666666666666667,-0.9233333333333333,1.0,0.0,0.0,0.0,2.0,22.925,1.0,0.0,0.0,0.0,2.0,20.975,1.0,2.2,1.0,0.5,1.0,0.35,1.0,1.8,1.0,0.2,1.0,0.95
light_seed1,light,1,477.25,492.25,20.0,6.105425761813272,8.9375,6.0,0.19999999999998863,2.0,0.8050239738505833,14.7,29.4,1.0,0.0,0.06666666666666667,0.0,0.0,0.019999999999999928,2.0,0.8369102790038986,14.925,29.85,1.0,0.0,0.06666666666666667,0.0,0.0,0.005000000000000071,2.0,0.9598246408926415,15.925,31.85,1.0,0.0,0.06666666666666667,0.0,0.0,-0.06166666666666672,2.0,0.7970431440686432,14.925,29.85,1.0,0.0,0.06666666666666667,0.0,0.0,0.005000000000000071,2.0,0.9272148596350808,14.925,29.85,1.0,0.0,0.06666666666666667,0.0,0.0,0.005000000000000071,2.0,0.7844305865000067,13.975,27.95,1.0,0.0,0.06666666666666667,0.0,0.0,0.06833333333333336,1.0,15.039516732606577,0.0,0.0,0.0,0.0,0.06666666666666667,0.0,0.0,0.0,1.0,13.918032941441522,0.0,0.0,0.0,0.0,0.06666666666666667,0.0,0.0,0.0,1.0,13.681539028728393,0.0,0.0,0.0,1.0,0.06666666666666667,0.06666666666666667,-0.06666666666666667,-0.8633333333333333,1.0,15.206208153001509,0.0,0.0,0.0,0.0,0.06666666666666667,0.0,0.0,0.0,1.0,13.720761070419774,0.0,0.0,0.0,0.0,0.06666666666666667,0.0,0.0,0.0,1.0,14.486339738765489,0.0,0.0,0.0,1.0,0.06666666666666667,0.06666666666666667,-0.06666666666666667,-0.99,0.0,0.0,0.0,0.0,2.0,23.425,1.0,0.0,0.0,0.0,2.0,21.475,1.0,3.2,1.0,1.5,1.0,1.35,1.0,2.8,1.0,1.2,1.0,1.95
light_seed1,light,1,478.25,493.25,20.0,7.019492556055381,9.2375,6.0,1.1999999999999886,2.0,2.1536332626792243,15.2,30.4,1.0,0.0,0.06666666666666667,0.0,0.0,-0.013333333333333404,2.0,2.1445988700379393,15.425,30.85,1.0,0.0,0.06666666666666667,0.0,0.0,-0.028333333333333263,2.0,2.254815571726526,16.425,32.85,1.0,0.0,0.06666666666666667,0.0,0.0,-0.09500000000000004,2.0,2.0568881894159414,15.425,30.85,1.0,0.0,0.06666666666666667,0.0,0.0,-0.028333333333333263,2.0,2.3803896496914123,15.425,30.85,1.0,0.0,0.06666666666666667,0.0,0.0,-0.028333333333333263,2.0,2.1668376681456634,14.475,28.95,1.0,0.0,0.06666666666666667,0.0,0.0,0.035000000000000024,1.0,16.644432673418198,0.0,0.0,0.0,0.0,0.06666666666666667,0.0,0.0,0.0,1.0,13.914592751767957,0.0,0.0,0.0,0.0,0.06666666666666667,0.0,0.0,0.0,1.0,13.723755940665969,0.0,0.0,0.0,1.0,0.06666666666666667,0.06666666666666667,-0.06666666666666667,-0.9299999999999999,1.0,15.836324278737168,0.0,0.0,0.0,0.0,0.06666666666666667,0.0,0.0,0.0,1.0,13.696964533486144,0.0,0.0,0.0,0.0,0.06666666666666667,0.0,0.0,0.0,1.0,14.433658185366763,0.0,0.0,0.0,1.0,0.06666666666666667,0.06666666666666667,-0.06666666666666667,-1.0566666666666666,0.0,0.0,0.0,0.0,2.0,23.925,0.0,0.0,0.0,0.0,2.0,21.975,1.0,4.2,1.0,2.5,1.0,2.35,1.0,3.8,1.0,2.2,1.0,2.95
light_seed1,light,1,479.25,494.25,20.0,7.779713933106531,9.5375,6.0,2.1999999999999886,2.0,3.474218910392964,15.7,31.4,1.0,0.0,0.06666666666666667,0.0,0.0,-0.04666666666666662,2.0,3.3698064195321633,15.925,31.85,1.0,0.0,0.06666666666666667,0.0,0.0,-0.06166666666666672,2.0,3.509361498052131,16.925,33.85,1.0,0.0,0.06666666666666667,0.0,0.0,-0.12833333333333338,2.0,3.2354881986283264,15.925,31.85,1.0,0.0,0.06666666666666667,0.0,0.0,-0.06166666666666672,2.0,3.775614102935712,15.925,31.85,1.0,0.0,0.06666666666666667,0.0,0.0,-0.06166666666666672,2.0,3.4360689125487167,14.975,29.95,1.0,0.0,0.06666666666666667,0.0,0.0,0.0016666666666666904,1.0,16.581088439129527,0.0,0.0,0.0,0.0,0.06666666666666667,0.0,0.0,0.0,1.0,13.83753536851891,0.0,0.0,0.0,0.0,0.06666666666666667,0.0,0.0,0.0,1.0,13.770836603219166,0.0,0.0,0.0,1.0,0.06666666666666667,0.06666666666666667,-0.06666666666666667,-0.9966666666666666,1.0,15.844024527454032,0.0,0.0,0.0,0.0,0.06666666666666667,0.0,0.0,0.0,1.0,13.69187388364479,0.0,0.0,0.0,0.0,0.06666666666666667,0.0,0.0,0.0,1.0,14.439868832723693,0.0,0.0,0.0,1.0,0.06666666666666667,0.06666666666666667,-0.06666666666666667,-1.1233333333333335,0.0,0.0,0.0,0.0,2.0,24.900000000000002,0.0,0.0,0.0,0.0,2.0,22.475,1.0,5.2,1.0,3.5,1.0,3.35,1.0,4.8,1.0,3.2,1.0,3.95
light_seed1,light,1,480.25,495.25,20.0,8.635591129808917,3.29,2.0,0.19999999999998863,2.0,4.967504849956114,0.0,0.0,0.0,2.0,0.06666666666666667,0.0,-0.06666666666666667,-1.16,2.0,4.91952445859779,0.0,0.0,0.0,2.0,0.06666666666666667,0.0,-0.06666666666666667,-1.1900000000000002,2.0,4.849241558436884,17.425,34.85,1.0,0.0,0.06666666666666667,0.0,0.0,-0.1616666666666667,2.0,4.7830342382448405,0.0,0.0,0.0,2.0,0.06666666666666667,0.0,-0.06666666666666667,-1.1900000000000002,2.0,5.327848185911677,0.0,0.0,0.0,2.0,0.06666666666666667,0.0,-0.06666666666666667,-1.1900000000000002,2.0,4.568797868882896,15.475,30.95,1.0,0.0,0.06666666666666667,0.0,0.0,-0.03166666666666664,1.0,16.57676458186936,0.0,0.0,0.0,0.0,0.06666666666666667,0.0,0.0,0.0,1.0,13.846704723417531,0.0,0.0,0.0,0.0,0.06666666666666667,0.0,0.0,0.0,1.0,13.678988246310281,0.0,0.0,0.0,0.0,0.06666666666666667,0.06666666666666667,0.0,0.0,1.0,15.788249087310843,0.0,0.0,0.0,0.0,0.06666666666666667,0.0,0.0,0.0,1.0,13.712471859504209,0.0,0.0,0.0,0.0,0.06666666666666667,0.0,0.0,0.0,1.0,14.451495789030556,0.0,0.0,0.0,0.0,0.06666666666666667,0.06666666666666667,0.0,0.0,0.0,0.0,0.0,0.0,2.0,25.900000000000002,0.0,0.0,0.0,0.0,2.0,22.975,1.0,6.2,1.0,4.5,1.0,4.35,1.0,5.8,1.0,4.2,1.0,4.95
light_seed1,light,1,481.25,496.25,20.0,9.772297017107066,3.3899999999999997,2.0,1.1999999999999886,1.0,11.931935039191773,0.0,0.0,0.0,2.0,0.06666666666666667,0.06666666666666667,-0.06666666666666667,-1.2266666666666666,1.0,11.455735074262618,0.0,0.0,0.0,2.0,0.06666666666666667,0.06666666666666667,-0.06666666666666667,-1.2566666666666668,2.0,6.038311656129785,17.925,35.85,1.0,0.0,0.06666666666666667,0.0,0.0,-0.19500000000000003,1.0,11.461993241123926,0.0,0.0,0.0,2.0,0.06666666666666667,0.06666666666666667,-0.06666666666666667,-1.2566666666666668,1.0,12.40684291780325,0.0,0.0,0.0,2.0,0.06666666666666667,0.06666666666666667,-0.06666666666666667,-1.2566666666666668,2.0,5.574474384712946,15.975,31.95,1.0,0.0,0.06666666666666667,0.0,0.0,-0.06499999999999997,1.0,16.605053458106706,0.0,0.0,0.0,0.0,0.06666666666666667,0.0,0.0,0.0,1.0,13.869272613001993,0.0,0.0,0.0,0.0,0.06666666666666667,0.0,0.0,0.0,1.0,13.757467755449714,0.0,0.0,0.0,0.0,0.06666666666666667,0.0,0.0,0.0,1.0,15.768405541185505,0.0,0.0,0.0,0.0,0.06666666666666667,0.0,0.0,0.0,1.0,13.711775000733063,0.0,0.0,0.0,0.0,0.06666666666666667,0.0,0.0,0.0,1.0,14.449838779309754,0.0,0.0,0.0,0.0,0.06666666666666667,0.0,0.0,0.0,0.0,0.0,0.0,0.0,2.0,26.900000000000002,0.0,0.0,0.0,0.0,2.0,23.475,1.0,7.2,1.0,5.5,1.0,5.35,1.0,6.8,1.0,5.2,1.0,5.95
light_seed1,light,1,482.25,497.25,20.0,10.724190996272345,3.4900000000000007,2.0,2.1999999999999886,1.0,14.401169509220683,0.0,0.0,0.0,2.0,0.06666666666666667,0.06666666666666667,-0.06666666666666667,-1.2933333333333332,1.0,13.922583894711721,0.0,0.0,0.0,2.0,0.06666666666666667,0.06666666666666667,-0.06666666666666667,-1.3233333333333335,2.0,7.215733260910622,18.425,36.85,1.0,0.0,0.06666666666666667,0.0,0.0,-0.2283333333333334,1.0,13.212973843288427,0.0,0.0,0.0,2.0,0.06666666666666667,0.06666666666666667,-0.06666666666666667,-1.3233333333333335,1.0,14.598054658162585,0.0,0.0,0.0,2.0,0.06666666666666667,0.06666666666666667,-0.06666666666666667,-1.3233333333333335,2.0,5.586052198066453,16.475,32.95,1.0,0.0,0.06666666666666667,0.0,0.0,-0.09833333333333319,1.0,16.639748096289114,0.0,0.0,0.0,0.0,0.06666666666666667,0.0,0.0,0.0,1.0,13.866604714574532,0.0,0.0,0.0,0.0,0.06666666666666667,0.0,0.0,0.0,1.0,13.67055245271559,0.0,0.0,0.0,0.0,0.06666666666666667,0.0,0.0,0.0,1.0,15.766196832107827,0.0,0.0,0.0,0.0,0.06666666666666667,0.0,0.0,0.0,1.0,13.699554012448267,0.0,0.0,0.0,0.0,0.06666666666666667,0.0,0.0,0.0,1.0,14.509038117769629,0.0,0.0,0.0,0.0,0.06666666666666667,0.0,0.0,0.0,0.0,0.0,0.0,0.0,2.0,27.900000000000002,0.0,0.0,0.0,0.0,2.0,23.975,1.0,8.2,1.0,6.5,1.0,6.35,1.0,7.8,1.0,6.2,1.0,6.95
light_seed1,light,1,483.25,498.25,20.0,11.368778955622396,3.5900000000000007,2.0,3.1999999999999886,1.0,14.742759466208833,0.0,0.0,0.0,2.0,0.06666666666666667,0.06666666666666667,-0.06666666666666667,-1.3599999999999999,1.0,16.404202621944297,0.0,0.0,0.0,2.0,0.06666666666666667,0.06666666666666667,-0.06666666666666667,-1.3900000000000001,2.0,8.219384217954554,18.925,37.85,1.0,0.0,0.06666666666666667,0.0,0.0,-0.2616666666666667,1.0,13.214905609395872,0.0,0.0,0.0,2.0,0.06666666666666667,0.06666666666666667,-0.06666666666666667,-1.3900000000000001,1.0,14.798471416715731,0.0,0.0,0.0,2.0,0.06666666666666667,0.06666666666666667,-0.06666666666666667,-1.3900000000000001,2.0,5.575427780054586,16.975,33.95,1.0,0.0,0.06666666666666667,0.0,0.0,-0.13166666666666652,1.0,16.617712095821044,0.0,0.0,0.0,0.0,0.06666666666666667,0.0,0.0,0.0,1.0,13.84205634814385,0.0,0.0,0.0,0.0,0.06666666666666667,0.0,0.0,0.0,1.0,13.751938092990557,0.0,0.0,0.0,0.0,0.06666666666666667,0.0,0.0,0.0,1.0,15.765881365945544,0.0,0.0,0.0,0.0,0.06666666666666667,0.0,0.0,0.0,1.0,13.701050106332378,0.0,0.0,0.0,0.0,0.06666666666666667,0.0,0.0,0.0,1.0,14.440190340918013,0.0,0.0,0.0,0.0,0.06666666666666667,0.0,0.0,0.0,0.0,0.0,0.0,0.0,2.0,28.900000000000002,0.0,0.0,0.0,0.0,2.0,24.650000000000002,1.0,9.2,1.0,7.5,1.0,7.35,1.0,8.8,1.0,7.2,1.0,7.95
light_seed1,light,1,484.25,499.25,19.0,11.774382362293663,3.88421052631579,2.0,4.199999999999989,1.0,14.778822766808178,0.0,0.0,0.0,2.0,0.06666666666666667,0.06666666666666667,-0.06666666666666667,-1.4266666666666665,1.0,16.61055551105179,0.0,0.0,0.0,2.0,0.06666666666666667,0.06666666666666667,-0.06666666666666667,-1.4566666666666668,2.0,9.307526199676492,19.425,38.85,1.0,0.0,0.06666666666666667,0.0,0.0,-0.29500000000000004,1.0,13.268271554314351,0.0,0.0,0.0,2.0,0.06666666666666667,0.06666666666666667,-0.06666666666666667,-1.4566666666666668,1.0,14.680227147901514,0.0,0.0,0.0,2.0,0.06666666666666667,0.06666666666666667,-0.06666666666666667,-1.4566666666666668,2.0,5.564887076821022,17.475,34.95,1.0,0.0,0.06666666666666667,0.0,0.0,-0.16499999999999987,1.0,16.588033231296578,0.0,0.0,0.0,0.0,0.06666666666666667,0.0,0.0,0.0,1.0,13.816596349663339,0.0,0.0,0.0,0.0,0.06666666666666667,0.0,0.0,0.0,1.0,13.738613250652806,0.0,0.0,0.0,0.0,0.06666666666666667,0.0,0.0,0.0,1.0,15.796640400146583,0.0,0.0,0.0,0.0,0.06666666666666667,0.0,0.0,0.0,1.0,13.705284143923523,0.0,0.0,0.0,0.0,0.06666666666666667,0.0,0.0,0.0,1.0,14.436338069115989,0.0,0.0,0.0,0.0,0.06666666666666667,0.0,0.0,0.0,0.0,0.0,0.0,0.0,2.0,29.900000000000002,0.0,0.0,0.0,0.0,2.0,25.650000000000002,1.0,10.2,1.0,8.5,1.0,8.35,1.0,9.8,1.0,8.2,1.0,8.95
light_seed1,light,1,485.25,500.25,19.0,12.185563164708068,3.9894736842105267,2.0,5.199999999999989,1.0,14.759844020933695,0.0,0.0,0.0,2.0,0.06666666666666667,0.06666666666666667,-0.06666666666666667,-1.4933333333333332,1.0,16.639779124233176,0.0,0.0,0.0,2.0,0.06666666666666667,0.06666666666666667,-0.06666666666666667,-1.5233333333333334,2.0,9.343053181417739,19.925,39.85,1.0,0.0,0.06666666666666667,0.0,0.0,-0.32833333333333337,1.0,13.282942135890998,0.0,0.0,0.0,2.0,0.06666666666666667,0.06666666666666667,-0.06666666666666667,-1.5233333333333334,1.0,14.6723511320145,0.0,0.0,0.0,2.0,0.06666666666666667,0.06666666666666667,-0.06666666666666667,-1.5233333333333334,2.0,5.603268784928212,17.975,35.95,1.0,0.0,0.06666666666666667,0.0,0.0,-0.1983333333333332,1.0,16.62106322738575,0.0,0.0,0.0,0.0,0.06666666666666667,0.0,0.0,0.0,1.0,13.81646239069454,0.0,0.0,0.0,0.0,0.06666666666666667,0.0,0.0,0.0,1.0,13.691179895645718,0.0,0.0,0.0,0.0,0.06666666666666667,0.0,0.0,0.0,1.0,15.81337840057605,0.0,0.0,0.0,0.0,0.06666666666666667,0.0,0.0,0.0,1.0,13.712314578910098,0.0,0.0,0.0,0.0,0.06666666666666667,0.0,0.0,0.0,1.0,14.423577696505925,0.0,0.0,0.0,0.0,0.06666666666666667,0.0,0.0,0.0,0.0,0.0,0.0,0.0,2.0,30.900000000000002,0.0,0.0,0.0,0.0,2.0,26.650000000000002,1.0,11.2,1.0,9.5,1.0,9.35,1.0,10.8,1.0,9.2,1.0,9.95
light_seed1,light,1,486.25,501.25,19.0,12.48635758457305,4.094736842105264,2.0,6.199999999999989,1.0,14.775367600989146,0.0,0.0,0.0,2.0,0.06666666666666667,0.06666666666666667,-0.06666666666666667,-1.5599999999999998,1.0,16.627947001571304,0.0,0.0,0.0,2.0,0.06666666666666667,0.06666666666666667,-0.06666666666666667,-1.59,2.0,9.277339537377514,20.425,40.85,1.0,0.0,0.06666666666666667,0.0,0.0,-0.3616666666666667,1.0,13.2601940153556,0.0,0.0,0.0,2.0,0.06666666666666667,0.06666666666666667,-0.06666666666666667,-1.59,1.0,14.793823540057721,0.0,0.0,0.0,2.0,0.06666666666666667,0.06666666666666667,-0.06666666666666667,-1.59,2.0,5.585365764458391,18.475,36.95,1.0,0.0,0.06666666666666667,0.0,0.0,-0.23166666666666652,1.0,14.15074083263931,0.0,0.0,0.0,0.0,0.06666666666666667,0.0,0.0,0.0,1.0,13.89341075433931,0.0,0.0,0.0,0.0,0.06666666666666667,0.0,0.0,0.0,1.0,13.747487380805204,0.0,0.0,0.0,0.0,0.06666666666666667,0.0,0.0,0.0,1.0,15.834244019325572,0.0,0.0,0.0,0.0,0.06666666666666667,0.0,0.0,0.0,1.0,13.708079923228102,0.0,0.0,0.0,0.0,0.06666666666666667,0.0,0.0,0.0,1.0,14.44374406564584,0.0,0.0,0.0,0.0,0.06666666666666667,0.0,0.0,0.0,0.0,0.0,0.0,0.0,2.0,31.900000000000002,0.0,0.0,0.0,0.0,2.0,27.650000000000002,1.0,12.2,1.0,10.5,1.0,10.35,1.0,11.8,1.0,10.2,1.0,10.95
light_seed1,light,1,487.25,502.25,18.0,12.225592330569945,4.433333333333334,2.0,7.199999999999989,1.0,14.760015762563878,0.0,0.0,0.0,2.0,0.06666666666666667,0.06666666666666667,-0.06666666666666667,-1.6266666666666665,1.0,16.63755359214498,0.0,0.0,0.0,2.0,0.06666666666666667,0.06666666666666667,-0.06666666666666667,-1.6566666666666667,2.0,9.312035867469955,20.925,41.85,1.0,0.0,0.06666666666666667,0.0,0.0,-0.3950000000000001,1.0,13.226862306130869,0.0,0.0,0.0,2.0,0.06666666666666667,0.06666666666666667,-0.06666666666666667,-1.6566666666666667,1.0,14.760020742115415,0.0,0.0,0.0,2.0,0.06666666666666667,0.06666666666666667,-0.06666666666666667,-1.6566666666666667,2.0,5.57393497419004,18.975,37.95,1.0,0.0,0.06666666666666667,0.0,0.0,-0.26499999999999985,1.0,9.164022827100432,0.0,0.0,0.0,0.0,0.06666666666666667,0.0,0.0,0.0,1.0,13.829727597907658,0.0,0.0,0.0,0.0,0.06666666666666667,0.0,0.0,0.0,1.0,13.69503465732351,0.0,0.0,0.0,0.0,0.06666666666666667,0.0,0.0,0.0,1.0,11.151770226744302,0.0,0.0,0.0,0.0,0.06666666666666667,0.0,0.0,0.0,1.0,13.726501612654628,0.0,0.0,0.0,0.0,0.06666666666666667,0.0,0.0,0.0,1.0,14.43414277554675,0.0,0.0,0.0,0.0,0.06666666666666667,0.0,0.0,0.0,0.0,0.0,0.0,0.0,2.0,32.9,0.0,0.0,0.0,0.0,2.0,28.650000000000002,1.0,13.2,1.0,11.5,1.0,11.35,1.0,12.8,1.0,11.2,1.0,11.95
light_seed1,light,1,488.25,503.25,18.0,11.037237598085683,4.544444444444445,2.0,8.199999999999989,1.0,14.731813705143601,0.0,0.0,0.0,2.0,0.06666666666666667,0.06666666666666667,-0.06666666666666667,-1.6933333333333331,1.0,16.58629527182668,0.0,0.0,0.0,2.0,0.06666666666666667,0.06666666666666667,-0.06666666666666667,-1.7233333333333334,2.0,6.867111765903393,21.425,42.85,1.0,0.0,0.06666666666666667,0.0,0.0,-0.4283333333333334,1.0,13.196429489318334,0.0,0.0,0.0,2.0,0.06666666666666667,0.06666666666666667,-0.06666666666666667,-1.7233333333333334,1.0,14.705746464550927,0.0,0.0,0.0,2.0,0.06666666666666667,0.06666666666666667,-0.06666666666666667,-1.7233333333333334,2.0,5.580785569944263,19.475,38.95,1.0,0.0,0.06666666666666667,0.0,0.0,-0.2983333333333332,1.0,4.175873530483059,0.0,0.0,0.0,0.0,0.06666666666666667,0.0,0.0,0.0,1.0,12.771220662642644,0.0,0.0,0.0,0.0,0.06666666666666667,0.0,0.0,0.0,1.0,13.374505591959513,0.0,0.0,0.0,0.0,0.06666666666666667,0.0,0.0,0.0,1.0,6.180158093887715,0.0,0.0,0.0,0.0,0.06666666666666667,0.0,0.0,0.0,1.0,12.73056198851994,0.0,0.0,0.0,0.0,0.06666666666666667,0.0,0.0,0.0,1.0,10.421181252935536,0.0,0.0,0.0,0.0,0.06666666666666667,0.0,0.0,0.0,0.0,0.0,0.0,0.0,2.0,33.9,0.0,0.0,0.0,0.0,2.0,29.650000000000002,1.0,14.2,1.0,12.5,1.0,12.35,1.0,13.8,1.0,12.2,1.0,12.95
light_seed1,light,1,489.25,504.25,18.0,9.188354246917006,4.666666666666667,3.0,9.199999999999989,1.0,14.753490157962394,0.0,0.0,0.0,2.0,0.06666666666666667,0.06666666666666667,-0.06666666666666667,-1.76,1.0,16.62521901146742,0.0,0.0,0.0,2.0,0.06666666666666667,0.06666666666666667,-0.06666666666666667,-1.79,2.0,4.533400781034434,21.925,43.85,1.0,0.0,0.06666666666666667,0.0,0.0,-0.4616666666666667,1.0,13.245266819965845,0.0,0.0,0.0,2.0,0.06666666666666667,0.06666666666666667,-0.06666666666666667,-1.79,1.0,14.726071839750828,0.0,0.0,0.0,2.0,0.06666666666666667,0.06666666666666667,-0.06666666666666667,-1.79,2.0,5.564490099430394,19.975,39.95,1.0,0.0,0.06666666666666667,0.0,0.0,-0.3316666666666665,1.0,0.0,0.2,0.2,1.0,0.0,0.06666666666666667,0.0,0.06666666666666667,0.013333333333333334,1.0,7.7827034389238285,0.0,0.0,0.0,0.0,0.06666666666666667,0.0,0.0,0.0,1.0,8.374505591959513,0.0,0.0,0.0,0.0,0.06666666666666667,0.0,0.0,0.0,1.0,1.1840778388669824,0.0,0.0,0.0,0.0,0.06666666666666667,0.0,0.0,0.0,1.0,8.230561988519947,0.0,0.0,0.0,0.0,0.06666666666666667,0.0,0.0,0.0,1.0,5.430168598453062,0.0,0.0,0.0,0.0,0.06666666666666667,0.0,0.0,0.0,0.0,0.0,0.0,0.0,2.0,34.9,0.0,0.0,0.0,0.0,2.0,30.650000000000002,1.0,15.2,1.0,13.5,1.0,13.35,1.0,14.8,1.0,13.2,1.0,13.95
light_seed1,light,1,490.25,505.25,18.0,7.835488366963637,4.877777777777778,4.0,10.199999999999989,1.0,14.822122683859513,0.0,0.0,0.0,2.0,0.06666666666666667,0.06666666666666667,-0.06666666666666667,-1.8266666666666667,1.0,16.650915652095573,0.0,0.0,0.0,2.0,0.06666666666666667,0.06666666666666667,-0.06666666666666667,-1.8566666666666667,2.0,2.564422179494279,22.425,44.85,1.0,0.0,0.06666666666666667,0.0,0.0,-0.49500000000000005,1.0,13.242452254954777,0.0,0.0,0.0,2.0,0.06666666666666667,0.06666666666666667,-0.06666666666666667,-1.8566666666666667,1.0,14.799034783795676,0.0,0.0,0.0,2.0,0.06666666666666667,0.06666666666666667,-0.06666666666666667,-1.8566666666666667,2.0,5.5660124623232585,20.475,40.95,1.0,0.0,0.06666666666666667,0.0,0.0,-0.3649999999999999,1.0,0.0,1.2,1.2,1.0,0.0,0.06666666666666667,0.0,0.06666666666666667,0.08,1.0,2.7845393114852994,0.0,0.0,0.0,0.0,0.06666666666666667,0.0,0.0,0.0,1.0,3.3745055919595135,0.0,0.0,0.0,0.0,0.06666666666666667,0.0,0.0,0.0,1.0,0.0,0.8,0.8,1.0,0.0,0.06666666666666667,0.0,0.06666666666666667,0.05333333333333334,1.0,3.7315537869403483,0.0,0.0,0.0,0.0,0.06666666666666667,0.0,0.0,0.0,1.0,0.443911361371073,0.0,0.0,0.0,0.0,0.06666666666666667,0.0,0.0,0.0,0.0,0.0,0.0,0.0,2.0,35.9,0.0,0.0,0.0,0.0,2.0,31.650000000000002,1.0,16.2,1.0,14.5,1.0,14.35,1.0,15.8,1.0,14.2,1.0,14.95
light_seed1,light,1,491.25,506.25,18.0,6.937794035313427,5.211111111111112,8.0,11.199999999999989,1.0,12.200008804121868,0.0,0.0,0.0,2.0,0.06666666666666667,0.06666666666666667,-0.06666666666666667,-1.8933333333333333,0.0,0.0,0.0,0.0,0.0,2.0,0.0,0.06666666666666667,-0.06666666666666667,-1.9233333333333333,2.0,1.0546085913487961,22.925,45.85,1.0,0.0,0.06666666666666667,0.0,0.0,-0.5283333333333334,1.0,13.196440108749602,0.0,0.0,0.0,2.0,0.06666666666666667,0.06666666666666667,-0.06666666666666667,-1.9233333333333333,0.0,0.0,0.0,0.0,0.0,2.0,0.0,0.06666666666666667,-0.06666666666666667,-1.9233333333333333,2.0,5.580363289255609,20.975,41.95,1.0,0.0,0.06666666666666667,0.0,0.0,-0.3983333333333332,1.0,0.0,2.2,2.2,1.0,0.0,0.06666666666666667,0.0,0.06666666666666667,0.14666666666666667,1.0,0.0,0.5,0.5,1.0,0.0,0.06666666666666667,0.0,0.06666666666666667,0.03333333333333333,1.0,0.0,0.35,0.35,1.0,0.0,0.06666666666666667,0.0,0.06666666666666667,0.02333333333333333,1.0,0.0,1.8,1.8,1.0,0.0,0.06666666666666667,0.0,0.06666666666666667,0.12000000000000001,1.0,0.0,0.2,0.2,1.0,0.0,0.06666666666666667,0.0,0.06666666666666667,0.013333333333333334,1.0,0.0,0.95,0.95,1.0,0.0,0.06666666666666667,0.0,0.06666666666666667,0.06333333333333332,0.0,0.0,0.0,0.0,2.0,36.9,0.0,0.0,0.0,0.0,2.0,32.65,1.0,17.2,1.0,15.5,1.0,15.35,1.0,16.8,1.0,15.2,1.0,15.95
light_seed1,light,1,492.25,507.25,18.0,6.689105824265201,5.655555555555556,8.0,12.199999999999989,0.0,0.0,0.0,0.0,0.0,2.0,0.0,0.13333333333333333,-0.06666666666666667,-0.98,0.0,0.0,0.0,0.0,0.0,2.0,0.0,0.13333333333333333,-0.06666666666666667,-0.995,2.0,0.2855464010540512,23.425,46.85,1.0,0.0,0.0,0.0,0.0,0.5,1.0,12.065301827886472,0.0,0.0,0.0,2.0,0.0,0.06666666666666667,-0.06666666666666667,-0.995,0.0,0.0,0.0,0.0,0.0,2.0,0.0,0.13333333333333333,-0.06666666666666667,-0.995,2.0,5.354418847910447,21.475,42.95,1.0,0.0,0.0,0.0,0.0,0.5000000000000001,1.0,0.0,3.2,3.2,1.0,0.0,0.0,0.0,0.06666666666666667,0.21333333333333335,1.0,0.0,1.5,1.5,1.0,0.0,0.0,0.0,0.06666666666666667,0.1,1.0,0.0,1.35,1.35,1.0,0.0,0.0,0.0,0.06666666666666667,0.09000000000000001,1.0,0.0,2.8,2.8,1.0,0.0,0.0,0.0,0.06666666666666667,0.18666666666666665,1.0,0.0,1.2,1.2,1.0,0.0,0.0,0.0,0.06666666666666667,0.08,1.0,0.0,1.95,1.95,1.0,0.0,0.0,0.0,0.06666666666666667,0.13,0.0,0.0,0.0,0.0,2.0,37.9,0.0,0.0,0.0,0.0,2.0,33.65,1.0,18.2,1.0,16.5,1.0,16.35,1.0,17.8,1.0,16.2,1.0,16.95
light_seed1,light,1,493.25,508.25,18.0,6.352002990466595,6.1000000000000005,8.0,13.199999999999989,0.0,0.0,0.0,0.0,0.0,2.0,0.0,0.13333333333333333,-0.06666666666666667,-1.0133333333333332,0.0,0.0,0.0,0.0,0.0,2.0,0.0,0.13333333333333333,-0.06666666666666667,-1.0283333333333333,2.0,0.054692171673354946,23.925,47.85,1.0,0.0,0.0,0.0,0.0,0.5,0.0,0.0,0.0,0.0,0.0,2.0,0.0,0.13333333333333333,-0.06666666666666667,-1.0283333333333333,0.0,0.0,0.0,0.0,0.0,2.0,0.0,0.13333333333333333,-0.06666666666666667,-1.0283333333333333,2.0,3.60644062375564,21.975,43.95,1.0,0.0,0.0,0.0,0.0,0.5000000000000001,1.0,0.0,4.2,4.2,1.0,0.0,0.0,0.0,0.06666666666666667,0.28,1.0,0.0,2.5,2.5,1.0,0.0,0.0,0.0,0.06666666666666667,0.16666666666666666,1.0,0.0,2.35,2.35,1.0,0.0,0.0,0.0,0.06666666666666667,0.15666666666666668,1.0,0.0,3.8,3.8,1.0,0.0,0.0,0.0,0.06666666666666667,0.2533333333333333,1.0,0.0,2.2,2.2,1.0,0.0,0.0,0.0,0.06666666666666667,0.14666666666666667,1.0,0.0,2.95,2.95,1.0,0.0,0.0,0.0,0.06666666666666667,0.19666666666666668,0.0,0.0,0.0,0.0,2.0,38.9,0.0,0.0,0.0,0.0,2.0,34.65,1.0,19.2,1.0,17.5,1.0,17.35,1.0,18.8,1.0,17.2,1.0,17.95
light_seed1,light,1,494.25,509.25,18.0,6.265595850048857,6.597222222222222,9.0,14.199999999999989,0.0,0.0,0.0,0.0,0.0,2.0,0.0,0.13333333333333333,-0.06666666666666667,-1.0466666666666666,0.0,0.0,0.0,0.0,0.0,2.0,0.0,0.13333333333333333,-0.06666666666666667,-1.0616666666666668,2.0,0.010212845232262244,24.900000000000002,48.85,2.0,0.0,0.0,0.0,0.06666666666666667,0.5316666666666667,0.0,0.0,0.0,0.0,0.0,2.0,0.0,0.13333333333333333,-0.06666666666666667,-1.0616666666666668,0.0,0.0,0.0,0.0,0.0,2.0,0.0,0.13333333333333333,-0.06666666666666667,-1.0616666666666668,2.0,2.1128775590770235,22.475,44.95,1.0,0.0,0.0,0.0,0.0,0.5000000000000001,1.0,0.0,5.2,5.2,1.0,0.0,0.0,0.0,0.06666666666666667,0.3466666666666667,1.0,0.0,3.5,3.5,1.0,0.0,0.0,0.0,0.06666666666666667,0.23333333333333334,1.0,0.0,3.35,3.35,1.0,0.0,0.0,0.0,0.06666666666666667,0.22333333333333333,1.0,0.0,4.8,4.8,1.0,0.0,0.0,0.0,0.06666666666666667,0.32,1.0,0.0,3.2,3.2,1.0,0.0,0.0,0.0,0.06666666666666667,0.21333333333333335,1.0,0.0,3.95,3.95,1.0,0.0,0.0,0.0,0.06666666666666667,0.26333333333333336,0.0,0.0,0.0,0.0,2.0,39.9,0.0,0.0,0.0,0.0,2.0,35.65,1.0,20.2,1.0,18.5,1.0,18.35,1.0,19.8,1.0,18.2,1.0,18.95
light_seed1,light,1,495.25,510.25,18.0,6.310021082516045,7.097222222222222,9.0,15.199999999999989,0.0,0.0,0.0,0.0,0.0,2.0,0.0,0.13333333333333333,0.0,0.0,0.0,0.0,0.0,0.0,0.0,2.0,0.0,0.13333333333333333,0.0,0.0,2.0,0.0018778797487133138,25.900000000000002,49.85,2.0,0.0,0.0,0.0,0.06666666666666667,0.5650000000000001,0.0,0.0,0.0,0.0,0.0,2.0,0.0,0.13333333333333333,0.0,0.0,0.0,0.0,0.0,0.0,0.0,2.0,0.0,0.13333333333333333,0.0,0.0,2.0,1.034324952683668,22.975,45.95,1.0,0.0,0.0,0.0,0.0,0.5000000000000001,1.0,0.0,6.2,6.2,1.0,0.0,0.0,0.0,0.06666666666666667,0.41333333333333333,1.0,0.0,4.5,4.5,1.0,0.0,0.0,0.0,0.06666666666666667,0.3,1.0,0.0,4.35,4.35,1.0,0.0,0.0,0.0,0.06666666666666667,0.29,1.0,0.0,5.8,5.8,1.0,0.0,0.0,0.0,0.06666666666666667,0.38666666666666666,1.0,0.0,4.2,4.2,1.0,0.0,0.0,0.0,0.06666666666666667,0.28,1.0,0.0,4.95,4.95,1.0,0.0,0.0,0.0,0.06666666666666667,0.33,0.0,0.0,0.0,0.0,2.0,40.9,0.0,0.0,0.0,0.0,2.0,36.65,1.0,21.2,1.0,19.5,1.0,19.35,1.0,20.8,1.0,19.2,1.0,19.95
light_seed1,light,1,496.25,511.25,18.0,6.388017451466681,7.597222222222222,9.0,16.19999999999999,0.0,0.0,0.0,0.0,0.0,2.0,0.0,0.06666666666666667,0.0,0.0,0.0,0.0,0.0,0.0,0.0,2.0,0.0,0.06666666666666667,0.0,0.0,2.0,0.00033651677489240754,26.900000000000002,50.85,2.0,0.0,0.0,0.0,0.06666666666666667,0.5983333333333334,0.0,0.0,0.0,0.0,0.0,2.0,0.0,0.06666666666666667,0.0,0.0,0.0,0.0,0.0,0.0,0.0,2.0,0.0,0.06666666666666667,0.0,0.0,2.0,0.3928221275952219,23.475,46.95,1.0,0.0,0.0,0.0,0.0,0.5000000000000001,1.0,0.0,7.2,7.2,1.0,0.0,0.0,0.0,0.06666666666666667,0.48000000000000004,1.0,0.0,5.5,5.5,1.0,0.0,0.0,0.0,0.06666666666666667,0.36666666666666664,1.0,0.0,5.35,5.35,1.0,0.0,0.0,0.0,0.06666666666666667,0.35666666666666663,1.0,0.0,6.8,6.8,1.0,0.0,0.0,0.0,0.06666666666666667,0.4533333333333333,1.0,0.0,5.2,5.2,1.0,0.0,0.0,0.0,0.06666666666666667,0.3466666666666667,1.0,0.0,5.95,5.95,1.0,0.0,0.0,0.0,0.06666666666666667,0.39666666666666667,0.0,0.0,0.0,0.0,2.0,41.9,0.0,0.0,0.0,0.0,2.0,37.65,1.0,22.2,1.0,20.5,1.0,20.35,1.0,21.8,1.0,20.2,1.0,20.95
light_seed1,light,1,497.25,512.25,18.0,6.360290303952407,8.097222222222221,9.0,17.19999999999999,0.0,0.0,0.0,0.0,0.0,2.0,0.0,0.06666666666666667,0.0,0.0,0.0,0.0,0.0,0.0,0.0,2.0,0.0,0.06666666666666667,0.0,0.0,2.0,6.189139741492827e-05,27.900000000000002,51.85,2.0,0.0,0.0,0.0,0.06666666666666667,0.6316666666666667,0.0,0.0,0.0,0.0,0.0,2.0,0.0,0.06666666666666667,0.0,0.0,0.0,0.0,0.0,0.0,0.0,2.0,0.0,0.06666666666666667,0.0,0.0,2.0,0.12243779253450328,23.975,47.95,1.0,0.0,0.0,0.0,0.0,0.5,1.0,0.0,8.2,8.2,1.0,0.0,0.0,0.0,0.06666666666666667,0.5466666666666666,1.0,0.0,6.5,6.5,1.0,0.0,0.0,0.0,0.06666666666666667,0.43333333333333335,1.0,0.0,6.35,6.35,1.0,0.0,0.0,0.0,0.06666666666666667,0.4233333333333333,1.0,0.0,7.8,7.8,1.0,0.0,0.0,0.0,0.06666666666666667,0.52,1.0,0.0,6.2,6.2,1.0,0.0,0.0,0.0,0.06666666666666667,0.41333333333333333,1.0,0.0,6.95,6.95,1.0,0.0,0.0,0.0,0.06666666666666667,0.4633333333333333,0.0,0.0,0.0,0.0,2.0,42.9,0.0,0.0,0.0,0.0,2.0,38.65,1.0,23.2,1.0,21.5,1.0,21.35,1.0,22.8,1.0,21.2,1.0,21.95
light_seed1,light,1,498.25,513.25,17.0,5.910694240365258,9.123529411764705,10.0,18.19999999999999,0.0,0.0,0.0,0.0,0.0,2.0,0.0,0.06666666666666667,0.0,0.0,0.0,0.0,0.0,0.0,0.0,2.0,0.0,0.06666666666666667,0.0,0.0,2.0,1.1177645840256929e-05,28.900000000000002,52.85,2.0,0.0,0.0,0.0,0.06666666666666667,0.6650000000000001,0.0,0.0,0.0,0.0,0.0,2.0,0.0,0.06666666666666667,0.0,0.0,0.0,0.0,0.0,0.0,0.0,2.0,0.0,0.06666666666666667,0.0,0.0,2.0,0.03437953343006474,24.650000000000002,48.95,2.0,0.0,0.0,0.0,0.06666666666666667,0.5116666666666667,1.0,0.0,9.2,9.2,1.0,0.0,0.0,0.0,0.06666666666666667,0.6133333333333333,1.0,0.0,7.5,7.5,1.0,0.0,0.0,0.0,0.06666666666666667,0.5,1.0,0.0,7.35,7.35,1.0,0.0,0.0,0.0,0.06666666666666667,0.49,1.0,0.0,8.8,8.8,1.0,0.0,0.0,0.0,0.06666666666666667,0.5866666666666667,1.0,0.0,7.2,7.2,1.0,0.0,0.0,0.0,0.06666666666666667,0.48000000000000004,1.0,0.0,7.95,7.95,1.0,0.0,0.0,0.0,0.06666666666666667,0.53,0.0,0.0,0.0,0.0,2.0,0.0,0.0,0.0,0.0,0.0,2.0,7.675,1.0,24.2,1.0,22.5,1.0,22.35,1.0,23.8,1.0,22.2,1.0,22.95
light_seed1,light,1,499.25,514.25,16.0,5.446436690760772,10.31875,10.0,19.19999999999999,0.0,0.0,0.0,0.0,0.0,2.0,0.0,0.06666666666666667,0.0,0.0,0.0,0.0,0.0,0.0,0.0,2.0,0.0,0.06666666666666667,0.0,0.0,2.0,0.0,29.900000000000002,53.85,2.0,0.0,0.0,0.0,0.06666666666666667,0.6983333333333335,0.0,0.0,0.0,0.0,0.0,2.0,0.0,0.06666666666666667,0.0,0.0,0.0,0.0,0.0,0.0,0.0,2.0,0.0,0.06666666666666667,0.0,0.0,2.0,0.009540289718281946,25.650000000000002,49.95,2.0,0.0,0.0,0.0,0.06666666666666667,0.545,1.0,0.0,10.2,10.2,1.0,0.0,0.0,0.0,0.06666666666666667,0.6799999999999999,1.0,0.0,8.5,8.5,1.0,0.0,0.0,0.0,0.06666666666666667,0.5666666666666667,1.0,0.0,8.35,8.35,1.0,0.0,0.0,0.0,0.06666666666666667,0.5566666666666666,1.0,0.0,9.8,9.8,1.0,0.0,0.0,0.0,0.06666666666666667,0.6533333333333334,1.0,0.0,8.2,8.2,1.0,0.0,0.0,0.0,0.06666666666666667,0.5466666666666666,1.0,0.0,8.95,8.95,1.0,0.0,0.0,0.0,0.06666666666666667,0.5966666666666666,0.0,0.0,0.0,0.0,1.0,0.0,0.0,0.0,0.0,0.0,1.0,0.0,1.0,25.2,1.0,23.5,1.0,23.35,1.0,24.8,1.0,23.2,1.0,23.95
light_seed1,light,1,500.25,515.25,14.0,4.245031133663182,12.507142857142856,10.0,20.19999999999999,0.0,0.0,0.0,0.0,0.0,2.0,0.0,0.06666666666666667,0.0,0.0,0.0,0.0,0.0,0.0,0.0,2.0,0.0,0.06666666666666667,0.0,0.0,2.0,0.0,30.900000000000002,54.85,2.0,0.0,0.0,0.0,0.06666666666666667,0.7316666666666668,0.0,0.0,0.0,0.0,0.0,2.0,0.0,0.06666666666666667,0.0,0.0,0.0,0.0,0.0,0.0,0.0,2.0,0.0,0.06666666666666667,0.0,0.0,2.0,0.002691838315797502,26.650000000000002,50.95,2.0,0.0,0.0,0.0,0.06666666666666667,0.5783333333333334,1.0,0.0,11.2,11.2,1.0,0.0,0.0,0.0,0.06666666666666667,0.7466666666666666,1.0,0.0,9.5,9.5,1.0,0.0,0.0,0.0,0.06666666666666667,0.6333333333333333,1.0,0.0,9.35,9.35,1.0,0.0,0.0,0.0,0.06666666666666667,0.6233333333333333,1.0,0.0,10.8,10.8,1.0,0.0,0.0,0.0,0.06666666666666667,0.7200000000000001,1.0,0.0,9.2,9.2,1.0,0.0,0.0,0.0,0.06666666666666667,0.6133333333333333,1.0,0.0,9.95,9.95,1.0,0.0,0.0,0.0,0.06666666666666667,0.6633333333333333,0.0,0.0,0.0,0.0,1.0,0.0,0.0,0.0,0.0,0.0,1.0,0.0,1.0,26.2,1.0,24.5,1.0,24.35,1.0,25.8,1.0,24.2,1.0,24.95
light_seed1,light,1,501.25,516.25,14.0,4.239691881752614,13.221428571428572,10.0,21.19999999999999,0.0,0.0,0.0,0.0,0.0,2.0,0.0,0.06666666666666667,0.0,0.0,0.0,0.0,0.0,0.0,0.0,2.0,0.0,0.06666666666666667,0.0,0.0,2.0,0.0,31.900000000000002,55.85,2.0,0.0,0.0,0.0,0.06666666666666667,0.7650000000000001,0.0,0.0,0.0,0.0,0.0,2.0,0.0,0.06666666666666667,0.0,0.0,0.0,0.0,0.0,0.0,0.0,2.0,0.0,0.06666666666666667,0.0,0.0,2.0,0.000755694547378432,27.650000000000002,51.95,2.0,0.0,0.0,0.0,0.06666666666666667,0.6116666666666667,1.0,0.0,12.2,12.2,1.0,0.0,0.0,0.0,0.06666666666666667,0.8133333333333332,1.0,0.0,10.5,10.5,1.0,0.0,0.0,0.0,0.06666666666666667,0.7,1.0,0.0,10.35,10.35,1.0,0.0,0.0,0.0,0.06666666666666667,0.69,1.0,0.0,11.8,11.8,1.0,0.0,0.0,0.0,0.06666666666666667,0.7866666666666667,1.0,0.0,10.2,10.2,1.0,0.0,0.0,0.0,0.06666666666666667,0.6799999999999999,1.0,0.0,10.95,10.95,1.0,0.0,0.0,0.0,0.06666666666666667,0.73,0.0,0.0,0.0,0.0,0.0,0.0,0.0,0.0,0.0,0.0,0.0,0.0,1.0,27.2,1.0,25.5,1.0,25.35,1.0,26.8,1.0,25.2,1.0,25.95
light_seed1,light,1,502.25,517.25,14.0,4.244870182759181,13.935714285714285,10.0,22.19999999999999,0.0,0.0,0.0,0.0,0.0,2.0,0.0,0.06666666666666667,0.0,0.0,0.0,0.0,0.0,0.0,0.0,2.0,0.0,0.06666666666666667,0.0,0.0,2.0,0.0,32.9,56.85,2.0,0.0,0.0,0.0,0.06666666666666667,0.7983333333333332,0.0,0.0,0.0,0.0,0.0,2.0,0.0,0.06666666666666667,0.0,0.0,0.0,0.0,0.0,0.0,0.0,2.0,0.0,0.06666666666666667,0.0,0.0,2.0,0.00021366847867441906,28.650000000000002,52.95,2.0,0.0,0.0,0.0,0.06666666666666667,0.645,1.0,0.0,13.2,13.2,1.0,0.0,0.0,0.0,0.06666666666666667,0.88,1.0,0.0,11.5,11.5,1.0,0.0,0.0,0.0,0.06666666666666667,0.7666666666666667,1.0,0.0,11.35,11.35,1.0,0.0,0.0,0.0,0.06666666666666667,0.7566666666666666,1.0,0.0,12.8,12.8,1.0,0.0,0.0,0.0,0.06666666666666667,0.8533333333333334,1.0,0.0,11.2,11.2,1.0,0.0,0.0,0.0,0.06666666666666667,0.7466666666666666,1.0,0.0,11.95,11.95,1.0,0.0,0.0,0.0,0.06666666666666667,0.7966666666666666,0.0,0.0,0.0,0.0,0.0,0.0,0.0,0.0,0.0,0.0,0.0,0.0,1.0,28.2,1.0,26.5,1.0,26.35,1.0,27.8,1.0,26.2,1.0,26.95
light_seed1,light,1,503.25,518.25,14.0,4.243765889985773,14.65,10.0,23.19999999999999,0.0,0.0,0.0,0.0,0.0,2.0,0.0,0.06666666666666667,0.0,0.0,0.0,0.0,0.0,0.0,0.0,2.0,0.0,0.06666666666666667,0.0,0.0,2.0,0.0,33.9,57.85,2.0,0.0,0.0,0.0,0.06666666666666667,0.8316666666666666,0.0,0.0,0.0,0.0,0.0,2.0,0.0,0.06666666666666667,0.0,0.0,0.0,0.0,0.0,0.0,0.0,2.0,0.0,0.06666666666666667,0.0,0.0,2.0,6.066511312173255e-05,29.650000000000002,53.95,2.0,0.0,0.0,0.0,0.06666666666666667,0.6783333333333333,1.0,0.0,14.2,14.2,1.0,0.0,0.0,0.0,0.06666666666666667,0.9466666666666667,1.0,0.0,12.5,12.5,1.0,0.0,0.0,0.0,0.06666666666666667,0.8333333333333334,1.0,0.0,12.35,12.35,1.0,0.0,0.0,0.0,0.06666666666666667,0.8233333333333334,1.0,0.0,13.8,13.8,1.0,0.0,0.0,0.0,0.06666666666666667,0.92,1.0,0.0,12.2,12.2,1.0,0.0,0.0,0.0,0.06666666666666667,0.8133333333333332,1.0,0.0,12.95,12.95,1.0,0.0,0.0,0.0,0.06666666666666667,0.8633333333333333,0.0,0.0,0.0,0.0,0.0,0.0,0.0,0.0,0.0,0.0,0.0,0.0,1.0,29.2,1.0,27.5,1.0,27.35,1.0,28.8,1.0,27.2,1.0,27.95
light_seed1,light,1,504.25,519.25,13.0,3.296180077906926,16.546153846153846,10.0,24.19999999999999,0.0,0.0,0.0,0.0,0.0,2.0,0.0,0.06666666666666667,0.0,0.0,0.0,0.0,0.0,0.0,0.0,2.0,0.0,0.06666666666666667,0.0,0.0,2.0,0.0,34.9,58.85,2.0,0.0,0.0,0.0,0.06666666666666667,0.8649999999999999,0.0,0.0,0.0,0.0,0.0,2.0,0.0,0.06666666666666667,0.0,0.0,0.0,0.0,0.0,0.0,0.0,2.0,0.0,0.06666666666666667,0.0,0.0,2.0,1.6790912462548804e-05,30.650000000000002,54.95,2.0,0.0,0.0,0.0,0.06666666666666667,0.7116666666666667,1.0,0.0,15.2,15.2,1.0,0.0,0.0,0.0,0.0,1.0,1.0,0.0,13.5,13.5,1.0,0.0,0.0,0.0,0.06666666666666667,0.9,1.0,0.0,13.35,13.35,1.0,0.0,0.0,0.0,0.06666666666666667,0.89,1.0,0.0,14.8,14.8,1.0,0.0,0.0,0.0,0.06666666666666667,0.9866666666666667,1.0,0.0,13.2,13.2,1.0,0.0,0.0,0.0,0.06666666666666667,0.88,1.0,0.0,13.95,13.95,1.0,0.0,0.0,0.0,0.06666666666666667,0.9299999999999999,0.0,0.0,0.0,0.0,0.0,0.0,0.0,0.0,0.0,0.0,0.0,0.0,1.0,30.2,1.0,28.5,1.0,28.35,1.0,29.8,1.0,28.2,1.0,28.95
light_seed1,light,1,505.25,520.25,13.0,3.2866243794523062,17.315384615384616,10.0,25.19999999999999,0.0,0.0,0.0,0.0,0.0,2.0,0.0,0.06666666666666667,0.0,0.0,0.0,0.0,0.0,0.0,0.0,2.0,0.0,0.06666666666666667,0.0,0.0,2.0,0.0,35.9,59.85,2.0,0.0,0.0,0.0,0.06666666666666667,0.8983333333333332,0.0,0.0,0.0,0.0,0.0,2.0,0.0,0.06666666666666667,0.0,0.0,0.0,0.0,0.0,0.0,0.0,2.0,0.0,0.06666666666666667,0.0,0.0,2.0,4.6591604398615955e-06,31.650000000000002,55.95,2.0,0.0,0.0,0.0,0.06666666666666667,0.745,1.0,0.0,16.2,16.2,1.0,0.0,0.0,0.0,0.0,1.0,1.0,0.0,14.5,14.5,1.0,0.0,0.0,0.0,0.06666666666666667,0.9666666666666667,1.0,0.0,14.35,14.35,1.0,0.0,0.0,0.0,0.06666666666666667,0.9566666666666667,1.0,0.0,15.8,15.8,1.0,0.0,0.0,0.0,0.0,1.0,1.0,0.0,14.2,14.2,1.0,0.0,0.0,0.0,0.06666666666666667,0.9466666666666667,1.0,0.0,14.95,14.95,1.0,0.0,0.0,0.0,0.06666666666666667,0.9966666666666666,1.0,0.0,1.0,0.0,1.0,0.0,1.0,0.0,1.0,0.0,1.0,0.0,2.0,15.6,2.0,14.75,2.0,14.675,2.0,15.4,2.0,14.6,2.0,14.975
light_seed1,light,1,506.25,521.25,11.0,1.2071157962930945,21.37272727272727,10.0,26.19999999999999,0.0,0.0,0.0,0.0,0.0,2.0,0.0,0.06666666666666667,0.0,0.0,0.0,0.0,0.0,0.0,0.0,2.0,0.0,0.0,0.0,0.0,2.0,0.0,36.9,60.85,2.0,0.0,0.0,0.0,0.06666666666666667,0.9316666666666665,0.0,0.0,0.0,0.0,0.0,2.0,0.0,0.06666666666666667,0.0,0.0,0.0,0.0,0.0,0.0,0.0,2.0,0.0,0.0,0.0,0.0,2.0,0.0,32.65,56.95,2.0,0.0,0.0,0.0,0.06666666666666667,0.7783333333333331,1.0,0.0,17.2,17.2,1.0,0.0,0.0,0.0,0.0,1.0,1.0,0.0,15.5,15.5,1.0,0.0,0.0,0.0,0.0,1.0,1.0,0.0,15.35,15.35,1.0,0.0,0.0,0.0,0.0,1.0,1.0,0.0,16.8,16.8,1.0,0.0,0.0,0.0,0.0,1.0,1.0,0.0,15.2,15.2,1.0,0.0,0.0,0.0,0.0,1.0,1.0,0.0,15.95,15.95,1.0,0.0,0.0,0.0,0.0,1.0,1.0,0.0,1.0,0.0,1.0,0.0,1.0,0.0,1.0,0.0,1.0,0.0,2.0,16.1,2.0,15.25,2.0,15.175,2.0,15.9,2.0,15.1,2.0,15.475
light_seed1,light,1,507.25,522.25,11.0,1.2015777760681066,22.28181818181818,10.0,27.19999999999999,0.0,0.0,0.0,0.0,0.0,2.0,0.0,0.0,0.0,0.0,0.0,0.0,0.0,0.0,0.0,2.0,0.0,0.0,0.0,0.0,2.0,0.0,37.9,61.85,2.0,0.0,0.0,0.0,0.06666666666666667,0.9649999999999999,0.0,0.0,0.0,0.0,0.0,2.0,0.0,0.06666666666666667,0.0,0.0,0.0,0.0,0.0,0.0,0.0,2.0,0.0,0.0,0.0,0.0,2.0,0.0,33.65,57.95,2.0,0.0,0.0,0.0,0.06666666666666667,0.8116666666666664,1.0,0.0,18.2,18.2,1.0,0.0,0.0,0.0,0.0,1.0,1.0,0.0,16.5,16.5,1.0,0.0,0.0,0.0,0.0,1.0,1.0,0.0,16.35,16.35,1.0,0.0,0.0,0.0,0.0,1.0000000000000002,1.0,0.0,17.8,17.8,1.0,0.0,0.0,0.0,0.0,1.0,1.0,0.0,16.2,16.2,1.0,0.0,0.0,0.0,0.0,1.0,1.0,0.0,16.95,16.95,1.0,0.0,0.0,0.0,0.0,1.0,1.0,0.0,1.0,0.0,1.0,0.0,1.0,0.0,1.0,0.0,1.0,0.0,2.0,16.6,2.0,15.75,2.0,15.675,2.0,16.4,2.0,15.6,2.0,15.975
light_seed1,light,1,508.25,523.25,11.0,1.20576456833826,23.19090909090909,10.0,28.19999999999999,0.0,0.0,0.0,0.0,0.0,2.0,0.0,0.0,0.0,0.0,0.0,0.0,0.0,0.0,0.0,2.0,0.0,0.0,0.0,0.0,2.0,0.0,38.9,62.85,2.0,0.0,0.0,0.0,0.06666666666666667,0.9983333333333332,0.0,0.0,0.0,0.0,0.0,2.0,0.0,0.0,0.0,0.0,0.0,0.0,0.0,0.0,0.0,2.0,0.0,0.0,0.0,0.0,2.0,0.0,34.65,58.95,2.0,0.0,0.0,0.0,0.06666666666666667,0.8449999999999999,1.0,0.0,19.2,19.2,1.0,0.0,0.0,0.0,0.0,1.0,1.0,0.0,17.5,17.5,1.0,0.0,0.0,0.0,0.0,1.0,1.0,0.0,17.35,17.35,1.0,0.0,0.0,0.0,0.0,1.0000000000000002,1.0,0.0,18.8,18.8,1.0,0.0,0.0,0.0,0.0,1.0,1.0,0.0,17.2,17.2,1.0,0.0,0.0,0.0,0.0,1.0,1.0,0.0,17.95,17.95,1.0,0.0,0.0,0.0,0.0,1.0,1.0,0.0,1.0,0.0,1.0,0.0,1.0,0.0,1.0,0.0,1.0,0.0,2.0,17.1,2.0,16.25,2.0,16.175,2.0,16.9,2.0,16.1,2.0,16.475
light_seed1,light,1,509.25,524.25,10.0,0.0,26.51,10.0,29.19999999999999,0.0,0.0,0.0,0.0,0.0,2.0,0.0,0.0,0.0,0.0,0.0,0.0,0.0,0.0,0.0,2.0,0.0,0.0,0.0,0.0,2.0,0.0,39.9,63.85,2.0,0.0,0.0,0.0,0.0,0.9999999999999998,0.0,0.0,0.0,0.0,0.0,2.0,0.0,0.0,0.0,0.0,0.0,0.0,0.0,0.0,0.0,2.0,0.0,0.0,0.0,0.0,2.0,0.0,35.65,59.95,2.0,0.0,0.0,0.0,0.06666666666666667,0.8783333333333332,1.0,0.0,20.2,20.2,1.0,0.0,0.0,0.0,0.0,1.0,1.0,0.0,18.5,18.5,1.0,0.0,0.0,0.0,0.0,1.0,1.0,0.0,18.35,18.35,1.0,0.0,0.0,0.0,0.0,1.0000000000000002,1.0,0.0,19.8,19.8,1.0,0.0,0.0,0.0,0.0,1.0,1.0,0.0,18.2,18.2,1.0,0.0,0.0,0.0,0.0,1.0,1.0,0.0,18.95,18.95,1.0,0.0,0.0,0.0,0.0,1.0,1.0,0.0,1.0,0.0,1.0,0.0,1.0,0.0,1.0,0.0,1.0,0.0,2.0,17.6,2.0,16.75,2.0,16.675,2.0,17.4,2.0,16.6,2.0,16.975
light_seed1,light,1,510.25,525.25,10.0,0.0,27.51,10.0,0.19999999999998863,0.0,0.0,0.0,0.0,0.0,1.0,0.0,0.0,0.0,0.0,0.0,0.0,0.0,0.0,0.0,1.0,0.0,0.0,0.0,0.0,2.0,0.0,40.9,64.85,2.0,0.0,0.0,0.0,0.0,0.9999999999999998,0.0,0.0,0.0,0.0,0.0,1.0,0.0,0.0,0.0,0.0,0.0,0.0,0.0,0.0,0.0,1.0,0.0,0.0,0.0,0.0,2.0,0.0,36.65,60.95,2.0,0.0,0.0,0.0,0.06666666666666667,0.9116666666666665,1.0,0.0,21.2,21.2,1.0,0.0,0.0,0.0,0.0,1.0,1.0,0.0,19.5,19.5,1.0,0.0,0.0,0.0,0.0,1.0,1.0,0.0,19.35,19.35,1.0,0.0,0.0,0.0,0.0,1.0000000000000002,1.0,0.0,20.8,20.8,1.0,0.0,0.0,0.0,0.0,1.0,1.0,0.0,19.2,19.2,1.0,0.0,0.0,0.0,0.0,1.0,1.0,0.0,19.95,19.95,1.0,0.0,0.0,0.0,0.0,1.0,1.0,0.0,1.0,0.0,1.0,0.0,1.0,0.0,1.0,0.0,1.0,0.0,2.0,18.1,2.0,17.25,2.0,17.175,2.0,17.9,2.0,17.1,2.0,17.475
light_seed1,light,1,511.25,526.25,10.0,0.0,28.51,10.0,1.1999999999999886,0.0,0.0,0.0,0.0,0.0,1.0,0.0,0.0,0.0,0.0,0.0,0.0,0.0,0.0,0.0,1.0,0.0,0.0,0.0,0.0,2.0,0.0,41.9,65.85,2.0,0.0,0.0,0.0,0.0,0.9999999999999998,0.0,0.0,0.0,0.0,0.0,1.0,0.0,0.0,0.0,0.0,0.0,0.0,0.0,0.0,0.0,1.0,0.0,0.0,0.0,0.0,2.0,0.0,37.65,61.95,2.0,0.0,0.0,0.0,0.06666666666666667,0.9449999999999998,1.0,0.0,22.2,22.2,1.0,0.0,0.0,0.0,0.0,1.0,1.0,0.0,20.5,20.5,1.0,0.0,0.0,0.0,0.0,1.0,1.0,0.0,20.35,20.35,1.0,0.0,0.0,0.0,0.0,1.0000000000000002,1.0,0.0,21.8,21.8,1.0,0.0,0.0,0.0,0.0,1.0,1.0,0.0,20.2,20.2,1.0,0.0,0.0,0.0,0.0,1.0,1.0,0.0,20.95,20.95,1.0,0.0,0.0,0.0,0.0,1.0,1.0,0.0,1.0,0.0,1.0,0.0,1.0,0.0,1.0,0.0,1.0,0.0,2.0,18.6,2.0,17.75,2.0,17.675,2.0,18.4,2.0,17.6,2.0,17.975
light_seed1,light,1,512.25,527.25,10.0,0.0,29.51,10.0,2.1999999999999886,0.0,0.0,0.0,0.0,0.0,1.0,0.0,0.0,0.0,0.0,0.0,0.0,0.0,0.0,0.0,1.0,0.0,0.0,0.0,0.0,2.0,0.0,42.9,66.85,2.0,0.0,0.0,0.0,0.0,0.9999999999999998,0.0,0.0,0.0,0.0,0.0,1.0,0.0,0.0,0.0,0.0,0.0,0.0,0.0,0.0,0.0,1.0,0.0,0.0,0.0,0.0,2.0,0.0,38.65,62.95,2.0,0.0,0.0,0.0,0.06666666666666667,0.9783333333333332,1.0,0.0,23.2,23.2,1.0,0.0,0.0,0.0,0.0,1.0,1.0,0.0,21.5,21.5,1.0,0.0,0.0,0.0,0.0,1.0,1.0,0.0,21.35,21.35,1.0,0.0,0.0,0.0,0.0,1.0000000000000002,1.0,0.0,22.8,22.8,1.0,0.0,0.0,0.0,0.0,1.0,1.0,0.0,21.2,21.2,1.0,0.0,0.0,0.0,0.0,1.0,1.0,0.0,21.95,21.95,1.0,0.0,0.0,0.0,0.0,1.0,1.0,0.0,1.0,0.0,1.0,0.0,1.0,0.0,1.0,0.0,1.0,0.0,2.0,19.1,2.0,18.25,2.0,18.175,2.0,18.9,2.0,18.1,2.0,18.475
light_seed1,light,1,513.25,528.25,10.0,0.1456689375810695,15.334999999999999,7.0,0.20000000000004547,0.0,0.0,0.0,0.0,0.0,0.0,0.0,0.0,0.0,0.0,0.0,0.0,0.0,0.0,0.0,0.0,0.0,0.0,0.0,0.0,2.0,0.4527633549880756,0.0,0.0,0.0,2.0,0.0,0.0,-0.13333333333333333,-1.9266666666666667,0.0,0.0,0.0,0.0,0.0,0.0,0.0,0.0,0.0,0.0,0.0,0.0,0.0,0.0,0.0,0.0,0.0,0.0,0.0,0.0,2.0,0.2755813329172719,7.675,15.35,1.0,2.0,0.0,0.0,-0.06666666666666667,-1.1316666666666668,1.0,0.0,24.2,24.2,1.0,0.0,0.0,0.0,0.0,1.0,1.0,0.0,22.5,22.5,1.0,0.0,0.0,0.0,0.0,1.0,1.0,0.0,22.35,22.35,1.0,0.0,0.0,0.0,0.0,1.0000000000000002,1.0,0.0,23.8,23.8,1.0,0.0,0.0,0.0,0.0,1.0,1.0,0.0,22.2,22.2,1.0,0.0,0.0,0.0,0.0,1.0,1.0,0.0,22.95,22.95,1.0,0.0,0.0,0.0,0.0,1.0,1.0,0.0,1.0,0.0,1.0,0.0,1.0,0.0,1.0,0.0,1.0,0.0,2.0,0.0,2.0,0.0,2.0,18.675,2.0,0.0,2.0,0.0,2.0,18.975
light_seed1,light,1,514.25,529.25,10.0,0.8787774952815474,14.4,6.0,1.2000000000000455,0.0,0.0,0.0,0.0,0.0,0.0,0.0,0.0,0.0,0.0,0.0,0.0,0.0,0.0,0.0,0.0,0.0,0.0,0.0,0.0,1.0,2.124569698767826,0.0,0.0,0.0,2.0,0.0,0.06666666666666667,-0.13333333333333333,-1.9933333333333334,0.0,0.0,0.0,0.0,0.0,0.0,0.0,0.0,0.0,0.0,0.0,0.0,0.0,0.0,0.0,0.0,0.0,0.0,0.0,0.0,1.0,1.305573457171737,0.0,0.0,0.0,2.0,0.0,0.06666666666666667,-0.13333333333333333,-1.7100000000000002,1.0,0.0,25.2,25.2,1.0,0.0,0.0,0.0,0.0,1.0,1.0,0.0,23.5,23.5,1.0,0.0,0.0,0.0,0.0,1.0,1.0,0.0,23.35,23.35,1.0,0.0,0.0,0.0,0.0,1.0000000000000002,1.0,0.0,24.8,24.8,1.0,0.0,0.0,0.0,0.0,1.0,1.0,0.0,23.2,23.2,1.0,0.0,0.0,0.0,0.0,1.0,1.0,0.0,23.95,23.95,1.0,0.0,0.0,0.0,0.0,1.0,1.0,0.0,1.0,0.0,1.0,0.0,1.0,0.0,1.0,0.0,1.0,0.0,1.0,0.0,1.0,0.0,2.0,19.175,1.0,0.0,1.0,0.0,2.0,19.475
light_seed1,light,1,515.25,530.25,10.0,1.6374561452950043,15.0,6.0,2.2000000000000455,0.0,0.0,0.0,0.0,0.0,0.0,0.0,0.0,0.0,0.0,0.0,0.0,0.0,0.0,0.0,0.0,0.0,0.0,0.0,0.0,1.0,4.2524451252471955,0.0,0.0,0.0,2.0,0.0,0.06666666666666667,-0.13333333333333333,-2.06,0.0,0.0,0.0,0.0,0.0,0.0,0.0,0.0,0.0,0.0,0.0,0.0,0.0,0.0,0.0,0.0,0.0,0.0,0.0,0.0,1.0,2.9296266044475097,0.0,0.0,0.0,2.0,0.0,0.06666666666666667,-0.13333333333333333,-1.7766666666666668,1.0,0.0,26.2,26.2,1.0,0.0,0.0,0.0,0.0,1.0,1.0,0.0,24.5,24.5,1.0,0.0,0.0,0.0,0.0,1.0,1.0,0.0,24.35,24.35,1.0,0.0,0.0,0.0,0.0,1.0000000000000002,1.0,0.0,25.8,25.8,1.0,0.0,0.0,0.0,0.0,1.0,1.0,0.0,24.2,24.2,1.0,0.0,0.0,0.0,0.0,1.0,1.0,0.0,24.95,24.95,1.0,0.0,0.0,0.0,0.0,1.0,1.0,0.0,1.0,0.0,1.0,0.0,1.0,0.0,1.0,0.0,1.0,0.0,1.0,0.0,1.0,0.0,2.0,19.675,1.0,0.0,1.0,0.0,2.0,19.975
light_seed1,light,1,516.25,531.25,10.0,2.3983099565581605,15.6,6.0,3.2000000000000455,0.0,0.0,0.0,0.0,0.0,0.0,0.0,0.0,0.0,0.0,0.0,0.0,0.0,0.0,0.0,0.0,0.0,0.0,0.0,0.0,0.0,0.0,0.0,0.0,0.0,2.0,0.0,0.13333333333333333,-0.13333333333333333,-2.126666666666667,0.0,0.0,0.0,0.0,0.0,0.0,0.0,0.0,0.0,0.0,0.0,0.0,0.0,0.0,0.0,0.0,0.0,0.0,0.0,0.0,0.0,0.0,0.0,0.0,0.0,2.0,0.0,0.13333333333333333,-0.13333333333333333,-1.8433333333333335,1.0,0.0,27.2,27.2,1.0,0.0,0.0,0.0,0.0,1.0,1.0,0.0,25.5,25.5,1.0,0.0,0.0,0.0,0.0,1.0,1.0,0.0,25.35,25.35,1.0,0.0,0.0,0.0,0.0,1.0000000000000002,1.0,0.0,26.8,26.8,1.0,0.0,0.0,0.0,0.0,1.0,1.0,0.0,25.2,25.2,1.0,0.0,0.0,0.0,0.0,1.0,1.0,0.0,25.95,25.95,1.0,0.0,0.0,0.0,0.0,1.0,1.0,0.0,1.0,0.0,1.0,0.0,1.0,0.0,1.0,0.0,1.0,0.0,1.0,0.0,1.0,0.0,2.0,20.175,1.0,0.0,1.0,0.0,2.0,20.475
light_seed1,light,1,517.25,532.25,10.0,3.2280639854675655,16.2,6.0,4.2000000000000455,0.0,0.0,0.0,0.0,0.0,0.0,0.0,0.0,0.0,0.0,0.0,0.0,0.0,0.0,0.0,0.0,0.0,0.0,0.0,0.0,0.0,0.0,0.0,0.0,0.0,2.0,0.0,0.13333333333333333,-0.13333333333333333,-2.1933333333333334,0.0,0.0,0.0,0.0,0.0,0.0,0.0,0.0,0.0,0.0,0.0,0.0,0.0,0.0,0.0,0.0,0.0,0.0,0.0,0.0,0.0,0.0,0.0,0.0,0.0,2.0,0.0,0.13333333333333333,-0.13333333333333333,-1.9100000000000001,1.0,0.0,28.2,28.2,1.0,0.0,0.0,0.0,0.0,1.0,1.0,0.0,26.5,26.5,1.0,0.0,0.0,0.0,0.0,1.0,1.0,0.0,26.35,26.35,1.0,0.0,0.0,0.0,0.0,1.0000000000000002,1.0,0.0,27.8,27.8,1.0,0.0,0.0,0.0,0.0,1.0,1.0,0.0,26.2,26.2,1.0,0.0,0.0,0.0,0.0,1.0,1.0,0.0,26.95,26.95,1.0,0.0,0.0,0.0,0.0,1.0,1.0,0.0,1.0,0.0,1.0,0.0,1.0,0.2,1.0,0.0,1.0,0.2,1.0,0.0,1.0,0.0,2.0,20.675,1.0,0.0,1.0,0.0,2.0,20.975
light_seed1,light,1,518.25,533.25,10.0,3.987585480918926,16.8,6.0,5.2000000000000455,0.0,0.0,0.0,0.0,0.0,0.0,0.0,0.0,0.0,0.0,0.0,0.0,0.0,0.0,0.0,0.0,0.0,0.0,0.0,0.0,0.0,0.0,0.0,0.0,0.0,2.0,0.0,0.13333333333333333,-0.13333333333333333,-2.26,0.0,0.0,0.0,0.0,0.0,0.0,0.0,0.0,0.0,0.0,0.0,0.0,0.0,0.0,0.0,0.0,0.0,0.0,0.0,0.0,0.0,0.0,0.0,0.0,0.0,2.0,0.0,0.13333333333333333,-0.13333333333333333,-1.9766666666666668,1.0,0.0,29.2,29.2,1.0,0.0,0.0,0.0,0.0,1.0,1.0,0.0,27.5,27.5,1.0,0.0,0.0,0.0,0.0,1.0,1.0,0.0,27.35,27.35,1.0,0.0,0.0,0.0,0.0,1.0000000000000002,1.0,0.0,28.8,28.8,1.0,0.0,0.0,0.0,0.0,1.0,1.0,0.0,27.2,27.2,1.0,0.0,0.0,0.0,0.0,1.0,1.0,0.0,27.95,27.95,1.0,0.0,0.0,0.0,0.0,1.0,1.0,0.0,1.0,0.0,1.0,0.0,1.0,1.2,1.0,0.0,1.0,1.2,1.0,0.0,1.0,0.0,2.0,21.175,1.0,0.0,1.0,0.0,2.0,21.475
light_seed1,light,1,519.25,534.25,10.0,4.746920073427158,17.4,6.0,6.2000000000000455,0.0,0.0,0.0,0.0,0.0,0.0,0.0,0.0,0.0,0.0,0.0,0.0,0.0,0.0,0.0,0.0,0.0,0.0,0.0,0.0,0.0,0.0,0.0,0.0,0.0,2.0,0.0,0.13333333333333333,-0.13333333333333333,-2.3266666666666667,0.0,0.0,0.0,0.0,0.0,0.0,0.0,0.0,0.0,0.0,0.0,0.0,0.0,0.0,0.0,0.0,0.0,0.0,0.0,0.0,0.0,0.0,0.0,0.0,0.0,2.0,0.0,0.13333333333333333,-0.13333333333333333,-2.0433333333333334,1.0,0.0,30.2,30.2,1.0,0.0,0.0,0.0,0.0,1.0,1.0,0.0,28.5,28.5,1.0,0.0,0.0,0.0,0.0,1.0,1.0,0.0,28.35,28.35,1.0,0.0,0.0,0.0,0.0,1.0000000000000002,1.0,0.0,29.8,29.8,1.0,0.0,0.0,0.0,0.0,1.0,1.0,0.0,28.2,28.2,1.0,0.0,0.0,0.0,0.0,1.0,1.0,0.0,28.95,28.95,1.0,0.0,0.0,0.0,0.0,1.0,1.0,0.0,1.0,0.0,1.0,0.2,1.0,2.2,1.0,0.0,1.0,2.2,1.0,0.0,1.0,0.0,2.0,21.675,1.0,0.0,1.0,0.0,2.0,21.975
light_seed1,light,1,520.25,535.25,22.0,6.154012707708895,8.181818181818182,6.0,7.2000000000000455,1.0,11.982882982310839,0.0,0.0,0.0,0.0,0.06666666666666667,0.0,0.0,0.0,1.0,12.98200664170353,0.0,0.0,0.0,0.0,0.06666666666666667,0.0,0.0,0.0,1.0,13.86082503369893,0.0,0.0,0.0,2.0,0.06666666666666667,0.13333333333333333,-0.13333333333333333,-2.393333333333333,1.0,14.250092462714761,0.0,0.0,0.0,0.0,0.06666666666666667,0.0,0.0,0.0,1.0,11.775981397582479,0.0,0.0,0.0,0.0,0.06666666666666667,0.0,0.0,0.0,1.0,14.369623196527362,0.0,0.0,0.0,2.0,0.06666666666666667,0.13333333333333333,-0.13333333333333333,-2.1100000000000003,2.0,0.2515536066514211,15.6,31.2,1.0,0.0,0.06666666666666667,0.0,0.0,-0.03999999999999997,2.0,0.24792562759764608,14.75,29.5,1.0,0.0,0.06666666666666667,0.0,0.0,0.016666666666666666,2.0,0.19754691445760425,14.675,29.35,1.0,0.0,0.06666666666666667,0.0,0.0,0.021666666666666737,2.0,0.24972929343645278,15.4,30.8,1.0,0.0,0.06666666666666667,0.0,0.0,-0.02666666666666669,2.0,0.19372772559196785,14.6,29.2,1.0,0.0,0.06666666666666667,0.0,0.0,0.02666666666666669,2.0,0.25465260834923814,14.975,29.95,1.0,0.0,0.06666666666666667,0.0,0.0,0.0016666666666666904,1.0,0.0,1.0,0.5,1.0,1.2,1.0,3.2,1.0,0.0,1.0,3.2,1.0,0.0,1.0,0.0,2.0,22.175,1.0,0.0,1.0,0.0,2.0,22.475
light_seed1,light,1,521.25,536.25,22.0,6.9948400771517605,8.454545454545455,6.0,8.200000000000045,1.0,11.999560907674022,0.0,0.0,0.0,0.0,0.06666666666666667,0.0,0.0,0.0,1.0,13.027108042441878,0.0,0.0,0.0,0.0,0.06666666666666667,0.0,0.0,0.0,1.0,13.836731946021319,0.0,0.0,0.0,2.0,0.06666666666666667,0.13333333333333333,-0.13333333333333333,-2.46,1.0,16.060439934398985,0.0,0.0,0.0,0.0,0.06666666666666667,0.0,0.0,0.0,1.0,11.761050227633937,0.0,0.0,0.0,0.0,0.06666666666666667,0.0,0.0,0.0,1.0,16.525645562753084,0.0,0.0,0.0,2.0,0.06666666666666667,0.13333333333333333,-0.13333333333333333,-2.1766666666666667,2.0,1.3418250293472824,16.1,32.2,1.0,0.0,0.06666666666666667,0.0,0.0,-0.0733333333333332,2.0,1.3593431135039789,15.25,30.5,1.0,0.0,0.06666666666666667,0.0,0.0,-0.016666666666666666,2.0,1.1000572228401906,15.175,30.35,1.0,0.0,0.06666666666666667,0.0,0.0,-0.011666666666666596,2.0,1.3108103411831777,15.9,31.8,1.0,0.0,0.06666666666666667,0.0,0.0,-0.060000000000000026,2.0,1.0871177517778372,15.1,30.2,1.0,0.0,0.06666666666666667,0.0,0.0,-0.006666666666666643,2.0,1.334954660322412,15.475,30.95,1.0,0.0,0.06666666666666667,0.0,0.0,-0.03166666666666664,1.0,0.3,1.0,1.5,1.0,2.2,1.0,4.2,1.0,0.05,1.0,4.2,1.0,0.0,0.0,0.0,2.0,22.675,0.0,0.0,1.0,0.0,2.0,22.975
light_seed1,light,1,522.25,537.25,22.0,7.5491770008312065,8.727272727272727,6.0,9.200000000000045,1.0,11.997424273781943,0.0,0.0,0.0,0.0,0.06666666666666667,0.0,0.0,0.0,1.0,12.97718523745226,0.0,0.0,0.0,0.0,0.06666666666666667,0.0,0.0,0.0,1.0,13.87047039131052,0.0,0.0,0.0,2.0,0.06666666666666667,0.13333333333333333,-0.13333333333333333,-2.5266666666666664,1.0,16.5953249703683,0.0,0.0,0.0,0.0,0.06666666666666667,0.0,0.0,0.0,1.0,11.763137704003864,0.0,0.0,0.0,0.0,0.06666666666666667,0.0,0.0,0.0,1.0,16.649373305100948,0.0,0.0,0.0,2.0,0.06666666666666667,0.13333333333333333,-0.13333333333333333,-2.243333333333333,2.0,2.281840922541058,16.6,33.2,1.0,0.0,0.06666666666666667,0.0,0.0,-0.10666666666666652,2.0,2.387244458284089,15.75,31.5,1.0,0.0,0.06666666666666667,0.0,0.0,-0.05,2.0,1.9913116293533721,15.675,31.35,1.0,0.0,0.06666666666666667,0.0,0.0,-0.04500000000000005,2.0,2.3138343939046253,16.4,32.8,1.0,0.0,0.06666666666666667,0.0,0.0,-0.09333333333333348,2.0,1.9038393420066826,15.6,31.2,1.0,0.0,0.06666666666666667,0.0,0.0,-0.03999999999999997,2.0,2.3199200836551706,15.975,31.95,1.0,0.0,0.06666666666666667,0.0,0.0,-0.06499999999999997,1.0,1.3,1.0,2.5,1.0,3.2,1.0,5.2,1.0,1.05,1.0,5.2,0.0,0.0,0.0,0.0,2.0,23.175,0.0,0.0,1.0,0.0,2.0,23.475
light_seed1,light,1,523.25,538.25,22.0,8.059749748774037,9.0,6.0,10.200000000000045,1.0,11.997462857589126,0.0,0.0,0.0,0.0,0.06666666666666667,0.0,0.0,0.0,1.0,13.019949636002176,0.0,0.0,0.0,0.0,0.06666666666666667,0.0,0.0,0.0,1.0,13.8623790340079,0.0,0.0,0.0,2.0,0.06666666666666667,0.13333333333333333,-0.13333333333333333,-2.5933333333333333,1.0,16.660503467507663,0.0,0.0,0.0,0.0,0.06666666666666667,0.0,0.0,0.0,1.0,11.755679183053113,0.0,0.0,0.0,0.0,0.06666666666666667,0.0,0.0,0.0,1.0,16.595729570254687,0.0,0.0,0.0,2.0,0.06666666666666667,0.13333333333333333,-0.13333333333333333,-2.31,2.0,3.251898563666223,17.1,34.2,1.0,0.0,0.06666666666666667,0.0,0.0,-0.13999999999999985,2.0,3.4056444839614897,16.25,32.5,1.0,0.0,0.06666666666666667,0.0,0.0,-0.08333333333333333,2.0,2.8119107785243984,16.175,32.35,1.0,0.0,0.06666666666666667,0.0,0.0,-0.07833333333333338,2.0,3.249549599072859,16.9,33.8,1.0,0.0,0.06666666666666667,0.0,0.0,-0.12666666666666682,2.0,2.7456510016081968,16.1,32.2,1.0,0.0,0.06666666666666667,0.0,0.0,-0.0733333333333332,2.0,3.2782234160765165,16.475,32.95,1.0,0.0,0.06666666666666667,0.0,0.0,-0.09833333333333319,1.0,2.3,1.0,3.5,1.0,4.2,1.0,6.2,1.0,2.05,1.0,6.2,0.0,0.0,0.0,0.0,2.0,23.675,0.0,0.0,0.0,0.0,2.0,23.975
light_seed1,light,1,524.25,539.25,22.0,8.571366358277237,9.272727272727273,6.0,11.200000000000045,1.0,11.9867574048182,0.0,0.0,0.0,0.0,0.06666666666666667,0.0,0.0,0.0,1.0,12.98534609081723,0.0,0.0,0.0,0.0,0.06666666666666667,0.0,0.0,0.0,1.0,13.846378638935276,0.0,0.0,0.0,2.0,0.06666666666666667,0.13333333333333333,-0.13333333333333333,-2.6599999999999997,1.0,16.5700839667283,0.0,0.0,0.0,0.0,0.06666666666666667,0.0,0.0,0.0,1.0,11.751526230720598,0.0,0.0,0.0,0.0,0.06666666666666667,0.0,0.0,0.0,1.0,16.56815757023543,0.0,0.0,0.0,2.0,0.06666666666666667,0.13333333333333333,-0.13333333333333333,-2.3766666666666665,2.0,4.221633070350697,17.6,35.2,1.0,0.0,0.06666666666666667,0.0,0.0,-0.1733333333333332,2.0,4.3498304666328265,16.75,33.5,1.0,0.0,0.06666666666666667,0.0,0.0,-0.11666666666666667,2.0,3.644239190990844,16.675,33.35,1.0,0.0,0.06666666666666667,0.0,0.0,-0.11166666666666672,2.0,4.308933274704695,17.4,34.8,1.0,0.0,0.06666666666666667,0.0,0.0,-0.16000000000000014,2.0,3.566315038846068,16.6,33.2,1.0,0.0,0.06666666666666667,0.0,0.0,-0.10666666666666652,2.0,4.286627074931757,16.975,33.95,1.0,0.0,0.06666666666666667,0.0,0.0,-0.13166666666666652,1.0,3.3,1.0,4.5,1.0,5.2,1.0,7.2,1.0,3.05,1.0,7.2,0.0,0.0,0.0,0.0,2.0,24.175,0.0,0.0,0.0,0.0,2.0,24.475
light_seed1,light,1,525.25,540.25,22.0,9.089984610200675,9.545454545454545,6.0,0.20000000000004547,1.0,11.983773244635668,0.0,0.0,0.0,0.0,0.06666666666666667,0.0,0.0,0.0,1.0,13.02266137750038,0.0,0.0,0.0,0.0,0.06666666666666667,0.0,0.0,0.0,1.0,13.843333056832199,0.0,0.0,0.0,1.0,0.06666666666666667,0.13333333333333333,-0.13333333333333333,-2.7266666666666666,1.0,16.622881192557514,0.0,0.0,0.0,0.0,0.06666666666666667,0.0,0.0,0.0,1.0,11.758330477786046,0.0,0.0,0.0,0.0,0.06666666666666667,0.0,0.0,0.0,1.0,16.561046332422645,0.0,0.0,0.0,1.0,0.06666666666666667,0.13333333333333333,-0.13333333333333333,-2.4433333333333334,2.0,5.2639576635890055,18.1,36.2,1.0,0.0,0.06666666666666667,0.0,0.0,-0.20666666666666653,2.0,5.32669466682126,17.25,34.5,1.0,0.0,0.06666666666666667,0.0,0.0,-0.15,2.0,4.473408906007456,17.175,34.35,1.0,0.0,0.06666666666666667,0.0,0.0,-0.14500000000000005,2.0,5.226859946382555,17.9,35.8,1.0,0.0,0.06666666666666667,0.0,0.0,-0.19333333333333347,2.0,4.422508078345987,17.1,34.2,1.0,0.0,0.06666666666666667,0.0,0.0,-0.13999999999999985,2.0,5.293864071707375,17.475,34.95,1.0,0.0,0.06666666666666667,0.0,0.0,-0.16499999999999987,1.0,4.3,1.0,5.5,1.0,6.2,1.0,8.2,1.0,4.05,1.0,8.2,0.0,0.0,0.0,0.0,2.0,24.675,0.0,0.0,0.0,0.0,2.0,24.975
light_seed1,light,1,526.25,541.25,22.0,9.590640639864056,9.818181818181818,6.0,1.2000000000000455,1.0,11.97285339913331,0.0,0.0,0.0,0.0,0.06666666666666667,0.0,0.0,0.0,1.0,12.99794519680353,0.0,0.0,0.0,0.0,0.06666666666666667,0.0,0.0,0.0,1.0,13.830045679144096,0.0,0.0,0.0,1.0,0.06666666666666667,0.13333333333333333,-0.13333333333333333,-2.7933333333333334,1.0,16.639943644236777,0.0,0.0,0.0,0.0,0.06666666666666667,0.0,0.0,0.0,1.0,11.758429900666494,0.0,0.0,0.0,0.0,0.06666666666666667,0.0,0.0,0.0,1.0,16.574654237072917,0.0,0.0,0.0,1.0,0.06666666666666667,0.13333333333333333,-0.13333333333333333,-2.51,2.0,6.1893564713474785,18.6,37.2,1.0,0.0,0.06666666666666667,0.0,0.0,-0.23999999999999985,2.0,6.28807345947017,17.75,35.5,1.0,0.0,0.06666666666666667,0.0,0.0,-0.18333333333333332,2.0,5.320880718745092,17.675,35.35,1.0,0.0,0.06666666666666667,0.0,0.0,-0.17833333333333337,2.0,6.148771836058684,18.4,36.8,1.0,0.0,0.06666666666666667,0.0,0.0,-0.22666666666666682,2.0,5.246696443775854,17.6,35.2,1.0,0.0,0.06666666666666667,0.0,0.0,-0.1733333333333332,2.0,6.314321162259464,17.975,35.95,1.0,0.0,0.06666666666666667,0.0,0.0,-0.1983333333333332,1.0,5.3,1.0,6.5,1.0,7.2,1.0,9.2,1.0,5.05,1.0,9.2,0.0,0.0,0.0,0.0,2.0,25.175,0.0,0.0,0.0,0.0,2.0,25.475
light_seed1,light,1,527.25,542.25,22.0,9.880062165303977,10.090909090909092,6.0,2.2000000000000455,1.0,11.976227855093311,0.0,0.0,0.0,0.0,0.06666666666666667,0.0,0.0,0.0,1.0,12.978916434740286,0.0,0.0,0.0,0.0,0.06666666666666667,0.0,0.0,0.0,1.0,13.883098115493777,0.0,0.0,0.0,1.0,0.06666666666666667,0.13333333333333333,-0.13333333333333333,-2.86,1.0,16.640299731638283,0.0,0.0,0.0,0.0,0.06666666666666667,0.0,0.0,0.0,1.0,11.766206518111545,0.0,0.0,0.0,0.0,0.06666666666666667,0.0,0.0,0.0,1.0,16.569302140928805,0.0,0.0,0.0,1.0,0.06666666666666667,0.13333333333333333,-0.13333333333333333,-2.5766666666666667,2.0,6.700147216896897,19.1,38.2,1.0,0.0,0.06666666666666667,0.0,0.0,-0.2733333333333332,2.0,6.6718414149453,18.25,36.5,1.0,0.0,0.06666666666666667,0.0,0.0,-0.21666666666666667,2.0,5.993417436653981,18.175,36.35,1.0,0.0,0.06666666666666667,0.0,0.0,-0.21166666666666673,2.0,6.913868143092259,18.9,37.8,1.0,0.0,0.06666666666666667,0.0,0.0,-0.2600000000000001,2.0,5.99245177021483,18.1,36.2,1.0,0.0,0.06666666666666667,0.0,0.0,-0.20666666666666653,2.0,6.334576894848224,18.475,36.95,1.0,0.0,0.06666666666666667,0.0,0.0,-0.23166666666666652,1.0,6.3,1.0,7.5,1.0,8.2,1.0,10.2,1.0,6.05,1.0,10.2,0.0,0.0,0.0,0.0,2.0,25.675,0.0,0.0,0.0,0.0,2.0,26.35
light_seed1,light,1,528.25,543.25,22.0,10.019193967899064,3.4227272727272733,2.0,0.20000000000004547,1.0,11.992543721655384,0.0,0.0,0.0,0.0,0.06666666666666667,0.0,0.0,0.0,1.0,13.007772824368777,0.0,0.0,0.0,0.0,0.06666666666666667,0.0,0.0,0.0,1.0,13.849351859294112,0.0,0.0,0.0,0.0,0.06666666666666667,0.13333333333333333,0.0,0.0,1.0,16.601032169584187,0.0,0.0,0.0,0.0,0.06666666666666667,0.0,0.0,0.0,1.0,11.748951852270663,0.0,0.0,0.0,0.0,0.06666666666666667,0.0,0.0,0.0,1.0,16.65431246799976,0.0,0.0,0.0,0.0,0.06666666666666667,0.13333333333333333,-0.06666666666666667,-0.5116666666666666,2.0,7.118204068878548,0.0,0.0,0.0,2.0,0.06666666666666667,0.0,-0.06666666666666667,-1.6133333333333333,2.0,7.086949118087423,0.0,0.0,0.0,2.0,0.06666666666666667,0.0,-0.06666666666666667,-1.5,2.0,5.988346668236191,18.675,37.35,1.0,0.0,0.06666666666666667,0.0,0.0,-0.24500000000000005,2.0,7.337724113016015,0.0,0.0,0.0,2.0,0.06666666666666667,0.0,-0.06666666666666667,-1.5866666666666667,2.0,6.326677519074625,0.0,0.0,0.0,2.0,0.06666666666666667,0.0,-0.06666666666666667,-1.48,2.0,6.309340972986039,18.975,37.95,1.0,0.0,0.06666666666666667,0.0,0.0,-0.26499999999999985,1.0,7.3,1.0,8.5,1.0,9.2,1.0,11.2,1.0,7.05,1.0,11.2,0.0,0.0,0.0,0.0,2.0,26.175,0.0,0.0,0.0,0.0,2.0,27.35
light_seed1,light,1,529.25,544.25,22.0,10.406145169336323,3.513636363636364,2.0,1.2000000000000455,1.0,11.995434016962536,0.0,0.0,0.0,0.0,0.06666666666666667,0.0,0.0,0.0,1.0,12.99479921905241,0.0,0.0,0.0,0.0,0.06666666666666667,0.0,0.0,0.0,1.0,13.846332440079424,0.0,0.0,0.0,0.0,0.06666666666666667,0.06666666666666667,0.0,0.0,1.0,15.684131623992517,0.0,0.0,0.0,0.0,0.06666666666666667,0.0,0.0,0.0,1.0,11.751922155490872,0.0,0.0,0.0,0.0,0.06666666666666667,0.0,0.0,0.0,1.0,15.553092589706186,0.0,0.0,0.0,0.0,0.06666666666666667,0.06666666666666667,0.0,0.0,1.0,13.374146135632225,0.0,0.0,0.0,2.0,0.06666666666666667,0.06666666666666667,-0.06666666666666667,-1.68,1.0,13.348157757682927,0.0,0.0,0.0,2.0,0.06666666666666667,0.06666666666666667,-0.06666666666666667,-1.5666666666666667,2.0,5.9998763536149635,19.175,38.35,1.0,0.0,0.06666666666666667,0.0,0.0,-0.2783333333333334,1.0,13.860324088020716,0.0,0.0,0.0,2.0,0.06666666666666667,0.06666666666666667,-0.06666666666666667,-1.6533333333333333,1.0,11.99290774854133,0.0,0.0,0.0,2.0,0.06666666666666667,0.06666666666666667,-0.06666666666666667,-1.5466666666666666,2.0,6.326079622076441,19.475,38.95,1.0,0.0,0.06666666666666667,0.0,0.0,-0.2983333333333332,1.0,8.3,1.0,9.5,1.0,10.2,1.0,12.2,1.0,8.05,1.0,12.2,0.0,0.0,0.0,0.0,2.0,26.95,0.0,0.0,0.0,0.0,2.0,28.35
light_seed1,light,1,530.25,545.25,21.0,10.110889446808283,3.7761904761904765,2.0,2.2000000000000455,1.0,11.977857043929397,0.0,0.0,0.0,0.0,0.06666666666666667,0.0,0.0,0.0,1.0,13.01578180650632,0.0,0.0,0.0,0.0,0.06666666666666667,0.0,0.0,0.0,1.0,13.846900614884216,0.0,0.0,0.0,0.0,0.06666666666666667,0.06666666666666667,0.0,0.0,1.0,10.204593976976174,0.0,0.0,0.0,0.0,0.06666666666666667,0.0,0.0,0.0,1.0,11.755653837477118,0.0,0.0,0.0,0.0,0.06666666666666667,0.0,0.0,0.0,1.0,10.076348662190137,0.0,0.0,0.0,0.0,0.06666666666666667,0.06666666666666667,0.0,0.0,1.0,13.413403005411425,0.0,0.0,0.0,2.0,0.06666666666666667,0.06666666666666667,-0.06666666666666667,-1.7466666666666666,1.0,13.334070284377518,0.0,0.0,0.0,2.0,0.06666666666666667,0.06666666666666667,-0.06666666666666667,-1.6333333333333333,2.0,5.991812126054429,19.675,39.35,1.0,0.0,0.06666666666666667,0.0,0.0,-0.3116666666666667,1.0,13.881236499275547,0.0,0.0,0.0,2.0,0.06666666666666667,0.06666666666666667,-0.06666666666666667,-1.72,1.0,11.993395260334946,0.0,0.0,0.0,2.0,0.06666666666666667,0.06666666666666667,-0.06666666666666667,-1.6133333333333333,2.0,6.30711694214967,19.975,39.95,1.0,0.0,0.06666666666666667,0.0,0.0,-0.3316666666666665,1.0,9.3,1.0,10.5,1.0,11.2,1.0,13.2,1.0,9.05,1.0,13.2,0.0,0.0,0.0,0.0,2.0,27.95,0.0,0.0,0.0,0.0,2.0,29.35
light_seed1,light,1,531.25,546.25,20.0,9.604685632198652,4.065,2.0,3.2000000000000455,1.0,11.993797306038905,0.0,0.0,0.0,0.0,0.06666666666666667,0.0,0.0,0.0,1.0,12.99098677480627,0.0,0.0,0.0,0.0,0.06666666666666667,0.0,0.0,0.0,1.0,12.748544109280632,0.0,0.0,0.0,0.0,0.06666666666666667,0.0,0.0,0.0,1.0,4.716004610130618,0.0,0.0,0.0,0.0,0.06666666666666667,0.0,0.0,0.0,1.0,11.761826153807602,0.0,0.0,0.0,0.0,0.06666666666666667,0.0,0.0,0.0,1.0,4.593452470706111,0.0,0.0,0.0,0.0,0.06666666666666667,0.0,0.0,0.0,1.0,13.380975233310643,0.0,0.0,0.0,2.0,0.06666666666666667,0.06666666666666667,-0.06666666666666667,-1.8133333333333332,1.0,13.336296026346242,0.0,0.0,0.0,2.0,0.06666666666666667,0.06666666666666667,-0.06666666666666667,-1.7,2.0,5.991880762655055,20.175,40.35,1.0,0.0,0.06666666666666667,0.0,0.0,-0.34500000000000003,1.0,13.868356242812006,0.0,0.0,0.0,2.0,0.06666666666666667,0.06666666666666667,-0.06666666666666667,-1.7866666666666666,1.0,11.982706929955166,0.0,0.0,0.0,2.0,0.06666666666666667,0.06666666666666667,-0.06666666666666667,-1.68,2.0,6.326792918900693,20.475,40.95,1.0,0.0,0.06666666666666667,0.0,0.0,-0.3649999999999999,1.0,10.3,1.0,11.5,1.0,12.2,1.0,14.2,1.0,10.05,1.0,14.2,0.0,0.0,0.0,0.0,2.0,28.95,0.0,0.0,0.0,0.0,2.0,30.35
light_seed1,light,1,532.25,547.25,20.0,9.317742989517495,4.1850000000000005,4.0,4.2000000000000455,1.0,11.990250891759061,0.0,0.0,0.0,0.0,0.06666666666666667,0.0,0.0,0.0,1.0,11.507355789272568,0.0,0.0,0.0,0.0,0.06666666666666667,0.0,0.0,0.0,1.0,8.255473631093219,0.0,0.0,0.0,0.0,0.06666666666666667,0.0,0.0,0.0,1.0,0.0,0.2,0.2,1.0,0.0,0.06666666666666667,0.0,0.06666666666666667,0.013333333333333334,1.0,11.760306074705701,0.0,0.0,0.0,0.0,0.06666666666666667,0.0,0.0,0.0,1.0,0.0,0.2,0.2,1.0,0.0,0.06666666666666667,0.0,0.06666666666666667,0.013333333333333334,1.0,13.3896760534903,0.0,0.0,0.0,2.0,0.06666666666666667,0.06666666666666667,-0.06666666666666667,-1.88,1.0,13.332424680210384,0.0,0.0,0.0,2.0,0.06666666666666667,0.06666666666666667,-0.06666666666666667,-1.7666666666666666,2.0,5.99636727905483,20.675,41.35,1.0,0.0,0.06666666666666667,0.0,0.0,-0.37833333333333335,1.0,13.88649753880105,0.0,0.0,0.0,2.0,0.06666666666666667,0.06666666666666667,-0.06666666666666667,-1.8533333333333333,1.0,11.983735868660734,0.0,0.0,0.0,2.0,0.06666666666666667,0.06666666666666667,-0.06666666666666667,-1.7466666666666666,2.0,6.32194115295607,20.975,41.95,1.0,0.0,0.06666666666666667,0.0,0.0,-0.3983333333333332,1.0,11.3,1.0,12.5,1.0,13.2,1.0,15.2,1.0,11.05,1.0,15.2,0.0,0.0,0.0,0.0,2.0,29.95,0.0,0.0,0.0,0.0,2.0,31.35
light_seed1,light,1,533.25,548.25,20.0,9.283853194009648,4.385,4.0,5.2000000000000455,1.0,10.95744993936292,0.0,0.0,0.0,0.0,0.06666666666666667,0.0,0.0,0.0,1.0,7.01109806626221,0.0,0.0,0.0,0.0,0.06666666666666667,0.0,0.0,0.0,1.0,3.755473631093225,0.0,0.0,0.0,0.0,0.06666666666666667,0.0,0.0,0.0,1.0,0.0,1.2,1.2,1.0,0.0,0.06666666666666667,0.0,0.06666666666666667,0.08,1.0,11.761115253097639,0.0,0.0,0.0,0.0,0.06666666666666667,0.0,0.0,0.0,1.0,0.0,1.2,1.2,1.0,0.0,0.06666666666666667,0.0,0.06666666666666667,0.08,1.0,13.383012780125762,0.0,0.0,0.0,2.0,0.06666666666666667,0.06666666666666667,-0.06666666666666667,-1.9466666666666665,1.0,13.331353990771309,0.0,0.0,0.0,2.0,0.06666666666666667,0.06666666666666667,-0.06666666666666667,-1.8333333333333333,2.0,5.996015329523943,21.175,42.35,1.0,0.0,0.06666666666666667,0.0,0.0,-0.41166666666666674,1.0,13.880816090678564,0.0,0.0,0.0,2.0,0.06666666666666667,0.06666666666666667,-0.06666666666666667,-1.9200000000000002,1.0,11.97739442681428,0.0,0.0,0.0,2.0,0.06666666666666667,0.06666666666666667,-0.06666666666666667,-1.8133333333333332,2.0,6.327538359582041,21.475,42.95,1.0,0.0,0.06666666666666667,0.0,0.0,-0.43166666666666653,1.0,12.3,1.0,13.5,1.0,14.2,1.0,16.2,1.0,12.05,1.0,16.2,0.0,0.0,0.0,0.0,2.0,30.95,0.0,0.0,0.0,0.0,2.0,32.35
light_seed1,light,1,534.25,549.25,20.0,8.794561987462554,4.595000000000001,5.0,6.2000000000000455,1.0,6.960016689809267,0.0,0.0,0.0,0.0,0.06666666666666667,0.0,0.0,0.0,1.0,2.5110980662622144,0.0,0.0,0.0,0.0,0.06666666666666667,0.0,0.0,0.0,1.0,0.0,0.2,0.2,1.0,0.0,0.06666666666666667,0.0,0.06666666666666667,0.013333333333333334,1.0,0.0,2.2,2.2,1.0,0.0,0.06666666666666667,0.0,0.06666666666666667,0.14666666666666667,1.0,7.938082216290538,0.0,0.0,0.0,0.0,0.06666666666666667,0.0,0.0,0.0,1.0,0.0,2.2,2.2,1.0,0.0,0.06666666666666667,0.0,0.06666666666666667,0.14666666666666667,1.0,13.382176290088143,0.0,0.0,0.0,2.0,0.06666666666666667,0.06666666666666667,-0.06666666666666667,-2.013333333333333,1.0,13.317294121352457,0.0,0.0,0.0,2.0,0.06666666666666667,0.06666666666666667,-0.06666666666666667,-1.9,2.0,5.985130534783239,21.675,43.35,1.0,0.0,0.06666666666666667,0.0,0.0,-0.44500000000000006,1.0,13.858407949024114,0.0,0.0,0.0,2.0,0.06666666666666667,0.06666666666666667,-0.06666666666666667,-1.9866666666666668,1.0,11.97613541340921,0.0,0.0,0.0,2.0,0.06666666666666667,0.06666666666666667,-0.06666666666666667,-1.88,2.0,6.00490078246165,21.975,43.95,1.0,0.0,0.06666666666666667,0.0,0.0,-0.46499999999999986,1.0,13.3,1.0,14.5,1.0,15.2,1.0,17.2,1.0,13.05,1.0,17.2,0.0,0.0,0.0,0.0,2.0,31.95,0.0,0.0,0.0,0.0,2.0,33.35
light_seed1,light,1,535.25,550.25,19.0,7.9000112064310555,5.126315789473685,6.0,7.2000000000000455,1.0,2.9600166898092635,0.0,0.0,0.0,0.0,0.0,0.0,0.0,0.0,1.0,0.0,0.5,0.5,1.0,0.0,0.0,0.0,0.06666666666666667,0.03333333333333333,1.0,0.0,1.2,1.2,1.0,0.0,0.0,0.0,0.06666666666666667,0.08,1.0,0.0,3.2,3.2,1.0,0.0,0.0,0.0,0.06666666666666667,0.21333333333333335,1.0,3.9409644063882387,0.0,0.0,0.0,0.0,0.0,0.0,0.0,0.0,1.0,0.0,3.2,3.2,1.0,0.0,0.0,0.0,0.06666666666666667,0.21333333333333335,1.0,13.41014475163193,0.0,0.0,0.0,2.0,0.0,0.06666666666666667,-0.06666666666666667,-1.04,1.0,13.315248539901074,0.0,0.0,0.0,2.0,0.0,0.06666666666666667,-0.06666666666666667,-0.9833333333333333,2.0,5.2911466543831525,22.175,44.35,1.0,0.0,0.0,0.0,0.0,0.5,1.0,13.871819257684983,0.0,0.0,0.0,2.0,0.0,0.06666666666666667,-0.06666666666666667,-1.0266666666666666,1.0,11.98473386107944,0.0,0.0,0.0,2.0,0.0,0.06666666666666667,-0.06666666666666667,-0.9733333333333333,2.0,4.433958150903917,22.475,44.95,1.0,0.0,0.0,0.0,0.0,0.5000000000000001,1.0,14.3,1.0,15.5,1.0,16.2,1.0,18.2,1.0,14.05,1.0,18.2,0.0,0.0,0.0,0.0,2.0,32.95,0.0,0.0,0.0,0.0,2.0,34.35
light_seed1,light,1,536.25,551.25,19.0,6.922859290089672,5.4605263157894735,8.0,8.200000000000045,1.0,0.0,0.3,0.3,1.0,0.0,0.0,0.0,0.06666666666666667,0.02,1.0,0.0,1.5,1.5,1.0,0.0,0.0,0.0,0.06666666666666667,0.1,1.0,0.0,2.2,2.2,1.0,0.0,0.0,0.0,0.06666666666666667,0.14666666666666667,1.0,0.0,4.2,4.2,1.0,0.0,0.0,0.0,0.06666666666666667,0.28,1.0,0.0002934593536145334,0.05,0.05,1.0,0.0,0.0,0.0,0.06666666666666667,0.0033333333333333335,1.0,0.0,4.2,4.2,1.0,0.0,0.0,0.0,0.06666666666666667,0.28,1.0,10.655573944460196,0.0,0.0,0.0,2.0,0.0,0.06666666666666667,-0.06666666666666667,-1.0733333333333335,0.0,0.0,0.0,0.0,0.0,2.0,0.0,0.13333333333333333,-0.06666666666666667,-1.0166666666666666,2.0,3.9870629417951724,22.675,45.35,1.0,0.0,0.0,0.0,0.0,0.5,0.0,0.0,0.0,0.0,0.0,2.0,0.0,0.13333333333333333,-0.06666666666666667,-1.06,1.0,11.975647618551738,0.0,0.0,0.0,2.0,0.0,0.06666666666666667,-0.06666666666666667,-1.0066666666666666,2.0,2.993001298043471,22.975,45.95,1.0,0.0,0.0,0.0,0.0,0.5000000000000001,1.0,15.3,1.0,16.5,1.0,17.2,1.0,19.2,1.0,15.05,1.0,19.2,0.0,0.0,0.0,0.0,2.0,33.95,0.0,0.0,0.0,0.0,2.0,35.35
light_seed1,light,1,537.25,552.25,18.0,6.39252237821772,6.208333333333333,8.0,9.200000000000045,1.0,0.0,1.3,1.3,1.0,0.0,0.0,0.0,0.06666666666666667,0.08666666666666667,1.0,0.0,2.5,2.5,1.0,0.0,0.0,0.0,0.06666666666666667,0.16666666666666666,1.0,0.0,3.2,3.2,1.0,0.0,0.0,0.0,0.06666666666666667,0.21333333333333335,1.0,0.0,5.2,5.2,1.0,0.0,0.0,0.0,0.06666666666666667,0.3466666666666667,1.0,0.0,1.05,1.05,1.0,0.0,0.0,0.0,0.06666666666666667,0.07,1.0,0.0,5.2,5.2,1.0,0.0,0.0,0.0,0.06666666666666667,0.3466666666666667,0.0,0.0,0.0,0.0,0.0,2.0,0.0,0.13333333333333333,-0.06666666666666667,-1.1066666666666667,0.0,0.0,0.0,0.0,0.0,2.0,0.0,0.13333333333333333,-0.06666666666666667,-1.05,2.0,2.840694685744642,23.175,46.35,1.0,0.0,0.0,0.0,0.0,0.5,0.0,0.0,0.0,0.0,0.0,2.0,0.0,0.13333333333333333,-0.06666666666666667,-1.0933333333333333,1.0,11.986690938756801,0.0,0.0,0.0,2.0,0.0,0.06666666666666667,-0.06666666666666667,-1.04,2.0,1.8223739162609003,23.475,46.95,1.0,0.0,0.0,0.0,0.0,0.5000000000000001,1.0,16.3,1.0,17.5,1.0,18.2,1.0,20.2,1.0,16.05,1.0,20.2,0.0,0.0,0.0,0.0,2.0,34.95,0.0,0.0,0.0,0.0,2.0,36.35
light_seed1,light,1,538.25,553.25,18.0,6.185290706871428,6.652777777777778,8.0,10.200000000000045,1.0,0.0,2.3,2.3,1.0,0.0,0.0,0.0,0.06666666666666667,0.15333333333333332,1.0,0.0,3.5,3.5,1.0,0.0,0.0,0.0,0.06666666666666667,0.23333333333333334,1.0,0.0,4.2,4.2,1.0,0.0,0.0,0.0,0.06666666666666667,0.28,1.0,0.0,6.2,6.2,1.0,0.0,0.0,0.0,0.06666666666666667,0.41333333333333333,1.0,0.0,2.05,2.05,1.0,0.0,0.0,0.0,0.06666666666666667,0.13666666666666666,1.0,0.0,6.2,6.2,1.0,0.0,0.0,0.0,0.06666666666666667,0.41333333333333333,0.0,0.0,0.0,0.0,0.0,2.0,0.0,0.13333333333333333,-0.06666666666666667,-1.1400000000000001,0.0,0.0,0.0,0.0,0.0,2.0,0.0,0.13333333333333333,-0.06666666666666667,-1.0833333333333333,2.0,1.8809226100805148,23.675,47.35,1.0,0.0,0.0,0.0,0.0,0.5,0.0,0.0,0.0,0.0,0.0,2.0,0.0,0.13333333333333333,-0.06666666666666667,-1.1266666666666665,0.0,0.0,0.0,0.0,0.0,2.0,0.0,0.13333333333333333,-0.06666666666666667,-1.0733333333333335,2.0,0.9535659686182111,23.975,47.95,1.0,0.0,0.0,0.0,0.0,0.5,1.0,17.3,1.0,18.5,1.0,19.2,1.0,21.2,1.0,17.05,1.0,21.2,0.0,0.0,0.0,0.0,2.0,35.95,0.0,0.0,0.0,0.0,2.0,37.35
light_seed1,light,1,539.25,554.25,18.0,6.222844419859049,7.097222222222222,8.0,11.200000000000045,1.0,0.0,3.3,3.3,1.0,0.0,0.0,0.0,0.06666666666666667,0.22,1.0,0.0,4.5,4.5,1.0,0.0,0.0,0.0,0.06666666666666667,0.3,1.0,0.0,5.2,5.2,1.0,0.0,0.0,0.0,0.06666666666666667,0.3466666666666667,1.0,0.0,7.2,7.2,1.0,0.0,0.0,0.0,0.06666666666666667,0.48000000000000004,1.0,0.0,3.05,3.05,1.0,0.0,0.0,0.0,0.06666666666666667,0.2033333333333333,1.0,0.0,7.2,7.2,1.0,0.0,0.0,0.0,0.06666666666666667,0.48000000000000004,0.0,0.0,0.0,0.0,0.0,2.0,0.0,0.13333333333333333,-0.06666666666666667,-1.1733333333333333,0.0,0.0,0.0,0.0,0.0,2.0,0.0,0.13333333333333333,-0.06666666666666667,-1.1166666666666667,2.0,1.1402123280504655,24.175,48.35,1.0,0.0,0.0,0.0,0.0,0.5,0.0,0.0,0.0,0.0,0.0,2.0,0.0,0.13333333333333333,-0.06666666666666667,-1.16,0.0,0.0,0.0,0.0,0.0,2.0,0.0,0.13333333333333333,-0.06666666666666667,-1.1066666666666667,2.0,0.43852360557882797,24.475,48.95,1.0,0.0,0.0,0.0,0.0,0.5,1.0,18.3,1.0,19.5,1.0,20.2,1.0,22.2,1.0,18.05,1.0,22.2,0.0,0.0,0.0,0.0,2.0,36.95,0.0,0.0,0.0,0.0,2.0,38.35
light_seed1,light,1,540.25,555.25,18.0,6.324367229809827,7.541666666666667,8.0,12.200000000000045,1.0,0.0,4.3,4.3,1.0,0.0,0.0,0.0,0.06666666666666667,0.2866666666666667,1.0,0.0,5.5,5.5,1.0,0.0,0.0,0.0,0.06666666666666667,0.36666666666666664,1.0,0.0,6.2,6.2,1.0,0.0,0.0,0.0,0.06666666666666667,0.41333333333333333,1.0,0.0,8.2,8.2,1.0,0.0,0.0,0.0,0.06666666666666667,0.5466666666666666,1.0,0.0,4.05,4.05,1.0,0.0,0.0,0.0,0.06666666666666667,0.26999999999999996,1.0,0.0,8.2,8.2,1.0,0.0,0.0,0.0,0.06666666666666667,0.5466666666666666,0.0,0.0,0.0,0.0,0.0,2.0,0.0,0.13333333333333333,-0.06666666666666667,-1.2066666666666668,0.0,0.0,0.0,0.0,0.0,2.0,0.0,0.13333333333333333,-0.06666666666666667,-1.15,2.0,0.6277444799932239,24.675,49.35,1.0,0.0,0.0,0.0,0.0,0.5,0.0,0.0,0.0,0.0,0.0,2.0,0.0,0.13333333333333333,-0.06666666666666667,-1.1933333333333331,0.0,0.0,0.0,0.0,0.0,2.0,0.0,0.13333333333333333,-0.06666666666666667,-1.1400000000000001,2.0,0.17530671309295695,24.975,49.95,1.0,0.0,0.0,0.0,0.0,0.5,1.0,19.3,1.0,20.5,1.0,21.2,1.0,23.2,1.0,19.05,1.0,23.2,0.0,0.0,0.0,0.0,2.0,37.949999999999996,0.0,0.0,0.0,0.0,2.0,39.35
light_seed1,light,1,541.25,556.25,18.0,6.302487723867956,7.986111111111111,8.0,13.200000000000045,1.0,0.0,5.3,5.3,1.0,0.0,0.0,0.0,0.06666666666666667,0.35333333333333333,1.0,0.0,6.5,6.5,1.0,0.0,0.0,0.0,0.06666666666666667,0.43333333333333335,1.0,0.0,7.2,7.2,1.0,0.0,0.0,0.0,0.06666666666666667,0.48000000000000004,1.0,0.0,9.2,9.2,1.0,0.0,0.0,0.0,0.06666666666666667,0.6133333333333333,1.0,0.0,5.05,5.05,1.0,0.0,0.0,0.0,0.06666666666666667,0.33666666666666667,1.0,0.0,9.2,9.2,1.0,0.0,0.0,0.0,0.06666666666666667,0.6133333333333333,0.0,0.0,0.0,0.0,0.0,2.0,0.0,0.13333333333333333,-0.06666666666666667,-1.24,0.0,0.0,0.0,0.0,0.0,2.0,0.0,0.13333333333333333,-0.06666666666666667,-1.1833333333333333,2.0,0.3204399546242839,25.175,50.35,1.0,0.0,0.0,0.0,0.0,0.5,0.0,0.0,0.0,0.0,0.0,2.0,0.0,0.13333333333333333,-0.06666666666666667,-1.2266666666666666,0.0,0.0,0.0,0.0,0.0,2.0,0.0,0.13333333333333333,-0.06666666666666667,-1.1733333333333333,2.0,0.06421833042257644,25.475,50.95,1.0,0.0,0.0,0.0,0.0,0.5,1.0,20.3,1.0,21.5,1.0,22.2,1.0,24.2,1.0,20.05,1.0,24.2,0.0,0.0,0.0,0.0,2.0,38.949999999999996,0.0,0.0,0.0,0.0,2.0,40.35
light_seed1,light,1,542.25,557.25,18.0,6.2729432226045185,8.472222222222221,9.0,14.200000000000045,1.0,0.0,6.3,6.3,1.0,0.0,0.0,0.0,0.06666666666666667,0.42,1.0,0.0,7.5,7.5,1.0,0.0,0.0,0.0,0.06666666666666667,0.5,1.0,0.0,8.2,8.2,1.0,0.0,0.0,0.0,0.06666666666666667,0.5466666666666666,1.0,0.0,10.2,10.2,1.0,0.0,0.0,0.0,0.06666666666666667,0.6799999999999999,1.0,0.0,6.05,6.05,1.0,0.0,0.0,0.0,0.06666666666666667,0.4033333333333333,1.0,0.0,10.2,10.2,1.0,0.0,0.0,0.0,0.06666666666666667,0.6799999999999999,0.0,0.0,0.0,0.0,0.0,2.0,0.0,0.13333333333333333,-0.06666666666666667,-1.2733333333333334,0.0,0.0,0.0,0.0,0.0,2.0,0.0,0.13333333333333333,-0.06666666666666667,-1.2166666666666666,2.0,0.15710960129761767,25.675,51.35,1.0,0.0,0.0,0.0,0.0,0.5,0.0,0.0,0.0,0.0,0.0,2.0,0.0,0.13333333333333333,-0.06666666666666667,-1.26,0.0,0.0,0.0,0.0,0.0,2.0,0.0,0.13333333333333333,-0.06666666666666667,-1.2066666666666668,2.0,0.023864268283586093,26.35,51.95,2.0,0.0,0.0,0.0,0.06666666666666667,0.525,1.0,21.3,1.0,22.5,1.0,23.2,1.0,25.2,1.0,21.05,1.0,25.2,0.0,0.0,0.0,0.0,2.0,39.949999999999996,0.0,0.0,0.0,0.0,2.0,41.35
light_seed1,light,1,543.25,558.25,18.0,6.2609867697544015,8.972222222222221,9.0,15.200000000000045,1.0,0.0,7.3,7.3,1.0,0.0,0.0,0.0,0.06666666666666667,0.48666666666666664,1.0,0.0,8.5,8.5,1.0,0.0,0.0,0.0,0.06666666666666667,0.5666666666666667,1.0,0.0,9.2,9.2,1.0,0.0,0.0,0.0,0.06666666666666667,0.6133333333333333,1.0,0.0,11.2,11.2,1.0,0.0,0.0,0.0,0.06666666666666667,0.7466666666666666,1.0,0.0,7.05,7.05,1.0,0.0,0.0,0.0,0.06666666666666667,0.47,1.0,0.0,11.2,11.2,1.0,0.0,0.0,0.0,0.06666666666666667,0.7466666666666666,0.0,0.0,0.0,0.0,0.0,2.0,0.0,0.13333333333333333,0.0,0.0,0.0,0.0,0.0,0.0,0.0,2.0,0.0,0.13333333333333333,0.0,0.0,2.0,0.07268625187005963,26.175,52.35,1.0,0.0,0.0,0.0,0.0,0.5,0.0,0.0,0.0,0.0,0.0,2.0,0.0,0.13333333333333333,0.0,0.0,0.0,0.0,0.0,0.0,0.0,2.0,0.0,0.13333333333333333,0.0,0.0,2.0,0.008573166334736577,27.35,52.95,2.0,0.0,0.0,0.0,0.06666666666666667,0.5583333333333333,1.0,22.3,1.0,23.5,1.0,24.2,1.0,26.2,1.0,22.05,1.0,26.2,0.0,0.0,0.0,0.0,2.0,40.949999999999996,0.0,0.0,0.0,0.0,2.0,42.35
light_seed1,light,1,544.25,559.25,16.0,5.008710220361845,10.690625,10.0,16.200000000000045,1.0,0.0,8.3,8.3,1.0,0.0,0.0,0.0,0.06666666666666667,0.5533333333333333,1.0,0.0,9.5,9.5,1.0,0.0,0.0,0.0,0.06666666666666667,0.6333333333333333,1.0,0.0,10.2,10.2,1.0,0.0,0.0,0.0,0.06666666666666667,0.6799999999999999,1.0,0.0,12.2,12.2,1.0,0.0,0.0,0.0,0.06666666666666667,0.8133333333333332,1.0,0.0,8.05,8.05,1.0,0.0,0.0,0.0,0.06666666666666667,0.5366666666666667,1.0,0.0,12.2,12.2,1.0,0.0,0.0,0.0,0.06666666666666667,0.8133333333333332,0.0,0.0,0.0,0.0,0.0,2.0,0.0,0.06666666666666667,0.0,0.0,0.0,0.0,0.0,0.0,0.0,2.0,0.0,0.06666666666666667,0.0,0.0,2.0,0.03341269281751244,26.95,53.35,2.0,0.0,0.0,0.0,0.06666666666666667,0.5183333333333332,0.0,0.0,0.0,0.0,0.0,2.0,0.0,0.06666666666666667,0.0,0.0,0.0,0.0,0.0,0.0,0.0,2.0,0.0,0.06666666666666667,0.0,0.0,2.0,0.003123144172043922,28.35,53.95,2.0,0.0,0.0,0.0,0.06666666666666667,0.5916666666666667,1.0,23.3,1.0,24.5,1.0,25.2,1.0,27.2,1.0,23.05,1.0,27.2,0.0,0.0,0.0,0.0,2.0,41.949999999999996,0.0,0.0,0.0,0.0,2.0,43.35
light_seed1,light,1,545.25,560.25,16.0,5.0111014038676345,11.315625,10.0,17.200000000000045,1.0,0.0,9.3,9.3,1.0,0.0,0.0,0.0,0.06666666666666667,0.62,1.0,0.0,10.5,10.5,1.0,0.0,0.0,0.0,0.06666666666666667,0.7,1.0,0.0,11.2,11.2,1.0,0.0,0.0,0.0,0.06666666666666667,0.7466666666666666,1.0,0.0,13.2,13.2,1.0,0.0,0.0,0.0,0.06666666666666667,0.88,1.0,0.0,9.05,9.05,1.0,0.0,0.0,0.0,0.06666666666666667,0.6033333333333334,1.0,0.0,13.2,13.2,1.0,0.0,0.0,0.0,0.06666666666666667,0.88,0.0,0.0,0.0,0.0,0.0,2.0,0.0,0.06666666666666667,0.0,0.0,0.0,0.0,0.0,0.0,0.0,2.0,0.0,0.06666666666666667,0.0,0.0,2.0,0.015438355006062054,27.95,54.35,2.0,0.0,0.0,0.0,0.06666666666666667,0.5516666666666665,0.0,0.0,0.0,0.0,0.0,2.0,0.0,0.06666666666666667,0.0,0.0,0.0,0.0,0.0,0.0,0.0,2.0,0.0,0.06666666666666667,0.0,0.0,2.0,0.0011204042801080945,29.35,54.95,2.0,0.0,0.0,0.0,0.06666666666666667,0.625,1.0,24.3,1.0,25.5,1.0,26.2,1.0,28.2,1.0,24.05,1.0,28.2,0.0,0.0,0.0,0.0,2.0,42.949999999999996,0.0,0.0,0.0,0.0,2.0,44.35
light_seed1,light,1,546.25,561.25,16.0,5.008695910322885,11.940625,10.0,18.200000000000045,1.0,0.0,10.3,10.3,1.0,0.0,0.0,0.0,0.06666666666666667,0.6866666666666668,1.0,0.0,11.5,11.5,1.0,0.0,0.0,0.0,0.06666666666666667,0.7666666666666667,1.0,0.0,12.2,12.2,1.0,0.0,0.0,0.0,0.06666666666666667,0.8133333333333332,1.0,0.0,14.2,14.2,1.0,0.0,0.0,0.0,0.06666666666666667,0.9466666666666667,1.0,0.0,10.05,10.05,1.0,0.0,0.0,0.0,0.06666666666666667,0.67,1.0,0.0,14.2,14.2,1.0,0.0,0.0,0.0,0.06666666666666667,0.9466666666666667,0.0,0.0,0.0,0.0,0.0,2.0,0.0,0.06666666666666667,0.0,0.0,0.0,0.0,0.0,0.0,0.0,2.0,0.0,0.06666666666666667,0.0,0.0,2.0,0.0070558680246512444,28.95,55.35,2.0,0.0,0.0,0.0,0.06666666666666667,0.5849999999999999,0.0,0.0,0.0,0.0,0.0,2.0,0.0,0.06666666666666667,0.0,0.0,0.0,0.0,0.0,0.0,0.0,2.0,0.0,0.06666666666666667,0.0,0.0,2.0,0.0004112329846664036,30.35,55.95,2.0,0.0,0.0,0.0,0.06666666666666667,0.6583333333333333,1.0,25.3,1.0,26.5,1.0,27.2,1.0,29.2,1.0,25.05,1.0,29.2,0.0,0.0,0.0,0.0,2.0,8.775,0.0,0.0,0.0,0.0,2.0,0.0
light_seed1,light,1,547.25,562.25,14.0,3.7547355100766597,14.360714285714286,10.0,19.200000000000045,1.0,0.0,11.3,11.3,1.0,0.0,0.0,0.0,0.06666666666666667,0.7533333333333334,1.0,0.0,12.5,12.5,1.0,0.0,0.0,0.0,0.06666666666666667,0.8333333333333334,1.0,0.0,13.2,13.2,1.0,0.0,0.0,0.0,0.06666666666666667,0.88,1.0,0.0,15.2,15.2,1.0,0.0,0.0,0.0,0.0,1.0,1.0,0.0,11.05,11.05,1.0,0.0,0.0,0.0,0.06666666666666667,0.7366666666666667,1.0,0.0,15.2,15.2,1.0,0.0,0.0,0.0,0.0,1.0,0.0,0.0,0.0,0.0,0.0,2.0,0.0,0.06666666666666667,0.0,0.0,0.0,0.0,0.0,0.0,0.0,2.0,0.0,0.06666666666666667,0.0,0.0,2.0,0.003246763121090995,29.95,56.35,2.0,0.0,0.0,0.0,0.06666666666666667,0.6183333333333333,0.0,0.0,0.0,0.0,0.0,2.0,0.0,0.06666666666666667,0.0,0.0,0.0,0.0,0.0,0.0,0.0,2.0,0.0,0.06666666666666667,0.0,0.0,2.0,0.00014885088951608187,31.35,56.95,2.0,0.0,0.0,0.0,0.06666666666666667,0.6916666666666667,1.0,26.3,1.0,27.5,1.0,28.2,1.0,30.2,1.0,26.05,1.0,30.2,0.0,0.0,0.0,0.0,1.0,0.0,0.0,0.0,0.0,0.0,1.0,0.0
light_seed1,light,1,548.25,563.25,14.0,3.748756790006865,15.075000000000001,10.0,20.200000000000045,1.0,0.0,12.3,12.3,1.0,0.0,0.0,0.0,0.06666666666666667,0.8200000000000001,1.0,0.0,13.5,13.5,1.0,0.0,0.0,0.0,0.06666666666666667,0.9,1.0,0.0,14.2,14.2,1.0,0.0,0.0,0.0,0.06666666666666667,0.9466666666666667,1.0,0.0,16.2,16.2,1.0,0.0,0.0,0.0,0.0,1.0,1.0,0.0,12.05,12.05,1.0,0.0,0.0,0.0,0.06666666666666667,0.8033333333333333,1.0,0.0,16.2,16.2,1.0,0.0,0.0,0.0,0.0,1.0,0.0,0.0,0.0,0.0,0.0,2.0,0.0,0.06666666666666667,0.0,0.0,0.0,0.0,0.0,0.0,0.0,2.0,0.0,0.06666666666666667,0.0,0.0,2.0,0.0014775957175356476,30.95,57.35,2.0,0.0,0.0,0.0,0.06666666666666667,0.6516666666666666,0.0,0.0,0.0,0.0,0.0,2.0,0.0,0.06666666666666667,0.0,0.0,0.0,0.0,0.0,0.0,0.0,2.0,0.0,0.06666666666666667,0.0,0.0,2.0,5.4357724128091347e-05,32.35,57.95,2.0,0.0,0.0,0.0,0.06666666666666667,0.725,1.0,27.3,1.0,28.5,1.0,29.2,1.0,31.2,1.0,27.05,1.0,31.2,0.0,0.0,0.0,0.0,1.0,0.0,0.0,0.0,0.0,0.0,1.0,0.0
light_seed1,light,1,549.25,564.25,14.0,3.756693401119556,15.789285714285715,10.0,21.200000000000045,1.0,0.0,13.3,13.3,1.0,0.0,0.0,0.0,0.06666666666666667,0.8866666666666667,1.0,0.0,14.5,14.5,1.0,0.0,0.0,0.0,0.06666666666666667,0.9666666666666667,1.0,0.0,15.2,15.2,1.0,0.0,0.0,0.0,0.0,1.0,1.0,0.0,17.2,17.2,1.0,0.0,0.0,0.0,0.0,1.0,1.0,0.0,13.05,13.05,1.0,0.0,0.0,0.0,0.06666666666666667,0.87,1.0,0.0,17.2,17.2,1.0,0.0,0.0,0.0,0.0,1.0,0.0,0.0,0.0,0.0,0.0,2.0,0.0,0.06666666666666667,0.0,0.0,0.0,0.0,0.0,0.0,0.0,2.0,0.0,0.06666666666666667,0.0,0.0,2.0,0.00067581941785087,31.95,58.35,2.0,0.0,0.0,0.0,0.06666666666666667,0.6849999999999999,0.0,0.0,0.0,0.0,0.0,2.0,0.0,0.06666666666666667,0.0,0.0,0.0,0.0,0.0,0.0,0.0,2.0,0.0,0.06666666666666667,0.0,0.0,2.0,1.980214352434841e-05,33.35,58.95,2.0,0.0,0.0,0.0,0.06666666666666667,0.7583333333333333,1.0,28.3,1.0,29.5,1.0,30.2,1.0,32.2,1.0,28.05,1.0,32.2,0.0,0.0,0.0,0.0,0.0,0.0,0.0,0.0,0.0,0.0,0.0,0.0
light_seed1,light,1,550.25,565.25,14.0,3.756426625799397,16.50357142857143,10.0,22.200000000000045,1.0,0.0,14.3,14.3,1.0,0.0,0.0,0.0,0.06666666666666667,0.9533333333333334,1.0,0.0,15.5,15.5,1.0,0.0,0.0,0.0,0.0,1.0,1.0,0.0,16.2,16.2,1.0,0.0,0.0,0.0,0.0,1.0,1.0,0.0,18.2,18.2,1.0,0.0,0.0,0.0,0.0,1.0,1.0,0.0,14.05,14.05,1.0,0.0,0.0,0.0,0.06666666666666667,0.9366666666666668,1.0,0.0,18.2,18.2,1.0,0.0,0.0,0.0,0.0,1.0,0.0,0.0,0.0,0.0,0.0,2.0,0.0,0.06666666666666667,0.0,0.0,0.0,0.0,0.0,0.0,0.0,2.0,0.0,0.06666666666666667,0.0,0.0,2.0,0.00031241760210497704,32.95,59.35,2.0,0.0,0.0,0.0,0.06666666666666667,0.7183333333333335,0.0,0.0,0.0,0.0,0.0,2.0,0.0,0.06666666666666667,0.0,0.0,0.0,0.0,0.0,0.0,0.0,2.0,0.0,0.06666666666666667,0.0,0.0,2.0,7.2026688208816584e-06,34.35,59.95,2.0,0.0,0.0,0.0,0.06666666666666667,0.7916666666666666,1.0,29.3,1.0,30.5,1.0,31.2,1.0,33.2,1.0,29.05,1.0,33.2,0.0,0.0,0.0,0.0,0.0,0.0,0.0,0.0,0.0,0.0,0.0,0.0
light_seed1,light,1,551.25,566.25,14.0,3.7537278937332124,17.217857142857145,10.0,23.200000000000045,1.0,0.0,15.3,15.3,1.0,0.0,0.0,0.0,0.0,1.0,1.0,0.0,16.5,16.5,1.0,0.0,0.0,0.0,0.0,1.0,1.0,0.0,17.2,17.2,1.0,0.0,0.0,0.0,0.0,1.0,1.0,0.0,19.2,19.2,1.0,0.0,0.0,0.0,0.0,1.0,1.0,0.0,15.05,15.05,1.0,0.0,0.0,0.0,0.0,1.0,1.0,0.0,19.2,19.2,1.0,0.0,0.0,0.0,0.0,1.0,0.0,0.0,0.0,0.0,0.0,2.0,0.0,0.06666666666666667,0.0,0.0,0.0,0.0,0.0,0.0,0.0,2.0,0.0,0.0,0.0,0.0,2.0,0.00014234833444243055,33.95,60.35,2.0,0.0,0.0,0.0,0.06666666666666667,0.7516666666666668,0.0,0.0,0.0,0.0,0.0,2.0,0.0,0.0,0.0,0.0,0.0,0.0,0.0,0.0,0.0,2.0,0.0,0.06666666666666667,0.0,0.0,2.0,2.6127841977508557e-06,35.35,60.95,2.0,0.0,0.0,0.0,0.06666666666666667,0.825,1.0,30.3,1.0,31.5,1.0,32.2,1.0,34.2,1.0,30.05,1.0,34.2,0.0,0.0,0.0,0.0,0.0,0.0,0.0,0.0,0.0,0.0,0.0,0.0
light_seed1,light,1,552.25,567.25,12.0,2.1065437381259033,20.920833333333334,10.0,24.200000000000045,1.0,0.0,16.3,16.3,1.0,0.0,0.0,0.0,0.0,1.0,1.0,0.0,17.5,17.5,1.0,0.0,0.0,0.0,0.0,1.0,1.0,0.0,18.2,18.2,1.0,0.0,0.0,0.0,0.0,1.0,1.0,0.0,20.2,20.2,1.0,0.0,0.0,0.0,0.0,1.0,1.0,0.0,16.05,16.05,1.0,0.0,0.0,0.0,0.0,1.0,1.0,0.0,20.2,20.2,1.0,0.0,0.0,0.0,0.0,1.0,0.0,0.0,0.0,0.0,0.0,2.0,0.0,0.0,0.0,0.0,0.0,0.0,0.0,0.0,0.0,2.0,0.0,0.0,0.0,0.0,2.0,6.577066789059358e-05,34.95,61.35,2.0,0.0,0.0,0.0,0.06666666666666667,0.7850000000000001,0.0,0.0,0.0,0.0,0.0,2.0,0.0,0.0,0.0,0.0,0.0,0.0,0.0,0.0,0.0,2.0,0.0,0.06666666666666667,0.0,0.0,2.0,0.0,36.35,61.95,2.0,0.0,0.0,0.0,0.06666666666666667,0.8583333333333333,1.0,31.3,1.0,32.5,1.0,33.2,1.0,35.2,1.0,31.05,1.0,35.2,0.0,0.0,0.0,0.0,0.0,0.0,0.0,0.0,0.0,0.0,0.0,0.0
light_seed1,light,1,553.25,568.25,11.0,1.0908594070835271,23.731818181818184,10.0,25.200000000000045,1.0,0.0,17.3,17.3,1.0,0.0,0.0,0.0,0.0,1.0,1.0,0.0,18.5,18.5,1.0,0.0,0.0,0.0,0.0,1.0,1.0,0.0,19.2,19.2,1.0,0.0,0.0,0.0,0.0,1.0,1.0,0.0,21.2,21.2,1.0,0.0,0.0,0.0,0.0,1.0,1.0,0.0,17.05,17.05,1.0,0.0,0.0,0.0,0.0,1.0,1.0,0.0,21.2,21.2,1.0,0.0,0.0,0.0,0.0,1.0,0.0,0.0,0.0,0.0,0.0,2.0,0.0,0.0,0.0,0.0,0.0,0.0,0.0,0.0,0.0,2.0,0.0,0.0,0.0,0.0,2.0,3.0067214357902998e-05,35.95,62.35,2.0,0.0,0.0,0.0,0.06666666666666667,0.8183333333333335,0.0,0.0,0.0,0.0,0.0,2.0,0.0,0.0,0.0,0.0,0.0,0.0,0.0,0.0,0.0,2.0,0.0,0.0,0.0,0.0,2.0,0.0,37.35,62.95,2.0,0.0,0.0,0.0,0.06666666666666667,0.8916666666666667,1.0,32.3,1.0,33.5,1.0,34.2,1.0,36.2,1.0,32.05,1.0,36.2,0.0,0.0,0.0,0.0,0.0,0.0,0.0,0.0,0.0,0.0,0.0,0.0
light_seed1,light,1,554.25,569.25,11.0,1.0906989816081512,24.64090909090909,10.0,26.200000000000045,1.0,0.0,18.3,18.3,1.0,0.0,0.0,0.0,0.0,1.0,1.0,0.0,19.5,19.5,1.0,0.0,0.0,0.0,0.0,1.0,1.0,0.0,20.2,20.2,1.0,0.0,0.0,0.0,0.0,1.0,1.0,0.0,22.2,22.2,1.0,0.0,0.0,0.0,0.0,1.0,1.0,0.0,18.05,18.05,1.0,0.0,0.0,0.0,0.0,1.0,1.0,0.0,22.2,22.2,1.0,0.0,0.0,0.0,0.0,1.0,0.0,0.0,0.0,0.0,0.0,2.0,0.0,0.0,0.0,0.0,0.0,0.0,0.0,0.0,0.0,2.0,0.0,0.0,0.0,0.0,2.0,1.3825239456952684e-05,36.95,63.35,2.0,0.0,0.0,0.0,0.06666666666666667,0.8516666666666668,0.0,0.0,0.0,0.0,0.0,2.0,0.0,0.0,0.0,0.0,0.0,0.0,0.0,0.0,0.0,2.0,0.0,0.0,0.0,0.0,2.0,0.0,38.35,63.95,2.0,0.0,0.0,0.0,0.06666666666666667,0.925,1.0,33.3,1.0,34.5,1.0,35.2,1.0,37.2,1.0,33.05,1.0,37.2,0.0,0.0,0.0,0.0,0.0,0.0,0.0,0.0,0.0,0.0,0.0,0.0
light_seed1,light,1,555.25,570.25,11.0,1.0891314005519404,25.55,10.0,27.200000000000045,1.0,0.0,19.3,19.3,1.0,0.0,0.0,0.0,0.0,1.0,1.0,0.0,20.5,20.5,1.0,0.0,0.0,0.0,0.0,1.0,1.0,0.0,21.2,21.2,1.0,0.0,0.0,0.0,0.0,1.0,1.0,0.0,23.2,23.2,1.0,0.0,0.0,0.0,0.0,1.0,1.0,0.0,19.05,19.05,1.0,0.0,0.0,0.0,0.0,1.0,1.0,0.0,23.2,23.2,1.0,0.0,0.0,0.0,0.0,1.0,0.0,0.0,0.0,0.0,0.0,2.0,0.0,0.0,0.0,0.0,0.0,0.0,0.0,0.0,0.0,2.0,0.0,0.0,0.0,0.0,2.0,6.364970452015218e-06,37.949999999999996,64.35,2.0,0.0,0.0,0.0,0.06666666666666667,0.8849999999999997,0.0,0.0,0.0,0.0,0.0,2.0,0.0,0.0,0.0,0.0,0.0,0.0,0.0,0.0,0.0,2.0,0.0,0.0,0.0,0.0,2.0,0.0,39.35,64.95,2.0,0.0,0.0,0.0,0.06666666666666667,0.9583333333333334,1.0,34.3,1.0,35.5,1.0,36.2,1.0,38.2,1.0,34.05,1.0,38.2,0.0,0.0,0.0,0.0,0.0,0.0,0.0,0.0,0.0,0.0,0.0,0.0
light_seed1,light,1,556.25,571.25,11.0,1.0893634167127073,26.45909090909091,10.0,28.200000000000045,1.0,0.0,20.3,20.3,1.0,0.0,0.0,0.0,0.0,1.0,1.0,0.0,21.5,21.5,1.0,0.0,0.0,0.0,0.0,1.0,1.0,0.0,22.2,22.2,1.0,0.0,0.0,0.0,0.0,1.0,1.0,0.0,24.2,24.2,1.0,0.0,0.0,0.0,0.0,1.0,1.0,0.0,20.05,20.05,1.0,0.0,0.0,0.0,0.0,1.0,1.0,0.0,24.2,24.2,1.0,0.0,0.0,0.0,0.0,1.0,0.0,0.0,0.0,0.0,0.0,2.0,0.0,0.0,0.0,0.0,0.0,0.0,0.0,0.0,0.0,2.0,0.0,0.0,0.0,0.0,2.0,2.9156693342292586e-06,38.949999999999996,65.35,2.0,0.0,0.0,0.0,0.06666666666666667,0.918333333333333,0.0,0.0,0.0,0.0,0.0,2.0,0.0,0.0,0.0,0.0,0.0,0.0,0.0,0.0,0.0,2.0,0.0,0.0,0.0,0.0,2.0,0.0,40.35,65.95,2.0,0.0,0.0,0.0,0.06666666666666667,0.9916666666666667,1.0,35.3,1.0,36.5,1.0,37.2,1.0,39.2,1.0,35.05,1.0,39.2,0.0,0.0,0.0,0.0,0.0,0.0,0.0,0.0,0.0,0.0,0.0,0.0
light_seed1,light,1,557.25,572.25,10.0,0.0,30.105,10.0,29.200000000000045,1.0,0.0,21.3,21.3,1.0,0.0,0.0,0.0,0.0,1.0,1.0,0.0,22.5,22.5,1.0,0.0,0.0,0.0,0.0,1.0,1.0,0.0,23.2,23.2,1.0,0.0,0.0,0.0,0.0,1.0,1.0,0.0,25.2,25.2,1.0,0.0,0.0,0.0,0.0,1.0,1.0,0.0,21.05,21.05,1.0,0.0,0.0,0.0,0.0,1.0,1.0,0.0,25.2,25.2,1.0,0.0,0.0,0.0,0.0,1.0,0.0,0.0,0.0,0.0,0.0,2.0,0.0,0.0,0.0,0.0,0.0,0.0,0.0,0.0,0.0,2.0,0.0,0.0,0.0,0.0,2.0,0.0,39.949999999999996,66.35,2.0,0.0,0.0,0.0,0.06666666666666667,0.9516666666666663,0.0,0.0,0.0,0.0,0.0,2.0,0.0,0.0,0.0,0.0,0.0,0.0,0.0,0.0,0.0,2.0,0.0,0.0,0.0,0.0,2.0,0.0,41.35,66.95,2.0,0.0,0.0,0.0,0.0,1.0,1.0,36.3,1.0,37.5,1.0,38.2,1.0,40.2,1.0,36.05,1.0,40.2,0.0,0.0,0.0,0.0,0.0,0.0,0.0,0.0,0.0,0.0,0.0,0.0
light_seed1,light,1,558.25,573.25,10.0,0.0,31.105,10.0,0.20000000000004547,1.0,0.0,22.3,22.3,1.0,0.0,0.0,0.0,0.0,1.0,1.0,0.0,23.5,23.5,1.0,0.0,0.0,0.0,0.0,1.0,1.0,0.0,24.2,24.2,1.0,0.0,0.0,0.0,0.0,1.0,1.0,0.0,26.2,26.2,1.0,0.0,0.0,0.0,0.0,1.0,1.0,0.0,22.05,22.05,1.0,0.0,0.0,0.0,0.0,1.0,1.0,0.0,26.2,26.2,1.0,0.0,0.0,0.0,0.0,1.0,0.0,0.0,0.0,0.0,0.0,1.0,0.0,0.0,0.0,0.0,0.0,0.0,0.0,0.0,0.0,1.0,0.0,0.0,0.0,0.0,2.0,0.0,40.949999999999996,67.35,2.0,0.0,0.0,0.0,0.06666666666666667,0.9849999999999997,0.0,0.0,0.0,0.0,0.0,1.0,0.0,0.0,0.0,0.0,0.0,0.0,0.0,0.0,0.0,1.0,0.0,0.0,0.0,0.0,2.0,0.0,42.35,67.95,2.0,0.0,0.0,0.0,0.0,1.0,1.0,37.3,1.0,38.5,1.0,39.2,1.0,41.2,1.0,37.05,1.0,41.2,0.0,0.0,0.0,0.0,0.0,0.0,0.0,0.0,0.0,0.0,0.0,0.0
light_seed1,light,1,559.25,574.25,10.0,0.0,32.105000000000004,10.0,1.2000000000000455,1.0,0.0,23.3,23.3,1.0,0.0,0.0,0.0,0.0,1.0,1.0,0.0,24.5,24.5,1.0,0.0,0.0,0.0,0.0,1.0,1.0,0.0,25.2,25.2,1.0,0.0,0.0,0.0,0.0,1.0,1.0,0.0,27.2,27.2,1.0,0.0,0.0,0.0,0.0,1.0,1.0,0.0,23.05,23.05,1.0,0.0,0.0,0.0,0.0,1.0,1.0,0.0,27.2,27.2,1.0,0.0,0.0,0.0,0.0,1.0,0.0,0.0,0.0,0.0,0.0,1.0,0.0,0.0,0.0,0.0,0.0,0.0,0.0,0.0,0.0,1.0,0.0,0.0,0.0,0.0,2.0,0.0,41.949999999999996,68.35,2.0,0.0,0.0,0.0,0.0,0.9999999999999998,0.0,0.0,0.0,0.0,0.0,1.0,0.0,0.0,0.0,0.0,0.0,0.0,0.0,0.0,0.0,1.0,0.0,0.0,0.0,0.0,2.0,0.0,43.35,68.95,2.0,0.0,0.0,0.0,0.0,1.0,1.0,38.3,1.0,39.5,1.0,40.2,1.0,42.2,1.0,38.05,1.0,42.2,0.0,0.0,0.0,0.0,0.0,0.0,0.0,0.0,0.0,0.0,0.0,0.0
light_seed1,light,1,560.25,575.25,10.0,0.0,33.105000000000004,10.0,2.2000000000000455,1.0,0.0,24.3,24.3,1.0,0.0,0.0,0.0,0.0,1.0,1.0,0.0,25.5,25.5,1.0,0.0,0.0,0.0,0.0,1.0,1.0,0.0,26.2,26.2,1.0,0.0,0.0,0.0,0.0,1.0,1.0,0.0,28.2,28.2,1.0,0.0,0.0,0.0,0.0,1.0,1.0,0.0,24.05,24.05,1.0,0.0,0.0,0.0,0.0,1.0,1.0,0.0,28.2,28.2,1.0,0.0,0.0,0.0,0.0,1.0,0.0,0.0,0.0,0.0,0.0,1.0,0.0,0.0,0.0,0.0,0.0,0.0,0.0,0.0,0.0,1.0,0.0,0.0,0.0,0.0,2.0,0.0,42.949999999999996,69.35,2.0,0.0,0.0,0.0,0.0,0.9999999999999998,0.0,0.0,0.0,0.0,0.0,1.0,0.0,0.0,0.0,0.0,0.0,0.0,0.0,0.0,0.0,1.0,0.0,0.0,0.0,0.0,2.0,0.0,44.35,69.95,2.0,0.0,0.0,0.0,0.0,1.0,1.0,39.3,1.0,40.5,1.0,41.2,1.0,43.2,1.0,39.05,1.0,43.2,0.0,0.0,0.0,0.0,0.0,0.0,0.0,0.0,0.0,0.0,0.0,0.0
light_seed1,light,1,561.25,576.25,10.0,0.18785176518334085,18.0,7.0,0.20000000000004547,1.0,0.0,25.3,25.3,1.0,0.0,0.0,0.0,0.0,1.0,1.0,0.0,26.5,26.5,1.0,0.0,0.0,0.0,0.0,1.0,1.0,0.0,27.2,27.2,1.0,0.0,0.0,0.0,0.0,1.0,1.0,0.0,29.2,29.2,1.0,0.0,0.0,0.0,0.0,1.0,1.0,0.0,25.05,25.05,1.0,0.0,0.0,0.0,0.0,1.0,1.0,0.0,29.2,29.2,1.0,0.0,0.0,0.0,0.0,1.0,0.0,0.0,0.0,0.0,0.0,0.0,0.0,0.0,0.0,0.0,0.0,0.0,0.0,0.0,0.0,0.0,0.0,0.0,0.0,0.0,2.0,0.46152808929111516,8.775,17.55,1.0,2.0,0.0,0.0,-0.06666666666666667,-1.3449999999999998,0.0,0.0,0.0,0.0,0.0,0.0,0.0,0.0,0.0,0.0,0.0,0.0,0.0,0.0,0.0,0.0,0.0,0.0,0.0,0.0,2.0,0.4777307366255891,0.0,0.0,0.0,2.0,0.0,0.0,-0.13333333333333333,-2.0233333333333334,1.0,0.0,1.0,0.0,1.0,42.2,1.0,0.0,1.0,0.0,1.0,44.2,0.0,0.0,0.0,0.0,0.0,0.0,0.0,0.0,0.0,0.0,0.0,0.0
light_seed1,light,1,562.25,577.25,10.0,1.068542264117673,16.845,6.0,1.2000000000000455,1.0,0.0,26.3,26.3,1.0,0.0,0.0,0.0,0.0,1.0,1.0,0.0,27.5,27.5,1.0,0.0,0.0,0.0,0.0,1.0,1.0,0.0,28.2,28.2,1.0,0.0,0.0,0.0,0.0,1.0,1.0,0.0,30.2,30.2,1.0,0.0,0.0,0.0,0.0,1.0,1.0,0.0,26.05,26.05,1.0,0.0,0.0,0.0,0.0,1.0,1.0,0.0,30.2,30.2,1.0,0.0,0.0,0.0,0.0,1.0,0.0,0.0,0.0,0.0,0.0,0.0,0.0,0.0,0.0,0.0,0.0,0.0,0.0,0.0,0.0,0.0,0.0,0.0,0.0,0.0,1.0,1.6429646119503394,0.0,0.0,0.0,2.0,0.0,0.06666666666666667,-0.13333333333333333,-1.9966666666666666,0.0,0.0,0.0,0.0,0.0,0.0,0.0,0.0,0.0,0.0,0.0,0.0,0.0,0.0,0.0,0.0,0.0,0.0,0.0,0.0,1.0,1.9680876257473556,0.0,0.0,0.0,2.0,0.0,0.06666666666666667,-0.13333333333333333,-2.0900000000000003,0.0,0.0,0.0,0.0,1.0,43.2,0.0,0.0,0.0,0.0,1.0,45.2,0.0,0.0,0.0,0.0,0.0,0.0,0.0,0.0,0.0,0.0,0.0,0.0
light_seed1,light,1,563.25,578.25,10.0,1.9490906961515333,17.445,6.0,2.2000000000000455,1.0,0.0,27.3,27.3,1.0,0.0,0.0,0.0,0.0,1.0,1.0,0.0,28.5,28.5,1.0,0.0,0.0,0.0,0.0,1.0,1.0,0.0,29.2,29.2,1.0,0.0,0.0,0.0,0.0,1.0,1.0,0.0,31.2,31.2,1.0,0.0,0.0,0.0,0.0,1.0,1.0,0.0,27.05,27.05,1.0,0.0,0.0,0.0,0.0,1.0,1.0,0.0,31.2,31.2,1.0,0.0,0.0,0.0,0.0,1.0,0.0,0.0,0.0,0.0,0.0,0.0,0.0,0.0,0.0,0.0,0.0,0.0,0.0,0.0,0.0,0.0,0.0,0.0,0.0,0.0,1.0,3.4046883841256217,0.0,0.0,0.0,2.0,0.0,0.06666666666666667,-0.13333333333333333,-2.0633333333333335,0.0,0.0,0.0,0.0,0.0,0.0,0.0,0.0,0.0,0.0,0.0,0.0,0.0,0.0,0.0,0.0,0.0,0.0,0.0,0.0,1.0,4.056180627137354,0.0,0.0,0.0,2.0,0.0,0.06666666666666667,-0.13333333333333333,-2.1566666666666667,0.0,0.0,0.0,0.0,1.0,44.2,0.0,0.0,0.0,0.0,1.0,46.2,0.0,0.0,0.0,0.0,0.0,0.0,0.0,0.0,0.0,0.0,0.0,0.0
light_seed1,light,1,564.25,579.25,10.0,2.8222073085599595,18.045,6.0,3.2000000000000455,1.0,0.0,28.3,28.3,1.0,0.0,0.0,0.0,0.0,1.0,1.0,0.0,29.5,29.5,1.0,0.0,0.0,0.0,0.0,1.0,1.0,0.0,30.2,30.2,1.0,0.0,0.0,0.0,0.0,1.0,1.0,0.0,32.2,32.2,1.0,0.0,0.0,0.0,0.0,1.0000000000000002,1.0,0.0,28.05,28.05,1.0,0.0,0.0,0.0,0.0,1.0,1.0,0.0,32.2,32.2,1.0,0.0,0.0,0.0,0.0,1.0000000000000002,0.0,0.0,0.0,0.0,0.0,0.0,0.0,0.0,0.0,0.0,0.0,0.0,0.0,0.0,0.0,0.0,0.0,0.0,0.0,0.0,0.0,0.0,0.0,0.0,0.0,2.0,0.0,0.13333333333333333,-0.13333333333333333,-2.13,0.0,0.0,0.0,0.0,0.0,0.0,0.0,0.0,0.0,0.0,0.0,0.0,0.0,0.0,0.0,0.0,0.0,0.0,0.0,0.0,0.0,0.0,0.0,0.0,0.0,2.0,0.0,0.13333333333333333,-0.13333333333333333,-2.2233333333333336,0.0,0.0,0.0,0.0,1.0,45.2,0.0,0.0,0.0,0.0,1.0,47.2,0.0,0.0,0.0,0.0,0.0,0.0,0.0,0.0,0.0,0.0,0.0,0.0
light_seed1,light,1,565.25,580.25,10.0,3.6569480570686776,18.645000000000003,6.0,4.2000000000000455,1.0,0.0,29.3,29.3,1.0,0.0,0.0,0.0,0.0,1.0,1.0,0.0,30.5,30.5,1.0,0.0,0.0,0.0,0.0,1.0,1.0,0.0,31.2,31.2,1.0,0.0,0.0,0.0,0.0,1.0,1.0,0.0,33.2,33.2,1.0,0.0,0.0,0.0,0.0,1.0000000000000002,1.0,0.0,29.05,29.05,1.0,0.0,0.0,0.0,0.0,1.0,1.0,0.0,33.2,33.2,1.0,0.0,0.0,0.0,0.0,1.0000000000000002,0.0,0.0,0.0,0.0,0.0,0.0,0.0,0.0,0.0,0.0,0.0,0.0,0.0,0.0,0.0,0.0,0.0,0.0,0.0,0.0,0.0,0.0,0.0,0.0,0.0,2.0,0.0,0.13333333333333333,-0.13333333333333333,-2.1966666666666668,0.0,0.0,0.0,0.0,0.0,0.0,0.0,0.0,0.0,0.0,0.0,0.0,0.0,0.0,0.0,0.0,0.0,0.0,0.0,0.0,0.0,0.0,0.0,0.0,0.0,2.0,0.0,0.13333333333333333,-0.13333333333333333,-2.29,0.0,0.0,0.0,0.0,1.0,46.2,0.0,0.0,0.0,0.0,1.0,48.2,0.0,0.0,0.0,0.0,0.0,0.0,0.0,0.0,0.0,0.0,0.0,0.0
light_seed1,light,1,566.25,581.25,10.0,4.48986556702677,19.245,6.0,5.2000000000000455,1.0,0.0,30.3,30.3,1.0,0.0,0.0,0.0,0.0,1.0,1.0,0.0,31.5,31.5,1.0,0.0,0.0,0.0,0.0,1.0,1.0,0.0,32.2,32.2,1.0,0.0,0.0,0.0,0.0,1.0000000000000002,1.0,0.0,34.2,34.2,1.0,0.0,0.0,0.0,0.0,1.0000000000000002,1.0,0.0,30.05,30.05,1.0,0.0,0.0,0.0,0.0,1.0,1.0,0.0,34.2,34.2,1.0,0.0,0.0,0.0,0.0,1.0000000000000002,0.0,0.0,0.0,0.0,0.0,0.0,0.0,0.0,0.0,0.0,0.0,0.0,0.0,0.0,0.0,0.0,0.0,0.0,0.0,0.0,0.0,0.0,0.0,0.0,0.0,2.0,0.0,0.13333333333333333,-0.13333333333333333,-2.2633333333333336,0.0,0.0,0.0,0.0,0.0,0.0,0.0,0.0,0.0,0.0,0.0,0.0,0.0,0.0,0.0,0.0,0.0,0.0,0.0,0.0,0.0,0.0,0.0,0.0,0.0,2.0,0.0,0.13333333333333333,-0.13333333333333333,-2.356666666666667,0.0,0.0,0.0,0.0,1.0,47.2,0.0,0.0,0.0,0.0,1.0,49.2,0.0,0.0,0.0,0.0,0.0,0.0,0.0,0.0,0.0,0.0,0.0,0.0
light_seed1,light,1,567.25,582.25,10.0,5.028344938465471,19.845000000000002,6.0,6.2000000000000455,1.0,0.0,31.3,31.3,1.0,0.0,0.0,0.0,0.0,1.0,1.0,0.0,32.5,32.5,1.0,0.0,0.0,0.0,0.0,1.0,1.0,0.0,33.2,33.2,1.0,0.0,0.0,0.0,0.0,1.0000000000000002,1.0,0.0,35.2,35.2,1.0,0.0,0.0,0.0,0.0,1.0000000000000002,1.0,0.0,31.05,31.05,1.0,0.0,0.0,0.0,0.0,1.0,1.0,0.0,35.2,35.2,1.0,0.0,0.0,0.0,0.0,1.0000000000000002,0.0,0.0,0.0,0.0,0.0,0.0,0.0,0.0,0.0,0.0,0.0,0.0,0.0,0.0,0.0,0.0,0.0,0.0,0.0,0.0,0.0,0.0,0.0,0.0,0.0,2.0,0.0,0.13333333333333333,-0.13333333333333333,-2.33,0.0,0.0,0.0,0.0,0.0,0.0,0.0,0.0,0.0,0.0,0.0,0.0,0.0,0.0,0.0,0.0,0.0,0.0,0.0,0.0,0.0,0.0,0.0,0.0,0.0,2.0,0.0,0.13333333333333333,-0.13333333333333333,-2.4233333333333333,0.0,0.0,0.0,0.0,1.0,48.2,0.0,0.0,0.0,0.0,1.0,50.2,0.0,0.0,0.0,0.0,0.0,0.0,0.0,0.0,0.0,0.0,0.0,0.0
light_seed1,light,1,568.25,583.25,10.0,5.2812519424867395,20.445,6.0,7.2000000000000455,1.0,0.0,32.3,32.3,1.0,0.0,0.0,0.0,0.0,0.9999999999999998,1.0,0.0,33.5,33.5,1.0,0.0,0.0,0.0,0.0,1.0,1.0,0.0,34.2,34.2,1.0,0.0,0.0,0.0,0.0,1.0000000000000002,1.0,0.0,36.2,36.2,1.0,0.0,0.0,0.0,0.0,1.0000000000000002,1.0,0.0,32.05,32.05,1.0,0.0,0.0,0.0,0.0,0.9999999999999998,1.0,0.0,36.2,36.2,1.0,0.0,0.0,0.0,0.0,1.0000000000000002,0.0,0.0,0.0,0.0,0.0,0.0,0.0,0.0,0.0,0.0,0.0,0.0,0.0,0.0,0.0,0.0,0.0,0.0,0.0,0.0,0.0,0.0,0.0,0.0,0.0,2.0,0.0,0.13333333333333333,-0.13333333333333333,-2.396666666666667,0.0,0.0,0.0,0.0,0.0,0.0,0.0,0.0,0.0,0.0,0.0,0.0,0.0,0.0,0.0,0.0,0.0,0.0,0.0,0.0,0.0,0.0,0.0,0.0,0.0,2.0,0.0,0.13333333333333333,-0.13333333333333333,-2.49,0.0,0.0,0.0,0.0,1.0,49.2,0.0,0.0,0.0,0.0,1.0,51.2,0.0,0.0,0.0,0.0,0.0,0.0,0.0,0.0,0.0,0.0,0.0,0.0
light_seed1,light,1,569.25,584.25,10.0,5.277808438093278,21.044999999999998,6.0,8.200000000000045,1.0,0.0,33.3,33.3,1.0,0.0,0.0,0.0,0.0,0.9999999999999998,1.0,0.0,34.5,34.5,1.0,0.0,0.0,0.0,0.0,1.0,1.0,0.0,35.2,35.2,1.0,0.0,0.0,0.0,0.0,1.0000000000000002,1.0,0.0,37.2,37.2,1.0,0.0,0.0,0.0,0.0,1.0000000000000002,1.0,0.0,33.05,33.05,1.0,0.0,0.0,0.0,0.0,0.9999999999999998,1.0,0.0,37.2,37.2,1.0,0.0,0.0,0.0,0.0,1.0000000000000002,0.0,0.0,0.0,0.0,0.0,0.0,0.0,0.0,0.0,0.0,0.0,0.0,0.0,0.0,0.0,0.0,0.0,0.0,0.0,0.0,0.0,0.0,0.0,0.0,0.0,2.0,0.0,0.13333333333333333,-0.13333333333333333,-2.4633333333333334,0.0,0.0,0.0,0.0,0.0,0.0,0.0,0.0,0.0,0.0,0.0,0.0,0.0,0.0,0.0,0.0,0.0,0.0,0.0,0.0,0.0,0.0,0.0,0.0,0.0,2.0,0.0,0.13333333333333333,-0.13333333333333333,-2.5566666666666666,0.0,0.0,0.0,0.0,1.0,50.2,0.0,0.0,0.0,0.0,1.0,52.2,0.0,0.0,0.0,0.0,0.0,0.0,0.0,0.0,0.0,0.0,0.0,0.0
light_seed1,light,1,570.25,585.25,10.0,5.280054792040254,21.645,6.0,9.200000000000045,1.0,0.0,34.3,34.3,1.0,0.0,0.0,0.0,0.0,0.9999999999999998,1.0,0.0,35.5,35.5,1.0,0.0,0.0,0.0,0.0,1.0,1.0,0.0,36.2,36.2,1.0,0.0,0.0,0.0,0.0,1.0000000000000002,1.0,0.0,38.2,38.2,1.0,0.0,0.0,0.0,0.0,1.0000000000000002,1.0,0.0,34.05,34.05,1.0,0.0,0.0,0.0,0.0,0.9999999999999998,1.0,0.0,38.2,38.2,1.0,0.0,0.0,0.0,0.0,1.0000000000000002,0.0,0.0,0.0,0.0,0.0,0.0,0.0,0.0,0.0,0.0,0.0,0.0,0.0,0.0,0.0,0.0,0.0,0.0,0.0,0.0,0.0,0.0,0.0,0.0,0.0,2.0,0.0,0.13333333333333333,-0.13333333333333333,-2.53,0.0,0.0,0.0,0.0,0.0,0.0,0.0,0.0,0.0,0.0,0.0,0.0,0.0,0.0,0.0,0.0,0.0,0.0,0.0,0.0,0.0,0.0,0.0,0.0,0.0,2.0,0.0,0.13333333333333333,-0.13333333333333333,-2.6233333333333335,0.0,0.0,0.0,0.0,1.0,51.2,0.0,0.0,0.0,0.0,1.0,53.2,0.0,0.0,0.0,0.0,0.0,0.0,0.0,0.0,0.0,0.0,0.0,0.0
light_seed1,light,1,571.25,586.25,10.0,5.284849543432233,22.244999999999997,6.0,10.200000000000045,1.0,0.0,35.3,35.3,1.0,0.0,0.0,0.0,0.0,0.9999999999999998,1.0,0.0,36.5,36.5,1.0,0.0,0.0,0.0,0.0,1.0,1.0,0.0,37.2,37.2,1.0,0.0,0.0,0.0,0.0,1.0000000000000002,1.0,0.0,39.2,39.2,1.0,0.0,0.0,0.0,0.0,1.0000000000000002,1.0,0.0,35.05,35.05,1.0,0.0,0.0,0.0,0.0,0.9999999999999998,1.0,0.0,39.2,39.2,1.0,0.0,0.0,0.0,0.0,1.0000000000000002,0.0,0.0,0.0,0.0,0.0,0.0,0.0,0.0,0.0,0.0,0.0,0.0,0.0,0.0,0.0,0.0,0.0,0.0,0.0,0.0,0.0,0.0,0.0,0.0,0.0,2.0,0.0,0.13333333333333333,-0.13333333333333333,-2.5966666666666662,0.0,0.0,0.0,0.0,0.0,0.0,0.0,0.0,0.0,0.0,0.0,0.0,0.0,0.0,0.0,0.0,0.0,0.0,0.0,0.0,0.0,0.0,0.0,0.0,0.0,2.0,0.0,0.13333333333333333,-0.13333333333333333,-2.69,0.0,0.0,0.0,0.0,1.0,52.2,0.0,0.0,0.0,0.0,1.0,54.2,0.0,0.0,0.0,0.0,0.0,0.0,0.0,0.0,0.0,0.0,0.0,0.0
light_seed1,light,1,572.25,587.25,10.0,5.274312893996009,22.845,6.0,11.200000000000045,1.0,0.0,36.3,36.3,1.0,0.0,0.0,0.0,0.0,0.9999999999999998,1.0,0.0,37.5,37.5,1.0,0.0,0.0,0.0,0.0,1.0,1.0,0.0,38.2,38.2,1.0,0.0,0.0,0.0,0.0,1.0000000000000002,1.0,0.0,40.2,40.2,1.0,0.0,0.0,0.0,0.0,1.0000000000000002,1.0,0.0,36.05,36.05,1.0,0.0,0.0,0.0,0.0,0.9999999999999998,1.0,0.0,40.2,40.2,1.0,0.0,0.0,0.0,0.0,1.0000000000000002,0.0,0.0,0.0,0.0,0.0,0.0,0.0,0.0,0.0,0.0,0.0,0.0,0.0,0.0,0.0,0.0,0.0,0.0,0.0,0.0,0.0,0.0,0.0,0.0,0.0,2.0,0.0,0.13333333333333333,-0.13333333333333333,-2.663333333333333,0.0,0.0,0.0,0.0,0.0,0.0,0.0,0.0,0.0,0.0,0.0,0.0,0.0,0.0,0.0,0.0,0.0,0.0,0.0,0.0,0.0,0.0,0.0,0.0,0.0,2.0,0.0,0.13333333333333333,-0.13333333333333333,-2.756666666666667,0.0,0.0,0.0,0.0,1.0,53.2,0.0,0.0,0.0,0.0,1.0,55.2,0.0,0.0,0.0,0.0,0.0,0.0,0.0,0.0,0.0,0.0,0.0,0.0
light_seed1,light,1,573.25,588.25,10.0,5.284575223897461,23.445,6.0,0.20000000000004547,1.0,0.0,37.3,37.3,1.0,0.0,0.0,0.0,0.0,0.9999999999999998,1.0,0.0,38.5,38.5,1.0,0.0,0.0,0.0,0.0,1.0,1.0,0.0,39.2,39.2,1.0,0.0,0.0,0.0,0.0,1.0000000000000002,1.0,0.0,41.2,41.2,1.0,0.0,0.0,0.0,0.0,1.0000000000000002,1.0,0.0,37.05,37.05,1.0,0.0,0.0,0.0,0.0,0.9999999999999998,1.0,0.0,41.2,41.2,1.0,0.0,0.0,0.0,0.0,1.0000000000000002,0.0,0.0,0.0,0.0,0.0,0.0,0.0,0.0,0.0,0.0,0.0,0.0,0.0,0.0,0.0,0.0,0.0,0.0,0.0,0.0,0.0,0.0,0.0,0.0,0.0,1.0,0.0,0.13333333333333333,-0.13333333333333333,-2.7299999999999995,0.0,0.0,0.0,0.0,0.0,0.0,0.0,0.0,0.0,0.0,0.0,0.0,0.0,0.0,0.0,0.0,0.0,0.0,0.0,0.0,0.0,0.0,0.0,0.0,0.0,1.0,0.0,0.13333333333333333,-0.13333333333333333,-2.8233333333333333,0.0,0.0,0.0,0.0,1.0,54.2,0.0,0.0,0.0,0.0,1.0,56.2,0.0,0.0,0.0,0.0,0.0,0.0,0.0,0.0,0.0,0.0,0.0,0.0
light_seed1,light,1,574.25,589.25,10.0,5.281655397582094,24.044999999999998,6.0,1.2000000000000455,1.0,0.0,38.3,38.3,1.0,0.0,0.0,0.0,0.0,0.9999999999999998,1.0,0.0,39.5,39.5,1.0,0.0,0.0,0.0,0.0,1.0,1.0,0.0,40.2,40.2,1.0,0.0,0.0,0.0,0.0,1.0000000000000002,1.0,0.0,42.2,42.2,1.0,0.0,0.0,0.0,0.0,1.0000000000000002,1.0,0.0,38.05,38.05,1.0,0.0,0.0,0.0,0.0,0.9999999999999998,1.0,0.0,42.2,42.2,1.0,0.0,0.0,0.0,0.0,1.0000000000000002,0.0,0.0,0.0,0.0,0.0,0.0,0.0,0.0,0.0,0.0,0.0,0.0,0.0,0.0,0.0,0.0,0.0,0.0,0.0,0.0,0.0,0.0,0.0,0.0,0.0,1.0,0.0,0.13333333333333333,-0.13333333333333333,-2.7966666666666664,0.0,0.0,0.0,0.0,0.0,0.0,0.0,0.0,0.0,0.0,0.0,0.0,0.0,0.0,0.0,0.0,0.0,0.0,0.0,0.0,0.0,0.0,0.0,0.0,0.0,1.0,0.0,0.13333333333333333,-0.13333333333333333,-2.89,0.0,0.0,0.0,0.0,1.0,55.2,0.0,0.0,0.0,0.0,1.0,57.2,0.0,0.0,0.0,0.0,0.0,0.0,0.0,0.0,0.0,0.0,0.0,0.0
light_seed1,light,1,575.25,590.25,10.0,5.290193567852599,24.645,6.0,2.2000000000000455,1.0,0.0,39.3,39.3,1.0,0.0,0.0,0.0,0.0,0.9999999999999998,1.0,0.0,40.5,40.5,1.0,0.0,0.0,0.0,0.0,1.0,1.0,0.0,41.2,41.2,1.0,0.0,0.0,0.0,0.0,1.0000000000000002,1.0,0.0,43.2,43.2,1.0,0.0,0.0,0.0,0.0,1.0000000000000002,1.0,0.0,39.05,39.05,1.0,0.0,0.0,0.0,0.0,0.9999999999999998,1.0,0.0,43.2,43.2,1.0,0.0,0.0,0.0,0.0,1.0000000000000002,0.0,0.0,0.0,0.0,0.0,0.0,0.0,0.0,0.0,0.0,0.0,0.0,0.0,0.0,0.0,0.0,0.0,0.0,0.0,0.0,0.0,0.0,0.0,0.0,0.0,1.0,0.0,0.13333333333333333,-0.13333333333333333,-2.863333333333333,0.0,0.0,0.0,0.0,0.0,0.0,0.0,0.0,0.0,0.0,0.0,0.0,0.0,0.0,0.0,0.0,0.0,0.0,0.0,0.0,0.0,0.0,0.0,0.0,0.0,1.0,0.0,0.13333333333333333,-0.13333333333333333,-2.9566666666666666,0.0,0.0,0.0,0.0,1.0,56.2,0.0,0.0,0.0,0.0,1.0,58.2,0.0,0.0,0.0,0.0,0.0,0.0,0.0,0.0,0.0,0.0,0.0,0.0
light_seed1,light,1,576.25,591.25,10.0,5.529407730957626,8.64,2.0,0.20000000000004547,1.0,0.493257113617271,0.0,0.0,0.0,2.0,0.0,0.0,-0.06666666666666667,-1.6866666666666668,1.0,0.6216788081202058,0.0,0.0,0.0,2.0,0.0,0.0,-0.06666666666666667,-1.7666666666666666,1.0,0.0,42.2,42.2,1.0,0.0,0.0,0.0,0.0,1.0000000000000002,1.0,0.7537460959947778,0.0,0.0,0.0,2.0,0.0,0.0,-0.06666666666666667,-1.9466666666666665,1.0,0.48720192589975275,0.0,0.0,0.0,2.0,0.0,0.0,-0.06666666666666667,-1.6700000000000002,1.0,0.0,44.2,44.2,1.0,0.0,0.0,0.0,0.0,1.0000000000000002,0.0,0.0,0.0,0.0,0.0,0.0,0.0,0.0,0.0,0.0,0.0,0.0,0.0,0.0,0.0,0.0,0.0,0.0,0.0,0.0,0.0,0.0,0.0,0.0,0.0,0.0,0.0,0.13333333333333333,-0.06666666666666667,-0.5850000000000001,0.0,0.0,0.0,0.0,0.0,0.0,0.0,0.0,0.0,0.0,0.0,0.0,0.0,0.0,0.0,0.0,0.0,0.0,0.0,0.0,0.0,0.0,0.0,0.0,0.0,0.0,0.0,0.13333333333333333,0.0,0.0,0.0,0.0,0.0,0.0,1.0,57.2,0.0,0.0,0.0,0.0,1.0,59.2,0.0,0.0,0.0,0.0,0.0,0.0,0.0,0.0,0.0,0.0,0.0,0.0
light_seed1,light,1,577.25,592.25,10.0,6.32586288974227,8.84,2.0,1.2000000000000455,0.0,0.0,0.0,0.0,0.0,2.0,0.0,0.06666666666666667,-0.06666666666666667,-1.7533333333333334,0.0,0.0,0.0,0.0,0.0,2.0,0.0,0.06666666666666667,-0.06666666666666667,-1.8333333333333333,1.0,0.0,43.2,43.2,1.0,0.0,0.0,0.0,0.0,1.0000000000000002,0.0,0.0,0.0,0.0,0.0,2.0,0.0,0.06666666666666667,-0.06666666666666667,-2.013333333333333,0.0,0.0,0.0,0.0,0.0,2.0,0.0,0.06666666666666667,-0.06666666666666667,-1.7366666666666668,1.0,0.0,45.2,45.2,1.0,0.0,0.0,0.0,0.0,1.0000000000000002,0.0,0.0,0.0,0.0,0.0,0.0,0.0,0.0,0.0,0.0,0.0,0.0,0.0,0.0,0.0,0.0,0.0,0.0,0.0,0.0,0.0,0.0,0.0,0.0,0.0,0.0,0.0,0.06666666666666667,0.0,0.0,0.0,0.0,0.0,0.0,0.0,0.0,0.0,0.0,0.0,0.0,0.0,0.0,0.0,0.0,0.0,0.0,0.0,0.0,0.0,0.0,0.0,0.0,0.0,0.0,0.0,0.0,0.0,0.06666666666666667,0.0,0.0,0.0,0.0,0.0,0.0,1.0,58.2,0.0,0.0,0.0,0.0,1.0,60.2,0.0,0.0,0.0,0.0,0.0,0.0,0.0,0.0,0.0,0.0,0.0,0.0
light_seed1,light,1,578.25,593.25,10.0,7.042839072978124,9.040000000000001,2.0,2.2000000000000455,0.0,0.0,0.0,0.0,0.0,2.0,0.0,0.06666666666666667,-0.06666666666666667,-1.82,0.0,0.0,0.0,0.0,0.0,2.0,0.0,0.06666666666666667,-0.06666666666666667,-1.9,1.0,0.0,44.2,44.2,1.0,0.0,0.0,0.0,0.0,1.0000000000000002,0.0,0.0,0.0,0.0,0.0,2.0,0.0,0.06666666666666667,-0.06666666666666667,-2.08,0.0,0.0,0.0,0.0,0.0,2.0,0.0,0.06666666666666667,-0.06666666666666667,-1.8033333333333335,1.0,0.0,46.2,46.2,1.0,0.0,0.0,0.0,0.0,1.0000000000000002,0.0,0.0,0.0,0.0,0.0,0.0,0.0,0.0,0.0,0.0,0.0,0.0,0.0,0.0,0.0,0.0,0.0,0.0,0.0,0.0,0.0,0.0,0.0,0.0,0.0,0.0,0.0,0.06666666666666667,0.0,0.0,0.0,0.0,0.0,0.0,0.0,0.0,0.0,0.0,0.0,0.0,0.0,0.0,0.0,0.0,0.0,0.0,0.0,0.0,0.0,0.0,0.0,0.0,0.0,0.0,0.0,0.0,0.0,0.06666666666666667,0.0,0.0,0.0,0.0,0.0,0.0,1.0,59.2,0.0,0.0,0.0,0.0,1.0,61.2,0.0,0.0,0.0,0.0,0.0,0.0,0.0,0.0,0.0,0.0,0.0,0.0
light_seed1,light,1,579.25,594.25,9.0,7.048797664613696,10.266666666666667,2.0,3.2000000000000455,0.0,0.0,0.0,0.0,0.0,2.0,0.0,0.06666666666666667,-0.06666666666666667,-1.8866666666666667,0.0,0.0,0.0,0.0,0.0,2.0,0.0,0.06666666666666667,-0.06666666666666667,-1.9666666666666666,1.0,0.0,45.2,45.2,1.0,0.0,0.0,0.0,0.0,1.0000000000000002,0.0,0.0,0.0,0.0,0.0,2.0,0.0,0.06666666666666667,-0.06666666666666667,-2.146666666666667,0.0,0.0,0.0,0.0,0.0,2.0,0.0,0.06666666666666667,-0.06666666666666667,-1.87,1.0,0.0,47.2,47.2,1.0,0.0,0.0,0.0,0.0,1.0,0.0,0.0,0.0,0.0,0.0,0.0,0.0,0.0,0.0,0.0,0.0,0.0,0.0,0.0,0.0,0.0,0.0,0.0,0.0,0.0,0.0,0.0,0.0,0.0,0.0,0.0,0.0,0.0,0.0,0.0,0.0,0.0,0.0,0.0,0.0,0.0,0.0,0.0,0.0,0.0,0.0,0.0,0.0,0.0,0.0,0.0,0.0,0.0,0.0,0.0,0.0,0.0,0.0,0.0,0.0,0.0,0.0,0.0,0.0,0.0,0.0,0.0,0.0,0.0,1.0,60.2,0.0,0.0,0.0,0.0,1.0,62.2,0.0,0.0,0.0,0.0,0.0,0.0,0.0,0.0,0.0,0.0,0.0,0.0
light_seed1,light,1,580.25,595.25,8.0,7.150447903521793,11.8,2.0,4.2000000000000455,0.0,0.0,0.0,0.0,0.0,2.0,0.0,0.06666666666666667,-0.06666666666666667,-1.9533333333333334,0.0,0.0,0.0,0.0,0.0,2.0,0.0,0.06666666666666667,-0.06666666666666667,-2.033333333333333,1.0,0.0,46.2,46.2,1.0,0.0,0.0,0.0,0.0,1.0000000000000002,0.0,0.0,0.0,0.0,0.0,2.0,0.0,0.06666666666666667,-0.06666666666666667,-2.2133333333333334,0.0,0.0,0.0,0.0,0.0,2.0,0.0,0.06666666666666667,-0.06666666666666667,-1.9366666666666668,1.0,0.0,48.2,48.2,1.0,0.0,0.0,0.0,0.0,1.0,0.0,0.0,0.0,0.0,0.0,0.0,0.0,0.0,0.0,0.0,0.0,0.0,0.0,0.0,0.0,0.0,0.0,0.0,0.0,0.0,0.0,0.0,0.0,0.0,0.0,0.0,0.0,0.0,0.0,0.0,0.0,0.0,0.0,0.0,0.0,0.0,0.0,0.0,0.0,0.0,0.0,0.0,0.0,0.0,0.0,0.0,0.0,0.0,0.0,0.0,0.0,0.0,0.0,0.0,0.0,0.0,0.0,0.0,0.0,0.0,0.0,0.0,0.0,0.0,1.0,61.2,0.0,0.0,0.0,0.0,1.0,63.2,0.0,0.0,0.0,0.0,0.0,0.0,0.0,0.0,0.0,0.0,0.0,0.0
light_seed1,light,1,581.25,596.25,8.0,8.06439323163271,12.05,2.0,5.2000000000000455,0.0,0.0,0.0,0.0,0.0,2.0,0.0,0.06666666666666667,-0.06666666666666667,-2.02,0.0,0.0,0.0,0.0,0.0,2.0,0.0,0.06666666666666667,-0.06666666666666667,-2.1,1.0,0.0,47.2,47.2,1.0,0.0,0.0,0.0,0.0,1.0,0.0,0.0,0.0,0.0,0.0,2.0,0.0,0.06666666666666667,-0.06666666666666667,-2.2800000000000002,0.0,0.0,0.0,0.0,0.0,2.0,0.0,0.06666666666666667,-0.06666666666666667,-2.0033333333333334,1.0,0.0,49.2,49.2,1.0,0.0,0.0,0.0,0.0,1.0,0.0,0.0,0.0,0.0,0.0,0.0,0.0,0.0,0.0,0.0,0.0,0.0,0.0,0.0,0.0,0.0,0.0,0.0,0.0,0.0,0.0,0.0,0.0,0.0,0.0,0.0,0.0,0.0,0.0,0.0,0.0,0.0,0.0,0.0,0.0,0.0,0.0,0.0,0.0,0.0,0.0,0.0,0.0,0.0,0.0,0.0,0.0,0.0,0.0,0.0,0.0,0.0,0.0,0.0,0.0,0.0,0.0,0.0,0.0,0.0,1.0,0.0,1.0,0.0,2.0,31.1,1.0,0.0,1.0,0.0,2.0,32.1,1.0,0.0,1.0,0.0,1.0,0.0,1.0,0.0,1.0,0.0,1.0,0.0
light_seed1,light,1,582.25,597.25,7.0,8.438914181855184,14.057142857142859,2.0,6.2000000000000455,0.0,0.0,0.0,0.0,0.0,2.0,0.0,0.06666666666666667,-0.06666666666666667,-2.086666666666667,0.0,0.0,0.0,0.0,0.0,2.0,0.0,0.06666666666666667,-0.06666666666666667,-2.1666666666666665,1.0,0.0,48.2,48.2,1.0,0.0,0.0,0.0,0.0,1.0,0.0,0.0,0.0,0.0,0.0,2.0,0.0,0.06666666666666667,-0.06666666666666667,-2.3466666666666667,0.0,0.0,0.0,0.0,0.0,2.0,0.0,0.06666666666666667,-0.06666666666666667,-2.07,1.0,0.0,50.2,50.2,1.0,0.0,0.0,0.0,0.0,1.0,0.0,0.0,0.0,0.0,0.0,0.0,0.0,0.0,0.0,0.0,0.0,0.0,0.0,0.0,0.0,0.0,0.0,0.0,0.0,0.0,0.0,0.0,0.0,0.0,0.0,0.0,0.0,0.0,0.0,0.0,0.0,0.0,0.0,0.0,0.0,0.0,0.0,0.0,0.0,0.0,0.0,0.0,0.0,0.0,0.0,0.0,0.0,0.0,0.0,0.0,0.0,0.0,0.0,0.0,0.0,0.0,0.0,0.0,0.0,0.0,1.0,0.0,1.0,0.0,2.0,31.6,1.0,0.0,1.0,0.0,2.0,32.6,1.0,0.0,1.0,0.0,1.0,0.0,1.0,0.0,1.0,0.0,1.0,0.0
light_seed1,light,1,583.25,598.25,6.0,8.668667242783359,16.733333333333334,2.0,7.2000000000000455,0.0,0.0,0.0,0.0,0.0,2.0,0.0,0.06666666666666667,-0.06666666666666667,-2.1533333333333333,0.0,0.0,0.0,0.0,0.0,2.0,0.0,0.06666666666666667,-0.06666666666666667,-2.2333333333333334,1.0,0.0,49.2,49.2,1.0,0.0,0.0,0.0,0.0,1.0,0.0,0.0,0.0,0.0,0.0,2.0,0.0,0.06666666666666667,-0.06666666666666667,-2.4133333333333336,0.0,0.0,0.0,0.0,0.0,2.0,0.0,0.06666666666666667,-0.06666666666666667,-2.1366666666666663,1.0,0.0,51.2,51.2,1.0,0.0,0.0,0.0,0.0,1.0,0.0,0.0,0.0,0.0,0.0,0.0,0.0,0.0,0.0,0.0,0.0,0.0,0.0,0.0,0.0,0.0,0.0,0.0,0.0,0.0,0.0,0.0,0.0,0.0,0.0,0.0,0.0,0.0,0.0,0.0,0.0,0.0,0.0,0.0,0.0,0.0,0.0,0.0,0.0,0.0,0.0,0.0,0.0,0.0,0.0,0.0,0.0,0.0,0.0,0.0,0.0,0.0,0.0,0.0,0.0,0.0,0.0,0.0,0.0,0.0,1.0,0.0,1.0,0.0,2.0,32.1,1.0,0.0,1.0,0.0,2.0,33.1,1.0,0.0,1.0,0.0,1.0,0.0,1.0,0.0,1.0,0.0,1.0,0.0
light_seed1,light,1,584.25,599.25,6.0,8.896603527284327,17.066666666666666,2.0,8.200000000000045,0.0,0.0,0.0,0.0,0.0,2.0,0.0,0.06666666666666667,-0.06666666666666667,-2.2199999999999998,0.0,0.0,0.0,0.0,0.0,2.0,0.0,0.06666666666666667,-0.06666666666666667,-2.3,1.0,0.0,50.2,50.2,1.0,0.0,0.0,0.0,0.0,1.0,0.0,0.0,0.0,0.0,0.0,2.0,0.0,0.06666666666666667,-0.06666666666666667,-2.48,0.0,0.0,0.0,0.0,0.0,2.0,0.0,0.06666666666666667,-0.06666666666666667,-2.203333333333333,1.0,0.0,52.2,52.2,1.0,0.0,0.0,0.0,0.0,1.0,0.0,0.0,0.0,0.0,0.0,0.0,0.0,0.0,0.0,0.0,0.0,0.0,0.0,0.0,0.0,0.0,0.0,0.0,0.0,0.0,0.0,0.0,0.0,0.0,0.0,0.0,0.0,0.0,0.0,0.0,0.0,0.0,0.0,0.0,0.0,0.0,0.0,0.0,0.0,0.0,0.0,0.0,0.0,0.0,0.0,0.0,0.0,0.0,0.0,0.0,0.0,0.0,0.0,0.0,0.0,0.0,0.0,0.0,0.0,0.0,1.0,0.0,1.0,0.0,2.0,32.6,1.0,0.0,1.0,0.0,2.0,33.6,1.0,0.0,1.0,0.0,1.0,0.0,1.0,0.0,1.0,0.0,1.0,0.0
light_seed1,light,1,585.25,600.25,6.0,8.903452703280125,17.400000000000002,2.0,9.200000000000045,0.0,0.0,0.0,0.0,0.0,2.0,0.0,0.06666666666666667,-0.06666666666666667,-2.2866666666666666,0.0,0.0,0.0,0.0,0.0,2.0,0.0,0.06666666666666667,-0.06666666666666667,-2.3666666666666667,1.0,0.0,51.2,51.2,1.0,0.0,0.0,0.0,0.0,1.0,0.0,0.0,0.0,0.0,0.0,2.0,0.0,0.06666666666666667,-0.06666666666666667,-2.546666666666667,0.0,0.0,0.0,0.0,0.0,2.0,0.0,0.06666666666666667,-0.06666666666666667,-2.27,1.0,0.0,53.2,53.2,1.0,0.0,0.0,0.0,0.0,1.0,0.0,0.0,0.0,0.0,0.0,0.0,0.0,0.0,0.0,0.0,0.0,0.0,0.0,0.0,0.0,0.0,0.0,0.0,0.0,0.0,0.0,0.0,0.0,0.0,0.0,0.0,0.0,0.0,0.0,0.0,0.0,0.0,0.0,0.0,0.0,0.0,0.0,0.0,0.0,0.0,0.0,0.0,0.0,0.0,0.0,0.0,0.0,0.0,0.0,0.0,0.0,0.0,0.0,0.0,0.0,0.0,0.0,0.0,0.0,0.0,1.0,0.0,1.0,0.0,2.0,33.1,1.0,0.0,1.0,0.0,2.0,34.1,1.0,0.0,1.0,0.0,1.0,0.0,1.0,0.0,1.0,0.0,1.0,0.0
light_seed1,light,1,586.25,601.25,6.0,8.890544276832626,17.733333333333334,2.0,10.200000000000045,0.0,0.0,0.0,0.0,0.0,2.0,0.0,0.06666666666666667,-0.06666666666666667,-2.353333333333333,0.0,0.0,0.0,0.0,0.0,2.0,0.0,0.06666666666666667,-0.06666666666666667,-2.433333333333333,1.0,0.0,52.2,52.2,1.0,0.0,0.0,0.0,0.0,1.0,0.0,0.0,0.0,0.0,0.0,2.0,0.0,0.06666666666666667,-0.06666666666666667,-2.6133333333333337,0.0,0.0,0.0,0.0,0.0,2.0,0.0,0.06666666666666667,-0.06666666666666667,-2.3366666666666664,1.0,0.0,54.2,54.2,1.0,0.0,0.0,0.0,0.0,1.0,0.0,0.0,0.0,0.0,0.0,0.0,0.0,0.0,0.0,0.0,0.0,0.0,0.0,0.0,0.0,0.0,0.0,0.0,0.0,0.0,0.0,0.0,0.0,0.0,0.0,0.0,0.0,0.0,0.0,0.0,0.0,0.0,0.0,0.0,0.0,0.0,0.0,0.0,0.0,0.0,0.0,0.0,0.0,0.0,0.0,0.0,0.0,0.0,0.0,0.0,0.0,0.0,0.0,0.0,0.0,0.0,0.0,0.0,0.0,0.0,1.0,0.0,1.0,0.0,2.0,33.6,1.0,0.0,1.0,0.0,2.0,34.6,1.0,0.0,1.0,0.0,1.0,0.0,1.0,0.0,1.0,0.0,1.0,0.0
light_seed1,light,1,587.25,602.25,6.0,8.886987678303289,18.066666666666666,2.0,11.200000000000045,0.0,0.0,0.0,0.0,0.0,2.0,0.0,0.06666666666666667,-0.06666666666666667,-2.42,0.0,0.0,0.0,0.0,0.0,2.0,0.0,0.06666666666666667,-0.06666666666666667,-2.5,1.0,0.0,53.2,53.2,1.0,0.0,0.0,0.0,0.0,1.0,0.0,0.0,0.0,0.0,0.0,2.0,0.0,0.06666666666666667,-0.06666666666666667,-2.68,0.0,0.0,0.0,0.0,0.0,2.0,0.0,0.06666666666666667,-0.06666666666666667,-2.4033333333333333,1.0,0.0,55.2,55.2,1.0,0.0,0.0,0.0,0.0,1.0,0.0,0.0,0.0,0.0,0.0,0.0,0.0,0.0,0.0,0.0,0.0,0.0,0.0,0.0,0.0,0.0,0.0,0.0,0.0,0.0,0.0,0.0,0.0,0.0,0.0,0.0,0.0,0.0,0.0,0.0,0.0,0.0,0.0,0.0,0.0,0.0,0.0,0.0,0.0,0.0,0.0,0.0,0.0,0.0,0.0,0.0,0.0,0.0,0.0,0.0,0.0,0.0,0.0,0.0,0.0,0.0,0.0,0.0,0.0,0.0,1.0,0.0,1.0,0.0,2.0,34.1,1.0,0.0,1.0,0.0,2.0,35.1,1.0,0.0,1.0,0.0,1.0,0.0,1.0,0.0,1.0,0.0,1.0,0.0
light_seed1,light,1,588.25,603.25,6.0,8.903811680310389,18.400000000000002,2.0,12.200000000000045,0.0,0.0,0.0,0.0,0.0,2.0,0.0,0.06666666666666667,-0.06666666666666667,-2.4866666666666664,0.0,0.0,0.0,0.0,0.0,2.0,0.0,0.06666666666666667,-0.06666666666666667,-2.566666666666667,1.0,0.0,54.2,54.2,1.0,0.0,0.0,0.0,0.0,1.0,0.0,0.0,0.0,0.0,0.0,2.0,0.0,0.06666666666666667,-0.06666666666666667,-2.746666666666667,0.0,0.0,0.0,0.0,0.0,2.0,0.0,0.06666666666666667,-0.06666666666666667,-2.4699999999999998,1.0,0.0,56.2,56.2,1.0,0.0,0.0,0.0,0.0,1.0,0.0,0.0,0.0,0.0,0.0,0.0,0.0,0.0,0.0,0.0,0.0,0.0,0.0,0.0,0.0,0.0,0.0,0.0,0.0,0.0,0.0,0.0,0.0,0.0,0.0,0.0,0.0,0.0,0.0,0.0,0.0,0.0,0.0,0.0,0.0,0.0,0.0,0.0,0.0,0.0,0.0,0.0,0.0,0.0,0.0,0.0,0.0,0.0,0.0,0.0,0.0,0.0,0.0,0.0,0.0,0.0,0.0,0.0,0.0,0.0,1.0,0.0,1.0,0.0,2.0,34.6,1.0,0.0,1.0,0.0,2.0,35.6,1.0,0.0,1.0,0.0,1.0,0.0,1.0,0.0,1.0,0.0,1.0,0.0
light_seed1,light,1,589.25,604.25,6.0,8.892521781397656,18.733333333333334,2.0,13.200000000000045,0.0,0.0,0.0,0.0,0.0,2.0,0.0,0.06666666666666667,-0.06666666666666667,-2.5533333333333332,0.0,0.0,0.0,0.0,0.0,2.0,0.0,0.06666666666666667,-0.06666666666666667,-2.6333333333333333,1.0,0.0,55.2,55.2,1.0,0.0,0.0,0.0,0.0,1.0,0.0,0.0,0.0,0.0,0.0,2.0,0.0,0.06666666666666667,-0.06666666666666667,-2.8133333333333335,0.0,0.0,0.0,0.0,0.0,2.0,0.0,0.06666666666666667,-0.06666666666666667,-2.5366666666666666,1.0,0.0,57.2,57.2,1.0,0.0,0.0,0.0,0.0,1.0,0.0,0.0,0.0,0.0,0.0,0.0,0.0,0.0,0.0,0.0,0.0,0.0,0.0,0.0,0.0,0.0,0.0,0.0,0.0,0.0,0.0,0.0,0.0,0.0,0.0,0.0,0.0,0.0,0.0,0.0,0.0,0.0,0.0,0.0,0.0,0.0,0.0,0.0,0.0,0.0,0.0,0.0,0.0,0.0,0.0,0.0,0.0,0.0,0.0,0.0,0.0,0.0,0.0,0.0,0.0,0.0,0.0,0.0,0.0,0.0,1.0,0.0,1.0,0.0,2.0,35.1,1.0,0.0,1.0,0.0,2.0,36.1,1.0,0.0,1.0,0.0,1.0,0.0,1.0,0.0,1.0,0.0,1.0,0.0
light_seed1,light,1,590.25,605.25,6.0,8.881046095659668,19.066666666666666,2.0,14.200000000000045,0.0,0.0,0.0,0.0,0.0,2.0,0.0,0.06666666666666667,-0.06666666666666667,-2.6199999999999997,0.0,0.0,0.0,0.0,0.0,2.0,0.0,0.06666666666666667,-0.06666666666666667,-2.7,1.0,0.0,56.2,56.2,1.0,0.0,0.0,0.0,0.0,1.0,0.0,0.0,0.0,0.0,0.0,2.0,0.0,0.06666666666666667,-0.06666666666666667,-2.8800000000000003,0.0,0.0,0.0,0.0,0.0,2.0,0.0,0.06666666666666667,-0.06666666666666667,-2.603333333333333,1.0,0.0,58.2,58.2,1.0,0.0,0.0,0.0,0.0,1.0,0.0,0.0,0.0,0.0,0.0,0.0,0.0,0.0,0.0,0.0,0.0,0.0,0.0,0.0,0.0,0.0,0.0,0.0,0.0,0.0,0.0,0.0,0.0,0.0,0.0,0.0,0.0,0.0,0.0,0.0,0.0,0.0,0.0,0.0,0.0,0.0,0.0,0.0,0.0,0.0,0.0,0.0,0.0,0.0,0.0,0.0,0.0,0.0,0.0,0.0,0.0,0.0,0.0,0.0,0.0,0.0,0.0,0.0,0.0,0.0,1.0,0.0,1.0,0.0,2.0,35.6,1.0,0.0,1.0,0.0,2.0,36.6,1.0,0.0,1.0,0.0,1.0,0.0,1.0,0.0,1.0,0.0,1.0,0.0
light_seed1,light,1,591.25,606.25,6.0,8.892494717350795,19.400000000000002,2.0,15.200000000000045,0.0,0.0,0.0,0.0,0.0,2.0,0.0,0.06666666666666667,0.0,0.0,0.0,0.0,0.0,0.0,0.0,2.0,0.0,0.06666666666666667,0.0,0.0,1.0,0.0,57.2,57.2,1.0,0.0,0.0,0.0,0.0,1.0,0.0,0.0,0.0,0.0,0.0,2.0,0.0,0.06666666666666667,0.0,0.0,0.0,0.0,0.0,0.0,0.0,2.0,0.0,0.06666666666666667,0.0,0.0,1.0,0.0,59.2,59.2,1.0,0.0,0.0,0.0,0.0,1.0,0.0,0.0,0.0,0.0,0.0,0.0,0.0,0.0,0.0,0.0,0.0,0.0,0.0,0.0,0.0,0.0,0.0,0.0,0.0,0.0,0.0,0.0,0.0,0.0,0.0,0.0,0.0,0.0,0.0,0.0,0.0,0.0,0.0,0.0,0.0,0.0,0.0,0.0,0.0,0.0,0.0,0.0,0.0,0.0,0.0,0.0,0.0,0.0,0.0,0.0,0.0,0.0,0.0,0.0,0.0,0.0,0.0,0.0,0.0,0.0,1.0,0.0,1.0,0.0,2.0,36.1,1.0,0.0,1.0,0.0,2.0,37.1,1.0,0.0,1.0,0.0,1.0,0.0,1.0,0.0,1.0,0.0,1.0,0.0
light_seed1,light,1,592.25,607.25,5.0,7.353002033239349,23.68,2.0,16.200000000000045,0.0,0.0,0.0,0.0,0.0,2.0,0.0,0.0,0.0,0.0,0.0,0.0,0.0,0.0,0.0,2.0,0.0,0.0,0.0,0.0,1.0,0.0,58.2,58.2,1.0,0.0,0.0,0.0,0.0,1.0,0.0,0.0,0.0,0.0,0.0,2.0,0.0,0.0,0.0,0.0,0.0,0.0,0.0,0.0,0.0,2.0,0.0,0.0,0.0,0.0,1.0,0.0,60.2,60.2,1.0,0.0,0.0,0.0,0.0,1.0,0.0,0.0,0.0,0.0,0.0,0.0,0.0,0.0,0.0,0.0,0.0,0.0,0.0,0.0,0.0,0.0,0.0,0.0,0.0,0.0,0.0,0.0,0.0,0.0,0.0,0.0,0.0,0.0,0.0,0.0,0.0,0.0,0.0,0.0,0.0,0.0,0.0,0.0,0.0,0.0,0.0,0.0,0.0,0.0,0.0,0.0,0.0,0.0,0.0,0.0,0.0,0.0,0.0,0.0,0.0,0.0,0.0,0.0,0.0,0.0,2.0,0.0,2.0,0.0,3.0,24.400000000000002,2.0,0.0,2.0,0.0,3.0,25.066666666666666,2.0,0.0,2.0,0.0,2.0,0.0,2.0,0.0,2.0,0.0,2.0,0.0
light_seed1,light,1,593.25,608.25,5.0,7.349638600705544,24.080000000000002,2.0,17.200000000000045,0.0,0.0,0.0,0.0,0.0,2.0,0.0,0.0,0.0,0.0,0.0,0.0,0.0,0.0,0.0,2.0,0.0,0.0,0.0,0.0,1.0,0.0,59.2,59.2,1.0,0.0,0.0,0.0,0.0,1.0,0.0,0.0,0.0,0.0,0.0,2.0,0.0,0.0,0.0,0.0,0.0,0.0,0.0,0.0,0.0,2.0,0.0,0.0,0.0,0.0,1.0,0.0,61.2,61.2,1.0,0.0,0.0,0.0,0.0,1.0,0.0,0.0,0.0,0.0,0.0,0.0,0.0,0.0,0.0,0.0,0.0,0.0,0.0,0.0,0.0,0.0,0.0,0.0,0.0,0.0,0.0,0.0,0.0,0.0,0.0,0.0,0.0,0.0,0.0,0.0,0.0,0.0,0.0,0.0,0.0,0.0,0.0,0.0,0.0,0.0,0.0,0.0,0.0,0.0,0.0,0.0,0.0,0.0,0.0,0.0,0.0,0.0,0.0,0.0,0.0,0.0,0.0,0.0,0.0,0.0,2.0,0.0,2.0,0.0,3.0,24.733333333333334,2.0,0.0,2.0,0.0,3.0,25.400000000000002,2.0,0.0,2.0,0.0,2.0,0.0,2.0,0.0,2.0,0.0,2.0,0.0
light_seed1,light,1,594.25,609.25,5.0,7.347546660690455,24.48,2.0,18.200000000000045,0.0,0.0,0.0,0.0,0.0,2.0,0.0,0.0,0.0,0.0,0.0,0.0,0.0,0.0,0.0,2.0,0.0,0.0,0.0,0.0,1.0,0.0,60.2,60.2,1.0,0.0,0.0,0.0,0.0,1.0,0.0,0.0,0.0,0.0,0.0,2.0,0.0,0.0,0.0,0.0,0.0,0.0,0.0,0.0,0.0,2.0,0.0,0.0,0.0,0.0,1.0,0.0,62.2,62.2,1.0,0.0,0.0,0.0,0.0,1.0,0.0,0.0,0.0,0.0,0.0,0.0,0.0,0.0,0.0,0.0,0.0,0.0,0.0,0.0,0.0,0.0,0.0,0.0,0.0,0.0,0.0,0.0,0.0,0.0,0.0,0.0,0.0,0.0,0.0,0.0,0.0,0.0,0.0,0.0,0.0,0.0,0.0,0.0,0.0,0.0,0.0,0.0,0.0,0.0,0.0,0.0,0.0,0.0,0.0,0.0,0.0,0.0,0.0,0.0,0.0,0.0,0.0,0.0,0.0,0.0,2.0,0.0,2.0,0.0,3.0,0.0,2.0,0.0,2.0,0.0,3.0,0.0,2.0,0.0,2.0,0.0,2.0,0.0,2.0,0.0,2.0,0.0,2.0,0.0
light_seed1,light,1,595.25,610.25,5.0,7.3553131743167794,24.880000000000003,2.0,19.200000000000045,0.0,0.0,0.0,0.0,0.0,2.0,0.0,0.0,0.0,0.0,0.0,0.0,0.0,0.0,0.0,2.0,0.0,0.0,0.0,0.0,1.0,0.0,61.2,61.2,1.0,0.0,0.0,0.0,0.0,1.0,0.0,0.0,0.0,0.0,0.0,2.0,0.0,0.0,0.0,0.0,0.0,0.0,0.0,0.0,0.0,2.0,0.0,0.0,0.0,0.0,1.0,0.0,63.2,63.2,1.0,0.0,0.0,0.0,0.0,1.0,0.0,0.0,0.0,0.0,0.0,0.0,0.0,0.0,0.0,0.0,0.0,0.0,0.0,0.0,0.0,0.0,0.0,0.0,0.0,0.0,0.0,0.0,0.0,0.0,0.0,0.0,0.0,0.0,0.0,0.0,0.0,0.0,0.0,0.0,0.0,0.0,0.0,0.0,0.0,0.0,0.0,0.0,0.0,0.0,0.0,0.0,0.0,0.0,0.0,0.0,0.0,0.0,0.0,0.0,0.0,0.0,0.0,0.0,0.0,0.0,2.0,0.0,2.0,0.0,2.0,0.0,2.0,0.0,2.0,0.0,2.0,0.0,2.0,0.0,2.0,0.0,2.0,0.0,2.0,0.0,2.0,0.0,2.0,0.0
light_seed1,light,1,596.25,611.25,16.0,8.26103214188892,7.9,2.0,20.200000000000045,1.0,10.745958635964229,0.0,0.0,0.0,2.0,0.06666666666666667,0.0,0.0,0.0,1.0,11.073133042152971,0.0,0.0,0.0,2.0,0.06666666666666667,0.0,0.0,0.0,2.0,0.28470080015647903,31.1,62.2,1.0,0.0,0.06666666666666667,0.0,0.0,-1.0733333333333335,1.0,9.851371346994773,0.0,0.0,0.0,2.0,0.06666666666666667,0.0,0.0,0.0,1.0,11.098970517998561,0.0,0.0,0.0,2.0,0.06666666666666667,0.0,0.0,0.0,2.0,0.2889153518899518,32.1,64.2,1.0,0.0,0.06666666666666667,0.0,0.0,-1.1400000000000001,1.0,11.104281210711225,0.0,0.0,0.0,0.0,0.06666666666666667,0.0,0.0,0.0,1.0,11.091274091729893,0.0,0.0,0.0,0.0,0.06666666666666667,0.0,0.0,0.0,1.0,8.039039379712344,0.0,0.0,0.0,0.0,0.06666666666666667,0.0,0.0,0.0,1.0,11.07002845369838,0.0,0.0,0.0,0.0,0.06666666666666667,0.0,0.0,0.0,1.0,11.057664058180526,0.0,0.0,0.0,0.0,0.06666666666666667,0.0,0.0,0.0,1.0,11.103661623463035,0.0,0.0,0.0,0.0,0.06666666666666667,0.0,0.0,0.0,2.0,0.0,2.0,0.0,2.0,0.0,2.0,0.0,2.0,0.0,2.0,0.0,2.0,0.0,2.0,0.0,2.0,0.0,2.0,0.0,2.0,0.0,2.0,0.0
light_seed1,light,1,597.25,612.25,15.0,8.107812401225276,8.56,2.0,21.200000000000045,1.0,10.687860818504154,0.0,0.0,0.0,2.0,0.06666666666666667,0.0,0.0,0.0,1.0,11.060308861661701,0.0,0.0,0.0,2.0,0.06666666666666667,0.0,0.0,0.0,2.0,0.9220021436597671,31.6,63.2,1.0,0.0,0.06666666666666667,0.0,0.0,-1.1066666666666667,1.0,9.852171283144042,0.0,0.0,0.0,2.0,0.06666666666666667,0.0,0.0,0.0,1.0,11.09905494275689,0.0,0.0,0.0,2.0,0.06666666666666667,0.0,0.0,0.0,2.0,0.9614357289547009,32.6,65.2,1.0,0.0,0.06666666666666667,0.0,0.0,-1.1733333333333333,1.0,11.104095183456316,0.0,0.0,0.0,0.0,0.06666666666666667,0.0,0.0,0.0,1.0,11.054900942325592,0.0,0.0,0.0,0.0,0.06666666666666667,0.0,0.0,0.0,1.0,8.055147527421044,0.0,0.0,0.0,0.0,0.06666666666666667,0.0,0.0,0.0,1.0,11.055944813666864,0.0,0.0,0.0,0.0,0.06666666666666667,0.0,0.0,0.0,1.0,11.074135744653642,0.0,0.0,0.0,0.0,0.06666666666666667,0.0,0.0,0.0,1.0,11.057777771806343,0.0,0.0,0.0,0.0,0.06666666666666667,0.0,0.0,0.0,2.0,0.0,2.0,0.0,2.0,0.0,2.0,0.0,2.0,0.0,2.0,0.0,2.0,0.0,2.0,0.0,2.0,0.0,2.0,0.0,2.0,0.0,2.0,0.0
light_seed1,light,1,598.25,613.25,14.0,8.012271654124765,9.314285714285715,2.0,22.200000000000045,1.0,10.70130528983733,0.0,0.0,0.0,2.0,0.06666666666666667,0.0,0.0,0.0,1.0,11.088333122048526,0.0,0.0,0.0,2.0,0.06666666666666667,0.0,0.0,0.0,2.0,1.5431968832408516,32.1,64.2,1.0,0.0,0.06666666666666667,0.0,0.0,-1.1400000000000001,1.0,9.85841229123576,0.0,0.0,0.0,2.0,0.06666666666666667,0.0,0.0,0.0,1.0,11.070326164247467,0.0,0.0,0.0,2.0,0.06666666666666667,0.0,0.0,0.0,2.0,1.4460541887717215,33.1,66.2,1.0,0.0,0.06666666666666667,0.0,0.0,-1.2066666666666668,1.0,11.099868094535545,0.0,0.0,0.0,0.0,0.06666666666666667,0.0,0.0,0.0,1.0,11.104605435617268,0.0,0.0,0.0,0.0,0.06666666666666667,0.0,0.0,0.0,1.0,8.037528313577324,0.0,0.0,0.0,0.0,0.06666666666666667,0.0,0.0,0.0,1.0,11.093645694134757,0.0,0.0,0.0,0.0,0.06666666666666667,0.0,0.0,0.0,1.0,11.09191824999079,0.0,0.0,0.0,0.0,0.06666666666666667,0.0,0.0,0.0,1.0,11.0473583584968,0.0,0.0,0.0,0.0,0.06666666666666667,0.0,0.0,0.0,2.0,0.0,2.0,0.1,2.0,0.0,2.0,0.0,2.0,0.1,2.0,0.0,2.0,0.1,2.0,0.1,2.0,0.0,2.0,0.1,2.0,0.1,2.0,0.1
light_seed1,light,1,599.25,614.25,14.0,8.166181930165864,9.457142857142857,2.0,23.200000000000045,1.0,10.70298232524915,0.0,0.0,0.0,2.0,0.06666666666666667,0.0,0.0,0.0,1.0,11.048806167548522,0.0,0.0,0.0,2.0,0.06666666666666667,0.0,0.0,0.0,2.0,2.1679211297036574,32.6,65.2,1.0,0.0,0.06666666666666667,0.0,0.0,-1.1733333333333333,1.0,9.866651352008343,0.0,0.0,0.0,2.0,0.06666666666666667,0.0,0.0,0.0,1.0,11.09981660978496,0.0,0.0,0.0,2.0,0.06666666666666667,0.0,0.0,0.0,2.0,1.9286460906980434,33.6,67.2,1.0,0.0,0.06666666666666667,0.0,0.0,-1.24,1.0,11.072522808086127,0.0,0.0,0.0,0.0,0.06666666666666667,0.0,0.0,0.0,1.0,11.107807612206786,0.0,0.0,0.0,0.0,0.06666666666666667,0.0,0.0,0.0,1.0,8.007209547899812,0.0,0.0,0.0,0.0,0.06666666666666667,0.0,0.0,0.0,1.0,11.05789183031395,0.0,0.0,0.0,0.0,0.06666666666666667,0.0,0.0,0.0,1.0,11.091497673096134,0.0,0.0,0.0,0.0,0.06666666666666667,0.0,0.0,0.0,1.0,11.07822665532492,0.0,0.0,0.0,0.0,0.06666666666666667,0.0,0.0,0.0,2.0,0.375,2.0,0.6,2.0,0.0,2.0,0.0,2.0,0.6,2.0,0.0,2.0,0.6,2.0,0.6,2.0,0.0,2.0,0.6,2.0,0.6,2.0,0.6
light_seed1,light,1,600.25,615.25,14.0,8.316766527891286,9.6,2.0,24.200000000000045,1.0,10.717919363840283,0.0,0.0,0.0,2.0,0.06666666666666667,0.0,0.0,0.0,1.0,11.07033178570494,0.0,0.0,0.0,2.0,0.06666666666666667,0.0,0.0,0.0,2.0,2.6694689262473434,33.1,66.2,1.0,0.0,0.06666666666666667,0.0,0.0,-1.2066666666666668,1.0,9.877619280514777,0.0,0.0,0.0,2.0,0.06666666666666667,0.0,0.0,0.0,1.0,11.042258605966344,0.0,0.0,0.0,2.0,0.06666666666666667,0.0,0.0,0.0,2.0,2.495701201007315,34.1,68.2,1.0,0.0,0.06666666666666667,0.0,0.0,-1.2733333333333334,1.0,11.040689797352998,0.0,0.0,0.0,0.0,0.06666666666666667,0.0,0.0,0.0,1.0,11.082887202868237,0.0,0.0,0.0,0.0,0.06666666666666667,0.0,0.0,0.0,1.0,8.053103256020844,0.0,0.0,0.0,0.0,0.06666666666666667,0.0,0.0,0.0,1.0,11.054260045832022,0.0,0.0,0.0,0.0,0.06666666666666667,0.0,0.0,0.0,1.0,11.092164401642977,0.0,0.0,0.0,0.0,0.06666666666666667,0.0,0.0,0.0,1.0,11.073157396225259,0.0,0.0,0.0,0.0,0.06666666666666667,0.0,0.0,0.0,2.0,0.875,2.0,1.1,2.0,0.0,2.0,0.225,2.0,1.1,2.0,0.0,2.0,1.1,2.0,1.1,2.0,0.0,2.0,1.1,2.0,1.1,2.0,1.1
light_seed1,light,1,601.25,616.25,14.0,8.485186849490333,9.742857142857144,2.0,25.200000000000045,1.0,10.7494960293535,0.0,0.0,0.0,2.0,0.06666666666666667,0.0,0.0,0.0,1.0,11.043869290702045,0.0,0.0,0.0,2.0,0.06666666666666667,0.0,0.0,0.0,2.0,3.2748248529510033,33.6,67.2,1.0,0.0,0.06666666666666667,0.0,0.0,-1.24,1.0,9.878805807774425,0.0,0.0,0.0,2.0,0.06666666666666667,0.0,0.0,0.0,1.0,11.068691355304791,0.0,0.0,0.0,2.0,0.06666666666666667,0.0,0.0,0.0,2.0,3.0261220213301323,34.6,69.2,1.0,0.0,0.06666666666666667,0.0,0.0,-1.3066666666666669,1.0,11.09194588725455,0.0,0.0,0.0,0.0,0.06666666666666667,0.0,0.0,0.0,1.0,11.070231472562998,0.0,0.0,0.0,0.0,0.06666666666666667,0.0,0.0,0.0,1.0,8.052906944874824,0.0,0.0,0.0,0.0,0.06666666666666667,0.0,0.0,0.0,1.0,11.075867296969518,0.0,0.0,0.0,0.0,0.06666666666666667,0.0,0.0,0.0,1.0,11.074397963039576,0.0,0.0,0.0,0.0,0.06666666666666667,0.0,0.0,0.0,1.0,11.084510096466168,0.0,0.0,0.0,0.0,0.06666666666666667,0.0,0.0,0.0,2.0,1.375,2.0,1.6,2.0,0.0,2.0,0.725,2.0,1.6,2.0,0.0,2.0,1.6,2.0,1.6,2.0,0.0,2.0,1.6,2.0,1.6,2.0,1.6
light_seed1,light,1,602.25,617.25,14.0,8.632984938582664,9.885714285714286,2.0,26.200000000000045,1.0,10.74297829465641,0.0,0.0,0.0,2.0,0.06666666666666667,0.0,0.0,0.0,1.0,11.04553446860425,0.0,0.0,0.0,2.0,0.06666666666666667,0.0,0.0,0.0,2.0,3.81780925147714,34.1,68.2,1.0,0.0,0.06666666666666667,0.0,0.0,-1.2733333333333334,1.0,9.868666315832645,0.0,0.0,0.0,2.0,0.06666666666666667,0.0,0.0,0.0,1.0,11.088869478942826,0.0,0.0,0.0,2.0,0.06666666666666667,0.0,0.0,0.0,2.0,3.5394717054540124,35.1,70.2,1.0,0.0,0.06666666666666667,0.0,0.0,-1.34,1.0,11.05923098453693,0.0,0.0,0.0,0.0,0.06666666666666667,0.0,0.0,0.0,1.0,11.069216322399676,0.0,0.0,0.0,0.0,0.06666666666666667,0.0,0.0,0.0,1.0,8.039460220519603,0.0,0.0,0.0,0.0,0.06666666666666667,0.0,0.0,0.0,1.0,11.090575124572961,0.0,0.0,0.0,0.0,0.06666666666666667,0.0,0.0,0.0,1.0,11.043981692191213,0.0,0.0,0.0,0.0,0.06666666666666667,0.0,0.0,0.0,1.0,11.098714324038475,0.0,0.0,0.0,0.0,0.06666666666666667,0.0,0.0,0.0,2.0,1.875,2.0,2.1,1.0,0.0,2.0,1.225,2.0,2.1,1.0,0.0,2.0,2.1,2.0,2.1,2.0,0.0,2.0,2.1,2.0,2.1,2.0,2.1
light_seed1,light,1,603.25,618.25,14.0,8.784486973338353,10.028571428571428,2.0,27.200000000000045,1.0,10.698792467518508,0.0,0.0,0.0,2.0,0.06666666666666667,0.0,0.0,0.0,1.0,11.101318981539457,0.0,0.0,0.0,2.0,0.06666666666666667,0.0,0.0,0.0,2.0,4.371662830939646,34.6,69.2,1.0,0.0,0.06666666666666667,0.0,0.0,-1.3066666666666669,1.0,9.901166398552716,0.0,0.0,0.0,2.0,0.06666666666666667,0.0,0.0,0.0,1.0,11.049205174503847,0.0,0.0,0.0,2.0,0.06666666666666667,0.0,0.0,0.0,2.0,4.026370061751065,35.6,71.2,1.0,0.0,0.06666666666666667,0.0,0.0,-1.3733333333333335,1.0,11.077531322075053,0.0,0.0,0.0,0.0,0.06666666666666667,0.0,0.0,0.0,1.0,11.086694245871156,0.0,0.0,0.0,0.0,0.06666666666666667,0.0,0.0,0.0,1.0,8.025518762108089,0.0,0.0,0.0,0.0,0.06666666666666667,0.0,0.0,0.0,1.0,11.071668793557212,0.0,0.0,0.0,0.0,0.06666666666666667,0.0,0.0,0.0,1.0,11.066812381589784,0.0,0.0,0.0,0.0,0.06666666666666667,0.0,0.0,0.0,1.0,11.108043314039707,0.0,0.0,0.0,0.0,0.06666666666666667,0.0,0.0,0.0,2.0,2.375,2.0,2.6,1.0,0.0,2.0,1.725,2.0,2.6,1.0,0.0,2.0,2.6,2.0,2.6,2.0,0.0,2.0,2.6,2.0,2.6,2.0,2.6
light_seed1,light,1,604.25,619.25,14.0,8.946400466279384,10.171428571428573,2.0,28.200000000000045,1.0,10.753965214862287,0.0,0.0,0.0,2.0,0.06666666666666667,0.0,0.0,0.0,1.0,11.071196544710546,0.0,0.0,0.0,2.0,0.06666666666666667,0.0,0.0,0.0,2.0,4.861314995105505,35.1,70.2,1.0,0.0,0.06666666666666667,0.0,0.0,-1.34,1.0,9.91340242408356,0.0,0.0,0.0,2.0,0.06666666666666667,0.0,0.0,0.0,1.0,11.09355810661614,0.0,0.0,0.0,2.0,0.06666666666666667,0.0,0.0,0.0,2.0,4.601060121360773,36.1,72.2,1.0,0.0,0.06666666666666667,0.0,0.0,-1.4066666666666667,1.0,11.103160989552736,0.0,0.0,0.0,0.0,0.06666666666666667,0.0,0.0,0.0,1.0,11.10884521363303,0.0,0.0,0.0,0.0,0.06666666666666667,0.0,0.0,0.0,1.0,8.033230496280044,0.0,0.0,0.0,0.0,0.06666666666666667,0.0,0.0,0.0,1.0,11.106831982582808,0.0,0.0,0.0,0.0,0.06666666666666667,0.0,0.0,0.0,1.0,11.100789619343354,0.0,0.0,0.0,0.0,0.06666666666666667,0.0,0.0,0.0,1.0,11.039875703314319,0.0,0.0,0.0,0.0,0.06666666666666667,0.0,0.0,0.0,2.0,2.875,2.0,3.1,1.0,0.0,2.0,2.225,2.0,3.1,1.0,0.0,2.0,3.1,2.0,3.1,2.0,0.3,2.0,3.1,2.0,3.1,2.0,3.1
light_seed1,light,1,605.25,620.25,14.0,9.102026474350922,10.314285714285715,2.0,29.200000000000045,1.0,10.729774982328324,0.0,0.0,0.0,2.0,0.06666666666666667,0.0,0.0,0.0,1.0,11.059261590536684,0.0,0.0,0.0,2.0,0.06666666666666667,0.0,0.0,0.0,2.0,5.450044756122989,35.6,71.2,1.0,0.0,0.06666666666666667,0.0,0.0,-1.3733333333333335,1.0,9.847663631002888,0.0,0.0,0.0,2.0,0.06666666666666667,0.0,0.0,0.0,1.0,11.045191897740587,0.0,0.0,0.0,2.0,0.06666666666666667,0.0,0.0,0.0,2.0,5.18384093517305,36.6,73.2,1.0,0.0,0.06666666666666667,0.0,0.0,-1.4400000000000002,1.0,11.092924147337675,0.0,0.0,0.0,0.0,0.06666666666666667,0.0,0.0,0.0,1.0,11.094878934444859,0.0,0.0,0.0,0.0,0.06666666666666667,0.0,0.0,0.0,1.0,8.048409796800614,0.0,0.0,0.0,0.0,0.06666666666666667,0.0,0.0,0.0,1.0,11.044521041424945,0.0,0.0,0.0,0.0,0.06666666666666667,0.0,0.0,0.0,1.0,11.10782797937654,0.0,0.0,0.0,0.0,0.06666666666666667,0.0,0.0,0.0,1.0,11.090145257327706,0.0,0.0,0.0,0.0,0.06666666666666667,0.0,0.0,0.0,2.0,3.375,2.0,3.6,1.0,0.0,2.0,2.725,2.0,3.6,1.0,0.0,2.0,3.6,2.0,3.6,2.0,0.8,2.0,3.6,2.0,3.6,2.0,3.6
light_seed1,light,1,606.25,621.25,14.0,9.165906292225662,10.457142857142857,2.0,0.20000000000004547,1.0,10.73691249583362,0.0,0.0,0.0,1.0,0.06666666666666667,0.0,0.0,0.0,1.0,11.089421709250658,0.0,0.0,0.0,1.0,0.06666666666666667,0.0,0.0,0.0,2.0,5.554624811915681,36.1,72.2,1.0,0.0,0.06666666666666667,0.0,0.0,-1.4066666666666667,1.0,9.896571054504722,0.0,0.0,0.0,1.0,0.06666666666666667,0.0,0.0,0.0,1.0,11.079657858485355,0.0,0.0,0.0,1.0,0.06666666666666667,0.0,0.0,0.0,2.0,5.5335819676863025,37.1,74.2,1.0,0.0,0.06666666666666667,0.0,0.0,-1.4733333333333334,1.0,11.071032200802117,0.0,0.0,0.0,0.0,0.06666666666666667,0.0,0.0,0.0,1.0,11.058977871747686,0.0,0.0,0.0,0.0,0.06666666666666667,0.0,0.0,0.0,1.0,8.024099561715648,0.0,0.0,0.0,0.0,0.06666666666666667,0.0,0.0,0.0,1.0,11.057488666605204,0.0,0.0,0.0,0.0,0.06666666666666667,0.0,0.0,0.0,1.0,11.039369302487,0.0,0.0,0.0,0.0,0.06666666666666667,0.0,0.0,0.0,1.0,11.0927438105233,0.0,0.0,0.0,0.0,0.06666666666666667,0.0,0.0,0.0,2.0,3.875,2.0,4.1,1.0,0.0,2.0,3.225,2.0,4.1,0.0,0.0,2.0,4.1,2.0,4.1,2.0,1.3,2.0,4.1,2.0,4.1,2.0,4.1
light_seed1,light,1,607.25,622.25,26.0,9.912208915966612,5.707692307692308,2.0,1.2000000000000455,2.0,11.275778591710413,0.0,0.0,0.0,1.0,0.13333333333333333,0.0,0.0,0.0,2.0,11.68485966888629,0.0,0.0,0.0,1.0,0.13333333333333333,0.0,0.0,0.0,3.0,5.859293629211062,24.400000000000002,73.2,1.0,0.0,0.13333333333333333,0.0,0.0,-2.253333333333333,2.0,10.35741708638985,0.0,0.0,0.0,1.0,0.13333333333333333,0.0,0.0,0.0,2.0,11.461120256130904,0.0,0.0,0.0,1.0,0.13333333333333333,0.0,0.0,0.0,3.0,5.892607168337019,25.066666666666666,75.2,1.0,0.0,0.13333333333333333,0.0,0.0,-2.342222222222223,2.0,11.548018742986958,0.0,0.0,0.0,0.0,0.13333333333333333,0.0,0.0,0.0,2.0,11.565162076154843,0.0,0.0,0.0,0.0,0.13333333333333333,0.0,0.0,0.0,2.0,8.532407613396334,0.0,0.0,0.0,0.0,0.13333333333333333,0.0,0.0,0.0,2.0,11.605337921335366,0.0,0.0,0.0,0.0,0.13333333333333333,0.0,0.0,0.0,2.0,11.614606127832321,0.0,0.0,0.0,0.0,0.13333333333333333,0.0,0.0,0.0,2.0,11.586156626420564,0.0,0.0,0.0,0.0,0.13333333333333333,0.0,0.0,0.0,2.0,4.375,2.0,4.6,1.0,0.0,2.0,3.725,2.0,4.6,0.0,0.0,2.0,4.6,2.0,4.6,2.0,1.8,2.0,4.6,2.0,4.6,2.0,4.6
light_seed1,light,1,608.25,623.25,26.0,10.528872741056066,5.7846153846153845,2.0,2.2000000000000455,2.0,11.595650944964248,0.0,0.0,0.0,1.0,0.13333333333333333,0.0,0.0,0.0,2.0,12.61016176220868,0.0,0.0,0.0,1.0,0.13333333333333333,0.0,0.0,0.0,3.0,6.413645691247498,24.733333333333334,74.2,1.0,0.0,0.13333333333333333,0.0,0.0,-2.2977777777777777,2.0,10.918581852301491,0.0,0.0,0.0,1.0,0.13333333333333333,0.0,0.0,0.0,2.0,11.452655028463777,0.0,0.0,0.0,1.0,0.13333333333333333,0.0,0.0,0.0,3.0,6.570639033099792,25.400000000000002,76.2,1.0,0.0,0.13333333333333333,0.0,0.0,-2.3866666666666663,2.0,12.154290064415623,0.0,0.0,0.0,0.0,0.13333333333333333,0.0,0.0,0.0,2.0,12.469654464621911,0.0,0.0,0.0,0.0,0.13333333333333333,0.0,0.0,0.0,2.0,9.488803649936965,0.0,0.0,0.0,0.0,0.13333333333333333,0.0,0.0,0.0,2.0,11.791878598661532,0.0,0.0,0.0,0.0,0.13333333333333333,0.0,0.0,0.0,2.0,12.440301685835816,0.0,0.0,0.0,0.0,0.13333333333333333,0.0,0.0,0.0,2.0,12.476940495797898,0.0,0.0,0.0,0.0,0.13333333333333333,0.0,0.0,0.0,2.0,4.875,2.0,5.574999999999999,1.0,0.0,2.0,4.225,2.0,5.1,0.0,0.0,2.0,5.1,2.0,5.1,2.0,2.3,2.0,5.1,2.0,5.1,2.0,5.1
light_seed1,light,1,609.25,624.25,26.0,10.849105412415165,0.0,0.0,0.20000000000004547,2.0,11.621915314912433,0.0,0.0,0.0,0.0,0.13333333333333333,0.0,0.0,0.0,2.0,13.342421672216304,0.0,0.0,0.0,0.0,0.13333333333333333,0.0,0.0,0.0,3.0,7.163128784650801,0.0,0.0,0.0,2.0,0.13333333333333333,0.0,-0.06666666666666667,-4.013333333333334,2.0,10.933318013467362,0.0,0.0,0.0,0.0,0.13333333333333333,0.0,0.0,0.0,2.0,11.456665008246521,0.0,0.0,0.0,0.0,0.13333333333333333,0.0,0.0,0.0,3.0,7.424320989094475,0.0,0.0,0.0,2.0,0.13333333333333333,0.0,-0.06666666666666667,-4.1466666666666665,2.0,12.18321416327819,0.0,0.0,0.0,0.0,0.13333333333333333,0.0,0.0,0.0,2.0,12.454669474837022,0.0,0.0,0.0,0.0,0.13333333333333333,0.0,0.0,0.0,2.0,10.434914451979736,0.0,0.0,0.0,0.0,0.13333333333333333,0.0,0.0,0.0,2.0,11.782194513171582,0.0,0.0,0.0,0.0,0.13333333333333333,0.0,0.0,0.0,2.0,12.473903987436671,0.0,0.0,0.0,0.0,0.13333333333333333,0.0,0.0,0.0,2.0,12.473979101233418,0.0,0.0,0.0,0.0,0.13333333333333333,0.0,0.0,0.0,2.0,5.375,2.0,6.574999999999999,1.0,0.0,2.0,4.725,2.0,5.6,0.0,0.0,2.0,0.0,2.0,0.0,2.0,2.8,2.0,0.0,2.0,0.0,2.0,5.6
light_seed1,light,1,610.25,625.25,26.0,11.143327067372995,0.0,0.0,1.2000000000000455,2.0,11.638216271633038,0.0,0.0,0.0,0.0,0.13333333333333333,0.0,0.0,0.0,2.0,13.33951765936116,0.0,0.0,0.0,0.0,0.13333333333333333,0.0,0.0,0.0,2.0,10.537242948714072,0.0,0.0,0.0,2.0,0.13333333333333333,0.06666666666666667,-0.06666666666666667,-4.08,2.0,10.924916951145514,0.0,0.0,0.0,0.0,0.13333333333333333,0.0,0.0,0.0,2.0,11.45967696582721,0.0,0.0,0.0,0.0,0.13333333333333333,0.0,0.0,0.0,2.0,11.728376121681897,0.0,0.0,0.0,2.0,0.13333333333333333,0.06666666666666667,-0.06666666666666667,-4.213333333333334,2.0,12.185565458339017,0.0,0.0,0.0,0.0,0.13333333333333333,0.0,0.0,0.0,2.0,12.456090910281286,0.0,0.0,0.0,0.0,0.13333333333333333,0.0,0.0,0.0,2.0,10.920105922654695,0.0,0.0,0.0,0.0,0.13333333333333333,0.0,0.0,0.0,2.0,11.793275291005635,0.0,0.0,0.0,0.0,0.13333333333333333,0.0,0.0,0.0,2.0,12.443722865600606,0.0,0.0,0.0,0.0,0.13333333333333333,0.0,0.0,0.0,2.0,12.454727700628574,0.0,0.0,0.0,0.0,0.13333333333333333,0.0,0.0,0.0,2.0,5.9,2.0,7.574999999999999,1.0,0.0,2.0,5.225,2.0,6.1,0.0,0.0,1.0,0.0,1.0,0.0,2.0,3.55,1.0,0.0,1.0,0.0,2.0,6.6
light_seed1,light,1,611.25,626.25,26.0,10.293486587012016,0.0,0.0,2.2000000000000455,2.0,10.864580645862812,0.0,0.0,0.0,0.0,0.06666666666666667,0.0,0.0,0.0,2.0,11.488938409978168,0.0,0.0,0.0,0.0,0.06666666666666667,0.0,0.0,0.0,2.0,10.544715728796447,0.0,0.0,0.0,2.0,0.06666666666666667,0.06666666666666667,-0.06666666666666667,-2.0733333333333333,2.0,10.916270332204878,0.0,0.0,0.0,0.0,0.06666666666666667,0.0,0.0,0.0,2.0,9.568129743771918,0.0,0.0,0.0,0.0,0.06666666666666667,0.0,0.0,0.0,2.0,12.46172417283908,0.0,0.0,0.0,2.0,0.06666666666666667,0.06666666666666667,-0.06666666666666667,-2.14,2.0,10.302739103228767,0.0,0.0,0.0,0.0,0.06666666666666667,0.0,0.0,0.0,2.0,10.585722443080899,0.0,0.0,0.0,0.0,0.06666666666666667,0.0,0.0,0.0,2.0,10.957821645944104,0.0,0.0,0.0,0.0,0.06666666666666667,0.0,0.0,0.0,2.0,9.918456612691482,0.0,0.0,0.0,0.0,0.06666666666666667,0.0,0.0,0.0,2.0,10.58588919733527,0.0,0.0,0.0,0.0,0.06666666666666667,0.0,0.0,0.0,2.0,10.585012078983342,0.0,0.0,0.0,0.0,0.06666666666666667,0.0,0.0,0.0,2.0,6.9,2.0,8.575,1.0,0.45,2.0,5.725,2.0,6.8,0.0,0.0,1.0,0.0,1.0,0.0,2.0,4.55,1.0,0.0,1.0,0.0,2.0,7.6
light_seed1,light,1,612.25,627.25,26.0,9.223412435881285,0.0,0.0,3.2000000000000455,2.0,8.870111657891616,0.0,0.0,0.0,0.0,0.06666666666666667,0.0,0.0,0.0,2.0,9.478741556619248,0.0,0.0,0.0,0.0,0.06666666666666667,0.0,0.0,0.0,2.0,10.519269745428009,0.0,0.0,0.0,2.0,0.06666666666666667,0.06666666666666667,-0.06666666666666667,-2.106666666666667,2.0,10.934919490803967,0.0,0.0,0.0,0.0,0.06666666666666667,0.0,0.0,0.0,2.0,7.571613338612916,0.0,0.0,0.0,0.0,0.06666666666666667,0.0,0.0,0.0,2.0,12.481807365239366,0.0,0.0,0.0,2.0,0.06666666666666667,0.06666666666666667,-0.06666666666666667,-2.1733333333333333,2.0,8.316860868328465,0.0,0.0,0.0,0.0,0.06666666666666667,0.0,0.0,0.0,2.0,8.614682750910173,0.0,0.0,0.0,0.0,0.06666666666666667,0.0,0.0,0.0,2.0,10.931856420245445,0.0,0.0,0.0,0.0,0.06666666666666667,0.0,0.0,0.0,2.0,7.929724608380311,0.0,0.0,0.0,0.0,0.06666666666666667,0.0,0.0,0.0,2.0,8.59621520762799,0.0,0.0,0.0,0.0,0.06666666666666667,0.0,0.0,0.0,2.0,8.597713531722178,0.0,0.0,0.0,0.0,0.06666666666666667,0.0,0.0,0.0,2.0,7.9,2.0,9.575,1.0,1.45,2.0,6.35,2.0,7.8,0.0,0.0,1.0,0.0,1.0,0.0,2.0,5.55,1.0,0.0,1.0,0.0,2.0,8.6
light_seed1,light,1,613.25,628.25,26.0,8.19362363689151,0.05384615384615385,7.0,4.2000000000000455,2.0,6.882706148358489,0.0,0.0,0.0,0.0,0.06666666666666667,0.0,0.0,0.0,2.0,7.822160961858615,0.1,0.2,1.0,0.0,0.06666666666666667,0.0,0.06666666666666667,0.006666666666666667,2.0,10.54249749423902,0.0,0.0,0.0,2.0,0.06666666666666667,0.06666666666666667,-0.06666666666666667,-2.14,2.0,9.188980536616038,0.0,0.0,0.0,0.0,0.06666666666666667,0.0,0.0,0.0,2.0,5.924488488324074,0.1,0.2,1.0,0.0,0.06666666666666667,0.0,0.06666666666666667,0.006666666666666667,2.0,12.453199941073079,0.0,0.0,0.0,2.0,0.06666666666666667,0.06666666666666667,-0.06666666666666667,-2.2066666666666666,2.0,6.631902075211245,0.1,0.2,1.0,0.0,0.06666666666666667,0.0,0.06666666666666667,0.006666666666666667,2.0,6.938968738047988,0.1,0.2,1.0,0.0,0.06666666666666667,0.0,0.06666666666666667,0.006666666666666667,2.0,10.920943507556412,0.0,0.0,0.0,0.0,0.06666666666666667,0.0,0.0,0.0,2.0,6.248648606850321,0.1,0.2,1.0,0.0,0.06666666666666667,0.0,0.06666666666666667,0.006666666666666667,2.0,6.927353364549926,0.1,0.2,1.0,0.0,0.06666666666666667,0.0,0.06666666666666667,0.006666666666666667,2.0,6.937385493259645,0.1,0.2,1.0,0.0,0.06666666666666667,0.0,0.06666666666666667,0.006666666666666667,2.0,8.9,2.0,10.575,1.0,2.45,2.0,7.35,2.0,8.799999999999999,0.0,0.0,0.0,0.0,0.0,0.0,2.0,6.55,0.0,0.0,0.0,0.0,2.0,9.6
light_seed1,light,1,614.25,629.25,26.0,8.142429024494607,0.35192307692307695,8.0,5.2000000000000455,2.0,6.2424180934342735,0.375,0.75,1.0,0.0,0.06666666666666667,0.0,0.06666666666666667,0.025,2.0,7.781150576607942,0.6,1.2,1.0,0.0,0.06666666666666667,0.0,0.06666666666666667,0.04,2.0,10.509282632574333,0.0,0.0,0.0,2.0,0.06666666666666667,0.06666666666666667,-0.06666666666666667,-2.1733333333333333,2.0,7.180391368908336,0.0,0.0,0.0,0.0,0.06666666666666667,0.0,0.0,0.0,2.0,5.896357941372059,0.6,1.2,1.0,0.0,0.06666666666666667,0.0,0.06666666666666667,0.04,2.0,12.478350074660032,0.0,0.0,0.0,2.0,0.06666666666666667,0.06666666666666667,-0.06666666666666667,-2.24,2.0,6.649235925593374,0.6,1.2,1.0,0.0,0.06666666666666667,0.0,0.06666666666666667,0.04,2.0,6.920423977274914,0.6,1.2,1.0,0.0,0.06666666666666667,0.0,0.06666666666666667,0.04,2.0,10.942225538753863,0.0,0.0,0.0,0.0,0.06666666666666667,0.0,0.0,0.0,2.0,6.263058654774933,0.6,1.2,1.0,0.0,0.06666666666666667,0.0,0.06666666666666667,0.04,2.0,6.931773927509785,0.6,1.2,1.0,0.0,0.06666666666666667,0.0,0.06666666666666667,0.04,2.0,6.9390216928918385,0.6,1.2,1.0,0.0,0.06666666666666667,0.0,0.06666666666666667,0.04,2.0,9.9,2.0,11.575,1.0,3.45,2.0,8.35,2.0,9.799999999999999,0.0,0.0,0.0,0.0,0.0,0.0,2.0,7.55,0.0,0.0,0.0,0.0,2.0,10.6
light_seed1,light,1,615.25,630.25,26.0,8.206515303424377,0.676923076923077,9.0,6.2000000000000455,2.0,6.242171234236769,0.875,1.75,1.0,0.0,0.06666666666666667,0.0,0.06666666666666667,0.058333333333333334,2.0,7.822862061328872,1.1,2.2,1.0,0.0,0.06666666666666667,0.0,0.06666666666666667,0.07333333333333333,2.0,10.53748305420823,0.0,0.0,0.0,2.0,0.06666666666666667,0.06666666666666667,-0.06666666666666667,-2.2066666666666666,2.0,5.9855630207795185,0.225,0.45,1.0,0.0,0.06666666666666667,0.0,0.06666666666666667,0.015000000000000001,2.0,5.894532470809151,1.1,2.2,1.0,0.0,0.06666666666666667,0.0,0.06666666666666667,0.07333333333333333,2.0,12.480080923511299,0.0,0.0,0.0,2.0,0.06666666666666667,0.06666666666666667,-0.06666666666666667,-2.2733333333333334,2.0,6.642723642514165,1.1,2.2,1.0,0.0,0.06666666666666667,0.0,0.06666666666666667,0.07333333333333333,2.0,6.942073237447185,1.1,2.2,1.0,0.0,0.06666666666666667,0.0,0.06666666666666667,0.07333333333333333,2.0,10.929774989146114,0.0,0.0,0.0,0.0,0.06666666666666667,0.0,0.0,0.0,2.0,6.267019283751862,1.1,2.2,1.0,0.0,0.06666666666666667,0.0,0.06666666666666667,0.07333333333333333,2.0,6.918054966534838,1.1,2.2,1.0,0.0,0.06666666666666667,0.0,0.06666666666666667,0.07333333333333333,2.0,6.923432970099967,1.1,2.2,1.0,0.0,0.06666666666666667,0.0,0.06666666666666667,0.07333333333333333,2.0,10.9,2.0,12.575,1.0,4.45,2.0,9.35,2.0,10.8,0.0,0.0,0.0,0.0,0.0,0.0,2.0,8.55,0.0,0.0,0.0,0.0,2.0,11.6
light_seed1,light,1,616.25,631.25,26.0,8.242346376348682,1.0230769230769232,9.0,7.2000000000000455,2.0,6.269615978007526,1.375,2.75,1.0,0.0,0.06666666666666667,0.0,0.06666666666666667,0.09166666666666666,2.0,6.509500289088025,1.6,3.2,1.0,0.0,0.06666666666666667,0.0,0.06666666666666667,0.10666666666666667,2.0,10.513644268889571,0.0,0.0,0.0,2.0,0.06666666666666667,0.06666666666666667,-0.06666666666666667,-2.24,2.0,5.989564228457166,0.725,1.45,1.0,0.0,0.06666666666666667,0.0,0.06666666666666667,0.04833333333333333,2.0,5.926046264881822,1.6,3.2,1.0,0.0,0.06666666666666667,0.0,0.06666666666666667,0.10666666666666667,2.0,12.459350527929258,0.0,0.0,0.0,2.0,0.06666666666666667,0.06666666666666667,-0.06666666666666667,-2.3066666666666666,2.0,6.626052082863597,1.6,3.2,1.0,0.0,0.06666666666666667,0.0,0.06666666666666667,0.10666666666666667,2.0,6.925650347390329,1.6,3.2,1.0,0.0,0.06666666666666667,0.0,0.06666666666666667,0.10666666666666667,2.0,10.950519046457327,0.0,0.0,0.0,0.0,0.06666666666666667,0.0,0.0,0.0,2.0,6.267919099519051,1.6,3.2,1.0,0.0,0.06666666666666667,0.0,0.06666666666666667,0.10666666666666667,2.0,6.916282639483689,1.6,3.2,1.0,0.0,0.06666666666666667,0.0,0.06666666666666667,0.10666666666666667,2.0,6.944682775685797,1.6,3.2,1.0,0.0,0.06666666666666667,0.0,0.06666666666666667,0.10666666666666667,2.0,11.9,2.0,13.575,1.0,5.45,2.0,10.35,2.0,11.8,0.0,0.0,0.0,0.0,0.0,0.0,2.0,9.55,0.0,0.0,0.0,0.0,2.0,12.6
light_seed1,light,1,617.25,632.25,26.0,7.657200896075087,1.3692307692307693,9.0,8.200000000000045,2.0,6.242493507704669,1.875,3.75,1.0,0.0,0.06666666666666667,0.0,0.06666666666666667,0.125,2.0,4.52177979221374,2.1,4.2,1.0,0.0,0.06666666666666667,0.0,0.06666666666666667,0.14,1.0,9.992830923487219,0.0,0.0,0.0,2.0,0.06666666666666667,0.13333333333333333,-0.06666666666666667,-2.2733333333333334,2.0,5.997085309935501,1.225,2.45,1.0,0.0,0.06666666666666667,0.0,0.06666666666666667,0.08166666666666668,2.0,5.916230995469465,2.1,4.2,1.0,0.0,0.06666666666666667,0.0,0.06666666666666667,0.14,1.0,13.867703933969606,0.0,0.0,0.0,2.0,0.06666666666666667,0.13333333333333333,-0.06666666666666667,-2.3400000000000003,2.0,6.246359757091385,2.1,4.2,1.0,0.0,0.06666666666666667,0.0,0.06666666666666667,0.14,2.0,5.631468264571178,2.1,4.2,1.0,0.0,0.06666666666666667,0.0,0.06666666666666667,0.14,2.0,9.254433148198423,0.0,0.0,0.0,0.0,0.06666666666666667,0.0,0.0,0.0,2.0,6.266114148008192,2.1,4.2,1.0,0.0,0.06666666666666667,0.0,0.06666666666666667,0.14,2.0,5.6218214343199575,2.1,4.2,1.0,0.0,0.06666666666666667,0.0,0.06666666666666667,0.14,2.0,5.6327874508167906,2.1,4.2,1.0,0.0,0.06666666666666667,0.0,0.06666666666666667,0.14,2.0,12.9,2.0,14.575,1.0,6.45,2.0,11.35,2.0,12.8,0.0,0.0,0.0,0.0,0.0,0.0,2.0,10.55,0.0,0.0,0.0,0.0,2.0,13.6
light_seed1,light,1,618.25,633.25,26.0,6.6338490119388265,1.7153846153846155,9.0,9.200000000000045,2.0,5.579168596731291,2.375,4.75,1.0,0.0,0.06666666666666667,0.0,0.06666666666666667,0.15833333333333333,2.0,2.803241578367002,2.6,5.2,1.0,0.0,0.06666666666666667,0.0,0.06666666666666667,0.17333333333333334,1.0,10.002324227575466,0.0,0.0,0.0,2.0,0.06666666666666667,0.13333333333333333,-0.06666666666666667,-2.3066666666666666,2.0,5.675399449291155,1.725,3.45,1.0,0.0,0.06666666666666667,0.0,0.06666666666666667,0.115,2.0,5.894374941595103,2.6,5.2,1.0,0.0,0.06666666666666667,0.0,0.06666666666666667,0.17333333333333334,1.0,13.879068076271798,0.0,0.0,0.0,2.0,0.06666666666666667,0.13333333333333333,-0.06666666666666667,-2.3733333333333335,2.0,4.633079583131735,2.6,5.2,1.0,0.0,0.06666666666666667,0.0,0.06666666666666667,0.17333333333333334,2.0,4.068440648139383,2.6,5.2,1.0,0.0,0.06666666666666667,0.0,0.06666666666666667,0.17333333333333334,2.0,5.692908745582656,0.0,0.0,0.0,0.0,0.06666666666666667,0.0,0.0,0.0,2.0,5.543219381917531,2.6,5.2,1.0,0.0,0.06666666666666667,0.0,0.06666666666666667,0.17333333333333334,2.0,4.054579387350054,2.6,5.2,1.0,0.0,0.06666666666666667,0.0,0.06666666666666667,0.17333333333333334,2.0,4.047251011268606,2.6,5.2,1.0,0.0,0.06666666666666667,0.0,0.06666666666666667,0.17333333333333334,2.0,13.9,2.0,15.575,1.0,7.45,2.0,12.35,2.0,13.8,0.0,0.0,0.0,0.0,0.0,0.0,2.0,11.55,0.0,0.0,0.0,0.0,2.0,14.6
light_seed1,light,1,619.25,634.25,26.0,5.511372261009272,2.0846153846153848,10.0,10.200000000000045,2.0,4.034032717830315,2.875,5.75,1.0,0.0,0.06666666666666667,0.0,0.06666666666666667,0.19166666666666668,2.0,1.4437017997620734,3.1,6.2,1.0,0.0,0.06666666666666667,0.0,0.06666666666666667,0.20666666666666667,1.0,9.991769160871646,0.0,0.0,0.0,2.0,0.06666666666666667,0.13333333333333333,-0.06666666666666667,-2.3400000000000003,2.0,4.350181026797024,2.225,4.45,1.0,0.0,0.06666666666666667,0.0,0.06666666666666667,0.14833333333333334,2.0,4.959398487432353,3.1,6.2,1.0,0.0,0.06666666666666667,0.0,0.06666666666666667,0.20666666666666667,1.0,13.86994855321711,0.0,0.0,0.0,2.0,0.06666666666666667,0.13333333333333333,-0.06666666666666667,-2.4066666666666667,2.0,3.1796060931365977,3.1,6.2,1.0,0.0,0.06666666666666667,0.0,0.06666666666666667,0.20666666666666667,2.0,2.6909302537332485,3.1,6.2,1.0,0.0,0.06666666666666667,0.0,0.06666666666666667,0.20666666666666667,2.0,3.373045367090998,0.3,0.6,1.0,0.0,0.06666666666666667,0.0,0.06666666666666667,0.02,2.0,4.001110638952088,3.1,6.2,1.0,0.0,0.06666666666666667,0.0,0.06666666666666667,0.20666666666666667,2.0,2.7018823751364387,3.1,6.2,1.0,0.0,0.06666666666666667,0.0,0.06666666666666667,0.20666666666666667,2.0,2.7015111440620556,3.1,6.2,1.0,0.0,0.06666666666666667,0.0,0.06666666666666667,0.20666666666666667,2.0,14.9,2.0,16.575,1.0,8.45,2.0,13.35,2.0,14.8,0.0,0.0,0.0,0.0,0.0,0.0,2.0,12.55,0.0,0.0,0.0,0.0,2.0,15.6
light_seed1,light,1,620.25,635.25,26.0,4.5817009055019176,2.4692307692307693,10.0,11.200000000000045,2.0,2.65694152629865,3.375,6.75,1.0,0.0,0.06666666666666667,0.0,0.06666666666666667,0.225,2.0,0.5901638720269354,3.6,7.2,1.0,0.0,0.06666666666666667,0.0,0.06666666666666667,0.24000000000000002,1.0,9.99577154440458,0.0,0.0,0.0,2.0,0.06666666666666667,0.13333333333333333,-0.06666666666666667,-2.3733333333333335,2.0,3.1493916926646173,2.725,5.45,1.0,0.0,0.06666666666666667,0.0,0.06666666666666667,0.18166666666666667,2.0,3.4530332986137053,3.6,7.2,1.0,0.0,0.06666666666666667,0.0,0.06666666666666667,0.24000000000000002,1.0,13.86949436825933,0.0,0.0,0.0,2.0,0.06666666666666667,0.13333333333333333,-0.06666666666666667,-2.44,2.0,1.9705429462490653,3.6,7.2,1.0,0.0,0.06666666666666667,0.0,0.06666666666666667,0.24000000000000002,2.0,1.5844669914654705,3.6,7.2,1.0,0.0,0.06666666666666667,0.0,0.06666666666666667,0.24000000000000002,2.0,2.1171409526511265,0.8,1.6,1.0,0.0,0.06666666666666667,0.0,0.06666666666666667,0.05333333333333334,2.0,2.630652445652579,3.6,7.2,1.0,0.0,0.06666666666666667,0.0,0.06666666666666667,0.24000000000000002,2.0,1.584348160165123,3.6,7.2,1.0,0.0,0.06666666666666667,0.0,0.06666666666666667,0.24000000000000002,2.0,1.5952307797060763,3.6,7.2,1.0,0.0,0.06666666666666667,0.0,0.06666666666666667,0.24000000000000002,2.0,15.9,2.0,17.575,1.0,9.45,2.0,14.35,2.0,15.8,0.0,0.0,0.0,0.0,0.0,0.0,2.0,13.55,0.0,0.0,0.0,0.0,2.0,16.6
light_seed1,light,1,621.25,636.25,26.0,3.879787396752803,2.8538461538461535,10.0,0.20000000000004547,2.0,1.5488196667629124,3.875,7.75,1.0,0.0,0.06666666666666667,0.0,0.06666666666666667,0.25833333333333336,2.0,0.19230201270183625,4.1,8.2,1.0,0.0,0.06666666666666667,0.0,0.06666666666666667,0.2733333333333333,1.0,9.979017213027712,0.0,0.0,0.0,1.0,0.06666666666666667,0.13333333333333333,-0.06666666666666667,-2.4066666666666667,2.0,2.1393377476926054,3.225,6.45,1.0,0.0,0.06666666666666667,0.0,0.06666666666666667,0.215,2.0,2.179493826160384,4.1,8.2,1.0,0.0,0.06666666666666667,0.0,0.06666666666666667,0.2733333333333333,0.0,0.0,0.0,0.0,0.0,1.0,0.0,0.13333333333333333,-0.06666666666666667,-2.4733333333333336,2.0,1.0633802389547367,4.1,8.2,1.0,0.0,0.06666666666666667,0.0,0.06666666666666667,0.2733333333333333,2.0,0.8207079330808612,4.1,8.2,1.0,0.0,0.06666666666666667,0.0,0.06666666666666667,0.2733333333333333,2.0,1.1576620108042206,1.3,2.6,1.0,0.0,0.06666666666666667,0.0,0.06666666666666667,0.08666666666666667,2.0,1.5587432477798975,4.1,8.2,1.0,0.0,0.06666666666666667,0.0,0.06666666666666667,0.2733333333333333,2.0,0.8017278182168466,4.1,8.2,1.0,0.0,0.06666666666666667,0.0,0.06666666666666667,0.2733333333333333,2.0,0.8158962654986895,4.1,8.2,1.0,0.0,0.06666666666666667,0.0,0.06666666666666667,0.2733333333333333,3.0,11.266666666666666,3.0,12.383333333333333,2.0,5.225,3.0,10.233333333333333,3.0,11.200000000000001,1.0,0.0,1.0,0.0,1.0,0.0,3.0,9.700000000000001,1.0,0.0,1.0,0.0,3.0,11.733333333333334
light_seed1,light,1,622.25,637.25,26.0,3.425432672834181,3.238461538461538,10.0,1.2000000000000455,2.0,0.7827978350654415,4.375,8.75,1.0,0.0,0.0,0.0,0.06666666666666667,0.2916666666666667,2.0,0.0557038761723694,4.6,9.2,1.0,0.0,0.0,0.0,0.06666666666666667,0.30666666666666664,1.0,9.979054076162885,0.0,0.0,0.0,1.0,0.0,0.13333333333333333,-0.06666666666666667,-1.6266666666666667,2.0,1.3254661046602054,3.725,7.45,1.0,0.0,0.0,0.0,0.06666666666666667,0.24833333333333335,2.0,1.223967476865411,4.6,9.2,1.0,0.0,0.0,0.0,0.06666666666666667,0.30666666666666664,0.0,0.0,0.0,0.0,0.0,1.0,0.0,0.2,-0.06666666666666667,-1.671111111111111,2.0,0.4987319120471132,4.6,9.2,1.0,0.0,0.0,0.0,0.06666666666666667,0.30666666666666664,2.0,0.3586255526201324,4.6,9.2,1.0,0.0,0.0,0.0,0.06666666666666667,0.30666666666666664,2.0,0.5531432436580994,1.8,3.6,1.0,0.0,0.0,0.0,0.06666666666666667,0.12000000000000001,2.0,0.7785085486595081,4.6,9.2,1.0,0.0,0.0,0.0,0.06666666666666667,0.30666666666666664,2.0,0.3589722878512925,4.6,9.2,1.0,0.0,0.0,0.0,0.06666666666666667,0.30666666666666664,2.0,0.35166388319063496,4.6,9.2,1.0,0.0,0.0,0.0,0.06666666666666667,0.30666666666666664,3.0,11.933333333333332,3.0,13.049999999999999,2.0,5.725,3.0,10.9,3.0,11.866666666666667,1.0,0.0,1.0,0.0,1.0,0.0,3.0,10.366666666666667,1.0,0.0,1.0,0.0,3.0,12.4
light_seed1,light,1,623.25,638.25,26.0,3.1599932506724335,3.6596153846153845,11.0,2.2000000000000455,2.0,0.3442948699443607,4.875,9.75,1.0,0.0,0.0,0.0,0.06666666666666667,0.325,2.0,0.015462101327928371,5.574999999999999,10.2,2.0,0.0,0.0,0.0,0.13333333333333333,0.37166666666666665,1.0,10.003015872797716,0.0,0.0,0.0,1.0,0.0,0.13333333333333333,-0.06666666666666667,-1.6488888888888888,2.0,0.7507733018984858,4.225,8.45,1.0,0.0,0.0,0.0,0.06666666666666667,0.2816666666666666,2.0,0.5789618063012212,5.1,10.2,1.0,0.0,0.0,0.0,0.06666666666666667,0.33999999999999997,0.0,0.0,0.0,0.0,0.0,1.0,0.0,0.2,-0.06666666666666667,-1.6933333333333336,2.0,0.2003947214109682,5.1,10.2,1.0,0.0,0.0,0.0,0.06666666666666667,0.33999999999999997,2.0,0.13928476674019935,5.1,10.2,1.0,0.0,0.0,0.0,0.06666666666666667,0.33999999999999997,2.0,0.22828340495380522,2.3,4.6,1.0,0.0,0.0,0.0,0.06666666666666667,0.15333333333333332,2.0,0.34471637501921826,5.1,10.2,1.0,0.0,0.0,0.0,0.06666666666666667,0.33999999999999997,2.0,0.13946487233103272,5.1,10.2,1.0,0.0,0.0,0.0,0.06666666666666667,0.33999999999999997,2.0,0.1393265231199551,5.1,10.2,1.0,0.0,0.0,0.0,0.06666666666666667,0.33999999999999997,3.0,12.6,3.0,13.716666666666667,2.0,6.225,3.0,11.566666666666668,3.0,12.533333333333333,1.0,0.0,1.0,0.0,1.0,0.0,3.0,11.033333333333333,1.0,0.0,1.0,0.0,3.0,13.066666666666668
light_seed1,light,1,624.25,639.25,26.0,2.9689820777143185,2.3596153846153842,7.0,0.20000000000004547,2.0,0.13403870422441647,5.375,10.75,1.0,0.0,0.0,0.0,0.06666666666666667,0.35833333333333334,2.0,0.004356293640315924,6.574999999999999,11.2,2.0,0.0,0.0,0.0,0.13333333333333333,0.4383333333333333,1.0,6.407951053210136,0.0,0.0,0.0,0.0,0.0,0.13333333333333333,0.0,0.0,2.0,0.3944517438746486,4.725,9.45,1.0,0.0,0.0,0.0,0.06666666666666667,0.315,2.0,0.24222117746485275,5.6,11.2,1.0,0.0,0.0,0.0,0.06666666666666667,0.3733333333333333,0.0,0.0,0.0,0.0,0.0,0.0,0.0,0.2,0.0,0.0,2.0,0.3075623967294517,0.0,0.0,0.0,2.0,0.0,0.0,0.0,0.0,2.0,0.2854034300416013,0.0,0.0,0.0,2.0,0.0,0.0,0.0,0.0,2.0,0.08583820561050572,2.8,5.6,1.0,0.0,0.0,0.0,0.06666666666666667,0.18666666666666665,2.0,0.3625395432818117,0.0,0.0,0.0,2.0,0.0,0.0,0.0,0.0,2.0,0.28814522271553944,0.0,0.0,0.0,2.0,0.0,0.0,0.0,0.0,2.0,0.05112860147220179,5.6,11.2,1.0,0.0,0.0,0.0,0.06666666666666667,0.3733333333333333,3.0,13.266666666666666,3.0,14.383333333333333,2.0,6.725,3.0,12.233333333333334,3.0,13.200000000000001,1.0,0.0,1.0,0.0,1.0,0.0,3.0,11.700000000000001,1.0,0.0,1.0,0.0,3.0,13.733333333333334
light_seed1,light,1,625.25,640.25,26.0,3.1031785838392048,2.6884615384615382,10.0,1.2000000000000455,2.0,0.0494143891125941,5.9,11.75,2.0,0.0,0.0,0.0,0.13333333333333333,0.39333333333333337,2.0,0.0012355828441560942,7.574999999999999,12.2,2.0,0.0,0.0,0.0,0.13333333333333333,0.505,1.0,2.411597592670045,0.0,0.0,0.0,0.0,0.0,0.06666666666666667,0.0,0.0,2.0,0.1933616965431004,5.225,10.45,1.0,0.0,0.0,0.0,0.06666666666666667,0.34833333333333333,2.0,0.09281814619467602,6.1,12.2,1.0,0.0,0.0,0.0,0.06666666666666667,0.4066666666666666,0.0,0.0,0.0,0.0,0.0,0.0,0.0,0.13333333333333333,0.0,0.0,1.0,1.0434776735209557,0.0,0.0,0.0,2.0,0.0,0.06666666666666667,0.0,0.0,1.0,0.8686401421611382,0.0,0.0,0.0,2.0,0.0,0.06666666666666667,0.0,0.0,2.0,0.031131185278522263,3.55,6.6,2.0,0.0,0.0,0.0,0.13333333333333333,0.23666666666666666,1.0,1.0441106458433116,0.0,0.0,0.0,2.0,0.0,0.06666666666666667,0.0,0.0,1.0,0.9635194035010373,0.0,0.0,0.0,2.0,0.0,0.06666666666666667,0.0,0.0,2.0,0.018827004829803647,6.6,12.2,2.0,0.0,0.0,0.0,0.13333333333333333,0.44,3.0,13.933333333333332,3.0,15.049999999999999,2.0,7.225,3.0,12.9,3.0,13.866666666666667,1.0,0.0,1.0,0.0,1.0,0.0,3.0,12.366666666666667,1.0,0.0,1.0,0.0,3.0,14.4
light_seed1,light,1,626.25,641.25,25.0,2.7760346149794133,3.23,12.0,2.2000000000000455,2.0,0.017904354096445797,6.9,12.75,2.0,0.0,0.0,0.0,0.13333333333333333,0.46,2.0,0.00035066896508561065,8.575,13.2,2.0,0.0,0.0,0.0,0.13333333333333333,0.5716666666666667,1.0,0.0,0.45,0.45,1.0,0.0,0.0,0.06666666666666667,0.06666666666666667,0.030000000000000002,2.0,0.09109689568272736,5.725,11.45,1.0,0.0,0.0,0.0,0.06666666666666667,0.38166666666666665,2.0,0.033846086451944014,6.8,13.2,2.0,0.0,0.0,0.0,0.13333333333333333,0.4533333333333333,0.0,0.0,0.0,0.0,0.0,0.0,0.0,0.13333333333333333,0.0,0.0,1.0,2.0536504302251664,0.0,0.0,0.0,2.0,0.0,0.06666666666666667,0.0,0.0,1.0,1.8724757359605375,0.0,0.0,0.0,2.0,0.0,0.06666666666666667,0.0,0.0,2.0,0.011286120503233497,4.55,7.6,2.0,0.0,0.0,0.0,0.13333333333333333,0.30333333333333334,1.0,1.93306610014877,0.0,0.0,0.0,2.0,0.0,0.06666666666666667,0.0,0.0,1.0,2.0268135182935207,0.0,0.0,0.0,2.0,0.0,0.06666666666666667,0.0,0.0,2.0,0.006793590258286619,7.6,13.2,2.0,0.0,0.0,0.0,0.13333333333333333,0.5066666666666666,3.0,14.6,3.0,15.716666666666667,2.0,7.725,3.0,13.566666666666668,3.0,14.533333333333333,1.0,0.0,1.0,0.0,1.0,0.0,3.0,13.033333333333333,1.0,0.0,1.0,0.0,3.0,15.066666666666668
light_seed1,light,1,627.25,642.25,25.0,3.1090677926421777,3.72,13.0,3.2000000000000455,2.0,0.006494454474919187,7.9,13.75,2.0,0.0,0.0,0.0,0.13333333333333333,0.5266666666666667,2.0,9.913584104098212e-05,9.575,14.2,2.0,0.0,0.0,0.0,0.13333333333333333,0.6383333333333333,1.0,0.0,1.45,1.45,1.0,0.0,0.0,0.06666666666666667,0.06666666666666667,0.09666666666666666,2.0,0.04167678724610417,6.35,12.45,2.0,0.0,0.0,0.0,0.13333333333333333,0.4233333333333333,2.0,0.012149571232237215,7.8,14.2,2.0,0.0,0.0,0.0,0.13333333333333333,0.52,0.0,0.0,0.0,0.0,0.0,0.0,0.0,0.13333333333333333,0.0,0.0,1.0,3.2255548727861756,0.0,0.0,0.0,2.0,0.0,0.06666666666666667,0.0,0.0,1.0,3.016414608659762,0.0,0.0,0.0,2.0,0.0,0.06666666666666667,0.0,0.0,2.0,0.00410825676200467,5.55,8.6,2.0,0.0,0.0,0.0,0.13333333333333333,0.37,1.0,2.9404421895459807,0.0,0.0,0.0,2.0,0.0,0.06666666666666667,0.0,0.0,1.0,3.126846867102009,0.0,0.0,0.0,2.0,0.0,0.06666666666666667,0.0,0.0,2.0,0.0024746226668216163,8.6,14.2,2.0,0.0,0.0,0.0,0.13333333333333333,0.5733333333333334,3.0,15.266666666666666,3.0,16.383333333333333,2.0,8.225,3.0,14.233333333333334,3.0,15.199999999999998,1.0,0.0,1.0,0.0,1.0,0.0,3.0,13.700000000000001,1.0,0.0,1.0,0.0,3.0,15.733333333333334
light_seed1,light,1,628.25,643.25,24.0,2.985787496272866,4.416666666666667,13.0,4.2000000000000455,2.0,0.002386562435765394,8.9,14.75,2.0,0.0,0.0,0.0,0.13333333333333333,0.5933333333333334,2.0,2.7663619727766025e-05,10.575,15.2,2.0,0.0,0.0,0.0,0.06666666666666667,0.6983333333333334,1.0,0.0,2.45,2.45,1.0,0.0,0.0,0.06666666666666667,0.06666666666666667,0.16333333333333336,2.0,0.019058216954379138,7.35,13.45,2.0,0.0,0.0,0.0,0.13333333333333333,0.49,2.0,0.004356133092293786,8.799999999999999,15.2,2.0,0.0,0.0,0.0,0.06666666666666667,0.58,0.0,0.0,0.0,0.0,0.0,0.0,0.0,0.13333333333333333,0.0,0.0,0.0,0.0,0.0,0.0,0.0,2.0,0.0,0.13333333333333333,-0.06666666666666667,-0.006666666666666667,0.0,0.0,0.0,0.0,0.0,2.0,0.0,0.13333333333333333,-0.06666666666666667,-0.006666666666666667,2.0,0.0014712097234852678,6.55,9.6,2.0,0.0,0.0,0.0,0.13333333333333333,0.43666666666666665,0.0,0.0,0.0,0.0,0.0,2.0,0.0,0.13333333333333333,-0.06666666666666667,-0.006666666666666667,0.0,0.0,0.0,0.0,0.0,2.0,0.0,0.13333333333333333,-0.06666666666666667,-0.006666666666666667,2.0,0.0008837332785542155,9.6,15.2,2.0,0.0,0.0,0.0,0.06666666666666667,0.6333333333333333,3.0,15.933333333333332,3.0,17.05,2.0,8.725,3.0,14.9,3.0,15.866666666666665,1.0,0.0,1.0,0.0,1.0,0.0,3.0,14.366666666666667,1.0,0.0,1.0,0.0,3.0,16.400000000000002
light_seed1,light,1,629.25,644.25,24.0,3.324599020537825,4.958333333333333,13.0,5.2000000000000455,2.0,0.000857372901663962,9.9,15.75,2.0,0.0,0.0,0.0,0.06666666666666667,0.635,2.0,7.93374282650125e-06,11.575,16.2,2.0,0.0,0.0,0.0,0.06666666666666667,0.7316666666666667,1.0,0.0,3.45,3.45,1.0,0.0,0.0,0.06666666666666667,0.06666666666666667,0.23,2.0,0.008843651697817909,8.35,14.45,2.0,0.0,0.0,0.0,0.13333333333333333,0.5566666666666666,2.0,0.0015918595069859835,9.799999999999999,16.2,2.0,0.0,0.0,0.0,0.06666666666666667,0.6133333333333333,0.0,0.0,0.0,0.0,0.0,0.0,0.0,0.13333333333333333,0.0,0.0,0.0,0.0,0.0,0.0,0.0,2.0,0.0,0.13333333333333333,-0.06666666666666667,-0.04,0.0,0.0,0.0,0.0,0.0,2.0,0.0,0.13333333333333333,-0.06666666666666667,-0.04,2.0,0.0005398874664028803,7.55,10.6,2.0,0.0,0.0,0.0,0.13333333333333333,0.5033333333333333,0.0,0.0,0.0,0.0,0.0,2.0,0.0,0.13333333333333333,-0.06666666666666667,-0.04,0.0,0.0,0.0,0.0,0.0,2.0,0.0,0.13333333333333333,-0.06666666666666667,-0.04,2.0,0.00032096383832976147,10.6,16.2,2.0,0.0,0.0,0.0,0.06666666666666667,0.6666666666666666,3.0,16.599999999999998,3.0,17.716666666666665,2.0,9.225,3.0,15.566666666666668,3.0,16.53333333333333,1.0,0.0,1.0,0.0,1.0,0.0,3.0,15.033333333333333,1.0,0.0,1.0,0.0,3.0,17.066666666666666
light_seed1,light,1,630.25,645.25,24.0,3.6709297548785482,5.5,13.0,6.2000000000000455,2.0,0.0003157316251736612,10.9,16.75,2.0,0.0,0.0,0.0,0.06666666666666667,0.6683333333333333,2.0,0.0,12.575,17.2,2.0,0.0,0.0,0.0,0.06666666666666667,0.765,1.0,0.0,4.45,4.45,1.0,0.0,0.0,0.06666666666666667,0.06666666666666667,0.2966666666666667,2.0,0.004048478395670176,9.35,15.45,2.0,0.0,0.0,0.0,0.06666666666666667,0.6083333333333333,2.0,0.0005871183317864852,10.8,17.2,2.0,0.0,0.0,0.0,0.06666666666666667,0.6466666666666667,0.0,0.0,0.0,0.0,0.0,0.0,0.0,0.13333333333333333,0.0,0.0,0.0,0.0,0.0,0.0,0.0,2.0,0.0,0.13333333333333333,-0.06666666666666667,-0.07333333333333333,0.0,0.0,0.0,0.0,0.0,2.0,0.0,0.13333333333333333,-0.06666666666666667,-0.07333333333333333,2.0,0.0001937408156791799,8.55,11.6,2.0,0.0,0.0,0.0,0.13333333333333333,0.5700000000000001,0.0,0.0,0.0,0.0,0.0,2.0,0.0,0.13333333333333333,-0.06666666666666667,-0.07333333333333333,0.0,0.0,0.0,0.0,0.0,2.0,0.0,0.13333333333333333,-0.06666666666666667,-0.07333333333333333,2.0,0.00011844979014731755,11.6,17.2,2.0,0.0,0.0,0.0,0.06666666666666667,0.7,3.0,17.266666666666666,3.0,18.383333333333336,2.0,9.725,3.0,16.233333333333334,3.0,17.2,1.0,0.0,1.0,0.0,1.0,0.0,3.0,15.700000000000001,1.0,0.0,1.0,0.0,3.0,17.733333333333334
light_seed1,light,1,631.25,646.25,24.0,4.022293841918034,6.041666666666667,13.0,7.2000000000000455,2.0,0.0001143702271905235,11.9,17.75,2.0,0.0,0.0,0.0,0.06666666666666667,0.7016666666666667,2.0,0.0,13.575,18.2,2.0,0.0,0.0,0.0,0.06666666666666667,0.7983333333333333,1.0,0.0,5.45,5.45,1.0,0.0,0.0,0.06666666666666667,0.06666666666666667,0.36333333333333334,2.0,0.0018474009081653564,10.35,16.45,2.0,0.0,0.0,0.0,0.06666666666666667,0.6416666666666667,2.0,0.00020847531064105548,11.8,18.2,2.0,0.0,0.0,0.0,0.06666666666666667,0.68,0.0,0.0,0.0,0.0,0.0,0.0,0.0,0.13333333333333333,0.0,0.0,0.0,0.0,0.0,0.0,0.0,2.0,0.0,0.13333333333333333,-0.06666666666666667,-0.10666666666666667,0.0,0.0,0.0,0.0,0.0,2.0,0.0,0.13333333333333333,-0.06666666666666667,-0.10666666666666667,2.0,7.150367405625163e-05,9.55,12.6,2.0,0.0,0.0,0.0,0.13333333333333333,0.6366666666666667,0.0,0.0,0.0,0.0,0.0,2.0,0.0,0.13333333333333333,-0.06666666666666667,-0.10666666666666667,0.0,0.0,0.0,0.0,0.0,2.0,0.0,0.13333333333333333,-0.06666666666666667,-0.10666666666666667,2.0,4.307408157937507e-05,12.6,18.2,2.0,0.0,0.0,0.0,0.06666666666666667,0.7333333333333333,3.0,17.933333333333334,3.0,19.05,2.0,10.225,3.0,16.900000000000002,3.0,17.866666666666667,1.0,0.0,1.0,0.0,1.0,0.0,3.0,16.366666666666667,1.0,0.0,1.0,0.0,3.0,18.400000000000002
light_seed1,light,1,632.25,647.25,24.0,4.347539625647277,6.583333333333333,13.0,8.200000000000045,2.0,4.0910267985825425e-05,12.9,18.75,2.0,0.0,0.0,0.0,0.06666666666666667,0.735,2.0,0.0,14.575,19.2,2.0,0.0,0.0,0.0,0.06666666666666667,0.8316666666666667,1.0,0.0,6.45,6.45,1.0,0.0,0.0,0.0,0.06666666666666667,0.43,2.0,0.0008463292080658931,11.35,17.45,2.0,0.0,0.0,0.0,0.06666666666666667,0.675,2.0,7.609633969703891e-05,12.8,19.2,2.0,0.0,0.0,0.0,0.06666666666666667,0.7133333333333334,0.0,0.0,0.0,0.0,0.0,0.0,0.0,0.06666666666666667,0.0,0.0,0.0,0.0,0.0,0.0,0.0,2.0,0.0,0.13333333333333333,-0.06666666666666667,-0.14,0.0,0.0,0.0,0.0,0.0,2.0,0.0,0.13333333333333333,-0.06666666666666667,-0.14,2.0,2.5789380951859413e-05,10.55,13.6,2.0,0.0,0.0,0.0,0.13333333333333333,0.7033333333333334,0.0,0.0,0.0,0.0,0.0,2.0,0.0,0.13333333333333333,-0.06666666666666667,-0.14,0.0,0.0,0.0,0.0,0.0,2.0,0.0,0.13333333333333333,-0.06666666666666667,-0.14,2.0,1.5696277535773592e-05,13.6,19.2,2.0,0.0,0.0,0.0,0.06666666666666667,0.7666666666666667,3.0,18.599999999999998,3.0,19.71666666666667,2.0,10.725,3.0,17.566666666666666,3.0,18.533333333333335,1.0,0.0,0.0,0.0,0.0,0.0,3.0,17.033333333333335,1.0,0.0,0.0,0.0,3.0,19.066666666666666
light_seed1,light,1,633.25,648.25,24.0,4.765342948951169,7.125,13.0,9.200000000000045,2.0,1.4955981660164345e-05,13.9,19.75,2.0,0.0,0.0,0.0,0.06666666666666667,0.7683333333333333,2.0,0.0,15.575,20.2,2.0,0.0,0.0,0.0,0.06666666666666667,0.865,1.0,0.0,7.45,7.45,1.0,0.0,0.0,0.0,0.06666666666666667,0.4966666666666667,2.0,0.00039158630846309245,12.35,18.45,2.0,0.0,0.0,0.0,0.06666666666666667,0.7083333333333334,2.0,2.7988384824576184e-05,13.8,20.2,2.0,0.0,0.0,0.0,0.06666666666666667,0.7466666666666667,0.0,0.0,0.0,0.0,0.0,0.0,0.0,0.06666666666666667,0.0,0.0,0.0,0.0,0.0,0.0,0.0,2.0,0.0,0.13333333333333333,-0.06666666666666667,-0.17333333333333334,0.0,0.0,0.0,0.0,0.0,2.0,0.0,0.13333333333333333,-0.06666666666666667,-0.17333333333333334,2.0,9.406460171773753e-06,11.55,14.6,2.0,0.0,0.0,0.0,0.13333333333333333,0.77,0.0,0.0,0.0,0.0,0.0,2.0,0.0,0.13333333333333333,-0.06666666666666667,-0.17333333333333334,0.0,0.0,0.0,0.0,0.0,2.0,0.0,0.13333333333333333,-0.06666666666666667,-0.17333333333333334,2.0,5.568247635257684e-06,14.6,20.2,2.0,0.0,0.0,0.0,0.06666666666666667,0.8,3.0,19.266666666666666,3.0,20.383333333333336,2.0,11.225,3.0,18.233333333333334,3.0,19.2,1.0,0.0,0.0,0.0,0.0,0.0,3.0,17.7,1.0,0.0,0.0,0.0,3.0,19.733333333333334
light_seed1,light,1,634.25,649.25,24.0,5.1026842775056025,7.666666666666667,13.0,10.200000000000045,2.0,5.498969464525827e-06,14.9,20.75,2.0,0.0,0.0,0.0,0.06666666666666667,0.8016666666666666,2.0,0.0,16.575,21.2,2.0,0.0,0.0,0.0,0.06666666666666667,0.8983333333333333,1.0,0.0,8.45,8.45,1.0,0.0,0.0,0.0,0.06666666666666667,0.5633333333333332,2.0,0.00017865849787497678,13.35,19.45,2.0,0.0,0.0,0.0,0.06666666666666667,0.7416666666666667,2.0,1.0184009995083142e-05,14.8,21.2,2.0,0.0,0.0,0.0,0.06666666666666667,0.78,0.0,0.0,0.0,0.0,0.0,0.0,0.0,0.06666666666666667,0.0,0.0,0.0,0.0,0.0,0.0,0.0,2.0,0.0,0.13333333333333333,-0.06666666666666667,-0.20666666666666667,0.0,0.0,0.0,0.0,0.0,2.0,0.0,0.13333333333333333,-0.06666666666666667,-0.20666666666666667,2.0,3.4278046477187664e-06,12.55,15.6,2.0,0.0,0.0,0.0,0.06666666666666667,0.8166666666666667,0.0,0.0,0.0,0.0,0.0,2.0,0.0,0.13333333333333333,-0.06666666666666667,-0.20666666666666667,0.0,0.0,0.0,0.0,0.0,2.0,0.0,0.13333333333333333,-0.06666666666666667,-0.20666666666666667,2.0,0.0,15.6,21.2,2.0,0.0,0.0,0.0,0.06666666666666667,0.8333333333333334,3.0,19.933333333333334,3.0,21.05,2.0,11.725,3.0,18.900000000000002,3.0,19.866666666666667,1.0,0.35,0.0,0.0,0.0,0.0,3.0,18.366666666666667,0.0,0.0,0.0,0.0,3.0,20.400000000000002
light_seed1,light,1,635.25,650.25,24.0,5.191032917326671,8.208333333333334,13.0,11.200000000000045,2.0,0.0,15.9,21.75,2.0,0.0,0.0,0.0,0.06666666666666667,0.8350000000000001,2.0,0.0,17.575,22.2,2.0,0.0,0.0,0.0,0.06666666666666667,0.9316666666666666,1.0,0.0,9.45,9.45,1.0,0.0,0.0,0.0,0.06666666666666667,0.63,2.0,8.237542966277202e-05,14.35,20.45,2.0,0.0,0.0,0.0,0.06666666666666667,0.775,2.0,3.738468202430753e-06,15.8,22.2,2.0,0.0,0.0,0.0,0.06666666666666667,0.8133333333333334,0.0,0.0,0.0,0.0,0.0,0.0,0.0,0.06666666666666667,0.0,0.0,0.0,0.0,0.0,0.0,0.0,2.0,0.0,0.13333333333333333,-0.06666666666666667,-0.24000000000000002,0.0,0.0,0.0,0.0,0.0,2.0,0.0,0.13333333333333333,-0.06666666666666667,-0.24000000000000002,2.0,0.0,13.55,16.6,2.0,0.0,0.0,0.0,0.06666666666666667,0.85,0.0,0.0,0.0,0.0,0.0,2.0,0.0,0.13333333333333333,-0.06666666666666667,-0.24000000000000002,0.0,0.0,0.0,0.0,0.0,2.0,0.0,0.13333333333333333,-0.06666666666666667,-0.24000000000000002,2.0,0.0,16.6,22.2,2.0,0.0,0.0,0.0,0.06666666666666667,0.8666666666666668,3.0,20.599999999999998,3.0,21.71666666666667,2.0,12.225,3.0,19.566666666666666,3.0,20.533333333333335,1.0,1.35,0.0,0.0,0.0,0.0,3.0,19.033333333333335,0.0,0.0,0.0,0.0,3.0,21.066666666666666
light_seed1,light,1,636.25,651.25,34.0,5.6299944694719875,6.176470588235294,13.0,12.200000000000045,3.0,0.7502548006959429,11.266666666666666,22.75,2.0,0.0,0.06666666666666667,0.0,0.06666666666666667,0.4927777777777777,3.0,0.5647939985041163,12.383333333333333,23.2,2.0,0.0,0.06666666666666667,0.0,0.06666666666666667,0.5522222222222222,2.0,0.8538186258725633,5.225,10.45,1.0,0.0,0.06666666666666667,0.0,0.06666666666666667,0.34833333333333333,3.0,0.5689842779419945,10.233333333333333,21.45,2.0,0.0,0.06666666666666667,0.0,0.06666666666666667,0.4672222222222222,3.0,0.6706961691844514,11.200000000000001,23.2,2.0,0.0,0.06666666666666667,0.0,0.06666666666666667,0.47333333333333344,1.0,14.773276572147672,0.0,0.0,0.0,0.0,0.06666666666666667,0.0,0.0,0.0,1.0,15.470865106219437,0.0,0.0,0.0,2.0,0.06666666666666667,0.13333333333333333,-0.06666666666666667,-0.2733333333333333,1.0,15.638547976454149,0.0,0.0,0.0,2.0,0.06666666666666667,0.13333333333333333,-0.06666666666666667,-0.2733333333333333,3.0,0.5622855272816217,9.700000000000001,17.6,2.0,0.0,0.06666666666666667,0.0,0.06666666666666667,0.56,1.0,13.776462322336942,0.0,0.0,0.0,2.0,0.06666666666666667,0.13333333333333333,-0.06666666666666667,-0.2733333333333333,1.0,15.514151281171957,0.0,0.0,0.0,2.0,0.06666666666666667,0.13333333333333333,-0.06666666666666667,-0.2733333333333333,3.0,0.7702059417143783,11.733333333333334,23.2,2.0,0.0,0.06666666666666667,0.0,0.06666666666666667,0.508888888888889,3.0,21.266666666666666,3.0,22.383333333333336,2.0,12.725,3.0,20.233333333333334,3.0,21.2,1.0,2.35,0.0,0.0,0.0,0.0,3.0,19.7,0.0,0.0,0.0,0.0,3.0,21.733333333333334
light_seed1,light,1,637.25,652.25,34.0,6.277633607723615,6.5588235294117645,13.0,13.200000000000045,3.0,1.6660286397303008,11.933333333333332,23.75,2.0,0.0,0.06666666666666667,0.0,0.06666666666666667,0.5038888888888888,3.0,1.3646935064032195,13.049999999999999,24.2,2.0,0.0,0.06666666666666667,0.0,0.06666666666666667,0.5633333333333332,2.0,1.9817154019039251,5.725,11.45,1.0,0.0,0.06666666666666667,0.0,0.06666666666666667,0.38166666666666665,3.0,1.362678611130822,10.9,22.45,2.0,0.0,0.06666666666666667,0.0,0.06666666666666667,0.4783333333333334,3.0,1.523893604404223,11.866666666666667,24.2,2.0,0.0,0.06666666666666667,0.0,0.06666666666666667,0.4844444444444445,1.0,14.851217463783044,0.0,0.0,0.0,0.0,0.06666666666666667,0.0,0.0,0.0,1.0,16.59429922546726,0.0,0.0,0.0,2.0,0.06666666666666667,0.13333333333333333,-0.06666666666666667,-0.30666666666666664,1.0,15.929028074049457,0.0,0.0,0.0,2.0,0.06666666666666667,0.13333333333333333,-0.06666666666666667,-0.30666666666666664,3.0,1.311386088690227,10.366666666666667,18.6,2.0,0.0,0.06666666666666667,0.0,0.06666666666666667,0.5711111111111111,1.0,13.777326489025116,0.0,0.0,0.0,2.0,0.06666666666666667,0.13333333333333333,-0.06666666666666667,-0.30666666666666664,1.0,16.45250401706535,0.0,0.0,0.0,2.0,0.06666666666666667,0.13333333333333333,-0.06666666666666667,-0.30666666666666664,3.0,1.7009012769580163,12.4,24.2,2.0,0.0,0.06666666666666667,0.0,0.06666666666666667,0.52,3.0,22.016666666666666,3.0,23.05,2.0,13.225,3.0,20.900000000000002,3.0,21.866666666666664,1.0,3.35,0.0,0.0,0.0,0.0,3.0,20.366666666666667,0.0,0.0,0.0,0.0,3.0,22.55
light_seed1,light,1,638.25,653.25,33.0,6.546823340363443,7.151515151515151,13.0,14.200000000000045,3.0,2.3370357983418524,12.6,24.75,2.0,0.0,0.06666666666666667,0.0,0.06666666666666667,0.515,3.0,2.115722965155119,13.716666666666667,25.2,2.0,0.0,0.06666666666666667,0.0,0.0,0.5427777777777778,2.0,3.1532973762221737,6.225,12.45,1.0,0.0,0.06666666666666667,0.0,0.06666666666666667,0.415,3.0,2.1348047990998578,11.566666666666668,23.45,2.0,0.0,0.06666666666666667,0.0,0.06666666666666667,0.48944444444444457,3.0,2.3312340432664755,12.533333333333333,25.2,2.0,0.0,0.06666666666666667,0.0,0.06666666666666667,0.4955555555555556,1.0,14.871250044864658,0.0,0.0,0.0,0.0,0.06666666666666667,0.0,0.0,0.0,1.0,16.596585988961163,0.0,0.0,0.0,2.0,0.06666666666666667,0.13333333333333333,-0.06666666666666667,-0.33999999999999997,1.0,15.999985930155914,0.0,0.0,0.0,2.0,0.06666666666666667,0.13333333333333333,-0.06666666666666667,-0.33999999999999997,3.0,2.046204619753921,11.033333333333333,19.6,2.0,0.0,0.06666666666666667,0.0,0.06666666666666667,0.5822222222222223,1.0,13.808258227912097,0.0,0.0,0.0,2.0,0.06666666666666667,0.13333333333333333,-0.06666666666666667,-0.33999999999999997,1.0,16.51827490908776,0.0,0.0,0.0,2.0,0.06666666666666667,0.13333333333333333,-0.06666666666666667,-0.33999999999999997,3.0,2.4424070351086127,13.066666666666668,25.2,2.0,0.0,0.06666666666666667,0.0,0.06666666666666667,0.5311111111111112,3.0,23.016666666666666,3.0,23.71666666666667,2.0,13.725,3.0,21.566666666666666,3.0,22.53333333333333,1.0,4.35,0.0,0.0,0.0,0.0,3.0,21.033333333333335,0.0,0.0,0.0,0.0,3.0,23.55
light_seed1,light,1,639.25,654.25,33.0,7.028147421494596,7.545454545454546,13.0,15.200000000000045,3.0,3.1329764538052305,13.266666666666666,25.75,2.0,0.0,0.06666666666666667,0.0,0.06666666666666667,0.5261111111111111,3.0,2.7950037391455944,14.383333333333333,26.2,2.0,0.0,0.06666666666666667,0.0,0.0,0.5205555555555555,2.0,4.273746464561866,6.725,13.45,1.0,0.0,0.06666666666666667,0.0,0.06666666666666667,0.4483333333333333,3.0,2.8749022741549015,12.233333333333334,24.45,2.0,0.0,0.06666666666666667,0.0,0.06666666666666667,0.5005555555555556,3.0,3.124551407609376,13.200000000000001,26.2,2.0,0.0,0.06666666666666667,0.0,0.06666666666666667,0.5066666666666667,1.0,14.826799847550513,0.0,0.0,0.0,0.0,0.06666666666666667,0.0,0.0,0.0,1.0,16.598501845675056,0.0,0.0,0.0,2.0,0.06666666666666667,0.13333333333333333,0.0,0.0,1.0,15.933048474833203,0.0,0.0,0.0,2.0,0.06666666666666667,0.13333333333333333,0.0,0.0,3.0,2.784026845928095,11.700000000000001,20.6,2.0,0.0,0.06666666666666667,0.0,0.06666666666666667,0.5933333333333335,1.0,13.821047274300216,0.0,0.0,0.0,2.0,0.06666666666666667,0.13333333333333333,0.0,0.0,1.0,16.50149566766906,0.0,0.0,0.0,2.0,0.06666666666666667,0.13333333333333333,0.0,0.0,3.0,3.1848397675524063,13.733333333333334,26.2,2.0,0.0,0.06666666666666667,0.0,0.06666666666666667,0.5422222222222223,3.0,24.016666666666666,3.0,24.383333333333336,2.0,14.225,3.0,22.233333333333334,3.0,23.45,1.0,5.35,0.0,0.0,0.0,0.0,3.0,21.7,0.0,0.0,0.0,0.0,3.0,24.55
light_seed1,light,1,640.25,655.25,33.0,7.513125278499264,7.9393939393939394,13.0,16.200000000000045,3.0,3.911275117003603,13.933333333333332,26.75,2.0,0.0,0.06666666666666667,0.0,0.0,0.5355555555555555,3.0,3.5416958668787797,15.049999999999999,27.2,2.0,0.0,0.06666666666666667,0.0,0.0,0.4983333333333333,2.0,5.398957634505087,7.225,14.45,1.0,0.0,0.06666666666666667,0.0,0.06666666666666667,0.48166666666666663,3.0,3.610147295404849,12.9,25.45,2.0,0.0,0.06666666666666667,0.0,0.06666666666666667,0.5116666666666667,3.0,3.9200507813924266,13.866666666666667,27.2,2.0,0.0,0.06666666666666667,0.0,0.06666666666666667,0.5177777777777778,1.0,14.83175797364261,0.0,0.0,0.0,0.0,0.06666666666666667,0.0,0.0,0.0,1.0,16.610357296385338,0.0,0.0,0.0,2.0,0.06666666666666667,0.06666666666666667,0.0,0.0,1.0,16.002329496818547,0.0,0.0,0.0,2.0,0.06666666666666667,0.06666666666666667,0.0,0.0,3.0,3.547759019550376,12.366666666666667,21.6,2.0,0.0,0.06666666666666667,0.0,0.0,0.5877777777777777,1.0,13.790194432829827,0.0,0.0,0.0,2.0,0.06666666666666667,0.06666666666666667,0.0,0.0,1.0,16.496305735822375,0.0,0.0,0.0,2.0,0.06666666666666667,0.06666666666666667,0.0,0.0,3.0,3.9476341156821806,14.4,27.2,2.0,0.0,0.06666666666666667,0.0,0.0,0.52,3.0,25.016666666666666,3.0,25.05,2.0,14.725,3.0,22.900000000000002,3.0,24.45,1.0,6.35,0.0,0.0,0.0,0.0,3.0,22.366666666666664,0.0,0.0,0.0,0.0,3.0,25.55
light_seed1,light,1,641.25,656.25,33.0,7.959237975867457,8.333333333333334,13.0,17.200000000000045,3.0,4.7566753052048325,14.6,27.75,2.0,0.0,0.06666666666666667,0.0,0.0,0.5133333333333333,3.0,4.088150926437284,15.716666666666667,28.2,2.0,0.0,0.06666666666666667,0.0,0.0,0.47611111111111115,2.0,5.757743500092573,7.725,15.45,1.0,0.0,0.06666666666666667,0.0,0.0,0.485,3.0,4.287460619144149,13.566666666666668,26.45,2.0,0.0,0.06666666666666667,0.0,0.06666666666666667,0.5227777777777779,3.0,4.768821989617172,14.533333333333333,28.2,2.0,0.0,0.06666666666666667,0.0,0.0,0.5155555555555555,1.0,14.854341688204379,0.0,0.0,0.0,0.0,0.06666666666666667,0.0,0.0,0.0,1.0,16.60877161193523,0.0,0.0,0.0,2.0,0.06666666666666667,0.06666666666666667,0.0,0.0,1.0,15.958798907146042,0.0,0.0,0.0,2.0,0.06666666666666667,0.06666666666666667,0.0,0.0,3.0,4.348213108122172,13.033333333333333,22.6,2.0,0.0,0.06666666666666667,0.0,0.0,0.5655555555555556,1.0,13.771883368549258,0.0,0.0,0.0,2.0,0.06666666666666667,0.06666666666666667,0.0,0.0,1.0,16.516346876217124,0.0,0.0,0.0,2.0,0.06666666666666667,0.06666666666666667,0.0,0.0,3.0,4.882325762302934,15.066666666666668,28.2,2.0,0.0,0.06666666666666667,0.0,0.0,0.49777777777777793,3.0,26.016666666666666,3.0,25.71666666666667,2.0,15.225,3.0,23.766666666666666,3.0,25.45,1.0,7.35,0.0,0.0,0.0,0.0,3.0,23.21666666666667,0.0,0.0,0.0,0.0,3.0,26.55
light_seed1,light,1,642.25,657.25,33.0,8.248762640457256,8.727272727272727,13.0,18.200000000000045,3.0,5.605363781553017,15.266666666666666,28.75,2.0,0.0,0.06666666666666667,0.0,0.0,0.491111111111111,3.0,4.098498966270491,16.383333333333333,29.2,2.0,0.0,0.06666666666666667,0.0,0.0,0.4538888888888889,2.0,5.759184641507961,8.225,16.45,1.0,0.0,0.06666666666666667,0.0,0.0,0.4516666666666666,3.0,4.618245704657088,14.233333333333334,27.45,2.0,0.0,0.06666666666666667,0.0,0.0,0.5255555555555557,3.0,5.514393564141109,15.199999999999998,29.2,2.0,0.0,0.06666666666666667,0.0,0.0,0.4933333333333332,1.0,14.83504966724949,0.0,0.0,0.0,0.0,0.06666666666666667,0.0,0.0,0.0,1.0,16.668374956898624,0.0,0.0,0.0,2.0,0.06666666666666667,0.06666666666666667,0.0,0.0,1.0,15.886296531019799,0.0,0.0,0.0,2.0,0.06666666666666667,0.06666666666666667,0.0,0.0,3.0,4.627617314266662,13.700000000000001,23.6,2.0,0.0,0.06666666666666667,0.0,0.0,0.5433333333333334,1.0,13.813206104412064,0.0,0.0,0.0,2.0,0.06666666666666667,0.06666666666666667,0.0,0.0,1.0,16.438682843062402,0.0,0.0,0.0,2.0,0.06666666666666667,0.06666666666666667,0.0,0.0,3.0,5.818945893402069,15.733333333333334,29.2,2.0,0.0,0.06666666666666667,0.0,0.0,0.4755555555555556,3.0,27.016666666666666,3.0,26.583333333333332,2.0,15.725,3.0,24.766666666666666,3.0,26.45,1.0,8.35,0.0,0.0,0.0,0.0,3.0,11.35,0.0,0.0,0.0,0.0,3.0,12.816666666666668
light_seed1,light,1,643.25,658.25,33.0,8.341163252636944,9.121212121212121,13.0,19.200000000000045,3.0,6.185371286562429,15.933333333333332,29.75,2.0,0.0,0.06666666666666667,0.0,0.0,0.46888888888888874,3.0,4.0938693784444835,17.05,30.2,2.0,0.0,0.06666666666666667,0.0,0.0,0.43166666666666675,2.0,5.756132578038185,8.725,17.45,1.0,0.0,0.06666666666666667,0.0,0.0,0.4183333333333333,3.0,4.627044752312203,14.9,28.45,2.0,0.0,0.06666666666666667,0.0,0.0,0.5033333333333334,3.0,5.522407785173026,15.866666666666665,30.2,2.0,0.0,0.06666666666666667,0.0,0.0,0.4711111111111111,1.0,14.863707044245032,0.0,0.0,0.0,0.0,0.06666666666666667,0.0,0.0,0.0,1.0,16.575616188589485,0.0,0.0,0.0,2.0,0.06666666666666667,0.0,0.0,0.0,1.0,15.94303788659216,0.0,0.0,0.0,2.0,0.06666666666666667,0.0,0.0,0.0,3.0,4.618990932502474,14.366666666666667,24.6,2.0,0.0,0.06666666666666667,0.0,0.0,0.5211111111111112,1.0,13.814009290690853,0.0,0.0,0.0,2.0,0.06666666666666667,0.0,0.0,0.0,1.0,16.452736785966977,0.0,0.0,0.0,2.0,0.06666666666666667,0.0,0.0,0.0,3.0,6.29461519220708,16.400000000000002,30.2,2.0,0.0,0.06666666666666667,0.0,0.0,0.4533333333333335,3.0,28.016666666666666,3.0,27.583333333333332,2.0,16.55,3.0,25.766666666666666,3.0,27.45,1.0,9.35,0.0,0.0,0.0,0.0,2.0,0.0,0.0,0.0,0.0,0.0,2.0,0.0
light_seed1,light,1,644.25,659.25,33.0,8.3381585567251,9.515151515151516,13.0,20.200000000000045,3.0,6.139449016179907,16.599999999999998,30.75,2.0,0.0,0.06666666666666667,0.0,0.0,0.4466666666666665,3.0,4.087777453469788,17.716666666666665,31.2,2.0,0.0,0.06666666666666667,0.0,0.0,0.4094444444444444,2.0,5.743337177061982,9.225,18.45,1.0,0.0,0.06666666666666667,0.0,0.0,0.38499999999999995,3.0,4.617755510898307,15.566666666666668,29.45,2.0,0.0,0.06666666666666667,0.0,0.0,0.4811111111111112,3.0,5.544425877508228,16.53333333333333,31.2,2.0,0.0,0.06666666666666667,0.0,0.0,0.44888888888888884,1.0,14.810582494697822,0.0,0.0,0.0,0.0,0.06666666666666667,0.0,0.0,0.0,1.0,16.627796470664908,0.0,0.0,0.0,2.0,0.06666666666666667,0.0,0.0,0.0,1.0,15.919367748310624,0.0,0.0,0.0,2.0,0.06666666666666667,0.0,0.0,0.0,3.0,4.628702659248064,15.033333333333333,25.6,2.0,0.0,0.06666666666666667,0.0,0.0,0.4988888888888889,1.0,13.823169066098838,0.0,0.0,0.0,2.0,0.06666666666666667,0.0,0.0,0.0,1.0,16.49529250541453,0.0,0.0,0.0,2.0,0.06666666666666667,0.0,0.0,0.0,3.0,6.27177608827517,17.066666666666666,31.2,2.0,0.0,0.06666666666666667,0.0,0.0,0.4311111111111111,3.0,29.016666666666666,3.0,28.583333333333332,2.0,17.55,3.0,26.766666666666666,3.0,28.45,1.0,10.35,0.0,0.0,0.0,0.0,2.0,0.0,0.0,0.0,0.0,0.0,2.0,0.0
light_seed1,light,1,645.25,660.25,33.0,8.343166006761297,9.909090909090908,13.0,21.200000000000045,3.0,6.1624884602014385,17.266666666666666,31.75,2.0,0.0,0.06666666666666667,0.0,0.0,0.42444444444444435,3.0,4.099976897918984,18.383333333333336,32.2,2.0,0.0,0.06666666666666667,0.0,0.0,0.38722222222222247,2.0,5.7508158709626125,9.725,19.45,1.0,0.0,0.06666666666666667,0.0,0.0,0.3516666666666666,3.0,4.618871221931651,16.233333333333334,30.45,2.0,0.0,0.06666666666666667,0.0,0.0,0.45888888888888896,3.0,5.530911250173567,17.2,32.2,2.0,0.0,0.06666666666666667,0.0,0.0,0.4266666666666666,1.0,14.842863651512246,0.0,0.0,0.0,0.0,0.06666666666666667,0.0,0.0,0.0,1.0,16.650098807017788,0.0,0.0,0.0,2.0,0.06666666666666667,0.0,0.0,0.0,1.0,15.998360564647076,0.0,0.0,0.0,2.0,0.06666666666666667,0.0,0.0,0.0,3.0,4.6280231695491825,15.700000000000001,26.6,2.0,0.0,0.06666666666666667,0.0,0.0,0.4766666666666667,1.0,13.792191870863869,0.0,0.0,0.0,2.0,0.06666666666666667,0.0,0.0,0.0,1.0,16.465058932887462,0.0,0.0,0.0,2.0,0.06666666666666667,0.0,0.0,0.0,3.0,6.27582620862782,17.733333333333334,32.2,2.0,0.0,0.06666666666666667,0.0,0.0,0.40888888888888897,3.0,30.016666666666666,3.0,29.583333333333332,2.0,18.55,3.0,27.766666666666666,3.0,29.45,1.0,11.35,0.0,0.0,0.0,0.0,2.0,0.0,0.0,0.0,0.0,0.0,2.0,0.0
light_seed1,light,1,646.25,661.25,32.0,7.93231521148239,10.625,13.0,22.200000000000045,3.0,5.6997587157729726,17.933333333333334,32.75,2.0,0.0,0.06666666666666667,0.0,0.0,0.4022222222222222,3.0,4.090390208512599,19.05,33.2,2.0,0.0,0.06666666666666667,0.0,0.0,0.3650000000000001,2.0,5.742840221872128,10.225,20.45,1.0,0.0,0.06666666666666667,0.0,0.0,0.3183333333333333,3.0,4.612698272606358,16.900000000000002,31.45,2.0,0.0,0.06666666666666667,0.0,0.0,0.4366666666666668,3.0,5.529823731345577,17.866666666666667,33.2,2.0,0.0,0.06666666666666667,0.0,0.0,0.40444444444444444,1.0,13.460236479847236,0.0,0.0,0.0,0.0,0.06666666666666667,0.0,0.0,0.0,1.0,13.6559066810618,0.0,0.0,0.0,2.0,0.06666666666666667,0.0,0.0,0.0,1.0,16.02191580075172,0.0,0.0,0.0,2.0,0.06666666666666667,0.0,0.0,0.0,3.0,4.626457345737765,16.366666666666667,27.6,2.0,0.0,0.06666666666666667,0.0,0.0,0.45444444444444443,1.0,13.816933989013865,0.0,0.0,0.0,2.0,0.06666666666666667,0.0,0.0,0.0,1.0,16.50164907598852,0.0,0.0,0.0,2.0,0.06666666666666667,0.0,0.0,0.0,3.0,5.442532077996201,18.400000000000002,33.2,2.0,0.0,0.06666666666666667,0.0,0.0,0.3866666666666668,3.0,31.016666666666666,3.0,30.583333333333332,2.0,19.55,3.0,28.766666666666666,3.0,30.45,1.0,12.35,0.0,0.0,0.0,0.0,1.0,0.0,0.0,0.0,0.0,0.0,1.0,0.0
light_seed1,light,1,647.25,662.25,29.0,6.901093166553708,12.172413793103448,13.0,23.200000000000045,3.0,4.100801173065633,18.599999999999998,33.75,2.0,0.0,0.06666666666666667,0.0,0.0,0.37999999999999984,3.0,4.1038819000914,19.71666666666667,34.2,2.0,0.0,0.06666666666666667,0.0,0.0,0.34277777777777796,2.0,5.768068435021251,10.725,21.45,1.0,0.0,0.06666666666666667,0.0,0.0,0.285,3.0,4.623731253676738,17.566666666666666,32.45,2.0,0.0,0.06666666666666667,0.0,0.0,0.41444444444444445,3.0,4.301528274025531,18.533333333333335,34.2,2.0,0.0,0.06666666666666667,0.0,0.0,0.3822222222222223,1.0,8.47682316538989,0.0,0.0,0.0,0.0,0.06666666666666667,0.0,0.0,0.0,0.0,0.0,0.0,0.0,0.0,2.0,0.0,0.0,0.0,0.0,0.0,0.0,0.0,0.0,0.0,2.0,0.0,0.0,0.0,0.0,3.0,4.617328311139097,17.033333333333335,28.6,2.0,0.0,0.06666666666666667,0.0,0.0,0.4322222222222223,1.0,13.796322394111513,0.0,0.0,0.0,2.0,0.06666666666666667,0.0,0.0,0.0,0.0,0.0,0.0,0.0,0.0,2.0,0.0,0.0,0.0,0.0,3.0,3.8079027842740287,19.066666666666666,34.2,2.0,0.0,0.06666666666666667,0.0,0.0,0.36444444444444446,3.0,32.016666666666666,3.0,31.583333333333332,2.0,20.55,3.0,29.766666666666666,3.0,31.45,1.0,13.35,0.0,0.0,0.0,0.0,1.0,0.0,0.0,0.0,0.0,0.0,1.0,0.0
light_seed1,light,1,648.25,663.25,29.0,6.139451389840606,12.620689655172415,13.0,24.200000000000045,3.0,2.5638188956525796,19.266666666666666,34.75,2.0,0.0,0.06666666666666667,0.0,0.0,0.3577777777777777,3.0,4.09977150525717,20.383333333333336,35.2,2.0,0.0,0.06666666666666667,0.0,0.0,0.3205555555555558,2.0,5.761018355163321,11.225,22.45,1.0,0.0,0.06666666666666667,0.0,0.0,0.25166666666666665,3.0,4.194717060882205,18.233333333333334,33.45,2.0,0.0,0.06666666666666667,0.0,0.0,0.3922222222222223,3.0,3.0428243244649953,19.2,35.2,2.0,0.0,0.06666666666666667,0.0,0.0,0.35999999999999993,1.0,3.4797256628118434,0.0,0.0,0.0,0.0,0.06666666666666667,0.0,0.0,0.0,0.0,0.0,0.0,0.0,0.0,2.0,0.0,0.0,0.0,0.0,0.0,0.0,0.0,0.0,0.0,2.0,0.0,0.0,0.0,0.0,3.0,4.304812116127676,17.7,29.6,2.0,0.0,0.06666666666666667,0.0,0.0,0.4099999999999999,1.0,11.328208364511372,0.0,0.0,0.0,2.0,0.06666666666666667,0.0,0.0,0.0,0.0,0.0,0.0,0.0,0.0,2.0,0.0,0.0,0.0,0.0,3.0,2.3516285702455817,19.733333333333334,35.2,2.0,0.0,0.06666666666666667,0.0,0.0,0.3422222222222223,3.0,33.016666666666666,3.0,32.583333333333336,2.0,21.55,3.0,30.766666666666666,3.0,32.449999999999996,1.0,14.35,0.0,0.0,0.0,0.0,0.0,0.0,0.0,0.0,0.0,0.0,0.0,0.0
light_seed1,light,1,649.25,664.25,27.0,5.1225588414066525,14.05,14.0,25.200000000000045,3.0,1.3075561926495054,19.933333333333334,35.75,2.0,0.0,0.06666666666666667,0.0,0.0,0.33555555555555555,3.0,4.092025010841643,21.05,36.2,2.0,0.0,0.06666666666666667,0.0,0.0,0.29833333333333345,2.0,5.750829961576074,11.725,23.45,1.0,0.0,0.06666666666666667,0.0,0.0,0.21833333333333335,3.0,3.112750554424256,18.900000000000002,34.45,2.0,0.0,0.06666666666666667,0.0,0.0,0.37000000000000016,3.0,1.960506655631086,19.866666666666667,36.2,2.0,0.0,0.06666666666666667,0.0,0.0,0.3377777777777778,1.0,0.0,0.35,0.35,1.0,0.0,0.06666666666666667,0.0,0.06666666666666667,0.02333333333333333,0.0,0.0,0.0,0.0,0.0,2.0,0.0,0.0,0.0,0.0,0.0,0.0,0.0,0.0,0.0,2.0,0.0,0.0,0.0,0.0,3.0,3.210253841934737,18.366666666666667,30.6,2.0,0.0,0.06666666666666667,0.0,0.0,0.3877777777777778,0.0,0.0,0.0,0.0,0.0,2.0,0.0,0.0,0.0,0.0,0.0,0.0,0.0,0.0,0.0,2.0,0.0,0.0,0.0,0.0,3.0,1.1803582527460659,20.400000000000002,36.2,2.0,0.0,0.06666666666666667,0.0,0.0,0.3200000000000002,3.0,34.016666666666666,3.0,33.583333333333336,2.0,22.55,3.0,31.766666666666666,3.0,33.449999999999996,1.0,15.35,0.0,0.0,0.0,0.0,0.0,0.0,0.0,0.0,0.0,0.0,0.0,0.0
light_seed1,light,1,650.25,665.25,25.0,3.9730012112186803,15.734000000000002,14.0,26.200000000000045,3.0,0.50004222206014,20.599999999999998,36.75,2.0,0.0,0.06666666666666667,0.0,0.0,0.3133333333333332,3.0,3.1214695329258344,21.71666666666667,37.2,2.0,0.0,0.06666666666666667,0.0,0.0,0.2761111111111113,2.0,5.748234078864142,12.225,24.45,1.0,0.0,0.06666666666666667,0.0,0.0,0.18500000000000003,3.0,2.1564396072700527,19.566666666666666,35.45,2.0,0.0,0.06666666666666667,0.0,0.0,0.3477777777777778,3.0,1.0751591336216244,20.533333333333335,37.2,2.0,0.0,0.06666666666666667,0.0,0.0,0.31555555555555564,1.0,0.0,1.35,1.35,1.0,0.0,0.06666666666666667,0.0,0.06666666666666667,0.09000000000000001,0.0,0.0,0.0,0.0,0.0,2.0,0.0,0.0,0.0,0.0,0.0,0.0,0.0,0.0,0.0,2.0,0.0,0.0,0.0,0.0,3.0,2.227853853112659,19.033333333333335,31.6,2.0,0.0,0.06666666666666667,0.0,0.0,0.36555555555555563,0.0,0.0,0.0,0.0,0.0,2.0,0.0,0.0,0.0,0.0,0.0,0.0,0.0,0.0,0.0,2.0,0.0,0.0,0.0,0.0,3.0,0.4055058230038353,21.066666666666666,37.2,2.0,0.0,0.06666666666666667,0.0,0.0,0.29777777777777764,3.0,35.016666666666666,3.0,34.583333333333336,2.0,23.55,3.0,32.766666666666666,3.0,34.449999999999996,1.0,16.35,0.0,0.0,0.0,0.0,0.0,0.0,0.0,0.0,0.0,0.0,0.0,0.0
light_seed1,light,1,651.25,666.25,25.0,3.4666994246465337,16.294,14.0,27.200000000000045,3.0,0.1162396486266117,21.266666666666666,37.75,2.0,0.0,0.0,0.0,0.0,0.6666666666666666,3.0,2.154005726291989,22.383333333333336,38.2,2.0,0.0,0.0,0.0,0.0,0.6666666666666669,2.0,4.59262567445876,12.725,25.45,1.0,0.0,0.0,0.0,0.0,0.5,3.0,1.3316731049255774,20.233333333333334,36.45,2.0,0.0,0.0,0.0,0.0,0.6666666666666667,3.0,0.46633151860335254,21.2,38.2,2.0,0.0,0.0,0.0,0.0,0.6666666666666665,1.0,0.0,2.35,2.35,1.0,0.0,0.0,0.0,0.06666666666666667,0.15666666666666668,0.0,0.0,0.0,0.0,0.0,2.0,0.0,0.06666666666666667,0.0,0.0,0.0,0.0,0.0,0.0,0.0,2.0,0.0,0.06666666666666667,0.0,0.0,3.0,1.4075885991403545,19.7,32.6,2.0,0.0,0.0,0.0,0.0,0.6666666666666665,0.0,0.0,0.0,0.0,0.0,2.0,0.0,0.06666666666666667,0.0,0.0,0.0,0.0,0.0,0.0,0.0,2.0,0.0,0.06666666666666667,0.0,0.0,3.0,0.09138627387578112,21.733333333333334,38.2,2.0,0.0,0.0,0.0,0.0,0.6666666666666666,3.0,36.016666666666666,3.0,35.583333333333336,2.0,24.55,3.0,33.766666666666666,3.0,35.449999999999996,1.0,17.35,0.0,0.0,0.0,0.0,0.0,0.0,0.0,0.0,0.0,0.0,0.0,0.0
light_seed1,light,1,652.25,667.25,25.0,3.1306034356171,16.882,16.0,28.200000000000045,3.0,0.021959188668543753,22.016666666666666,38.75,3.0,0.0,0.0,0.0,0.06666666666666667,0.6722222222222223,3.0,1.335083206544586,23.05,39.2,2.0,0.0,0.0,0.0,0.0,0.6666666666666667,2.0,3.167846187829548,13.225,26.45,1.0,0.0,0.0,0.0,0.0,0.5,3.0,0.7265650185982042,20.900000000000002,37.45,2.0,0.0,0.0,0.0,0.0,0.6666666666666667,3.0,0.16323118185006405,21.866666666666664,39.2,2.0,0.0,0.0,0.0,0.0,0.6666666666666664,1.0,0.0,3.35,3.35,1.0,0.0,0.0,0.0,0.06666666666666667,0.22333333333333333,0.0,0.0,0.0,0.0,0.0,2.0,0.0,0.06666666666666667,0.0,0.0,0.0,0.0,0.0,0.0,0.0,2.0,0.0,0.06666666666666667,0.0,0.0,3.0,0.7717979536199752,20.366666666666667,33.6,2.0,0.0,0.0,0.0,0.0,0.6666666666666666,0.0,0.0,0.0,0.0,0.0,2.0,0.0,0.06666666666666667,0.0,0.0,0.0,0.0,0.0,0.0,0.0,2.0,0.0,0.06666666666666667,0.0,0.0,3.0,0.01714994229685025,22.55,39.2,3.0,0.0,0.0,0.0,0.06666666666666667,0.6766666666666666,3.0,37.016666666666666,3.0,36.583333333333336,2.0,25.55,3.0,34.766666666666666,3.0,36.449999999999996,1.0,18.35,0.0,0.0,0.0,0.0,0.0,0.0,0.0,0.0,0.0,0.0,0.0,0.0
light_seed1,light,1,653.25,668.25,25.0,2.8468725206999834,17.522000000000002,16.0,29.200000000000045,3.0,0.003960361190199793,23.016666666666666,39.75,3.0,0.0,0.0,0.0,0.06666666666666667,0.6944444444444444,3.0,0.7322925226769876,23.71666666666667,40.2,2.0,0.0,0.0,0.0,0.0,0.6666666666666667,2.0,1.9458735998460372,13.725,27.45,1.0,0.0,0.0,0.0,0.0,0.5,3.0,0.3370930623891357,21.566666666666666,38.45,2.0,0.0,0.0,0.0,0.0,0.6666666666666665,3.0,0.04734456537892171,22.53333333333333,40.2,2.0,0.0,0.0,0.0,0.0,0.6666666666666665,1.0,0.0,4.35,4.35,1.0,0.0,0.0,0.0,0.06666666666666667,0.29,0.0,0.0,0.0,0.0,0.0,2.0,0.0,0.06666666666666667,0.0,0.0,0.0,0.0,0.0,0.0,0.0,2.0,0.0,0.06666666666666667,0.0,0.0,3.0,0.36042610450763984,21.033333333333335,34.6,2.0,0.0,0.0,0.0,0.0,0.6666666666666667,0.0,0.0,0.0,0.0,0.0,2.0,0.0,0.06666666666666667,0.0,0.0,0.0,0.0,0.0,0.0,0.0,2.0,0.0,0.06666666666666667,0.0,0.0,3.0,0.0031291503569139054,23.55,40.2,3.0,0.0,0.0,0.0,0.06666666666666667,0.6988888888888888,3.0,38.016666666666666,3.0,37.583333333333336,2.0,26.55,3.0,35.766666666666666,3.0,37.449999999999996,1.0,19.35,0.0,0.0,0.0,0.0,0.0,0.0,0.0,0.0,0.0,0.0,0.0,0.0
light_seed1,light,1,654.25,669.25,25.0,2.6710273104632574,18.192,17.0,0.20000000000004547,3.0,0.0007395397878551174,24.016666666666666,40.75,3.0,0.0,0.0,0.0,0.06666666666666667,0.7166666666666667,3.0,0.33871177216642506,24.383333333333336,41.2,2.0,0.0,0.0,0.0,0.0,0.6666666666666669,2.0,1.038668621566656,14.225,28.45,1.0,0.0,0.0,0.0,0.0,0.5,3.0,0.13575940343491297,22.233333333333334,39.45,2.0,0.0,0.0,0.0,0.0,0.6666666666666666,3.0,0.013371714763144893,23.45,41.2,3.0,0.0,0.0,0.0,0.06666666666666667,0.6833333333333332,1.0,0.0,5.35,5.35,1.0,0.0,0.0,0.0,0.06666666666666667,0.35666666666666663,0.0,0.0,0.0,0.0,0.0,1.0,0.0,0.06666666666666667,0.0,0.0,0.0,0.0,0.0,0.0,0.0,1.0,0.0,0.06666666666666667,0.0,0.0,3.0,0.14980941120906133,21.7,35.6,2.0,0.0,0.0,0.0,0.0,0.6666666666666665,0.0,0.0,0.0,0.0,0.0,1.0,0.0,0.06666666666666667,0.0,0.0,0.0,0.0,0.0,0.0,0.0,1.0,0.0,0.06666666666666667,0.0,0.0,3.0,0.0005559318420409458,24.55,41.2,3.0,0.0,0.0,0.0,0.06666666666666667,0.7211111111111111,3.0,39.016666666666666,3.0,38.583333333333336,2.0,27.55,3.0,36.766666666666666,3.0,38.449999999999996,1.0,20.35,0.0,0.0,0.0,0.0,0.0,0.0,0.0,0.0,0.0,0.0,0.0,0.0
light_seed1,light,1,655.25,670.25,25.0,2.5837371068092043,18.872,17.0,1.2000000000000455,3.0,0.00013198827180095865,25.016666666666666,41.75,3.0,0.0,0.0,0.0,0.06666666666666667,0.7388888888888889,3.0,0.13839462979161024,25.05,42.2,2.0,0.0,0.0,0.0,0.0,0.6666666666666667,2.0,0.478778330469629,14.725,29.45,1.0,0.0,0.0,0.0,0.0,0.5,3.0,0.051013568010196915,22.900000000000002,40.45,2.0,0.0,0.0,0.0,0.0,0.6666666666666667,3.0,0.0036836057368299043,24.45,42.2,3.0,0.0,0.0,0.0,0.06666666666666667,0.7055555555555555,1.0,0.0,6.35,6.35,1.0,0.0,0.0,0.0,0.06666666666666667,0.4233333333333333,0.0,0.0,0.0,0.0,0.0,1.0,0.0,0.06666666666666667,0.0,0.0,0.0,0.0,0.0,0.0,0.0,1.0,0.0,0.06666666666666667,0.0,0.0,3.0,0.05631471438997776,22.366666666666664,36.6,2.0,0.0,0.0,0.0,0.0,0.6666666666666664,0.0,0.0,0.0,0.0,0.0,1.0,0.0,0.06666666666666667,0.0,0.0,0.0,0.0,0.0,0.0,0.0,1.0,0.0,0.06666666666666667,0.0,0.0,3.0,0.00010222302150636204,25.55,42.2,3.0,0.0,0.0,0.0,0.06666666666666667,0.7433333333333334,3.0,40.016666666666666,3.0,39.583333333333336,2.0,28.55,3.0,37.766666666666666,3.0,39.449999999999996,1.0,21.35,0.0,0.0,0.0,0.0,0.0,0.0,0.0,0.0,0.0,0.0,0.0,0.0
light_seed1,light,1,656.25,671.25,25.0,2.5404674233830513,19.598,19.0,2.2000000000000455,3.0,2.4289382691515004e-05,26.016666666666666,42.75,3.0,0.0,0.0,0.0,0.06666666666666667,0.7611111111111111,3.0,0.05155236506432572,25.71666666666667,43.2,2.0,0.0,0.0,0.0,0.0,0.6666666666666667,2.0,0.19360493262480383,15.225,30.45,1.0,0.0,0.0,0.0,0.0,0.5,3.0,0.018630409209185732,23.766666666666666,41.45,3.0,0.0,0.0,0.0,0.06666666666666667,0.6799999999999998,3.0,0.0010538050734101455,25.45,43.2,3.0,0.0,0.0,0.0,0.06666666666666667,0.7277777777777777,1.0,0.0,7.35,7.35,1.0,0.0,0.0,0.0,0.06666666666666667,0.49,0.0,0.0,0.0,0.0,0.0,1.0,0.0,0.06666666666666667,0.0,0.0,0.0,0.0,0.0,0.0,0.0,1.0,0.0,0.06666666666666667,0.0,0.0,3.0,0.02004453964682556,23.21666666666667,37.6,3.0,0.0,0.0,0.0,0.06666666666666667,0.678888888888889,0.0,0.0,0.0,0.0,0.0,1.0,0.0,0.06666666666666667,0.0,0.0,0.0,0.0,0.0,0.0,0.0,1.0,0.0,0.06666666666666667,0.0,0.0,3.0,1.7896246822263267e-05,26.55,43.2,3.0,0.0,0.0,0.0,0.06666666666666667,0.7655555555555555,3.0,41.016666666666666,3.0,40.583333333333336,2.0,29.55,3.0,38.766666666666666,3.0,40.449999999999996,1.0,22.35,0.0,0.0,0.0,0.0,0.0,0.0,0.0,0.0,0.0,0.0,0.0,0.0
light_seed1,light,1,657.25,672.25,25.0,2.5603917296266934,17.07,18.0,0.20000000000004547,3.0,4.279405312231545e-06,27.016666666666666,43.75,3.0,0.0,0.0,0.0,0.06666666666666667,0.7833333333333333,3.0,0.018695143948274238,26.583333333333332,44.2,3.0,0.0,0.0,0.0,0.06666666666666667,0.6799999999999999,2.0,0.07236146206946477,15.725,31.45,1.0,0.0,0.0,0.0,0.0,0.5,3.0,0.006780344377764663,24.766666666666666,42.45,3.0,0.0,0.0,0.0,0.06666666666666667,0.7022222222222221,3.0,0.0002909593294588872,26.45,44.2,3.0,0.0,0.0,0.0,0.06666666666666667,0.7500000000000001,1.0,0.0,8.35,8.35,1.0,0.0,0.0,0.0,0.06666666666666667,0.5566666666666666,0.0,0.0,0.0,0.0,0.0,0.0,0.0,0.06666666666666667,0.0,0.0,0.0,0.0,0.0,0.0,0.0,0.0,0.0,0.06666666666666667,0.0,0.0,3.0,0.16909663038292685,11.35,32.5,2.0,2.0,0.0,0.0,0.0,-0.15666666666666676,0.0,0.0,0.0,0.0,0.0,0.0,0.0,0.06666666666666667,0.0,0.0,0.0,0.0,0.0,0.0,0.0,0.0,0.0,0.06666666666666667,0.0,0.0,3.0,0.1627972380100977,12.816666666666668,33.0,2.0,2.0,0.0,0.0,0.0,-0.1944444444444444,3.0,22.433333333333334,3.0,21.849999999999998,2.0,30.55,3.0,20.616666666666667,3.0,21.71666666666667,1.0,23.35,0.0,0.0,0.0,0.0,0.0,0.0,0.0,0.0,0.0,0.0,0.0,0.0
light_seed1,light,1,658.25,673.25,25.0,2.772976080612591,14.756000000000002,15.0,1.2000000000000455,3.0,0.0,28.016666666666666,44.75,3.0,0.0,0.0,0.0,0.06666666666666667,0.8055555555555556,3.0,0.006758553039669453,27.583333333333332,45.2,3.0,0.0,0.0,0.0,0.06666666666666667,0.7022222222222221,2.0,0.026267652874185823,16.55,32.45,2.0,0.0,0.0,0.0,0.06666666666666667,0.5216666666666667,3.0,0.0024086504927034,25.766666666666666,43.45,3.0,0.0,0.0,0.0,0.06666666666666667,0.7244444444444443,3.0,8.303635462831916e-05,27.45,45.2,3.0,0.0,0.0,0.0,0.06666666666666667,0.7722222222222223,1.0,0.0,9.35,9.35,1.0,0.0,0.0,0.0,0.06666666666666667,0.6233333333333333,0.0,0.0,0.0,0.0,0.0,0.0,0.0,0.06666666666666667,0.0,0.0,0.0,0.0,0.0,0.0,0.0,0.0,0.0,0.06666666666666667,0.0,0.0,2.0,0.6730756365144213,0.0,0.0,0.0,2.0,0.0,0.06666666666666667,-0.13333333333333333,-0.9577777777777778,0.0,0.0,0.0,0.0,0.0,0.0,0.0,0.06666666666666667,0.0,0.0,0.0,0.0,0.0,0.0,0.0,0.0,0.0,0.06666666666666667,0.0,0.0,2.0,0.7096144196274841,0.0,0.0,0.0,2.0,0.0,0.06666666666666667,-0.13333333333333333,-1.0933333333333335,2.0,0.0,2.0,0.0,2.0,31.55,2.0,0.0,2.0,0.0,1.0,24.35,0.0,0.0,0.0,0.0,0.0,0.0,0.0,0.0,0.0,0.0,0.0,0.0
light_seed1,light,1,659.25,674.25,24.0,2.439955696164714,15.995833333333335,15.0,2.2000000000000455,3.0,0.0,29.016666666666666,45.75,3.0,0.0,0.0,0.0,0.06666666666666667,0.8277777777777778,3.0,0.002421827595970753,28.583333333333332,46.2,3.0,0.0,0.0,0.0,0.06666666666666667,0.7244444444444444,2.0,0.009515576784305372,17.55,33.45,2.0,0.0,0.0,0.0,0.06666666666666667,0.555,3.0,0.0008792390947145182,26.766666666666666,44.45,3.0,0.0,0.0,0.0,0.06666666666666667,0.7466666666666665,3.0,2.351136669924796e-05,28.45,46.2,3.0,0.0,0.0,0.0,0.06666666666666667,0.7944444444444445,1.0,0.0,10.35,10.35,1.0,0.0,0.0,0.0,0.06666666666666667,0.69,0.0,0.0,0.0,0.0,0.0,0.0,0.0,0.06666666666666667,0.0,0.0,0.0,0.0,0.0,0.0,0.0,0.0,0.0,0.06666666666666667,0.0,0.0,2.0,1.6763127573073031,0.0,0.0,0.0,2.0,0.0,0.06666666666666667,-0.13333333333333333,-1.0022222222222221,0.0,0.0,0.0,0.0,0.0,0.0,0.0,0.06666666666666667,0.0,0.0,0.0,0.0,0.0,0.0,0.0,0.0,0.0,0.06666666666666667,0.0,0.0,2.0,1.6661683720252403,0.0,0.0,0.0,2.0,0.0,0.06666666666666667,-0.13333333333333333,-1.1377777777777778,2.0,0.0,2.0,0.0,2.0,32.55,2.0,0.0,2.0,0.0,1.0,25.35,0.0,0.0,0.0,0.0,0.0,0.0,0.0,0.0,0.0,0.0,0.0,0.0
light_seed1,light,1,660.25,675.25,23.0,2.1022887823206924,17.343478260869567,15.0,3.2000000000000455,3.0,0.0,30.016666666666666,46.75,3.0,0.0,0.0,0.0,0.06666666666666667,0.85,3.0,0.0008717338602593335,29.583333333333332,47.2,3.0,0.0,0.0,0.0,0.06666666666666667,0.7466666666666664,2.0,0.0034339678226704426,18.55,34.45,2.0,0.0,0.0,0.0,0.06666666666666667,0.5883333333333334,3.0,0.0003174230847196033,27.766666666666666,45.45,3.0,0.0,0.0,0.0,0.06666666666666667,0.7688888888888887,3.0,6.5911208324793025e-06,29.45,47.2,3.0,0.0,0.0,0.0,0.06666666666666667,0.8166666666666667,1.0,0.0,11.35,11.35,1.0,0.0,0.0,0.0,0.06666666666666667,0.7566666666666666,0.0,0.0,0.0,0.0,0.0,0.0,0.0,0.06666666666666667,0.0,0.0,0.0,0.0,0.0,0.0,0.0,0.0,0.0,0.06666666666666667,0.0,0.0,2.0,2.7249262020479437,0.0,0.0,0.0,2.0,0.0,0.06666666666666667,-0.13333333333333333,-1.0466666666666666,0.0,0.0,0.0,0.0,0.0,0.0,0.0,0.06666666666666667,0.0,0.0,0.0,0.0,0.0,0.0,0.0,0.0,0.0,0.06666666666666667,0.0,0.0,2.0,2.6743767997544197,0.0,0.0,0.0,2.0,0.0,0.06666666666666667,-0.13333333333333333,-1.1822222222222223,2.0,0.0,2.0,0.0,2.0,33.55,2.0,0.0,2.0,0.0,1.0,26.35,0.0,0.0,0.0,0.0,0.0,0.0,0.0,0.0,0.0,0.0,0.0,0.0
light_seed1,light,1,661.25,676.25,22.0,1.7637187096149036,18.813636363636366,15.0,4.2000000000000455,3.0,0.0,31.016666666666666,47.75,3.0,0.0,0.0,0.0,0.06666666666666667,0.8722222222222221,3.0,0.0003214296352093546,30.583333333333332,48.2,3.0,0.0,0.0,0.0,0.06666666666666667,0.7688888888888887,2.0,0.0012503689690427165,19.55,35.45,2.0,0.0,0.0,0.0,0.06666666666666667,0.6216666666666667,3.0,0.00011449601226326539,28.766666666666666,46.45,3.0,0.0,0.0,0.0,0.06666666666666667,0.7911111111111109,3.0,1.8189999766349196e-06,30.45,48.2,3.0,0.0,0.0,0.0,0.06666666666666667,0.8388888888888888,1.0,0.0,12.35,12.35,1.0,0.0,0.0,0.0,0.06666666666666667,0.8233333333333334,0.0,0.0,0.0,0.0,0.0,0.0,0.0,0.06666666666666667,0.0,0.0,0.0,0.0,0.0,0.0,0.0,0.0,0.0,0.06666666666666667,0.0,0.0,1.0,3.389612732645303,0.0,0.0,0.0,2.0,0.0,0.13333333333333333,-0.13333333333333333,-1.0911111111111111,0.0,0.0,0.0,0.0,0.0,0.0,0.0,0.06666666666666667,0.0,0.0,0.0,0.0,0.0,0.0,0.0,0.0,0.0,0.06666666666666667,0.0,0.0,1.0,3.445982695999628,0.0,0.0,0.0,2.0,0.0,0.13333333333333333,-0.13333333333333333,-1.2266666666666668,1.0,0.0,1.0,0.0,2.0,34.55,1.0,0.0,1.0,0.0,1.0,27.35,0.0,0.0,0.0,0.0,0.0,0.0,0.0,0.0,0.0,0.0,0.0,0.0
light_seed1,light,1,662.25,677.25,22.0,2.065817223307643,19.495454545454546,15.0,5.2000000000000455,3.0,0.0,32.016666666666666,48.75,3.0,0.0,0.0,0.0,0.06666666666666667,0.8944444444444445,3.0,0.00011505466438603263,31.583333333333332,49.2,3.0,0.0,0.0,0.0,0.06666666666666667,0.7911111111111109,2.0,0.00045674348777173827,20.55,36.45,2.0,0.0,0.0,0.0,0.06666666666666667,0.655,3.0,4.1704231270934e-05,29.766666666666666,47.45,3.0,0.0,0.0,0.0,0.06666666666666667,0.8133333333333332,3.0,0.0,31.45,49.2,3.0,0.0,0.0,0.0,0.06666666666666667,0.8611111111111109,1.0,0.0,13.35,13.35,1.0,0.0,0.0,0.0,0.06666666666666667,0.89,0.0,0.0,0.0,0.0,0.0,0.0,0.0,0.0,0.0,0.0,0.0,0.0,0.0,0.0,0.0,0.0,0.0,0.0,0.0,0.0,1.0,4.480208948846849,0.0,0.0,0.0,2.0,0.0,0.13333333333333333,-0.13333333333333333,-1.1355555555555557,0.0,0.0,0.0,0.0,0.0,0.0,0.0,0.06666666666666667,0.0,0.0,0.0,0.0,0.0,0.0,0.0,0.0,0.0,0.0,0.0,0.0,1.0,4.4610532078263185,0.0,0.0,0.0,2.0,0.0,0.13333333333333333,-0.13333333333333333,-1.271111111111111,1.0,0.0,1.0,0.0,2.0,35.55,1.0,0.0,1.0,0.0,1.0,28.35,0.0,0.0,0.0,0.0,0.0,0.0,0.0,0.0,0.0,0.0,0.0,0.0
light_seed1,light,1,663.25,678.25,22.0,2.348087301833931,20.17727272727273,15.0,6.2000000000000455,3.0,0.0,33.016666666666666,49.75,3.0,0.0,0.0,0.0,0.06666666666666667,0.9166666666666666,3.0,4.1931811487040035e-05,32.583333333333336,50.2,3.0,0.0,0.0,0.0,0.06666666666666667,0.8133333333333332,2.0,0.00016462789800076824,21.55,37.45,2.0,0.0,0.0,0.0,0.06666666666666667,0.6883333333333334,3.0,1.5278836293295585e-05,30.766666666666666,48.45,3.0,0.0,0.0,0.0,0.06666666666666667,0.8355555555555554,3.0,0.0,32.449999999999996,50.2,3.0,0.0,0.0,0.0,0.06666666666666667,0.8833333333333331,1.0,0.0,14.35,14.35,1.0,0.0,0.0,0.0,0.06666666666666667,0.9566666666666667,0.0,0.0,0.0,0.0,0.0,0.0,0.0,0.0,0.0,0.0,0.0,0.0,0.0,0.0,0.0,0.0,0.0,0.0,0.0,0.0,0.0,0.0,0.0,0.0,0.0,2.0,0.0,0.2,-0.13333333333333333,-1.18,0.0,0.0,0.0,0.0,0.0,0.0,0.0,0.06666666666666667,0.0,0.0,0.0,0.0,0.0,0.0,0.0,0.0,0.0,0.0,0.0,0.0,0.0,0.0,0.0,0.0,0.0,2.0,0.0,0.2,-0.13333333333333333,-1.3155555555555556,0.0,0.0,0.0,0.0,2.0,36.55,0.0,0.0,0.0,0.0,1.0,29.35,0.0,0.0,0.0,0.0,0.0,0.0,0.0,0.0,0.0,0.0,0.0,0.0
light_seed1,light,1,664.25,679.25,21.0,2.0359407656192823,21.852380952380955,15.0,7.2000000000000455,3.0,0.0,34.016666666666666,50.75,3.0,0.0,0.0,0.0,0.06666666666666667,0.9388888888888888,3.0,1.5219297990089418e-05,33.583333333333336,51.2,3.0,0.0,0.0,0.0,0.06666666666666667,0.8355555555555557,2.0,5.9027280687395374e-05,22.55,38.45,2.0,0.0,0.0,0.0,0.06666666666666667,0.7216666666666668,3.0,5.508401043207676e-06,31.766666666666666,49.45,3.0,0.0,0.0,0.0,0.06666666666666667,0.8577777777777775,3.0,0.0,33.449999999999996,51.2,3.0,0.0,0.0,0.0,0.06666666666666667,0.9055555555555552,1.0,0.0,15.35,15.35,1.0,0.0,0.0,0.0,0.0,1.0,0.0,0.0,0.0,0.0,0.0,0.0,0.0,0.0,0.0,0.0,0.0,0.0,0.0,0.0,0.0,0.0,0.0,0.0,0.0,0.0,0.0,0.0,0.0,0.0,0.0,2.0,0.0,0.2,-0.13333333333333333,-1.2244444444444444,0.0,0.0,0.0,0.0,0.0,0.0,0.0,0.0,0.0,0.0,0.0,0.0,0.0,0.0,0.0,0.0,0.0,0.0,0.0,0.0,0.0,0.0,0.0,0.0,0.0,2.0,0.0,0.2,-0.13333333333333333,-1.36,0.0,0.0,0.0,0.0,2.0,37.55,0.0,0.0,0.0,0.0,1.0,30.35,0.0,0.0,0.0,0.0,0.0,0.0,0.0,0.0,0.0,0.0,0.0,0.0
light_seed1,light,1,665.25,680.25,21.0,2.2143906379712526,22.56666666666667,15.0,8.200000000000045,3.0,0.0,35.016666666666666,51.75,3.0,0.0,0.0,0.0,0.06666666666666667,0.9611111111111111,3.0,5.4898697322582625e-06,34.583333333333336,52.2,3.0,0.0,0.0,0.0,0.06666666666666667,0.8577777777777779,2.0,2.1409526252280764e-05,23.55,39.45,2.0,0.0,0.0,0.0,0.06666666666666667,0.7550000000000001,3.0,2.0048048730801404e-06,32.766666666666666,50.45,3.0,0.0,0.0,0.0,0.06666666666666667,0.88,3.0,0.0,34.449999999999996,52.2,3.0,0.0,0.0,0.0,0.06666666666666667,0.9277777777777774,1.0,0.0,16.35,16.35,1.0,0.0,0.0,0.0,0.0,1.0000000000000002,0.0,0.0,0.0,0.0,0.0,0.0,0.0,0.0,0.0,0.0,0.0,0.0,0.0,0.0,0.0,0.0,0.0,0.0,0.0,0.0,0.0,0.0,0.0,0.0,0.0,2.0,0.0,0.2,-0.13333333333333333,-1.268888888888889,0.0,0.0,0.0,0.0,0.0,0.0,0.0,0.0,0.0,0.0,0.0,0.0,0.0,0.0,0.0,0.0,0.0,0.0,0.0,0.0,0.0,0.0,0.0,0.0,0.0,2.0,0.0,0.2,-0.13333333333333333,-1.4044444444444444,0.0,0.0,0.0,0.0,2.0,38.55,0.0,0.0,0.0,0.0,1.0,31.35,0.0,0.0,0.0,0.0,0.0,0.0,0.0,0.0,0.0,0.0,0.0,0.0
light_seed1,light,1,666.25,681.25,21.0,2.3980568585033315,23.28095238095238,15.0,9.200000000000045,3.0,0.0,36.016666666666666,52.75,3.0,0.0,0.0,0.0,0.06666666666666667,0.9833333333333333,3.0,1.995160311932204e-06,35.583333333333336,53.2,3.0,0.0,0.0,0.0,0.06666666666666667,0.88,2.0,7.79823388763782e-06,24.55,40.45,2.0,0.0,0.0,0.0,0.06666666666666667,0.7883333333333334,3.0,0.0,33.766666666666666,51.45,3.0,0.0,0.0,0.0,0.06666666666666667,0.9022222222222221,3.0,0.0,35.449999999999996,53.2,3.0,0.0,0.0,0.0,0.06666666666666667,0.9499999999999997,1.0,0.0,17.35,17.35,1.0,0.0,0.0,0.0,0.0,1.0000000000000002,0.0,0.0,0.0,0.0,0.0,0.0,0.0,0.0,0.0,0.0,0.0,0.0,0.0,0.0,0.0,0.0,0.0,0.0,0.0,0.0,0.0,0.0,0.0,0.0,0.0,2.0,0.0,0.2,-0.13333333333333333,-1.3133333333333332,0.0,0.0,0.0,0.0,0.0,0.0,0.0,0.0,0.0,0.0,0.0,0.0,0.0,0.0,0.0,0.0,0.0,0.0,0.0,0.0,0.0,0.0,0.0,0.0,0.0,2.0,0.0,0.2,-0.13333333333333333,-1.448888888888889,0.0,0.0,0.0,0.0,2.0,39.55,0.0,0.0,0.0,0.0,1.0,32.35,0.0,0.0,0.0,0.0,0.0,0.0,0.0,0.0,0.0,0.0,0.0,0.0
light_seed1,light,1,667.25,682.25,21.0,2.561297518507096,23.995238095238097,15.0,10.200000000000045,3.0,0.0,37.016666666666666,53.75,3.0,0.0,0.0,0.0,0.0,1.0,3.0,0.0,36.583333333333336,54.2,3.0,0.0,0.0,0.0,0.06666666666666667,0.9022222222222224,2.0,2.848409520854868e-06,25.55,41.45,2.0,0.0,0.0,0.0,0.06666666666666667,0.8216666666666668,3.0,0.0,34.766666666666666,52.45,3.0,0.0,0.0,0.0,0.06666666666666667,0.9244444444444443,3.0,0.0,36.449999999999996,54.2,3.0,0.0,0.0,0.0,0.06666666666666667,0.9722222222222221,1.0,0.0,18.35,18.35,1.0,0.0,0.0,0.0,0.0,1.0000000000000002,0.0,0.0,0.0,0.0,0.0,0.0,0.0,0.0,0.0,0.0,0.0,0.0,0.0,0.0,0.0,0.0,0.0,0.0,0.0,0.0,0.0,0.0,0.0,0.0,0.0,2.0,0.0,0.2,-0.13333333333333333,-1.3577777777777778,0.0,0.0,0.0,0.0,0.0,0.0,0.0,0.0,0.0,0.0,0.0,0.0,0.0,0.0,0.0,0.0,0.0,0.0,0.0,0.0,0.0,0.0,0.0,0.0,0.0,2.0,0.0,0.2,-0.2,-1.5033333333333334,0.0,0.0,0.0,0.0,2.0,40.55,0.0,0.0,0.0,0.0,1.0,33.35,0.0,0.0,0.0,0.0,0.0,0.0,0.0,0.0,0.0,0.0,0.0,0.0
light_seed1,light,1,668.25,683.25,21.0,2.6197657832081145,24.70952380952381,15.0,11.200000000000045,3.0,0.0,38.016666666666666,54.75,3.0,0.0,0.0,0.0,0.0,1.0,3.0,0.0,37.583333333333336,55.2,3.0,0.0,0.0,0.0,0.06666666666666667,0.9244444444444445,2.0,0.0,26.55,42.45,2.0,0.0,0.0,0.0,0.06666666666666667,0.8550000000000001,3.0,0.0,35.766666666666666,53.45,3.0,0.0,0.0,0.0,0.06666666666666667,0.9466666666666667,3.0,0.0,37.449999999999996,55.2,3.0,0.0,0.0,0.0,0.06666666666666667,0.9944444444444442,1.0,0.0,19.35,19.35,1.0,0.0,0.0,0.0,0.0,1.0000000000000002,0.0,0.0,0.0,0.0,0.0,0.0,0.0,0.0,0.0,0.0,0.0,0.0,0.0,0.0,0.0,0.0,0.0,0.0,0.0,0.0,0.0,0.0,0.0,0.0,0.0,2.0,0.0,0.2,-0.13333333333333333,-1.4022222222222223,0.0,0.0,0.0,0.0,0.0,0.0,0.0,0.0,0.0,0.0,0.0,0.0,0.0,0.0,0.0,0.0,0.0,0.0,0.0,0.0,0.0,0.0,0.0,0.0,0.0,2.0,0.0,0.2,-0.2,-1.57,0.0,0.0,0.0,0.0,2.0,41.55,0.0,0.0,0.0,0.0,1.0,34.35,0.0,0.0,0.0,0.0,0.0,0.0,0.0,0.0,0.0,0.0,0.0,0.0
light_seed1,light,1,669.25,684.25,21.0,2.650886359409108,25.423809523809524,15.0,0.20000000000004547,3.0,0.0,39.016666666666666,55.75,3.0,0.0,0.0,0.0,0.0,1.0,3.0,0.0,38.583333333333336,56.2,3.0,0.0,0.0,0.0,0.06666666666666667,0.9466666666666667,2.0,0.0,27.55,43.45,2.0,0.0,0.0,0.0,0.06666666666666667,0.8883333333333334,3.0,0.0,36.766666666666666,54.45,3.0,0.0,0.0,0.0,0.06666666666666667,0.9688888888888888,3.0,0.0,38.449999999999996,56.2,3.0,0.0,0.0,0.0,0.0,0.9999999999999998,1.0,0.0,20.35,20.35,1.0,0.0,0.0,0.0,0.0,1.0000000000000002,0.0,0.0,0.0,0.0,0.0,0.0,0.0,0.0,0.0,0.0,0.0,0.0,0.0,0.0,0.0,0.0,0.0,0.0,0.0,0.0,0.0,0.0,0.0,0.0,0.0,1.0,0.0,0.2,-0.13333333333333333,-1.4466666666666665,0.0,0.0,0.0,0.0,0.0,0.0,0.0,0.0,0.0,0.0,0.0,0.0,0.0,0.0,0.0,0.0,0.0,0.0,0.0,0.0,0.0,0.0,0.0,0.0,0.0,1.0,0.0,0.2,-0.2,-1.6366666666666667,0.0,0.0,0.0,0.0,2.0,42.55,0.0,0.0,0.0,0.0,1.0,35.35,0.0,0.0,0.0,0.0,0.0,0.0,0.0,0.0,0.0,0.0,0.0,0.0
light_seed1,light,1,670.25,685.25,21.0,2.676788961426701,26.138095238095236,15.0,1.2000000000000455,3.0,0.0,40.016666666666666,56.75,3.0,0.0,0.0,0.0,0.0,1.0,3.0,0.0,39.583333333333336,57.2,3.0,0.0,0.0,0.0,0.06666666666666667,0.968888888888889,2.0,0.0,28.55,44.45,2.0,0.0,0.0,0.0,0.06666666666666667,0.9216666666666667,3.0,0.0,37.766666666666666,55.45,3.0,0.0,0.0,0.0,0.06666666666666667,0.9911111111111109,3.0,0.0,39.449999999999996,57.2,3.0,0.0,0.0,0.0,0.0,0.9999999999999998,1.0,0.0,21.35,21.35,1.0,0.0,0.0,0.0,0.0,1.0000000000000002,0.0,0.0,0.0,0.0,0.0,0.0,0.0,0.0,0.0,0.0,0.0,0.0,0.0,0.0,0.0,0.0,0.0,0.0,0.0,0.0,0.0,0.0,0.0,0.0,0.0,1.0,0.0,0.2,-0.13333333333333333,-1.4911111111111108,0.0,0.0,0.0,0.0,0.0,0.0,0.0,0.0,0.0,0.0,0.0,0.0,0.0,0.0,0.0,0.0,0.0,0.0,0.0,0.0,0.0,0.0,0.0,0.0,0.0,1.0,0.0,0.2,-0.2,-1.7033333333333334,0.0,0.0,0.0,0.0,2.0,43.55,0.0,0.0,0.0,0.0,1.0,36.35,0.0,0.0,0.0,0.0,0.0,0.0,0.0,0.0,0.0,0.0,0.0,0.0
light_seed1,light,1,671.25,686.25,21.0,2.6897811735388992,26.85238095238095,15.0,2.2000000000000455,3.0,0.0,41.016666666666666,57.75,3.0,0.0,0.0,0.0,0.0,1.0,3.0,0.0,40.583333333333336,58.2,3.0,0.0,0.0,0.0,0.06666666666666667,0.9911111111111112,2.0,0.0,29.55,45.45,2.0,0.0,0.0,0.0,0.06666666666666667,0.9550000000000001,3.0,0.0,38.766666666666666,56.45,3.0,0.0,0.0,0.0,0.0,1.0,3.0,0.0,40.449999999999996,58.2,3.0,0.0,0.0,0.0,0.0,0.9999999999999998,1.0,0.0,22.35,22.35,1.0,0.0,0.0,0.0,0.0,1.0000000000000002,0.0,0.0,0.0,0.0,0.0,0.0,0.0,0.0,0.0,0.0,0.0,0.0,0.0,0.0,0.0,0.0,0.0,0.0,0.0,0.0,0.0,0.0,0.0,0.0,0.0,1.0,0.0,0.2,-0.2,-1.547777777777778,0.0,0.0,0.0,0.0,0.0,0.0,0.0,0.0,0.0,0.0,0.0,0.0,0.0,0.0,0.0,0.0,0.0,0.0,0.0,0.0,0.0,0.0,0.0,0.0,0.0,1.0,0.0,0.2,-0.2,-1.77,0.0,0.0,0.0,0.0,2.0,44.55,0.0,0.0,0.0,0.0,1.0,37.35,0.0,0.0,0.0,0.0,0.0,0.0,0.0,0.0,0.0,0.0,0.0,0.0
light_seed1,light,1,672.25,687.25,21.0,2.786648921216311,16.395238095238096,11.0,0.20000000000004547,3.0,0.15260853162034002,22.433333333333334,47.05,2.0,2.0,0.0,0.0,-0.06666666666666667,-0.30555555555555547,3.0,0.15840733130744492,21.849999999999998,49.95,2.0,2.0,0.0,0.0,-0.06666666666666667,-0.31555555555555564,2.0,0.0,30.55,46.45,2.0,0.0,0.0,0.0,0.06666666666666667,0.9883333333333334,3.0,0.15589822380252744,20.616666666666667,45.25,2.0,2.0,0.0,0.0,-0.06666666666666667,-0.27666666666666656,3.0,0.1565840475730039,21.71666666666667,46.4,2.0,2.0,0.0,0.0,-0.06666666666666667,-0.31555555555555537,1.0,0.0,23.35,23.35,1.0,0.0,0.0,0.0,0.0,1.0000000000000002,0.0,0.0,0.0,0.0,0.0,0.0,0.0,0.0,0.0,0.0,0.0,0.0,0.0,0.0,0.0,0.0,0.0,0.0,0.0,0.0,0.0,0.0,0.0,0.0,0.0,0.0,0.0,0.2,-0.13333333333333333,-0.7566666666666666,0.0,0.0,0.0,0.0,0.0,0.0,0.0,0.0,0.0,0.0,0.0,0.0,0.0,0.0,0.0,0.0,0.0,0.0,0.0,0.0,0.0,0.0,0.0,0.0,0.0,0.0,0.0,0.2,-0.13333333333333333,-0.8544444444444446,0.0,0.0,0.0,0.0,2.0,45.55,0.0,0.0,0.0,0.0,1.0,38.35,0.0,0.0,0.0,0.0,0.0,0.0,0.0,0.0,0.0,0.0,0.0,0.0
light_seed1,light,1,673.25,688.25,21.0,3.400303085076729,4.164285714285715,3.0,1.2000000000000455,2.0,0.6801893170693197,0.0,0.0,0.0,2.0,0.0,0.06666666666666667,-0.2,-1.8677777777777778,2.0,0.7019284362588584,0.0,0.0,0.0,2.0,0.0,0.06666666666666667,-0.2,-1.8388888888888888,2.0,0.0,31.55,47.45,2.0,0.0,0.0,0.0,0.0,1.0,2.0,0.5673668143542012,0.0,0.0,0.0,2.0,0.0,0.06666666666666667,-0.2,-1.7177777777777776,2.0,0.6603789141390555,0.0,0.0,0.0,2.0,0.0,0.06666666666666667,-0.2,-1.8299999999999998,1.0,0.0,24.35,24.35,1.0,0.0,0.0,0.0,0.0,1.0000000000000002,0.0,0.0,0.0,0.0,0.0,0.0,0.0,0.0,0.0,0.0,0.0,0.0,0.0,0.0,0.0,0.0,0.0,0.0,0.0,0.0,0.0,0.0,0.0,0.0,0.0,0.0,0.0,0.13333333333333333,0.0,0.0,0.0,0.0,0.0,0.0,0.0,0.0,0.0,0.0,0.0,0.0,0.0,0.0,0.0,0.0,0.0,0.0,0.0,0.0,0.0,0.0,0.0,0.0,0.0,0.0,0.0,0.0,0.0,0.13333333333333333,0.0,0.0,0.0,0.0,0.0,0.0,2.0,46.55,0.0,0.0,0.0,0.0,1.0,39.35,0.0,0.0,0.0,0.0,0.0,0.0,0.0,0.0,0.0,0.0,0.0,0.0
light_seed1,light,1,674.25,689.25,21.0,4.175130751168133,4.307142857142857,3.0,2.2000000000000455,2.0,1.7173121980082406,0.0,0.0,0.0,2.0,0.0,0.06666666666666667,-0.2,-1.9344444444444444,2.0,1.686238009251682,0.0,0.0,0.0,2.0,0.0,0.06666666666666667,-0.2,-1.9055555555555554,2.0,0.0,32.55,48.45,2.0,0.0,0.0,0.0,0.0,0.9999999999999998,2.0,1.4593464434246641,0.0,0.0,0.0,2.0,0.0,0.06666666666666667,-0.2,-1.7844444444444443,2.0,1.553009568432049,0.0,0.0,0.0,2.0,0.0,0.06666666666666667,-0.2,-1.8966666666666667,1.0,0.0,25.35,25.35,1.0,0.0,0.0,0.0,0.0,1.0000000000000002,0.0,0.0,0.0,0.0,0.0,0.0,0.0,0.0,0.0,0.0,0.0,0.0,0.0,0.0,0.0,0.0,0.0,0.0,0.0,0.0,0.0,0.0,0.0,0.0,0.0,0.0,0.0,0.13333333333333333,0.0,0.0,0.0,0.0,0.0,0.0,0.0,0.0,0.0,0.0,0.0,0.0,0.0,0.0,0.0,0.0,0.0,0.0,0.0,0.0,0.0,0.0,0.0,0.0,0.0,0.0,0.0,0.0,0.0,0.13333333333333333,0.0,0.0,0.0,0.0,0.0,0.0,2.0,47.55,0.0,0.0,0.0,0.0,1.0,40.35,0.0,0.0,0.0,0.0,0.0,0.0,0.0,0.0,0.0,0.0,0.0,0.0
light_seed1,light,1,675.25,690.25,21.0,4.82768318073511,4.45,3.0,3.2000000000000455,2.0,2.680091751390818,0.0,0.0,0.0,2.0,0.0,0.06666666666666667,-0.2,-2.001111111111111,2.0,2.6440106175593288,0.0,0.0,0.0,2.0,0.0,0.06666666666666667,-0.2,-1.972222222222222,2.0,0.0,33.55,49.45,2.0,0.0,0.0,0.0,0.0,0.9999999999999998,2.0,2.5351051183396196,0.0,0.0,0.0,2.0,0.0,0.06666666666666667,-0.2,-1.8511111111111112,2.0,2.5617396491537554,0.0,0.0,0.0,2.0,0.0,0.06666666666666667,-0.2,-1.9633333333333334,1.0,0.0,26.35,26.35,1.0,0.0,0.0,0.0,0.0,1.0000000000000002,0.0,0.0,0.0,0.0,0.0,0.0,0.0,0.0,0.0,0.0,0.0,0.0,0.0,0.0,0.0,0.0,0.0,0.0,0.0,0.0,0.0,0.0,0.0,0.0,0.0,0.0,0.0,0.13333333333333333,0.0,0.0,0.0,0.0,0.0,0.0,0.0,0.0,0.0,0.0,0.0,0.0,0.0,0.0,0.0,0.0,0.0,0.0,0.0,0.0,0.0,0.0,0.0,0.0,0.0,0.0,0.0,0.0,0.0,0.13333333333333333,0.0,0.0,0.0,0.0,0.0,0.0,2.0,48.55,0.0,0.0,0.0,0.0,1.0,41.35,0.0,0.0,0.0,0.0,0.0,0.0,0.0,0.0,0.0,0.0,0.0,0.0
light_seed1,light,1,676.25,691.25,21.0,5.44681803858294,4.592857142857143,3.0,4.2000000000000455,1.0,3.2896636501570926,0.0,0.0,0.0,2.0,0.0,0.13333333333333333,-0.2,-2.0677777777777777,1.0,3.273037026269044,0.0,0.0,0.0,2.0,0.0,0.13333333333333333,-0.2,-2.0388888888888888,2.0,0.0,34.55,50.45,2.0,0.0,0.0,0.0,0.0,0.9999999999999998,1.0,3.1167517844795642,0.0,0.0,0.0,2.0,0.0,0.13333333333333333,-0.2,-1.9177777777777778,1.0,3.3530895256490685,0.0,0.0,0.0,2.0,0.0,0.13333333333333333,-0.2,-2.03,1.0,0.0,27.35,27.35,1.0,0.0,0.0,0.0,0.0,1.0000000000000002,0.0,0.0,0.0,0.0,0.0,0.0,0.0,0.0,0.0,0.0,0.0,0.0,0.0,0.0,0.0,0.0,0.0,0.0,0.0,0.0,0.0,0.0,0.0,0.0,0.0,0.0,0.0,0.06666666666666667,0.0,0.0,0.0,0.0,0.0,0.0,0.0,0.0,0.0,0.0,0.0,0.0,0.0,0.0,0.0,0.0,0.0,0.0,0.0,0.0,0.0,0.0,0.0,0.0,0.0,0.0,0.0,0.0,0.0,0.06666666666666667,0.0,0.0,0.0,0.0,0.0,0.0,2.0,49.55,0.0,0.0,0.0,0.0,1.0,42.35,0.0,0.0,0.0,0.0,0.0,0.0,0.0,0.0,0.0,0.0,0.0,0.0
light_seed1,light,1,677.25,692.25,21.0,6.0685988405921485,4.735714285714286,3.0,5.2000000000000455,1.0,4.413604852899523,0.0,0.0,0.0,2.0,0.0,0.13333333333333333,-0.2,-2.1344444444444446,1.0,4.3492896277322215,0.0,0.0,0.0,2.0,0.0,0.13333333333333333,-0.2,-2.1055555555555556,2.0,0.0,35.55,51.45,2.0,0.0,0.0,0.0,0.0,0.9999999999999998,1.0,4.2596197491633045,0.0,0.0,0.0,2.0,0.0,0.13333333333333333,-0.2,-1.9844444444444445,1.0,4.505279728887895,0.0,0.0,0.0,2.0,0.0,0.13333333333333333,-0.2,-2.0966666666666667,1.0,0.0,28.35,28.35,1.0,0.0,0.0,0.0,0.0,1.0000000000000002,0.0,0.0,0.0,0.0,0.0,0.0,0.0,0.0,0.0,0.0,0.0,0.0,0.0,0.0,0.0,0.0,0.0,0.0,0.0,0.0,0.0,0.0,0.0,0.0,0.0,0.0,0.0,0.06666666666666667,0.0,0.0,0.0,0.0,0.0,0.0,0.0,0.0,0.0,0.0,0.0,0.0,0.0,0.0,0.0,0.0,0.0,0.0,0.0,0.0,0.0,0.0,0.0,0.0,0.0,0.0,0.0,0.0,0.0,0.06666666666666667,0.0,0.0,0.0,0.0,0.0,0.0,2.0,50.55,0.0,0.0,0.0,0.0,1.0,43.35,0.0,0.0,0.0,0.0,0.0,0.0,0.0,0.0,0.0,0.0,0.0,0.0
light_seed1,light,1,678.25,693.25,21.0,6.737118426122469,4.878571428571429,3.0,6.2000000000000455,0.0,0.0,0.0,0.0,0.0,2.0,0.0,0.2,-0.2,-2.201111111111111,0.0,0.0,0.0,0.0,0.0,2.0,0.0,0.2,-0.2,-2.1722222222222225,2.0,0.0,36.55,52.45,2.0,0.0,0.0,0.0,0.0,0.9999999999999998,0.0,0.0,0.0,0.0,0.0,2.0,0.0,0.2,-0.2,-2.051111111111111,0.0,0.0,0.0,0.0,0.0,2.0,0.0,0.2,-0.2,-2.163333333333333,1.0,0.0,29.35,29.35,1.0,0.0,0.0,0.0,0.0,1.0000000000000002,0.0,0.0,0.0,0.0,0.0,0.0,0.0,0.0,0.0,0.0,0.0,0.0,0.0,0.0,0.0,0.0,0.0,0.0,0.0,0.0,0.0,0.0,0.0,0.0,0.0,0.0,0.0,0.0,0.0,0.0,0.0,0.0,0.0,0.0,0.0,0.0,0.0,0.0,0.0,0.0,0.0,0.0,0.0,0.0,0.0,0.0,0.0,0.0,0.0,0.0,0.0,0.0,0.0,0.0,0.0,0.0,0.0,0.0,0.0,0.0,0.0,0.0,0.0,0.0,2.0,51.55,0.0,0.0,0.0,0.0,1.0,44.35,0.0,0.0,0.0,0.0,0.0,0.0,0.0,0.0,0.0,0.0,0.0,0.0
light_seed1,light,1,679.25,694.25,21.0,7.449030641872818,5.021428571428571,3.0,7.2000000000000455,0.0,0.0,0.0,0.0,0.0,2.0,0.0,0.2,-0.2,-2.267777777777778,0.0,0.0,0.0,0.0,0.0,2.0,0.0,0.2,-0.2,-2.238888888888889,2.0,0.0,37.55,53.45,2.0,0.0,0.0,0.0,0.0,0.9999999999999998,0.0,0.0,0.0,0.0,0.0,2.0,0.0,0.2,-0.2,-2.1177777777777775,0.0,0.0,0.0,0.0,0.0,2.0,0.0,0.2,-0.2,-2.2299999999999995,1.0,0.0,30.35,30.35,1.0,0.0,0.0,0.0,0.0,1.0000000000000002,0.0,0.0,0.0,0.0,0.0,0.0,0.0,0.0,0.0,0.0,0.0,0.0,0.0,0.0,0.0,0.0,0.0,0.0,0.0,0.0,0.0,0.0,0.0,0.0,0.0,0.0,0.0,0.0,0.0,0.0,0.0,0.0,0.0,0.0,0.0,0.0,0.0,0.0,0.0,0.0,0.0,0.0,0.0,0.0,0.0,0.0,0.0,0.0,0.0,0.0,0.0,0.0,0.0,0.0,0.0,0.0,0.0,0.0,0.0,0.0,1.0,0.0,1.0,0.0,3.0,35.03333333333333,1.0,0.0,1.0,0.0,2.0,22.675,1.0,0.0,1.0,0.0,1.0,0.0,1.0,0.0,1.0,0.0,1.0,0.0
light_seed1,light,1,680.25,695.25,21.0,8.084476537542965,5.164285714285715,3.0,8.200000000000045,0.0,0.0,0.0,0.0,0.0,2.0,0.0,0.2,-0.2,-2.3344444444444443,0.0,0.0,0.0,0.0,0.0,2.0,0.0,0.2,-0.2,-2.305555555555556,2.0,0.0,38.55,54.45,2.0,0.0,0.0,0.0,0.0,0.9999999999999998,0.0,0.0,0.0,0.0,0.0,2.0,0.0,0.2,-0.2,-2.1844444444444444,0.0,0.0,0.0,0.0,0.0,2.0,0.0,0.2,-0.2,-2.2966666666666664,1.0,0.0,31.35,31.35,1.0,0.0,0.0,0.0,0.0,1.0,0.0,0.0,0.0,0.0,0.0,0.0,0.0,0.0,0.0,0.0,0.0,0.0,0.0,0.0,0.0,0.0,0.0,0.0,0.0,0.0,0.0,0.0,0.0,0.0,0.0,0.0,0.0,0.0,0.0,0.0,0.0,0.0,0.0,0.0,0.0,0.0,0.0,0.0,0.0,0.0,0.0,0.0,0.0,0.0,0.0,0.0,0.0,0.0,0.0,0.0,0.0,0.0,0.0,0.0,0.0,0.0,0.0,0.0,0.0,0.0,1.0,0.0,1.0,0.0,3.0,35.699999999999996,1.0,0.0,1.0,0.0,2.0,23.175,1.0,0.0,1.0,0.0,1.0,0.0,1.0,0.0,1.0,0.0,1.0,0.0
light_seed1,light,1,681.25,696.25,21.0,8.757415608487072,5.307142857142857,3.0,9.200000000000045,0.0,0.0,0.0,0.0,0.0,2.0,0.0,0.2,-0.2,-2.401111111111111,0.0,0.0,0.0,0.0,0.0,2.0,0.0,0.2,-0.2,-2.3722222222222222,2.0,0.0,39.55,55.45,2.0,0.0,0.0,0.0,0.0,0.9999999999999998,0.0,0.0,0.0,0.0,0.0,2.0,0.0,0.2,-0.2,-2.251111111111111,0.0,0.0,0.0,0.0,0.0,2.0,0.0,0.2,-0.2,-2.363333333333333,1.0,0.0,32.35,32.35,1.0,0.0,0.0,0.0,0.0,1.0,0.0,0.0,0.0,0.0,0.0,0.0,0.0,0.0,0.0,0.0,0.0,0.0,0.0,0.0,0.0,0.0,0.0,0.0,0.0,0.0,0.0,0.0,0.0,0.0,0.0,0.0,0.0,0.0,0.0,0.0,0.0,0.0,0.0,0.0,0.0,0.0,0.0,0.0,0.0,0.0,0.0,0.0,0.0,0.0,0.0,0.0,0.0,0.0,0.0,0.0,0.0,0.0,0.0,0.0,0.0,0.0,0.0,0.0,0.0,0.0,1.0,0.0,1.0,0.0,3.0,36.36666666666667,1.0,0.0,1.0,0.0,2.0,23.675,1.0,0.0,1.0,0.0,1.0,0.0,1.0,0.0,1.0,0.0,1.0,0.0
light_seed1,light,1,682.25,697.25,20.0,9.472205485528997,5.7225,3.0,10.200000000000045,0.0,0.0,0.0,0.0,0.0,2.0,0.0,0.2,-0.2,-2.4677777777777776,0.0,0.0,0.0,0.0,0.0,2.0,0.0,0.2,-0.2,-2.438888888888889,2.0,0.0,40.55,56.45,2.0,0.0,0.0,0.0,0.0,0.9999999999999998,0.0,0.0,0.0,0.0,0.0,2.0,0.0,0.2,-0.2,-2.3177777777777777,0.0,0.0,0.0,0.0,0.0,2.0,0.0,0.2,-0.2,-2.4299999999999997,1.0,0.0,33.35,33.35,1.0,0.0,0.0,0.0,0.0,1.0,0.0,0.0,0.0,0.0,0.0,0.0,0.0,0.0,0.0,0.0,0.0,0.0,0.0,0.0,0.0,0.0,0.0,0.0,0.0,0.0,0.0,0.0,0.0,0.0,0.0,0.0,0.0,0.0,0.0,0.0,0.0,0.0,0.0,0.0,0.0,0.0,0.0,0.0,0.0,0.0,0.0,0.0,0.0,0.0,0.0,0.0,0.0,0.0,0.0,0.0,0.0,0.0,0.0,0.0,0.0,0.0,0.0,0.0,0.0,0.0,1.0,0.0,1.0,0.0,3.0,37.03333333333333,1.0,0.0,1.0,0.0,2.0,24.175,1.0,0.0,1.0,0.0,1.0,0.0,1.0,0.0,1.0,0.0,1.0,0.0
light_seed1,light,1,683.25,698.25,18.0,9.530511205941666,6.525,3.0,11.200000000000045,0.0,0.0,0.0,0.0,0.0,2.0,0.0,0.2,-0.2,-2.5344444444444445,0.0,0.0,0.0,0.0,0.0,2.0,0.0,0.2,-0.2,-2.5055555555555555,2.0,0.0,41.55,57.45,2.0,0.0,0.0,0.0,0.0,0.9999999999999998,0.0,0.0,0.0,0.0,0.0,2.0,0.0,0.2,-0.2,-2.3844444444444446,0.0,0.0,0.0,0.0,0.0,2.0,0.0,0.2,-0.2,-2.4966666666666666,1.0,0.0,34.35,34.35,1.0,0.0,0.0,0.0,0.0,1.0,0.0,0.0,0.0,0.0,0.0,0.0,0.0,0.0,0.0,0.0,0.0,0.0,0.0,0.0,0.0,0.0,0.0,0.0,0.0,0.0,0.0,0.0,0.0,0.0,0.0,0.0,0.0,0.0,0.0,0.0,0.0,0.0,0.0,0.0,0.0,0.0,0.0,0.0,0.0,0.0,0.0,0.0,0.0,0.0,0.0,0.0,0.0,0.0,0.0,0.0,0.0,0.0,0.0,0.0,0.0,0.0,0.0,0.0,0.0,0.0,1.0,0.0,1.0,0.0,3.0,37.699999999999996,1.0,0.0,1.0,0.0,2.0,24.675,1.0,0.0,1.0,0.0,1.0,0.0,1.0,0.0,1.0,0.0,1.0,0.0
light_seed1,light,1,684.25,699.25,17.0,9.211219574862561,7.085294117647059,3.0,12.200000000000045,0.0,0.0,0.0,0.0,0.0,2.0,0.0,0.2,-0.2,-2.601111111111111,0.0,0.0,0.0,0.0,0.0,2.0,0.0,0.2,-0.2,-2.5722222222222224,2.0,0.0,42.55,58.45,2.0,0.0,0.0,0.0,0.0,0.9999999999999998,0.0,0.0,0.0,0.0,0.0,2.0,0.0,0.2,-0.2,-2.451111111111111,0.0,0.0,0.0,0.0,0.0,2.0,0.0,0.2,-0.2,-2.563333333333333,1.0,0.0,35.35,35.35,1.0,0.0,0.0,0.0,0.0,1.0,0.0,0.0,0.0,0.0,0.0,0.0,0.0,0.0,0.0,0.0,0.0,0.0,0.0,0.0,0.0,0.0,0.0,0.0,0.0,0.0,0.0,0.0,0.0,0.0,0.0,0.0,0.0,0.0,0.0,0.0,0.0,0.0,0.0,0.0,0.0,0.0,0.0,0.0,0.0,0.0,0.0,0.0,0.0,0.0,0.0,0.0,0.0,0.0,0.0,0.0,0.0,0.0,0.0,0.0,0.0,0.0,0.0,0.0,0.0,0.0,1.0,0.0,1.0,0.0,3.0,38.36666666666667,1.0,0.0,1.0,0.0,2.0,25.175,1.0,0.0,1.0,0.0,1.0,0.0,1.0,0.0,1.0,0.0,1.0,0.0
light_seed1,light,1,685.25,700.25,16.0,8.873656195309447,7.715625,3.0,13.200000000000045,0.0,0.0,0.0,0.0,0.0,2.0,0.0,0.2,-0.2,-2.667777777777778,0.0,0.0,0.0,0.0,0.0,2.0,0.0,0.2,-0.2,-2.638888888888889,2.0,0.0,43.55,59.45,2.0,0.0,0.0,0.0,0.0,0.9999999999999998,0.0,0.0,0.0,0.0,0.0,2.0,0.0,0.2,-0.2,-2.517777777777778,0.0,0.0,0.0,0.0,0.0,2.0,0.0,0.2,-0.2,-2.63,1.0,0.0,36.35,36.35,1.0,0.0,0.0,0.0,0.0,1.0,0.0,0.0,0.0,0.0,0.0,0.0,0.0,0.0,0.0,0.0,0.0,0.0,0.0,0.0,0.0,0.0,0.0,0.0,0.0,0.0,0.0,0.0,0.0,0.0,0.0,0.0,0.0,0.0,0.0,0.0,0.0,0.0,0.0,0.0,0.0,0.0,0.0,0.0,0.0,0.0,0.0,0.0,0.0,0.0,0.0,0.0,0.0,0.0,0.0,0.0,0.0,0.0,0.0,0.0,0.0,0.0,0.0,0.0,0.0,0.0,1.0,0.0,1.0,0.0,3.0,39.03333333333333,1.0,0.0,1.0,0.0,2.0,25.675,1.0,0.0,1.0,0.0,1.0,0.0,1.0,0.0,1.0,0.0,1.0,0.0
light_seed1,light,1,686.25,701.25,16.0,8.843119797127631,7.903125,3.0,14.200000000000045,0.0,0.0,0.0,0.0,0.0,2.0,0.0,0.2,-0.2,-2.7344444444444442,0.0,0.0,0.0,0.0,0.0,2.0,0.0,0.2,-0.2,-2.7055555555555557,2.0,0.0,44.55,60.45,2.0,0.0,0.0,0.0,0.0,0.9999999999999998,0.0,0.0,0.0,0.0,0.0,2.0,0.0,0.2,-0.2,-2.5844444444444443,0.0,0.0,0.0,0.0,0.0,2.0,0.0,0.2,-0.2,-2.6966666666666663,1.0,0.0,37.35,37.35,1.0,0.0,0.0,0.0,0.0,1.0,0.0,0.0,0.0,0.0,0.0,0.0,0.0,0.0,0.0,0.0,0.0,0.0,0.0,0.0,0.0,0.0,0.0,0.0,0.0,0.0,0.0,0.0,0.0,0.0,0.0,0.0,0.0,0.0,0.0,0.0,0.0,0.0,0.0,0.0,0.0,0.0,0.0,0.0,0.0,0.0,0.0,0.0,0.0,0.0,0.0,0.0,0.0,0.0,0.0,0.0,0.0,0.0,0.0,0.0,0.0,0.0,0.0,0.0,0.0,0.0,1.0,0.0,1.0,0.0,3.0,39.699999999999996,1.0,0.0,1.0,0.0,2.0,26.175,1.0,0.0,1.0,0.0,1.0,0.0,1.0,0.0,1.0,0.0,1.0,0.0
light_seed1,light,1,687.25,702.25,16.0,8.806307912616607,8.090625,3.0,15.200000000000045,0.0,0.0,0.0,0.0,0.0,2.0,0.0,0.2,-0.13333333333333333,-1.4955555555555555,0.0,0.0,0.0,0.0,0.0,2.0,0.0,0.2,-0.13333333333333333,-1.4566666666666666,2.0,0.0,45.55,61.45,2.0,0.0,0.0,0.0,0.0,0.9999999999999998,0.0,0.0,0.0,0.0,0.0,2.0,0.0,0.2,-0.13333333333333333,-1.3744444444444446,0.0,0.0,0.0,0.0,0.0,2.0,0.0,0.2,-0.13333333333333333,-1.4477777777777778,1.0,0.0,38.35,38.35,1.0,0.0,0.0,0.0,0.0,1.0,0.0,0.0,0.0,0.0,0.0,0.0,0.0,0.0,0.0,0.0,0.0,0.0,0.0,0.0,0.0,0.0,0.0,0.0,0.0,0.0,0.0,0.0,0.0,0.0,0.0,0.0,0.0,0.0,0.0,0.0,0.0,0.0,0.0,0.0,0.0,0.0,0.0,0.0,0.0,0.0,0.0,0.0,0.0,0.0,0.0,0.0,0.0,0.0,0.0,0.0,0.0,0.0,0.0,0.0,0.0,0.0,0.0,0.0,0.0,0.0,1.0,0.0,1.0,0.0,3.0,40.36666666666667,1.0,0.0,1.0,0.0,2.0,26.675,1.0,0.0,1.0,0.0,1.0,0.0,1.0,0.0,1.0,0.0,1.0,0.0
light_seed1,light,1,688.25,703.25,15.0,8.852634265892558,8.83,3.0,16.200000000000045,0.0,0.0,0.0,0.0,0.0,2.0,0.0,0.13333333333333333,0.0,0.0,0.0,0.0,0.0,0.0,0.0,2.0,0.0,0.13333333333333333,0.0,0.0,2.0,0.0,46.55,62.45,2.0,0.0,0.0,0.0,0.0,0.9999999999999998,0.0,0.0,0.0,0.0,0.0,2.0,0.0,0.13333333333333333,0.0,0.0,0.0,0.0,0.0,0.0,0.0,2.0,0.0,0.13333333333333333,0.0,0.0,1.0,0.0,39.35,39.35,1.0,0.0,0.0,0.0,0.0,1.0,0.0,0.0,0.0,0.0,0.0,0.0,0.0,0.0,0.0,0.0,0.0,0.0,0.0,0.0,0.0,0.0,0.0,0.0,0.0,0.0,0.0,0.0,0.0,0.0,0.0,0.0,0.0,0.0,0.0,0.0,0.0,0.0,0.0,0.0,0.0,0.0,0.0,0.0,0.0,0.0,0.0,0.0,0.0,0.0,0.0,0.0,0.0,0.0,0.0,0.0,0.0,0.0,0.0,0.0,0.0,0.0,0.0,0.0,0.0,0.0,1.0,0.0,1.0,0.0,3.0,41.03333333333333,1.0,0.0,1.0,0.0,2.0,27.175,1.0,0.0,1.0,0.0,1.0,0.0,1.0,0.0,1.0,0.0,1.0,0.0
light_seed1,light,1,689.25,704.25,15.0,8.833044852803685,9.03,3.0,17.200000000000045,0.0,0.0,0.0,0.0,0.0,2.0,0.0,0.13333333333333333,0.0,0.0,0.0,0.0,0.0,0.0,0.0,2.0,0.0,0.13333333333333333,0.0,0.0,2.0,0.0,47.55,63.45,2.0,0.0,0.0,0.0,0.0,1.0,0.0,0.0,0.0,0.0,0.0,2.0,0.0,0.13333333333333333,0.0,0.0,0.0,0.0,0.0,0.0,0.0,2.0,0.0,0.13333333333333333,0.0,0.0,1.0,0.0,40.35,40.35,1.0,0.0,0.0,0.0,0.0,1.0,0.0,0.0,0.0,0.0,0.0,0.0,0.0,0.0,0.0,0.0,0.0,0.0,0.0,0.0,0.0,0.0,0.0,0.0,0.0,0.0,0.0,0.0,0.0,0.0,0.0,0.0,0.0,0.0,0.0,0.0,0.0,0.0,0.0,0.0,0.0,0.0,0.0,0.0,0.0,0.0,0.0,0.0,0.0,0.0,0.0,0.0,0.0,0.0,0.0,0.0,0.0,0.0,0.0,0.0,0.0,0.0,0.0,0.0,0.0,0.0,1.0,0.0,1.0,0.0,3.0,41.699999999999996,1.0,0.0,1.0,0.0,2.0,27.675,1.0,0.0,1.0,0.0,1.0,0.0,1.0,0.0,1.0,0.0,1.0,0.0
light_seed1,light,1,690.25,705.25,15.0,8.819518169922441,9.229999999999999,3.0,18.200000000000045,0.0,0.0,0.0,0.0,0.0,2.0,0.0,0.13333333333333333,0.0,0.0,0.0,0.0,0.0,0.0,0.0,2.0,0.0,0.13333333333333333,0.0,0.0,2.0,0.0,48.55,64.45,2.0,0.0,0.0,0.0,0.0,1.0,0.0,0.0,0.0,0.0,0.0,2.0,0.0,0.13333333333333333,0.0,0.0,0.0,0.0,0.0,0.0,0.0,2.0,0.0,0.13333333333333333,0.0,0.0,1.0,0.0,41.35,41.35,1.0,0.0,0.0,0.0,0.0,1.0,0.0,0.0,0.0,0.0,0.0,0.0,0.0,0.0,0.0,0.0,0.0,0.0,0.0,0.0,0.0,0.0,0.0,0.0,0.0,0.0,0.0,0.0,0.0,0.0,0.0,0.0,0.0,0.0,0.0,0.0,0.0,0.0,0.0,0.0,0.0,0.0,0.0,0.0,0.0,0.0,0.0,0.0,0.0,0.0,0.0,0.0,0.0,0.0,0.0,0.0,0.0,0.0,0.0,0.0,0.0,0.0,0.0,0.0,0.0,0.0,1.0,0.0,1.0,0.0,3.0,15.883333333333333,1.0,0.0,1.0,0.0,2.0,0.0,1.0,0.0,1.0,0.0,1.0,0.0,1.0,0.0,1.0,0.0,1.0,0.0
light_seed1,light,1,691.25,706.25,15.0,8.81667420446924,9.43,3.0,19.200000000000045,0.0,0.0,0.0,0.0,0.0,2.0,0.0,0.06666666666666667,0.0,0.0,0.0,0.0,0.0,0.0,0.0,2.0,0.0,0.06666666666666667,0.0,0.0,2.0,0.0,49.55,65.45,2.0,0.0,0.0,0.0,0.0,1.0,0.0,0.0,0.0,0.0,0.0,2.0,0.0,0.06666666666666667,0.0,0.0,0.0,0.0,0.0,0.0,0.0,2.0,0.0,0.06666666666666667,0.0,0.0,1.0,0.0,42.35,42.35,1.0,0.0,0.0,0.0,0.0,1.0,0.0,0.0,0.0,0.0,0.0,0.0,0.0,0.0,0.0,0.0,0.0,0.0,0.0,0.0,0.0,0.0,0.0,0.0,0.0,0.0,0.0,0.0,0.0,0.0,0.0,0.0,0.0,0.0,0.0,0.0,0.0,0.0,0.0,0.0,0.0,0.0,0.0,0.0,0.0,0.0,0.0,0.0,0.0,0.0,0.0,0.0,0.0,0.0,0.0,0.0,0.0,0.0,0.0,0.0,0.0,0.0,0.0,0.0,0.0,0.0,1.0,0.0,1.0,0.0,2.0,0.0,1.0,0.0,1.0,0.0,1.0,0.0,1.0,0.65,1.0,0.85,1.0,0.0,1.0,0.0,1.0,0.0,1.0,0.15
light_seed1,light,1,692.25,707.25,15.0,8.809544657549752,9.629999999999999,3.0,20.200000000000045,0.0,0.0,0.0,0.0,0.0,2.0,0.0,0.06666666666666667,0.0,0.0,0.0,0.0,0.0,0.0,0.0,2.0,0.0,0.06666666666666667,0.0,0.0,2.0,0.0,50.55,66.45,2.0,0.0,0.0,0.0,0.0,1.0,0.0,0.0,0.0,0.0,0.0,2.0,0.0,0.06666666666666667,0.0,0.0,0.0,0.0,0.0,0.0,0.0,2.0,0.0,0.06666666666666667,0.0,0.0,1.0,0.0,43.35,43.35,1.0,0.0,0.0,0.0,0.0,1.0,0.0,0.0,0.0,0.0,0.0,0.0,0.0,0.0,0.0,0.0,0.0,0.0,0.0,0.0,0.0,0.0,0.0,0.0,0.0,0.0,0.0,0.0,0.0,0.0,0.0,0.0,0.0,0.0,0.0,0.0,0.0,0.0,0.0,0.0,0.0,0.0,0.0,0.0,0.0,0.0,0.0,0.0,0.0,0.0,0.0,0.0,0.0,0.0,0.0,0.0,0.0,0.0,0.0,0.0,0.0,0.0,0.0,0.0,0.0,0.0,1.0,0.0,1.0,0.0,2.0,0.0,1.0,0.7,1.0,0.0,1.0,0.0,1.0,1.65,1.0,1.85,1.0,0.0,1.0,0.0,1.0,0.0,1.0,1.15
light_seed1,light,1,693.25,708.25,15.0,8.817745570696609,9.83,3.0,21.200000000000045,0.0,0.0,0.0,0.0,0.0,2.0,0.0,0.0,0.0,0.0,0.0,0.0,0.0,0.0,0.0,2.0,0.0,0.0,0.0,0.0,2.0,0.0,51.55,67.45,2.0,0.0,0.0,0.0,0.0,1.0,0.0,0.0,0.0,0.0,0.0,2.0,0.0,0.0,0.0,0.0,0.0,0.0,0.0,0.0,0.0,2.0,0.0,0.0,0.0,0.0,1.0,0.0,44.35,44.35,1.0,0.0,0.0,0.0,0.0,1.0,0.0,0.0,0.0,0.0,0.0,0.0,0.0,0.0,0.0,0.0,0.0,0.0,0.0,0.0,0.0,0.0,0.0,0.0,0.0,0.0,0.0,0.0,0.0,0.0,0.0,0.0,0.0,0.0,0.0,0.0,0.0,0.0,0.0,0.0,0.0,0.0,0.0,0.0,0.0,0.0,0.0,0.0,0.0,0.0,0.0,0.0,0.0,0.0,0.0,0.0,0.0,0.0,0.0,0.0,0.0,0.0,0.0,0.0,0.0,0.0,1.0,0.85,1.0,0.0,2.0,0.0,1.0,1.7,1.0,0.0,1.0,0.0,1.0,2.65,1.0,2.85,1.0,0.85,1.0,0.0,1.0,0.85,1.0,2.15
light_seed1,light,1,694.25,709.25,27.0,10.220257893128966,5.572222222222222,3.0,22.200000000000045,1.0,13.866664655947826,0.0,0.0,0.0,2.0,0.06666666666666667,0.0,0.0,0.0,1.0,12.666093025435533,0.0,0.0,0.0,2.0,0.06666666666666667,0.0,0.0,0.0,3.0,0.662423117550709,35.03333333333333,68.45,2.0,0.0,0.06666666666666667,0.0,0.0,-0.16777777777777772,1.0,14.534778425321461,0.0,0.0,0.0,2.0,0.06666666666666667,0.0,0.0,0.0,1.0,12.452514455625192,0.0,0.0,0.0,2.0,0.06666666666666667,0.0,0.0,0.0,2.0,0.9974009783567817,22.675,45.35,1.0,0.0,0.06666666666666667,0.0,0.0,-0.5116666666666667,1.0,15.604925751548263,0.0,0.0,0.0,0.0,0.06666666666666667,0.0,0.0,0.0,1.0,15.650483011964713,0.0,0.0,0.0,0.0,0.06666666666666667,0.0,0.0,0.0,1.0,13.826551288660848,0.0,0.0,0.0,0.0,0.06666666666666667,0.0,0.0,0.0,1.0,11.971349970835726,0.0,0.0,0.0,0.0,0.06666666666666667,0.0,0.0,0.0,1.0,13.857761627113215,0.0,0.0,0.0,0.0,0.06666666666666667,0.0,0.0,0.0,1.0,15.340945786317558,0.0,0.0,0.0,0.0,0.06666666666666667,0.0,0.0,0.0,1.0,1.85,1.0,0.8,1.0,0.0,1.0,2.7,1.0,0.65,1.0,0.0,1.0,3.65,1.0,3.85,1.0,1.85,1.0,0.0,1.0,1.85,1.0,3.15
light_seed1,light,1,695.25,710.25,25.0,10.285305828683803,6.138,3.0,23.200000000000045,1.0,13.877478450969793,0.0,0.0,0.0,2.0,0.06666666666666667,0.0,0.0,0.0,1.0,12.696123372870337,0.0,0.0,0.0,2.0,0.06666666666666667,0.0,0.0,0.0,3.0,1.3232629860682188,35.699999999999996,69.45,2.0,0.0,0.06666666666666667,0.0,0.0,-0.19000000000000009,1.0,14.565720817979903,0.0,0.0,0.0,2.0,0.06666666666666667,0.0,0.0,0.0,1.0,12.459124599280173,0.0,0.0,0.0,2.0,0.06666666666666667,0.0,0.0,0.0,2.0,1.9439538087221517,23.175,46.35,1.0,0.0,0.06666666666666667,0.0,0.0,-0.545,1.0,16.232209760598092,0.0,0.0,0.0,0.0,0.06666666666666667,0.0,0.0,0.0,1.0,16.653655000854286,0.0,0.0,0.0,0.0,0.06666666666666667,0.0,0.0,0.0,1.0,13.866801008462208,0.0,0.0,0.0,0.0,0.06666666666666667,0.0,0.0,0.0,1.0,11.997728445162066,0.0,0.0,0.0,0.0,0.06666666666666667,0.0,0.0,0.0,1.0,13.855616151418072,0.0,0.0,0.0,0.0,0.06666666666666667,0.0,0.0,0.0,1.0,15.27904070988831,0.0,0.0,0.0,0.0,0.06666666666666667,0.0,0.0,0.0,1.0,2.85,1.0,1.8,1.0,0.0,1.0,3.7,1.0,1.65,0.0,0.0,1.0,4.65,1.0,4.85,1.0,2.85,1.0,0.95,1.0,2.85,1.0,4.15
light_seed1,light,1,696.25,711.25,24.0,10.477458492271337,6.51875,3.0,24.200000000000045,1.0,13.852071085262578,0.0,0.0,0.0,2.0,0.06666666666666667,0.0,0.0,0.0,1.0,12.654860536074105,0.0,0.0,0.0,2.0,0.06666666666666667,0.0,0.0,0.0,3.0,1.9851939478707423,36.36666666666667,70.45,2.0,0.0,0.06666666666666667,0.0,0.0,-0.212222222222222,1.0,14.565215212516964,0.0,0.0,0.0,2.0,0.06666666666666667,0.0,0.0,0.0,1.0,12.453253689167893,0.0,0.0,0.0,2.0,0.06666666666666667,0.0,0.0,0.0,2.0,2.929294478822564,23.675,47.35,1.0,0.0,0.06666666666666667,0.0,0.0,-0.5783333333333334,1.0,16.220069516531378,0.0,0.0,0.0,0.0,0.06666666666666667,0.0,0.0,0.0,1.0,16.65541991243139,0.0,0.0,0.0,0.0,0.06666666666666667,0.0,0.0,0.0,1.0,13.844103399097222,0.0,0.0,0.0,0.0,0.06666666666666667,0.0,0.0,0.0,1.0,11.9902337939688,0.0,0.0,0.0,0.0,0.06666666666666667,0.0,0.0,0.0,1.0,13.874437574796612,0.0,0.0,0.0,0.0,0.06666666666666667,0.0,0.0,0.0,1.0,15.26319737335828,0.0,0.0,0.0,0.0,0.06666666666666667,0.0,0.0,0.0,1.0,3.85,1.0,2.8,0.0,0.0,1.0,4.7,1.0,2.65,0.0,0.0,1.0,5.65,1.0,5.85,1.0,3.85,1.0,1.95,1.0,3.85,1.0,5.15
light_seed1,light,1,697.25,712.25,20.0,10.79265726393648,7.972499999999999,3.0,25.200000000000045,1.0,13.882753383318196,0.0,0.0,0.0,2.0,0.06666666666666667,0.0,0.0,0.0,1.0,12.692366305519666,0.0,0.0,0.0,2.0,0.06666666666666667,0.0,0.0,0.0,3.0,2.63400267167761,37.03333333333333,71.45,2.0,0.0,0.06666666666666667,0.0,0.0,-0.23444444444444437,1.0,14.6134190007751,0.0,0.0,0.0,2.0,0.06666666666666667,0.0,0.0,0.0,1.0,12.484945798636751,0.0,0.0,0.0,2.0,0.06666666666666667,0.0,0.0,0.0,2.0,3.940186948771884,24.175,48.35,1.0,0.0,0.06666666666666667,0.0,0.0,-0.6116666666666667,1.0,16.163044387172164,0.0,0.0,0.0,0.0,0.06666666666666667,0.0,0.0,0.0,1.0,16.613073123056445,0.0,0.0,0.0,0.0,0.06666666666666667,0.0,0.0,0.0,1.0,13.885168210243574,0.0,0.0,0.0,0.0,0.06666666666666667,0.0,0.0,0.0,1.0,11.982894146062899,0.0,0.0,0.0,0.0,0.06666666666666667,0.0,0.0,0.0,1.0,13.882977848399896,0.0,0.0,0.0,0.0,0.06666666666666667,0.0,0.0,0.0,1.0,15.258421377265574,0.0,0.0,0.0,0.0,0.06666666666666667,0.0,0.0,0.0,1.0,4.85,1.0,3.8,0.0,0.0,1.0,5.7,1.0,3.65,0.0,0.0,1.0,6.65,1.0,6.85,1.0,4.85,1.0,2.95,1.0,4.85,1.0,6.15
light_seed1,light,1,698.25,713.25,17.0,10.88233060854408,9.555882352941175,3.0,26.200000000000045,1.0,13.859020329916385,0.0,0.0,0.0,2.0,0.06666666666666667,0.0,0.0,0.0,1.0,12.664344461982676,0.0,0.0,0.0,2.0,0.06666666666666667,0.0,0.0,0.0,3.0,3.2936719927293363,37.699999999999996,72.45,2.0,0.0,0.06666666666666667,0.0,0.0,-0.25666666666666677,1.0,14.630099626813562,0.0,0.0,0.0,2.0,0.06666666666666667,0.0,0.0,0.0,1.0,12.494002984779058,0.0,0.0,0.0,2.0,0.06666666666666667,0.0,0.0,0.0,2.0,4.869312945431169,24.675,49.35,1.0,0.0,0.06666666666666667,0.0,0.0,-0.645,1.0,16.154167699056863,0.0,0.0,0.0,0.0,0.06666666666666667,0.0,0.0,0.0,1.0,16.61709699125588,0.0,0.0,0.0,0.0,0.06666666666666667,0.0,0.0,0.0,1.0,13.88760034452309,0.0,0.0,0.0,0.0,0.06666666666666667,0.0,0.0,0.0,1.0,11.974864042899572,0.0,0.0,0.0,0.0,0.06666666666666667,0.0,0.0,0.0,1.0,13.861760636748514,0.0,0.0,0.0,0.0,0.06666666666666667,0.0,0.0,0.0,1.0,15.240861376544208,0.0,0.0,0.0,0.0,0.06666666666666667,0.0,0.0,0.0,1.0,5.85,1.0,4.8,0.0,0.0,1.0,6.7,1.0,4.65,0.0,0.0,1.0,7.65,1.0,7.85,1.0,5.85,1.0,3.95,1.0,5.85,1.0,7.15
light_seed1,light,1,699.25,714.25,17.0,11.266846639093373,9.73235294117647,3.0,27.200000000000045,1.0,13.869998034560123,0.0,0.0,0.0,2.0,0.06666666666666667,0.0,0.0,0.0,1.0,12.702277215033376,0.0,0.0,0.0,2.0,0.06666666666666667,0.0,0.0,0.0,3.0,3.957038312744194,38.36666666666667,73.45,2.0,0.0,0.06666666666666667,0.0,0.0,-0.2788888888888887,1.0,14.598782625515492,0.0,0.0,0.0,2.0,0.06666666666666667,0.0,0.0,0.0,1.0,12.506879724904998,0.0,0.0,0.0,2.0,0.06666666666666667,0.0,0.0,0.0,2.0,5.904627056587799,25.175,50.35,1.0,0.0,0.06666666666666667,0.0,0.0,-0.6783333333333333,1.0,16.22506667759195,0.0,0.0,0.0,0.0,0.06666666666666667,0.0,0.0,0.0,1.0,16.56649857446179,0.0,0.0,0.0,0.0,0.06666666666666667,0.0,0.0,0.0,1.0,13.869473505642965,0.0,0.0,0.0,0.0,0.06666666666666667,0.0,0.0,0.0,1.0,11.998490253326018,0.0,0.0,0.0,0.0,0.06666666666666667,0.0,0.0,0.0,1.0,13.85114639021922,0.0,0.0,0.0,0.0,0.06666666666666667,0.0,0.0,0.0,1.0,15.331302993150175,0.0,0.0,0.0,0.0,0.06666666666666667,0.0,0.0,0.0,1.0,6.85,1.0,5.8,0.0,0.0,1.0,7.7,1.0,5.65,0.0,0.0,1.0,8.65,1.0,8.85,1.0,6.85,1.0,4.95,1.0,6.85,1.0,8.15
light_seed1,light,1,700.25,715.25,15.0,11.222297474496676,11.229999999999999,3.0,28.200000000000045,1.0,13.879435189184733,0.0,0.0,0.0,2.0,0.06666666666666667,0.0,0.0,0.0,1.0,12.694260054880127,0.0,0.0,0.0,2.0,0.06666666666666667,0.0,0.0,0.0,3.0,4.607661820227984,39.03333333333333,74.45,2.0,0.0,0.06666666666666667,0.0,0.0,-0.30111111111111105,1.0,14.58691671266082,0.0,0.0,0.0,2.0,0.06666666666666667,0.0,0.0,0.0,1.0,12.460371227594429,0.0,0.0,0.0,2.0,0.06666666666666667,0.0,0.0,0.0,2.0,6.576125558365438,25.675,51.35,1.0,0.0,0.06666666666666667,0.0,0.0,-0.7116666666666667,1.0,16.180366301696004,0.0,0.0,0.0,0.0,0.06666666666666667,0.0,0.0,0.0,1.0,16.59369220050052,0.0,0.0,0.0,0.0,0.06666666666666667,0.0,0.0,0.0,1.0,13.830953064442147,0.0,0.0,0.0,0.0,0.06666666666666667,0.0,0.0,0.0,1.0,11.989197510411032,0.0,0.0,0.0,0.0,0.06666666666666667,0.0,0.0,0.0,1.0,13.827032573391916,0.0,0.0,0.0,0.0,0.06666666666666667,0.0,0.0,0.0,1.0,15.31700070527357,0.0,0.0,0.0,0.0,0.06666666666666667,0.0,0.0,0.0,1.0,7.85,1.0,6.8,0.0,0.0,1.0,8.7,1.0,6.65,0.0,0.0,1.0,9.65,1.0,9.85,1.0,7.85,1.0,5.95,1.0,7.85,1.0,9.15
light_seed1,light,1,701.25,716.25,15.0,11.229796824560985,11.43,3.0,29.200000000000045,1.0,13.889375001762529,0.0,0.0,0.0,2.0,0.06666666666666667,0.0,0.0,0.0,1.0,12.683847852544698,0.0,0.0,0.0,2.0,0.06666666666666667,0.0,0.0,0.0,3.0,4.628150986517625,39.699999999999996,75.45,2.0,0.0,0.06666666666666667,0.0,0.0,-0.3233333333333334,1.0,14.610060201071681,0.0,0.0,0.0,2.0,0.06666666666666667,0.0,0.0,0.0,1.0,12.465325958409217,0.0,0.0,0.0,2.0,0.06666666666666667,0.0,0.0,0.0,2.0,6.602814900511129,26.175,52.35,1.0,0.0,0.06666666666666667,0.0,0.0,-0.745,1.0,16.225504062540086,0.0,0.0,0.0,0.0,0.06666666666666667,0.0,0.0,0.0,1.0,16.56167033225298,0.0,0.0,0.0,0.0,0.06666666666666667,0.0,0.0,0.0,1.0,13.862671885270393,0.0,0.0,0.0,0.0,0.06666666666666667,0.0,0.0,0.0,1.0,11.984514190878253,0.0,0.0,0.0,0.0,0.06666666666666667,0.0,0.0,0.0,1.0,13.825551591385157,0.0,0.0,0.0,0.0,0.06666666666666667,0.0,0.0,0.0,1.0,15.248348531724632,0.0,0.0,0.0,0.0,0.06666666666666667,0.0,0.0,0.0,1.0,8.85,1.0,7.8,0.0,0.0,1.0,9.7,1.0,7.65,0.0,0.0,1.0,10.65,1.0,10.85,1.0,8.85,1.0,6.95,1.0,8.85,1.0,10.15
light_seed1,light,1,702.25,717.25,15.0,11.225707691123928,11.629999999999999,3.0,0.20000000000004547,1.0,13.88823158476036,0.0,0.0,0.0,1.0,0.06666666666666667,0.0,0.0,0.0,1.0,12.691469949103032,0.0,0.0,0.0,1.0,0.06666666666666667,0.0,0.0,0.0,3.0,4.609389527470339,40.36666666666667,76.45,2.0,0.0,0.06666666666666667,0.0,0.0,-0.34555555555555534,1.0,14.639555584356668,0.0,0.0,0.0,1.0,0.06666666666666667,0.0,0.0,0.0,1.0,12.461984235337573,0.0,0.0,0.0,1.0,0.06666666666666667,0.0,0.0,0.0,2.0,6.5999413361340515,26.675,53.35,1.0,0.0,0.06666666666666667,0.0,0.0,-0.7783333333333334,1.0,16.14687763012126,0.0,0.0,0.0,0.0,0.06666666666666667,0.0,0.0,0.0,1.0,16.590113942936064,0.0,0.0,0.0,0.0,0.06666666666666667,0.0,0.0,0.0,1.0,13.868199217597722,0.0,0.0,0.0,0.0,0.06666666666666667,0.0,0.0,0.0,1.0,11.995160802556201,0.0,0.0,0.0,0.0,0.06666666666666667,0.0,0.0,0.0,1.0,13.84188536505215,0.0,0.0,0.0,0.0,0.06666666666666667,0.0,0.0,0.0,1.0,15.234085800358773,0.0,0.0,0.0,0.0,0.06666666666666667,0.0,0.0,0.0,1.0,9.85,1.0,8.8,0.0,0.0,1.0,10.7,1.0,8.65,0.0,0.0,1.0,11.65,1.0,11.85,1.0,9.85,1.0,7.95,1.0,9.85,1.0,11.15
light_seed1,light,1,703.25,718.25,15.0,10.716071020881246,11.83,3.0,1.2000000000000455,1.0,13.878823739456712,0.0,0.0,0.0,1.0,0.06666666666666667,0.0,0.0,0.0,1.0,12.659636263546838,0.0,0.0,0.0,1.0,0.06666666666666667,0.0,0.0,0.0,3.0,4.61454487749259,41.03333333333333,77.45,2.0,0.0,0.06666666666666667,0.0,0.0,-0.3677777777777777,1.0,14.600746810261638,0.0,0.0,0.0,1.0,0.06666666666666667,0.0,0.0,0.0,1.0,12.469970436746358,0.0,0.0,0.0,1.0,0.06666666666666667,0.0,0.0,0.0,2.0,6.573306998996249,27.175,54.35,1.0,0.0,0.06666666666666667,0.0,0.0,-0.8116666666666668,1.0,13.15255011042146,0.0,0.0,0.0,0.0,0.06666666666666667,0.0,0.0,0.0,1.0,12.045351327471797,0.0,0.0,0.0,0.0,0.06666666666666667,0.0,0.0,0.0,1.0,13.841363542637556,0.0,0.0,0.0,0.0,0.06666666666666667,0.0,0.0,0.0,1.0,11.985049356836825,0.0,0.0,0.0,0.0,0.06666666666666667,0.0,0.0,0.0,1.0,13.86188666096423,0.0,0.0,0.0,0.0,0.06666666666666667,0.0,0.0,0.0,1.0,15.255438434404999,0.0,0.0,0.0,0.0,0.06666666666666667,0.0,0.0,0.0,1.0,10.85,1.0,9.8,0.0,0.0,1.0,11.7,1.0,9.65,0.0,0.0,1.0,12.65,1.0,12.85,1.0,10.85,1.0,8.95,1.0,10.85,1.0,12.15
light_seed1,light,1,704.25,719.25,15.0,9.553255492888459,12.03,3.0,2.2000000000000455,1.0,13.831583136138507,0.0,0.0,0.0,1.0,0.06666666666666667,0.0,0.0,0.0,1.0,12.64771208226199,0.0,0.0,0.0,1.0,0.06666666666666667,0.0,0.0,0.0,3.0,4.62308642376874,41.699999999999996,78.45,2.0,0.0,0.06666666666666667,0.0,0.0,-0.39000000000000007,1.0,12.937130997438947,0.0,0.0,0.0,1.0,0.06666666666666667,0.0,0.0,0.0,1.0,12.505342751260018,0.0,0.0,0.0,1.0,0.06666666666666667,0.0,0.0,0.0,2.0,6.579685703568811,27.675,55.35,1.0,0.0,0.06666666666666667,0.0,0.0,-0.8450000000000001,1.0,7.652550110421453,0.0,0.0,0.0,0.0,0.06666666666666667,0.0,0.0,0.0,1.0,6.553066383601449,0.0,0.0,0.0,0.0,0.06666666666666667,0.0,0.0,0.0,1.0,13.846780598575716,0.0,0.0,0.0,0.0,0.06666666666666667,0.0,0.0,0.0,1.0,11.985566049960907,0.0,0.0,0.0,0.0,0.06666666666666667,0.0,0.0,0.0,1.0,13.889993862379344,0.0,0.0,0.0,0.0,0.06666666666666667,0.0,0.0,0.0,1.0,10.420475742844703,0.0,0.0,0.0,0.0,0.06666666666666667,0.0,0.0,0.0,1.0,11.85,1.0,10.8,0.0,0.0,1.0,12.7,1.0,10.65,0.0,0.0,1.0,13.65,1.0,13.85,1.0,11.85,1.0,9.95,1.0,11.85,1.0,13.15
light_seed1,light,1,705.25,720.25,15.0,7.372912852550175,3.1766666666666667,1.0,0.20000000000004547,1.0,9.8272308003895,0.0,0.0,0.0,0.0,0.06666666666666667,0.0,0.0,0.0,1.0,12.641635705494394,0.0,0.0,0.0,0.0,0.06666666666666667,0.0,0.0,0.0,3.0,4.798201548892827,15.883333333333333,47.65,1.0,2.0,0.06666666666666667,0.0,-0.06666666666666667,-2.1777777777777776,1.0,7.439747769133601,0.0,0.0,0.0,0.0,0.06666666666666667,0.0,0.0,0.0,1.0,12.490611934186296,0.0,0.0,0.0,0.0,0.06666666666666667,0.0,0.0,0.0,2.0,7.012455178415696,0.0,0.0,0.0,2.0,0.06666666666666667,0.0,-0.06666666666666667,-2.756666666666667,1.0,2.1525762216092503,0.0,0.0,0.0,0.0,0.06666666666666667,0.0,0.0,0.0,1.0,1.0531923133144288,0.0,0.0,0.0,0.0,0.06666666666666667,0.0,0.0,0.0,1.0,9.830720906849656,0.0,0.0,0.0,0.0,0.06666666666666667,0.0,0.0,0.0,1.0,11.984771950521973,0.0,0.0,0.0,0.0,0.06666666666666667,0.0,0.0,0.0,1.0,9.827276899082397,0.0,0.0,0.0,0.0,0.06666666666666667,0.0,0.0,0.0,1.0,4.926413284161256,0.0,0.0,0.0,0.0,0.06666666666666667,0.0,0.0,0.0,1.0,12.85,1.0,11.8,0.0,0.0,1.0,13.7,1.0,11.65,0.0,0.0,1.0,0.0,1.0,0.0,1.0,12.85,1.0,0.0,1.0,0.0,1.0,14.15
light_seed1,light,1,706.25,721.25,15.0,5.601026756865435,0.11,3.0,1.2000000000000455,1.0,5.329536408071078,0.0,0.0,0.0,0.0,0.06666666666666667,0.0,0.0,0.0,1.0,9.972935740879691,0.0,0.0,0.0,0.0,0.06666666666666667,0.0,0.0,0.0,2.0,7.168744083303682,0.0,0.0,0.0,2.0,0.06666666666666667,0.06666666666666667,-0.13333333333333333,-3.3033333333333332,1.0,1.9397477691335974,0.0,0.0,0.0,0.0,0.06666666666666667,0.0,0.0,0.0,1.0,10.8090221946432,0.0,0.0,0.0,0.0,0.06666666666666667,0.0,0.0,0.0,1.0,13.185939729810595,0.0,0.0,0.0,2.0,0.06666666666666667,0.06666666666666667,-0.06666666666666667,-2.8233333333333333,1.0,0.0,0.65,0.65,1.0,0.0,0.06666666666666667,0.0,0.06666666666666667,0.043333333333333335,1.0,0.0,0.85,0.85,1.0,0.0,0.06666666666666667,0.0,0.06666666666666667,0.056666666666666664,1.0,5.330720906849663,0.0,0.0,0.0,0.0,0.06666666666666667,0.0,0.0,0.0,1.0,11.975528910253196,0.0,0.0,0.0,0.0,0.06666666666666667,0.0,0.0,0.0,1.0,5.327276899082404,0.0,0.0,0.0,0.0,0.06666666666666667,0.0,0.0,0.0,1.0,0.0,0.15,0.15,1.0,0.0,0.06666666666666667,0.0,0.06666666666666667,0.01,1.0,13.85,1.0,12.8,0.0,0.0,1.0,14.7,1.0,12.65,0.0,0.0,0.0,0.0,0.0,0.0,1.0,13.85,0.0,0.0,0.0,0.0,1.0,15.15
light_seed1,light,1,707.25,722.25,15.0,3.9494752370632553,0.35666666666666663,4.0,2.2000000000000455,1.0,0.8295364080710789,0.0,0.0,0.0,0.0,0.06666666666666667,0.0,0.0,0.0,1.0,5.4761301538023925,0.0,0.0,0.0,0.0,0.06666666666666667,0.0,0.0,0.0,2.0,6.718972811939393,0.0,0.0,0.0,2.0,0.06666666666666667,0.06666666666666667,-0.13333333333333333,-3.3699999999999997,1.0,0.0,0.7,0.7,1.0,0.0,0.06666666666666667,0.0,0.06666666666666667,0.04666666666666666,1.0,6.318342813249877,0.0,0.0,0.0,0.0,0.06666666666666667,0.0,0.0,0.0,1.0,13.150244965790442,0.0,0.0,0.0,2.0,0.06666666666666667,0.06666666666666667,-0.06666666666666667,-2.89,1.0,0.0,1.65,1.65,1.0,0.0,0.06666666666666667,0.0,0.06666666666666667,0.11,1.0,0.0,1.85,1.85,1.0,0.0,0.06666666666666667,0.0,0.06666666666666667,0.12333333333333334,1.0,0.8403542538649127,0.0,0.0,0.0,0.0,0.06666666666666667,0.0,0.0,0.0,1.0,8.363259765218801,0.0,0.0,0.0,0.0,0.06666666666666667,0.0,0.0,0.0,1.0,0.8368254872714208,0.0,0.0,0.0,0.0,0.06666666666666667,0.0,0.0,0.0,1.0,0.0,1.15,1.15,1.0,0.0,0.06666666666666667,0.0,0.06666666666666667,0.07666666666666666,1.0,14.85,1.0,13.8,0.0,0.0,1.0,15.7,1.0,13.65,0.0,0.0,0.0,0.0,0.0,0.0,1.0,14.85,0.0,0.0,0.0,0.0,1.0,16.15
light_seed1,light,1,708.25,723.25,15.0,3.226084620751585,0.7933333333333333,7.0,3.2000000000000455,1.0,0.0,0.85,0.85,1.0,0.0,0.06666666666666667,0.0,0.06666666666666667,0.056666666666666664,1.0,1.000150382285947,0.0,0.0,0.0,0.0,0.06666666666666667,0.0,0.0,0.0,2.0,6.796312067418104,0.0,0.0,0.0,2.0,0.06666666666666667,0.06666666666666667,-0.13333333333333333,-3.4366666666666665,1.0,0.0,1.7,1.7,1.0,0.0,0.06666666666666667,0.0,0.06666666666666667,0.11333333333333333,1.0,1.8244012979038944,0.0,0.0,0.0,0.0,0.06666666666666667,0.0,0.0,0.0,1.0,13.190409011171104,0.0,0.0,0.0,2.0,0.06666666666666667,0.06666666666666667,-0.06666666666666667,-2.9566666666666666,1.0,0.0,2.65,2.65,1.0,0.0,0.06666666666666667,0.0,0.06666666666666667,0.17666666666666667,1.0,0.0,2.85,2.85,1.0,0.0,0.06666666666666667,0.0,0.06666666666666667,0.19,1.0,0.0,0.85,0.85,1.0,0.0,0.06666666666666667,0.0,0.06666666666666667,0.056666666666666664,1.0,4.365596174817057,0.0,0.0,0.0,0.0,0.06666666666666667,0.0,0.0,0.0,1.0,0.0,0.85,0.85,1.0,0.0,0.06666666666666667,0.0,0.06666666666666667,0.056666666666666664,1.0,0.0,2.15,2.15,1.0,0.0,0.06666666666666667,0.0,0.06666666666666667,0.14333333333333334,1.0,15.85,1.0,14.8,0.0,0.0,1.0,16.7,1.0,14.65,0.0,0.0,0.0,0.0,0.0,0.0,1.0,15.85,0.0,0.0,0.0,0.0,1.0,17.15
light_seed1,light,1,709.25,724.25,15.0,3.1243886719378327,1.3566666666666667,9.0,4.2000000000000455,1.0,0.0,1.85,1.85,1.0,0.0,0.0,0.0,0.06666666666666667,0.12333333333333334,1.0,0.0,0.8,0.8,1.0,0.0,0.0,0.0,0.06666666666666667,0.05333333333333334,1.0,8.60403452361265,0.0,0.0,0.0,2.0,0.0,0.13333333333333333,-0.13333333333333333,-2.3355555555555556,1.0,0.0,2.7,2.7,1.0,0.0,0.0,0.0,0.06666666666666667,0.18000000000000002,1.0,0.0,0.65,0.65,1.0,0.0,0.0,0.0,0.06666666666666667,0.043333333333333335,1.0,13.202334911556353,0.0,0.0,0.0,2.0,0.0,0.06666666666666667,-0.06666666666666667,-1.5116666666666667,1.0,0.0,3.65,3.65,1.0,0.0,0.0,0.0,0.06666666666666667,0.24333333333333332,1.0,0.0,3.85,3.85,1.0,0.0,0.0,0.0,0.06666666666666667,0.25666666666666665,1.0,0.0,1.85,1.85,1.0,0.0,0.0,0.0,0.06666666666666667,0.12333333333333334,1.0,0.373153353710211,0.0,0.0,0.0,0.0,0.0,0.0,0.0,0.0,1.0,0.0,1.85,1.85,1.0,0.0,0.0,0.0,0.06666666666666667,0.12333333333333334,1.0,0.0,3.15,3.15,1.0,0.0,0.0,0.0,0.06666666666666667,0.21,1.0,16.85,1.0,15.8,0.0,0.0,1.0,17.7,1.0,15.65,0.0,0.0,0.0,0.0,0.0,0.0,1.0,16.85,0.0,0.0,0.0,0.0,1.0,18.15
light_seed1,light,1,710.25,725.25,15.0,3.449779467421902,2.02,10.0,5.2000000000000455,1.0,0.0,2.85,2.85,1.0,0.0,0.0,0.0,0.06666666666666667,0.19,1.0,0.0,1.8,1.8,1.0,0.0,0.0,0.0,0.06666666666666667,0.12000000000000001,1.0,8.873107602093834,0.0,0.0,0.0,2.0,0.0,0.13333333333333333,-0.13333333333333333,-2.38,1.0,0.0,3.7,3.7,1.0,0.0,0.0,0.0,0.06666666666666667,0.24666666666666667,1.0,0.0,1.65,1.65,1.0,0.0,0.0,0.0,0.06666666666666667,0.11,0.0,0.0,0.0,0.0,0.0,2.0,0.0,0.13333333333333333,-0.06666666666666667,-1.5450000000000002,1.0,0.0,4.65,4.65,1.0,0.0,0.0,0.0,0.06666666666666667,0.31,1.0,0.0,4.85,4.85,1.0,0.0,0.0,0.0,0.06666666666666667,0.3233333333333333,1.0,0.0,2.85,2.85,1.0,0.0,0.0,0.0,0.06666666666666667,0.19,1.0,0.0,0.95,0.95,1.0,0.0,0.0,0.0,0.06666666666666667,0.06333333333333332,1.0,0.0,2.85,2.85,1.0,0.0,0.0,0.0,0.06666666666666667,0.19,1.0,0.0,4.15,4.15,1.0,0.0,0.0,0.0,0.06666666666666667,0.27666666666666667,1.0,17.85,1.0,16.8,0.0,0.0,1.0,18.7,1.0,16.65,0.0,0.0,0.0,0.0,0.0,0.0,1.0,17.85,0.0,0.0,0.0,0.0,1.0,19.15
light_seed1,light,1,711.25,726.25,15.0,3.6474738707908045,2.6866666666666665,10.0,6.2000000000000455,1.0,0.0,3.85,3.85,1.0,0.0,0.0,0.0,0.06666666666666667,0.25666666666666665,1.0,0.0,2.8,2.8,1.0,0.0,0.0,0.0,0.06666666666666667,0.18666666666666665,0.0,0.0,0.0,0.0,0.0,2.0,0.0,0.2,-0.13333333333333333,-2.4244444444444446,1.0,0.0,4.7,4.7,1.0,0.0,0.0,0.0,0.06666666666666667,0.31333333333333335,1.0,0.0,2.65,2.65,1.0,0.0,0.0,0.0,0.06666666666666667,0.17666666666666667,0.0,0.0,0.0,0.0,0.0,2.0,0.0,0.13333333333333333,-0.06666666666666667,-1.5783333333333334,1.0,0.0,5.65,5.65,1.0,0.0,0.0,0.0,0.06666666666666667,0.3766666666666667,1.0,0.0,5.85,5.85,1.0,0.0,0.0,0.0,0.06666666666666667,0.38999999999999996,1.0,0.0,3.85,3.85,1.0,0.0,0.0,0.0,0.06666666666666667,0.25666666666666665,1.0,0.0,1.95,1.95,1.0,0.0,0.0,0.0,0.06666666666666667,0.13,1.0,0.0,3.85,3.85,1.0,0.0,0.0,0.0,0.06666666666666667,0.25666666666666665,1.0,0.0,5.15,5.15,1.0,0.0,0.0,0.0,0.06666666666666667,0.3433333333333334,1.0,18.85,1.0,17.8,0.0,0.0,1.0,19.7,1.0,17.65,0.0,0.0,0.0,0.0,0.0,0.0,1.0,18.85,0.0,0.0,0.0,0.0,1.0,20.15
light_seed1,light,1,712.25,727.25,15.0,3.7356038280425516,3.353333333333333,10.0,7.2000000000000455,1.0,0.0,4.85,4.85,1.0,0.0,0.0,0.0,0.06666666666666667,0.3233333333333333,1.0,0.0,3.8,3.8,1.0,0.0,0.0,0.0,0.06666666666666667,0.2533333333333333,0.0,0.0,0.0,0.0,0.0,2.0,0.0,0.2,-0.13333333333333333,-2.468888888888889,1.0,0.0,5.7,5.7,1.0,0.0,0.0,0.0,0.06666666666666667,0.38,1.0,0.0,3.65,3.65,1.0,0.0,0.0,0.0,0.06666666666666667,0.24333333333333332,0.0,0.0,0.0,0.0,0.0,2.0,0.0,0.13333333333333333,-0.06666666666666667,-1.6116666666666668,1.0,0.0,6.65,6.65,1.0,0.0,0.0,0.0,0.06666666666666667,0.44333333333333336,1.0,0.0,6.85,6.85,1.0,0.0,0.0,0.0,0.06666666666666667,0.45666666666666667,1.0,0.0,4.85,4.85,1.0,0.0,0.0,0.0,0.06666666666666667,0.3233333333333333,1.0,0.0,2.95,2.95,1.0,0.0,0.0,0.0,0.06666666666666667,0.19666666666666668,1.0,0.0,4.85,4.85,1.0,0.0,0.0,0.0,0.06666666666666667,0.3233333333333333,1.0,0.0,6.15,6.15,1.0,0.0,0.0,0.0,0.06666666666666667,0.41000000000000003,1.0,19.85,1.0,18.8,0.0,0.0,1.0,20.7,1.0,18.65,0.0,0.0,0.0,0.0,0.0,0.0,1.0,19.85,0.0,0.0,0.0,0.0,1.0,21.15
light_seed1,light,1,713.25,728.25,15.0,3.793418817517124,4.02,10.0,8.200000000000045,1.0,0.0,5.85,5.85,1.0,0.0,0.0,0.0,0.06666666666666667,0.38999999999999996,1.0,0.0,4.8,4.8,1.0,0.0,0.0,0.0,0.06666666666666667,0.32,0.0,0.0,0.0,0.0,0.0,2.0,0.0,0.2,-0.13333333333333333,-2.513333333333333,1.0,0.0,6.7,6.7,1.0,0.0,0.0,0.0,0.06666666666666667,0.44666666666666666,1.0,0.0,4.65,4.65,1.0,0.0,0.0,0.0,0.06666666666666667,0.31,0.0,0.0,0.0,0.0,0.0,2.0,0.0,0.13333333333333333,-0.06666666666666667,-1.645,1.0,0.0,7.65,7.65,1.0,0.0,0.0,0.0,0.06666666666666667,0.51,1.0,0.0,7.85,7.85,1.0,0.0,0.0,0.0,0.06666666666666667,0.5233333333333333,1.0,0.0,5.85,5.85,1.0,0.0,0.0,0.0,0.06666666666666667,0.38999999999999996,1.0,0.0,3.95,3.95,1.0,0.0,0.0,0.0,0.06666666666666667,0.26333333333333336,1.0,0.0,5.85,5.85,1.0,0.0,0.0,0.0,0.06666666666666667,0.38999999999999996,1.0,0.0,7.15,7.15,1.0,0.0,0.0,0.0,0.06666666666666667,0.4766666666666667,1.0,20.85,1.0,19.8,0.0,0.0,1.0,21.7,1.0,19.65,0.0,0.0,0.0,0.0,0.0,0.0,1.0,20.85,0.0,0.0,0.0,0.0,1.0,22.15
light_seed1,light,1,714.25,729.25,15.0,3.8157615895407933,4.6866666666666665,10.0,9.200000000000045,1.0,0.0,6.85,6.85,1.0,0.0,0.0,0.0,0.06666666666666667,0.45666666666666667,1.0,0.0,5.8,5.8,1.0,0.0,0.0,0.0,0.06666666666666667,0.38666666666666666,0.0,0.0,0.0,0.0,0.0,2.0,0.0,0.2,-0.13333333333333333,-2.557777777777778,1.0,0.0,7.7,7.7,1.0,0.0,0.0,0.0,0.06666666666666667,0.5133333333333333,1.0,0.0,5.65,5.65,1.0,0.0,0.0,0.0,0.06666666666666667,0.3766666666666667,0.0,0.0,0.0,0.0,0.0,2.0,0.0,0.13333333333333333,-0.06666666666666667,-1.6783333333333335,1.0,0.0,8.65,8.65,1.0,0.0,0.0,0.0,0.06666666666666667,0.5766666666666667,1.0,0.0,8.85,8.85,1.0,0.0,0.0,0.0,0.06666666666666667,0.59,1.0,0.0,6.85,6.85,1.0,0.0,0.0,0.0,0.06666666666666667,0.45666666666666667,1.0,0.0,4.95,4.95,1.0,0.0,0.0,0.0,0.06666666666666667,0.33,1.0,0.0,6.85,6.85,1.0,0.0,0.0,0.0,0.06666666666666667,0.45666666666666667,1.0,0.0,8.15,8.15,1.0,0.0,0.0,0.0,0.06666666666666667,0.5433333333333333,1.0,21.85,1.0,20.8,0.0,0.0,1.0,22.7,1.0,20.65,0.0,0.0,0.0,0.0,0.0,0.0,1.0,21.85,0.0,0.0,0.0,0.0,1.0,23.15
light_seed1,light,1,715.25,730.25,15.0,3.8254061401185733,5.3533333333333335,10.0,10.200000000000045,1.0,0.0,7.85,7.85,1.0,0.0,0.0,0.0,0.06666666666666667,0.5233333333333333,1.0,0.0,6.8,6.8,1.0,0.0,0.0,0.0,0.06666666666666667,0.4533333333333333,0.0,0.0,0.0,0.0,0.0,2.0,0.0,0.2,-0.13333333333333333,-2.602222222222222,1.0,0.0,8.7,8.7,1.0,0.0,0.0,0.0,0.06666666666666667,0.58,1.0,0.0,6.65,6.65,1.0,0.0,0.0,0.0,0.06666666666666667,0.44333333333333336,0.0,0.0,0.0,0.0,0.0,2.0,0.0,0.13333333333333333,-0.06666666666666667,-1.7116666666666667,1.0,0.0,9.65,9.65,1.0,0.0,0.0,0.0,0.06666666666666667,0.6433333333333333,1.0,0.0,9.85,9.85,1.0,0.0,0.0,0.0,0.06666666666666667,0.6566666666666666,1.0,0.0,7.85,7.85,1.0,0.0,0.0,0.0,0.06666666666666667,0.5233333333333333,1.0,0.0,5.95,5.95,1.0,0.0,0.0,0.0,0.06666666666666667,0.39666666666666667,1.0,0.0,7.85,7.85,1.0,0.0,0.0,0.0,0.06666666666666667,0.5233333333333333,1.0,0.0,9.15,9.15,1.0,0.0,0.0,0.0,0.06666666666666667,0.61,1.0,22.85,1.0,21.8,0.0,0.0,1.0,23.7,1.0,21.65,0.0,0.0,0.0,0.0,0.0,0.0,1.0,22.85,0.0,0.0,0.0,0.0,1.0,24.15
light_seed1,light,1,716.25,731.25,15.0,3.8302337549994045,6.02,10.0,11.200000000000045,1.0,0.0,8.85,8.85,1.0,0.0,0.0,0.0,0.06666666666666667,0.59,1.0,0.0,7.8,7.8,1.0,0.0,0.0,0.0,0.06666666666666667,0.52,0.0,0.0,0.0,0.0,0.0,2.0,0.0,0.2,-0.13333333333333333,-2.6466666666666665,1.0,0.0,9.7,9.7,1.0,0.0,0.0,0.0,0.06666666666666667,0.6466666666666666,1.0,0.0,7.65,7.65,1.0,0.0,0.0,0.0,0.06666666666666667,0.51,0.0,0.0,0.0,0.0,0.0,2.0,0.0,0.13333333333333333,-0.06666666666666667,-1.745,1.0,0.0,10.65,10.65,1.0,0.0,0.0,0.0,0.06666666666666667,0.7100000000000001,1.0,0.0,10.85,10.85,1.0,0.0,0.0,0.0,0.06666666666666667,0.7233333333333333,1.0,0.0,8.85,8.85,1.0,0.0,0.0,0.0,0.06666666666666667,0.59,1.0,0.0,6.95,6.95,1.0,0.0,0.0,0.0,0.06666666666666667,0.4633333333333333,1.0,0.0,8.85,8.85,1.0,0.0,0.0,0.0,0.06666666666666667,0.59,1.0,0.0,10.15,10.15,1.0,0.0,0.0,0.0,0.06666666666666667,0.6766666666666666,1.0,23.85,1.0,22.8,0.0,0.0,1.0,24.7,1.0,22.65,0.0,0.0,0.0,0.0,0.0,0.0,1.0,23.85,0.0,0.0,0.0,0.0,1.0,25.15
light_seed1,light,1,717.25,732.25,15.0,3.846762010277316,6.6866666666666665,10.0,0.20000000000004547,1.0,0.0,9.85,9.85,1.0,0.0,0.0,0.0,0.06666666666666667,0.6566666666666666,1.0,0.0,8.8,8.8,1.0,0.0,0.0,0.0,0.06666666666666667,0.5866666666666667,0.0,0.0,0.0,0.0,0.0,1.0,0.0,0.2,-0.13333333333333333,-2.6911111111111112,1.0,0.0,10.7,10.7,1.0,0.0,0.0,0.0,0.06666666666666667,0.7133333333333333,1.0,0.0,8.65,8.65,1.0,0.0,0.0,0.0,0.06666666666666667,0.5766666666666667,0.0,0.0,0.0,0.0,0.0,1.0,0.0,0.13333333333333333,-0.06666666666666667,-1.7783333333333333,1.0,0.0,11.65,11.65,1.0,0.0,0.0,0.0,0.06666666666666667,0.7766666666666667,1.0,0.0,11.85,11.85,1.0,0.0,0.0,0.0,0.06666666666666667,0.7899999999999999,1.0,0.0,9.85,9.85,1.0,0.0,0.0,0.0,0.06666666666666667,0.6566666666666666,1.0,0.0,7.95,7.95,1.0,0.0,0.0,0.0,0.06666666666666667,0.53,1.0,0.0,9.85,9.85,1.0,0.0,0.0,0.0,0.06666666666666667,0.6566666666666666,1.0,0.0,11.15,11.15,1.0,0.0,0.0,0.0,0.06666666666666667,0.7433333333333334,1.0,24.85,1.0,23.8,0.0,0.0,1.0,25.7,1.0,23.65,0.0,0.0,0.0,0.0,0.0,0.0,1.0,24.85,0.0,0.0,0.0,0.0,1.0,26.15
light_seed1,light,1,718.25,733.25,15.0,3.8424654203213464,7.3533333333333335,10.0,1.2000000000000455,1.0,0.0,10.85,10.85,1.0,0.0,0.0,0.0,0.06666666666666667,0.7233333333333333,1.0,0.0,9.8,9.8,1.0,0.0,0.0,0.0,0.06666666666666667,0.6533333333333334,0.0,0.0,0.0,0.0,0.0,1.0,0.0,0.2,-0.13333333333333333,-2.7355555555555555,1.0,0.0,11.7,11.7,1.0,0.0,0.0,0.0,0.06666666666666667,0.7799999999999999,1.0,0.0,9.65,9.65,1.0,0.0,0.0,0.0,0.06666666666666667,0.6433333333333333,0.0,0.0,0.0,0.0,0.0,1.0,0.0,0.13333333333333333,-0.06666666666666667,-1.8116666666666668,1.0,0.0,12.65,12.65,1.0,0.0,0.0,0.0,0.06666666666666667,0.8433333333333334,1.0,0.0,12.85,12.85,1.0,0.0,0.0,0.0,0.06666666666666667,0.8566666666666667,1.0,0.0,10.85,10.85,1.0,0.0,0.0,0.0,0.06666666666666667,0.7233333333333333,1.0,0.0,8.95,8.95,1.0,0.0,0.0,0.0,0.06666666666666667,0.5966666666666666,1.0,0.0,10.85,10.85,1.0,0.0,0.0,0.0,0.06666666666666667,0.7233333333333333,1.0,0.0,12.15,12.15,1.0,0.0,0.0,0.0,0.06666666666666667,0.81,1.0,25.85,1.0,24.8,0.0,0.0,1.0,26.7,1.0,24.65,0.0,0.0,0.0,0.0,0.0,0.0,1.0,25.85,0.0,0.0,0.0,0.0,1.0,27.15
light_seed1,light,1,719.25,734.25,15.0,3.8538904389704376,8.02,10.0,2.2000000000000455,1.0,0.0,11.85,11.85,1.0,0.0,0.0,0.0,0.06666666666666667,0.7899999999999999,1.0,0.0,10.8,10.8,1.0,0.0,0.0,0.0,0.06666666666666667,0.7200000000000001,0.0,0.0,0.0,0.0,0.0,1.0,0.0,0.2,-0.13333333333333333,-2.78,1.0,0.0,12.7,12.7,1.0,0.0,0.0,0.0,0.06666666666666667,0.8466666666666666,1.0,0.0,10.65,10.65,1.0,0.0,0.0,0.0,0.06666666666666667,0.7100000000000001,0.0,0.0,0.0,0.0,0.0,1.0,0.0,0.13333333333333333,-0.06666666666666667,-1.845,1.0,0.0,13.65,13.65,1.0,0.0,0.0,0.0,0.06666666666666667,0.91,1.0,0.0,13.85,13.85,1.0,0.0,0.0,0.0,0.06666666666666667,0.9233333333333333,1.0,0.0,11.85,11.85,1.0,0.0,0.0,0.0,0.06666666666666667,0.7899999999999999,1.0,0.0,9.95,9.95,1.0,0.0,0.0,0.0,0.06666666666666667,0.6633333333333333,1.0,0.0,11.85,11.85,1.0,0.0,0.0,0.0,0.06666666666666667,0.7899999999999999,1.0,0.0,13.15,13.15,1.0,0.0,0.0,0.0,0.06666666666666667,0.8766666666666667,1.0,26.85,1.0,25.8,0.0,0.0,1.0,27.7,1.0,25.65,0.0,0.0,0.0,0.0,0.0,0.0,1.0,26.85,0.0,0.0,0.0,0.0,1.0,28.15
light_seed1,light,1,720.25,735.25,15.0,4.030177948956759,5.133333333333334,6.0,0.20000000000004547,1.0,0.0,12.85,12.85,1.0,0.0,0.0,0.0,0.06666666666666667,0.8566666666666667,1.0,0.0,11.8,11.8,1.0,0.0,0.0,0.0,0.06666666666666667,0.7866666666666667,0.0,0.0,0.0,0.0,0.0,0.0,0.0,0.2,-0.06666666666666667,-1.0588888888888888,1.0,0.0,13.7,13.7,1.0,0.0,0.0,0.0,0.06666666666666667,0.9133333333333333,1.0,0.0,11.65,11.65,1.0,0.0,0.0,0.0,0.06666666666666667,0.7766666666666667,0.0,0.0,0.0,0.0,0.0,0.0,0.0,0.13333333333333333,0.0,0.0,1.0,0.7575378730433214,0.0,0.0,0.0,2.0,0.0,0.0,0.0,0.0,1.0,0.7570582978151822,0.0,0.0,0.0,2.0,0.0,0.0,0.0,0.0,1.0,0.0,12.85,12.85,1.0,0.0,0.0,0.0,0.06666666666666667,0.8566666666666667,1.0,0.4797205396816107,0.0,0.0,0.0,2.0,0.0,0.0,0.0,0.0,1.0,0.6346105099362315,0.0,0.0,0.0,2.0,0.0,0.0,0.0,0.0,1.0,0.0,14.15,14.15,1.0,0.0,0.0,0.0,0.06666666666666667,0.9433333333333334,1.0,27.85,1.0,26.8,0.0,0.0,1.0,28.7,1.0,26.65,0.0,0.0,0.0,0.0,0.0,0.0,1.0,27.85,0.0,0.0,0.0,0.0,1.0,29.15
light_seed1,light,1,721.25,736.25,15.0,4.6167233098341285,5.533333333333333,6.0,1.2000000000000455,1.0,0.0,13.85,13.85,1.0,0.0,0.0,0.0,0.06666666666666667,0.9233333333333333,1.0,0.0,12.8,12.8,1.0,0.0,0.0,0.0,0.06666666666666667,0.8533333333333334,0.0,0.0,0.0,0.0,0.0,0.0,0.0,0.13333333333333333,0.0,0.0,1.0,0.0,14.7,14.7,1.0,0.0,0.0,0.0,0.06666666666666667,0.98,1.0,0.0,12.65,12.65,1.0,0.0,0.0,0.0,0.06666666666666667,0.8433333333333334,0.0,0.0,0.0,0.0,0.0,0.0,0.0,0.06666666666666667,0.0,0.0,0.0,0.0,0.0,0.0,0.0,2.0,0.0,0.06666666666666667,-0.06666666666666667,-0.043333333333333335,0.0,0.0,0.0,0.0,0.0,2.0,0.0,0.06666666666666667,-0.06666666666666667,-0.056666666666666664,1.0,0.0,13.85,13.85,1.0,0.0,0.0,0.0,0.06666666666666667,0.9233333333333333,0.0,0.0,0.0,0.0,0.0,2.0,0.0,0.06666666666666667,0.0,0.0,0.0,0.0,0.0,0.0,0.0,2.0,0.0,0.06666666666666667,0.0,0.0,1.0,0.0,15.15,15.15,1.0,0.0,0.0,0.0,0.0,1.0,1.0,28.85,1.0,27.8,0.0,0.0,1.0,29.7,1.0,27.65,0.0,0.0,0.0,0.0,0.0,0.0,1.0,28.85,0.0,0.0,0.0,0.0,1.0,30.15
light_seed1,light,1,722.25,737.25,15.0,5.151519670782289,5.933333333333334,6.0,2.2000000000000455,1.0,0.0,14.85,14.85,1.0,0.0,0.0,0.0,0.06666666666666667,0.99,1.0,0.0,13.8,13.8,1.0,0.0,0.0,0.0,0.06666666666666667,0.92,0.0,0.0,0.0,0.0,0.0,0.0,0.0,0.13333333333333333,0.0,0.0,1.0,0.0,15.7,15.7,1.0,0.0,0.0,0.0,0.0,1.0,1.0,0.0,13.65,13.65,1.0,0.0,0.0,0.0,0.06666666666666667,0.91,0.0,0.0,0.0,0.0,0.0,0.0,0.0,0.06666666666666667,0.0,0.0,0.0,0.0,0.0,0.0,0.0,2.0,0.0,0.06666666666666667,-0.06666666666666667,-0.11,0.0,0.0,0.0,0.0,0.0,2.0,0.0,0.06666666666666667,-0.06666666666666667,-0.12333333333333334,1.0,0.0,14.85,14.85,1.0,0.0,0.0,0.0,0.06666666666666667,0.99,0.0,0.0,0.0,0.0,0.0,2.0,0.0,0.06666666666666667,0.0,0.0,0.0,0.0,0.0,0.0,0.0,2.0,0.0,0.06666666666666667,0.0,0.0,1.0,0.0,16.15,16.15,1.0,0.0,0.0,0.0,0.0,0.9999999999999999,1.0,29.85,1.0,28.8,0.0,0.0,1.0,30.7,1.0,28.65,0.0,0.0,0.0,0.0,0.0,0.0,1.0,29.85,0.0,0.0,0.0,0.0,1.0,31.15
light_seed1,light,1,723.25,738.25,14.0,5.015760831491711,6.785714285714286,6.0,3.2000000000000455,1.0,0.0,15.85,15.85,1.0,0.0,0.0,0.0,0.0,1.0,1.0,0.0,14.8,14.8,1.0,0.0,0.0,0.0,0.06666666666666667,0.9866666666666667,0.0,0.0,0.0,0.0,0.0,0.0,0.0,0.13333333333333333,0.0,0.0,1.0,0.0,16.7,16.7,1.0,0.0,0.0,0.0,0.0,1.0,1.0,0.0,14.65,14.65,1.0,0.0,0.0,0.0,0.06666666666666667,0.9766666666666667,0.0,0.0,0.0,0.0,0.0,0.0,0.0,0.06666666666666667,0.0,0.0,0.0,0.0,0.0,0.0,0.0,2.0,0.0,0.06666666666666667,-0.06666666666666667,-0.17666666666666667,0.0,0.0,0.0,0.0,0.0,2.0,0.0,0.06666666666666667,-0.06666666666666667,-0.19,1.0,0.0,15.85,15.85,1.0,0.0,0.0,0.0,0.0,1.0,0.0,0.0,0.0,0.0,0.0,2.0,0.0,0.06666666666666667,0.0,0.0,0.0,0.0,0.0,0.0,0.0,2.0,0.0,0.06666666666666667,-0.06666666666666667,-0.056666666666666664,1.0,0.0,17.15,17.15,1.0,0.0,0.0,0.0,0.0,0.9999999999999999,1.0,30.85,1.0,29.8,0.0,0.0,1.0,31.7,1.0,29.65,0.0,0.0,0.0,0.0,0.0,0.0,1.0,30.85,0.0,0.0,0.0,0.0,1.0,32.15
light_seed1,light,1,724.25,739.25,14.0,5.542890308193842,7.214285714285714,6.0,4.2000000000000455,1.0,0.0,16.85,16.85,1.0,0.0,0.0,0.0,0.0,1.0000000000000002,1.0,0.0,15.8,15.8,1.0,0.0,0.0,0.0,0.0,1.0,0.0,0.0,0.0,0.0,0.0,0.0,0.0,0.06666666666666667,0.0,0.0,1.0,0.0,17.7,17.7,1.0,0.0,0.0,0.0,0.0,1.0,1.0,0.0,15.65,15.65,1.0,0.0,0.0,0.0,0.0,1.0,0.0,0.0,0.0,0.0,0.0,0.0,0.0,0.06666666666666667,0.0,0.0,0.0,0.0,0.0,0.0,0.0,2.0,0.0,0.06666666666666667,-0.06666666666666667,-0.24333333333333332,0.0,0.0,0.0,0.0,0.0,2.0,0.0,0.06666666666666667,-0.06666666666666667,-0.25666666666666665,1.0,0.0,16.85,16.85,1.0,0.0,0.0,0.0,0.0,1.0000000000000002,0.0,0.0,0.0,0.0,0.0,2.0,0.0,0.06666666666666667,0.0,0.0,0.0,0.0,0.0,0.0,0.0,2.0,0.0,0.06666666666666667,-0.06666666666666667,-0.12333333333333334,1.0,0.0,18.15,18.15,1.0,0.0,0.0,0.0,0.0,0.9999999999999999,1.0,31.85,1.0,30.8,0.0,0.0,1.0,32.7,1.0,30.65,0.0,0.0,0.0,0.0,0.0,0.0,1.0,31.85,0.0,0.0,0.0,0.0,1.0,33.15
light_seed1,light,1,725.25,740.25,14.0,6.0881168384678475,7.642857142857143,6.0,5.2000000000000455,1.0,0.0,17.85,17.85,1.0,0.0,0.0,0.0,0.0,1.0000000000000002,1.0,0.0,16.8,16.8,1.0,0.0,0.0,0.0,0.0,1.0,0.0,0.0,0.0,0.0,0.0,0.0,0.0,0.06666666666666667,0.0,0.0,1.0,0.0,18.7,18.7,1.0,0.0,0.0,0.0,0.0,1.0,1.0,0.0,16.65,16.65,1.0,0.0,0.0,0.0,0.0,0.9999999999999999,0.0,0.0,0.0,0.0,0.0,0.0,0.0,0.0,0.0,0.0,0.0,0.0,0.0,0.0,0.0,2.0,0.0,0.06666666666666667,-0.06666666666666667,-0.31,0.0,0.0,0.0,0.0,0.0,2.0,0.0,0.06666666666666667,-0.06666666666666667,-0.3233333333333333,1.0,0.0,17.85,17.85,1.0,0.0,0.0,0.0,0.0,1.0000000000000002,0.0,0.0,0.0,0.0,0.0,2.0,0.0,0.06666666666666667,-0.06666666666666667,-0.06333333333333332,0.0,0.0,0.0,0.0,0.0,2.0,0.0,0.06666666666666667,-0.06666666666666667,-0.19,1.0,0.0,19.15,19.15,1.0,0.0,0.0,0.0,0.0,0.9999999999999999,1.0,32.85,1.0,31.8,0.0,0.0,1.0,33.7,1.0,31.65,0.0,0.0,0.0,0.0,0.0,0.0,1.0,32.85,0.0,0.0,0.0,0.0,1.0,34.15
light_seed1,light,1,726.25,741.25,14.0,6.6447004207057825,8.071428571428571,6.0,6.2000000000000455,1.0,0.0,18.85,18.85,1.0,0.0,0.0,0.0,0.0,1.0000000000000002,1.0,0.0,17.8,17.8,1.0,0.0,0.0,0.0,0.0,1.0,0.0,0.0,0.0,0.0,0.0,0.0,0.0,0.0,0.0,0.0,1.0,0.0,19.7,19.7,1.0,0.0,0.0,0.0,0.0,1.0,1.0,0.0,17.65,17.65,1.0,0.0,0.0,0.0,0.0,0.9999999999999999,0.0,0.0,0.0,0.0,0.0,0.0,0.0,0.0,0.0,0.0,0.0,0.0,0.0,0.0,0.0,2.0,0.0,0.06666666666666667,-0.06666666666666667,-0.3766666666666667,0.0,0.0,0.0,0.0,0.0,2.0,0.0,0.06666666666666667,-0.06666666666666667,-0.38999999999999996,1.0,0.0,18.85,18.85,1.0,0.0,0.0,0.0,0.0,1.0000000000000002,0.0,0.0,0.0,0.0,0.0,2.0,0.0,0.06666666666666667,-0.06666666666666667,-0.13,0.0,0.0,0.0,0.0,0.0,2.0,0.0,0.06666666666666667,-0.06666666666666667,-0.25666666666666665,1.0,0.0,20.15,20.15,1.0,0.0,0.0,0.0,0.0,0.9999999999999999,1.0,33.85,1.0,32.8,0.0,0.0,1.0,34.7,1.0,32.65,0.0,0.0,0.0,0.0,0.0,0.0,1.0,33.85,0.0,0.0,0.0,0.0,1.0,35.15
light_seed1,light,1,727.25,742.25,13.0,6.649753265536722,9.153846153846153,6.0,7.2000000000000455,1.0,0.0,19.85,19.85,1.0,0.0,0.0,0.0,0.0,1.0000000000000002,1.0,0.0,18.8,18.8,1.0,0.0,0.0,0.0,0.0,1.0,0.0,0.0,0.0,0.0,0.0,0.0,0.0,0.0,0.0,0.0,1.0,0.0,20.7,20.7,1.0,0.0,0.0,0.0,0.0,1.0,1.0,0.0,18.65,18.65,1.0,0.0,0.0,0.0,0.0,0.9999999999999999,0.0,0.0,0.0,0.0,0.0,0.0,0.0,0.0,0.0,0.0,0.0,0.0,0.0,0.0,0.0,2.0,0.0,0.06666666666666667,-0.06666666666666667,-0.44333333333333336,0.0,0.0,0.0,0.0,0.0,2.0,0.0,0.06666666666666667,-0.06666666666666667,-0.45666666666666667,1.0,0.0,19.85,19.85,1.0,0.0,0.0,0.0,0.0,1.0000000000000002,0.0,0.0,0.0,0.0,0.0,2.0,0.0,0.06666666666666667,-0.06666666666666667,-0.19666666666666668,0.0,0.0,0.0,0.0,0.0,2.0,0.0,0.06666666666666667,-0.06666666666666667,-0.3233333333333333,1.0,0.0,21.15,21.15,1.0,0.0,0.0,0.0,0.0,0.9999999999999999,1.0,34.85,1.0,33.8,0.0,0.0,1.0,35.7,1.0,33.65,0.0,0.0,0.0,0.0,0.0,0.0,1.0,34.85,0.0,0.0,0.0,0.0,1.0,36.15
light_seed1,light,1,728.25,743.25,13.0,6.862697749440035,9.615384615384615,6.0,8.200000000000045,1.0,0.0,20.85,20.85,1.0,0.0,0.0,0.0,0.0,1.0000000000000002,1.0,0.0,19.8,19.8,1.0,0.0,0.0,0.0,0.0,1.0,0.0,0.0,0.0,0.0,0.0,0.0,0.0,0.0,0.0,0.0,1.0,0.0,21.7,21.7,1.0,0.0,0.0,0.0,0.0,1.0,1.0,0.0,19.65,19.65,1.0,0.0,0.0,0.0,0.0,0.9999999999999999,0.0,0.0,0.0,0.0,0.0,0.0,0.0,0.0,0.0,0.0,0.0,0.0,0.0,0.0,0.0,2.0,0.0,0.06666666666666667,-0.06666666666666667,-0.51,0.0,0.0,0.0,0.0,0.0,2.0,0.0,0.06666666666666667,-0.06666666666666667,-0.5233333333333333,1.0,0.0,20.85,20.85,1.0,0.0,0.0,0.0,0.0,1.0000000000000002,0.0,0.0,0.0,0.0,0.0,2.0,0.0,0.06666666666666667,-0.06666666666666667,-0.26333333333333336,0.0,0.0,0.0,0.0,0.0,2.0,0.0,0.06666666666666667,-0.06666666666666667,-0.38999999999999996,1.0,0.0,22.15,22.15,1.0,0.0,0.0,0.0,0.0,0.9999999999999999,1.0,35.85,1.0,34.8,0.0,0.0,1.0,36.7,1.0,34.65,0.0,0.0,0.0,0.0,0.0,0.0,1.0,35.85,0.0,0.0,0.0,0.0,1.0,37.15
light_seed1,light,1,729.25,744.25,13.0,7.028538990065305,10.076923076923077,6.0,9.200000000000045,1.0,0.0,21.85,21.85,1.0,0.0,0.0,0.0,0.0,1.0000000000000002,1.0,0.0,20.8,20.8,1.0,0.0,0.0,0.0,0.0,1.0,0.0,0.0,0.0,0.0,0.0,0.0,0.0,0.0,0.0,0.0,1.0,0.0,22.7,22.7,1.0,0.0,0.0,0.0,0.0,1.0,1.0,0.0,20.65,20.65,1.0,0.0,0.0,0.0,0.0,0.9999999999999999,0.0,0.0,0.0,0.0,0.0,0.0,0.0,0.0,0.0,0.0,0.0,0.0,0.0,0.0,0.0,2.0,0.0,0.06666666666666667,-0.06666666666666667,-0.5766666666666667,0.0,0.0,0.0,0.0,0.0,2.0,0.0,0.06666666666666667,-0.06666666666666667,-0.59,1.0,0.0,21.85,21.85,1.0,0.0,0.0,0.0,0.0,1.0000000000000002,0.0,0.0,0.0,0.0,0.0,2.0,0.0,0.06666666666666667,-0.06666666666666667,-0.33,0.0,0.0,0.0,0.0,0.0,2.0,0.0,0.06666666666666667,-0.06666666666666667,-0.45666666666666667,1.0,0.0,23.15,23.15,1.0,0.0,0.0,0.0,0.0,0.9999999999999999,1.0,36.85,1.0,35.8,0.0,0.0,1.0,37.7,1.0,35.65,0.0,0.0,0.0,0.0,0.0,0.0,1.0,36.85,0.0,0.0,0.0,0.0,1.0,38.15
light_seed1,light,1,730.25,745.25,12.0,6.787423775097644,11.416666666666666,6.0,10.200000000000045,1.0,0.0,22.85,22.85,1.0,0.0,0.0,0.0,0.0,1.0000000000000002,1.0,0.0,21.8,21.8,1.0,0.0,0.0,0.0,0.0,1.0,0.0,0.0,0.0,0.0,0.0,0.0,0.0,0.0,0.0,0.0,1.0,0.0,23.7,23.7,1.0,0.0,0.0,0.0,0.0,1.0,1.0,0.0,21.65,21.65,1.0,0.0,0.0,0.0,0.0,0.9999999999999999,0.0,0.0,0.0,0.0,0.0,0.0,0.0,0.0,0.0,0.0,0.0,0.0,0.0,0.0,0.0,2.0,0.0,0.06666666666666667,-0.06666666666666667,-0.6433333333333333,0.0,0.0,0.0,0.0,0.0,2.0,0.0,0.06666666666666667,-0.06666666666666667,-0.6566666666666666,1.0,0.0,22.85,22.85,1.0,0.0,0.0,0.0,0.0,1.0000000000000002,0.0,0.0,0.0,0.0,0.0,2.0,0.0,0.06666666666666667,-0.06666666666666667,-0.39666666666666667,0.0,0.0,0.0,0.0,0.0,2.0,0.0,0.06666666666666667,-0.06666666666666667,-0.5233333333333333,1.0,0.0,24.15,24.15,1.0,0.0,0.0,0.0,0.0,0.9999999999999999,1.0,37.85,1.0,36.8,0.0,0.0,1.0,38.7,1.0,36.65,0.0,0.0,0.0,0.0,0.0,0.0,1.0,37.85,0.0,0.0,0.0,0.0,1.0,39.15
light_seed1,light,1,731.25,746.25,11.0,6.443303740838188,13.0,6.0,11.200000000000045,1.0,0.0,23.85,23.85,1.0,0.0,0.0,0.0,0.0,1.0000000000000002,1.0,0.0,22.8,22.8,1.0,0.0,0.0,0.0,0.0,1.0,0.0,0.0,0.0,0.0,0.0,0.0,0.0,0.0,0.0,0.0,1.0,0.0,24.7,24.7,1.0,0.0,0.0,0.0,0.0,1.0,1.0,0.0,22.65,22.65,1.0,0.0,0.0,0.0,0.0,0.9999999999999999,0.0,0.0,0.0,0.0,0.0,0.0,0.0,0.0,0.0,0.0,0.0,0.0,0.0,0.0,0.0,2.0,0.0,0.06666666666666667,-0.06666666666666667,-0.7100000000000001,0.0,0.0,0.0,0.0,0.0,2.0,0.0,0.06666666666666667,-0.06666666666666667,-0.7233333333333333,1.0,0.0,23.85,23.85,1.0,0.0,0.0,0.0,0.0,1.0000000000000002,0.0,0.0,0.0,0.0,0.0,2.0,0.0,0.06666666666666667,-0.06666666666666667,-0.4633333333333333,0.0,0.0,0.0,0.0,0.0,2.0,0.0,0.06666666666666667,-0.06666666666666667,-0.59,1.0,0.0,25.15,25.15,1.0,0.0,0.0,0.0,0.0,0.9999999999999999,1.0,38.85,1.0,37.8,0.0,0.0,1.0,39.7,1.0,37.65,0.0,0.0,0.0,0.0,0.0,0.0,1.0,38.85,0.0,0.0,0.0,0.0,1.0,40.15
light_seed1,light,1,732.25,747.25,10.0,5.8673700973632235,14.9,6.0,12.200000000000045,1.0,0.0,24.85,24.85,1.0,0.0,0.0,0.0,0.0,1.0000000000000002,1.0,0.0,23.8,23.8,1.0,0.0,0.0,0.0,0.0,1.0,0.0,0.0,0.0,0.0,0.0,0.0,0.0,0.0,0.0,0.0,1.0,0.0,25.7,25.7,1.0,0.0,0.0,0.0,0.0,1.0,1.0,0.0,23.65,23.65,1.0,0.0,0.0,0.0,0.0,0.9999999999999999,0.0,0.0,0.0,0.0,0.0,0.0,0.0,0.0,0.0,0.0,0.0,0.0,0.0,0.0,0.0,2.0,0.0,0.06666666666666667,-0.06666666666666667,-0.7766666666666667,0.0,0.0,0.0,0.0,0.0,2.0,0.0,0.06666666666666667,-0.06666666666666667,-0.7899999999999999,1.0,0.0,24.85,24.85,1.0,0.0,0.0,0.0,0.0,1.0000000000000002,0.0,0.0,0.0,0.0,0.0,2.0,0.0,0.06666666666666667,-0.06666666666666667,-0.53,0.0,0.0,0.0,0.0,0.0,2.0,0.0,0.06666666666666667,-0.06666666666666667,-0.6566666666666666,1.0,0.0,26.15,26.15,1.0,0.0,0.0,0.0,0.0,0.9999999999999999,1.0,39.85,1.0,38.8,0.0,0.0,1.0,40.7,1.0,38.65,0.0,0.0,0.0,0.0,0.0,0.0,1.0,39.85,0.0,0.0,0.0,0.0,1.0,41.15
light_seed1,light,1,733.25,748.25,10.0,5.86210368175725,15.5,6.0,13.200000000000045,1.0,0.0,25.85,25.85,1.0,0.0,0.0,0.0,0.0,1.0000000000000002,1.0,0.0,24.8,24.8,1.0,0.0,0.0,0.0,0.0,1.0,0.0,0.0,0.0,0.0,0.0,0.0,0.0,0.0,0.0,0.0,1.0,0.0,26.7,26.7,1.0,0.0,0.0,0.0,0.0,1.0,1.0,0.0,24.65,24.65,1.0,0.0,0.0,0.0,0.0,0.9999999999999999,0.0,0.0,0.0,0.0,0.0,0.0,0.0,0.0,0.0,0.0,0.0,0.0,0.0,0.0,0.0,2.0,0.0,0.06666666666666667,-0.06666666666666667,-0.8433333333333334,0.0,0.0,0.0,0.0,0.0,2.0,0.0,0.06666666666666667,-0.06666666666666667,-0.8566666666666667,1.0,0.0,25.85,25.85,1.0,0.0,0.0,0.0,0.0,1.0000000000000002,0.0,0.0,0.0,0.0,0.0,2.0,0.0,0.06666666666666667,-0.06666666666666667,-0.5966666666666666,0.0,0.0,0.0,0.0,0.0,2.0,0.0,0.06666666666666667,-0.06666666666666667,-0.7233333333333333,1.0,0.0,27.15,27.15,1.0,0.0,0.0,0.0,0.0,0.9999999999999999,1.0,40.85,1.0,39.8,0.0,0.0,1.0,41.7,1.0,39.65,0.0,0.0,0.0,0.0,0.0,0.0,1.0,40.85,0.0,0.0,0.0,0.0,1.0,42.15
light_seed1,light,1,734.25,749.25,10.0,5.8632169003752255,16.1,6.0,14.200000000000045,1.0,0.0,26.85,26.85,1.0,0.0,0.0,0.0,0.0,1.0000000000000002,1.0,0.0,25.8,25.8,1.0,0.0,0.0,0.0,0.0,1.0,0.0,0.0,0.0,0.0,0.0,0.0,0.0,0.0,0.0,0.0,1.0,0.0,27.7,27.7,1.0,0.0,0.0,0.0,0.0,1.0,1.0,0.0,25.65,25.65,1.0,0.0,0.0,0.0,0.0,0.9999999999999999,0.0,0.0,0.0,0.0,0.0,0.0,0.0,0.0,0.0,0.0,0.0,0.0,0.0,0.0,0.0,2.0,0.0,0.06666666666666667,-0.06666666666666667,-0.91,0.0,0.0,0.0,0.0,0.0,2.0,0.0,0.06666666666666667,-0.06666666666666667,-0.9233333333333333,1.0,0.0,26.85,26.85,1.0,0.0,0.0,0.0,0.0,1.0000000000000002,0.0,0.0,0.0,0.0,0.0,2.0,0.0,0.06666666666666667,-0.06666666666666667,-0.6633333333333333,0.0,0.0,0.0,0.0,0.0,2.0,0.0,0.06666666666666667,-0.06666666666666667,-0.7899999999999999,1.0,0.0,28.15,28.15,1.0,0.0,0.0,0.0,0.0,0.9999999999999999,1.0,41.85,1.0,40.8,0.0,0.0,1.0,42.7,1.0,40.65,0.0,0.0,0.0,0.0,0.0,0.0,1.0,41.85,0.0,0.0,0.0,0.0,1.0,43.15
light_seed1,light,1,735.25,750.25,10.0,5.862517771256337,16.7,6.0,15.200000000000045,1.0,0.0,27.85,27.85,1.0,0.0,0.0,0.0,0.0,1.0000000000000002,1.0,0.0,26.8,26.8,1.0,0.0,0.0,0.0,0.0,1.0,0.0,0.0,0.0,0.0,0.0,0.0,0.0,0.0,0.0,0.0,1.0,0.0,28.7,28.7,1.0,0.0,0.0,0.0,0.0,1.0,1.0,0.0,26.65,26.65,1.0,0.0,0.0,0.0,0.0,0.9999999999999999,0.0,0.0,0.0,0.0,0.0,0.0,0.0,0.0,0.0,0.0,0.0,0.0,0.0,0.0,0.0,2.0,0.0,0.06666666666666667,0.0,0.0,0.0,0.0,0.0,0.0,0.0,2.0,0.0,0.06666666666666667,0.0,0.0,1.0,0.0,27.85,27.85,1.0,0.0,0.0,0.0,0.0,1.0000000000000002,0.0,0.0,0.0,0.0,0.0,2.0,0.0,0.06666666666666667,0.0,0.0,0.0,0.0,0.0,0.0,0.0,2.0,0.0,0.06666666666666667,0.0,0.0,1.0,0.0,29.15,29.15,1.0,0.0,0.0,0.0,0.0,0.9999999999999999,1.0,42.85,1.0,41.8,0.0,0.0,1.0,43.7,1.0,41.65,0.0,0.0,0.0,0.0,0.0,0.0,1.0,42.85,0.0,0.0,0.0,0.0,1.0,44.15
light_seed1,light,1,736.25,751.25,9.0,4.721408819073552,19.22222222222222,6.0,16.200000000000045,1.0,0.0,28.85,28.85,1.0,0.0,0.0,0.0,0.0,1.0000000000000002,1.0,0.0,27.8,27.8,1.0,0.0,0.0,0.0,0.0,1.0,0.0,0.0,0.0,0.0,0.0,0.0,0.0,0.0,0.0,0.0,1.0,0.0,29.7,29.7,1.0,0.0,0.0,0.0,0.0,1.0,1.0,0.0,27.65,27.65,1.0,0.0,0.0,0.0,0.0,0.9999999999999999,0.0,0.0,0.0,0.0,0.0,0.0,0.0,0.0,0.0,0.0,0.0,0.0,0.0,0.0,0.0,2.0,0.0,0.0,0.0,0.0,0.0,0.0,0.0,0.0,0.0,2.0,0.0,0.0,0.0,0.0,1.0,0.0,28.85,28.85,1.0,0.0,0.0,0.0,0.0,1.0000000000000002,0.0,0.0,0.0,0.0,0.0,2.0,0.0,0.0,0.0,0.0,0.0,0.0,0.0,0.0,0.0,2.0,0.0,0.0,0.0,0.0,1.0,0.0,30.15,30.15,1.0,0.0,0.0,0.0,0.0,0.9999999999999999,1.0,43.85,1.0,42.8,0.0,0.0,1.0,44.7,1.0,42.65,0.0,0.0,0.0,0.0,0.0,0.0,1.0,43.85,0.0,0.0,0.0,0.0,1.0,45.15
light_seed1,light,1,737.25,752.25,8.0,3.2273221498072964,22.375,6.0,17.200000000000045,1.0,0.0,29.85,29.85,1.0,0.0,0.0,0.0,0.0,1.0000000000000002,1.0,0.0,28.8,28.8,1.0,0.0,0.0,0.0,0.0,1.0,0.0,0.0,0.0,0.0,0.0,0.0,0.0,0.0,0.0,0.0,1.0,0.0,30.7,30.7,1.0,0.0,0.0,0.0,0.0,1.0,1.0,0.0,28.65,28.65,1.0,0.0,0.0,0.0,0.0,0.9999999999999999,0.0,0.0,0.0,0.0,0.0,0.0,0.0,0.0,0.0,0.0,0.0,0.0,0.0,0.0,0.0,2.0,0.0,0.0,0.0,0.0,0.0,0.0,0.0,0.0,0.0,2.0,0.0,0.0,0.0,0.0,1.0,0.0,29.85,29.85,1.0,0.0,0.0,0.0,0.0,1.0000000000000002,0.0,0.0,0.0,0.0,0.0,2.0,0.0,0.0,0.0,0.0,0.0,0.0,0.0,0.0,0.0,2.0,0.0,0.0,0.0,0.0,1.0,0.0,31.15,31.15,1.0,0.0,0.0,0.0,0.0,1.0,1.0,44.85,1.0,43.8,0.0,0.0,1.0,45.7,1.0,43.65,0.0,0.0,0.0,0.0,0.0,0.0,1.0,44.85,0.0,0.0,0.0,0.0,1.0,46.15
light_seed1,light,1,738.25,753.25,8.0,3.234336489648995,23.125,6.0,18.200000000000045,1.0,0.0,30.85,30.85,1.0,0.0,0.0,0.0,0.0,1.0000000000000002,1.0,0.0,29.8,29.8,1.0,0.0,0.0,0.0,0.0,1.0,0.0,0.0,0.0,0.0,0.0,0.0,0.0,0.0,0.0,0.0,1.0,0.0,31.7,31.7,1.0,0.0,0.0,0.0,0.0,1.0,1.0,0.0,29.65,29.65,1.0,0.0,0.0,0.0,0.0,0.9999999999999999,0.0,0.0,0.0,0.0,0.0,0.0,0.0,0.0,0.0,0.0,0.0,0.0,0.0,0.0,0.0,2.0,0.0,0.0,0.0,0.0,0.0,0.0,0.0,0.0,0.0,2.0,0.0,0.0,0.0,0.0,1.0,0.0,30.85,30.85,1.0,0.0,0.0,0.0,0.0,1.0000000000000002,0.0,0.0,0.0,0.0,0.0,2.0,0.0,0.0,0.0,0.0,0.0,0.0,0.0,0.0,0.0,2.0,0.0,0.0,0.0,0.0,1.0,0.0,32.15,32.15,1.0,0.0,0.0,0.0,0.0,1.0,1.0,45.85,1.0,44.8,0.0,0.0,1.0,46.7,1.0,44.65,0.0,0.0,0.0,0.0,0.0,0.0,1.0,0.0,0.0,0.0,0.0,0.0,1.0,0.0
light_seed1,light,1,739.25,754.25,8.0,3.23321986177034,23.875,6.0,19.200000000000045,1.0,0.0,31.85,31.85,1.0,0.0,0.0,0.0,0.0,1.0,1.0,0.0,30.8,30.8,1.0,0.0,0.0,0.0,0.0,1.0,0.0,0.0,0.0,0.0,0.0,0.0,0.0,0.0,0.0,0.0,1.0,0.0,32.7,32.7,1.0,0.0,0.0,0.0,0.0,1.0000000000000002,1.0,0.0,30.65,30.65,1.0,0.0,0.0,0.0,0.0,0.9999999999999999,0.0,0.0,0.0,0.0,0.0,0.0,0.0,0.0,0.0,0.0,0.0,0.0,0.0,0.0,0.0,2.0,0.0,0.0,0.0,0.0,0.0,0.0,0.0,0.0,0.0,2.0,0.0,0.0,0.0,0.0,1.0,0.0,31.85,31.85,1.0,0.0,0.0,0.0,0.0,1.0,0.0,0.0,0.0,0.0,0.0,2.0,0.0,0.0,0.0,0.0,0.0,0.0,0.0,0.0,0.0,2.0,0.0,0.0,0.0,0.0,1.0,0.0,33.15,33.15,1.0,0.0,0.0,0.0,0.0,1.0,1.0,46.85,1.0,45.8,0.0,0.0,1.0,47.7,1.0,45.65,0.0,0.0,0.0,0.0,0.0,0.0,0.0,0.0,0.0,0.0,0.0,0.0,0.0,0.0
light_seed1,light,1,740.25,755.25,6.0,0.0,32.833333333333336,6.0,20.200000000000045,1.0,0.0,32.85,32.85,1.0,0.0,0.0,0.0,0.0,1.0,1.0,0.0,31.8,31.8,1.0,0.0,0.0,0.0,0.0,1.0,0.0,0.0,0.0,0.0,0.0,0.0,0.0,0.0,0.0,0.0,1.0,0.0,33.7,33.7,1.0,0.0,0.0,0.0,0.0,1.0000000000000002,1.0,0.0,31.65,31.65,1.0,0.0,0.0,0.0,0.0,1.0,0.0,0.0,0.0,0.0,0.0,0.0,0.0,0.0,0.0,0.0,0.0,0.0,0.0,0.0,0.0,2.0,0.0,0.0,0.0,0.0,0.0,0.0,0.0,0.0,0.0,2.0,0.0,0.0,0.0,0.0,1.0,0.0,32.85,32.85,1.0,0.0,0.0,0.0,0.0,1.0,0.0,0.0,0.0,0.0,0.0,2.0,0.0,0.0,0.0,0.0,0.0,0.0,0.0,0.0,0.0,2.0,0.0,0.0,0.0,0.0,1.0,0.0,34.15,34.15,1.0,0.0,0.0,0.0,0.0,1.0,1.0,47.85,1.0,46.8,0.0,0.0,1.0,48.7,1.0,46.65,0.0,0.0,0.0,0.0,0.0,0.0,0.0,0.0,0.0,0.0,0.0,0.0,0.0,0.0
light_seed1,light,1,741.25,756.25,6.0,0.0,33.833333333333336,6.0,21.200000000000045,1.0,0.0,33.85,33.85,1.0,0.0,0.0,0.0,0.0,1.0,1.0,0.0,32.8,32.8,1.0,0.0,0.0,0.0,0.0,0.9999999999999998,0.0,0.0,0.0,0.0,0.0,0.0,0.0,0.0,0.0,0.0,1.0,0.0,34.7,34.7,1.0,0.0,0.0,0.0,0.0,1.0000000000000002,1.0,0.0,32.65,32.65,1.0,0.0,0.0,0.0,0.0,1.0,0.0,0.0,0.0,0.0,0.0,0.0,0.0,0.0,0.0,0.0,0.0,0.0,0.0,0.0,0.0,2.0,0.0,0.0,0.0,0.0,0.0,0.0,0.0,0.0,0.0,2.0,0.0,0.0,0.0,0.0,1.0,0.0,33.85,33.85,1.0,0.0,0.0,0.0,0.0,1.0,0.0,0.0,0.0,0.0,0.0,2.0,0.0,0.0,0.0,0.0,0.0,0.0,0.0,0.0,0.0,2.0,0.0,0.0,0.0,0.0,1.0,0.0,35.15,35.15,1.0,0.0,0.0,0.0,0.0,1.0,1.0,48.85,1.0,47.8,0.0,0.0,1.0,49.7,1.0,47.65,0.0,0.0,0.0,0.0,0.0,0.0,0.0,0.0,0.0,0.0,0.0,0.0,0.0,0.0
light_seed1,light,1,742.25,757.25,6.0,0.0,34.833333333333336,6.0,22.200000000000045,1.0,0.0,34.85,34.85,1.0,0.0,0.0,0.0,0.0,1.0,1.0,0.0,33.8,33.8,1.0,0.0,0.0,0.0,0.0,0.9999999999999998,0.0,0.0,0.0,0.0,0.0,0.0,0.0,0.0,0.0,0.0,1.0,0.0,35.7,35.7,1.0,0.0,0.0,0.0,0.0,1.0000000000000002,1.0,0.0,33.65,33.65,1.0,0.0,0.0,0.0,0.0,1.0,0.0,0.0,0.0,0.0,0.0,0.0,0.0,0.0,0.0,0.0,0.0,0.0,0.0,0.0,0.0,2.0,0.0,0.0,0.0,0.0,0.0,0.0,0.0,0.0,0.0,2.0,0.0,0.0,0.0,0.0,1.0,0.0,34.85,34.85,1.0,0.0,0.0,0.0,0.0,1.0,0.0,0.0,0.0,0.0,0.0,2.0,0.0,0.0,0.0,0.0,0.0,0.0,0.0,0.0,0.0,2.0,0.0,0.0,0.0,0.0,1.0,0.0,36.15,36.15,1.0,0.0,0.0,0.0,0.0,1.0,1.0,49.85,1.0,48.8,0.0,0.0,1.0,50.7,1.0,48.65,0.0,0.0,0.0,0.0,0.0,0.0,0.0,0.0,0.0,0.0,0.0,0.0,0.0,0.0
light_seed1,light,1,743.25,758.25,6.0,0.0,35.833333333333336,6.0,23.200000000000045,1.0,0.0,35.85,35.85,1.0,0.0,0.0,0.0,0.0,1.0,1.0,0.0,34.8,34.8,1.0,0.0,0.0,0.0,0.0,0.9999999999999998,0.0,0.0,0.0,0.0,0.0,0.0,0.0,0.0,0.0,0.0,1.0,0.0,36.7,36.7,1.0,0.0,0.0,0.0,0.0,1.0000000000000002,1.0,0.0,34.65,34.65,1.0,0.0,0.0,0.0,0.0,1.0,0.0,0.0,0.0,0.0,0.0,0.0,0.0,0.0,0.0,0.0,0.0,0.0,0.0,0.0,0.0,2.0,0.0,0.0,0.0,0.0,0.0,0.0,0.0,0.0,0.0,2.0,0.0,0.0,0.0,0.0,1.0,0.0,35.85,35.85,1.0,0.0,0.0,0.0,0.0,1.0,0.0,0.0,0.0,0.0,0.0,2.0,0.0,0.0,0.0,0.0,0.0,0.0,0.0,0.0,0.0,2.0,0.0,0.0,0.0,0.0,1.0,0.0,37.15,37.15,1.0,0.0,0.0,0.0,0.0,1.0,1.0,50.85,1.0,49.8,0.0,0.0,1.0,51.7,1.0,49.65,0.0,0.0,0.0,0.0,0.0,0.0,0.0,0.0,0.0,0.0,0.0,0.0,0.0,0.0
light_seed1,light,1,744.25,759.25,6.0,0.0,36.833333333333336,6.0,24.200000000000045,1.0,0.0,36.85,36.85,1.0,0.0,0.0,0.0,0.0,1.0,1.0,0.0,35.8,35.8,1.0,0.0,0.0,0.0,0.0,0.9999999999999998,0.0,0.0,0.0,0.0,0.0,0.0,0.0,0.0,0.0,0.0,1.0,0.0,37.7,37.7,1.0,0.0,0.0,0.0,0.0,1.0000000000000002,1.0,0.0,35.65,35.65,1.0,0.0,0.0,0.0,0.0,1.0,0.0,0.0,0.0,0.0,0.0,0.0,0.0,0.0,0.0,0.0,0.0,0.0,0.0,0.0,0.0,2.0,0.0,0.0,0.0,0.0,0.0,0.0,0.0,0.0,0.0,2.0,0.0,0.0,0.0,0.0,1.0,0.0,36.85,36.85,1.0,0.0,0.0,0.0,0.0,1.0,0.0,0.0,0.0,0.0,0.0,2.0,0.0,0.0,0.0,0.0,0.0,0.0,0.0,0.0,0.0,2.0,0.0,0.0,0.0,0.0,1.0,0.0,38.15,38.15,1.0,0.0,0.0,0.0,0.0,1.0,1.0,51.85,1.0,50.8,0.0,0.0,1.0,52.7,1.0,50.65,0.0,0.0,0.0,0.0,0.0,0.0,0.0,0.0,0.0,0.0,0.0,0.0,0.0,0.0
light_seed1,light,1,745.25,760.25,6.0,0.0,37.833333333333336,6.0,25.200000000000045,1.0,0.0,37.85,37.85,1.0,0.0,0.0,0.0,0.0,1.0,1.0,0.0,36.8,36.8,1.0,0.0,0.0,0.0,0.0,0.9999999999999998,0.0,0.0,0.0,0.0,0.0,0.0,0.0,0.0,0.0,0.0,1.0,0.0,38.7,38.7,1.0,0.0,0.0,0.0,0.0,1.0000000000000002,1.0,0.0,36.65,36.65,1.0,0.0,0.0,0.0,0.0,1.0,0.0,0.0,0.0,0.0,0.0,0.0,0.0,0.0,0.0,0.0,0.0,0.0,0.0,0.0,0.0,2.0,0.0,0.0,0.0,0.0,0.0,0.0,0.0,0.0,0.0,2.0,0.0,0.0,0.0,0.0,1.0,0.0,37.85,37.85,1.0,0.0,0.0,0.0,0.0,1.0,0.0,0.0,0.0,0.0,0.0,2.0,0.0,0.0,0.0,0.0,0.0,0.0,0.0,0.0,0.0,2.0,0.0,0.0,0.0,0.0,1.0,0.0,39.15,39.15,1.0,0.0,0.0,0.0,0.0,1.0,1.0,52.85,1.0,51.8,0.0,0.0,1.0,53.7,1.0,51.65,0.0,0.0,0.0,0.0,0.0,0.0,0.0,0.0,0.0,0.0,0.0,0.0,0.0,0.0
light_seed1,light,1,746.25,761.25,6.0,0.0,38.833333333333336,6.0,26.200000000000045,1.0,0.0,38.85,38.85,1.0,0.0,0.0,0.0,0.0,1.0,1.0,0.0,37.8,37.8,1.0,0.0,0.0,0.0,0.0,0.9999999999999998,0.0,0.0,0.0,0.0,0.0,0.0,0.0,0.0,0.0,0.0,1.0,0.0,39.7,39.7,1.0,0.0,0.0,0.0,0.0,1.0000000000000002,1.0,0.0,37.65,37.65,1.0,0.0,0.0,0.0,0.0,1.0,0.0,0.0,0.0,0.0,0.0,0.0,0.0,0.0,0.0,0.0,0.0,0.0,0.0,0.0,0.0,2.0,0.0,0.0,0.0,0.0,0.0,0.0,0.0,0.0,0.0,2.0,0.0,0.0,0.0,0.0,1.0,0.0,38.85,38.85,1.0,0.0,0.0,0.0,0.0,1.0,0.0,0.0,0.0,0.0,0.0,2.0,0.0,0.0,0.0,0.0,0.0,0.0,0.0,0.0,0.0,2.0,0.0,0.0,0.0,0.0,1.0,0.0,40.15,40.15,1.0,0.0,0.0,0.0,0.0,1.0,1.0,53.85,1.0,52.8,0.0,0.0,1.0,54.7,1.0,52.65,0.0,0.0,0.0,0.0,0.0,0.0,0.0,0.0,0.0,0.0,0.0,0.0,0.0,0.0
light_seed1,light,1,747.25,762.25,6.0,0.0,39.833333333333336,6.0,27.200000000000045,1.0,0.0,39.85,39.85,1.0,0.0,0.0,0.0,0.0,1.0,1.0,0.0,38.8,38.8,1.0,0.0,0.0,0.0,0.0,0.9999999999999998,0.0,0.0,0.0,0.0,0.0,0.0,0.0,0.0,0.0,0.0,1.0,0.0,40.7,40.7,1.0,0.0,0.0,0.0,0.0,1.0000000000000002,1.0,0.0,38.65,38.65,1.0,0.0,0.0,0.0,0.0,1.0,0.0,0.0,0.0,0.0,0.0,0.0,0.0,0.0,0.0,0.0,0.0,0.0,0.0,0.0,0.0,2.0,0.0,0.0,0.0,0.0,0.0,0.0,0.0,0.0,0.0,2.0,0.0,0.0,0.0,0.0,1.0,0.0,39.85,39.85,1.0,0.0,0.0,0.0,0.0,1.0,0.0,0.0,0.0,0.0,0.0,2.0,0.0,0.0,0.0,0.0,0.0,0.0,0.0,0.0,0.0,2.0,0.0,0.0,0.0,0.0,1.0,0.0,41.15,41.15,1.0,0.0,0.0,0.0,0.0,1.0,1.0,54.85,1.0,53.8,0.0,0.0,1.0,55.7,1.0,53.65,0.0,0.0,0.0,0.0,0.0,0.0,0.0,0.0,0.0,0.0,0.0,0.0,0.0,0.0
light_seed1,light,1,748.25,763.25,6.0,0.0,40.833333333333336,6.0,28.200000000000045,1.0,0.0,40.85,40.85,1.0,0.0,0.0,0.0,0.0,1.0,1.0,0.0,39.8,39.8,1.0,0.0,0.0,0.0,0.0,0.9999999999999998,0.0,0.0,0.0,0.0,0.0,0.0,0.0,0.0,0.0,0.0,1.0,0.0,41.7,41.7,1.0,0.0,0.0,0.0,0.0,1.0000000000000002,1.0,0.0,39.65,39.65,1.0,0.0,0.0,0.0,0.0,1.0,0.0,0.0,0.0,0.0,0.0,0.0,0.0,0.0,0.0,0.0,0.0,0.0,0.0,0.0,0.0,2.0,0.0,0.0,0.0,0.0,0.0,0.0,0.0,0.0,0.0,2.0,0.0,0.0,0.0,0.0,1.0,0.0,40.85,40.85,1.0,0.0,0.0,0.0,0.0,1.0,0.0,0.0,0.0,0.0,0.0,2.0,0.0,0.0,0.0,0.0,0.0,0.0,0.0,0.0,0.0,2.0,0.0,0.0,0.0,0.0,1.0,0.0,42.15,42.15,1.0,0.0,0.0,0.0,0.0,1.0,1.0,55.85,1.0,54.8,0.0,0.0,1.0,56.7,1.0,54.65,0.0,0.0,0.0,0.0,0.0,0.0,0.0,0.0,0.0,0.0,0.0,0.0,0.0,0.0
light_seed1,light,1,749.25,764.25,6.0,0.0,41.833333333333336,6.0,29.200000000000045,1.0,0.0,41.85,41.85,1.0,0.0,0.0,0.0,0.0,1.0,1.0,0.0,40.8,40.8,1.0,0.0,0.0,0.0,0.0,0.9999999999999998,0.0,0.0,0.0,0.0,0.0,0.0,0.0,0.0,0.0,0.0,1.0,0.0,42.7,42.7,1.0,0.0,0.0,0.0,0.0,1.0000000000000002,1.0,0.0,40.65,40.65,1.0,0.0,0.0,0.0,0.0,1.0,0.0,0.0,0.0,0.0,0.0,0.0,0.0,0.0,0.0,0.0,0.0,0.0,0.0,0.0,0.0,2.0,0.0,0.0,0.0,0.0,0.0,0.0,0.0,0.0,0.0,2.0,0.0,0.0,0.0,0.0,1.0,0.0,41.85,41.85,1.0,0.0,0.0,0.0,0.0,1.0,0.0,0.0,0.0,0.0,0.0,2.0,0.0,0.0,0.0,0.0,0.0,0.0,0.0,0.0,0.0,2.0,0.0,0.0,0.0,0.0,1.0,0.0,43.15,43.15,1.0,0.0,0.0,0.0,0.0,1.0,1.0,56.85,1.0,55.8,0.0,0.0,1.0,57.7,1.0,55.65,0.0,0.0,0.0,0.0,0.0,0.0,0.0,0.0,0.0,0.0,0.0,0.0,0.0,0.0
light_seed1,light,1,750.25,765.25,6.0,0.0,42.833333333333336,6.0,0.20000000000004547,1.0,0.0,42.85,42.85,1.0,0.0,0.0,0.0,0.0,1.0,1.0,0.0,41.8,41.8,1.0,0.0,0.0,0.0,0.0,0.9999999999999998,0.0,0.0,0.0,0.0,0.0,0.0,0.0,0.0,0.0,0.0,1.0,0.0,43.7,43.7,1.0,0.0,0.0,0.0,0.0,1.0000000000000002,1.0,0.0,41.65,41.65,1.0,0.0,0.0,0.0,0.0,1.0,0.0,0.0,0.0,0.0,0.0,0.0,0.0,0.0,0.0,0.0,0.0,0.0,0.0,0.0,0.0,1.0,0.0,0.0,0.0,0.0,0.0,0.0,0.0,0.0,0.0,1.0,0.0,0.0,0.0,0.0,1.0,0.0,42.85,42.85,1.0,0.0,0.0,0.0,0.0,1.0,0.0,0.0,0.0,0.0,0.0,1.0,0.0,0.0,0.0,0.0,0.0,0.0,0.0,0.0,0.0,1.0,0.0,0.0,0.0,0.0,1.0,0.0,44.15,44.15,1.0,0.0,0.0,0.0,0.0,1.0,1.0,57.85,1.0,56.8,0.0,0.0,1.0,58.7,1.0,56.65,0.0,0.0,0.0,0.0,0.0,0.0,0.0,0.0,0.0,0.0,0.0,0.0,0.0,0.0
light_seed1,light,1,751.25,766.25,6.0,0.0,43.833333333333336,6.0,1.2000000000000455,1.0,0.0,43.85,43.85,1.0,0.0,0.0,0.0,0.0,1.0,1.0,0.0,42.8,42.8,1.0,0.0,0.0,0.0,0.0,0.9999999999999998,0.0,0.0,0.0,0.0,0.0,0.0,0.0,0.0,0.0,0.0,1.0,0.0,44.7,44.7,1.0,0.0,0.0,0.0,0.0,1.0000000000000002,1.0,0.0,42.65,42.65,1.0,0.0,0.0,0.0,0.0,1.0,0.0,0.0,0.0,0.0,0.0,0.0,0.0,0.0,0.0,0.0,0.0,0.0,0.0,0.0,0.0,1.0,0.0,0.0,0.0,0.0,0.0,0.0,0.0,0.0,0.0,1.0,0.0,0.0,0.0,0.0,1.0,0.0,43.85,43.85,1.0,0.0,0.0,0.0,0.0,1.0,0.0,0.0,0.0,0.0,0.0,1.0,0.0,0.0,0.0,0.0,0.0,0.0,0.0,0.0,0.0,1.0,0.0,0.0,0.0,0.0,1.0,0.0,45.15,45.15,1.0,0.0,0.0,0.0,0.0,1.0,1.0,58.85,1.0,57.8,0.0,0.0,1.0,59.7,1.0,57.65,0.0,0.0,0.0,0.0,0.0,0.0,0.0,0.0,0.0,0.0,0.0,0.0,0.0,0.0
light_seed1,light,1,752.25,767.25,6.0,0.0,44.833333333333336,6.0,2.2000000000000455,1.0,0.0,44.85,44.85,1.0,0.0,0.0,0.0,0.0,1.0,1.0,0.0,43.8,43.8,1.0,0.0,0.0,0.0,0.0,0.9999999999999998,0.0,0.0,0.0,0.0,0.0,0.0,0.0,0.0,0.0,0.0,1.0,0.0,45.7,45.7,1.0,0.0,0.0,0.0,0.0,1.0000000000000002,1.0,0.0,43.65,43.65,1.0,0.0,0.0,0.0,0.0,1.0,0.0,0.0,0.0,0.0,0.0,0.0,0.0,0.0,0.0,0.0,0.0,0.0,0.0,0.0,0.0,1.0,0.0,0.0,0.0,0.0,0.0,0.0,0.0,0.0,0.0,1.0,0.0,0.0,0.0,0.0,1.0,0.0,44.85,44.85,1.0,0.0,0.0,0.0,0.0,1.0,0.0,0.0,0.0,0.0,0.0,1.0,0.0,0.0,0.0,0.0,0.0,0.0,0.0,0.0,0.0,1.0,0.0,0.0,0.0,0.0,1.0,0.0,46.15,46.15,1.0,0.0,0.0,0.0,0.0,1.0,1.0,59.85,1.0,58.8,0.0,0.0,1.0,60.7,1.0,58.65,0.0,0.0,0.0,0.0,0.0,0.0,0.0,0.0,0.0,0.0,0.0,0.0,0.0,0.0
light_seed1,light,1,753.25,768.25,6.0,0.23297216781857397,30.333333333333332,4.0,0.20000000000004547,1.0,0.0,45.85,45.85,1.0,0.0,0.0,0.0,0.0,1.0,1.0,0.0,44.8,44.8,1.0,0.0,0.0,0.0,0.0,0.9999999999999998,0.0,0.0,0.0,0.0,0.0,0.0,0.0,0.0,0.0,0.0,1.0,0.0,46.7,46.7,1.0,0.0,0.0,0.0,0.0,1.0000000000000002,1.0,0.0,44.65,44.65,1.0,0.0,0.0,0.0,0.0,1.0,0.0,0.0,0.0,0.0,0.0,0.0,0.0,0.0,0.0,0.0,0.0,0.0,0.0,0.0,0.0,0.0,0.0,0.0,0.0,0.0,0.0,0.0,0.0,0.0,0.0,0.0,0.0,0.0,0.0,0.0,1.0,0.6354813098611763,0.0,0.0,0.0,2.0,0.0,0.0,-0.06666666666666667,-2.0566666666666666,0.0,0.0,0.0,0.0,0.0,0.0,0.0,0.0,0.0,0.0,0.0,0.0,0.0,0.0,0.0,0.0,0.0,0.0,0.0,0.0,1.0,0.7623516970502673,0.0,0.0,0.0,2.0,0.0,0.0,-0.06666666666666667,-2.143333333333333,1.0,0.0,1.0,0.0,0.0,0.0,1.0,0.0,1.0,0.0,0.0,0.0,0.0,0.0,0.0,0.0,0.0,0.0,0.0,0.0,0.0,0.0,0.0,0.0
light_seed1,light,1,754.25,769.25,6.0,0.9921983145967985,31.0,4.0,1.2000000000000455,1.0,0.0,46.85,46.85,1.0,0.0,0.0,0.0,0.0,1.0,1.0,0.0,45.8,45.8,1.0,0.0,0.0,0.0,0.0,0.9999999999999998,0.0,0.0,0.0,0.0,0.0,0.0,0.0,0.0,0.0,0.0,1.0,0.0,47.7,47.7,1.0,0.0,0.0,0.0,0.0,1.0,1.0,0.0,45.65,45.65,1.0,0.0,0.0,0.0,0.0,1.0,0.0,0.0,0.0,0.0,0.0,0.0,0.0,0.0,0.0,0.0,0.0,0.0,0.0,0.0,0.0,0.0,0.0,0.0,0.0,0.0,0.0,0.0,0.0,0.0,0.0,0.0,0.0,0.0,0.0,0.0,0.0,0.0,0.0,0.0,0.0,2.0,0.0,0.06666666666666667,-0.06666666666666667,-2.1233333333333335,0.0,0.0,0.0,0.0,0.0,0.0,0.0,0.0,0.0,0.0,0.0,0.0,0.0,0.0,0.0,0.0,0.0,0.0,0.0,0.0,0.0,0.0,0.0,0.0,0.0,2.0,0.0,0.06666666666666667,-0.06666666666666667,-2.21,0.0,0.0,0.0,0.0,0.0,0.0,0.0,0.0,0.0,0.0,0.0,0.0,0.0,0.0,0.0,0.0,0.0,0.0,0.0,0.0,0.0,0.0,0.0,0.0
light_seed1,light,1,755.25,770.25,6.0,1.66895789803539,31.666666666666668,4.0,2.2000000000000455,1.0,0.0,47.85,47.85,1.0,0.0,0.0,0.0,0.0,1.0,1.0,0.0,46.8,46.8,1.0,0.0,0.0,0.0,0.0,0.9999999999999998,0.0,0.0,0.0,0.0,0.0,0.0,0.0,0.0,0.0,0.0,1.0,0.0,48.7,48.7,1.0,0.0,0.0,0.0,0.0,1.0,1.0,0.0,46.65,46.65,1.0,0.0,0.0,0.0,0.0,1.0,0.0,0.0,0.0,0.0,0.0,0.0,0.0,0.0,0.0,0.0,0.0,0.0,0.0,0.0,0.0,0.0,0.0,0.0,0.0,0.0,0.0,0.0,0.0,0.0,0.0,0.0,0.0,0.0,0.0,0.0,0.0,0.0,0.0,0.0,0.0,2.0,0.0,0.06666666666666667,-0.06666666666666667,-2.19,0.0,0.0,0.0,0.0,0.0,0.0,0.0,0.0,0.0,0.0,0.0,0.0,0.0,0.0,0.0,0.0,0.0,0.0,0.0,0.0,0.0,0.0,0.0,0.0,0.0,2.0,0.0,0.06666666666666667,-0.06666666666666667,-2.2766666666666664,0.0,0.0,0.0,0.0,0.0,0.0,0.0,0.0,0.0,0.0,0.0,0.0,0.0,0.0,0.0,0.0,0.0,0.0,0.0,0.0,0.0,0.0,0.0,0.0
light_seed1,light,1,756.25,771.25,6.0,2.2886483358917915,32.333333333333336,4.0,3.2000000000000455,1.0,0.0,48.85,48.85,1.0,0.0,0.0,0.0,0.0,1.0,1.0,0.0,47.8,47.8,1.0,0.0,0.0,0.0,0.0,1.0,0.0,0.0,0.0,0.0,0.0,0.0,0.0,0.0,0.0,0.0,1.0,0.0,49.7,49.7,1.0,0.0,0.0,0.0,0.0,1.0,1.0,0.0,47.65,47.65,1.0,0.0,0.0,0.0,0.0,1.0,0.0,0.0,0.0,0.0,0.0,0.0,0.0,0.0,0.0,0.0,0.0,0.0,0.0,0.0,0.0,0.0,0.0,0.0,0.0,0.0,0.0,0.0,0.0,0.0,0.0,0.0,0.0,0.0,0.0,0.0,0.0,0.0,0.0,0.0,0.0,2.0,0.0,0.06666666666666667,-0.06666666666666667,-2.256666666666667,0.0,0.0,0.0,0.0,0.0,0.0,0.0,0.0,0.0,0.0,0.0,0.0,0.0,0.0,0.0,0.0,0.0,0.0,0.0,0.0,0.0,0.0,0.0,0.0,0.0,2.0,0.0,0.06666666666666667,-0.06666666666666667,-2.3433333333333333,0.0,0.0,0.0,0.0,0.0,0.0,0.0,0.0,0.0,0.0,0.0,0.0,0.0,0.0,0.0,0.0,0.0,0.0,0.0,0.0,0.0,0.0,0.0,0.0
light_seed1,light,1,757.25,772.25,6.0,2.954989552546891,33.0,4.0,4.2000000000000455,1.0,0.0,49.85,49.85,1.0,0.0,0.0,0.0,0.0,1.0,1.0,0.0,48.8,48.8,1.0,0.0,0.0,0.0,0.0,1.0,0.0,0.0,0.0,0.0,0.0,0.0,0.0,0.0,0.0,0.0,1.0,0.0,50.7,50.7,1.0,0.0,0.0,0.0,0.0,1.0,1.0,0.0,48.65,48.65,1.0,0.0,0.0,0.0,0.0,1.0,0.0,0.0,0.0,0.0,0.0,0.0,0.0,0.0,0.0,0.0,0.0,0.0,0.0,0.0,0.0,0.0,0.0,0.0,0.0,0.0,0.0,0.0,0.0,0.0,0.0,0.0,0.0,0.0,0.0,0.0,0.0,0.0,0.0,0.0,0.0,2.0,0.0,0.06666666666666667,-0.06666666666666667,-2.3233333333333333,0.0,0.0,0.0,0.0,0.0,0.0,0.0,0.0,0.0,0.0,0.0,0.0,0.0,0.0,0.0,0.0,0.0,0.0,0.0,0.0,0.0,0.0,0.0,0.0,0.0,2.0,0.0,0.06666666666666667,-0.06666666666666667,-2.4099999999999997,0.0,0.0,0.0,0.0,0.0,0.0,0.0,0.0,0.0,0.0,0.0,0.0,0.0,0.0,0.0,0.0,0.0,0.0,0.0,0.0,0.0,0.0,0.0,0.0
light_seed1,light,1,758.25,773.25,6.0,3.6272195965407676,33.666666666666664,4.0,5.2000000000000455,1.0,0.0,50.85,50.85,1.0,0.0,0.0,0.0,0.0,1.0,1.0,0.0,49.8,49.8,1.0,0.0,0.0,0.0,0.0,1.0,0.0,0.0,0.0,0.0,0.0,0.0,0.0,0.0,0.0,0.0,1.0,0.0,51.7,51.7,1.0,0.0,0.0,0.0,0.0,1.0,1.0,0.0,49.65,49.65,1.0,0.0,0.0,0.0,0.0,1.0,0.0,0.0,0.0,0.0,0.0,0.0,0.0,0.0,0.0,0.0,0.0,0.0,0.0,0.0,0.0,0.0,0.0,0.0,0.0,0.0,0.0,0.0,0.0,0.0,0.0,0.0,0.0,0.0,0.0,0.0,0.0,0.0,0.0,0.0,0.0,2.0,0.0,0.06666666666666667,-0.06666666666666667,-2.39,0.0,0.0,0.0,0.0,0.0,0.0,0.0,0.0,0.0,0.0,0.0,0.0,0.0,0.0,0.0,0.0,0.0,0.0,0.0,0.0,0.0,0.0,0.0,0.0,0.0,2.0,0.0,0.06666666666666667,-0.06666666666666667,-2.4766666666666666,0.0,0.0,0.0,0.0,0.0,0.0,0.0,0.0,0.0,0.0,0.0,0.0,0.0,0.0,0.0,0.0,0.0,0.0,0.0,0.0,0.0,0.0,0.0,0.0
light_seed1,light,1,759.25,774.25,6.0,4.321002560670936,34.333333333333336,4.0,6.2000000000000455,1.0,0.0,51.85,51.85,1.0,0.0,0.0,0.0,0.0,1.0,1.0,0.0,50.8,50.8,1.0,0.0,0.0,0.0,0.0,1.0,0.0,0.0,0.0,0.0,0.0,0.0,0.0,0.0,0.0,0.0,1.0,0.0,52.7,52.7,1.0,0.0,0.0,0.0,0.0,1.0,1.0,0.0,50.65,50.65,1.0,0.0,0.0,0.0,0.0,1.0,0.0,0.0,0.0,0.0,0.0,0.0,0.0,0.0,0.0,0.0,0.0,0.0,0.0,0.0,0.0,0.0,0.0,0.0,0.0,0.0,0.0,0.0,0.0,0.0,0.0,0.0,0.0,0.0,0.0,0.0,0.0,0.0,0.0,0.0,0.0,2.0,0.0,0.06666666666666667,-0.06666666666666667,-2.4566666666666666,0.0,0.0,0.0,0.0,0.0,0.0,0.0,0.0,0.0,0.0,0.0,0.0,0.0,0.0,0.0,0.0,0.0,0.0,0.0,0.0,0.0,0.0,0.0,0.0,0.0,2.0,0.0,0.06666666666666667,-0.06666666666666667,-2.5433333333333334,0.0,0.0,0.0,0.0,0.0,0.0,0.0,0.0,0.0,0.0,0.0,0.0,0.0,0.0,0.0,0.0,0.0,0.0,0.0,0.0,0.0,0.0,0.0,0.0
light_seed1,light,1,760.25,775.25,6.0,4.856912809289445,35.0,4.0,7.2000000000000455,1.0,0.0,52.85,52.85,1.0,0.0,0.0,0.0,0.0,1.0,1.0,0.0,51.8,51.8,1.0,0.0,0.0,0.0,0.0,1.0,0.0,0.0,0.0,0.0,0.0,0.0,0.0,0.0,0.0,0.0,1.0,0.0,53.7,53.7,1.0,0.0,0.0,0.0,0.0,1.0,1.0,0.0,51.65,51.65,1.0,0.0,0.0,0.0,0.0,1.0,0.0,0.0,0.0,0.0,0.0,0.0,0.0,0.0,0.0,0.0,0.0,0.0,0.0,0.0,0.0,0.0,0.0,0.0,0.0,0.0,0.0,0.0,0.0,0.0,0.0,0.0,0.0,0.0,0.0,0.0,0.0,0.0,0.0,0.0,0.0,2.0,0.0,0.06666666666666667,-0.06666666666666667,-2.5233333333333334,0.0,0.0,0.0,0.0,0.0,0.0,0.0,0.0,0.0,0.0,0.0,0.0,0.0,0.0,0.0,0.0,0.0,0.0,0.0,0.0,0.0,0.0,0.0,0.0,0.0,2.0,0.0,0.06666666666666667,-0.06666666666666667,-2.61,0.0,0.0,0.0,0.0,0.0,0.0,0.0,0.0,0.0,0.0,0.0,0.0,0.0,0.0,0.0,0.0,0.0,0.0,0.0,0.0,0.0,0.0,0.0,0.0
light_seed1,light,1,761.25,776.25,6.0,4.847126522793741,35.666666666666664,4.0,8.200000000000045,1.0,0.0,53.85,53.85,1.0,0.0,0.0,0.0,0.0,1.0,1.0,0.0,52.8,52.8,1.0,0.0,0.0,0.0,0.0,1.0,0.0,0.0,0.0,0.0,0.0,0.0,0.0,0.0,0.0,0.0,1.0,0.0,54.7,54.7,1.0,0.0,0.0,0.0,0.0,1.0,1.0,0.0,52.65,52.65,1.0,0.0,0.0,0.0,0.0,1.0,0.0,0.0,0.0,0.0,0.0,0.0,0.0,0.0,0.0,0.0,0.0,0.0,0.0,0.0,0.0,0.0,0.0,0.0,0.0,0.0,0.0,0.0,0.0,0.0,0.0,0.0,0.0,0.0,0.0,0.0,0.0,0.0,0.0,0.0,0.0,2.0,0.0,0.06666666666666667,-0.06666666666666667,-2.5900000000000003,0.0,0.0,0.0,0.0,0.0,0.0,0.0,0.0,0.0,0.0,0.0,0.0,0.0,0.0,0.0,0.0,0.0,0.0,0.0,0.0,0.0,0.0,0.0,0.0,0.0,2.0,0.0,0.06666666666666667,-0.06666666666666667,-2.6766666666666667,0.0,0.0,0.0,0.0,0.0,0.0,0.0,0.0,0.0,0.0,0.0,0.0,0.0,0.0,0.0,0.0,0.0,0.0,0.0,0.0,0.0,0.0,0.0,0.0
light_seed1,light,1,762.25,777.25,6.0,4.863545560668297,36.333333333333336,4.0,9.200000000000045,1.0,0.0,54.85,54.85,1.0,0.0,0.0,0.0,0.0,1.0,1.0,0.0,53.8,53.8,1.0,0.0,0.0,0.0,0.0,1.0,0.0,0.0,0.0,0.0,0.0,0.0,0.0,0.0,0.0,0.0,1.0,0.0,55.7,55.7,1.0,0.0,0.0,0.0,0.0,1.0,1.0,0.0,53.65,53.65,1.0,0.0,0.0,0.0,0.0,1.0,0.0,0.0,0.0,0.0,0.0,0.0,0.0,0.0,0.0,0.0,0.0,0.0,0.0,0.0,0.0,0.0,0.0,0.0,0.0,0.0,0.0,0.0,0.0,0.0,0.0,0.0,0.0,0.0,0.0,0.0,0.0,0.0,0.0,0.0,0.0,2.0,0.0,0.06666666666666667,-0.06666666666666667,-2.6566666666666667,0.0,0.0,0.0,0.0,0.0,0.0,0.0,0.0,0.0,0.0,0.0,0.0,0.0,0.0,0.0,0.0,0.0,0.0,0.0,0.0,0.0,0.0,0.0,0.0,0.0,2.0,0.0,0.06666666666666667,-0.06666666666666667,-2.743333333333333,0.0,0.0,0.0,0.0,0.0,0.0,0.0,0.0,0.0,0.0,0.0,0.0,0.0,0.0,0.0,0.0,0.0,0.0,0.0,0.0,0.0,0.0,0.0,0.0
light_seed1,light,1,763.25,778.25,6.0,4.86645590718098,37.0,4.0,10.200000000000045,1.0,0.0,55.85,55.85,1.0,0.0,0.0,0.0,0.0,1.0,1.0,0.0,54.8,54.8,1.0,0.0,0.0,0.0,0.0,1.0,0.0,0.0,0.0,0.0,0.0,0.0,0.0,0.0,0.0,0.0,1.0,0.0,56.7,56.7,1.0,0.0,0.0,0.0,0.0,1.0,1.0,0.0,54.65,54.65,1.0,0.0,0.0,0.0,0.0,1.0,0.0,0.0,0.0,0.0,0.0,0.0,0.0,0.0,0.0,0.0,0.0,0.0,0.0,0.0,0.0,0.0,0.0,0.0,0.0,0.0,0.0,0.0,0.0,0.0,0.0,0.0,0.0,0.0,0.0,0.0,0.0,0.0,0.0,0.0,0.0,2.0,0.0,0.06666666666666667,-0.06666666666666667,-2.7233333333333336,0.0,0.0,0.0,0.0,0.0,0.0,0.0,0.0,0.0,0.0,0.0,0.0,0.0,0.0,0.0,0.0,0.0,0.0,0.0,0.0,0.0,0.0,0.0,0.0,0.0,2.0,0.0,0.06666666666666667,-0.06666666666666667,-2.81,0.0,0.0,0.0,0.0,0.0,0.0,0.0,0.0,0.0,0.0,0.0,0.0,0.0,0.0,0.0,0.0,0.0,0.0,0.0,0.0,0.0,0.0,0.0,0.0
light_seed1,light,1,764.25,779.25,6.0,4.871997448301638,37.666666666666664,4.0,11.200000000000045,1.0,0.0,56.85,56.85,1.0,0.0,0.0,0.0,0.0,1.0,1.0,0.0,55.8,55.8,1.0,0.0,0.0,0.0,0.0,1.0,0.0,0.0,0.0,0.0,0.0,0.0,0.0,0.0,0.0,0.0,1.0,0.0,57.7,57.7,1.0,0.0,0.0,0.0,0.0,1.0,1.0,0.0,55.65,55.65,1.0,0.0,0.0,0.0,0.0,1.0,0.0,0.0,0.0,0.0,0.0,0.0,0.0,0.0,0.0,0.0,0.0,0.0,0.0,0.0,0.0,0.0,0.0,0.0,0.0,0.0,0.0,0.0,0.0,0.0,0.0,0.0,0.0,0.0,0.0,0.0,0.0,0.0,0.0,0.0,0.0,2.0,0.0,0.06666666666666667,-0.06666666666666667,-2.79,0.0,0.0,0.0,0.0,0.0,0.0,0.0,0.0,0.0,0.0,0.0,0.0,0.0,0.0,0.0,0.0,0.0,0.0,0.0,0.0,0.0,0.0,0.0,0.0,0.0,2.0,0.0,0.06666666666666667,-0.06666666666666667,-2.8766666666666665,0.0,0.0,0.0,0.0,0.0,0.0,0.0,0.0,0.0,0.0,0.0,0.0,0.0,0.0,0.0,0.0,0.0,0.0,0.0,0.0,0.0,0.0,0.0,0.0
light_seed1,light,1,765.25,780.25,6.0,4.869784089843118,38.333333333333336,4.0,0.20000000000004547,1.0,0.0,57.85,57.85,1.0,0.0,0.0,0.0,0.0,1.0,1.0,0.0,56.8,56.8,1.0,0.0,0.0,0.0,0.0,1.0,0.0,0.0,0.0,0.0,0.0,0.0,0.0,0.0,0.0,0.0,1.0,0.0,58.7,58.7,1.0,0.0,0.0,0.0,0.0,1.0,1.0,0.0,56.65,56.65,1.0,0.0,0.0,0.0,0.0,1.0,0.0,0.0,0.0,0.0,0.0,0.0,0.0,0.0,0.0,0.0,0.0,0.0,0.0,0.0,0.0,0.0,0.0,0.0,0.0,0.0,0.0,0.0,0.0,0.0,0.0,0.0,0.0,0.0,0.0,0.0,0.0,0.0,0.0,0.0,0.0,1.0,0.0,0.06666666666666667,-0.06666666666666667,-2.856666666666667,0.0,0.0,0.0,0.0,0.0,0.0,0.0,0.0,0.0,0.0,0.0,0.0,0.0,0.0,0.0,0.0,0.0,0.0,0.0,0.0,0.0,0.0,0.0,0.0,0.0,1.0,0.0,0.06666666666666667,-0.06666666666666667,-2.9433333333333334,1.0,0.0,1.0,0.0,1.0,0.0,1.0,0.0,1.0,0.0,1.0,0.0,1.0,0.0,1.0,0.0,1.0,0.0,1.0,0.0,1.0,0.0,1.0,0.0
light_seed1,light,1,766.25,781.25,6.0,4.85933459648377,39.0,4.0,1.2000000000000455,1.0,0.0,58.85,58.85,1.0,0.0,0.0,0.0,0.0,1.0,1.0,0.0,57.8,57.8,1.0,0.0,0.0,0.0,0.0,1.0,0.0,0.0,0.0,0.0,0.0,0.0,0.0,0.0,0.0,0.0,1.0,0.0,59.7,59.7,1.0,0.0,0.0,0.0,0.0,1.0,1.0,0.0,57.65,57.65,1.0,0.0,0.0,0.0,0.0,1.0,0.0,0.0,0.0,0.0,0.0,0.0,0.0,0.0,0.0,0.0,0.0,0.0,0.0,0.0,0.0,0.0,0.0,0.0,0.0,0.0,0.0,0.0,0.0,0.0,0.0,0.0,0.0,0.0,0.0,0.0,0.0,0.0,0.0,0.0,0.0,1.0,0.0,0.06666666666666667,-0.06666666666666667,-2.9233333333333333,0.0,0.0,0.0,0.0,0.0,0.0,0.0,0.0,0.0,0.0,0.0,0.0,0.0,0.0,0.0,0.0,0.0,0.0,0.0,0.0,0.0,0.0,0.0,0.0,0.0,1.0,0.0,0.06666666666666667,-0.06666666666666667,-3.01,1.0,0.0,1.0,0.0,1.0,0.0,1.0,0.0,1.0,0.0,1.0,0.0,1.0,0.0,1.0,0.0,1.0,0.0,1.0,0.0,1.0,0.0,1.0,0.0
light_seed1,light,1,767.25,782.25,6.0,4.853584495420914,39.666666666666664,4.0,2.2000000000000455,1.0,0.0,59.85,59.85,1.0,0.0,0.0,0.0,0.0,1.0,1.0,0.0,58.8,58.8,1.0,0.0,0.0,0.0,0.0,1.0,0.0,0.0,0.0,0.0,0.0,0.0,0.0,0.0,0.0,0.0,1.0,0.0,60.7,60.7,1.0,0.0,0.0,0.0,0.0,1.0,1.0,0.0,58.65,58.65,1.0,0.0,0.0,0.0,0.0,1.0,0.0,0.0,0.0,0.0,0.0,0.0,0.0,0.0,0.0,0.0,0.0,0.0,0.0,0.0,0.0,0.0,0.0,0.0,0.0,0.0,0.0,0.0,0.0,0.0,0.0,0.0,0.0,0.0,0.0,0.0,0.0,0.0,0.0,0.0,0.0,1.0,0.0,0.06666666666666667,-0.06666666666666667,-2.99,0.0,0.0,0.0,0.0,0.0,0.0,0.0,0.0,0.0,0.0,0.0,0.0,0.0,0.0,0.0,0.0,0.0,0.0,0.0,0.0,0.0,0.0,0.0,0.0,0.0,1.0,0.0,0.06666666666666667,-0.06666666666666667,-3.0766666666666667,1.0,0.0,1.0,0.0,1.0,0.0,1.0,0.0,1.0,0.0,1.0,0.0,1.0,0.0,1.0,0.0,1.0,0.0,1.0,0.0,1.0,0.0,1.0,0.0
light_seed1,light,1,768.25,783.25,6.0,5.301650041556489,0.0,0.0,0.20000000000004547,1.0,0.6128055939716083,0.0,0.0,0.0,2.0,0.0,0.0,-0.06666666666666667,-3.0566666666666666,1.0,0.6266776415937196,0.0,0.0,0.0,2.0,0.0,0.0,-0.06666666666666667,-2.9866666666666664,0.0,0.0,0.0,0.0,0.0,0.0,0.0,0.0,0.0,0.0,1.0,0.7478492569692891,0.0,0.0,0.0,2.0,0.0,0.0,-0.06666666666666667,-3.1133333333333337,1.0,0.6348765494247695,0.0,0.0,0.0,2.0,0.0,0.0,-0.06666666666666667,-2.9766666666666666,0.0,0.0,0.0,0.0,0.0,0.0,0.0,0.0,0.0,0.0,0.0,0.0,0.0,0.0,0.0,0.0,0.0,0.0,0.0,0.0,0.0,0.0,0.0,0.0,0.0,0.0,0.0,0.0,0.0,0.0,0.0,0.0,0.0,0.0,0.0,0.0,0.0,0.06666666666666667,0.0,0.0,0.0,0.0,0.0,0.0,0.0,0.0,0.0,0.0,0.0,0.0,0.0,0.0,0.0,0.0,0.0,0.0,0.0,0.0,0.0,0.0,0.0,0.0,0.0,0.0,0.0,0.0,0.0,0.06666666666666667,0.0,0.0,1.0,0.0,1.0,0.0,1.0,0.0,1.0,0.0,1.0,0.0,1.0,0.0,1.0,0.0,1.0,0.0,1.0,0.0,1.0,0.0,1.0,0.0,1.0,0.0
light_seed1,light,1,769.25,784.25,6.0,6.796360109915297,0.0,0.0,1.2000000000000455,0.0,0.0,0.0,0.0,0.0,2.0,0.0,0.06666666666666667,-0.06666666666666667,-3.1233333333333335,0.0,0.0,0.0,0.0,0.0,2.0,0.0,0.06666666666666667,-0.06666666666666667,-3.0533333333333332,0.0,0.0,0.0,0.0,0.0,0.0,0.0,0.0,0.0,0.0,0.0,0.0,0.0,0.0,0.0,2.0,0.0,0.06666666666666667,-0.06666666666666667,-3.18,0.0,0.0,0.0,0.0,0.0,2.0,0.0,0.06666666666666667,-0.06666666666666667,-3.0433333333333334,0.0,0.0,0.0,0.0,0.0,0.0,0.0,0.0,0.0,0.0,0.0,0.0,0.0,0.0,0.0,0.0,0.0,0.0,0.0,0.0,0.0,0.0,0.0,0.0,0.0,0.0,0.0,0.0,0.0,0.0,0.0,0.0,0.0,0.0,0.0,0.0,0.0,0.0,0.0,0.0,0.0,0.0,0.0,0.0,0.0,0.0,0.0,0.0,0.0,0.0,0.0,0.0,0.0,0.0,0.0,0.0,0.0,0.0,0.0,0.0,0.0,0.0,0.0,0.0,0.0,0.0,0.0,0.0,0.0,0.0,1.0,0.0,1.0,0.0,1.0,0.0,1.0,0.0,1.0,0.0,1.0,0.0,1.0,0.0,1.0,0.0,1.0,0.0,1.0,0.0,1.0,0.0,1.0,0.0
light_seed1,light,1,770.25,785.25,6.0,8.107067280406131,0.0,0.0,2.2000000000000455,0.0,0.0,0.0,0.0,0.0,2.0,0.0,0.06666666666666667,-0.06666666666666667,-3.19,0.0,0.0,0.0,0.0,0.0,2.0,0.0,0.06666666666666667,-0.06666666666666667,-3.1199999999999997,0.0,0.0,0.0,0.0,0.0,0.0,0.0,0.0,0.0,0.0,0.0,0.0,0.0,0.0,0.0,2.0,0.0,0.06666666666666667,-0.06666666666666667,-3.246666666666667,0.0,0.0,0.0,0.0,0.0,2.0,0.0,0.06666666666666667,-0.06666666666666667,-3.11,0.0,0.0,0.0,0.0,0.0,0.0,0.0,0.0,0.0,0.0,0.0,0.0,0.0,0.0,0.0,0.0,0.0,0.0,0.0,0.0,0.0,0.0,0.0,0.0,0.0,0.0,0.0,0.0,0.0,0.0,0.0,0.0,0.0,0.0,0.0,0.0,0.0,0.0,0.0,0.0,0.0,0.0,0.0,0.0,0.0,0.0,0.0,0.0,0.0,0.0,0.0,0.0,0.0,0.0,0.0,0.0,0.0,0.0,0.0,0.0,0.0,0.0,0.0,0.0,0.0,0.0,0.0,0.0,0.0,0.0,1.0,0.0,1.0,0.0,1.0,0.0,1.0,0.0,1.0,0.0,1.0,0.0,1.0,0.0,1.0,0.0,1.0,0.0,1.0,0.0,1.0,0.0,1.0,0.0
light_seed1,light,1,771.25,786.25,5.0,8.277756693553368,0.0,0.0,3.2000000000000455,0.0,0.0,0.0,0.0,0.0,2.0,0.0,0.06666666666666667,-0.06666666666666667,-3.256666666666667,0.0,0.0,0.0,0.0,0.0,2.0,0.0,0.06666666666666667,-0.06666666666666667,-3.1866666666666665,0.0,0.0,0.0,0.0,0.0,0.0,0.0,0.0,0.0,0.0,0.0,0.0,0.0,0.0,0.0,2.0,0.0,0.06666666666666667,-0.06666666666666667,-3.3133333333333335,0.0,0.0,0.0,0.0,0.0,2.0,0.0,0.06666666666666667,-0.06666666666666667,-3.1766666666666667,0.0,0.0,0.0,0.0,0.0,0.0,0.0,0.0,0.0,0.0,0.0,0.0,0.0,0.0,0.0,0.0,0.0,0.0,0.0,0.0,0.0,0.0,0.0,0.0,0.0,0.0,0.0,0.0,0.0,0.0,0.0,0.0,0.0,0.0,0.0,0.0,0.0,0.0,0.0,0.0,0.0,0.0,0.0,0.0,0.0,0.0,0.0,0.0,0.0,0.0,0.0,0.0,0.0,0.0,0.0,0.0,0.0,0.0,0.0,0.0,0.0,0.0,0.0,0.0,0.0,0.0,0.0,0.0,0.0,0.0,1.0,0.0,1.0,0.0,1.0,0.0,1.0,0.0,1.0,0.0,1.0,0.0,1.0,0.0,1.0,0.0,1.0,0.0,1.0,0.0,1.0,0.0,1.0,0.0
light_seed1,light,1,772.25,787.25,4.0,8.842480867388023,0.0,0.0,4.2000000000000455,0.0,0.0,0.0,0.0,0.0,2.0,0.0,0.06666666666666667,-0.06666666666666667,-3.3233333333333333,0.0,0.0,0.0,0.0,0.0,2.0,0.0,0.06666666666666667,-0.06666666666666667,-3.253333333333333,0.0,0.0,0.0,0.0,0.0,0.0,0.0,0.0,0.0,0.0,0.0,0.0,0.0,0.0,0.0,2.0,0.0,0.06666666666666667,-0.06666666666666667,-3.3800000000000003,0.0,0.0,0.0,0.0,0.0,2.0,0.0,0.06666666666666667,-0.06666666666666667,-3.243333333333333,0.0,0.0,0.0,0.0,0.0,0.0,0.0,0.0,0.0,0.0,0.0,0.0,0.0,0.0,0.0,0.0,0.0,0.0,0.0,0.0,0.0,0.0,0.0,0.0,0.0,0.0,0.0,0.0,0.0,0.0,0.0,0.0,0.0,0.0,0.0,0.0,0.0,0.0,0.0,0.0,0.0,0.0,0.0,0.0,0.0,0.0,0.0,0.0,0.0,0.0,0.0,0.0,0.0,0.0,0.0,0.0,0.0,0.0,0.0,0.0,0.0,0.0,0.0,0.0,0.0,0.0,0.0,0.0,0.0,0.0,1.0,0.0,1.0,0.0,1.0,0.0,1.0,0.0,1.0,0.0,1.0,0.0,1.0,0.0,1.0,0.0,1.0,0.0,1.0,0.0,1.0,0.0,1.0,0.0
light_seed1,light,1,773.25,788.25,4.0,10.794351769088726,0.0,0.0,5.2000000000000455,0.0,0.0,0.0,0.0,0.0,2.0,0.0,0.06666666666666667,-0.06666666666666667,-3.39,0.0,0.0,0.0,0.0,0.0,2.0,0.0,0.06666666666666667,-0.06666666666666667,-3.32,0.0,0.0,0.0,0.0,0.0,0.0,0.0,0.0,0.0,0.0,0.0,0.0,0.0,0.0,0.0,2.0,0.0,0.06666666666666667,-0.06666666666666667,-3.4466666666666668,0.0,0.0,0.0,0.0,0.0,2.0,0.0,0.06666666666666667,-0.06666666666666667,-3.31,0.0,0.0,0.0,0.0,0.0,0.0,0.0,0.0,0.0,0.0,0.0,0.0,0.0,0.0,0.0,0.0,0.0,0.0,0.0,0.0,0.0,0.0,0.0,0.0,0.0,0.0,0.0,0.0,0.0,0.0,0.0,0.0,0.0,0.0,0.0,0.0,0.0,0.0,0.0,0.0,0.0,0.0,0.0,0.0,0.0,0.0,0.0,0.0,0.0,0.0,0.0,0.0,0.0,0.0,0.0,0.0,0.0,0.0,0.0,0.0,0.0,0.0,0.0,0.0,0.0,0.0,0.0,0.0,0.0,0.0,1.0,0.0,1.0,0.0,1.0,0.0,1.0,0.0,1.0,0.0,1.0,0.0,1.0,0.0,1.0,0.0,1.0,0.0,1.0,0.0,1.0,0.0,1.0,0.0
light_seed1,light,1,774.25,789.25,4.0,12.777738640509517,0.0,0.0,6.2000000000000455,0.0,0.0,0.0,0.0,0.0,2.0,0.0,0.06666666666666667,-0.06666666666666667,-3.4566666666666666,0.0,0.0,0.0,0.0,0.0,2.0,0.0,0.06666666666666667,-0.06666666666666667,-3.3866666666666663,0.0,0.0,0.0,0.0,0.0,0.0,0.0,0.0,0.0,0.0,0.0,0.0,0.0,0.0,0.0,2.0,0.0,0.06666666666666667,-0.06666666666666667,-3.5133333333333336,0.0,0.0,0.0,0.0,0.0,2.0,0.0,0.06666666666666667,-0.06666666666666667,-3.3766666666666665,0.0,0.0,0.0,0.0,0.0,0.0,0.0,0.0,0.0,0.0,0.0,0.0,0.0,0.0,0.0,0.0,0.0,0.0,0.0,0.0,0.0,0.0,0.0,0.0,0.0,0.0,0.0,0.0,0.0,0.0,0.0,0.0,0.0,0.0,0.0,0.0,0.0,0.0,0.0,0.0,0.0,0.0,0.0,0.0,0.0,0.0,0.0,0.0,0.0,0.0,0.0,0.0,0.0,0.0,0.0,0.0,0.0,0.0,0.0,0.0,0.0,0.0,0.0,0.0,0.0,0.0,0.0,0.0,0.0,0.0,1.0,0.0,1.0,0.0,1.0,0.0,1.0,0.0,1.0,0.0,1.0,0.0,1.0,0.0,1.0,0.0,1.0,0.0,1.0,0.0,1.0,0.0,1.0,0.0
light_seed1,light,1,775.25,790.25,4.0,13.395845096385386,0.0,0.0,7.2000000000000455,0.0,0.0,0.0,0.0,0.0,2.0,0.0,0.06666666666666667,-0.06666666666666667,-3.5233333333333334,0.0,0.0,0.0,0.0,0.0,2.0,0.0,0.06666666666666667,-0.06666666666666667,-3.453333333333333,0.0,0.0,0.0,0.0,0.0,0.0,0.0,0.0,0.0,0.0,0.0,0.0,0.0,0.0,0.0,2.0,0.0,0.06666666666666667,-0.06666666666666667,-3.58,0.0,0.0,0.0,0.0,0.0,2.0,0.0,0.06666666666666667,-0.06666666666666667,-3.4433333333333334,0.0,0.0,0.0,0.0,0.0,0.0,0.0,0.0,0.0,0.0,0.0,0.0,0.0,0.0,0.0,0.0,0.0,0.0,0.0,0.0,0.0,0.0,0.0,0.0,0.0,0.0,0.0,0.0,0.0,0.0,0.0,0.0,0.0,0.0,0.0,0.0,0.0,0.0,0.0,0.0,0.0,0.0,0.0,0.0,0.0,0.0,0.0,0.0,0.0,0.0,0.0,0.0,0.0,0.0,0.0,0.0,0.0,0.0,0.0,0.0,0.0,0.0,0.0,0.0,0.0,0.0,0.0,0.0,0.0,0.0,1.0,0.0,1.0,0.0,1.0,0.0,1.0,0.0,1.0,0.0,1.0,0.0,1.0,0.0,1.0,0.0,1.0,0.0,1.0,0.0,1.0,0.0,1.0,0.0
light_seed1,light,1,776.25,791.25,4.0,13.392661621316558,0.0,0.0,8.200000000000045,0.0,0.0,0.0,0.0,0.0,2.0,0.0,0.06666666666666667,-0.06666666666666667,-3.5900000000000003,0.0,0.0,0.0,0.0,0.0,2.0,0.0,0.06666666666666667,-0.06666666666666667,-3.52,0.0,0.0,0.0,0.0,0.0,0.0,0.0,0.0,0.0,0.0,0.0,0.0,0.0,0.0,0.0,2.0,0.0,0.06666666666666667,-0.06666666666666667,-3.646666666666667,0.0,0.0,0.0,0.0,0.0,2.0,0.0,0.06666666666666667,-0.06666666666666667,-3.51,0.0,0.0,0.0,0.0,0.0,0.0,0.0,0.0,0.0,0.0,0.0,0.0,0.0,0.0,0.0,0.0,0.0,0.0,0.0,0.0,0.0,0.0,0.0,0.0,0.0,0.0,0.0,0.0,0.0,0.0,0.0,0.0,0.0,0.0,0.0,0.0,0.0,0.0,0.0,0.0,0.0,0.0,0.0,0.0,0.0,0.0,0.0,0.0,0.0,0.0,0.0,0.0,0.0,0.0,0.0,0.0,0.0,0.0,0.0,0.0,0.0,0.0,0.0,0.0,0.0,0.0,0.0,0.0,0.0,0.0,1.0,0.0,1.0,0.0,1.0,0.0,1.0,0.0,1.0,0.0,1.0,0.0,1.0,0.0,1.0,0.0,1.0,0.0,1.0,0.0,1.0,0.0,1.0,0.0
light_seed1,light,1,777.25,792.25,4.0,13.392139049470007,0.0,0.0,9.200000000000045,0.0,0.0,0.0,0.0,0.0,2.0,0.0,0.06666666666666667,-0.06666666666666667,-3.6566666666666667,0.0,0.0,0.0,0.0,0.0,2.0,0.0,0.06666666666666667,-0.06666666666666667,-3.5866666666666664,0.0,0.0,0.0,0.0,0.0,0.0,0.0,0.0,0.0,0.0,0.0,0.0,0.0,0.0,0.0,2.0,0.0,0.06666666666666667,-0.06666666666666667,-3.7133333333333334,0.0,0.0,0.0,0.0,0.0,2.0,0.0,0.06666666666666667,-0.06666666666666667,-3.5766666666666667,0.0,0.0,0.0,0.0,0.0,0.0,0.0,0.0,0.0,0.0,0.0,0.0,0.0,0.0,0.0,0.0,0.0,0.0,0.0,0.0,0.0,0.0,0.0,0.0,0.0,0.0,0.0,0.0,0.0,0.0,0.0,0.0,0.0,0.0,0.0,0.0,0.0,0.0,0.0,0.0,0.0,0.0,0.0,0.0,0.0,0.0,0.0,0.0,0.0,0.0,0.0,0.0,0.0,0.0,0.0,0.0,0.0,0.0,0.0,0.0,0.0,0.0,0.0,0.0,0.0,0.0,0.0,0.0,0.0,0.0,0.0,0.0,1.0,0.0,1.0,0.2,1.0,0.0,1.0,0.0,1.0,0.0,1.0,0.0,1.0,0.0,1.0,0.0,1.0,0.0,1.0,0.0,1.0,0.0
light_seed1,light,1,778.25,793.25,4.0,13.396121805206047,0.0,0.0,10.200000000000045,0.0,0.0,0.0,0.0,0.0,2.0,0.0,0.06666666666666667,-0.06666666666666667,-3.7233333333333336,0.0,0.0,0.0,0.0,0.0,2.0,0.0,0.06666666666666667,-0.06666666666666667,-3.6533333333333333,0.0,0.0,0.0,0.0,0.0,0.0,0.0,0.0,0.0,0.0,0.0,0.0,0.0,0.0,0.0,2.0,0.0,0.06666666666666667,-0.06666666666666667,-3.7800000000000002,0.0,0.0,0.0,0.0,0.0,2.0,0.0,0.06666666666666667,-0.06666666666666667,-3.643333333333333,0.0,0.0,0.0,0.0,0.0,0.0,0.0,0.0,0.0,0.0,0.0,0.0,0.0,0.0,0.0,0.0,0.0,0.0,0.0,0.0,0.0,0.0,0.0,0.0,0.0,0.0,0.0,0.0,0.0,0.0,0.0,0.0,0.0,0.0,0.0,0.0,0.0,0.0,0.0,0.0,0.0,0.0,0.0,0.0,0.0,0.0,0.0,0.0,0.0,0.0,0.0,0.0,0.0,0.0,0.0,0.0,0.0,0.0,0.0,0.0,0.0,0.0,0.0,0.0,0.0,0.0,0.0,0.0,0.0,0.0,0.0,0.0,1.0,0.0,1.0,1.2,0.0,0.0,0.0,0.0,1.0,0.0,1.0,0.0,1.0,0.8,1.0,0.0,1.0,0.0,1.0,0.7,1.0,0.0
light_seed1,light,1,779.25,794.25,4.0,13.409307569190267,0.0,0.0,11.200000000000045,0.0,0.0,0.0,0.0,0.0,2.0,0.0,0.06666666666666667,-0.06666666666666667,-3.79,0.0,0.0,0.0,0.0,0.0,2.0,0.0,0.06666666666666667,-0.06666666666666667,-3.7199999999999998,0.0,0.0,0.0,0.0,0.0,0.0,0.0,0.0,0.0,0.0,0.0,0.0,0.0,0.0,0.0,2.0,0.0,0.06666666666666667,-0.06666666666666667,-3.8466666666666667,0.0,0.0,0.0,0.0,0.0,2.0,0.0,0.06666666666666667,-0.06666666666666667,-3.71,0.0,0.0,0.0,0.0,0.0,0.0,0.0,0.0,0.0,0.0,0.0,0.0,0.0,0.0,0.0,0.0,0.0,0.0,0.0,0.0,0.0,0.0,0.0,0.0,0.0,0.0,0.0,0.0,0.0,0.0,0.0,0.0,0.0,0.0,0.0,0.0,0.0,0.0,0.0,0.0,0.0,0.0,0.0,0.0,0.0,0.0,0.0,0.0,0.0,0.0,0.0,0.0,0.0,0.0,0.0,0.0,0.0,0.0,0.0,0.0,0.0,0.0,0.0,0.0,0.0,0.0,0.0,0.0,0.0,0.0,0.0,0.0,1.0,0.0,1.0,2.2,0.0,0.0,0.0,0.0,1.0,0.0,1.0,0.2,1.0,1.8,1.0,0.0,1.0,0.0,1.0,1.7,1.0,0.0
light_seed1,light,1,780.25,795.25,16.0,13.36500599381085,0.0,0.0,12.200000000000045,1.0,14.207088612969963,0.0,0.0,0.0,2.0,0.06666666666666667,0.06666666666666667,-0.06666666666666667,-3.856666666666667,1.0,11.996348816847894,0.0,0.0,0.0,2.0,0.06666666666666667,0.06666666666666667,-0.06666666666666667,-3.7866666666666666,1.0,14.297033373739573,0.0,0.0,0.0,0.0,0.06666666666666667,0.0,0.0,0.0,1.0,13.854979722249555,0.0,0.0,0.0,2.0,0.06666666666666667,0.06666666666666667,-0.06666666666666667,-3.9133333333333336,1.0,13.888170165210031,0.0,0.0,0.0,2.0,0.06666666666666667,0.06666666666666667,-0.06666666666666667,-3.7766666666666664,1.0,11.979203298934735,0.0,0.0,0.0,0.0,0.06666666666666667,0.0,0.0,0.0,1.0,13.847872698905412,0.0,0.0,0.0,0.0,0.06666666666666667,0.0,0.0,0.0,1.0,14.276452801391482,0.0,0.0,0.0,0.0,0.06666666666666667,0.0,0.0,0.0,1.0,12.837918479275528,0.0,0.0,0.0,0.0,0.06666666666666667,0.0,0.0,0.0,1.0,11.999102441591676,0.0,0.0,0.0,0.0,0.06666666666666667,0.0,0.0,0.0,1.0,14.423643815129997,0.0,0.0,0.0,0.0,0.06666666666666667,0.0,0.0,0.0,1.0,12.641173653360456,0.0,0.0,0.0,0.0,0.06666666666666667,0.0,0.0,0.0,1.0,0.0,1.0,0.0,2.0,1.6,1.0,0.0,1.0,0.0,2.0,0.0,2.0,0.6,2.0,1.4,2.0,0.175,2.0,0.0,2.0,1.35,2.0,0.075
light_seed1,light,1,781.25,796.25,16.0,13.696121187435468,0.0,0.0,13.200000000000045,1.0,14.74236885573587,0.0,0.0,0.0,2.0,0.06666666666666667,0.06666666666666667,-0.06666666666666667,-3.9233333333333333,1.0,11.988662591991014,0.0,0.0,0.0,2.0,0.06666666666666667,0.06666666666666667,-0.06666666666666667,-3.853333333333333,1.0,16.219283901944763,0.0,0.0,0.0,0.0,0.06666666666666667,0.0,0.0,0.0,1.0,13.826343628378819,0.0,0.0,0.0,2.0,0.06666666666666667,0.06666666666666667,-0.06666666666666667,-3.98,1.0,13.827312364730751,0.0,0.0,0.0,2.0,0.06666666666666667,0.06666666666666667,-0.06666666666666667,-3.8433333333333333,1.0,11.979955204089638,0.0,0.0,0.0,0.0,0.06666666666666667,0.0,0.0,0.0,1.0,13.861952348058113,0.0,0.0,0.0,0.0,0.06666666666666667,0.0,0.0,0.0,1.0,15.857155586935729,0.0,0.0,0.0,0.0,0.06666666666666667,0.0,0.0,0.0,1.0,12.838683356595562,0.0,0.0,0.0,0.0,0.06666666666666667,0.0,0.0,0.0,1.0,11.98789462469984,0.0,0.0,0.0,0.0,0.06666666666666667,0.0,0.0,0.0,1.0,15.68118877954942,0.0,0.0,0.0,0.0,0.06666666666666667,0.0,0.0,0.0,1.0,12.642127251573838,0.0,0.0,0.0,0.0,0.06666666666666667,0.0,0.0,0.0,1.0,0.0,1.0,0.0,2.0,2.1,1.0,0.0,1.0,0.0,2.0,0.15,2.0,1.1,2.0,1.9,2.0,0.675,2.0,0.15,2.0,1.85,2.0,0.575
light_seed1,light,1,782.25,797.25,16.0,13.714310026310127,0.0,0.0,14.200000000000045,1.0,14.813376104673953,0.0,0.0,0.0,2.0,0.06666666666666667,0.06666666666666667,-0.06666666666666667,-3.99,1.0,11.983720826713833,0.0,0.0,0.0,2.0,0.06666666666666667,0.06666666666666667,-0.06666666666666667,-3.92,1.0,16.64043803224713,0.0,0.0,0.0,0.0,0.06666666666666667,0.0,0.0,0.0,1.0,13.830655244190712,0.0,0.0,0.0,2.0,0.06666666666666667,0.06666666666666667,-0.06666666666666667,-4.046666666666667,1.0,13.830427063441602,0.0,0.0,0.0,2.0,0.06666666666666667,0.06666666666666667,-0.06666666666666667,-3.9099999999999997,1.0,11.974890450490639,0.0,0.0,0.0,0.0,0.06666666666666667,0.0,0.0,0.0,1.0,13.8779757706495,0.0,0.0,0.0,0.0,0.06666666666666667,0.0,0.0,0.0,1.0,15.875203880891354,0.0,0.0,0.0,0.0,0.06666666666666667,0.0,0.0,0.0,1.0,12.841480588364053,0.0,0.0,0.0,0.0,0.06666666666666667,0.0,0.0,0.0,1.0,11.979973965813405,0.0,0.0,0.0,0.0,0.06666666666666667,0.0,0.0,0.0,1.0,15.597647330598651,0.0,0.0,0.0,0.0,0.06666666666666667,0.0,0.0,0.0,1.0,12.63531556347967,0.0,0.0,0.0,0.0,0.06666666666666667,0.0,0.0,0.0,1.0,0.0,1.0,0.0,2.0,2.6,1.0,0.0,1.0,0.0,2.0,0.65,2.0,1.6,2.0,2.4,2.0,1.175,2.0,0.65,2.0,2.35,2.0,1.075
light_seed1,light,1,783.25,798.25,16.0,13.713639794194393,0.0,0.0,15.200000000000045,1.0,14.778157834986807,0.0,0.0,0.0,2.0,0.06666666666666667,0.06666666666666667,0.0,0.0,1.0,11.977099705813453,0.0,0.0,0.0,2.0,0.06666666666666667,0.06666666666666667,0.0,0.0,1.0,16.585924109499903,0.0,0.0,0.0,0.0,0.06666666666666667,0.0,0.0,0.0,1.0,13.869496402207297,0.0,0.0,0.0,2.0,0.06666666666666667,0.06666666666666667,0.0,0.0,1.0,13.825685725089862,0.0,0.0,0.0,2.0,0.06666666666666667,0.06666666666666667,0.0,0.0,1.0,11.995821240793449,0.0,0.0,0.0,0.0,0.06666666666666667,0.0,0.0,0.0,1.0,13.847655076597585,0.0,0.0,0.0,0.0,0.06666666666666667,0.0,0.0,0.0,1.0,15.87766159234956,0.0,0.0,0.0,0.0,0.06666666666666667,0.0,0.0,0.0,1.0,12.818579458908049,0.0,0.0,0.0,0.0,0.06666666666666667,0.0,0.0,0.0,1.0,11.987375552861486,0.0,0.0,0.0,0.0,0.06666666666666667,0.0,0.0,0.0,1.0,15.616132848424582,0.0,0.0,0.0,0.0,0.06666666666666667,0.0,0.0,0.0,1.0,12.63050931623904,0.0,0.0,0.0,0.0,0.06666666666666667,0.0,0.0,0.0,1.0,0.0,1.0,0.0,2.0,3.1,1.0,0.0,1.0,0.0,2.0,1.15,2.0,2.1,2.0,2.9,2.0,1.675,2.0,1.15,2.0,2.85,2.0,1.575
light_seed1,light,1,784.25,799.25,16.0,13.713348448499765,0.0,0.0,16.200000000000045,1.0,14.748955740759731,0.0,0.0,0.0,2.0,0.06666666666666667,0.0,0.0,0.0,1.0,11.97232378729619,0.0,0.0,0.0,2.0,0.06666666666666667,0.0,0.0,0.0,1.0,16.663175212308765,0.0,0.0,0.0,0.0,0.06666666666666667,0.0,0.0,0.0,1.0,13.855318880878622,0.0,0.0,0.0,2.0,0.06666666666666667,0.0,0.0,0.0,1.0,13.862773982993096,0.0,0.0,0.0,2.0,0.06666666666666667,0.0,0.0,0.0,1.0,11.989157811084297,0.0,0.0,0.0,0.0,0.06666666666666667,0.0,0.0,0.0,1.0,13.838302812074545,0.0,0.0,0.0,0.0,0.06666666666666667,0.0,0.0,0.0,1.0,15.78314723908171,0.0,0.0,0.0,0.0,0.06666666666666667,0.0,0.0,0.0,1.0,12.82614698568183,0.0,0.0,0.0,0.0,0.06666666666666667,0.0,0.0,0.0,1.0,11.977215573079883,0.0,0.0,0.0,0.0,0.06666666666666667,0.0,0.0,0.0,1.0,15.62773691614133,0.0,0.0,0.0,0.0,0.06666666666666667,0.0,0.0,0.0,1.0,12.603749701755586,0.0,0.0,0.0,0.0,0.06666666666666667,0.0,0.0,0.0,1.0,0.0,1.0,0.0,2.0,3.6,1.0,0.0,1.0,0.0,2.0,1.65,2.0,2.6,2.0,3.4,2.0,2.175,2.0,1.65,2.0,3.35,2.0,2.075
light_seed1,light,1,785.25,800.25,15.0,13.660338683296898,0.0,0.0,17.200000000000045,1.0,14.828409432208748,0.0,0.0,0.0,2.0,0.06666666666666667,0.0,0.0,0.0,1.0,11.997460051991512,0.0,0.0,0.0,2.0,0.06666666666666667,0.0,0.0,0.0,1.0,16.631822620086375,0.0,0.0,0.0,0.0,0.06666666666666667,0.0,0.0,0.0,1.0,13.849015988237225,0.0,0.0,0.0,2.0,0.06666666666666667,0.0,0.0,0.0,1.0,13.862582840207033,0.0,0.0,0.0,2.0,0.06666666666666667,0.0,0.0,0.0,1.0,11.979950233027338,0.0,0.0,0.0,0.0,0.06666666666666667,0.0,0.0,0.0,1.0,13.862729926928878,0.0,0.0,0.0,0.0,0.06666666666666667,0.0,0.0,0.0,1.0,15.823118451878578,0.0,0.0,0.0,0.0,0.06666666666666667,0.0,0.0,0.0,1.0,12.840286594272461,0.0,0.0,0.0,0.0,0.06666666666666667,0.0,0.0,0.0,1.0,11.970346957950387,0.0,0.0,0.0,0.0,0.06666666666666667,0.0,0.0,0.0,1.0,15.627612662134439,0.0,0.0,0.0,0.0,0.06666666666666667,0.0,0.0,0.0,1.0,12.650716456338996,0.0,0.0,0.0,0.0,0.06666666666666667,0.0,0.0,0.0,1.0,0.0,1.0,0.0,2.0,4.1,1.0,0.0,1.0,0.0,2.0,2.15,2.0,3.1,2.0,3.9,2.0,2.675,2.0,2.15,2.0,3.85,2.0,2.575
light_seed1,light,1,786.25,801.25,14.0,13.641473884073207,0.0,0.0,18.200000000000045,1.0,14.731706135707558,0.0,0.0,0.0,2.0,0.06666666666666667,0.0,0.0,0.0,1.0,11.98771746902028,0.0,0.0,0.0,2.0,0.06666666666666667,0.0,0.0,0.0,1.0,16.609939955290407,0.0,0.0,0.0,0.0,0.06666666666666667,0.0,0.0,0.0,1.0,13.87745957178413,0.0,0.0,0.0,2.0,0.06666666666666667,0.0,0.0,0.0,1.0,13.877522603074322,0.0,0.0,0.0,2.0,0.06666666666666667,0.0,0.0,0.0,1.0,11.980549637277145,0.0,0.0,0.0,0.0,0.06666666666666667,0.0,0.0,0.0,1.0,13.829025347094285,0.0,0.0,0.0,0.0,0.06666666666666667,0.0,0.0,0.0,1.0,15.852963159799724,0.0,0.0,0.0,0.0,0.06666666666666667,0.0,0.0,0.0,1.0,12.824356512906366,0.0,0.0,0.0,0.0,0.06666666666666667,0.0,0.0,0.0,1.0,11.991085340373683,0.0,0.0,0.0,0.0,0.06666666666666667,0.0,0.0,0.0,1.0,15.60243394583252,0.0,0.0,0.0,0.0,0.06666666666666667,0.0,0.0,0.0,1.0,12.65017714411486,0.0,0.0,0.0,0.0,0.06666666666666667,0.0,0.0,0.0,1.0,0.0,1.0,0.0,2.0,0.0,1.0,0.0,1.0,0.0,2.0,0.0,2.0,3.6,2.0,4.4,2.0,3.175,2.0,2.65,2.0,4.35,2.0,3.075
light_seed1,light,1,787.25,802.25,14.0,13.655669624701579,0.0,0.0,19.200000000000045,1.0,14.786242119936855,0.0,0.0,0.0,2.0,0.06666666666666667,0.0,0.0,0.0,1.0,11.976646069865673,0.0,0.0,0.0,2.0,0.06666666666666667,0.0,0.0,0.0,1.0,16.66508210724965,0.0,0.0,0.0,0.0,0.06666666666666667,0.0,0.0,0.0,1.0,13.8664864300692,0.0,0.0,0.0,2.0,0.06666666666666667,0.0,0.0,0.0,1.0,13.866778952515451,0.0,0.0,0.0,2.0,0.06666666666666667,0.0,0.0,0.0,1.0,11.99526906622108,0.0,0.0,0.0,0.0,0.06666666666666667,0.0,0.0,0.0,1.0,13.877137281653704,0.0,0.0,0.0,0.0,0.06666666666666667,0.0,0.0,0.0,1.0,15.876106640491784,0.0,0.0,0.0,0.0,0.06666666666666667,0.0,0.0,0.0,1.0,12.856996582419947,0.0,0.0,0.0,0.0,0.06666666666666667,0.0,0.0,0.0,1.0,11.981997307408601,0.0,0.0,0.0,0.0,0.06666666666666667,0.0,0.0,0.0,1.0,15.621976409421979,0.0,0.0,0.0,0.0,0.06666666666666667,0.0,0.0,0.0,1.0,12.657433148653945,0.0,0.0,0.0,0.0,0.06666666666666667,0.0,0.0,0.0,1.0,0.0,1.0,0.0,1.0,0.0,1.0,0.0,1.0,0.0,1.0,0.0,2.0,4.1,2.0,4.9,2.0,3.675,2.0,3.15,2.0,4.85,2.0,3.575
light_seed1,light,1,788.25,803.25,14.0,13.640879922394996,0.0,0.0,20.200000000000045,1.0,14.786980098562898,0.0,0.0,0.0,2.0,0.06666666666666667,0.0,0.0,0.0,1.0,11.999183280165306,0.0,0.0,0.0,2.0,0.06666666666666667,0.0,0.0,0.0,1.0,16.565807937670503,0.0,0.0,0.0,0.0,0.06666666666666667,0.0,0.0,0.0,1.0,13.84799528762931,0.0,0.0,0.0,2.0,0.06666666666666667,0.0,0.0,0.0,1.0,13.870243926332332,0.0,0.0,0.0,2.0,0.06666666666666667,0.0,0.0,0.0,1.0,11.994365010168403,0.0,0.0,0.0,0.0,0.06666666666666667,0.0,0.0,0.0,1.0,13.860047824218636,0.0,0.0,0.0,0.0,0.06666666666666667,0.0,0.0,0.0,1.0,15.860739381462485,0.0,0.0,0.0,0.0,0.06666666666666667,0.0,0.0,0.0,1.0,12.824836453390876,0.0,0.0,0.0,0.0,0.06666666666666667,0.0,0.0,0.0,1.0,11.983359487226698,0.0,0.0,0.0,0.0,0.06666666666666667,0.0,0.0,0.0,1.0,15.611868344189345,0.0,0.0,0.0,0.0,0.06666666666666667,0.0,0.0,0.0,1.0,12.648470459701493,0.0,0.0,0.0,0.0,0.06666666666666667,0.0,0.0,0.0,1.0,0.0,1.0,0.0,1.0,0.0,1.0,0.0,1.0,0.0,1.0,0.0,2.0,4.6,2.0,5.4,2.0,4.175,2.0,3.65,2.0,5.35,2.0,4.075
light_seed1,light,1,789.25,804.25,12.0,13.739384695418785,0.0,0.0,21.200000000000045,1.0,14.763607551145018,0.0,0.0,0.0,2.0,0.06666666666666667,0.0,0.0,0.0,1.0,11.982951195524073,0.0,0.0,0.0,2.0,0.06666666666666667,0.0,0.0,0.0,1.0,15.651187586053455,0.0,0.0,0.0,0.0,0.06666666666666667,0.0,0.0,0.0,1.0,13.880198530752677,0.0,0.0,0.0,2.0,0.06666666666666667,0.0,0.0,0.0,1.0,13.86599281635601,0.0,0.0,0.0,2.0,0.06666666666666667,0.0,0.0,0.0,1.0,11.997052057308611,0.0,0.0,0.0,0.0,0.06666666666666667,0.0,0.0,0.0,1.0,13.861387128740317,0.0,0.0,0.0,0.0,0.06666666666666667,0.0,0.0,0.0,1.0,15.827549126524627,0.0,0.0,0.0,0.0,0.06666666666666667,0.0,0.0,0.0,1.0,12.824445374560879,0.0,0.0,0.0,0.0,0.06666666666666667,0.0,0.0,0.0,1.0,11.974448177700397,0.0,0.0,0.0,0.0,0.06666666666666667,0.0,0.0,0.0,1.0,15.616889488348484,0.0,0.0,0.0,0.0,0.06666666666666667,0.0,0.0,0.0,1.0,12.62690731201088,0.0,0.0,0.0,0.0,0.06666666666666667,0.0,0.0,0.0,1.0,0.0,1.0,0.0,1.0,0.0,1.0,0.0,1.0,0.0,1.0,0.0,2.0,5.1,2.0,5.9,2.0,4.675,2.0,4.15,2.0,5.85,2.0,4.575
light_seed1,light,1,790.25,805.25,12.0,12.755003191116794,0.0,0.0,22.200000000000045,1.0,14.749648051279248,0.0,0.0,0.0,2.0,0.06666666666666667,0.0,0.0,0.0,1.0,11.978764151581563,0.0,0.0,0.0,2.0,0.06666666666666667,0.0,0.0,0.0,1.0,10.169383954069747,0.0,0.0,0.0,0.0,0.06666666666666667,0.0,0.0,0.0,1.0,13.850513854754391,0.0,0.0,0.0,2.0,0.06666666666666667,0.0,0.0,0.0,1.0,13.851588314797263,0.0,0.0,0.0,2.0,0.06666666666666667,0.0,0.0,0.0,1.0,11.991569925227669,0.0,0.0,0.0,0.0,0.06666666666666667,0.0,0.0,0.0,1.0,13.850356807626087,0.0,0.0,0.0,0.0,0.06666666666666667,0.0,0.0,0.0,1.0,12.280259501002245,0.0,0.0,0.0,0.0,0.06666666666666667,0.0,0.0,0.0,1.0,12.863772796694526,0.0,0.0,0.0,0.0,0.06666666666666667,0.0,0.0,0.0,1.0,11.98297584296437,0.0,0.0,0.0,0.0,0.06666666666666667,0.0,0.0,0.0,1.0,12.873761733384006,0.0,0.0,0.0,0.0,0.06666666666666667,0.0,0.0,0.0,1.0,12.617443360020406,0.0,0.0,0.0,0.0,0.06666666666666667,0.0,0.0,0.0,1.0,0.0,1.0,0.0,1.0,0.0,1.0,0.0,1.0,0.0,1.0,0.0,2.0,5.6,2.0,6.4,2.0,5.175,2.0,4.65,2.0,6.35,2.0,5.075
light_seed1,light,1,791.25,806.25,12.0,11.290828664943321,0.0,0.0,23.200000000000045,1.0,14.75128352397123,0.0,0.0,0.0,2.0,0.06666666666666667,0.0,0.0,0.0,1.0,11.982112622468266,0.0,0.0,0.0,2.0,0.06666666666666667,0.0,0.0,0.0,1.0,4.670258084935719,0.0,0.0,0.0,0.0,0.06666666666666667,0.0,0.0,0.0,1.0,13.871160164501052,0.0,0.0,0.0,2.0,0.06666666666666667,0.0,0.0,0.0,1.0,13.889788004570875,0.0,0.0,0.0,2.0,0.06666666666666667,0.0,0.0,0.0,1.0,11.973515282599255,0.0,0.0,0.0,0.0,0.06666666666666667,0.0,0.0,0.0,1.0,12.750361572566584,0.0,0.0,0.0,0.0,0.06666666666666667,0.0,0.0,0.0,1.0,6.782146084315626,0.0,0.0,0.0,0.0,0.06666666666666667,0.0,0.0,0.0,1.0,12.82951386827334,0.0,0.0,0.0,0.0,0.06666666666666667,0.0,0.0,0.0,1.0,11.987842484379653,0.0,0.0,0.0,0.0,0.06666666666666667,0.0,0.0,0.0,1.0,7.384578261485135,0.0,0.0,0.0,0.0,0.06666666666666667,0.0,0.0,0.0,1.0,12.617384025253122,0.0,0.0,0.0,0.0,0.06666666666666667,0.0,0.0,0.0,1.0,0.0,1.0,0.0,1.0,0.0,1.0,0.0,1.0,0.0,1.0,0.0,2.0,6.1,2.0,6.9,2.0,5.675,2.0,5.15,2.0,6.85,2.0,5.575
light_seed1,light,1,792.25,807.25,12.0,9.160010200778759,0.016666666666666666,1.0,24.200000000000045,0.0,0.0,0.0,0.0,0.0,2.0,0.0,0.0,0.0,0.0,1.0,11.971439269913827,0.0,0.0,0.0,2.0,0.06666666666666667,0.0,0.0,0.0,1.0,0.0,0.2,0.2,1.0,0.0,0.06666666666666667,0.0,0.06666666666666667,0.013333333333333334,1.0,12.862288696489749,0.0,0.0,0.0,2.0,0.06666666666666667,0.0,0.0,0.0,1.0,13.881655746232719,0.0,0.0,0.0,2.0,0.06666666666666667,0.0,0.0,0.0,1.0,11.994148898343555,0.0,0.0,0.0,0.0,0.06666666666666667,0.0,0.0,0.0,1.0,8.269015118077373,0.0,0.0,0.0,0.0,0.06666666666666667,0.0,0.0,0.0,1.0,1.2983344468284366,0.0,0.0,0.0,0.0,0.06666666666666667,0.0,0.0,0.0,1.0,12.171818998997443,0.0,0.0,0.0,0.0,0.06666666666666667,0.0,0.0,0.0,1.0,11.975290315719322,0.0,0.0,0.0,0.0,0.06666666666666667,0.0,0.0,0.0,1.0,1.8845782614851316,0.0,0.0,0.0,0.0,0.06666666666666667,0.0,0.0,0.0,1.0,12.655692466696491,0.0,0.0,0.0,0.0,0.06666666666666667,0.0,0.0,0.0,1.0,0.0,1.0,0.0,1.0,0.0,1.0,0.0,1.0,0.15,0.0,0.0,2.0,6.6,2.0,7.4,2.0,6.175,2.0,5.65,2.0,7.35,2.0,6.075
light_seed1,light,1,793.25,808.25,12.0,7.462047161394939,0.225,3.0,25.200000000000045,0.0,0.0,0.0,0.0,0.0,2.0,0.0,0.0,0.0,0.0,1.0,11.999944131674711,0.0,0.0,0.0,2.0,0.06666666666666667,0.0,0.0,0.0,1.0,0.0,1.2,1.2,1.0,0.0,0.06666666666666667,0.0,0.06666666666666667,0.08,0.0,0.0,0.0,0.0,0.0,2.0,0.0,0.0,0.0,0.0,0.0,0.0,0.0,0.0,0.0,2.0,0.0,0.0,0.0,0.0,1.0,10.962038998561523,0.0,0.0,0.0,0.0,0.06666666666666667,0.0,0.0,0.0,1.0,3.769201461847386,0.0,0.0,0.0,0.0,0.06666666666666667,0.0,0.0,0.0,1.0,0.0,0.8,0.8,1.0,0.0,0.06666666666666667,0.0,0.06666666666666667,0.05333333333333334,1.0,7.69289022928773,0.0,0.0,0.0,0.0,0.06666666666666667,0.0,0.0,0.0,1.0,10.954283070775734,0.0,0.0,0.0,0.0,0.06666666666666667,0.0,0.0,0.0,1.0,0.0,0.7,0.7,1.0,0.0,0.06666666666666667,0.0,0.06666666666666667,0.04666666666666666,1.0,8.58176542746941,0.0,0.0,0.0,0.0,0.06666666666666667,0.0,0.0,0.0,1.0,0.5,1.0,0.3,1.0,0.0,1.0,0.0,1.0,1.15,0.0,0.0,2.0,7.1,2.0,7.9,2.0,6.675,2.0,6.15,2.0,7.85,2.0,6.575
light_seed1,light,1,794.25,809.25,12.0,5.7689760613304095,0.4916666666666667,4.0,26.200000000000045,0.0,0.0,0.0,0.0,0.0,2.0,0.0,0.0,0.0,0.0,1.0,11.986141259805299,0.0,0.0,0.0,2.0,0.06666666666666667,0.0,0.0,0.0,1.0,0.0,2.2,2.2,1.0,0.0,0.06666666666666667,0.0,0.06666666666666667,0.14666666666666667,0.0,0.0,0.0,0.0,0.0,2.0,0.0,0.0,0.0,0.0,0.0,0.0,0.0,0.0,0.0,2.0,0.0,0.0,0.0,0.0,1.0,6.962385190299681,0.0,0.0,0.0,0.0,0.06666666666666667,0.0,0.0,0.0,1.0,0.0,0.2,0.2,1.0,0.0,0.06666666666666667,0.0,0.06666666666666667,0.013333333333333334,1.0,0.0,1.8,1.8,1.0,0.0,0.06666666666666667,0.0,0.06666666666666667,0.12000000000000001,1.0,3.1928902292877357,0.0,0.0,0.0,0.0,0.06666666666666667,0.0,0.0,0.0,1.0,6.964241517433974,0.0,0.0,0.0,0.0,0.06666666666666667,0.0,0.0,0.0,1.0,0.0,1.7,1.7,1.0,0.0,0.06666666666666667,0.0,0.06666666666666667,0.11333333333333333,1.0,4.0818282544750355,0.0,0.0,0.0,0.0,0.06666666666666667,0.0,0.0,0.0,1.0,1.5,1.0,1.3,1.0,0.0,1.0,0.6,1.0,2.15,0.0,0.0,2.0,7.6,2.0,8.4,2.0,7.175,2.0,6.65,2.0,8.35,2.0,7.075
light_seed1,light,1,795.25,810.25,24.0,6.213448147606436,0.43333333333333335,6.0,27.200000000000045,1.0,14.884087125268405,0.0,0.0,0.0,2.0,0.06666666666666667,0.06666666666666667,0.0,0.0,1.0,13.492655633013122,0.0,0.0,0.0,2.0,0.06666666666666667,0.06666666666666667,0.0,0.0,2.0,1.2870387267892043,1.6,3.2,1.0,0.0,0.06666666666666667,0.0,0.06666666666666667,0.10666666666666667,1.0,13.866145249130206,0.0,0.0,0.0,2.0,0.06666666666666667,0.06666666666666667,0.0,0.0,1.0,15.724025320216327,0.0,0.0,0.0,2.0,0.06666666666666667,0.06666666666666667,0.0,0.0,2.0,5.46522606438942,0.0,0.0,0.0,0.0,0.06666666666666667,0.0,0.0,0.0,2.0,1.358726981181127,0.6,1.2,1.0,0.0,0.06666666666666667,0.0,0.06666666666666667,0.04,2.0,0.9860269260304618,1.4,2.8,1.0,0.0,0.06666666666666667,0.0,0.06666666666666667,0.09333333333333332,2.0,1.891297981324817,0.175,0.35,1.0,0.0,0.06666666666666667,0.0,0.06666666666666667,0.011666666666666665,2.0,5.402431275388852,0.0,0.0,0.0,0.0,0.06666666666666667,0.0,0.0,0.0,2.0,1.189281647497613,1.35,2.7,1.0,0.0,0.06666666666666667,0.0,0.06666666666666667,0.09000000000000001,2.0,2.3332067951521003,0.075,0.15,1.0,0.0,0.06666666666666667,0.0,0.06666666666666667,0.005,1.0,2.5,1.0,2.3,0.0,0.0,1.0,1.6,1.0,3.15,0.0,0.0,2.0,8.1,2.0,8.9,2.0,7.675,2.0,7.15,2.0,8.85,2.0,7.575
light_seed1,light,1,796.25,811.25,24.0,6.929137047085624,0.7083333333333334,8.0,28.200000000000045,1.0,14.868073359333783,0.0,0.0,0.0,2.0,0.06666666666666667,0.06666666666666667,0.0,0.0,1.0,14.361767505121213,0.0,0.0,0.0,2.0,0.06666666666666667,0.06666666666666667,0.0,0.0,2.0,2.4951070218658256,2.1,4.2,1.0,0.0,0.06666666666666667,0.0,0.06666666666666667,0.14,1.0,13.87982503283769,0.0,0.0,0.0,2.0,0.06666666666666667,0.06666666666666667,0.0,0.0,1.0,15.90560955396941,0.0,0.0,0.0,2.0,0.06666666666666667,0.06666666666666667,0.0,0.0,2.0,5.1203709464784355,0.15,0.3,1.0,0.0,0.06666666666666667,0.0,0.06666666666666667,0.01,2.0,2.4939489670728427,1.1,2.2,1.0,0.0,0.06666666666666667,0.0,0.06666666666666667,0.07333333333333333,2.0,2.1242136562126435,1.9,3.8,1.0,0.0,0.06666666666666667,0.0,0.06666666666666667,0.12666666666666665,2.0,2.945272462285332,0.675,1.35,1.0,0.0,0.06666666666666667,0.0,0.06666666666666667,0.045000000000000005,2.0,5.144537334027729,0.15,0.3,1.0,0.0,0.06666666666666667,0.0,0.06666666666666667,0.01,2.0,2.5101250888177162,1.85,3.7,1.0,0.0,0.06666666666666667,0.0,0.06666666666666667,0.12333333333333334,2.0,3.5819803284820497,0.575,1.15,1.0,0.0,0.06666666666666667,0.0,0.06666666666666667,0.03833333333333333,1.0,3.5,1.0,3.3,0.0,0.0,1.0,2.6,1.0,4.15,0.0,0.0,2.0,8.6,2.0,9.4,2.0,8.175,2.0,7.65,2.0,9.35,2.0,8.35
light_seed1,light,1,797.25,812.25,24.0,7.743789562225473,1.0416666666666667,8.0,29.200000000000045,1.0,14.94184439176867,0.0,0.0,0.0,2.0,0.06666666666666667,0.06666666666666667,0.0,0.0,1.0,14.30354874894934,0.0,0.0,0.0,2.0,0.06666666666666667,0.06666666666666667,0.0,0.0,2.0,3.664416630632867,2.6,5.2,1.0,0.0,0.06666666666666667,0.0,0.06666666666666667,0.17333333333333334,1.0,13.861285632718355,0.0,0.0,0.0,2.0,0.06666666666666667,0.06666666666666667,0.0,0.0,1.0,16.001214063188236,0.0,0.0,0.0,2.0,0.06666666666666667,0.06666666666666667,0.0,0.0,2.0,6.350152263545543,0.65,1.3,1.0,0.0,0.06666666666666667,0.0,0.06666666666666667,0.043333333333333335,2.0,3.9403198814868445,1.6,3.2,1.0,0.0,0.06666666666666667,0.0,0.06666666666666667,0.10666666666666667,2.0,3.1971048610075092,2.4,4.8,1.0,0.0,0.06666666666666667,0.0,0.06666666666666667,0.16,2.0,4.040399703289587,1.175,2.35,1.0,0.0,0.06666666666666667,0.0,0.06666666666666667,0.07833333333333334,2.0,6.507591195551832,0.65,1.3,1.0,0.0,0.06666666666666667,0.0,0.06666666666666667,0.043333333333333335,2.0,3.747192998683587,2.35,4.7,1.0,0.0,0.06666666666666667,0.0,0.06666666666666667,0.15666666666666668,2.0,4.702961975074378,1.075,2.15,1.0,0.0,0.06666666666666667,0.0,0.06666666666666667,0.07166666666666667,1.0,4.5,1.0,4.3,0.0,0.0,1.0,3.6,1.0,5.15,0.0,0.0,2.0,9.45,2.0,9.9,2.0,8.675,2.0,8.3,2.0,9.85,2.0,9.35
light_seed1,light,1,798.25,813.25,24.0,8.48685255168663,1.375,8.0,0.20000000000004547,1.0,14.95035240300639,0.0,0.0,0.0,1.0,0.06666666666666667,0.06666666666666667,0.0,0.0,1.0,14.394838034755812,0.0,0.0,0.0,1.0,0.06666666666666667,0.06666666666666667,0.0,0.0,2.0,4.933427570596677,3.1,6.2,1.0,0.0,0.06666666666666667,0.0,0.06666666666666667,0.20666666666666667,1.0,13.847559936562554,0.0,0.0,0.0,1.0,0.06666666666666667,0.06666666666666667,0.0,0.0,1.0,15.92683310980996,0.0,0.0,0.0,1.0,0.06666666666666667,0.06666666666666667,0.0,0.0,2.0,7.565572602511037,1.15,2.3,1.0,0.0,0.06666666666666667,0.0,0.06666666666666667,0.07666666666666666,2.0,5.048276630387262,2.1,4.2,1.0,0.0,0.06666666666666667,0.0,0.06666666666666667,0.14,2.0,4.335548720363965,2.9,5.8,1.0,0.0,0.06666666666666667,0.0,0.06666666666666667,0.19333333333333333,2.0,5.114474640586623,1.675,3.35,1.0,0.0,0.06666666666666667,0.0,0.06666666666666667,0.11166666666666666,2.0,6.971117998496937,1.15,2.3,1.0,0.0,0.06666666666666667,0.0,0.06666666666666667,0.07666666666666666,2.0,4.9696063980847125,2.85,5.7,1.0,0.0,0.06666666666666667,0.0,0.06666666666666667,0.19,2.0,6.046958004623782,1.575,3.15,1.0,0.0,0.06666666666666667,0.0,0.06666666666666667,0.105,1.0,5.5,1.0,5.3,0.0,0.0,1.0,4.6,1.0,6.15,0.0,0.0,2.0,10.45,2.0,10.4,2.0,9.175,2.0,9.3,2.0,10.35,2.0,10.35
light_seed1,light,1,799.25,814.25,24.0,9.07086273973858,1.7083333333333333,8.0,1.2000000000000455,1.0,14.86156869991041,0.0,0.0,0.0,1.0,0.06666666666666667,0.06666666666666667,0.0,0.0,1.0,14.352313181504636,0.0,0.0,0.0,1.0,0.06666666666666667,0.06666666666666667,0.0,0.0,2.0,5.901033130220314,3.6,7.2,1.0,0.0,0.06666666666666667,0.0,0.06666666666666667,0.24000000000000002,1.0,13.873605018068105,0.0,0.0,0.0,1.0,0.06666666666666667,0.06666666666666667,0.0,0.0,1.0,15.921172072624032,0.0,0.0,0.0,1.0,0.06666666666666667,0.06666666666666667,0.0,0.0,2.0,8.190500432530367,1.65,3.3,1.0,0.0,0.06666666666666667,0.0,0.06666666666666667,0.11,2.0,6.0578697034258315,2.6,5.2,1.0,0.0,0.06666666666666667,0.0,0.06666666666666667,0.17333333333333334,2.0,5.4121893172883215,3.4,6.8,1.0,0.0,0.06666666666666667,0.0,0.06666666666666667,0.22666666666666666,2.0,6.1633576714257305,2.175,4.35,1.0,0.0,0.06666666666666667,0.0,0.06666666666666667,0.145,2.0,6.965200820734916,1.65,3.3,1.0,0.0,0.06666666666666667,0.0,0.06666666666666667,0.11,2.0,6.155604862117028,3.35,6.7,1.0,0.0,0.06666666666666667,0.0,0.06666666666666667,0.22333333333333333,2.0,7.248897108018072,2.075,4.15,1.0,0.0,0.06666666666666667,0.0,0.06666666666666667,0.13833333333333334,1.0,6.5,1.0,6.3,0.0,0.0,1.0,5.6,1.0,7.15,0.0,0.0,2.0,11.45,2.0,10.9,2.0,9.675,2.0,10.3,2.0,10.85,2.0,11.35
light_seed1,light,1,800.25,815.25,24.0,9.480820584923643,2.0416666666666665,8.0,2.2000000000000455,1.0,14.911497694069393,0.0,0.0,0.0,1.0,0.06666666666666667,0.06666666666666667,0.0,0.0,1.0,14.351454546910507,0.0,0.0,0.0,1.0,0.06666666666666667,0.06666666666666667,0.0,0.0,2.0,7.145538638154008,4.1,8.2,1.0,0.0,0.06666666666666667,0.0,0.06666666666666667,0.2733333333333333,1.0,13.87830190709792,0.0,0.0,0.0,1.0,0.06666666666666667,0.06666666666666667,0.0,0.0,1.0,15.95873603983404,0.0,0.0,0.0,1.0,0.06666666666666667,0.06666666666666667,0.0,0.0,2.0,8.209231883638838,2.15,4.3,1.0,0.0,0.06666666666666667,0.0,0.06666666666666667,0.14333333333333334,2.0,7.097129110231344,3.1,6.2,1.0,0.0,0.06666666666666667,0.0,0.06666666666666667,0.20666666666666667,2.0,6.540168227083498,3.9,7.8,1.0,0.0,0.06666666666666667,0.0,0.06666666666666667,0.26,2.0,6.150943081830681,2.675,5.35,1.0,0.0,0.06666666666666667,0.0,0.06666666666666667,0.17833333333333332,2.0,6.990924737282638,2.15,4.3,1.0,0.0,0.06666666666666667,0.0,0.06666666666666667,0.14333333333333334,2.0,6.426566107317741,3.85,7.7,1.0,0.0,0.06666666666666667,0.0,0.06666666666666667,0.25666666666666665,2.0,8.427083256968706,2.575,5.15,1.0,0.0,0.06666666666666667,0.0,0.06666666666666667,0.1716666666666667,1.0,7.5,1.0,7.3,0.0,0.0,1.0,6.6,1.0,8.15,0.0,0.0,2.0,12.45,2.0,11.525,2.0,10.200000000000001,2.0,11.3,2.0,11.825,2.0,12.35
light_seed1,light,1,801.25,816.25,24.0,9.644197792962329,1.7708333333333333,6.0,0.20000000000004547,1.0,14.917541045278183,0.0,0.0,0.0,0.0,0.06666666666666667,0.06666666666666667,0.0,0.0,1.0,14.35239295278539,0.0,0.0,0.0,0.0,0.06666666666666667,0.06666666666666667,0.0,0.0,2.0,7.496393121168507,0.0,0.0,0.0,2.0,0.06666666666666667,0.0,0.0,0.0,1.0,13.869553661495448,0.0,0.0,0.0,0.0,0.06666666666666667,0.06666666666666667,0.0,0.0,1.0,15.961364913828149,0.0,0.0,0.0,0.0,0.06666666666666667,0.06666666666666667,0.0,0.0,2.0,8.451394482182096,0.0,0.0,0.0,2.0,0.06666666666666667,0.0,0.0,0.0,2.0,8.049327419316217,3.6,7.2,1.0,0.0,0.06666666666666667,0.0,0.06666666666666667,0.24000000000000002,2.0,6.928045477108099,4.4,8.8,1.0,0.0,0.06666666666666667,0.0,0.06666666666666667,0.29333333333333333,2.0,6.168484681952798,3.175,6.35,1.0,0.0,0.06666666666666667,0.0,0.06666666666666667,0.21166666666666664,2.0,6.956692836181336,2.65,5.3,1.0,0.0,0.06666666666666667,0.0,0.06666666666666667,0.17666666666666667,2.0,6.409096046814631,4.35,8.7,1.0,0.0,0.06666666666666667,0.0,0.06666666666666667,0.29,2.0,8.45730185469857,3.075,6.15,1.0,0.0,0.06666666666666667,0.0,0.06666666666666667,0.20500000000000002,1.0,8.5,1.0,8.3,0.0,0.0,1.0,7.6,1.0,9.15,0.0,0.0,2.0,0.0,2.0,0.0,2.0,11.200000000000001,2.0,2.15,2.0,0.0,2.0,13.35
light_seed1,light,1,802.25,817.25,24.0,9.84708335028886,2.0208333333333335,6.0,1.2000000000000455,1.0,14.951445494210919,0.0,0.0,0.0,0.0,0.06666666666666667,0.06666666666666667,0.0,0.0,1.0,14.42493204878157,0.0,0.0,0.0,0.0,0.06666666666666667,0.06666666666666667,0.0,0.0,1.0,14.324150196364657,0.0,0.0,0.0,2.0,0.06666666666666667,0.06666666666666667,0.0,0.0,1.0,13.839379623502493,0.0,0.0,0.0,0.0,0.06666666666666667,0.06666666666666667,0.0,0.0,1.0,15.971357645954415,0.0,0.0,0.0,0.0,0.06666666666666667,0.06666666666666667,0.0,0.0,1.0,16.396340146148244,0.0,0.0,0.0,2.0,0.06666666666666667,0.06666666666666667,0.0,0.0,2.0,8.345075079815778,4.1,8.2,1.0,0.0,0.06666666666666667,0.0,0.06666666666666667,0.2733333333333333,2.0,6.942751856675372,4.9,9.8,1.0,0.0,0.06666666666666667,0.0,0.06666666666666667,0.3266666666666667,2.0,6.174006056726963,3.675,7.35,1.0,0.0,0.06666666666666667,0.0,0.06666666666666667,0.245,2.0,6.959434019984054,3.15,6.3,1.0,0.0,0.06666666666666667,0.0,0.06666666666666667,0.21,2.0,6.402629599981411,4.85,9.7,1.0,0.0,0.06666666666666667,0.0,0.06666666666666667,0.3233333333333333,2.0,8.397610965899192,3.575,7.15,1.0,0.0,0.06666666666666667,0.0,0.06666666666666667,0.23833333333333334,1.0,9.5,1.0,9.3,0.0,0.0,1.0,8.6,1.0,10.15,0.0,0.0,1.0,0.0,1.0,0.0,2.0,12.200000000000001,1.0,0.0,1.0,0.0,2.0,14.35
light_seed1,light,1,803.25,818.25,24.0,9.998112931464265,2.2708333333333335,6.0,2.2000000000000455,1.0,14.8760760140448,0.0,0.0,0.0,0.0,0.06666666666666667,0.06666666666666667,0.0,0.0,1.0,14.321789357734175,0.0,0.0,0.0,0.0,0.06666666666666667,0.06666666666666667,0.0,0.0,1.0,14.234684230541736,0.0,0.0,0.0,2.0,0.06666666666666667,0.06666666666666667,0.0,0.0,1.0,13.887673702701926,0.0,0.0,0.0,0.0,0.06666666666666667,0.06666666666666667,0.0,0.0,1.0,15.98322779342736,0.0,0.0,0.0,0.0,0.06666666666666667,0.06666666666666667,0.0,0.0,1.0,16.464846730150413,0.0,0.0,0.0,2.0,0.06666666666666667,0.06666666666666667,0.0,0.0,2.0,8.350534258720723,4.6,9.2,1.0,0.0,0.06666666666666667,0.0,0.06666666666666667,0.30666666666666664,2.0,6.938760977427475,5.4,10.8,1.0,0.0,0.06666666666666667,0.0,0.06666666666666667,0.36000000000000004,2.0,6.161465579816193,4.175,8.35,1.0,0.0,0.06666666666666667,0.0,0.06666666666666667,0.2783333333333333,2.0,6.976209456902305,3.65,7.3,1.0,0.0,0.06666666666666667,0.0,0.06666666666666667,0.24333333333333332,2.0,6.380078240982076,5.35,10.7,1.0,0.0,0.06666666666666667,0.0,0.06666666666666667,0.35666666666666663,2.0,8.433655957753597,4.075,8.15,1.0,0.0,0.06666666666666667,0.0,0.06666666666666667,0.27166666666666667,1.0,10.5,1.0,10.3,0.0,0.0,1.0,9.6,1.0,11.15,0.0,0.0,1.0,0.0,1.0,0.0,2.0,13.200000000000001,1.0,0.0,1.0,0.0,2.0,15.35
light_seed1,light,1,804.25,819.25,24.0,10.089718695697748,2.5208333333333335,6.0,3.2000000000000455,1.0,14.901450909951807,0.0,0.0,0.0,0.0,0.06666666666666667,0.06666666666666667,0.0,0.0,1.0,14.311955821632553,0.0,0.0,0.0,0.0,0.06666666666666667,0.06666666666666667,0.0,0.0,1.0,14.215246529218668,0.0,0.0,0.0,2.0,0.06666666666666667,0.06666666666666667,0.0,0.0,1.0,13.858093985643238,0.0,0.0,0.0,0.0,0.06666666666666667,0.06666666666666667,0.0,0.0,1.0,14.545107678831306,0.0,0.0,0.0,0.0,0.06666666666666667,0.06666666666666667,0.0,0.0,1.0,16.441058277143995,0.0,0.0,0.0,2.0,0.06666666666666667,0.06666666666666667,0.0,0.0,2.0,8.350344809305879,5.1,10.2,1.0,0.0,0.06666666666666667,0.0,0.06666666666666667,0.33999999999999997,2.0,6.919002021548338,5.9,11.8,1.0,0.0,0.06666666666666667,0.0,0.06666666666666667,0.39333333333333337,2.0,6.15813122352311,4.675,9.35,1.0,0.0,0.06666666666666667,0.0,0.06666666666666667,0.31166666666666665,2.0,6.978886120011756,4.15,8.3,1.0,0.0,0.06666666666666667,0.0,0.06666666666666667,0.27666666666666667,2.0,6.3911665976802405,5.85,11.7,1.0,0.0,0.06666666666666667,0.0,0.06666666666666667,0.38999999999999996,2.0,8.427328087271832,4.575,9.15,1.0,0.0,0.06666666666666667,0.0,0.06666666666666667,0.305,1.0,11.5,1.0,11.3,0.0,0.0,1.0,10.6,1.0,12.15,0.0,0.0,0.0,0.0,0.0,0.0,2.0,14.200000000000001,0.0,0.0,0.0,0.0,2.0,16.35
light_seed1,light,1,805.25,820.25,24.0,9.874457646026725,2.7708333333333335,6.0,4.2000000000000455,1.0,12.673502119786523,0.0,0.0,0.0,0.0,0.06666666666666667,0.06666666666666667,0.0,0.0,1.0,14.392005463391106,0.0,0.0,0.0,0.0,0.06666666666666667,0.06666666666666667,0.0,0.0,1.0,14.356220835777973,0.0,0.0,0.0,2.0,0.06666666666666667,0.06666666666666667,0.0,0.0,1.0,13.875714823493734,0.0,0.0,0.0,0.0,0.06666666666666667,0.06666666666666667,0.0,0.0,1.0,9.545167238445647,0.0,0.0,0.0,0.0,0.06666666666666667,0.06666666666666667,0.0,0.0,1.0,15.598445672917123,0.0,0.0,0.0,2.0,0.06666666666666667,0.06666666666666667,0.0,0.0,2.0,8.322680417198656,5.6,11.2,1.0,0.0,0.06666666666666667,0.0,0.06666666666666667,0.3733333333333333,2.0,6.919549998524599,6.4,12.8,1.0,0.0,0.06666666666666667,0.0,0.06666666666666667,0.4266666666666667,2.0,6.1698777054679175,5.175,10.35,1.0,0.0,0.06666666666666667,0.0,0.06666666666666667,0.345,2.0,6.985367871292127,4.65,9.3,1.0,0.0,0.06666666666666667,0.0,0.06666666666666667,0.31,2.0,6.397950485852017,6.35,12.7,1.0,0.0,0.06666666666666667,0.0,0.06666666666666667,0.4233333333333333,2.0,7.838323208160748,5.075,10.15,1.0,0.0,0.06666666666666667,0.0,0.06666666666666667,0.3383333333333333,1.0,12.5,1.0,12.3,0.0,0.0,1.0,11.6,1.0,13.15,0.0,0.0,0.0,0.0,0.0,0.0,2.0,15.200000000000001,0.0,0.0,0.0,0.0,2.0,17.35
light_seed1,light,1,806.25,821.25,23.0,8.612395311448006,3.152173913043478,6.0,5.2000000000000455,1.0,7.678310894914189,0.0,0.0,0.0,0.0,0.06666666666666667,0.06666666666666667,0.0,0.0,1.0,10.508954808524757,0.0,0.0,0.0,0.0,0.06666666666666667,0.06666666666666667,0.0,0.0,1.0,14.294112534906292,0.0,0.0,0.0,2.0,0.06666666666666667,0.06666666666666667,0.0,0.0,1.0,11.068170424065157,0.0,0.0,0.0,0.0,0.06666666666666667,0.06666666666666667,0.0,0.0,1.0,4.5451672384456465,0.0,0.0,0.0,0.0,0.06666666666666667,0.06666666666666667,0.0,0.0,1.0,14.442943751745727,0.0,0.0,0.0,2.0,0.06666666666666667,0.06666666666666667,0.0,0.0,2.0,7.5218035578191325,6.1,12.2,1.0,0.0,0.06666666666666667,0.0,0.06666666666666667,0.4066666666666666,2.0,6.91920757675264,6.9,13.8,1.0,0.0,0.06666666666666667,0.0,0.06666666666666667,0.46,2.0,6.1576361007793405,5.675,11.35,1.0,0.0,0.06666666666666667,0.0,0.06666666666666667,0.3783333333333333,2.0,5.453814805252032,5.15,10.3,1.0,0.0,0.06666666666666667,0.0,0.06666666666666667,0.3433333333333334,2.0,6.406099737056467,6.85,13.7,1.0,0.0,0.06666666666666667,0.0,0.06666666666666667,0.45666666666666667,2.0,5.404633288517709,5.575,11.15,1.0,0.0,0.06666666666666667,0.0,0.06666666666666667,0.3716666666666667,1.0,13.5,1.0,13.3,0.0,0.0,1.0,12.6,1.0,14.15,0.0,0.0,0.0,0.0,0.0,0.0,2.0,16.2,0.0,0.0,0.0,0.0,2.0,18.35
light_seed1,light,1,807.25,822.25,23.0,7.336351748480951,3.4195652173913045,7.0,6.2000000000000455,1.0,2.6783108949141887,0.0,0.0,0.0,0.0,0.06666666666666667,0.0,0.0,0.0,1.0,4.528236271552194,0.0,0.0,0.0,0.0,0.06666666666666667,0.06666666666666667,0.0,0.0,1.0,14.204111540704659,0.0,0.0,0.0,2.0,0.06666666666666667,0.06666666666666667,-0.06666666666666667,-0.013333333333333334,1.0,6.575749882453217,0.0,0.0,0.0,0.0,0.06666666666666667,0.06666666666666667,0.0,0.0,1.0,0.0,0.15,0.15,1.0,0.0,0.06666666666666667,0.06666666666666667,0.06666666666666667,0.01,0.0,0.0,0.0,0.0,0.0,2.0,0.0,0.06666666666666667,0.0,0.0,2.0,5.13941766212976,6.6,13.2,1.0,0.0,0.06666666666666667,0.0,0.06666666666666667,0.44,2.0,6.877330628258108,7.4,14.8,1.0,0.0,0.06666666666666667,0.0,0.06666666666666667,0.49333333333333335,2.0,6.17285153304977,6.175,12.35,1.0,0.0,0.06666666666666667,0.0,0.06666666666666667,0.4116666666666667,2.0,3.6519860082908027,5.65,11.3,1.0,0.0,0.06666666666666667,0.0,0.06666666666666667,0.3766666666666667,2.0,6.39000605254416,7.35,14.7,1.0,0.0,0.06666666666666667,0.0,0.06666666666666667,0.49,2.0,3.3103817040631527,6.075,12.15,1.0,0.0,0.06666666666666667,0.0,0.06666666666666667,0.405,1.0,14.5,1.0,14.3,0.0,0.0,1.0,13.6,1.0,15.15,0.0,0.0,0.0,0.0,0.0,0.0,2.0,17.2,0.0,0.0,0.0,0.0,2.0,19.35
light_seed1,light,1,808.25,823.25,22.0,5.9679884363021936,3.9295454545454547,9.0,7.2000000000000455,1.0,0.0,0.5,0.5,1.0,0.0,0.06666666666666667,0.0,0.06666666666666667,0.03333333333333333,1.0,0.0,0.3,0.3,1.0,0.0,0.06666666666666667,0.06666666666666667,0.06666666666666667,0.02,1.0,14.232628112077872,0.0,0.0,0.0,2.0,0.06666666666666667,0.06666666666666667,-0.06666666666666667,-0.08,1.0,2.079266803381223,0.0,0.0,0.0,0.0,0.06666666666666667,0.0,0.0,0.0,1.0,0.0,1.15,1.15,1.0,0.0,0.06666666666666667,0.0,0.06666666666666667,0.07666666666666666,0.0,0.0,0.0,0.0,0.0,2.0,0.0,0.06666666666666667,0.0,0.0,2.0,3.040177448404948,7.1,14.2,1.0,0.0,0.06666666666666667,0.0,0.06666666666666667,0.47333333333333333,2.0,5.231762545058085,7.9,15.8,1.0,0.0,0.06666666666666667,0.0,0.0,0.4733333333333334,2.0,5.574934744251607,6.675,13.35,1.0,0.0,0.06666666666666667,0.0,0.06666666666666667,0.445,2.0,2.1736932918945233,6.15,12.3,1.0,0.0,0.06666666666666667,0.0,0.06666666666666667,0.41000000000000003,2.0,6.090252430265962,7.85,15.7,1.0,0.0,0.06666666666666667,0.0,0.0,0.4766666666666666,2.0,1.5908312391173196,6.575,13.15,1.0,0.0,0.06666666666666667,0.0,0.06666666666666667,0.43833333333333335,1.0,15.5,1.0,15.3,0.0,0.0,1.0,14.6,1.0,16.15,0.0,0.0,0.0,0.0,0.0,0.0,2.0,18.200000000000003,0.0,0.0,0.0,0.0,2.0,20.35
light_seed1,light,1,809.25,824.25,21.0,4.694794068439313,4.5738095238095235,10.0,8.200000000000045,1.0,0.0,1.5,1.5,1.0,0.0,0.06666666666666667,0.0,0.06666666666666667,0.1,1.0,0.0,1.3,1.3,1.0,0.0,0.06666666666666667,0.06666666666666667,0.06666666666666667,0.08666666666666667,1.0,14.217844514429611,0.0,0.0,0.0,2.0,0.06666666666666667,0.06666666666666667,-0.06666666666666667,-0.14666666666666667,1.0,0.0,0.6,0.6,1.0,0.0,0.06666666666666667,0.0,0.06666666666666667,0.04,1.0,0.0,2.15,2.15,1.0,0.0,0.06666666666666667,0.0,0.06666666666666667,0.14333333333333334,0.0,0.0,0.0,0.0,0.0,2.0,0.0,0.06666666666666667,0.0,0.0,2.0,1.4162731885773538,7.6,15.2,1.0,0.0,0.06666666666666667,0.0,0.0,0.4933333333333333,2.0,3.7212420105045867,8.4,16.8,1.0,0.0,0.06666666666666667,0.0,0.0,0.44000000000000006,2.0,4.028773254772461,7.175,14.35,1.0,0.0,0.06666666666666667,0.0,0.06666666666666667,0.47833333333333333,2.0,1.0710609543944214,6.65,13.3,1.0,0.0,0.06666666666666667,0.0,0.06666666666666667,0.44333333333333336,2.0,4.262556017472938,8.35,16.7,1.0,0.0,0.06666666666666667,0.0,0.0,0.4433333333333333,2.0,0.5184809844530157,7.075,14.15,1.0,0.0,0.06666666666666667,0.0,0.06666666666666667,0.4716666666666667,1.0,16.5,1.0,16.3,0.0,0.0,1.0,15.6,1.0,17.15,0.0,0.0,0.0,0.0,0.0,0.0,2.0,19.200000000000003,0.0,0.0,0.0,0.0,2.0,21.35
light_seed1,light,1,810.25,825.25,21.0,4.040215414152415,5.05,10.0,9.200000000000045,1.0,0.0,2.5,2.5,1.0,0.0,0.0,0.0,0.06666666666666667,0.16666666666666666,1.0,0.0,2.3,2.3,1.0,0.0,0.0,0.0,0.06666666666666667,0.15333333333333332,0.0,0.0,0.0,0.0,0.0,2.0,0.0,0.13333333333333333,-0.06666666666666667,-0.10666666666666667,1.0,0.0,1.6,1.6,1.0,0.0,0.0,0.0,0.06666666666666667,0.10666666666666667,1.0,0.0,3.15,3.15,1.0,0.0,0.0,0.0,0.06666666666666667,0.21,0.0,0.0,0.0,0.0,0.0,2.0,0.0,0.13333333333333333,0.0,0.0,2.0,0.423127665956458,8.1,16.2,1.0,0.0,0.0,0.0,0.0,0.5,2.0,2.4103489972473002,8.9,17.8,1.0,0.0,0.0,0.0,0.0,0.5,2.0,2.6626196379191467,7.675,15.35,1.0,0.0,0.0,0.0,0.0,0.5,2.0,0.40977026515050463,7.15,14.3,1.0,0.0,0.0,0.0,0.06666666666666667,0.4766666666666667,2.0,2.6312065822710404,8.85,17.7,1.0,0.0,0.0,0.0,0.0,0.5,2.0,0.10837352993921445,7.575,15.15,1.0,0.0,0.0,0.0,0.0,0.5,1.0,17.5,1.0,17.3,0.0,0.0,1.0,16.6,1.0,18.15,0.0,0.0,0.0,0.0,0.0,0.0,2.0,20.200000000000003,0.0,0.0,0.0,0.0,2.0,22.35
light_seed1,light,1,811.25,826.25,21.0,3.631911998696886,5.552380952380952,11.0,10.200000000000045,1.0,0.0,3.5,3.5,1.0,0.0,0.0,0.0,0.06666666666666667,0.23333333333333334,1.0,0.0,3.3,3.3,1.0,0.0,0.0,0.0,0.06666666666666667,0.22,0.0,0.0,0.0,0.0,0.0,2.0,0.0,0.13333333333333333,-0.06666666666666667,-0.14,1.0,0.0,2.6,2.6,1.0,0.0,0.0,0.0,0.06666666666666667,0.17333333333333334,1.0,0.0,4.15,4.15,1.0,0.0,0.0,0.0,0.06666666666666667,0.27666666666666667,0.0,0.0,0.0,0.0,0.0,2.0,0.0,0.13333333333333333,-0.06666666666666667,-0.01,2.0,0.08728015865628792,8.6,17.2,1.0,0.0,0.0,0.0,0.0,0.5,2.0,1.3526361135354739,9.4,18.8,1.0,0.0,0.0,0.0,0.0,0.5,2.0,1.5667726497250574,8.175,16.35,1.0,0.0,0.0,0.0,0.0,0.5000000000000001,2.0,0.12913476024870763,7.65,15.3,1.0,0.0,0.0,0.0,0.0,0.5,2.0,1.3818928329201012,9.35,18.7,1.0,0.0,0.0,0.0,0.0,0.5,2.0,0.0203046080250811,8.35,16.15,2.0,0.0,0.0,0.0,0.06666666666666667,0.5183333333333333,1.0,18.5,1.0,18.3,0.0,0.0,1.0,17.6,1.0,19.15,0.0,0.0,0.0,0.0,0.0,0.0,2.0,21.200000000000003,0.0,0.0,0.0,0.0,2.0,23.35
light_seed1,light,1,812.25,827.25,21.0,3.3839256183976016,6.123809523809523,13.0,11.200000000000045,1.0,0.0,4.5,4.5,1.0,0.0,0.0,0.0,0.06666666666666667,0.3,1.0,0.0,4.3,4.3,1.0,0.0,0.0,0.0,0.06666666666666667,0.2866666666666667,0.0,0.0,0.0,0.0,0.0,2.0,0.0,0.13333333333333333,-0.06666666666666667,-0.17333333333333334,1.0,0.0,3.6,3.6,1.0,0.0,0.0,0.0,0.06666666666666667,0.24000000000000002,1.0,0.0,5.15,5.15,1.0,0.0,0.0,0.0,0.06666666666666667,0.3433333333333334,0.0,0.0,0.0,0.0,0.0,2.0,0.0,0.13333333333333333,-0.06666666666666667,-0.043333333333333335,2.0,0.015987986126945995,9.45,18.2,2.0,0.0,0.0,0.0,0.06666666666666667,0.5233333333333333,2.0,0.6720806191020293,9.9,19.8,1.0,0.0,0.0,0.0,0.0,0.5,2.0,0.7992639701349179,8.675,17.35,1.0,0.0,0.0,0.0,0.0,0.5000000000000001,2.0,0.03588172877764538,8.3,16.3,2.0,0.0,0.0,0.0,0.06666666666666667,0.51,2.0,0.5812211302520426,9.85,19.7,1.0,0.0,0.0,0.0,0.0,0.5,2.0,0.0035858233036286293,9.35,17.15,2.0,0.0,0.0,0.0,0.06666666666666667,0.5516666666666666,1.0,19.5,1.0,19.3,0.0,0.0,1.0,18.6,1.0,20.15,0.0,0.0,0.0,0.0,0.0,0.0,2.0,22.200000000000003,0.0,0.0,0.0,0.0,2.0,24.35
light_seed1,light,1,813.25,828.25,20.0,2.8492343149020765,7.08,13.0,0.20000000000004547,1.0,0.0,5.5,5.5,1.0,0.0,0.0,0.0,0.06666666666666667,0.36666666666666664,1.0,0.0,5.3,5.3,1.0,0.0,0.0,0.0,0.06666666666666667,0.35333333333333333,0.0,0.0,0.0,0.0,0.0,1.0,0.0,0.13333333333333333,-0.06666666666666667,-0.20666666666666667,1.0,0.0,4.6,4.6,1.0,0.0,0.0,0.0,0.06666666666666667,0.30666666666666664,1.0,0.0,6.15,6.15,1.0,0.0,0.0,0.0,0.06666666666666667,0.41000000000000003,0.0,0.0,0.0,0.0,0.0,1.0,0.0,0.13333333333333333,-0.06666666666666667,-0.07666666666666666,2.0,0.002917374145232756,10.45,19.2,2.0,0.0,0.0,0.0,0.06666666666666667,0.5566666666666666,2.0,0.28586207281278786,10.4,20.8,1.0,0.0,0.0,0.0,0.0,0.5,2.0,0.3470875597715895,9.175,18.35,1.0,0.0,0.0,0.0,0.0,0.5000000000000001,2.0,0.010035388013816988,9.3,17.3,2.0,0.0,0.0,0.0,0.06666666666666667,0.5433333333333333,2.0,0.1896648395137382,10.35,20.7,1.0,0.0,0.0,0.0,0.0,0.5,2.0,0.0006659358142628545,10.35,18.15,2.0,0.0,0.0,0.0,0.06666666666666667,0.5850000000000001,1.0,20.5,1.0,20.3,0.0,0.0,1.0,19.6,1.0,21.15,0.0,0.0,0.0,0.0,0.0,0.0,2.0,23.200000000000003,0.0,0.0,0.0,0.0,2.0,25.35
light_seed1,light,1,814.25,829.25,20.0,2.7960224390258124,7.7299999999999995,13.0,1.2000000000000455,1.0,0.0,6.5,6.5,1.0,0.0,0.0,0.0,0.06666666666666667,0.43333333333333335,1.0,0.0,6.3,6.3,1.0,0.0,0.0,0.0,0.06666666666666667,0.42,0.0,0.0,0.0,0.0,0.0,1.0,0.0,0.13333333333333333,-0.06666666666666667,-0.24000000000000002,1.0,0.0,5.6,5.6,1.0,0.0,0.0,0.0,0.06666666666666667,0.3733333333333333,1.0,0.0,7.15,7.15,1.0,0.0,0.0,0.0,0.06666666666666667,0.4766666666666667,0.0,0.0,0.0,0.0,0.0,1.0,0.0,0.13333333333333333,-0.06666666666666667,-0.11,2.0,0.0005235039252994195,11.45,20.2,2.0,0.0,0.0,0.0,0.06666666666666667,0.59,2.0,0.10908281704025129,10.9,21.8,1.0,0.0,0.0,0.0,0.0,0.5,2.0,0.13275939572666157,9.675,19.35,1.0,0.0,0.0,0.0,0.0,0.5000000000000001,2.0,0.0028472595081508838,10.3,18.3,2.0,0.0,0.0,0.0,0.06666666666666667,0.5766666666666667,2.0,0.05577915494045528,10.85,21.7,1.0,0.0,0.0,0.0,0.0,0.5,2.0,0.00012301495410294854,11.35,19.15,2.0,0.0,0.0,0.0,0.06666666666666667,0.6183333333333333,1.0,21.5,1.0,21.3,0.0,0.0,1.0,20.6,1.0,22.15,0.0,0.0,0.0,0.0,0.0,0.0,2.0,24.200000000000003,0.0,0.0,0.0,0.0,2.0,26.35
light_seed1,light,1,815.25,830.25,20.0,2.765349418805287,8.442499999999999,16.0,2.2000000000000455,1.0,0.0,7.5,7.5,1.0,0.0,0.0,0.0,0.06666666666666667,0.5,1.0,0.0,7.3,7.3,1.0,0.0,0.0,0.0,0.06666666666666667,0.48666666666666664,0.0,0.0,0.0,0.0,0.0,1.0,0.0,0.13333333333333333,-0.06666666666666667,-0.2733333333333333,1.0,0.0,6.6,6.6,1.0,0.0,0.0,0.0,0.06666666666666667,0.44,1.0,0.0,8.15,8.15,1.0,0.0,0.0,0.0,0.06666666666666667,0.5433333333333333,0.0,0.0,0.0,0.0,0.0,1.0,0.0,0.13333333333333333,-0.06666666666666667,-0.14333333333333334,2.0,9.754036034335058e-05,12.45,21.2,2.0,0.0,0.0,0.0,0.06666666666666667,0.6233333333333333,2.0,0.0397056463371991,11.525,22.8,2.0,0.0,0.0,0.0,0.06666666666666667,0.5083333333333333,2.0,0.04868800906673305,10.200000000000001,20.35,2.0,0.0,0.0,0.0,0.06666666666666667,0.5016666666666667,2.0,0.0007985408831980083,11.3,19.3,2.0,0.0,0.0,0.0,0.06666666666666667,0.61,2.0,0.01542985041570998,11.825,22.7,2.0,0.0,0.0,0.0,0.06666666666666667,0.5316666666666666,2.0,2.153917703960599e-05,12.35,20.15,2.0,0.0,0.0,0.0,0.06666666666666667,0.6516666666666666,1.0,22.5,1.0,22.3,0.0,0.0,1.0,21.6,1.0,23.15,0.0,0.0,0.0,0.0,0.0,0.0,2.0,25.200000000000003,0.0,0.0,0.0,0.0,2.0,27.35
light_seed1,light,1,816.25,831.25,20.0,2.908241954916307,4.3475,9.0,0.20000000000004547,1.0,0.0,8.5,8.5,1.0,0.0,0.0,0.0,0.06666666666666667,0.5666666666666667,1.0,0.0,8.3,8.3,1.0,0.0,0.0,0.0,0.06666666666666667,0.5533333333333333,0.0,0.0,0.0,0.0,0.0,0.0,0.0,0.13333333333333333,0.0,0.0,1.0,0.0,7.6,7.6,1.0,0.0,0.0,0.0,0.06666666666666667,0.5066666666666666,1.0,0.0,9.15,9.15,1.0,0.0,0.0,0.0,0.06666666666666667,0.61,0.0,0.0,0.0,0.0,0.0,0.0,0.0,0.13333333333333333,0.0,0.0,2.0,0.3632225545786053,0.0,0.0,0.0,2.0,0.0,0.0,-0.06666666666666667,-0.24000000000000002,2.0,0.4347486336661466,0.0,0.0,0.0,2.0,0.0,0.0,-0.06666666666666667,-0.29333333333333333,2.0,0.017715752079441142,11.200000000000001,21.35,2.0,0.0,0.0,0.0,0.06666666666666667,0.5350000000000001,2.0,0.2774732244369839,2.15,4.3,1.0,2.0,0.0,0.0,0.0,-0.03333333333333333,2.0,0.43791105301076466,0.0,0.0,0.0,2.0,0.0,0.0,-0.06666666666666667,-0.29,2.0,3.964220009616809e-06,13.35,21.15,2.0,0.0,0.0,0.0,0.06666666666666667,0.6849999999999999,1.0,23.5,1.0,23.3,0.0,0.0,1.0,22.6,1.0,24.15,0.0,0.0,0.0,0.0,0.0,0.0,2.0,26.200000000000003,0.0,0.0,0.0,0.0,2.0,28.35
light_seed1,light,1,817.25,832.25,20.0,3.675531552587053,4.532500000000001,8.0,1.2000000000000455,1.0,0.0,9.5,9.5,1.0,0.0,0.0,0.0,0.06666666666666667,0.6333333333333333,1.0,0.0,9.3,9.3,1.0,0.0,0.0,0.0,0.06666666666666667,0.62,0.0,0.0,0.0,0.0,0.0,0.0,0.0,0.06666666666666667,0.0,0.0,1.0,0.0,8.6,8.6,1.0,0.0,0.0,0.0,0.06666666666666667,0.5733333333333334,1.0,0.0,10.15,10.15,1.0,0.0,0.0,0.0,0.06666666666666667,0.6766666666666666,0.0,0.0,0.0,0.0,0.0,0.0,0.0,0.06666666666666667,0.0,0.0,1.0,1.88864216063791,0.0,0.0,0.0,2.0,0.0,0.06666666666666667,-0.06666666666666667,-0.2733333333333333,1.0,1.7369283292264432,0.0,0.0,0.0,2.0,0.0,0.06666666666666667,-0.06666666666666667,-0.3266666666666667,2.0,0.006472409962745712,12.200000000000001,22.35,2.0,0.0,0.0,0.0,0.06666666666666667,0.5683333333333335,1.0,1.334361596695442,0.0,0.0,0.0,2.0,0.0,0.06666666666666667,-0.06666666666666667,-0.21,1.0,1.9891056730115062,0.0,0.0,0.0,2.0,0.0,0.06666666666666667,-0.06666666666666667,-0.3233333333333333,2.0,0.0,14.35,22.15,2.0,0.0,0.0,0.0,0.06666666666666667,0.7183333333333333,1.0,24.5,1.0,24.3,0.0,0.0,1.0,23.6,1.0,25.15,0.0,0.0,0.0,0.0,0.0,0.0,2.0,27.200000000000003,0.0,0.0,0.0,0.0,2.0,29.35
light_seed1,light,1,818.25,833.25,19.0,3.775329480234142,5.192105263157895,8.0,2.2000000000000455,1.0,0.0,10.5,10.5,1.0,0.0,0.0,0.0,0.06666666666666667,0.7,1.0,0.0,10.3,10.3,1.0,0.0,0.0,0.0,0.06666666666666667,0.6866666666666668,0.0,0.0,0.0,0.0,0.0,0.0,0.0,0.06666666666666667,0.0,0.0,1.0,0.0,9.6,9.6,1.0,0.0,0.0,0.0,0.06666666666666667,0.64,1.0,0.0,11.15,11.15,1.0,0.0,0.0,0.0,0.06666666666666667,0.7433333333333334,0.0,0.0,0.0,0.0,0.0,0.0,0.0,0.06666666666666667,0.0,0.0,1.0,3.925333688681211,0.0,0.0,0.0,2.0,0.0,0.06666666666666667,-0.06666666666666667,-0.30666666666666664,1.0,3.549294250872404,0.0,0.0,0.0,2.0,0.0,0.06666666666666667,-0.06666666666666667,-0.36000000000000004,2.0,0.002353001890042451,13.200000000000001,23.35,2.0,0.0,0.0,0.0,0.06666666666666667,0.6016666666666668,1.0,3.0285491711768335,0.0,0.0,0.0,2.0,0.0,0.06666666666666667,-0.06666666666666667,-0.24333333333333332,1.0,3.786166464880455,0.0,0.0,0.0,2.0,0.0,0.06666666666666667,-0.06666666666666667,-0.35666666666666663,2.0,0.0,15.35,23.15,2.0,0.0,0.0,0.0,0.06666666666666667,0.7516666666666666,1.0,25.5,1.0,25.3,0.0,0.0,1.0,24.6,1.0,26.15,0.0,0.0,0.0,0.0,0.0,0.0,2.0,28.200000000000003,0.0,0.0,0.0,0.0,2.0,30.35
light_seed1,light,1,819.25,834.25,19.0,4.582436855628664,5.613157894736842,8.0,3.2000000000000455,1.0,0.0,11.5,11.5,1.0,0.0,0.0,0.0,0.06666666666666667,0.7666666666666667,1.0,0.0,11.3,11.3,1.0,0.0,0.0,0.0,0.06666666666666667,0.7533333333333334,0.0,0.0,0.0,0.0,0.0,0.0,0.0,0.06666666666666667,0.0,0.0,1.0,0.0,10.6,10.6,1.0,0.0,0.0,0.0,0.06666666666666667,0.7066666666666667,1.0,0.0,12.15,12.15,1.0,0.0,0.0,0.0,0.06666666666666667,0.81,0.0,0.0,0.0,0.0,0.0,0.0,0.0,0.06666666666666667,0.0,0.0,0.0,0.0,0.0,0.0,0.0,2.0,0.0,0.13333333333333333,-0.06666666666666667,-0.33999999999999997,0.0,0.0,0.0,0.0,0.0,2.0,0.0,0.13333333333333333,-0.06666666666666667,-0.39333333333333337,2.0,0.0008438472004831499,14.200000000000001,24.35,2.0,0.0,0.0,0.0,0.06666666666666667,0.6350000000000001,0.0,0.0,0.0,0.0,0.0,2.0,0.0,0.13333333333333333,-0.06666666666666667,-0.27666666666666667,0.0,0.0,0.0,0.0,0.0,2.0,0.0,0.13333333333333333,-0.06666666666666667,-0.38999999999999996,2.0,0.0,16.35,24.15,2.0,0.0,0.0,0.0,0.06666666666666667,0.7850000000000001,1.0,26.5,1.0,26.3,0.0,0.0,1.0,25.6,1.0,27.15,0.0,0.0,0.0,0.0,0.0,0.0,2.0,29.200000000000003,0.0,0.0,0.0,0.0,2.0,31.35
light_seed1,light,1,820.25,835.25,19.0,5.411438611090965,6.03421052631579,8.0,4.2000000000000455,1.0,0.0,12.5,12.5,1.0,0.0,0.0,0.0,0.06666666666666667,0.8333333333333334,1.0,0.0,12.3,12.3,1.0,0.0,0.0,0.0,0.06666666666666667,0.8200000000000001,0.0,0.0,0.0,0.0,0.0,0.0,0.0,0.06666666666666667,0.0,0.0,1.0,0.0,11.6,11.6,1.0,0.0,0.0,0.0,0.06666666666666667,0.7733333333333333,1.0,0.0,13.15,13.15,1.0,0.0,0.0,0.0,0.06666666666666667,0.8766666666666667,0.0,0.0,0.0,0.0,0.0,0.0,0.0,0.06666666666666667,0.0,0.0,0.0,0.0,0.0,0.0,0.0,2.0,0.0,0.13333333333333333,-0.06666666666666667,-0.3733333333333333,0.0,0.0,0.0,0.0,0.0,2.0,0.0,0.13333333333333333,-0.06666666666666667,-0.4266666666666667,2.0,0.0003051727729461143,15.200000000000001,25.35,2.0,0.0,0.0,0.0,0.06666666666666667,0.6683333333333334,0.0,0.0,0.0,0.0,0.0,2.0,0.0,0.13333333333333333,-0.06666666666666667,-0.31,0.0,0.0,0.0,0.0,0.0,2.0,0.0,0.13333333333333333,-0.06666666666666667,-0.4233333333333333,2.0,0.0,17.35,25.15,2.0,0.0,0.0,0.0,0.06666666666666667,0.8183333333333335,1.0,27.5,1.0,27.3,0.0,0.0,1.0,26.6,1.0,28.15,0.0,0.0,0.0,0.0,0.0,0.0,2.0,30.200000000000003,0.0,0.0,0.0,0.0,2.0,32.35
light_seed1,light,1,821.25,836.25,19.0,6.251130587266696,6.455263157894737,8.0,5.2000000000000455,1.0,0.0,13.5,13.5,1.0,0.0,0.0,0.0,0.06666666666666667,0.9,1.0,0.0,13.3,13.3,1.0,0.0,0.0,0.0,0.06666666666666667,0.8866666666666667,0.0,0.0,0.0,0.0,0.0,0.0,0.0,0.06666666666666667,0.0,0.0,1.0,0.0,12.6,12.6,1.0,0.0,0.0,0.0,0.06666666666666667,0.84,1.0,0.0,14.15,14.15,1.0,0.0,0.0,0.0,0.06666666666666667,0.9433333333333334,0.0,0.0,0.0,0.0,0.0,0.0,0.0,0.06666666666666667,0.0,0.0,0.0,0.0,0.0,0.0,0.0,2.0,0.0,0.13333333333333333,-0.06666666666666667,-0.4066666666666666,0.0,0.0,0.0,0.0,0.0,2.0,0.0,0.13333333333333333,-0.06666666666666667,-0.46,2.0,0.00011187726080439989,16.2,26.35,2.0,0.0,0.0,0.0,0.06666666666666667,0.7016666666666665,0.0,0.0,0.0,0.0,0.0,2.0,0.0,0.13333333333333333,-0.06666666666666667,-0.3433333333333334,0.0,0.0,0.0,0.0,0.0,2.0,0.0,0.13333333333333333,-0.06666666666666667,-0.45666666666666667,2.0,0.0,18.35,26.15,2.0,0.0,0.0,0.0,0.06666666666666667,0.8516666666666668,1.0,28.5,1.0,28.3,0.0,0.0,1.0,27.6,1.0,29.15,0.0,0.0,0.0,0.0,0.0,0.0,2.0,31.200000000000003,0.0,0.0,0.0,0.0,2.0,33.35
light_seed1,light,1,822.25,837.25,19.0,7.046928610135751,6.876315789473685,8.0,6.2000000000000455,1.0,0.0,14.5,14.5,1.0,0.0,0.0,0.0,0.06666666666666667,0.9666666666666667,1.0,0.0,14.3,14.3,1.0,0.0,0.0,0.0,0.06666666666666667,0.9533333333333334,0.0,0.0,0.0,0.0,0.0,0.0,0.0,0.06666666666666667,0.0,0.0,1.0,0.0,13.6,13.6,1.0,0.0,0.0,0.0,0.06666666666666667,0.9066666666666666,1.0,0.0,15.15,15.15,1.0,0.0,0.0,0.0,0.0,1.0,0.0,0.0,0.0,0.0,0.0,0.0,0.0,0.0,0.0,0.0,0.0,0.0,0.0,0.0,0.0,2.0,0.0,0.13333333333333333,-0.06666666666666667,-0.44,0.0,0.0,0.0,0.0,0.0,2.0,0.0,0.13333333333333333,-0.06666666666666667,-0.49333333333333335,2.0,4.0453762296785245e-05,17.2,27.35,2.0,0.0,0.0,0.0,0.06666666666666667,0.7349999999999999,0.0,0.0,0.0,0.0,0.0,2.0,0.0,0.13333333333333333,-0.06666666666666667,-0.3766666666666667,0.0,0.0,0.0,0.0,0.0,2.0,0.0,0.13333333333333333,-0.06666666666666667,-0.49,2.0,0.0,19.35,27.15,2.0,0.0,0.0,0.0,0.06666666666666667,0.8850000000000001,1.0,29.5,1.0,29.3,0.0,0.0,1.0,28.6,1.0,30.15,0.0,0.0,0.0,0.0,0.0,0.0,2.0,32.2,0.0,0.0,0.0,0.0,2.0,34.35
light_seed1,light,1,823.25,838.25,18.0,7.545676468655458,7.702777777777778,8.0,7.2000000000000455,1.0,0.0,15.5,15.5,1.0,0.0,0.0,0.0,0.0,1.0,1.0,0.0,15.3,15.3,1.0,0.0,0.0,0.0,0.0,1.0,0.0,0.0,0.0,0.0,0.0,0.0,0.0,0.06666666666666667,0.0,0.0,1.0,0.0,14.6,14.6,1.0,0.0,0.0,0.0,0.06666666666666667,0.9733333333333333,1.0,0.0,16.15,16.15,1.0,0.0,0.0,0.0,0.0,0.9999999999999999,0.0,0.0,0.0,0.0,0.0,0.0,0.0,0.0,0.0,0.0,0.0,0.0,0.0,0.0,0.0,2.0,0.0,0.13333333333333333,-0.06666666666666667,-0.47333333333333333,0.0,0.0,0.0,0.0,0.0,2.0,0.0,0.13333333333333333,-0.06666666666666667,-0.5266666666666667,2.0,1.4630756330616479e-05,18.200000000000003,28.35,2.0,0.0,0.0,0.0,0.06666666666666667,0.7683333333333334,0.0,0.0,0.0,0.0,0.0,2.0,0.0,0.13333333333333333,-0.06666666666666667,-0.41000000000000003,0.0,0.0,0.0,0.0,0.0,2.0,0.0,0.13333333333333333,-0.06666666666666667,-0.5233333333333333,2.0,0.0,20.35,28.15,2.0,0.0,0.0,0.0,0.06666666666666667,0.9183333333333334,1.0,30.5,1.0,30.3,0.0,0.0,1.0,29.6,1.0,31.15,0.0,0.0,0.0,0.0,0.0,0.0,2.0,33.2,0.0,0.0,0.0,0.0,2.0,35.35
light_seed1,light,1,824.25,839.25,17.0,7.233898972760999,8.626470588235295,8.0,8.200000000000045,1.0,0.0,16.5,16.5,1.0,0.0,0.0,0.0,0.0,1.0,1.0,0.0,16.3,16.3,1.0,0.0,0.0,0.0,0.0,1.0,0.0,0.0,0.0,0.0,0.0,0.0,0.0,0.06666666666666667,0.0,0.0,1.0,0.0,15.6,15.6,1.0,0.0,0.0,0.0,0.0,1.0,1.0,0.0,17.15,17.15,1.0,0.0,0.0,0.0,0.0,0.9999999999999999,0.0,0.0,0.0,0.0,0.0,0.0,0.0,0.0,0.0,0.0,0.0,0.0,0.0,0.0,0.0,2.0,0.0,0.13333333333333333,-0.06666666666666667,-0.5066666666666666,0.0,0.0,0.0,0.0,0.0,2.0,0.0,0.13333333333333333,-0.06666666666666667,-0.56,2.0,5.328682104018431e-06,19.200000000000003,29.35,2.0,0.0,0.0,0.0,0.06666666666666667,0.8016666666666669,0.0,0.0,0.0,0.0,0.0,2.0,0.0,0.13333333333333333,-0.06666666666666667,-0.44333333333333336,0.0,0.0,0.0,0.0,0.0,2.0,0.0,0.13333333333333333,-0.06666666666666667,-0.5566666666666666,2.0,0.0,21.35,29.15,2.0,0.0,0.0,0.0,0.06666666666666667,0.9516666666666668,1.0,31.5,1.0,31.3,0.0,0.0,1.0,30.6,1.0,32.15,0.0,0.0,0.0,0.0,0.0,0.0,2.0,34.2,0.0,0.0,0.0,0.0,2.0,36.35
light_seed1,light,1,825.25,840.25,16.0,6.809348480099379,9.665625,8.0,9.200000000000045,1.0,0.0,17.5,17.5,1.0,0.0,0.0,0.0,0.0,1.0,1.0,0.0,17.3,17.3,1.0,0.0,0.0,0.0,0.0,1.0,0.0,0.0,0.0,0.0,0.0,0.0,0.0,0.0,0.0,0.0,1.0,0.0,16.6,16.6,1.0,0.0,0.0,0.0,0.0,1.0000000000000002,1.0,0.0,18.15,18.15,1.0,0.0,0.0,0.0,0.0,0.9999999999999999,0.0,0.0,0.0,0.0,0.0,0.0,0.0,0.0,0.0,0.0,0.0,0.0,0.0,0.0,0.0,2.0,0.0,0.13333333333333333,-0.06666666666666667,-0.5399999999999999,0.0,0.0,0.0,0.0,0.0,2.0,0.0,0.13333333333333333,-0.06666666666666667,-0.5933333333333334,2.0,0.0,20.200000000000003,30.35,2.0,0.0,0.0,0.0,0.06666666666666667,0.8350000000000002,0.0,0.0,0.0,0.0,0.0,2.0,0.0,0.13333333333333333,-0.06666666666666667,-0.4766666666666667,0.0,0.0,0.0,0.0,0.0,2.0,0.0,0.13333333333333333,-0.06666666666666667,-0.59,2.0,0.0,22.35,30.15,2.0,0.0,0.0,0.0,0.06666666666666667,0.9850000000000001,1.0,32.5,1.0,32.3,0.0,0.0,1.0,31.6,1.0,33.15,0.0,0.0,0.0,0.0,0.0,0.0,2.0,35.2,0.0,0.0,0.0,0.0,2.0,37.35
light_seed1,light,1,826.25,841.25,16.0,6.826349316165927,10.165625,8.0,10.200000000000045,1.0,0.0,18.5,18.5,1.0,0.0,0.0,0.0,0.0,1.0,1.0,0.0,18.3,18.3,1.0,0.0,0.0,0.0,0.0,1.0,0.0,0.0,0.0,0.0,0.0,0.0,0.0,0.0,0.0,0.0,1.0,0.0,17.6,17.6,1.0,0.0,0.0,0.0,0.0,1.0000000000000002,1.0,0.0,19.15,19.15,1.0,0.0,0.0,0.0,0.0,0.9999999999999999,0.0,0.0,0.0,0.0,0.0,0.0,0.0,0.0,0.0,0.0,0.0,0.0,0.0,0.0,0.0,2.0,0.0,0.13333333333333333,-0.06666666666666667,-0.5733333333333334,0.0,0.0,0.0,0.0,0.0,2.0,0.0,0.13333333333333333,-0.06666666666666667,-0.6266666666666667,2.0,0.0,21.200000000000003,31.35,2.0,0.0,0.0,0.0,0.06666666666666667,0.8683333333333335,0.0,0.0,0.0,0.0,0.0,2.0,0.0,0.13333333333333333,-0.06666666666666667,-0.51,0.0,0.0,0.0,0.0,0.0,2.0,0.0,0.13333333333333333,-0.06666666666666667,-0.6233333333333333,2.0,0.0,23.35,31.15,2.0,0.0,0.0,0.0,0.0,1.0000000000000002,1.0,33.5,1.0,33.3,0.0,0.0,1.0,32.6,1.0,34.15,0.0,0.0,0.0,0.0,0.0,0.0,2.0,36.2,0.0,0.0,0.0,0.0,2.0,38.35
light_seed1,light,1,827.25,842.25,16.0,6.840026102719699,10.665625,8.0,11.200000000000045,1.0,0.0,19.5,19.5,1.0,0.0,0.0,0.0,0.0,1.0,1.0,0.0,19.3,19.3,1.0,0.0,0.0,0.0,0.0,1.0,0.0,0.0,0.0,0.0,0.0,0.0,0.0,0.0,0.0,0.0,1.0,0.0,18.6,18.6,1.0,0.0,0.0,0.0,0.0,1.0000000000000002,1.0,0.0,20.15,20.15,1.0,0.0,0.0,0.0,0.0,0.9999999999999999,0.0,0.0,0.0,0.0,0.0,0.0,0.0,0.0,0.0,0.0,0.0,0.0,0.0,0.0,0.0,2.0,0.0,0.13333333333333333,-0.13333333333333333,-0.63,0.0,0.0,0.0,0.0,0.0,2.0,0.0,0.13333333333333333,-0.06666666666666667,-0.66,2.0,0.0,22.200000000000003,32.35,2.0,0.0,0.0,0.0,0.06666666666666667,0.9016666666666668,0.0,0.0,0.0,0.0,0.0,2.0,0.0,0.13333333333333333,-0.13333333333333333,-0.5533333333333333,0.0,0.0,0.0,0.0,0.0,2.0,0.0,0.13333333333333333,-0.06666666666666667,-0.6566666666666666,2.0,0.0,24.35,32.15,2.0,0.0,0.0,0.0,0.0,1.0000000000000002,1.0,34.5,1.0,34.3,0.0,0.0,1.0,33.6,1.0,35.15,0.0,0.0,0.0,0.0,0.0,0.0,2.0,37.2,0.0,0.0,0.0,0.0,2.0,39.35
light_seed1,light,1,828.25,843.25,16.0,6.843746112257369,11.165625,8.0,12.200000000000045,1.0,0.0,20.5,20.5,1.0,0.0,0.0,0.0,0.0,1.0,1.0,0.0,20.3,20.3,1.0,0.0,0.0,0.0,0.0,1.0,0.0,0.0,0.0,0.0,0.0,0.0,0.0,0.0,0.0,0.0,1.0,0.0,19.6,19.6,1.0,0.0,0.0,0.0,0.0,1.0000000000000002,1.0,0.0,21.15,21.15,1.0,0.0,0.0,0.0,0.0,0.9999999999999999,0.0,0.0,0.0,0.0,0.0,0.0,0.0,0.0,0.0,0.0,0.0,0.0,0.0,0.0,0.0,2.0,0.0,0.13333333333333333,-0.13333333333333333,-0.6966666666666667,0.0,0.0,0.0,0.0,0.0,2.0,0.0,0.13333333333333333,-0.06666666666666667,-0.6933333333333334,2.0,0.0,23.200000000000003,33.35,2.0,0.0,0.0,0.0,0.06666666666666667,0.9350000000000002,0.0,0.0,0.0,0.0,0.0,2.0,0.0,0.13333333333333333,-0.13333333333333333,-0.62,0.0,0.0,0.0,0.0,0.0,2.0,0.0,0.13333333333333333,-0.06666666666666667,-0.69,2.0,0.0,25.35,33.15,2.0,0.0,0.0,0.0,0.0,1.0000000000000002,1.0,35.5,1.0,35.3,0.0,0.0,1.0,34.6,1.0,36.15,0.0,0.0,0.0,0.0,0.0,0.0,2.0,38.2,0.0,0.0,0.0,0.0,2.0,40.349999999999994
light_seed1,light,1,829.25,844.25,16.0,6.843209357682279,11.665625,8.0,13.200000000000045,1.0,0.0,21.5,21.5,1.0,0.0,0.0,0.0,0.0,1.0,1.0,0.0,21.3,21.3,1.0,0.0,0.0,0.0,0.0,1.0,0.0,0.0,0.0,0.0,0.0,0.0,0.0,0.0,0.0,0.0,1.0,0.0,20.6,20.6,1.0,0.0,0.0,0.0,0.0,1.0000000000000002,1.0,0.0,22.15,22.15,1.0,0.0,0.0,0.0,0.0,0.9999999999999999,0.0,0.0,0.0,0.0,0.0,0.0,0.0,0.0,0.0,0.0,0.0,0.0,0.0,0.0,0.0,2.0,0.0,0.13333333333333333,-0.13333333333333333,-0.7633333333333333,0.0,0.0,0.0,0.0,0.0,2.0,0.0,0.13333333333333333,-0.06666666666666667,-0.7266666666666667,2.0,0.0,24.200000000000003,34.35,2.0,0.0,0.0,0.0,0.06666666666666667,0.9683333333333335,0.0,0.0,0.0,0.0,0.0,2.0,0.0,0.13333333333333333,-0.13333333333333333,-0.6866666666666668,0.0,0.0,0.0,0.0,0.0,2.0,0.0,0.13333333333333333,-0.06666666666666667,-0.7233333333333333,2.0,0.0,26.35,34.15,2.0,0.0,0.0,0.0,0.0,1.0000000000000002,1.0,36.5,1.0,36.3,0.0,0.0,1.0,35.6,1.0,37.15,0.0,0.0,0.0,0.0,0.0,0.0,2.0,39.2,0.0,0.0,0.0,0.0,2.0,41.349999999999994
light_seed1,light,1,830.25,845.25,16.0,6.8600490001017205,12.165625,8.0,14.200000000000045,1.0,0.0,22.5,22.5,1.0,0.0,0.0,0.0,0.0,1.0,1.0,0.0,22.3,22.3,1.0,0.0,0.0,0.0,0.0,1.0,0.0,0.0,0.0,0.0,0.0,0.0,0.0,0.0,0.0,0.0,1.0,0.0,21.6,21.6,1.0,0.0,0.0,0.0,0.0,1.0000000000000002,1.0,0.0,23.15,23.15,1.0,0.0,0.0,0.0,0.0,0.9999999999999999,0.0,0.0,0.0,0.0,0.0,0.0,0.0,0.0,0.0,0.0,0.0,0.0,0.0,0.0,0.0,2.0,0.0,0.13333333333333333,-0.13333333333333333,-0.83,0.0,0.0,0.0,0.0,0.0,2.0,0.0,0.13333333333333333,-0.13333333333333333,-0.7683333333333333,2.0,0.0,25.200000000000003,35.35,2.0,0.0,0.0,0.0,0.0,1.0000000000000002,0.0,0.0,0.0,0.0,0.0,2.0,0.0,0.13333333333333333,-0.13333333333333333,-0.7533333333333334,0.0,0.0,0.0,0.0,0.0,2.0,0.0,0.13333333333333333,-0.13333333333333333,-0.7883333333333333,2.0,0.0,27.35,35.15,2.0,0.0,0.0,0.0,0.0,1.0000000000000002,1.0,37.5,1.0,37.3,0.0,0.0,1.0,36.6,1.0,38.15,0.0,0.0,0.0,0.0,0.0,0.0,2.0,40.2,0.0,0.0,0.0,0.0,2.0,42.349999999999994
light_seed1,light,1,831.25,846.25,16.0,6.862782800498866,12.665625,8.0,15.200000000000045,1.0,0.0,23.5,23.5,1.0,0.0,0.0,0.0,0.0,1.0,1.0,0.0,23.3,23.3,1.0,0.0,0.0,0.0,0.0,1.0,0.0,0.0,0.0,0.0,0.0,0.0,0.0,0.0,0.0,0.0,1.0,0.0,22.6,22.6,1.0,0.0,0.0,0.0,0.0,1.0000000000000002,1.0,0.0,24.15,24.15,1.0,0.0,0.0,0.0,0.0,0.9999999999999999,0.0,0.0,0.0,0.0,0.0,0.0,0.0,0.0,0.0,0.0,0.0,0.0,0.0,0.0,0.0,2.0,0.0,0.13333333333333333,0.0,0.0,0.0,0.0,0.0,0.0,0.0,2.0,0.0,0.13333333333333333,0.0,0.0,2.0,0.0,26.200000000000003,36.35,2.0,0.0,0.0,0.0,0.0,1.0000000000000002,0.0,0.0,0.0,0.0,0.0,2.0,0.0,0.13333333333333333,-0.06666666666666667,-0.14333333333333334,0.0,0.0,0.0,0.0,0.0,2.0,0.0,0.13333333333333333,0.0,0.0,2.0,0.0,28.35,36.15,2.0,0.0,0.0,0.0,0.0,1.0000000000000002,1.0,38.5,1.0,38.3,0.0,0.0,1.0,37.6,1.0,39.15,0.0,0.0,0.0,0.0,0.0,0.0,2.0,41.2,0.0,0.0,0.0,0.0,2.0,43.349999999999994
light_seed1,light,1,832.25,847.25,16.0,6.855632864572923,13.165625,8.0,16.200000000000045,1.0,0.0,24.5,24.5,1.0,0.0,0.0,0.0,0.0,1.0,1.0,0.0,24.3,24.3,1.0,0.0,0.0,0.0,0.0,1.0,0.0,0.0,0.0,0.0,0.0,0.0,0.0,0.0,0.0,0.0,1.0,0.0,23.6,23.6,1.0,0.0,0.0,0.0,0.0,1.0000000000000002,1.0,0.0,25.15,25.15,1.0,0.0,0.0,0.0,0.0,0.9999999999999999,0.0,0.0,0.0,0.0,0.0,0.0,0.0,0.0,0.0,0.0,0.0,0.0,0.0,0.0,0.0,2.0,0.0,0.06666666666666667,0.0,0.0,0.0,0.0,0.0,0.0,0.0,2.0,0.0,0.06666666666666667,0.0,0.0,2.0,0.0,27.200000000000003,37.35,2.0,0.0,0.0,0.0,0.0,1.0000000000000002,0.0,0.0,0.0,0.0,0.0,2.0,0.0,0.06666666666666667,0.0,0.0,0.0,0.0,0.0,0.0,0.0,2.0,0.0,0.06666666666666667,0.0,0.0,2.0,0.0,29.35,37.15,2.0,0.0,0.0,0.0,0.0,1.0000000000000002,1.0,39.5,1.0,39.3,0.0,0.0,1.0,38.6,1.0,40.15,0.0,0.0,0.0,0.0,0.0,0.0,2.0,42.2,0.0,0.0,0.0,0.0,2.0,44.349999999999994
light_seed1,light,1,833.25,848.25,16.0,6.859080785792654,13.665625,8.0,17.200000000000045,1.0,0.0,25.5,25.5,1.0,0.0,0.0,0.0,0.0,1.0,1.0,0.0,25.3,25.3,1.0,0.0,0.0,0.0,0.0,1.0,0.0,0.0,0.0,0.0,0.0,0.0,0.0,0.0,0.0,0.0,1.0,0.0,24.6,24.6,1.0,0.0,0.0,0.0,0.0,1.0000000000000002,1.0,0.0,26.15,26.15,1.0,0.0,0.0,0.0,0.0,0.9999999999999999,0.0,0.0,0.0,0.0,0.0,0.0,0.0,0.0,0.0,0.0,0.0,0.0,0.0,0.0,0.0,2.0,0.0,0.06666666666666667,0.0,0.0,0.0,0.0,0.0,0.0,0.0,2.0,0.0,0.06666666666666667,0.0,0.0,2.0,0.0,28.200000000000003,38.35,2.0,0.0,0.0,0.0,0.0,1.0000000000000002,0.0,0.0,0.0,0.0,0.0,2.0,0.0,0.06666666666666667,0.0,0.0,0.0,0.0,0.0,0.0,0.0,2.0,0.0,0.06666666666666667,0.0,0.0,2.0,0.0,30.35,38.15,2.0,0.0,0.0,0.0,0.0,1.0000000000000002,1.0,40.5,1.0,40.3,0.0,0.0,1.0,39.6,1.0,41.15,0.0,0.0,0.0,0.0,0.0,0.0,2.0,43.2,0.0,0.0,0.0,0.0,2.0,45.349999999999994
light_seed1,light,1,834.25,849.25,13.0,5.014159488683944,17.434615384615384,8.0,18.200000000000045,1.0,0.0,26.5,26.5,1.0,0.0,0.0,0.0,0.0,1.0,1.0,0.0,26.3,26.3,1.0,0.0,0.0,0.0,0.0,1.0,0.0,0.0,0.0,0.0,0.0,0.0,0.0,0.0,0.0,0.0,1.0,0.0,25.6,25.6,1.0,0.0,0.0,0.0,0.0,1.0000000000000002,1.0,0.0,27.15,27.15,1.0,0.0,0.0,0.0,0.0,0.9999999999999999,0.0,0.0,0.0,0.0,0.0,0.0,0.0,0.0,0.0,0.0,0.0,0.0,0.0,0.0,0.0,2.0,0.0,0.0,0.0,0.0,0.0,0.0,0.0,0.0,0.0,2.0,0.0,0.0,0.0,0.0,2.0,0.0,29.200000000000003,39.35,2.0,0.0,0.0,0.0,0.0,1.0000000000000002,0.0,0.0,0.0,0.0,0.0,2.0,0.0,0.0,0.0,0.0,0.0,0.0,0.0,0.0,0.0,2.0,0.0,0.0,0.0,0.0,2.0,0.0,31.35,39.15,2.0,0.0,0.0,0.0,0.0,1.0,1.0,41.5,1.0,41.3,0.0,0.0,1.0,40.6,1.0,42.15,0.0,0.0,0.0,0.0,0.0,0.0,2.0,17.025,0.0,0.0,0.0,0.0,2.0,0.0
light_seed1,light,1,835.25,850.25,12.0,4.219025337639974,19.554166666666667,8.0,19.200000000000045,1.0,0.0,27.5,27.5,1.0,0.0,0.0,0.0,0.0,1.0,1.0,0.0,27.3,27.3,1.0,0.0,0.0,0.0,0.0,1.0,0.0,0.0,0.0,0.0,0.0,0.0,0.0,0.0,0.0,0.0,1.0,0.0,26.6,26.6,1.0,0.0,0.0,0.0,0.0,1.0000000000000002,1.0,0.0,28.15,28.15,1.0,0.0,0.0,0.0,0.0,0.9999999999999999,0.0,0.0,0.0,0.0,0.0,0.0,0.0,0.0,0.0,0.0,0.0,0.0,0.0,0.0,0.0,2.0,0.0,0.0,0.0,0.0,0.0,0.0,0.0,0.0,0.0,2.0,0.0,0.0,0.0,0.0,2.0,0.0,30.200000000000003,40.35,2.0,0.0,0.0,0.0,0.0,1.0000000000000002,0.0,0.0,0.0,0.0,0.0,2.0,0.0,0.0,0.0,0.0,0.0,0.0,0.0,0.0,0.0,2.0,0.0,0.0,0.0,0.0,2.0,0.0,32.35,40.15,2.0,0.0,0.0,0.0,0.0,1.0,1.0,42.5,1.0,42.3,0.0,0.0,1.0,41.6,1.0,43.15,0.0,0.0,0.0,0.0,0.0,0.0,1.0,0.0,0.0,0.0,0.0,0.0,1.0,0.0
light_seed1,light,1,836.25,851.25,11.0,3.5232146232368304,22.05909090909091,8.0,20.200000000000045,1.0,0.0,28.5,28.5,1.0,0.0,0.0,0.0,0.0,1.0,1.0,0.0,28.3,28.3,1.0,0.0,0.0,0.0,0.0,1.0,0.0,0.0,0.0,0.0,0.0,0.0,0.0,0.0,0.0,0.0,1.0,0.0,27.6,27.6,1.0,0.0,0.0,0.0,0.0,1.0000000000000002,1.0,0.0,29.15,29.15,1.0,0.0,0.0,0.0,0.0,0.9999999999999999,0.0,0.0,0.0,0.0,0.0,0.0,0.0,0.0,0.0,0.0,0.0,0.0,0.0,0.0,0.0,2.0,0.0,0.0,0.0,0.0,0.0,0.0,0.0,0.0,0.0,2.0,0.0,0.0,0.0,0.0,2.0,0.0,31.200000000000003,41.35,2.0,0.0,0.0,0.0,0.0,1.0000000000000002,0.0,0.0,0.0,0.0,0.0,2.0,0.0,0.0,0.0,0.0,0.0,0.0,0.0,0.0,0.0,2.0,0.0,0.0,0.0,0.0,2.0,0.0,33.35,41.15,2.0,0.0,0.0,0.0,0.0,1.0,1.0,43.5,1.0,43.3,0.0,0.0,1.0,42.6,1.0,44.15,0.0,0.0,0.0,0.0,0.0,0.0,1.0,0.0,0.0,0.0,0.0,0.0,1.0,0.0
light_seed1,light,1,837.25,852.25,10.0,2.673983815991927,25.065,8.0,21.200000000000045,1.0,0.0,29.5,29.5,1.0,0.0,0.0,0.0,0.0,1.0,1.0,0.0,29.3,29.3,1.0,0.0,0.0,0.0,0.0,1.0,0.0,0.0,0.0,0.0,0.0,0.0,0.0,0.0,0.0,0.0,1.0,0.0,28.6,28.6,1.0,0.0,0.0,0.0,0.0,1.0000000000000002,1.0,0.0,30.15,30.15,1.0,0.0,0.0,0.0,0.0,0.9999999999999999,0.0,0.0,0.0,0.0,0.0,0.0,0.0,0.0,0.0,0.0,0.0,0.0,0.0,0.0,0.0,2.0,0.0,0.0,0.0,0.0,0.0,0.0,0.0,0.0,0.0,2.0,0.0,0.0,0.0,0.0,2.0,0.0,32.2,42.35,2.0,0.0,0.0,0.0,0.0,1.0000000000000002,0.0,0.0,0.0,0.0,0.0,2.0,0.0,0.0,0.0,0.0,0.0,0.0,0.0,0.0,0.0,2.0,0.0,0.0,0.0,0.0,2.0,0.0,34.35,42.15,2.0,0.0,0.0,0.0,0.0,1.0,1.0,44.5,1.0,44.3,0.0,0.0,1.0,43.6,1.0,45.15,0.0,0.0,0.0,0.0,0.0,0.0,0.0,0.0,0.0,0.0,0.0,0.0,0.0,0.0
light_seed1,light,1,838.25,853.25,8.0,0.0,32.33125,8.0,22.200000000000045,1.0,0.0,30.5,30.5,1.0,0.0,0.0,0.0,0.0,1.0,1.0,0.0,30.3,30.3,1.0,0.0,0.0,0.0,0.0,1.0,0.0,0.0,0.0,0.0,0.0,0.0,0.0,0.0,0.0,0.0,1.0,0.0,29.6,29.6,1.0,0.0,0.0,0.0,0.0,1.0000000000000002,1.0,0.0,31.15,31.15,1.0,0.0,0.0,0.0,0.0,1.0,0.0,0.0,0.0,0.0,0.0,0.0,0.0,0.0,0.0,0.0,0.0,0.0,0.0,0.0,0.0,2.0,0.0,0.0,0.0,0.0,0.0,0.0,0.0,0.0,0.0,2.0,0.0,0.0,0.0,0.0,2.0,0.0,33.2,43.35,2.0,0.0,0.0,0.0,0.0,1.0,0.0,0.0,0.0,0.0,0.0,2.0,0.0,0.0,0.0,0.0,0.0,0.0,0.0,0.0,0.0,2.0,0.0,0.0,0.0,0.0,2.0,0.0,35.35,43.15,2.0,0.0,0.0,0.0,0.0,1.0,1.0,45.5,1.0,45.3,0.0,0.0,1.0,44.6,1.0,46.15,0.0,0.0,0.0,0.0,0.0,0.0,0.0,0.0,0.0,0.0,0.0,0.0,0.0,0.0
light_seed1,light,1,839.25,854.25,8.0,0.0,33.33125,8.0,23.200000000000045,1.0,0.0,31.5,31.5,1.0,0.0,0.0,0.0,0.0,1.0,1.0,0.0,31.3,31.3,1.0,0.0,0.0,0.0,0.0,1.0,0.0,0.0,0.0,0.0,0.0,0.0,0.0,0.0,0.0,0.0,1.0,0.0,30.6,30.6,1.0,0.0,0.0,0.0,0.0,1.0000000000000002,1.0,0.0,32.15,32.15,1.0,0.0,0.0,0.0,0.0,1.0,0.0,0.0,0.0,0.0,0.0,0.0,0.0,0.0,0.0,0.0,0.0,0.0,0.0,0.0,0.0,2.0,0.0,0.0,0.0,0.0,0.0,0.0,0.0,0.0,0.0,2.0,0.0,0.0,0.0,0.0,2.0,0.0,34.2,44.35,2.0,0.0,0.0,0.0,0.0,1.0,0.0,0.0,0.0,0.0,0.0,2.0,0.0,0.0,0.0,0.0,0.0,0.0,0.0,0.0,0.0,2.0,0.0,0.0,0.0,0.0,2.0,0.0,36.35,44.15,2.0,0.0,0.0,0.0,0.0,1.0,1.0,46.5,1.0,46.3,0.0,0.0,1.0,45.6,1.0,47.15,0.0,0.0,0.0,0.0,0.0,0.0,0.0,0.0,0.0,0.0,0.0,0.0,0.0,0.0
light_seed1,light,1,840.25,855.25,8.0,0.0,34.33125,8.0,24.200000000000045,1.0,0.0,32.5,32.5,1.0,0.0,0.0,0.0,0.0,1.0,1.0,0.0,32.3,32.3,1.0,0.0,0.0,0.0,0.0,0.9999999999999998,0.0,0.0,0.0,0.0,0.0,0.0,0.0,0.0,0.0,0.0,1.0,0.0,31.6,31.6,1.0,0.0,0.0,0.0,0.0,1.0,1.0,0.0,33.15,33.15,1.0,0.0,0.0,0.0,0.0,1.0,0.0,0.0,0.0,0.0,0.0,0.0,0.0,0.0,0.0,0.0,0.0,0.0,0.0,0.0,0.0,2.0,0.0,0.0,0.0,0.0,0.0,0.0,0.0,0.0,0.0,2.0,0.0,0.0,0.0,0.0,2.0,0.0,35.2,45.35,2.0,0.0,0.0,0.0,0.0,1.0,0.0,0.0,0.0,0.0,0.0,2.0,0.0,0.0,0.0,0.0,0.0,0.0,0.0,0.0,0.0,2.0,0.0,0.0,0.0,0.0,2.0,0.0,37.35,45.15,2.0,0.0,0.0,0.0,0.0,1.0,1.0,47.5,1.0,47.3,0.0,0.0,1.0,46.6,1.0,48.15,0.0,0.0,0.0,0.0,0.0,0.0,0.0,0.0,0.0,0.0,0.0,0.0,0.0,0.0
light_seed1,light,1,841.25,856.25,8.0,0.0,35.33125,8.0,25.200000000000045,1.0,0.0,33.5,33.5,1.0,0.0,0.0,0.0,0.0,1.0,1.0,0.0,33.3,33.3,1.0,0.0,0.0,0.0,0.0,0.9999999999999998,0.0,0.0,0.0,0.0,0.0,0.0,0.0,0.0,0.0,0.0,1.0,0.0,32.6,32.6,1.0,0.0,0.0,0.0,0.0,1.0,1.0,0.0,34.15,34.15,1.0,0.0,0.0,0.0,0.0,1.0,0.0,0.0,0.0,0.0,0.0,0.0,0.0,0.0,0.0,0.0,0.0,0.0,0.0,0.0,0.0,2.0,0.0,0.0,0.0,0.0,0.0,0.0,0.0,0.0,0.0,2.0,0.0,0.0,0.0,0.0,2.0,0.0,36.2,46.35,2.0,0.0,0.0,0.0,0.0,1.0,0.0,0.0,0.0,0.0,0.0,2.0,0.0,0.0,0.0,0.0,0.0,0.0,0.0,0.0,0.0,2.0,0.0,0.0,0.0,0.0,2.0,0.0,38.35,46.15,2.0,0.0,0.0,0.0,0.0,1.0,1.0,48.5,1.0,48.3,0.0,0.0,1.0,47.6,1.0,49.15,0.0,0.0,0.0,0.0,0.0,0.0,0.0,0.0,0.0,0.0,0.0,0.0,0.0,0.0
light_seed1,light,1,842.25,857.25,8.0,0.0,36.33125,8.0,26.200000000000045,1.0,0.0,34.5,34.5,1.0,0.0,0.0,0.0,0.0,1.0,1.0,0.0,34.3,34.3,1.0,0.0,0.0,0.0,0.0,0.9999999999999998,0.0,0.0,0.0,0.0,0.0,0.0,0.0,0.0,0.0,0.0,1.0,0.0,33.6,33.6,1.0,0.0,0.0,0.0,0.0,1.0,1.0,0.0,35.15,35.15,1.0,0.0,0.0,0.0,0.0,1.0,0.0,0.0,0.0,0.0,0.0,0.0,0.0,0.0,0.0,0.0,0.0,0.0,0.0,0.0,0.0,2.0,0.0,0.0,0.0,0.0,0.0,0.0,0.0,0.0,0.0,2.0,0.0,0.0,0.0,0.0,2.0,0.0,37.2,47.35,2.0,0.0,0.0,0.0,0.0,1.0,0.0,0.0,0.0,0.0,0.0,2.0,0.0,0.0,0.0,0.0,0.0,0.0,0.0,0.0,0.0,2.0,0.0,0.0,0.0,0.0,2.0,0.0,39.35,47.15,2.0,0.0,0.0,0.0,0.0,1.0,1.0,49.5,1.0,49.3,0.0,0.0,1.0,48.6,1.0,50.15,0.0,0.0,0.0,0.0,0.0,0.0,0.0,0.0,0.0,0.0,0.0,0.0,0.0,0.0
light_seed1,light,1,843.25,858.25,8.0,0.0,37.33125,8.0,27.200000000000045,1.0,0.0,35.5,35.5,1.0,0.0,0.0,0.0,0.0,1.0,1.0,0.0,35.3,35.3,1.0,0.0,0.0,0.0,0.0,0.9999999999999998,0.0,0.0,0.0,0.0,0.0,0.0,0.0,0.0,0.0,0.0,1.0,0.0,34.6,34.6,1.0,0.0,0.0,0.0,0.0,1.0,1.0,0.0,36.15,36.15,1.0,0.0,0.0,0.0,0.0,1.0,0.0,0.0,0.0,0.0,0.0,0.0,0.0,0.0,0.0,0.0,0.0,0.0,0.0,0.0,0.0,2.0,0.0,0.0,0.0,0.0,0.0,0.0,0.0,0.0,0.0,2.0,0.0,0.0,0.0,0.0,2.0,0.0,38.2,48.35,2.0,0.0,0.0,0.0,0.0,1.0,0.0,0.0,0.0,0.0,0.0,2.0,0.0,0.0,0.0,0.0,0.0,0.0,0.0,0.0,0.0,2.0,0.0,0.0,0.0,0.0,2.0,0.0,40.349999999999994,48.15,2.0,0.0,0.0,0.0,0.0,0.9999999999999996,1.0,50.5,1.0,50.3,0.0,0.0,1.0,49.6,1.0,51.15,0.0,0.0,0.0,0.0,0.0,0.0,0.0,0.0,0.0,0.0,0.0,0.0,0.0,0.0
light_seed1,light,1,844.25,859.25,8.0,0.0,38.33125,8.0,28.200000000000045,1.0,0.0,36.5,36.5,1.0,0.0,0.0,0.0,0.0,1.0,1.0,0.0,36.3,36.3,1.0,0.0,0.0,0.0,0.0,0.9999999999999998,0.0,0.0,0.0,0.0,0.0,0.0,0.0,0.0,0.0,0.0,1.0,0.0,35.6,35.6,1.0,0.0,0.0,0.0,0.0,1.0,1.0,0.0,37.15,37.15,1.0,0.0,0.0,0.0,0.0,1.0,0.0,0.0,0.0,0.0,0.0,0.0,0.0,0.0,0.0,0.0,0.0,0.0,0.0,0.0,0.0,2.0,0.0,0.0,0.0,0.0,0.0,0.0,0.0,0.0,0.0,2.0,0.0,0.0,0.0,0.0,2.0,0.0,39.2,49.35,2.0,0.0,0.0,0.0,0.0,1.0,0.0,0.0,0.0,0.0,0.0,2.0,0.0,0.0,0.0,0.0,0.0,0.0,0.0,0.0,0.0,2.0,0.0,0.0,0.0,0.0,2.0,0.0,41.349999999999994,49.15,2.0,0.0,0.0,0.0,0.0,0.9999999999999996,1.0,51.5,1.0,51.3,0.0,0.0,1.0,50.6,1.0,52.15,0.0,0.0,0.0,0.0,0.0,0.0,0.0,0.0,0.0,0.0,0.0,0.0,0.0,0.0
light_seed1,light,1,845.25,860.25,8.0,0.0,39.33125,8.0,29.200000000000045,1.0,0.0,37.5,37.5,1.0,0.0,0.0,0.0,0.0,1.0,1.0,0.0,37.3,37.3,1.0,0.0,0.0,0.0,0.0,0.9999999999999998,0.0,0.0,0.0,0.0,0.0,0.0,0.0,0.0,0.0,0.0,1.0,0.0,36.6,36.6,1.0,0.0,0.0,0.0,0.0,1.0,1.0,0.0,38.15,38.15,1.0,0.0,0.0,0.0,0.0,1.0,0.0,0.0,0.0,0.0,0.0,0.0,0.0,0.0,0.0,0.0,0.0,0.0,0.0,0.0,0.0,2.0,0.0,0.0,0.0,0.0,0.0,0.0,0.0,0.0,0.0,2.0,0.0,0.0,0.0,0.0,2.0,0.0,40.2,50.35,2.0,0.0,0.0,0.0,0.0,1.0,0.0,0.0,0.0,0.0,0.0,2.0,0.0,0.0,0.0,0.0,0.0,0.0,0.0,0.0,0.0,2.0,0.0,0.0,0.0,0.0,2.0,0.0,42.349999999999994,50.15,2.0,0.0,0.0,0.0,0.0,0.9999999999999996,1.0,52.5,1.0,52.3,0.0,0.0,1.0,51.6,1.0,53.15,0.0,0.0,0.0,0.0,0.0,0.0,0.0,0.0,0.0,0.0,0.0,0.0,0.0,0.0
light_seed1,light,1,846.25,861.25,8.0,0.0,40.33125,8.0,0.20000000000004547,1.0,0.0,38.5,38.5,1.0,0.0,0.0,0.0,0.0,1.0,1.0,0.0,38.3,38.3,1.0,0.0,0.0,0.0,0.0,0.9999999999999998,0.0,0.0,0.0,0.0,0.0,0.0,0.0,0.0,0.0,0.0,1.0,0.0,37.6,37.6,1.0,0.0,0.0,0.0,0.0,1.0,1.0,0.0,39.15,39.15,1.0,0.0,0.0,0.0,0.0,1.0,0.0,0.0,0.0,0.0,0.0,0.0,0.0,0.0,0.0,0.0,0.0,0.0,0.0,0.0,0.0,1.0,0.0,0.0,0.0,0.0,0.0,0.0,0.0,0.0,0.0,1.0,0.0,0.0,0.0,0.0,2.0,0.0,41.2,51.35,2.0,0.0,0.0,0.0,0.0,1.0,0.0,0.0,0.0,0.0,0.0,1.0,0.0,0.0,0.0,0.0,0.0,0.0,0.0,0.0,0.0,1.0,0.0,0.0,0.0,0.0,2.0,0.0,43.349999999999994,51.15,2.0,0.0,0.0,0.0,0.0,0.9999999999999996,1.0,53.5,1.0,53.3,0.0,0.0,1.0,52.6,1.0,54.15,0.0,0.0,0.0,0.0,0.0,0.0,0.0,0.0,0.0,0.0,0.0,0.0,0.0,0.0
light_seed1,light,1,847.25,862.25,8.0,0.0,41.33125,8.0,1.2000000000000455,1.0,0.0,39.5,39.5,1.0,0.0,0.0,0.0,0.0,1.0,1.0,0.0,39.3,39.3,1.0,0.0,0.0,0.0,0.0,0.9999999999999998,0.0,0.0,0.0,0.0,0.0,0.0,0.0,0.0,0.0,0.0,1.0,0.0,38.6,38.6,1.0,0.0,0.0,0.0,0.0,1.0,1.0,0.0,40.15,40.15,1.0,0.0,0.0,0.0,0.0,1.0,0.0,0.0,0.0,0.0,0.0,0.0,0.0,0.0,0.0,0.0,0.0,0.0,0.0,0.0,0.0,1.0,0.0,0.0,0.0,0.0,0.0,0.0,0.0,0.0,0.0,1.0,0.0,0.0,0.0,0.0,2.0,0.0,42.2,52.35,2.0,0.0,0.0,0.0,0.0,1.0,0.0,0.0,0.0,0.0,0.0,1.0,0.0,0.0,0.0,0.0,0.0,0.0,0.0,0.0,0.0,1.0,0.0,0.0,0.0,0.0,2.0,0.0,44.349999999999994,52.15,2.0,0.0,0.0,0.0,0.0,0.9999999999999996,1.0,54.5,1.0,54.3,0.0,0.0,1.0,53.6,1.0,55.15,0.0,0.0,0.0,0.0,0.0,0.0,0.0,0.0,0.0,0.0,0.0,0.0,0.0,0.0
light_seed1,light,1,848.25,863.25,8.0,0.0,42.33125,8.0,2.2000000000000455,1.0,0.0,40.5,40.5,1.0,0.0,0.0,0.0,0.0,1.0,1.0,0.0,40.3,40.3,1.0,0.0,0.0,0.0,0.0,0.9999999999999998,0.0,0.0,0.0,0.0,0.0,0.0,0.0,0.0,0.0,0.0,1.0,0.0,39.6,39.6,1.0,0.0,0.0,0.0,0.0,1.0,1.0,0.0,41.15,41.15,1.0,0.0,0.0,0.0,0.0,1.0,0.0,0.0,0.0,0.0,0.0,0.0,0.0,0.0,0.0,0.0,0.0,0.0,0.0,0.0,0.0,1.0,0.0,0.0,0.0,0.0,0.0,0.0,0.0,0.0,0.0,1.0,0.0,0.0,0.0,0.0,2.0,0.0,43.2,53.35,2.0,0.0,0.0,0.0,0.0,1.0,0.0,0.0,0.0,0.0,0.0,1.0,0.0,0.0,0.0,0.0,0.0,0.0,0.0,0.0,0.0,1.0,0.0,0.0,0.0,0.0,2.0,0.0,45.349999999999994,53.15,2.0,0.0,0.0,0.0,0.0,0.9999999999999996,1.0,55.5,1.0,55.3,0.0,0.0,1.0,54.6,1.0,56.15,0.0,0.0,0.0,0.0,0.0,0.0,0.0,0.0,0.0,0.0,0.0,0.0,0.0,0.0
light_seed1,light,1,849.25,864.25,8.0,0.17989273983214063,24.95,5.0,0.20000000000004547,1.0,0.0,41.5,41.5,1.0,0.0,0.0,0.0,0.0,1.0,1.0,0.0,41.3,41.3,1.0,0.0,0.0,0.0,0.0,0.9999999999999998,0.0,0.0,0.0,0.0,0.0,0.0,0.0,0.0,0.0,0.0,1.0,0.0,40.6,40.6,1.0,0.0,0.0,0.0,0.0,1.0,1.0,0.0,42.15,42.15,1.0,0.0,0.0,0.0,0.0,1.0,0.0,0.0,0.0,0.0,0.0,0.0,0.0,0.0,0.0,0.0,0.0,0.0,0.0,0.0,0.0,0.0,0.0,0.0,0.0,0.0,0.0,0.0,0.0,0.0,0.0,0.0,0.0,0.0,0.0,0.0,2.0,0.3457781098384851,17.025,34.05,1.0,2.0,0.0,0.0,-0.06666666666666667,-0.811666666666667,0.0,0.0,0.0,0.0,0.0,0.0,0.0,0.0,0.0,0.0,0.0,0.0,0.0,0.0,0.0,0.0,0.0,0.0,0.0,0.0,2.0,0.3737928494900774,0.0,0.0,0.0,2.0,0.0,0.0,-0.13333333333333333,-2.0900000000000003,1.0,0.0,1.0,0.0,0.0,0.0,1.0,0.0,1.0,0.0,0.0,0.0,0.0,0.0,0.0,0.0,0.0,0.0,0.0,0.0,0.0,0.0,0.0,0.0
light_seed1,light,1,850.25,865.25,8.0,1.124588182710882,21.19375,4.0,1.2000000000000455,1.0,0.0,42.5,42.5,1.0,0.0,0.0,0.0,0.0,1.0,1.0,0.0,42.3,42.3,1.0,0.0,0.0,0.0,0.0,0.9999999999999998,0.0,0.0,0.0,0.0,0.0,0.0,0.0,0.0,0.0,0.0,1.0,0.0,41.6,41.6,1.0,0.0,0.0,0.0,0.0,1.0,1.0,0.0,43.15,43.15,1.0,0.0,0.0,0.0,0.0,1.0,0.0,0.0,0.0,0.0,0.0,0.0,0.0,0.0,0.0,0.0,0.0,0.0,0.0,0.0,0.0,0.0,0.0,0.0,0.0,0.0,0.0,0.0,0.0,0.0,0.0,0.0,0.0,0.0,0.0,0.0,1.0,1.554490096454993,0.0,0.0,0.0,2.0,0.0,0.06666666666666667,-0.13333333333333333,-2.0133333333333336,0.0,0.0,0.0,0.0,0.0,0.0,0.0,0.0,0.0,0.0,0.0,0.0,0.0,0.0,0.0,0.0,0.0,0.0,0.0,0.0,1.0,1.8622992480717553,0.0,0.0,0.0,2.0,0.0,0.06666666666666667,-0.13333333333333333,-2.1566666666666667,0.0,0.0,0.0,0.0,0.0,0.0,0.0,0.0,0.0,0.0,0.0,0.0,0.0,0.0,0.0,0.0,0.0,0.0,0.0,0.0,0.0,0.0,0.0,0.0
light_seed1,light,1,851.25,866.25,8.0,2.0627834072766564,21.69375,4.0,2.2000000000000455,1.0,0.0,43.5,43.5,1.0,0.0,0.0,0.0,0.0,1.0,1.0,0.0,43.3,43.3,1.0,0.0,0.0,0.0,0.0,0.9999999999999998,0.0,0.0,0.0,0.0,0.0,0.0,0.0,0.0,0.0,0.0,1.0,0.0,42.6,42.6,1.0,0.0,0.0,0.0,0.0,1.0,1.0,0.0,44.15,44.15,1.0,0.0,0.0,0.0,0.0,1.0,0.0,0.0,0.0,0.0,0.0,0.0,0.0,0.0,0.0,0.0,0.0,0.0,0.0,0.0,0.0,0.0,0.0,0.0,0.0,0.0,0.0,0.0,0.0,0.0,0.0,0.0,0.0,0.0,0.0,0.0,1.0,3.3903218350409676,0.0,0.0,0.0,2.0,0.0,0.06666666666666667,-0.13333333333333333,-2.08,0.0,0.0,0.0,0.0,0.0,0.0,0.0,0.0,0.0,0.0,0.0,0.0,0.0,0.0,0.0,0.0,0.0,0.0,0.0,0.0,1.0,3.750230741944402,0.0,0.0,0.0,2.0,0.0,0.06666666666666667,-0.13333333333333333,-2.2233333333333336,0.0,0.0,0.0,0.0,0.0,0.0,0.0,0.0,0.0,0.0,0.0,0.0,0.0,0.0,0.0,0.0,0.0,0.0,0.0,0.0,0.0,0.0,0.0,0.0
light_seed1,light,1,852.25,867.25,8.0,3.042985348514657,22.19375,4.0,3.2000000000000455,1.0,0.0,44.5,44.5,1.0,0.0,0.0,0.0,0.0,1.0,1.0,0.0,44.3,44.3,1.0,0.0,0.0,0.0,0.0,0.9999999999999998,0.0,0.0,0.0,0.0,0.0,0.0,0.0,0.0,0.0,0.0,1.0,0.0,43.6,43.6,1.0,0.0,0.0,0.0,0.0,1.0,1.0,0.0,45.15,45.15,1.0,0.0,0.0,0.0,0.0,1.0,0.0,0.0,0.0,0.0,0.0,0.0,0.0,0.0,0.0,0.0,0.0,0.0,0.0,0.0,0.0,0.0,0.0,0.0,0.0,0.0,0.0,0.0,0.0,0.0,0.0,0.0,0.0,0.0,0.0,0.0,0.0,0.0,0.0,0.0,0.0,2.0,0.0,0.13333333333333333,-0.13333333333333333,-2.146666666666667,0.0,0.0,0.0,0.0,0.0,0.0,0.0,0.0,0.0,0.0,0.0,0.0,0.0,0.0,0.0,0.0,0.0,0.0,0.0,0.0,0.0,0.0,0.0,0.0,0.0,2.0,0.0,0.13333333333333333,-0.13333333333333333,-2.29,0.0,0.0,0.0,0.0,0.0,0.0,0.0,0.0,0.0,0.0,0.0,0.0,0.0,0.0,0.0,0.0,0.0,0.0,0.0,0.0,0.0,0.0,0.0,0.0
light_seed1,light,1,853.25,868.25,8.0,4.037965765525774,22.69375,4.0,4.2000000000000455,1.0,0.0,45.5,45.5,1.0,0.0,0.0,0.0,0.0,1.0,1.0,0.0,45.3,45.3,1.0,0.0,0.0,0.0,0.0,0.9999999999999998,0.0,0.0,0.0,0.0,0.0,0.0,0.0,0.0,0.0,0.0,1.0,0.0,44.6,44.6,1.0,0.0,0.0,0.0,0.0,1.0,1.0,0.0,46.15,46.15,1.0,0.0,0.0,0.0,0.0,1.0,0.0,0.0,0.0,0.0,0.0,0.0,0.0,0.0,0.0,0.0,0.0,0.0,0.0,0.0,0.0,0.0,0.0,0.0,0.0,0.0,0.0,0.0,0.0,0.0,0.0,0.0,0.0,0.0,0.0,0.0,0.0,0.0,0.0,0.0,0.0,2.0,0.0,0.13333333333333333,-0.13333333333333333,-2.2133333333333334,0.0,0.0,0.0,0.0,0.0,0.0,0.0,0.0,0.0,0.0,0.0,0.0,0.0,0.0,0.0,0.0,0.0,0.0,0.0,0.0,0.0,0.0,0.0,0.0,0.0,2.0,0.0,0.13333333333333333,-0.13333333333333333,-2.356666666666667,0.0,0.0,0.0,0.0,0.0,0.0,0.0,0.0,0.0,0.0,0.0,0.0,0.0,0.0,0.0,0.0,0.0,0.0,0.0,0.0,0.0,0.0,0.0,0.0
light_seed1,light,1,854.25,869.25,8.0,4.972746690305776,23.19375,4.0,5.2000000000000455,1.0,0.0,46.5,46.5,1.0,0.0,0.0,0.0,0.0,1.0,1.0,0.0,46.3,46.3,1.0,0.0,0.0,0.0,0.0,0.9999999999999998,0.0,0.0,0.0,0.0,0.0,0.0,0.0,0.0,0.0,0.0,1.0,0.0,45.6,45.6,1.0,0.0,0.0,0.0,0.0,1.0,1.0,0.0,47.15,47.15,1.0,0.0,0.0,0.0,0.0,1.0,0.0,0.0,0.0,0.0,0.0,0.0,0.0,0.0,0.0,0.0,0.0,0.0,0.0,0.0,0.0,0.0,0.0,0.0,0.0,0.0,0.0,0.0,0.0,0.0,0.0,0.0,0.0,0.0,0.0,0.0,0.0,0.0,0.0,0.0,0.0,2.0,0.0,0.13333333333333333,-0.13333333333333333,-2.2800000000000002,0.0,0.0,0.0,0.0,0.0,0.0,0.0,0.0,0.0,0.0,0.0,0.0,0.0,0.0,0.0,0.0,0.0,0.0,0.0,0.0,0.0,0.0,0.0,0.0,0.0,2.0,0.0,0.13333333333333333,-0.13333333333333333,-2.4233333333333333,0.0,0.0,0.0,0.0,0.0,0.0,0.0,0.0,0.0,0.0,0.0,0.0,0.0,0.0,0.0,0.0,0.0,0.0,0.0,0.0,0.0,0.0,0.0,0.0
light_seed1,light,1,855.25,870.25,8.0,5.937096761311639,23.69375,4.0,6.2000000000000455,1.0,0.0,47.5,47.5,1.0,0.0,0.0,0.0,0.0,1.0,1.0,0.0,47.3,47.3,1.0,0.0,0.0,0.0,0.0,1.0,0.0,0.0,0.0,0.0,0.0,0.0,0.0,0.0,0.0,0.0,1.0,0.0,46.6,46.6,1.0,0.0,0.0,0.0,0.0,1.0,1.0,0.0,48.15,48.15,1.0,0.0,0.0,0.0,0.0,1.0,0.0,0.0,0.0,0.0,0.0,0.0,0.0,0.0,0.0,0.0,0.0,0.0,0.0,0.0,0.0,0.0,0.0,0.0,0.0,0.0,0.0,0.0,0.0,0.0,0.0,0.0,0.0,0.0,0.0,0.0,0.0,0.0,0.0,0.0,0.0,2.0,0.0,0.13333333333333333,-0.13333333333333333,-2.3466666666666667,0.0,0.0,0.0,0.0,0.0,0.0,0.0,0.0,0.0,0.0,0.0,0.0,0.0,0.0,0.0,0.0,0.0,0.0,0.0,0.0,0.0,0.0,0.0,0.0,0.0,2.0,0.0,0.13333333333333333,-0.13333333333333333,-2.49,0.0,0.0,0.0,0.0,0.0,0.0,0.0,0.0,0.0,0.0,0.0,0.0,0.0,0.0,0.0,0.0,0.0,0.0,0.0,0.0,0.0,0.0,0.0,0.0
light_seed1,light,1,856.25,871.25,8.0,6.166205125917253,24.19375,4.0,7.2000000000000455,1.0,0.0,48.5,48.5,1.0,0.0,0.0,0.0,0.0,1.0,1.0,0.0,48.3,48.3,1.0,0.0,0.0,0.0,0.0,1.0,0.0,0.0,0.0,0.0,0.0,0.0,0.0,0.0,0.0,0.0,1.0,0.0,47.6,47.6,1.0,0.0,0.0,0.0,0.0,1.0,1.0,0.0,49.15,49.15,1.0,0.0,0.0,0.0,0.0,1.0,0.0,0.0,0.0,0.0,0.0,0.0,0.0,0.0,0.0,0.0,0.0,0.0,0.0,0.0,0.0,0.0,0.0,0.0,0.0,0.0,0.0,0.0,0.0,0.0,0.0,0.0,0.0,0.0,0.0,0.0,0.0,0.0,0.0,0.0,0.0,2.0,0.0,0.13333333333333333,-0.13333333333333333,-2.4133333333333336,0.0,0.0,0.0,0.0,0.0,0.0,0.0,0.0,0.0,0.0,0.0,0.0,0.0,0.0,0.0,0.0,0.0,0.0,0.0,0.0,0.0,0.0,0.0,0.0,0.0,2.0,0.0,0.13333333333333333,-0.13333333333333333,-2.5566666666666666,0.0,0.0,0.0,0.0,0.0,0.0,0.0,0.0,0.0,0.0,0.0,0.0,0.0,0.0,0.0,0.0,0.0,0.0,0.0,0.0,0.0,0.0,0.0,0.0
light_seed1,light,1,857.25,872.25,8.0,6.233542361842259,24.69375,4.0,8.200000000000045,1.0,0.0,49.5,49.5,1.0,0.0,0.0,0.0,0.0,1.0,1.0,0.0,49.3,49.3,1.0,0.0,0.0,0.0,0.0,1.0,0.0,0.0,0.0,0.0,0.0,0.0,0.0,0.0,0.0,0.0,1.0,0.0,48.6,48.6,1.0,0.0,0.0,0.0,0.0,1.0,1.0,0.0,50.15,50.15,1.0,0.0,0.0,0.0,0.0,1.0,0.0,0.0,0.0,0.0,0.0,0.0,0.0,0.0,0.0,0.0,0.0,0.0,0.0,0.0,0.0,0.0,0.0,0.0,0.0,0.0,0.0,0.0,0.0,0.0,0.0,0.0,0.0,0.0,0.0,0.0,0.0,0.0,0.0,0.0,0.0,2.0,0.0,0.13333333333333333,-0.13333333333333333,-2.48,0.0,0.0,0.0,0.0,0.0,0.0,0.0,0.0,0.0,0.0,0.0,0.0,0.0,0.0,0.0,0.0,0.0,0.0,0.0,0.0,0.0,0.0,0.0,0.0,0.0,2.0,0.0,0.13333333333333333,-0.13333333333333333,-2.6233333333333335,0.0,0.0,0.0,0.0,0.0,0.0,0.0,0.0,0.0,0.0,0.0,0.0,0.0,0.0,0.0,0.0,0.0,0.0,0.0,0.0,0.0,0.0,0.0,0.0
light_seed1,light,1,858.25,873.25,8.0,6.259031954063082,25.19375,4.0,9.200000000000045,1.0,0.0,50.5,50.5,1.0,0.0,0.0,0.0,0.0,1.0,1.0,0.0,50.3,50.3,1.0,0.0,0.0,0.0,0.0,1.0,0.0,0.0,0.0,0.0,0.0,0.0,0.0,0.0,0.0,0.0,1.0,0.0,49.6,49.6,1.0,0.0,0.0,0.0,0.0,1.0,1.0,0.0,51.15,51.15,1.0,0.0,0.0,0.0,0.0,1.0,0.0,0.0,0.0,0.0,0.0,0.0,0.0,0.0,0.0,0.0,0.0,0.0,0.0,0.0,0.0,0.0,0.0,0.0,0.0,0.0,0.0,0.0,0.0,0.0,0.0,0.0,0.0,0.0,0.0,0.0,0.0,0.0,0.0,0.0,0.0,2.0,0.0,0.13333333333333333,-0.13333333333333333,-2.546666666666667,0.0,0.0,0.0,0.0,0.0,0.0,0.0,0.0,0.0,0.0,0.0,0.0,0.0,0.0,0.0,0.0,0.0,0.0,0.0,0.0,0.0,0.0,0.0,0.0,0.0,2.0,0.0,0.13333333333333333,-0.13333333333333333,-2.6899999999999995,0.0,0.0,0.0,0.0,0.0,0.0,0.0,0.0,0.0,0.0,0.0,0.0,0.0,0.0,0.0,0.0,0.0,0.0,0.0,0.0,0.0,0.0,0.0,0.0
light_seed1,light,1,859.25,874.25,8.0,6.2777653481273274,25.69375,4.0,10.200000000000045,1.0,0.0,51.5,51.5,1.0,0.0,0.0,0.0,0.0,1.0,1.0,0.0,51.3,51.3,1.0,0.0,0.0,0.0,0.0,1.0,0.0,0.0,0.0,0.0,0.0,0.0,0.0,0.0,0.0,0.0,1.0,0.0,50.6,50.6,1.0,0.0,0.0,0.0,0.0,1.0,1.0,0.0,52.15,52.15,1.0,0.0,0.0,0.0,0.0,1.0,0.0,0.0,0.0,0.0,0.0,0.0,0.0,0.0,0.0,0.0,0.0,0.0,0.0,0.0,0.0,0.0,0.0,0.0,0.0,0.0,0.0,0.0,0.0,0.0,0.0,0.0,0.0,0.0,0.0,0.0,0.0,0.0,0.0,0.0,0.0,2.0,0.0,0.13333333333333333,-0.13333333333333333,-2.6133333333333337,0.0,0.0,0.0,0.0,0.0,0.0,0.0,0.0,0.0,0.0,0.0,0.0,0.0,0.0,0.0,0.0,0.0,0.0,0.0,0.0,0.0,0.0,0.0,0.0,0.0,2.0,0.0,0.13333333333333333,-0.13333333333333333,-2.7566666666666664,0.0,0.0,0.0,0.0,0.0,0.0,0.0,0.0,0.0,0.0,0.0,0.0,0.0,0.0,0.0,0.0,0.0,0.0,0.0,0.0,0.0,0.0,0.0,0.0
light_seed1,light,1,860.25,875.25,8.0,6.29473646447574,26.19375,4.0,11.200000000000045,1.0,0.0,52.5,52.5,1.0,0.0,0.0,0.0,0.0,1.0,1.0,0.0,52.3,52.3,1.0,0.0,0.0,0.0,0.0,1.0,0.0,0.0,0.0,0.0,0.0,0.0,0.0,0.0,0.0,0.0,1.0,0.0,51.6,51.6,1.0,0.0,0.0,0.0,0.0,1.0,1.0,0.0,53.15,53.15,1.0,0.0,0.0,0.0,0.0,1.0,0.0,0.0,0.0,0.0,0.0,0.0,0.0,0.0,0.0,0.0,0.0,0.0,0.0,0.0,0.0,0.0,0.0,0.0,0.0,0.0,0.0,0.0,0.0,0.0,0.0,0.0,0.0,0.0,0.0,0.0,0.0,0.0,0.0,0.0,0.0,2.0,0.0,0.13333333333333333,-0.13333333333333333,-2.68,0.0,0.0,0.0,0.0,0.0,0.0,0.0,0.0,0.0,0.0,0.0,0.0,0.0,0.0,0.0,0.0,0.0,0.0,0.0,0.0,0.0,0.0,0.0,0.0,0.0,2.0,0.0,0.13333333333333333,-0.13333333333333333,-2.823333333333333,0.0,0.0,0.0,0.0,0.0,0.0,0.0,0.0,0.0,0.0,0.0,0.0,0.0,0.0,0.0,0.0,0.0,0.0,0.0,0.0,0.0,0.0,0.0,0.0
light_seed1,light,1,861.25,876.25,8.0,6.28426641006512,26.69375,4.0,0.20000000000004547,1.0,0.0,53.5,53.5,1.0,0.0,0.0,0.0,0.0,1.0,1.0,0.0,53.3,53.3,1.0,0.0,0.0,0.0,0.0,1.0,0.0,0.0,0.0,0.0,0.0,0.0,0.0,0.0,0.0,0.0,1.0,0.0,52.6,52.6,1.0,0.0,0.0,0.0,0.0,1.0,1.0,0.0,54.15,54.15,1.0,0.0,0.0,0.0,0.0,1.0,0.0,0.0,0.0,0.0,0.0,0.0,0.0,0.0,0.0,0.0,0.0,0.0,0.0,0.0,0.0,0.0,0.0,0.0,0.0,0.0,0.0,0.0,0.0,0.0,0.0,0.0,0.0,0.0,0.0,0.0,0.0,0.0,0.0,0.0,0.0,1.0,0.0,0.13333333333333333,-0.13333333333333333,-2.746666666666667,0.0,0.0,0.0,0.0,0.0,0.0,0.0,0.0,0.0,0.0,0.0,0.0,0.0,0.0,0.0,0.0,0.0,0.0,0.0,0.0,0.0,0.0,0.0,0.0,0.0,1.0,0.0,0.13333333333333333,-0.13333333333333333,-2.8899999999999997,0.0,0.0,0.0,0.0,0.0,0.0,0.0,0.0,0.0,0.0,0.0,0.0,0.0,0.0,0.0,0.0,0.0,0.0,0.0,0.0,0.0,0.0,0.0,0.0
light_seed1,light,1,862.25,877.25,8.0,6.296308341524879,27.19375,4.0,1.2000000000000455,1.0,0.0,54.5,54.5,1.0,0.0,0.0,0.0,0.0,1.0,1.0,0.0,54.3,54.3,1.0,0.0,0.0,0.0,0.0,1.0,0.0,0.0,0.0,0.0,0.0,0.0,0.0,0.0,0.0,0.0,1.0,0.0,53.6,53.6,1.0,0.0,0.0,0.0,0.0,1.0,1.0,0.0,55.15,55.15,1.0,0.0,0.0,0.0,0.0,1.0,0.0,0.0,0.0,0.0,0.0,0.0,0.0,0.0,0.0,0.0,0.0,0.0,0.0,0.0,0.0,0.0,0.0,0.0,0.0,0.0,0.0,0.0,0.0,0.0,0.0,0.0,0.0,0.0,0.0,0.0,0.0,0.0,0.0,0.0,0.0,1.0,0.0,0.13333333333333333,-0.13333333333333333,-2.8133333333333335,0.0,0.0,0.0,0.0,0.0,0.0,0.0,0.0,0.0,0.0,0.0,0.0,0.0,0.0,0.0,0.0,0.0,0.0,0.0,0.0,0.0,0.0,0.0,0.0,0.0,1.0,0.0,0.13333333333333333,-0.13333333333333333,-2.956666666666666,0.0,0.0,0.0,0.0,0.0,0.0,0.0,0.0,0.0,0.0,0.0,0.0,0.0,0.0,0.0,0.0,0.0,0.0,0.0,0.0,0.0,0.0,0.0,0.0
light_seed1,light,1,863.25,878.25,8.0,6.299115938632528,27.69375,4.0,2.2000000000000455,1.0,0.0,55.5,55.5,1.0,0.0,0.0,0.0,0.0,1.0,1.0,0.0,55.3,55.3,1.0,0.0,0.0,0.0,0.0,1.0,0.0,0.0,0.0,0.0,0.0,0.0,0.0,0.0,0.0,0.0,1.0,0.0,54.6,54.6,1.0,0.0,0.0,0.0,0.0,1.0,1.0,0.0,56.15,56.15,1.0,0.0,0.0,0.0,0.0,1.0,0.0,0.0,0.0,0.0,0.0,0.0,0.0,0.0,0.0,0.0,0.0,0.0,0.0,0.0,0.0,0.0,0.0,0.0,0.0,0.0,0.0,0.0,0.0,0.0,0.0,0.0,0.0,0.0,0.0,0.0,0.0,0.0,0.0,0.0,0.0,1.0,0.0,0.13333333333333333,-0.13333333333333333,-2.8800000000000003,0.0,0.0,0.0,0.0,0.0,0.0,0.0,0.0,0.0,0.0,0.0,0.0,0.0,0.0,0.0,0.0,0.0,0.0,0.0,0.0,0.0,0.0,0.0,0.0,0.0,1.0,0.0,0.13333333333333333,-0.13333333333333333,-3.023333333333333,0.0,0.0,0.0,0.0,0.0,0.0,0.0,0.0,0.0,0.0,0.0,0.0,0.0,0.0,0.0,0.0,0.0,0.0,0.0,0.0,0.0,0.0,0.0,0.0
light_seed1,light,1,864.25,879.25,8.0,6.7209010741849635,0.0,0.0,0.20000000000004547,1.0,0.8190554539066845,0.0,0.0,0.0,2.0,0.0,0.0,-0.06666666666666667,-2.7666666666666666,1.0,0.960924818283533,0.0,0.0,0.0,2.0,0.0,0.0,-0.06666666666666667,-2.753333333333333,0.0,0.0,0.0,0.0,0.0,0.0,0.0,0.0,0.0,0.0,1.0,0.6810792332999216,0.0,0.0,0.0,2.0,0.0,0.0,-0.06666666666666667,-2.7066666666666666,1.0,0.8543642408390854,0.0,0.0,0.0,2.0,0.0,0.0,-0.06666666666666667,-2.81,0.0,0.0,0.0,0.0,0.0,0.0,0.0,0.0,0.0,0.0,0.0,0.0,0.0,0.0,0.0,0.0,0.0,0.0,0.0,0.0,0.0,0.0,0.0,0.0,0.0,0.0,0.0,0.0,0.0,0.0,0.0,0.0,0.0,0.0,0.0,0.0,0.0,0.13333333333333333,-0.06666666666666667,-1.135,0.0,0.0,0.0,0.0,0.0,0.0,0.0,0.0,0.0,0.0,0.0,0.0,0.0,0.0,0.0,0.0,0.0,0.0,0.0,0.0,0.0,0.0,0.0,0.0,0.0,0.0,0.0,0.13333333333333333,0.0,0.0,0.0,0.0,0.0,0.0,0.0,0.0,0.0,0.0,0.0,0.0,0.0,0.0,0.0,0.0,0.0,0.0,0.0,0.0,0.0,0.0,0.0,0.0,0.0,0.0
light_seed1,light,1,865.25,880.25,8.0,8.074856920259988,0.0,0.0,1.2000000000000455,0.0,0.0,0.0,0.0,0.0,2.0,0.0,0.06666666666666667,-0.06666666666666667,-2.8333333333333335,0.0,0.0,0.0,0.0,0.0,2.0,0.0,0.06666666666666667,-0.06666666666666667,-2.82,0.0,0.0,0.0,0.0,0.0,0.0,0.0,0.0,0.0,0.0,0.0,0.0,0.0,0.0,0.0,2.0,0.0,0.06666666666666667,-0.06666666666666667,-2.7733333333333334,0.0,0.0,0.0,0.0,0.0,2.0,0.0,0.06666666666666667,-0.06666666666666667,-2.8766666666666665,0.0,0.0,0.0,0.0,0.0,0.0,0.0,0.0,0.0,0.0,0.0,0.0,0.0,0.0,0.0,0.0,0.0,0.0,0.0,0.0,0.0,0.0,0.0,0.0,0.0,0.0,0.0,0.0,0.0,0.0,0.0,0.0,0.0,0.0,0.0,0.0,0.0,0.06666666666666667,0.0,0.0,0.0,0.0,0.0,0.0,0.0,0.0,0.0,0.0,0.0,0.0,0.0,0.0,0.0,0.0,0.0,0.0,0.0,0.0,0.0,0.0,0.0,0.0,0.0,0.0,0.0,0.0,0.0,0.06666666666666667,0.0,0.0,0.0,0.0,0.0,0.0,0.0,0.0,0.0,0.0,0.0,0.0,0.0,0.0,0.0,0.0,0.0,0.0,0.0,0.0,0.0,0.0,0.0,0.0,0.0,0.0
light_seed1,light,1,866.25,881.25,8.0,9.24402127890717,0.0,0.0,2.2000000000000455,0.0,0.0,0.0,0.0,0.0,2.0,0.0,0.06666666666666667,-0.06666666666666667,-2.9,0.0,0.0,0.0,0.0,0.0,2.0,0.0,0.06666666666666667,-0.06666666666666667,-2.8866666666666663,0.0,0.0,0.0,0.0,0.0,0.0,0.0,0.0,0.0,0.0,0.0,0.0,0.0,0.0,0.0,2.0,0.0,0.06666666666666667,-0.06666666666666667,-2.8400000000000003,0.0,0.0,0.0,0.0,0.0,2.0,0.0,0.06666666666666667,-0.06666666666666667,-2.9433333333333334,0.0,0.0,0.0,0.0,0.0,0.0,0.0,0.0,0.0,0.0,0.0,0.0,0.0,0.0,0.0,0.0,0.0,0.0,0.0,0.0,0.0,0.0,0.0,0.0,0.0,0.0,0.0,0.0,0.0,0.0,0.0,0.0,0.0,0.0,0.0,0.0,0.0,0.06666666666666667,0.0,0.0,0.0,0.0,0.0,0.0,0.0,0.0,0.0,0.0,0.0,0.0,0.0,0.0,0.0,0.0,0.0,0.0,0.0,0.0,0.0,0.0,0.0,0.0,0.0,0.0,0.0,0.0,0.0,0.06666666666666667,0.0,0.0,0.0,0.0,0.0,0.0,0.0,0.0,0.0,0.0,0.0,0.0,0.0,0.0,0.0,0.0,0.0,0.0,0.0,0.0,0.0,0.0,0.0,0.0,0.0,0.0
