run_id,scenario_name,seed,simulation_time,target_time,total_vehicle_count,average_speed,average_waiting_time,stopped_vehicle_count,seconds_until_next_signal_switch,N_in_0__vehicle_count,N_in_0__average_speed,N_in_0__average_waiting_time,N_in_0__max_waiting_time,N_in_0__stopped_vehicle_count,N_in_0__current_signal_state,N_in_0__arrival_rate,N_in_0__departure_rate,N_in_0__stopped_vehicle_count_trend,N_in_0__waiting_time_trend,N_in_1__vehicle_count,N_in_1__average_speed,N_in_1__average_waiting_time,N_in_1__max_waiting_time,N_in_1__stopped_vehicle_count,N_in_1__current_signal_state,N_in_1__arrival_rate,N_in_1__departure_rate,N_in_1__stopped_vehicle_count_trend,N_in_1__waiting_time_trend,N_in_2__vehicle_count,N_in_2__average_speed,N_in_2__average_waiting_time,N_in_2__max_waiting_time,N_in_2__stopped_vehicle_count,N_in_2__current_signal_state,N_in_2__arrival_rate,N_in_2__departure_rate,N_in_2__stopped_vehicle_count_trend,N_in_2__waiting_time_trend,S_in_0__vehicle_count,S_in_0__average_speed,S_in_0__average_waiting_time,S_in_0__max_waiting_time,S_in_0__stopped_vehicle_count,S_in_0__current_signal_state,S_in_0__arrival_rate,S_in_0__departure_rate,S_in_0__stopped_vehicle_count_trend,S_in_0__waiting_time_trend,S_in_1__vehicle_count,S_in_1__average_speed,S_in_1__average_waiting_time,S_in_1__max_waiting_time,S_in_1__stopped_vehicle_count,S_in_1__current_signal_state,S_in_1__arrival_rate,S_in_1__departure_rate,S_in_1__stopped_vehicle_count_trend,S_in_1__waiting_time_trend,S_in_2__vehicle_count,S_in_2__average_speed,S_in_2__average_waiting_time,S_in_2__max_waiting_time,S_in_2__stopped_vehicle_count,S_in_2__current_signal_state,S_in_2__arrival_rate,S_in_2__departure_rate,S_in_2__stopped_vehicle_count_trend,S_in_2__waiting_time_trend,E_in_0__vehicle_count,E_in_0__average_speed,E_in_0__average_waiting_time,E_in_0__max_waiting_time,E_in_0__stopped_vehicle_count,E_in_0__current_signal_state,E_in_0__arrival_rate,E_in_0__departure_rate,E_in_0__stopped_vehicle_count_trend,E_in_0__waiting_time_trend,E_in_1__vehicle_count,E_in_1__average_speed,E_in_1__average_waiting_time,E_in_1__max_waiting_time,E_in_1__stopped_vehicle_count,E_in_1__current_signal_state,E_in_1__arrival_rate,E_in_1__departure_rate,E_in_1__stopped_vehicle_count_trend,E_in_1__waiting_time_trend,E_in_2__vehicle_count,E_in_2__average_speed,E_in_2__average_waiting_time,E_in_2__max_waiting_time,E_in_2__stopped_vehicle_count,E_in_2__current_signal_state,E_in_2__arrival_rate,E_in_2__departure_rate,E_in_2__stopped_vehicle_count_trend,E_in_2__waiting_time_trend,W_in_0__vehicle_count,W_in_0__average_speed,W_in_0__average_waiting_time,W_in_0__max_waiting_time,W_in_0__stopped_vehicle_count,W_in_0__current_signal_state,W_in_0__arrival_rate,W_in_0__departure_rate,W_in_0__stopped_vehicle_count_trend,W_in_0__waiting_time_trend,W_in_1__vehicle_count,W_in_1__average_speed,W_in_1__average_waiting_time,W_in_1__max_waiting_time,W_in_1__stopped_vehicle_count,W_in_1__current_signal_state,W_in_1__arrival_rate,W_in_1__departure_rate,W_in_1__stopped_vehicle_count_trend,W_in_1__waiting_time_trend,W_in_2__vehicle_count,W_in_2__average_speed,W_in_2__average_waiting_time,W_in_2__max_waiting_time,W_in_2__stopped_vehicle_count,W_in_2__current_signal_state,W_in_2__arrival_rate,W_in_2__departure_rate,W_in_2__stopped_vehicle_count_trend,W_in_2__waiting_time_trend,N_in_0__target__vehicle_count,N_in_0__target__average_waiting_time,N_in_1__target__vehicle_count,N_in_1__target__average_waiting_time,N_in_2__target__vehicle_count,N_in_2__target__average_waiting_time,S_in_0__target__vehicle_count,S_in_0__target__average_waiting_time,S_in_1__target__vehicle_count,S_in_1__target__average_waiting_time,S_in_2__target__vehicle_count,S_in_2__target__average_waiting_time,E_in_0__target__vehicle_count,E_in_0__target__average_waiting_time,E_in_1__target__vehicle_count,E_in_1__target__average_waiting_time,E_in_2__target__vehicle_count,E_in_2__target__average_waiting_time,W_in_0__target__vehicle_count,W_in_0__target__average_waiting_time,W_in_1__target__vehicle_count,W_in_1__target__average_waiting_time,W_in_2__target__vehicle_count,W_in_2__target__average_waiting_time
north_heavy_seed1,north_heavy,1,0.05,15.15,12.0,13.391500500000001,0.0,0.0,29.95,1.0,12.0,0.0,0.0,0.0,2.0,0.0,0.0,0.0,0.0,1.0,13.677483,0.0,0.0,0.0,2.0,0.0,0.0,0.0,0.0,1.0,13.89,0.0,0.0,0.0,0.0,0.0,0.0,0.0,0.0,1.0,13.89,0.0,0.0,0.0,2.0,0.0,0.0,0.0,0.0,1.0,13.89,0.0,0.0,0.0,2.0,0.0,0.0,0.0,0.0,1.0,11.964846000000001,0.0,0.0,0.0,0.0,0.0,0.0,0.0,0.0,1.0,13.89,0.0,0.0,0.0,2.0,0.0,0.0,0.0,0.0,1.0,13.576086000000002,0.0,0.0,0.0,0.0,0.0,0.0,0.0,0.0,1.0,12.300984000000001,0.0,0.0,0.0,0.0,0.0,0.0,0.0,0.0,1.0,13.838607,0.0,0.0,0.0,2.0,0.0,0.0,0.0,0.0,1.0,13.89,0.0,0.0,0.0,0.0,0.0,0.0,0.0,0.0,1.0,13.89,0.0,0.0,0.0,0.0,0.0,0.0,0.0,0.0,4.0,0.0,3.0,0.0,5.0,0.22000000000000003,3.0,0.0,3.0,0.0,5.0,0.0,3.0,0.0,5.0,0.16999999999999998,5.0,0.0,3.0,0.0,5.0,0.62,5.0,0.22000000000000003
north_heavy_seed1,north_heavy,1,2.1,17.2,32.0,12.880390869104087,0.0,0.0,27.9,2.0,12.017759727705169,0.0,0.0,0.0,2.0,0.0,0.0,0.0,0.0,2.0,13.071890385733854,0.0,0.0,0.0,2.0,0.0,0.0,0.0,0.0,3.0,12.945186319854384,0.0,0.0,0.0,0.0,0.0,0.0,0.0,0.0,3.0,12.946072921215203,0.0,0.0,0.0,2.0,0.0,0.0,0.0,0.0,3.0,13.60102743602362,0.0,0.0,0.0,2.0,0.0,0.0,0.0,0.0,2.0,12.004040544570056,0.0,0.0,0.0,0.0,0.0,0.0,0.0,0.0,3.0,12.074559486910685,0.0,0.0,0.0,2.0,0.0,0.0,0.0,0.0,3.0,12.733307525047062,0.0,0.0,0.0,0.0,0.0,0.0,0.0,0.0,2.0,12.268233399252264,0.0,0.0,0.0,0.0,0.0,0.0,0.0,0.0,3.0,12.507011112025216,0.0,0.0,0.0,2.0,0.0,0.0,0.0,0.0,3.0,14.752532304616885,0.0,0.0,0.0,0.0,0.0,0.0,0.0,0.0,3.0,12.923189459909642,0.0,0.0,0.0,0.0,0.0,0.0,0.0,0.0,4.0,0.0,4.0,0.0,6.0,0.525,3.0,0.0,3.0,0.0,5.0,0.24,3.0,0.0,5.0,0.58,5.0,0.33999999999999997,3.0,0.0,5.0,1.2100000000000002,5.0,0.73
north_heavy_seed1,north_heavy,1,3.1,18.2,36.0,12.677619247162504,0.0,0.0,26.9,3.0,11.681985527524839,0.0,0.0,0.0,2.0,0.0,0.0,0.0,0.0,3.0,12.42057434308447,0.0,0.0,0.0,2.0,0.0,0.0,0.0,0.0,3.0,12.945396939766562,0.0,0.0,0.0,0.0,0.0,0.0,0.0,0.0,3.0,12.950536723785092,0.0,0.0,0.0,2.0,0.0,0.0,0.0,0.0,3.0,13.592259906702404,0.0,0.0,0.0,2.0,0.0,0.0,0.0,0.0,3.0,11.697961773502998,0.0,0.0,0.0,0.0,0.0,0.0,0.0,0.0,3.0,12.08700712750771,0.0,0.0,0.0,2.0,0.0,0.0,0.0,0.0,3.0,12.72975175774038,0.0,0.0,0.0,0.0,0.0,0.0,0.0,0.0,3.0,11.8469946775897,0.0,0.0,0.0,0.0,0.0,0.0,0.0,0.0,3.0,12.514409094526172,0.0,0.0,0.0,2.0,0.0,0.0,0.0,0.0,3.0,14.710685399090336,0.0,0.0,0.0,0.0,0.0,0.0,0.0,0.0,3.0,12.953867695129384,0.0,0.0,0.0,0.0,0.0,0.0,0.0,0.0,4.0,0.0,3.0,0.0,6.0,0.7666666666666667,2.0,0.0,2.0,0.0,5.0,0.44000000000000006,3.0,0.0,5.0,0.82,5.0,0.56,2.0,0.0,5.0,1.61,5.0,1.1300000000000001
north_heavy_seed1,north_heavy,1,4.15,19.2,36.0,12.684630698270759,0.0,0.0,25.85,3.0,11.70582233939516,0.0,0.0,0.0,2.0,0.0,0.0,0.0,0.0,3.0,12.402568895561423,0.0,0.0,0.0,2.0,0.0,0.0,0.0,0.0,3.0,12.965131847566,0.0,0.0,0.0,0.0,0.0,0.0,0.0,0.0,3.0,12.947989402005225,0.0,0.0,0.0,2.0,0.0,0.0,0.0,0.0,3.0,13.582959081717496,0.0,0.0,0.0,2.0,0.0,0.0,0.0,0.0,3.0,11.690373833453634,0.0,0.0,0.0,0.0,0.0,0.0,0.0,0.0,3.0,12.12435957648921,0.0,0.0,0.0,2.0,0.0,0.0,0.0,0.0,3.0,12.736446827529925,0.0,0.0,0.0,0.0,0.0,0.0,0.0,0.0,3.0,11.907541792546397,0.0,0.0,0.0,0.0,0.0,0.0,0.0,0.0,3.0,12.49313504718125,0.0,0.0,0.0,2.0,0.0,0.0,0.0,0.0,3.0,14.737640278957016,0.0,0.0,0.0,0.0,0.0,0.0,0.0,0.0,3.0,12.921599456846367,0.0,0.0,0.0,0.0,0.0,0.0,0.0,0.0,3.0,0.0,3.0,0.0,6.0,1.1,2.0,0.0,2.0,0.0,5.0,0.64,3.0,0.0,5.0,1.2200000000000002,5.0,0.9600000000000002,2.0,0.0,5.0,2.0100000000000002,5.0,1.53
north_heavy_seed1,north_heavy,1,5.15,20.2,38.0,12.655304214434588,0.0,0.0,24.85,3.0,11.686447454291516,0.0,0.0,0.0,2.0,0.0,0.0,0.0,0.0,3.0,12.420336851073698,0.0,0.0,0.0,2.0,0.0,0.0,0.0,0.0,3.0,12.931363037431778,0.0,0.0,0.0,0.0,0.0,0.0,0.0,0.0,3.0,12.92417650444804,0.0,0.0,0.0,2.0,0.0,0.0,0.0,0.0,4.0,13.30723532714756,0.0,0.0,0.0,2.0,0.0,0.0,0.0,0.0,3.0,11.672261152361619,0.0,0.0,0.0,0.0,0.0,0.0,0.0,0.0,3.0,12.077238700287076,0.0,0.0,0.0,2.0,0.0,0.0,0.0,0.0,3.0,12.704838627439685,0.0,0.0,0.0,0.0,0.0,0.0,0.0,0.0,3.0,11.868393549568529,0.0,0.0,0.0,0.0,0.0,0.0,0.0,0.0,3.0,12.504291269088215,0.0,0.0,0.0,2.0,0.0,0.0,0.0,0.0,4.0,14.143755583435592,0.0,0.0,0.0,0.0,0.0,0.0,0.0,0.0,3.0,12.90985168940376,0.0,0.0,0.0,0.0,0.0,0.0,0.0,0.0,3.0,0.0,2.0,0.0,6.0,1.4333333333333336,2.0,0.0,1.0,0.0,5.0,0.9800000000000001,3.0,0.0,5.0,1.6200000000000003,5.0,1.36,2.0,0.0,5.0,2.41,5.0,1.9300000000000002
north_heavy_seed1,north_heavy,1,6.15,21.2,48.0,12.518215492048292,0.0,0.0,23.85,4.0,11.69381457442404,0.0,0.0,0.0,2.0,0.0,0.0,0.0,0.0,4.0,12.341565896469312,0.0,0.0,0.0,2.0,0.0,0.0,0.0,0.0,4.0,12.761732172628589,0.0,0.0,0.0,0.0,0.0,0.0,0.0,0.0,4.0,12.752791563191467,0.0,0.0,0.0,2.0,0.0,0.0,0.0,0.0,4.0,13.254855150629954,0.0,0.0,0.0,2.0,0.0,0.0,0.0,0.0,4.0,11.661313089209763,0.0,0.0,0.0,0.0,0.0,0.0,0.0,0.0,4.0,12.083170951917538,0.0,0.0,0.0,2.0,0.0,0.0,0.0,0.0,4.0,12.565277742486423,0.0,0.0,0.0,0.0,0.0,0.0,0.0,0.0,4.0,11.838612668871589,0.0,0.0,0.0,0.0,0.0,0.0,0.0,0.0,4.0,12.442087317370524,0.0,0.0,0.0,2.0,0.0,0.0,0.0,0.0,4.0,14.073423460949995,0.0,0.0,0.0,0.0,0.0,0.0,0.0,0.0,4.0,12.749941316430306,0.0,0.0,0.0,0.0,0.0,0.0,0.0,0.0,2.0,0.0,2.0,0.0,6.0,1.7666666666666668,1.0,0.0,1.0,0.0,5.0,1.3800000000000001,3.0,0.0,5.0,2.0200000000000005,5.0,1.7600000000000002,1.0,0.0,5.0,2.81,5.0,2.33
north_heavy_seed1,north_heavy,1,7.15,22.2,50.0,12.411698754825807,0.0,0.0,22.85,4.0,11.666750641994469,0.0,0.0,0.0,2.0,0.0,0.0,0.0,0.0,4.0,12.312048476701815,0.0,0.0,0.0,2.0,0.0,0.0,0.0,0.0,4.0,12.68990379701319,0.0,0.0,0.0,0.0,0.0,0.0,0.0,0.0,4.0,12.714819400750926,0.0,0.0,0.0,2.0,0.0,0.0,0.0,0.0,5.0,12.775286265238325,0.0,0.0,0.0,2.0,0.0,0.0,0.0,0.0,4.0,11.640700653869555,0.0,0.0,0.0,0.0,0.0,0.0,0.0,0.0,4.0,11.87812710888597,0.0,0.0,0.0,2.0,0.0,0.0,0.0,0.0,4.0,12.551930433316002,0.0,0.0,0.0,0.0,0.0,0.0,0.0,0.0,4.0,11.804912839548122,0.0,0.0,0.0,0.0,0.0,0.0,0.0,0.0,4.0,12.379182268638996,0.0,0.0,0.0,2.0,0.0,0.0,0.0,0.0,5.0,13.454850950232958,0.0,0.0,0.0,0.0,0.0,0.0,0.0,0.0,4.0,12.72018729526442,0.0,0.0,0.0,0.0,0.0,0.0,0.0,0.0,2.0,0.0,2.0,0.0,6.0,2.1,1.0,0.0,1.0,0.0,5.0,1.78,2.0,0.0,5.0,2.4200000000000004,5.0,2.16,1.0,0.0,5.0,3.25,5.0,2.73
north_heavy_seed1,north_heavy,1,8.15,23.2,59.0,12.170196196218685,0.0,0.0,21.85,5.0,11.504803431897043,0.0,0.0,0.0,2.0,0.0,0.0,0.0,0.0,5.0,12.030211921454534,0.0,0.0,0.0,2.0,0.0,0.0,0.0,0.0,5.0,12.332968590581306,0.0,0.0,0.0,0.0,0.0,0.0,0.0,0.0,5.0,12.359354667687255,0.0,0.0,0.0,2.0,0.0,0.0,0.0,0.0,5.0,12.738234644728045,0.0,0.0,0.0,2.0,0.0,0.0,0.0,0.0,5.0,11.522156412317473,0.0,0.0,0.0,0.0,0.0,0.0,0.0,0.0,4.0,11.743518754863118,0.0,0.0,0.0,2.0,0.0,0.0,0.0,0.0,5.0,12.207301194979747,0.0,0.0,0.0,0.0,0.0,0.0,0.0,0.0,5.0,11.677435094027423,0.0,0.0,0.0,0.0,0.0,0.0,0.0,0.0,5.0,12.093822602132903,0.0,0.0,0.0,2.0,0.0,0.0,0.0,0.0,5.0,13.4075298777266,0.0,0.0,0.0,0.0,0.0,0.0,0.0,0.0,5.0,12.339681673957653,0.0,0.0,0.0,0.0,0.0,0.0,0.0,0.0,1.0,0.0,1.0,0.0,6.0,2.5583333333333336,1.0,0.0,0.0,0.0,5.0,2.18,2.0,0.0,5.0,2.95,5.0,2.62,1.0,0.0,5.0,3.85,5.0,3.3
north_heavy_seed1,north_heavy,1,9.15,24.2,60.0,12.11208692292057,0.0,0.0,20.85,5.0,11.500669459432373,0.0,0.0,0.0,2.0,0.0,0.0,0.0,0.0,5.0,11.995274049713917,0.0,0.0,0.0,2.0,0.0,0.0,0.0,0.0,5.0,12.32685337898879,0.0,0.0,0.0,0.0,0.0,0.0,0.0,0.0,5.0,12.325745215190231,0.0,0.0,0.0,2.0,0.0,0.0,0.0,0.0,5.0,12.716868977307673,0.0,0.0,0.0,2.0,0.0,0.0,0.0,0.0,5.0,11.498932837777392,0.0,0.0,0.0,0.0,0.0,0.0,0.0,0.0,5.0,11.490831884667175,0.0,0.0,0.0,2.0,0.0,0.0,0.0,0.0,5.0,12.189512907372976,0.0,0.0,0.0,0.0,0.0,0.0,0.0,0.0,5.0,11.63642817025517,0.0,0.0,0.0,0.0,0.0,0.0,0.0,0.0,5.0,12.060891844426726,0.0,0.0,0.0,2.0,0.0,0.0,0.0,0.0,5.0,13.274165555966212,0.0,0.0,0.0,0.0,0.0,0.0,0.0,0.0,5.0,12.328868793948203,0.0,0.0,0.0,0.0,0.0,0.0,0.0,0.0,1.0,0.0,1.0,0.0,6.0,3.0583333333333336,0.0,0.0,0.0,0.0,5.0,2.76,2.0,0.0,5.0,3.55,5.0,3.2199999999999998,0.0,0.0,5.0,4.45,5.0,3.9
north_heavy_seed1,north_heavy,1,10.15,25.2,60.0,11.916216284083585,0.0,0.0,19.85,5.0,11.490783992292672,0.0,0.0,0.0,2.0,0.0,0.0,0.0,0.0,5.0,11.98732764398914,0.0,0.0,0.0,2.0,0.0,0.0,0.0,0.0,5.0,12.282397116071742,0.0,0.0,0.0,0.0,0.0,0.0,0.0,0.0,5.0,12.291056455330638,0.0,0.0,0.0,2.0,0.0,0.0,0.0,0.0,5.0,12.684707269112717,0.0,0.0,0.0,2.0,0.0,0.0,0.0,0.0,5.0,11.482354728515265,0.0,0.0,0.0,0.0,0.0,0.0,0.0,0.0,5.0,11.318715156549843,0.0,0.0,0.0,2.0,0.0,0.0,0.0,0.0,5.0,12.166566030254168,0.0,0.0,0.0,0.0,0.0,0.0,0.0,0.0,5.0,11.611738139643894,0.0,0.0,0.0,0.0,0.0,0.0,0.0,0.0,5.0,12.028762375085346,0.0,0.0,0.0,2.0,0.0,0.0,0.0,0.0,5.0,11.352812765701154,0.0,0.0,0.0,0.0,0.0,0.0,0.0,0.0,5.0,12.297373736456445,0.0,0.0,0.0,0.0,0.0,0.0,0.0,0.0,1.0,0.0,1.0,0.0,6.0,3.5583333333333336,0.0,0.0,0.0,0.0,5.0,3.3600000000000003,1.0,0.0,5.0,4.15,5.0,3.8199999999999994,0.0,0.0,5.0,5.07,5.0,4.5
north_heavy_seed1,north_heavy,1,11.15,26.2,60.0,11.699788235125935,0.0,0.0,18.85,5.0,11.473330376849816,0.0,0.0,0.0,2.0,0.0,0.0,0.0,0.0,5.0,11.944572805183324,0.0,0.0,0.0,2.0,0.0,0.0,0.0,0.0,5.0,12.064285790548173,0.0,0.0,0.0,0.0,0.0,0.0,0.0,0.0,5.0,12.270403361062154,0.0,0.0,0.0,2.0,0.0,0.0,0.0,0.0,4.0,11.878330058993644,0.0,0.0,0.0,2.0,0.0,0.0,0.0,0.0,5.0,11.458207130370136,0.0,0.0,0.0,0.0,0.0,0.0,0.0,0.0,5.0,11.204423584370597,0.0,0.0,0.0,2.0,0.0,0.0,0.0,0.0,5.0,12.135643113520919,0.0,0.0,0.0,0.0,0.0,0.0,0.0,0.0,5.0,11.614000706875668,0.0,0.0,0.0,0.0,0.0,0.0,0.0,0.0,5.0,12.003806106630078,0.0,0.0,0.0,2.0,0.0,0.0,0.0,0.0,5.0,9.500571508857574,0.0,0.0,0.0,0.0,0.0,0.0,0.0,0.0,5.0,12.05506217586668,0.0,0.0,0.0,0.0,0.0,0.0,0.0,0.0,1.0,0.0,1.0,0.0,6.0,4.183333333333334,0.0,0.0,0.0,0.0,5.0,3.96,1.0,0.0,5.0,4.869999999999999,5.0,4.47,0.0,0.0,5.0,5.87,5.0,5.25
north_heavy_seed1,north_heavy,1,12.15,27.2,60.0,11.113171855439283,0.0016666666666666668,1.0,17.85,5.0,11.468950605909507,0.0,0.0,0.0,2.0,0.0,0.0,0.0,0.0,5.0,11.944130256377802,0.0,0.0,0.0,2.0,0.0,0.0,0.0,0.0,5.0,10.479702472357655,0.0,0.0,0.0,0.0,0.0,0.0,0.0,0.0,5.0,12.035119423505748,0.0,0.0,0.0,2.0,0.0,0.0,0.0,0.0,4.0,11.859481405756185,0.0,0.0,0.0,2.0,0.0,0.0,0.0,0.0,5.0,11.467542504794821,0.0,0.0,0.0,0.0,0.0,0.0,0.0,0.0,5.0,10.77526190842208,0.0,0.0,0.0,2.0,0.0,0.0,0.0,0.0,5.0,10.856219123744719,0.0,0.0,0.0,0.0,0.0,0.0,0.0,0.0,5.0,11.61750090534984,0.0,0.0,0.0,0.0,0.0,0.0,0.0,0.0,5.0,11.798540741452921,0.0,0.0,0.0,2.0,0.0,0.0,0.0,0.0,5.0,7.8098260981510865,0.02,0.1,1.0,0.0,0.0,0.0,0.0,0.0,5.0,10.451342098463776,0.0,0.0,0.0,0.0,0.0,0.0,0.0,0.0,1.0,0.0,0.0,0.0,6.0,4.8500000000000005,0.0,0.0,0.0,0.0,5.0,4.75,1.0,0.0,5.0,5.67,5.0,5.27,0.0,0.0,5.0,6.67,5.0,6.05
north_heavy_seed1,north_heavy,1,13.15,28.2,60.0,10.407369609335838,0.018333333333333333,1.0,16.85,5.0,11.472970134491389,0.0,0.0,0.0,2.0,0.0,0.0,0.0,0.0,4.0,11.512527912186844,0.0,0.0,0.0,2.0,0.0,0.0,0.0,0.0,5.0,8.937625867838502,0.0,0.0,0.0,0.0,0.0,0.0,0.0,0.0,4.0,11.206757746018907,0.0,0.0,0.0,2.0,0.0,0.0,0.0,0.0,4.0,11.838746539476496,0.0,0.0,0.0,2.0,0.0,0.0,0.0,0.0,5.0,11.324439641673639,0.0,0.0,0.0,0.0,0.0,0.0,0.0,0.0,4.0,9.59224566390126,0.0,0.0,0.0,2.0,0.0,0.0,0.0,0.0,5.0,9.30880851674617,0.0,0.0,0.0,0.0,0.0,0.0,0.0,0.0,5.0,11.045820663580182,0.0,0.0,0.0,0.0,0.0,0.0,0.0,0.0,4.0,11.508875618185886,0.0,0.0,0.0,2.0,0.0,0.0,0.0,0.0,5.0,7.26665934660095,0.22000000000000003,1.1,1.0,0.0,0.0,0.0,0.0,0.0,5.0,8.866755542631719,0.0,0.0,0.0,0.0,0.0,0.0,0.0,0.0,1.0,0.0,0.0,0.0,6.0,5.516666666666667,0.0,0.0,0.0,0.0,5.0,5.55,0.0,0.0,5.0,6.470000000000001,5.0,6.069999999999999,0.0,0.0,5.0,7.470000000000001,5.0,6.85
north_heavy_seed1,north_heavy,1,14.15,29.2,60.0,9.715019180562463,0.03833333333333334,3.0,15.85,5.0,11.331033753028601,0.0,0.0,0.0,2.0,0.0,0.0,0.0,0.0,4.0,11.49068487401519,0.0,0.0,0.0,2.0,0.0,0.0,0.0,0.0,5.0,7.503764850860728,0.02,0.1,1.0,0.0,0.0,0.0,0.0,0.0,3.0,11.144254207369654,0.0,0.0,0.0,2.0,0.0,0.0,0.0,0.0,3.0,11.148541839026898,0.0,0.0,0.0,2.0,0.0,0.0,0.0,0.0,5.0,9.939445973996373,0.0,0.0,0.0,0.0,0.0,0.0,0.0,0.0,4.0,9.468857833493853,0.0,0.0,0.0,2.0,0.0,0.0,0.0,0.0,5.0,7.810672960406025,0.0,0.0,0.0,0.0,0.0,0.0,0.0,0.0,5.0,9.45792174493877,0.0,0.0,0.0,0.0,0.0,0.0,0.0,0.0,4.0,11.402120081917673,0.0,0.0,0.0,2.0,0.0,0.0,0.0,0.0,5.0,6.910108773228427,0.42000000000000004,2.1,1.0,0.0,0.0,0.0,0.0,0.0,5.0,7.38854639012132,0.02,0.1,1.0,0.0,0.0,0.0,0.0,0.0,1.0,0.0,1.0,0.0,7.0,5.378571428571428,0.0,0.0,0.0,0.0,5.0,6.35,0.0,0.0,5.0,7.359999999999999,5.0,6.889999999999999,0.0,0.0,5.0,8.459999999999999,5.0,7.7700000000000005
north_heavy_seed1,north_heavy,1,15.15,30.2,60.0,8.905393328336357,0.10250000000000001,4.0,14.85,4.0,10.857706729369763,0.0,0.0,0.0,2.0,0.26666666666666666,0.06666666666666667,0.0,0.0,3.0,11.147782371822393,0.0,0.0,0.0,2.0,0.2,0.06666666666666667,0.0,0.0,5.0,6.26760013770257,0.22000000000000003,1.1,1.0,0.0,0.26666666666666666,0.0,0.06666666666666667,0.014666666666666668,3.0,11.120264919872902,0.0,0.0,0.0,2.0,0.2,0.06666666666666667,0.0,0.0,3.0,11.149610113486924,0.0,0.0,0.0,2.0,0.2,0.06666666666666667,0.0,0.0,5.0,8.084880019145373,0.0,0.0,0.0,0.0,0.26666666666666666,0.0,0.0,0.0,3.0,8.907864437299558,0.0,0.0,0.0,2.0,0.2,0.06666666666666667,0.0,0.0,5.0,6.449672850984062,0.16999999999999998,0.85,1.0,0.0,0.26666666666666666,0.0,0.06666666666666667,0.011333333333333332,5.0,7.529597712553192,0.0,0.0,0.0,0.0,0.26666666666666666,0.0,0.0,0.0,3.0,11.067962654915435,0.0,0.0,0.0,2.0,0.2,0.06666666666666667,0.0,0.0,5.0,5.719920514423508,0.62,3.1,1.0,0.0,0.26666666666666666,0.0,0.06666666666666667,0.04133333333333333,5.0,6.235887015710466,0.22000000000000003,1.1,1.0,0.0,0.26666666666666666,0.0,0.06666666666666667,0.014666666666666668,1.0,0.0,1.0,0.0,7.0,6.0928571428571425,0.0,0.0,0.0,0.0,5.0,7.32,0.0,0.0,5.0,8.36,5.0,7.889999999999999,0.0,0.0,5.0,9.459999999999999,5.0,8.77
north_heavy_seed1,north_heavy,1,16.2,31.2,63.0,8.358035413028674,0.17857142857142858,6.0,13.8,4.0,11.35415081909564,0.0,0.0,0.0,2.0,0.26666666666666666,0.13333333333333333,0.0,0.0,4.0,11.41550282992911,0.0,0.0,0.0,2.0,0.26666666666666666,0.13333333333333333,0.0,0.0,6.0,5.325065838945727,0.35833333333333334,2.15,1.0,0.0,0.26666666666666666,0.0,0.06666666666666667,0.02388888888888889,3.0,11.127477042362209,0.0,0.0,0.0,2.0,0.2,0.13333333333333333,0.0,0.0,3.0,11.106606380015366,0.0,0.0,0.0,2.0,0.2,0.13333333333333333,0.0,0.0,5.0,5.931665451581578,0.04,0.2,1.0,0.0,0.2,0.0,0.06666666666666667,0.0026666666666666666,3.0,8.800948831834404,0.0,0.0,0.0,2.0,0.2,0.13333333333333333,0.0,0.0,5.0,5.124049471408591,0.38,1.9,1.0,0.0,0.2,0.0,0.06666666666666667,0.025333333333333333,5.0,5.655094503522043,0.13999999999999999,0.7,1.0,0.0,0.2,0.0,0.06666666666666667,0.009333333333333332,3.0,11.068872705590294,0.0,0.0,0.0,2.0,0.2,0.13333333333333333,0.0,0.0,5.0,4.567080800702956,0.8300000000000001,4.15,1.0,0.0,0.26666666666666666,0.0,0.06666666666666667,0.05533333333333334,5.0,4.9759877603106295,0.43,2.15,1.0,0.0,0.2,0.0,0.06666666666666667,0.028666666666666667,2.0,0.0,2.0,0.0,8.0,5.95625,0.0,0.0,0.0,0.0,5.0,8.32,0.0,0.0,5.0,9.36,5.0,8.89,0.0,0.0,5.0,10.459999999999999,5.0,9.77
north_heavy_seed1,north_heavy,1,17.2,32.2,63.0,8.037630447852292,0.29603174603174603,8.0,12.8,4.0,11.790720077906652,0.0,0.0,0.0,2.0,0.26666666666666666,0.13333333333333333,0.0,0.0,4.0,11.958504461603424,0.0,0.0,0.0,2.0,0.2,0.13333333333333333,0.0,0.0,6.0,4.781325401049011,0.525,3.15,1.0,0.0,0.2,0.0,0.06666666666666667,0.035,3.0,11.129503861226118,0.0,0.0,0.0,2.0,0.13333333333333333,0.13333333333333333,0.0,0.0,3.0,11.108941812669073,0.0,0.0,0.0,2.0,0.13333333333333333,0.13333333333333333,0.0,0.0,5.0,4.709472290835306,0.24,1.2,1.0,0.0,0.2,0.0,0.06666666666666667,0.016,3.0,8.746099648831528,0.0,0.0,0.0,2.0,0.13333333333333333,0.13333333333333333,0.0,0.0,5.0,4.05462046249997,0.58,2.9,1.0,0.0,0.13333333333333333,0.0,0.06666666666666667,0.03866666666666666,5.0,4.441374475679349,0.33999999999999997,1.7,1.0,0.0,0.2,0.0,0.06666666666666667,0.022666666666666665,3.0,11.069693138274758,0.0,0.0,0.0,2.0,0.13333333333333333,0.13333333333333333,0.0,0.0,5.0,3.6048781095782205,1.2100000000000002,5.15,2.0,0.0,0.13333333333333333,0.0,0.13333333333333333,0.08066666666666668,5.0,3.9371863168364656,0.73,3.15,2.0,0.0,0.13333333333333333,0.0,0.13333333333333333,0.048666666666666664,2.0,0.0,2.0,0.0,8.0,6.59375,0.0,0.0,0.0,0.0,5.0,9.32,0.0,0.0,5.0,10.36,5.0,9.89,0.0,0.0,5.0,11.459999999999999,5.0,10.77
north_heavy_seed1,north_heavy,1,18.2,33.2,63.0,7.5645086664299654,0.43492063492063493,11.0,11.8,4.0,11.778185959261773,0.0,0.0,0.0,2.0,0.2,0.13333333333333333,0.0,0.0,3.0,12.885224447632064,0.0,0.0,0.0,2.0,0.2,0.2,0.0,0.0,6.0,4.373815932695666,0.7666666666666667,4.15,2.0,0.0,0.2,0.0,0.13333333333333333,0.051111111111111114,2.0,9.685198440548817,0.0,0.0,0.0,2.0,0.13333333333333333,0.2,0.0,0.0,2.0,11.113460143225126,0.0,0.0,0.0,2.0,0.13333333333333333,0.2,0.0,0.0,5.0,3.6796093524129696,0.44000000000000006,2.2,1.0,0.0,0.13333333333333333,0.0,0.06666666666666667,0.029333333333333336,3.0,8.711173519483127,0.0,0.0,0.0,2.0,0.13333333333333333,0.13333333333333333,0.0,0.0,5.0,3.158094148121369,0.82,3.9,2.0,0.0,0.13333333333333333,0.0,0.13333333333333333,0.05466666666666666,5.0,3.456506802239276,0.56,2.7,2.0,0.0,0.13333333333333333,0.0,0.13333333333333333,0.037333333333333336,2.0,9.717234548173469,0.0,0.0,0.0,2.0,0.13333333333333333,0.2,0.0,0.0,5.0,2.77180080773985,1.61,6.15,2.0,0.0,0.13333333333333333,0.0,0.13333333333333333,0.10733333333333334,5.0,3.0665580686100586,1.1300000000000001,4.15,2.0,0.0,0.13333333333333333,0.0,0.13333333333333333,0.07533333333333334,2.0,0.0,2.0,0.0,8.0,4.95,0.0,0.0,0.0,0.0,5.0,6.88,0.0,0.0,5.0,11.36,5.0,10.89,0.0,0.0,5.0,12.459999999999999,5.0,11.77
north_heavy_seed1,north_heavy,1,19.2,34.2,63.0,7.264878801924872,0.6095238095238095,11.0,10.8,3.0,12.007561089271917,0.0,0.0,0.0,2.0,0.2,0.2,0.0,0.0,3.0,12.948641778672396,0.0,0.0,0.0,2.0,0.2,0.2,0.0,0.0,6.0,4.099763281536883,1.1,5.15,2.0,0.0,0.2,0.0,0.13333333333333333,0.07333333333333333,2.0,9.395509950629705,0.0,0.0,0.0,2.0,0.13333333333333333,0.2,0.0,0.0,2.0,11.114227059420593,0.0,0.0,0.0,2.0,0.13333333333333333,0.2,0.0,0.0,5.0,2.8213306064511725,0.64,3.2,1.0,0.0,0.13333333333333333,0.0,0.06666666666666667,0.042666666666666665,3.0,8.668322949942613,0.0,0.0,0.0,2.0,0.13333333333333333,0.13333333333333333,0.0,0.0,5.0,2.396599031217851,1.2200000000000002,4.9,2.0,0.0,0.13333333333333333,0.0,0.13333333333333333,0.08133333333333334,5.0,2.6442207021118582,0.9600000000000002,3.7,2.0,0.0,0.13333333333333333,0.0,0.13333333333333333,0.06400000000000002,2.0,9.288156992620944,0.0,0.0,0.0,2.0,0.13333333333333333,0.2,0.0,0.0,5.0,2.066249419810651,2.0100000000000002,7.15,2.0,0.0,0.13333333333333333,0.0,0.13333333333333333,0.134,5.0,2.3068347048720277,1.53,5.15,2.0,0.0,0.13333333333333333,0.0,0.13333333333333333,0.10200000000000001,2.0,0.0,2.0,0.0,7.0,1.092857142857143,0.0,0.0,0.0,0.0,4.0,3.2,0.0,0.0,5.0,12.36,5.0,11.89,0.0,0.0,5.0,13.459999999999999,5.0,12.77
north_heavy_seed1,north_heavy,1,20.2,35.2,63.0,6.958326244738995,0.7952380952380953,12.0,9.8,3.0,12.004387957679166,0.0,0.0,0.0,2.0,0.2,0.2,0.0,0.0,2.0,13.871475522634574,0.0,0.0,0.0,2.0,0.13333333333333333,0.2,0.0,0.0,6.0,3.716231022459567,1.4333333333333336,6.15,2.0,0.0,0.13333333333333333,0.0,0.13333333333333333,0.09555555555555557,2.0,9.157316027896474,0.0,0.0,0.0,2.0,0.06666666666666667,0.2,0.0,0.0,1.0,11.094450520346872,0.0,0.0,0.0,2.0,0.06666666666666667,0.26666666666666666,0.0,0.0,5.0,2.114030453615477,0.9800000000000001,4.2,2.0,0.0,0.13333333333333333,0.0,0.13333333333333333,0.06533333333333334,3.0,8.623214376578195,0.0,0.0,0.0,2.0,0.13333333333333333,0.13333333333333333,0.0,0.0,5.0,1.763147167158036,1.6200000000000003,5.9,2.0,0.0,0.13333333333333333,0.0,0.13333333333333333,0.10800000000000003,5.0,1.9758576174933153,1.36,4.7,2.0,0.0,0.13333333333333333,0.0,0.13333333333333333,0.09066666666666667,2.0,9.048489206514848,0.0,0.0,0.0,2.0,0.13333333333333333,0.2,0.0,0.0,5.0,1.500174041213049,2.41,8.15,2.0,0.0,0.06666666666666667,0.0,0.13333333333333333,0.16066666666666668,5.0,1.7022048350496572,1.9300000000000002,6.15,2.0,0.0,0.06666666666666667,0.0,0.13333333333333333,0.12866666666666668,2.0,0.0,2.0,0.0,7.0,0.0,0.0,0.0,0.0,0.0,4.0,0.0,0.0,0.0,5.0,13.36,5.0,12.89,0.0,0.0,5.0,14.459999999999999,5.0,13.77
north_heavy_seed1,north_heavy,1,21.2,36.2,63.0,6.714042865859938,0.9857142857142858,12.0,8.8,2.0,12.348704968401425,0.0,0.0,0.0,2.0,0.13333333333333333,0.26666666666666666,0.0,0.0,2.0,13.859373633130454,0.0,0.0,0.0,2.0,0.13333333333333333,0.26666666666666666,0.0,0.0,6.0,3.3134078163686786,1.7666666666666668,7.15,2.0,0.0,0.13333333333333333,0.0,0.13333333333333333,0.11777777777777779,1.0,9.41468290228846,0.0,0.0,0.0,2.0,0.06666666666666667,0.26666666666666666,0.0,0.0,1.0,11.099453619448468,0.0,0.0,0.0,2.0,0.06666666666666667,0.26666666666666666,0.0,0.0,5.0,1.5368540572058245,1.3800000000000001,5.2,2.0,0.0,0.06666666666666667,0.0,0.13333333333333333,0.09200000000000001,3.0,8.61345135125219,0.0,0.0,0.0,2.0,0.06666666666666667,0.13333333333333333,0.0,0.0,5.0,1.2525005022927904,2.0200000000000005,6.9,2.0,0.0,0.06666666666666667,0.0,0.13333333333333333,0.13466666666666668,5.0,1.424292012330659,1.7600000000000002,5.7,2.0,0.0,0.06666666666666667,0.0,0.13333333333333333,0.11733333333333335,1.0,9.125905781160716,0.0,0.0,0.0,2.0,0.06666666666666667,0.26666666666666666,0.0,0.0,5.0,1.0466471001626716,2.81,9.15,2.0,0.0,0.06666666666666667,0.0,0.13333333333333333,0.18733333333333332,5.0,1.19906428159903,2.33,7.15,2.0,0.0,0.06666666666666667,0.0,0.13333333333333333,0.15533333333333335,2.0,0.0,2.0,0.0,6.0,0.0,0.0,0.0,0.0,0.0,3.0,0.0,0.0,0.0,5.0,14.36,5.0,13.89,0.0,0.0,5.0,15.459999999999999,5.0,14.77
north_heavy_seed1,north_heavy,1,22.2,37.2,63.0,6.521777098249176,1.1793650793650794,13.0,7.800000000000001,2.0,12.341708980636653,0.0,0.0,0.0,2.0,0.13333333333333333,0.26666666666666666,0.0,0.0,2.0,13.858625963934697,0.0,0.0,0.0,2.0,0.13333333333333333,0.26666666666666666,0.0,0.0,6.0,2.987917730961955,2.1,8.15,2.0,0.0,0.06666666666666667,0.0,0.13333333333333333,0.14,1.0,9.820856376606713,0.0,0.0,0.0,2.0,0.0,0.26666666666666666,0.0,0.0,1.0,11.104135351479053,0.0,0.0,0.0,2.0,0.0,0.26666666666666666,0.0,0.0,5.0,1.0797843792446655,1.78,6.2,2.0,0.0,0.06666666666666667,0.0,0.13333333333333333,0.11866666666666667,2.0,7.5622036728320285,0.0,0.0,0.0,2.0,0.06666666666666667,0.2,0.0,0.0,5.0,0.856599598776404,2.4200000000000004,7.9,2.0,0.0,0.06666666666666667,0.0,0.13333333333333333,0.16133333333333336,5.0,0.9848744942486329,2.16,6.7,2.0,0.0,0.06666666666666667,0.0,0.13333333333333333,0.14400000000000002,1.0,9.42830675148675,0.0,0.0,0.0,2.0,0.06666666666666667,0.26666666666666666,0.0,0.0,5.0,0.697109530986045,3.25,10.15,3.0,0.0,0.0,0.0,0.2,0.21666666666666667,5.0,0.8164367846391294,2.73,8.15,2.0,0.0,0.0,0.0,0.13333333333333333,0.182,2.0,0.0,2.0,0.0,6.0,0.0,0.0,0.0,0.0,0.0,3.0,0.0,0.0,0.0,5.0,15.36,5.0,14.89,0.0,0.0,5.0,16.46,5.0,15.77
north_heavy_seed1,north_heavy,1,23.2,38.2,63.0,6.427870869922126,1.4261904761904762,17.0,6.800000000000001,1.0,13.871953249478247,0.0,0.0,0.0,2.0,0.06666666666666667,0.3333333333333333,0.0,0.0,1.0,16.589027348708363,0.0,0.0,0.0,2.0,0.06666666666666667,0.3333333333333333,0.0,0.0,6.0,2.7467103937485127,2.5583333333333336,9.15,3.0,0.0,0.06666666666666667,0.0,0.2,0.17055555555555557,1.0,10.199775502050004,0.0,0.0,0.0,2.0,0.0,0.26666666666666666,0.0,0.0,0.0,0.0,0.0,0.0,0.0,2.0,0.0,0.3333333333333333,0.0,0.0,5.0,0.7255001483236465,2.18,7.2,2.0,0.0,0.0,0.0,0.13333333333333333,0.14533333333333334,2.0,7.276400660123669,0.0,0.0,0.0,2.0,0.06666666666666667,0.2,0.0,0.0,5.0,0.5562352306283505,2.95,8.9,3.0,0.0,0.0,0.0,0.2,0.19666666666666668,5.0,0.652490265128278,2.62,7.7,3.0,0.0,0.0,0.0,0.2,0.17466666666666666,1.0,9.931094672652758,0.0,0.0,0.0,2.0,0.0,0.26666666666666666,0.0,0.0,5.0,0.44299438251079326,3.85,11.15,3.0,0.0,0.0,0.0,0.2,0.25666666666666665,5.0,0.5273000345452308,3.3,9.15,3.0,0.0,0.0,0.0,0.2,0.22,2.0,0.0,2.0,0.0,5.0,0.0,0.0,0.0,0.0,0.0,2.0,0.0,0.0,0.0,5.0,16.36,5.0,15.89,0.0,0.0,5.0,17.46,5.0,16.77
north_heavy_seed1,north_heavy,1,24.2,39.2,63.0,6.288428325790049,1.7103174603174602,18.0,5.800000000000001,1.0,13.835327813108453,0.0,0.0,0.0,2.0,0.06666666666666667,0.3333333333333333,0.0,0.0,1.0,16.578658113393935,0.0,0.0,0.0,2.0,0.06666666666666667,0.3333333333333333,0.0,0.0,6.0,2.3395901411589124,3.0583333333333336,10.15,3.0,0.0,0.06666666666666667,0.0,0.2,0.2038888888888889,0.0,0.0,0.0,0.0,0.0,2.0,0.0,0.3333333333333333,0.0,0.0,0.0,0.0,0.0,0.0,0.0,2.0,0.0,0.3333333333333333,0.0,0.0,5.0,0.46372045058407857,2.76,8.2,3.0,0.0,0.0,0.0,0.2,0.184,2.0,7.0458493867449015,0.0,0.0,0.0,2.0,0.0,0.2,0.0,0.0,5.0,0.34243719189831434,3.55,9.9,3.0,0.0,0.0,0.0,0.2,0.23666666666666666,5.0,0.41170636793578846,3.2199999999999998,8.7,3.0,0.0,0.0,0.0,0.2,0.21466666666666664,0.0,0.0,0.0,0.0,0.0,2.0,0.0,0.3333333333333333,0.0,0.0,5.0,0.2677179487409721,4.45,12.15,3.0,0.0,0.0,0.0,0.2,0.2966666666666667,5.0,0.32279883833324635,3.9,10.15,3.0,0.0,0.0,0.0,0.2,0.26,2.0,0.0,2.0,0.0,5.0,0.0,0.0,0.0,0.0,0.0,2.0,0.0,0.0,0.0,5.0,17.36,5.0,16.89,0.0,0.0,5.0,18.46,5.0,17.77
north_heavy_seed1,north_heavy,1,25.2,40.2,62.0,6.0167856799247295,2.0298387096774193,19.0,4.800000000000001,1.0,13.834857646730962,0.0,0.0,0.0,2.0,0.06666666666666667,0.3333333333333333,0.0,0.0,1.0,16.564498532962055,0.0,0.0,0.0,2.0,0.06666666666666667,0.3333333333333333,0.0,0.0,6.0,1.7379569404662922,3.5583333333333336,11.15,3.0,0.0,0.06666666666666667,0.0,0.2,0.23722222222222225,0.0,0.0,0.0,0.0,0.0,2.0,0.0,0.3333333333333333,0.0,0.0,0.0,0.0,0.0,0.0,0.0,2.0,0.0,0.3333333333333333,0.0,0.0,5.0,0.28133338059547636,3.3600000000000003,9.2,3.0,0.0,0.0,0.0,0.2,0.22400000000000003,1.0,7.075975379810984,0.0,0.0,0.0,2.0,0.0,0.26666666666666666,0.0,0.0,5.0,0.20078853606508645,4.15,10.9,3.0,0.0,0.0,0.0,0.2,0.27666666666666667,5.0,0.24769345299694856,3.8199999999999994,9.7,3.0,0.0,0.0,0.0,0.2,0.25466666666666665,0.0,0.0,0.0,0.0,0.0,2.0,0.0,0.3333333333333333,0.0,0.0,5.0,0.15329319981968142,5.07,13.15,4.0,0.0,0.0,0.0,0.26666666666666666,0.338,5.0,0.18801538973394388,4.5,11.15,3.0,0.0,0.0,0.0,0.2,0.3,2.0,0.0,2.0,0.0,4.0,0.0,0.0,0.0,0.0,0.0,1.0,0.0,0.0,0.0,5.0,18.36,5.0,17.89,0.0,0.0,5.0,19.46,5.0,18.77
north_heavy_seed1,north_heavy,1,26.2,41.2,62.0,5.964704866359461,2.3741935483870966,23.0,3.8000000000000007,1.0,13.857938440657454,0.0,0.0,0.0,2.0,0.06666666666666667,0.3333333333333333,0.0,0.0,1.0,16.59703604789451,0.0,0.0,0.0,2.0,0.06666666666666667,0.3333333333333333,0.0,0.0,6.0,1.213451235734765,4.183333333333334,12.15,4.0,0.0,0.06666666666666667,0.0,0.26666666666666666,0.2788888888888889,0.0,0.0,0.0,0.0,0.0,2.0,0.0,0.3333333333333333,0.0,0.0,0.0,0.0,0.0,0.0,0.0,2.0,0.0,0.26666666666666666,0.0,0.0,5.0,0.16290764384586692,3.96,10.2,3.0,0.0,0.0,0.0,0.2,0.264,1.0,7.083873078289387,0.0,0.0,0.0,2.0,0.0,0.26666666666666666,0.0,0.0,5.0,0.1122487929699296,4.869999999999999,11.9,4.0,0.0,0.0,0.0,0.26666666666666666,0.3246666666666666,5.0,0.13893684584534016,4.47,10.7,4.0,0.0,0.0,0.0,0.26666666666666666,0.298,0.0,0.0,0.0,0.0,0.0,2.0,0.0,0.3333333333333333,0.0,0.0,5.0,0.0831468585257683,5.87,14.15,4.0,0.0,0.0,0.0,0.26666666666666666,0.39133333333333337,5.0,0.10420158124649437,5.25,12.15,4.0,0.0,0.0,0.0,0.26666666666666666,0.35,2.0,0.3,2.0,0.225,4.0,0.0,0.0,0.0,0.0,0.0,1.0,0.0,0.0,0.0,5.0,19.36,5.0,18.89,0.0,0.0,5.0,20.46,5.0,19.77
north_heavy_seed1,north_heavy,1,27.2,42.2,62.0,5.965447228933604,2.760483870967742,24.0,2.8000000000000007,1.0,13.842875864765375,0.0,0.0,0.0,2.0,0.06666666666666667,0.3333333333333333,0.0,0.0,0.0,0.0,0.0,0.0,0.0,2.0,0.0,0.3333333333333333,0.0,0.0,6.0,0.7726221038758982,4.8500000000000005,13.15,4.0,0.0,0.06666666666666667,0.0,0.26666666666666666,0.32333333333333336,0.0,0.0,0.0,0.0,0.0,2.0,0.0,0.3333333333333333,0.0,0.0,0.0,0.0,0.0,0.0,0.0,2.0,0.0,0.26666666666666666,0.0,0.0,5.0,0.08876022117477278,4.75,11.2,4.0,0.0,0.0,0.0,0.26666666666666666,0.31666666666666665,1.0,7.443246122679302,0.0,0.0,0.0,2.0,0.0,0.26666666666666666,0.0,0.0,5.0,0.06038154861843385,5.67,12.9,4.0,0.0,0.0,0.0,0.26666666666666666,0.378,5.0,0.0758079145785873,5.27,11.7,4.0,0.0,0.0,0.0,0.26666666666666666,0.35133333333333333,0.0,0.0,0.0,0.0,0.0,2.0,0.0,0.3333333333333333,0.0,0.0,5.0,0.04455749607851454,6.67,15.15,4.0,0.0,0.0,0.0,0.2,0.44266666666666665,5.0,0.055799558077150466,6.05,13.15,4.0,0.0,0.0,0.0,0.26666666666666666,0.4033333333333333,2.0,0.8,2.0,0.725,4.0,0.0,0.0,0.0,0.0,0.0,1.0,0.0,0.0,0.0,5.0,20.36,5.0,19.89,0.0,0.0,5.0,21.46,5.0,20.77
north_heavy_seed1,north_heavy,1,28.2,43.2,59.0,5.5175381764879345,3.307627118644068,24.0,1.8000000000000007,1.0,11.212213564062585,0.0,0.0,0.0,2.0,0.06666666666666667,0.3333333333333333,0.0,0.0,0.0,0.0,0.0,0.0,0.0,2.0,0.0,0.26666666666666666,0.0,0.0,6.0,0.4415541238105522,5.516666666666667,14.15,4.0,0.0,0.06666666666666667,0.0,0.26666666666666666,0.36777777777777776,0.0,0.0,0.0,0.0,0.0,2.0,0.0,0.26666666666666666,0.0,0.0,0.0,0.0,0.0,0.0,0.0,2.0,0.0,0.26666666666666666,0.0,0.0,5.0,0.04732932240179026,5.55,12.2,4.0,0.0,0.0,0.0,0.26666666666666666,0.37,0.0,0.0,0.0,0.0,0.0,2.0,0.0,0.26666666666666666,0.0,0.0,5.0,0.031587766961525314,6.470000000000001,13.9,4.0,0.0,0.0,0.0,0.26666666666666666,0.4313333333333334,5.0,0.0406179203140288,6.069999999999999,12.7,4.0,0.0,0.0,0.0,0.26666666666666666,0.4046666666666666,0.0,0.0,0.0,0.0,0.0,2.0,0.0,0.26666666666666666,0.0,0.0,5.0,0.022964012644933654,7.470000000000001,16.15,4.0,0.0,0.0,0.0,0.2,0.4826666666666667,5.0,0.02881727302322178,6.85,14.15,4.0,0.0,0.0,0.0,0.26666666666666666,0.45666666666666667,2.0,1.3,2.0,1.225,4.0,0.0,0.0,0.0,0.0,0.0,1.0,0.0,0.0,0.0,5.0,21.36,5.0,20.89,0.0,0.0,5.0,22.46,5.0,21.77
north_heavy_seed1,north_heavy,1,29.2,44.2,60.0,5.4703073057702305,3.6966666666666663,29.0,0.8000000000000007,1.0,15.543708864595871,0.0,0.0,0.0,2.0,0.06666666666666667,0.3333333333333333,0.0,0.0,1.0,15.731154384288248,0.0,0.0,0.0,2.0,0.06666666666666667,0.26666666666666666,0.0,0.0,7.0,0.5668272352879973,5.378571428571428,15.15,5.0,0.0,0.13333333333333333,0.0,0.26666666666666666,0.35657142857142854,0.0,0.0,0.0,0.0,0.0,2.0,0.0,0.2,0.0,0.0,0.0,0.0,0.0,0.0,0.0,2.0,0.0,0.2,0.0,0.0,5.0,0.024618628428317,6.35,13.2,4.0,0.0,0.0,0.0,0.26666666666666666,0.4233333333333333,0.0,0.0,0.0,0.0,0.0,2.0,0.0,0.2,0.0,0.0,5.0,0.01610942948495004,7.359999999999999,14.9,5.0,0.0,0.0,0.0,0.3333333333333333,0.49066666666666664,5.0,0.020795600000285346,6.889999999999999,13.7,5.0,0.0,0.0,0.0,0.3333333333333333,0.45933333333333326,0.0,0.0,0.0,0.0,0.0,2.0,0.0,0.26666666666666666,0.0,0.0,5.0,0.01168946842784538,8.459999999999999,17.15,5.0,0.0,0.0,0.0,0.26666666666666666,0.5353333333333333,5.0,0.014851410822375982,7.7700000000000005,15.15,5.0,0.0,0.0,0.0,0.26666666666666666,0.516,2.0,1.8,2.0,1.725,3.0,0.0,0.0,0.0,0.0,0.0,0.0,0.0,0.0,0.0,5.0,22.36,5.0,21.89,0.0,0.0,5.0,23.46,5.0,22.77
north_heavy_seed1,north_heavy,1,30.2,45.2,58.0,5.223109973360679,4.338793103448276,30.0,2.8000000000000007,1.0,16.38506099008701,0.0,0.0,0.0,1.0,0.06666666666666667,0.26666666666666666,0.0,0.0,1.0,16.63839220250724,0.0,0.0,0.0,1.0,0.06666666666666667,0.2,0.0,0.0,7.0,0.8113640246287223,6.0928571428571425,16.15,5.0,0.0,0.13333333333333333,0.0,0.26666666666666666,0.39085714285714285,0.0,0.0,0.0,0.0,0.0,1.0,0.0,0.2,0.0,0.0,0.0,0.0,0.0,0.0,0.0,1.0,0.0,0.2,0.0,0.0,5.0,0.012663800929978519,7.32,14.2,5.0,0.0,0.0,0.0,0.3333333333333333,0.48800000000000004,0.0,0.0,0.0,0.0,0.0,1.0,0.0,0.2,0.0,0.0,5.0,0.008147650696004404,8.36,15.9,5.0,0.0,0.0,0.0,0.26666666666666666,0.5453333333333333,5.0,0.010547745241900964,7.889999999999999,14.7,5.0,0.0,0.0,0.0,0.3333333333333333,0.5259999999999999,0.0,0.0,0.0,0.0,0.0,1.0,0.0,0.2,0.0,0.0,5.0,0.005822522024981833,9.459999999999999,18.15,5.0,0.0,0.0,0.0,0.26666666666666666,0.5886666666666666,5.0,0.007556212897963659,8.77,16.15,5.0,0.0,0.0,0.0,0.26666666666666666,0.5693333333333332,2.0,2.3,2.0,2.225,3.0,0.0,0.0,0.0,0.0,0.0,0.0,0.0,0.0,0.0,5.0,23.36,5.0,22.89,0.0,0.0,5.0,24.46,5.0,23.77
north_heavy_seed1,north_heavy,1,31.2,46.2,61.0,5.463752045718712,4.617213114754098,30.0,1.8000000000000007,2.0,15.149535933838816,0.0,0.0,0.0,1.0,0.13333333333333333,0.26666666666666666,0.0,0.0,2.0,14.295124279119772,0.0,0.0,0.0,1.0,0.13333333333333333,0.26666666666666666,0.0,0.0,8.0,1.1585536859085142,5.95625,17.15,5.0,0.0,0.13333333333333333,0.0,0.26666666666666666,0.37319444444444444,0.0,0.0,0.0,0.0,0.0,1.0,0.0,0.2,0.0,0.0,0.0,0.0,0.0,0.0,0.0,1.0,0.0,0.2,0.0,0.0,5.0,0.006416148959078183,8.32,15.2,5.0,0.0,0.0,0.0,0.26666666666666666,0.552,0.0,0.0,0.0,0.0,0.0,1.0,0.0,0.2,0.0,0.0,5.0,0.004107138158997435,9.36,16.9,5.0,0.0,0.0,0.0,0.26666666666666666,0.5986666666666666,5.0,0.005359265407029452,8.89,15.7,5.0,0.0,0.0,0.0,0.26666666666666666,0.5833333333333334,0.0,0.0,0.0,0.0,0.0,1.0,0.0,0.2,0.0,0.0,5.0,0.002932016787501272,10.459999999999999,19.15,5.0,0.0,0.0,0.0,0.26666666666666666,0.6419999999999999,5.0,0.0038014595164224,9.77,17.15,5.0,0.0,0.0,0.0,0.26666666666666666,0.6226666666666667,2.0,2.8,2.0,2.725,3.0,0.0,0.0,0.0,0.0,0.0,0.0,0.0,0.0,0.0,5.0,24.36,5.0,23.89,0.0,0.0,5.0,25.46,5.0,24.77
north_heavy_seed1,north_heavy,1,32.2,47.2,59.0,5.340938873635571,5.283898305084746,31.0,0.7999999999999972,2.0,15.105337648561875,0.0,0.0,0.0,1.0,0.1333333333333333,0.2666666666666666,0.0,0.0,2.0,14.258816546675515,0.0,0.0,0.0,1.0,0.1333333333333333,0.2666666666666666,0.0,0.0,8.0,1.7513098214260716,6.59375,18.15,6.0,0.0,0.1333333333333333,0.0,0.33333333333333326,0.40458333333333324,0.0,0.0,0.0,0.0,0.0,1.0,0.0,0.19999999999999996,0.0,0.0,0.0,0.0,0.0,0.0,0.0,1.0,0.0,0.19999999999999996,0.0,0.0,5.0,0.0031924286140368545,9.32,16.2,5.0,0.0,0.0,0.0,0.2666666666666666,0.6053333333333332,0.0,0.0,0.0,0.0,0.0,1.0,0.0,0.19999999999999996,0.0,0.0,5.0,0.0020849469483198127,10.36,17.9,5.0,0.0,0.0,0.0,0.2666666666666666,0.6519999999999998,5.0,0.002694228032725555,9.89,16.7,5.0,0.0,0.0,0.0,0.2666666666666666,0.6366666666666666,0.0,0.0,0.0,0.0,0.0,1.0,0.0,0.19999999999999996,0.0,0.0,5.0,0.0014859588360702388,11.459999999999999,20.15,5.0,0.0,0.0,0.0,0.19999999999999996,0.683333333333333,5.0,0.0019126824212117861,10.77,18.15,5.0,0.0,0.0,0.0,0.19999999999999996,0.6693333333333331,3.0,2.1999999999999997,3.0,2.15,4.0,0.1625,0.0,0.0,0.0,0.0,0.0,0.0,0.0,0.0,5.0,25.36,5.0,24.89,0.0,0.0,5.0,26.46,5.0,25.77
north_heavy_seed1,north_heavy,1,33.2,48.2,57.0,5.193747628373518,5.375438596491228,29.0,11.799999999999997,2.0,15.169033246258808,0.0,0.0,0.0,0.0,0.1333333333333333,0.2666666666666666,0.0,0.0,2.0,14.277615024191327,0.0,0.0,0.0,0.0,0.1333333333333333,0.19999999999999996,0.0,0.0,8.0,2.375116339820921,4.95,15.45,5.0,2.0,0.1333333333333333,0.0,0.19999999999999996,0.27888888888888885,0.0,0.0,0.0,0.0,0.0,0.0,0.0,0.1333333333333333,0.0,0.0,0.0,0.0,0.0,0.0,0.0,0.0,0.0,0.1333333333333333,0.0,0.0,5.0,0.08790401882307118,6.88,13.7,4.0,2.0,0.0,0.0,0.19999999999999996,0.4293333333333332,0.0,0.0,0.0,0.0,0.0,0.0,0.0,0.19999999999999996,0.0,0.0,5.0,0.0010537987492735307,11.36,18.9,5.0,0.0,0.0,0.0,0.19999999999999996,0.7026666666666664,5.0,0.0013427149018742344,10.89,17.7,5.0,0.0,0.0,0.0,0.19999999999999996,0.6886666666666665,0.0,0.0,0.0,0.0,0.0,0.0,0.0,0.1333333333333333,0.0,0.0,5.0,0.0007339166691513633,12.459999999999999,21.15,5.0,0.0,0.0,0.0,0.19999999999999996,0.7233333333333332,5.0,0.0009524497402333715,11.77,19.15,5.0,0.0,0.0,0.0,0.19999999999999996,0.709333333333333,3.0,0.0,3.0,2.4833333333333334,4.0,0.4125,0.0,0.0,0.0,0.0,0.0,0.0,0.0,0.0,5.0,19.580000000000002,5.0,25.890000000000004,0.0,0.0,5.0,20.23,5.0,26.77
north_heavy_seed1,north_heavy,1,34.2,49.2,57.0,5.428237316519991,4.786842105263157,24.0,10.799999999999997,2.0,15.158237032596439,0.0,0.0,0.0,0.0,0.1333333333333333,0.19999999999999996,0.0,0.0,2.0,14.299821052267216,0.0,0.0,0.0,0.0,0.1333333333333333,0.19999999999999996,0.0,0.0,7.0,3.59328139879838,1.092857142857143,5.55,2.0,2.0,0.1333333333333333,0.06666666666666665,0.0,-0.0004761904761904744,0.0,0.0,0.0,0.0,0.0,0.0,0.0,0.1333333333333333,0.0,0.0,0.0,0.0,0.0,0.0,0.0,0.0,0.0,0.1333333333333333,0.0,0.0,4.0,0.4598780128412202,3.2,7.95,2.0,2.0,0.0,0.06666666666666665,0.06666666666666665,0.17066666666666663,0.0,0.0,0.0,0.0,0.0,0.0,0.0,0.19999999999999996,0.0,0.0,5.0,0.000524423262698271,12.36,19.9,5.0,0.0,0.0,0.0,0.19999999999999996,0.7426666666666664,5.0,0.0006696829043973389,11.89,18.7,5.0,0.0,0.0,0.0,0.19999999999999996,0.7286666666666665,0.0,0.0,0.0,0.0,0.0,0.0,0.0,0.1333333333333333,0.0,0.0,5.0,0.00037105654358947257,13.459999999999999,22.15,5.0,0.0,0.0,0.0,0.19999999999999996,0.7633333333333331,5.0,0.00047477395552689833,12.77,20.15,5.0,0.0,0.0,0.0,0.19999999999999996,0.7493333333333332,2.0,0.0,3.0,2.8166666666666664,4.0,0.6625,0.0,0.0,0.0,0.0,0.0,0.0,0.0,0.0,4.0,5.1125,5.0,26.890000000000004,0.0,0.0,4.0,5.2375,5.0,27.77
north_heavy_seed1,north_heavy,1,35.2,50.2,57.0,5.71888374364864,4.778947368421052,20.0,9.799999999999997,2.0,15.138201463934976,0.0,0.0,0.0,0.0,0.1333333333333333,0.19999999999999996,0.0,0.0,2.0,14.295143500299307,0.0,0.0,0.0,0.0,0.1333333333333333,0.1333333333333333,0.0,0.0,7.0,4.794337889397321,0.0,0.0,0.0,2.0,0.1333333333333333,0.06666666666666665,-0.1333333333333333,-0.09555555555555555,0.0,0.0,0.0,0.0,0.0,0.0,0.0,0.1333333333333333,0.0,0.0,0.0,0.0,0.0,0.0,0.0,0.0,0.0,0.06666666666666665,0.0,0.0,4.0,1.413837767391775,0.0,0.0,0.0,2.0,0.0,0.06666666666666665,-0.1333333333333333,-0.06533333333333333,0.0,0.0,0.0,0.0,0.0,0.0,0.0,0.19999999999999996,0.0,0.0,5.0,0.0002609114224945368,13.36,20.9,5.0,0.0,0.0,0.0,0.19999999999999996,0.7826666666666664,5.0,0.0003343267913648865,12.89,19.7,5.0,0.0,0.0,0.0,0.19999999999999996,0.7686666666666666,0.0,0.0,0.0,0.0,0.0,0.0,0.0,0.1333333333333333,0.0,0.0,5.0,0.0001840295605288646,14.459999999999999,23.15,5.0,0.0,0.0,0.0,0.19999999999999996,0.8033333333333331,5.0,0.00023440462175924968,13.77,21.15,5.0,0.0,0.0,0.0,0.19999999999999996,0.7893333333333331,2.0,0.0,3.0,3.15,4.0,1.0125,0.0,0.0,0.0,0.0,0.0,0.0,0.0,0.0,4.0,0.0,5.0,27.890000000000004,0.0,0.0,4.0,0.0,5.0,28.77
north_heavy_seed1,north_heavy,1,36.2,51.2,57.0,5.987527255241775,5.129824561403509,20.0,8.799999999999997,2.0,15.098881672241326,0.0,0.0,0.0,0.0,0.1333333333333333,0.1333333333333333,0.0,0.0,2.0,14.258712307214736,0.0,0.0,0.0,0.0,0.1333333333333333,0.1333333333333333,0.0,0.0,6.0,5.862567464469136,0.0,0.0,0.0,2.0,0.1333333333333333,0.1333333333333333,-0.1333333333333333,-0.11777777777777776,0.0,0.0,0.0,0.0,0.0,0.0,0.0,0.06666666666666665,0.0,0.0,0.0,0.0,0.0,0.0,0.0,0.0,0.0,0.06666666666666665,0.0,0.0,3.0,1.8443388330431993,0.0,0.0,0.0,2.0,0.0,0.1333333333333333,-0.1333333333333333,-0.09199999999999998,0.0,0.0,0.0,0.0,0.0,0.0,0.0,0.19999999999999996,0.0,0.0,5.0,0.00012858191499937657,14.36,21.9,5.0,0.0,0.0,0.0,0.19999999999999996,0.8226666666666664,5.0,0.00016705521189365274,13.89,20.7,5.0,0.0,0.0,0.0,0.19999999999999996,0.8086666666666665,0.0,0.0,0.0,0.0,0.0,0.0,0.0,0.06666666666666665,0.0,0.0,5.0,9.146315822415825e-05,15.459999999999999,24.15,5.0,0.0,0.0,0.0,0.19999999999999996,0.843333333333333,5.0,0.00011738999639644793,14.77,22.15,5.0,0.0,0.0,0.0,0.19999999999999996,0.8293333333333331,1.0,0.0,3.0,3.483333333333333,4.0,1.5125000000000002,0.0,0.0,0.0,0.0,0.0,0.0,0.0,0.0,3.0,0.0,5.0,28.890000000000004,0.0,0.0,3.0,0.0,5.0,29.77
north_heavy_seed1,north_heavy,1,37.2,52.2,55.0,6.080644206498997,5.68,20.0,7.799999999999997,2.0,15.12460176706088,0.0,0.0,0.0,0.0,0.1333333333333333,0.1333333333333333,0.0,0.0,2.0,14.244779000635024,0.0,0.0,0.0,0.0,0.1333333333333333,0.1333333333333333,0.0,0.0,6.0,6.657047435883147,0.0,0.0,0.0,2.0,0.1333333333333333,0.1333333333333333,-0.1333333333333333,-0.13999999999999999,0.0,0.0,0.0,0.0,0.0,0.0,0.0,0.06666666666666665,0.0,0.0,0.0,0.0,0.0,0.0,0.0,0.0,0.0,0.06666666666666665,0.0,0.0,3.0,2.7486902803046154,0.0,0.0,0.0,2.0,0.0,0.1333333333333333,-0.1333333333333333,-0.11866666666666664,0.0,0.0,0.0,0.0,0.0,0.0,0.0,0.1333333333333333,0.0,0.0,5.0,6.388843726751959e-05,15.36,22.9,5.0,0.0,0.0,0.0,0.19999999999999996,0.8626666666666665,5.0,8.276380678448572e-05,14.89,21.7,5.0,0.0,0.0,0.0,0.19999999999999996,0.8486666666666665,0.0,0.0,0.0,0.0,0.0,0.0,0.0,0.06666666666666665,0.0,0.0,5.0,4.390274438002889e-05,16.46,25.15,5.0,0.0,0.0,0.0,0.1333333333333333,0.8806666666666665,5.0,5.76137449651767e-05,15.77,23.15,5.0,0.0,0.0,0.0,0.19999999999999996,0.8693333333333331,1.0,0.0,3.0,4.116666666666666,4.0,2.1625,0.0,0.0,0.0,0.0,0.0,0.0,0.0,0.0,3.0,0.0,5.0,29.890000000000004,0.0,0.0,3.0,0.0,5.0,30.77
north_heavy_seed1,north_heavy,1,62.2,77.2,47.0,7.41168858482173,10.091489361702127,15.0,15.799999999999997,3.0,12.747859607663464,0.0,0.0,0.0,2.0,0.13333333333333333,0.13333333333333333,-0.06666666666666667,-0.14666666666666664,5.0,3.6191806497756938,6.470000000000001,21.45,2.0,0.0,0.13333333333333333,0.0,0.06666666666666667,0.28800000000000003,6.0,4.0676136942166226,6.441666666666666,15.65,3.0,0.0,0.13333333333333333,0.0,0.13333333333333333,0.4186111111111111,1.0,14.261621794223785,0.0,0.0,0.0,2.0,0.06666666666666667,0.0,0.0,0.0,1.0,11.989922309098766,0.0,0.0,0.0,0.0,0.06666666666666667,0.0,0.0,0.0,1.0,12.564072491283444,0.0,0.0,0.0,0.0,0.06666666666666667,0.0,0.0,0.0,1.0,12.56052002725356,0.0,0.0,0.0,2.0,0.06666666666666667,0.0,0.0,0.0,1.0,13.887213612856577,0.0,0.0,0.0,2.0,0.06666666666666667,0.3333333333333333,-0.3333333333333333,-1.6906666666666665,6.0,0.10544742572499971,33.24166666666667,46.7,5.0,0.0,0.06666666666666667,0.0,0.0,0.5567777777777778,1.0,13.880238728708356,0.0,0.0,0.0,2.0,0.06666666666666667,0.0,0.0,0.0,1.0,11.971695559385699,0.0,0.0,0.0,2.0,0.06666666666666667,0.3333333333333333,-0.3333333333333333,-1.764,6.0,0.08076348456865602,33.975,48.15,5.0,0.0,0.06666666666666667,0.0,0.0,0.5470000000000002,0.0,0.0,5.0,14.690000000000001,6.0,16.341666666666665,0.0,0.0,1.0,0.0,1.0,0.1,0.0,0.0,0.0,0.0,6.0,45.74166666666667,0.0,0.0,0.0,0.0,6.0,46.475
north_heavy_seed1,north_heavy,1,63.2,78.2,47.0,7.614404862577257,10.41063829787234,15.0,14.799999999999997,3.0,13.036547654297197,0.0,0.0,0.0,2.0,0.13333333333333333,0.13333333333333333,0.0,0.0,5.0,3.7000562097665863,6.87,22.45,2.0,0.0,0.13333333333333333,0.0,0.06666666666666667,0.29244444444444445,6.0,4.153062018243295,6.941666666666666,16.65,3.0,0.0,0.13333333333333333,0.0,0.13333333333333333,0.43527777777777776,1.0,16.27982042888924,0.0,0.0,0.0,2.0,0.06666666666666667,0.0,0.0,0.0,1.0,11.973113208494615,0.0,0.0,0.0,0.0,0.06666666666666667,0.0,0.0,0.0,1.0,12.55062091853135,0.0,0.0,0.0,0.0,0.06666666666666667,0.0,0.0,0.0,1.0,12.543202912100142,0.0,0.0,0.0,2.0,0.06666666666666667,0.0,0.0,0.0,1.0,13.87292948280112,0.0,0.0,0.0,2.0,0.06666666666666667,0.3333333333333333,-0.26666666666666666,-1.3053333333333335,6.0,0.45087789913207077,34.074999999999996,47.7,5.0,0.0,0.06666666666666667,0.0,0.0,0.5456666666666661,1.0,13.876704173972831,0.0,0.0,0.0,2.0,0.06666666666666667,0.0,0.0,0.0,1.0,11.99284882022068,0.0,0.0,0.0,2.0,0.06666666666666667,0.3333333333333333,-0.26666666666666666,-1.3486666666666667,6.0,0.37477780241551123,34.80833333333333,49.15,5.0,0.0,0.06666666666666667,0.0,0.0,0.5358888888888887,1.0,0.0,6.0,12.908333333333333,7.0,14.721428571428572,0.0,0.0,1.0,0.35,1.0,1.1,0.0,0.0,0.0,0.0,6.0,46.574999999999996,0.0,0.0,0.0,0.0,6.0,47.30833333333334
north_heavy_seed1,north_heavy,1,64.2,79.2,44.0,7.358332775287363,11.461363636363636,15.0,13.799999999999997,3.0,12.300779932093354,0.0,0.0,0.0,2.0,0.13333333333333333,0.06666666666666667,0.0,0.0,5.0,3.8933284662758374,7.2700000000000005,23.45,2.0,0.0,0.13333333333333333,0.0,0.06666666666666667,0.2968888888888889,6.0,4.298221940420324,7.441666666666666,17.65,3.0,0.0,0.13333333333333333,0.0,0.13333333333333333,0.4519444444444444,1.0,16.56566129009053,0.0,0.0,0.0,2.0,0.06666666666666667,0.0,0.0,0.0,1.0,11.98431642001262,0.0,0.0,0.0,0.0,0.06666666666666667,0.0,0.0,0.0,1.0,12.509942363602024,0.0,0.0,0.0,0.0,0.06666666666666667,0.0,0.0,0.0,1.0,12.580621578052424,0.0,0.0,0.0,2.0,0.06666666666666667,0.0,0.0,0.0,1.0,13.857447242117487,0.0,0.0,0.0,2.0,0.06666666666666667,0.26666666666666666,-0.06666666666666667,-0.3408333333333333,6.0,0.7521198331967686,34.90833333333333,48.7,5.0,0.0,0.06666666666666667,0.0,0.0,0.5345555555555551,1.0,13.889042145275745,0.0,0.0,0.0,2.0,0.06666666666666667,0.0,0.0,0.0,1.0,11.970349785403814,0.0,0.0,0.0,2.0,0.06666666666666667,0.26666666666666666,-0.06666666666666667,-0.3491666666666667,6.0,0.657349084421225,35.641666666666666,50.15,5.0,0.0,0.06666666666666667,0.0,0.0,0.5247777777777778,1.0,0.0,6.0,13.575000000000001,7.0,15.435714285714285,0.0,0.0,1.0,1.35,1.0,2.1,0.0,0.0,0.0,0.0,6.0,47.40833333333333,0.0,0.0,0.0,0.0,6.0,48.14166666666667
north_heavy_seed1,north_heavy,1,65.2,80.2,43.0,7.2947591497765565,12.076744186046511,15.0,12.799999999999997,2.0,13.56656841817928,0.0,0.0,0.0,2.0,0.13333333333333333,0.13333333333333333,0.0,0.0,5.0,4.214845779870008,7.67,24.45,2.0,0.0,0.13333333333333333,0.0,0.06666666666666667,0.3013333333333333,6.0,4.52251611088424,7.941666666666666,18.65,3.0,0.0,0.13333333333333333,0.0,0.06666666666666667,0.46194444444444444,1.0,16.630473941307518,0.0,0.0,0.0,2.0,0.06666666666666667,0.0,0.0,0.0,1.0,11.979420386971906,0.0,0.0,0.0,0.0,0.06666666666666667,0.0,0.0,0.0,1.0,12.56931924014367,0.0,0.0,0.0,0.0,0.06666666666666667,0.0,0.0,0.0,1.0,12.531461369644868,0.0,0.0,0.0,2.0,0.06666666666666667,0.0,0.0,0.0,1.0,13.85995802076068,0.0,0.0,0.0,2.0,0.06666666666666667,0.26666666666666666,0.0,0.0,6.0,1.0803197413616414,35.74166666666667,49.7,5.0,0.0,0.06666666666666667,0.0,0.0,0.5234444444444442,1.0,13.864140873210273,0.0,0.0,0.0,2.0,0.06666666666666667,0.0,0.0,0.0,1.0,11.980513152703644,0.0,0.0,0.0,2.0,0.06666666666666667,0.26666666666666666,0.0,0.0,6.0,0.9425915664930439,36.475,51.15,5.0,0.0,0.06666666666666667,0.0,0.0,0.5136666666666668,1.0,0.0,6.0,14.241666666666667,7.0,16.242857142857144,0.0,0.0,1.0,2.35,1.0,3.1,0.0,0.0,0.0,0.0,6.0,48.24166666666667,0.0,0.0,0.0,0.0,6.0,48.975
north_heavy_seed1,north_heavy,1,66.2,81.2,43.0,7.456746664310253,12.425581395348836,15.0,11.799999999999997,2.0,13.535475499861981,0.0,0.0,0.0,2.0,0.13333333333333333,0.06666666666666667,0.0,0.0,5.0,4.576503607005959,8.07,25.45,2.0,0.0,0.13333333333333333,0.0,0.06666666666666667,0.30577777777777787,6.0,4.776485952262469,8.441666666666666,19.65,3.0,0.0,0.13333333333333333,0.0,0.06666666666666667,0.46194444444444444,1.0,16.66869109351933,0.0,0.0,0.0,2.0,0.06666666666666667,0.0,0.0,0.0,1.0,11.973718860440421,0.0,0.0,0.0,0.0,0.06666666666666667,0.0,0.0,0.0,1.0,12.572516925508536,0.0,0.0,0.0,0.0,0.06666666666666667,0.0,0.0,0.0,1.0,12.532398928883968,0.0,0.0,0.0,2.0,0.06666666666666667,0.0,0.0,0.0,1.0,13.884056204779773,0.0,0.0,0.0,2.0,0.06666666666666667,0.2,0.0,0.0,6.0,1.4136156832399072,36.574999999999996,50.7,5.0,0.0,0.06666666666666667,0.0,0.0,0.5123333333333328,1.0,13.83402090012678,0.0,0.0,0.0,2.0,0.06666666666666667,0.0,0.0,0.0,1.0,11.973304851909633,0.0,0.0,0.0,2.0,0.06666666666666667,0.2,0.0,0.0,6.0,1.2210173404452769,37.30833333333333,52.15,5.0,0.0,0.06666666666666667,0.0,0.0,0.5025555555555553,1.0,0.0,6.0,15.025,7.0,17.1,0.0,0.0,1.0,3.35,1.0,4.1,0.0,0.0,0.0,0.0,6.0,38.125,0.0,0.0,0.0,0.0,6.0,38.61666666666667
north_heavy_seed1,north_heavy,1,67.2,82.2,41.0,7.1831480759159305,13.420731707317072,16.0,10.799999999999997,2.0,13.560312981550224,0.0,0.0,0.0,2.0,0.13333333333333333,0.06666666666666667,0.0,0.0,5.0,4.837670641277485,8.66,26.45,3.0,0.0,0.13333333333333333,0.0,0.06666666666666667,0.30288888888888893,6.0,4.538960327596805,8.941666666666666,20.65,3.0,0.0,0.13333333333333333,0.0,0.0,0.4519444444444444,1.0,16.643857822451743,0.0,0.0,0.0,2.0,0.06666666666666667,0.0,0.0,0.0,1.0,11.976568180227186,0.0,0.0,0.0,0.0,0.06666666666666667,0.0,0.0,0.0,1.0,12.51212709743195,0.0,0.0,0.0,0.0,0.06666666666666667,0.0,0.0,0.0,1.0,12.546170490143604,0.0,0.0,0.0,2.0,0.06666666666666667,0.0,0.0,0.0,1.0,13.845727967061103,0.0,0.0,0.0,2.0,0.06666666666666667,0.2,0.0,0.0,6.0,1.7322710458933785,37.40833333333333,51.7,5.0,0.0,0.06666666666666667,0.0,0.0,0.5012222222222218,1.0,13.839956267620437,0.0,0.0,0.0,2.0,0.06666666666666667,0.0,0.0,0.0,1.0,11.9856559451879,0.0,0.0,0.0,2.0,0.06666666666666667,0.2,0.0,0.0,6.0,1.5001803640659641,38.141666666666666,53.15,5.0,0.0,0.06666666666666667,0.0,0.0,0.4914444444444444,1.0,0.0,6.0,15.858333333333334,7.0,17.95714285714286,0.0,0.0,1.0,4.35,1.0,5.1,0.0,0.0,0.0,0.0,5.0,10.74,0.0,0.0,0.0,0.0,5.0,10.72
north_heavy_seed1,north_heavy,1,68.2,83.2,40.0,7.03660753443238,14.16625,17.0,9.799999999999997,2.0,13.554912967288974,0.0,0.0,0.0,2.0,0.13333333333333333,0.06666666666666667,0.0,0.0,5.0,4.831213163339887,9.26,27.45,3.0,0.0,0.13333333333333333,0.0,0.06666666666666667,0.29844444444444446,6.0,3.7748121733916946,9.508333333333333,21.65,4.0,0.0,0.13333333333333333,0.0,0.06666666666666667,0.43972222222222224,1.0,16.62736588674039,0.0,0.0,0.0,2.0,0.06666666666666667,0.0,0.0,0.0,1.0,11.989638252400328,0.0,0.0,0.0,0.0,0.06666666666666667,0.0,0.0,0.0,1.0,12.553419018552088,0.0,0.0,0.0,0.0,0.06666666666666667,0.0,0.0,0.0,1.0,12.563227500829862,0.0,0.0,0.0,2.0,0.06666666666666667,0.0,0.0,0.0,1.0,13.833759983645287,0.0,0.0,0.0,2.0,0.06666666666666667,0.13333333333333333,0.0,0.0,6.0,1.8286668875999725,38.24166666666667,52.7,5.0,0.0,0.06666666666666667,0.0,0.0,0.4901111111111109,1.0,13.888372483011336,0.0,0.0,0.0,2.0,0.06666666666666667,0.0,0.0,0.0,1.0,11.97509564716369,0.0,0.0,0.0,2.0,0.06666666666666667,0.13333333333333333,0.0,0.0,6.0,1.7992500465032686,38.975,54.15,5.0,0.0,0.06666666666666667,0.0,0.0,0.48033333333333345,1.0,0.0,6.0,16.691666666666666,7.0,18.814285714285713,0.0,0.0,1.0,5.35,1.0,6.1,0.0,0.0,0.0,0.0,5.0,0.0,0.0,0.0,0.0,0.0,5.0,0.0
north_heavy_seed1,north_heavy,1,69.2,84.2,39.0,6.7575897403571075,14.965384615384615,17.0,8.799999999999997,2.0,13.545219129889263,0.0,0.0,0.0,2.0,0.13333333333333333,0.06666666666666667,0.0,0.0,5.0,4.824667242233909,9.86,28.45,3.0,0.0,0.13333333333333333,0.0,0.06666666666666667,0.294,6.0,3.1070039360138235,10.174999999999999,22.65,4.0,0.0,0.13333333333333333,0.0,0.06666666666666667,0.43416666666666665,1.0,16.58585564602539,0.0,0.0,0.0,2.0,0.06666666666666667,0.0,0.0,0.0,1.0,11.97967303195037,0.0,0.0,0.0,0.0,0.06666666666666667,0.0,0.0,0.0,1.0,12.520624208088412,0.0,0.0,0.0,0.0,0.06666666666666667,0.0,0.0,0.0,1.0,12.581209025859616,0.0,0.0,0.0,2.0,0.06666666666666667,0.0,0.0,0.0,1.0,13.850282403125894,0.0,0.0,0.0,2.0,0.06666666666666667,0.13333333333333333,0.0,0.0,6.0,1.8290674211794953,39.074999999999996,53.7,5.0,0.0,0.06666666666666667,0.0,0.0,0.4789999999999994,1.0,13.874224013695494,0.0,0.0,0.0,2.0,0.06666666666666667,0.0,0.0,0.0,1.0,11.977006394555792,0.0,0.0,0.0,2.0,0.06666666666666667,0.13333333333333333,0.0,0.0,6.0,1.8548624662786424,39.80833333333333,55.15,5.0,0.0,0.06666666666666667,0.0,0.0,0.46922222222222226,1.0,0.0,6.0,17.525000000000002,7.0,19.67142857142857,0.0,0.0,1.0,6.35,1.0,7.1,0.0,0.0,0.0,0.0,4.0,0.0,0.0,0.0,0.0,0.0,4.0,0.0
north_heavy_seed1,north_heavy,1,70.2,85.2,39.0,6.608023775416516,15.40128205128205,17.0,7.799999999999997,2.0,11.940307967252366,0.0,0.0,0.0,2.0,0.13333333333333333,0.06666666666666667,0.0,0.0,5.0,4.8274834145857595,10.459999999999999,29.45,3.0,0.0,0.13333333333333333,0.0,0.06666666666666667,0.2895555555555555,6.0,2.646404536045534,10.841666666666667,23.65,4.0,0.0,0.13333333333333333,0.0,0.06666666666666667,0.4286111111111111,1.0,16.581324150297792,0.0,0.0,0.0,2.0,0.06666666666666667,0.0,0.0,0.0,1.0,11.984941507223994,0.0,0.0,0.0,0.0,0.06666666666666667,0.0,0.0,0.0,1.0,12.570168659074845,0.0,0.0,0.0,0.0,0.06666666666666667,0.0,0.0,0.0,1.0,12.573214291527885,0.0,0.0,0.0,2.0,0.06666666666666667,0.0,0.0,0.0,1.0,13.878744851723313,0.0,0.0,0.0,2.0,0.06666666666666667,0.06666666666666667,0.0,0.0,6.0,1.8340695239009779,39.90833333333333,54.7,5.0,0.0,0.06666666666666667,0.0,0.0,0.46788888888888874,1.0,13.859288570402423,0.0,0.0,0.0,2.0,0.06666666666666667,0.0,0.0,0.0,1.0,11.989829482238274,0.0,0.0,0.0,2.0,0.06666666666666667,0.06666666666666667,0.0,0.0,6.0,1.8548874959174249,40.641666666666666,56.15,5.0,0.0,0.06666666666666667,0.0,0.0,0.4581111111111113,2.0,0.0,7.0,15.735714285714286,8.0,17.9625,0.0,0.0,1.0,7.35,1.0,8.1,0.0,0.0,0.0,0.0,4.0,0.0,0.0,0.0,0.0,0.0,4.0,0.0
north_heavy_seed1,north_heavy,1,71.2,86.2,39.0,6.483166042058345,15.837179487179487,17.0,6.799999999999997,1.0,13.838523857661057,0.0,0.0,0.0,2.0,0.06666666666666667,0.06666666666666667,0.0,0.0,5.0,4.2361219196137325,11.059999999999999,30.45,3.0,0.0,0.13333333333333333,0.0,0.06666666666666667,0.285111111111111,6.0,2.3933151551334255,11.508333333333333,24.65,4.0,0.0,0.13333333333333333,0.0,0.06666666666666667,0.4230555555555556,1.0,16.59137051774189,0.0,0.0,0.0,2.0,0.06666666666666667,0.0,0.0,0.0,1.0,11.98451963605592,0.0,0.0,0.0,0.0,0.06666666666666667,0.0,0.0,0.0,1.0,12.55334568641629,0.0,0.0,0.0,0.0,0.06666666666666667,0.0,0.0,0.0,1.0,12.560577283140056,0.0,0.0,0.0,2.0,0.06666666666666667,0.0,0.0,0.0,1.0,13.833466601845576,0.0,0.0,0.0,2.0,0.06666666666666667,0.06666666666666667,0.0,0.0,6.0,1.8367178744521977,40.74166666666667,55.7,5.0,0.0,0.06666666666666667,0.0,0.0,0.4567777777777778,1.0,13.84742893547169,0.0,0.0,0.0,2.0,0.06666666666666667,0.0,0.0,0.0,1.0,11.981807627719826,0.0,0.0,0.0,2.0,0.06666666666666667,0.06666666666666667,0.0,0.0,6.0,1.8569864479137286,41.475,57.15,5.0,0.0,0.06666666666666667,0.0,0.0,0.44700000000000034,2.0,0.0,7.0,16.45,8.0,18.7125,0.0,0.0,1.0,8.35,1.0,9.1,0.0,0.0,0.0,0.0,3.0,0.0,0.0,0.0,0.0,0.0,3.0,0.0
north_heavy_seed1,north_heavy,1,72.2,87.2,39.0,6.333295444966082,16.27307692307692,17.0,5.799999999999997,1.0,13.834260749486276,0.0,0.0,0.0,2.0,0.06666666666666667,0.13333333333333333,0.0,0.0,5.0,3.626880010722259,11.66,31.45,3.0,0.0,0.06666666666666667,0.0,0.06666666666666667,0.4048333333333333,6.0,2.089250182972877,12.174999999999999,25.65,4.0,0.0,0.06666666666666667,0.0,0.06666666666666667,0.4963333333333333,1.0,15.539431986650108,0.0,0.0,0.0,2.0,0.06666666666666667,0.0,0.0,0.0,1.0,11.986000520456582,0.0,0.0,0.0,0.0,0.06666666666666667,0.0,0.0,0.0,1.0,12.552955402892696,0.0,0.0,0.0,0.0,0.06666666666666667,0.0,0.0,0.0,1.0,12.524781378122762,0.0,0.0,0.0,2.0,0.06666666666666667,0.0,0.0,0.0,1.0,13.846434647568968,0.0,0.0,0.0,2.0,0.06666666666666667,0.06666666666666667,0.0,0.0,6.0,1.8374362428637665,41.574999999999996,56.7,5.0,0.0,0.06666666666666667,0.0,0.0,0.4456666666666663,1.0,13.861916986199795,0.0,0.0,0.0,2.0,0.06666666666666667,0.0,0.0,0.0,1.0,11.98480986732524,0.0,0.0,0.0,2.0,0.06666666666666667,0.06666666666666667,0.0,0.0,6.0,1.858334743196534,42.30833333333333,58.15,5.0,0.0,0.06666666666666667,0.0,0.0,0.43588888888888894,2.0,0.0,7.0,17.164285714285715,8.0,19.4625,0.0,0.0,1.0,9.35,1.0,10.1,0.0,0.0,0.0,0.0,3.0,0.0,0.0,0.0,0.0,0.0,3.0,0.0
north_heavy_seed1,north_heavy,1,77.2,92.2,35.0,3.9065486425360665,20.71142857142857,20.0,0.7999999999999972,0.0,0.0,0.0,0.0,0.0,2.0,0.0,0.2,0.0,0.0,5.0,0.38943084523168714,14.690000000000001,36.45,4.0,0.0,0.0,0.0,0.13333333333333333,0.548,6.0,0.1619081332537461,16.341666666666665,30.65,5.0,0.0,0.0,0.0,0.13333333333333333,0.6599999999999999,0.0,0.0,0.0,0.0,0.0,2.0,0.0,0.06666666666666667,0.0,0.0,1.0,2.764777453388194,0.0,0.0,0.0,0.0,0.0,0.0,0.0,0.0,1.0,5.6602200747104484e-05,0.1,0.1,1.0,0.0,0.0,0.0,0.06666666666666667,0.006666666666666667,0.0,0.0,0.0,0.0,0.0,2.0,0.0,0.06666666666666667,0.0,0.0,0.0,0.0,0.0,0.0,0.0,2.0,0.0,0.06666666666666667,0.0,0.0,6.0,0.6647760488468722,45.74166666666667,61.7,5.0,0.0,0.0,0.0,0.0,0.8333333333333334,0.0,0.0,0.0,0.0,0.0,2.0,0.0,0.06666666666666667,0.0,0.0,0.0,0.0,0.0,0.0,0.0,2.0,0.0,0.06666666666666667,0.0,0.0,6.0,0.7822541504828299,46.475,63.15,5.0,0.0,0.0,0.0,0.0,0.8333333333333334,2.0,0.125,7.0,20.735714285714288,8.0,23.2125,0.0,0.0,1.0,14.35,1.0,15.1,0.0,0.0,0.0,0.0,1.0,0.0,0.0,0.0,0.0,0.0,1.0,0.0
north_heavy_seed1,north_heavy,1,78.2,93.2,38.0,3.9436942061575526,19.611842105263158,21.0,2.799999999999997,1.0,13.235988093464282,0.0,0.0,0.0,1.0,0.06666666666666667,0.2,0.0,0.0,6.0,0.49635375584536395,12.908333333333333,37.45,4.0,0.0,0.06666666666666667,0.0,0.13333333333333333,0.40255555555555556,7.0,0.35552823874330036,14.721428571428572,31.65,5.0,0.0,0.06666666666666667,0.0,0.13333333333333333,0.5186507936507937,0.0,0.0,0.0,0.0,0.0,1.0,0.0,0.06666666666666667,0.0,0.0,1.0,0.0,0.35,0.35,1.0,0.0,0.0,0.0,0.06666666666666667,0.02333333333333333,1.0,0.0,1.1,1.1,1.0,0.0,0.0,0.0,0.06666666666666667,0.07333333333333333,0.0,0.0,0.0,0.0,0.0,1.0,0.0,0.06666666666666667,0.0,0.0,0.0,0.0,0.0,0.0,0.0,1.0,0.0,0.06666666666666667,0.0,0.0,6.0,0.3650589666342586,46.574999999999996,62.7,5.0,0.0,0.0,0.0,0.0,0.8333333333333334,0.0,0.0,0.0,0.0,0.0,1.0,0.0,0.06666666666666667,0.0,0.0,0.0,0.0,0.0,0.0,0.0,1.0,0.0,0.06666666666666667,0.0,0.0,6.0,0.4986964128820513,47.30833333333334,64.15,5.0,0.0,0.0,0.0,0.0,0.8333333333333338,3.0,0.4166666666666667,8.0,18.76875,9.0,21.299999999999997,0.0,0.0,1.0,15.35,1.0,16.1,0.0,0.0,0.0,0.0,1.0,0.0,0.0,0.0,0.0,0.0,1.0,0.0
north_heavy_seed1,north_heavy,1,79.2,94.2,38.0,4.043325101587435,20.164473684210527,21.0,1.7999999999999972,1.0,13.256437718175464,0.0,0.0,0.0,1.0,0.06666666666666667,0.2,0.0,0.0,6.0,0.7503451824711806,13.575000000000001,38.45,4.0,0.0,0.06666666666666667,0.0,0.13333333333333333,0.4203333333333334,7.0,0.6206709172458137,15.435714285714285,32.65,5.0,0.0,0.06666666666666667,0.0,0.13333333333333333,0.5329365079365079,0.0,0.0,0.0,0.0,0.0,1.0,0.0,0.06666666666666667,0.0,0.0,1.0,0.0,1.35,1.35,1.0,0.0,0.0,0.0,0.06666666666666667,0.09000000000000001,1.0,0.0,2.1,2.1,1.0,0.0,0.0,0.0,0.06666666666666667,0.14,0.0,0.0,0.0,0.0,0.0,1.0,0.0,0.06666666666666667,0.0,0.0,0.0,0.0,0.0,0.0,0.0,1.0,0.0,0.06666666666666667,0.0,0.0,6.0,0.16623837046587078,47.40833333333333,63.7,5.0,0.0,0.0,0.0,0.0,0.8333333333333334,0.0,0.0,0.0,0.0,0.0,1.0,0.0,0.06666666666666667,0.0,0.0,0.0,0.0,0.0,0.0,0.0,1.0,0.0,0.06666666666666667,0.0,0.0,6.0,0.2853301671792973,48.14166666666667,65.15,5.0,0.0,0.0,0.0,0.0,0.8333333333333338,3.0,0.75,8.0,19.39375,9.0,21.966666666666665,0.0,0.0,1.0,16.35,1.0,17.1,0.0,0.0,0.0,0.0,0.0,0.0,0.0,0.0,0.0,0.0,1.0,0.0
north_heavy_seed1,north_heavy,1,80.2,95.2,36.0,3.7527266105125543,21.88611111111111,22.0,0.7999999999999972,1.0,13.207915406449345,0.0,0.0,0.0,1.0,0.06666666666666667,0.13333333333333333,0.0,0.0,6.0,1.0344765157337052,14.241666666666667,39.45,4.0,0.0,0.06666666666666667,0.0,0.13333333333333333,0.4381111111111112,7.0,0.8980337037213312,16.242857142857144,33.65,6.0,0.0,0.06666666666666667,0.0,0.2,0.5534126984126985,0.0,0.0,0.0,0.0,0.0,1.0,0.0,0.06666666666666667,0.0,0.0,1.0,0.0,2.35,2.35,1.0,0.0,0.0,0.0,0.06666666666666667,0.15666666666666668,1.0,0.0,3.1,3.1,1.0,0.0,0.0,0.0,0.06666666666666667,0.20666666666666667,0.0,0.0,0.0,0.0,0.0,1.0,0.0,0.06666666666666667,0.0,0.0,0.0,0.0,0.0,0.0,0.0,1.0,0.0,0.06666666666666667,0.0,0.0,6.0,0.06795753904358916,48.24166666666667,64.7,5.0,0.0,0.0,0.0,0.0,0.8333333333333334,0.0,0.0,0.0,0.0,0.0,1.0,0.0,0.06666666666666667,0.0,0.0,0.0,0.0,0.0,0.0,0.0,1.0,0.0,0.06666666666666667,0.0,0.0,6.0,0.15398434122236834,48.975,66.15,5.0,0.0,0.0,0.0,0.0,0.8333333333333334,3.0,1.0833333333333333,8.0,20.01875,9.0,22.727777777777778,0.0,0.0,1.0,17.35,1.0,18.1,0.0,0.0,0.0,0.0,0.0,0.0,0.0,0.0,0.0,0.0,1.0,0.45
north_heavy_seed1,north_heavy,1,81.2,96.2,36.0,3.866489217546728,18.82638888888889,21.0,11.799999999999997,1.0,13.217948786566147,0.0,0.0,0.0,0.0,0.06666666666666667,0.13333333333333333,0.0,0.0,6.0,1.3395921396117803,15.025,40.45,5.0,0.0,0.06666666666666667,0.0,0.2,0.46366666666666667,7.0,1.1906499477026438,17.1,34.65,6.0,0.0,0.06666666666666667,0.0,0.2,0.5772222222222223,0.0,0.0,0.0,0.0,0.0,0.0,0.0,0.06666666666666667,0.0,0.0,1.0,0.0,3.35,3.35,1.0,0.0,0.0,0.0,0.06666666666666667,0.22333333333333333,1.0,0.0,4.1,4.1,1.0,0.0,0.0,0.0,0.06666666666666667,0.2733333333333333,0.0,0.0,0.0,0.0,0.0,0.0,0.0,0.06666666666666667,0.0,0.0,0.0,0.0,0.0,0.0,0.0,0.0,0.0,0.06666666666666667,0.0,0.0,6.0,0.12036194547396223,38.125,63.1,4.0,2.0,0.0,0.0,-0.06666666666666667,0.10333333333333362,0.0,0.0,0.0,0.0,0.0,0.0,0.0,0.06666666666666667,0.0,0.0,0.0,0.0,0.0,0.0,0.0,0.0,0.0,0.06666666666666667,0.0,0.0,6.0,0.1703478908999162,38.61666666666667,64.5,4.0,2.0,0.0,0.0,-0.06666666666666667,0.08722222222222248,3.0,0.0,8.0,13.712499999999999,9.0,23.505555555555553,0.0,0.0,1.0,0.0,1.0,19.1,0.0,0.0,0.0,0.0,0.0,0.0,0.0,0.0,0.0,0.0,1.0,1.45
north_heavy_seed1,north_heavy,1,82.2,97.2,35.0,4.009591699202552,9.645714285714286,16.0,10.799999999999997,1.0,13.222858229878936,0.0,0.0,0.0,0.0,0.06666666666666667,0.13333333333333333,0.0,0.0,6.0,1.6616275314321867,15.858333333333334,41.45,5.0,0.0,0.06666666666666667,0.0,0.13333333333333333,0.4798888888888889,7.0,1.4751819330552993,17.95714285714286,35.65,6.0,0.0,0.06666666666666667,0.0,0.2,0.6010317460317461,0.0,0.0,0.0,0.0,0.0,0.0,0.0,0.06666666666666667,0.0,0.0,1.0,0.0,4.35,4.35,1.0,0.0,0.0,0.0,0.06666666666666667,0.29,1.0,0.0,5.1,5.1,1.0,0.0,0.0,0.0,0.06666666666666667,0.33999999999999997,0.0,0.0,0.0,0.0,0.0,0.0,0.0,0.06666666666666667,0.0,0.0,0.0,0.0,0.0,0.0,0.0,0.0,0.0,0.06666666666666667,0.0,0.0,5.0,0.5261353196779658,10.74,53.1,2.0,2.0,0.0,0.06666666666666667,-0.2,-1.7778888888888886,0.0,0.0,0.0,0.0,0.0,0.0,0.0,0.06666666666666667,0.0,0.0,0.0,0.0,0.0,0.0,0.0,0.0,0.0,0.06666666666666667,0.0,0.0,5.0,0.5691070244818881,10.72,53.6,1.0,2.0,0.0,0.06666666666666667,-0.26666666666666666,-1.828111111111111,2.0,0.0,7.0,2.478571428571428,9.0,24.28333333333333,0.0,0.0,0.0,0.0,1.0,20.1,0.0,0.0,0.0,0.0,0.0,0.0,0.0,0.0,0.0,0.0,1.0,2.45
north_heavy_seed1,north_heavy,1,83.2,98.2,35.0,4.474792690819391,6.951428571428572,13.0,9.799999999999997,1.0,13.226968932566113,0.0,0.0,0.0,0.0,0.06666666666666667,0.13333333333333333,0.0,0.0,6.0,1.9903234480505272,16.691666666666666,42.45,5.0,0.0,0.06666666666666667,0.0,0.13333333333333333,0.49544444444444447,7.0,1.7350845823119467,18.814285714285713,36.65,6.0,0.0,0.06666666666666667,0.0,0.13333333333333333,0.6203968253968254,0.0,0.0,0.0,0.0,0.0,0.0,0.0,0.06666666666666667,0.0,0.0,1.0,0.0,5.35,5.35,1.0,0.0,0.0,0.0,0.06666666666666667,0.35666666666666663,1.0,0.0,6.1,6.1,1.0,0.0,0.0,0.0,0.06666666666666667,0.4066666666666666,0.0,0.0,0.0,0.0,0.0,0.0,0.0,0.06666666666666667,0.0,0.0,0.0,0.0,0.0,0.0,0.0,0.0,0.0,0.06666666666666667,0.0,0.0,5.0,1.402432450185422,0.0,0.0,0.0,2.0,0.0,0.06666666666666667,-0.3333333333333333,-2.5494444444444446,0.0,0.0,0.0,0.0,0.0,0.0,0.0,0.06666666666666667,0.0,0.0,0.0,0.0,0.0,0.0,0.0,0.0,0.0,0.06666666666666667,0.0,0.0,5.0,1.4317027057518648,0.0,0.0,0.0,2.0,0.0,0.06666666666666667,-0.3333333333333333,-2.5983333333333336,2.0,0.0,7.0,0.0,9.0,25.06111111111111,0.0,0.0,0.0,0.0,1.0,21.1,0.0,0.0,0.0,0.0,0.0,0.0,0.0,0.0,0.0,0.0,1.0,3.45
north_heavy_seed1,north_heavy,1,84.2,99.2,35.0,4.9669072118038455,7.322857142857143,13.0,8.799999999999997,1.0,13.253784160519597,0.0,0.0,0.0,0.0,0.06666666666666667,0.13333333333333333,0.0,0.0,6.0,2.1995055074733103,17.525000000000002,43.45,5.0,0.0,0.06666666666666667,0.0,0.13333333333333333,0.5110000000000002,7.0,2.018286248764894,19.67142857142857,37.65,6.0,0.0,0.06666666666666667,0.0,0.13333333333333333,0.6330952380952382,0.0,0.0,0.0,0.0,0.0,0.0,0.0,0.06666666666666667,0.0,0.0,1.0,0.0,6.35,6.35,1.0,0.0,0.0,0.0,0.06666666666666667,0.4233333333333333,1.0,0.0,7.1,7.1,1.0,0.0,0.0,0.0,0.06666666666666667,0.47333333333333333,0.0,0.0,0.0,0.0,0.0,0.0,0.0,0.06666666666666667,0.0,0.0,0.0,0.0,0.0,0.0,0.0,0.0,0.0,0.06666666666666667,0.0,0.0,4.0,1.6107943172773818,0.0,0.0,0.0,2.0,0.0,0.13333333333333333,-0.3333333333333333,-2.6049999999999995,0.0,0.0,0.0,0.0,0.0,0.0,0.0,0.06666666666666667,0.0,0.0,0.0,0.0,0.0,0.0,0.0,0.0,0.0,0.06666666666666667,0.0,0.0,4.0,1.659763856742563,0.0,0.0,0.0,2.0,0.0,0.13333333333333333,-0.3333333333333333,-2.6538888888888885,2.0,0.0,6.0,0.0,9.0,25.83888888888889,0.0,0.0,0.0,0.0,1.0,22.1,0.0,0.0,0.0,0.0,0.0,0.0,0.0,0.0,0.0,0.0,1.0,4.45
north_heavy_seed1,north_heavy,1,85.2,100.2,37.0,5.169565850214727,7.278378378378378,13.0,7.799999999999997,2.0,13.195170805065306,0.0,0.0,0.0,0.0,0.13333333333333333,0.13333333333333333,0.0,0.0,7.0,2.2053916694432,15.735714285714286,44.45,5.0,0.0,0.13333333333333333,0.0,0.13333333333333333,0.35171428571428576,8.0,2.291606700880788,17.9625,38.65,6.0,0.0,0.13333333333333333,0.0,0.13333333333333333,0.4747222222222221,0.0,0.0,0.0,0.0,0.0,0.0,0.0,0.06666666666666667,0.0,0.0,1.0,0.0,7.35,7.35,1.0,0.0,0.0,0.0,0.06666666666666667,0.49,1.0,0.0,8.1,8.1,1.0,0.0,0.0,0.0,0.06666666666666667,0.5399999999999999,0.0,0.0,0.0,0.0,0.0,0.0,0.0,0.06666666666666667,0.0,0.0,0.0,0.0,0.0,0.0,0.0,0.0,0.0,0.06666666666666667,0.0,0.0,4.0,2.508314752393223,0.0,0.0,0.0,2.0,0.0,0.13333333333333333,-0.3333333333333333,-2.6605555555555553,0.0,0.0,0.0,0.0,0.0,0.0,0.0,0.06666666666666667,0.0,0.0,0.0,0.0,0.0,0.0,0.0,0.0,0.0,0.06666666666666667,0.0,0.0,4.0,2.549675701216977,0.0,0.0,0.0,2.0,0.0,0.13333333333333333,-0.3333333333333333,-2.7094444444444443,1.0,0.0,6.0,0.0,9.0,26.616666666666664,0.0,0.0,0.0,0.0,1.0,23.1,0.0,0.0,0.0,0.0,0.0,0.0,0.0,0.0,0.0,0.0,1.0,5.45
north_heavy_seed1,north_heavy,1,86.2,101.2,36.0,5.571115984359756,7.841666666666667,13.0,6.799999999999997,2.0,13.85302254415011,0.0,0.0,0.0,0.0,0.13333333333333333,0.06666666666666667,0.0,0.0,7.0,2.6265515006737212,16.45,45.45,5.0,0.0,0.13333333333333333,0.0,0.13333333333333333,0.3593333333333334,8.0,2.6722899557925204,18.7125,39.65,6.0,0.0,0.13333333333333333,0.0,0.13333333333333333,0.4802777777777777,0.0,0.0,0.0,0.0,0.0,0.0,0.0,0.06666666666666667,0.0,0.0,1.0,0.0,8.35,8.35,1.0,0.0,0.0,0.0,0.06666666666666667,0.5566666666666666,1.0,0.0,9.1,9.1,1.0,0.0,0.0,0.0,0.06666666666666667,0.6066666666666667,0.0,0.0,0.0,0.0,0.0,0.0,0.0,0.06666666666666667,0.0,0.0,0.0,0.0,0.0,0.0,0.0,0.0,0.0,0.06666666666666667,0.0,0.0,3.0,2.871072975024291,0.0,0.0,0.0,2.0,0.0,0.2,-0.3333333333333333,-2.716111111111111,0.0,0.0,0.0,0.0,0.0,0.0,0.0,0.06666666666666667,0.0,0.0,0.0,0.0,0.0,0.0,0.0,0.0,0.0,0.06666666666666667,0.0,0.0,3.0,2.7681960229950278,0.0,0.0,0.0,2.0,0.0,0.2,-0.3333333333333333,-2.765,1.0,0.0,5.0,0.0,9.0,27.41111111111111,0.0,0.0,0.0,0.0,1.0,24.1,0.0,0.0,0.0,0.0,0.0,0.0,0.0,0.0,0.0,0.0,1.0,6.45
north_heavy_seed1,north_heavy,1,87.2,102.2,36.0,6.116200180275394,8.202777777777778,13.0,5.799999999999997,2.0,13.833088746272944,0.0,0.0,0.0,0.0,0.13333333333333333,0.06666666666666667,0.0,0.0,7.0,2.9789564345028916,17.164285714285715,46.45,5.0,0.0,0.13333333333333333,0.0,0.13333333333333333,0.366952380952381,8.0,3.009343875256066,19.4625,40.65,6.0,0.0,0.13333333333333333,0.0,0.13333333333333333,0.4858333333333333,0.0,0.0,0.0,0.0,0.0,0.0,0.0,0.06666666666666667,0.0,0.0,1.0,0.0,9.35,9.35,1.0,0.0,0.0,0.0,0.06666666666666667,0.6233333333333333,1.0,0.0,10.1,10.1,1.0,0.0,0.0,0.0,0.06666666666666667,0.6733333333333333,0.0,0.0,0.0,0.0,0.0,0.0,0.0,0.06666666666666667,0.0,0.0,0.0,0.0,0.0,0.0,0.0,0.0,0.0,0.06666666666666667,0.0,0.0,3.0,3.7439895043051066,0.0,0.0,0.0,2.0,0.0,0.2,-0.3333333333333333,-2.7716666666666665,0.0,0.0,0.0,0.0,0.0,0.0,0.0,0.06666666666666667,0.0,0.0,0.0,0.0,0.0,0.0,0.0,0.0,0.0,0.06666666666666667,0.0,0.0,3.0,3.6249227251048555,0.0,0.0,0.0,2.0,0.0,0.2,-0.3333333333333333,-2.8205555555555555,1.0,0.0,5.0,0.0,9.0,28.299999999999997,0.0,0.0,0.0,0.0,1.0,25.1,0.0,0.0,0.0,0.0,0.0,0.0,0.0,0.0,0.0,0.0,1.0,7.45
north_heavy_seed1,north_heavy,1,114.2,129.25,40.0,7.880426074737064,10.25125,11.0,11.799999999999997,3.0,8.022221981796681,0.0,0.0,0.0,2.0,0.2,0.13333333333333333,0.0,0.0,3.0,11.645945695176584,0.0,0.0,0.0,2.0,0.2,0.4,0.0,0.0,12.0,1.7136837093741626,29.458333333333332,67.65,9.0,0.0,0.2,0.0,0.13333333333333333,0.24129629629629623,1.0,15.539373806739471,0.0,0.0,0.0,2.0,0.06666666666666667,0.0,0.0,0.0,1.0,13.702609732566186,0.0,0.0,0.0,2.0,0.06666666666666667,0.0,0.0,0.0,2.0,1.1304572943263653,18.55,37.1,1.0,0.0,0.06666666666666667,0.0,0.0,-0.23666666666666672,1.0,15.417697090912851,0.0,0.0,0.0,2.0,0.06666666666666667,0.0,0.0,0.0,1.0,14.05203223635336,0.0,0.0,0.0,0.0,0.06666666666666667,0.0,0.0,0.0,1.0,14.807353617152184,0.0,0.0,0.0,0.0,0.06666666666666667,0.0,0.0,0.0,1.0,15.597885134880212,0.0,0.0,0.0,2.0,0.06666666666666667,0.0,0.0,0.0,1.0,12.583024662522824,0.0,0.0,0.0,0.0,0.06666666666666667,0.0,0.0,0.0,2.0,1.198076294952278,9.725,19.45,1.0,0.0,0.06666666666666667,0.0,0.0,0.3516666666666666,4.0,0.0,1.0,0.0,13.0,31.36923076923077,1.0,0.0,1.0,0.0,3.0,0.0,1.0,0.0,2.0,0.9,2.0,1.2,1.0,0.0,2.0,0.2,3.0,11.5
north_heavy_seed1,north_heavy,1,115.2,130.25,39.0,8.107954239472742,10.796153846153846,11.0,10.799999999999997,3.0,8.731433056239098,0.0,0.0,0.0,2.0,0.2,0.06666666666666667,0.0,0.0,3.0,11.905142200656664,0.0,0.0,0.0,2.0,0.2,0.4,0.0,0.0,12.0,2.0678262515322374,30.208333333333332,68.65,9.0,0.0,0.2,0.0,0.13333333333333333,0.23944444444444457,1.0,16.03773927727647,0.0,0.0,0.0,2.0,0.06666666666666667,0.0,0.0,0.0,1.0,13.767784736396996,0.0,0.0,0.0,2.0,0.06666666666666667,0.0,0.0,0.0,2.0,2.4180705228550603,19.05,38.1,1.0,0.0,0.06666666666666667,0.0,0.0,-0.2700000000000001,1.0,15.468935498819533,0.0,0.0,0.0,2.0,0.06666666666666667,0.0,0.0,0.0,1.0,14.055442373306823,0.0,0.0,0.0,0.0,0.06666666666666667,0.0,0.0,0.0,1.0,14.78716329462848,0.0,0.0,0.0,0.0,0.06666666666666667,0.0,0.0,0.0,1.0,15.80049210627695,0.0,0.0,0.0,2.0,0.06666666666666667,0.0,0.0,0.0,1.0,12.625025454221518,0.0,0.0,0.0,0.0,0.06666666666666667,0.0,0.0,0.0,2.0,2.4557342224428678,10.225,20.45,1.0,0.0,0.06666666666666667,0.0,0.0,0.3183333333333333,4.0,0.0,1.0,0.0,12.0,16.270833333333332,1.0,0.0,1.0,0.0,2.0,0.0,1.0,0.0,2.0,1.4,2.0,1.7,1.0,0.0,2.0,0.7,3.0,11.833333333333334
north_heavy_seed1,north_heavy,1,116.2,131.25,38.0,8.214530523892218,11.369736842105263,11.0,9.799999999999997,3.0,9.204852477159646,0.0,0.0,0.0,2.0,0.2,0.06666666666666667,0.0,0.0,3.0,11.922627756354094,0.0,0.0,0.0,2.0,0.2,0.3333333333333333,0.0,0.0,12.0,2.405541490589612,30.958333333333332,69.65,9.0,0.0,0.2,0.0,0.06666666666666667,0.23648148148148138,1.0,16.03811061603881,0.0,0.0,0.0,2.0,0.06666666666666667,0.0,0.0,0.0,1.0,13.753954609065103,0.0,0.0,0.0,2.0,0.06666666666666667,0.0,0.0,0.0,2.0,3.6079027551046106,19.55,39.1,1.0,0.0,0.06666666666666667,0.0,0.0,-0.3033333333333334,1.0,15.476840219370402,0.0,0.0,0.0,2.0,0.06666666666666667,0.0,0.0,0.0,1.0,14.02897946754946,0.0,0.0,0.0,0.0,0.06666666666666667,0.0,0.0,0.0,1.0,14.844352481231544,0.0,0.0,0.0,0.0,0.06666666666666667,0.0,0.0,0.0,1.0,15.833499791664225,0.0,0.0,0.0,2.0,0.06666666666666667,0.0,0.0,0.0,1.0,12.57489021086529,0.0,0.0,0.0,0.0,0.06666666666666667,0.0,0.0,0.0,2.0,3.615894097179955,10.725,21.45,1.0,0.0,0.06666666666666667,0.0,0.0,0.285,4.0,0.15,1.0,0.0,12.0,7.570833333333333,1.0,0.0,1.0,0.0,2.0,0.0,1.0,0.0,2.0,1.9,2.0,2.2,1.0,0.0,2.0,1.2,3.0,12.383333333333333
north_heavy_seed1,north_heavy,1,117.2,132.25,38.0,8.408658823641407,11.659210526315789,11.0,8.799999999999997,3.0,9.075635355592876,0.0,0.0,0.0,2.0,0.2,0.06666666666666667,0.0,0.0,3.0,11.904730997549493,0.0,0.0,0.0,2.0,0.2,0.3333333333333333,0.0,0.0,12.0,2.6183627646816694,31.708333333333332,70.65,9.0,0.0,0.2,0.0,0.06666666666666667,0.22722222222222233,1.0,16.031498652594653,0.0,0.0,0.0,2.0,0.06666666666666667,0.0,0.0,0.0,1.0,13.784833703282773,0.0,0.0,0.0,2.0,0.06666666666666667,0.0,0.0,0.0,2.0,4.933355092613754,20.05,40.1,1.0,0.0,0.06666666666666667,0.0,0.0,-0.3366666666666667,1.0,15.46567094551128,0.0,0.0,0.0,2.0,0.06666666666666667,0.0,0.0,0.0,1.0,13.994946942137421,0.0,0.0,0.0,0.0,0.06666666666666667,0.0,0.0,0.0,1.0,14.838075108103439,0.0,0.0,0.0,0.0,0.06666666666666667,0.0,0.0,0.0,1.0,15.852216454467424,0.0,0.0,0.0,2.0,0.06666666666666667,0.0,0.0,0.0,1.0,12.587631640944855,0.0,0.0,0.0,0.0,0.06666666666666667,0.0,0.0,0.0,2.0,4.916764614762884,11.225,22.45,1.0,0.0,0.06666666666666667,0.0,0.0,0.25166666666666665,4.0,0.4,1.0,0.0,11.0,2.4318181818181817,1.0,0.0,1.0,0.0,1.0,0.0,1.0,0.0,2.0,2.4,2.0,2.7,1.0,0.0,2.0,1.7,3.0,13.049999999999999
north_heavy_seed1,north_heavy,1,118.2,133.25,37.0,8.473921625372475,12.271621621621621,11.0,7.799999999999997,3.0,8.695094857820285,0.0,0.0,0.0,2.0,0.2,0.06666666666666667,0.0,0.0,3.0,11.868337316865649,0.0,0.0,0.0,2.0,0.2,0.26666666666666666,0.0,0.0,12.0,2.8197602595764537,32.458333333333336,71.65,9.0,0.0,0.2,0.0,0.06666666666666667,0.21796296296296327,1.0,16.038671774244193,0.0,0.0,0.0,2.0,0.06666666666666667,0.0,0.0,0.0,1.0,13.756205356453563,0.0,0.0,0.0,2.0,0.06666666666666667,0.0,0.0,0.0,2.0,6.137773802837217,20.55,41.1,1.0,0.0,0.06666666666666667,0.0,0.0,-0.37000000000000005,1.0,15.464916290683519,0.0,0.0,0.0,2.0,0.06666666666666667,0.0,0.0,0.0,1.0,14.051576404780016,0.0,0.0,0.0,0.0,0.06666666666666667,0.0,0.0,0.0,1.0,14.779492283048093,0.0,0.0,0.0,0.0,0.06666666666666667,0.0,0.0,0.0,1.0,15.801322290147809,0.0,0.0,0.0,2.0,0.06666666666666667,0.0,0.0,0.0,1.0,12.612419268809484,0.0,0.0,0.0,0.0,0.06666666666666667,0.0,0.0,0.0,2.0,6.185889292530287,11.725,23.45,1.0,0.0,0.06666666666666667,0.0,0.0,0.21833333333333335,4.0,0.65,1.0,0.0,10.0,0.29000000000000004,1.0,0.0,1.0,0.0,1.0,0.0,1.0,0.0,2.0,2.9,2.0,3.2,1.0,0.0,2.0,2.2,3.0,13.716666666666667
north_heavy_seed1,north_heavy,1,119.2,134.25,36.0,8.515908138023025,12.918055555555556,11.0,6.799999999999997,3.0,8.386835714438613,0.0,0.0,0.0,2.0,0.2,0.06666666666666667,0.0,0.0,3.0,11.889402660127269,0.0,0.0,0.0,2.0,0.2,0.2,0.0,0.0,12.0,2.8486940524644413,33.208333333333336,72.65,9.0,0.0,0.2,0.0,0.06666666666666667,0.208703703703704,1.0,16.088466627107024,0.0,0.0,0.0,2.0,0.06666666666666667,0.0,0.0,0.0,1.0,13.771885742478323,0.0,0.0,0.0,2.0,0.06666666666666667,0.0,0.0,0.0,2.0,7.261226138546933,21.05,42.1,1.0,0.0,0.06666666666666667,0.0,0.0,-0.4033333333333334,1.0,15.42022906388001,0.0,0.0,0.0,2.0,0.06666666666666667,0.0,0.0,0.0,1.0,14.03096142892852,0.0,0.0,0.0,0.0,0.06666666666666667,0.0,0.0,0.0,1.0,14.771087459408664,0.0,0.0,0.0,0.0,0.06666666666666667,0.0,0.0,0.0,1.0,15.839606407578257,0.0,0.0,0.0,2.0,0.06666666666666667,0.0,0.0,0.0,1.0,12.602348056029752,0.0,0.0,0.0,0.0,0.06666666666666667,0.0,0.0,0.0,2.0,7.344896470635477,12.225,24.45,1.0,0.0,0.06666666666666667,0.0,0.0,0.18500000000000003,4.0,0.9,1.0,0.0,10.0,0.0,1.0,0.0,1.0,0.0,1.0,0.0,1.0,0.0,2.0,3.4,2.0,3.7,1.0,0.0,2.0,2.7,3.0,14.383333333333333
north_heavy_seed1,north_heavy,1,120.2,135.25,36.0,8.607734346450188,13.223611111111111,11.0,5.799999999999997,3.0,8.139917087379983,0.0,0.0,0.0,2.0,0.2,0.06666666666666667,0.0,0.0,3.0,11.865864530216479,0.0,0.0,0.0,2.0,0.2,0.13333333333333333,0.0,0.0,12.0,2.7586306396980667,33.958333333333336,73.65,9.0,0.0,0.2,0.0,0.06666666666666667,0.1994444444444447,1.0,16.091199810337766,0.0,0.0,0.0,2.0,0.06666666666666667,0.0,0.0,0.0,1.0,13.74488528218192,0.0,0.0,0.0,2.0,0.06666666666666667,0.0,0.0,0.0,2.0,8.505967340781288,21.55,43.1,1.0,0.0,0.06666666666666667,0.0,0.0,-0.4366666666666667,1.0,15.453875427912767,0.0,0.0,0.0,2.0,0.06666666666666667,0.0,0.0,0.0,1.0,14.001903922391456,0.0,0.0,0.0,0.0,0.06666666666666667,0.0,0.0,0.0,1.0,14.838171583815928,0.0,0.0,0.0,0.0,0.06666666666666667,0.0,0.0,0.0,1.0,15.788112075630496,0.0,0.0,0.0,2.0,0.06666666666666667,0.0,0.0,0.0,1.0,12.58364321561739,0.0,0.0,0.0,0.0,0.06666666666666667,0.0,0.0,0.0,2.0,8.174320420170776,12.725,25.45,1.0,0.0,0.06666666666666667,0.0,0.0,0.1516666666666667,4.0,1.2625,1.0,0.0,9.0,0.0,1.0,0.0,1.0,0.0,1.0,0.0,1.0,0.0,2.0,3.9,2.0,4.2,1.0,0.0,2.0,3.2,3.0,15.049999999999999
north_heavy_seed1,north_heavy,1,121.2,136.25,34.0,8.204287080979917,14.325000000000001,11.0,4.799999999999997,3.0,7.946747947310932,0.0,0.0,0.0,2.0,0.2,0.06666666666666667,0.0,0.0,3.0,11.87728028221126,0.0,0.0,0.0,2.0,0.2,0.13333333333333333,0.0,0.0,12.0,2.339399313762316,34.708333333333336,74.65,9.0,0.0,0.2,0.0,0.06666666666666667,0.19018518518518543,1.0,16.01497031812838,0.0,0.0,0.0,2.0,0.06666666666666667,0.0,0.0,0.0,1.0,13.798177279278887,0.0,0.0,0.0,2.0,0.06666666666666667,0.0,0.0,0.0,2.0,9.634764229083666,22.05,44.1,1.0,0.0,0.06666666666666667,0.0,0.0,-0.47000000000000003,1.0,15.42549441737317,0.0,0.0,0.0,2.0,0.06666666666666667,0.0,0.0,0.0,1.0,14.04731775802803,0.0,0.0,0.0,0.0,0.06666666666666667,0.0,0.0,0.0,1.0,14.836577433881102,0.0,0.0,0.0,0.0,0.06666666666666667,0.0,0.0,0.0,1.0,15.808634973383896,0.0,0.0,0.0,2.0,0.06666666666666667,0.0,0.0,0.0,1.0,12.583645262012482,0.0,0.0,0.0,0.0,0.06666666666666667,0.0,0.0,0.0,2.0,8.189091348898064,13.225,26.45,1.0,0.0,0.06666666666666667,0.0,0.0,0.11833333333333336,4.0,1.7625,1.0,0.25,8.0,0.0,1.0,0.0,1.0,0.0,1.0,0.0,1.0,0.0,2.0,4.4,2.0,4.7,1.0,0.0,2.0,3.7,3.0,15.716666666666667
north_heavy_seed1,north_heavy,1,122.2,137.25,34.0,8.024142634325713,14.648529411764706,11.0,3.799999999999997,3.0,7.806070367082627,0.0,0.0,0.0,2.0,0.13333333333333333,0.0,0.0,0.0,3.0,11.869676932505975,0.0,0.0,0.0,2.0,0.13333333333333333,0.06666666666666667,0.0,0.0,12.0,1.853736939618683,35.458333333333336,75.65,9.0,0.0,0.13333333333333333,0.0,0.06666666666666667,0.3992222222222225,1.0,16.014098683584507,0.0,0.0,0.0,2.0,0.06666666666666667,0.0,0.0,0.0,1.0,13.720957485853713,0.0,0.0,0.0,2.0,0.06666666666666667,0.0,0.0,0.0,2.0,9.713679887677719,22.55,45.1,1.0,0.0,0.06666666666666667,0.0,0.0,-0.5033333333333334,1.0,15.463587106562532,0.0,0.0,0.0,2.0,0.06666666666666667,0.0,0.0,0.0,1.0,13.981006769053737,0.0,0.0,0.0,0.0,0.06666666666666667,0.0,0.0,0.0,1.0,14.84374423773399,0.0,0.0,0.0,0.0,0.06666666666666667,0.0,0.0,0.0,1.0,15.847271144413543,0.0,0.0,0.0,2.0,0.06666666666666667,0.0,0.0,0.0,1.0,12.591013905817867,0.0,0.0,0.0,0.0,0.06666666666666667,0.0,0.0,0.0,2.0,8.199466915182528,13.725,27.45,1.0,0.0,0.06666666666666667,0.0,0.0,0.08500000000000002,4.0,2.3375,1.0,1.25,8.0,0.0,1.0,0.0,1.0,0.0,0.0,0.0,1.0,0.0,2.0,4.9,2.0,5.2,1.0,0.0,2.0,4.2,3.0,16.383333333333333
north_heavy_seed1,north_heavy,1,123.2,138.25,34.0,7.862912340668862,14.972058823529412,11.0,2.799999999999997,3.0,7.749168165911045,0.0,0.0,0.0,2.0,0.13333333333333333,0.0,0.0,0.0,2.0,12.274794901366892,0.0,0.0,0.0,2.0,0.13333333333333333,0.13333333333333333,0.0,0.0,12.0,1.4322312040856053,36.208333333333336,76.65,9.0,0.0,0.13333333333333333,0.0,0.06666666666666667,0.39588888888888907,1.0,16.025407200605166,0.0,0.0,0.0,2.0,0.06666666666666667,0.0,0.0,0.0,1.0,13.756239138278895,0.0,0.0,0.0,2.0,0.06666666666666667,0.0,0.0,0.0,2.0,9.693747422043351,23.05,46.1,1.0,0.0,0.06666666666666667,0.0,0.0,-0.5366666666666667,1.0,15.495053355716713,0.0,0.0,0.0,2.0,0.06666666666666667,0.0,0.0,0.0,1.0,13.984302741119272,0.0,0.0,0.0,0.0,0.06666666666666667,0.0,0.0,0.0,1.0,14.827397125700008,0.0,0.0,0.0,0.0,0.06666666666666667,0.0,0.0,0.0,1.0,15.878716103243795,0.0,0.0,0.0,2.0,0.06666666666666667,0.0,0.0,0.0,1.0,12.576437140293644,0.0,0.0,0.0,0.0,0.06666666666666667,0.0,0.0,0.0,2.0,8.118491405305852,14.225,28.45,1.0,0.0,0.06666666666666667,0.0,0.0,0.05166666666666669,4.0,3.0875,1.0,2.25,7.0,0.0,1.0,0.4,1.0,0.0,0.0,0.0,1.0,0.0,2.0,5.4,2.0,5.7,1.0,0.0,2.0,4.7,3.0,17.05
north_heavy_seed1,north_heavy,1,124.2,139.25,45.0,8.468340165496379,11.556666666666665,11.0,1.7999999999999972,4.0,7.859443061477445,0.0,0.0,0.0,2.0,0.13333333333333333,0.0,0.0,0.0,2.0,13.870348025216408,0.0,0.0,0.0,2.0,0.13333333333333333,0.2,0.0,0.0,13.0,1.1382390021438118,34.11538461538461,77.65,9.0,0.0,0.2,0.0,0.06666666666666667,0.20302564102564086,2.0,14.143088000000459,0.0,0.0,0.0,2.0,0.13333333333333333,0.0,0.0,0.0,2.0,13.517624392195142,0.0,0.0,0.0,2.0,0.13333333333333333,0.0,0.0,0.0,3.0,9.207323849801199,15.700000000000001,47.1,1.0,0.0,0.13333333333333333,0.0,0.0,-1.0933333333333333,2.0,13.72610953952632,0.0,0.0,0.0,2.0,0.13333333333333333,0.0,0.0,0.0,2.0,12.88725605623856,0.0,0.0,0.0,0.0,0.13333333333333333,0.0,0.0,0.0,2.0,12.752705801322673,0.0,0.0,0.0,0.0,0.13333333333333333,0.0,0.0,0.0,2.0,12.986433152425835,0.0,0.0,0.0,2.0,0.13333333333333333,0.0,0.0,0.0,2.0,13.009394757509456,0.0,0.0,0.0,0.0,0.13333333333333333,0.0,0.0,0.0,3.0,8.37076722256718,9.816666666666666,29.45,1.0,0.0,0.13333333333333333,0.0,0.0,-0.3088888888888889,4.0,3.8375,1.0,3.25,6.0,0.0,1.0,1.4,1.0,0.95,0.0,0.0,1.0,0.0,2.0,5.9,2.0,6.2,1.0,0.0,2.0,5.2,3.0,17.716666666666665
north_heavy_seed1,north_heavy,1,125.2,140.25,44.0,8.120173536143902,12.069318181818181,11.0,0.7999999999999972,4.0,8.284721598353453,0.0,0.0,0.0,2.0,0.13333333333333333,0.0,0.0,0.0,2.0,14.852413705297643,0.0,0.0,0.0,2.0,0.13333333333333333,0.13333333333333333,0.0,0.0,13.0,1.0090163915617263,34.80769230769231,78.65,9.0,0.0,0.13333333333333333,0.0,0.06666666666666667,0.3889976689976689,1.0,13.853731414410285,0.0,0.0,0.0,2.0,0.06666666666666667,0.0,0.0,0.0,2.0,13.538760808588709,0.0,0.0,0.0,2.0,0.13333333333333333,0.0,0.0,0.0,3.0,8.226270127738315,16.033333333333335,48.1,1.0,0.0,0.13333333333333333,0.0,0.0,-1.1377777777777778,1.0,11.98088495651493,0.0,0.0,0.0,2.0,0.06666666666666667,0.0,0.0,0.0,2.0,11.591800779743615,0.0,0.0,0.0,0.0,0.13333333333333333,0.0,0.0,0.0,2.0,10.25325640714852,0.0,0.0,0.0,0.0,0.13333333333333333,0.0,0.0,0.0,1.0,11.03923383944893,0.0,0.0,0.0,2.0,0.06666666666666667,0.0,0.0,0.0,2.0,13.963389717505539,0.0,0.0,0.0,0.0,0.13333333333333333,0.0,0.0,0.0,3.0,8.698995317536669,10.15,30.45,1.0,0.0,0.13333333333333333,0.0,0.0,-0.3533333333333333,5.0,3.8,2.0,2.125,6.0,0.0,1.0,2.4,1.0,1.95,0.0,0.0,1.0,0.5,2.0,6.4,2.0,6.7,1.0,0.0,2.0,6.2,3.0,18.383333333333333
north_heavy_seed1,north_heavy,1,126.2,141.25,43.0,7.664567228614959,12.60581395348837,11.0,2.799999999999997,4.0,8.762532207521781,0.0,0.0,0.0,1.0,0.13333333333333333,0.0,0.0,0.0,2.0,14.879772913873094,0.0,0.0,0.0,1.0,0.13333333333333333,0.13333333333333333,0.0,0.0,13.0,0.9389632025435412,35.5,79.65,9.0,0.0,0.13333333333333333,0.0,0.06666666666666667,0.3866666666666667,1.0,13.862272568766494,0.0,0.0,0.0,1.0,0.06666666666666667,0.0,0.0,0.0,2.0,13.554140757372956,0.0,0.0,0.0,1.0,0.13333333333333333,0.0,0.0,0.0,3.0,7.276957924313369,16.366666666666667,49.1,1.0,0.0,0.13333333333333333,0.0,0.0,-1.1822222222222223,1.0,11.995852321351412,0.0,0.0,0.0,1.0,0.06666666666666667,0.0,0.0,0.0,2.0,9.098447352708579,0.0,0.0,0.0,0.0,0.13333333333333333,0.0,0.0,0.0,2.0,7.7455919516766985,0.0,0.0,0.0,0.0,0.13333333333333333,0.0,0.0,0.0,1.0,11.045081855028323,0.0,0.0,0.0,1.0,0.06666666666666667,0.0,0.0,0.0,2.0,13.944395702292812,0.0,0.0,0.0,0.0,0.13333333333333333,0.0,0.0,0.0,3.0,7.583278391202131,10.483333333333333,31.45,1.0,0.0,0.13333333333333333,0.0,0.0,-0.3977777777777778,5.0,4.6,2.0,2.625,6.0,0.0,1.0,3.4,1.0,2.95,0.0,0.0,1.0,1.5,2.0,6.9,2.0,7.2,1.0,0.4,2.0,7.2,3.0,19.05
north_heavy_seed1,north_heavy,1,127.2,142.25,42.0,7.142849313557019,13.176190476190476,12.0,1.7999999999999972,4.0,9.261912104795588,0.0,0.0,0.0,1.0,0.13333333333333333,0.0,0.0,0.0,1.0,16.30645972302008,0.0,0.0,0.0,1.0,0.06666666666666667,0.13333333333333333,0.0,0.0,13.0,0.9198602306500663,36.19230769230769,80.65,9.0,0.0,0.13333333333333333,0.0,0.0,0.3794871794871796,1.0,13.867585068026093,0.0,0.0,0.0,1.0,0.06666666666666667,0.0,0.0,0.0,1.0,13.277049018401177,0.0,0.0,0.0,1.0,0.06666666666666667,0.0,0.0,0.0,3.0,6.050188210620292,16.7,50.1,1.0,0.0,0.13333333333333333,0.0,0.0,-1.2266666666666668,1.0,11.997244347534142,0.0,0.0,0.0,1.0,0.06666666666666667,0.0,0.0,0.0,2.0,6.601083705981127,0.0,0.0,0.0,0.0,0.13333333333333333,0.0,0.0,0.0,2.0,5.991159821378533,0.175,0.35,1.0,0.0,0.13333333333333333,0.0,0.06666666666666667,0.011666666666666665,1.0,11.046602900144565,0.0,0.0,0.0,1.0,0.06666666666666667,0.0,0.0,0.0,2.0,11.664071454004489,0.0,0.0,0.0,0.0,0.13333333333333333,0.0,0.0,0.0,3.0,6.160233580996205,10.816666666666668,32.45,1.0,0.0,0.13333333333333333,0.0,0.0,-0.44222222222222207,6.0,4.5,3.0,2.0833333333333335,6.0,0.0,1.0,4.4,1.0,3.95,0.0,0.0,1.0,2.5,2.0,7.4,2.0,7.7,1.0,1.4,2.0,8.2,3.0,19.716666666666665
north_heavy_seed1,north_heavy,1,128.25,143.25,42.0,7.099967223233064,13.508333333333335,14.0,0.75,4.0,9.811315625919347,0.0,0.0,0.0,1.0,0.13333333333333333,0.0,0.0,0.0,1.0,16.306324434777828,0.0,0.0,0.0,1.0,0.06666666666666667,0.13333333333333333,0.0,0.0,13.0,0.9416028431429644,36.96153846153846,81.7,10.0,0.0,0.13333333333333333,0.0,0.06666666666666667,0.3734965034965034,1.0,13.84480493863346,0.0,0.0,0.0,1.0,0.06666666666666667,0.0,0.0,0.0,1.0,13.278751858402266,0.0,0.0,0.0,1.0,0.06666666666666667,0.0,0.0,0.0,3.0,5.11709554890019,17.05,51.15,1.0,0.0,0.13333333333333333,0.0,0.0,-1.2733333333333332,1.0,11.983886018714403,0.0,0.0,0.0,1.0,0.06666666666666667,0.0,0.0,0.0,2.0,5.880613788121808,0.4,0.8,1.0,0.0,0.13333333333333333,0.0,0.06666666666666667,0.02666666666666667,2.0,5.989376604440622,0.7,1.4,1.0,0.0,0.13333333333333333,0.0,0.06666666666666667,0.04666666666666666,1.0,11.041465294200384,0.0,0.0,0.0,1.0,0.06666666666666667,0.0,0.0,0.0,2.0,9.347995417359275,0.0,0.0,0.0,0.0,0.13333333333333333,0.0,0.0,0.0,3.0,4.972535523541123,11.166666666666666,33.5,1.0,0.0,0.13333333333333333,0.0,0.0,-0.48888888888888893,6.0,5.166666666666667,3.0,2.4166666666666665,6.0,0.0,1.0,5.4,1.0,4.95,0.0,0.0,1.0,3.5,2.0,7.9,2.0,8.2,1.0,2.4,2.0,9.2,3.0,20.383333333333333
north_heavy_seed1,north_heavy,1,129.25,144.25,41.0,6.834583820598499,10.9,13.0,11.75,4.0,8.990227267170527,0.0,0.0,0.0,0.0,0.06666666666666667,0.0,0.0,0.0,1.0,16.28228513199288,0.0,0.0,0.0,0.0,0.06666666666666667,0.2,0.0,0.0,13.0,1.0633305531275197,31.36923076923077,79.45,9.0,2.0,0.06666666666666667,0.0,0.0,0.12489316239316253,1.0,13.827829000317726,0.0,0.0,0.0,0.0,0.06666666666666667,0.06666666666666667,0.0,0.0,1.0,13.28347725772461,0.0,0.0,0.0,0.0,0.06666666666666667,0.06666666666666667,0.0,0.0,3.0,4.983911052765949,0.0,0.0,0.0,2.0,0.06666666666666667,0.0,-0.06666666666666667,-1.2383333333333333,1.0,11.975602500303648,0.0,0.0,0.0,0.0,0.06666666666666667,0.06666666666666667,0.0,0.0,2.0,5.8674433521891105,0.9,1.8,1.0,0.0,0.06666666666666667,0.0,0.06666666666666667,0.060000000000000005,2.0,5.986284813088132,1.2,2.4,1.0,0.0,0.06666666666666667,0.0,0.06666666666666667,0.08,1.0,11.025159774504058,0.0,0.0,0.0,0.0,0.06666666666666667,0.06666666666666667,0.0,0.0,2.0,7.878117576382325,0.2,0.4,1.0,0.0,0.06666666666666667,0.0,0.06666666666666667,0.013333333333333334,3.0,4.30538606825852,11.5,34.5,1.0,0.0,0.06666666666666667,0.0,0.0,0.11666666666666667,6.0,3.5666666666666664,3.0,2.75,6.0,0.0,1.0,0.0,1.0,5.95,0.0,0.0,1.0,0.0,2.0,0.0,2.0,8.774999999999999,1.0,0.0,2.0,2.5,3.0,21.133333333333333
north_heavy_seed1,north_heavy,1,130.25,145.25,41.0,6.860981619575791,5.8134146341463415,10.0,10.75,4.0,7.0387913201499215,0.0,0.0,0.0,0.0,0.06666666666666667,0.0,0.0,0.0,1.0,16.326770542265955,0.0,0.0,0.0,0.0,0.06666666666666667,0.2,0.0,0.0,12.0,1.4340678472107449,16.270833333333332,58.05,6.0,2.0,0.06666666666666667,0.06666666666666667,-0.2,-0.9316666666666668,1.0,13.85090810128022,0.0,0.0,0.0,0.0,0.06666666666666667,0.06666666666666667,0.0,0.0,1.0,13.254126990219103,0.0,0.0,0.0,0.0,0.06666666666666667,0.06666666666666667,0.0,0.0,2.0,7.881885596387952,0.0,0.0,0.0,2.0,0.06666666666666667,0.06666666666666667,-0.06666666666666667,-1.2716666666666667,1.0,11.99952401915565,0.0,0.0,0.0,0.0,0.06666666666666667,0.06666666666666667,0.0,0.0,2.0,5.87014569400806,1.4,2.8,1.0,0.0,0.06666666666666667,0.0,0.06666666666666667,0.09333333333333332,2.0,5.991402986508328,1.7,3.4,1.0,0.0,0.06666666666666667,0.0,0.06666666666666667,0.11333333333333333,1.0,11.049430713176184,0.0,0.0,0.0,0.0,0.06666666666666667,0.06666666666666667,0.0,0.0,2.0,7.904650309627146,0.7,1.4,1.0,0.0,0.06666666666666667,0.0,0.06666666666666667,0.04666666666666666,3.0,4.063057033049928,11.833333333333334,35.5,1.0,0.0,0.06666666666666667,0.0,0.0,0.1055555555555556,5.0,0.0,3.0,3.0833333333333335,6.0,0.14166666666666666,0.0,0.0,1.0,6.95,0.0,0.0,0.0,0.0,1.0,0.0,2.0,9.774999999999999,0.0,0.0,1.0,0.0,3.0,22.133333333333336
north_heavy_seed1,north_heavy,1,131.25,146.25,41.0,6.992085598563603,3.395121951219512,11.0,9.75,4.0,5.790455913338277,0.15,0.6,1.0,0.0,0.06666666666666667,0.0,0.06666666666666667,0.01,1.0,16.244935643451395,0.0,0.0,0.0,0.0,0.06666666666666667,0.2,0.0,0.0,12.0,1.8835286699453209,7.570833333333333,36.9,5.0,2.0,0.06666666666666667,0.06666666666666667,-0.26666666666666666,-1.5616666666666668,1.0,13.84846658003633,0.0,0.0,0.0,0.0,0.06666666666666667,0.06666666666666667,0.0,0.0,1.0,13.28139273584633,0.0,0.0,0.0,0.0,0.06666666666666667,0.06666666666666667,0.0,0.0,2.0,8.794632522791922,0.0,0.0,0.0,2.0,0.06666666666666667,0.06666666666666667,-0.06666666666666667,-1.305,1.0,11.989817322031595,0.0,0.0,0.0,0.0,0.06666666666666667,0.06666666666666667,0.0,0.0,2.0,5.874542212205669,1.9,3.8,1.0,0.0,0.06666666666666667,0.0,0.06666666666666667,0.12666666666666665,2.0,5.9998888221778905,2.2,4.4,1.0,0.0,0.06666666666666667,0.0,0.06666666666666667,0.14666666666666667,1.0,11.025399217070001,0.0,0.0,0.0,0.0,0.06666666666666667,0.06666666666666667,0.0,0.0,2.0,7.860205621077881,1.2,2.4,1.0,0.0,0.06666666666666667,0.0,0.06666666666666667,0.08,3.0,4.004521286733911,12.383333333333333,36.5,2.0,0.0,0.06666666666666667,0.0,0.06666666666666667,0.10888888888888885,5.0,0.0,3.0,3.4166666666666665,6.0,0.30833333333333335,0.0,0.0,1.0,7.95,0.0,0.0,0.0,0.0,1.0,0.0,2.0,10.774999999999999,0.0,0.0,1.0,0.0,3.0,23.133333333333336
north_heavy_seed1,north_heavy,1,132.25,147.25,41.0,7.2338272465178655,1.9780487804878046,9.0,8.75,4.0,4.930416806736369,0.4,1.6,1.0,0.0,0.06666666666666667,0.0,0.06666666666666667,0.02666666666666667,1.0,16.277514343978943,0.0,0.0,0.0,0.0,0.06666666666666667,0.2,0.0,0.0,11.0,2.260978050543638,2.4318181818181817,20.85,3.0,2.0,0.06666666666666667,0.13333333333333333,-0.4,-1.9542676767676768,1.0,13.86912813823321,0.0,0.0,0.0,0.0,0.06666666666666667,0.06666666666666667,0.0,0.0,1.0,13.284571391881201,0.0,0.0,0.0,0.0,0.06666666666666667,0.06666666666666667,0.0,0.0,1.0,13.863570026559756,0.0,0.0,0.0,2.0,0.06666666666666667,0.13333333333333333,-0.06666666666666667,-1.3383333333333334,1.0,11.992583596520126,0.0,0.0,0.0,0.0,0.06666666666666667,0.06666666666666667,0.0,0.0,2.0,5.878926073282454,2.4,4.8,1.0,0.0,0.06666666666666667,0.0,0.06666666666666667,0.16,2.0,5.99285406081006,2.7,5.4,1.0,0.0,0.06666666666666667,0.0,0.06666666666666667,0.18000000000000002,1.0,11.041657009343538,0.0,0.0,0.0,0.0,0.06666666666666667,0.06666666666666667,0.0,0.0,2.0,7.8891299429938355,1.7,3.4,1.0,0.0,0.06666666666666667,0.0,0.06666666666666667,0.11333333333333333,3.0,3.992335533321223,13.049999999999999,37.5,2.0,0.0,0.06666666666666667,0.0,0.06666666666666667,0.11999999999999993,5.0,0.0,3.0,3.75,6.0,0.47500000000000003,0.0,0.0,1.0,8.95,0.0,0.0,0.0,0.0,0.0,0.0,2.0,11.774999999999999,0.0,0.0,0.0,0.0,3.0,24.133333333333336
north_heavy_seed1,north_heavy,1,133.25,148.25,41.0,7.313467388744149,1.5426829268292683,8.0,7.75,4.0,3.585059528285585,0.65,2.6,1.0,0.0,0.06666666666666667,0.0,0.06666666666666667,0.043333333333333335,1.0,15.464341295015227,0.0,0.0,0.0,0.0,0.06666666666666667,0.2,0.0,0.0,10.0,2.3716052630841107,0.29000000000000004,2.35,2.0,2.0,0.06666666666666667,0.2,-0.4666666666666667,-2.1470555555555553,1.0,13.869577945774655,0.0,0.0,0.0,0.0,0.06666666666666667,0.06666666666666667,0.0,0.0,1.0,13.281820978039633,0.0,0.0,0.0,0.0,0.06666666666666667,0.06666666666666667,0.0,0.0,1.0,13.867164793879493,0.0,0.0,0.0,2.0,0.06666666666666667,0.13333333333333333,-0.06666666666666667,-1.3716666666666666,1.0,11.999732220615261,0.0,0.0,0.0,0.0,0.06666666666666667,0.06666666666666667,0.0,0.0,2.0,5.878537186261927,2.9,5.8,1.0,0.0,0.06666666666666667,0.0,0.06666666666666667,0.19333333333333333,2.0,5.995360742162448,3.2,6.4,1.0,0.0,0.06666666666666667,0.0,0.06666666666666667,0.21333333333333335,1.0,11.032843853901062,0.0,0.0,0.0,0.0,0.06666666666666667,0.06666666666666667,0.0,0.0,2.0,6.399536525470504,2.2,4.4,1.0,0.0,0.06666666666666667,0.0,0.06666666666666667,0.14666666666666667,3.0,3.9962841378425367,13.716666666666667,38.5,2.0,0.0,0.06666666666666667,0.0,0.06666666666666667,0.13111111111111112,4.0,0.0,3.0,4.083333333333333,6.0,0.6416666666666667,0.0,0.0,1.0,9.95,0.0,0.0,0.0,0.0,0.0,0.0,2.0,12.774999999999999,0.0,0.0,0.0,0.0,3.0,25.133333333333336
north_heavy_seed1,north_heavy,1,134.25,149.25,41.0,7.3338525543855075,1.6182926829268292,6.0,6.75,4.0,2.4236549525370603,0.9,3.6,1.0,0.0,0.06666666666666667,0.0,0.06666666666666667,0.060000000000000005,1.0,9.96547101468378,0.0,0.0,0.0,0.0,0.06666666666666667,0.2,0.0,0.0,10.0,2.9458586033893353,0.0,0.0,0.0,2.0,0.06666666666666667,0.2,-0.6,-2.2163888888888885,1.0,13.859892386378489,0.0,0.0,0.0,0.0,0.06666666666666667,0.06666666666666667,0.0,0.0,1.0,13.291577147163208,0.0,0.0,0.0,0.0,0.06666666666666667,0.06666666666666667,0.0,0.0,1.0,13.846517105849927,0.0,0.0,0.0,2.0,0.06666666666666667,0.13333333333333333,-0.06666666666666667,-1.405,1.0,11.982988612982444,0.0,0.0,0.0,0.0,0.06666666666666667,0.06666666666666667,0.0,0.0,2.0,5.8769781905877965,3.4,6.8,1.0,0.0,0.06666666666666667,0.0,0.06666666666666667,0.22666666666666666,2.0,5.98622805615887,3.7,7.4,1.0,0.0,0.06666666666666667,0.0,0.06666666666666667,0.24666666666666667,1.0,11.034229604804345,0.0,0.0,0.0,0.0,0.06666666666666667,0.06666666666666667,0.0,0.0,2.0,4.386090255165329,2.7,5.4,1.0,0.0,0.06666666666666667,0.0,0.06666666666666667,0.18000000000000002,3.0,3.9917137798946265,14.383333333333333,39.5,2.0,0.0,0.06666666666666667,0.0,0.06666666666666667,0.1422222222222222,4.0,0.0,3.0,4.416666666666667,6.0,0.8083333333333332,0.0,0.0,1.0,10.95,0.0,0.0,0.0,0.0,0.0,0.0,2.0,13.774999999999999,0.0,0.0,0.0,0.0,3.0,26.133333333333336
north_heavy_seed1,north_heavy,1,135.25,150.25,41.0,7.393743791013502,1.775609756097561,7.0,5.75,4.0,1.4975345439728436,1.2625,4.6,2.0,0.0,0.06666666666666667,0.0,0.13333333333333333,0.08416666666666667,1.0,4.468111854676385,0.0,0.0,0.0,0.0,0.06666666666666667,0.2,0.0,0.0,9.0,3.300798688064267,0.0,0.0,0.0,2.0,0.06666666666666667,0.26666666666666666,-0.6,-2.266388888888889,1.0,11.839482284822637,0.0,0.0,0.0,0.0,0.06666666666666667,0.06666666666666667,0.0,0.0,1.0,13.276773433858054,0.0,0.0,0.0,0.0,0.06666666666666667,0.06666666666666667,0.0,0.0,1.0,13.832336192448857,0.0,0.0,0.0,2.0,0.06666666666666667,0.13333333333333333,-0.06666666666666667,-1.4383333333333332,1.0,11.977223915106151,0.0,0.0,0.0,0.0,0.06666666666666667,0.06666666666666667,0.0,0.0,2.0,5.872688259925889,3.9,7.8,1.0,0.0,0.06666666666666667,0.0,0.06666666666666667,0.26,2.0,5.81557631248632,4.2,8.4,1.0,0.0,0.06666666666666667,0.0,0.06666666666666667,0.28,1.0,11.038915240047421,0.0,0.0,0.0,0.0,0.06666666666666667,0.06666666666666667,0.0,0.0,2.0,2.698453983973653,3.2,6.4,1.0,0.0,0.06666666666666667,0.0,0.06666666666666667,0.21333333333333335,3.0,3.8045044389109,15.049999999999999,40.5,2.0,0.0,0.06666666666666667,0.0,0.06666666666666667,0.15333333333333327,3.0,0.0,3.0,4.75,6.0,1.0666666666666667,0.0,0.0,1.0,11.95,0.0,0.0,0.0,0.0,0.0,0.0,2.0,14.774999999999999,0.0,0.0,0.0,0.0,3.0,27.133333333333336
north_heavy_seed1,north_heavy,1,136.25,151.25,41.0,7.130764458076251,1.9524390243902439,8.0,4.75,4.0,0.7986808297975025,1.7625,5.6,2.0,0.0,0.06666666666666667,0.0,0.13333333333333333,0.1175,1.0,0.0,0.25,0.25,1.0,0.0,0.06666666666666667,0.2,0.06666666666666667,0.016666666666666666,8.0,3.703631458659885,0.0,0.0,0.0,2.0,0.06666666666666667,0.3333333333333333,-0.6,-2.3163888888888886,1.0,7.352714036307594,0.0,0.0,0.0,0.0,0.06666666666666667,0.06666666666666667,0.0,0.0,1.0,9.511150792566637,0.0,0.0,0.0,0.0,0.06666666666666667,0.06666666666666667,0.0,0.0,1.0,13.865632529145806,0.0,0.0,0.0,2.0,0.06666666666666667,0.13333333333333333,-0.06666666666666667,-1.4716666666666667,1.0,11.999224665476941,0.0,0.0,0.0,0.0,0.06666666666666667,0.06666666666666667,0.0,0.0,2.0,4.758790684690667,4.4,8.8,1.0,0.0,0.06666666666666667,0.0,0.06666666666666667,0.29333333333333333,2.0,4.475149867729159,4.7,9.4,1.0,0.0,0.06666666666666667,0.0,0.06666666666666667,0.31333333333333335,1.0,11.042194485214926,0.0,0.0,0.0,0.0,0.06666666666666667,0.06666666666666667,0.0,0.0,2.0,1.3925508013281123,3.7,7.4,1.0,0.0,0.06666666666666667,0.0,0.06666666666666667,0.24666666666666667,3.0,2.913353297689086,15.716666666666667,41.5,2.0,0.0,0.06666666666666667,0.0,0.06666666666666667,0.16444444444444445,3.0,0.0,3.0,5.083333333333333,6.0,1.4000000000000001,0.0,0.0,1.0,12.95,0.0,0.0,0.0,0.0,0.0,0.0,2.0,15.774999999999999,0.0,0.0,0.0,0.0,3.0,28.133333333333336
north_heavy_seed1,north_heavy,1,137.25,152.25,41.0,6.874925961398567,2.154878048780488,9.0,3.75,4.0,0.3521491587684084,2.3375,6.6,3.0,0.0,0.06666666666666667,0.0,0.2,0.15583333333333332,1.0,0.0,1.25,1.25,1.0,0.0,0.06666666666666667,0.2,0.06666666666666667,0.08333333333333333,8.0,4.677636629703649,0.0,0.0,0.0,2.0,0.06666666666666667,0.3333333333333333,-0.6,-2.366388888888889,1.0,2.8527140363075985,0.0,0.0,0.0,0.0,0.06666666666666667,0.06666666666666667,0.0,0.0,1.0,5.017571795984774,0.0,0.0,0.0,0.0,0.06666666666666667,0.06666666666666667,0.0,0.0,0.0,0.0,0.0,0.0,0.0,2.0,0.0,0.13333333333333333,-0.06666666666666667,-1.505,1.0,10.163768014377993,0.0,0.0,0.0,0.0,0.06666666666666667,0.06666666666666667,0.0,0.0,2.0,3.5229584061430503,4.9,9.8,1.0,0.0,0.06666666666666667,0.0,0.06666666666666667,0.3266666666666667,2.0,3.261815738376156,5.2,10.4,1.0,0.0,0.06666666666666667,0.0,0.06666666666666667,0.3466666666666667,1.0,11.02932712142115,0.0,0.0,0.0,0.0,0.06666666666666667,0.06666666666666667,0.0,0.0,2.0,0.5516757198293983,4.2,8.4,1.0,0.0,0.06666666666666667,0.0,0.06666666666666667,0.28,3.0,2.1193626740157474,16.383333333333333,42.5,2.0,0.0,0.06666666666666667,0.0,0.06666666666666667,0.17555555555555552,2.0,0.0,3.0,5.416666666666667,6.0,1.8583333333333332,0.0,0.0,1.0,13.95,0.0,0.0,0.0,0.0,0.0,0.0,2.0,16.775,0.0,0.0,0.0,0.0,3.0,29.133333333333336
north_heavy_seed1,north_heavy,1,138.25,153.25,39.0,6.149833919129831,2.5064102564102564,10.0,2.75,4.0,0.12532979158885846,3.0875,7.6,3.0,0.0,0.06666666666666667,0.0,0.2,0.20583333333333334,1.0,0.0,2.25,2.25,1.0,0.0,0.06666666666666667,0.13333333333333333,0.06666666666666667,0.15,7.0,5.141903042552082,0.0,0.0,0.0,2.0,0.06666666666666667,0.4,-0.6,-2.4163888888888887,1.0,0.0,0.4,0.4,1.0,0.0,0.06666666666666667,0.06666666666666667,0.06666666666666667,0.02666666666666667,1.0,0.5285229531478236,0.0,0.0,0.0,0.0,0.06666666666666667,0.06666666666666667,0.0,0.0,0.0,0.0,0.0,0.0,0.0,2.0,0.0,0.13333333333333333,-0.06666666666666667,-1.5383333333333333,1.0,6.1637680143779985,0.0,0.0,0.0,0.0,0.06666666666666667,0.06666666666666667,0.0,0.0,2.0,2.4477646939009206,5.4,10.8,1.0,0.0,0.06666666666666667,0.0,0.06666666666666667,0.36000000000000004,2.0,2.2253588169307834,5.7,11.4,1.0,0.0,0.06666666666666667,0.0,0.06666666666666667,0.38,1.0,10.645626294336742,0.0,0.0,0.0,0.0,0.06666666666666667,0.06666666666666667,0.0,0.0,2.0,0.17614661193669484,4.7,9.4,1.0,0.0,0.06666666666666667,0.0,0.06666666666666667,0.31333333333333335,3.0,1.431031192484628,17.05,43.5,2.0,0.0,0.06666666666666667,0.0,0.06666666666666667,0.1866666666666667,2.0,0.0,3.0,5.75,6.0,2.375,0.0,0.0,1.0,14.95,0.0,0.0,0.0,0.0,0.0,0.0,2.0,17.775,0.0,0.0,0.0,0.0,3.0,30.133333333333336
north_heavy_seed1,north_heavy,1,139.25,154.25,38.0,5.772337445413387,2.860526315789474,11.0,1.75,4.0,0.04138957260586476,3.8375,8.6,3.0,0.0,0.0,0.0,0.2,0.2558333333333333,1.0,0.0,3.25,3.25,1.0,0.0,0.0,0.06666666666666667,0.06666666666666667,0.21666666666666667,6.0,5.545438284067984,0.0,0.0,0.0,2.0,0.0,0.4666666666666667,-0.6,-2.2766666666666664,1.0,0.0,1.4,1.4,1.0,0.0,0.0,0.06666666666666667,0.06666666666666667,0.09333333333333332,1.0,0.0,0.95,0.95,1.0,0.0,0.0,0.06666666666666667,0.06666666666666667,0.06333333333333332,0.0,0.0,0.0,0.0,0.0,2.0,0.0,0.2,-0.06666666666666667,-1.0477777777777777,1.0,2.163768014377995,0.0,0.0,0.0,0.0,0.0,0.06666666666666667,0.0,0.0,2.0,1.5649318791864442,5.9,11.8,1.0,0.0,0.0,0.0,0.06666666666666667,0.39333333333333337,2.0,1.3871665701021696,6.2,12.4,1.0,0.0,0.0,0.0,0.06666666666666667,0.41333333333333333,1.0,6.645693471400883,0.0,0.0,0.0,0.0,0.0,0.06666666666666667,0.0,0.0,2.0,0.05082207746166146,5.2,10.4,1.0,0.0,0.0,0.0,0.06666666666666667,0.3466666666666667,3.0,0.896869827480118,17.716666666666665,44.5,2.0,0.0,0.0,0.0,0.06666666666666667,0.5255555555555554,2.0,0.0,3.0,6.083333333333333,6.0,3.0416666666666665,0.0,0.0,1.0,15.95,0.0,0.0,0.0,0.0,0.0,0.0,2.0,18.775,0.0,0.0,0.0,0.0,3.0,31.133333333333336
north_heavy_seed1,north_heavy,1,140.25,155.25,41.0,5.594873464494197,2.971951219512195,14.0,0.75,5.0,0.5188648990005915,3.8,9.6,4.0,0.0,0.06666666666666667,0.0,0.26666666666666666,0.2533333333333333,2.0,1.0600360820533634,2.125,4.25,1.0,0.0,0.06666666666666667,0.06666666666666667,0.06666666666666667,0.14166666666666666,6.0,6.203230553890724,0.0,0.0,0.0,2.0,0.06666666666666667,0.5333333333333333,-0.6,-2.322820512820513,1.0,0.0,2.4,2.4,1.0,0.0,0.0,0.0,0.06666666666666667,0.16,1.0,0.0,1.95,1.95,1.0,0.0,0.0,0.06666666666666667,0.06666666666666667,0.13,0.0,0.0,0.0,0.0,0.0,2.0,0.0,0.2,-0.06666666666666667,-1.07,1.0,0.0,0.5,0.5,1.0,0.0,0.0,0.0,0.06666666666666667,0.03333333333333333,2.0,0.913220309195952,6.4,12.8,1.0,0.0,0.0,0.0,0.06666666666666667,0.4266666666666667,2.0,0.7981450787540795,6.7,13.4,1.0,0.0,0.0,0.0,0.06666666666666667,0.44666666666666666,1.0,2.65251168520356,0.0,0.0,0.0,0.0,0.0,0.0,0.0,0.0,2.0,0.014758295089502766,6.2,11.4,2.0,0.0,0.0,0.0,0.13333333333333333,0.41333333333333333,3.0,0.5058186908897656,18.383333333333333,45.5,2.0,0.0,0.0,0.0,0.06666666666666667,0.5477777777777778,3.0,0.0,4.0,4.8125,7.0,3.1785714285714284,0.0,0.0,1.0,16.95,0.0,0.0,0.0,0.0,0.0,0.0,2.0,19.775,0.0,0.0,0.0,0.0,3.0,32.13333333333333
north_heavy_seed1,north_heavy,1,141.25,156.25,41.0,5.788262766482073,3.323170731707317,15.0,2.75,5.0,0.890253241024417,4.6,10.6,4.0,0.0,0.06666666666666667,0.0,0.26666666666666666,0.30666666666666664,2.0,2.0324650354992047,2.625,5.25,1.0,0.0,0.06666666666666667,0.06666666666666667,0.06666666666666667,0.175,6.0,7.42245143871527,0.0,0.0,0.0,1.0,0.06666666666666667,0.5333333333333333,-0.6,-2.368974358974359,1.0,0.0,3.4,3.4,1.0,0.0,0.0,0.0,0.06666666666666667,0.22666666666666666,1.0,0.0,2.95,2.95,1.0,0.0,0.0,0.06666666666666667,0.06666666666666667,0.19666666666666668,0.0,0.0,0.0,0.0,0.0,1.0,0.0,0.2,-0.06666666666666667,-1.0922222222222222,1.0,0.0,1.5,1.5,1.0,0.0,0.0,0.0,0.06666666666666667,0.1,2.0,0.4932666601746159,6.9,13.8,1.0,0.0,0.0,0.0,0.06666666666666667,0.46,2.0,0.41852210832038556,7.2,14.4,1.0,0.0,0.0,0.0,0.06666666666666667,0.48000000000000004,1.0,0.0,0.4,0.4,1.0,0.0,0.0,0.0,0.06666666666666667,0.02666666666666667,2.0,0.004021365737665513,7.2,12.4,2.0,0.0,0.0,0.0,0.13333333333333333,0.48000000000000004,3.0,0.2635337434800216,19.05,46.5,2.0,0.0,0.0,0.0,0.06666666666666667,0.5700000000000001,2.0,0.0,4.0,5.0625,7.0,3.871428571428571,0.0,0.0,1.0,17.95,0.0,0.0,0.0,0.0,0.0,0.0,2.0,20.775,0.0,0.0,0.0,0.0,3.0,33.13333333333333
north_heavy_seed1,north_heavy,1,142.25,157.25,44.0,5.96740234374036,3.4375,15.0,1.75,6.0,1.4204448448364204,4.5,11.6,4.0,0.0,0.13333333333333333,0.0,0.26666666666666666,0.3,3.0,3.1549358008565704,2.0833333333333335,6.25,1.0,0.0,0.13333333333333333,0.0,0.06666666666666667,0.1388888888888889,6.0,8.438977668601854,0.0,0.0,0.0,1.0,0.13333333333333333,0.6,-0.6,-2.4151282051282053,1.0,0.0,4.4,4.4,1.0,0.0,0.0,0.0,0.06666666666666667,0.29333333333333333,1.0,0.0,3.95,3.95,1.0,0.0,0.0,0.0,0.06666666666666667,0.26333333333333336,0.0,0.0,0.0,0.0,0.0,1.0,0.0,0.2,-0.06666666666666667,-1.1144444444444443,1.0,0.0,2.5,2.5,1.0,0.0,0.0,0.0,0.06666666666666667,0.16666666666666666,2.0,0.24490702803086378,7.4,14.8,1.0,0.0,0.0,0.0,0.06666666666666667,0.49333333333333335,2.0,0.20691154431557843,7.7,15.4,1.0,0.0,0.0,0.0,0.0,0.5,1.0,0.0,1.4,1.4,1.0,0.0,0.0,0.0,0.06666666666666667,0.09333333333333332,2.0,0.0011329929926887775,8.2,13.4,2.0,0.0,0.0,0.0,0.13333333333333333,0.5466666666666666,3.0,0.1303754470730694,19.716666666666665,47.5,2.0,0.0,0.0,0.0,0.06666666666666667,0.5922222222222221,1.0,0.0,4.0,5.3125,7.0,4.685714285714285,0.0,0.0,1.0,18.95,0.0,0.0,0.0,0.0,0.0,0.0,2.0,21.775,0.0,0.0,0.0,0.0,3.0,34.13333333333333
north_heavy_seed1,north_heavy,1,143.25,158.25,42.0,5.865135212829959,3.9583333333333335,15.0,0.75,6.0,2.1820451043990885,5.166666666666667,12.6,4.0,0.0,0.13333333333333333,0.0,0.26666666666666666,0.34444444444444444,3.0,4.483644609632058,2.4166666666666665,7.25,1.0,0.0,0.13333333333333333,0.0,0.06666666666666667,0.1611111111111111,6.0,7.874757800824651,0.0,0.0,0.0,1.0,0.13333333333333333,0.6,-0.6666666666666666,-2.464102564102564,1.0,0.0,5.4,5.4,1.0,0.0,0.0,0.0,0.06666666666666667,0.36000000000000004,1.0,0.0,4.95,4.95,1.0,0.0,0.0,0.0,0.06666666666666667,0.33,0.0,0.0,0.0,0.0,0.0,1.0,0.0,0.2,-0.06666666666666667,-1.1366666666666667,1.0,0.0,3.5,3.5,1.0,0.0,0.0,0.0,0.06666666666666667,0.23333333333333334,2.0,0.11639679996118021,7.9,15.8,1.0,0.0,0.0,0.0,0.0,0.5,2.0,0.0990063698269356,8.2,16.4,1.0,0.0,0.0,0.0,0.0,0.49999999999999994,1.0,0.0,2.4,2.4,1.0,0.0,0.0,0.0,0.06666666666666667,0.16,2.0,0.00031957514847565213,9.2,14.4,2.0,0.0,0.0,0.0,0.13333333333333333,0.6133333333333333,3.0,0.06115473157215032,20.383333333333333,48.5,2.0,0.0,0.0,0.0,0.06666666666666667,0.6144444444444445,1.0,0.0,4.0,5.5625,7.0,5.542857142857143,0.0,0.0,1.0,19.95,0.0,0.0,0.0,0.0,0.0,0.0,2.0,22.775,0.0,0.0,0.0,0.0,3.0,35.13333333333333
north_heavy_seed1,north_heavy,1,144.25,159.25,41.0,5.973694442158166,2.964634146341463,11.0,29.75,6.0,2.9996072591362886,3.5666666666666664,9.45,3.0,2.0,0.13333333333333333,0.0,0.2,0.23777777777777775,3.0,5.997005125960972,2.75,8.25,1.0,0.0,0.13333333333333333,0.0,0.06666666666666667,0.18333333333333332,6.0,7.297790341801125,0.0,0.0,0.0,0.0,0.13333333333333333,0.6,-0.6,-2.0912820512820516,1.0,0.6242236251663625,0.0,0.0,0.0,2.0,0.0,0.0,0.0,0.0,1.0,0.0,5.95,5.95,1.0,0.0,0.0,0.0,0.06666666666666667,0.39666666666666667,0.0,0.0,0.0,0.0,0.0,0.0,0.0,0.2,0.0,0.0,1.0,0.48418435107335384,0.0,0.0,0.0,2.0,0.0,0.0,0.0,0.0,2.0,0.5098627722759244,0.0,0.0,0.0,2.0,0.0,0.0,-0.06666666666666667,-0.060000000000000005,2.0,0.045095174014996055,8.774999999999999,17.4,2.0,0.0,0.0,0.0,0.06666666666666667,0.5049999999999999,1.0,0.4941955865742826,0.0,0.0,0.0,2.0,0.0,0.0,0.0,0.0,2.0,0.3853555892612177,2.5,5.0,1.0,2.0,0.0,0.0,0.0,0.15333333333333332,3.0,0.028236959724579302,21.133333333333333,49.5,3.0,0.0,0.0,0.0,0.13333333333333333,0.6422222222222221,1.0,0.0,4.0,5.8125,7.0,6.3999999999999995,0.0,0.0,1.0,20.95,0.0,0.0,0.0,0.0,0.0,0.0,2.0,23.775,0.0,0.0,0.0,0.0,3.0,36.13333333333333
north_heavy_seed1,north_heavy,1,145.25,160.25,40.0,6.437720158711942,2.575,8.0,28.75,5.0,4.728895098963023,0.0,0.0,0.0,2.0,0.13333333333333333,0.06666666666666667,0.0,0.0,3.0,7.4548556543994025,3.0833333333333335,9.25,1.0,0.0,0.13333333333333333,0.0,0.06666666666666667,0.20555555555555557,6.0,7.167967729427214,0.14166666666666666,0.85,1.0,0.0,0.13333333333333333,0.5333333333333333,-0.3333333333333333,-1.0752777777777778,0.0,0.0,0.0,0.0,0.0,2.0,0.0,0.06666666666666667,0.0,0.0,1.0,0.0,6.95,6.95,1.0,0.0,0.0,0.0,0.06666666666666667,0.4633333333333333,0.0,0.0,0.0,0.0,0.0,0.0,0.0,0.13333333333333333,0.0,0.0,0.0,0.0,0.0,0.0,0.0,2.0,0.0,0.06666666666666667,0.0,0.0,1.0,1.7013212839507639,0.0,0.0,0.0,2.0,0.0,0.06666666666666667,-0.06666666666666667,-0.09333333333333332,2.0,0.0207891156961064,9.774999999999999,18.4,2.0,0.0,0.0,0.0,0.06666666666666667,0.5383333333333333,0.0,0.0,0.0,0.0,0.0,2.0,0.0,0.06666666666666667,0.0,0.0,1.0,1.8438367478857145,0.0,0.0,0.0,2.0,0.0,0.06666666666666667,-0.06666666666666667,-0.04666666666666666,3.0,0.012918599639784804,22.133333333333336,50.5,3.0,0.0,0.0,0.0,0.13333333333333333,0.6866666666666669,1.0,0.0,4.0,6.0625,7.0,7.257142857142857,0.0,0.0,1.0,21.95,0.0,0.0,0.0,0.0,0.0,0.0,2.0,24.775,0.0,0.0,0.0,0.0,3.0,37.13333333333333
north_heavy_seed1,north_heavy,1,146.25,161.25,40.0,7.016576446208984,2.775,8.0,27.75,5.0,5.9082195605138015,0.0,0.0,0.0,2.0,0.13333333333333333,0.06666666666666667,-0.06666666666666667,-0.01,3.0,8.409943313422415,3.4166666666666665,10.25,1.0,0.0,0.13333333333333333,0.0,0.06666666666666667,0.22777777777777777,6.0,6.940625614169328,0.30833333333333335,1.85,1.0,0.0,0.13333333333333333,0.5333333333333333,-0.26666666666666666,-0.48416666666666663,0.0,0.0,0.0,0.0,0.0,2.0,0.0,0.06666666666666667,0.0,0.0,1.0,0.0,7.95,7.95,1.0,0.0,0.0,0.0,0.06666666666666667,0.53,0.0,0.0,0.0,0.0,0.0,0.0,0.0,0.13333333333333333,0.0,0.0,0.0,0.0,0.0,0.0,0.0,2.0,0.0,0.06666666666666667,0.0,0.0,1.0,3.369262371453879,0.0,0.0,0.0,2.0,0.0,0.06666666666666667,-0.06666666666666667,-0.12666666666666665,2.0,0.009583677363996183,10.774999999999999,19.4,2.0,0.0,0.0,0.0,0.06666666666666667,0.5716666666666667,0.0,0.0,0.0,0.0,0.0,2.0,0.0,0.06666666666666667,0.0,0.0,1.0,4.081303808180372,0.0,0.0,0.0,2.0,0.0,0.06666666666666667,-0.06666666666666667,-0.08,3.0,0.005924482024715388,23.133333333333336,51.5,3.0,0.0,0.0,0.0,0.06666666666666667,0.7166666666666669,1.0,0.0,4.0,6.4625,7.0,8.114285714285716,0.0,0.0,1.0,22.95,0.0,0.0,0.0,0.0,0.0,0.0,2.0,25.775,0.0,0.0,0.0,0.0,3.0,38.13333333333333
north_heavy_seed1,north_heavy,1,147.25,162.25,40.0,7.5068141814754314,2.975,8.0,26.75,5.0,6.9624238413081,0.0,0.0,0.0,2.0,0.13333333333333333,0.06666666666666667,-0.06666666666666667,-0.02666666666666667,3.0,8.708786215060085,3.75,11.25,1.0,0.0,0.13333333333333333,0.0,0.06666666666666667,0.25,6.0,6.570466830121819,0.47500000000000003,2.85,1.0,0.0,0.13333333333333333,0.4666666666666667,-0.13333333333333333,-0.13045454545454543,0.0,0.0,0.0,0.0,0.0,2.0,0.0,0.06666666666666667,0.0,0.0,1.0,0.0,8.95,8.95,1.0,0.0,0.0,0.0,0.06666666666666667,0.5966666666666666,0.0,0.0,0.0,0.0,0.0,0.0,0.0,0.06666666666666667,0.0,0.0,0.0,0.0,0.0,0.0,0.0,2.0,0.0,0.06666666666666667,0.0,0.0,0.0,0.0,0.0,0.0,0.0,2.0,0.0,0.13333333333333333,-0.06666666666666667,-0.16,2.0,0.004391814935333901,11.774999999999999,20.4,2.0,0.0,0.0,0.0,0.06666666666666667,0.605,0.0,0.0,0.0,0.0,0.0,2.0,0.0,0.06666666666666667,0.0,0.0,0.0,0.0,0.0,0.0,0.0,2.0,0.0,0.13333333333333333,-0.06666666666666667,-0.11333333333333333,3.0,0.0027196492016924897,24.133333333333336,52.5,3.0,0.0,0.0,0.0,0.06666666666666667,0.7388888888888892,1.0,0.0,4.0,7.1125,7.0,8.971428571428572,0.0,0.0,1.0,23.95,0.0,0.0,0.0,0.0,0.0,0.0,2.0,26.775,0.0,0.0,0.0,0.0,3.0,39.13333333333333
north_heavy_seed1,north_heavy,1,148.25,163.25,39.0,7.723019292273088,3.2564102564102564,8.0,25.75,4.0,8.45669377990241,0.0,0.0,0.0,2.0,0.13333333333333333,0.13333333333333333,-0.06666666666666667,-0.043333333333333335,3.0,8.586432759098384,4.083333333333333,12.25,1.0,0.0,0.13333333333333333,0.0,0.06666666666666667,0.2722222222222222,6.0,5.881814419190551,0.6416666666666667,3.85,1.0,0.0,0.13333333333333333,0.4,-0.06666666666666667,0.023444444444444445,0.0,0.0,0.0,0.0,0.0,2.0,0.0,0.06666666666666667,0.0,0.0,1.0,0.0,9.95,9.95,1.0,0.0,0.0,0.0,0.06666666666666667,0.6633333333333333,0.0,0.0,0.0,0.0,0.0,0.0,0.0,0.06666666666666667,0.0,0.0,0.0,0.0,0.0,0.0,0.0,2.0,0.0,0.06666666666666667,0.0,0.0,0.0,0.0,0.0,0.0,0.0,2.0,0.0,0.13333333333333333,-0.06666666666666667,-0.19333333333333333,2.0,0.0019959145445102187,12.774999999999999,21.4,2.0,0.0,0.0,0.0,0.06666666666666667,0.6383333333333333,0.0,0.0,0.0,0.0,0.0,2.0,0.0,0.06666666666666667,0.0,0.0,0.0,0.0,0.0,0.0,0.0,2.0,0.0,0.13333333333333333,-0.06666666666666667,-0.14666666666666667,3.0,0.0012542841597025561,25.133333333333336,53.5,3.0,0.0,0.0,0.0,0.06666666666666667,0.7611111111111113,1.0,0.0,4.0,7.8625,7.0,9.828571428571427,0.0,0.0,1.0,24.95,0.0,0.0,0.0,0.0,0.0,0.0,2.0,27.775,0.0,0.0,0.0,0.0,3.0,40.13333333333333
north_heavy_seed1,north_heavy,1,149.25,164.25,38.0,7.800834765356532,3.5526315789473686,8.0,24.75,4.0,8.858436905518873,0.0,0.0,0.0,2.0,0.13333333333333333,0.13333333333333333,-0.06666666666666667,-0.060000000000000005,3.0,8.58331091439044,4.416666666666667,13.25,1.0,0.0,0.13333333333333333,0.0,0.06666666666666667,0.29444444444444445,6.0,4.558179831867861,0.8083333333333332,4.85,1.0,0.0,0.13333333333333333,0.4,0.06666666666666667,0.05388888888888888,0.0,0.0,0.0,0.0,0.0,2.0,0.0,0.06666666666666667,0.0,0.0,1.0,0.0,10.95,10.95,1.0,0.0,0.0,0.0,0.06666666666666667,0.73,0.0,0.0,0.0,0.0,0.0,0.0,0.0,0.06666666666666667,0.0,0.0,0.0,0.0,0.0,0.0,0.0,2.0,0.0,0.06666666666666667,0.0,0.0,0.0,0.0,0.0,0.0,0.0,2.0,0.0,0.13333333333333333,-0.06666666666666667,-0.22666666666666666,2.0,0.000921686686624552,13.774999999999999,22.4,2.0,0.0,0.0,0.0,0.06666666666666667,0.6716666666666666,0.0,0.0,0.0,0.0,0.0,2.0,0.0,0.06666666666666667,0.0,0.0,0.0,0.0,0.0,0.0,0.0,2.0,0.0,0.13333333333333333,-0.06666666666666667,-0.18000000000000002,3.0,0.000573171815274558,26.133333333333336,54.5,3.0,0.0,0.0,0.0,0.06666666666666667,0.7833333333333335,1.0,0.0,4.0,8.6125,7.0,10.685714285714285,0.0,0.0,1.0,25.95,0.0,0.0,0.0,0.0,0.0,0.0,2.0,28.775,0.0,0.0,0.0,0.0,3.0,41.13333333333333
north_heavy_seed1,north_heavy,1,150.25,165.25,36.0,7.598850468477811,3.9874999999999994,9.0,23.75,3.0,10.578100160942052,0.0,0.0,0.0,2.0,0.13333333333333333,0.2,-0.13333333333333333,-0.08416666666666667,3.0,8.496489236951161,4.75,14.25,1.0,0.0,0.13333333333333333,0.0,0.06666666666666667,0.31666666666666665,6.0,3.2983504649594457,1.0666666666666667,5.85,2.0,0.0,0.13333333333333333,0.3333333333333333,0.13333333333333333,0.07111111111111111,0.0,0.0,0.0,0.0,0.0,2.0,0.0,0.06666666666666667,0.0,0.0,1.0,0.0,11.95,11.95,1.0,0.0,0.0,0.0,0.06666666666666667,0.7966666666666666,0.0,0.0,0.0,0.0,0.0,0.0,0.0,0.06666666666666667,0.0,0.0,0.0,0.0,0.0,0.0,0.0,2.0,0.0,0.06666666666666667,0.0,0.0,0.0,0.0,0.0,0.0,0.0,2.0,0.0,0.13333333333333333,-0.06666666666666667,-0.26,2.0,0.0004268548352265064,14.774999999999999,23.4,2.0,0.0,0.0,0.0,0.06666666666666667,0.705,0.0,0.0,0.0,0.0,0.0,2.0,0.0,0.06666666666666667,0.0,0.0,0.0,0.0,0.0,0.0,0.0,2.0,0.0,0.13333333333333333,-0.06666666666666667,-0.21333333333333335,3.0,0.000263751020822836,27.133333333333336,55.5,3.0,0.0,0.0,0.0,0.06666666666666667,0.8055555555555558,1.0,0.0,4.0,9.3625,7.0,11.542857142857143,0.0,0.0,1.0,26.95,0.0,0.0,0.0,0.0,0.0,0.0,2.0,29.775,0.0,0.0,0.0,0.0,3.0,42.13333333333333
north_heavy_seed1,north_heavy,1,151.25,166.25,35.0,7.437167980309315,4.358571428571428,9.0,22.75,3.0,10.70845288372247,0.0,0.0,0.0,2.0,0.13333333333333333,0.2,-0.13333333333333333,-0.1175,3.0,8.452650475345436,5.083333333333333,15.25,1.0,0.0,0.13333333333333333,0.0,0.0,0.3222222222222222,6.0,2.2209387314267763,1.4000000000000001,6.85,2.0,0.0,0.13333333333333333,0.26666666666666666,0.13333333333333333,0.09333333333333334,0.0,0.0,0.0,0.0,0.0,2.0,0.0,0.06666666666666667,0.0,0.0,1.0,0.0,12.95,12.95,1.0,0.0,0.0,0.0,0.06666666666666667,0.8633333333333333,0.0,0.0,0.0,0.0,0.0,0.0,0.0,0.06666666666666667,0.0,0.0,0.0,0.0,0.0,0.0,0.0,2.0,0.0,0.06666666666666667,0.0,0.0,0.0,0.0,0.0,0.0,0.0,2.0,0.0,0.13333333333333333,-0.06666666666666667,-0.29333333333333333,2.0,0.00019615017584547514,15.774999999999999,24.4,2.0,0.0,0.0,0.0,0.06666666666666667,0.7383333333333333,0.0,0.0,0.0,0.0,0.0,2.0,0.0,0.06666666666666667,0.0,0.0,0.0,0.0,0.0,0.0,0.0,2.0,0.0,0.13333333333333333,-0.06666666666666667,-0.24666666666666667,3.0,0.00012022563949043692,28.133333333333336,56.5,3.0,0.0,0.0,0.0,0.06666666666666667,0.827777777777778,1.0,0.0,4.0,10.1125,7.0,12.4,0.0,0.0,1.0,27.95,0.0,0.0,0.0,0.0,0.0,0.0,2.0,30.775,0.0,0.0,0.0,0.0,3.0,43.13333333333333
north_heavy_seed1,north_heavy,1,186.25,201.25,35.0,5.481951571643114,10.827142857142857,13.0,2.75,3.0,2.715011149075775,0.016666666666666666,0.05,1.0,0.0,0.13333333333333333,0.0,0.06666666666666667,0.0011111111111111111,7.0,0.8596019987410334,15.950000000000001,50.25,4.0,0.0,0.13333333333333333,0.0,0.06666666666666667,0.32400000000000007,10.0,0.9436762716440544,21.93,41.85,7.0,0.0,0.13333333333333333,0.0,0.06666666666666667,0.4886666666666667,1.0,13.83395328228362,0.0,0.0,0.0,0.0,0.06666666666666667,0.0,0.0,0.0,2.0,0.5994482837695218,23.975,47.95,1.0,0.0,0.06666666666666667,0.0,0.0,-0.5983333333333334,1.0,13.842324573517544,0.0,0.0,0.0,0.0,0.06666666666666667,0.0,0.0,0.0,1.0,11.594689609670315,0.0,0.0,0.0,0.0,0.06666666666666667,0.0,0.0,0.0,1.0,14.809497455805543,0.0,0.0,0.0,0.0,0.06666666666666667,0.0,0.0,0.0,1.0,14.691917931779356,0.0,0.0,0.0,2.0,0.06666666666666667,0.13333333333333333,-0.13333333333333333,-2.385,1.0,13.437334628104713,0.0,0.0,0.0,0.0,0.06666666666666667,0.0,0.0,0.0,1.0,12.977471838963654,0.0,0.0,0.0,0.0,0.06666666666666667,0.0,0.0,0.0,1.0,13.34426126838964,0.0,0.0,0.0,2.0,0.06666666666666667,0.2,-0.2,-3.2088888888888887,2.0,0.0,3.0,0.0,12.0,28.583333333333332,0.0,0.0,1.0,0.0,1.0,1.5,0.0,0.0,1.0,3.5,1.0,2.4,0.0,0.0,1.0,0.8,1.0,1.05
north_heavy_seed1,north_heavy,1,187.25,202.25,35.0,5.608428270847525,11.198571428571428,13.0,1.75,3.0,2.736919188501948,0.35000000000000003,1.05,1.0,0.0,0.06666666666666667,0.0,0.06666666666666667,0.023333333333333334,7.0,0.8905071774822186,16.521428571428572,51.25,4.0,0.0,0.06666666666666667,0.0,0.06666666666666667,0.451984126984127,10.0,0.9155233318426348,22.630000000000003,42.85,7.0,0.0,0.06666666666666667,0.0,0.06666666666666667,0.5990370370370371,1.0,13.83948308275314,0.0,0.0,0.0,0.0,0.06666666666666667,0.0,0.0,0.0,2.0,1.672946841681937,24.475,48.95,1.0,0.0,0.06666666666666667,0.0,0.0,-0.6316666666666667,1.0,13.838282216875815,0.0,0.0,0.0,0.0,0.06666666666666667,0.0,0.0,0.0,1.0,11.635404948599172,0.0,0.0,0.0,0.0,0.06666666666666667,0.0,0.0,0.0,1.0,16.610186958711598,0.0,0.0,0.0,0.0,0.06666666666666667,0.0,0.0,0.0,1.0,14.649626485924305,0.0,0.0,0.0,2.0,0.06666666666666667,0.13333333333333333,-0.13333333333333333,-2.4516666666666667,1.0,13.411741116689067,0.0,0.0,0.0,0.0,0.06666666666666667,0.0,0.0,0.0,1.0,13.029374711443639,0.0,0.0,0.0,0.0,0.06666666666666667,0.0,0.0,0.0,1.0,13.320470660326068,0.0,0.0,0.0,2.0,0.06666666666666667,0.2,-0.2,-3.2755555555555556,2.0,0.0,3.0,0.0,12.0,29.383333333333336,0.0,0.0,0.0,0.0,1.0,2.5,0.0,0.0,1.0,4.5,1.0,3.4,0.0,0.0,1.0,1.8,1.0,2.05
north_heavy_seed1,north_heavy,1,188.25,203.25,35.0,5.722737485120277,11.595714285714287,14.0,0.75,3.0,2.9760754409523904,0.6833333333333332,2.05,1.0,0.0,0.06666666666666667,0.0,0.06666666666666667,0.04555555555555555,7.0,1.0372645987127502,17.22142857142857,52.25,5.0,0.0,0.06666666666666667,0.0,0.13333333333333333,0.4653174603174603,10.0,0.9415441252864314,23.330000000000002,43.85,7.0,0.0,0.06666666666666667,0.0,0.06666666666666667,0.6012592592592594,1.0,13.85141819883138,0.0,0.0,0.0,0.0,0.06666666666666667,0.0,0.0,0.0,2.0,2.6265342101892233,24.975,49.95,1.0,0.0,0.06666666666666667,0.0,0.0,-0.6650000000000001,1.0,13.82966263891547,0.0,0.0,0.0,0.0,0.06666666666666667,0.0,0.0,0.0,1.0,11.640787747339347,0.0,0.0,0.0,0.0,0.06666666666666667,0.0,0.0,0.0,1.0,16.633548299811782,0.0,0.0,0.0,0.0,0.06666666666666667,0.0,0.0,0.0,1.0,14.667912944152087,0.0,0.0,0.0,2.0,0.06666666666666667,0.13333333333333333,-0.13333333333333333,-2.518333333333333,1.0,13.412806134135012,0.0,0.0,0.0,0.0,0.06666666666666667,0.0,0.0,0.0,1.0,12.973772550000545,0.0,0.0,0.0,0.0,0.06666666666666667,0.0,0.0,0.0,1.0,13.30030879954062,0.0,0.0,0.0,2.0,0.06666666666666667,0.2,-0.2,-3.342222222222222,2.0,0.0,2.0,0.0,12.0,30.21666666666667,0.0,0.0,0.0,0.0,1.0,3.5,0.0,0.0,1.0,5.5,1.0,4.4,0.0,0.0,1.0,2.8,1.0,3.05
north_heavy_seed1,north_heavy,1,189.25,204.25,35.0,5.900779212625165,11.995714285714286,14.0,2.75,3.0,3.488966827058844,1.0166666666666666,3.05,1.0,0.0,0.06666666666666667,0.0,0.06666666666666667,0.06777777777777777,7.0,1.2477768671432177,17.935714285714287,53.25,5.0,0.0,0.06666666666666667,0.0,0.13333333333333333,0.47960317460317464,10.0,1.0184658820028523,24.03,44.85,7.0,0.0,0.06666666666666667,0.0,0.0,0.5997777777777777,1.0,13.840860206061043,0.0,0.0,0.0,0.0,0.06666666666666667,0.0,0.0,0.0,2.0,3.5833010973310797,25.475,50.95,1.0,0.0,0.06666666666666667,0.0,0.0,-0.6983333333333335,1.0,13.883783004415456,0.0,0.0,0.0,0.0,0.06666666666666667,0.0,0.0,0.0,1.0,11.609829824771733,0.0,0.0,0.0,0.0,0.06666666666666667,0.0,0.0,0.0,1.0,16.58362016102672,0.0,0.0,0.0,0.0,0.06666666666666667,0.0,0.0,0.0,1.0,14.738758607543142,0.0,0.0,0.0,1.0,0.06666666666666667,0.13333333333333333,-0.13333333333333333,-2.585,1.0,13.420138115868452,0.0,0.0,0.0,0.0,0.06666666666666667,0.0,0.0,0.0,1.0,13.007460749180725,0.0,0.0,0.0,0.0,0.06666666666666667,0.0,0.0,0.0,1.0,13.323428614906264,0.0,0.0,0.0,1.0,0.06666666666666667,0.2,-0.2,-3.408888888888889,2.0,0.0,2.0,0.0,12.0,31.05,0.0,0.0,0.0,0.0,1.0,4.5,0.0,0.0,1.0,6.5,1.0,5.4,0.0,0.0,1.0,3.8,1.0,4.05
north_heavy_seed1,north_heavy,1,190.25,205.25,35.0,6.093658968624563,12.41,15.0,1.75,3.0,4.0709980844390525,1.5166666666666666,4.05,2.0,0.0,0.06666666666666667,0.0,0.13333333333333333,0.10111111111111111,7.0,1.5170642200666105,18.650000000000002,54.25,5.0,0.0,0.06666666666666667,0.0,0.06666666666666667,0.4916666666666668,10.0,1.157113374551305,24.73,45.85,7.0,0.0,0.06666666666666667,0.0,0.0,0.5945925925925926,1.0,13.831257557013306,0.0,0.0,0.0,0.0,0.06666666666666667,0.0,0.0,0.0,2.0,4.5383844901401105,25.975,51.95,1.0,0.0,0.06666666666666667,0.0,0.0,-0.7316666666666668,1.0,13.877710961886915,0.0,0.0,0.0,0.0,0.06666666666666667,0.0,0.0,0.0,1.0,11.581239048262361,0.0,0.0,0.0,0.0,0.06666666666666667,0.0,0.0,0.0,1.0,16.580975597150626,0.0,0.0,0.0,0.0,0.06666666666666667,0.0,0.0,0.0,1.0,14.651286649270983,0.0,0.0,0.0,1.0,0.06666666666666667,0.13333333333333333,-0.13333333333333333,-2.6516666666666664,1.0,13.407192207815372,0.0,0.0,0.0,0.0,0.06666666666666667,0.0,0.0,0.0,1.0,13.025067979870334,0.0,0.0,0.0,0.0,0.06666666666666667,0.0,0.0,0.0,1.0,13.318699626572892,0.0,0.0,0.0,1.0,0.06666666666666667,0.2,-0.2,-3.4755555555555557,2.0,0.0,2.0,0.0,12.0,31.883333333333336,0.0,0.0,0.0,0.0,1.0,5.5,0.0,0.0,1.0,7.5,1.0,6.4,0.0,0.0,1.0,4.8,1.0,5.05
north_heavy_seed1,north_heavy,1,191.25,206.25,35.0,6.304131000580186,12.865714285714287,17.0,0.75,3.0,4.6179005240957425,2.183333333333333,5.05,2.0,0.0,0.06666666666666667,0.0,0.13333333333333333,0.14555555555555555,7.0,1.8147258882516792,19.457142857142856,55.25,6.0,0.0,0.06666666666666667,0.0,0.13333333333333333,0.5010317460317458,10.0,1.2967746429777918,25.46,46.85,8.0,0.0,0.06666666666666667,0.0,0.06666666666666667,0.5914074074074075,1.0,13.861999900467927,0.0,0.0,0.0,0.0,0.06666666666666667,0.0,0.0,0.0,2.0,5.490527339905487,26.475,52.95,1.0,0.0,0.06666666666666667,0.0,0.0,-0.7650000000000001,1.0,13.885307280792622,0.0,0.0,0.0,0.0,0.06666666666666667,0.0,0.0,0.0,1.0,11.612400241285798,0.0,0.0,0.0,0.0,0.06666666666666667,0.0,0.0,0.0,1.0,16.655470061406493,0.0,0.0,0.0,0.0,0.06666666666666667,0.0,0.0,0.0,1.0,14.69028544849816,0.0,0.0,0.0,1.0,0.06666666666666667,0.13333333333333333,-0.13333333333333333,-2.7183333333333333,1.0,13.412541555620978,0.0,0.0,0.0,0.0,0.06666666666666667,0.0,0.0,0.0,1.0,12.985062396298131,0.0,0.0,0.0,0.0,0.06666666666666667,0.0,0.0,0.0,1.0,13.33068784684478,0.0,0.0,0.0,1.0,0.06666666666666667,0.2,-0.2,-3.542222222222222,2.0,0.0,2.0,0.0,12.0,32.71666666666667,0.0,0.0,0.0,0.0,1.0,6.5,0.0,0.0,1.0,8.5,1.0,7.4,0.0,0.0,1.0,5.8,1.0,6.05
north_heavy_seed1,north_heavy,1,192.25,207.25,35.0,6.513369517303146,10.030000000000001,14.0,29.75,3.0,4.807575944872503,0.8333333333333334,2.5,1.0,2.0,0.06666666666666667,0.0,0.06666666666666667,0.05555555555555556,7.0,2.2382660612647842,12.278571428571428,31.6,5.0,2.0,0.06666666666666667,0.0,0.06666666666666667,-0.021984126984127054,10.0,1.4174487186551543,26.26,47.85,8.0,0.0,0.06666666666666667,0.0,0.06666666666666667,0.5928888888888889,1.0,13.876222000210547,0.0,0.0,0.0,2.0,0.06666666666666667,0.0,0.0,0.0,2.0,6.797963089429257,0.0,0.0,0.0,2.0,0.06666666666666667,0.0,-0.06666666666666667,-2.5966666666666667,1.0,13.82861100795446,0.0,0.0,0.0,0.0,0.06666666666666667,0.0,0.0,0.0,1.0,11.601744868860116,0.0,0.0,0.0,2.0,0.06666666666666667,0.0,0.0,0.0,1.0,16.59599872754887,0.0,0.0,0.0,0.0,0.06666666666666667,0.0,0.0,0.0,1.0,14.69469697193715,0.0,0.0,0.0,0.0,0.06666666666666667,0.13333333333333333,-0.06666666666666667,-1.105,1.0,13.415342974026702,0.0,0.0,0.0,2.0,0.06666666666666667,0.0,0.0,0.0,1.0,13.012461222516109,0.0,0.0,0.0,0.0,0.06666666666666667,0.0,0.0,0.0,1.0,13.301256156132553,0.0,0.0,0.0,0.0,0.06666666666666667,0.2,-0.13333333333333333,-1.7755555555555558,2.0,0.0,2.0,0.0,12.0,33.550000000000004,0.0,0.0,0.0,0.0,1.0,7.5,0.0,0.0,1.0,9.5,1.0,8.4,0.0,0.0,1.0,6.8,1.0,7.05
north_heavy_seed1,north_heavy,1,193.25,208.25,35.0,6.892668097608551,7.9871428571428575,11.0,28.75,2.0,7.600058636669243,0.0,0.0,0.0,2.0,0.06666666666666667,0.06666666666666667,0.0,0.0,6.0,3.261107863876934,1.425,5.9,2.0,2.0,0.06666666666666667,0.06666666666666667,-0.13333333333333333,-0.7899999999999999,10.0,1.405306050965386,27.1,48.85,9.0,0.0,0.06666666666666667,0.0,0.13333333333333333,0.597037037037037,1.0,13.833217929762323,0.0,0.0,0.0,2.0,0.06666666666666667,0.0,0.0,0.0,1.0,13.888196457357845,0.0,0.0,0.0,2.0,0.06666666666666667,0.06666666666666667,-0.06666666666666667,-2.6633333333333336,1.0,13.845798711254028,0.0,0.0,0.0,0.0,0.06666666666666667,0.0,0.0,0.0,1.0,11.62153155567241,0.0,0.0,0.0,2.0,0.06666666666666667,0.0,0.0,0.0,1.0,16.638343165531758,0.0,0.0,0.0,0.0,0.06666666666666667,0.0,0.0,0.0,1.0,14.691957079793394,0.0,0.0,0.0,0.0,0.06666666666666667,0.06666666666666667,0.0,0.0,1.0,13.43281829685859,0.0,0.0,0.0,2.0,0.06666666666666667,0.0,0.0,0.0,1.0,13.001315523858617,0.0,0.0,0.0,0.0,0.06666666666666667,0.0,0.0,0.0,1.0,13.30555642285803,0.0,0.0,0.0,0.0,0.06666666666666667,0.13333333333333333,0.0,0.0,2.0,0.0,2.0,0.0,12.0,34.38333333333333,0.0,0.0,0.0,0.0,1.0,8.5,0.0,0.0,1.0,10.5,1.0,9.4,0.0,0.0,1.0,7.8,1.0,8.05
north_heavy_seed1,north_heavy,1,194.25,209.25,35.0,7.244556677050634,8.0,9.0,27.75,2.0,8.423085346273023,0.0,0.0,0.0,2.0,0.06666666666666667,0.06666666666666667,0.0,0.0,6.0,4.143409039308297,0.0,0.0,0.0,2.0,0.06666666666666667,0.06666666666666667,-0.26666666666666666,-0.9294444444444445,10.0,1.404044069071338,28.0,49.85,9.0,0.0,0.06666666666666667,0.0,0.13333333333333333,0.605185185185185,1.0,13.840233224014518,0.0,0.0,0.0,2.0,0.06666666666666667,0.0,0.0,0.0,1.0,13.838586189140333,0.0,0.0,0.0,2.0,0.06666666666666667,0.06666666666666667,-0.06666666666666667,-2.73,1.0,13.86199294367456,0.0,0.0,0.0,0.0,0.06666666666666667,0.0,0.0,0.0,1.0,11.593994097049583,0.0,0.0,0.0,2.0,0.06666666666666667,0.0,0.0,0.0,1.0,16.56442105703056,0.0,0.0,0.0,0.0,0.06666666666666667,0.0,0.0,0.0,1.0,14.650897193125516,0.0,0.0,0.0,0.0,0.06666666666666667,0.06666666666666667,0.0,0.0,1.0,13.437360084508095,0.0,0.0,0.0,2.0,0.06666666666666667,0.0,0.0,0.0,1.0,13.0045371082029,0.0,0.0,0.0,0.0,0.06666666666666667,0.0,0.0,0.0,1.0,13.289290031746026,0.0,0.0,0.0,0.0,0.06666666666666667,0.13333333333333333,0.0,0.0,2.0,0.0,2.0,0.0,12.0,35.21666666666667,0.0,0.0,0.0,0.0,1.0,9.5,0.0,0.0,1.0,11.5,1.0,10.4,0.0,0.0,1.0,8.8,1.0,9.05
north_heavy_seed1,north_heavy,1,195.25,210.25,34.0,7.375141308261957,8.5,9.0,26.75,1.0,13.871258386045229,0.0,0.0,0.0,2.0,0.06666666666666667,0.13333333333333333,0.0,0.0,5.0,5.327177982826254,0.0,0.0,0.0,2.0,0.06666666666666667,0.13333333333333333,-0.26666666666666666,-0.9738888888888889,10.0,1.4027610464306668,28.9,50.85,9.0,0.0,0.06666666666666667,0.0,0.13333333333333333,0.6133333333333331,1.0,13.834923040376744,0.0,0.0,0.0,2.0,0.06666666666666667,0.0,0.0,0.0,1.0,13.8878047852905,0.0,0.0,0.0,2.0,0.06666666666666667,0.06666666666666667,-0.06666666666666667,-2.796666666666667,1.0,13.86821785802953,0.0,0.0,0.0,0.0,0.06666666666666667,0.0,0.0,0.0,1.0,11.615753679111368,0.0,0.0,0.0,2.0,0.06666666666666667,0.0,0.0,0.0,1.0,13.989268352199453,0.0,0.0,0.0,0.0,0.06666666666666667,0.0,0.0,0.0,1.0,14.719689356970669,0.0,0.0,0.0,0.0,0.06666666666666667,0.0,0.0,0.0,1.0,13.397425498426442,0.0,0.0,0.0,2.0,0.06666666666666667,0.0,0.0,0.0,1.0,13.012623093770786,0.0,0.0,0.0,0.0,0.06666666666666667,0.0,0.0,0.0,1.0,13.319496727037007,0.0,0.0,0.0,0.0,0.06666666666666667,0.06666666666666667,0.0,0.0,2.0,0.0,2.0,0.0,12.0,36.050000000000004,0.0,0.0,0.0,0.0,1.0,10.5,0.0,0.0,1.0,12.5,1.0,11.4,0.0,0.0,1.0,9.8,1.0,10.05
north_heavy_seed1,north_heavy,1,196.25,211.25,34.0,7.452132405569049,8.764705882352942,9.0,25.75,1.0,13.861144201550633,0.0,0.0,0.0,2.0,0.06666666666666667,0.13333333333333333,0.0,0.0,5.0,5.873542002914257,0.0,0.0,0.0,2.0,0.06666666666666667,0.13333333333333333,-0.26666666666666666,-1.0183333333333333,10.0,1.0380558157142048,29.8,51.85,9.0,0.0,0.06666666666666667,0.0,0.13333333333333333,0.6214814814814815,1.0,13.889112975248135,0.0,0.0,0.0,2.0,0.06666666666666667,0.0,0.0,0.0,1.0,13.857253899045755,0.0,0.0,0.0,2.0,0.06666666666666667,0.06666666666666667,-0.06666666666666667,-2.8633333333333337,1.0,13.884814822574846,0.0,0.0,0.0,0.0,0.06666666666666667,0.0,0.0,0.0,1.0,11.62760768875247,0.0,0.0,0.0,2.0,0.06666666666666667,0.0,0.0,0.0,1.0,8.489268352199446,0.0,0.0,0.0,0.0,0.06666666666666667,0.0,0.0,0.0,1.0,14.38052145321671,0.0,0.0,0.0,0.0,0.06666666666666667,0.0,0.0,0.0,1.0,13.418479455167676,0.0,0.0,0.0,2.0,0.06666666666666667,0.0,0.0,0.0,1.0,12.977805233418445,0.0,0.0,0.0,0.0,0.06666666666666667,0.0,0.0,0.0,1.0,13.298905994287455,0.0,0.0,0.0,0.0,0.06666666666666667,0.06666666666666667,0.0,0.0,2.0,0.0,1.0,0.0,12.0,36.88333333333333,0.0,0.0,0.0,0.0,1.0,11.5,0.0,0.0,1.0,13.5,1.0,12.4,0.0,0.0,1.0,10.8,1.0,11.05
north_heavy_seed1,north_heavy,1,197.25,212.25,34.0,7.3392373291065995,9.029411764705882,9.0,24.75,1.0,13.838926396222087,0.0,0.0,0.0,2.0,0.06666666666666667,0.13333333333333333,0.0,0.0,4.0,6.251053191508247,0.0,0.0,0.0,2.0,0.06666666666666667,0.2,-0.26666666666666666,-1.0627777777777778,10.0,0.6752652090014879,30.7,52.85,9.0,0.0,0.06666666666666667,0.0,0.13333333333333333,0.6296296296296295,1.0,13.859300530796173,0.0,0.0,0.0,2.0,0.06666666666666667,0.0,0.0,0.0,1.0,13.83854993374087,0.0,0.0,0.0,2.0,0.06666666666666667,0.06666666666666667,-0.06666666666666667,-2.93,1.0,11.402620614444906,0.0,0.0,0.0,0.0,0.06666666666666667,0.0,0.0,0.0,1.0,11.604177038114287,0.0,0.0,0.0,2.0,0.06666666666666667,0.0,0.0,0.0,1.0,3.0323966162765923,0.0,0.0,0.0,0.0,0.06666666666666667,0.0,0.0,0.0,1.0,8.9350389972388,0.0,0.0,0.0,0.0,0.06666666666666667,0.0,0.0,0.0,1.0,13.41159358911404,0.0,0.0,0.0,2.0,0.06666666666666667,0.0,0.0,0.0,1.0,13.010046207929232,0.0,0.0,0.0,0.0,0.06666666666666667,0.0,0.0,0.0,1.0,13.319010380182412,0.0,0.0,0.0,0.0,0.06666666666666667,0.0,0.0,0.0,1.0,0.0,1.0,0.0,12.0,37.71666666666667,0.0,0.0,0.0,0.0,1.0,12.5,0.0,0.0,1.0,14.5,1.0,13.4,0.0,0.0,1.0,11.8,1.0,12.05
north_heavy_seed1,north_heavy,1,198.25,213.25,34.0,6.973673154252824,9.308823529411764,10.0,23.75,1.0,13.874331162070158,0.0,0.0,0.0,2.0,0.06666666666666667,0.13333333333333333,0.0,0.0,3.0,6.828697310688111,0.0,0.0,0.0,2.0,0.06666666666666667,0.26666666666666666,-0.26666666666666666,-1.1072222222222223,10.0,0.3701429071960477,31.6,53.85,9.0,0.0,0.06666666666666667,0.0,0.13333333333333333,0.6377777777777778,1.0,11.05170755731674,0.0,0.0,0.0,2.0,0.06666666666666667,0.0,0.0,0.0,1.0,13.858686443092303,0.0,0.0,0.0,2.0,0.06666666666666667,0.06666666666666667,-0.06666666666666667,-2.996666666666667,1.0,6.902620614444913,0.0,0.0,0.0,0.0,0.06666666666666667,0.0,0.0,0.0,1.0,11.597566641721643,0.0,0.0,0.0,2.0,0.06666666666666667,0.0,0.0,0.0,1.0,0.0,0.5,0.5,1.0,0.0,0.06666666666666667,0.0,0.06666666666666667,0.03333333333333333,1.0,3.4350389972387947,0.0,0.0,0.0,0.0,0.06666666666666667,0.0,0.0,0.0,1.0,12.624195907284268,0.0,0.0,0.0,2.0,0.06666666666666667,0.0,0.0,0.0,1.0,10.193070833598412,0.0,0.0,0.0,0.0,0.06666666666666667,0.0,0.0,0.0,1.0,8.904330897365465,0.0,0.0,0.0,0.0,0.06666666666666667,0.0,0.0,0.0,2.0,0.0,2.0,0.0,13.0,35.58461538461539,0.0,0.0,0.0,0.0,1.0,13.5,0.0,0.0,1.0,15.5,1.0,14.4,0.0,0.0,1.0,12.8,1.0,13.05
north_heavy_seed1,north_heavy,1,201.25,216.25,37.0,6.556482115482155,9.52027027027027,14.0,20.75,2.0,13.384553652174809,0.0,0.0,0.0,2.0,0.13333333333333333,0.2,-0.06666666666666667,-0.0011111111111111111,3.0,11.14909873625836,0.0,0.0,0.0,2.0,0.13333333333333333,0.4,-0.26666666666666666,-1.0633333333333335,12.0,0.6469976476771803,28.583333333333332,56.85,9.0,0.0,0.13333333333333333,0.0,0.13333333333333333,0.4435555555555555,0.0,0.0,0.0,0.0,0.0,2.0,0.0,0.06666666666666667,0.0,0.0,1.0,13.859347508659122,0.0,0.0,0.0,2.0,0.0,0.06666666666666667,-0.06666666666666667,-1.5983333333333334,1.0,0.0,1.5,1.5,1.0,0.0,0.0,0.0,0.06666666666666667,0.1,0.0,0.0,0.0,0.0,0.0,2.0,0.0,0.06666666666666667,0.0,0.0,1.0,0.0,3.5,3.5,1.0,0.0,0.0,0.0,0.06666666666666667,0.23333333333333334,1.0,0.0,2.4,2.4,1.0,0.0,0.0,0.0,0.06666666666666667,0.16,0.0,0.0,0.0,0.0,0.0,2.0,0.0,0.06666666666666667,0.0,0.0,1.0,0.0,0.8,0.8,1.0,0.0,0.0,0.0,0.06666666666666667,0.05333333333333334,1.0,0.0,1.05,1.05,1.0,0.0,0.0,0.0,0.06666666666666667,0.07,2.0,0.0,2.0,0.0,13.0,38.06923076923077,0.0,0.0,0.0,0.0,1.0,16.5,0.0,0.0,1.0,18.5,1.0,17.4,0.0,0.0,1.0,15.8,1.0,16.05
north_heavy_seed1,north_heavy,1,202.25,217.25,37.0,6.940002534580035,9.914864864864866,15.0,19.75,2.0,13.380931363567981,0.0,0.0,0.0,2.0,0.13333333333333333,0.2,-0.06666666666666667,-0.023333333333333334,3.0,12.6280679662483,0.0,0.0,0.0,2.0,0.13333333333333333,0.4,-0.26666666666666666,-1.1014285714285714,12.0,0.9732609540098057,29.383333333333336,57.85,10.0,0.0,0.13333333333333333,0.0,0.2,0.45022222222222225,0.0,0.0,0.0,0.0,0.0,2.0,0.0,0.06666666666666667,0.0,0.0,0.0,0.0,0.0,0.0,0.0,2.0,0.0,0.13333333333333333,-0.06666666666666667,-1.6316666666666668,1.0,0.0,2.5,2.5,1.0,0.0,0.0,0.0,0.06666666666666667,0.16666666666666666,0.0,0.0,0.0,0.0,0.0,2.0,0.0,0.06666666666666667,0.0,0.0,1.0,0.0,4.5,4.5,1.0,0.0,0.0,0.0,0.06666666666666667,0.3,1.0,0.0,3.4,3.4,1.0,0.0,0.0,0.0,0.06666666666666667,0.22666666666666666,0.0,0.0,0.0,0.0,0.0,2.0,0.0,0.06666666666666667,0.0,0.0,1.0,0.0,1.8,1.8,1.0,0.0,0.0,0.0,0.06666666666666667,0.12000000000000001,1.0,0.0,2.05,2.05,1.0,0.0,0.0,0.0,0.06666666666666667,0.13666666666666666,3.0,0.0,3.0,0.0,14.0,36.135714285714286,0.0,0.0,0.0,0.0,1.0,17.5,0.0,0.0,1.0,19.5,1.0,18.4,0.0,0.0,1.0,16.8,1.0,17.05
north_heavy_seed1,north_heavy,1,203.25,218.25,36.0,7.093650051836933,10.606944444444444,15.0,18.75,2.0,13.350888043374326,0.0,0.0,0.0,2.0,0.13333333333333333,0.2,-0.06666666666666667,-0.04555555555555555,2.0,15.199289349566559,0.0,0.0,0.0,2.0,0.13333333333333333,0.4666666666666667,-0.3333333333333333,-1.148095238095238,12.0,1.314053998970823,30.21666666666667,58.85,10.0,0.0,0.13333333333333333,0.0,0.2,0.45911111111111114,0.0,0.0,0.0,0.0,0.0,2.0,0.0,0.06666666666666667,0.0,0.0,0.0,0.0,0.0,0.0,0.0,2.0,0.0,0.13333333333333333,-0.06666666666666667,-1.665,1.0,0.0,3.5,3.5,1.0,0.0,0.0,0.0,0.06666666666666667,0.23333333333333334,0.0,0.0,0.0,0.0,0.0,2.0,0.0,0.06666666666666667,0.0,0.0,1.0,0.0,5.5,5.5,1.0,0.0,0.0,0.0,0.06666666666666667,0.36666666666666664,1.0,0.0,4.4,4.4,1.0,0.0,0.0,0.0,0.06666666666666667,0.29333333333333333,0.0,0.0,0.0,0.0,0.0,2.0,0.0,0.06666666666666667,0.0,0.0,1.0,0.0,2.8,2.8,1.0,0.0,0.0,0.0,0.06666666666666667,0.18666666666666665,1.0,0.0,3.05,3.05,1.0,0.0,0.0,0.0,0.06666666666666667,0.2033333333333333,3.0,0.0,3.0,0.0,14.0,36.92142857142857,0.0,0.0,0.0,0.0,1.0,18.5,0.0,0.0,1.0,20.5,1.0,19.4,0.0,0.0,1.0,17.8,1.0,18.05
north_heavy_seed1,north_heavy,1,204.25,219.25,36.0,7.350608335358276,11.023611111111112,15.0,17.75,2.0,13.34496931322633,0.0,0.0,0.0,2.0,0.13333333333333333,0.2,-0.06666666666666667,-0.06777777777777777,2.0,15.217398857273391,0.0,0.0,0.0,2.0,0.13333333333333333,0.4666666666666667,-0.3333333333333333,-1.1957142857142857,12.0,1.6719398276399042,31.05,59.85,10.0,0.0,0.13333333333333333,0.0,0.2,0.46799999999999997,0.0,0.0,0.0,0.0,0.0,2.0,0.0,0.06666666666666667,0.0,0.0,0.0,0.0,0.0,0.0,0.0,2.0,0.0,0.13333333333333333,-0.06666666666666667,-1.6983333333333335,1.0,0.0,4.5,4.5,1.0,0.0,0.0,0.0,0.06666666666666667,0.3,0.0,0.0,0.0,0.0,0.0,2.0,0.0,0.06666666666666667,0.0,0.0,1.0,0.0,6.5,6.5,1.0,0.0,0.0,0.0,0.06666666666666667,0.43333333333333335,1.0,0.0,5.4,5.4,1.0,0.0,0.0,0.0,0.06666666666666667,0.36000000000000004,0.0,0.0,0.0,0.0,0.0,2.0,0.0,0.06666666666666667,0.0,0.0,1.0,0.0,3.8,3.8,1.0,0.0,0.0,0.0,0.06666666666666667,0.2533333333333333,1.0,0.0,4.05,4.05,1.0,0.0,0.0,0.0,0.06666666666666667,0.26999999999999996,3.0,0.0,3.0,0.0,14.0,37.707142857142856,0.0,0.0,0.0,0.0,1.0,19.5,0.0,0.0,1.0,21.5,1.0,20.4,0.0,0.0,1.0,18.8,1.0,19.05
north_heavy_seed1,north_heavy,1,205.25,220.25,36.0,7.506869057575274,11.440277777777778,15.0,16.75,2.0,13.360076646336044,0.0,0.0,0.0,2.0,0.13333333333333333,0.2,-0.13333333333333333,-0.10111111111111111,2.0,15.20413485336222,0.0,0.0,0.0,2.0,0.13333333333333333,0.4666666666666667,-0.3333333333333333,-1.2433333333333334,12.0,1.9278529747281166,31.883333333333336,60.85,10.0,0.0,0.13333333333333333,0.0,0.2,0.4768888888888891,0.0,0.0,0.0,0.0,0.0,2.0,0.0,0.06666666666666667,0.0,0.0,0.0,0.0,0.0,0.0,0.0,2.0,0.0,0.13333333333333333,-0.06666666666666667,-1.7316666666666667,1.0,0.0,5.5,5.5,1.0,0.0,0.0,0.0,0.06666666666666667,0.36666666666666664,0.0,0.0,0.0,0.0,0.0,2.0,0.0,0.06666666666666667,0.0,0.0,1.0,0.0,7.5,7.5,1.0,0.0,0.0,0.0,0.06666666666666667,0.5,1.0,0.0,6.4,6.4,1.0,0.0,0.0,0.0,0.06666666666666667,0.4266666666666667,0.0,0.0,0.0,0.0,0.0,2.0,0.0,0.06666666666666667,0.0,0.0,1.0,0.0,4.8,4.8,1.0,0.0,0.0,0.0,0.06666666666666667,0.32,1.0,0.0,5.05,5.05,1.0,0.0,0.0,0.0,0.06666666666666667,0.33666666666666667,3.0,0.0,3.0,0.0,14.0,38.5,0.0,0.0,0.0,0.0,1.0,20.5,0.0,0.0,1.0,22.5,1.0,21.4,0.0,0.0,1.0,19.8,1.0,20.05
north_heavy_seed1,north_heavy,1,206.25,221.25,36.0,7.583361681822208,11.856944444444444,15.0,15.75,2.0,13.338790225968502,0.0,0.0,0.0,2.0,0.13333333333333333,0.2,-0.13333333333333333,-0.14555555555555555,2.0,15.23275422589434,0.0,0.0,0.0,2.0,0.13333333333333333,0.4666666666666667,-0.4,-1.297142857142857,12.0,2.0723118029938945,32.71666666666667,61.85,10.0,0.0,0.13333333333333333,0.0,0.13333333333333333,0.48377777777777786,0.0,0.0,0.0,0.0,0.0,2.0,0.0,0.06666666666666667,0.0,0.0,0.0,0.0,0.0,0.0,0.0,2.0,0.0,0.13333333333333333,-0.06666666666666667,-1.7650000000000001,1.0,0.0,6.5,6.5,1.0,0.0,0.0,0.0,0.06666666666666667,0.43333333333333335,0.0,0.0,0.0,0.0,0.0,2.0,0.0,0.06666666666666667,0.0,0.0,1.0,0.0,8.5,8.5,1.0,0.0,0.0,0.0,0.06666666666666667,0.5666666666666667,1.0,0.0,7.4,7.4,1.0,0.0,0.0,0.0,0.06666666666666667,0.49333333333333335,0.0,0.0,0.0,0.0,0.0,2.0,0.0,0.06666666666666667,0.0,0.0,1.0,0.0,5.8,5.8,1.0,0.0,0.0,0.0,0.06666666666666667,0.38666666666666666,1.0,0.0,6.05,6.05,1.0,0.0,0.0,0.0,0.06666666666666667,0.4033333333333333,3.0,0.0,3.0,0.0,15.0,36.733333333333334,0.0,0.0,0.0,0.0,1.0,21.5,0.0,0.0,1.0,23.5,1.0,22.4,0.0,0.0,1.0,20.8,1.0,21.05
north_heavy_seed1,north_heavy,1,207.25,222.25,36.0,7.625197081151705,12.273611111111112,15.0,14.75,2.0,13.371843088211413,0.0,0.0,0.0,2.0,0.13333333333333333,0.2,-0.06666666666666667,-0.05555555555555556,2.0,15.238133090514339,0.0,0.0,0.0,2.0,0.13333333333333333,0.4666666666666667,-0.3333333333333333,-0.8185714285714286,12.0,2.133008408610313,33.550000000000004,62.85,10.0,0.0,0.13333333333333333,0.0,0.13333333333333333,0.48600000000000015,0.0,0.0,0.0,0.0,0.0,2.0,0.0,0.06666666666666667,0.0,0.0,0.0,0.0,0.0,0.0,0.0,2.0,0.0,0.13333333333333333,0.0,0.0,1.0,0.0,7.5,7.5,1.0,0.0,0.0,0.0,0.06666666666666667,0.5,0.0,0.0,0.0,0.0,0.0,2.0,0.0,0.06666666666666667,0.0,0.0,1.0,0.0,9.5,9.5,1.0,0.0,0.0,0.0,0.06666666666666667,0.6333333333333333,1.0,0.0,8.4,8.4,1.0,0.0,0.0,0.0,0.06666666666666667,0.56,0.0,0.0,0.0,0.0,0.0,2.0,0.0,0.06666666666666667,0.0,0.0,1.0,0.0,6.8,6.8,1.0,0.0,0.0,0.0,0.06666666666666667,0.4533333333333333,1.0,0.0,7.05,7.05,1.0,0.0,0.0,0.0,0.06666666666666667,0.47,3.0,0.0,3.0,0.0,15.0,37.53333333333333,0.0,0.0,0.0,0.0,1.0,22.5,0.0,0.0,1.0,24.5,1.0,23.4,0.0,0.0,1.0,21.8,1.0,22.05
north_heavy_seed1,north_heavy,1,208.25,223.25,36.0,7.559128029878106,12.690277777777778,15.0,13.75,2.0,13.355848432597044,0.0,0.0,0.0,2.0,0.13333333333333333,0.13333333333333333,0.0,0.0,2.0,15.209562284614538,0.0,0.0,0.0,2.0,0.13333333333333333,0.4,-0.13333333333333333,-0.095,12.0,1.9108313929804794,34.38333333333333,63.85,10.0,0.0,0.13333333333333333,0.0,0.06666666666666667,0.4855555555555554,0.0,0.0,0.0,0.0,0.0,2.0,0.0,0.06666666666666667,0.0,0.0,0.0,0.0,0.0,0.0,0.0,2.0,0.0,0.06666666666666667,0.0,0.0,1.0,0.0,8.5,8.5,1.0,0.0,0.0,0.0,0.06666666666666667,0.5666666666666667,0.0,0.0,0.0,0.0,0.0,2.0,0.0,0.06666666666666667,0.0,0.0,1.0,0.0,10.5,10.5,1.0,0.0,0.0,0.0,0.06666666666666667,0.7,1.0,0.0,9.4,9.4,1.0,0.0,0.0,0.0,0.06666666666666667,0.6266666666666667,0.0,0.0,0.0,0.0,0.0,2.0,0.0,0.06666666666666667,0.0,0.0,1.0,0.0,7.8,7.8,1.0,0.0,0.0,0.0,0.06666666666666667,0.52,1.0,0.0,8.05,8.05,1.0,0.0,0.0,0.0,0.06666666666666667,0.5366666666666667,3.0,0.0,3.0,0.0,15.0,38.333333333333336,0.0,0.0,0.0,0.0,1.0,23.5,0.0,0.0,1.0,25.5,1.0,24.4,0.0,0.0,1.0,22.8,1.0,23.05
north_heavy_seed1,north_heavy,1,209.25,224.25,36.0,7.460841096650376,13.106944444444444,15.0,12.75,2.0,13.346411099189465,0.0,0.0,0.0,2.0,0.13333333333333333,0.13333333333333333,0.0,0.0,2.0,15.20140293834952,0.0,0.0,0.0,2.0,0.13333333333333333,0.4,0.0,0.0,12.0,1.611798253668531,35.21666666666667,64.85,10.0,0.0,0.13333333333333333,0.0,0.06666666666666667,0.4811111111111112,0.0,0.0,0.0,0.0,0.0,2.0,0.0,0.06666666666666667,0.0,0.0,0.0,0.0,0.0,0.0,0.0,2.0,0.0,0.06666666666666667,0.0,0.0,1.0,0.0,9.5,9.5,1.0,0.0,0.0,0.0,0.06666666666666667,0.6333333333333333,0.0,0.0,0.0,0.0,0.0,2.0,0.0,0.06666666666666667,0.0,0.0,1.0,0.0,11.5,11.5,1.0,0.0,0.0,0.0,0.06666666666666667,0.7666666666666667,1.0,0.0,10.4,10.4,1.0,0.0,0.0,0.0,0.06666666666666667,0.6933333333333334,0.0,0.0,0.0,0.0,0.0,2.0,0.0,0.06666666666666667,0.0,0.0,1.0,0.0,8.8,8.8,1.0,0.0,0.0,0.0,0.06666666666666667,0.5866666666666667,1.0,0.0,9.05,9.05,1.0,0.0,0.0,0.0,0.06666666666666667,0.6033333333333334,3.0,0.0,3.0,0.0,15.0,39.13333333333333,0.0,0.0,0.0,0.0,1.0,24.5,0.0,0.0,1.0,26.5,1.0,25.4,0.0,0.0,1.0,23.8,1.0,24.05
north_heavy_seed1,north_heavy,1,210.25,225.25,35.0,7.1375738817057695,13.91,15.0,11.75,2.0,13.344480707424964,0.0,0.0,0.0,2.0,0.13333333333333333,0.06666666666666667,0.0,0.0,2.0,15.229270948372895,0.0,0.0,0.0,2.0,0.13333333333333333,0.3333333333333333,0.0,0.0,12.0,1.3623500241940905,36.050000000000004,65.85,10.0,0.0,0.13333333333333333,0.0,0.06666666666666667,0.47666666666666707,0.0,0.0,0.0,0.0,0.0,2.0,0.0,0.06666666666666667,0.0,0.0,0.0,0.0,0.0,0.0,0.0,2.0,0.0,0.06666666666666667,0.0,0.0,1.0,0.0,10.5,10.5,1.0,0.0,0.0,0.0,0.06666666666666667,0.7,0.0,0.0,0.0,0.0,0.0,2.0,0.0,0.06666666666666667,0.0,0.0,1.0,0.0,12.5,12.5,1.0,0.0,0.0,0.0,0.06666666666666667,0.8333333333333334,1.0,0.0,11.4,11.4,1.0,0.0,0.0,0.0,0.06666666666666667,0.76,0.0,0.0,0.0,0.0,0.0,2.0,0.0,0.06666666666666667,0.0,0.0,1.0,0.0,9.8,9.8,1.0,0.0,0.0,0.0,0.06666666666666667,0.6533333333333334,1.0,0.0,10.05,10.05,1.0,0.0,0.0,0.0,0.06666666666666667,0.67,3.0,0.0,3.0,0.0,15.0,34.54333333333333,0.0,0.0,0.0,0.0,1.0,0.0,0.0,0.0,1.0,27.5,1.0,26.4,0.0,0.0,1.0,24.8,1.0,25.05
north_heavy_seed1,north_heavy,1,211.25,226.25,35.0,7.006243506442112,14.338571428571429,15.0,10.75,2.0,12.46639642556612,0.0,0.0,0.0,2.0,0.13333333333333333,0.06666666666666667,0.0,0.0,1.0,13.794836602677584,0.0,0.0,0.0,2.0,0.06666666666666667,0.3333333333333333,0.0,0.0,12.0,1.1218416235384663,36.88333333333333,66.85,10.0,0.0,0.13333333333333333,0.0,0.06666666666666667,0.47222222222222215,0.0,0.0,0.0,0.0,0.0,2.0,0.0,0.06666666666666667,0.0,0.0,0.0,0.0,0.0,0.0,0.0,2.0,0.0,0.06666666666666667,0.0,0.0,1.0,0.0,11.5,11.5,1.0,0.0,0.0,0.0,0.06666666666666667,0.7666666666666667,0.0,0.0,0.0,0.0,0.0,2.0,0.0,0.06666666666666667,0.0,0.0,1.0,0.0,13.5,13.5,1.0,0.0,0.0,0.0,0.06666666666666667,0.9,1.0,0.0,12.4,12.4,1.0,0.0,0.0,0.0,0.06666666666666667,0.8266666666666667,0.0,0.0,0.0,0.0,0.0,2.0,0.0,0.06666666666666667,0.0,0.0,1.0,0.0,10.8,10.8,1.0,0.0,0.0,0.0,0.06666666666666667,0.7200000000000001,1.0,0.0,11.05,11.05,1.0,0.0,0.0,0.0,0.06666666666666667,0.7366666666666667,3.0,0.0,3.0,0.0,14.0,26.98928571428571,0.0,0.0,0.0,0.0,0.0,0.0,0.0,0.0,1.0,28.5,1.0,27.4,0.0,0.0,1.0,25.8,1.0,26.05
north_heavy_seed1,north_heavy,1,212.25,227.25,33.0,6.503459530820017,15.662121212121212,15.0,9.75,1.0,13.017460360551823,0.0,0.0,0.0,2.0,0.06666666666666667,0.06666666666666667,0.0,0.0,1.0,13.836325665319796,0.0,0.0,0.0,2.0,0.06666666666666667,0.26666666666666666,0.0,0.0,12.0,0.8100272956856401,37.71666666666667,67.85,10.0,0.0,0.13333333333333333,0.0,0.06666666666666667,0.46777777777777796,0.0,0.0,0.0,0.0,0.0,2.0,0.0,0.06666666666666667,0.0,0.0,0.0,0.0,0.0,0.0,0.0,2.0,0.0,0.06666666666666667,0.0,0.0,1.0,0.0,12.5,12.5,1.0,0.0,0.0,0.0,0.06666666666666667,0.8333333333333334,0.0,0.0,0.0,0.0,0.0,2.0,0.0,0.06666666666666667,0.0,0.0,1.0,0.0,14.5,14.5,1.0,0.0,0.0,0.0,0.06666666666666667,0.9666666666666667,1.0,0.0,13.4,13.4,1.0,0.0,0.0,0.0,0.06666666666666667,0.8933333333333333,0.0,0.0,0.0,0.0,0.0,2.0,0.0,0.06666666666666667,0.0,0.0,1.0,0.0,11.8,11.8,1.0,0.0,0.0,0.0,0.06666666666666667,0.7866666666666667,1.0,0.0,12.05,12.05,1.0,0.0,0.0,0.0,0.06666666666666667,0.8033333333333333,4.0,0.0,4.0,0.0,15.0,16.06,1.0,0.0,1.0,0.0,1.0,0.0,1.0,0.0,2.0,14.75,2.0,14.2,1.0,0.0,2.0,13.4,2.0,13.525
north_heavy_seed1,north_heavy,1,213.25,228.25,36.0,6.600171561703176,14.773611111111112,15.0,8.75,2.0,12.048529666258773,0.0,0.0,0.0,2.0,0.13333333333333333,0.06666666666666667,0.0,0.0,2.0,12.419239689990757,0.0,0.0,0.0,2.0,0.13333333333333333,0.2,0.0,0.0,13.0,0.620180169493726,35.58461538461539,68.85,10.0,0.0,0.2,0.0,0.06666666666666667,0.2656410256410259,0.0,0.0,0.0,0.0,0.0,2.0,0.0,0.06666666666666667,0.0,0.0,0.0,0.0,0.0,0.0,0.0,2.0,0.0,0.06666666666666667,0.0,0.0,1.0,0.0,13.5,13.5,1.0,0.0,0.0,0.0,0.06666666666666667,0.9,0.0,0.0,0.0,0.0,0.0,2.0,0.0,0.06666666666666667,0.0,0.0,1.0,0.0,15.5,15.5,1.0,0.0,0.0,0.0,0.0,1.0,1.0,0.0,14.4,14.4,1.0,0.0,0.0,0.0,0.06666666666666667,0.9600000000000001,0.0,0.0,0.0,0.0,0.0,2.0,0.0,0.06666666666666667,0.0,0.0,1.0,0.0,12.8,12.8,1.0,0.0,0.0,0.0,0.06666666666666667,0.8533333333333334,1.0,0.0,13.05,13.05,1.0,0.0,0.0,0.0,0.06666666666666667,0.87,4.0,0.0,4.0,0.0,15.0,8.113333333333333,1.0,0.0,1.0,0.0,1.0,0.0,1.0,0.0,2.0,15.25,2.0,14.7,1.0,0.0,2.0,13.9,2.0,14.025
north_heavy_seed1,north_heavy,1,227.25,242.25,40.0,5.680779947085701,8.81625,11.0,9.75,4.0,11.229942176033415,0.0,0.0,0.0,0.0,0.26666666666666666,0.06666666666666667,0.0,0.0,4.0,11.211605925870915,0.0,0.0,0.0,0.0,0.26666666666666666,0.06666666666666667,0.0,0.0,15.0,2.093609678892314,16.06,70.7,7.0,2.0,0.26666666666666666,0.06666666666666667,-0.2,-1.443777777777778,1.0,14.45028937496385,0.0,0.0,0.0,0.0,0.06666666666666667,0.0,0.0,0.0,1.0,12.662461516487562,0.0,0.0,0.0,0.0,0.06666666666666667,0.0,0.0,0.0,1.0,12.345798812668713,0.0,0.0,0.0,2.0,0.06666666666666667,0.06666666666666667,-0.06666666666666667,-0.8333333333333334,1.0,14.248290981086912,0.0,0.0,0.0,0.0,0.06666666666666667,0.0,0.0,0.0,2.0,0.41636353323792963,14.75,29.5,1.0,0.0,0.06666666666666667,0.0,0.0,0.016666666666666666,2.0,0.4125075682897887,14.2,28.4,1.0,0.0,0.06666666666666667,0.0,0.0,0.05333333333333326,1.0,14.593811670808359,0.0,0.0,0.0,0.0,0.06666666666666667,0.0,0.0,0.0,2.0,0.4812532604503211,13.4,26.8,1.0,0.0,0.06666666666666667,0.0,0.0,0.10666666666666665,2.0,0.4061387897285835,13.525,27.05,1.0,0.0,0.06666666666666667,0.0,0.0,0.09833333333333331,4.0,0.0,5.0,4.61,10.0,0.22999999999999998,0.0,0.0,1.0,0.2,1.0,0.0,0.0,0.0,1.0,0.0,2.0,21.7,0.0,0.0,1.0,0.0,2.0,21.025
north_heavy_seed1,north_heavy,1,228.25,243.25,40.0,5.916198156627963,5.936249999999999,9.0,8.75,4.0,9.930358578341075,0.0,0.0,0.0,0.0,0.2,0.06666666666666667,0.0,0.0,4.0,9.548527738687191,0.0,0.0,0.0,0.0,0.2,0.06666666666666667,0.0,0.0,15.0,2.3639564801424897,8.113333333333333,37.3,5.0,2.0,0.2,0.06666666666666667,-0.3333333333333333,-1.8314188034188037,1.0,17.03569175714105,0.0,0.0,0.0,0.0,0.06666666666666667,0.0,0.0,0.0,1.0,12.742249465746022,0.0,0.0,0.0,0.0,0.06666666666666667,0.0,0.0,0.0,1.0,12.313039399260596,0.0,0.0,0.0,2.0,0.06666666666666667,0.06666666666666667,-0.06666666666666667,-0.9,1.0,14.207304050446265,0.0,0.0,0.0,0.0,0.06666666666666667,0.0,0.0,0.0,2.0,1.8321894053538033,15.25,30.5,1.0,0.0,0.06666666666666667,0.0,0.0,-0.016666666666666666,2.0,1.818143628655882,14.7,29.4,1.0,0.0,0.06666666666666667,0.0,0.0,0.019999999999999928,1.0,14.689679879610361,0.0,0.0,0.0,0.0,0.06666666666666667,0.0,0.0,0.0,2.0,2.0152961598803008,13.9,27.8,1.0,0.0,0.06666666666666667,0.0,0.0,0.0733333333333333,2.0,1.7332329677206442,14.025,28.05,1.0,0.0,0.06666666666666667,0.0,0.0,0.06499999999999997,4.0,0.0,5.0,5.21,10.0,0.32999999999999996,0.0,0.0,1.0,1.2,1.0,0.7,0.0,0.0,1.0,0.0,2.0,22.2,0.0,0.0,0.0,0.0,2.0,21.525
north_heavy_seed1,north_heavy,1,229.25,244.25,40.0,5.9923388679969065,4.29375,7.0,7.75,4.0,7.993216332349809,0.0,0.0,0.0,0.0,0.2,0.06666666666666667,0.0,0.0,4.0,7.540117594301828,0.0,0.0,0.0,0.0,0.2,0.0,0.0,0.0,14.0,2.5015028343876584,3.7142857142857144,27.6,3.0,2.0,0.2,0.13333333333333333,-0.5333333333333333,-2.1775091575091574,1.0,19.211116544857248,0.0,0.0,0.0,0.0,0.06666666666666667,0.0,0.0,0.0,1.0,12.732925841007997,0.0,0.0,0.0,0.0,0.06666666666666667,0.0,0.0,0.0,1.0,12.362897059364187,0.0,0.0,0.0,2.0,0.06666666666666667,0.06666666666666667,-0.06666666666666667,-0.9666666666666667,1.0,14.279204642863489,0.0,0.0,0.0,0.0,0.06666666666666667,0.0,0.0,0.0,2.0,2.99714743106504,15.75,31.5,1.0,0.0,0.06666666666666667,0.0,0.0,-0.05,2.0,3.0470198393200465,15.2,30.4,1.0,0.0,0.06666666666666667,0.0,0.0,-0.013333333333333404,1.0,14.747817720933984,0.0,0.0,0.0,0.0,0.06666666666666667,0.0,0.0,0.0,2.0,3.314585852095631,14.4,28.8,1.0,0.0,0.06666666666666667,0.0,0.0,0.03999999999999997,2.0,2.880469550477966,14.525,29.05,1.0,0.0,0.06666666666666667,0.0,0.0,0.03166666666666664,3.0,0.0,5.0,5.86,10.0,0.47000000000000003,0.0,0.0,1.0,2.2,1.0,1.7,0.0,0.0,0.0,0.0,2.0,22.7,0.0,0.0,0.0,0.0,2.0,22.025
north_heavy_seed1,north_heavy,1,230.25,245.25,39.0,5.888294026905896,3.862820512820513,8.0,6.75,4.0,6.2940770790016245,0.0625,0.25,1.0,0.0,0.2,0.0,0.06666666666666667,0.004166666666666667,4.0,5.874710322014193,0.0625,0.25,1.0,0.0,0.2,0.0,0.06666666666666667,0.004166666666666667,14.0,2.7764484269356653,1.8857142857142857,16.3,2.0,2.0,0.2,0.13333333333333333,-0.6,-2.355824175824176,1.0,19.19145618426355,0.0,0.0,0.0,0.0,0.06666666666666667,0.0,0.0,0.0,1.0,12.704706896281019,0.0,0.0,0.0,0.0,0.06666666666666667,0.0,0.0,0.0,1.0,12.343257317531796,0.0,0.0,0.0,2.0,0.06666666666666667,0.06666666666666667,-0.06666666666666667,-1.0333333333333334,1.0,14.227143661596356,0.0,0.0,0.0,0.0,0.06666666666666667,0.0,0.0,0.0,2.0,4.2744298780260745,16.25,32.5,1.0,0.0,0.06666666666666667,0.0,0.0,-0.08333333333333333,2.0,4.3457978044357795,15.7,31.4,1.0,0.0,0.06666666666666667,0.0,0.0,-0.04666666666666662,1.0,14.696792032270627,0.0,0.0,0.0,0.0,0.06666666666666667,0.0,0.0,0.0,2.0,4.366042799593074,14.9,29.8,1.0,0.0,0.06666666666666667,0.0,0.0,0.006666666666666643,2.0,4.113251612285194,15.025,30.05,1.0,0.0,0.06666666666666667,0.0,0.0,-0.0016666666666666904,3.0,0.0,5.0,6.659999999999999,10.0,0.6699999999999999,0.0,0.0,1.0,3.2,1.0,2.7,0.0,0.0,0.0,0.0,2.0,23.2,0.0,0.0,0.0,0.0,2.0,22.525
north_heavy_seed1,north_heavy,1,231.25,246.25,38.0,6.051887448874957,3.4276315789473686,6.0,5.75,4.0,5.521106296701213,0.3125,1.25,1.0,0.0,0.13333333333333333,0.0,0.06666666666666667,0.020833333333333332,4.0,5.104719978707404,0.3125,1.25,1.0,0.0,0.13333333333333333,0.0,0.06666666666666667,0.020833333333333332,13.0,3.015138940995028,0.0,0.0,0.0,2.0,0.2,0.2,-0.7333333333333333,-2.537948717948718,1.0,19.174396674669207,0.0,0.0,0.0,0.0,0.06666666666666667,0.0,0.0,0.0,1.0,12.666271057438022,0.0,0.0,0.0,0.0,0.06666666666666667,0.0,0.0,0.0,1.0,12.320779203722195,0.0,0.0,0.0,2.0,0.06666666666666667,0.06666666666666667,-0.06666666666666667,-1.1,1.0,14.255829894425124,0.0,0.0,0.0,0.0,0.06666666666666667,0.0,0.0,0.0,2.0,5.549617653231786,16.75,33.5,1.0,0.0,0.06666666666666667,0.0,0.0,-0.11666666666666667,2.0,5.478709608661084,16.2,32.4,1.0,0.0,0.06666666666666667,0.0,0.0,-0.07999999999999995,1.0,14.682083532619457,0.0,0.0,0.0,0.0,0.06666666666666667,0.0,0.0,0.0,2.0,5.720187230378872,15.4,30.8,1.0,0.0,0.06666666666666667,0.0,0.0,-0.02666666666666669,2.0,5.325226047162248,15.525,31.05,1.0,0.0,0.06666666666666667,0.0,0.0,-0.035000000000000024,3.0,0.0,5.0,7.459999999999999,10.0,0.9650000000000001,0.0,0.0,1.0,4.2,1.0,3.7,0.0,0.0,0.0,0.0,2.0,23.849999999999998,0.0,0.0,0.0,0.0,2.0,23.025
north_heavy_seed1,north_heavy,1,232.25,247.25,41.0,6.289356695526171,3.323170731707317,6.0,4.75,5.0,4.917360858395134,0.45,2.25,1.0,0.0,0.13333333333333333,0.0,0.06666666666666667,0.030000000000000002,5.0,4.501979715052881,0.45,2.25,1.0,0.0,0.13333333333333333,0.0,0.06666666666666667,0.030000000000000002,14.0,3.4954525208866865,0.0,0.0,0.0,2.0,0.2,0.2,-0.7333333333333333,-2.409047619047619,1.0,19.167429172931683,0.0,0.0,0.0,0.0,0.06666666666666667,0.0,0.0,0.0,1.0,12.74429908240392,0.0,0.0,0.0,0.0,0.06666666666666667,0.0,0.0,0.0,1.0,12.323934797201247,0.0,0.0,0.0,2.0,0.06666666666666667,0.06666666666666667,-0.06666666666666667,-1.1666666666666667,1.0,14.27439358915436,0.0,0.0,0.0,0.0,0.06666666666666667,0.0,0.0,0.0,2.0,6.647080966780151,17.25,34.5,1.0,0.0,0.06666666666666667,0.0,0.0,-0.15,2.0,6.62140966949934,16.7,33.4,1.0,0.0,0.06666666666666667,0.0,0.0,-0.11333333333333329,1.0,14.76326013287779,0.0,0.0,0.0,0.0,0.06666666666666667,0.0,0.0,0.0,2.0,6.738101231739535,15.9,31.8,1.0,0.0,0.06666666666666667,0.0,0.0,-0.060000000000000026,2.0,6.518302590718517,16.025,32.05,1.0,0.0,0.06666666666666667,0.0,0.0,-0.06833333333333348,3.0,0.0,5.0,8.26,10.0,1.3199999999999998,0.0,0.0,1.0,5.2,1.0,4.7,0.0,0.0,0.0,0.0,2.0,24.849999999999998,0.0,0.0,0.0,0.0,2.0,23.75
north_heavy_seed1,north_heavy,1,233.25,248.25,41.0,6.603064839716902,3.4695121951219514,6.0,3.75,5.0,4.929775770909345,0.65,3.25,1.0,0.0,0.13333333333333333,0.0,0.06666666666666667,0.043333333333333335,5.0,4.508907001083663,0.65,3.25,1.0,0.0,0.13333333333333333,0.0,0.06666666666666667,0.043333333333333335,13.0,3.663760299926101,0.0,0.0,0.0,2.0,0.2,0.26666666666666666,-0.7333333333333333,-2.4614285714285713,1.0,19.233553728742386,0.0,0.0,0.0,0.0,0.06666666666666667,0.0,0.0,0.0,1.0,12.713697032343513,0.0,0.0,0.0,0.0,0.06666666666666667,0.0,0.0,0.0,1.0,12.336032869778515,0.0,0.0,0.0,2.0,0.06666666666666667,0.06666666666666667,-0.06666666666666667,-1.2333333333333334,1.0,14.191296891225512,0.0,0.0,0.0,0.0,0.06666666666666667,0.0,0.0,0.0,2.0,6.890162725848701,17.75,35.5,1.0,0.0,0.06666666666666667,0.0,0.0,-0.18333333333333332,2.0,7.213781091556054,17.2,34.4,1.0,0.0,0.06666666666666667,0.0,0.0,-0.1466666666666666,1.0,14.735818246433213,0.0,0.0,0.0,0.0,0.06666666666666667,0.0,0.0,0.0,2.0,7.954340595924155,16.4,32.8,1.0,0.0,0.06666666666666667,0.0,0.0,-0.09333333333333348,2.0,6.508623428567221,16.525,33.05,1.0,0.0,0.06666666666666667,0.0,0.0,-0.10166666666666681,3.0,0.0,6.0,7.55,11.0,1.563636363636364,1.0,0.0,2.0,3.1,2.0,2.85,1.0,0.0,1.0,0.0,3.0,17.23333333333333,1.0,0.0,1.0,0.0,3.0,16.5
north_heavy_seed1,north_heavy,1,234.25,249.25,41.0,6.907246655816776,3.6158536585365852,6.0,2.75,5.0,5.054035131535466,0.85,4.25,1.0,0.0,0.13333333333333333,0.0,0.06666666666666667,0.056666666666666664,5.0,4.639157649408793,0.85,4.25,1.0,0.0,0.13333333333333333,0.0,0.06666666666666667,0.056666666666666664,13.0,4.076130005724966,0.0,0.0,0.0,2.0,0.2,0.26666666666666666,-0.7333333333333333,-2.5138095238095235,1.0,19.31026031172285,0.0,0.0,0.0,0.0,0.06666666666666667,0.0,0.0,0.0,1.0,12.726851799715693,0.0,0.0,0.0,0.0,0.06666666666666667,0.0,0.0,0.0,1.0,12.34031066757621,0.0,0.0,0.0,2.0,0.06666666666666667,0.06666666666666667,-0.06666666666666667,-1.3,1.0,14.288420338440929,0.0,0.0,0.0,0.0,0.06666666666666667,0.0,0.0,0.0,2.0,6.847212396943566,18.25,36.5,1.0,0.0,0.06666666666666667,0.0,0.0,-0.21666666666666667,2.0,7.183047158230081,17.7,35.4,1.0,0.0,0.06666666666666667,0.0,0.0,-0.17999999999999997,1.0,14.760401092461711,0.0,0.0,0.0,0.0,0.06666666666666667,0.0,0.0,0.0,2.0,8.61281298855636,16.9,33.8,1.0,0.0,0.06666666666666667,0.0,0.0,-0.12666666666666682,2.0,6.517918553289051,17.025,34.05,1.0,0.0,0.06666666666666667,0.0,0.0,-0.13500000000000015,2.0,0.0,6.0,8.216666666666667,11.0,1.9272727272727275,1.0,0.0,2.0,3.6,2.0,3.35,1.0,0.0,1.0,0.0,3.0,17.9,1.0,0.0,1.0,0.0,3.0,17.166666666666668
north_heavy_seed1,north_heavy,1,235.25,250.25,41.0,7.127635069306398,3.7621951219512195,6.0,1.75,5.0,5.25420507993192,1.05,5.25,1.0,0.0,0.13333333333333333,0.0,0.06666666666666667,0.07,5.0,4.849106324571736,1.05,5.25,1.0,0.0,0.13333333333333333,0.0,0.06666666666666667,0.07,12.0,4.320417986929267,0.0,0.0,0.0,2.0,0.2,0.3333333333333333,-0.8,-2.566666666666667,1.0,16.736507406113354,0.0,0.0,0.0,0.0,0.06666666666666667,0.0,0.0,0.0,1.0,12.684572041780372,0.0,0.0,0.0,0.0,0.06666666666666667,0.0,0.0,0.0,1.0,12.35215835506277,0.0,0.0,0.0,2.0,0.06666666666666667,0.06666666666666667,-0.06666666666666667,-1.3666666666666667,1.0,14.19175565820072,0.0,0.0,0.0,0.0,0.06666666666666667,0.0,0.0,0.0,2.0,6.889506227284061,18.75,37.5,1.0,0.0,0.06666666666666667,0.0,0.0,-0.25,2.0,7.171241434504961,18.2,36.4,1.0,0.0,0.06666666666666667,0.0,0.0,-0.2133333333333333,1.0,14.677581185025796,0.0,0.0,0.0,0.0,0.06666666666666667,0.0,0.0,0.0,2.0,8.579468472904837,17.4,34.8,1.0,0.0,0.06666666666666667,0.0,0.0,-0.16000000000000014,2.0,6.542512217675826,17.525,35.05,1.0,0.0,0.06666666666666667,0.0,0.0,-0.16833333333333347,2.0,0.0,6.0,8.983333333333333,11.0,2.372727272727273,1.0,0.0,2.0,4.1,2.0,3.85,1.0,0.0,1.0,0.0,3.0,18.566666666666666,1.0,0.0,1.0,0.0,3.0,17.833333333333332
north_heavy_seed1,north_heavy,1,236.25,251.25,41.0,7.200170768959229,3.9280487804878046,8.0,0.75,5.0,4.915031541323509,1.33,6.25,2.0,0.0,0.13333333333333333,0.0,0.13333333333333333,0.08866666666666667,5.0,5.16130761995952,1.33,6.25,2.0,0.0,0.13333333333333333,0.0,0.13333333333333333,0.08866666666666667,11.0,4.6356520466939,0.0,0.0,0.0,2.0,0.13333333333333333,0.4,-0.8,-2.448888888888889,1.0,10.740898121208177,0.0,0.0,0.0,0.0,0.06666666666666667,0.0,0.0,0.0,1.0,12.680199009724344,0.0,0.0,0.0,0.0,0.06666666666666667,0.0,0.0,0.0,1.0,12.336030264865549,0.0,0.0,0.0,2.0,0.06666666666666667,0.06666666666666667,-0.06666666666666667,-1.4333333333333333,1.0,14.277643935451062,0.0,0.0,0.0,0.0,0.06666666666666667,0.0,0.0,0.0,2.0,6.886204072712777,19.25,38.5,1.0,0.0,0.06666666666666667,0.0,0.0,-0.2833333333333333,2.0,7.181808980966787,18.7,37.4,1.0,0.0,0.06666666666666667,0.0,0.0,-0.24666666666666662,1.0,14.699861237226454,0.0,0.0,0.0,0.0,0.06666666666666667,0.0,0.0,0.0,2.0,8.659275369418225,17.9,35.8,1.0,0.0,0.06666666666666667,0.0,0.0,-0.19333333333333347,2.0,6.519149257698005,18.025,36.05,1.0,0.0,0.06666666666666667,0.0,0.0,-0.2016666666666668,1.0,0.0,6.0,9.816666666666666,11.0,2.831818181818182,1.0,0.0,2.0,4.6,2.0,4.35,1.0,0.0,1.0,0.0,3.0,19.23333333333333,1.0,0.0,1.0,0.0,3.0,18.5
north_heavy_seed1,north_heavy,1,237.25,252.25,41.0,7.156831885026374,4.123170731707317,8.0,2.75,5.0,4.362541519984774,1.73,7.25,2.0,0.0,0.13333333333333333,0.0,0.13333333333333333,0.11533333333333333,5.0,4.808488849978956,1.73,7.25,2.0,0.0,0.13333333333333333,0.0,0.13333333333333333,0.11533333333333333,10.0,5.030792106663188,0.0,0.0,0.0,1.0,0.13333333333333333,0.4666666666666667,-0.8,-2.502222222222222,1.0,4.740898121208173,0.0,0.0,0.0,0.0,0.06666666666666667,0.0,0.0,0.0,1.0,12.662476705886107,0.0,0.0,0.0,0.0,0.06666666666666667,0.0,0.0,0.0,1.0,12.346355049140692,0.0,0.0,0.0,1.0,0.06666666666666667,0.06666666666666667,-0.06666666666666667,-1.5,1.0,14.286801689949362,0.0,0.0,0.0,0.0,0.06666666666666667,0.0,0.0,0.0,2.0,6.843852548857891,19.75,39.5,1.0,0.0,0.06666666666666667,0.0,0.0,-0.31666666666666665,2.0,7.170680712584624,19.2,38.4,1.0,0.0,0.06666666666666667,0.0,0.0,-0.27999999999999997,1.0,14.666526942708463,0.0,0.0,0.0,0.0,0.06666666666666667,0.0,0.0,0.0,2.0,8.623384215063961,18.4,36.8,1.0,0.0,0.06666666666666667,0.0,0.0,-0.22666666666666682,2.0,6.550058416737151,18.525,37.05,1.0,0.0,0.06666666666666667,0.0,0.0,-0.23500000000000015,1.0,0.0,6.0,10.65,11.0,3.377272727272727,1.0,0.0,2.0,5.1,2.0,4.85,1.0,0.0,1.0,0.0,3.0,19.9,1.0,0.0,1.0,0.0,3.0,19.166666666666668
north_heavy_seed1,north_heavy,1,238.25,253.25,41.0,6.862198670920964,4.34390243902439,11.0,1.75,5.0,3.7322081910927145,2.21,8.25,3.0,0.0,0.13333333333333333,0.0,0.2,0.14733333333333334,5.0,4.196080641793381,2.21,8.25,3.0,0.0,0.13333333333333333,0.0,0.2,0.14733333333333334,10.0,5.33459255018767,0.0,0.0,0.0,1.0,0.13333333333333333,0.4666666666666667,-0.8,-2.555555555555556,1.0,0.0,0.25,0.25,1.0,0.0,0.06666666666666667,0.0,0.06666666666666667,0.016666666666666666,1.0,12.738284507501554,0.0,0.0,0.0,0.0,0.06666666666666667,0.0,0.0,0.0,1.0,12.330003261074365,0.0,0.0,0.0,1.0,0.06666666666666667,0.06666666666666667,-0.06666666666666667,-1.5666666666666667,1.0,12.549763918554907,0.0,0.0,0.0,0.0,0.06666666666666667,0.0,0.0,0.0,2.0,6.840105294980664,20.25,40.5,1.0,0.0,0.06666666666666667,0.0,0.0,-0.35,2.0,7.207577727660871,19.7,39.4,1.0,0.0,0.06666666666666667,0.0,0.0,-0.3133333333333333,1.0,10.847848063244182,0.0,0.0,0.0,0.0,0.06666666666666667,0.0,0.0,0.0,2.0,8.178105051650665,18.9,37.8,1.0,0.0,0.06666666666666667,0.0,0.0,-0.2600000000000001,2.0,6.516681759481576,19.025,38.05,1.0,0.0,0.06666666666666667,0.0,0.0,-0.2683333333333335,1.0,0.0,6.0,11.483333333333334,11.0,3.9272727272727277,1.0,0.0,2.0,5.6,2.0,5.35,1.0,0.0,1.0,0.0,3.0,20.566666666666666,1.0,0.0,1.0,0.0,3.0,19.833333333333332
north_heavy_seed1,north_heavy,1,239.25,254.25,41.0,6.210643939041757,4.61219512195122,11.0,0.75,5.0,3.2527191429609834,2.81,9.25,3.0,0.0,0.13333333333333333,0.0,0.2,0.18733333333333332,5.0,3.6560546516383248,2.81,9.25,3.0,0.0,0.13333333333333333,0.0,0.2,0.18733333333333332,10.0,4.473401665753869,0.0,0.0,0.0,1.0,0.13333333333333333,0.4666666666666667,-0.8,-2.608888888888889,1.0,0.0,1.25,1.25,1.0,0.0,0.06666666666666667,0.0,0.06666666666666667,0.08333333333333333,1.0,12.716400898666503,0.0,0.0,0.0,0.0,0.06666666666666667,0.0,0.0,0.0,1.0,12.334748440282361,0.0,0.0,0.0,1.0,0.06666666666666667,0.06666666666666667,-0.06666666666666667,-1.6333333333333333,1.0,7.549763918554907,0.0,0.0,0.0,0.0,0.06666666666666667,0.0,0.0,0.0,2.0,6.880645914809053,20.75,41.5,1.0,0.0,0.06666666666666667,0.0,0.0,-0.38333333333333336,2.0,7.2143744976461015,20.2,40.4,1.0,0.0,0.06666666666666667,0.0,0.0,-0.3466666666666666,1.0,5.850902149817753,0.0,0.0,0.0,0.0,0.06666666666666667,0.0,0.0,0.0,2.0,5.757840449612791,19.4,38.8,1.0,0.0,0.06666666666666667,0.0,0.0,-0.2933333333333335,2.0,6.514788846970327,19.525,39.05,1.0,0.0,0.06666666666666667,0.0,0.0,-0.3016666666666668,1.0,0.0,6.0,12.316666666666665,11.0,4.5636363636363635,1.0,0.0,2.0,6.1,2.0,5.85,1.0,0.0,1.0,0.0,3.0,21.233333333333334,1.0,0.0,1.0,0.0,3.0,20.5
north_heavy_seed1,north_heavy,1,240.25,255.25,41.0,5.522953954816144,2.575609756097561,8.0,29.75,5.0,3.0709776466907632,1.36,4.4,2.0,2.0,0.13333333333333333,0.0,0.13333333333333333,0.09066666666666667,5.0,3.2488302228685635,3.41,10.25,3.0,0.0,0.13333333333333333,0.0,0.2,0.22733333333333333,10.0,3.6699306664261906,0.03,0.3,1.0,0.0,0.13333333333333333,0.4666666666666667,-0.6666666666666666,-2.3008888888888888,1.0,0.9591665487617642,0.0,0.0,0.0,2.0,0.06666666666666667,0.0,0.0,0.0,1.0,9.204314977597184,0.0,0.0,0.0,0.0,0.06666666666666667,0.0,0.0,0.0,1.0,10.584051494023276,0.0,0.0,0.0,0.0,0.06666666666666667,0.06666666666666667,0.0,0.0,1.0,4.519476841847653,0.0,0.0,0.0,2.0,0.06666666666666667,0.0,0.0,0.0,2.0,6.454926699510219,0.0,0.0,0.0,2.0,0.06666666666666667,0.0,-0.06666666666666667,-1.8333333333333333,2.0,5.426908451059974,20.7,41.4,1.0,0.0,0.06666666666666667,0.0,0.0,-0.37999999999999995,1.0,2.828285242761056,0.0,0.0,0.0,2.0,0.06666666666666667,0.0,0.0,0.0,2.0,3.8751998812778394,0.0,0.0,0.0,2.0,0.06666666666666667,0.0,-0.06666666666666667,-1.6533333333333333,2.0,6.526177964988306,20.025,40.05,1.0,0.0,0.06666666666666667,0.0,0.0,-0.33500000000000013,1.0,0.0,6.0,13.149999999999999,11.0,5.259090909090909,1.0,0.0,2.0,6.6,2.0,6.35,1.0,0.0,1.0,0.0,3.0,21.900000000000002,1.0,0.0,1.0,0.0,3.0,21.166666666666668
north_heavy_seed1,north_heavy,1,242.25,257.25,41.0,5.026892558677744,2.707317073170732,7.0,27.75,4.0,3.832587087243753,0.0,0.0,0.0,2.0,0.06666666666666667,0.06666666666666667,0.0,0.0,5.0,2.5814533929007384,4.61,12.25,3.0,0.0,0.06666666666666667,0.0,0.2,0.30733333333333335,10.0,2.729384494660079,0.22999999999999998,2.3,1.0,0.0,0.06666666666666667,0.4,-0.4,-1.0553333333333332,0.0,0.0,0.0,0.0,0.0,2.0,0.0,0.06666666666666667,0.0,0.0,1.0,0.0,0.2,0.2,1.0,0.0,0.0,0.0,0.06666666666666667,0.013333333333333334,1.0,1.5990812570692374,0.0,0.0,0.0,0.0,0.0,0.0,0.0,0.0,0.0,0.0,0.0,0.0,0.0,2.0,0.0,0.06666666666666667,0.0,0.0,1.0,8.183172898589046,0.0,0.0,0.0,2.0,0.0,0.06666666666666667,-0.06666666666666667,-0.9833333333333333,2.0,2.1732153604301705,21.7,43.4,1.0,0.0,0.0,0.0,0.0,0.5,0.0,0.0,0.0,0.0,0.0,2.0,0.0,0.06666666666666667,0.0,0.0,1.0,4.854149108810372,0.0,0.0,0.0,2.0,0.0,0.06666666666666667,-0.06666666666666667,-0.8933333333333333,2.0,3.41178233810303,21.025,42.05,1.0,0.0,0.0,0.0,0.0,0.4999999999999999,2.0,0.0,7.0,12.7,12.0,6.3,1.0,0.0,2.0,7.6,2.0,7.35,1.0,0.0,1.0,0.0,3.0,23.233333333333334,1.0,0.0,1.0,0.0,3.0,22.5
north_heavy_seed1,north_heavy,1,243.25,258.25,41.0,4.99642901761972,2.895121951219512,8.0,26.75,4.0,3.8550941967523564,0.0,0.0,0.0,2.0,0.06666666666666667,0.06666666666666667,0.0,0.0,5.0,1.8869140376339728,5.21,13.25,3.0,0.0,0.06666666666666667,0.0,0.2,0.3473333333333333,10.0,2.3154118167350832,0.32999999999999996,3.3,1.0,0.0,0.06666666666666667,0.4,-0.26666666666666666,-0.5188888888888888,0.0,0.0,0.0,0.0,0.0,2.0,0.0,0.06666666666666667,0.0,0.0,1.0,0.0,1.2,1.2,1.0,0.0,0.0,0.0,0.06666666666666667,0.08,1.0,0.0,0.7,0.7,1.0,0.0,0.0,0.0,0.06666666666666667,0.04666666666666666,0.0,0.0,0.0,0.0,0.0,2.0,0.0,0.06666666666666667,0.0,0.0,1.0,8.307335129299101,0.0,0.0,0.0,2.0,0.0,0.06666666666666667,-0.06666666666666667,-1.0166666666666666,2.0,1.052548979105481,22.2,44.4,1.0,0.0,0.0,0.0,0.0,0.5,0.0,0.0,0.0,0.0,0.0,2.0,0.0,0.06666666666666667,0.0,0.0,0.0,0.0,0.0,0.0,0.0,2.0,0.0,0.13333333333333333,-0.06666666666666667,-0.9266666666666666,2.0,1.9380417153470253,21.525,43.05,1.0,0.0,0.0,0.0,0.0,0.4999999999999999,2.0,0.0,7.0,13.414285714285713,12.0,7.133333333333333,1.0,0.0,2.0,8.1,2.0,7.85,1.0,0.0,1.0,0.0,3.0,23.900000000000002,1.0,0.0,1.0,0.0,3.0,23.166666666666668
north_heavy_seed1,north_heavy,1,244.25,259.25,40.0,4.939253857984218,3.18375,10.0,25.75,3.0,4.1291760662360915,0.0,0.0,0.0,2.0,0.06666666666666667,0.13333333333333333,0.0,0.0,5.0,1.2908703184910837,5.86,14.25,4.0,0.0,0.06666666666666667,0.0,0.26666666666666666,0.39066666666666666,10.0,1.9503947037569933,0.47000000000000003,4.3,2.0,0.0,0.06666666666666667,0.3333333333333333,-0.06666666666666667,-0.21628571428571428,0.0,0.0,0.0,0.0,0.0,2.0,0.0,0.06666666666666667,0.0,0.0,1.0,0.0,2.2,2.2,1.0,0.0,0.0,0.0,0.06666666666666667,0.14666666666666667,1.0,0.0,1.7,1.7,1.0,0.0,0.0,0.0,0.06666666666666667,0.11333333333333333,0.0,0.0,0.0,0.0,0.0,2.0,0.0,0.06666666666666667,0.0,0.0,0.0,0.0,0.0,0.0,0.0,2.0,0.0,0.13333333333333333,-0.06666666666666667,-1.05,2.0,0.40156976902497304,22.7,45.4,1.0,0.0,0.0,0.0,0.0,0.5,0.0,0.0,0.0,0.0,0.0,2.0,0.0,0.06666666666666667,0.0,0.0,0.0,0.0,0.0,0.0,0.0,2.0,0.0,0.13333333333333333,-0.06666666666666667,-0.9600000000000001,2.0,0.9218369986074625,22.025,44.05,1.0,0.0,0.0,0.0,0.0,0.4999999999999999,2.0,0.0,7.0,14.128571428571428,12.0,7.966666666666668,0.0,0.0,2.0,8.6,2.0,8.35,1.0,0.0,1.0,0.0,3.0,24.566666666666666,0.0,0.0,1.0,0.0,3.0,23.833333333333332
north_heavy_seed1,north_heavy,1,245.25,260.25,40.0,5.161408937928351,3.43375,10.0,24.75,3.0,4.413558177291935,0.0,0.0,0.0,2.0,0.06666666666666667,0.13333333333333333,-0.06666666666666667,-0.004166666666666667,5.0,0.7994452208039451,6.659999999999999,15.25,4.0,0.0,0.06666666666666667,0.0,0.2,0.4398333333333333,10.0,1.6184780502945757,0.6699999999999999,5.3,2.0,0.0,0.06666666666666667,0.3333333333333333,0.0,-0.08104761904761905,0.0,0.0,0.0,0.0,0.0,2.0,0.0,0.06666666666666667,0.0,0.0,1.0,0.0,3.2,3.2,1.0,0.0,0.0,0.0,0.06666666666666667,0.21333333333333335,1.0,0.0,2.7,2.7,1.0,0.0,0.0,0.0,0.06666666666666667,0.18000000000000002,0.0,0.0,0.0,0.0,0.0,2.0,0.0,0.06666666666666667,0.0,0.0,0.0,0.0,0.0,0.0,0.0,2.0,0.0,0.13333333333333333,-0.06666666666666667,-1.0833333333333333,2.0,0.12637248269446683,23.2,46.4,1.0,0.0,0.0,0.0,0.0,0.5,0.0,0.0,0.0,0.0,0.0,2.0,0.0,0.06666666666666667,0.0,0.0,0.0,0.0,0.0,0.0,0.0,2.0,0.0,0.13333333333333333,-0.06666666666666667,-0.9933333333333334,2.0,0.3342975402615228,22.525,45.05,1.0,0.0,0.0,0.0,0.0,0.4999999999999999,2.0,0.0,7.0,14.842857142857142,12.0,8.799999999999999,0.0,0.0,2.0,9.1,2.0,8.85,1.0,0.0,1.0,0.0,3.0,25.233333333333334,0.0,0.0,0.0,0.0,3.0,24.5
north_heavy_seed1,north_heavy,1,246.25,261.25,40.0,5.381301787550878,3.715,12.0,23.75,3.0,4.946622719991482,0.0,0.0,0.0,2.0,0.06666666666666667,0.13333333333333333,-0.06666666666666667,-0.020833333333333332,5.0,0.42620906077434634,7.459999999999999,16.25,4.0,0.0,0.06666666666666667,0.0,0.2,0.4764999999999999,10.0,1.3360806560452052,0.9650000000000001,6.3,3.0,0.0,0.06666666666666667,0.26666666666666666,0.2,0.06433333333333334,0.0,0.0,0.0,0.0,0.0,2.0,0.0,0.06666666666666667,0.0,0.0,1.0,0.0,4.2,4.2,1.0,0.0,0.0,0.0,0.06666666666666667,0.28,1.0,0.0,3.7,3.7,1.0,0.0,0.0,0.0,0.06666666666666667,0.24666666666666667,0.0,0.0,0.0,0.0,0.0,2.0,0.0,0.06666666666666667,0.0,0.0,0.0,0.0,0.0,0.0,0.0,2.0,0.0,0.13333333333333333,-0.06666666666666667,-1.1166666666666667,2.0,0.035994904951341423,23.849999999999998,47.4,2.0,0.0,0.0,0.0,0.06666666666666667,0.5099999999999999,0.0,0.0,0.0,0.0,0.0,2.0,0.0,0.06666666666666667,0.0,0.0,0.0,0.0,0.0,0.0,0.0,2.0,0.0,0.13333333333333333,-0.06666666666666667,-1.0266666666666666,2.0,0.10302266116339054,23.025,46.05,1.0,0.0,0.0,0.0,0.0,0.4999999999999999,2.0,0.0,7.0,15.557142857142855,12.0,9.633333333333333,0.0,0.0,2.0,9.6,2.0,9.35,0.0,0.0,1.0,0.0,3.0,25.900000000000002,0.0,0.0,0.0,0.0,3.0,25.166666666666668
north_heavy_seed1,north_heavy,1,247.25,262.25,40.0,5.57859259500165,4.04,14.0,22.75,3.0,5.721745565164572,0.0,0.0,0.0,2.0,0.0,0.13333333333333333,-0.06666666666666667,-0.030000000000000002,5.0,0.19855717770447184,8.26,17.25,4.0,0.0,0.0,0.0,0.2,0.5206666666666666,10.0,1.0676961854341551,1.3199999999999998,7.3,4.0,0.0,0.0,0.26666666666666666,0.26666666666666666,0.088,0.0,0.0,0.0,0.0,0.0,2.0,0.0,0.06666666666666667,0.0,0.0,1.0,0.0,5.2,5.2,1.0,0.0,0.0,0.0,0.06666666666666667,0.3466666666666667,1.0,0.0,4.7,4.7,1.0,0.0,0.0,0.0,0.06666666666666667,0.31333333333333335,0.0,0.0,0.0,0.0,0.0,2.0,0.0,0.06666666666666667,0.0,0.0,0.0,0.0,0.0,0.0,0.0,2.0,0.0,0.13333333333333333,-0.06666666666666667,-1.15,2.0,0.009930826400769128,24.849999999999998,48.4,2.0,0.0,0.0,0.0,0.06666666666666667,0.5433333333333332,0.0,0.0,0.0,0.0,0.0,2.0,0.0,0.06666666666666667,0.0,0.0,0.0,0.0,0.0,0.0,0.0,2.0,0.0,0.13333333333333333,-0.06666666666666667,-1.06,2.0,0.02899862983654164,23.75,47.05,2.0,0.0,0.0,0.0,0.06666666666666667,0.5150000000000001,1.0,0.0,7.0,16.27142857142857,12.0,10.466666666666667,0.0,0.0,2.0,10.1,2.0,9.85,0.0,0.0,1.0,0.0,3.0,26.566666666666666,0.0,0.0,0.0,0.0,3.0,25.833333333333332
north_heavy_seed1,north_heavy,1,248.25,263.25,52.0,6.016693225999682,3.376923076923077,14.0,21.75,3.0,6.471737685438479,0.0,0.0,0.0,2.0,0.06666666666666667,0.2,-0.06666666666666667,-0.043333333333333335,6.0,0.3284944920646549,7.55,18.25,4.0,0.0,0.06666666666666667,0.0,0.2,0.45999999999999996,11.0,0.9781689187197041,1.563636363636364,8.3,4.0,0.0,0.06666666666666667,0.2,0.26666666666666666,0.10424242424242426,1.0,15.281502782080326,0.0,0.0,0.0,2.0,0.06666666666666667,0.06666666666666667,0.0,0.0,2.0,0.7283280321426039,3.1,6.2,1.0,0.0,0.06666666666666667,0.0,0.06666666666666667,0.20666666666666667,2.0,0.7231658213373934,2.85,5.7,1.0,0.0,0.06666666666666667,0.0,0.06666666666666667,0.19,1.0,13.84734307216364,0.0,0.0,0.0,2.0,0.06666666666666667,0.06666666666666667,0.0,0.0,1.0,11.670397988873576,0.0,0.0,0.0,2.0,0.06666666666666667,0.13333333333333333,-0.06666666666666667,-1.1833333333333333,3.0,0.46984600804420035,17.23333333333333,49.4,2.0,0.0,0.06666666666666667,0.0,0.06666666666666667,0.002222222222222096,1.0,15.301916693247856,0.0,0.0,0.0,2.0,0.06666666666666667,0.06666666666666667,0.0,0.0,1.0,13.835349449813366,0.0,0.0,0.0,2.0,0.06666666666666667,0.13333333333333333,-0.06666666666666667,-1.0933333333333333,3.0,0.3937612318913783,16.5,48.05,2.0,0.0,0.06666666666666667,0.0,0.06666666666666667,-0.001666666666666572,2.0,0.0,8.0,14.862499999999999,13.0,10.430769230769231,0.0,0.0,2.0,10.6,2.0,10.35,0.0,0.0,0.0,0.0,3.0,27.233333333333334,0.0,0.0,0.0,0.0,3.0,26.5
north_heavy_seed1,north_heavy,1,249.25,264.25,52.0,6.3690307875996135,3.646153846153846,14.0,20.75,2.0,7.886920825920516,0.0,0.0,0.0,2.0,0.06666666666666667,0.26666666666666666,-0.06666666666666667,-0.056666666666666664,6.0,0.6198769960921061,8.216666666666667,19.25,4.0,0.0,0.06666666666666667,0.0,0.2,0.49111111111111116,11.0,0.9634586195461726,1.9272727272727275,9.3,4.0,0.0,0.06666666666666667,0.2,0.26666666666666666,0.1284848484848485,1.0,16.587372892085465,0.0,0.0,0.0,2.0,0.06666666666666667,0.06666666666666667,0.0,0.0,2.0,1.739461022979473,3.6,7.2,1.0,0.0,0.06666666666666667,0.0,0.06666666666666667,0.24000000000000002,2.0,1.804541735175428,3.35,6.7,1.0,0.0,0.06666666666666667,0.0,0.06666666666666667,0.22333333333333333,1.0,13.867545452426421,0.0,0.0,0.0,2.0,0.06666666666666667,0.06666666666666667,0.0,0.0,1.0,11.672932049258653,0.0,0.0,0.0,2.0,0.06666666666666667,0.13333333333333333,-0.06666666666666667,-1.2166666666666666,3.0,1.1576452461236562,17.9,50.4,2.0,0.0,0.06666666666666667,0.0,0.06666666666666667,0.013333333333333286,1.0,15.507777539027812,0.0,0.0,0.0,2.0,0.06666666666666667,0.06666666666666667,0.0,0.0,1.0,13.86513502590591,0.0,0.0,0.0,2.0,0.06666666666666667,0.13333333333333333,-0.06666666666666667,-1.1266666666666665,3.0,0.9856205276086856,17.166666666666668,49.05,2.0,0.0,0.06666666666666667,0.0,0.06666666666666667,0.009444444444444618,2.0,0.0,8.0,15.487499999999999,13.0,11.2,0.0,0.0,2.0,11.1,2.0,10.85,0.0,0.0,0.0,0.0,3.0,27.900000000000002,0.0,0.0,0.0,0.0,3.0,27.166666666666668
north_heavy_seed1,north_heavy,1,250.25,265.25,51.0,6.660330603349216,4.02156862745098,16.0,19.75,2.0,9.31558898088328,0.0,0.0,0.0,2.0,0.06666666666666667,0.26666666666666666,-0.06666666666666667,-0.07,6.0,0.9392125234178171,8.983333333333333,20.25,5.0,0.0,0.06666666666666667,0.0,0.26666666666666666,0.5288888888888889,11.0,0.9843823437382998,2.372727272727273,10.3,5.0,0.0,0.06666666666666667,0.13333333333333333,0.3333333333333333,0.1581818181818182,1.0,16.560009135525675,0.0,0.0,0.0,2.0,0.06666666666666667,0.06666666666666667,0.0,0.0,2.0,2.7311193672651517,4.1,8.2,1.0,0.0,0.06666666666666667,0.0,0.06666666666666667,0.2733333333333333,2.0,2.8012957002788434,3.85,7.7,1.0,0.0,0.06666666666666667,0.0,0.06666666666666667,0.25666666666666665,1.0,13.854707826389932,0.0,0.0,0.0,2.0,0.06666666666666667,0.06666666666666667,0.0,0.0,1.0,11.660390137309715,0.0,0.0,0.0,2.0,0.06666666666666667,0.13333333333333333,-0.06666666666666667,-1.25,3.0,1.809818356037628,18.566666666666666,51.4,2.0,0.0,0.06666666666666667,0.0,0.06666666666666667,0.024444444444444477,1.0,15.549898677246603,0.0,0.0,0.0,2.0,0.06666666666666667,0.06666666666666667,0.0,0.0,1.0,13.83687226712238,0.0,0.0,0.0,2.0,0.06666666666666667,0.13333333333333333,-0.06666666666666667,-1.16,3.0,1.5303401334863909,17.833333333333332,50.05,2.0,0.0,0.06666666666666667,0.0,0.06666666666666667,0.02055555555555557,2.0,0.0,8.0,16.1125,13.0,12.046153846153846,0.0,0.0,2.0,11.6,2.0,11.35,0.0,0.0,0.0,0.0,3.0,28.566666666666666,0.0,0.0,0.0,0.0,3.0,27.833333333333332
north_heavy_seed1,north_heavy,1,251.25,266.25,50.0,6.8854809373105095,4.423,17.0,18.75,1.0,12.790715069506634,0.0,0.0,0.0,2.0,0.06666666666666667,0.3333333333333333,-0.13333333333333333,-0.08866666666666667,6.0,1.255012173260666,9.816666666666666,21.25,5.0,0.0,0.06666666666666667,0.0,0.2,0.5657777777777777,11.0,1.0390276765776227,2.831818181818182,11.3,6.0,0.0,0.06666666666666667,0.06666666666666667,0.4,0.1887878787878788,1.0,16.602317642617972,0.0,0.0,0.0,2.0,0.06666666666666667,0.06666666666666667,0.0,0.0,2.0,3.733309590005325,4.6,9.2,1.0,0.0,0.06666666666666667,0.0,0.06666666666666667,0.30666666666666664,2.0,3.7746892486490644,4.35,8.7,1.0,0.0,0.06666666666666667,0.0,0.06666666666666667,0.29,1.0,13.888143915543333,0.0,0.0,0.0,2.0,0.06666666666666667,0.06666666666666667,0.0,0.0,1.0,11.665641584984535,0.0,0.0,0.0,2.0,0.06666666666666667,0.13333333333333333,-0.06666666666666667,-1.2833333333333334,3.0,2.47202922297257,19.23333333333333,52.4,2.0,0.0,0.06666666666666667,0.0,0.06666666666666667,0.03555555555555543,1.0,15.480438218602869,0.0,0.0,0.0,2.0,0.06666666666666667,0.06666666666666667,0.0,0.0,1.0,13.84267658753437,0.0,0.0,0.0,2.0,0.06666666666666667,0.13333333333333333,-0.06666666666666667,-1.1933333333333331,3.0,2.101505643919338,18.5,51.05,2.0,0.0,0.06666666666666667,0.0,0.06666666666666667,0.03166666666666676,2.0,0.0,8.0,16.7375,13.0,12.892307692307693,0.0,0.0,2.0,12.1,2.0,11.85,0.0,0.0,0.0,0.0,3.0,29.233333333333334,0.0,0.0,0.0,0.0,3.0,28.5
north_heavy_seed1,north_heavy,1,252.25,267.25,50.0,7.1546111434378075,4.763,17.0,17.75,1.0,13.853723192097387,0.0,0.0,0.0,2.0,0.06666666666666667,0.3333333333333333,-0.13333333333333333,-0.11533333333333333,6.0,1.5770564943089378,10.65,22.25,5.0,0.0,0.06666666666666667,0.0,0.2,0.5946666666666667,11.0,1.1120955915211415,3.377272727272727,12.3,6.0,0.0,0.06666666666666667,0.0,0.4,0.22515151515151513,1.0,16.66755354547501,0.0,0.0,0.0,2.0,0.06666666666666667,0.06666666666666667,0.0,0.0,2.0,4.7384522964708875,5.1,10.2,1.0,0.0,0.06666666666666667,0.0,0.06666666666666667,0.33999999999999997,2.0,4.713286918222571,4.85,9.7,1.0,0.0,0.06666666666666667,0.0,0.06666666666666667,0.3233333333333333,1.0,13.834263174663066,0.0,0.0,0.0,2.0,0.06666666666666667,0.06666666666666667,0.0,0.0,1.0,11.644775511432947,0.0,0.0,0.0,2.0,0.06666666666666667,0.13333333333333333,-0.06666666666666667,-1.3166666666666667,3.0,3.113628064155058,19.9,53.4,2.0,0.0,0.06666666666666667,0.0,0.06666666666666667,0.04666666666666662,1.0,15.508934290120335,0.0,0.0,0.0,2.0,0.06666666666666667,0.06666666666666667,0.0,0.0,1.0,13.829209547449137,0.0,0.0,0.0,2.0,0.06666666666666667,0.13333333333333333,-0.06666666666666667,-1.2266666666666666,3.0,2.67837731389735,19.166666666666668,52.05,2.0,0.0,0.06666666666666667,0.0,0.06666666666666667,0.04277777777777795,1.0,0.0,8.0,17.48125,13.0,13.738461538461538,0.0,0.0,2.0,12.6,2.0,12.35,0.0,0.0,0.0,0.0,3.0,29.900000000000002,0.0,0.0,0.0,0.0,3.0,29.166666666666668
north_heavy_seed1,north_heavy,1,253.25,268.25,49.0,7.394473228728585,5.208163265306122,18.0,16.75,1.0,13.857253204501468,0.0,0.0,0.0,2.0,0.06666666666666667,0.3333333333333333,-0.2,-0.14733333333333334,6.0,1.9234533274153367,11.483333333333334,23.25,5.0,0.0,0.06666666666666667,0.0,0.13333333333333333,0.6182222222222222,11.0,1.228660165343509,3.9272727272727277,13.3,7.0,0.0,0.06666666666666667,0.0,0.4666666666666667,0.26181818181818184,1.0,16.583336992882195,0.0,0.0,0.0,2.0,0.06666666666666667,0.06666666666666667,-0.06666666666666667,-0.016666666666666666,2.0,5.741340534184381,5.6,11.2,1.0,0.0,0.06666666666666667,0.0,0.06666666666666667,0.3733333333333333,2.0,5.6370211442346,5.35,10.7,1.0,0.0,0.06666666666666667,0.0,0.06666666666666667,0.35666666666666663,1.0,13.87407099593198,0.0,0.0,0.0,2.0,0.06666666666666667,0.06666666666666667,0.0,0.0,1.0,11.659927082791967,0.0,0.0,0.0,2.0,0.06666666666666667,0.13333333333333333,-0.06666666666666667,-1.35,3.0,3.800122126346101,20.566666666666666,54.4,2.0,0.0,0.06666666666666667,0.0,0.06666666666666667,0.05777777777777781,1.0,15.454964599413755,0.0,0.0,0.0,2.0,0.06666666666666667,0.06666666666666667,0.0,0.0,1.0,13.885502133268165,0.0,0.0,0.0,2.0,0.06666666666666667,0.13333333333333333,-0.06666666666666667,-1.26,3.0,3.2437321653298152,19.833333333333332,53.05,2.0,0.0,0.06666666666666667,0.0,0.06666666666666667,0.0538888888888889,1.0,0.0,8.0,18.23125,13.0,14.584615384615384,0.0,0.0,2.0,13.1,2.0,12.85,0.0,0.0,0.0,0.0,3.0,30.633333333333336,0.0,0.0,0.0,0.0,3.0,29.833333333333332
north_heavy_seed1,north_heavy,1,254.25,269.25,47.0,7.282850464355918,5.812765957446809,18.0,15.75,1.0,13.865402151788585,0.0,0.0,0.0,2.0,0.06666666666666667,0.3333333333333333,-0.2,-0.18733333333333332,6.0,2.2073489110902087,12.316666666666665,24.25,5.0,0.0,0.06666666666666667,0.0,0.13333333333333333,0.6337777777777777,11.0,1.2148134423530372,4.5636363636363635,14.3,7.0,0.0,0.06666666666666667,0.0,0.4666666666666667,0.30424242424242426,1.0,16.612108471550048,0.0,0.0,0.0,2.0,0.06666666666666667,0.06666666666666667,-0.06666666666666667,-0.08333333333333333,2.0,6.769715071678772,6.1,12.2,1.0,0.0,0.06666666666666667,0.0,0.06666666666666667,0.4066666666666666,2.0,6.476717900361716,5.85,11.7,1.0,0.0,0.06666666666666667,0.0,0.06666666666666667,0.38999999999999996,1.0,13.847514288158855,0.0,0.0,0.0,2.0,0.06666666666666667,0.06666666666666667,0.0,0.0,1.0,11.65474709614324,0.0,0.0,0.0,2.0,0.06666666666666667,0.13333333333333333,-0.06666666666666667,-1.3833333333333333,3.0,4.42750062269693,21.233333333333334,55.4,2.0,0.0,0.06666666666666667,0.0,0.06666666666666667,0.068888888888889,1.0,15.554149488588752,0.0,0.0,0.0,2.0,0.06666666666666667,0.06666666666666667,0.0,0.0,1.0,13.840417139275234,0.0,0.0,0.0,2.0,0.06666666666666667,0.13333333333333333,-0.06666666666666667,-1.2933333333333332,3.0,3.80987674296875,20.5,54.05,2.0,0.0,0.06666666666666667,0.0,0.06666666666666667,0.0650000000000001,1.0,0.0,8.0,18.98125,13.0,15.430769230769231,0.0,0.0,2.0,14.025,2.0,13.549999999999999,0.0,0.0,0.0,0.0,3.0,31.633333333333336,0.0,0.0,0.0,0.0,3.0,30.5
north_heavy_seed1,north_heavy,1,255.25,270.25,46.0,7.211436629025469,6.344565217391303,19.0,14.75,1.0,13.858432110426948,0.0,0.0,0.0,2.0,0.06666666666666667,0.3333333333333333,-0.13333333333333333,-0.09066666666666667,6.0,2.2160235177331176,13.149999999999999,25.25,5.0,0.0,0.06666666666666667,0.0,0.13333333333333333,0.6493333333333332,11.0,1.1805654355170427,5.259090909090909,15.3,8.0,0.0,0.06666666666666667,0.0,0.4666666666666667,0.3486060606060606,1.0,16.619170362543315,0.0,0.0,0.0,2.0,0.06666666666666667,0.06666666666666667,0.0,0.0,2.0,6.929951785577578,6.6,13.2,1.0,0.0,0.06666666666666667,0.0,0.06666666666666667,0.44,2.0,6.496445397064988,6.35,12.7,1.0,0.0,0.06666666666666667,0.0,0.06666666666666667,0.4233333333333333,1.0,13.86513185624266,0.0,0.0,0.0,2.0,0.06666666666666667,0.06666666666666667,0.0,0.0,1.0,11.67165979273994,0.0,0.0,0.0,2.0,0.06666666666666667,0.13333333333333333,0.0,0.0,3.0,4.613860121558343,21.900000000000002,56.4,2.0,0.0,0.06666666666666667,0.0,0.06666666666666667,0.0800000000000002,1.0,15.486302021296652,0.0,0.0,0.0,2.0,0.06666666666666667,0.06666666666666667,0.0,0.0,1.0,13.858487249067984,0.0,0.0,0.0,2.0,0.06666666666666667,0.13333333333333333,0.0,0.0,3.0,3.9996063937456348,21.166666666666668,55.05,2.0,0.0,0.06666666666666667,0.0,0.06666666666666667,0.07611111111111128,1.0,0.0,8.0,19.73125,13.0,16.276923076923076,0.0,0.0,2.0,15.025,2.0,14.549999999999999,0.0,0.0,0.0,0.0,3.0,32.63333333333333,0.0,0.0,0.0,0.0,3.0,31.166666666666668
north_heavy_seed1,north_heavy,1,256.25,271.25,46.0,6.747900399550525,6.770652173913043,20.0,13.75,2.0,14.822622012762592,0.0,0.0,0.0,2.0,0.13333333333333333,0.26666666666666666,0.0,0.0,7.0,2.5199662372022282,11.985714285714284,26.25,5.0,0.0,0.13333333333333333,0.0,0.13333333333333333,0.5317142857142856,12.0,1.3312471943097652,5.5375000000000005,16.3,9.0,0.0,0.13333333333333333,0.0,0.5333333333333333,0.36050000000000004,1.0,16.646838874831797,0.0,0.0,0.0,2.0,0.06666666666666667,0.0,0.0,0.0,2.0,6.920168015291566,7.1,14.2,1.0,0.0,0.06666666666666667,0.0,0.06666666666666667,0.47333333333333333,2.0,6.501078024858458,6.85,13.7,1.0,0.0,0.06666666666666667,0.0,0.06666666666666667,0.45666666666666667,1.0,13.838992923933548,0.0,0.0,0.0,2.0,0.06666666666666667,0.0,0.0,0.0,1.0,11.648604419277092,0.0,0.0,0.0,2.0,0.06666666666666667,0.06666666666666667,0.0,0.0,3.0,4.6093055177029845,22.566666666666666,57.4,2.0,0.0,0.06666666666666667,0.0,0.06666666666666667,0.09111111111111114,1.0,15.557275281405033,0.0,0.0,0.0,2.0,0.06666666666666667,0.0,0.0,0.0,1.0,13.839765531984158,0.0,0.0,0.0,2.0,0.06666666666666667,0.06666666666666667,0.0,0.0,3.0,3.9911969759385104,21.833333333333332,56.05,2.0,0.0,0.06666666666666667,0.0,0.06666666666666667,0.08722222222222224,1.0,0.0,8.0,20.54375,13.0,17.138461538461538,0.0,0.0,2.0,16.025,2.0,15.549999999999999,0.0,0.0,0.0,0.0,3.0,33.63333333333333,0.0,0.0,0.0,0.0,3.0,31.966666666666665
north_heavy_seed1,north_heavy,1,257.25,272.25,45.0,6.621162920634913,7.368888888888888,21.0,12.75,2.0,15.156811114845251,0.0,0.0,0.0,2.0,0.13333333333333333,0.26666666666666666,0.0,0.0,7.0,2.8981535388578616,12.7,27.25,5.0,0.0,0.13333333333333333,0.0,0.13333333333333333,0.5393333333333333,12.0,1.3933960002406336,6.3,17.3,10.0,0.0,0.13333333333333333,0.0,0.6,0.4046666666666667,1.0,16.5894149752371,0.0,0.0,0.0,2.0,0.06666666666666667,0.0,0.0,0.0,2.0,6.9183807903237176,7.6,15.2,1.0,0.0,0.06666666666666667,0.0,0.0,0.4933333333333333,2.0,6.479555014973473,7.35,14.7,1.0,0.0,0.06666666666666667,0.0,0.06666666666666667,0.49,1.0,13.84795494711143,0.0,0.0,0.0,2.0,0.06666666666666667,0.0,0.0,0.0,1.0,11.671419217115309,0.0,0.0,0.0,2.0,0.06666666666666667,0.06666666666666667,0.0,0.0,3.0,4.614685650197013,23.233333333333334,58.4,2.0,0.0,0.06666666666666667,0.0,0.06666666666666667,0.10222222222222234,1.0,15.458733181161763,0.0,0.0,0.0,2.0,0.06666666666666667,0.0,0.0,0.0,1.0,13.85640210096026,0.0,0.0,0.0,2.0,0.06666666666666667,0.06666666666666667,0.0,0.0,3.0,3.999278407075908,22.5,57.05,2.0,0.0,0.06666666666666667,0.0,0.06666666666666667,0.09833333333333343,1.0,0.0,8.0,21.41875,13.0,18.06153846153846,0.0,0.0,2.0,17.025,2.0,16.55,0.0,0.0,0.0,0.0,3.0,34.63333333333333,0.0,0.0,0.0,0.0,3.0,32.96666666666666
north_heavy_seed1,north_heavy,1,258.25,273.25,44.0,6.432903273188998,8.013636363636364,21.0,11.75,2.0,15.19425817006376,0.0,0.0,0.0,2.0,0.13333333333333333,0.26666666666666666,0.0,0.0,7.0,3.2481805130326973,13.414285714285713,28.25,5.0,0.0,0.13333333333333333,0.0,0.13333333333333333,0.546952380952381,12.0,1.3052357766535607,7.133333333333333,18.3,10.0,0.0,0.13333333333333333,0.0,0.6,0.45355555555555555,1.0,13.015592066089809,0.0,0.0,0.0,2.0,0.06666666666666667,0.0,0.0,0.0,2.0,6.925494874121505,8.1,16.2,1.0,0.0,0.06666666666666667,0.0,0.0,0.45999999999999996,2.0,6.4953135048473145,7.85,15.7,1.0,0.0,0.06666666666666667,0.0,0.0,0.4766666666666666,1.0,13.847124018149916,0.0,0.0,0.0,2.0,0.06666666666666667,0.0,0.0,0.0,1.0,11.643669353522402,0.0,0.0,0.0,2.0,0.06666666666666667,0.06666666666666667,0.0,0.0,3.0,4.6238035403847855,23.900000000000002,59.4,2.0,0.0,0.06666666666666667,0.0,0.06666666666666667,0.11333333333333352,1.0,15.501078749818685,0.0,0.0,0.0,2.0,0.06666666666666667,0.0,0.0,0.0,1.0,13.875361967992504,0.0,0.0,0.0,2.0,0.06666666666666667,0.0,0.0,0.0,3.0,3.998967011519708,23.166666666666668,58.05,2.0,0.0,0.06666666666666667,0.0,0.06666666666666667,0.10944444444444462,1.0,0.0,8.0,22.29375,13.0,18.984615384615385,0.0,0.0,2.0,18.025,2.0,17.55,0.0,0.0,0.0,0.0,3.0,1.7333333333333334,0.0,0.0,0.0,0.0,3.0,9.616666666666665
north_heavy_seed1,north_heavy,1,263.25,278.25,43.0,5.05829027180947,10.64186046511628,21.0,6.75,2.0,14.588270446243534,0.0,0.0,0.0,2.0,0.13333333333333333,0.2,0.0,0.0,8.0,2.6494433478077766,14.862499999999999,33.25,5.0,0.0,0.13333333333333333,0.0,0.06666666666666667,0.48749999999999993,13.0,1.1912064533935784,10.430769230769231,23.3,10.0,0.0,0.13333333333333333,0.0,0.4,0.5911421911421911,0.0,0.0,0.0,0.0,0.0,2.0,0.0,0.06666666666666667,0.0,0.0,2.0,2.9049793838494633,10.6,21.2,1.0,0.0,0.0,0.0,0.0,0.5,2.0,3.4971592128455975,10.35,20.7,1.0,0.0,0.0,0.0,0.0,0.5,0.0,0.0,0.0,0.0,0.0,2.0,0.0,0.06666666666666667,0.0,0.0,0.0,0.0,0.0,0.0,0.0,2.0,0.0,0.06666666666666667,0.0,0.0,3.0,1.6397951955157897,27.233333333333334,64.4,2.0,0.0,0.0,0.0,0.0,0.6666666666666669,0.0,0.0,0.0,0.0,0.0,2.0,0.0,0.06666666666666667,0.0,0.0,0.0,0.0,0.0,0.0,0.0,2.0,0.0,0.06666666666666667,0.0,0.0,3.0,2.7537261473481904,26.5,63.05,2.0,0.0,0.0,0.0,0.0,0.6666666666666666,1.0,0.1,8.0,26.66875,13.0,23.6,0.0,0.0,2.0,23.025000000000002,2.0,22.55,0.0,0.0,0.0,0.0,0.0,0.0,0.0,0.0,0.0,0.0,0.0,0.0
north_heavy_seed1,north_heavy,1,264.25,279.25,43.0,4.924376816547124,11.130232558139536,21.0,5.75,2.0,14.569194742684907,0.0,0.0,0.0,2.0,0.13333333333333333,0.13333333333333333,0.0,0.0,8.0,2.415475959943474,15.487499999999999,34.25,5.0,0.0,0.13333333333333333,0.0,0.06666666666666667,0.48472222222222217,13.0,1.0918549169045246,11.2,24.3,10.0,0.0,0.13333333333333333,0.0,0.4,0.618181818181818,0.0,0.0,0.0,0.0,0.0,2.0,0.0,0.06666666666666667,0.0,0.0,2.0,1.7398213320353244,11.1,22.2,1.0,0.0,0.0,0.0,0.0,0.5,2.0,2.206221754961123,10.85,21.7,1.0,0.0,0.0,0.0,0.0,0.5,0.0,0.0,0.0,0.0,0.0,2.0,0.0,0.06666666666666667,0.0,0.0,0.0,0.0,0.0,0.0,0.0,2.0,0.0,0.06666666666666667,0.0,0.0,3.0,0.945240703172296,27.900000000000002,65.4,2.0,0.0,0.0,0.0,0.0,0.6666666666666669,0.0,0.0,0.0,0.0,0.0,2.0,0.0,0.06666666666666667,0.0,0.0,0.0,0.0,0.0,0.0,0.0,2.0,0.0,0.06666666666666667,0.0,0.0,3.0,1.975948128281055,27.166666666666668,64.05,2.0,0.0,0.0,0.0,0.0,0.6666666666666666,2.0,0.55,9.0,24.594444444444445,14.0,22.810714285714283,0.0,0.0,2.0,24.025000000000002,2.0,23.55,0.0,0.0,0.0,0.0,0.0,0.0,0.0,0.0,0.0,0.0,0.0,0.0
north_heavy_seed1,north_heavy,1,265.25,280.25,42.0,4.597068116221007,11.91904761904762,22.0,4.75,2.0,14.560984906313081,0.0,0.0,0.0,2.0,0.13333333333333333,0.13333333333333333,0.0,0.0,8.0,2.1696889473105854,16.1125,35.25,5.0,0.0,0.13333333333333333,0.0,0.0,0.47527777777777785,13.0,0.989227720115006,12.046153846153846,25.3,11.0,0.0,0.13333333333333333,0.0,0.4,0.6448951048951048,0.0,0.0,0.0,0.0,0.0,2.0,0.0,0.06666666666666667,0.0,0.0,2.0,0.9048983750497316,11.6,23.2,1.0,0.0,0.0,0.0,0.0,0.5,2.0,1.2389391177674083,11.35,22.7,1.0,0.0,0.0,0.0,0.0,0.5,0.0,0.0,0.0,0.0,0.0,2.0,0.0,0.06666666666666667,0.0,0.0,0.0,0.0,0.0,0.0,0.0,2.0,0.0,0.06666666666666667,0.0,0.0,3.0,0.46299737814226566,28.566666666666666,66.4,2.0,0.0,0.0,0.0,0.0,0.6666666666666666,0.0,0.0,0.0,0.0,0.0,2.0,0.0,0.06666666666666667,0.0,0.0,0.0,0.0,0.0,0.0,0.0,2.0,0.0,0.06666666666666667,0.0,0.0,3.0,1.3138184242506845,27.833333333333332,65.05,2.0,0.0,0.0,0.0,0.0,0.6666666666666666,2.0,1.05,9.0,25.483333333333334,14.0,23.73928571428571,0.0,0.0,2.0,25.025000000000002,2.0,24.55,0.0,0.0,0.0,0.0,0.0,0.0,0.0,0.0,0.0,0.0,0.0,0.0
north_heavy_seed1,north_heavy,1,266.25,281.25,42.0,4.372949099760408,12.442857142857143,22.0,3.75,2.0,12.590922917902558,0.0,0.0,0.0,2.0,0.13333333333333333,0.06666666666666667,0.0,0.0,8.0,1.9844420862280383,16.7375,36.25,5.0,0.0,0.13333333333333333,0.0,0.0,0.46138888888888896,13.0,0.9280517832364402,12.892307692307693,26.3,11.0,0.0,0.13333333333333333,0.0,0.3333333333333333,0.6706993006993007,0.0,0.0,0.0,0.0,0.0,2.0,0.0,0.06666666666666667,0.0,0.0,2.0,0.4150029035637317,12.1,24.2,1.0,0.0,0.0,0.0,0.0,0.5,2.0,0.5870591786289467,11.85,23.7,1.0,0.0,0.0,0.0,0.0,0.5,0.0,0.0,0.0,0.0,0.0,2.0,0.0,0.06666666666666667,0.0,0.0,0.0,0.0,0.0,0.0,0.0,2.0,0.0,0.06666666666666667,0.0,0.0,3.0,0.19809475935386248,29.233333333333334,67.4,2.0,0.0,0.0,0.0,0.0,0.6666666666666669,0.0,0.0,0.0,0.0,0.0,2.0,0.0,0.06666666666666667,0.0,0.0,0.0,0.0,0.0,0.0,0.0,2.0,0.0,0.06666666666666667,0.0,0.0,3.0,0.8072544064554731,28.5,66.05,2.0,0.0,0.0,0.0,0.0,0.6666666666666666,2.0,1.55,9.0,26.37222222222222,14.0,24.66785714285714,0.0,0.0,2.0,26.025000000000002,2.0,25.55,0.0,0.0,0.0,0.0,0.0,0.0,0.0,0.0,0.0,0.0,0.0,0.0
north_heavy_seed1,north_heavy,1,267.25,282.25,41.0,4.091847834019566,13.306097560975608,23.0,2.75,1.0,12.684809342151114,0.0,0.0,0.0,2.0,0.06666666666666667,0.06666666666666667,0.0,0.0,8.0,1.86510431731537,17.48125,37.25,6.0,0.0,0.13333333333333333,0.0,0.06666666666666667,0.4554166666666666,13.0,0.9225445540348478,13.738461538461538,27.3,11.0,0.0,0.13333333333333333,0.0,0.3333333333333333,0.6907459207459207,0.0,0.0,0.0,0.0,0.0,2.0,0.0,0.06666666666666667,0.0,0.0,2.0,0.16116507065851196,12.6,25.2,1.0,0.0,0.0,0.0,0.0,0.5,2.0,0.2446245507297609,12.35,24.7,1.0,0.0,0.0,0.0,0.0,0.5,0.0,0.0,0.0,0.0,0.0,2.0,0.0,0.06666666666666667,0.0,0.0,0.0,0.0,0.0,0.0,0.0,2.0,0.0,0.06666666666666667,0.0,0.0,3.0,0.07677059133029039,29.900000000000002,68.4,2.0,0.0,0.0,0.0,0.0,0.6666666666666669,0.0,0.0,0.0,0.0,0.0,2.0,0.0,0.06666666666666667,0.0,0.0,0.0,0.0,0.0,0.0,0.0,2.0,0.0,0.06666666666666667,0.0,0.0,3.0,0.4477608691311234,29.166666666666668,67.05,2.0,0.0,0.0,0.0,0.0,0.6666666666666666,2.0,2.05,9.0,27.26111111111111,14.0,25.596428571428568,0.0,0.0,2.0,27.025000000000002,2.0,26.55,0.0,0.0,0.0,0.0,0.0,0.0,0.0,0.0,0.0,0.0,0.0,0.0
north_heavy_seed1,north_heavy,1,268.25,283.25,40.0,3.8249428964275887,14.21875,24.0,1.75,1.0,12.683318152327395,0.0,0.0,0.0,2.0,0.06666666666666667,0.06666666666666667,0.0,0.0,8.0,1.883131934808656,18.23125,38.25,6.0,0.0,0.13333333333333333,0.0,0.06666666666666667,0.449861111111111,13.0,0.9657036039158121,14.584615384615384,28.3,11.0,0.0,0.13333333333333333,0.0,0.26666666666666666,0.7104895104895105,0.0,0.0,0.0,0.0,0.0,2.0,0.0,0.06666666666666667,0.0,0.0,2.0,0.06035432816334669,13.1,26.2,1.0,0.0,0.0,0.0,0.0,0.5,2.0,0.09449465858853612,12.85,25.7,1.0,0.0,0.0,0.0,0.0,0.5,0.0,0.0,0.0,0.0,0.0,2.0,0.0,0.06666666666666667,0.0,0.0,0.0,0.0,0.0,0.0,0.0,2.0,0.0,0.06666666666666667,0.0,0.0,3.0,0.02806222852789515,30.633333333333336,69.4,3.0,0.0,0.0,0.0,0.06666666666666667,0.6711111111111113,0.0,0.0,0.0,0.0,0.0,2.0,0.0,0.06666666666666667,0.0,0.0,0.0,0.0,0.0,0.0,0.0,2.0,0.0,0.06666666666666667,0.0,0.0,3.0,0.23386319517970014,29.833333333333332,68.05,2.0,0.0,0.0,0.0,0.0,0.6666666666666666,2.0,2.55,9.0,28.15,14.0,26.525,0.0,0.0,2.0,28.025000000000002,2.0,27.55,0.0,0.0,0.0,0.0,0.0,0.0,0.0,0.0,0.0,0.0,0.0,0.0
north_heavy_seed1,north_heavy,1,269.25,284.25,39.0,3.6688075228135255,15.23076923076923,26.0,0.75,1.0,12.705931676749445,0.0,0.0,0.0,2.0,0.06666666666666667,0.06666666666666667,0.0,0.0,8.0,1.9992553858072515,18.98125,39.25,6.0,0.0,0.13333333333333333,0.0,0.06666666666666667,0.4443055555555556,13.0,1.0610559169885219,15.430769230769231,29.3,11.0,0.0,0.13333333333333333,0.0,0.26666666666666666,0.7244755244755244,0.0,0.0,0.0,0.0,0.0,2.0,0.0,0.06666666666666667,0.0,0.0,2.0,0.021920033216745995,14.025,27.2,2.0,0.0,0.0,0.0,0.06666666666666667,0.5283333333333334,2.0,0.03418470010601621,13.549999999999999,26.7,2.0,0.0,0.0,0.0,0.06666666666666667,0.5133333333333333,0.0,0.0,0.0,0.0,0.0,2.0,0.0,0.06666666666666667,0.0,0.0,0.0,0.0,0.0,0.0,0.0,2.0,0.0,0.06666666666666667,0.0,0.0,3.0,0.010084260541676835,31.633333333333336,70.4,3.0,0.0,0.0,0.0,0.06666666666666667,0.6933333333333335,0.0,0.0,0.0,0.0,0.0,2.0,0.0,0.06666666666666667,0.0,0.0,0.0,0.0,0.0,0.0,0.0,2.0,0.0,0.06666666666666667,0.0,0.0,3.0,0.11277275435074928,30.5,69.05,2.0,0.0,0.0,0.0,0.0,0.6666666666666666,3.0,2.033333333333333,10.0,26.135,15.0,25.62333333333333,0.0,0.0,2.0,29.025000000000002,2.0,28.55,0.0,0.0,0.0,0.0,0.0,0.0,0.0,0.0,0.0,0.0,0.0,0.0
north_heavy_seed1,north_heavy,1,270.25,285.25,39.0,3.7322074279614585,15.897435897435898,26.0,2.75,1.0,12.689014406261107,0.0,0.0,0.0,1.0,0.06666666666666667,0.06666666666666667,0.0,0.0,8.0,2.106889627040096,19.73125,40.25,6.0,0.0,0.13333333333333333,0.0,0.06666666666666667,0.43875000000000003,13.0,1.0830070434765646,16.276923076923076,30.3,11.0,0.0,0.13333333333333333,0.0,0.2,0.7345221445221445,0.0,0.0,0.0,0.0,0.0,1.0,0.0,0.06666666666666667,0.0,0.0,2.0,0.008027132482837544,15.025,28.2,2.0,0.0,0.0,0.0,0.06666666666666667,0.5616666666666668,2.0,0.01244897903838143,14.549999999999999,27.7,2.0,0.0,0.0,0.0,0.06666666666666667,0.5466666666666666,0.0,0.0,0.0,0.0,0.0,1.0,0.0,0.06666666666666667,0.0,0.0,0.0,0.0,0.0,0.0,0.0,1.0,0.0,0.06666666666666667,0.0,0.0,3.0,0.003703626153956292,32.63333333333333,71.4,3.0,0.0,0.0,0.0,0.06666666666666667,0.7155555555555554,0.0,0.0,0.0,0.0,0.0,1.0,0.0,0.06666666666666667,0.0,0.0,0.0,0.0,0.0,0.0,0.0,1.0,0.0,0.06666666666666667,0.0,0.0,3.0,0.052648838973195104,31.166666666666668,70.05,2.0,0.0,0.0,0.0,0.0,0.6666666666666666,3.0,2.3666666666666667,10.0,26.935000000000002,15.0,26.49,0.0,0.0,2.0,30.025000000000002,2.0,29.55,0.0,0.0,0.0,0.0,0.0,0.0,0.0,0.0,0.0,0.0,0.0,0.0
north_heavy_seed1,north_heavy,1,271.25,286.25,38.0,3.3550707370550614,17.028947368421054,29.0,1.75,1.0,12.662985023879285,0.0,0.0,0.0,1.0,0.06666666666666667,0.13333333333333333,0.0,0.0,8.0,2.0856772590524186,20.54375,41.25,7.0,0.0,0.06666666666666667,0.0,0.13333333333333333,0.5705357142857144,13.0,0.9857148708411889,17.138461538461538,31.3,12.0,0.0,0.06666666666666667,0.0,0.2,0.7733974358974358,0.0,0.0,0.0,0.0,0.0,1.0,0.0,0.06666666666666667,0.0,0.0,2.0,0.002917122484851629,16.025,29.2,2.0,0.0,0.0,0.0,0.06666666666666667,0.595,2.0,0.004486017692176248,15.549999999999999,28.7,2.0,0.0,0.0,0.0,0.06666666666666667,0.58,0.0,0.0,0.0,0.0,0.0,1.0,0.0,0.06666666666666667,0.0,0.0,0.0,0.0,0.0,0.0,0.0,1.0,0.0,0.06666666666666667,0.0,0.0,3.0,0.0013373038457767936,33.63333333333333,72.4,3.0,0.0,0.0,0.0,0.06666666666666667,0.7377777777777778,0.0,0.0,0.0,0.0,0.0,1.0,0.0,0.06666666666666667,0.0,0.0,0.0,0.0,0.0,0.0,0.0,1.0,0.0,0.06666666666666667,0.0,0.0,3.0,0.024212154988389478,31.966666666666665,71.05,3.0,0.0,0.0,0.0,0.06666666666666667,0.6755555555555556,4.0,2.025,11.0,25.213636363636365,15.0,27.356666666666666,0.0,0.0,2.0,31.025000000000002,2.0,30.55,0.0,0.0,0.0,0.0,0.0,0.0,0.0,0.0,0.0,0.0,0.0,0.0
north_heavy_seed1,north_heavy,1,272.25,287.25,38.0,3.1652588632340333,17.792105263157897,29.0,0.75,1.0,12.673569028863989,0.0,0.0,0.0,1.0,0.06666666666666667,0.13333333333333333,0.0,0.0,8.0,1.6004420458718585,21.41875,42.25,7.0,0.0,0.06666666666666667,0.0,0.13333333333333333,0.58125,13.0,0.7326433869327867,18.06153846153846,32.3,12.0,0.0,0.06666666666666667,0.0,0.13333333333333333,0.7841025641025641,0.0,0.0,0.0,0.0,0.0,1.0,0.0,0.06666666666666667,0.0,0.0,2.0,0.0010466240733249844,17.025,30.2,2.0,0.0,0.0,0.0,0.06666666666666667,0.6283333333333333,2.0,0.0016388862059538148,16.55,29.7,2.0,0.0,0.0,0.0,0.06666666666666667,0.6133333333333334,0.0,0.0,0.0,0.0,0.0,1.0,0.0,0.06666666666666667,0.0,0.0,0.0,0.0,0.0,0.0,0.0,1.0,0.0,0.06666666666666667,0.0,0.0,3.0,0.000481225452870191,34.63333333333333,73.4,3.0,0.0,0.0,0.0,0.06666666666666667,0.7599999999999999,0.0,0.0,0.0,0.0,0.0,1.0,0.0,0.06666666666666667,0.0,0.0,0.0,0.0,0.0,0.0,0.0,1.0,0.0,0.06666666666666667,0.0,0.0,3.0,0.011218491324701879,32.96666666666666,72.05,3.0,0.0,0.0,0.0,0.06666666666666667,0.6977777777777774,4.0,2.275,11.0,25.94090909090909,16.0,26.459374999999998,0.0,0.0,2.0,32.025000000000006,2.0,31.55,0.0,0.0,0.0,0.0,0.0,0.0,0.0,0.0,0.0,0.0,0.0,0.0
north_heavy_seed1,north_heavy,1,273.25,288.25,37.0,2.685814511515242,14.333783783783785,26.0,11.75,1.0,12.656160455441407,0.0,0.0,0.0,0.0,0.06666666666666667,0.13333333333333333,0.0,0.0,8.0,1.1028832080370143,22.29375,43.25,7.0,0.0,0.06666666666666667,0.0,0.13333333333333333,0.5919642857142857,13.0,0.509162260894563,18.984615384615385,33.3,12.0,0.0,0.06666666666666667,0.0,0.13333333333333333,0.7900854700854701,0.0,0.0,0.0,0.0,0.0,0.0,0.0,0.06666666666666667,0.0,0.0,2.0,0.00038585076818834044,18.025,31.2,2.0,0.0,0.0,0.0,0.06666666666666667,0.6616666666666666,2.0,0.0005906630708757937,17.55,30.7,2.0,0.0,0.0,0.0,0.06666666666666667,0.6466666666666667,0.0,0.0,0.0,0.0,0.0,0.0,0.0,0.06666666666666667,0.0,0.0,0.0,0.0,0.0,0.0,0.0,0.0,0.0,0.06666666666666667,0.0,0.0,3.0,0.2933290768171826,1.7333333333333334,5.2,1.0,2.0,0.0,0.0,-0.06666666666666667,-1.4777777777777779,0.0,0.0,0.0,0.0,0.0,0.0,0.0,0.06666666666666667,0.0,0.0,0.0,0.0,0.0,0.0,0.0,0.0,0.0,0.06666666666666667,0.0,0.0,3.0,0.2429630365969568,9.616666666666665,26.45,2.0,2.0,0.0,0.0,0.0,-0.9033333333333335,4.0,0.0,11.0,21.37272727272727,16.0,27.271874999999998,0.0,0.0,2.0,0.0,2.0,32.55,0.0,0.0,0.0,0.0,0.0,0.0,0.0,0.0,0.0,0.0,0.0,0.0
north_heavy_seed1,north_heavy,1,310.25,325.25,47.0,6.680119564267238,18.397872340425533,19.0,7.75,1.0,15.303185556266456,0.0,0.0,0.0,2.0,0.06666666666666667,0.26666666666666666,0.0,0.0,2.0,10.945419234148757,0.0,0.0,0.0,2.0,0.06666666666666667,0.6,0.0,0.0,18.0,0.09772392638265151,41.97777777777778,70.3,17.0,0.0,0.06666666666666667,0.0,0.2,0.7257734204793032,1.0,15.5228607381247,0.0,0.0,0.0,2.0,0.06666666666666667,0.0,0.0,0.0,1.0,11.973426993966568,0.0,0.0,0.0,2.0,0.06666666666666667,0.0,0.0,0.0,3.0,0.5656641198569888,36.36666666666667,67.7,2.0,0.0,0.06666666666666667,0.0,0.0,-0.212222222222222,1.0,15.423201754502955,0.0,0.0,0.0,2.0,0.06666666666666667,0.0,0.0,0.0,1.0,12.82150356153316,0.0,0.0,0.0,0.0,0.06666666666666667,0.0,0.0,0.0,1.0,13.863868544745493,0.0,0.0,0.0,0.0,0.06666666666666667,0.0,0.0,0.0,1.0,12.639557286370545,0.0,0.0,0.0,2.0,0.06666666666666667,0.0,0.0,0.0,1.0,11.973731086039916,0.0,0.0,0.0,0.0,0.06666666666666667,0.0,0.0,0.0,1.0,12.39873760170568,0.0,0.0,0.0,0.0,0.06666666666666667,0.0,0.0,0.0,4.0,0.925,4.0,0.5875,19.0,17.16842105263158,1.0,3.3,1.0,0.0,1.0,0.0,1.0,3.2,1.0,0.85,1.0,1.7,1.0,0.65,1.0,0.0,1.0,0.4
north_heavy_seed1,north_heavy,1,311.25,326.25,47.0,6.853821270844451,18.80212765957447,19.0,6.75,1.0,16.59062959188968,0.0,0.0,0.0,2.0,0.06666666666666667,0.2,0.0,0.0,1.0,14.126090278611509,0.0,0.0,0.0,2.0,0.06666666666666667,0.6,0.0,0.0,18.0,0.19940360386567704,42.922222222222224,71.3,17.0,0.0,0.06666666666666667,0.0,0.2,0.7338344226579525,1.0,15.854128297761232,0.0,0.0,0.0,2.0,0.06666666666666667,0.0,0.0,0.0,1.0,11.993422693123575,0.0,0.0,0.0,2.0,0.06666666666666667,0.0,0.0,0.0,3.0,1.1973475806020797,37.03333333333333,68.7,2.0,0.0,0.06666666666666667,0.0,0.0,-0.23444444444444437,1.0,15.644070065466433,0.0,0.0,0.0,2.0,0.06666666666666667,0.0,0.0,0.0,1.0,12.80862467499856,0.0,0.0,0.0,0.0,0.06666666666666667,0.0,0.0,0.0,1.0,13.827318343035877,0.0,0.0,0.0,0.0,0.06666666666666667,0.0,0.0,0.0,1.0,12.65152253209264,0.0,0.0,0.0,2.0,0.06666666666666667,0.0,0.0,0.0,1.0,11.994561320543289,0.0,0.0,0.0,0.0,0.06666666666666667,0.0,0.0,0.0,1.0,12.36654097318099,0.0,0.0,0.0,0.0,0.06666666666666667,0.0,0.0,0.0,4.0,1.175,4.0,0.8375,18.0,11.391666666666667,1.0,4.3,1.0,0.8,1.0,0.0,1.0,4.2,1.0,1.85,1.0,2.7,1.0,1.65,1.0,0.8,1.0,1.4
north_heavy_seed1,north_heavy,1,312.25,327.25,50.0,7.129558865557954,18.054000000000002,19.0,5.75,2.0,15.450988251705327,0.0,0.0,0.0,2.0,0.13333333333333333,0.2,0.0,0.0,2.0,14.823739851949847,0.0,0.0,0.0,2.0,0.13333333333333333,0.5333333333333333,0.0,0.0,19.0,0.3293480700439073,41.55789473684211,72.3,17.0,0.0,0.13333333333333333,0.0,0.2,0.587977296181631,1.0,15.78191143457979,0.0,0.0,0.0,2.0,0.06666666666666667,0.0,0.0,0.0,1.0,11.983642331385054,0.0,0.0,0.0,2.0,0.06666666666666667,0.0,0.0,0.0,3.0,1.844756503389369,37.699999999999996,69.7,2.0,0.0,0.06666666666666667,0.0,0.0,-0.25666666666666677,1.0,15.597303263405085,0.0,0.0,0.0,2.0,0.06666666666666667,0.0,0.0,0.0,1.0,12.832353730544552,0.0,0.0,0.0,0.0,0.06666666666666667,0.0,0.0,0.0,1.0,13.86967866035644,0.0,0.0,0.0,0.0,0.06666666666666667,0.0,0.0,0.0,1.0,12.629489459699252,0.0,0.0,0.0,2.0,0.06666666666666667,0.0,0.0,0.0,1.0,11.989210791166407,0.0,0.0,0.0,0.0,0.06666666666666667,0.0,0.0,0.0,1.0,12.412457134647148,0.0,0.0,0.0,0.0,0.06666666666666667,0.0,0.0,0.0,4.0,1.425,4.0,1.0875,17.0,9.226470588235294,1.0,5.3,1.0,1.8,0.0,0.0,1.0,5.2,1.0,2.85,1.0,3.7,1.0,2.65,1.0,1.8,1.0,2.4
north_heavy_seed1,north_heavy,1,313.25,328.25,48.0,7.138608574742073,19.202083333333334,19.0,4.75,2.0,15.456428986645733,0.0,0.0,0.0,2.0,0.13333333333333333,0.13333333333333333,0.0,0.0,2.0,14.823909298297595,0.0,0.0,0.0,2.0,0.13333333333333333,0.5333333333333333,0.0,0.0,19.0,0.5845990175527027,42.45263157894737,73.3,17.0,0.0,0.13333333333333333,0.0,0.2,0.5927244582043343,1.0,15.815509991899281,0.0,0.0,0.0,2.0,0.06666666666666667,0.0,0.0,0.0,1.0,11.994531373260543,0.0,0.0,0.0,2.0,0.06666666666666667,0.0,0.0,0.0,3.0,2.493416466548958,38.36666666666667,70.7,2.0,0.0,0.06666666666666667,0.0,0.0,-0.2788888888888887,1.0,15.651908425254494,0.0,0.0,0.0,2.0,0.06666666666666667,0.0,0.0,0.0,1.0,12.811112457041732,0.0,0.0,0.0,0.0,0.06666666666666667,0.0,0.0,0.0,1.0,13.877749250810593,0.0,0.0,0.0,0.0,0.06666666666666667,0.0,0.0,0.0,1.0,12.645928841963178,0.0,0.0,0.0,2.0,0.06666666666666667,0.0,0.0,0.0,1.0,11.984283009858336,0.0,0.0,0.0,0.0,0.06666666666666667,0.0,0.0,0.0,1.0,12.424137521640251,0.0,0.0,0.0,0.0,0.06666666666666667,0.0,0.0,0.0,4.0,1.8625,4.0,1.3875,17.0,4.711764705882352,1.0,6.3,1.0,2.8,0.0,0.0,1.0,6.2,1.0,3.85,1.0,4.7,1.0,3.65,1.0,2.8,1.0,3.4
north_heavy_seed1,north_heavy,1,314.25,329.25,47.0,7.215070956412689,20.01489361702128,19.0,3.75,2.0,15.459694271838895,0.0,0.0,0.0,2.0,0.13333333333333333,0.13333333333333333,0.0,0.0,2.0,14.833691893626,0.0,0.0,0.0,2.0,0.13333333333333333,0.4666666666666667,0.0,0.0,19.0,0.8175724770116618,43.347368421052636,74.3,17.0,0.0,0.13333333333333333,0.0,0.13333333333333333,0.5943343653250773,1.0,15.781726230934412,0.0,0.0,0.0,2.0,0.06666666666666667,0.0,0.0,0.0,1.0,11.97900939246174,0.0,0.0,0.0,2.0,0.06666666666666667,0.0,0.0,0.0,3.0,3.151844456138166,39.03333333333333,71.7,2.0,0.0,0.06666666666666667,0.0,0.0,-0.30111111111111105,1.0,15.616215290857225,0.0,0.0,0.0,2.0,0.06666666666666667,0.0,0.0,0.0,1.0,12.813553915192012,0.0,0.0,0.0,0.0,0.06666666666666667,0.0,0.0,0.0,1.0,13.851993340841728,0.0,0.0,0.0,0.0,0.06666666666666667,0.0,0.0,0.0,1.0,12.65018416931387,0.0,0.0,0.0,2.0,0.06666666666666667,0.0,0.0,0.0,1.0,11.97806763907196,0.0,0.0,0.0,0.0,0.06666666666666667,0.0,0.0,0.0,1.0,12.377383213055174,0.0,0.0,0.0,0.0,0.06666666666666667,0.0,0.0,0.0,4.0,2.3625,4.0,1.8875,16.0,3.39375,1.0,7.3,1.0,3.8,0.0,0.0,1.0,7.2,1.0,4.85,1.0,5.7,1.0,4.65,1.0,3.8,1.0,4.4
north_heavy_seed1,north_heavy,1,315.25,330.25,46.0,7.343425505049184,20.86304347826087,19.0,2.75,2.0,15.401850749231723,0.0,0.0,0.0,2.0,0.13333333333333333,0.13333333333333333,0.0,0.0,2.0,14.823733247199906,0.0,0.0,0.0,2.0,0.13333333333333333,0.4,0.0,0.0,19.0,1.0487839830191061,44.242105263157896,75.3,17.0,0.0,0.13333333333333333,0.0,0.13333333333333333,0.5951599587203305,1.0,15.777108237039446,0.0,0.0,0.0,2.0,0.06666666666666667,0.0,0.0,0.0,1.0,11.975952808319125,0.0,0.0,0.0,2.0,0.06666666666666667,0.0,0.0,0.0,3.0,3.8351826070759016,39.699999999999996,72.7,2.0,0.0,0.06666666666666667,0.0,0.0,-0.3233333333333334,1.0,15.687057812852531,0.0,0.0,0.0,2.0,0.06666666666666667,0.0,0.0,0.0,1.0,12.839251853678713,0.0,0.0,0.0,0.0,0.06666666666666667,0.0,0.0,0.0,1.0,13.83699076521909,0.0,0.0,0.0,0.0,0.06666666666666667,0.0,0.0,0.0,1.0,12.643476185597246,0.0,0.0,0.0,2.0,0.06666666666666667,0.0,0.0,0.0,1.0,11.98245348356897,0.0,0.0,0.0,0.0,0.06666666666666667,0.0,0.0,0.0,1.0,12.394996910181682,0.0,0.0,0.0,0.0,0.06666666666666667,0.0,0.0,0.0,4.0,2.8625,4.0,2.3875,16.0,2.096875,1.0,8.3,1.0,4.8,0.0,0.0,1.0,8.2,1.0,5.85,1.0,6.7,1.0,5.65,1.0,4.8,1.0,5.4
north_heavy_seed1,north_heavy,1,316.25,331.25,46.0,7.450077580530727,21.27608695652174,19.0,1.75,2.0,15.39560320673501,0.0,0.0,0.0,2.0,0.13333333333333333,0.13333333333333333,0.0,0.0,2.0,14.854890863348842,0.0,0.0,0.0,2.0,0.13333333333333333,0.4,0.0,0.0,19.0,1.1128338333058159,45.136842105263156,76.3,17.0,0.0,0.13333333333333333,0.0,0.13333333333333333,0.595985552115583,1.0,15.866664924059211,0.0,0.0,0.0,2.0,0.06666666666666667,0.0,0.0,0.0,1.0,11.986476957730483,0.0,0.0,0.0,2.0,0.06666666666666667,0.0,0.0,0.0,3.0,4.460621707077922,40.36666666666667,73.7,2.0,0.0,0.06666666666666667,0.0,0.0,-0.34555555555555534,1.0,15.692714781289666,0.0,0.0,0.0,2.0,0.06666666666666667,0.0,0.0,0.0,1.0,12.807769834723427,0.0,0.0,0.0,0.0,0.06666666666666667,0.0,0.0,0.0,1.0,13.879166753924219,0.0,0.0,0.0,0.0,0.06666666666666667,0.0,0.0,0.0,1.0,12.633587913281517,0.0,0.0,0.0,2.0,0.06666666666666667,0.0,0.0,0.0,1.0,11.99909155092202,0.0,0.0,0.0,0.0,0.06666666666666667,0.0,0.0,0.0,1.0,12.416235012886201,0.0,0.0,0.0,0.0,0.06666666666666667,0.0,0.0,0.0,4.0,3.3625,4.0,2.8875,15.0,0.44333333333333336,1.0,9.3,1.0,5.8,0.0,0.0,1.0,9.2,1.0,6.85,1.0,7.7,1.0,6.65,1.0,5.8,1.0,6.4
north_heavy_seed1,north_heavy,1,317.25,332.25,45.0,7.28675422215178,22.171111111111113,19.0,0.75,2.0,15.425139110864688,0.0,0.0,0.0,2.0,0.13333333333333333,0.06666666666666667,0.0,0.0,2.0,14.851085182980746,0.0,0.0,0.0,2.0,0.13333333333333333,0.3333333333333333,0.0,0.0,19.0,0.912715257512812,46.03157894736842,77.3,17.0,0.0,0.13333333333333333,0.0,0.13333333333333333,0.5968111455108361,1.0,15.870276131700873,0.0,0.0,0.0,2.0,0.06666666666666667,0.0,0.0,0.0,1.0,11.994508284323382,0.0,0.0,0.0,2.0,0.06666666666666667,0.0,0.0,0.0,3.0,4.628066296875865,41.03333333333333,74.7,2.0,0.0,0.06666666666666667,0.0,0.0,-0.3677777777777777,1.0,15.593264078469693,0.0,0.0,0.0,2.0,0.06666666666666667,0.0,0.0,0.0,1.0,12.823297621458174,0.0,0.0,0.0,0.0,0.06666666666666667,0.0,0.0,0.0,1.0,13.83791147136595,0.0,0.0,0.0,0.0,0.06666666666666667,0.0,0.0,0.0,1.0,12.62932772642118,0.0,0.0,0.0,2.0,0.06666666666666667,0.0,0.0,0.0,1.0,11.99898174281465,0.0,0.0,0.0,0.0,0.06666666666666667,0.0,0.0,0.0,1.0,12.368252317804464,0.0,0.0,0.0,0.0,0.06666666666666667,0.0,0.0,0.0,4.0,3.8625,4.0,3.3875,15.0,0.0,1.0,10.3,1.0,6.8,0.0,0.0,1.0,10.2,1.0,7.85,1.0,8.7,1.0,7.65,1.0,6.8,1.0,7.4
north_heavy_seed1,north_heavy,1,318.25,333.25,44.0,7.1254965988166115,23.106818181818184,19.0,2.75,2.0,15.422963638827692,0.0,0.0,0.0,1.0,0.13333333333333333,0.06666666666666667,0.0,0.0,2.0,14.840740441576456,0.0,0.0,0.0,1.0,0.13333333333333333,0.26666666666666666,0.0,0.0,19.0,0.6488130797169327,46.92631578947368,78.3,17.0,0.0,0.13333333333333333,0.0,0.13333333333333333,0.5976367389060887,1.0,15.82281555758059,0.0,0.0,0.0,1.0,0.06666666666666667,0.0,0.0,0.0,1.0,11.999543365328572,0.0,0.0,0.0,1.0,0.06666666666666667,0.0,0.0,0.0,3.0,4.61223419117198,41.699999999999996,75.7,2.0,0.0,0.06666666666666667,0.0,0.0,-0.39000000000000007,1.0,15.595876305261372,0.0,0.0,0.0,1.0,0.06666666666666667,0.0,0.0,0.0,1.0,12.837549934490221,0.0,0.0,0.0,0.0,0.06666666666666667,0.0,0.0,0.0,1.0,13.868262912044303,0.0,0.0,0.0,0.0,0.06666666666666667,0.0,0.0,0.0,1.0,12.610477234427817,0.0,0.0,0.0,1.0,0.06666666666666667,0.0,0.0,0.0,1.0,11.980087527316064,0.0,0.0,0.0,0.0,0.06666666666666667,0.0,0.0,0.0,1.0,12.407227858752332,0.0,0.0,0.0,0.0,0.06666666666666667,0.0,0.0,0.0,4.0,4.3625,4.0,3.8875,14.0,0.0,1.0,11.3,1.0,7.8,0.0,0.0,1.0,11.2,1.0,8.85,1.0,9.7,1.0,8.65,1.0,7.8,1.0,8.4
north_heavy_seed1,north_heavy,1,319.25,334.25,46.0,6.863711056703705,22.51521739130435,19.0,1.75,3.0,12.717640320621015,0.0,0.0,0.0,1.0,0.2,0.06666666666666667,0.0,0.0,3.0,13.621285992590552,0.0,0.0,0.0,1.0,0.2,0.26666666666666666,0.0,0.0,20.0,0.4365369240019339,45.43,79.3,17.0,0.0,0.2,0.0,0.13333333333333333,0.4390588235294118,1.0,14.974890038790283,0.0,0.0,0.0,1.0,0.06666666666666667,0.0,0.0,0.0,1.0,11.975667332061567,0.0,0.0,0.0,1.0,0.06666666666666667,0.0,0.0,0.0,3.0,4.629043077443882,42.36666666666667,76.7,2.0,0.0,0.06666666666666667,0.0,0.0,-0.412222222222222,1.0,15.586357458398716,0.0,0.0,0.0,1.0,0.06666666666666667,0.0,0.0,0.0,1.0,12.861182169778608,0.0,0.0,0.0,0.0,0.06666666666666667,0.0,0.0,0.0,1.0,13.874817567251158,0.0,0.0,0.0,0.0,0.06666666666666667,0.0,0.0,0.0,1.0,12.629773348445305,0.0,0.0,0.0,1.0,0.06666666666666667,0.0,0.0,0.0,1.0,11.993008682148066,0.0,0.0,0.0,0.0,0.06666666666666667,0.0,0.0,0.0,1.0,12.363514857977016,0.0,0.0,0.0,0.0,0.06666666666666667,0.0,0.0,0.0,4.0,4.8625,4.0,4.3875,14.0,0.0,1.0,12.3,1.0,8.8,0.0,0.0,1.0,12.2,1.0,9.85,1.0,10.7,1.0,9.65,1.0,8.8,1.0,9.4
north_heavy_seed1,north_heavy,1,320.25,335.25,46.0,6.473349031757285,22.928260869565218,19.0,0.75,3.0,10.949973023561498,0.0,0.0,0.0,1.0,0.2,0.06666666666666667,0.0,0.0,3.0,13.5154460248658,0.0,0.0,0.0,1.0,0.2,0.2,0.0,0.0,20.0,0.33391402419357347,46.28,80.3,17.0,0.0,0.2,0.0,0.13333333333333333,0.4369019607843138,1.0,9.51680582199971,0.0,0.0,0.0,1.0,0.06666666666666667,0.0,0.0,0.0,1.0,11.988894375355448,0.0,0.0,0.0,1.0,0.06666666666666667,0.0,0.0,0.0,3.0,4.609407674624817,43.03333333333333,77.7,2.0,0.0,0.06666666666666667,0.0,0.0,-0.43444444444444436,1.0,10.130277903654646,0.0,0.0,0.0,1.0,0.06666666666666667,0.0,0.0,0.0,1.0,12.80732020490045,0.0,0.0,0.0,0.0,0.06666666666666667,0.0,0.0,0.0,1.0,13.867189820311033,0.0,0.0,0.0,0.0,0.06666666666666667,0.0,0.0,0.0,1.0,12.634546959898435,0.0,0.0,0.0,1.0,0.06666666666666667,0.0,0.0,0.0,1.0,11.995565162021666,0.0,0.0,0.0,0.0,0.06666666666666667,0.0,0.0,0.0,1.0,12.396021184606099,0.0,0.0,0.0,0.0,0.06666666666666667,0.0,0.0,0.0,4.0,5.3625,4.0,4.8875,14.0,0.0,1.0,13.3,1.0,9.8,0.0,0.0,1.0,13.2,1.0,10.85,1.0,11.7,1.0,10.65,1.0,9.8,1.0,10.4
north_heavy_seed1,north_heavy,1,321.25,336.25,44.0,5.792482112858224,20.76590909090909,17.0,11.75,3.0,9.071937716215588,0.0,0.0,0.0,0.0,0.2,0.0,0.0,0.0,3.0,11.712587890345185,0.0,0.0,0.0,0.0,0.2,0.13333333333333333,0.0,0.0,20.0,0.3052082135686008,43.065,77.4,16.0,2.0,0.2,0.0,0.0,0.1608039215686271,1.0,4.016805821999704,0.0,0.0,0.0,0.0,0.06666666666666667,0.0,0.0,0.0,1.0,11.991414556454401,0.0,0.0,0.0,0.0,0.06666666666666667,0.0,0.0,0.0,3.0,4.882295603508041,17.466666666666665,52.4,1.0,2.0,0.06666666666666667,0.0,-0.06666666666666667,-2.2055555555555553,1.0,4.6411294598119746,0.0,0.0,0.0,0.0,0.06666666666666667,0.0,0.0,0.0,1.0,12.823446110117352,0.0,0.0,0.0,0.0,0.06666666666666667,0.0,0.0,0.0,1.0,10.509721534118789,0.0,0.0,0.0,0.0,0.06666666666666667,0.0,0.0,0.0,1.0,12.613989622723311,0.0,0.0,0.0,0.0,0.06666666666666667,0.0,0.0,0.0,1.0,11.99252466451144,0.0,0.0,0.0,0.0,0.06666666666666667,0.0,0.0,0.0,1.0,12.422159383900317,0.0,0.0,0.0,0.0,0.06666666666666667,0.0,0.0,0.0,4.0,0.0,4.0,5.387499999999999,14.0,0.03214285714285715,1.0,0.0,1.0,10.8,0.0,0.0,1.0,0.0,1.0,0.0,1.0,12.7,1.0,0.0,1.0,0.0,1.0,11.4
north_heavy_seed1,north_heavy,1,322.25,337.25,42.0,4.946709254118135,15.41904761904762,16.0,10.75,3.0,8.46410836192672,0.2333333333333333,0.7,1.0,0.0,0.2,0.0,0.06666666666666667,0.015555555555555553,3.0,8.658750615675114,0.0,0.0,0.0,0.0,0.2,0.13333333333333333,0.0,0.0,19.0,0.37336584640966664,34.02105263157895,72.9,13.0,2.0,0.2,0.06666666666666667,-0.2,-0.5048710010319918,1.0,0.0,0.3,0.3,1.0,0.0,0.06666666666666667,0.0,0.06666666666666667,0.02,1.0,11.984880630928092,0.0,0.0,0.0,0.0,0.06666666666666667,0.0,0.0,0.0,2.0,7.684057474439089,0.0,0.0,0.0,2.0,0.06666666666666667,0.06666666666666667,-0.13333333333333333,-3.4366666666666665,1.0,0.0,0.2,0.2,1.0,0.0,0.06666666666666667,0.0,0.06666666666666667,0.013333333333333334,1.0,9.945980289650244,0.0,0.0,0.0,0.0,0.06666666666666667,0.0,0.0,0.0,1.0,6.010401547004507,0.0,0.0,0.0,0.0,0.06666666666666667,0.0,0.0,0.0,1.0,10.832391616821566,0.0,0.0,0.0,0.0,0.06666666666666667,0.0,0.0,0.0,1.0,11.990322842085734,0.0,0.0,0.0,0.0,0.06666666666666667,0.0,0.0,0.0,1.0,11.891192781027828,0.0,0.0,0.0,0.0,0.06666666666666667,0.0,0.0,0.0,3.0,0.0,4.0,5.887499999999999,14.0,0.10357142857142856,0.0,0.0,1.0,11.8,0.0,0.0,0.0,0.0,0.0,0.0,1.0,13.7,0.0,0.0,0.0,0.0,1.0,12.4
north_heavy_seed1,north_heavy,1,323.25,338.25,41.0,3.991452954257529,12.643902439024389,16.0,9.75,3.0,7.002146450875732,0.5666666666666667,1.7,1.0,0.0,0.2,0.0,0.06666666666666667,0.03777777777777778,3.0,6.258337392119203,0.11666666666666665,0.35,1.0,0.0,0.2,0.06666666666666667,0.06666666666666667,0.007777777777777777,19.0,0.5987169781900457,27.044736842105266,70.05,12.0,2.0,0.2,0.06666666666666667,-0.26666666666666666,-1.032703818369453,1.0,0.0,1.3,1.3,1.0,0.0,0.06666666666666667,0.0,0.06666666666666667,0.08666666666666667,1.0,8.965512910690261,0.0,0.0,0.0,0.0,0.06666666666666667,0.0,0.0,0.0,2.0,7.419284767810321,0.0,0.0,0.0,2.0,0.06666666666666667,0.06666666666666667,-0.13333333333333333,-3.503333333333333,1.0,0.0,1.2,1.2,1.0,0.0,0.06666666666666667,0.0,0.06666666666666667,0.08,1.0,5.445980289650251,0.0,0.0,0.0,0.0,0.06666666666666667,0.0,0.0,0.0,1.0,1.5104015470045091,0.0,0.0,0.0,0.0,0.06666666666666667,0.0,0.0,0.0,1.0,6.334555864060873,0.0,0.0,0.0,0.0,0.06666666666666667,0.0,0.0,0.0,1.0,8.96301732351758,0.0,0.0,0.0,0.0,0.06666666666666667,0.0,0.0,0.0,1.0,7.397456920132008,0.0,0.0,0.0,0.0,0.06666666666666667,0.0,0.0,0.0,3.0,0.0,4.0,6.387499999999999,14.0,0.17500000000000002,0.0,0.0,1.0,12.8,0.0,0.0,0.0,0.0,0.0,0.0,1.0,14.7,0.0,0.0,0.0,0.0,1.0,13.4
north_heavy_seed1,north_heavy,1,324.25,339.25,41.0,3.5436161787714346,11.31829268292683,16.0,8.75,3.0,5.623496480943402,0.9,2.7,1.0,0.0,0.2,0.0,0.06666666666666667,0.060000000000000005,3.0,5.244559310322141,0.45,1.35,1.0,0.0,0.2,0.06666666666666667,0.06666666666666667,0.030000000000000002,19.0,0.9716969663693403,23.936842105263157,69.65,11.0,2.0,0.2,0.06666666666666667,-0.3333333333333333,-1.3026418988648092,1.0,0.0,2.3,2.3,1.0,0.0,0.06666666666666667,0.0,0.06666666666666667,0.15333333333333332,1.0,4.966565432250586,0.0,0.0,0.0,0.0,0.06666666666666667,0.0,0.0,0.0,1.0,10.015276155326822,0.0,0.0,0.0,2.0,0.06666666666666667,0.13333333333333333,-0.13333333333333333,-3.57,1.0,0.0,2.2,2.2,1.0,0.0,0.06666666666666667,0.0,0.06666666666666667,0.14666666666666667,1.0,0.9497768604981375,0.0,0.0,0.0,0.0,0.06666666666666667,0.0,0.0,0.0,1.0,0.0,0.7,0.7,1.0,0.0,0.06666666666666667,0.0,0.06666666666666667,0.04666666666666666,1.0,1.8411186353937783,0.0,0.0,0.0,0.0,0.06666666666666667,0.0,0.0,0.0,1.0,4.96301732351758,0.0,0.0,0.0,0.0,0.06666666666666667,0.0,0.0,0.0,1.0,2.9064205405737424,0.0,0.0,0.0,0.0,0.06666666666666667,0.0,0.0,0.0,2.0,0.0,4.0,6.8875,14.0,0.2642857142857143,0.0,0.0,1.0,13.8,0.0,0.0,0.0,0.0,0.0,0.0,1.0,15.7,0.0,0.0,0.0,0.0,1.0,14.4
north_heavy_seed1,north_heavy,1,325.25,340.25,42.0,2.968592783241272,8.151190476190477,18.0,7.75,4.0,4.675232833581107,0.925,3.7,1.0,0.0,0.2,0.0,0.06666666666666667,0.06166666666666667,4.0,4.579359258647219,0.5875,2.35,1.0,0.0,0.2,0.06666666666666667,0.06666666666666667,0.03916666666666667,19.0,1.208073989906987,17.16842105263158,68.15,10.0,2.0,0.2,0.13333333333333333,-0.4666666666666667,-1.6539571150097467,1.0,0.0,3.3,3.3,1.0,0.0,0.0,0.0,0.06666666666666667,0.22,1.0,0.9666312781948441,0.0,0.0,0.0,0.0,0.0,0.0,0.0,0.0,1.0,9.858794287012415,0.0,0.0,0.0,2.0,0.0,0.13333333333333333,-0.13333333333333333,-2.4244444444444446,1.0,0.0,3.2,3.2,1.0,0.0,0.0,0.0,0.06666666666666667,0.21333333333333335,1.0,0.0,0.85,0.85,1.0,0.0,0.0,0.0,0.06666666666666667,0.056666666666666664,1.0,0.0,1.7,1.7,1.0,0.0,0.0,0.0,0.06666666666666667,0.11333333333333333,1.0,0.0,0.65,0.65,1.0,0.0,0.0,0.0,0.06666666666666667,0.043333333333333335,1.0,0.9649484483803161,0.0,0.0,0.0,0.0,0.0,0.0,0.0,0.0,1.0,0.0,0.4,0.4,1.0,0.0,0.0,0.0,0.06666666666666667,0.02666666666666667,2.0,0.0,4.0,7.575,14.0,0.40714285714285714,0.0,0.0,1.0,14.8,0.0,0.0,0.0,0.0,0.0,0.0,1.0,16.7,0.0,0.0,0.0,0.0,1.0,15.4
north_heavy_seed1,north_heavy,1,326.25,341.25,42.0,3.395998429789318,5.495238095238095,18.0,6.75,4.0,4.667809586477799,1.175,4.7,1.0,0.0,0.2,0.0,0.06666666666666667,0.07833333333333334,4.0,4.666448644880349,0.8375,3.35,1.0,0.0,0.2,0.0,0.06666666666666667,0.05583333333333333,18.0,1.5578444539162253,11.391666666666667,55.2,8.0,2.0,0.2,0.2,-0.6,-2.102037037037037,1.0,0.0,4.3,4.3,1.0,0.0,0.0,0.0,0.06666666666666667,0.2866666666666667,1.0,0.0,0.8,0.8,1.0,0.0,0.0,0.0,0.06666666666666667,0.05333333333333334,1.0,10.490200000713228,0.0,0.0,0.0,2.0,0.0,0.13333333333333333,-0.13333333333333333,-2.468888888888889,1.0,0.0,4.2,4.2,1.0,0.0,0.0,0.0,0.06666666666666667,0.28,1.0,0.0,1.85,1.85,1.0,0.0,0.0,0.0,0.06666666666666667,0.12333333333333334,1.0,0.0,2.7,2.7,1.0,0.0,0.0,0.0,0.06666666666666667,0.18000000000000002,1.0,0.0,1.65,1.65,1.0,0.0,0.0,0.0,0.06666666666666667,0.11,1.0,0.0,0.8,0.8,1.0,0.0,0.0,0.0,0.06666666666666667,0.05333333333333334,1.0,0.0,1.4,1.4,1.0,0.0,0.0,0.0,0.06666666666666667,0.09333333333333332,2.0,0.0,5.0,6.659999999999999,15.0,0.5133333333333333,1.0,0.0,2.0,7.9,1.0,0.0,1.0,0.0,1.0,0.0,2.0,8.85,1.0,0.0,1.0,0.0,2.0,8.2
north_heavy_seed1,north_heavy,1,327.25,342.25,42.0,3.89274310367529,4.585714285714285,17.0,5.75,4.0,4.941842999445957,1.425,5.7,1.0,0.0,0.13333333333333333,0.0,0.06666666666666667,0.095,4.0,4.927639551221006,1.0875,4.35,1.0,0.0,0.13333333333333333,0.0,0.06666666666666667,0.0725,17.0,1.826967223670293,9.226470588235294,48.55,7.0,2.0,0.13333333333333333,0.26666666666666666,-0.6666666666666666,-2.1554282765737875,1.0,0.0,5.3,5.3,1.0,0.0,0.0,0.0,0.06666666666666667,0.35333333333333333,1.0,0.0,1.8,1.8,1.0,0.0,0.0,0.0,0.06666666666666667,0.12000000000000001,0.0,0.0,0.0,0.0,0.0,2.0,0.0,0.2,-0.13333333333333333,-2.513333333333333,1.0,0.0,5.2,5.2,1.0,0.0,0.0,0.0,0.06666666666666667,0.3466666666666667,1.0,0.0,2.85,2.85,1.0,0.0,0.0,0.0,0.06666666666666667,0.19,1.0,0.0,3.7,3.7,1.0,0.0,0.0,0.0,0.06666666666666667,0.24666666666666667,1.0,0.0,2.65,2.65,1.0,0.0,0.0,0.0,0.06666666666666667,0.17666666666666667,1.0,0.0,1.8,1.8,1.0,0.0,0.0,0.0,0.06666666666666667,0.12000000000000001,1.0,0.0,2.4,2.4,1.0,0.0,0.0,0.0,0.06666666666666667,0.16,3.0,0.0,6.0,6.05,16.0,0.65625,1.0,0.0,2.0,8.4,1.0,0.0,1.0,0.0,1.0,0.0,2.0,9.35,1.0,0.0,1.0,0.0,2.0,8.7
north_heavy_seed1,north_heavy,1,328.25,343.25,42.0,4.301212848491474,3.019047619047619,17.0,4.75,4.0,5.3400677213878796,1.8625,6.7,2.0,0.0,0.13333333333333333,0.0,0.13333333333333333,0.12416666666666668,4.0,5.316845909309541,1.3875,5.35,2.0,0.0,0.13333333333333333,0.0,0.13333333333333333,0.0925,17.0,2.224941861741957,4.711764705882352,29.8,5.0,2.0,0.13333333333333333,0.26666666666666666,-0.8,-2.516057791537668,1.0,0.0,6.3,6.3,1.0,0.0,0.0,0.0,0.06666666666666667,0.42,1.0,0.0,2.8,2.8,1.0,0.0,0.0,0.0,0.06666666666666667,0.18666666666666665,0.0,0.0,0.0,0.0,0.0,2.0,0.0,0.2,-0.13333333333333333,-2.557777777777778,1.0,0.0,6.2,6.2,1.0,0.0,0.0,0.0,0.06666666666666667,0.41333333333333333,1.0,0.0,3.85,3.85,1.0,0.0,0.0,0.0,0.06666666666666667,0.25666666666666665,1.0,0.0,4.7,4.7,1.0,0.0,0.0,0.0,0.06666666666666667,0.31333333333333335,1.0,0.0,3.65,3.65,1.0,0.0,0.0,0.0,0.06666666666666667,0.24333333333333332,1.0,0.0,2.8,2.8,1.0,0.0,0.0,0.0,0.06666666666666667,0.18666666666666665,1.0,0.0,3.4,3.4,1.0,0.0,0.0,0.0,0.06666666666666667,0.22666666666666666,2.0,0.0,6.0,6.55,16.0,0.84375,1.0,0.0,2.0,8.9,1.0,0.0,1.0,0.0,1.0,0.0,2.0,9.85,1.0,0.0,1.0,0.0,2.0,9.2
north_heavy_seed1,north_heavy,1,329.25,344.25,41.0,4.448446346926918,2.7560975609756095,16.0,3.75,4.0,5.750691816473416,2.3625,7.7,2.0,0.0,0.13333333333333333,0.0,0.13333333333333333,0.1575,4.0,5.715863097487264,1.8875,6.35,2.0,0.0,0.13333333333333333,0.0,0.13333333333333333,0.12583333333333332,16.0,2.3468439507990637,3.39375,23.75,4.0,2.0,0.13333333333333333,0.3333333333333333,-0.8666666666666667,-2.663574561403509,1.0,0.0,7.3,7.3,1.0,0.0,0.0,0.0,0.06666666666666667,0.48666666666666664,1.0,0.0,3.8,3.8,1.0,0.0,0.0,0.0,0.06666666666666667,0.2533333333333333,0.0,0.0,0.0,0.0,0.0,2.0,0.0,0.2,-0.13333333333333333,-2.602222222222222,1.0,0.0,7.2,7.2,1.0,0.0,0.0,0.0,0.06666666666666667,0.48000000000000004,1.0,0.0,4.85,4.85,1.0,0.0,0.0,0.0,0.06666666666666667,0.3233333333333333,1.0,0.0,5.7,5.7,1.0,0.0,0.0,0.0,0.06666666666666667,0.38,1.0,0.0,4.65,4.65,1.0,0.0,0.0,0.0,0.06666666666666667,0.31,1.0,0.0,3.8,3.8,1.0,0.0,0.0,0.0,0.06666666666666667,0.2533333333333333,1.0,0.0,4.4,4.4,1.0,0.0,0.0,0.0,0.06666666666666667,0.29333333333333333,2.0,0.0,6.0,7.05,16.0,1.0875,1.0,0.0,2.0,9.4,1.0,0.0,1.0,0.0,1.0,0.0,2.0,10.35,1.0,0.0,1.0,0.0,2.0,9.7
north_heavy_seed1,north_heavy,1,330.25,345.25,41.0,4.644910819309047,2.542682926829268,15.0,2.75,4.0,5.764737071509035,2.8625,8.7,2.0,0.0,0.13333333333333333,0.0,0.13333333333333333,0.19083333333333333,4.0,5.77695274100281,2.3875,7.35,2.0,0.0,0.13333333333333333,0.0,0.13333333333333333,0.15916666666666668,16.0,2.6669599756802578,2.096875,20.5,3.0,2.0,0.13333333333333333,0.3333333333333333,-0.9333333333333333,-2.8096820175438597,1.0,0.0,8.3,8.3,1.0,0.0,0.0,0.0,0.06666666666666667,0.5533333333333333,1.0,0.0,4.8,4.8,1.0,0.0,0.0,0.0,0.06666666666666667,0.32,0.0,0.0,0.0,0.0,0.0,2.0,0.0,0.2,-0.13333333333333333,-2.6466666666666665,1.0,0.0,8.2,8.2,1.0,0.0,0.0,0.0,0.06666666666666667,0.5466666666666666,1.0,0.0,5.85,5.85,1.0,0.0,0.0,0.0,0.06666666666666667,0.38999999999999996,1.0,0.0,6.7,6.7,1.0,0.0,0.0,0.0,0.06666666666666667,0.44666666666666666,1.0,0.0,5.65,5.65,1.0,0.0,0.0,0.0,0.06666666666666667,0.3766666666666667,1.0,0.0,4.8,4.8,1.0,0.0,0.0,0.0,0.06666666666666667,0.32,1.0,0.0,5.4,5.4,1.0,0.0,0.0,0.0,0.06666666666666667,0.36000000000000004,2.0,0.0,6.0,7.55,16.0,1.3499999999999999,1.0,0.0,2.0,9.9,1.0,0.0,1.0,0.0,1.0,0.0,2.0,10.85,1.0,0.0,1.0,0.0,2.0,10.2
north_heavy_seed1,north_heavy,1,331.25,346.25,40.0,4.63349947886662,2.2337499999999997,13.0,1.75,4.0,5.768892086817331,3.3625,9.7,2.0,0.0,0.13333333333333333,0.0,0.13333333333333333,0.22416666666666665,4.0,5.768011727604395,2.8875,8.35,2.0,0.0,0.13333333333333333,0.0,0.13333333333333333,0.1925,15.0,2.6813438585946794,0.44333333333333336,6.65,1.0,2.0,0.13333333333333333,0.4,-1.0666666666666667,-2.979567251461988,1.0,0.0,9.3,9.3,1.0,0.0,0.0,0.0,0.06666666666666667,0.62,1.0,0.0,5.8,5.8,1.0,0.0,0.0,0.0,0.06666666666666667,0.38666666666666666,0.0,0.0,0.0,0.0,0.0,2.0,0.0,0.2,-0.13333333333333333,-2.6911111111111112,1.0,0.0,9.2,9.2,1.0,0.0,0.0,0.0,0.06666666666666667,0.6133333333333333,1.0,0.0,6.85,6.85,1.0,0.0,0.0,0.0,0.06666666666666667,0.45666666666666667,1.0,0.0,7.7,7.7,1.0,0.0,0.0,0.0,0.06666666666666667,0.5133333333333333,1.0,0.0,6.65,6.65,1.0,0.0,0.0,0.0,0.06666666666666667,0.44333333333333336,1.0,0.0,5.8,5.8,1.0,0.0,0.0,0.0,0.06666666666666667,0.38666666666666666,1.0,0.0,6.4,6.4,1.0,0.0,0.0,0.0,0.06666666666666667,0.4266666666666667,2.0,0.0,6.0,8.116666666666667,16.0,1.6624999999999999,1.0,0.0,2.0,10.4,1.0,0.0,1.0,0.0,1.0,0.0,2.0,11.35,1.0,0.0,1.0,0.0,2.0,10.7
north_heavy_seed1,north_heavy,1,332.25,347.25,40.0,4.752610975030473,2.3675,12.0,0.75,4.0,5.43275092034422,3.8625,10.7,2.0,0.0,0.13333333333333333,0.0,0.13333333333333333,0.2575,4.0,5.410997420745402,3.3875,9.35,2.0,0.0,0.13333333333333333,0.0,0.13333333333333333,0.22583333333333336,15.0,3.057482319053602,0.0,0.0,0.0,2.0,0.13333333333333333,0.4,-1.1333333333333333,-3.0687719298245617,1.0,0.0,10.3,10.3,1.0,0.0,0.0,0.0,0.06666666666666667,0.6866666666666668,1.0,0.0,6.8,6.8,1.0,0.0,0.0,0.0,0.06666666666666667,0.4533333333333333,0.0,0.0,0.0,0.0,0.0,2.0,0.0,0.2,-0.13333333333333333,-2.7355555555555555,1.0,0.0,10.2,10.2,1.0,0.0,0.0,0.0,0.06666666666666667,0.6799999999999999,1.0,0.0,7.85,7.85,1.0,0.0,0.0,0.0,0.06666666666666667,0.5233333333333333,1.0,0.0,8.7,8.7,1.0,0.0,0.0,0.0,0.06666666666666667,0.58,1.0,0.0,7.65,7.65,1.0,0.0,0.0,0.0,0.06666666666666667,0.51,1.0,0.0,6.8,6.8,1.0,0.0,0.0,0.0,0.06666666666666667,0.4533333333333333,1.0,0.0,7.4,7.4,1.0,0.0,0.0,0.0,0.06666666666666667,0.49333333333333335,2.0,0.0,6.0,8.783333333333333,16.0,2.009375,1.0,0.0,2.0,10.9,1.0,0.0,1.0,0.0,1.0,0.0,2.0,11.85,1.0,0.0,1.0,0.0,2.0,11.2
north_heavy_seed1,north_heavy,1,333.25,348.25,40.0,4.87854819263843,2.6675,12.0,2.75,4.0,4.762730841046282,4.3625,11.7,2.0,0.0,0.13333333333333333,0.0,0.13333333333333333,0.29083333333333333,4.0,4.734364068791085,3.8875,10.35,2.0,0.0,0.13333333333333333,0.0,0.13333333333333333,0.25916666666666666,14.0,3.2569525241647064,0.0,0.0,0.0,1.0,0.13333333333333333,0.4666666666666667,-1.1333333333333333,-3.128421052631579,1.0,0.0,11.3,11.3,1.0,0.0,0.0,0.0,0.06666666666666667,0.7533333333333334,1.0,0.0,7.8,7.8,1.0,0.0,0.0,0.0,0.06666666666666667,0.52,0.0,0.0,0.0,0.0,0.0,1.0,0.0,0.2,-0.13333333333333333,-2.78,1.0,0.0,11.2,11.2,1.0,0.0,0.0,0.0,0.06666666666666667,0.7466666666666666,1.0,0.0,8.85,8.85,1.0,0.0,0.0,0.0,0.06666666666666667,0.59,1.0,0.0,9.7,9.7,1.0,0.0,0.0,0.0,0.06666666666666667,0.6466666666666666,1.0,0.0,8.65,8.65,1.0,0.0,0.0,0.0,0.06666666666666667,0.5766666666666667,1.0,0.0,7.8,7.8,1.0,0.0,0.0,0.0,0.06666666666666667,0.52,1.0,0.0,8.4,8.4,1.0,0.0,0.0,0.0,0.06666666666666667,0.56,2.0,0.0,6.0,9.450000000000001,16.0,2.384375,1.0,0.0,2.0,11.4,1.0,0.0,1.0,0.0,1.0,0.0,2.0,12.35,1.0,0.0,1.0,0.0,2.0,11.7
north_heavy_seed1,north_heavy,1,334.25,349.25,40.0,4.984600652112061,2.9675000000000002,12.0,1.75,4.0,4.188775091270488,4.8625,12.7,2.0,0.0,0.06666666666666667,0.0,0.13333333333333333,0.32416666666666666,4.0,4.1672869287239,4.3875,11.35,2.0,0.0,0.06666666666666667,0.0,0.13333333333333333,0.29250000000000004,14.0,3.6731230915375064,0.0,0.0,0.0,1.0,0.06666666666666667,0.4666666666666667,-1.1333333333333333,-3.0286666666666666,1.0,0.0,12.3,12.3,1.0,0.0,0.0,0.0,0.06666666666666667,0.8200000000000001,1.0,0.0,8.8,8.8,1.0,0.0,0.0,0.0,0.06666666666666667,0.5866666666666667,0.0,0.0,0.0,0.0,0.0,1.0,0.0,0.2,-0.13333333333333333,-2.8244444444444445,1.0,0.0,12.2,12.2,1.0,0.0,0.0,0.0,0.06666666666666667,0.8133333333333332,1.0,0.0,9.85,9.85,1.0,0.0,0.0,0.0,0.06666666666666667,0.6566666666666666,1.0,0.0,10.7,10.7,1.0,0.0,0.0,0.0,0.06666666666666667,0.7133333333333333,1.0,0.0,9.65,9.65,1.0,0.0,0.0,0.0,0.06666666666666667,0.6433333333333333,1.0,0.0,8.8,8.8,1.0,0.0,0.0,0.0,0.06666666666666667,0.5866666666666667,1.0,0.0,9.4,9.4,1.0,0.0,0.0,0.0,0.06666666666666667,0.6266666666666667,2.0,0.0,6.0,10.116666666666667,16.0,2.821875,1.0,0.0,2.0,11.9,1.0,0.0,1.0,0.0,1.0,0.0,2.0,12.85,1.0,0.0,1.0,0.0,2.0,12.2
north_heavy_seed1,north_heavy,1,335.25,350.25,40.0,4.773983387489963,3.2674999999999996,12.0,0.75,4.0,3.718188778886596,5.3625,13.7,2.0,0.0,0.06666666666666667,0.0,0.13333333333333333,0.3575,4.0,3.700907188101362,4.8875,12.35,2.0,0.0,0.06666666666666667,0.0,0.13333333333333333,0.32583333333333336,14.0,3.2468461343540427,0.0,0.0,0.0,1.0,0.06666666666666667,0.4666666666666667,-1.1333333333333333,-3.0853333333333333,1.0,0.0,13.3,13.3,1.0,0.0,0.0,0.0,0.06666666666666667,0.8866666666666667,1.0,0.0,9.8,9.8,1.0,0.0,0.0,0.0,0.06666666666666667,0.6533333333333334,0.0,0.0,0.0,0.0,0.0,1.0,0.0,0.2,-0.13333333333333333,-2.868888888888889,1.0,0.0,13.2,13.2,1.0,0.0,0.0,0.0,0.06666666666666667,0.88,1.0,0.0,10.85,10.85,1.0,0.0,0.0,0.0,0.06666666666666667,0.7233333333333333,1.0,0.0,11.7,11.7,1.0,0.0,0.0,0.0,0.06666666666666667,0.7799999999999999,1.0,0.0,10.65,10.65,1.0,0.0,0.0,0.0,0.06666666666666667,0.7100000000000001,1.0,0.0,9.8,9.8,1.0,0.0,0.0,0.0,0.06666666666666667,0.6533333333333334,1.0,0.0,10.4,10.4,1.0,0.0,0.0,0.0,0.06666666666666667,0.6933333333333334,2.0,0.0,6.0,10.783333333333333,16.0,3.290625,1.0,0.0,2.0,12.4,1.0,0.0,1.0,0.0,1.0,0.0,2.0,13.35,1.0,0.0,1.0,0.0,2.0,12.7
north_heavy_seed1,north_heavy,1,336.25,351.25,40.0,4.717259640858621,1.4224999999999999,6.0,29.75,4.0,3.6204661853174325,0.0,0.0,0.0,2.0,0.06666666666666667,0.0,0.0,0.0,4.0,3.3719570052962142,5.387499999999999,13.35,2.0,0.0,0.06666666666666667,0.0,0.13333333333333333,0.35916666666666663,14.0,2.9343148627721085,0.03214285714285715,0.45,1.0,0.0,0.06666666666666667,0.4666666666666667,-1.0,-2.8688571428571428,1.0,0.7543055799503883,0.0,0.0,0.0,2.0,0.0,0.0,0.0,0.0,1.0,0.0,10.8,10.8,1.0,0.0,0.0,0.0,0.06666666666666667,0.7200000000000001,0.0,0.0,0.0,0.0,0.0,0.0,0.0,0.2,-0.06666666666666667,-1.1644444444444444,1.0,0.7363401520728217,0.0,0.0,0.0,2.0,0.0,0.0,0.0,0.0,1.0,0.6305993287715118,0.0,0.0,0.0,2.0,0.0,0.0,0.0,0.0,1.0,0.0,12.7,12.7,1.0,0.0,0.0,0.0,0.06666666666666667,0.8466666666666666,1.0,0.6145410947868242,0.0,0.0,0.0,2.0,0.0,0.0,0.0,0.0,1.0,0.4909799232864042,0.0,0.0,0.0,2.0,0.0,0.0,0.0,0.0,1.0,0.0,11.4,11.4,1.0,0.0,0.0,0.0,0.06666666666666667,0.76,2.0,0.0,6.0,11.450000000000001,16.0,3.790625,1.0,0.0,2.0,12.9,1.0,0.0,1.0,0.0,1.0,0.0,2.0,13.85,0.0,0.0,1.0,0.0,2.0,13.2
north_heavy_seed1,north_heavy,1,337.25,352.25,40.0,4.991177778730398,1.5725,6.0,28.75,3.0,4.839051047138723,0.0,0.0,0.0,2.0,0.06666666666666667,0.06666666666666667,-0.06666666666666667,-0.015555555555555553,4.0,2.840056076325235,5.887499999999999,14.35,2.0,0.0,0.06666666666666667,0.0,0.13333333333333333,0.39249999999999996,14.0,2.8054980291122473,0.10357142857142856,1.45,1.0,0.0,0.06666666666666667,0.4,-0.8,-2.2611654135338344,0.0,0.0,0.0,0.0,0.0,2.0,0.0,0.06666666666666667,-0.06666666666666667,-0.02,1.0,0.0,11.8,11.8,1.0,0.0,0.0,0.0,0.06666666666666667,0.7866666666666667,0.0,0.0,0.0,0.0,0.0,0.0,0.0,0.13333333333333333,0.0,0.0,0.0,0.0,0.0,0.0,0.0,2.0,0.0,0.06666666666666667,-0.06666666666666667,-0.013333333333333334,0.0,0.0,0.0,0.0,0.0,2.0,0.0,0.06666666666666667,0.0,0.0,1.0,0.0,13.7,13.7,1.0,0.0,0.0,0.0,0.06666666666666667,0.9133333333333333,0.0,0.0,0.0,0.0,0.0,2.0,0.0,0.06666666666666667,0.0,0.0,0.0,0.0,0.0,0.0,0.0,2.0,0.0,0.06666666666666667,0.0,0.0,1.0,0.0,12.4,12.4,1.0,0.0,0.0,0.0,0.06666666666666667,0.8266666666666667,2.0,0.0,6.0,12.116666666666667,16.0,4.296875,1.0,0.0,2.0,13.4,1.0,0.0,0.0,0.0,1.0,0.0,2.0,14.35,0.0,0.0,1.0,0.0,2.0,13.7
north_heavy_seed1,north_heavy,1,338.25,353.25,40.0,5.215188857755652,1.7225000000000001,6.0,27.75,3.0,5.2894054267030945,0.0,0.0,0.0,2.0,0.06666666666666667,0.06666666666666667,-0.06666666666666667,-0.03777777777777778,4.0,2.123543936640802,6.387499999999999,15.35,2.0,0.0,0.06666666666666667,0.0,0.06666666666666667,0.4180555555555555,14.0,2.6549439764106935,0.17500000000000002,2.45,1.0,0.0,0.06666666666666667,0.4,-0.7333333333333333,-1.7913157894736844,0.0,0.0,0.0,0.0,0.0,2.0,0.0,0.06666666666666667,-0.06666666666666667,-0.08666666666666667,1.0,0.0,12.8,12.8,1.0,0.0,0.0,0.0,0.06666666666666667,0.8533333333333334,0.0,0.0,0.0,0.0,0.0,0.0,0.0,0.13333333333333333,0.0,0.0,0.0,0.0,0.0,0.0,0.0,2.0,0.0,0.06666666666666667,-0.06666666666666667,-0.08,0.0,0.0,0.0,0.0,0.0,2.0,0.0,0.06666666666666667,0.0,0.0,1.0,0.0,14.7,14.7,1.0,0.0,0.0,0.0,0.06666666666666667,0.98,0.0,0.0,0.0,0.0,0.0,2.0,0.0,0.06666666666666667,0.0,0.0,0.0,0.0,0.0,0.0,0.0,2.0,0.0,0.06666666666666667,0.0,0.0,1.0,0.0,13.4,13.4,1.0,0.0,0.0,0.0,0.06666666666666667,0.8933333333333333,1.0,0.0,6.0,12.783333333333333,16.0,4.859375,1.0,0.0,2.0,13.9,1.0,0.0,0.0,0.0,0.0,0.0,2.0,14.85,0.0,0.0,0.0,0.0,2.0,14.2
north_heavy_seed1,north_heavy,1,339.25,354.25,40.0,5.444969408079561,1.8787500000000001,7.0,26.75,2.0,5.5595533929616785,0.0,0.0,0.0,2.0,0.06666666666666667,0.13333333333333333,-0.06666666666666667,-0.060000000000000005,4.0,1.5085236471513823,6.8875,16.35,2.0,0.0,0.06666666666666667,0.0,0.06666666666666667,0.42916666666666664,14.0,2.481965963584448,0.2642857142857143,3.45,2.0,0.0,0.06666666666666667,0.4,-0.6,-1.5781704260651628,0.0,0.0,0.0,0.0,0.0,2.0,0.0,0.06666666666666667,-0.06666666666666667,-0.15333333333333332,1.0,0.0,13.8,13.8,1.0,0.0,0.0,0.0,0.06666666666666667,0.92,0.0,0.0,0.0,0.0,0.0,0.0,0.0,0.06666666666666667,0.0,0.0,0.0,0.0,0.0,0.0,0.0,2.0,0.0,0.06666666666666667,-0.06666666666666667,-0.14666666666666667,0.0,0.0,0.0,0.0,0.0,2.0,0.0,0.06666666666666667,0.0,0.0,1.0,0.0,15.7,15.7,1.0,0.0,0.0,0.0,0.0,1.0,0.0,0.0,0.0,0.0,0.0,2.0,0.0,0.06666666666666667,0.0,0.0,0.0,0.0,0.0,0.0,0.0,2.0,0.0,0.06666666666666667,0.0,0.0,1.0,0.0,14.4,14.4,1.0,0.0,0.0,0.0,0.06666666666666667,0.9600000000000001,0.0,0.0,6.0,13.450000000000001,16.0,5.43125,0.0,0.0,2.0,14.4,1.0,0.5,0.0,0.0,0.0,0.0,2.0,15.35,0.0,0.0,0.0,0.0,2.0,14.7
north_heavy_seed1,north_heavy,1,340.25,355.25,40.0,5.697910055957939,2.0725000000000002,8.0,25.75,2.0,5.8363938647924325,0.0,0.0,0.0,2.0,0.0,0.13333333333333333,-0.06666666666666667,-0.06166666666666667,4.0,1.0093177851122086,7.575,17.35,3.0,0.0,0.0,0.0,0.13333333333333333,0.4658333333333333,14.0,2.3026640968536656,0.40714285714285714,4.45,2.0,0.0,0.0,0.3333333333333333,-0.5333333333333333,-1.1174185463659148,0.0,0.0,0.0,0.0,0.0,2.0,0.0,0.06666666666666667,-0.06666666666666667,-0.22,1.0,0.0,14.8,14.8,1.0,0.0,0.0,0.0,0.06666666666666667,0.9866666666666667,0.0,0.0,0.0,0.0,0.0,0.0,0.0,0.06666666666666667,0.0,0.0,0.0,0.0,0.0,0.0,0.0,2.0,0.0,0.06666666666666667,-0.06666666666666667,-0.21333333333333335,0.0,0.0,0.0,0.0,0.0,2.0,0.0,0.06666666666666667,-0.06666666666666667,-0.056666666666666664,1.0,0.0,16.7,16.7,1.0,0.0,0.0,0.0,0.0,1.0,0.0,0.0,0.0,0.0,0.0,2.0,0.0,0.06666666666666667,-0.06666666666666667,-0.043333333333333335,0.0,0.0,0.0,0.0,0.0,2.0,0.0,0.06666666666666667,0.0,0.0,1.0,0.0,15.4,15.4,1.0,0.0,0.0,0.0,0.0,1.0,0.0,0.0,6.0,14.116666666666667,16.0,6.05625,0.0,0.0,2.0,14.9,1.0,1.5,0.0,0.0,0.0,0.0,2.0,15.85,0.0,0.0,0.0,0.0,2.0,15.2
north_heavy_seed1,north_heavy,1,341.25,356.25,51.0,6.5861919154351085,1.7823529411764707,8.0,24.75,2.0,7.545652068807332,0.0,0.0,0.0,2.0,0.06666666666666667,0.2,-0.06666666666666667,-0.07833333333333334,5.0,0.9928217064312875,6.659999999999999,18.35,3.0,0.0,0.06666666666666667,0.0,0.13333333333333333,0.3881666666666666,15.0,2.213622188107769,0.5133333333333333,5.45,2.0,0.0,0.06666666666666667,0.26666666666666666,-0.4,-0.7252222222222222,1.0,13.072185295357425,0.0,0.0,0.0,2.0,0.06666666666666667,0.06666666666666667,-0.06666666666666667,-0.2866666666666667,2.0,1.3338883213943198,7.9,15.8,1.0,0.0,0.06666666666666667,0.0,0.0,0.4733333333333334,1.0,14.898278770752556,0.0,0.0,0.0,0.0,0.06666666666666667,0.06666666666666667,0.0,0.0,1.0,15.708753598916822,0.0,0.0,0.0,2.0,0.06666666666666667,0.06666666666666667,-0.06666666666666667,-0.28,1.0,14.910844176451782,0.0,0.0,0.0,2.0,0.06666666666666667,0.06666666666666667,-0.06666666666666667,-0.12333333333333334,2.0,1.1702819654321706,8.85,17.7,1.0,0.0,0.06666666666666667,0.0,0.0,0.41,1.0,15.573168335465027,0.0,0.0,0.0,2.0,0.06666666666666667,0.06666666666666667,-0.06666666666666667,-0.11,1.0,13.853718429902074,0.0,0.0,0.0,2.0,0.06666666666666667,0.06666666666666667,-0.06666666666666667,-0.05333333333333334,2.0,0.9493081265976401,8.2,16.4,1.0,0.0,0.06666666666666667,0.0,0.0,0.45333333333333325,1.0,0.0,7.0,12.671428571428573,17.0,6.332352941176471,0.0,0.0,2.0,15.4,1.0,2.5,0.0,0.0,0.0,0.0,2.0,16.35,0.0,0.0,0.0,0.0,2.0,15.7
north_heavy_seed1,north_heavy,1,342.25,357.25,54.0,7.051418027401032,1.8462962962962963,9.0,23.75,3.0,8.993709699520833,0.0,0.0,0.0,2.0,0.13333333333333333,0.2,-0.06666666666666667,-0.095,6.0,1.3784602334587337,6.05,19.35,3.0,0.0,0.13333333333333333,0.0,0.13333333333333333,0.33083333333333337,16.0,2.2679238849689205,0.65625,6.45,3.0,0.0,0.13333333333333333,0.2,-0.26666666666666666,-0.5713480392156863,1.0,13.121556417726035,0.0,0.0,0.0,2.0,0.06666666666666667,0.06666666666666667,-0.06666666666666667,-0.35333333333333333,2.0,2.77779454106222,8.4,16.8,1.0,0.0,0.06666666666666667,0.0,0.0,0.44000000000000006,1.0,14.942164824758263,0.0,0.0,0.0,0.0,0.06666666666666667,0.0,0.0,0.0,1.0,16.586718152193356,0.0,0.0,0.0,2.0,0.06666666666666667,0.06666666666666667,-0.06666666666666667,-0.3466666666666667,1.0,14.957363435789583,0.0,0.0,0.0,2.0,0.06666666666666667,0.06666666666666667,-0.06666666666666667,-0.19,2.0,2.503631034317514,9.35,18.7,1.0,0.0,0.06666666666666667,0.0,0.0,0.37666666666666665,1.0,16.64663616355276,0.0,0.0,0.0,2.0,0.06666666666666667,0.06666666666666667,-0.06666666666666667,-0.17666666666666667,1.0,13.879672671326407,0.0,0.0,0.0,2.0,0.06666666666666667,0.06666666666666667,-0.06666666666666667,-0.12000000000000001,2.0,2.166139964545283,8.7,17.4,1.0,0.0,0.06666666666666667,0.0,0.0,0.41999999999999993,1.0,0.0,7.0,13.242857142857144,17.0,7.023529411764706,0.0,0.0,2.0,16.1,1.0,3.5,0.0,0.0,0.0,0.0,2.0,16.85,0.0,0.0,0.0,0.0,2.0,16.2
north_heavy_seed1,north_heavy,1,343.25,358.25,52.0,7.4723970448768124,2.0903846153846155,9.0,22.75,2.0,12.120065750324912,0.0,0.0,0.0,2.0,0.13333333333333333,0.26666666666666666,-0.13333333333333333,-0.12416666666666668,6.0,1.991874696756519,6.55,20.35,3.0,0.0,0.13333333333333333,0.0,0.06666666666666667,0.3441666666666666,16.0,2.358255487937909,0.84375,7.45,3.0,0.0,0.13333333333333333,0.2,-0.13333333333333333,-0.2578676470588235,1.0,13.13771237740578,0.0,0.0,0.0,2.0,0.06666666666666667,0.06666666666666667,-0.06666666666666667,-0.42,2.0,4.109991755969663,8.9,17.8,1.0,0.0,0.06666666666666667,0.0,0.0,0.4066666666666667,1.0,14.894694826574604,0.0,0.0,0.0,0.0,0.06666666666666667,0.0,0.0,0.0,1.0,16.63083094419213,0.0,0.0,0.0,2.0,0.06666666666666667,0.06666666666666667,-0.06666666666666667,-0.41333333333333333,1.0,14.860802733526205,0.0,0.0,0.0,2.0,0.06666666666666667,0.06666666666666667,-0.06666666666666667,-0.25666666666666665,2.0,3.7104245222259475,9.85,19.7,1.0,0.0,0.06666666666666667,0.0,0.0,0.3433333333333333,1.0,16.613778460647445,0.0,0.0,0.0,2.0,0.06666666666666667,0.06666666666666667,-0.06666666666666667,-0.24333333333333332,1.0,13.842367311983923,0.0,0.0,0.0,2.0,0.06666666666666667,0.06666666666666667,-0.06666666666666667,-0.18666666666666665,2.0,3.3597322465005752,9.2,18.4,1.0,0.0,0.06666666666666667,0.0,0.0,0.3866666666666666,1.0,0.0,7.0,13.814285714285715,17.0,7.741176470588235,0.0,0.0,2.0,17.099999999999998,1.0,4.5,0.0,0.0,0.0,0.0,2.0,17.35,0.0,0.0,0.0,0.0,2.0,16.7
north_heavy_seed1,north_heavy,1,344.25,359.25,50.0,7.637052627099977,2.372,10.0,21.75,2.0,14.364010506833667,0.0,0.0,0.0,2.0,0.13333333333333333,0.26666666666666666,-0.13333333333333333,-0.1575,6.0,2.613764211189929,7.05,21.35,3.0,0.0,0.13333333333333333,0.0,0.06666666666666667,0.3441666666666666,16.0,2.439166551961965,1.0875,8.45,4.0,0.0,0.13333333333333333,0.13333333333333333,0.0,-0.15375,1.0,13.122899001244743,0.0,0.0,0.0,2.0,0.06666666666666667,0.06666666666666667,-0.06666666666666667,-0.48666666666666664,2.0,5.296517756183304,9.4,18.8,1.0,0.0,0.06666666666666667,0.0,0.0,0.37333333333333335,1.0,14.859980457385143,0.0,0.0,0.0,0.0,0.06666666666666667,0.0,0.0,0.0,1.0,16.619814964190592,0.0,0.0,0.0,2.0,0.06666666666666667,0.06666666666666667,-0.06666666666666667,-0.48000000000000004,1.0,14.901875896201808,0.0,0.0,0.0,2.0,0.06666666666666667,0.06666666666666667,-0.06666666666666667,-0.3233333333333333,2.0,4.792913151212128,10.35,20.7,1.0,0.0,0.06666666666666667,0.0,0.0,0.30999999999999994,1.0,16.584524339220955,0.0,0.0,0.0,2.0,0.06666666666666667,0.06666666666666667,-0.06666666666666667,-0.31,1.0,13.940779400032683,0.0,0.0,0.0,2.0,0.06666666666666667,0.06666666666666667,-0.06666666666666667,-0.2533333333333333,2.0,4.448412426131912,9.7,19.4,1.0,0.0,0.06666666666666667,0.0,0.0,0.3533333333333333,1.0,0.0,7.0,14.385714285714286,17.0,8.520588235294117,0.0,0.0,2.0,18.099999999999998,1.0,5.5,0.0,0.0,0.0,0.0,2.0,17.85,0.0,0.0,0.0,0.0,2.0,17.2
north_heavy_seed1,north_heavy,1,345.25,360.25,49.0,7.826685040842311,2.628571428571429,11.0,20.75,2.0,15.46011195448683,0.0,0.0,0.0,2.0,0.13333333333333333,0.26666666666666666,-0.13333333333333333,-0.19083333333333333,6.0,3.2449546333300066,7.55,22.35,3.0,0.0,0.13333333333333333,0.0,0.06666666666666667,0.3441666666666666,16.0,2.514852636945261,1.3499999999999999,9.45,5.0,0.0,0.13333333333333333,0.13333333333333333,0.13333333333333333,-0.049791666666666665,1.0,13.065609422484934,0.0,0.0,0.0,2.0,0.06666666666666667,0.06666666666666667,-0.06666666666666667,-0.5533333333333333,2.0,6.446651111118585,9.9,19.8,1.0,0.0,0.06666666666666667,0.0,0.0,0.34,1.0,14.890177669614394,0.0,0.0,0.0,0.0,0.06666666666666667,0.0,0.0,0.0,1.0,16.565958789167926,0.0,0.0,0.0,2.0,0.06666666666666667,0.06666666666666667,-0.06666666666666667,-0.5466666666666666,1.0,14.877219131101727,0.0,0.0,0.0,2.0,0.06666666666666667,0.06666666666666667,-0.06666666666666667,-0.38999999999999996,2.0,5.724518632618782,10.85,21.7,1.0,0.0,0.06666666666666667,0.0,0.0,0.2766666666666666,1.0,16.648237722290215,0.0,0.0,0.0,2.0,0.06666666666666667,0.06666666666666667,-0.06666666666666667,-0.3766666666666667,1.0,13.869071241536847,0.0,0.0,0.0,2.0,0.06666666666666667,0.06666666666666667,-0.06666666666666667,-0.32,2.0,5.547363734693409,10.2,20.4,1.0,0.0,0.06666666666666667,0.0,0.0,0.31999999999999995,1.0,0.0,7.0,14.957142857142857,17.0,9.344117647058823,0.0,0.0,2.0,19.099999999999998,1.0,6.5,0.0,0.0,0.0,0.0,2.0,18.35,0.0,0.0,0.0,0.0,2.0,17.7
north_heavy_seed1,north_heavy,1,346.25,361.25,48.0,7.858265559442372,2.920833333333333,12.0,19.75,2.0,15.424751980412477,0.0,0.0,0.0,2.0,0.13333333333333333,0.26666666666666666,-0.13333333333333333,-0.22416666666666665,6.0,3.8666809214540554,8.116666666666667,23.35,4.0,0.0,0.13333333333333333,0.0,0.13333333333333333,0.34861111111111115,16.0,2.4139195331342425,1.6624999999999999,10.45,5.0,0.0,0.13333333333333333,0.06666666666666667,0.26666666666666666,0.08127777777777777,1.0,13.080405532798553,0.0,0.0,0.0,2.0,0.06666666666666667,0.06666666666666667,-0.06666666666666667,-0.62,2.0,7.625077018075837,10.4,20.8,1.0,0.0,0.06666666666666667,0.0,0.0,0.3066666666666667,1.0,14.917711878531453,0.0,0.0,0.0,0.0,0.06666666666666667,0.0,0.0,0.0,1.0,16.658819674385015,0.0,0.0,0.0,2.0,0.06666666666666667,0.06666666666666667,-0.06666666666666667,-0.6133333333333333,1.0,14.891409957449058,0.0,0.0,0.0,2.0,0.06666666666666667,0.06666666666666667,-0.06666666666666667,-0.45666666666666667,2.0,5.707756450712985,11.35,22.7,1.0,0.0,0.06666666666666667,0.0,0.0,0.2433333333333333,1.0,16.604872484131484,0.0,0.0,0.0,2.0,0.06666666666666667,0.06666666666666667,-0.06666666666666667,-0.44333333333333336,1.0,13.974437853380776,0.0,0.0,0.0,2.0,0.06666666666666667,0.06666666666666667,-0.06666666666666667,-0.38666666666666666,2.0,6.249707533158049,10.7,21.4,1.0,0.0,0.06666666666666667,0.0,0.0,0.28666666666666657,1.0,0.0,7.0,15.671428571428573,17.0,10.217647058823529,0.0,0.0,2.0,20.099999999999998,1.0,7.5,0.0,0.0,0.0,0.0,2.0,18.85,0.0,0.0,0.0,0.0,2.0,18.2
north_heavy_seed1,north_heavy,1,347.25,362.25,48.0,7.821872854687109,3.1822916666666665,13.0,18.75,2.0,15.420603220234003,0.0,0.0,0.0,2.0,0.13333333333333333,0.26666666666666666,-0.13333333333333333,-0.2575,6.0,4.100558424921537,8.783333333333333,24.35,4.0,0.0,0.13333333333333333,0.0,0.13333333333333333,0.3597222222222222,16.0,2.012794693854615,2.009375,11.45,6.0,0.0,0.13333333333333333,0.06666666666666667,0.4,0.13395833333333332,1.0,13.057592185644255,0.0,0.0,0.0,2.0,0.06666666666666667,0.06666666666666667,-0.06666666666666667,-0.6866666666666668,2.0,8.993190917582766,10.9,21.8,1.0,0.0,0.06666666666666667,0.0,0.0,0.2733333333333334,1.0,14.890850539722786,0.0,0.0,0.0,0.0,0.06666666666666667,0.0,0.0,0.0,1.0,16.659828213714064,0.0,0.0,0.0,2.0,0.06666666666666667,0.06666666666666667,-0.06666666666666667,-0.6799999999999999,1.0,14.927870628574736,0.0,0.0,0.0,2.0,0.06666666666666667,0.06666666666666667,-0.06666666666666667,-0.5233333333333333,2.0,5.700096536274722,11.85,23.7,1.0,0.0,0.06666666666666667,0.0,0.0,0.21000000000000002,1.0,16.632900172505764,0.0,0.0,0.0,2.0,0.06666666666666667,0.06666666666666667,-0.06666666666666667,-0.51,1.0,13.900827295806929,0.0,0.0,0.0,2.0,0.06666666666666667,0.06666666666666667,-0.06666666666666667,-0.4533333333333333,2.0,6.24234830359152,11.2,22.4,1.0,0.0,0.06666666666666667,0.0,0.0,0.25333333333333324,1.0,0.0,7.0,16.45,17.0,11.15,0.0,0.0,2.0,21.099999999999998,1.0,8.5,0.0,0.0,0.0,0.0,2.0,19.775000000000002,0.0,0.0,0.0,0.0,2.0,18.974999999999998
north_heavy_seed1,north_heavy,1,348.25,363.25,48.0,7.7223726831398745,3.453125,13.0,17.75,2.0,15.453693197846954,0.0,0.0,0.0,2.0,0.13333333333333333,0.26666666666666666,-0.13333333333333333,-0.29083333333333333,6.0,4.121860515463877,9.450000000000001,25.35,4.0,0.0,0.13333333333333333,0.0,0.13333333333333333,0.3708333333333334,16.0,1.6454686984601803,2.384375,12.45,6.0,0.0,0.13333333333333333,0.0,0.4,0.15895833333333334,1.0,13.062101621733103,0.0,0.0,0.0,2.0,0.06666666666666667,0.06666666666666667,-0.06666666666666667,-0.7533333333333334,2.0,9.336853102851974,11.4,22.8,1.0,0.0,0.06666666666666667,0.0,0.0,0.24000000000000005,1.0,14.87731257426746,0.0,0.0,0.0,0.0,0.06666666666666667,0.0,0.0,0.0,1.0,16.66249814482988,0.0,0.0,0.0,2.0,0.06666666666666667,0.06666666666666667,-0.06666666666666667,-0.7466666666666666,1.0,14.96443184509232,0.0,0.0,0.0,2.0,0.06666666666666667,0.06666666666666667,-0.06666666666666667,-0.59,2.0,5.737843132695487,12.35,24.7,1.0,0.0,0.06666666666666667,0.0,0.0,0.1766666666666667,1.0,16.63736128925579,0.0,0.0,0.0,2.0,0.06666666666666667,0.06666666666666667,-0.06666666666666667,-0.5766666666666667,1.0,13.878182265105394,0.0,0.0,0.0,2.0,0.06666666666666667,0.06666666666666667,-0.06666666666666667,-0.52,2.0,6.249735290229007,11.7,23.4,1.0,0.0,0.06666666666666667,0.0,0.0,0.21999999999999992,1.0,0.0,7.0,17.307142857142857,17.0,12.091176470588236,0.0,0.0,2.0,22.099999999999998,1.0,9.5,0.0,0.0,0.0,0.0,2.0,20.775000000000002,0.0,0.0,0.0,0.0,2.0,19.974999999999998
north_heavy_seed1,north_heavy,1,349.25,364.25,47.0,7.521212986911597,3.824468085106383,14.0,16.75,2.0,15.37463631726023,0.0,0.0,0.0,2.0,0.13333333333333333,0.26666666666666666,-0.13333333333333333,-0.32416666666666666,6.0,4.150315921397345,10.116666666666667,26.35,4.0,0.0,0.13333333333333333,0.0,0.13333333333333333,0.3819444444444445,16.0,1.3265647681651362,2.821875,13.45,7.0,0.0,0.13333333333333333,0.0,0.4666666666666667,0.188125,1.0,13.064237282793558,0.0,0.0,0.0,2.0,0.06666666666666667,0.06666666666666667,-0.06666666666666667,-0.8200000000000001,2.0,9.33007049402754,11.9,23.8,1.0,0.0,0.06666666666666667,0.0,0.0,0.20666666666666664,1.0,14.943430218265464,0.0,0.0,0.0,0.0,0.06666666666666667,0.0,0.0,0.0,1.0,16.56530817925348,0.0,0.0,0.0,2.0,0.06666666666666667,0.06666666666666667,-0.06666666666666667,-0.8133333333333332,1.0,14.93671182822726,0.0,0.0,0.0,2.0,0.06666666666666667,0.06666666666666667,-0.06666666666666667,-0.6566666666666666,2.0,5.7439459367504595,12.85,25.7,1.0,0.0,0.06666666666666667,0.0,0.0,0.14333333333333337,1.0,16.597345246833285,0.0,0.0,0.0,2.0,0.06666666666666667,0.06666666666666667,-0.06666666666666667,-0.6433333333333333,1.0,13.928653725816606,0.0,0.0,0.0,2.0,0.06666666666666667,0.06666666666666667,-0.06666666666666667,-0.5866666666666667,2.0,6.259727046793945,12.2,24.4,1.0,0.0,0.06666666666666667,0.0,0.0,0.1866666666666666,1.0,0.0,7.0,18.164285714285715,17.0,13.032352941176471,0.0,0.0,2.0,23.099999999999998,1.0,10.5,0.0,0.0,0.0,0.0,2.0,21.775000000000002,0.0,0.0,0.0,0.0,2.0,20.974999999999998
north_heavy_seed1,north_heavy,1,350.25,365.25,47.0,7.427556986600979,4.132978723404255,15.0,15.75,2.0,15.385439165066131,0.0,0.0,0.0,2.0,0.13333333333333333,0.26666666666666666,-0.13333333333333333,-0.3575,6.0,4.1806575290917865,10.783333333333333,27.35,4.0,0.0,0.13333333333333333,0.0,0.13333333333333333,0.39305555555555555,16.0,1.0389174149087557,3.290625,14.45,8.0,0.0,0.13333333333333333,0.0,0.5333333333333333,0.219375,1.0,13.054396845538225,0.0,0.0,0.0,2.0,0.06666666666666667,0.06666666666666667,-0.06666666666666667,-0.8866666666666667,2.0,9.323757285136228,12.4,24.8,1.0,0.0,0.06666666666666667,0.0,0.0,0.1733333333333333,1.0,14.875737466490435,0.0,0.0,0.0,0.0,0.06666666666666667,0.0,0.0,0.0,1.0,16.579096576822923,0.0,0.0,0.0,2.0,0.06666666666666667,0.06666666666666667,-0.06666666666666667,-0.88,1.0,14.954357840587026,0.0,0.0,0.0,2.0,0.06666666666666667,0.06666666666666667,-0.06666666666666667,-0.7233333333333333,2.0,5.728420994923871,13.35,26.7,1.0,0.0,0.06666666666666667,0.0,0.0,0.11000000000000003,1.0,16.635524225581904,0.0,0.0,0.0,2.0,0.06666666666666667,0.06666666666666667,-0.06666666666666667,-0.7100000000000001,1.0,13.835391017215413,0.0,0.0,0.0,2.0,0.06666666666666667,0.06666666666666667,-0.06666666666666667,-0.6533333333333334,2.0,6.25091674004557,12.7,25.4,1.0,0.0,0.06666666666666667,0.0,0.0,0.15333333333333327,1.0,0.0,7.0,19.021428571428572,17.0,13.973529411764707,0.0,0.0,2.0,24.099999999999998,1.0,11.5,0.0,0.0,0.0,0.0,2.0,22.775000000000002,0.0,0.0,0.0,0.0,2.0,21.974999999999998
north_heavy_seed1,north_heavy,1,351.25,366.25,46.0,7.037407055599422,4.548913043478261,15.0,14.75,2.0,15.412757276853448,0.0,0.0,0.0,2.0,0.13333333333333333,0.26666666666666666,0.0,0.0,6.0,4.193925044795553,11.450000000000001,28.35,4.0,0.0,0.13333333333333333,0.0,0.13333333333333333,0.4041666666666668,16.0,0.799467683823654,3.790625,15.45,8.0,0.0,0.13333333333333333,0.0,0.4666666666666667,0.2505654761904762,1.0,13.073458329964717,0.0,0.0,0.0,2.0,0.06666666666666667,0.06666666666666667,0.0,0.0,2.0,8.23124000673936,12.9,25.8,1.0,0.0,0.06666666666666667,0.0,0.0,0.13999999999999999,1.0,12.665959928625615,0.0,0.0,0.0,0.0,0.06666666666666667,0.0,0.0,0.0,1.0,12.917287855780264,0.0,0.0,0.0,2.0,0.06666666666666667,0.06666666666666667,0.0,0.0,1.0,14.928510005506094,0.0,0.0,0.0,2.0,0.06666666666666667,0.06666666666666667,0.0,0.0,2.0,5.733285014996726,13.85,27.7,1.0,0.0,0.06666666666666667,0.0,0.0,0.07666666666666669,0.0,0.0,0.0,0.0,0.0,2.0,0.0,0.06666666666666667,0.0,0.0,1.0,13.89670915054655,0.0,0.0,0.0,2.0,0.06666666666666667,0.06666666666666667,0.0,0.0,2.0,6.25595572711403,13.2,26.4,1.0,0.0,0.06666666666666667,0.0,0.0,0.11999999999999993,1.0,0.0,7.0,19.87857142857143,17.0,14.914705882352942,0.0,0.0,2.0,25.099999999999998,1.0,12.5,0.0,0.0,0.0,0.0,2.0,23.775000000000002,0.0,0.0,0.0,0.0,2.0,22.974999999999998
north_heavy_seed1,north_heavy,1,356.25,371.25,43.0,4.340858159510513,6.8313953488372094,19.0,9.75,1.0,11.9976102237124,0.0,0.0,0.0,2.0,0.06666666666666667,0.13333333333333333,0.0,0.0,7.0,1.5213859115850716,12.671428571428573,33.35,4.0,0.0,0.13333333333333333,0.0,0.06666666666666667,0.4007619047619049,17.0,0.18604282543804293,6.332352941176471,20.45,11.0,0.0,0.13333333333333333,0.0,0.6,0.38793464052287585,0.0,0.0,0.0,0.0,0.0,2.0,0.0,0.06666666666666667,0.0,0.0,2.0,0.1471420680486988,15.4,30.8,1.0,0.0,0.0,0.0,0.0,0.5,1.0,0.0,2.5,2.5,1.0,0.0,0.0,0.0,0.06666666666666667,0.16666666666666666,0.0,0.0,0.0,0.0,0.0,2.0,0.0,0.06666666666666667,0.0,0.0,0.0,0.0,0.0,0.0,0.0,2.0,0.0,0.06666666666666667,0.0,0.0,2.0,4.438301953626579,16.35,32.7,1.0,0.0,0.0,0.0,0.0,0.5000000000000001,0.0,0.0,0.0,0.0,0.0,2.0,0.0,0.06666666666666667,0.0,0.0,0.0,0.0,0.0,0.0,0.0,2.0,0.0,0.06666666666666667,0.0,0.0,2.0,3.2843596092368235,15.7,31.4,1.0,0.0,0.0,0.0,0.0,0.5,2.0,0.0,8.0,21.14375,18.0,18.586111111111112,0.0,0.0,2.0,30.099999999999998,1.0,17.5,0.0,0.0,0.0,0.0,1.0,0.0,0.0,0.0,0.0,0.0,1.0,0.0
north_heavy_seed1,north_heavy,1,357.25,372.25,42.0,4.119609091870385,7.473809523809523,21.0,8.75,1.0,11.997757865062448,0.0,0.0,0.0,2.0,0.06666666666666667,0.2,0.0,0.0,7.0,1.372228937580553,13.242857142857144,34.35,4.0,0.0,0.06666666666666667,0.0,0.06666666666666667,0.4795238095238096,17.0,0.26549819957488774,7.023529411764706,21.45,12.0,0.0,0.06666666666666667,0.0,0.6,0.42448529411764707,0.0,0.0,0.0,0.0,0.0,2.0,0.0,0.06666666666666667,0.0,0.0,2.0,0.02753310128358814,16.1,31.8,2.0,0.0,0.0,0.0,0.06666666666666667,0.5133333333333334,1.0,0.0,3.5,3.5,1.0,0.0,0.0,0.0,0.06666666666666667,0.23333333333333334,0.0,0.0,0.0,0.0,0.0,2.0,0.0,0.06666666666666667,0.0,0.0,0.0,0.0,0.0,0.0,0.0,2.0,0.0,0.06666666666666667,0.0,0.0,2.0,2.7936565013098296,16.85,33.7,1.0,0.0,0.0,0.0,0.0,0.5000000000000001,0.0,0.0,0.0,0.0,0.0,2.0,0.0,0.06666666666666667,0.0,0.0,0.0,0.0,0.0,0.0,0.0,2.0,0.0,0.06666666666666667,0.0,0.0,2.0,2.069603213209299,16.2,32.4,1.0,0.0,0.0,0.0,0.0,0.5,3.0,0.11666666666666665,9.0,19.461111111111112,19.0,18.50263157894737,1.0,0.0,3.0,20.73333333333333,2.0,9.25,1.0,0.0,1.0,0.0,1.0,0.0,1.0,0.0,1.0,0.0,1.0,0.0
north_heavy_seed1,north_heavy,1,358.25,373.25,41.0,3.922968920411244,8.173170731707318,22.0,7.75,1.0,11.999580085971393,0.0,0.0,0.0,2.0,0.06666666666666667,0.13333333333333333,0.0,0.0,7.0,1.3580262313535665,13.814285714285715,35.35,4.0,0.0,0.06666666666666667,0.0,0.06666666666666667,0.4842857142857143,17.0,0.34537782192919353,7.741176470588235,22.45,13.0,0.0,0.06666666666666667,0.0,0.6666666666666666,0.45982843137254903,0.0,0.0,0.0,0.0,0.0,2.0,0.0,0.06666666666666667,0.0,0.0,2.0,0.004928034908273188,17.099999999999998,32.8,2.0,0.0,0.0,0.0,0.06666666666666667,0.5466666666666665,1.0,0.0,4.5,4.5,1.0,0.0,0.0,0.0,0.06666666666666667,0.3,0.0,0.0,0.0,0.0,0.0,2.0,0.0,0.06666666666666667,0.0,0.0,0.0,0.0,0.0,0.0,0.0,2.0,0.0,0.06666666666666667,0.0,0.0,2.0,1.5122743491794353,17.35,34.7,1.0,0.0,0.0,0.0,0.0,0.5000000000000001,0.0,0.0,0.0,0.0,0.0,2.0,0.0,0.06666666666666667,0.0,0.0,0.0,0.0,0.0,0.0,0.0,2.0,0.0,0.06666666666666667,0.0,0.0,2.0,1.1108197027333007,16.7,33.4,1.0,0.0,0.0,0.0,0.0,0.5,3.0,0.45,9.0,20.227777777777778,19.0,19.397368421052633,1.0,0.0,3.0,21.399999999999995,2.0,9.75,1.0,0.0,1.0,0.0,1.0,0.0,1.0,0.0,1.0,0.0,1.0,0.0
north_heavy_seed1,north_heavy,1,359.25,374.25,41.0,3.900951344879307,8.715853658536586,23.0,6.75,1.0,11.973196430692916,0.0,0.0,0.0,2.0,0.06666666666666667,0.13333333333333333,0.0,0.0,7.0,1.4231272104608443,14.385714285714286,36.35,4.0,0.0,0.06666666666666667,0.0,0.06666666666666667,0.48904761904761906,17.0,0.4459554621910085,8.520588235294117,23.45,14.0,0.0,0.06666666666666667,0.0,0.6666666666666666,0.4955392156862744,0.0,0.0,0.0,0.0,0.0,2.0,0.0,0.06666666666666667,0.0,0.0,2.0,0.0009066569337182314,18.099999999999998,33.8,2.0,0.0,0.0,0.0,0.06666666666666667,0.5799999999999998,1.0,0.0,5.5,5.5,1.0,0.0,0.0,0.0,0.06666666666666667,0.36666666666666664,0.0,0.0,0.0,0.0,0.0,2.0,0.0,0.06666666666666667,0.0,0.0,0.0,0.0,0.0,0.0,0.0,2.0,0.0,0.06666666666666667,0.0,0.0,2.0,0.6357779925132083,17.85,35.7,1.0,0.0,0.0,0.0,0.0,0.5000000000000001,0.0,0.0,0.0,0.0,0.0,2.0,0.0,0.06666666666666667,0.0,0.0,0.0,0.0,0.0,0.0,0.0,2.0,0.0,0.06666666666666667,0.0,0.0,2.0,0.5276289995721609,17.2,34.4,1.0,0.0,0.0,0.0,0.0,0.5,3.0,0.7833333333333333,9.0,21.005555555555556,19.0,20.292105263157897,1.0,0.0,3.0,22.066666666666663,2.0,10.25,1.0,0.0,1.0,0.0,1.0,0.0,1.0,0.0,1.0,0.0,1.0,0.0
north_heavy_seed1,north_heavy,1,360.25,375.25,40.0,3.7686689670186277,9.508750000000001,23.0,5.75,1.0,11.98556204312481,0.0,0.0,0.0,2.0,0.06666666666666667,0.13333333333333333,0.0,0.0,7.0,1.5898329625012655,14.957142857142857,37.35,4.0,0.0,0.06666666666666667,0.0,0.06666666666666667,0.4938095238095238,17.0,0.546282115501681,9.344117647058823,24.45,14.0,0.0,0.06666666666666667,0.0,0.6,0.5329411764705883,0.0,0.0,0.0,0.0,0.0,2.0,0.0,0.06666666666666667,0.0,0.0,2.0,0.00016153317009236676,19.099999999999998,34.8,2.0,0.0,0.0,0.0,0.06666666666666667,0.6133333333333332,1.0,0.0,6.5,6.5,1.0,0.0,0.0,0.0,0.06666666666666667,0.43333333333333335,0.0,0.0,0.0,0.0,0.0,2.0,0.0,0.06666666666666667,0.0,0.0,0.0,0.0,0.0,0.0,0.0,2.0,0.0,0.06666666666666667,0.0,0.0,2.0,0.2187301098427372,18.35,36.7,1.0,0.0,0.0,0.0,0.0,0.5000000000000001,0.0,0.0,0.0,0.0,0.0,2.0,0.0,0.06666666666666667,0.0,0.0,0.0,0.0,0.0,0.0,0.0,2.0,0.0,0.06666666666666667,0.0,0.0,2.0,0.21435967015319768,17.7,35.4,1.0,0.0,0.0,0.0,0.0,0.5,3.0,1.1166666666666667,9.0,21.783333333333335,19.0,21.186842105263157,1.0,0.0,3.0,22.73333333333333,2.0,10.75,1.0,0.0,1.0,0.0,1.0,0.0,1.0,0.0,1.0,0.0,1.0,0.0
north_heavy_seed1,north_heavy,1,361.25,376.25,40.0,3.853440488955502,10.129999999999999,25.0,4.75,1.0,11.984514230580535,0.0,0.0,0.0,2.0,0.06666666666666667,0.13333333333333333,0.0,0.0,7.0,1.8298105724663754,15.671428571428573,38.35,5.0,0.0,0.06666666666666667,0.0,0.06666666666666667,0.5036507936507937,17.0,0.6506495307680327,10.217647058823529,25.45,15.0,0.0,0.06666666666666667,0.0,0.6666666666666666,0.5703431372549019,0.0,0.0,0.0,0.0,0.0,2.0,0.0,0.06666666666666667,0.0,0.0,2.0,2.9240007761022485e-05,20.099999999999998,35.8,2.0,0.0,0.0,0.0,0.06666666666666667,0.6466666666666665,1.0,0.0,7.5,7.5,1.0,0.0,0.0,0.0,0.06666666666666667,0.5,0.0,0.0,0.0,0.0,0.0,2.0,0.0,0.06666666666666667,0.0,0.0,0.0,0.0,0.0,0.0,0.0,2.0,0.0,0.06666666666666667,0.0,0.0,2.0,0.06191522209419283,18.85,37.7,1.0,0.0,0.0,0.0,0.0,0.5000000000000001,0.0,0.0,0.0,0.0,0.0,2.0,0.0,0.06666666666666667,0.0,0.0,0.0,0.0,0.0,0.0,0.0,2.0,0.0,0.06666666666666667,0.0,0.0,2.0,0.0806711584014939,18.2,36.4,1.0,0.0,0.0,0.0,0.0,0.5,3.0,1.45,9.0,22.561111111111114,19.0,22.08157894736842,1.0,0.0,3.0,23.399999999999995,2.0,11.25,1.0,0.0,1.0,0.0,1.0,0.0,1.0,0.0,1.0,0.0,1.0,0.0
north_heavy_seed1,north_heavy,1,362.25,377.25,39.0,3.7350267795720375,11.1,29.0,3.75,1.0,11.98346828348469,0.0,0.0,0.0,2.0,0.06666666666666667,0.13333333333333333,0.0,0.0,7.0,2.0909383118913896,16.45,39.35,6.0,0.0,0.06666666666666667,0.0,0.13333333333333333,0.5111111111111111,17.0,0.7614043451210838,11.15,26.45,16.0,0.0,0.06666666666666667,0.0,0.6666666666666666,0.609375,0.0,0.0,0.0,0.0,0.0,2.0,0.0,0.06666666666666667,0.0,0.0,2.0,5.38077194763407e-06,21.099999999999998,36.8,2.0,0.0,0.0,0.0,0.06666666666666667,0.6799999999999998,1.0,0.0,8.5,8.5,1.0,0.0,0.0,0.0,0.06666666666666667,0.5666666666666667,0.0,0.0,0.0,0.0,0.0,2.0,0.0,0.06666666666666667,0.0,0.0,0.0,0.0,0.0,0.0,0.0,2.0,0.0,0.06666666666666667,0.0,0.0,2.0,0.017475934201660357,19.775000000000002,38.7,2.0,0.0,0.0,0.0,0.06666666666666667,0.5283333333333335,0.0,0.0,0.0,0.0,0.0,2.0,0.0,0.06666666666666667,0.0,0.0,0.0,0.0,0.0,0.0,0.0,2.0,0.0,0.06666666666666667,0.0,0.0,2.0,0.02922653633937886,18.974999999999998,37.4,2.0,0.0,0.0,0.0,0.06666666666666667,0.5183333333333332,3.0,1.7833333333333332,9.0,23.33888888888889,19.0,22.976315789473684,1.0,0.0,3.0,24.066666666666663,2.0,11.75,1.0,0.0,1.0,0.0,1.0,0.0,1.0,0.0,1.0,0.0,1.0,0.0
north_heavy_seed1,north_heavy,1,363.25,378.25,39.0,3.738832034224878,11.843589743589742,29.0,2.75,1.0,11.973927805416752,0.0,0.0,0.0,2.0,0.06666666666666667,0.13333333333333333,0.0,0.0,7.0,2.3755034968349746,17.307142857142857,40.35,6.0,0.0,0.06666666666666667,0.0,0.13333333333333333,0.5238095238095237,17.0,0.6661185253060941,12.091176470588236,27.45,16.0,0.0,0.06666666666666667,0.0,0.6666666666666666,0.6471200980392157,0.0,0.0,0.0,0.0,0.0,2.0,0.0,0.06666666666666667,0.0,0.0,2.0,0.0,22.099999999999998,37.8,2.0,0.0,0.0,0.0,0.06666666666666667,0.7133333333333332,1.0,0.0,9.5,9.5,1.0,0.0,0.0,0.0,0.06666666666666667,0.6333333333333333,0.0,0.0,0.0,0.0,0.0,2.0,0.0,0.06666666666666667,0.0,0.0,0.0,0.0,0.0,0.0,0.0,2.0,0.0,0.06666666666666667,0.0,0.0,2.0,0.004898534890996743,20.775000000000002,39.7,2.0,0.0,0.0,0.0,0.06666666666666667,0.5616666666666669,0.0,0.0,0.0,0.0,0.0,2.0,0.0,0.06666666666666667,0.0,0.0,0.0,0.0,0.0,0.0,0.0,2.0,0.0,0.06666666666666667,0.0,0.0,2.0,0.010536295735797646,19.974999999999998,38.4,2.0,0.0,0.0,0.0,0.06666666666666667,0.5516666666666665,3.0,2.1166666666666667,9.0,24.116666666666667,19.0,23.871052631578948,1.0,0.0,3.0,24.73333333333333,2.0,12.25,1.0,0.0,1.0,0.0,1.0,0.0,1.0,0.0,1.0,0.0,1.0,0.0
north_heavy_seed1,north_heavy,1,364.25,379.25,37.0,2.959853218549793,13.267567567567568,29.0,1.75,1.0,11.98067383901216,0.0,0.0,0.0,2.0,0.06666666666666667,0.13333333333333333,0.0,0.0,7.0,2.3726639058912022,18.164285714285715,41.35,6.0,0.0,0.06666666666666667,0.0,0.13333333333333333,0.5365079365079365,17.0,0.4804819853014924,13.032352941176471,28.45,16.0,0.0,0.06666666666666667,0.0,0.6,0.6806985294117648,0.0,0.0,0.0,0.0,0.0,2.0,0.0,0.06666666666666667,0.0,0.0,2.0,0.0,23.099999999999998,38.8,2.0,0.0,0.0,0.0,0.06666666666666667,0.7466666666666665,1.0,0.0,10.5,10.5,1.0,0.0,0.0,0.0,0.06666666666666667,0.7,0.0,0.0,0.0,0.0,0.0,2.0,0.0,0.06666666666666667,0.0,0.0,0.0,0.0,0.0,0.0,0.0,2.0,0.0,0.06666666666666667,0.0,0.0,2.0,0.0013799885036414592,21.775000000000002,40.7,2.0,0.0,0.0,0.0,0.06666666666666667,0.5950000000000002,0.0,0.0,0.0,0.0,0.0,2.0,0.0,0.06666666666666667,0.0,0.0,0.0,0.0,0.0,0.0,0.0,2.0,0.0,0.06666666666666667,0.0,0.0,2.0,0.0037711090253304486,20.974999999999998,39.4,2.0,0.0,0.0,0.0,0.06666666666666667,0.5849999999999999,3.0,2.4499999999999997,9.0,24.894444444444446,19.0,24.76578947368421,1.0,0.0,3.0,25.399999999999995,2.0,12.75,1.0,0.0,1.0,0.0,1.0,0.0,1.0,0.0,1.0,0.0,1.0,0.0
north_heavy_seed1,north_heavy,1,365.25,380.25,37.0,2.881234341804322,14.05135135135135,29.0,0.75,1.0,11.991165811589454,0.0,0.0,0.0,2.0,0.06666666666666667,0.13333333333333333,0.0,0.0,7.0,2.374803556726446,19.021428571428572,42.35,6.0,0.0,0.06666666666666667,0.0,0.13333333333333333,0.5492063492063493,17.0,0.3183864983133232,13.973529411764707,29.45,16.0,0.0,0.06666666666666667,0.0,0.5333333333333333,0.7121936274509805,0.0,0.0,0.0,0.0,0.0,2.0,0.0,0.06666666666666667,0.0,0.0,2.0,0.0,24.099999999999998,39.8,2.0,0.0,0.0,0.0,0.06666666666666667,0.7799999999999998,1.0,0.0,11.5,11.5,1.0,0.0,0.0,0.0,0.06666666666666667,0.7666666666666667,0.0,0.0,0.0,0.0,0.0,2.0,0.0,0.06666666666666667,0.0,0.0,0.0,0.0,0.0,0.0,0.0,2.0,0.0,0.06666666666666667,0.0,0.0,2.0,0.00039315623240357574,22.775000000000002,41.7,2.0,0.0,0.0,0.0,0.06666666666666667,0.6283333333333335,0.0,0.0,0.0,0.0,0.0,2.0,0.0,0.06666666666666667,0.0,0.0,0.0,0.0,0.0,0.0,0.0,2.0,0.0,0.06666666666666667,0.0,0.0,2.0,0.0013675064050902423,21.974999999999998,40.4,2.0,0.0,0.0,0.0,0.06666666666666667,0.6183333333333333,3.0,2.783333333333333,9.0,25.672222222222224,19.0,25.660526315789475,1.0,0.0,3.0,26.066666666666663,2.0,13.25,1.0,0.0,1.0,0.0,1.0,0.0,1.0,0.0,1.0,0.0,1.0,0.0
north_heavy_seed1,north_heavy,1,372.25,387.25,47.0,3.3063612532431685,12.930851063829786,27.0,8.75,3.0,9.615361788519621,0.11666666666666665,0.35,1.0,0.0,0.13333333333333333,0.0,0.06666666666666667,0.007777777777777777,9.0,1.2210212813745531,19.461111111111112,49.35,6.0,0.0,0.13333333333333333,0.0,0.13333333333333333,0.41455026455026456,19.0,0.5421868133866223,18.50263157894737,36.45,17.0,0.0,0.13333333333333333,0.0,0.3333333333333333,0.7652734778121776,1.0,12.07849225505051,0.0,0.0,0.0,0.0,0.06666666666666667,0.0,0.0,0.0,3.0,0.6142052529270999,20.73333333333333,46.8,2.0,0.0,0.06666666666666667,0.0,0.0,0.3088888888888886,2.0,1.1200010363556936,9.25,18.5,1.0,0.0,0.06666666666666667,0.0,0.0,0.38333333333333336,1.0,13.863520670147846,0.0,0.0,0.0,0.0,0.06666666666666667,0.0,0.0,0.0,1.0,11.985852140011266,0.0,0.0,0.0,0.0,0.06666666666666667,0.0,0.0,0.0,1.0,5.726593244000813,0.0,0.0,0.0,2.0,0.06666666666666667,0.13333333333333333,-0.06666666666666667,-1.1233333333333335,1.0,15.761912825226785,0.0,0.0,0.0,0.0,0.06666666666666667,0.0,0.0,0.0,1.0,12.537082829730428,0.0,0.0,0.0,0.0,0.06666666666666667,0.0,0.0,0.0,1.0,5.257537642601094,0.0,0.0,0.0,2.0,0.06666666666666667,0.13333333333333333,-0.06666666666666667,-1.0799999999999998,2.0,0.0,8.0,0.0,20.0,30.6875,0.0,0.0,1.0,0.0,2.0,16.75,0.0,0.0,1.0,0.0,1.0,1.4,0.0,0.0,1.0,0.6,1.0,0.0
north_heavy_seed1,north_heavy,1,373.25,388.25,47.0,3.880370722804193,13.524468085106383,28.0,7.75,3.0,10.278459603693266,0.45,1.35,1.0,0.0,0.13333333333333333,0.0,0.06666666666666667,0.030000000000000002,9.0,1.6497698534960525,20.227777777777778,50.35,7.0,0.0,0.13333333333333333,0.0,0.2,0.42756613756613754,19.0,0.7677330226611904,19.397368421052633,37.45,17.0,0.0,0.13333333333333333,0.0,0.26666666666666666,0.7770794633642931,1.0,12.030744634432772,0.0,0.0,0.0,0.0,0.06666666666666667,0.0,0.0,0.0,3.0,1.2526625587660412,21.399999999999995,47.8,2.0,0.0,0.06666666666666667,0.0,0.0,0.28666666666666646,2.0,2.1460855765903006,9.75,19.5,1.0,0.0,0.06666666666666667,0.0,0.0,0.35,1.0,13.832748560915935,0.0,0.0,0.0,0.0,0.06666666666666667,0.0,0.0,0.0,1.0,11.98234282136662,0.0,0.0,0.0,0.0,0.06666666666666667,0.0,0.0,0.0,1.0,8.054748674407147,0.0,0.0,0.0,2.0,0.06666666666666667,0.13333333333333333,-0.06666666666666667,-1.1566666666666667,1.0,16.61979782947153,0.0,0.0,0.0,0.0,0.06666666666666667,0.0,0.0,0.0,1.0,12.538429482425638,0.0,0.0,0.0,0.0,0.06666666666666667,0.0,0.0,0.0,1.0,7.153941765232157,0.0,0.0,0.0,2.0,0.06666666666666667,0.13333333333333333,-0.06666666666666667,-1.1133333333333333,2.0,0.0,8.0,0.0,20.0,31.6375,0.0,0.0,1.0,0.0,2.0,17.25,0.0,0.0,1.0,0.9,1.0,2.4,0.0,0.0,1.0,1.6,1.0,0.3
north_heavy_seed1,north_heavy,1,374.25,389.25,47.0,4.394540036369448,14.120212765957445,28.0,6.75,3.0,10.432224115432673,0.7833333333333333,2.35,1.0,0.0,0.13333333333333333,0.0,0.06666666666666667,0.05222222222222222,9.0,2.0776474688836113,21.005555555555556,51.35,7.0,0.0,0.13333333333333333,0.0,0.2,0.44132275132275134,19.0,0.9558002741826283,20.292105263157897,38.45,17.0,0.0,0.13333333333333333,0.0,0.2,0.7847678018575853,1.0,12.07507102901843,0.0,0.0,0.0,0.0,0.06666666666666667,0.0,0.0,0.0,3.0,1.8778629146742531,22.066666666666663,48.8,2.0,0.0,0.06666666666666667,0.0,0.0,0.2644444444444443,2.0,3.3646277966221447,10.25,20.5,1.0,0.0,0.06666666666666667,0.0,0.0,0.31666666666666665,1.0,13.82809523594333,0.0,0.0,0.0,0.0,0.06666666666666667,0.0,0.0,0.0,1.0,11.994211180913261,0.0,0.0,0.0,0.0,0.06666666666666667,0.0,0.0,0.0,1.0,10.116218307058805,0.0,0.0,0.0,2.0,0.06666666666666667,0.13333333333333333,-0.06666666666666667,-1.1900000000000002,1.0,16.599611482419075,0.0,0.0,0.0,0.0,0.06666666666666667,0.0,0.0,0.0,1.0,12.528155103568063,0.0,0.0,0.0,0.0,0.06666666666666667,0.0,0.0,0.0,1.0,9.03100441194504,0.0,0.0,0.0,2.0,0.06666666666666667,0.13333333333333333,-0.06666666666666667,-1.1466666666666667,1.0,0.0,7.0,0.0,20.0,32.5875,0.0,0.0,1.0,0.0,2.0,17.75,0.0,0.0,1.0,1.9,1.0,3.4,0.0,0.0,1.0,2.6,1.0,1.3
north_heavy_seed1,north_heavy,1,375.25,390.25,47.0,4.797965221979679,14.71595744680851,28.0,5.75,3.0,10.440000379873794,1.1166666666666667,3.35,1.0,0.0,0.13333333333333333,0.0,0.06666666666666667,0.07444444444444445,9.0,2.3672284217712556,21.783333333333335,52.35,7.0,0.0,0.13333333333333333,0.0,0.2,0.4550793650793652,19.0,1.0580617456042274,21.186842105263157,39.45,17.0,0.0,0.13333333333333333,0.0,0.2,0.7895149638802889,1.0,12.051616605724261,0.0,0.0,0.0,0.0,0.06666666666666667,0.0,0.0,0.0,3.0,2.5015729064743857,22.73333333333333,49.8,2.0,0.0,0.06666666666666667,0.0,0.0,0.2422222222222222,2.0,4.239677561512369,10.75,21.5,1.0,0.0,0.06666666666666667,0.0,0.0,0.2833333333333333,1.0,13.86672489860328,0.0,0.0,0.0,0.0,0.06666666666666667,0.0,0.0,0.0,1.0,11.976249082074501,0.0,0.0,0.0,0.0,0.06666666666666667,0.0,0.0,0.0,1.0,12.154089885081644,0.0,0.0,0.0,2.0,0.06666666666666667,0.13333333333333333,-0.06666666666666667,-1.2233333333333334,1.0,16.59566696464643,0.0,0.0,0.0,0.0,0.06666666666666667,0.0,0.0,0.0,1.0,12.492480125214282,0.0,0.0,0.0,0.0,0.06666666666666667,0.0,0.0,0.0,1.0,11.146155213746411,0.0,0.0,0.0,2.0,0.06666666666666667,0.13333333333333333,-0.06666666666666667,-1.18,1.0,0.0,7.0,0.0,20.0,33.5375,0.0,0.0,0.0,0.0,2.0,18.425,0.0,0.0,1.0,2.9,1.0,4.4,0.0,0.0,1.0,3.6,1.0,2.3
north_heavy_seed1,north_heavy,1,376.25,391.25,47.0,5.0519048652377565,15.311702127659574,28.0,4.75,3.0,10.41992561365001,1.45,4.35,1.0,0.0,0.13333333333333333,0.0,0.06666666666666667,0.09666666666666666,9.0,2.566627238553434,22.561111111111114,53.35,7.0,0.0,0.13333333333333333,0.0,0.13333333333333333,0.4593121693121694,19.0,1.0644027292604619,22.08157894736842,40.45,17.0,0.0,0.13333333333333333,0.0,0.13333333333333333,0.7909287925696594,1.0,12.067585519899433,0.0,0.0,0.0,0.0,0.06666666666666667,0.0,0.0,0.0,3.0,3.154760978989962,23.399999999999995,50.8,2.0,0.0,0.06666666666666667,0.0,0.0,0.2199999999999998,2.0,5.3104660833963795,11.25,22.5,1.0,0.0,0.06666666666666667,0.0,0.0,0.25,1.0,13.875890832147562,0.0,0.0,0.0,0.0,0.06666666666666667,0.0,0.0,0.0,1.0,11.984321171001065,0.0,0.0,0.0,0.0,0.06666666666666667,0.0,0.0,0.0,1.0,14.105345075461562,0.0,0.0,0.0,2.0,0.06666666666666667,0.13333333333333333,-0.06666666666666667,-1.2566666666666668,1.0,16.587687740746887,0.0,0.0,0.0,0.0,0.06666666666666667,0.0,0.0,0.0,1.0,12.526755337326398,0.0,0.0,0.0,0.0,0.06666666666666667,0.0,0.0,0.0,1.0,12.843714258830834,0.0,0.0,0.0,2.0,0.06666666666666667,0.13333333333333333,-0.06666666666666667,-1.2133333333333334,1.0,0.0,6.0,0.0,20.0,34.4875,0.0,0.0,0.0,0.0,2.0,19.425,0.0,0.0,1.0,3.9,1.0,5.4,0.0,0.0,1.0,4.6,1.0,3.3
north_heavy_seed1,north_heavy,1,377.25,392.25,47.0,5.168547022337751,15.907446808510638,28.0,3.75,3.0,9.888981701793668,1.7833333333333332,5.35,1.0,0.0,0.13333333333333333,0.0,0.06666666666666667,0.11888888888888888,9.0,2.7580229489274064,23.33888888888889,54.35,7.0,0.0,0.13333333333333333,0.0,0.06666666666666667,0.4592592592592593,19.0,0.9989592175308858,22.976315789473684,41.45,17.0,0.0,0.13333333333333333,0.0,0.06666666666666667,0.7884210526315789,1.0,12.038567199494276,0.0,0.0,0.0,0.0,0.06666666666666667,0.0,0.0,0.0,3.0,3.823642112332672,24.066666666666663,51.8,2.0,0.0,0.06666666666666667,0.0,0.0,0.19777777777777766,2.0,6.4630867022612755,11.75,23.5,1.0,0.0,0.06666666666666667,0.0,0.0,0.21666666666666667,1.0,13.86661375773023,0.0,0.0,0.0,0.0,0.06666666666666667,0.0,0.0,0.0,1.0,11.986892630369402,0.0,0.0,0.0,0.0,0.06666666666666667,0.0,0.0,0.0,1.0,15.718625432207913,0.0,0.0,0.0,2.0,0.06666666666666667,0.13333333333333333,-0.13333333333333333,-1.3183333333333336,1.0,16.611500027347358,0.0,0.0,0.0,0.0,0.06666666666666667,0.0,0.0,0.0,1.0,12.529045219800976,0.0,0.0,0.0,0.0,0.06666666666666667,0.0,0.0,0.0,1.0,12.84082574257681,0.0,0.0,0.0,2.0,0.06666666666666667,0.13333333333333333,-0.13333333333333333,-1.265,1.0,0.0,6.0,0.0,20.0,35.4375,0.0,0.0,0.0,0.0,2.0,20.425,0.0,0.0,1.0,4.9,1.0,6.4,0.0,0.0,1.0,5.6,1.0,4.3
north_heavy_seed1,north_heavy,1,378.25,393.25,47.0,5.063587118629037,16.5031914893617,28.0,2.75,3.0,8.284998335541623,2.1166666666666667,6.35,1.0,0.0,0.13333333333333333,0.0,0.06666666666666667,0.1411111111111111,9.0,2.871193372713319,24.116666666666667,55.35,7.0,0.0,0.13333333333333333,0.0,0.06666666666666667,0.453968253968254,19.0,0.7161372102974259,23.871052631578948,42.45,17.0,0.0,0.13333333333333333,0.0,0.06666666666666667,0.7853250773993808,1.0,12.056427684552322,0.0,0.0,0.0,0.0,0.06666666666666667,0.0,0.0,0.0,3.0,4.508528759896415,24.73333333333333,52.8,2.0,0.0,0.06666666666666667,0.0,0.0,0.17555555555555552,2.0,7.510104028675864,12.25,24.5,1.0,0.0,0.06666666666666667,0.0,0.0,0.18333333333333332,1.0,13.877445090869442,0.0,0.0,0.0,0.0,0.06666666666666667,0.0,0.0,0.0,1.0,11.973024249169976,0.0,0.0,0.0,0.0,0.06666666666666667,0.0,0.0,0.0,1.0,15.759484686415375,0.0,0.0,0.0,2.0,0.06666666666666667,0.13333333333333333,-0.13333333333333333,-1.3850000000000002,1.0,16.57469554400444,0.0,0.0,0.0,0.0,0.06666666666666667,0.0,0.0,0.0,1.0,12.513502204653417,0.0,0.0,0.0,0.0,0.06666666666666667,0.0,0.0,0.0,1.0,12.866892502679796,0.0,0.0,0.0,2.0,0.06666666666666667,0.13333333333333333,-0.13333333333333333,-1.3316666666666666,1.0,0.0,5.0,0.0,20.0,36.3875,0.0,0.0,0.0,0.0,2.0,21.425,0.0,0.0,1.0,5.9,1.0,7.4,0.0,0.0,1.0,6.6,1.0,5.3
north_heavy_seed1,north_heavy,1,379.25,394.25,47.0,4.900418691569176,17.098936170212767,28.0,1.75,3.0,6.822197296865373,2.4499999999999997,7.35,1.0,0.0,0.13333333333333333,0.0,0.06666666666666667,0.1633333333333333,9.0,2.805037835931108,24.894444444444446,56.35,7.0,0.0,0.13333333333333333,0.0,0.06666666666666667,0.44867724867724873,19.0,0.47311564121238764,24.76578947368421,43.45,17.0,0.0,0.13333333333333333,0.0,0.06666666666666667,0.7822291021671827,1.0,12.01967051587911,0.0,0.0,0.0,0.0,0.06666666666666667,0.0,0.0,0.0,3.0,4.610450130103854,25.399999999999995,53.8,2.0,0.0,0.06666666666666667,0.0,0.0,0.15333333333333315,2.0,8.278919496003732,12.75,25.5,1.0,0.0,0.06666666666666667,0.0,0.0,0.15,1.0,13.82607474857243,0.0,0.0,0.0,0.0,0.06666666666666667,0.0,0.0,0.0,1.0,11.999347047780175,0.0,0.0,0.0,0.0,0.06666666666666667,0.0,0.0,0.0,1.0,15.686262691750855,0.0,0.0,0.0,2.0,0.06666666666666667,0.13333333333333333,-0.13333333333333333,-1.4516666666666669,1.0,16.593206655055287,0.0,0.0,0.0,0.0,0.06666666666666667,0.0,0.0,0.0,1.0,12.534888981590123,0.0,0.0,0.0,0.0,0.06666666666666667,0.0,0.0,0.0,1.0,12.839230161670669,0.0,0.0,0.0,2.0,0.06666666666666667,0.13333333333333333,-0.13333333333333333,-1.3983333333333332,1.0,0.0,4.0,0.0,20.0,37.3375,0.0,0.0,0.0,0.0,2.0,22.425,0.0,0.0,1.0,6.9,1.0,8.4,0.0,0.0,1.0,7.6,1.0,6.3
north_heavy_seed1,north_heavy,1,380.25,395.25,47.0,4.691080113901236,17.69468085106383,28.0,0.75,3.0,5.705869219212143,2.783333333333333,8.35,1.0,0.0,0.13333333333333333,0.0,0.06666666666666667,0.18555555555555556,9.0,2.445595591454124,25.672222222222224,57.35,7.0,0.0,0.13333333333333333,0.0,0.06666666666666667,0.4433862433862435,19.0,0.2891011131191097,25.660526315789475,44.45,17.0,0.0,0.13333333333333333,0.0,0.06666666666666667,0.7791331269349846,1.0,12.060646583627962,0.0,0.0,0.0,0.0,0.06666666666666667,0.0,0.0,0.0,3.0,4.625229610936949,26.066666666666663,54.8,2.0,0.0,0.06666666666666667,0.0,0.0,0.131111111111111,2.0,8.301294711500601,13.25,26.5,1.0,0.0,0.06666666666666667,0.0,0.0,0.11666666666666667,1.0,13.848592259257567,0.0,0.0,0.0,0.0,0.06666666666666667,0.0,0.0,0.0,1.0,11.975296003783587,0.0,0.0,0.0,0.0,0.06666666666666667,0.0,0.0,0.0,1.0,15.731134603537352,0.0,0.0,0.0,2.0,0.06666666666666667,0.13333333333333333,-0.13333333333333333,-1.5183333333333335,1.0,16.659412995234135,0.0,0.0,0.0,0.0,0.06666666666666667,0.0,0.0,0.0,1.0,12.523989680119634,0.0,0.0,0.0,0.0,0.06666666666666667,0.0,0.0,0.0,1.0,12.837771336251711,0.0,0.0,0.0,2.0,0.06666666666666667,0.13333333333333333,-0.13333333333333333,-1.4649999999999999,1.0,0.0,3.0,0.0,20.0,38.2875,0.0,0.0,0.0,0.0,2.0,23.425,0.0,0.0,1.0,7.9,1.0,9.4,0.0,0.0,1.0,8.6,1.0,7.3
north_heavy_seed1,north_heavy,1,381.25,396.25,47.0,4.410873085834918,18.29042553191489,28.0,2.75,3.0,4.689942175131784,3.1166666666666667,9.35,1.0,0.0,0.13333333333333333,0.0,0.06666666666666667,0.20777777777777778,9.0,2.1090560258992945,26.450000000000003,58.35,7.0,0.0,0.13333333333333333,0.0,0.06666666666666667,0.4380952380952382,19.0,0.14890801567018883,26.55526315789474,45.45,17.0,0.0,0.13333333333333333,0.0,0.06666666666666667,0.7760371517027864,1.0,12.022584414016741,0.0,0.0,0.0,0.0,0.06666666666666667,0.0,0.0,0.0,3.0,4.619780146912284,26.73333333333333,55.8,2.0,0.0,0.06666666666666667,0.0,0.0,0.10888888888888885,2.0,8.265176139321373,13.75,27.5,1.0,0.0,0.06666666666666667,0.0,0.0,0.08333333333333333,1.0,13.849124693264022,0.0,0.0,0.0,0.0,0.06666666666666667,0.0,0.0,0.0,1.0,11.975989160835743,0.0,0.0,0.0,0.0,0.06666666666666667,0.0,0.0,0.0,1.0,15.730595188185305,0.0,0.0,0.0,1.0,0.06666666666666667,0.13333333333333333,-0.13333333333333333,-1.5850000000000002,1.0,12.245383681705745,0.0,0.0,0.0,0.0,0.06666666666666667,0.0,0.0,0.0,1.0,12.488825517197913,0.0,0.0,0.0,0.0,0.06666666666666667,0.0,0.0,0.0,1.0,12.833813455524462,0.0,0.0,0.0,1.0,0.06666666666666667,0.13333333333333333,-0.13333333333333333,-1.5316666666666665,1.0,0.0,3.0,0.0,20.0,39.2375,0.0,0.0,0.0,0.0,2.0,24.425,0.0,0.0,1.0,8.9,1.0,10.4,0.0,0.0,1.0,9.6,1.0,8.3
north_heavy_seed1,north_heavy,1,382.25,397.25,47.0,4.1243296872465205,18.886170212765958,28.0,1.75,3.0,3.38317593848793,3.4499999999999997,10.35,1.0,0.0,0.13333333333333333,0.0,0.06666666666666667,0.22999999999999998,9.0,1.8258981922088067,27.227777777777778,59.35,7.0,0.0,0.13333333333333333,0.0,0.06666666666666667,0.4328042328042327,19.0,0.06674503980746309,27.45,46.45,17.0,0.0,0.13333333333333333,0.0,0.06666666666666667,0.7729411764705881,1.0,12.058536452583787,0.0,0.0,0.0,0.0,0.06666666666666667,0.0,0.0,0.0,3.0,4.6236793410005825,27.399999999999995,56.8,2.0,0.0,0.06666666666666667,0.0,0.0,0.08666666666666648,2.0,8.26313976643999,14.25,28.5,1.0,0.0,0.06666666666666667,0.0,0.0,0.05,1.0,13.848830210950691,0.0,0.0,0.0,0.0,0.06666666666666667,0.0,0.0,0.0,1.0,11.99804841819685,0.0,0.0,0.0,0.0,0.06666666666666667,0.0,0.0,0.0,1.0,15.713131561837823,0.0,0.0,0.0,1.0,0.06666666666666667,0.13333333333333333,-0.13333333333333333,-1.6516666666666668,1.0,6.7453836817057375,0.0,0.0,0.0,0.0,0.06666666666666667,0.0,0.0,0.0,1.0,12.514605335756281,0.0,0.0,0.0,0.0,0.06666666666666667,0.0,0.0,0.0,1.0,12.847612771329544,0.0,0.0,0.0,1.0,0.06666666666666667,0.13333333333333333,-0.13333333333333333,-1.5983333333333332,2.0,0.0,3.0,0.0,21.0,38.273809523809526,0.0,0.0,0.0,0.0,2.0,25.425,0.0,0.0,1.0,9.9,1.0,11.4,0.0,0.0,1.0,10.6,1.0,9.3
north_heavy_seed1,north_heavy,1,383.25,398.25,47.0,3.7114836451481565,19.50531914893617,30.0,0.75,3.0,2.3360879126983245,3.966666666666667,11.35,2.0,0.0,0.13333333333333333,0.0,0.13333333333333333,0.2644444444444444,9.0,1.35571681649815,28.005555555555556,60.35,7.0,0.0,0.13333333333333333,0.0,0.06666666666666667,0.4275132275132274,19.0,0.025546529281884826,28.373684210526317,47.45,18.0,0.0,0.13333333333333333,0.0,0.13333333333333333,0.7717750257997937,1.0,12.071123851141014,0.0,0.0,0.0,0.0,0.06666666666666667,0.0,0.0,0.0,3.0,4.6288964338654965,28.066666666666663,57.8,2.0,0.0,0.06666666666666667,0.0,0.0,0.06444444444444433,2.0,7.797599063202433,14.75,29.5,1.0,0.0,0.06666666666666667,0.0,0.0,0.016666666666666666,1.0,10.057421708831882,0.0,0.0,0.0,0.0,0.06666666666666667,0.0,0.0,0.0,1.0,11.992680242224596,0.0,0.0,0.0,0.0,0.06666666666666667,0.0,0.0,0.0,1.0,14.60015775636283,0.0,0.0,0.0,1.0,0.06666666666666667,0.13333333333333333,-0.13333333333333333,-1.7183333333333335,1.0,1.2536471625442076,0.0,0.0,0.0,0.0,0.06666666666666667,0.0,0.0,0.0,1.0,12.504409806146363,0.0,0.0,0.0,0.0,0.06666666666666667,0.0,0.0,0.0,1.0,12.836816172487408,0.0,0.0,0.0,1.0,0.06666666666666667,0.13333333333333333,-0.13333333333333333,-1.6649999999999998,2.0,0.0,3.0,0.0,21.0,39.17857142857143,0.0,0.0,0.0,0.0,2.0,26.425,0.0,0.0,1.0,10.9,1.0,12.4,0.0,0.0,1.0,11.6,1.0,10.3
north_heavy_seed1,north_heavy,1,384.25,399.25,47.0,3.303133733752789,16.128723404255318,26.0,29.75,3.0,1.664937349976469,0.5166666666666667,1.55,1.0,2.0,0.06666666666666667,0.0,0.06666666666666667,0.03444444444444445,9.0,1.0680779166315084,15.722222222222221,44.75,5.0,2.0,0.06666666666666667,0.0,-0.06666666666666667,-0.26143518518518527,19.0,0.008882482652595731,29.321052631578947,48.45,18.0,0.0,0.06666666666666667,0.0,0.13333333333333333,0.8378849902534111,1.0,12.032326421537721,0.0,0.0,0.0,2.0,0.06666666666666667,0.0,0.0,0.0,3.0,4.736159465896061,9.133333333333333,27.4,1.0,2.0,0.06666666666666667,0.0,-0.06666666666666667,-1.2644444444444443,2.0,5.736449529158663,15.25,30.5,1.0,0.0,0.06666666666666667,0.0,0.0,-0.016666666666666666,1.0,7.159691013610122,0.0,0.0,0.0,2.0,0.06666666666666667,0.0,0.0,0.0,1.0,11.972324216540438,0.0,0.0,0.0,0.0,0.06666666666666667,0.0,0.0,0.0,1.0,9.10653542733369,0.0,0.0,0.0,0.0,0.06666666666666667,0.13333333333333333,-0.06666666666666667,-0.26166666666666666,1.0,0.752392039712084,0.0,0.0,0.0,2.0,0.06666666666666667,0.0,0.0,0.0,1.0,10.921178210413437,0.0,0.0,0.0,0.0,0.06666666666666667,0.0,0.0,0.0,1.0,12.870635254545444,0.0,0.0,0.0,0.0,0.06666666666666667,0.13333333333333333,-0.06666666666666667,-0.25166666666666665,2.0,0.0,2.0,0.0,21.0,40.083333333333336,0.0,0.0,0.0,0.0,2.0,27.425,0.0,0.0,1.0,11.9,1.0,13.4,0.0,0.0,1.0,12.6,1.0,11.3
north_heavy_seed1,north_heavy,1,387.25,402.25,50.0,2.9425806129142957,12.985,22.0,26.75,2.0,4.278855322646322,0.0,0.0,0.0,2.0,0.06666666666666667,0.13333333333333333,-0.06666666666666667,-0.007777777777777777,8.0,1.606025576361086,0.0,0.0,0.0,2.0,0.06666666666666667,0.13333333333333333,-0.4,-1.2974074074074076,20.0,0.043296504334897595,30.6875,51.45,19.0,0.0,0.06666666666666667,0.0,0.13333333333333333,0.8123245614035087,0.0,0.0,0.0,0.0,0.0,2.0,0.0,0.06666666666666667,0.0,0.0,1.0,7.341259946999226,0.0,0.0,0.0,2.0,0.0,0.13333333333333333,-0.13333333333333333,-1.382222222222222,2.0,1.0476407073539178,16.75,33.5,1.0,0.0,0.0,0.0,0.0,0.5,0.0,0.0,0.0,0.0,0.0,2.0,0.0,0.06666666666666667,0.0,0.0,1.0,0.5713853373891673,0.0,0.0,0.0,0.0,0.0,0.0,0.0,0.0,1.0,0.0,1.4,1.4,1.0,0.0,0.0,0.0,0.06666666666666667,0.09333333333333332,0.0,0.0,0.0,0.0,0.0,2.0,0.0,0.06666666666666667,0.0,0.0,1.0,0.0,0.6,0.6,1.0,0.0,0.0,0.0,0.06666666666666667,0.04,1.0,3.413410668549169,0.0,0.0,0.0,0.0,0.0,0.0,0.0,0.0,1.0,0.0,1.0,0.0,21.0,42.90714285714286,0.0,0.0,0.0,0.0,2.0,30.425,0.0,0.0,1.0,14.9,1.0,16.4,0.0,0.0,1.0,15.6,1.0,14.3
north_heavy_seed1,north_heavy,1,388.25,403.25,49.0,3.1728049162919927,13.723469387755102,24.0,25.75,2.0,5.898903624615601,0.0,0.0,0.0,2.0,0.06666666666666667,0.13333333333333333,-0.06666666666666667,-0.030000000000000002,8.0,2.435031856224197,0.0,0.0,0.0,2.0,0.06666666666666667,0.13333333333333333,-0.4666666666666667,-1.3485185185185184,20.0,0.14829093403440483,31.6375,52.45,19.0,0.0,0.06666666666666667,0.0,0.13333333333333333,0.8160087719298245,0.0,0.0,0.0,0.0,0.0,2.0,0.0,0.06666666666666667,0.0,0.0,1.0,7.402937792994482,0.0,0.0,0.0,2.0,0.0,0.13333333333333333,-0.13333333333333333,-1.4266666666666663,2.0,0.3856924200814662,17.25,34.5,1.0,0.0,0.0,0.0,0.0,0.5,0.0,0.0,0.0,0.0,0.0,2.0,0.0,0.06666666666666667,0.0,0.0,1.0,0.0,0.9,0.9,1.0,0.0,0.0,0.0,0.06666666666666667,0.060000000000000005,1.0,0.0,2.4,2.4,1.0,0.0,0.0,0.0,0.06666666666666667,0.16,0.0,0.0,0.0,0.0,0.0,2.0,0.0,0.06666666666666667,0.0,0.0,1.0,0.0,1.6,1.6,1.0,0.0,0.0,0.0,0.06666666666666667,0.10666666666666667,1.0,0.0,0.3,0.3,1.0,0.0,0.0,0.0,0.06666666666666667,0.02,2.0,0.0,2.0,0.0,22.0,41.86590909090909,0.0,0.0,0.0,0.0,2.0,31.425,0.0,0.0,1.0,15.9,1.0,17.4,0.0,0.0,1.0,16.6,1.0,15.3
north_heavy_seed1,north_heavy,1,389.25,404.25,49.0,3.762208529754667,14.21326530612245,24.0,24.75,1.0,8.473265946042474,0.0,0.0,0.0,2.0,0.06666666666666667,0.2,-0.06666666666666667,-0.05222222222222222,7.0,3.082274755655711,0.0,0.0,0.0,2.0,0.06666666666666667,0.2,-0.4666666666666667,-1.4003703703703705,20.0,0.2540850076473443,32.5875,53.45,19.0,0.0,0.06666666666666667,0.0,0.13333333333333333,0.8196929824561401,0.0,0.0,0.0,0.0,0.0,2.0,0.0,0.06666666666666667,0.0,0.0,1.0,8.028424490082571,0.0,0.0,0.0,2.0,0.0,0.13333333333333333,-0.13333333333333333,-1.4711111111111108,2.0,0.1206749265749238,17.75,35.5,1.0,0.0,0.0,0.0,0.0,0.5,0.0,0.0,0.0,0.0,0.0,2.0,0.0,0.06666666666666667,0.0,0.0,1.0,0.0,1.9,1.9,1.0,0.0,0.0,0.0,0.06666666666666667,0.12666666666666665,1.0,0.0,3.4,3.4,1.0,0.0,0.0,0.0,0.06666666666666667,0.22666666666666666,0.0,0.0,0.0,0.0,0.0,2.0,0.0,0.06666666666666667,0.0,0.0,1.0,0.0,2.6,2.6,1.0,0.0,0.0,0.0,0.06666666666666667,0.17333333333333334,1.0,0.0,1.3,1.3,1.0,0.0,0.0,0.0,0.06666666666666667,0.08666666666666667,2.0,0.0,2.0,0.0,22.0,42.775,0.0,0.0,0.0,0.0,2.0,32.425,0.0,0.0,1.0,16.9,1.0,18.4,0.0,0.0,1.0,17.6,1.0,16.3
north_heavy_seed1,north_heavy,1,390.25,405.25,48.0,4.184841718871014,15.016666666666666,25.0,23.75,1.0,10.413096732494173,0.0,0.0,0.0,2.0,0.06666666666666667,0.2,-0.06666666666666667,-0.07444444444444445,7.0,4.1486741998872185,0.0,0.0,0.0,2.0,0.06666666666666667,0.2,-0.4666666666666667,-1.4522222222222223,20.0,0.3472532167574797,33.5375,54.45,19.0,0.0,0.06666666666666667,0.0,0.13333333333333333,0.8233771929824563,0.0,0.0,0.0,0.0,0.0,2.0,0.0,0.06666666666666667,0.0,0.0,0.0,0.0,0.0,0.0,0.0,2.0,0.0,0.2,-0.13333333333333333,-1.5155555555555553,2.0,0.03456793121400765,18.425,36.5,2.0,0.0,0.0,0.0,0.06666666666666667,0.5116666666666667,0.0,0.0,0.0,0.0,0.0,2.0,0.0,0.06666666666666667,0.0,0.0,1.0,0.0,2.9,2.9,1.0,0.0,0.0,0.0,0.06666666666666667,0.19333333333333333,1.0,0.0,4.4,4.4,1.0,0.0,0.0,0.0,0.06666666666666667,0.29333333333333333,0.0,0.0,0.0,0.0,0.0,2.0,0.0,0.06666666666666667,0.0,0.0,1.0,0.0,3.6,3.6,1.0,0.0,0.0,0.0,0.06666666666666667,0.24000000000000002,1.0,0.0,2.3,2.3,1.0,0.0,0.0,0.0,0.06666666666666667,0.15333333333333332,2.0,0.0,2.0,0.0,22.0,43.684090909090905,0.0,0.0,0.0,0.0,2.0,33.425,0.0,0.0,1.0,17.9,1.0,19.4,0.0,0.0,1.0,18.6,1.0,17.3
north_heavy_seed1,north_heavy,1,391.25,406.25,47.0,4.536009256960927,15.868085106382978,25.0,22.75,1.0,12.585066371858805,0.0,0.0,0.0,2.0,0.06666666666666667,0.2,-0.06666666666666667,-0.09666666666666666,6.0,5.076142361137101,0.0,0.0,0.0,2.0,0.06666666666666667,0.26666666666666666,-0.4666666666666667,-1.5040740740740743,20.0,0.4406860995451676,34.4875,55.45,19.0,0.0,0.06666666666666667,0.0,0.13333333333333333,0.8270614035087718,0.0,0.0,0.0,0.0,0.0,2.0,0.0,0.06666666666666667,0.0,0.0,0.0,0.0,0.0,0.0,0.0,2.0,0.0,0.2,-0.13333333333333333,-1.5599999999999996,2.0,0.009690465929740892,19.425,37.5,2.0,0.0,0.0,0.0,0.06666666666666667,0.545,0.0,0.0,0.0,0.0,0.0,2.0,0.0,0.06666666666666667,0.0,0.0,1.0,0.0,3.9,3.9,1.0,0.0,0.0,0.0,0.06666666666666667,0.26,1.0,0.0,5.4,5.4,1.0,0.0,0.0,0.0,0.06666666666666667,0.36000000000000004,0.0,0.0,0.0,0.0,0.0,2.0,0.0,0.06666666666666667,0.0,0.0,1.0,0.0,4.6,4.6,1.0,0.0,0.0,0.0,0.06666666666666667,0.30666666666666664,1.0,0.0,3.3,3.3,1.0,0.0,0.0,0.0,0.06666666666666667,0.22,2.0,0.0,2.0,0.0,22.0,44.59318181818182,0.0,0.0,0.0,0.0,2.0,34.425,0.0,0.0,1.0,18.9,1.0,20.4,0.0,0.0,1.0,19.6,1.0,18.3
north_heavy_seed1,north_heavy,1,392.25,407.25,46.0,4.742004681854865,16.756521739130434,25.0,21.75,1.0,14.811030402981432,0.0,0.0,0.0,2.0,0.06666666666666667,0.2,-0.06666666666666667,-0.11888888888888888,6.0,6.256646275389342,0.0,0.0,0.0,2.0,0.06666666666666667,0.26666666666666666,-0.4666666666666667,-1.555925925925926,20.0,0.536717456994401,35.4375,56.45,19.0,0.0,0.06666666666666667,0.0,0.13333333333333333,0.8307456140350877,0.0,0.0,0.0,0.0,0.0,2.0,0.0,0.06666666666666667,0.0,0.0,0.0,0.0,0.0,0.0,0.0,2.0,0.0,0.2,-0.13333333333333333,-1.6044444444444441,2.0,0.0026805342304572484,20.425,38.5,2.0,0.0,0.0,0.0,0.06666666666666667,0.5783333333333334,0.0,0.0,0.0,0.0,0.0,2.0,0.0,0.06666666666666667,0.0,0.0,1.0,0.0,4.9,4.9,1.0,0.0,0.0,0.0,0.06666666666666667,0.3266666666666667,1.0,0.0,6.4,6.4,1.0,0.0,0.0,0.0,0.06666666666666667,0.4266666666666667,0.0,0.0,0.0,0.0,0.0,2.0,0.0,0.06666666666666667,0.0,0.0,1.0,0.0,5.6,5.6,1.0,0.0,0.0,0.0,0.06666666666666667,0.3733333333333333,1.0,0.0,4.3,4.3,1.0,0.0,0.0,0.0,0.06666666666666667,0.2866666666666667,2.0,0.0,2.0,0.0,22.0,45.502272727272725,0.0,0.0,0.0,0.0,2.0,35.425,0.0,0.0,1.0,19.9,1.0,21.4,0.0,0.0,1.0,20.6,1.0,19.3
north_heavy_seed1,north_heavy,1,393.25,408.25,46.0,4.974406285672723,17.3,25.0,20.75,1.0,15.838298717152803,0.0,0.0,0.0,2.0,0.06666666666666667,0.2,-0.06666666666666667,-0.1411111111111111,5.0,7.38854465530459,0.0,0.0,0.0,2.0,0.06666666666666667,0.3333333333333333,-0.4666666666666667,-1.6077777777777778,20.0,0.5127110312603067,36.3875,57.45,19.0,0.0,0.06666666666666667,0.0,0.13333333333333333,0.8344298245614037,0.0,0.0,0.0,0.0,0.0,2.0,0.0,0.06666666666666667,0.0,0.0,0.0,0.0,0.0,0.0,0.0,2.0,0.0,0.2,-0.13333333333333333,-1.6488888888888886,2.0,0.0007578697703639015,21.425,39.5,2.0,0.0,0.0,0.0,0.06666666666666667,0.6116666666666667,0.0,0.0,0.0,0.0,0.0,2.0,0.0,0.06666666666666667,0.0,0.0,1.0,0.0,5.9,5.9,1.0,0.0,0.0,0.0,0.06666666666666667,0.39333333333333337,1.0,0.0,7.4,7.4,1.0,0.0,0.0,0.0,0.06666666666666667,0.49333333333333335,0.0,0.0,0.0,0.0,0.0,2.0,0.0,0.06666666666666667,0.0,0.0,1.0,0.0,6.6,6.6,1.0,0.0,0.0,0.0,0.06666666666666667,0.44,1.0,0.0,5.3,5.3,1.0,0.0,0.0,0.0,0.06666666666666667,0.35333333333333333,2.0,0.0,2.0,0.0,22.0,46.41136363636363,0.0,0.0,0.0,0.0,2.0,36.425,0.0,0.0,1.0,20.9,1.0,22.4,0.0,0.0,1.0,21.6,1.0,20.3
north_heavy_seed1,north_heavy,1,394.25,409.25,46.0,5.064282816056904,17.843478260869563,25.0,19.75,1.0,15.784643117804556,0.0,0.0,0.0,2.0,0.06666666666666667,0.2,-0.06666666666666667,-0.1633333333333333,4.0,8.199947847320974,0.0,0.0,0.0,2.0,0.06666666666666667,0.4,-0.4666666666666667,-1.6596296296296298,20.0,0.36236763817507095,37.3375,58.45,19.0,0.0,0.06666666666666667,0.0,0.13333333333333333,0.8381140350877191,0.0,0.0,0.0,0.0,0.0,2.0,0.0,0.06666666666666667,0.0,0.0,0.0,0.0,0.0,0.0,0.0,2.0,0.0,0.2,-0.13333333333333333,-1.693333333333333,2.0,0.00021611596171159926,22.425,40.5,2.0,0.0,0.0,0.0,0.06666666666666667,0.645,0.0,0.0,0.0,0.0,0.0,2.0,0.0,0.06666666666666667,0.0,0.0,1.0,0.0,6.9,6.9,1.0,0.0,0.0,0.0,0.06666666666666667,0.46,1.0,0.0,8.4,8.4,1.0,0.0,0.0,0.0,0.06666666666666667,0.56,0.0,0.0,0.0,0.0,0.0,2.0,0.0,0.06666666666666667,0.0,0.0,1.0,0.0,7.6,7.6,1.0,0.0,0.0,0.0,0.06666666666666667,0.5066666666666666,1.0,0.0,6.3,6.3,1.0,0.0,0.0,0.0,0.06666666666666667,0.42,2.0,0.0,1.0,0.0,22.0,47.35681818181818,0.0,0.0,0.0,0.0,2.0,37.425,0.0,0.0,1.0,21.9,1.0,23.4,0.0,0.0,1.0,22.6,1.0,21.3
north_heavy_seed1,north_heavy,1,395.25,410.25,46.0,5.168726075421005,18.38695652173913,25.0,18.75,1.0,15.808305809807509,0.0,0.0,0.0,2.0,0.06666666666666667,0.2,-0.06666666666666667,-0.18555555555555556,3.0,9.232523220112471,0.0,0.0,0.0,2.0,0.06666666666666667,0.4666666666666667,-0.4666666666666667,-1.7114814814814816,20.0,0.23345691830642648,38.2875,59.45,19.0,0.0,0.06666666666666667,0.0,0.13333333333333333,0.841798245614035,0.0,0.0,0.0,0.0,0.0,2.0,0.0,0.06666666666666667,0.0,0.0,0.0,0.0,0.0,0.0,0.0,2.0,0.0,0.2,-0.13333333333333333,-1.7377777777777774,2.0,6.207083980947745e-05,23.425,41.5,2.0,0.0,0.0,0.0,0.06666666666666667,0.6783333333333333,0.0,0.0,0.0,0.0,0.0,2.0,0.0,0.06666666666666667,0.0,0.0,1.0,0.0,7.9,7.9,1.0,0.0,0.0,0.0,0.06666666666666667,0.5266666666666667,1.0,0.0,9.4,9.4,1.0,0.0,0.0,0.0,0.06666666666666667,0.6266666666666667,0.0,0.0,0.0,0.0,0.0,2.0,0.0,0.06666666666666667,0.0,0.0,1.0,0.0,8.6,8.6,1.0,0.0,0.0,0.0,0.06666666666666667,0.5733333333333334,1.0,0.0,7.3,7.3,1.0,0.0,0.0,0.0,0.06666666666666667,0.48666666666666664,2.0,0.0,1.0,0.0,22.0,48.31136363636363,0.0,0.0,0.0,0.0,2.0,38.425,0.0,0.0,1.0,22.9,1.0,24.4,0.0,0.0,1.0,23.6,1.0,22.3
north_heavy_seed1,north_heavy,1,396.25,411.25,46.0,5.200249566421024,18.930434782608696,25.0,17.75,1.0,15.84221494794312,0.0,0.0,0.0,2.0,0.06666666666666667,0.2,-0.06666666666666667,-0.20777777777777778,3.0,9.717518259264486,0.0,0.0,0.0,2.0,0.06666666666666667,0.4666666666666667,-0.4666666666666667,-1.7633333333333334,20.0,0.1304869645689235,39.2375,60.45,19.0,0.0,0.06666666666666667,0.0,0.13333333333333333,0.8454824561403506,0.0,0.0,0.0,0.0,0.0,2.0,0.0,0.06666666666666667,0.0,0.0,0.0,0.0,0.0,0.0,0.0,2.0,0.0,0.2,-0.13333333333333333,-1.7822222222222222,2.0,1.692449009587416e-05,24.425,42.5,2.0,0.0,0.0,0.0,0.06666666666666667,0.7116666666666667,0.0,0.0,0.0,0.0,0.0,2.0,0.0,0.06666666666666667,0.0,0.0,1.0,0.0,8.9,8.9,1.0,0.0,0.0,0.0,0.06666666666666667,0.5933333333333334,1.0,0.0,10.4,10.4,1.0,0.0,0.0,0.0,0.06666666666666667,0.6933333333333334,0.0,0.0,0.0,0.0,0.0,2.0,0.0,0.06666666666666667,0.0,0.0,1.0,0.0,9.6,9.6,1.0,0.0,0.0,0.0,0.06666666666666667,0.64,1.0,0.0,8.3,8.3,1.0,0.0,0.0,0.0,0.06666666666666667,0.5533333333333333,2.0,0.0,1.0,0.0,22.0,49.26590909090908,0.0,0.0,0.0,0.0,2.0,39.425,0.0,0.0,1.0,23.9,1.0,25.4,0.0,0.0,1.0,24.6,1.0,23.3
north_heavy_seed1,north_heavy,1,397.25,412.25,49.0,5.376471572493386,18.281632653061223,26.0,16.75,2.0,13.687871096537798,0.0,0.0,0.0,2.0,0.13333333333333333,0.2,-0.06666666666666667,-0.22999999999999998,3.0,11.044611124487908,0.0,0.0,0.0,2.0,0.13333333333333333,0.5333333333333333,-0.4666666666666667,-1.8151851851851852,21.0,0.06373709581746631,38.273809523809526,61.45,20.0,0.0,0.13333333333333333,0.0,0.2,0.7215873015873018,0.0,0.0,0.0,0.0,0.0,2.0,0.0,0.06666666666666667,0.0,0.0,0.0,0.0,0.0,0.0,0.0,2.0,0.0,0.2,-0.13333333333333333,-1.8266666666666664,2.0,4.820949879452491e-06,25.425,43.5,2.0,0.0,0.0,0.0,0.06666666666666667,0.745,0.0,0.0,0.0,0.0,0.0,2.0,0.0,0.06666666666666667,0.0,0.0,1.0,0.0,9.9,9.9,1.0,0.0,0.0,0.0,0.06666666666666667,0.66,1.0,0.0,11.4,11.4,1.0,0.0,0.0,0.0,0.06666666666666667,0.76,0.0,0.0,0.0,0.0,0.0,2.0,0.0,0.06666666666666667,0.0,0.0,1.0,0.0,10.6,10.6,1.0,0.0,0.0,0.0,0.06666666666666667,0.7066666666666667,1.0,0.0,9.3,9.3,1.0,0.0,0.0,0.0,0.06666666666666667,0.62,2.0,0.0,1.0,0.0,22.0,50.220454545454544,0.0,0.0,0.0,0.0,2.0,40.425,0.0,0.0,1.0,24.9,1.0,26.4,0.0,0.0,1.0,25.6,1.0,24.3
north_heavy_seed1,north_heavy,1,398.25,413.25,49.0,5.526883665007995,18.791836734693877,25.0,15.75,2.0,13.702057602098561,0.0,0.0,0.0,2.0,0.13333333333333333,0.2,-0.13333333333333333,-0.2644444444444444,3.0,12.09013181642459,0.0,0.0,0.0,2.0,0.13333333333333333,0.5333333333333333,-0.4666666666666667,-1.867037037037037,21.0,0.17313683250840306,39.17857142857143,62.45,19.0,0.0,0.13333333333333333,0.0,0.06666666666666667,0.7203258145363409,0.0,0.0,0.0,0.0,0.0,2.0,0.0,0.06666666666666667,0.0,0.0,0.0,0.0,0.0,0.0,0.0,2.0,0.0,0.2,-0.13333333333333333,-1.871111111111111,2.0,0.0,26.425,44.5,2.0,0.0,0.0,0.0,0.06666666666666667,0.7783333333333334,0.0,0.0,0.0,0.0,0.0,2.0,0.0,0.06666666666666667,0.0,0.0,1.0,0.0,10.9,10.9,1.0,0.0,0.0,0.0,0.06666666666666667,0.7266666666666667,1.0,0.0,12.4,12.4,1.0,0.0,0.0,0.0,0.06666666666666667,0.8266666666666667,0.0,0.0,0.0,0.0,0.0,2.0,0.0,0.06666666666666667,0.0,0.0,1.0,0.0,11.6,11.6,1.0,0.0,0.0,0.0,0.06666666666666667,0.7733333333333333,1.0,0.0,10.3,10.3,1.0,0.0,0.0,0.0,0.06666666666666667,0.6866666666666668,1.0,0.0,0.0,0.0,22.0,51.175,0.0,0.0,0.0,0.0,2.0,41.425,0.0,0.0,1.0,25.9,1.0,27.4,0.0,0.0,1.0,26.6,1.0,25.3
north_heavy_seed1,north_heavy,1,399.25,414.25,49.0,5.654481024441908,19.302040816326528,25.0,14.75,2.0,13.665085481642166,0.0,0.0,0.0,2.0,0.13333333333333333,0.2,-0.06666666666666667,-0.03444444444444445,2.0,15.322404172292597,0.0,0.0,0.0,2.0,0.13333333333333333,0.6,-0.3333333333333333,-1.048148148148148,21.0,0.2753750243186743,40.083333333333336,63.45,19.0,0.0,0.13333333333333333,0.0,0.06666666666666667,0.7174853801169593,0.0,0.0,0.0,0.0,0.0,2.0,0.0,0.06666666666666667,0.0,0.0,0.0,0.0,0.0,0.0,0.0,2.0,0.0,0.2,-0.06666666666666667,-0.6088888888888888,2.0,0.0,27.425,45.5,2.0,0.0,0.0,0.0,0.06666666666666667,0.8116666666666668,0.0,0.0,0.0,0.0,0.0,2.0,0.0,0.06666666666666667,0.0,0.0,1.0,0.0,11.9,11.9,1.0,0.0,0.0,0.0,0.06666666666666667,0.7933333333333333,1.0,0.0,13.4,13.4,1.0,0.0,0.0,0.0,0.06666666666666667,0.8933333333333333,0.0,0.0,0.0,0.0,0.0,2.0,0.0,0.06666666666666667,0.0,0.0,1.0,0.0,12.6,12.6,1.0,0.0,0.0,0.0,0.06666666666666667,0.84,1.0,0.0,11.3,11.3,1.0,0.0,0.0,0.0,0.06666666666666667,0.7533333333333334,1.0,0.0,0.0,0.0,22.0,52.12954545454545,0.0,0.0,0.0,0.0,2.0,42.425,0.0,0.0,1.0,26.9,1.0,28.4,0.0,0.0,1.0,27.6,1.0,26.3
north_heavy_seed1,north_heavy,1,426.25,441.25,45.0,6.052565165170736,6.63111111111111,9.0,2.75,2.0,12.77660165765905,0.0,0.0,0.0,0.0,0.13333333333333333,0.13333333333333333,0.0,0.0,2.0,13.06438103679309,0.0,0.0,0.0,0.0,0.13333333333333333,0.06666666666666667,0.0,0.0,18.0,2.0495875037481235,7.844444444444444,43.55,5.0,2.0,0.13333333333333333,0.4,-1.0666666666666667,-2.7614309764309763,1.0,11.09263036743179,0.0,0.0,0.0,0.0,0.06666666666666667,0.0,0.0,0.0,1.0,11.039667747274041,0.0,0.0,0.0,0.0,0.06666666666666667,0.0,0.0,0.0,1.0,10.611520110402436,0.0,0.0,0.0,2.0,0.06666666666666667,0.13333333333333333,-0.13333333333333333,-2.628333333333333,1.0,11.060152035431935,0.0,0.0,0.0,0.0,0.06666666666666667,0.0,0.0,0.0,2.0,0.5133150498385064,19.45,38.9,1.0,0.0,0.06666666666666667,0.0,0.0,-0.29666666666666663,2.0,0.5058965232761532,20.2,40.4,1.0,0.0,0.06666666666666667,0.0,0.0,-0.3466666666666666,1.0,11.087420687783508,0.0,0.0,0.0,0.0,0.06666666666666667,0.0,0.0,0.0,2.0,0.4934562382816314,19.8,39.6,1.0,0.0,0.06666666666666667,0.0,0.0,-0.32000000000000006,2.0,0.5252646484516746,19.15,38.3,1.0,0.0,0.06666666666666667,0.0,0.0,-0.2766666666666668,3.0,0.0,5.0,1.6199999999999999,19.0,0.7052631578947368,2.0,0.0,2.0,0.0,2.0,0.0,2.0,0.0,2.0,0.0,3.0,18.466666666666665,2.0,0.0,2.0,0.0,3.0,17.766666666666666
north_heavy_seed1,north_heavy,1,427.25,442.25,48.0,6.576424716628545,4.5874999999999995,7.0,1.75,3.0,12.316952136761664,0.0,0.0,0.0,0.0,0.2,0.13333333333333333,0.0,0.0,3.0,13.134095005173842,0.0,0.0,0.0,0.0,0.2,0.06666666666666667,0.0,0.0,18.0,2.170309617163755,3.2777777777777777,27.3,3.0,2.0,0.2,0.4666666666666667,-1.2,-3.1295117845117844,1.0,11.052656137999147,0.0,0.0,0.0,0.0,0.06666666666666667,0.0,0.0,0.0,1.0,11.067653215156868,0.0,0.0,0.0,0.0,0.06666666666666667,0.0,0.0,0.0,1.0,10.620503590174199,0.0,0.0,0.0,2.0,0.06666666666666667,0.13333333333333333,-0.13333333333333333,-2.695,1.0,11.084265157926827,0.0,0.0,0.0,0.0,0.06666666666666667,0.0,0.0,0.0,2.0,1.1197728469271275,19.95,39.9,1.0,0.0,0.06666666666666667,0.0,0.0,-0.32999999999999996,2.0,1.1698360207231417,20.7,41.4,1.0,0.0,0.06666666666666667,0.0,0.0,-0.37999999999999995,1.0,11.091501925084739,0.0,0.0,0.0,0.0,0.06666666666666667,0.0,0.0,0.0,2.0,1.0791986573505081,20.3,40.6,1.0,0.0,0.06666666666666667,0.0,0.0,-0.3533333333333334,2.0,1.0474348908430595,19.65,39.3,1.0,0.0,0.06666666666666667,0.0,0.0,-0.31000000000000016,3.0,0.0,5.0,2.02,19.0,0.9157894736842105,1.0,0.0,2.0,0.0,2.0,0.0,1.0,0.0,2.0,0.0,3.0,18.8,1.0,0.0,2.0,0.0,3.0,18.099999999999998
north_heavy_seed1,north_heavy,1,428.25,443.25,48.0,6.933215944984322,4.14375,6.0,0.75,3.0,12.307669647442177,0.0,0.0,0.0,0.0,0.2,0.06666666666666667,0.0,0.0,3.0,13.133616356289002,0.0,0.0,0.0,0.0,0.2,0.0,0.0,0.0,18.0,2.758723137271987,1.8722222222222225,19.8,2.0,2.0,0.2,0.4666666666666667,-1.2666666666666666,-3.2868518518518517,1.0,11.108889863930642,0.0,0.0,0.0,0.0,0.06666666666666667,0.0,0.0,0.0,1.0,11.105759858980774,0.0,0.0,0.0,0.0,0.06666666666666667,0.0,0.0,0.0,1.0,10.626311685741127,0.0,0.0,0.0,2.0,0.06666666666666667,0.13333333333333333,-0.13333333333333333,-2.7616666666666663,1.0,11.074554601481184,0.0,0.0,0.0,0.0,0.06666666666666667,0.0,0.0,0.0,2.0,1.5937693308556498,20.45,40.9,1.0,0.0,0.06666666666666667,0.0,0.0,-0.3633333333333333,2.0,1.7402714155457595,21.2,42.4,1.0,0.0,0.06666666666666667,0.0,0.0,-0.4133333333333333,1.0,11.100650361884385,0.0,0.0,0.0,0.0,0.06666666666666667,0.0,0.0,0.0,2.0,1.5942234070970527,20.8,41.6,1.0,0.0,0.06666666666666667,0.0,0.0,-0.3866666666666667,2.0,1.5532210399006183,20.15,40.3,1.0,0.0,0.06666666666666667,0.0,0.0,-0.3433333333333335,2.0,0.0,5.0,2.42,19.0,1.1421052631578947,1.0,0.0,2.0,0.25,2.0,0.0,1.0,0.0,2.0,0.0,3.0,19.133333333333333,1.0,0.0,2.0,0.0,3.0,18.433333333333334
north_heavy_seed1,north_heavy,1,429.25,444.25,48.0,7.291030884403743,3.525,4.0,2.75,3.0,12.319320877507328,0.0,0.0,0.0,0.0,0.2,0.06666666666666667,0.0,0.0,3.0,13.141924452471843,0.0,0.0,0.0,0.0,0.2,0.0,0.0,0.0,17.0,2.9730753404297126,0.0,0.0,0.0,1.0,0.2,0.5333333333333333,-1.4,-3.47530303030303,1.0,11.046117631219326,0.0,0.0,0.0,0.0,0.06666666666666667,0.0,0.0,0.0,1.0,11.044136377498507,0.0,0.0,0.0,0.0,0.06666666666666667,0.0,0.0,0.0,1.0,10.585846102891669,0.0,0.0,0.0,1.0,0.06666666666666667,0.13333333333333333,-0.13333333333333333,-2.828333333333333,1.0,11.096236292552202,0.0,0.0,0.0,0.0,0.06666666666666667,0.0,0.0,0.0,2.0,2.227304895665686,20.95,41.9,1.0,0.0,0.06666666666666667,0.0,0.0,-0.3966666666666666,2.0,2.2660605926980857,21.7,43.4,1.0,0.0,0.06666666666666667,0.0,0.0,-0.4466666666666666,1.0,11.106222126891836,0.0,0.0,0.0,0.0,0.06666666666666667,0.0,0.0,0.0,2.0,2.1829862977628434,21.3,42.6,1.0,0.0,0.06666666666666667,0.0,0.0,-0.42000000000000004,2.0,2.0773370345505566,20.65,41.3,1.0,0.0,0.06666666666666667,0.0,0.0,-0.3766666666666668,1.0,0.0,5.0,2.82,19.0,1.4157894736842105,1.0,0.0,2.0,0.75,2.0,0.45,1.0,0.0,2.0,0.0,3.0,19.466666666666665,1.0,0.0,2.0,0.0,3.0,18.766666666666666
north_heavy_seed1,north_heavy,1,430.25,445.25,50.0,7.742116519060407,3.464,4.0,1.75,4.0,12.29126483519111,0.0,0.0,0.0,0.0,0.26666666666666666,0.0,0.0,0.0,4.0,12.975135837487267,0.0,0.0,0.0,0.0,0.26666666666666666,0.0,0.0,0.0,17.0,3.363847358337219,0.0,0.0,0.0,1.0,0.2,0.5333333333333333,-1.4666666666666666,-3.5416666666666665,1.0,11.05964879096113,0.0,0.0,0.0,0.0,0.06666666666666667,0.0,0.0,0.0,1.0,11.056376845940948,0.0,0.0,0.0,0.0,0.06666666666666667,0.0,0.0,0.0,1.0,10.656405743709014,0.0,0.0,0.0,1.0,0.06666666666666667,0.13333333333333333,-0.13333333333333333,-2.895,1.0,11.098887840397655,0.0,0.0,0.0,0.0,0.06666666666666667,0.0,0.0,0.0,2.0,2.790420487126523,21.45,42.9,1.0,0.0,0.06666666666666667,0.0,0.0,-0.42999999999999994,2.0,2.8670739088283494,22.2,44.4,1.0,0.0,0.06666666666666667,0.0,0.0,-0.4799999999999999,1.0,11.069647850368172,0.0,0.0,0.0,0.0,0.06666666666666667,0.0,0.0,0.0,2.0,2.715831889953354,21.8,43.6,1.0,0.0,0.06666666666666667,0.0,0.0,-0.45333333333333337,2.0,2.585817144059636,21.15,42.3,1.0,0.0,0.06666666666666667,0.0,0.0,-0.41000000000000014,1.0,0.0,5.0,3.22,19.0,1.7315789473684209,1.0,0.0,2.0,1.25,2.0,0.95,0.0,0.0,2.0,0.0,3.0,19.8,1.0,0.0,2.0,0.0,3.0,19.099999999999998
north_heavy_seed1,north_heavy,1,431.25,446.25,50.0,7.682944840501282,3.5439999999999996,4.0,0.75,4.0,11.7553559643886,0.0,0.0,0.0,0.0,0.26666666666666666,0.0,0.0,0.0,4.0,12.348195065959047,0.0,0.0,0.0,0.0,0.26666666666666666,0.0,0.0,0.0,18.0,3.581111028196314,0.0,0.0,0.0,1.0,0.26666666666666666,0.5333333333333333,-1.4666666666666666,-3.6083333333333334,1.0,11.043473062900826,0.0,0.0,0.0,0.0,0.06666666666666667,0.0,0.0,0.0,1.0,11.045986594982445,0.0,0.0,0.0,0.0,0.06666666666666667,0.0,0.0,0.0,1.0,10.639946268025966,0.0,0.0,0.0,1.0,0.06666666666666667,0.13333333333333333,-0.13333333333333333,-2.9616666666666664,1.0,11.081998778481037,0.0,0.0,0.0,0.0,0.06666666666666667,0.0,0.0,0.0,2.0,3.3165656730599697,21.95,43.9,1.0,0.0,0.06666666666666667,0.0,0.0,-0.46333333333333326,2.0,3.3551341989842802,22.7,45.4,1.0,0.0,0.06666666666666667,0.0,0.0,-0.5133333333333333,1.0,11.038471408309414,0.0,0.0,0.0,0.0,0.06666666666666667,0.0,0.0,0.0,2.0,3.284465008148812,22.3,44.6,1.0,0.0,0.06666666666666667,0.0,0.0,-0.4866666666666667,2.0,3.098917437914816,21.65,43.3,1.0,0.0,0.06666666666666667,0.0,0.0,-0.44333333333333347,1.0,0.0,5.0,3.62,19.0,2.0842105263157897,0.0,0.0,2.0,1.75,2.0,1.45,0.0,0.0,1.0,0.0,3.0,20.133333333333333,1.0,0.0,1.0,0.0,3.0,19.433333333333334
north_heavy_seed1,north_heavy,1,432.25,447.25,49.0,7.459068483390021,1.851020408163265,2.0,29.75,4.0,11.087712088839051,0.0,0.0,0.0,2.0,0.26666666666666666,0.0,0.0,0.0,4.0,11.178709984455338,0.0,0.0,0.0,0.0,0.26666666666666666,0.0,0.0,0.0,18.0,3.2930663018145134,0.0,0.0,0.0,0.0,0.26666666666666666,0.5333333333333333,-1.4,-3.428181818181818,1.0,11.109125612014903,0.0,0.0,0.0,2.0,0.06666666666666667,0.0,0.0,0.0,1.0,11.098225741058588,0.0,0.0,0.0,0.0,0.06666666666666667,0.0,0.0,0.0,1.0,10.588818085983576,0.0,0.0,0.0,0.0,0.06666666666666667,0.13333333333333333,0.0,0.0,1.0,11.047609979961067,0.0,0.0,0.0,2.0,0.06666666666666667,0.0,0.0,0.0,2.0,4.167500047482303,0.0,0.0,0.0,2.0,0.06666666666666667,0.0,-0.06666666666666667,-1.9933333333333332,2.0,3.8509157395131495,23.2,46.4,1.0,0.0,0.06666666666666667,0.0,0.0,-0.5466666666666666,1.0,11.092085245145483,0.0,0.0,0.0,2.0,0.06666666666666667,0.0,0.0,0.0,2.0,4.118799426509018,0.0,0.0,0.0,2.0,0.06666666666666667,0.0,-0.06666666666666667,-2.04,2.0,3.606688426228296,22.15,44.3,1.0,0.0,0.06666666666666667,0.0,0.0,-0.4766666666666668,0.0,0.0,5.0,4.12,19.0,2.481578947368421,0.0,0.0,2.0,2.25,2.0,1.95,0.0,0.0,1.0,0.0,3.0,20.466666666666665,1.0,0.0,1.0,0.0,3.0,19.766666666666666
north_heavy_seed1,north_heavy,1,433.25,448.25,49.0,7.47144089578428,1.8989795918367347,3.0,28.75,3.0,12.209150492356102,0.0,0.0,0.0,2.0,0.2,0.06666666666666667,0.0,0.0,4.0,10.006299867274333,0.0,0.0,0.0,0.0,0.2,0.0,0.0,0.0,18.0,2.996238826035452,0.019444444444444445,0.35,1.0,0.0,0.2,0.4666666666666667,-1.1333333333333333,-2.7906734006734006,1.0,11.092438069960101,0.0,0.0,0.0,2.0,0.06666666666666667,0.0,0.0,0.0,1.0,11.042895211981609,0.0,0.0,0.0,0.0,0.06666666666666667,0.0,0.0,0.0,1.0,10.60443917030114,0.0,0.0,0.0,0.0,0.06666666666666667,0.06666666666666667,0.0,0.0,1.0,11.093389319678767,0.0,0.0,0.0,2.0,0.06666666666666667,0.0,0.0,0.0,1.0,8.971086606439567,0.0,0.0,0.0,2.0,0.06666666666666667,0.06666666666666667,-0.06666666666666667,-2.06,2.0,4.463455731923838,23.7,47.4,1.0,0.0,0.06666666666666667,0.0,0.0,-0.58,1.0,11.07945099469088,0.0,0.0,0.0,2.0,0.06666666666666667,0.0,0.0,0.0,1.0,8.92174010468065,0.0,0.0,0.0,2.0,0.06666666666666667,0.06666666666666667,-0.06666666666666667,-2.106666666666667,2.0,4.12329393406404,22.65,45.3,1.0,0.0,0.06666666666666667,0.0,0.0,-0.5100000000000001,0.0,0.0,5.0,4.720000000000001,19.0,2.9105263157894736,0.0,0.0,2.0,2.75,2.0,2.45,0.0,0.0,0.0,0.0,3.0,20.8,0.0,0.0,0.0,0.0,3.0,20.099999999999998
north_heavy_seed1,north_heavy,1,434.25,449.25,61.0,8.111981282818654,1.5885245901639342,4.0,27.75,4.0,12.576673010354611,0.0,0.0,0.0,2.0,0.26666666666666666,0.06666666666666667,0.0,0.0,5.0,9.772969048602043,0.16999999999999998,0.85,1.0,0.0,0.26666666666666666,0.0,0.06666666666666667,0.011333333333333332,19.0,2.914439808751149,0.07105263157894737,1.35,1.0,0.0,0.26666666666666666,0.4666666666666667,-1.0,-2.3970813397129187,2.0,11.961649110285338,0.0,0.0,0.0,2.0,0.13333333333333333,0.0,0.0,0.0,2.0,11.699573119459892,0.0,0.0,0.0,0.0,0.13333333333333333,0.0,0.0,0.0,2.0,11.296785556577236,0.0,0.0,0.0,0.0,0.13333333333333333,0.06666666666666667,0.0,0.0,2.0,12.074509983338418,0.0,0.0,0.0,2.0,0.13333333333333333,0.0,0.0,0.0,2.0,10.396033436577437,0.0,0.0,0.0,2.0,0.13333333333333333,0.06666666666666667,-0.06666666666666667,-2.1266666666666665,3.0,5.403941991603457,16.133333333333333,48.4,1.0,0.0,0.13333333333333333,0.0,0.0,-1.151111111111111,2.0,11.527453016774729,0.0,0.0,0.0,2.0,0.13333333333333333,0.0,0.0,0.0,2.0,10.485235288163771,0.0,0.0,0.0,2.0,0.13333333333333333,0.06666666666666667,-0.06666666666666667,-2.1733333333333333,3.0,5.001991712442108,15.433333333333332,46.3,1.0,0.0,0.13333333333333333,0.0,0.0,-1.057777777777778,1.0,0.0,6.0,4.433333333333334,20.0,3.215,0.0,0.0,2.0,3.25,2.0,2.95,0.0,0.0,0.0,0.0,3.0,21.133333333333333,0.0,0.0,0.0,0.0,3.0,20.433333333333334
north_heavy_seed1,north_heavy,1,435.25,450.25,60.0,8.24551011379115,1.6816666666666664,4.0,26.75,4.0,12.55363501285683,0.0,0.0,0.0,2.0,0.26666666666666666,0.06666666666666667,0.0,0.0,5.0,9.104207576317052,0.37,1.85,1.0,0.0,0.26666666666666666,0.0,0.06666666666666667,0.024666666666666667,19.0,2.774039941461259,0.1236842105263158,2.35,1.0,0.0,0.26666666666666666,0.4,-0.8666666666666667,-2.106357560568087,2.0,12.458702334154047,0.0,0.0,0.0,2.0,0.13333333333333333,0.0,0.0,0.0,2.0,11.685074661458945,0.0,0.0,0.0,0.0,0.13333333333333333,0.0,0.0,0.0,2.0,11.285031569782035,0.0,0.0,0.0,0.0,0.13333333333333333,0.0,0.0,0.0,2.0,13.237337268214677,0.0,0.0,0.0,2.0,0.13333333333333333,0.0,0.0,0.0,2.0,11.899055974203536,0.0,0.0,0.0,2.0,0.13333333333333333,0.06666666666666667,-0.06666666666666667,-2.1933333333333334,3.0,6.350049229149074,16.466666666666665,49.4,1.0,0.0,0.13333333333333333,0.0,0.0,-1.1955555555555555,2.0,11.53131341827265,0.0,0.0,0.0,2.0,0.13333333333333333,0.0,0.0,0.0,2.0,11.994424712678315,0.0,0.0,0.0,2.0,0.13333333333333333,0.06666666666666667,-0.06666666666666667,-2.24,3.0,5.9609463441984,15.766666666666666,47.3,1.0,0.0,0.13333333333333333,0.0,0.0,-1.102222222222222,1.0,0.0,6.0,5.0,20.0,3.7,0.0,0.0,2.0,3.75,2.0,3.45,0.0,0.0,0.0,0.0,3.0,21.46666666666667,0.0,0.0,0.0,0.0,3.0,20.766666666666666
north_heavy_seed1,north_heavy,1,436.25,451.25,58.0,8.13160830315829,1.8086206896551722,4.0,25.75,4.0,12.521315784322827,0.0,0.0,0.0,2.0,0.26666666666666666,0.06666666666666667,0.0,0.0,5.0,8.39264994405443,0.5700000000000001,2.85,1.0,0.0,0.26666666666666666,0.0,0.06666666666666667,0.038000000000000006,19.0,2.6300211400925346,0.1763157894736842,3.35,1.0,0.0,0.26666666666666666,0.4,-0.8,-1.9279281537176274,2.0,12.488751541080768,0.0,0.0,0.0,2.0,0.13333333333333333,0.0,0.0,0.0,2.0,11.693323779129756,0.0,0.0,0.0,0.0,0.13333333333333333,0.0,0.0,0.0,2.0,11.308070248442558,0.0,0.0,0.0,0.0,0.13333333333333333,0.0,0.0,0.0,2.0,13.771749480728179,0.0,0.0,0.0,2.0,0.13333333333333333,0.0,0.0,0.0,2.0,12.387289449584703,0.0,0.0,0.0,2.0,0.13333333333333333,0.06666666666666667,-0.06666666666666667,-2.26,3.0,7.0440579765799685,16.8,50.4,1.0,0.0,0.13333333333333333,0.0,0.0,-1.2399999999999998,2.0,11.534570569645147,0.0,0.0,0.0,2.0,0.13333333333333333,0.0,0.0,0.0,2.0,12.121748768848189,0.0,0.0,0.0,2.0,0.13333333333333333,0.06666666666666667,-0.06666666666666667,-2.3066666666666666,3.0,6.849854971093445,16.099999999999998,48.3,1.0,0.0,0.13333333333333333,0.0,0.0,-1.1466666666666667,1.0,0.0,6.0,5.666666666666667,20.0,4.2325,0.0,0.0,2.0,4.25,2.0,3.95,0.0,0.0,0.0,0.0,3.0,21.96666666666667,0.0,0.0,0.0,0.0,3.0,21.099999999999998
north_heavy_seed1,north_heavy,1,437.25,452.25,57.0,8.06055167614344,1.9105263157894736,4.0,24.75,4.0,12.51433050399382,0.0,0.0,0.0,2.0,0.26666666666666666,0.06666666666666667,0.0,0.0,5.0,7.761446900409693,0.77,3.85,1.0,0.0,0.26666666666666666,0.0,0.06666666666666667,0.051333333333333335,19.0,2.4820870538365534,0.22894736842105262,4.35,1.0,0.0,0.26666666666666666,0.3333333333333333,-0.6666666666666666,-1.6150701754385965,2.0,12.494892209759563,0.0,0.0,0.0,2.0,0.13333333333333333,0.0,0.0,0.0,2.0,11.68932831590365,0.0,0.0,0.0,0.0,0.13333333333333333,0.0,0.0,0.0,2.0,11.316196829143536,0.0,0.0,0.0,0.0,0.13333333333333333,0.0,0.0,0.0,2.0,13.809198657611503,0.0,0.0,0.0,2.0,0.13333333333333333,0.0,0.0,0.0,2.0,12.37086582545695,0.0,0.0,0.0,2.0,0.13333333333333333,0.06666666666666667,-0.06666666666666667,-2.3266666666666667,3.0,7.679739586987979,17.133333333333333,51.4,1.0,0.0,0.13333333333333333,0.0,0.0,-1.2844444444444443,2.0,11.54245032204804,0.0,0.0,0.0,2.0,0.13333333333333333,0.0,0.0,0.0,2.0,12.138092895349658,0.0,0.0,0.0,2.0,0.13333333333333333,0.06666666666666667,-0.06666666666666667,-2.3733333333333335,3.0,7.488198421266101,16.433333333333334,49.3,1.0,0.0,0.13333333333333333,0.0,0.0,-1.191111111111111,1.0,0.0,6.0,6.333333333333333,20.0,4.795,0.0,0.0,2.0,4.875,2.0,4.45,0.0,0.0,0.0,0.0,3.0,22.633333333333336,0.0,0.0,0.0,0.0,3.0,21.75
north_heavy_seed1,north_heavy,1,438.25,453.25,57.0,8.04493076392938,1.9850877192982455,5.0,23.75,4.0,11.93322556691665,0.0,0.0,0.0,2.0,0.26666666666666666,0.06666666666666667,0.0,0.0,5.0,7.303969081500611,0.97,4.85,1.0,0.0,0.26666666666666666,0.0,0.06666666666666667,0.06466666666666666,19.0,2.333486831847652,0.29473684210526313,5.35,2.0,0.0,0.26666666666666666,0.26666666666666666,-0.5333333333333333,-1.5008771929824563,2.0,12.457575863460544,0.0,0.0,0.0,2.0,0.13333333333333333,0.0,0.0,0.0,2.0,11.698327845586217,0.0,0.0,0.0,0.0,0.13333333333333333,0.0,0.0,0.0,2.0,11.299285051118904,0.0,0.0,0.0,0.0,0.13333333333333333,0.0,0.0,0.0,2.0,13.78463151900296,0.0,0.0,0.0,2.0,0.13333333333333333,0.0,0.0,0.0,2.0,12.286012771313143,0.0,0.0,0.0,2.0,0.13333333333333333,0.06666666666666667,-0.06666666666666667,-2.393333333333333,3.0,8.300446074373012,17.466666666666665,52.4,1.0,0.0,0.13333333333333333,0.0,0.0,-1.328888888888889,2.0,11.537961926227203,0.0,0.0,0.0,2.0,0.13333333333333333,0.0,0.0,0.0,2.0,12.1153458754876,0.0,0.0,0.0,2.0,0.13333333333333333,0.06666666666666667,-0.06666666666666667,-2.44,3.0,7.915294769309466,16.766666666666666,50.3,1.0,0.0,0.13333333333333333,0.0,0.0,-1.2355555555555555,1.0,0.0,6.0,7.033333333333334,20.0,5.405,0.0,0.0,2.0,5.875,2.0,4.95,0.0,0.0,0.0,0.0,3.0,23.333333333333332,0.0,0.0,0.0,0.0,3.0,22.416666666666668
north_heavy_seed1,north_heavy,1,439.25,454.25,56.0,7.836170974780756,2.1098214285714283,5.0,22.75,3.0,12.063721671566354,0.0,0.0,0.0,2.0,0.2,0.06666666666666667,0.0,0.0,5.0,6.755459268650675,1.17,5.85,1.0,0.0,0.26666666666666666,0.0,0.06666666666666667,0.078,19.0,2.1858417244391974,0.39999999999999997,6.35,2.0,0.0,0.26666666666666666,0.26666666666666666,-0.4,-1.067719298245614,2.0,12.46853825232305,0.0,0.0,0.0,2.0,0.13333333333333333,0.0,0.0,0.0,2.0,11.718013341505415,0.0,0.0,0.0,0.0,0.13333333333333333,0.0,0.0,0.0,2.0,11.314177197442945,0.0,0.0,0.0,0.0,0.13333333333333333,0.0,0.0,0.0,2.0,13.77515686410398,0.0,0.0,0.0,2.0,0.13333333333333333,0.0,0.0,0.0,2.0,12.00844608516348,0.0,0.0,0.0,2.0,0.13333333333333333,0.06666666666666667,-0.06666666666666667,-2.46,3.0,8.306724902881543,17.8,53.4,1.0,0.0,0.13333333333333333,0.0,0.0,-1.3733333333333333,2.0,11.520179260074162,0.0,0.0,0.0,2.0,0.13333333333333333,0.0,0.0,0.0,2.0,12.08637871195928,0.0,0.0,0.0,2.0,0.13333333333333333,0.06666666666666667,-0.06666666666666667,-2.506666666666667,3.0,7.93559466133112,17.099999999999998,51.3,1.0,0.0,0.13333333333333333,0.0,0.0,-1.28,2.0,0.0,7.0,6.742857142857143,21.0,5.7666666666666675,1.0,0.0,3.0,4.583333333333333,3.0,3.85,1.0,0.0,1.0,0.0,4.0,18.25,1.0,0.0,1.0,0.0,4.0,17.45
north_heavy_seed1,north_heavy,1,440.25,455.25,56.0,7.667444957381752,2.2080357142857143,6.0,21.75,3.0,12.037537199495048,0.0,0.0,0.0,2.0,0.2,0.06666666666666667,0.0,0.0,5.0,5.787575375927142,1.3699999999999999,6.85,1.0,0.0,0.26666666666666666,0.0,0.06666666666666667,0.09133333333333332,19.0,2.0404640877697617,0.531578947368421,7.35,3.0,0.0,0.26666666666666666,0.2,-0.2,-0.67270955165692,2.0,12.445969189199385,0.0,0.0,0.0,2.0,0.13333333333333333,0.0,0.0,0.0,2.0,11.229748774253732,0.0,0.0,0.0,0.0,0.13333333333333333,0.0,0.0,0.0,2.0,11.286654094967382,0.0,0.0,0.0,0.0,0.13333333333333333,0.0,0.0,0.0,2.0,13.751991784640708,0.0,0.0,0.0,2.0,0.13333333333333333,0.0,0.0,0.0,2.0,11.81119470258867,0.0,0.0,0.0,2.0,0.13333333333333333,0.06666666666666667,-0.06666666666666667,-2.5266666666666664,3.0,8.314087636361984,18.133333333333333,54.4,1.0,0.0,0.13333333333333333,0.0,0.0,-1.4177777777777778,2.0,11.544006807514002,0.0,0.0,0.0,2.0,0.13333333333333333,0.0,0.0,0.0,2.0,11.892292248028335,0.0,0.0,0.0,2.0,0.13333333333333333,0.06666666666666667,-0.06666666666666667,-2.5733333333333333,3.0,7.940639473595662,17.433333333333334,52.3,1.0,0.0,0.13333333333333333,0.0,0.0,-1.3244444444444443,2.0,0.0,7.0,7.457142857142857,21.0,6.423809523809524,1.0,0.0,3.0,5.25,3.0,4.516666666666667,1.0,0.0,1.0,0.0,4.0,19.0,1.0,0.0,1.0,0.0,4.0,18.2
north_heavy_seed1,north_heavy,1,441.25,456.25,55.0,7.3263326554411305,2.367272727272727,8.0,20.75,3.0,11.868769261299269,0.0,0.0,0.0,2.0,0.2,0.13333333333333333,0.0,0.0,5.0,4.960418132795152,1.6199999999999999,7.85,2.0,0.0,0.2,0.0,0.13333333333333333,0.108,19.0,1.88127596061766,0.7052631578947368,8.35,4.0,0.0,0.2,0.13333333333333333,-0.06666666666666667,-0.47594541910331384,2.0,11.802144788061522,0.0,0.0,0.0,2.0,0.06666666666666667,0.0,0.0,0.0,2.0,9.223012727341835,0.0,0.0,0.0,0.0,0.06666666666666667,0.0,0.0,0.0,2.0,10.297350203589275,0.0,0.0,0.0,0.0,0.06666666666666667,0.0,0.0,0.0,2.0,13.776894671891004,0.0,0.0,0.0,2.0,0.06666666666666667,0.0,0.0,0.0,2.0,11.642367550696225,0.0,0.0,0.0,2.0,0.06666666666666667,0.06666666666666667,-0.06666666666666667,-1.2966666666666666,3.0,8.295054591756779,18.466666666666665,55.4,1.0,0.0,0.06666666666666667,0.0,0.0,-0.11555555555555562,2.0,11.096224655482992,0.0,0.0,0.0,2.0,0.06666666666666667,0.0,0.0,0.0,2.0,11.675432217661172,0.0,0.0,0.0,2.0,0.06666666666666667,0.06666666666666667,-0.06666666666666667,-1.32,3.0,7.934144106644289,17.766666666666666,53.3,1.0,0.0,0.06666666666666667,0.0,0.0,-0.09222222222222219,2.0,0.0,7.0,8.171428571428573,21.0,7.1119047619047615,1.0,0.0,3.0,5.916666666666667,3.0,5.183333333333334,1.0,0.0,1.0,0.0,4.0,19.75,1.0,0.0,1.0,0.0,4.0,18.95
north_heavy_seed1,north_heavy,1,442.25,457.25,55.0,7.05597520027025,2.5127272727272727,8.0,19.75,3.0,11.669256933868532,0.0,0.0,0.0,2.0,0.13333333333333333,0.13333333333333333,0.0,0.0,5.0,4.046452681881434,2.02,8.85,2.0,0.0,0.13333333333333333,0.0,0.13333333333333333,0.13466666666666666,19.0,1.723737895705265,0.9157894736842105,9.35,4.0,0.0,0.13333333333333333,0.06666666666666667,0.06666666666666667,-0.15746588693957117,1.0,13.855022547057597,0.0,0.0,0.0,2.0,0.06666666666666667,0.06666666666666667,0.0,0.0,2.0,7.213269852090729,0.0,0.0,0.0,0.0,0.06666666666666667,0.0,0.0,0.0,2.0,8.303546393586824,0.0,0.0,0.0,0.0,0.06666666666666667,0.0,0.0,0.0,1.0,16.424566642590108,0.0,0.0,0.0,2.0,0.06666666666666667,0.06666666666666667,0.0,0.0,2.0,11.516802060122442,0.0,0.0,0.0,2.0,0.06666666666666667,0.06666666666666667,-0.06666666666666667,-1.3299999999999998,3.0,8.301963336473408,18.8,56.4,1.0,0.0,0.06666666666666667,0.0,0.0,-0.12666666666666657,1.0,11.983999297167175,0.0,0.0,0.0,2.0,0.06666666666666667,0.06666666666666667,0.0,0.0,2.0,11.515759191604232,0.0,0.0,0.0,2.0,0.06666666666666667,0.06666666666666667,-0.06666666666666667,-1.3533333333333333,3.0,7.932548222458538,18.099999999999998,54.3,1.0,0.0,0.06666666666666667,0.0,0.0,-0.10333333333333337,2.0,0.0,7.0,8.885714285714286,21.0,7.833333333333333,1.0,0.0,3.0,6.583333333333333,3.0,5.8500000000000005,1.0,0.0,1.0,0.0,4.0,20.5,1.0,0.0,1.0,0.0,4.0,19.7
north_heavy_seed1,north_heavy,1,443.25,458.25,54.0,6.642942883370246,2.7222222222222223,10.0,18.75,2.0,11.626394753804552,0.0,0.0,0.0,2.0,0.13333333333333333,0.2,0.0,0.0,5.0,3.123087592563448,2.42,9.85,2.0,0.0,0.13333333333333333,0.0,0.13333333333333333,0.16133333333333333,19.0,1.5583700376231682,1.1421052631578947,10.35,5.0,0.0,0.13333333333333333,0.06666666666666667,0.2,-0.04867446393762185,1.0,13.88943526832969,0.0,0.0,0.0,2.0,0.06666666666666667,0.06666666666666667,0.0,0.0,2.0,6.156722918890052,0.25,0.5,1.0,0.0,0.06666666666666667,0.0,0.06666666666666667,0.016666666666666666,2.0,6.306923748473916,0.0,0.0,0.0,0.0,0.06666666666666667,0.0,0.0,0.0,1.0,16.425369783729554,0.0,0.0,0.0,2.0,0.06666666666666667,0.06666666666666667,0.0,0.0,2.0,11.375842836224571,0.0,0.0,0.0,2.0,0.06666666666666667,0.06666666666666667,-0.06666666666666667,-1.3633333333333333,3.0,8.066866122058132,19.133333333333333,57.4,1.0,0.0,0.06666666666666667,0.0,0.0,-0.13777777777777775,1.0,11.975034560593777,0.0,0.0,0.0,2.0,0.06666666666666667,0.06666666666666667,0.0,0.0,2.0,11.403700070070908,0.0,0.0,0.0,2.0,0.06666666666666667,0.06666666666666667,-0.06666666666666667,-1.3866666666666667,3.0,7.929528922980656,18.433333333333334,55.3,1.0,0.0,0.06666666666666667,0.0,0.0,-0.11444444444444433,2.0,0.0,7.0,9.6,21.0,8.595238095238095,1.0,0.0,3.0,7.25,3.0,6.516666666666667,1.0,0.0,1.0,0.0,4.0,21.25,1.0,0.0,1.0,0.0,4.0,20.45
north_heavy_seed1,north_heavy,1,444.25,459.25,53.0,6.156716161060154,2.983018867924528,12.0,17.75,1.0,11.875601648064551,0.0,0.0,0.0,2.0,0.06666666666666667,0.2,0.0,0.0,5.0,2.3460255153297584,2.82,10.85,2.0,0.0,0.13333333333333333,0.0,0.13333333333333333,0.188,19.0,1.394371355678989,1.4157894736842105,11.35,6.0,0.0,0.13333333333333333,0.0,0.4,0.0943859649122807,1.0,13.885348424002295,0.0,0.0,0.0,2.0,0.06666666666666667,0.06666666666666667,0.0,0.0,2.0,6.135419486866783,0.75,1.5,1.0,0.0,0.06666666666666667,0.0,0.06666666666666667,0.05,2.0,5.9882576533500105,0.45,0.9,1.0,0.0,0.06666666666666667,0.0,0.06666666666666667,0.030000000000000002,1.0,13.026598974853663,0.0,0.0,0.0,2.0,0.06666666666666667,0.06666666666666667,0.0,0.0,2.0,11.28740166131054,0.0,0.0,0.0,2.0,0.06666666666666667,0.06666666666666667,-0.06666666666666667,-1.3966666666666667,3.0,6.385223573077191,19.466666666666665,58.4,1.0,0.0,0.06666666666666667,0.0,0.0,-0.14888888888888896,1.0,11.977664885313716,0.0,0.0,0.0,2.0,0.06666666666666667,0.06666666666666667,0.0,0.0,2.0,11.32636047858988,0.0,0.0,0.0,2.0,0.06666666666666667,0.06666666666666667,-0.06666666666666667,-1.4200000000000002,3.0,7.289743110325968,18.766666666666666,56.3,1.0,0.0,0.06666666666666667,0.0,0.0,-0.12555555555555553,2.0,0.0,7.0,10.314285714285715,21.0,9.385714285714286,1.0,0.0,3.0,7.916666666666667,3.0,7.183333333333334,1.0,0.0,1.0,0.0,4.0,22.0,1.0,0.0,1.0,0.0,4.0,21.2
north_heavy_seed1,north_heavy,1,445.25,460.25,52.0,5.673439048685212,3.271153846153846,12.0,16.75,1.0,11.450384662564595,0.0,0.0,0.0,2.0,0.06666666666666667,0.26666666666666666,0.0,0.0,5.0,1.6995466132895707,3.22,11.85,2.0,0.0,0.06666666666666667,0.0,0.13333333333333333,0.21466666666666667,19.0,1.2387153395014752,1.7315789473684209,12.35,6.0,0.0,0.13333333333333333,0.0,0.4,0.11543859649122806,1.0,13.869761111085536,0.0,0.0,0.0,2.0,0.06666666666666667,0.06666666666666667,0.0,0.0,2.0,5.266984725463548,1.25,2.5,1.0,0.0,0.06666666666666667,0.0,0.06666666666666667,0.08333333333333333,2.0,5.120551256434661,0.95,1.9,1.0,0.0,0.06666666666666667,0.0,0.06666666666666667,0.06333333333333332,0.0,0.0,0.0,0.0,0.0,2.0,0.0,0.06666666666666667,0.0,0.0,2.0,11.237307461877219,0.0,0.0,0.0,2.0,0.06666666666666667,0.06666666666666667,-0.06666666666666667,-1.43,3.0,4.816228940173981,19.8,59.4,1.0,0.0,0.06666666666666667,0.0,0.0,-0.1599999999999999,1.0,11.991603239723482,0.0,0.0,0.0,2.0,0.06666666666666667,0.06666666666666667,0.0,0.0,2.0,11.291924058579212,0.0,0.0,0.0,2.0,0.06666666666666667,0.06666666666666667,-0.06666666666666667,-1.4533333333333334,3.0,5.658477714000532,19.099999999999998,57.3,1.0,0.0,0.06666666666666667,0.0,0.0,-0.13666666666666671,2.0,0.0,7.0,11.028571428571428,21.0,10.195238095238095,1.0,0.0,3.0,8.583333333333334,3.0,7.849999999999999,1.0,0.0,1.0,0.0,4.0,22.75,1.0,0.0,1.0,0.0,4.0,21.95
north_heavy_seed1,north_heavy,1,446.25,461.25,52.0,5.267534076786429,3.515384615384615,13.0,15.75,1.0,11.232802228012394,0.0,0.0,0.0,2.0,0.06666666666666667,0.26666666666666666,0.0,0.0,5.0,1.1766932869841402,3.62,12.85,2.0,0.0,0.06666666666666667,0.0,0.13333333333333333,0.24133333333333334,19.0,1.0786799302036507,2.0842105263157897,13.35,7.0,0.0,0.06666666666666667,0.0,0.4666666666666667,0.13894736842105265,0.0,0.0,0.0,0.0,0.0,2.0,0.0,0.06666666666666667,0.0,0.0,2.0,3.744337051960943,1.75,3.5,1.0,0.0,0.06666666666666667,0.0,0.06666666666666667,0.11666666666666667,2.0,3.8393053231709398,1.45,2.9,1.0,0.0,0.06666666666666667,0.0,0.06666666666666667,0.09666666666666666,0.0,0.0,0.0,0.0,0.0,2.0,0.0,0.06666666666666667,0.0,0.0,1.0,11.319131926747644,0.0,0.0,0.0,2.0,0.06666666666666667,0.13333333333333333,-0.06666666666666667,-1.4633333333333334,3.0,3.4780330955502667,20.133333333333333,60.4,1.0,0.0,0.06666666666666667,0.0,0.0,-0.1711111111111111,1.0,11.998471781259868,0.0,0.0,0.0,2.0,0.06666666666666667,0.06666666666666667,0.0,0.0,1.0,11.3794333972127,0.0,0.0,0.0,2.0,0.06666666666666667,0.13333333333333333,-0.06666666666666667,-1.4866666666666668,3.0,4.171439419502807,19.433333333333334,58.3,1.0,0.0,0.06666666666666667,0.0,0.0,-0.14777777777777767,2.0,0.0,7.0,11.742857142857144,21.0,11.05,1.0,0.0,3.0,9.25,3.0,8.516666666666666,1.0,0.0,1.0,0.0,4.0,23.5,1.0,0.0,1.0,0.0,4.0,22.7
north_heavy_seed1,north_heavy,1,447.25,462.25,51.0,4.831723109580252,3.8598039215686275,15.0,14.75,0.0,0.0,0.0,0.0,0.0,2.0,0.0,0.26666666666666666,0.0,0.0,5.0,0.7751929081330824,4.12,13.85,3.0,0.0,0.06666666666666667,0.0,0.2,0.27466666666666667,19.0,0.9299455884001994,2.481578947368421,14.35,8.0,0.0,0.06666666666666667,0.0,0.5333333333333333,0.16543859649122805,0.0,0.0,0.0,0.0,0.0,2.0,0.0,0.06666666666666667,0.0,0.0,2.0,2.421611236409927,2.25,4.5,1.0,0.0,0.06666666666666667,0.0,0.06666666666666667,0.15,2.0,2.7100856354589284,1.95,3.9,1.0,0.0,0.06666666666666667,0.0,0.06666666666666667,0.13,0.0,0.0,0.0,0.0,0.0,2.0,0.0,0.06666666666666667,0.0,0.0,1.0,11.285686909934688,0.0,0.0,0.0,2.0,0.06666666666666667,0.13333333333333333,0.0,0.0,3.0,2.3273617395299007,20.466666666666665,61.4,1.0,0.0,0.06666666666666667,0.0,0.0,-0.18222222222222229,1.0,11.98222760487115,0.0,0.0,0.0,2.0,0.06666666666666667,0.06666666666666667,0.0,0.0,1.0,11.296961312018787,0.0,0.0,0.0,2.0,0.06666666666666667,0.13333333333333333,0.0,0.0,3.0,2.9154620743754207,19.766666666666666,59.3,1.0,0.0,0.06666666666666667,0.0,0.0,-0.15888888888888886,2.0,0.0,7.0,12.457142857142857,21.0,11.914285714285715,1.0,0.0,3.0,9.916666666666666,3.0,9.183333333333332,1.0,0.0,1.0,0.0,4.0,24.25,1.0,0.0,1.0,0.0,4.0,23.45
north_heavy_seed1,north_heavy,1,448.25,463.25,51.0,4.523687752855683,4.1568627450980395,16.0,13.75,0.0,0.0,0.0,0.0,0.0,2.0,0.0,0.2,0.0,0.0,5.0,0.47740455809166155,4.720000000000001,14.85,3.0,0.0,0.06666666666666667,0.0,0.2,0.3146666666666667,19.0,0.7911515982614,2.9105263157894736,15.35,9.0,0.0,0.06666666666666667,0.0,0.5333333333333333,0.19273879142300196,0.0,0.0,0.0,0.0,0.0,2.0,0.0,0.06666666666666667,0.0,0.0,2.0,1.3742767186382274,2.75,5.5,1.0,0.0,0.06666666666666667,0.0,0.06666666666666667,0.18333333333333332,2.0,1.771267864193274,2.45,4.9,1.0,0.0,0.06666666666666667,0.0,0.06666666666666667,0.16333333333333336,0.0,0.0,0.0,0.0,0.0,2.0,0.0,0.06666666666666667,0.0,0.0,0.0,0.0,0.0,0.0,0.0,2.0,0.0,0.06666666666666667,0.0,0.0,3.0,1.470140170781261,20.8,62.4,1.0,0.0,0.06666666666666667,0.0,0.0,-0.19333333333333325,0.0,0.0,0.0,0.0,0.0,2.0,0.0,0.06666666666666667,0.0,0.0,0.0,0.0,0.0,0.0,0.0,2.0,0.0,0.06666666666666667,0.0,0.0,3.0,1.9118264522163295,20.099999999999998,60.3,1.0,0.0,0.06666666666666667,0.0,0.0,-0.17000000000000004,1.0,0.0,7.0,13.171428571428573,21.0,12.819047619047618,1.0,0.0,3.0,10.583333333333334,3.0,9.85,1.0,0.0,1.0,0.0,4.0,25.0,1.0,0.0,1.0,0.0,4.0,24.2
north_heavy_seed1,north_heavy,1,449.25,464.25,54.0,4.385318042904966,4.222222222222222,16.0,12.75,1.0,12.692413851743202,0.0,0.0,0.0,2.0,0.06666666666666667,0.26666666666666666,0.0,0.0,6.0,0.46943137284959974,4.433333333333334,15.85,3.0,0.0,0.06666666666666667,0.0,0.13333333333333333,0.28422222222222226,20.0,0.7132488875123109,3.215,16.35,9.0,0.0,0.06666666666666667,0.0,0.5333333333333333,0.20959649122807017,0.0,0.0,0.0,0.0,0.0,2.0,0.0,0.13333333333333333,0.0,0.0,2.0,0.6932603980425199,3.25,6.5,1.0,0.0,0.0,0.0,0.06666666666666667,0.21666666666666667,2.0,1.0606973807560363,2.95,5.9,1.0,0.0,0.0,0.0,0.06666666666666667,0.19666666666666668,0.0,0.0,0.0,0.0,0.0,2.0,0.0,0.13333333333333333,0.0,0.0,0.0,0.0,0.0,0.0,0.0,2.0,0.0,0.13333333333333333,0.0,0.0,3.0,0.8316103740320249,21.133333333333333,63.4,1.0,0.0,0.0,0.0,0.0,0.3333333333333333,0.0,0.0,0.0,0.0,0.0,2.0,0.0,0.13333333333333333,0.0,0.0,0.0,0.0,0.0,0.0,0.0,2.0,0.0,0.13333333333333333,0.0,0.0,3.0,1.1617610951351518,20.433333333333334,61.3,1.0,0.0,0.0,0.0,0.0,0.3333333333333334,1.0,0.0,7.0,13.885714285714286,21.0,13.757142857142856,1.0,0.0,3.0,11.25,3.0,10.516666666666666,1.0,0.0,1.0,0.0,4.0,25.75,1.0,0.0,1.0,0.0,4.0,24.95
north_heavy_seed1,north_heavy,1,450.25,465.25,53.0,4.195115811000874,4.624528301886793,18.0,11.75,1.0,12.636612344572658,0.0,0.0,0.0,2.0,0.06666666666666667,0.26666666666666666,0.0,0.0,6.0,0.7098627734716936,5.0,16.85,4.0,0.0,0.06666666666666667,0.0,0.2,0.30866666666666664,20.0,0.7025597736282253,3.7,17.35,10.0,0.0,0.06666666666666667,0.0,0.6,0.23842105263157895,0.0,0.0,0.0,0.0,0.0,2.0,0.0,0.13333333333333333,0.0,0.0,2.0,0.28988902794510035,3.75,7.5,1.0,0.0,0.0,0.0,0.06666666666666667,0.25,2.0,0.5801268820118267,3.45,6.9,1.0,0.0,0.0,0.0,0.06666666666666667,0.23,0.0,0.0,0.0,0.0,0.0,2.0,0.0,0.13333333333333333,0.0,0.0,0.0,0.0,0.0,0.0,0.0,2.0,0.0,0.13333333333333333,0.0,0.0,3.0,0.4233349301677305,21.46666666666667,64.4,1.0,0.0,0.0,0.0,0.0,0.3333333333333336,0.0,0.0,0.0,0.0,0.0,2.0,0.0,0.13333333333333333,0.0,0.0,0.0,0.0,0.0,0.0,0.0,2.0,0.0,0.13333333333333333,0.0,0.0,3.0,0.631121901508438,20.766666666666666,62.3,1.0,0.0,0.0,0.0,0.0,0.3333333333333333,2.0,0.0,8.0,12.775,22.0,14.070454545454545,1.0,0.0,3.0,11.916666666666666,3.0,11.183333333333332,1.0,0.0,1.0,0.0,4.0,6.65,1.0,0.0,1.0,0.0,4.0,6.375
north_heavy_seed1,north_heavy,1,451.25,466.25,53.0,4.197293529189546,4.985849056603773,20.0,10.75,1.0,12.649205638546135,0.0,0.0,0.0,2.0,0.06666666666666667,0.26666666666666666,0.0,0.0,6.0,0.9815001516617426,5.666666666666667,17.85,4.0,0.0,0.06666666666666667,0.0,0.2,0.3397777777777778,20.0,0.6995332828488939,4.2325,18.35,11.0,0.0,0.06666666666666667,0.0,0.6666666666666666,0.2704122807017544,0.0,0.0,0.0,0.0,0.0,2.0,0.0,0.13333333333333333,0.0,0.0,2.0,0.1136233360875962,4.25,8.5,1.0,0.0,0.0,0.0,0.06666666666666667,0.2833333333333333,2.0,0.2937607653829398,3.95,7.9,1.0,0.0,0.0,0.0,0.06666666666666667,0.26333333333333336,0.0,0.0,0.0,0.0,0.0,2.0,0.0,0.13333333333333333,0.0,0.0,0.0,0.0,0.0,0.0,0.0,2.0,0.0,0.13333333333333333,0.0,0.0,3.0,0.19846360829229379,21.96666666666667,65.4,2.0,0.0,0.0,0.0,0.06666666666666667,0.3444444444444445,0.0,0.0,0.0,0.0,0.0,2.0,0.0,0.13333333333333333,0.0,0.0,0.0,0.0,0.0,0.0,0.0,2.0,0.0,0.13333333333333333,0.0,0.0,3.0,0.3021793298177229,21.099999999999998,63.3,1.0,0.0,0.0,0.0,0.0,0.3333333333333333,2.0,0.0,8.0,13.4,22.0,15.025,1.0,0.0,3.0,12.583333333333334,3.0,11.85,1.0,0.35,1.0,0.0,3.0,0.0,1.0,0.0,1.0,0.0,3.0,0.0
north_heavy_seed1,north_heavy,1,452.25,467.25,53.0,4.206008247262382,5.390566037735849,23.0,9.75,1.0,12.66506361134454,0.0,0.0,0.0,2.0,0.06666666666666667,0.26666666666666666,0.0,0.0,6.0,1.2966428661841116,6.333333333333333,18.85,4.0,0.0,0.06666666666666667,0.0,0.2,0.3708888888888888,20.0,0.7166174069573108,4.795,19.35,12.0,0.0,0.06666666666666667,0.0,0.7333333333333333,0.30440350877192984,0.0,0.0,0.0,0.0,0.0,2.0,0.0,0.13333333333333333,0.0,0.0,2.0,0.04079326503323662,4.875,9.5,2.0,0.0,0.0,0.0,0.13333333333333333,0.325,2.0,0.1408331308014879,4.45,8.9,1.0,0.0,0.0,0.0,0.06666666666666667,0.2966666666666667,0.0,0.0,0.0,0.0,0.0,2.0,0.0,0.13333333333333333,0.0,0.0,0.0,0.0,0.0,0.0,0.0,2.0,0.0,0.13333333333333333,0.0,0.0,3.0,0.08331082321340075,22.633333333333336,66.4,2.0,0.0,0.0,0.0,0.06666666666666667,0.3666666666666669,0.0,0.0,0.0,0.0,0.0,2.0,0.0,0.13333333333333333,0.0,0.0,0.0,0.0,0.0,0.0,0.0,2.0,0.0,0.13333333333333333,0.0,0.0,3.0,0.13415030020052401,21.75,64.3,2.0,0.0,0.0,0.0,0.06666666666666667,0.35444444444444445,2.0,0.0,8.0,14.025,22.0,15.979545454545455,1.0,0.0,3.0,13.25,3.0,12.516666666666666,1.0,1.35,1.0,0.0,3.0,0.0,1.0,0.0,1.0,0.45,3.0,0.0
north_heavy_seed1,north_heavy,1,453.25,468.25,52.0,4.072443631293269,5.946153846153846,26.0,8.75,1.0,12.66782470324646,0.0,0.0,0.0,2.0,0.06666666666666667,0.26666666666666666,0.0,0.0,6.0,1.599486133690869,7.033333333333334,19.85,5.0,0.0,0.06666666666666667,0.0,0.26666666666666666,0.4042222222222223,20.0,0.7346791845607695,5.405,20.35,13.0,0.0,0.06666666666666667,0.0,0.7333333333333333,0.3406842105263158,0.0,0.0,0.0,0.0,0.0,2.0,0.0,0.13333333333333333,0.0,0.0,2.0,0.014848664378486072,5.875,10.5,2.0,0.0,0.0,0.0,0.13333333333333333,0.39166666666666666,2.0,0.06585484716064771,4.95,9.9,1.0,0.0,0.0,0.0,0.06666666666666667,0.33,0.0,0.0,0.0,0.0,0.0,2.0,0.0,0.13333333333333333,0.0,0.0,0.0,0.0,0.0,0.0,0.0,2.0,0.0,0.13333333333333333,0.0,0.0,3.0,0.034556343122221056,23.333333333333332,67.4,3.0,0.0,0.0,0.0,0.13333333333333333,0.39111111111111113,0.0,0.0,0.0,0.0,0.0,2.0,0.0,0.13333333333333333,0.0,0.0,0.0,0.0,0.0,0.0,0.0,2.0,0.0,0.13333333333333333,0.0,0.0,3.0,0.05621810795785057,22.416666666666668,65.3,2.0,0.0,0.0,0.0,0.06666666666666667,0.3766666666666668,2.0,0.025,8.0,14.74375,22.0,16.93409090909091,1.0,0.0,3.0,13.916666666666666,3.0,13.183333333333332,1.0,2.35,1.0,0.0,3.0,0.0,1.0,0.0,1.0,1.45,3.0,0.0
north_heavy_seed1,north_heavy,1,454.25,469.25,62.0,4.414254094752004,5.425806451612904,28.0,7.75,2.0,12.951449608794984,0.0,0.0,0.0,2.0,0.13333333333333333,0.2,0.0,0.0,7.0,2.0163298184172316,6.742857142857143,20.85,5.0,0.0,0.13333333333333333,0.0,0.26666666666666666,0.37152380952380953,21.0,0.6867685257693743,5.7666666666666675,21.35,13.0,0.0,0.13333333333333333,0.0,0.7333333333333333,0.3577777777777778,1.0,13.356003771940319,0.0,0.0,0.0,2.0,0.06666666666666667,0.13333333333333333,0.0,0.0,3.0,0.34521518791721356,4.583333333333333,11.5,2.0,0.0,0.06666666666666667,0.0,0.13333333333333333,0.3055555555555555,3.0,0.3576483254902741,3.85,10.9,2.0,0.0,0.06666666666666667,0.0,0.13333333333333333,0.25666666666666665,1.0,14.782315004726414,0.0,0.0,0.0,2.0,0.06666666666666667,0.13333333333333333,0.0,0.0,1.0,11.519884739182787,0.0,0.0,0.0,2.0,0.06666666666666667,0.13333333333333333,0.0,0.0,4.0,0.2685923193861825,18.25,68.4,3.0,0.0,0.06666666666666667,0.0,0.13333333333333333,0.029999999999999954,1.0,12.474142775027783,0.0,0.0,0.0,2.0,0.06666666666666667,0.13333333333333333,0.0,0.0,1.0,14.638893969724888,0.0,0.0,0.0,2.0,0.06666666666666667,0.13333333333333333,0.0,0.0,4.0,0.22598136016225706,17.45,66.3,3.0,0.0,0.06666666666666667,0.0,0.13333333333333333,0.023333333333333428,2.0,0.525,8.0,15.5375,22.0,17.888636363636365,1.0,0.85,3.0,14.583333333333334,3.0,13.85,1.0,3.35,1.0,0.0,2.0,0.0,1.0,0.0,1.0,2.45,2.0,0.0
north_heavy_seed1,north_heavy,1,455.25,470.25,62.0,4.695697607356164,5.890322580645161,29.0,6.75,2.0,13.27545366201008,0.0,0.0,0.0,2.0,0.13333333333333333,0.2,0.0,0.0,7.0,2.629519939254454,7.457142857142857,21.85,5.0,0.0,0.13333333333333333,0.0,0.26666666666666666,0.4058095238095238,21.0,0.6634463461212767,6.423809523809524,22.35,14.0,0.0,0.13333333333333333,0.0,0.7333333333333333,0.39281537176274023,1.0,13.30317055560679,0.0,0.0,0.0,2.0,0.06666666666666667,0.13333333333333333,0.0,0.0,3.0,1.2183690842926276,5.25,12.5,2.0,0.0,0.06666666666666667,0.0,0.13333333333333333,0.35,3.0,1.3050834036031824,4.516666666666667,11.9,2.0,0.0,0.06666666666666667,0.0,0.13333333333333333,0.3011111111111111,1.0,16.658687704268747,0.0,0.0,0.0,2.0,0.06666666666666667,0.13333333333333333,0.0,0.0,1.0,11.523652307976633,0.0,0.0,0.0,2.0,0.06666666666666667,0.13333333333333333,0.0,0.0,4.0,0.9671058264970973,19.0,69.4,3.0,0.0,0.06666666666666667,0.0,0.13333333333333333,0.05777777777777781,1.0,12.420972495444355,0.0,0.0,0.0,2.0,0.06666666666666667,0.13333333333333333,0.0,0.0,1.0,15.5115598035604,0.0,0.0,0.0,2.0,0.06666666666666667,0.13333333333333333,0.0,0.0,4.0,0.8293096059981567,18.2,67.3,3.0,0.0,0.06666666666666667,0.0,0.13333333333333333,0.051111111111111045,2.0,1.025,8.0,16.4125,22.0,18.84318181818182,1.0,1.85,3.0,15.25,3.0,14.516666666666666,1.0,4.35,1.0,0.0,2.0,0.0,1.0,1.0,1.0,3.45,2.0,0.0
north_heavy_seed1,north_heavy,1,456.25,471.25,62.0,4.877462480621766,6.365322580645162,30.0,5.75,2.0,13.258281582321558,0.0,0.0,0.0,2.0,0.13333333333333333,0.2,0.0,0.0,7.0,3.0016736064699967,8.171428571428573,22.85,5.0,0.0,0.13333333333333333,0.0,0.2,0.43676190476190485,21.0,0.6551584324192701,7.1119047619047615,23.35,15.0,0.0,0.13333333333333333,0.0,0.7333333333333333,0.427109440267335,1.0,13.377204072487382,0.0,0.0,0.0,2.0,0.06666666666666667,0.13333333333333333,0.0,0.0,3.0,1.987346099626533,5.916666666666667,13.5,2.0,0.0,0.06666666666666667,0.0,0.13333333333333333,0.3944444444444445,3.0,2.048659156582938,5.183333333333334,12.9,2.0,0.0,0.06666666666666667,0.0,0.13333333333333333,0.34555555555555556,1.0,16.614994978590772,0.0,0.0,0.0,2.0,0.06666666666666667,0.13333333333333333,0.0,0.0,1.0,11.601503832099159,0.0,0.0,0.0,2.0,0.06666666666666667,0.13333333333333333,0.0,0.0,4.0,1.616852209261914,19.75,70.4,3.0,0.0,0.06666666666666667,0.0,0.13333333333333333,0.08555555555555566,1.0,12.479512604487597,0.0,0.0,0.0,2.0,0.06666666666666667,0.13333333333333333,0.0,0.0,1.0,15.47368062954864,0.0,0.0,0.0,2.0,0.06666666666666667,0.13333333333333333,0.0,0.0,4.0,1.372616516471168,18.95,68.3,3.0,0.0,0.06666666666666667,0.0,0.13333333333333333,0.07888888888888891,2.0,1.525,8.0,17.2875,22.0,19.797727272727272,1.0,2.85,3.0,15.916666666666666,3.0,15.183333333333332,1.0,5.35,1.0,1.0,1.0,0.0,1.0,2.0,1.0,4.45,1.0,0.0
north_heavy_seed1,north_heavy,1,457.25,472.25,62.0,5.063564399124553,6.851612903225806,31.0,4.75,2.0,13.268186365990836,0.0,0.0,0.0,2.0,0.13333333333333333,0.2,0.0,0.0,7.0,3.3272555402271125,8.885714285714286,23.85,5.0,0.0,0.13333333333333333,0.0,0.2,0.4577142857142858,21.0,0.6596273486692821,7.833333333333333,24.35,16.0,0.0,0.13333333333333333,0.0,0.8,0.46116959064327484,1.0,13.341503398102084,0.0,0.0,0.0,2.0,0.06666666666666667,0.06666666666666667,0.0,0.0,3.0,2.8249683636108913,6.583333333333333,14.5,2.0,0.0,0.06666666666666667,0.0,0.13333333333333333,0.4388888888888889,3.0,2.887616819333116,5.8500000000000005,13.9,2.0,0.0,0.06666666666666667,0.0,0.13333333333333333,0.39,1.0,16.656656297666043,0.0,0.0,0.0,2.0,0.06666666666666667,0.06666666666666667,0.0,0.0,1.0,11.577193604914836,0.0,0.0,0.0,2.0,0.06666666666666667,0.13333333333333333,0.0,0.0,4.0,2.2260003484950284,20.5,71.4,3.0,0.0,0.06666666666666667,0.0,0.13333333333333333,0.11333333333333329,1.0,12.417788845973325,0.0,0.0,0.0,2.0,0.06666666666666667,0.06666666666666667,0.0,0.0,1.0,15.505475279496773,0.0,0.0,0.0,2.0,0.06666666666666667,0.13333333333333333,0.0,0.0,4.0,1.950841154413772,19.7,69.3,3.0,0.0,0.06666666666666667,0.0,0.13333333333333333,0.10666666666666676,2.0,2.025,8.0,18.1625,22.0,20.75227272727273,1.0,3.85,3.0,16.583333333333332,3.0,16.016666666666666,1.0,6.35,1.0,2.0,1.0,0.0,1.0,3.0,1.0,5.45,1.0,0.0
north_heavy_seed1,north_heavy,1,458.25,473.25,62.0,5.257601094964245,7.351612903225806,31.0,3.75,2.0,13.262148888845982,0.0,0.0,0.0,2.0,0.13333333333333333,0.13333333333333333,0.0,0.0,7.0,3.6731906299848456,9.6,24.85,5.0,0.0,0.13333333333333333,0.0,0.2,0.47866666666666663,21.0,0.7061467196936799,8.595238095238095,25.35,16.0,0.0,0.13333333333333333,0.0,0.7333333333333333,0.49687552213868,1.0,13.313145903487763,0.0,0.0,0.0,2.0,0.06666666666666667,0.06666666666666667,0.0,0.0,3.0,3.6341524427600937,7.25,15.5,2.0,0.0,0.06666666666666667,0.0,0.06666666666666667,0.4666666666666667,3.0,3.7107886458815353,6.516666666666667,14.9,2.0,0.0,0.06666666666666667,0.0,0.13333333333333333,0.43444444444444447,1.0,16.752257597417476,0.0,0.0,0.0,2.0,0.06666666666666667,0.06666666666666667,0.0,0.0,1.0,11.516675720907413,0.0,0.0,0.0,2.0,0.06666666666666667,0.13333333333333333,0.0,0.0,4.0,2.7651404995240303,21.25,72.4,3.0,0.0,0.06666666666666667,0.0,0.13333333333333333,0.14111111111111113,1.0,12.427649010959783,0.0,0.0,0.0,2.0,0.06666666666666667,0.06666666666666667,0.0,0.0,1.0,15.47775887551487,0.0,0.0,0.0,2.0,0.06666666666666667,0.13333333333333333,0.0,0.0,4.0,2.483403672097439,20.45,70.3,3.0,0.0,0.06666666666666667,0.0,0.13333333333333333,0.1344444444444444,2.0,2.525,8.0,19.0375,22.0,21.706818181818182,1.0,4.85,3.0,17.583333333333332,3.0,17.016666666666666,1.0,7.35,1.0,3.0,0.0,0.0,1.0,4.0,1.0,6.45,0.0,0.0
north_heavy_seed1,north_heavy,1,459.25,474.25,62.0,5.346650653848561,7.861290322580646,32.0,2.75,2.0,13.277061282370292,0.0,0.0,0.0,2.0,0.13333333333333333,0.06666666666666667,0.0,0.0,7.0,4.03107588539468,10.314285714285715,25.85,5.0,0.0,0.13333333333333333,0.0,0.2,0.49961904761904763,21.0,0.5027369136516567,9.385714285714286,26.35,17.0,0.0,0.13333333333333333,0.0,0.7333333333333333,0.5313283208020051,1.0,13.351803635667617,0.0,0.0,0.0,2.0,0.06666666666666667,0.06666666666666667,0.0,0.0,3.0,4.532554627140617,7.916666666666667,16.5,2.0,0.0,0.06666666666666667,0.0,0.06666666666666667,0.4777777777777778,3.0,4.590071959834977,7.183333333333334,15.9,2.0,0.0,0.06666666666666667,0.0,0.06666666666666667,0.4488888888888889,1.0,16.600326082507983,0.0,0.0,0.0,2.0,0.06666666666666667,0.06666666666666667,0.0,0.0,1.0,11.551548561679564,0.0,0.0,0.0,2.0,0.06666666666666667,0.13333333333333333,0.0,0.0,4.0,2.782048970634711,22.0,73.4,3.0,0.0,0.06666666666666667,0.0,0.13333333333333333,0.168888888888889,1.0,12.439755165906162,0.0,0.0,0.0,2.0,0.06666666666666667,0.06666666666666667,0.0,0.0,1.0,15.553102464415156,0.0,0.0,0.0,2.0,0.06666666666666667,0.13333333333333333,0.0,0.0,4.0,3.048236742676999,21.2,71.3,3.0,0.0,0.06666666666666667,0.0,0.13333333333333333,0.16222222222222224,2.0,3.025,8.0,19.9125,22.0,22.661363636363635,1.0,5.85,3.0,18.583333333333332,3.0,18.016666666666666,1.0,8.35,1.0,4.0,0.0,0.0,1.0,5.0,1.0,7.45,0.0,0.0
north_heavy_seed1,north_heavy,1,460.25,475.25,60.0,5.214369248255729,8.656666666666666,32.0,1.75,2.0,13.279375172452472,0.0,0.0,0.0,2.0,0.13333333333333333,0.06666666666666667,0.0,0.0,7.0,4.247263593176469,11.028571428571428,26.85,5.0,0.0,0.13333333333333333,0.0,0.2,0.5205714285714286,21.0,0.2951261001613234,10.195238095238095,27.35,17.0,0.0,0.13333333333333333,0.0,0.7333333333333333,0.5642439431913115,1.0,13.395044023475217,0.0,0.0,0.0,2.0,0.06666666666666667,0.06666666666666667,0.0,0.0,3.0,5.052183488879886,8.583333333333334,17.5,2.0,0.0,0.06666666666666667,0.0,0.06666666666666667,0.48888888888888893,3.0,5.363986094595518,7.849999999999999,16.9,2.0,0.0,0.06666666666666667,0.0,0.06666666666666667,0.4599999999999999,1.0,16.670426065653817,0.0,0.0,0.0,2.0,0.06666666666666667,0.0,0.0,0.0,1.0,11.606119154710221,0.0,0.0,0.0,2.0,0.06666666666666667,0.13333333333333333,0.0,0.0,4.0,2.771989507279811,22.75,74.4,3.0,0.0,0.06666666666666667,0.0,0.13333333333333333,0.19666666666666663,1.0,12.444436934465546,0.0,0.0,0.0,2.0,0.06666666666666667,0.06666666666666667,0.0,0.0,1.0,15.495504857021174,0.0,0.0,0.0,2.0,0.06666666666666667,0.13333333333333333,0.0,0.0,4.0,3.4600062647649374,21.95,72.3,3.0,0.0,0.06666666666666667,0.0,0.13333333333333333,0.19000000000000009,2.0,3.525,8.0,20.7875,22.0,23.64090909090909,1.0,6.85,3.0,19.583333333333332,3.0,19.016666666666666,1.0,9.35,1.0,5.0,0.0,0.0,1.0,6.0,1.0,8.45,0.0,0.0
north_heavy_seed1,north_heavy,1,461.25,476.25,57.0,4.871198615916288,9.690350877192984,33.0,0.75,2.0,13.275734581511054,0.0,0.0,0.0,2.0,0.13333333333333333,0.06666666666666667,0.0,0.0,7.0,4.045888271082661,11.742857142857144,27.85,5.0,0.0,0.13333333333333333,0.0,0.2,0.5415238095238095,21.0,0.14890508924516777,11.05,28.35,18.0,0.0,0.13333333333333333,0.0,0.7333333333333333,0.5977192982456141,1.0,13.303624050270606,0.0,0.0,0.0,2.0,0.06666666666666667,0.0,0.0,0.0,3.0,5.0527256208878155,9.25,18.5,2.0,0.0,0.06666666666666667,0.0,0.06666666666666667,0.5,3.0,5.539465617368196,8.516666666666666,17.9,2.0,0.0,0.06666666666666667,0.0,0.06666666666666667,0.47111111111111104,1.0,16.63751274185455,0.0,0.0,0.0,2.0,0.06666666666666667,0.0,0.0,0.0,1.0,11.531762479985963,0.0,0.0,0.0,2.0,0.06666666666666667,0.06666666666666667,0.0,0.0,4.0,2.7850837595123368,23.5,75.4,3.0,0.0,0.06666666666666667,0.0,0.13333333333333333,0.22444444444444447,1.0,12.484807191890201,0.0,0.0,0.0,2.0,0.06666666666666667,0.06666666666666667,0.0,0.0,1.0,15.475470130818454,0.0,0.0,0.0,2.0,0.06666666666666667,0.06666666666666667,0.0,0.0,4.0,3.472170917838076,22.7,73.3,3.0,0.0,0.06666666666666667,0.0,0.13333333333333333,0.2177777777777777,2.0,4.025,8.0,21.6625,22.0,24.64090909090909,1.0,7.85,3.0,20.583333333333332,3.0,20.016666666666666,1.0,10.35,1.0,6.0,0.0,0.0,1.0,7.0,1.0,9.45,0.0,0.0
north_heavy_seed1,north_heavy,1,462.25,477.25,55.0,4.417652117253609,10.645454545454545,34.0,2.75,2.0,12.524282206837185,0.0,0.0,0.0,1.0,0.13333333333333333,0.0,0.0,0.0,7.0,3.0991404532789786,12.457142857142857,28.85,5.0,0.0,0.13333333333333333,0.0,0.13333333333333333,0.5558095238095239,21.0,0.06115558803228375,11.914285714285715,29.35,19.0,0.0,0.13333333333333333,0.0,0.7333333333333333,0.6288471177944862,1.0,13.383118645043885,0.0,0.0,0.0,1.0,0.06666666666666667,0.0,0.0,0.0,3.0,5.060908583109176,9.916666666666666,19.5,2.0,0.0,0.06666666666666667,0.0,0.06666666666666667,0.5111111111111111,3.0,5.53052188280051,9.183333333333332,18.9,2.0,0.0,0.06666666666666667,0.0,0.06666666666666667,0.4822222222222221,1.0,16.61684098291772,0.0,0.0,0.0,1.0,0.06666666666666667,0.0,0.0,0.0,1.0,11.546623837551932,0.0,0.0,0.0,1.0,0.06666666666666667,0.06666666666666667,0.0,0.0,4.0,2.779784183088678,24.25,76.4,3.0,0.0,0.06666666666666667,0.0,0.13333333333333333,0.25222222222222235,1.0,12.48359498694749,0.0,0.0,0.0,1.0,0.06666666666666667,0.06666666666666667,0.0,0.0,1.0,15.530905449193693,0.0,0.0,0.0,1.0,0.06666666666666667,0.06666666666666667,0.0,0.0,4.0,3.4691381819952913,23.45,74.3,3.0,0.0,0.06666666666666667,0.0,0.13333333333333333,0.24555555555555558,2.0,4.525,8.0,22.5375,22.0,25.64090909090909,1.0,8.85,3.0,21.583333333333332,3.0,21.016666666666666,1.0,11.35,1.0,7.0,0.0,0.0,1.0,8.0,1.0,10.45,0.0,0.0
north_heavy_seed1,north_heavy,1,463.25,478.25,55.0,4.28205756297095,11.263636363636364,34.0,1.75,1.0,13.858249651456251,0.0,0.0,0.0,1.0,0.06666666666666667,0.0,0.0,0.0,7.0,2.2347105299555023,13.171428571428573,29.85,5.0,0.0,0.13333333333333333,0.0,0.13333333333333333,0.5634285714285715,21.0,0.02539038586274389,12.819047619047618,30.35,19.0,0.0,0.13333333333333333,0.0,0.6666666666666666,0.6605680868838762,1.0,13.398956398859461,0.0,0.0,0.0,1.0,0.06666666666666667,0.0,0.0,0.0,3.0,5.052825710851375,10.583333333333334,20.5,2.0,0.0,0.06666666666666667,0.0,0.06666666666666667,0.5222222222222223,3.0,5.549365708820296,9.85,19.9,2.0,0.0,0.06666666666666667,0.0,0.06666666666666667,0.4933333333333333,1.0,16.204928439294637,0.0,0.0,0.0,1.0,0.06666666666666667,0.0,0.0,0.0,1.0,11.571519472356783,0.0,0.0,0.0,1.0,0.06666666666666667,0.0,0.0,0.0,4.0,2.764047851525504,25.0,77.4,3.0,0.0,0.06666666666666667,0.0,0.13333333333333333,0.27999999999999997,1.0,12.511939987444554,0.0,0.0,0.0,1.0,0.06666666666666667,0.0,0.0,0.0,1.0,15.468236366452206,0.0,0.0,0.0,1.0,0.06666666666666667,0.0,0.0,0.0,4.0,3.4699819604428694,24.2,75.3,3.0,0.0,0.06666666666666667,0.0,0.13333333333333333,0.27333333333333343,2.0,5.025,8.0,23.4125,22.0,26.64090909090909,1.0,9.85,3.0,22.583333333333332,3.0,22.016666666666666,1.0,12.35,1.0,8.0,0.0,0.0,1.0,9.0,1.0,11.45,0.0,0.0
north_heavy_seed1,north_heavy,1,464.25,479.25,54.0,3.84004532299518,12.114814814814816,35.0,0.75,1.0,13.862144154120237,0.0,0.0,0.0,1.0,0.06666666666666667,0.06666666666666667,0.0,0.0,7.0,1.459554990146096,13.885714285714286,30.85,5.0,0.0,0.06666666666666667,0.0,0.13333333333333333,0.6301587301587301,21.0,0.012533763737004757,13.757142857142856,31.35,20.0,0.0,0.06666666666666667,0.0,0.7333333333333333,0.7028095238095238,1.0,13.3316457383198,0.0,0.0,0.0,1.0,0.06666666666666667,0.0,0.0,0.0,3.0,5.051956542167954,11.25,21.5,2.0,0.0,0.06666666666666667,0.0,0.06666666666666667,0.5333333333333333,3.0,5.5521938079291,10.516666666666666,20.9,2.0,0.0,0.06666666666666667,0.0,0.06666666666666667,0.5044444444444444,1.0,10.234552251884395,0.0,0.0,0.0,1.0,0.06666666666666667,0.0,0.0,0.0,1.0,11.597510510779582,0.0,0.0,0.0,1.0,0.06666666666666667,0.0,0.0,0.0,4.0,2.769380289582853,25.75,78.4,3.0,0.0,0.06666666666666667,0.0,0.13333333333333333,0.3077777777777778,1.0,12.428319726779362,0.0,0.0,0.0,1.0,0.06666666666666667,0.0,0.0,0.0,1.0,13.02926059887625,0.0,0.0,0.0,1.0,0.06666666666666667,0.0,0.0,0.0,4.0,3.4701656507559067,24.95,76.3,3.0,0.0,0.06666666666666667,0.0,0.13333333333333333,0.30111111111111105,2.0,5.525,8.0,24.2875,22.0,27.64090909090909,1.0,10.85,3.0,23.583333333333332,3.0,23.016666666666666,1.0,13.35,1.0,9.0,0.0,0.0,1.0,10.0,1.0,12.45,0.0,0.0
north_heavy_seed1,north_heavy,1,465.25,480.25,56.0,3.580130507783013,9.520535714285714,34.0,11.75,2.0,14.514624834285968,0.0,0.0,0.0,0.0,0.13333333333333333,0.06666666666666667,0.0,0.0,8.0,1.2022732821073594,12.775,31.85,5.0,0.0,0.13333333333333333,0.0,0.06666666666666667,0.5183333333333333,22.0,0.1193807710522739,14.070454545454545,32.35,21.0,0.0,0.13333333333333333,0.0,0.7333333333333333,0.6913636363636364,1.0,13.37227336593003,0.0,0.0,0.0,0.0,0.06666666666666667,0.0,0.0,0.0,3.0,5.051633774974525,11.916666666666666,22.5,2.0,0.0,0.06666666666666667,0.0,0.06666666666666667,0.5444444444444444,3.0,4.623312501474937,11.183333333333332,21.9,2.0,0.0,0.06666666666666667,0.0,0.06666666666666667,0.5155555555555554,1.0,4.234552251884392,0.0,0.0,0.0,0.0,0.06666666666666667,0.0,0.0,0.0,1.0,11.556579481244452,0.0,0.0,0.0,0.0,0.06666666666666667,0.0,0.0,0.0,4.0,2.977374392705321,6.65,14.5,2.0,2.0,0.06666666666666667,0.0,0.06666666666666667,-0.9877777777777779,1.0,12.416328210728013,0.0,0.0,0.0,0.0,0.06666666666666667,0.0,0.0,0.0,1.0,8.02926059887625,0.0,0.0,0.0,0.0,0.06666666666666667,0.0,0.0,0.0,4.0,3.6360688651238524,6.375,13.95,2.0,2.0,0.06666666666666667,0.0,0.06666666666666667,-0.9594444444444444,3.0,0.0,9.0,17.166666666666668,23.0,27.395652173913046,1.0,0.0,3.0,12.083333333333334,3.0,24.016666666666666,1.0,0.0,1.0,10.0,0.0,0.0,1.0,0.0,1.0,13.45,0.0,0.0
north_heavy_seed1,north_heavy,1,466.25,481.25,54.0,3.068172647213021,9.47037037037037,31.0,10.75,2.0,12.29425720228739,0.0,0.0,0.0,0.0,0.13333333333333333,0.06666666666666667,0.0,0.0,8.0,1.0648408200657729,13.4,32.85,5.0,0.0,0.13333333333333333,0.0,0.06666666666666667,0.5155555555555555,22.0,0.20811042611355782,15.025,33.35,21.0,0.0,0.13333333333333333,0.0,0.6666666666666666,0.7195,1.0,10.952039183735279,0.0,0.0,0.0,0.0,0.06666666666666667,0.0,0.0,0.0,3.0,3.995987257120555,12.583333333333334,23.5,2.0,0.0,0.06666666666666667,0.0,0.06666666666666667,0.5555555555555556,3.0,3.3473955029502207,11.85,22.9,2.0,0.0,0.06666666666666667,0.0,0.06666666666666667,0.5266666666666666,1.0,0.0,0.35,0.35,1.0,0.0,0.06666666666666667,0.0,0.06666666666666667,0.02333333333333333,1.0,11.549778454167434,0.0,0.0,0.0,0.0,0.06666666666666667,0.0,0.0,0.0,3.0,4.3927624678994395,0.0,0.0,0.0,2.0,0.06666666666666667,0.06666666666666667,-0.13333333333333333,-1.4644444444444447,1.0,12.470809038196228,0.0,0.0,0.0,0.0,0.06666666666666667,0.0,0.0,0.0,1.0,3.0292605988762507,0.0,0.0,0.0,0.0,0.06666666666666667,0.0,0.0,0.0,3.0,4.819513223802906,0.0,0.0,0.0,2.0,0.06666666666666667,0.06666666666666667,-0.06666666666666667,-1.4066666666666665,2.0,0.0,8.0,6.91875,23.0,28.35217391304348,0.0,0.0,2.0,0.0,3.0,25.016666666666666,0.0,0.0,1.0,11.0,0.0,0.0,0.0,0.0,1.0,14.45,0.0,0.0
north_heavy_seed1,north_heavy,1,467.25,482.25,54.0,2.9041941642146054,10.052777777777779,32.0,9.75,2.0,10.050459478414362,0.0,0.0,0.0,0.0,0.13333333333333333,0.06666666666666667,0.0,0.0,8.0,1.097244593981665,14.025,33.85,5.0,0.0,0.13333333333333333,0.0,0.06666666666666667,0.5127777777777778,22.0,0.315740078806391,15.979545454545455,34.35,21.0,0.0,0.13333333333333333,0.0,0.6,0.7456363636363637,1.0,5.955754413434391,0.0,0.0,0.0,0.0,0.06666666666666667,0.0,0.0,0.0,3.0,2.7960317215115182,13.25,24.5,2.0,0.0,0.06666666666666667,0.0,0.0,0.5583333333333333,3.0,2.198545854624062,12.516666666666666,23.9,2.0,0.0,0.06666666666666667,0.0,0.06666666666666667,0.5377777777777778,1.0,0.0,1.35,1.35,1.0,0.0,0.06666666666666667,0.0,0.06666666666666667,0.09000000000000001,1.0,11.605786894531818,0.0,0.0,0.0,0.0,0.06666666666666667,0.0,0.0,0.0,3.0,5.08297750461708,0.0,0.0,0.0,2.0,0.06666666666666667,0.06666666666666667,-0.13333333333333333,-1.5088888888888892,1.0,10.168603738040892,0.0,0.0,0.0,0.0,0.06666666666666667,0.0,0.0,0.0,1.0,0.0,0.45,0.45,1.0,0.0,0.06666666666666667,0.0,0.06666666666666667,0.030000000000000002,3.0,4.666580943970013,0.0,0.0,0.0,2.0,0.06666666666666667,0.06666666666666667,-0.13333333333333333,-1.45,2.0,0.0,8.0,1.9249999999999998,23.0,29.308695652173913,0.0,0.0,2.0,0.0,3.0,26.016666666666666,0.0,0.0,1.0,12.0,0.0,0.0,0.0,0.0,1.0,15.45,0.0,0.0
north_heavy_seed1,north_heavy,1,468.25,483.25,52.0,2.274020667823701,11.070192307692308,34.0,8.75,2.0,7.842598681724025,0.025,0.05,1.0,0.0,0.13333333333333333,0.06666666666666667,0.06666666666666667,0.0016666666666666668,8.0,1.2669441256210103,14.74375,34.85,6.0,0.0,0.13333333333333333,0.0,0.06666666666666667,0.5140277777777778,22.0,0.41108172712165714,16.93409090909091,35.35,21.0,0.0,0.13333333333333333,0.0,0.5333333333333333,0.7686060606060605,1.0,0.96014388787209,0.0,0.0,0.0,0.0,0.06666666666666667,0.0,0.0,0.0,3.0,1.7343998910285323,13.916666666666666,25.5,2.0,0.0,0.06666666666666667,0.0,0.0,0.5361111111111111,3.0,1.268090294634577,13.183333333333332,24.9,2.0,0.0,0.06666666666666667,0.0,0.06666666666666667,0.5488888888888888,1.0,0.0,2.35,2.35,1.0,0.0,0.06666666666666667,0.0,0.06666666666666667,0.15666666666666668,1.0,10.171980623265084,0.0,0.0,0.0,0.0,0.06666666666666667,0.0,0.0,0.0,3.0,5.833268053010213,0.0,0.0,0.0,2.0,0.06666666666666667,0.06666666666666667,-0.2,-1.5555555555555556,1.0,5.176111278027276,0.0,0.0,0.0,0.0,0.06666666666666667,0.0,0.0,0.0,1.0,0.0,1.45,1.45,1.0,0.0,0.06666666666666667,0.0,0.06666666666666667,0.09666666666666666,3.0,4.61748421777718,0.0,0.0,0.0,2.0,0.06666666666666667,0.06666666666666667,-0.13333333333333333,-1.4944444444444445,2.0,0.0,8.0,0.0,24.0,29.004166666666666,0.0,0.0,2.0,0.0,3.0,27.016666666666666,0.0,0.0,1.0,13.0,0.0,0.0,0.0,0.0,1.0,16.45,0.0,0.0
north_heavy_seed1,north_heavy,1,469.25,484.25,52.0,2.163211667840949,11.747115384615386,36.0,7.75,2.0,7.838001592500077,0.525,1.05,1.0,0.0,0.06666666666666667,0.06666666666666667,0.06666666666666667,0.035,8.0,1.5079310585471157,15.5375,35.85,7.0,0.0,0.06666666666666667,0.0,0.13333333333333333,0.5863095238095238,22.0,0.48219383888528894,17.888636363636365,36.35,21.0,0.0,0.06666666666666667,0.0,0.5333333333333333,0.8081313131313131,1.0,0.0,0.85,0.85,1.0,0.0,0.0,0.0,0.06666666666666667,0.056666666666666664,3.0,0.8894652048230384,14.583333333333334,26.5,2.0,0.0,0.0,0.0,0.0,0.6666666666666666,3.0,0.5925483057089698,13.85,25.9,2.0,0.0,0.0,0.0,0.0,0.6666666666666666,1.0,0.0,3.35,3.35,1.0,0.0,0.0,0.0,0.06666666666666667,0.22333333333333333,1.0,5.189174759305321,0.0,0.0,0.0,0.0,0.0,0.0,0.0,0.0,2.0,7.132982461889718,0.0,0.0,0.0,2.0,0.0,0.13333333333333333,-0.2,-1.2166666666666666,1.0,0.19712021951569147,0.0,0.0,0.0,0.0,0.0,0.0,0.0,0.0,1.0,0.0,2.45,2.45,1.0,0.0,0.0,0.0,0.06666666666666667,0.16333333333333336,2.0,5.0354884024680056,0.0,0.0,0.0,2.0,0.0,0.13333333333333333,-0.2,-1.1633333333333333,2.0,0.0,8.0,0.0,24.0,29.920833333333334,0.0,0.0,1.0,0.0,3.0,28.016666666666666,0.0,0.0,1.0,14.0,0.0,0.0,0.0,0.0,1.0,17.45,0.0,0.0
north_heavy_seed1,north_heavy,1,470.25,485.25,52.0,2.0991891779271916,12.458653846153847,37.0,6.75,2.0,7.82545819762157,1.025,2.05,1.0,0.0,0.06666666666666667,0.06666666666666667,0.06666666666666667,0.06833333333333333,8.0,1.7494169125679062,16.4125,36.85,7.0,0.0,0.06666666666666667,0.0,0.13333333333333333,0.5970238095238096,22.0,0.31590951073174134,18.84318181818182,37.35,21.0,0.0,0.06666666666666667,0.0,0.4666666666666667,0.827958152958153,1.0,0.0,1.85,1.85,1.0,0.0,0.0,0.0,0.06666666666666667,0.12333333333333334,3.0,0.3676136747605167,15.25,27.5,2.0,0.0,0.0,0.0,0.0,0.6666666666666666,3.0,0.21252346828254445,14.516666666666666,26.9,2.0,0.0,0.0,0.0,0.0,0.6666666666666666,1.0,0.0,4.35,4.35,1.0,0.0,0.0,0.0,0.06666666666666667,0.29,1.0,0.23343006987654982,0.0,0.0,0.0,0.0,0.0,0.0,0.0,0.0,2.0,6.912167518404106,0.0,0.0,0.0,2.0,0.0,0.13333333333333333,-0.2,-1.2666666666666666,1.0,0.0,1.0,1.0,1.0,0.0,0.0,0.0,0.06666666666666667,0.06666666666666667,1.0,0.0,3.45,3.45,1.0,0.0,0.0,0.0,0.06666666666666667,0.23,2.0,5.312029871394417,0.0,0.0,0.0,2.0,0.0,0.13333333333333333,-0.2,-1.2133333333333334,2.0,0.0,7.0,0.0,24.0,30.837500000000002,0.0,0.0,1.0,0.0,3.0,29.016666666666666,0.0,0.0,1.0,15.0,0.0,0.0,0.0,0.0,1.0,18.45,0.0,0.0
north_heavy_seed1,north_heavy,1,471.25,486.25,52.0,2.1669815236109544,13.189423076923077,38.0,5.75,2.0,7.820003401076362,1.525,3.05,1.0,0.0,0.06666666666666667,0.06666666666666667,0.06666666666666667,0.10166666666666666,8.0,1.826028009245217,17.2875,37.85,7.0,0.0,0.06666666666666667,0.0,0.13333333333333333,0.6077380952380953,22.0,0.17616958168609986,19.797727272727272,38.35,21.0,0.0,0.06666666666666667,0.0,0.4,0.8457215007215008,1.0,0.0,2.85,2.85,1.0,0.0,0.0,0.0,0.06666666666666667,0.19,3.0,0.12163506619694521,15.916666666666666,28.5,2.0,0.0,0.0,0.0,0.0,0.6666666666666666,3.0,0.06476574409593899,15.183333333333332,27.9,2.0,0.0,0.0,0.0,0.0,0.6666666666666665,1.0,0.0,5.35,5.35,1.0,0.0,0.0,0.0,0.06666666666666667,0.35666666666666663,1.0,0.0,1.0,1.0,1.0,0.0,0.0,0.0,0.06666666666666667,0.06666666666666667,1.0,8.098393261531667,0.0,0.0,0.0,2.0,0.0,0.2,-0.2,-1.3166666666666667,1.0,0.0,2.0,2.0,1.0,0.0,0.0,0.0,0.06666666666666667,0.13333333333333333,1.0,0.0,4.45,4.45,1.0,0.0,0.0,0.0,0.06666666666666667,0.2966666666666667,1.0,6.053653154178987,0.0,0.0,0.0,2.0,0.0,0.2,-0.2,-1.2633333333333332,2.0,0.0,7.0,0.0,24.0,31.754166666666666,0.0,0.0,0.0,0.0,3.0,30.016666666666666,0.0,0.0,1.0,16.0,0.0,0.0,0.0,0.0,1.0,19.45,0.0,0.0
north_heavy_seed1,north_heavy,1,472.25,487.25,52.0,2.250820838785486,13.929807692307692,39.0,4.75,2.0,7.796188835460634,2.025,4.05,1.0,0.0,0.06666666666666667,0.06666666666666667,0.06666666666666667,0.13499999999999998,8.0,1.8324125782410559,18.1625,38.85,7.0,0.0,0.06666666666666667,0.0,0.13333333333333333,0.618452380952381,22.0,0.07804218775581087,20.75227272727273,39.35,21.0,0.0,0.06666666666666667,0.0,0.3333333333333333,0.8612626262626264,1.0,0.0,3.85,3.85,1.0,0.0,0.0,0.0,0.06666666666666667,0.25666666666666665,3.0,0.03531979753484655,16.583333333333332,29.5,2.0,0.0,0.0,0.0,0.0,0.6666666666666666,3.0,0.017820826455146096,16.016666666666666,28.9,3.0,0.0,0.0,0.0,0.06666666666666667,0.6777777777777776,1.0,0.0,6.35,6.35,1.0,0.0,0.0,0.0,0.06666666666666667,0.4233333333333333,1.0,0.0,2.0,2.0,1.0,0.0,0.0,0.0,0.06666666666666667,0.13333333333333333,1.0,7.989255207548529,0.0,0.0,0.0,2.0,0.0,0.2,-0.2,-1.3666666666666667,1.0,0.0,3.0,3.0,1.0,0.0,0.0,0.0,0.06666666666666667,0.2,1.0,0.0,5.45,5.45,1.0,0.0,0.0,0.0,0.06666666666666667,0.36333333333333334,1.0,6.6157928701655555,0.0,0.0,0.0,2.0,0.0,0.2,-0.2,-1.3133333333333332,2.0,0.0,6.0,0.0,24.0,32.670833333333334,0.0,0.0,0.0,0.0,3.0,31.016666666666666,0.0,0.0,1.0,17.0,0.0,0.0,0.0,0.0,1.0,20.45,0.0,0.0
north_heavy_seed1,north_heavy,1,473.25,488.25,52.0,2.307369203328936,14.699038461538462,40.0,3.75,2.0,7.271340928424713,2.525,5.05,1.0,0.0,0.06666666666666667,0.06666666666666667,0.06666666666666667,0.16833333333333333,8.0,1.8313035556331234,19.0375,39.85,7.0,0.0,0.06666666666666667,0.0,0.13333333333333333,0.6291666666666668,22.0,0.0284628701489671,21.706818181818182,40.35,21.0,0.0,0.06666666666666667,0.0,0.3333333333333333,0.8741053391053392,1.0,0.0,4.85,4.85,1.0,0.0,0.0,0.0,0.06666666666666667,0.3233333333333333,3.0,0.00977285039401734,17.583333333333332,30.5,3.0,0.0,0.0,0.0,0.06666666666666667,0.6888888888888888,3.0,0.005044735784374719,17.016666666666666,29.9,3.0,0.0,0.0,0.0,0.06666666666666667,0.7,1.0,0.0,7.35,7.35,1.0,0.0,0.0,0.0,0.06666666666666667,0.49,1.0,0.0,3.0,3.0,1.0,0.0,0.0,0.0,0.06666666666666667,0.2,0.0,0.0,0.0,0.0,0.0,2.0,0.0,0.26666666666666666,-0.2,-1.4166666666666667,1.0,0.0,4.0,4.0,1.0,0.0,0.0,0.0,0.06666666666666667,0.26666666666666666,1.0,0.0,6.45,6.45,1.0,0.0,0.0,0.0,0.06666666666666667,0.43,0.0,0.0,0.0,0.0,0.0,2.0,0.0,0.26666666666666666,-0.2,-1.3633333333333333,2.0,0.0,6.0,0.0,24.0,33.5875,0.0,0.0,0.0,0.0,3.0,32.016666666666666,0.0,0.0,1.0,18.0,0.0,0.0,0.0,0.0,1.0,21.45,0.0,0.0
north_heavy_seed1,north_heavy,1,474.25,489.25,52.0,2.2785774371413146,15.46826923076923,40.0,2.75,2.0,5.1837832014526475,3.025,6.05,1.0,0.0,0.06666666666666667,0.06666666666666667,0.06666666666666667,0.20166666666666666,8.0,1.5727705544400954,19.9125,40.85,7.0,0.0,0.06666666666666667,0.0,0.13333333333333333,0.6398809523809524,22.0,0.00853427024669137,22.661363636363635,41.35,21.0,0.0,0.06666666666666667,0.0,0.26666666666666666,0.88504329004329,1.0,0.0,5.85,5.85,1.0,0.0,0.0,0.0,0.06666666666666667,0.38999999999999996,3.0,0.0027801588921403226,18.583333333333332,31.5,3.0,0.0,0.0,0.0,0.06666666666666667,0.7111111111111109,3.0,0.0014188274547007338,18.016666666666666,30.9,3.0,0.0,0.0,0.0,0.06666666666666667,0.7222222222222221,1.0,0.0,8.35,8.35,1.0,0.0,0.0,0.0,0.06666666666666667,0.5566666666666666,1.0,0.0,4.0,4.0,1.0,0.0,0.0,0.0,0.06666666666666667,0.26666666666666666,0.0,0.0,0.0,0.0,0.0,2.0,0.0,0.26666666666666666,-0.2,-1.4666666666666666,1.0,0.0,5.0,5.0,1.0,0.0,0.0,0.0,0.06666666666666667,0.3333333333333333,1.0,0.0,7.45,7.45,1.0,0.0,0.0,0.0,0.06666666666666667,0.4966666666666667,0.0,0.0,0.0,0.0,0.0,2.0,0.0,0.26666666666666666,-0.2,-1.4133333333333333,2.0,0.0,6.0,0.0,24.0,34.50416666666667,0.0,0.0,0.0,0.0,3.0,33.016666666666666,0.0,0.0,1.0,19.0,0.0,0.0,0.0,0.0,1.0,22.45,0.0,0.0
north_heavy_seed1,north_heavy,1,475.25,490.25,52.0,2.249403059945035,16.248076923076923,41.0,1.75,2.0,3.3675974426919506,3.525,7.05,1.0,0.0,0.06666666666666667,0.06666666666666667,0.06666666666666667,0.235,8.0,1.0843410439527774,20.7875,41.85,7.0,0.0,0.06666666666666667,0.0,0.13333333333333333,0.6505952380952382,22.0,0.002442795911686978,23.64090909090909,42.35,22.0,0.0,0.06666666666666667,0.0,0.3333333333333333,0.8963780663780664,1.0,0.0,6.85,6.85,1.0,0.0,0.0,0.0,0.06666666666666667,0.45666666666666667,3.0,0.0007766020416320266,19.583333333333332,32.5,3.0,0.0,0.0,0.0,0.06666666666666667,0.7333333333333332,3.0,0.00039377386095306474,19.016666666666666,31.9,3.0,0.0,0.0,0.0,0.06666666666666667,0.7444444444444446,1.0,0.0,9.35,9.35,1.0,0.0,0.0,0.0,0.06666666666666667,0.6233333333333333,1.0,0.0,5.0,5.0,1.0,0.0,0.0,0.0,0.06666666666666667,0.3333333333333333,0.0,0.0,0.0,0.0,0.0,2.0,0.0,0.26666666666666666,-0.2,-1.5166666666666666,1.0,0.0,6.0,6.0,1.0,0.0,0.0,0.0,0.06666666666666667,0.4,1.0,0.0,8.45,8.45,1.0,0.0,0.0,0.0,0.06666666666666667,0.5633333333333332,0.0,0.0,0.0,0.0,0.0,2.0,0.0,0.26666666666666666,-0.2,-1.4633333333333334,2.0,0.0,5.0,0.0,24.0,35.420833333333334,0.0,0.0,0.0,0.0,3.0,34.016666666666666,0.0,0.0,1.0,20.0,0.0,0.0,0.0,0.0,1.0,23.45,0.0,0.0
north_heavy_seed1,north_heavy,1,476.25,491.25,52.0,2.1735289226232117,17.036538461538463,41.0,0.75,2.0,1.872052730778848,4.025,8.05,1.0,0.0,0.06666666666666667,0.06666666666666667,0.06666666666666667,0.26833333333333337,8.0,0.6598546409169468,21.6625,42.85,7.0,0.0,0.06666666666666667,0.0,0.13333333333333333,0.6613095238095238,22.0,0.0006981315187736165,24.64090909090909,43.35,22.0,0.0,0.06666666666666667,0.0,0.26666666666666666,0.906060606060606,1.0,0.0,7.85,7.85,1.0,0.0,0.0,0.0,0.06666666666666667,0.5233333333333333,3.0,0.00021840361552593907,20.583333333333332,33.5,3.0,0.0,0.0,0.0,0.06666666666666667,0.7555555555555554,3.0,0.00011298233082419072,20.016666666666666,32.9,3.0,0.0,0.0,0.0,0.06666666666666667,0.7666666666666667,1.0,0.0,10.35,10.35,1.0,0.0,0.0,0.0,0.06666666666666667,0.69,1.0,0.0,6.0,6.0,1.0,0.0,0.0,0.0,0.06666666666666667,0.4,0.0,0.0,0.0,0.0,0.0,2.0,0.0,0.26666666666666666,-0.2,-1.5666666666666667,1.0,0.0,7.0,7.0,1.0,0.0,0.0,0.0,0.06666666666666667,0.4666666666666667,1.0,0.0,9.45,9.45,1.0,0.0,0.0,0.0,0.06666666666666667,0.63,0.0,0.0,0.0,0.0,0.0,2.0,0.0,0.26666666666666666,-0.2,-1.5133333333333332,2.0,0.0,5.0,0.0,24.0,36.364583333333336,0.0,0.0,0.0,0.0,3.0,35.016666666666666,0.0,0.0,1.0,21.0,0.0,0.0,0.0,0.0,1.0,24.45,0.0,0.0
north_heavy_seed1,north_heavy,1,477.25,492.25,52.0,2.0990558072115597,17.825,41.0,2.75,2.0,0.8416849073172603,4.525,9.05,1.0,0.0,0.06666666666666667,0.06666666666666667,0.06666666666666667,0.3016666666666667,8.0,0.3313564111171596,22.5375,43.85,7.0,0.0,0.06666666666666667,0.0,0.13333333333333333,0.6720238095238096,22.0,0.00019908022242335146,25.64090909090909,44.35,22.0,0.0,0.06666666666666667,0.0,0.2,0.9151082251082251,1.0,0.0,8.85,8.85,1.0,0.0,0.0,0.0,0.06666666666666667,0.59,3.0,6.125448740628372e-05,21.583333333333332,34.5,3.0,0.0,0.0,0.0,0.06666666666666667,0.7777777777777778,3.0,3.101953307441244e-05,21.016666666666666,33.9,3.0,0.0,0.0,0.0,0.06666666666666667,0.788888888888889,1.0,0.0,11.35,11.35,1.0,0.0,0.0,0.0,0.06666666666666667,0.7566666666666666,1.0,0.0,7.0,7.0,1.0,0.0,0.0,0.0,0.06666666666666667,0.4666666666666667,0.0,0.0,0.0,0.0,0.0,1.0,0.0,0.26666666666666666,-0.2,-1.6166666666666667,1.0,0.0,8.0,8.0,1.0,0.0,0.0,0.0,0.06666666666666667,0.5333333333333333,1.0,0.0,10.45,10.45,1.0,0.0,0.0,0.0,0.06666666666666667,0.6966666666666667,0.0,0.0,0.0,0.0,0.0,1.0,0.0,0.26666666666666666,-0.2,-1.5633333333333332,2.0,0.0,4.0,0.0,24.0,37.34791666666667,0.0,0.0,0.0,0.0,3.0,36.016666666666666,0.0,0.0,1.0,22.0,0.0,0.0,0.0,0.0,1.0,25.45,0.0,0.0
north_heavy_seed1,north_heavy,1,478.25,493.25,52.0,2.05606059867069,18.61346153846154,41.0,1.75,2.0,0.2935615930348207,5.025,10.05,1.0,0.0,0.06666666666666667,0.0,0.06666666666666667,0.335,8.0,0.13335698677440372,23.4125,44.85,7.0,0.0,0.06666666666666667,0.0,0.13333333333333333,0.6827380952380953,22.0,5.962496381097654e-05,26.64090909090909,45.35,22.0,0.0,0.06666666666666667,0.0,0.2,0.9214574314574315,1.0,0.0,9.85,9.85,1.0,0.0,0.0,0.0,0.06666666666666667,0.6566666666666666,3.0,1.7137708898142192e-05,22.583333333333332,35.5,3.0,0.0,0.0,0.0,0.06666666666666667,0.7999999999999999,3.0,8.859728941770727e-06,22.016666666666666,34.9,3.0,0.0,0.0,0.0,0.06666666666666667,0.8111111111111111,1.0,0.0,12.35,12.35,1.0,0.0,0.0,0.0,0.06666666666666667,0.8233333333333334,1.0,0.0,8.0,8.0,1.0,0.0,0.0,0.0,0.06666666666666667,0.5333333333333333,0.0,0.0,0.0,0.0,0.0,1.0,0.0,0.26666666666666666,-0.2,-1.6666666666666667,1.0,0.0,9.0,9.0,1.0,0.0,0.0,0.0,0.06666666666666667,0.6,1.0,0.0,11.45,11.45,1.0,0.0,0.0,0.0,0.06666666666666667,0.7633333333333333,0.0,0.0,0.0,0.0,0.0,1.0,0.0,0.26666666666666666,-0.2,-1.6133333333333333,2.0,0.0,3.0,0.0,24.0,38.34791666666667,0.0,0.0,0.0,0.0,3.0,37.016666666666666,0.0,0.0,1.0,23.0,0.0,0.0,0.0,0.0,1.0,26.45,0.0,0.0
north_heavy_seed1,north_heavy,1,479.25,494.25,52.0,2.0427470007352113,19.401923076923076,41.0,0.75,2.0,0.08819606553427503,5.525,11.05,1.0,0.0,0.06666666666666667,0.0,0.06666666666666667,0.36833333333333335,8.0,0.043221734849352614,24.2875,45.85,7.0,0.0,0.06666666666666667,0.0,0.13333333333333333,0.693452380952381,22.0,1.8433108775780976e-05,27.64090909090909,46.35,22.0,0.0,0.06666666666666667,0.0,0.13333333333333333,0.9255844155844156,1.0,0.0,10.85,10.85,1.0,0.0,0.0,0.0,0.06666666666666667,0.7233333333333333,3.0,4.878203077454611e-06,23.583333333333332,36.5,3.0,0.0,0.0,0.0,0.06666666666666667,0.8222222222222222,3.0,2.4151014040748294e-06,23.016666666666666,35.9,3.0,0.0,0.0,0.0,0.06666666666666667,0.8333333333333334,1.0,0.0,13.35,13.35,1.0,0.0,0.0,0.0,0.06666666666666667,0.89,1.0,0.0,9.0,9.0,1.0,0.0,0.0,0.0,0.06666666666666667,0.6,0.0,0.0,0.0,0.0,0.0,1.0,0.0,0.26666666666666666,-0.2,-1.7166666666666666,1.0,0.0,10.0,10.0,1.0,0.0,0.0,0.0,0.06666666666666667,0.6666666666666666,1.0,0.0,12.45,12.45,1.0,0.0,0.0,0.0,0.06666666666666667,0.83,0.0,0.0,0.0,0.0,0.0,1.0,0.0,0.26666666666666666,-0.2,-1.6633333333333333,2.0,0.0,2.0,0.0,24.0,39.34791666666667,0.0,0.0,0.0,0.0,3.0,38.016666666666666,0.0,0.0,1.0,24.0,0.0,0.0,0.0,0.0,1.0,27.45,0.0,0.0
north_heavy_seed1,north_heavy,1,480.25,495.25,54.0,1.8859662210434498,16.969444444444445,36.0,29.75,3.0,0.6962951143381385,0.0,0.0,0.0,2.0,0.06666666666666667,0.0,0.0,0.0,9.0,0.22849512021991814,17.166666666666668,39.25,7.0,2.0,0.06666666666666667,0.0,0.13333333333333333,0.29277777777777786,23.0,0.05263806099847614,27.395652173913046,47.35,22.0,0.0,0.06666666666666667,0.0,0.06666666666666667,0.8883465085639001,1.0,0.825974651962039,0.0,0.0,0.0,2.0,0.0,0.0,0.0,0.0,3.0,0.16174693937466394,12.083333333333334,28.25,2.0,2.0,0.0,0.0,0.0,0.01111111111111119,3.0,0.0,24.016666666666666,36.9,3.0,0.0,0.0,0.0,0.06666666666666667,0.8555555555555556,1.0,1.0069519049053808,0.0,0.0,0.0,2.0,0.0,0.0,0.0,0.0,1.0,0.0,10.0,10.0,1.0,0.0,0.0,0.0,0.06666666666666667,0.6666666666666666,0.0,0.0,0.0,0.0,0.0,0.0,0.0,0.26666666666666666,-0.13333333333333333,-0.44333333333333336,1.0,0.8355089383780872,0.0,0.0,0.0,2.0,0.0,0.0,0.0,0.0,1.0,0.0,13.45,13.45,1.0,0.0,0.0,0.0,0.06666666666666667,0.8966666666666666,0.0,0.0,0.0,0.0,0.0,0.0,0.0,0.26666666666666666,-0.13333333333333333,-0.425,3.0,0.0,3.0,0.0,25.0,38.734,1.0,0.0,1.0,0.0,4.0,29.2625,1.0,0.0,2.0,12.5,1.0,0.0,1.0,0.0,2.0,14.225,1.0,0.0
north_heavy_seed1,north_heavy,1,481.25,496.25,54.0,2.3788476575128845,14.962037037037035,31.0,28.75,2.0,2.5387987769281626,0.0,0.0,0.0,2.0,0.06666666666666667,0.06666666666666667,0.0,0.0,8.0,0.7408288566908603,6.91875,28.2,4.0,2.0,0.06666666666666667,0.06666666666666667,-0.06666666666666667,-0.4320833333333333,23.0,0.14764206464096874,28.35217391304348,48.35,22.0,0.0,0.06666666666666667,0.0,0.06666666666666667,0.8884782608695653,0.0,0.0,0.0,0.0,0.0,2.0,0.0,0.06666666666666667,0.0,0.0,2.0,0.7025970425542023,0.0,0.0,0.0,2.0,0.0,0.06666666666666667,-0.13333333333333333,-0.8388888888888889,3.0,0.0,25.016666666666666,37.9,3.0,0.0,0.0,0.0,0.06666666666666667,0.8777777777777778,0.0,0.0,0.0,0.0,0.0,2.0,0.0,0.06666666666666667,-0.06666666666666667,-0.02333333333333333,1.0,0.0,11.0,11.0,1.0,0.0,0.0,0.0,0.06666666666666667,0.7333333333333333,0.0,0.0,0.0,0.0,0.0,0.0,0.0,0.2,0.0,0.0,0.0,0.0,0.0,0.0,0.0,2.0,0.0,0.06666666666666667,0.0,0.0,1.0,0.0,14.45,14.45,1.0,0.0,0.0,0.0,0.06666666666666667,0.9633333333333333,0.0,0.0,0.0,0.0,0.0,0.0,0.0,0.2,0.0,0.0,2.0,0.0,2.0,0.0,25.0,39.694,1.0,0.0,1.0,0.0,4.0,30.0125,1.0,0.0,2.0,13.0,1.0,0.0,1.0,0.0,2.0,14.725,1.0,0.0
north_heavy_seed1,north_heavy,1,482.25,497.25,54.0,2.887529121355174,14.722222222222221,29.0,27.75,2.0,4.659632624753481,0.0,0.0,0.0,2.0,0.06666666666666667,0.06666666666666667,0.0,0.0,8.0,1.5480444601775998,1.9249999999999998,13.35,2.0,2.0,0.06666666666666667,0.06666666666666667,-0.2,-0.8066666666666668,23.0,0.23037450082187377,29.308695652173913,49.35,22.0,0.0,0.06666666666666667,0.0,0.06666666666666667,0.8886100131752305,0.0,0.0,0.0,0.0,0.0,2.0,0.0,0.06666666666666667,0.0,0.0,2.0,1.6277715585769938,0.0,0.0,0.0,2.0,0.0,0.06666666666666667,-0.13333333333333333,-0.8833333333333333,3.0,0.0,26.016666666666666,38.9,3.0,0.0,0.0,0.0,0.06666666666666667,0.9,0.0,0.0,0.0,0.0,0.0,2.0,0.0,0.06666666666666667,-0.06666666666666667,-0.09000000000000001,1.0,0.0,12.0,12.0,1.0,0.0,0.0,0.0,0.06666666666666667,0.8,0.0,0.0,0.0,0.0,0.0,0.0,0.0,0.2,0.0,0.0,0.0,0.0,0.0,0.0,0.0,2.0,0.0,0.06666666666666667,0.0,0.0,1.0,0.0,15.45,15.45,1.0,0.0,0.0,0.0,0.0,1.0,0.0,0.0,0.0,0.0,0.0,0.0,0.0,0.2,0.0,0.0,2.0,0.0,2.0,0.0,25.0,40.654,1.0,0.0,1.0,0.0,4.0,30.7625,1.0,0.0,2.0,13.5,1.0,0.0,1.0,0.0,2.0,15.225,1.0,0.0
north_heavy_seed1,north_heavy,1,483.25,498.25,56.0,3.253333151915886,14.403571428571428,27.0,26.75,2.0,6.985701411541448,0.0,0.0,0.0,2.0,0.13333333333333333,0.13333333333333333,-0.06666666666666667,-0.0016666666666666668,8.0,2.259317775263998,0.0,0.0,0.0,2.0,0.13333333333333333,0.13333333333333333,-0.4,-0.9829166666666667,24.0,0.43284050553685344,29.004166666666666,50.35,22.0,0.0,0.13333333333333333,0.0,0.06666666666666667,0.8046717171717171,0.0,0.0,0.0,0.0,0.0,2.0,0.0,0.06666666666666667,0.0,0.0,2.0,2.6742164402630597,0.0,0.0,0.0,2.0,0.0,0.06666666666666667,-0.13333333333333333,-0.9277777777777777,3.0,0.0,27.016666666666666,39.9,3.0,0.0,0.0,0.0,0.06666666666666667,0.9222222222222223,0.0,0.0,0.0,0.0,0.0,2.0,0.0,0.06666666666666667,-0.06666666666666667,-0.15666666666666668,1.0,0.0,13.0,13.0,1.0,0.0,0.0,0.0,0.06666666666666667,0.8666666666666667,0.0,0.0,0.0,0.0,0.0,0.0,0.0,0.2,0.0,0.0,0.0,0.0,0.0,0.0,0.0,2.0,0.0,0.06666666666666667,0.0,0.0,1.0,0.0,16.45,16.45,1.0,0.0,0.0,0.0,0.0,1.0,0.0,0.0,0.0,0.0,0.0,0.0,0.0,0.2,0.0,0.0,1.0,0.0,1.0,0.0,25.0,41.614,1.0,0.0,1.0,0.0,4.0,31.5125,1.0,0.0,2.0,14.0,1.0,0.0,1.0,0.0,2.0,15.725,1.0,0.0
north_heavy_seed1,north_heavy,1,484.25,499.25,56.0,3.864471496798731,14.885714285714286,27.0,25.75,2.0,8.886734823637635,0.0,0.0,0.0,2.0,0.13333333333333333,0.13333333333333333,-0.06666666666666667,-0.035,8.0,3.385043010525752,0.0,0.0,0.0,2.0,0.13333333333333333,0.13333333333333333,-0.4666666666666667,-1.0358333333333334,24.0,0.6271936869235463,29.920833333333334,51.35,22.0,0.0,0.13333333333333333,0.0,0.06666666666666667,0.8021464646464646,0.0,0.0,0.0,0.0,0.0,2.0,0.0,0.06666666666666667,-0.06666666666666667,-0.056666666666666664,1.0,3.4813924165305288,0.0,0.0,0.0,2.0,0.0,0.13333333333333333,-0.13333333333333333,-0.9722222222222222,3.0,0.0,28.016666666666666,40.9,3.0,0.0,0.0,0.0,0.06666666666666667,0.9444444444444444,0.0,0.0,0.0,0.0,0.0,2.0,0.0,0.06666666666666667,-0.06666666666666667,-0.22333333333333333,1.0,0.0,14.0,14.0,1.0,0.0,0.0,0.0,0.06666666666666667,0.9333333333333333,0.0,0.0,0.0,0.0,0.0,0.0,0.0,0.13333333333333333,0.0,0.0,0.0,0.0,0.0,0.0,0.0,2.0,0.0,0.06666666666666667,0.0,0.0,1.0,0.0,17.45,17.45,1.0,0.0,0.0,0.0,0.0,1.0,0.0,0.0,0.0,0.0,0.0,0.0,0.0,0.13333333333333333,0.0,0.0,1.0,0.0,1.0,0.0,25.0,42.574,1.0,0.0,1.0,0.0,4.0,32.2625,1.0,0.0,2.0,14.5,1.0,0.0,1.0,0.0,2.0,16.225,1.0,0.0
north_heavy_seed1,north_heavy,1,485.25,500.25,55.0,4.307965636410522,15.647272727272728,27.0,24.75,2.0,10.925614973405015,0.0,0.0,0.0,2.0,0.13333333333333333,0.13333333333333333,-0.06666666666666667,-0.06833333333333333,7.0,4.541201593801616,0.0,0.0,0.0,2.0,0.13333333333333333,0.2,-0.4666666666666667,-1.0941666666666667,24.0,0.6058511433839352,30.837500000000002,52.35,22.0,0.0,0.13333333333333333,0.0,0.06666666666666667,0.7996212121212122,0.0,0.0,0.0,0.0,0.0,2.0,0.0,0.06666666666666667,-0.06666666666666667,-0.12333333333333334,1.0,4.620109408726162,0.0,0.0,0.0,2.0,0.0,0.13333333333333333,-0.13333333333333333,-1.0166666666666666,3.0,0.0,29.016666666666666,41.9,3.0,0.0,0.0,0.0,0.06666666666666667,0.9666666666666667,0.0,0.0,0.0,0.0,0.0,2.0,0.0,0.06666666666666667,-0.06666666666666667,-0.29,1.0,0.0,15.0,15.0,1.0,0.0,0.0,0.0,0.06666666666666667,1.0,0.0,0.0,0.0,0.0,0.0,0.0,0.0,0.13333333333333333,0.0,0.0,0.0,0.0,0.0,0.0,0.0,2.0,0.0,0.06666666666666667,-0.06666666666666667,-0.06666666666666667,1.0,0.0,18.45,18.45,1.0,0.0,0.0,0.0,0.0,1.0,0.0,0.0,0.0,0.0,0.0,0.0,0.0,0.13333333333333333,0.0,0.0,1.0,0.0,1.0,0.0,25.0,43.534,1.0,0.0,1.0,0.0,4.0,33.0125,1.0,0.0,2.0,15.0,1.0,0.0,1.0,0.0,2.0,16.725,1.0,0.0
north_heavy_seed1,north_heavy,1,486.25,501.25,55.0,4.754079353108102,16.138181818181817,27.0,23.75,2.0,12.766304725268688,0.0,0.0,0.0,2.0,0.13333333333333333,0.13333333333333333,-0.06666666666666667,-0.10166666666666666,7.0,5.837123658717196,0.0,0.0,0.0,2.0,0.13333333333333333,0.2,-0.4666666666666667,-1.1525,24.0,0.5084274698332284,31.754166666666666,53.35,22.0,0.0,0.13333333333333333,0.0,0.06666666666666667,0.7970959595959596,0.0,0.0,0.0,0.0,0.0,2.0,0.0,0.06666666666666667,-0.06666666666666667,-0.19,0.0,0.0,0.0,0.0,0.0,2.0,0.0,0.2,-0.13333333333333333,-1.0611111111111111,3.0,0.0,30.016666666666666,42.9,3.0,0.0,0.0,0.0,0.06666666666666667,0.9888888888888889,0.0,0.0,0.0,0.0,0.0,2.0,0.0,0.06666666666666667,-0.06666666666666667,-0.35666666666666663,1.0,0.0,16.0,16.0,1.0,0.0,0.0,0.0,0.0,1.0,0.0,0.0,0.0,0.0,0.0,0.0,0.0,0.06666666666666667,0.0,0.0,0.0,0.0,0.0,0.0,0.0,2.0,0.0,0.06666666666666667,-0.06666666666666667,-0.13333333333333333,1.0,0.0,19.45,19.45,1.0,0.0,0.0,0.0,0.0,1.0,0.0,0.0,0.0,0.0,0.0,0.0,0.0,0.06666666666666667,0.0,0.0,1.0,0.0,1.0,0.0,25.0,44.494,1.0,0.0,1.0,0.0,4.0,33.7625,1.0,0.0,2.0,15.5,1.0,0.0,1.0,0.0,2.0,17.225,1.0,0.0
north_heavy_seed1,north_heavy,1,487.25,502.25,55.0,4.957739360746839,16.62909090909091,27.0,22.75,2.0,13.415653510849378,0.0,0.0,0.0,2.0,0.13333333333333333,0.13333333333333333,-0.06666666666666667,-0.13499999999999998,6.0,7.131225958779133,0.0,0.0,0.0,2.0,0.13333333333333333,0.26666666666666666,-0.4666666666666667,-1.2108333333333334,24.0,0.31529713525838127,32.670833333333334,54.35,22.0,0.0,0.13333333333333333,0.0,0.06666666666666667,0.794570707070707,0.0,0.0,0.0,0.0,0.0,2.0,0.0,0.06666666666666667,-0.06666666666666667,-0.25666666666666665,0.0,0.0,0.0,0.0,0.0,2.0,0.0,0.2,-0.13333333333333333,-1.1055555555555554,3.0,0.0,31.016666666666666,43.9,3.0,0.0,0.0,0.0,0.0,1.0,0.0,0.0,0.0,0.0,0.0,2.0,0.0,0.06666666666666667,-0.06666666666666667,-0.4233333333333333,1.0,0.0,17.0,17.0,1.0,0.0,0.0,0.0,0.0,1.0,0.0,0.0,0.0,0.0,0.0,0.0,0.0,0.06666666666666667,0.0,0.0,0.0,0.0,0.0,0.0,0.0,2.0,0.0,0.06666666666666667,-0.06666666666666667,-0.2,1.0,0.0,20.45,20.45,1.0,0.0,0.0,0.0,0.0,1.0,0.0,0.0,0.0,0.0,0.0,0.0,0.0,0.06666666666666667,0.0,0.0,1.0,0.0,1.0,0.0,25.0,45.45399999999999,1.0,0.0,1.0,0.0,4.0,34.5125,1.0,0.0,2.0,16.0,1.0,0.0,1.0,0.0,2.0,17.725,1.0,0.0
north_heavy_seed1,north_heavy,1,495.25,510.25,60.0,5.3753159630554865,18.980833333333333,33.0,14.75,3.0,12.686077911370568,0.0,0.0,0.0,2.0,0.13333333333333333,0.13333333333333333,0.0,0.0,3.0,11.436711205959364,0.0,0.0,0.0,2.0,0.13333333333333333,0.5333333333333333,-0.4666666666666667,-1.1444444444444446,25.0,0.00013922052994198885,38.734,62.35,25.0,0.0,0.13333333333333333,0.0,0.2,0.7558898550724638,1.0,13.07049,0.0,0.0,0.0,2.0,0.06666666666666667,0.06666666666666667,0.0,0.0,1.0,13.89,0.0,0.0,0.0,2.0,0.06666666666666667,0.2,-0.13333333333333333,-0.8055555555555556,4.0,0.0,29.2625,51.9,4.0,0.0,0.06666666666666667,0.0,0.06666666666666667,0.3497222222222222,1.0,13.89,0.0,0.0,0.0,2.0,0.06666666666666667,0.06666666666666667,0.0,0.0,2.0,0.0,12.5,25.0,2.0,0.0,0.06666666666666667,0.0,0.06666666666666667,0.16666666666666666,1.0,12.0,0.0,0.0,0.0,0.0,0.06666666666666667,0.0,0.0,0.0,1.0,11.755107,0.0,0.0,0.0,2.0,0.06666666666666667,0.06666666666666667,0.0,0.0,2.0,0.0,14.225,28.45,2.0,0.0,0.06666666666666667,0.0,0.06666666666666667,0.05166666666666669,1.0,13.89,0.0,0.0,0.0,0.0,0.06666666666666667,0.0,0.0,0.0,1.0,0.0,0.0,0.0,25.0,53.343999999999994,0.0,0.0,0.0,0.0,4.0,40.5125,0.0,0.0,2.0,20.0,1.0,0.0,0.0,0.0,2.0,21.725,1.0,1.0
north_heavy_seed1,north_heavy,1,496.25,511.25,60.0,5.506227224125189,19.464166666666664,29.0,13.75,2.0,12.329694178193463,0.0,0.0,0.0,2.0,0.13333333333333333,0.13333333333333333,0.0,0.0,2.0,11.57955873691522,0.0,0.0,0.0,2.0,0.13333333333333333,0.5333333333333333,-0.26666666666666666,-0.46125,25.0,0.08928738200778782,39.694,63.35,24.0,0.0,0.13333333333333333,0.0,0.13333333333333333,0.7561217391304349,1.0,13.043682207755054,0.0,0.0,0.0,2.0,0.06666666666666667,0.0,0.0,0.0,1.0,13.85632194888778,0.0,0.0,0.0,2.0,0.06666666666666667,0.13333333333333333,0.0,0.0,4.0,0.5718346377555028,30.0125,52.9,3.0,0.0,0.06666666666666667,0.0,0.0,0.33305555555555555,1.0,13.83347203587182,0.0,0.0,0.0,2.0,0.06666666666666667,0.0,0.0,0.0,2.0,1.1451987164421156,13.0,26.0,1.0,0.0,0.06666666666666667,0.0,0.0,0.13333333333333333,1.0,11.971676540595945,0.0,0.0,0.0,0.0,0.06666666666666667,0.0,0.0,0.0,1.0,11.753660980153521,0.0,0.0,0.0,2.0,0.06666666666666667,0.0,0.0,0.0,2.0,1.105829317654594,14.725,29.45,1.0,0.0,0.06666666666666667,0.0,0.0,0.018333333333333358,1.0,13.851917037464446,0.0,0.0,0.0,0.0,0.06666666666666667,0.0,0.0,0.0,1.0,0.0,1.0,0.0,26.0,52.25384615384615,0.0,0.0,0.0,0.0,4.0,41.2625,0.0,0.0,2.0,20.5,1.0,0.1,0.0,0.0,2.0,22.225,1.0,2.0
north_heavy_seed1,north_heavy,1,497.25,512.25,60.0,5.594303615098545,19.947499999999998,29.0,12.75,2.0,10.876836567370905,0.0,0.0,0.0,2.0,0.13333333333333333,0.13333333333333333,0.0,0.0,2.0,11.447217461610432,0.0,0.0,0.0,2.0,0.13333333333333333,0.5333333333333333,-0.13333333333333333,-0.12833333333333333,25.0,0.16569867297135846,40.654,64.35,24.0,0.0,0.13333333333333333,0.0,0.13333333333333333,0.756353623188406,1.0,13.069053129599206,0.0,0.0,0.0,2.0,0.06666666666666667,0.0,0.0,0.0,1.0,13.832511802023511,0.0,0.0,0.0,2.0,0.06666666666666667,0.13333333333333333,0.0,0.0,4.0,1.058645548792301,30.7625,53.9,3.0,0.0,0.06666666666666667,0.0,0.0,0.3163888888888889,1.0,13.825304248974426,0.0,0.0,0.0,2.0,0.06666666666666667,0.0,0.0,0.0,2.0,2.084912548607529,13.5,27.0,1.0,0.0,0.06666666666666667,0.0,0.0,0.1,1.0,11.986925604860298,0.0,0.0,0.0,0.0,0.06666666666666667,0.0,0.0,0.0,1.0,11.727565946623374,0.0,0.0,0.0,2.0,0.06666666666666667,0.0,0.0,0.0,2.0,2.0811320508558784,15.225,30.45,1.0,0.0,0.06666666666666667,0.0,0.0,-0.014999999999999977,1.0,13.85599408823764,0.0,0.0,0.0,0.0,0.06666666666666667,0.0,0.0,0.0,2.0,0.0,2.0,0.0,26.0,53.215384615384615,0.0,0.0,0.0,0.0,4.0,42.0125,0.0,0.0,2.0,21.0,1.0,1.1,0.0,0.0,2.0,22.725,1.0,3.0
north_heavy_seed1,north_heavy,1,498.25,513.25,58.0,5.5036220391617015,21.135344827586206,29.0,11.75,1.0,11.638910736742835,0.0,0.0,0.0,2.0,0.06666666666666667,0.13333333333333333,0.0,0.0,1.0,11.780285297010526,0.0,0.0,0.0,2.0,0.06666666666666667,0.5333333333333333,0.0,0.0,25.0,0.24978538795655747,41.614,65.35,24.0,0.0,0.06666666666666667,0.0,0.13333333333333333,0.8406555555555554,1.0,13.020131435430384,0.0,0.0,0.0,2.0,0.06666666666666667,0.0,0.0,0.0,1.0,13.834471958507784,0.0,0.0,0.0,2.0,0.06666666666666667,0.13333333333333333,0.0,0.0,4.0,1.574330213870016,31.5125,54.9,3.0,0.0,0.06666666666666667,0.0,0.0,0.2997222222222222,1.0,13.83375431254506,0.0,0.0,0.0,2.0,0.06666666666666667,0.0,0.0,0.0,2.0,3.036038536797124,14.0,28.0,1.0,0.0,0.06666666666666667,0.0,0.0,0.06666666666666667,1.0,11.988989999159239,0.0,0.0,0.0,0.0,0.06666666666666667,0.0,0.0,0.0,1.0,11.737050669088651,0.0,0.0,0.0,2.0,0.06666666666666667,0.0,0.0,0.0,2.0,3.0184414833384565,15.725,31.45,1.0,0.0,0.06666666666666667,0.0,0.0,-0.04833333333333331,1.0,13.838045862393919,0.0,0.0,0.0,0.0,0.06666666666666667,0.0,0.0,0.0,2.0,0.0,2.0,0.0,27.0,49.19444444444444,0.0,0.0,0.0,0.0,4.0,25.2875,0.0,0.0,2.0,21.5,1.0,2.1,0.0,0.0,2.0,23.225,1.0,4.0
north_heavy_seed1,north_heavy,1,499.25,514.25,56.0,5.355241645839939,22.408035714285713,29.0,10.75,1.0,11.63572508657904,0.0,0.0,0.0,2.0,0.06666666666666667,0.13333333333333333,0.0,0.0,1.0,11.780465023061227,0.0,0.0,0.0,2.0,0.06666666666666667,0.5333333333333333,0.0,0.0,25.0,0.29860739810459735,42.574,66.35,24.0,0.0,0.06666666666666667,0.0,0.13333333333333333,0.8435444444444442,1.0,13.063551488569946,0.0,0.0,0.0,2.0,0.06666666666666667,0.0,0.0,0.0,1.0,13.866566287664464,0.0,0.0,0.0,2.0,0.06666666666666667,0.06666666666666667,0.0,0.0,4.0,2.0533721350043552,32.2625,55.9,3.0,0.0,0.06666666666666667,0.0,0.0,0.2830555555555558,1.0,13.882084388765508,0.0,0.0,0.0,2.0,0.06666666666666667,0.0,0.0,0.0,2.0,3.97827257471842,14.5,29.0,1.0,0.0,0.06666666666666667,0.0,0.0,0.03333333333333333,1.0,11.975315399256068,0.0,0.0,0.0,0.0,0.06666666666666667,0.0,0.0,0.0,1.0,11.74262102540831,0.0,0.0,0.0,2.0,0.06666666666666667,0.0,0.0,0.0,2.0,3.9316075662193803,16.225,32.45,1.0,0.0,0.06666666666666667,0.0,0.0,-0.08166666666666653,1.0,13.889926712388407,0.0,0.0,0.0,0.0,0.06666666666666667,0.0,0.0,0.0,2.0,0.0,2.0,0.0,27.0,44.5,0.0,0.0,0.0,0.0,3.0,0.0,0.0,0.0,2.0,22.0,1.0,3.1,0.0,0.0,2.0,23.725,1.0,5.0
north_heavy_seed1,north_heavy,1,500.25,515.25,56.0,5.439175603209511,22.925892857142856,29.0,9.75,1.0,11.651621795752725,0.0,0.0,0.0,2.0,0.06666666666666667,0.13333333333333333,0.0,0.0,1.0,11.796137473838138,0.0,0.0,0.0,2.0,0.06666666666666667,0.4666666666666667,0.0,0.0,25.0,0.19342261710900183,43.534,67.35,24.0,0.0,0.06666666666666667,0.0,0.13333333333333333,0.8464333333333331,1.0,13.030067962569891,0.0,0.0,0.0,2.0,0.06666666666666667,0.0,0.0,0.0,1.0,13.8752835987648,0.0,0.0,0.0,2.0,0.06666666666666667,0.06666666666666667,0.0,0.0,4.0,2.548356419711529,33.0125,56.9,3.0,0.0,0.06666666666666667,0.0,0.0,0.2663888888888891,1.0,13.878262515936513,0.0,0.0,0.0,2.0,0.06666666666666667,0.0,0.0,0.0,2.0,4.959174979515227,15.0,30.0,1.0,0.0,0.06666666666666667,0.0,0.0,0.0,1.0,11.97523035913473,0.0,0.0,0.0,0.0,0.06666666666666667,0.0,0.0,0.0,1.0,11.727594099305728,0.0,0.0,0.0,2.0,0.06666666666666667,0.0,0.0,0.0,2.0,4.863814868209517,16.725,33.45,1.0,0.0,0.06666666666666667,0.0,0.0,-0.11499999999999985,1.0,13.880658427142771,0.0,0.0,0.0,0.0,0.06666666666666667,0.0,0.0,0.0,2.0,0.0,2.0,0.0,26.0,41.41923076923077,0.0,0.0,0.0,0.0,3.0,0.0,0.0,0.0,2.0,22.5,1.0,4.1,0.0,0.0,2.0,24.225,1.0,6.0
north_heavy_seed1,north_heavy,1,501.25,516.25,55.0,5.437548707963926,23.869999999999997,29.0,8.75,1.0,11.665949203894414,0.0,0.0,0.0,2.0,0.06666666666666667,0.13333333333333333,0.0,0.0,1.0,11.755133875935538,0.0,0.0,0.0,2.0,0.06666666666666667,0.4666666666666667,0.0,0.0,25.0,0.1109716142132118,44.494,68.35,24.0,0.0,0.06666666666666667,0.0,0.13333333333333333,0.8493222222222222,1.0,13.045065673976215,0.0,0.0,0.0,2.0,0.06666666666666667,0.0,0.0,0.0,1.0,13.87755558741279,0.0,0.0,0.0,2.0,0.06666666666666667,0.0,0.0,0.0,4.0,3.0709401797640443,33.7625,57.9,3.0,0.0,0.06666666666666667,0.0,0.0,0.24972222222222248,1.0,13.862261330385227,0.0,0.0,0.0,2.0,0.06666666666666667,0.0,0.0,0.0,2.0,5.990806052369742,15.5,31.0,1.0,0.0,0.06666666666666667,0.0,0.0,-0.03333333333333333,1.0,11.979830977411474,0.0,0.0,0.0,0.0,0.06666666666666667,0.0,0.0,0.0,1.0,11.726530993322534,0.0,0.0,0.0,2.0,0.06666666666666667,0.0,0.0,0.0,2.0,5.903576106038167,17.225,34.45,1.0,0.0,0.06666666666666667,0.0,0.0,-0.14833333333333318,1.0,13.833426149260486,0.0,0.0,0.0,0.0,0.06666666666666667,0.0,0.0,0.0,2.0,0.0,2.0,0.0,26.0,39.41153846153846,0.0,0.0,0.0,0.0,3.0,0.0,0.0,0.0,2.0,23.0,1.0,5.1,0.0,0.0,2.0,24.775000000000002,1.0,7.0
north_heavy_seed1,north_heavy,1,502.25,517.25,55.0,5.536116770897712,24.397272727272725,29.0,7.75,1.0,11.612687986212258,0.0,0.0,0.0,2.0,0.06666666666666667,0.13333333333333333,0.0,0.0,1.0,11.80017224673062,0.0,0.0,0.0,2.0,0.06666666666666667,0.4,0.0,0.0,25.0,0.05395180243602498,45.45399999999999,69.35,24.0,0.0,0.06666666666666667,0.0,0.13333333333333333,0.8522111111111106,1.0,13.03586483395543,0.0,0.0,0.0,2.0,0.06666666666666667,0.0,0.0,0.0,1.0,13.86106079282472,0.0,0.0,0.0,2.0,0.06666666666666667,0.0,0.0,0.0,4.0,3.4723195492543164,34.5125,58.9,3.0,0.0,0.06666666666666667,0.0,0.0,0.23305555555555582,1.0,13.827255805204622,0.0,0.0,0.0,2.0,0.06666666666666667,0.0,0.0,0.0,2.0,6.352947361287665,16.0,32.0,1.0,0.0,0.06666666666666667,0.0,0.0,-0.06666666666666667,1.0,11.984209320021328,0.0,0.0,0.0,0.0,0.06666666666666667,0.0,0.0,0.0,1.0,11.725389116259915,0.0,0.0,0.0,2.0,0.06666666666666667,0.0,0.0,0.0,2.0,6.89706209171412,17.725,35.45,1.0,0.0,0.06666666666666667,0.0,0.0,-0.18166666666666653,1.0,13.825849479058526,0.0,0.0,0.0,0.0,0.06666666666666667,0.0,0.0,0.0,2.0,0.0,2.0,0.0,26.0,34.67115384615385,0.0,0.0,0.0,0.0,2.0,0.0,0.0,0.0,2.0,23.75,1.0,6.1,0.0,0.0,2.0,25.775000000000002,1.0,8.0
north_heavy_seed1,north_heavy,1,503.25,518.25,54.0,5.366030001012583,25.38611111111111,29.0,6.75,1.0,11.606078309516596,0.0,0.0,0.0,2.0,0.06666666666666667,0.13333333333333333,0.0,0.0,1.0,11.746067127183744,0.0,0.0,0.0,2.0,0.06666666666666667,0.4,0.0,0.0,25.0,0.02307048179253484,46.413999999999994,70.35,24.0,0.0,0.06666666666666667,0.0,0.13333333333333333,0.8550999999999997,1.0,13.039120852353525,0.0,0.0,0.0,2.0,0.06666666666666667,0.0,0.0,0.0,1.0,13.856910071262392,0.0,0.0,0.0,2.0,0.06666666666666667,0.0,0.0,0.0,4.0,3.462485246244178,35.2625,59.9,3.0,0.0,0.06666666666666667,0.0,0.0,0.21638888888888913,1.0,13.84397666987963,0.0,0.0,0.0,2.0,0.06666666666666667,0.0,0.0,0.0,2.0,6.336235511084092,16.5,33.0,1.0,0.0,0.06666666666666667,0.0,0.0,-0.1,1.0,11.988180344961584,0.0,0.0,0.0,0.0,0.06666666666666667,0.0,0.0,0.0,1.0,11.734714630586252,0.0,0.0,0.0,2.0,0.06666666666666667,0.0,0.0,0.0,2.0,6.935745437047444,18.225,36.45,1.0,0.0,0.06666666666666667,0.0,0.0,-0.21499999999999986,1.0,13.87883977106074,0.0,0.0,0.0,0.0,0.06666666666666667,0.0,0.0,0.0,2.0,0.0,2.0,0.0,26.0,32.62692307692308,0.0,0.0,0.0,0.0,2.0,0.0,0.0,0.0,2.0,24.75,1.0,7.1,0.0,0.0,2.0,26.775000000000002,1.0,9.0
north_heavy_seed1,north_heavy,1,504.25,519.25,54.0,5.361197568308909,25.923148148148147,29.0,5.75,1.0,11.606420575502268,0.0,0.0,0.0,2.0,0.06666666666666667,0.13333333333333333,0.0,0.0,1.0,11.795993648007245,0.0,0.0,0.0,2.0,0.06666666666666667,0.4,0.0,0.0,25.0,0.008925971079560203,47.373999999999995,71.35,24.0,0.0,0.06666666666666667,0.0,0.13333333333333333,0.8579888888888884,1.0,13.034907120355646,0.0,0.0,0.0,2.0,0.06666666666666667,0.0,0.0,0.0,1.0,13.84957661765744,0.0,0.0,0.0,2.0,0.06666666666666667,0.0,0.0,0.0,4.0,3.456953938357183,36.0125,60.9,3.0,0.0,0.06666666666666667,0.0,0.0,0.19972222222222247,1.0,13.877920423583127,0.0,0.0,0.0,2.0,0.06666666666666667,0.0,0.0,0.0,2.0,6.3518304315180325,17.0,34.0,1.0,0.0,0.06666666666666667,0.0,0.0,-0.13333333333333333,1.0,11.990861180175562,0.0,0.0,0.0,0.0,0.06666666666666667,0.0,0.0,0.0,1.0,11.736050625003566,0.0,0.0,0.0,2.0,0.06666666666666667,0.0,0.0,0.0,2.0,6.927027961803834,18.725,37.45,1.0,0.0,0.06666666666666667,0.0,0.0,-0.24833333333333318,1.0,13.853518740781583,0.0,0.0,0.0,0.0,0.06666666666666667,0.0,0.0,0.0,2.0,0.0,2.0,0.0,26.0,27.92115384615385,0.0,0.0,0.0,0.0,1.0,0.0,0.0,0.0,2.0,25.75,1.0,8.1,0.0,0.0,2.0,27.775000000000002,1.0,10.0
north_heavy_seed1,north_heavy,1,505.25,520.25,53.0,5.2878367705899185,26.964150943396223,30.0,4.75,1.0,11.657457763581476,0.0,0.0,0.0,2.0,0.06666666666666667,0.13333333333333333,0.0,0.0,1.0,11.74343891283494,0.0,0.0,0.0,2.0,0.06666666666666667,0.3333333333333333,0.0,0.0,25.0,0.003240184196072865,48.343999999999994,72.35,25.0,0.0,0.06666666666666667,0.0,0.2,0.861544444444444,1.0,13.055802884945887,0.0,0.0,0.0,2.0,0.06666666666666667,0.0,0.0,0.0,1.0,13.83813281663577,0.0,0.0,0.0,2.0,0.06666666666666667,0.0,0.0,0.0,4.0,3.4640568689024076,36.7625,61.9,3.0,0.0,0.06666666666666667,0.0,0.0,0.1830555555555558,1.0,13.851775568813318,0.0,0.0,0.0,2.0,0.06666666666666667,0.0,0.0,0.0,2.0,6.339438179262801,17.5,35.0,1.0,0.0,0.06666666666666667,0.0,0.0,-0.16666666666666666,1.0,11.97725839817198,0.0,0.0,0.0,0.0,0.06666666666666667,0.0,0.0,0.0,1.0,11.727963215354988,0.0,0.0,0.0,2.0,0.06666666666666667,0.0,0.0,0.0,2.0,6.924083476294764,19.225,38.45,1.0,0.0,0.06666666666666667,0.0,0.0,-0.2816666666666665,1.0,13.835271036893829,0.0,0.0,0.0,0.0,0.06666666666666667,0.0,0.0,0.0,2.0,0.0,2.0,0.0,25.0,26.868000000000002,0.0,0.0,0.0,0.0,1.0,0.0,0.0,0.0,2.0,26.75,1.0,9.1,0.0,0.0,2.0,28.775000000000002,1.0,11.0
north_heavy_seed1,north_heavy,1,506.25,521.25,52.0,5.1678922104384,28.059615384615384,30.0,3.75,1.0,11.604934073175244,0.0,0.0,0.0,2.0,0.06666666666666667,0.13333333333333333,0.0,0.0,1.0,11.804429224609597,0.0,0.0,0.0,2.0,0.06666666666666667,0.3333333333333333,0.0,0.0,25.0,0.0011573139814613526,49.343999999999994,73.35,25.0,0.0,0.06666666666666667,0.0,0.13333333333333333,0.8652944444444439,1.0,13.070021622808426,0.0,0.0,0.0,2.0,0.06666666666666667,0.0,0.0,0.0,1.0,13.86149977364461,0.0,0.0,0.0,2.0,0.06666666666666667,0.0,0.0,0.0,4.0,3.4581433549307987,37.5125,62.9,3.0,0.0,0.06666666666666667,0.0,0.0,0.16638888888888914,1.0,13.886605784480926,0.0,0.0,0.0,2.0,0.06666666666666667,0.0,0.0,0.0,2.0,6.339892146283532,18.0,36.0,1.0,0.0,0.06666666666666667,0.0,0.0,-0.2,1.0,11.975218336684629,0.0,0.0,0.0,0.0,0.06666666666666667,0.0,0.0,0.0,1.0,11.7436549001957,0.0,0.0,0.0,2.0,0.06666666666666667,0.0,0.0,0.0,2.0,6.927536461576238,19.725,39.45,1.0,0.0,0.06666666666666667,0.0,0.0,-0.31499999999999984,1.0,13.633645839453255,0.0,0.0,0.0,0.0,0.06666666666666667,0.0,0.0,0.0,2.0,0.0,2.0,0.0,25.0,22.008000000000003,0.0,0.0,0.0,0.0,0.0,0.0,0.0,0.0,2.0,27.75,1.0,10.1,0.0,0.0,2.0,29.775000000000002,1.0,12.0
north_heavy_seed1,north_heavy,1,507.25,522.25,50.0,4.867357423820522,29.781999999999996,30.0,2.75,1.0,11.625913598432378,0.0,0.0,0.0,2.0,0.06666666666666667,0.13333333333333333,0.0,0.0,1.0,11.778256260493038,0.0,0.0,0.0,2.0,0.06666666666666667,0.26666666666666666,0.0,0.0,25.0,0.0004239268614529898,50.343999999999994,74.35,25.0,0.0,0.06666666666666667,0.0,0.06666666666666667,0.866405555555555,1.0,13.041810646128152,0.0,0.0,0.0,2.0,0.06666666666666667,0.0,0.0,0.0,1.0,13.865047268079362,0.0,0.0,0.0,2.0,0.06666666666666667,0.0,0.0,0.0,4.0,3.4651496068612326,38.2625,63.9,3.0,0.0,0.06666666666666667,0.0,0.0,0.14972222222222248,1.0,13.85529941269313,0.0,0.0,0.0,2.0,0.06666666666666667,0.0,0.0,0.0,2.0,6.3248898885125575,18.5,37.0,1.0,0.0,0.06666666666666667,0.0,0.0,-0.23333333333333334,1.0,11.994640953938942,0.0,0.0,0.0,0.0,0.06666666666666667,0.0,0.0,0.0,1.0,11.736936009172508,0.0,0.0,0.0,2.0,0.06666666666666667,0.0,0.0,0.0,2.0,6.922237835472916,20.225,40.45,1.0,0.0,0.06666666666666667,0.0,0.0,-0.3483333333333332,1.0,9.159365604973763,0.0,0.0,0.0,0.0,0.06666666666666667,0.0,0.0,0.0,2.0,0.0,2.0,0.0,24.0,20.65625,0.0,0.0,0.0,0.0,0.0,0.0,0.0,0.0,2.0,28.75,1.0,11.1,0.0,0.0,2.0,30.775000000000002,1.0,13.0
north_heavy_seed1,north_heavy,1,510.25,525.25,49.0,3.854854585897061,32.2469387755102,31.0,2.75,1.0,8.844425999999999,0.0,0.0,0.0,1.0,0.0,0.13333333333333333,0.0,0.0,0.0,0.0,0.0,0.0,0.0,1.0,0.0,0.2,0.0,0.0,25.0,2.0529653870611403e-05,53.343999999999994,77.35,25.0,0.0,0.0,0.0,0.0,0.9739999999999995,0.0,0.0,0.0,0.0,0.0,1.0,0.0,0.06666666666666667,0.0,0.0,0.0,0.0,0.0,0.0,0.0,1.0,0.0,0.06666666666666667,0.0,0.0,4.0,1.3294441295872959,40.5125,66.9,3.0,0.0,0.0,0.0,-0.06666666666666667,0.7500000000000002,0.0,0.0,0.0,0.0,0.0,1.0,0.0,0.06666666666666667,0.0,0.0,2.0,4.804503370868448,20.0,40.0,1.0,0.0,0.0,0.0,-0.06666666666666667,0.5,1.0,3.7670544554371173,0.0,0.0,0.0,0.0,0.0,0.0,0.0,0.0,0.0,0.0,0.0,0.0,0.0,1.0,0.0,0.06666666666666667,0.0,0.0,2.0,3.954533372116516,21.725,43.45,1.0,0.0,0.0,0.0,-0.06666666666666667,0.5000000000000001,1.0,0.0,1.0,1.0,1.0,0.0,0.0,0.0,0.06666666666666667,0.06666666666666667,2.0,0.275,2.0,0.275,22.0,12.211363636363636,0.0,0.0,0.0,0.0,0.0,0.0,0.0,0.0,2.0,31.75,1.0,14.1,0.0,0.0,2.0,33.775,1.0,16.0
north_heavy_seed1,north_heavy,1,511.25,526.25,50.0,3.7048436027355587,32.224000000000004,32.0,1.75,1.0,13.889833854890895,0.0,0.0,0.0,1.0,0.06666666666666667,0.13333333333333333,0.0,0.0,1.0,13.86650712994975,0.0,0.0,0.0,1.0,0.06666666666666667,0.13333333333333333,0.0,0.0,26.0,0.04075977900226594,52.25384615384615,78.35,25.0,0.0,0.06666666666666667,0.0,0.06666666666666667,0.8373230769230763,0.0,0.0,0.0,0.0,0.0,1.0,0.0,0.06666666666666667,0.0,0.0,0.0,0.0,0.0,0.0,0.0,1.0,0.0,0.06666666666666667,0.0,0.0,4.0,0.777439445113367,41.2625,67.9,3.0,0.0,0.0,0.0,0.0,0.7500000000000002,0.0,0.0,0.0,0.0,0.0,1.0,0.0,0.06666666666666667,0.0,0.0,2.0,3.3175882811000617,20.5,41.0,1.0,0.0,0.0,0.0,0.0,0.5,1.0,0.0,0.1,0.1,1.0,0.0,0.0,0.0,0.06666666666666667,0.006666666666666667,0.0,0.0,0.0,0.0,0.0,1.0,0.0,0.06666666666666667,0.0,0.0,2.0,2.612411047157038,22.225,44.45,1.0,0.0,0.0,0.0,0.0,0.5000000000000001,1.0,0.0,2.0,2.0,1.0,0.0,0.0,0.0,0.06666666666666667,0.13333333333333333,3.0,0.5166666666666667,3.0,0.5166666666666667,23.0,9.302173913043477,0.0,0.0,0.0,0.0,0.0,0.0,0.0,0.0,2.0,32.75,1.0,15.1,0.0,0.0,2.0,34.775,1.0,17.0
north_heavy_seed1,north_heavy,1,512.25,527.25,51.0,3.9031045026219666,32.219607843137254,32.0,0.75,2.0,13.882191569717953,0.0,0.0,0.0,1.0,0.13333333333333333,0.13333333333333333,0.0,0.0,2.0,13.762968729512066,0.0,0.0,0.0,1.0,0.13333333333333333,0.13333333333333333,0.0,0.0,26.0,0.10684425723774703,53.215384615384615,79.35,25.0,0.0,0.06666666666666667,0.0,0.06666666666666667,0.8374256410256408,0.0,0.0,0.0,0.0,0.0,1.0,0.0,0.06666666666666667,0.0,0.0,0.0,0.0,0.0,0.0,0.0,1.0,0.0,0.06666666666666667,0.0,0.0,4.0,0.3955526586417622,42.0125,68.9,3.0,0.0,0.0,0.0,0.0,0.7500000000000002,0.0,0.0,0.0,0.0,0.0,1.0,0.0,0.06666666666666667,0.0,0.0,2.0,2.0824746230614086,21.0,42.0,1.0,0.0,0.0,0.0,0.0,0.5,1.0,0.0,1.1,1.1,1.0,0.0,0.0,0.0,0.06666666666666667,0.07333333333333333,0.0,0.0,0.0,0.0,0.0,1.0,0.0,0.06666666666666667,0.0,0.0,2.0,1.5206863294407886,22.725,45.45,1.0,0.0,0.0,0.0,0.0,0.5000000000000001,1.0,0.0,3.0,3.0,1.0,0.0,0.0,0.0,0.06666666666666667,0.2,3.0,0.85,3.0,0.85,23.0,4.628260869565217,0.0,0.0,0.0,0.0,0.0,0.0,0.0,0.0,2.0,33.75,1.0,16.1,0.0,0.0,2.0,35.775,1.0,18.0
north_heavy_seed1,north_heavy,1,513.25,528.25,51.0,3.7772097156077282,29.900980392156864,30.0,11.75,2.0,13.860482544657458,0.0,0.0,0.0,0.0,0.13333333333333333,0.06666666666666667,0.0,0.0,2.0,13.76717970861413,0.0,0.0,0.0,0.0,0.13333333333333333,0.06666666666666667,0.0,0.0,27.0,0.2492425720507969,49.19444444444444,75.25,24.0,2.0,0.13333333333333333,0.0,0.0,0.505362962962963,0.0,0.0,0.0,0.0,0.0,0.0,0.0,0.06666666666666667,0.0,0.0,0.0,0.0,0.0,0.0,0.0,0.0,0.0,0.06666666666666667,0.0,0.0,4.0,0.2913565451333048,25.2875,59.65,2.0,2.0,0.0,0.0,-0.06666666666666667,-0.41499999999999987,0.0,0.0,0.0,0.0,0.0,0.0,0.0,0.06666666666666667,0.0,0.0,2.0,1.1262768271996015,21.5,43.0,1.0,0.0,0.0,0.0,0.0,0.5,1.0,0.0,2.1,2.1,1.0,0.0,0.0,0.0,0.06666666666666667,0.14,0.0,0.0,0.0,0.0,0.0,0.0,0.0,0.06666666666666667,0.0,0.0,2.0,0.767985220858027,23.225,46.45,1.0,0.0,0.0,0.0,0.0,0.5000000000000001,1.0,0.0,4.0,4.0,1.0,0.0,0.0,0.0,0.06666666666666667,0.26666666666666666,3.0,0.0,3.0,1.1833333333333333,23.0,1.6608695652173915,0.0,0.0,0.0,0.0,0.0,0.0,0.0,0.0,2.0,0.0,1.0,17.1,0.0,0.0,2.0,0.0,1.0,19.0
north_heavy_seed1,north_heavy,1,514.25,529.25,49.0,3.559744286797636,26.552040816326528,26.0,10.75,2.0,13.876385159183872,0.0,0.0,0.0,0.0,0.13333333333333333,0.06666666666666667,0.0,0.0,2.0,13.746948977618011,0.0,0.0,0.0,0.0,0.13333333333333333,0.06666666666666667,0.0,0.0,27.0,0.43226301906201925,44.5,73.3,22.0,2.0,0.13333333333333333,0.0,-0.13333333333333333,0.12840000000000013,0.0,0.0,0.0,0.0,0.0,0.0,0.0,0.06666666666666667,0.0,0.0,0.0,0.0,0.0,0.0,0.0,0.0,0.0,0.06666666666666667,0.0,0.0,3.0,0.5098667939193992,0.0,0.0,0.0,2.0,0.0,0.06666666666666667,-0.2,-2.1508333333333334,0.0,0.0,0.0,0.0,0.0,0.0,0.0,0.06666666666666667,0.0,0.0,2.0,0.539554052901606,22.0,44.0,1.0,0.0,0.0,0.0,0.0,0.5,1.0,0.0,3.1,3.1,1.0,0.0,0.0,0.0,0.06666666666666667,0.20666666666666667,0.0,0.0,0.0,0.0,0.0,0.0,0.0,0.06666666666666667,0.0,0.0,2.0,0.3318719887372447,23.725,47.45,1.0,0.0,0.0,0.0,0.0,0.5,1.0,0.0,5.0,5.0,1.0,0.0,0.0,0.0,0.06666666666666667,0.3333333333333333,2.0,0.0,3.0,1.75,23.0,0.7804347826086956,0.0,0.0,0.0,0.0,0.0,0.0,0.0,0.0,1.0,0.0,1.0,18.1,0.0,0.0,1.0,0.0,1.0,20.0
north_heavy_seed1,north_heavy,1,515.25,530.25,49.0,3.6246689902763576,24.090816326530614,24.0,9.75,2.0,13.866360161508972,0.0,0.0,0.0,0.0,0.13333333333333333,0.06666666666666667,0.0,0.0,2.0,13.724133396693503,0.0,0.0,0.0,0.0,0.13333333333333333,0.06666666666666667,0.0,0.0,26.0,0.39132510439052104,41.41923076923077,71.2,20.0,2.0,0.13333333333333333,0.06666666666666667,-0.26666666666666666,-0.14098461538461513,0.0,0.0,0.0,0.0,0.0,0.0,0.0,0.06666666666666667,0.0,0.0,0.0,0.0,0.0,0.0,0.0,0.0,0.0,0.06666666666666667,0.0,0.0,3.0,1.2110699395179496,0.0,0.0,0.0,2.0,0.0,0.06666666666666667,-0.2,-2.2008333333333336,0.0,0.0,0.0,0.0,0.0,0.0,0.0,0.06666666666666667,0.0,0.0,2.0,0.22094514132121743,22.5,45.0,1.0,0.0,0.0,0.0,0.0,0.5,1.0,0.0,4.1,4.1,1.0,0.0,0.0,0.0,0.06666666666666667,0.2733333333333333,0.0,0.0,0.0,0.0,0.0,0.0,0.0,0.06666666666666667,0.0,0.0,2.0,0.12679069071739432,24.225,48.45,1.0,0.0,0.0,0.0,0.0,0.5,1.0,0.0,6.0,6.0,1.0,0.0,0.0,0.0,0.06666666666666667,0.4,2.0,0.0,3.0,2.4166666666666665,23.0,0.4978260869565217,0.0,0.0,0.0,0.0,0.0,0.0,0.0,0.0,1.0,0.0,1.0,19.1,0.0,0.0,1.0,0.0,1.0,21.0
north_heavy_seed1,north_heavy,1,516.25,531.25,48.0,3.5478308478808427,23.590625,24.0,8.75,2.0,13.883748931755246,0.0,0.0,0.0,0.0,0.13333333333333333,0.06666666666666667,0.0,0.0,2.0,13.724104633654932,0.0,0.0,0.0,0.0,0.13333333333333333,0.06666666666666667,0.0,0.0,26.0,0.39397977725697975,39.41153846153846,70.7,19.0,2.0,0.13333333333333333,0.06666666666666667,-0.3333333333333333,-0.33883076923076916,0.0,0.0,0.0,0.0,0.0,0.0,0.0,0.06666666666666667,0.0,0.0,0.0,0.0,0.0,0.0,0.0,0.0,0.0,0.06666666666666667,0.0,0.0,3.0,2.194144091630075,0.0,0.0,0.0,2.0,0.0,0.06666666666666667,-0.2,-2.2508333333333335,0.0,0.0,0.0,0.0,0.0,0.0,0.0,0.06666666666666667,0.0,0.0,2.0,0.08209236222990061,23.0,46.0,1.0,0.0,0.0,0.0,0.0,0.5,1.0,0.0,5.1,5.1,1.0,0.0,0.0,0.0,0.06666666666666667,0.33999999999999997,0.0,0.0,0.0,0.0,0.0,0.0,0.0,0.06666666666666667,0.0,0.0,2.0,0.04660313370416924,24.775000000000002,49.45,2.0,0.0,0.0,0.0,0.06666666666666667,0.5033333333333334,1.0,0.0,7.0,7.0,1.0,0.0,0.0,0.0,0.06666666666666667,0.4666666666666667,1.0,0.0,3.0,3.0833333333333335,23.0,0.23478260869565218,0.0,0.0,0.0,0.0,0.0,0.0,0.0,0.0,0.0,0.0,1.0,20.1,0.0,0.0,0.0,0.0,1.0,22.0
north_heavy_seed1,north_heavy,1,517.25,532.25,47.0,3.4241420567388294,21.58723404255319,23.0,7.75,2.0,13.866283432096715,0.0,0.0,0.0,0.0,0.13333333333333333,0.06666666666666667,0.0,0.0,2.0,13.763065826246164,0.0,0.0,0.0,0.0,0.13333333333333333,0.06666666666666667,0.0,0.0,26.0,0.45073954172252834,34.67115384615385,69.15,17.0,2.0,0.13333333333333333,0.06666666666666667,-0.4666666666666667,-0.7188564102564096,0.0,0.0,0.0,0.0,0.0,0.0,0.0,0.06666666666666667,0.0,0.0,0.0,0.0,0.0,0.0,0.0,0.0,0.0,0.06666666666666667,0.0,0.0,2.0,2.7816742236450054,0.0,0.0,0.0,2.0,0.0,0.13333333333333333,-0.2,-2.3008333333333337,0.0,0.0,0.0,0.0,0.0,0.0,0.0,0.06666666666666667,0.0,0.0,2.0,0.02992718270432207,23.75,47.0,2.0,0.0,0.0,0.0,0.06666666666666667,0.5166666666666667,1.0,0.0,6.1,6.1,1.0,0.0,0.0,0.0,0.06666666666666667,0.4066666666666666,0.0,0.0,0.0,0.0,0.0,0.0,0.0,0.06666666666666667,0.0,0.0,2.0,0.017037486497881563,25.775000000000002,50.45,2.0,0.0,0.0,0.0,0.06666666666666667,0.5366666666666667,1.0,0.0,8.0,8.0,1.0,0.0,0.0,0.0,0.06666666666666667,0.5333333333333333,2.0,0.0,4.0,2.8125,24.0,0.31875000000000003,0.0,0.0,0.0,0.0,0.0,0.0,0.0,0.0,0.0,0.0,1.0,21.1,0.0,0.0,0.0,0.0,1.0,23.0
north_heavy_seed1,north_heavy,1,518.25,533.25,47.0,3.5958886471235716,20.58404255319149,22.0,6.75,2.0,13.85061880110152,0.0,0.0,0.0,0.0,0.13333333333333333,0.06666666666666667,0.0,0.0,2.0,13.764768319660796,0.0,0.0,0.0,0.0,0.13333333333333333,0.06666666666666667,0.0,0.0,26.0,0.5639902490886877,32.62692307692308,68.7,16.0,2.0,0.13333333333333333,0.06666666666666667,-0.5333333333333333,-0.9191384615384611,0.0,0.0,0.0,0.0,0.0,0.0,0.0,0.06666666666666667,0.0,0.0,0.0,0.0,0.0,0.0,0.0,0.0,0.0,0.06666666666666667,0.0,0.0,2.0,3.825903701359745,0.0,0.0,0.0,2.0,0.0,0.13333333333333333,-0.2,-2.3508333333333336,0.0,0.0,0.0,0.0,0.0,0.0,0.0,0.06666666666666667,0.0,0.0,2.0,0.010881367851472694,24.75,48.0,2.0,0.0,0.0,0.0,0.06666666666666667,0.55,1.0,0.0,7.1,7.1,1.0,0.0,0.0,0.0,0.06666666666666667,0.47333333333333333,0.0,0.0,0.0,0.0,0.0,0.0,0.0,0.06666666666666667,0.0,0.0,2.0,0.0062060916741879316,26.775000000000002,51.45,2.0,0.0,0.0,0.0,0.06666666666666667,0.5700000000000001,1.0,0.0,9.0,9.0,1.0,0.0,0.0,0.0,0.06666666666666667,0.6,2.0,0.0,4.0,3.3125,24.0,0.44375000000000003,0.0,0.0,0.0,0.0,0.0,0.0,0.0,0.0,0.0,0.0,1.0,22.1,0.0,0.0,0.0,0.0,1.0,24.0
north_heavy_seed1,north_heavy,1,519.25,534.25,47.0,3.797080894322391,18.108510638297872,20.0,5.75,2.0,13.843551224411883,0.0,0.0,0.0,0.0,0.13333333333333333,0.06666666666666667,0.0,0.0,2.0,13.749627325522596,0.0,0.0,0.0,0.0,0.13333333333333333,0.06666666666666667,0.0,0.0,26.0,0.7334975135912626,27.92115384615385,67.25,14.0,2.0,0.13333333333333333,0.06666666666666667,-0.6666666666666666,-1.2968564102564097,0.0,0.0,0.0,0.0,0.0,0.0,0.0,0.06666666666666667,0.0,0.0,0.0,0.0,0.0,0.0,0.0,0.0,0.0,0.06666666666666667,0.0,0.0,1.0,4.453337515912425,0.0,0.0,0.0,2.0,0.0,0.2,-0.2,-2.4008333333333334,0.0,0.0,0.0,0.0,0.0,0.0,0.0,0.06666666666666667,0.0,0.0,2.0,0.003958859032535862,25.75,49.0,2.0,0.0,0.0,0.0,0.06666666666666667,0.5833333333333334,1.0,0.0,8.1,8.1,1.0,0.0,0.0,0.0,0.06666666666666667,0.5399999999999999,0.0,0.0,0.0,0.0,0.0,0.0,0.0,0.06666666666666667,0.0,0.0,2.0,0.0022498646200573907,27.775000000000002,52.45,2.0,0.0,0.0,0.0,0.06666666666666667,0.6033333333333334,1.0,0.0,10.0,10.0,1.0,0.0,0.0,0.0,0.06666666666666667,0.6666666666666666,2.0,0.0,4.0,3.8125,24.0,0.5854166666666667,0.0,0.0,0.0,0.0,0.0,0.0,0.0,0.0,0.0,0.0,1.0,23.1,0.0,0.0,0.0,0.0,1.0,25.0
north_heavy_seed1,north_heavy,1,520.25,535.25,47.0,4.025955043200992,17.08191489361702,19.0,4.75,2.0,13.846543570665087,0.0,0.0,0.0,0.0,0.13333333333333333,0.06666666666666667,0.0,0.0,2.0,13.728666390606666,0.0,0.0,0.0,0.0,0.13333333333333333,0.06666666666666667,0.0,0.0,25.0,0.7893817468775759,26.868000000000002,67.2,13.0,2.0,0.13333333333333333,0.13333333333333333,-0.8,-1.4317333333333329,0.0,0.0,0.0,0.0,0.0,0.0,0.0,0.06666666666666667,0.0,0.0,0.0,0.0,0.0,0.0,0.0,0.0,0.0,0.06666666666666667,0.0,0.0,1.0,5.52809222399812,0.0,0.0,0.0,2.0,0.0,0.2,-0.2,-2.4508333333333336,0.0,0.0,0.0,0.0,0.0,0.0,0.0,0.06666666666666667,0.0,0.0,2.0,0.0014579331070185076,26.75,50.0,2.0,0.0,0.0,0.0,0.06666666666666667,0.6166666666666667,1.0,0.0,9.1,9.1,1.0,0.0,0.0,0.0,0.06666666666666667,0.6066666666666667,0.0,0.0,0.0,0.0,0.0,0.0,0.0,0.06666666666666667,0.0,0.0,2.0,0.0008154889372090707,28.775000000000002,53.45,2.0,0.0,0.0,0.0,0.06666666666666667,0.6366666666666667,1.0,0.0,11.0,11.0,1.0,0.0,0.0,0.0,0.06666666666666667,0.7333333333333333,2.0,0.0,4.0,4.3125,24.0,0.7520833333333333,0.0,0.0,0.0,0.0,0.0,0.0,0.0,0.0,0.0,0.0,1.0,24.1,0.0,0.0,0.0,0.0,1.0,26.0
north_heavy_seed1,north_heavy,1,521.25,536.25,47.0,4.280070093864132,14.624468085106383,18.0,3.75,2.0,13.85611436557862,0.0,0.0,0.0,0.0,0.13333333333333333,0.06666666666666667,0.0,0.0,2.0,13.717138686996183,0.0,0.0,0.0,0.0,0.13333333333333333,0.06666666666666667,0.0,0.0,25.0,1.0309192023891918,22.008000000000003,65.45,12.0,2.0,0.13333333333333333,0.13333333333333333,-0.8666666666666667,-1.8223999999999994,0.0,0.0,0.0,0.0,0.0,0.0,0.0,0.06666666666666667,0.0,0.0,0.0,0.0,0.0,0.0,0.0,0.0,0.0,0.06666666666666667,0.0,0.0,0.0,0.0,0.0,0.0,0.0,2.0,0.0,0.26666666666666666,-0.2,-2.5008333333333335,0.0,0.0,0.0,0.0,0.0,0.0,0.0,0.06666666666666667,0.0,0.0,2.0,0.0005234697846281418,27.75,51.0,2.0,0.0,0.0,0.0,0.06666666666666667,0.65,1.0,0.0,10.1,10.1,1.0,0.0,0.0,0.0,0.06666666666666667,0.6733333333333333,0.0,0.0,0.0,0.0,0.0,0.0,0.0,0.06666666666666667,0.0,0.0,2.0,0.00029418079997955537,29.775000000000002,54.45,2.0,0.0,0.0,0.0,0.06666666666666667,0.67,1.0,0.0,12.0,12.0,1.0,0.0,0.0,0.0,0.06666666666666667,0.8,2.0,0.0,4.0,4.8125,24.0,0.9479166666666666,0.0,0.0,0.0,0.0,0.0,0.0,0.0,0.0,0.0,0.0,1.0,25.1,0.0,0.0,0.0,0.0,1.0,27.0
north_heavy_seed1,north_heavy,1,522.25,537.25,47.0,4.3744224052727185,13.593617021276595,17.0,2.75,2.0,11.574471365163527,0.0,0.0,0.0,0.0,0.13333333333333333,0.06666666666666667,0.0,0.0,2.0,11.792700578081206,0.0,0.0,0.0,0.0,0.13333333333333333,0.06666666666666667,0.0,0.0,24.0,1.1189418895162415,20.65625,65.15,11.0,2.0,0.13333333333333333,0.2,-0.9333333333333333,-1.9791833333333329,0.0,0.0,0.0,0.0,0.0,0.0,0.0,0.06666666666666667,0.0,0.0,0.0,0.0,0.0,0.0,0.0,0.0,0.0,0.06666666666666667,0.0,0.0,0.0,0.0,0.0,0.0,0.0,2.0,0.0,0.26666666666666666,-0.2,-2.5508333333333337,0.0,0.0,0.0,0.0,0.0,0.0,0.0,0.06666666666666667,0.0,0.0,2.0,0.00019171018639462995,28.75,52.0,2.0,0.0,0.0,0.0,0.06666666666666667,0.6833333333333333,1.0,0.0,11.1,11.1,1.0,0.0,0.0,0.0,0.06666666666666667,0.74,0.0,0.0,0.0,0.0,0.0,0.0,0.0,0.06666666666666667,0.0,0.0,2.0,0.0001076464616569456,30.775000000000002,55.45,2.0,0.0,0.0,0.0,0.06666666666666667,0.7033333333333334,1.0,0.0,13.0,13.0,1.0,0.0,0.0,0.0,0.06666666666666667,0.8666666666666667,2.0,0.0,4.0,5.3125,24.0,1.1791666666666667,0.0,0.0,0.0,0.0,0.0,0.0,0.0,0.0,0.0,0.0,1.0,26.1,0.0,0.0,0.0,0.0,1.0,28.0
north_heavy_seed1,north_heavy,1,557.25,572.25,49.0,2.8657550449364044,9.403061224489797,28.0,0.75,1.0,13.88904269843828,0.0,0.0,0.0,2.0,0.06666666666666667,0.2,0.0,0.0,7.0,0.13826099094172659,10.978571428571428,32.55,5.0,0.0,0.06666666666666667,0.0,0.2,0.3846825396825396,27.0,0.08553909417055472,10.733333333333334,30.7,21.0,0.0,0.06666666666666667,0.0,0.8,0.54491452991453,1.0,13.835213972210186,0.0,0.0,0.0,2.0,0.06666666666666667,0.0,0.0,0.0,1.0,11.980193854537793,0.0,0.0,0.0,0.0,0.06666666666666667,0.0,0.0,0.0,1.0,11.987795572585892,0.0,0.0,0.0,0.0,0.06666666666666667,0.0,0.0,0.0,1.0,11.983607493429444,0.0,0.0,0.0,2.0,0.06666666666666667,0.0,0.0,0.0,1.0,13.829932208393002,0.0,0.0,0.0,2.0,0.06666666666666667,0.0,0.0,0.0,2.0,0.12798984680896933,23.05,46.1,1.0,0.0,0.06666666666666667,0.0,0.0,-0.5366666666666667,1.0,13.858385469295317,0.0,0.0,0.0,2.0,0.06666666666666667,0.0,0.0,0.0,1.0,11.802548220288017,0.0,0.0,0.0,2.0,0.06666666666666667,0.0,0.0,0.0,2.0,0.1271851955028073,24.0,48.0,1.0,0.0,0.06666666666666667,0.0,0.0,-0.6,3.0,0.3666666666666667,9.0,18.333333333333332,29.0,23.01551724137931,2.0,0.55,2.0,0.0,2.0,0.0,2.0,0.0,2.0,0.55,2.0,0.0,2.0,0.55,2.0,0.0,2.0,0.0
north_heavy_seed1,north_heavy,1,558.25,573.25,49.0,3.060779883810381,9.977551020408162,29.0,2.75,1.0,13.881745058516973,0.0,0.0,0.0,1.0,0.06666666666666667,0.2,0.0,0.0,7.0,0.4078905915982581,11.692857142857141,33.55,5.0,0.0,0.06666666666666667,0.0,0.2,0.41007936507936493,27.0,0.13253037667521828,11.516666666666666,31.7,22.0,0.0,0.06666666666666667,0.0,0.8,0.5716239316239314,1.0,13.842470341539011,0.0,0.0,0.0,1.0,0.06666666666666667,0.0,0.0,0.0,1.0,11.976404858522583,0.0,0.0,0.0,0.0,0.06666666666666667,0.0,0.0,0.0,1.0,11.973502878968139,0.0,0.0,0.0,0.0,0.06666666666666667,0.0,0.0,0.0,1.0,11.986008342776913,0.0,0.0,0.0,1.0,0.06666666666666667,0.0,0.0,0.0,1.0,13.845714223504766,0.0,0.0,0.0,1.0,0.06666666666666667,0.0,0.0,0.0,2.0,1.2745427757397787,23.55,47.1,1.0,0.0,0.06666666666666667,0.0,0.0,-0.5700000000000001,1.0,13.876777524148347,0.0,0.0,0.0,1.0,0.06666666666666667,0.0,0.0,0.0,1.0,11.807161460598007,0.0,0.0,0.0,1.0,0.06666666666666667,0.0,0.0,0.0,2.0,1.2634923026619764,24.5,49.0,1.0,0.0,0.06666666666666667,0.0,0.0,-0.6333333333333333,4.0,0.525,10.0,17.1,29.0,23.946551724137933,2.0,1.05,2.0,0.1,2.0,0.1,2.0,0.1,2.0,1.05,2.0,0.0,2.0,1.05,2.0,0.1,2.0,0.0
north_heavy_seed1,north_heavy,1,559.25,574.25,49.0,3.219118273314269,10.572448979591837,30.0,1.75,1.0,13.852268776632846,0.0,0.0,0.0,1.0,0.06666666666666667,0.2,0.0,0.0,7.0,0.682099725630645,12.428571428571429,34.55,6.0,0.0,0.06666666666666667,0.0,0.26666666666666666,0.4369047619047619,27.0,0.1797523493717612,12.33148148148148,32.7,22.0,0.0,0.06666666666666667,0.0,0.7333333333333333,0.5988936372269705,1.0,13.867751072585817,0.0,0.0,0.0,1.0,0.06666666666666667,0.0,0.0,0.0,1.0,11.986005780233535,0.0,0.0,0.0,0.0,0.06666666666666667,0.0,0.0,0.0,1.0,11.973716275244952,0.0,0.0,0.0,0.0,0.06666666666666667,0.0,0.0,0.0,1.0,11.970752348613459,0.0,0.0,0.0,1.0,0.06666666666666667,0.0,0.0,0.0,1.0,13.827130103539677,0.0,0.0,0.0,1.0,0.06666666666666667,0.0,0.0,0.0,2.0,2.252440060621106,24.05,48.1,1.0,0.0,0.06666666666666667,0.0,0.0,-0.6033333333333334,1.0,13.876475345594809,0.0,0.0,0.0,1.0,0.06666666666666667,0.0,0.0,0.0,1.0,11.78583430809319,0.0,0.0,0.0,1.0,0.06666666666666667,0.0,0.0,0.0,2.0,2.2354223930680703,25.0,50.0,1.0,0.0,0.06666666666666667,0.0,0.0,-0.6666666666666666,4.0,0.775,10.0,17.7,29.0,24.877586206896552,2.0,1.55,2.0,0.6,2.0,0.6,2.0,0.6,2.0,1.55,1.0,0.0,2.0,1.55,2.0,0.6,1.0,0.0
north_heavy_seed1,north_heavy,1,560.25,575.25,49.0,3.364394389740783,11.203061224489797,31.0,0.75,1.0,13.853910283468432,0.0,0.0,0.0,1.0,0.06666666666666667,0.2,0.0,0.0,7.0,0.9533975145952976,13.285714285714286,35.55,6.0,0.0,0.06666666666666667,0.0,0.26666666666666666,0.47182539682539687,27.0,0.23193698811114397,13.17962962962963,33.7,23.0,0.0,0.06666666666666667,0.0,0.8,0.6272317188983857,1.0,13.858430571284844,0.0,0.0,0.0,1.0,0.06666666666666667,0.0,0.0,0.0,1.0,11.976164779406972,0.0,0.0,0.0,0.0,0.06666666666666667,0.0,0.0,0.0,1.0,11.974452340111602,0.0,0.0,0.0,0.0,0.06666666666666667,0.0,0.0,0.0,1.0,11.990672564408742,0.0,0.0,0.0,1.0,0.06666666666666667,0.0,0.0,0.0,1.0,13.843637556168252,0.0,0.0,0.0,1.0,0.06666666666666667,0.0,0.0,0.0,2.0,3.2094264145487466,24.55,49.1,1.0,0.0,0.06666666666666667,0.0,0.0,-0.6366666666666667,1.0,13.85534188559046,0.0,0.0,0.0,1.0,0.06666666666666667,0.0,0.0,0.0,1.0,11.796567348543329,0.0,0.0,0.0,1.0,0.06666666666666667,0.0,0.0,0.0,2.0,3.2156575711818682,25.5,51.0,1.0,0.0,0.06666666666666667,0.0,0.0,-0.7,4.0,1.025,10.0,18.3,29.0,25.83448275862069,2.0,2.05,2.0,1.1,2.0,1.1,2.0,1.1,2.0,2.05,1.0,0.0,2.0,2.05,2.0,1.1,1.0,0.0
north_heavy_seed1,north_heavy,1,561.25,576.25,49.0,3.4704900661633733,9.762244897959183,30.0,11.75,1.0,13.880289428927936,0.0,0.0,0.0,0.0,0.06666666666666667,0.2,0.0,0.0,7.0,1.217513827838703,14.142857142857142,36.55,6.0,0.0,0.06666666666666667,0.0,0.26666666666666666,0.5067460317460317,27.0,0.17136819910928328,14.05,34.7,24.0,0.0,0.06666666666666667,0.0,0.8,0.6544871794871796,1.0,13.862287803732325,0.0,0.0,0.0,0.0,0.06666666666666667,0.0,0.0,0.0,1.0,11.97565103259869,0.0,0.0,0.0,0.0,0.06666666666666667,0.0,0.0,0.0,1.0,11.999593445467763,0.0,0.0,0.0,0.0,0.06666666666666667,0.0,0.0,0.0,1.0,11.98123697550036,0.0,0.0,0.0,0.0,0.06666666666666667,0.0,0.0,0.0,1.0,13.836867275402183,0.0,0.0,0.0,0.0,0.06666666666666667,0.0,0.0,0.0,2.0,4.449134195238848,0.0,0.0,0.0,2.0,0.06666666666666667,0.0,-0.06666666666666667,-2.3400000000000003,1.0,13.885090622974095,0.0,0.0,0.0,0.0,0.06666666666666667,0.0,0.0,0.0,1.0,11.78262133172132,0.0,0.0,0.0,0.0,0.06666666666666667,0.0,0.0,0.0,2.0,4.526938609760597,0.0,0.0,0.0,2.0,0.06666666666666667,0.0,-0.06666666666666667,-2.466666666666667,4.0,0.0,10.0,13.765,29.0,26.8,2.0,0.0,2.0,0.0,2.0,1.6,2.0,0.0,2.0,2.55,1.0,0.0,2.0,0.0,2.0,1.6,1.0,0.0
north_heavy_seed1,north_heavy,1,562.25,577.25,49.0,3.6362217212646346,10.385714285714286,31.0,10.75,1.0,13.861730885696598,0.0,0.0,0.0,0.0,0.06666666666666667,0.2,0.0,0.0,7.0,1.4901679953794085,15.0,37.55,6.0,0.0,0.06666666666666667,0.0,0.2,0.5400000000000001,27.0,0.10947853722707684,14.959259259259259,35.7,25.0,0.0,0.06666666666666667,0.0,0.8,0.6836942070275404,1.0,13.854595315769549,0.0,0.0,0.0,0.0,0.06666666666666667,0.0,0.0,0.0,1.0,11.995140865982975,0.0,0.0,0.0,0.0,0.06666666666666667,0.0,0.0,0.0,1.0,11.986087835845538,0.0,0.0,0.0,0.0,0.06666666666666667,0.0,0.0,0.0,1.0,11.976402369467541,0.0,0.0,0.0,0.0,0.06666666666666667,0.0,0.0,0.0,1.0,13.827717543779872,0.0,0.0,0.0,0.0,0.06666666666666667,0.0,0.0,0.0,1.0,10.490518680101,0.0,0.0,0.0,2.0,0.06666666666666667,0.06666666666666667,-0.06666666666666667,-2.4066666666666667,1.0,13.85926170331426,0.0,0.0,0.0,0.0,0.06666666666666667,0.0,0.0,0.0,1.0,11.837572838210043,0.0,0.0,0.0,0.0,0.06666666666666667,0.0,0.0,0.0,1.0,10.264248878163498,0.0,0.0,0.0,2.0,0.06666666666666667,0.06666666666666667,-0.06666666666666667,-2.533333333333333,3.0,0.0,9.0,4.616666666666666,29.0,27.76551724137931,1.0,0.0,1.0,0.0,2.0,2.1,1.0,0.0,2.0,3.05,1.0,0.0,1.0,0.0,2.0,2.1,1.0,0.0
north_heavy_seed1,north_heavy,1,563.25,578.25,49.0,3.8026623758816718,11.018367346938774,31.0,9.75,1.0,13.84049678593292,0.0,0.0,0.0,0.0,0.06666666666666667,0.13333333333333333,0.0,0.0,7.0,1.7681778509541348,15.857142857142858,38.55,6.0,0.0,0.06666666666666667,0.0,0.2,0.563809523809524,27.0,0.06554589539635428,15.885185185185184,36.7,25.0,0.0,0.06666666666666667,0.0,0.8,0.7120892687559354,1.0,13.889022396218499,0.0,0.0,0.0,0.0,0.06666666666666667,0.0,0.0,0.0,1.0,11.990844922133256,0.0,0.0,0.0,0.0,0.06666666666666667,0.0,0.0,0.0,1.0,11.99664138555061,0.0,0.0,0.0,0.0,0.06666666666666667,0.0,0.0,0.0,1.0,11.987873988049104,0.0,0.0,0.0,0.0,0.06666666666666667,0.0,0.0,0.0,1.0,13.858073015835835,0.0,0.0,0.0,0.0,0.06666666666666667,0.0,0.0,0.0,1.0,12.436837401541636,0.0,0.0,0.0,2.0,0.06666666666666667,0.06666666666666667,-0.06666666666666667,-2.4733333333333336,1.0,13.849036190618063,0.0,0.0,0.0,0.0,0.06666666666666667,0.0,0.0,0.0,1.0,11.798615668793216,0.0,0.0,0.0,0.0,0.06666666666666667,0.0,0.0,0.0,1.0,12.222046610705315,0.0,0.0,0.0,2.0,0.06666666666666667,0.06666666666666667,-0.06666666666666667,-2.6,3.0,0.0,9.0,0.24444444444444446,30.0,27.796666666666667,1.0,0.0,1.0,0.0,2.0,2.6,1.0,0.0,2.0,3.55,1.0,0.0,1.0,0.0,2.0,2.6,1.0,0.0
north_heavy_seed1,north_heavy,1,564.25,579.25,49.0,3.917798846772036,11.668367346938776,32.0,8.75,1.0,13.886208433141,0.0,0.0,0.0,0.0,0.06666666666666667,0.13333333333333333,0.0,0.0,7.0,1.9487505027184593,16.714285714285715,39.55,6.0,0.0,0.06666666666666667,0.0,0.2,0.5876190476190478,27.0,0.03711012438561677,16.84259259259259,37.7,26.0,0.0,0.06666666666666667,0.0,0.8,0.7415574548907882,1.0,13.830391591211082,0.0,0.0,0.0,0.0,0.06666666666666667,0.0,0.0,0.0,1.0,11.974856633394957,0.0,0.0,0.0,0.0,0.06666666666666667,0.0,0.0,0.0,1.0,11.987819375179242,0.0,0.0,0.0,0.0,0.06666666666666667,0.0,0.0,0.0,1.0,11.990775717173237,0.0,0.0,0.0,0.0,0.06666666666666667,0.0,0.0,0.0,1.0,13.852471979560796,0.0,0.0,0.0,0.0,0.06666666666666667,0.0,0.0,0.0,1.0,12.595053421848217,0.0,0.0,0.0,2.0,0.06666666666666667,0.06666666666666667,-0.06666666666666667,-2.54,1.0,13.847261227081763,0.0,0.0,0.0,0.0,0.06666666666666667,0.0,0.0,0.0,1.0,11.805861295787626,0.0,0.0,0.0,0.0,0.06666666666666667,0.0,0.0,0.0,1.0,13.467468296575952,0.0,0.0,0.0,2.0,0.06666666666666667,0.06666666666666667,-0.06666666666666667,-2.6666666666666665,3.0,0.0,8.0,0.0,30.0,28.796666666666667,1.0,0.0,1.0,0.0,2.0,3.1,1.0,0.0,2.0,4.05,1.0,0.0,1.0,0.0,2.0,3.1,1.0,0.0
north_heavy_seed1,north_heavy,1,565.25,580.25,49.0,3.9819600394769603,12.321428571428571,32.0,7.75,1.0,13.841977142270188,0.0,0.0,0.0,0.0,0.06666666666666667,0.06666666666666667,0.0,0.0,7.0,1.947892782987824,17.571428571428573,40.55,6.0,0.0,0.06666666666666667,0.0,0.2,0.6114285714285715,27.0,0.020091604924514225,17.805555555555557,38.7,26.0,0.0,0.06666666666666667,0.0,0.7333333333333333,0.7696011396011397,1.0,13.864695908864961,0.0,0.0,0.0,0.0,0.06666666666666667,0.0,0.0,0.0,1.0,11.99225561243249,0.0,0.0,0.0,0.0,0.06666666666666667,0.0,0.0,0.0,1.0,11.988916506876704,0.0,0.0,0.0,0.0,0.06666666666666667,0.0,0.0,0.0,1.0,11.976324606339913,0.0,0.0,0.0,0.0,0.06666666666666667,0.0,0.0,0.0,1.0,13.888498457996175,0.0,0.0,0.0,0.0,0.06666666666666667,0.0,0.0,0.0,1.0,12.654066079171837,0.0,0.0,0.0,2.0,0.06666666666666667,0.06666666666666667,-0.06666666666666667,-2.606666666666667,1.0,13.886302719499218,0.0,0.0,0.0,0.0,0.06666666666666667,0.0,0.0,0.0,1.0,11.842855368125027,0.0,0.0,0.0,0.0,0.06666666666666667,0.0,0.0,0.0,1.0,13.45391583881819,0.0,0.0,0.0,2.0,0.06666666666666667,0.06666666666666667,-0.06666666666666667,-2.7333333333333334,3.0,0.0,8.0,0.0,30.0,29.796666666666667,0.0,0.0,1.0,0.0,2.0,3.6,0.0,0.0,2.0,4.55,1.0,0.0,1.0,0.0,2.0,3.6,1.0,0.0
north_heavy_seed1,north_heavy,1,566.25,581.25,48.0,3.912554691513321,13.244791666666666,32.0,6.75,1.0,13.853977665554266,0.0,0.0,0.0,0.0,0.06666666666666667,0.06666666666666667,0.0,0.0,7.0,1.9453857064406421,18.428571428571427,41.55,6.0,0.0,0.06666666666666667,0.0,0.2,0.6352380952380952,27.0,0.010887296118296974,18.76851851851852,39.7,26.0,0.0,0.06666666666666667,0.0,0.6666666666666666,0.7943114909781578,1.0,13.873869610233234,0.0,0.0,0.0,0.0,0.06666666666666667,0.0,0.0,0.0,1.0,11.981971593811176,0.0,0.0,0.0,0.0,0.06666666666666667,0.0,0.0,0.0,1.0,11.970900460195262,0.0,0.0,0.0,0.0,0.06666666666666667,0.0,0.0,0.0,1.0,11.985360858330969,0.0,0.0,0.0,0.0,0.06666666666666667,0.0,0.0,0.0,1.0,13.84511442422634,0.0,0.0,0.0,0.0,0.06666666666666667,0.0,0.0,0.0,1.0,12.643704594581152,0.0,0.0,0.0,2.0,0.06666666666666667,0.06666666666666667,-0.06666666666666667,-2.6733333333333333,1.0,13.851529919729801,0.0,0.0,0.0,0.0,0.06666666666666667,0.0,0.0,0.0,1.0,11.797841543423718,0.0,0.0,0.0,0.0,0.06666666666666667,0.0,0.0,0.0,1.0,13.4786537499145,0.0,0.0,0.0,2.0,0.06666666666666667,0.06666666666666667,-0.06666666666666667,-2.8,3.0,0.0,7.0,0.0,30.0,30.796666666666667,0.0,0.0,1.0,0.0,2.0,4.1499999999999995,0.0,0.0,2.0,5.05,1.0,0.0,1.0,0.0,2.0,4.1,1.0,0.0
north_heavy_seed1,north_heavy,1,567.25,582.25,47.0,3.824852476021152,14.207446808510639,32.0,5.75,1.0,13.853909739583033,0.0,0.0,0.0,0.0,0.06666666666666667,0.06666666666666667,0.0,0.0,7.0,1.945853269353165,19.285714285714285,42.55,6.0,0.0,0.06666666666666667,0.0,0.2,0.659047619047619,27.0,0.0059286275184992345,19.73148148148148,40.7,26.0,0.0,0.06666666666666667,0.0,0.6,0.8164577397910731,1.0,13.85376542566577,0.0,0.0,0.0,0.0,0.06666666666666667,0.0,0.0,0.0,1.0,11.990973994738887,0.0,0.0,0.0,0.0,0.06666666666666667,0.0,0.0,0.0,1.0,11.979189780650195,0.0,0.0,0.0,0.0,0.06666666666666667,0.0,0.0,0.0,1.0,11.998321192085278,0.0,0.0,0.0,0.0,0.06666666666666667,0.0,0.0,0.0,1.0,13.831269741541474,0.0,0.0,0.0,0.0,0.06666666666666667,0.0,0.0,0.0,1.0,12.625540551491078,0.0,0.0,0.0,2.0,0.06666666666666667,0.06666666666666667,-0.06666666666666667,-2.74,1.0,13.860982466365677,0.0,0.0,0.0,0.0,0.06666666666666667,0.0,0.0,0.0,1.0,11.824977072492482,0.0,0.0,0.0,0.0,0.06666666666666667,0.0,0.0,0.0,1.0,13.442952554295896,0.0,0.0,0.0,2.0,0.06666666666666667,0.06666666666666667,-0.06666666666666667,-2.8666666666666667,3.0,0.0,7.0,0.0,30.0,31.796666666666667,0.0,0.0,1.0,0.0,2.0,5.1499999999999995,0.0,0.0,2.0,5.55,1.0,0.0,0.0,0.0,2.0,4.6,1.0,0.65
north_heavy_seed1,north_heavy,1,568.25,583.25,59.0,5.335852671860236,11.872033898305085,33.0,4.75,2.0,12.438327517584728,0.0,0.0,0.0,0.0,0.13333333333333333,0.06666666666666667,0.0,0.0,8.0,2.2437413563665136,17.625,43.55,6.0,0.0,0.13333333333333333,0.0,0.2,0.515,28.0,0.09132102171919756,19.980357142857144,41.7,27.0,0.0,0.13333333333333333,0.0,0.6,0.7890750915750916,2.0,14.087031771886771,0.0,0.0,0.0,0.0,0.13333333333333333,0.0,0.0,0.0,2.0,11.73153573294076,0.0,0.0,0.0,0.0,0.13333333333333333,0.0,0.0,0.0,2.0,13.01905520741159,0.0,0.0,0.0,0.0,0.13333333333333333,0.0,0.0,0.0,2.0,12.828590830599083,0.0,0.0,0.0,0.0,0.13333333333333333,0.0,0.0,0.0,2.0,12.871455071789379,0.0,0.0,0.0,0.0,0.13333333333333333,0.0,0.0,0.0,2.0,12.44887664740961,0.0,0.0,0.0,2.0,0.13333333333333333,0.06666666666666667,-0.06666666666666667,-2.8066666666666666,2.0,12.869376202346743,0.0,0.0,0.0,0.0,0.13333333333333333,0.0,0.0,0.0,2.0,11.46953225829738,0.0,0.0,0.0,0.0,0.13333333333333333,0.0,0.0,0.0,2.0,13.658509247362442,0.0,0.0,0.0,2.0,0.13333333333333333,0.06666666666666667,-0.06666666666666667,-2.933333333333333,2.0,0.0,6.0,0.0,30.0,32.79666666666667,0.0,0.0,0.0,0.0,2.0,6.1499999999999995,0.0,0.0,2.0,6.05,1.0,0.25,0.0,0.0,2.0,5.1,1.0,1.65
north_heavy_seed1,north_heavy,1,569.25,584.25,59.0,5.120857640585847,12.43135593220339,33.0,3.75,2.0,10.174574359743428,0.0,0.0,0.0,0.0,0.13333333333333333,0.06666666666666667,0.0,0.0,8.0,2.1691705267221475,18.375,44.55,6.0,0.0,0.13333333333333333,0.0,0.13333333333333333,0.5288888888888889,28.0,0.1831669612718542,20.94464285714286,42.7,27.0,0.0,0.13333333333333333,0.0,0.5333333333333333,0.8059249084249086,2.0,11.844065185031859,0.0,0.0,0.0,0.0,0.13333333333333333,0.0,0.0,0.0,2.0,11.751977013544751,0.0,0.0,0.0,0.0,0.13333333333333333,0.0,0.0,0.0,2.0,14.165361706650016,0.0,0.0,0.0,0.0,0.13333333333333333,0.0,0.0,0.0,2.0,13.329625445961081,0.0,0.0,0.0,0.0,0.13333333333333333,0.0,0.0,0.0,2.0,10.650871816424711,0.0,0.0,0.0,0.0,0.13333333333333333,0.0,0.0,0.0,2.0,12.396290084411717,0.0,0.0,0.0,2.0,0.13333333333333333,0.06666666666666667,-0.06666666666666667,-2.8733333333333335,2.0,10.627282080671257,0.0,0.0,0.0,0.0,0.13333333333333333,0.0,0.0,0.0,2.0,11.466326153414972,0.0,0.0,0.0,0.0,0.13333333333333333,0.0,0.0,0.0,2.0,13.648539986044813,0.0,0.0,0.0,2.0,0.13333333333333333,0.06666666666666667,-0.06666666666666667,-3.0,2.0,0.0,5.0,0.0,30.0,33.79666666666667,0.0,0.0,0.0,0.0,2.0,7.1499999999999995,0.0,0.0,2.0,6.55,1.0,1.25,0.0,0.0,2.0,5.6,1.0,2.65
north_heavy_seed1,north_heavy,1,570.25,585.25,60.0,4.71798720949509,12.774166666666668,33.0,2.75,3.0,8.587386187057012,0.0,0.0,0.0,0.0,0.2,0.0,0.0,0.0,9.0,2.161483288143359,17.0,45.55,6.0,0.0,0.2,0.0,0.06666666666666667,0.3905555555555556,28.0,0.20601900208800972,21.90892857142857,43.7,27.0,0.0,0.13333333333333333,0.0,0.4666666666666667,0.8211080586080587,2.0,9.577068090359921,0.0,0.0,0.0,0.0,0.13333333333333333,0.0,0.0,0.0,2.0,11.414419509520702,0.0,0.0,0.0,0.0,0.13333333333333333,0.0,0.0,0.0,2.0,14.743021611931713,0.0,0.0,0.0,0.0,0.13333333333333333,0.0,0.0,0.0,2.0,13.061265645125552,0.0,0.0,0.0,0.0,0.13333333333333333,0.0,0.0,0.0,2.0,8.386798425676295,0.0,0.0,0.0,0.0,0.13333333333333333,0.0,0.0,0.0,2.0,12.385623616794451,0.0,0.0,0.0,2.0,0.13333333333333333,0.06666666666666667,-0.06666666666666667,-2.94,2.0,8.398669727006693,0.0,0.0,0.0,0.0,0.13333333333333333,0.0,0.0,0.0,2.0,11.508521016876745,0.0,0.0,0.0,0.0,0.13333333333333333,0.0,0.0,0.0,2.0,13.646314426729752,0.0,0.0,0.0,2.0,0.13333333333333333,0.06666666666666667,-0.06666666666666667,-3.066666666666667,2.0,0.0,4.0,0.0,30.0,34.79666666666667,0.0,0.0,0.0,0.0,2.0,8.149999999999999,0.0,0.0,2.0,7.55,1.0,2.25,0.0,0.0,2.0,6.1,1.0,3.65
north_heavy_seed1,north_heavy,1,571.25,586.25,61.0,4.097510722598803,13.112295081967213,37.0,1.75,3.0,7.300107398613522,0.03333333333333333,0.1,1.0,0.0,0.2,0.0,0.06666666666666667,0.0022222222222222222,9.0,2.2049555713075244,17.666666666666668,46.55,6.0,0.0,0.2,0.0,0.06666666666666667,0.37944444444444453,29.0,0.14304155386114467,22.08448275862069,44.7,27.0,0.0,0.2,0.0,0.4666666666666667,0.7815296198054821,2.0,7.5126480873041075,0.05,0.1,1.0,0.0,0.13333333333333333,0.0,0.06666666666666667,0.0033333333333333335,2.0,9.433767482860183,0.0,0.0,0.0,0.0,0.13333333333333333,0.0,0.0,0.0,2.0,12.712077214374247,0.0,0.0,0.0,0.0,0.13333333333333333,0.0,0.0,0.0,2.0,11.008443866140071,0.0,0.0,0.0,0.0,0.13333333333333333,0.0,0.0,0.0,2.0,6.292847867089304,0.05,0.1,1.0,0.0,0.13333333333333333,0.0,0.06666666666666667,0.0033333333333333335,2.0,12.44465777978648,0.0,0.0,0.0,2.0,0.13333333333333333,0.06666666666666667,-0.06666666666666667,-3.006666666666667,2.0,6.287807113420927,0.05,0.1,1.0,0.0,0.13333333333333333,0.0,0.06666666666666667,0.0033333333333333335,2.0,9.762629193674448,0.0,0.0,0.0,0.0,0.13333333333333333,0.0,0.0,0.0,2.0,13.658586692992428,0.0,0.0,0.0,2.0,0.13333333333333333,0.06666666666666667,-0.06666666666666667,-3.1333333333333333,1.0,0.0,4.0,0.0,30.0,35.79666666666667,0.0,0.0,0.0,0.0,2.0,9.149999999999999,0.0,0.0,2.0,8.55,1.0,3.25,0.0,0.0,2.0,6.6,1.0,4.65
north_heavy_seed1,north_heavy,1,572.25,587.25,61.0,3.8370133689064616,13.718852459016393,37.0,0.75,3.0,7.4397286650973244,0.3666666666666667,1.1,1.0,0.0,0.13333333333333333,0.0,0.06666666666666667,0.024444444444444446,9.0,2.335888908821658,18.333333333333332,47.55,6.0,0.0,0.13333333333333333,0.0,0.06666666666666667,0.4903174603174603,29.0,0.1089755123147748,23.01551724137931,45.7,27.0,0.0,0.13333333333333333,0.0,0.4,0.8188122605363984,2.0,7.535972472795485,0.55,1.1,1.0,0.0,0.06666666666666667,0.0,0.06666666666666667,0.03666666666666667,2.0,7.431672543155874,0.0,0.0,0.0,0.0,0.06666666666666667,0.0,0.0,0.0,2.0,10.709859270671828,0.0,0.0,0.0,0.0,0.06666666666666667,0.0,0.0,0.0,2.0,9.040759666925709,0.0,0.0,0.0,0.0,0.06666666666666667,0.0,0.0,0.0,2.0,6.280991603644719,0.55,1.1,1.0,0.0,0.06666666666666667,0.0,0.06666666666666667,0.03666666666666667,2.0,12.402767292699988,0.0,0.0,0.0,2.0,0.06666666666666667,0.06666666666666667,-0.06666666666666667,-1.5366666666666666,2.0,6.281031739899666,0.55,1.1,1.0,0.0,0.06666666666666667,0.0,0.06666666666666667,0.03666666666666667,2.0,7.532064570500083,0.0,0.0,0.0,0.0,0.06666666666666667,0.0,0.0,0.0,2.0,13.647603452111774,0.0,0.0,0.0,2.0,0.06666666666666667,0.06666666666666667,-0.06666666666666667,-1.6,1.0,0.0,3.0,0.0,30.0,36.79666666666667,0.0,0.0,0.0,0.0,2.0,10.149999999999999,0.0,0.0,2.0,9.55,1.0,4.25,0.0,0.0,2.0,7.425,1.0,5.65
north_heavy_seed1,north_heavy,1,573.25,588.25,63.0,3.7003542649472903,13.883333333333333,41.0,2.75,4.0,7.772070765389552,0.525,2.1,1.0,0.0,0.2,0.0,0.06666666666666667,0.035,10.0,2.6405878985515425,17.1,48.55,6.0,0.0,0.2,0.0,0.06666666666666667,0.36047619047619067,29.0,0.0774923387142697,23.946551724137933,46.7,27.0,0.0,0.13333333333333333,0.0,0.3333333333333333,0.8286590038314178,2.0,7.486793550296711,1.05,2.1,1.0,0.0,0.06666666666666667,0.0,0.06666666666666667,0.07,2.0,5.719268867778232,0.1,0.2,1.0,0.0,0.06666666666666667,0.0,0.06666666666666667,0.006666666666666667,2.0,9.059363172064044,0.1,0.2,1.0,0.0,0.06666666666666667,0.0,0.06666666666666667,0.006666666666666667,2.0,7.350421477731204,0.1,0.2,1.0,0.0,0.06666666666666667,0.0,0.06666666666666667,0.006666666666666667,2.0,6.2436130486250425,1.05,2.1,1.0,0.0,0.06666666666666667,0.0,0.06666666666666667,0.07,2.0,12.446575998818712,0.0,0.0,0.0,1.0,0.06666666666666667,0.06666666666666667,-0.06666666666666667,-1.57,2.0,6.2966057746361574,1.05,2.1,1.0,0.0,0.06666666666666667,0.0,0.06666666666666667,0.07,2.0,5.579614608434905,0.1,0.2,1.0,0.0,0.06666666666666667,0.0,0.06666666666666667,0.006666666666666667,2.0,13.60104640021807,0.0,0.0,0.0,1.0,0.06666666666666667,0.06666666666666667,-0.06666666666666667,-1.6333333333333333,1.0,0.0,3.0,0.0,30.0,37.79666666666667,0.0,0.0,0.0,0.0,2.0,11.149999999999999,0.0,0.0,2.0,10.55,1.0,5.25,0.0,0.0,2.0,8.424999999999999,1.0,6.65
north_heavy_seed1,north_heavy,1,574.25,589.25,63.0,3.7425319825943038,14.534126984126983,41.0,1.75,4.0,8.242156304781636,0.775,3.1,1.0,0.0,0.2,0.0,0.06666666666666667,0.051666666666666666,10.0,2.8953934798510357,17.7,49.55,6.0,0.0,0.2,0.0,0.0,0.35142857142857137,29.0,0.04357154510303415,24.877586206896552,47.7,27.0,0.0,0.13333333333333333,0.0,0.3333333333333333,0.8364069816943381,2.0,7.48666319139828,1.55,3.1,1.0,0.0,0.06666666666666667,0.0,0.06666666666666667,0.10333333333333333,2.0,5.712520419600991,0.6,1.2,1.0,0.0,0.06666666666666667,0.0,0.06666666666666667,0.04,2.0,9.082781193841397,0.6,1.2,1.0,0.0,0.06666666666666667,0.0,0.06666666666666667,0.04,2.0,7.3712265200172,0.6,1.2,1.0,0.0,0.06666666666666667,0.0,0.06666666666666667,0.04,2.0,6.315649639460297,1.55,3.1,1.0,0.0,0.06666666666666667,0.0,0.06666666666666667,0.10333333333333333,1.0,12.25662325639483,0.0,0.0,0.0,1.0,0.06666666666666667,0.13333333333333333,-0.06666666666666667,-1.6033333333333333,2.0,6.289011754487418,1.55,3.1,1.0,0.0,0.06666666666666667,0.0,0.06666666666666667,0.10333333333333333,2.0,5.596682943139869,0.6,1.2,1.0,0.0,0.06666666666666667,0.0,0.06666666666666667,0.04,1.0,13.84348038515076,0.0,0.0,0.0,1.0,0.06666666666666667,0.13333333333333333,-0.06666666666666667,-1.6666666666666667,1.0,0.0,3.0,0.0,30.0,38.79666666666667,0.0,0.0,0.0,0.0,2.0,12.149999999999999,0.0,0.0,2.0,11.55,1.0,6.25,0.0,0.0,2.0,9.424999999999999,1.0,7.65
north_heavy_seed1,north_heavy,1,575.25,590.25,63.0,3.7745797350176575,15.196825396825396,42.0,0.75,4.0,8.678107764617952,1.025,4.1,1.0,0.0,0.2,0.0,0.06666666666666667,0.06833333333333333,10.0,3.0247553192030687,18.3,50.55,6.0,0.0,0.2,0.0,0.0,0.3342857142857143,29.0,0.023233211624152303,25.83448275862069,48.7,28.0,0.0,0.13333333333333333,0.0,0.3333333333333333,0.8436568752660707,2.0,7.52997678141537,2.05,4.1,1.0,0.0,0.06666666666666667,0.0,0.06666666666666667,0.13666666666666666,2.0,5.732024101253123,1.1,2.2,1.0,0.0,0.06666666666666667,0.0,0.06666666666666667,0.07333333333333333,2.0,8.965218090593561,1.1,2.2,1.0,0.0,0.06666666666666667,0.0,0.06666666666666667,0.07333333333333333,2.0,7.3264726032185745,1.1,2.2,1.0,0.0,0.06666666666666667,0.0,0.06666666666666667,0.07333333333333333,2.0,6.242292003018238,2.05,4.1,1.0,0.0,0.06666666666666667,0.0,0.06666666666666667,0.13666666666666666,1.0,12.196899046025662,0.0,0.0,0.0,1.0,0.06666666666666667,0.13333333333333333,-0.06666666666666667,-1.6366666666666667,2.0,6.29429989116244,2.05,4.1,1.0,0.0,0.06666666666666667,0.0,0.06666666666666667,0.13666666666666666,2.0,5.568728070155313,1.1,2.2,1.0,0.0,0.06666666666666667,0.0,0.06666666666666667,0.07333333333333333,1.0,13.871165525719524,0.0,0.0,0.0,1.0,0.06666666666666667,0.13333333333333333,-0.06666666666666667,-1.7,1.0,0.0,3.0,0.0,30.0,39.79666666666667,0.0,0.0,0.0,0.0,2.0,13.149999999999999,0.0,0.0,2.0,12.55,1.0,7.25,0.0,0.0,2.0,10.424999999999999,1.0,8.65
north_heavy_seed1,north_heavy,1,576.25,591.25,63.0,3.7638805608552555,14.703968253968254,37.0,29.75,4.0,8.859644865151736,0.0,0.0,0.0,2.0,0.2,0.0,0.0,0.0,10.0,3.157319532471213,13.765,47.7,6.0,2.0,0.2,0.0,0.0,-0.025190476190476117,29.0,0.011956647318789222,26.8,49.7,28.0,0.0,0.13333333333333333,0.0,0.26666666666666666,0.85,2.0,7.861786962267184,0.0,0.0,0.0,2.0,0.06666666666666667,0.0,0.0,0.0,2.0,5.993788060535697,0.0,0.0,0.0,2.0,0.06666666666666667,0.0,0.0,0.0,2.0,6.517386631987125,1.6,3.2,1.0,0.0,0.06666666666666667,0.0,0.06666666666666667,0.10666666666666667,2.0,7.555245883713631,0.0,0.0,0.0,2.0,0.06666666666666667,0.0,0.0,0.0,2.0,6.297926564840406,2.55,5.1,1.0,0.0,0.06666666666666667,0.0,0.06666666666666667,0.16999999999999998,1.0,12.260681801179615,0.0,0.0,0.0,0.0,0.06666666666666667,0.13333333333333333,0.0,0.0,2.0,6.612726502616739,0.0,0.0,0.0,2.0,0.06666666666666667,0.0,0.0,0.0,2.0,5.581085410300122,1.6,3.2,1.0,0.0,0.06666666666666667,0.0,0.06666666666666667,0.10666666666666667,1.0,13.856020529748873,0.0,0.0,0.0,0.0,0.06666666666666667,0.13333333333333333,0.0,0.0,1.0,0.0,2.0,0.0,30.0,40.79666666666667,0.0,0.0,0.0,0.0,2.0,14.149999999999999,0.0,0.0,2.0,13.55,1.0,8.25,0.0,0.0,2.0,11.425,1.0,9.65
north_heavy_seed1,north_heavy,1,577.25,592.25,63.0,3.8733045261627135,13.670634920634921,34.0,28.75,3.0,11.575657295716368,0.0,0.0,0.0,2.0,0.2,0.06666666666666667,0.0,0.0,9.0,3.3471482999594224,4.616666666666666,22.2,3.0,2.0,0.2,0.06666666666666667,-0.2,-0.6922222222222222,29.0,0.00610235411879434,27.76551724137931,50.7,28.0,0.0,0.13333333333333333,0.0,0.2,0.8537505321413368,1.0,14.520578713027081,0.0,0.0,0.0,2.0,0.06666666666666667,0.06666666666666667,0.0,0.0,1.0,11.4871716023532,0.0,0.0,0.0,2.0,0.06666666666666667,0.06666666666666667,0.0,0.0,2.0,4.1967962831291805,2.1,4.2,1.0,0.0,0.06666666666666667,0.0,0.06666666666666667,0.14,1.0,14.69084174977162,0.0,0.0,0.0,2.0,0.06666666666666667,0.06666666666666667,0.0,0.0,2.0,6.304123241477917,3.05,6.1,1.0,0.0,0.06666666666666667,0.0,0.06666666666666667,0.2033333333333333,1.0,12.180563352749175,0.0,0.0,0.0,0.0,0.06666666666666667,0.06666666666666667,0.0,0.0,1.0,12.552020077783169,0.0,0.0,0.0,2.0,0.06666666666666667,0.06666666666666667,0.0,0.0,2.0,5.564873579817187,2.1,4.2,1.0,0.0,0.06666666666666667,0.0,0.06666666666666667,0.14,1.0,13.872062783652916,0.0,0.0,0.0,0.0,0.06666666666666667,0.06666666666666667,0.0,0.0,1.0,0.0,2.0,0.0,30.0,41.79666666666667,0.0,0.0,0.0,0.0,2.0,15.149999999999999,0.0,0.0,2.0,14.55,1.0,9.25,0.0,0.0,2.0,12.425,1.0,10.65
north_heavy_seed1,north_heavy,1,578.25,593.25,64.0,3.882136179956285,13.3375,34.0,27.75,3.0,11.574563680876109,0.0,0.0,0.0,2.0,0.2,0.06666666666666667,0.0,0.0,9.0,3.6366751337568672,0.24444444444444446,2.2,1.0,2.0,0.2,0.06666666666666667,-0.3333333333333333,-1.040846560846561,30.0,0.004140580821688161,27.796666666666667,51.7,30.0,0.0,0.2,0.0,0.3333333333333333,0.7940987654320988,1.0,11.53160789020706,0.0,0.0,0.0,2.0,0.06666666666666667,0.06666666666666667,0.0,0.0,1.0,11.444833259887972,0.0,0.0,0.0,2.0,0.06666666666666667,0.06666666666666667,0.0,0.0,2.0,2.2381083568557636,2.6,5.2,1.0,0.0,0.06666666666666667,0.0,0.06666666666666667,0.17333333333333334,1.0,12.480066615488534,0.0,0.0,0.0,2.0,0.06666666666666667,0.06666666666666667,0.0,0.0,2.0,6.242926189442262,3.55,7.1,1.0,0.0,0.06666666666666667,0.0,0.06666666666666667,0.23666666666666666,1.0,12.177749301496386,0.0,0.0,0.0,0.0,0.06666666666666667,0.06666666666666667,0.0,0.0,1.0,12.55574742798835,0.0,0.0,0.0,2.0,0.06666666666666667,0.06666666666666667,0.0,0.0,2.0,5.611062197883558,2.6,5.2,1.0,0.0,0.06666666666666667,0.0,0.06666666666666667,0.17333333333333334,1.0,13.865704014755787,0.0,0.0,0.0,0.0,0.06666666666666667,0.06666666666666667,0.0,0.0,1.0,0.0,1.0,0.0,30.0,42.79666666666667,0.0,0.0,0.0,0.0,2.0,16.15,0.0,0.0,2.0,15.55,1.0,10.25,0.0,0.0,2.0,13.425,1.0,11.65
north_heavy_seed1,north_heavy,1,579.25,594.25,64.0,3.9815630674279423,13.81875,33.0,26.75,3.0,11.598973016999025,0.0,0.0,0.0,2.0,0.2,0.06666666666666667,0.0,0.0,8.0,3.998534153092337,0.0,0.0,0.0,2.0,0.2,0.13333333333333333,-0.4,-1.1142857142857143,30.0,0.003123036889826017,28.796666666666667,52.7,30.0,0.0,0.2,0.0,0.26666666666666666,0.7969382716049384,1.0,10.002671817313253,0.0,0.0,0.0,2.0,0.06666666666666667,0.06666666666666667,0.0,0.0,1.0,11.48415546323683,0.0,0.0,0.0,2.0,0.06666666666666667,0.06666666666666667,0.0,0.0,2.0,0.9088586328221512,3.1,6.2,1.0,0.0,0.06666666666666667,0.0,0.06666666666666667,0.20666666666666667,1.0,10.268653842966728,0.0,0.0,0.0,2.0,0.06666666666666667,0.06666666666666667,0.0,0.0,2.0,6.241902281437108,4.05,8.1,1.0,0.0,0.06666666666666667,0.0,0.06666666666666667,0.26999999999999996,1.0,12.188857024057958,0.0,0.0,0.0,0.0,0.06666666666666667,0.06666666666666667,0.0,0.0,1.0,12.547916144515874,0.0,0.0,0.0,2.0,0.06666666666666667,0.06666666666666667,0.0,0.0,2.0,5.600136188128792,3.1,6.2,1.0,0.0,0.06666666666666667,0.0,0.06666666666666667,0.20666666666666667,1.0,10.857190277748975,0.0,0.0,0.0,0.0,0.06666666666666667,0.06666666666666667,0.0,0.0,1.0,0.0,1.0,0.0,30.0,43.79666666666667,0.0,0.0,0.0,0.0,2.0,17.15,0.0,0.0,2.0,16.55,1.0,11.25,0.0,0.0,2.0,14.425,1.0,12.65
north_heavy_seed1,north_heavy,1,580.25,595.25,63.0,3.958720154470193,14.561904761904762,33.0,25.75,3.0,11.583285944707209,0.0,0.0,0.0,2.0,0.2,0.06666666666666667,0.0,0.0,8.0,4.708973153182153,0.0,0.0,0.0,2.0,0.2,0.13333333333333333,-0.4,-1.1714285714285715,30.0,0.0019105182483599222,29.796666666666667,53.7,30.0,0.0,0.2,0.0,0.26666666666666666,0.7994074074074073,0.0,0.0,0.0,0.0,0.0,2.0,0.0,0.06666666666666667,0.0,0.0,1.0,11.487252485043582,0.0,0.0,0.0,2.0,0.06666666666666667,0.06666666666666667,0.0,0.0,2.0,0.22446420923406218,3.6,7.2,1.0,0.0,0.06666666666666667,0.0,0.06666666666666667,0.24000000000000002,0.0,0.0,0.0,0.0,0.0,2.0,0.0,0.06666666666666667,0.0,0.0,2.0,4.413296491101573,4.55,9.1,1.0,0.0,0.06666666666666667,0.0,0.06666666666666667,0.30333333333333334,1.0,12.181190615546381,0.0,0.0,0.0,0.0,0.06666666666666667,0.06666666666666667,0.0,0.0,1.0,12.581374330944866,0.0,0.0,0.0,2.0,0.06666666666666667,0.06666666666666667,0.0,0.0,2.0,5.576767066156436,3.6,7.2,1.0,0.0,0.06666666666666667,0.0,0.06666666666666667,0.24000000000000002,1.0,6.361275247249949,0.0,0.0,0.0,0.0,0.06666666666666667,0.06666666666666667,0.0,0.0,1.0,0.0,1.0,0.0,30.0,44.79666666666667,0.0,0.0,0.0,0.0,2.0,18.15,0.0,0.0,2.0,17.55,1.0,12.25,0.0,0.0,2.0,15.425,1.0,13.65
north_heavy_seed1,north_heavy,1,581.25,596.25,63.0,4.041547011711385,15.087301587301587,34.0,24.75,3.0,11.586845885729558,0.0,0.0,0.0,2.0,0.2,0.06666666666666667,0.0,0.0,7.0,5.294883829109403,0.0,0.0,0.0,2.0,0.2,0.2,-0.4,-1.2285714285714284,30.0,0.0010853164108008053,30.796666666666667,54.7,30.0,0.0,0.2,0.0,0.26666666666666666,0.8018765432098766,0.0,0.0,0.0,0.0,0.0,2.0,0.0,0.06666666666666667,0.0,0.0,1.0,11.424912366457729,0.0,0.0,0.0,2.0,0.06666666666666667,0.06666666666666667,0.0,0.0,2.0,0.043691186783978764,4.1499999999999995,8.2,2.0,0.0,0.06666666666666667,0.0,0.13333333333333333,0.2766666666666666,0.0,0.0,0.0,0.0,0.0,2.0,0.0,0.06666666666666667,0.0,0.0,2.0,2.375480403709327,5.05,10.1,1.0,0.0,0.06666666666666667,0.0,0.06666666666666667,0.33666666666666667,1.0,8.92149928820241,0.0,0.0,0.0,0.0,0.06666666666666667,0.06666666666666667,0.0,0.0,1.0,10.868939592722509,0.0,0.0,0.0,2.0,0.06666666666666667,0.06666666666666667,0.0,0.0,2.0,4.722624636581036,4.1,8.2,1.0,0.0,0.06666666666666667,0.0,0.06666666666666667,0.2733333333333333,1.0,1.861420204547862,0.0,0.0,0.0,0.0,0.06666666666666667,0.06666666666666667,0.0,0.0,2.0,0.0,2.0,0.0,30.0,45.79666666666667,0.0,0.0,0.0,0.0,2.0,19.15,0.0,0.0,2.0,18.55,1.0,13.25,0.0,0.0,2.0,16.425,1.0,14.65
north_heavy_seed1,north_heavy,1,582.25,597.25,63.0,4.149795745102035,15.637301587301588,35.0,23.75,3.0,11.245487597208019,0.0,0.0,0.0,2.0,0.2,0.06666666666666667,0.0,0.0,7.0,6.031568528500875,0.0,0.0,0.0,2.0,0.2,0.2,-0.4,-1.2857142857142856,30.0,0.00057891392860823,31.796666666666667,55.7,30.0,0.0,0.2,0.0,0.26666666666666666,0.8043456790123458,0.0,0.0,0.0,0.0,0.0,2.0,0.0,0.06666666666666667,0.0,0.0,1.0,11.484748878030086,0.0,0.0,0.0,2.0,0.06666666666666667,0.06666666666666667,0.0,0.0,2.0,0.007923917884660724,5.1499999999999995,9.2,2.0,0.0,0.06666666666666667,0.0,0.13333333333333333,0.3433333333333333,0.0,0.0,0.0,0.0,0.0,2.0,0.0,0.06666666666666667,0.0,0.0,2.0,0.969539872548985,5.55,11.1,1.0,0.0,0.06666666666666667,0.0,0.06666666666666667,0.37,1.0,3.9400597461004727,0.0,0.0,0.0,0.0,0.06666666666666667,0.06666666666666667,0.0,0.0,0.0,0.0,0.0,0.0,0.0,2.0,0.0,0.06666666666666667,0.0,0.0,2.0,3.073290296326532,4.6,9.2,1.0,0.0,0.06666666666666667,0.0,0.06666666666666667,0.30666666666666664,1.0,0.0,0.65,0.65,1.0,0.0,0.06666666666666667,0.06666666666666667,0.06666666666666667,0.043333333333333335,2.0,0.0,2.0,0.0,30.0,46.79666666666667,0.0,0.0,0.0,0.0,2.0,20.15,0.0,0.0,2.0,19.55,1.0,14.25,0.0,0.0,2.0,17.425,1.0,15.65
north_heavy_seed1,north_heavy,1,583.25,598.25,62.0,4.1801389543980365,16.45806451612903,36.0,22.75,2.0,10.988533086814837,0.0,0.0,0.0,2.0,0.13333333333333333,0.13333333333333333,0.0,0.0,6.0,6.897359727149396,0.0,0.0,0.0,2.0,0.13333333333333333,0.26666666666666666,-0.4,-1.175,30.0,0.00030531387808169425,32.79666666666667,56.7,30.0,0.0,0.13333333333333333,0.0,0.2,0.8544206349206348,0.0,0.0,0.0,0.0,0.0,2.0,0.0,0.13333333333333333,0.0,0.0,0.0,0.0,0.0,0.0,0.0,2.0,0.0,0.13333333333333333,0.0,0.0,2.0,0.0014385606971913446,6.1499999999999995,10.2,2.0,0.0,0.0,0.0,0.13333333333333333,0.41,0.0,0.0,0.0,0.0,0.0,2.0,0.0,0.13333333333333333,0.0,0.0,2.0,0.26284055622921226,6.05,12.1,1.0,0.0,0.0,0.0,0.06666666666666667,0.4033333333333333,1.0,0.0,0.25,0.25,1.0,0.0,0.0,0.06666666666666667,0.06666666666666667,0.016666666666666666,0.0,0.0,0.0,0.0,0.0,2.0,0.0,0.13333333333333333,0.0,0.0,2.0,1.7238346974580434,5.1,10.2,1.0,0.0,0.0,0.0,0.06666666666666667,0.33999999999999997,1.0,0.0,1.65,1.65,1.0,0.0,0.0,0.06666666666666667,0.06666666666666667,0.11,2.0,0.0,2.0,0.0,30.0,47.79666666666667,0.0,0.0,0.0,0.0,2.0,21.15,0.0,0.0,2.0,20.55,1.0,15.25,0.0,0.0,2.0,18.425,1.0,16.65
north_heavy_seed1,north_heavy,1,584.25,599.25,62.0,4.218250614828957,17.038709677419355,36.0,21.75,2.0,10.54243941232215,0.0,0.0,0.0,2.0,0.13333333333333333,0.13333333333333333,0.0,0.0,5.0,7.4438387873768805,0.0,0.0,0.0,2.0,0.13333333333333333,0.3333333333333333,-0.4,-1.225,30.0,0.00015436969910397264,33.79666666666667,57.7,30.0,0.0,0.13333333333333333,0.0,0.2,0.8568015873015872,0.0,0.0,0.0,0.0,0.0,2.0,0.0,0.13333333333333333,0.0,0.0,0.0,0.0,0.0,0.0,0.0,2.0,0.0,0.13333333333333333,0.0,0.0,2.0,0.0002591081152418254,7.1499999999999995,11.2,2.0,0.0,0.0,0.0,0.13333333333333333,0.4766666666666666,0.0,0.0,0.0,0.0,0.0,2.0,0.0,0.13333333333333333,0.0,0.0,2.0,0.05062880421381281,6.55,13.1,1.0,0.0,0.0,0.0,0.06666666666666667,0.43666666666666665,1.0,0.0,1.25,1.25,1.0,0.0,0.0,0.06666666666666667,0.06666666666666667,0.08333333333333333,0.0,0.0,0.0,0.0,0.0,2.0,0.0,0.13333333333333333,0.0,0.0,2.0,0.7519738508017128,5.6,11.2,1.0,0.0,0.0,0.0,0.06666666666666667,0.3733333333333333,1.0,0.0,2.65,2.65,1.0,0.0,0.0,0.06666666666666667,0.06666666666666667,0.17666666666666667,2.0,0.0,2.0,0.0,30.0,48.79666666666667,0.0,0.0,0.0,0.0,2.0,22.15,0.0,0.0,2.0,21.55,1.0,16.25,0.0,0.0,2.0,19.425,1.0,17.65
north_heavy_seed1,north_heavy,1,585.25,600.25,62.0,4.298653249869485,17.635483870967743,37.0,20.75,2.0,10.188051632881187,0.0,0.0,0.0,2.0,0.06666666666666667,0.13333333333333333,0.0,0.0,4.0,7.894944236479164,0.0,0.0,0.0,2.0,0.06666666666666667,0.4,-0.4,-1.1333333333333333,30.0,7.866793359522614e-05,34.79666666666667,58.7,30.0,0.0,0.13333333333333333,0.0,0.2,0.8591825396825397,0.0,0.0,0.0,0.0,0.0,2.0,0.0,0.13333333333333333,0.0,0.0,0.0,0.0,0.0,0.0,0.0,2.0,0.0,0.13333333333333333,0.0,0.0,2.0,4.784992166473809e-05,8.149999999999999,12.2,2.0,0.0,0.0,0.0,0.13333333333333333,0.5433333333333332,0.0,0.0,0.0,0.0,0.0,2.0,0.0,0.13333333333333333,0.0,0.0,2.0,0.009126303126918133,7.55,14.1,2.0,0.0,0.0,0.0,0.13333333333333333,0.5033333333333333,1.0,0.0,2.25,2.25,1.0,0.0,0.0,0.06666666666666667,0.06666666666666667,0.15,0.0,0.0,0.0,0.0,0.0,2.0,0.0,0.13333333333333333,0.0,0.0,2.0,0.27077020932364837,6.1,12.2,1.0,0.0,0.0,0.0,0.06666666666666667,0.4066666666666666,1.0,0.0,3.65,3.65,1.0,0.0,0.0,0.06666666666666667,0.06666666666666667,0.24333333333333332,2.0,0.0,2.0,0.0,30.0,49.79666666666667,0.0,0.0,0.0,0.0,2.0,23.15,0.0,0.0,2.0,22.55,1.0,17.25,0.0,0.0,2.0,20.425,1.0,18.65
north_heavy_seed1,north_heavy,1,586.25,601.25,62.0,4.416218982012396,18.23225806451613,37.0,19.75,1.0,10.825474199701524,0.0,0.0,0.0,2.0,0.06666666666666667,0.2,-0.06666666666666667,-0.0022222222222222222,4.0,8.191261085529053,0.0,0.0,0.0,2.0,0.06666666666666667,0.4,-0.4,-1.1777777777777778,30.0,3.9148978651546803e-05,35.79666666666667,59.7,30.0,0.0,0.06666666666666667,0.0,0.2,0.9141455938697317,0.0,0.0,0.0,0.0,0.0,2.0,0.0,0.13333333333333333,-0.06666666666666667,-0.0033333333333333335,0.0,0.0,0.0,0.0,0.0,2.0,0.0,0.13333333333333333,0.0,0.0,2.0,8.508258178734633e-06,9.149999999999999,13.2,2.0,0.0,0.0,0.0,0.13333333333333333,0.6099999999999999,0.0,0.0,0.0,0.0,0.0,2.0,0.0,0.13333333333333333,0.0,0.0,2.0,0.001669490190067053,8.55,15.1,2.0,0.0,0.0,0.0,0.06666666666666667,0.5666666666666667,1.0,0.0,3.25,3.25,1.0,0.0,0.0,0.06666666666666667,0.06666666666666667,0.21666666666666667,0.0,0.0,0.0,0.0,0.0,2.0,0.0,0.13333333333333333,-0.06666666666666667,-0.0033333333333333335,2.0,0.07908391737472047,6.6,13.2,1.0,0.0,0.0,0.0,0.06666666666666667,0.44,1.0,0.0,4.65,4.65,1.0,0.0,0.0,0.06666666666666667,0.06666666666666667,0.31,1.0,0.0,2.0,0.0,30.0,50.79666666666667,0.0,0.0,0.0,0.0,2.0,24.15,0.0,0.0,2.0,23.55,1.0,18.25,0.0,0.0,2.0,21.425,1.0,19.65
north_heavy_seed1,north_heavy,1,587.25,602.25,62.0,4.481486829084664,18.83951612903226,38.0,18.75,1.0,10.670759890951315,0.0,0.0,0.0,2.0,0.06666666666666667,0.2,-0.06666666666666667,-0.024444444444444446,3.0,8.63528368603705,0.0,0.0,0.0,2.0,0.06666666666666667,0.4666666666666667,-0.4,-1.222222222222222,30.0,1.9401576617788855e-05,36.79666666666667,60.7,30.0,0.0,0.06666666666666667,0.0,0.2,0.9187432950191571,0.0,0.0,0.0,0.0,0.0,2.0,0.0,0.13333333333333333,-0.06666666666666667,-0.03666666666666667,0.0,0.0,0.0,0.0,0.0,2.0,0.0,0.13333333333333333,0.0,0.0,2.0,0.0,10.149999999999999,14.2,2.0,0.0,0.0,0.0,0.13333333333333333,0.6766666666666665,0.0,0.0,0.0,0.0,0.0,2.0,0.0,0.13333333333333333,0.0,0.0,2.0,0.00029794748011099904,9.55,16.1,2.0,0.0,0.0,0.0,0.06666666666666667,0.6,1.0,0.0,4.25,4.25,1.0,0.0,0.0,0.06666666666666667,0.06666666666666667,0.2833333333333333,0.0,0.0,0.0,0.0,0.0,2.0,0.0,0.13333333333333333,-0.06666666666666667,-0.03666666666666667,2.0,0.02241410887436815,7.425,14.2,2.0,0.0,0.0,0.0,0.13333333333333333,0.495,1.0,0.0,5.65,5.65,1.0,0.0,0.0,0.06666666666666667,0.06666666666666667,0.3766666666666667,1.0,0.0,2.0,0.0,30.0,51.79666666666667,0.0,0.0,0.0,0.0,2.0,25.15,0.0,0.0,2.0,24.55,1.0,19.25,0.0,0.0,2.0,22.425,1.0,20.65
north_heavy_seed1,north_heavy,1,588.25,603.25,64.0,4.719174821851446,18.84453125,38.0,17.75,1.0,13.870008040202084,0.0,0.0,0.0,2.0,0.06666666666666667,0.26666666666666666,-0.06666666666666667,-0.035,3.0,9.139753675808102,0.0,0.0,0.0,2.0,0.06666666666666667,0.5333333333333333,-0.4,-1.1400000000000001,30.0,9.517028082919745e-06,37.79666666666667,61.7,30.0,0.0,0.06666666666666667,0.0,0.2,0.9233409961685822,0.0,0.0,0.0,0.0,0.0,2.0,0.0,0.13333333333333333,-0.06666666666666667,-0.07,0.0,0.0,0.0,0.0,0.0,2.0,0.0,0.13333333333333333,-0.06666666666666667,-0.006666666666666667,2.0,0.0,11.149999999999999,15.2,2.0,0.0,0.0,0.0,0.06666666666666667,0.7366666666666666,0.0,0.0,0.0,0.0,0.0,2.0,0.0,0.13333333333333333,-0.06666666666666667,-0.006666666666666667,2.0,5.3253416904502355e-05,10.55,17.1,2.0,0.0,0.0,0.0,0.06666666666666667,0.6333333333333333,1.0,0.0,5.25,5.25,1.0,0.0,0.0,0.06666666666666667,0.06666666666666667,0.35,0.0,0.0,0.0,0.0,0.0,2.0,0.0,0.13333333333333333,-0.06666666666666667,-0.07,2.0,0.006324327363904011,8.424999999999999,15.2,2.0,0.0,0.0,0.0,0.06666666666666667,0.5549999999999999,1.0,0.0,6.65,6.65,1.0,0.0,0.0,0.06666666666666667,0.06666666666666667,0.44333333333333336,1.0,0.0,1.0,0.0,30.0,52.79666666666667,0.0,0.0,0.0,0.0,2.0,26.15,0.0,0.0,2.0,25.55,1.0,20.25,0.0,0.0,2.0,23.424999999999997,1.0,21.65
north_heavy_seed1,north_heavy,1,589.25,604.25,64.0,4.777932923630872,19.43828125,38.0,16.75,1.0,13.868226643992822,0.0,0.0,0.0,2.0,0.06666666666666667,0.26666666666666666,-0.06666666666666667,-0.051666666666666666,3.0,9.718855907041245,0.0,0.0,0.0,2.0,0.06666666666666667,0.5333333333333333,-0.4,-1.18,30.0,4.697660528923994e-06,38.79666666666667,62.7,30.0,0.0,0.06666666666666667,0.0,0.2,0.9279386973180076,0.0,0.0,0.0,0.0,0.0,2.0,0.0,0.13333333333333333,-0.06666666666666667,-0.10333333333333333,0.0,0.0,0.0,0.0,0.0,2.0,0.0,0.13333333333333333,-0.06666666666666667,-0.04,2.0,0.0,12.149999999999999,16.2,2.0,0.0,0.0,0.0,0.06666666666666667,0.7699999999999999,0.0,0.0,0.0,0.0,0.0,2.0,0.0,0.13333333333333333,-0.06666666666666667,-0.04,2.0,1.0025609538258307e-05,11.55,18.1,2.0,0.0,0.0,0.0,0.06666666666666667,0.6666666666666666,1.0,0.0,6.25,6.25,1.0,0.0,0.0,0.0,0.06666666666666667,0.4166666666666667,0.0,0.0,0.0,0.0,0.0,2.0,0.0,0.13333333333333333,-0.06666666666666667,-0.10333333333333333,2.0,0.0017218846224760437,9.424999999999999,16.2,2.0,0.0,0.0,0.0,0.06666666666666667,0.5883333333333333,1.0,0.0,7.65,7.65,1.0,0.0,0.0,0.0,0.06666666666666667,0.51,2.0,0.0,2.0,0.0,30.0,53.79666666666667,0.0,0.0,0.0,0.0,2.0,27.15,0.0,0.0,2.0,26.55,1.0,21.25,0.0,0.0,2.0,24.424999999999997,1.0,22.65
north_heavy_seed1,north_heavy,1,590.25,605.25,63.0,4.676074797520935,20.349999999999998,38.0,15.75,1.0,13.852295001161984,0.0,0.0,0.0,2.0,0.06666666666666667,0.26666666666666666,-0.06666666666666667,-0.06833333333333333,3.0,10.13571445692646,0.0,0.0,0.0,2.0,0.06666666666666667,0.5333333333333333,-0.4,-1.22,30.0,2.2990073630444502e-06,39.79666666666667,63.7,30.0,0.0,0.06666666666666667,0.0,0.13333333333333333,0.9308122605363984,0.0,0.0,0.0,0.0,0.0,2.0,0.0,0.13333333333333333,-0.06666666666666667,-0.13666666666666666,0.0,0.0,0.0,0.0,0.0,2.0,0.0,0.13333333333333333,-0.06666666666666667,-0.07333333333333333,2.0,0.0,13.149999999999999,17.2,2.0,0.0,0.0,0.0,0.06666666666666667,0.8033333333333332,0.0,0.0,0.0,0.0,0.0,2.0,0.0,0.13333333333333333,-0.06666666666666667,-0.07333333333333333,2.0,0.0,12.55,19.1,2.0,0.0,0.0,0.0,0.06666666666666667,0.7,1.0,0.0,7.25,7.25,1.0,0.0,0.0,0.0,0.06666666666666667,0.48333333333333334,0.0,0.0,0.0,0.0,0.0,2.0,0.0,0.13333333333333333,-0.06666666666666667,-0.13666666666666666,2.0,0.0004962084251599987,10.424999999999999,17.2,2.0,0.0,0.0,0.0,0.06666666666666667,0.6216666666666666,1.0,0.0,8.65,8.65,1.0,0.0,0.0,0.0,0.06666666666666667,0.5766666666666667,2.0,0.0,2.0,0.0,30.0,54.79666666666667,0.0,0.0,0.0,0.0,2.0,28.150000000000002,0.0,0.0,2.0,27.55,1.0,22.25,0.0,0.0,2.0,25.425,1.0,23.65
north_heavy_seed1,north_heavy,1,591.25,606.25,62.0,4.58375175728645,21.291129032258063,38.0,14.75,1.0,13.852596611494665,0.0,0.0,0.0,2.0,0.06666666666666667,0.26666666666666666,0.0,0.0,2.0,10.656508538577263,0.0,0.0,0.0,2.0,0.06666666666666667,0.6,-0.4,-0.9176666666666667,30.0,1.145825360588057e-06,40.79666666666667,64.7,30.0,0.0,0.06666666666666667,0.0,0.13333333333333333,0.9331111111111111,0.0,0.0,0.0,0.0,0.0,2.0,0.0,0.13333333333333333,0.0,0.0,0.0,0.0,0.0,0.0,0.0,2.0,0.0,0.13333333333333333,0.0,0.0,2.0,0.0,14.149999999999999,18.2,2.0,0.0,0.0,0.0,0.06666666666666667,0.8366666666666666,0.0,0.0,0.0,0.0,0.0,2.0,0.0,0.13333333333333333,0.0,0.0,2.0,0.0,13.55,20.1,2.0,0.0,0.0,0.0,0.06666666666666667,0.7333333333333333,1.0,0.0,8.25,8.25,1.0,0.0,0.0,0.0,0.06666666666666667,0.55,0.0,0.0,0.0,0.0,0.0,2.0,0.0,0.13333333333333333,0.0,0.0,2.0,0.00013954768284808185,11.425,18.2,2.0,0.0,0.0,0.0,0.06666666666666667,0.655,1.0,0.0,9.65,9.65,1.0,0.0,0.0,0.0,0.06666666666666667,0.6433333333333333,2.0,0.0,2.0,0.0,30.0,55.79666666666667,0.0,0.0,0.0,0.0,2.0,29.150000000000002,0.0,0.0,2.0,28.55,1.0,23.25,0.0,0.0,2.0,26.425,1.0,24.65
north_heavy_seed1,north_heavy,1,592.25,607.25,62.0,4.616656761768923,21.904032258064515,38.0,13.75,1.0,13.832394275922562,0.0,0.0,0.0,2.0,0.06666666666666667,0.2,0.0,0.0,2.0,10.70919895109093,0.0,0.0,0.0,2.0,0.06666666666666667,0.5333333333333333,-0.2,-0.30777777777777776,30.0,3.8880062273984434e-07,41.79666666666667,65.7,30.0,0.0,0.06666666666666667,0.0,0.13333333333333333,0.9354099616858238,0.0,0.0,0.0,0.0,0.0,2.0,0.0,0.06666666666666667,0.0,0.0,0.0,0.0,0.0,0.0,0.0,2.0,0.0,0.06666666666666667,0.0,0.0,2.0,0.0,15.149999999999999,19.2,2.0,0.0,0.0,0.0,0.06666666666666667,0.8699999999999999,0.0,0.0,0.0,0.0,0.0,2.0,0.0,0.06666666666666667,0.0,0.0,2.0,0.0,14.55,21.1,2.0,0.0,0.0,0.0,0.06666666666666667,0.7666666666666667,1.0,0.0,9.25,9.25,1.0,0.0,0.0,0.0,0.06666666666666667,0.6166666666666667,0.0,0.0,0.0,0.0,0.0,2.0,0.0,0.06666666666666667,0.0,0.0,2.0,3.911518576939639e-05,12.425,19.2,2.0,0.0,0.0,0.0,0.06666666666666667,0.6883333333333334,1.0,0.0,10.65,10.65,1.0,0.0,0.0,0.0,0.06666666666666667,0.7100000000000001,1.0,0.0,2.0,0.0,30.0,56.79666666666667,0.0,0.0,0.0,0.0,2.0,30.150000000000002,0.0,0.0,2.0,29.55,1.0,24.25,0.0,0.0,2.0,27.425,1.0,25.65
north_heavy_seed1,north_heavy,1,593.25,608.25,62.0,4.622662483700111,22.516935483870967,38.0,12.75,1.0,13.868588003854967,0.0,0.0,0.0,2.0,0.06666666666666667,0.2,0.0,0.0,1.0,11.99749653117964,0.0,0.0,0.0,2.0,0.06666666666666667,0.6,-0.06666666666666667,-0.0162962962962963,30.0,0.0,42.79666666666667,66.7,30.0,0.0,0.0,0.0,0.0,1.0,0.0,0.0,0.0,0.0,0.0,2.0,0.0,0.06666666666666667,0.0,0.0,0.0,0.0,0.0,0.0,0.0,2.0,0.0,0.06666666666666667,0.0,0.0,2.0,0.0,16.15,20.2,2.0,0.0,0.0,0.0,0.06666666666666667,0.9033333333333332,0.0,0.0,0.0,0.0,0.0,2.0,0.0,0.06666666666666667,0.0,0.0,2.0,0.0,15.55,22.1,2.0,0.0,0.0,0.0,0.06666666666666667,0.8,1.0,0.0,10.25,10.25,1.0,0.0,0.0,0.0,0.06666666666666667,0.6833333333333333,0.0,0.0,0.0,0.0,0.0,2.0,0.0,0.06666666666666667,0.0,0.0,2.0,1.068186291053098e-05,13.425,20.2,2.0,0.0,0.0,0.0,0.06666666666666667,0.7216666666666668,1.0,0.0,11.65,11.65,1.0,0.0,0.0,0.0,0.06666666666666667,0.7766666666666667,1.0,0.0,2.0,0.0,30.0,57.79666666666667,0.0,0.0,0.0,0.0,2.0,31.150000000000002,0.0,0.0,2.0,30.55,1.0,25.25,0.0,0.0,2.0,28.425,1.0,26.65
north_heavy_seed1,north_heavy,1,594.25,609.25,59.0,4.16878973867989,24.30593220338983,38.0,11.75,1.0,13.880397574496456,0.0,0.0,0.0,2.0,0.06666666666666667,0.2,0.0,0.0,1.0,11.98983644281514,0.0,0.0,0.0,2.0,0.06666666666666667,0.5333333333333333,0.0,0.0,30.0,0.0,43.79666666666667,67.7,30.0,0.0,0.0,0.0,0.0,1.0,0.0,0.0,0.0,0.0,0.0,2.0,0.0,0.06666666666666667,0.0,0.0,0.0,0.0,0.0,0.0,0.0,2.0,0.0,0.06666666666666667,0.0,0.0,2.0,0.0,17.15,21.2,2.0,0.0,0.0,0.0,0.06666666666666667,0.9366666666666666,0.0,0.0,0.0,0.0,0.0,2.0,0.0,0.06666666666666667,0.0,0.0,2.0,0.0,16.55,23.1,2.0,0.0,0.0,0.0,0.06666666666666667,0.8333333333333334,1.0,0.0,11.25,11.25,1.0,0.0,0.0,0.0,0.06666666666666667,0.75,0.0,0.0,0.0,0.0,0.0,2.0,0.0,0.06666666666666667,0.0,0.0,2.0,3.000434655866237e-06,14.425,21.2,2.0,0.0,0.0,0.0,0.06666666666666667,0.7550000000000001,1.0,0.0,12.65,12.65,1.0,0.0,0.0,0.0,0.06666666666666667,0.8433333333333334,1.0,0.0,2.0,0.0,30.0,56.04,0.0,0.0,0.0,0.0,2.0,14.05,0.0,0.0,2.0,31.55,1.0,26.25,0.0,0.0,2.0,29.425,1.0,27.65
north_heavy_seed1,north_heavy,1,619.25,634.25,54.0,4.560982956942659,14.437962962962963,18.0,1.75,2.0,0.724711751999708,0.025,0.05,1.0,0.0,0.06666666666666667,0.06666666666666667,0.06666666666666667,0.0016666666666666668,3.0,1.5769384153379686,3.0833333333333335,9.25,1.0,0.0,0.06666666666666667,0.0,0.06666666666666667,0.20555555555555557,23.0,1.8049152977175402,23.23913043478261,62.4,10.0,2.0,0.0,0.4666666666666667,-1.3333333333333333,-2.0371690821256037,1.0,12.003785043274966,0.0,0.0,0.0,0.0,0.06666666666666667,0.0,0.0,0.0,1.0,13.734830243555603,0.0,0.0,0.0,0.0,0.06666666666666667,0.0,0.0,0.0,1.0,14.400784850712865,0.0,0.0,0.0,2.0,0.06666666666666667,0.13333333333333333,-0.13333333333333333,-1.8099999999999998,1.0,12.072750277280566,0.0,0.0,0.0,0.0,0.06666666666666667,0.0,0.0,0.0,3.0,0.17100773197611932,27.7,48.1,2.0,0.0,0.06666666666666667,0.0,0.0,0.07666666666666658,2.0,0.2551968281261754,18.125,36.25,1.0,0.0,0.06666666666666667,0.0,0.0,-0.20833333333333334,1.0,13.480608048202503,0.0,0.0,0.0,0.0,0.06666666666666667,0.0,0.0,0.0,3.0,0.1668815308489567,26.28333333333333,46.2,2.0,0.0,0.06666666666666667,0.0,0.0,0.12388888888888895,2.0,0.2497260804390303,18.825,37.65,1.0,0.0,0.06666666666666667,0.0,0.0,-0.25499999999999995,2.0,0.0,4.0,8.5875,22.0,1.2840909090909092,0.0,0.0,1.0,1.1,1.0,3.2,0.0,0.0,1.0,0.0,2.0,25.625,0.0,0.0,1.0,0.0,2.0,26.325
north_heavy_seed1,north_heavy,1,620.25,635.25,54.0,5.012436480490248,13.597222222222221,17.0,0.75,2.0,1.7178565989817076,0.525,1.05,1.0,0.0,0.06666666666666667,0.06666666666666667,0.06666666666666667,0.035,3.0,1.748549971160007,3.4166666666666665,10.25,1.0,0.0,0.06666666666666667,0.0,0.06666666666666667,0.22777777777777777,23.0,2.2228543405035386,20.917391304347827,62.15,9.0,2.0,0.0,0.4666666666666667,-1.4,-2.2586183574879226,1.0,12.01124908478114,0.0,0.0,0.0,0.0,0.06666666666666667,0.0,0.0,0.0,1.0,13.73864948437154,0.0,0.0,0.0,0.0,0.06666666666666667,0.0,0.0,0.0,1.0,16.61523179739714,0.0,0.0,0.0,2.0,0.06666666666666667,0.13333333333333333,-0.13333333333333333,-1.8766666666666667,1.0,12.103003070483673,0.0,0.0,0.0,0.0,0.06666666666666667,0.0,0.0,0.0,3.0,0.8885138825968121,28.366666666666664,49.1,2.0,0.0,0.06666666666666667,0.0,0.0,0.05444444444444419,2.0,1.3420225323207817,18.625,37.25,1.0,0.0,0.06666666666666667,0.0,0.0,-0.24166666666666667,1.0,13.498578937834628,0.0,0.0,0.0,0.0,0.06666666666666667,0.0,0.0,0.0,3.0,0.9458143072902717,26.95,47.2,2.0,0.0,0.06666666666666667,0.0,0.0,0.10166666666666657,2.0,1.2876400390974965,19.325,38.65,1.0,0.0,0.06666666666666667,0.0,0.0,-0.2883333333333333,2.0,0.0,5.0,7.2700000000000005,23.0,1.4456521739130435,0.0,0.0,1.0,2.1,1.0,4.2,0.0,0.0,1.0,0.0,2.0,26.125,0.0,0.0,0.0,0.0,2.0,26.825
north_heavy_seed1,north_heavy,1,621.25,636.25,53.0,5.176596887235386,12.983018867924528,16.0,2.75,2.0,2.691231932752816,1.025,2.05,1.0,0.0,0.06666666666666667,0.06666666666666667,0.06666666666666667,0.06833333333333333,3.0,2.0570467814686864,3.75,11.25,1.0,0.0,0.06666666666666667,0.0,0.06666666666666667,0.25,22.0,2.2342621736474686,19.40681818181818,61.9,8.0,1.0,0.0,0.5333333333333333,-1.4666666666666666,-2.425989898989899,1.0,11.999637278107675,0.0,0.0,0.0,0.0,0.06666666666666667,0.0,0.0,0.0,1.0,13.69810259524687,0.0,0.0,0.0,0.0,0.06666666666666667,0.0,0.0,0.0,1.0,16.643987770326437,0.0,0.0,0.0,1.0,0.06666666666666667,0.13333333333333333,-0.13333333333333333,-1.9433333333333336,1.0,12.104239466887657,0.0,0.0,0.0,0.0,0.06666666666666667,0.0,0.0,0.0,3.0,1.576210361214344,29.03333333333333,50.1,2.0,0.0,0.06666666666666667,0.0,0.0,0.03222222222222205,2.0,2.32646027531716,19.125,38.25,1.0,0.0,0.06666666666666667,0.0,0.0,-0.275,1.0,13.513663871566333,0.0,0.0,0.0,0.0,0.06666666666666667,0.0,0.0,0.0,3.0,1.6193309298430745,27.616666666666664,48.2,2.0,0.0,0.06666666666666667,0.0,0.0,0.07944444444444419,2.0,2.2755369797957603,19.825,39.65,1.0,0.0,0.06666666666666667,0.0,0.0,-0.3216666666666666,2.0,0.0,5.0,7.67,23.0,1.6934782608695653,0.0,0.0,1.0,3.1,1.0,5.2,0.0,0.0,0.0,0.0,2.0,26.625,0.0,0.0,0.0,0.0,2.0,27.325
north_heavy_seed1,north_heavy,1,622.25,637.25,52.0,5.194011004020387,11.148076923076925,14.0,1.75,2.0,3.6785754119963876,1.525,3.05,1.0,0.0,0.06666666666666667,0.0,0.06666666666666667,0.10166666666666666,3.0,2.5089996640499588,4.083333333333333,12.25,1.0,0.0,0.06666666666666667,0.0,0.06666666666666667,0.2722222222222222,22.0,2.0397948316656165,14.115909090909092,60.55,6.0,1.0,0.0,0.5333333333333333,-1.6,-2.8453838383838383,1.0,12.027579099648847,0.0,0.0,0.0,0.0,0.06666666666666667,0.0,0.0,0.0,1.0,13.744097582200316,0.0,0.0,0.0,0.0,0.06666666666666667,0.0,0.0,0.0,1.0,16.634837234832347,0.0,0.0,0.0,1.0,0.06666666666666667,0.13333333333333333,-0.13333333333333333,-2.0100000000000002,1.0,12.063914305726058,0.0,0.0,0.0,0.0,0.06666666666666667,0.0,0.0,0.0,3.0,2.261270438381925,29.7,51.1,2.0,0.0,0.06666666666666667,0.0,0.0,0.009999999999999905,2.0,3.3203815578361637,19.625,39.25,1.0,0.0,0.06666666666666667,0.0,0.0,-0.30833333333333335,1.0,13.487598468800808,0.0,0.0,0.0,0.0,0.06666666666666667,0.0,0.0,0.0,3.0,2.2186383677997172,28.28333333333333,49.2,2.0,0.0,0.06666666666666667,0.0,0.0,0.05722222222222205,2.0,3.227648190172947,20.325,40.65,1.0,0.0,0.06666666666666667,0.0,0.0,-0.3549999999999999,2.0,0.0,5.0,8.07,24.0,1.8833333333333335,0.0,0.0,1.0,4.1,1.0,6.2,0.0,0.0,0.0,0.0,2.0,27.125,0.0,0.0,0.0,0.0,2.0,27.825
north_heavy_seed1,north_heavy,1,623.25,638.25,52.0,5.381686897361292,10.243269230769231,14.0,0.75,2.0,4.687736452002831,2.025,4.05,1.0,0.0,0.06666666666666667,0.0,0.06666666666666667,0.13499999999999998,3.0,2.9766989687407244,4.416666666666667,13.25,1.0,0.0,0.06666666666666667,0.0,0.06666666666666667,0.29444444444444445,22.0,1.9371951038386845,11.613636363636363,59.85,6.0,1.0,0.0,0.5333333333333333,-1.6,-3.078868686868687,1.0,12.036139441969555,0.0,0.0,0.0,0.0,0.06666666666666667,0.0,0.0,0.0,1.0,13.706181418577449,0.0,0.0,0.0,0.0,0.06666666666666667,0.0,0.0,0.0,1.0,16.64120214264095,0.0,0.0,0.0,1.0,0.06666666666666667,0.13333333333333333,-0.13333333333333333,-2.0766666666666667,1.0,12.067449354283736,0.0,0.0,0.0,0.0,0.06666666666666667,0.0,0.0,0.0,3.0,2.9135869597038924,30.366666666666664,52.1,2.0,0.0,0.06666666666666667,0.0,0.0,-0.012222222222222474,2.0,4.252482089824127,20.125,40.25,1.0,0.0,0.06666666666666667,0.0,0.0,-0.3416666666666667,1.0,13.492540669517858,0.0,0.0,0.0,0.0,0.06666666666666667,0.0,0.0,0.0,3.0,2.8735095504187687,28.95,50.2,2.0,0.0,0.06666666666666667,0.0,0.0,0.034999999999999906,2.0,4.169409587823645,20.825,41.65,1.0,0.0,0.06666666666666667,0.0,0.0,-0.3883333333333333,2.0,0.0,5.0,8.47,24.0,2.1979166666666665,0.0,0.0,1.0,5.1,1.0,7.2,0.0,0.0,0.0,0.0,2.0,27.625,0.0,0.0,0.0,0.0,2.0,28.325
north_heavy_seed1,north_heavy,1,624.25,639.25,54.0,5.624755280195872,6.232407407407408,10.0,29.75,3.0,6.036742827495043,0.0,0.0,0.0,2.0,0.13333333333333333,0.0,0.0,0.0,4.0,3.5155423659111547,3.5875,14.25,2.0,0.0,0.13333333333333333,0.0,0.13333333333333333,0.23916666666666667,22.0,1.9463795755070217,9.120454545454546,56.7,5.0,0.0,0.0,0.5333333333333333,-1.6,-3.1279696969696973,1.0,12.024996245626808,0.0,0.0,0.0,2.0,0.06666666666666667,0.0,0.0,0.0,1.0,13.71385501403665,0.0,0.0,0.0,0.0,0.06666666666666667,0.0,0.0,0.0,1.0,16.57181842875481,0.0,0.0,0.0,0.0,0.06666666666666667,0.13333333333333333,-0.06666666666666667,-0.9366666666666668,1.0,12.10346897682407,0.0,0.0,0.0,2.0,0.06666666666666667,0.0,0.0,0.0,3.0,3.804669167869079,0.0,0.0,0.0,2.0,0.06666666666666667,0.0,-0.13333333333333333,-2.1033333333333335,2.0,5.266206334469699,20.625,41.25,1.0,0.0,0.06666666666666667,0.0,0.0,-0.375,1.0,13.478975393011734,0.0,0.0,0.0,2.0,0.06666666666666667,0.0,0.0,0.0,3.0,3.708347716289536,12.549999999999999,37.65,1.0,2.0,0.06666666666666667,0.0,-0.06666666666666667,-1.125,2.0,5.147505153816644,21.325,42.65,1.0,0.0,0.06666666666666667,0.0,0.0,-0.42166666666666663,2.0,0.0,6.0,7.391666666666667,24.0,2.5500000000000003,0.0,0.0,1.0,6.1,1.0,8.2,0.0,0.0,0.0,0.0,2.0,28.125,0.0,0.0,0.0,0.0,2.0,28.825
north_heavy_seed1,north_heavy,1,625.25,640.25,54.0,6.1097713801102485,3.6935185185185184,7.0,28.75,2.0,10.826893148252168,0.0,0.0,0.0,2.0,0.13333333333333333,0.06666666666666667,0.0,0.0,4.0,4.488629386304903,4.0875,15.25,2.0,0.0,0.13333333333333333,0.0,0.06666666666666667,0.2641666666666667,22.0,1.9523585744903877,4.418181818181818,47.45,3.0,0.0,0.0,0.4666666666666667,-1.5333333333333334,-3.0982131661442005,1.0,12.05432180393951,0.0,0.0,0.0,2.0,0.06666666666666667,0.0,0.0,0.0,1.0,13.720442848265645,0.0,0.0,0.0,0.0,0.06666666666666667,0.0,0.0,0.0,1.0,16.599217507723722,0.0,0.0,0.0,0.0,0.06666666666666667,0.06666666666666667,0.0,0.0,1.0,12.045323642216381,0.0,0.0,0.0,2.0,0.06666666666666667,0.0,0.0,0.0,2.0,7.202368976768892,0.0,0.0,0.0,2.0,0.06666666666666667,0.06666666666666667,-0.13333333333333333,-2.17,2.0,6.249410702117122,21.125,42.25,1.0,0.0,0.06666666666666667,0.0,0.0,-0.4083333333333333,1.0,13.481869041943956,0.0,0.0,0.0,2.0,0.06666666666666667,0.0,0.0,0.0,2.0,6.988389417241616,0.0,0.0,0.0,2.0,0.06666666666666667,0.06666666666666667,-0.13333333333333333,-2.0283333333333333,2.0,6.12425649271497,21.825,43.65,1.0,0.0,0.06666666666666667,0.0,0.0,-0.45499999999999996,2.0,0.0,6.0,7.7250000000000005,24.0,2.9270833333333335,0.0,0.0,1.0,7.1,1.0,9.2,0.0,0.0,0.0,0.0,2.0,28.8,0.0,0.0,0.0,0.0,2.0,29.45
north_heavy_seed1,north_heavy,1,626.25,641.25,53.0,6.296172228417721,2.9849056603773585,6.0,27.75,2.0,12.149784416691576,0.0,0.0,0.0,2.0,0.13333333333333333,0.06666666666666667,0.0,0.0,4.0,5.0960769577994105,4.5875,16.25,2.0,0.0,0.13333333333333333,0.0,0.06666666666666667,0.2641666666666667,22.0,1.9610321048780754,2.3613636363636363,48.45,2.0,0.0,0.0,0.4666666666666667,-1.4666666666666666,-2.9497021943573665,1.0,12.002285663540224,0.0,0.0,0.0,2.0,0.06666666666666667,0.0,0.0,0.0,1.0,13.736372200763558,0.0,0.0,0.0,0.0,0.06666666666666667,0.0,0.0,0.0,1.0,16.61338907295093,0.0,0.0,0.0,0.0,0.06666666666666667,0.06666666666666667,0.0,0.0,1.0,12.042463847766621,0.0,0.0,0.0,2.0,0.06666666666666667,0.0,0.0,0.0,2.0,8.269590479353017,0.0,0.0,0.0,2.0,0.06666666666666667,0.06666666666666667,-0.13333333333333333,-2.2366666666666664,2.0,6.866733675113354,21.625,43.25,1.0,0.0,0.06666666666666667,0.0,0.0,-0.44166666666666665,1.0,13.497918519412433,0.0,0.0,0.0,2.0,0.06666666666666667,0.0,0.0,0.0,2.0,8.667756642352046,0.0,0.0,0.0,2.0,0.06666666666666667,0.06666666666666667,-0.13333333333333333,-2.095,2.0,6.865074250376471,22.325,44.65,1.0,0.0,0.06666666666666667,0.0,0.0,-0.4883333333333333,2.0,0.0,7.0,6.9071428571428575,25.0,3.2239999999999998,0.0,0.0,1.0,8.1,1.0,10.2,0.0,0.0,0.0,0.0,2.0,29.8,0.0,0.0,0.0,0.0,2.0,30.45
north_heavy_seed1,north_heavy,1,627.25,642.25,53.0,6.575395875442332,2.172641509433962,6.0,26.75,2.0,13.24316327605077,0.0,0.0,0.0,2.0,0.13333333333333333,0.06666666666666667,0.0,0.0,4.0,5.710767730320687,5.0875,17.25,2.0,0.0,0.13333333333333333,0.0,0.06666666666666667,0.2641666666666667,22.0,1.9577917486052179,0.22272727272727275,4.5,2.0,0.0,0.0,0.4,-1.3333333333333333,-2.910746753246753,1.0,12.046796459974702,0.0,0.0,0.0,2.0,0.06666666666666667,0.0,0.0,0.0,1.0,13.74483499569889,0.0,0.0,0.0,0.0,0.06666666666666667,0.0,0.0,0.0,1.0,16.6654431748949,0.0,0.0,0.0,0.0,0.06666666666666667,0.0,0.0,0.0,1.0,12.060636086215954,0.0,0.0,0.0,2.0,0.06666666666666667,0.0,0.0,0.0,1.0,12.851067287809123,0.0,0.0,0.0,2.0,0.06666666666666667,0.13333333333333333,-0.13333333333333333,-2.3033333333333332,2.0,6.88584445350716,22.125,44.25,1.0,0.0,0.06666666666666667,0.0,0.0,-0.475,1.0,13.498892562695348,0.0,0.0,0.0,2.0,0.06666666666666667,0.0,0.0,0.0,1.0,13.87654567871825,0.0,0.0,0.0,2.0,0.06666666666666667,0.13333333333333333,-0.13333333333333333,-2.1616666666666666,2.0,6.863908248433996,22.825,45.65,1.0,0.0,0.06666666666666667,0.0,0.0,-0.5216666666666666,3.0,0.0,7.0,7.328571428571429,25.0,3.6639999999999997,0.0,0.0,1.0,9.1,1.0,11.2,0.0,0.0,0.0,0.0,2.0,30.8,0.0,0.0,0.0,0.0,2.0,31.45
north_heavy_seed1,north_heavy,1,628.25,643.25,53.0,6.786025158786434,2.2858490566037735,6.0,25.75,2.0,13.721620164168936,0.0,0.0,0.0,2.0,0.13333333333333333,0.06666666666666667,0.0,0.0,4.0,6.098673491461612,5.5875,18.25,2.0,0.0,0.13333333333333333,0.0,0.06666666666666667,0.2641666666666667,22.0,1.9494945076262702,0.31363636363636366,5.5,2.0,0.0,0.0,0.4,-1.2,-2.615757575757576,1.0,12.052509834705834,0.0,0.0,0.0,2.0,0.06666666666666667,0.0,0.0,0.0,1.0,13.725140059968231,0.0,0.0,0.0,0.0,0.06666666666666667,0.0,0.0,0.0,1.0,15.567114547019257,0.0,0.0,0.0,0.0,0.06666666666666667,0.0,0.0,0.0,1.0,12.095032592868657,0.0,0.0,0.0,2.0,0.06666666666666667,0.0,0.0,0.0,1.0,12.858749519768311,0.0,0.0,0.0,2.0,0.06666666666666667,0.13333333333333333,-0.13333333333333333,-2.3699999999999997,2.0,6.877624740082828,22.625,45.25,1.0,0.0,0.06666666666666667,0.0,0.0,-0.5083333333333333,1.0,13.522571043951704,0.0,0.0,0.0,2.0,0.06666666666666667,0.0,0.0,0.0,1.0,13.826562121602475,0.0,0.0,0.0,2.0,0.06666666666666667,0.13333333333333333,-0.13333333333333333,-2.228333333333333,2.0,6.847351398932783,23.325,46.65,1.0,0.0,0.06666666666666667,0.0,0.0,-0.5549999999999999,3.0,0.0,7.0,7.771428571428571,25.0,4.14,0.0,0.0,1.0,10.1,1.0,12.2,0.0,0.0,0.0,0.0,2.0,31.8,0.0,0.0,0.0,0.0,2.0,32.45
north_heavy_seed1,north_heavy,1,629.25,644.25,52.0,6.708544230658221,2.4509615384615384,7.0,24.75,2.0,13.703182544649982,0.0,0.0,0.0,2.0,0.13333333333333333,0.06666666666666667,0.0,0.0,4.0,6.103774493013347,6.0875,19.25,2.0,0.0,0.13333333333333333,0.0,0.06666666666666667,0.2641666666666667,22.0,1.9267464511805164,0.41818181818181815,6.5,3.0,0.0,0.0,0.3333333333333333,-1.0,-2.4112570145903476,1.0,12.006902049707696,0.0,0.0,0.0,2.0,0.06666666666666667,0.0,0.0,0.0,1.0,13.692085014022428,0.0,0.0,0.0,0.0,0.06666666666666667,0.0,0.0,0.0,1.0,10.06711454701925,0.0,0.0,0.0,0.0,0.06666666666666667,0.0,0.0,0.0,1.0,12.071809911957235,0.0,0.0,0.0,2.0,0.06666666666666667,0.0,0.0,0.0,1.0,12.868797625743458,0.0,0.0,0.0,2.0,0.06666666666666667,0.13333333333333333,-0.13333333333333333,-2.4366666666666665,2.0,6.889472627948561,23.125,46.25,1.0,0.0,0.06666666666666667,0.0,0.0,-0.5416666666666666,1.0,13.484798113013186,0.0,0.0,0.0,2.0,0.06666666666666667,0.0,0.0,0.0,1.0,13.831439691517735,0.0,0.0,0.0,2.0,0.06666666666666667,0.13333333333333333,-0.13333333333333333,-2.295,2.0,6.869299424496981,23.825,47.65,1.0,0.0,0.06666666666666667,0.0,0.0,-0.5883333333333333,3.0,0.0,7.0,8.342857142857143,25.0,4.62,0.0,0.0,1.0,11.1,1.0,13.2,0.0,0.0,0.0,0.0,2.0,32.8,0.0,0.0,0.0,0.0,2.0,33.45
north_heavy_seed1,north_heavy,1,630.25,645.25,52.0,6.747928102252829,2.585576923076923,7.0,23.75,2.0,13.686410438212619,0.0,0.0,0.0,2.0,0.13333333333333333,0.06666666666666667,0.0,0.0,4.0,6.091940306789797,6.5875,20.25,2.0,0.0,0.13333333333333333,0.0,0.06666666666666667,0.2641666666666667,22.0,1.8848031642157628,0.5545454545454546,7.5,3.0,0.0,0.0,0.26666666666666666,-0.9333333333333333,-2.367132867132867,1.0,12.051845266073924,0.0,0.0,0.0,2.0,0.06666666666666667,0.0,0.0,0.0,1.0,13.227125980299352,0.0,0.0,0.0,0.0,0.06666666666666667,0.0,0.0,0.0,1.0,4.5741729955930115,0.0,0.0,0.0,0.0,0.06666666666666667,0.0,0.0,0.0,1.0,12.077899850249514,0.0,0.0,0.0,2.0,0.06666666666666667,0.0,0.0,0.0,1.0,12.8192756938342,0.0,0.0,0.0,2.0,0.06666666666666667,0.13333333333333333,-0.13333333333333333,-2.503333333333333,2.0,6.880590823856472,23.625,47.25,1.0,0.0,0.06666666666666667,0.0,0.0,-0.575,1.0,13.470577432960072,0.0,0.0,0.0,2.0,0.06666666666666667,0.0,0.0,0.0,1.0,13.882795157933142,0.0,0.0,0.0,2.0,0.06666666666666667,0.13333333333333333,-0.13333333333333333,-2.3616666666666664,2.0,6.872256836962457,24.325,48.65,1.0,0.0,0.06666666666666667,0.0,0.0,-0.6216666666666666,3.0,0.0,7.0,8.914285714285715,26.0,4.940384615384615,0.0,0.0,1.0,12.1,1.0,14.2,0.0,0.0,0.0,0.0,2.0,33.8,0.0,0.0,0.0,0.0,2.0,34.45
north_heavy_seed1,north_heavy,1,631.25,646.25,51.0,6.541398102547871,2.7794117647058822,9.0,22.75,2.0,13.701696047784697,0.0,0.0,0.0,2.0,0.13333333333333333,0.06666666666666667,0.0,0.0,4.0,6.109346172494722,7.0875,21.25,2.0,0.0,0.13333333333333333,0.0,0.06666666666666667,0.2641666666666667,22.0,1.8322674063536082,0.6954545454545454,8.5,4.0,0.0,0.0,0.26666666666666666,-0.8,-2.2285081585081583,1.0,12.009706352500926,0.0,0.0,0.0,2.0,0.06666666666666667,0.0,0.0,0.0,1.0,8.734433682841003,0.0,0.0,0.0,0.0,0.06666666666666667,0.0,0.0,0.0,1.0,0.0,0.2,0.2,1.0,0.0,0.06666666666666667,0.0,0.06666666666666667,0.013333333333333334,1.0,12.06278260788181,0.0,0.0,0.0,2.0,0.06666666666666667,0.0,0.0,0.0,1.0,12.826976424419694,0.0,0.0,0.0,2.0,0.06666666666666667,0.13333333333333333,-0.13333333333333333,-2.57,2.0,6.889288304350046,24.125,48.25,1.0,0.0,0.06666666666666667,0.0,0.0,-0.6083333333333333,1.0,13.522052575956133,0.0,0.0,0.0,2.0,0.06666666666666667,0.0,0.0,0.0,1.0,13.855891984945629,0.0,0.0,0.0,2.0,0.06666666666666667,0.13333333333333333,-0.13333333333333333,-2.4283333333333332,2.0,6.849737173996669,24.825,49.65,1.0,0.0,0.06666666666666667,0.0,0.0,-0.6549999999999999,2.0,0.0,7.0,9.485714285714286,26.0,5.463461538461539,0.0,0.0,1.0,13.1,1.0,15.2,0.0,0.0,0.0,0.0,2.0,34.8,0.0,0.0,0.0,0.0,2.0,35.45
north_heavy_seed1,north_heavy,1,634.25,649.25,49.0,5.472508933669352,3.4857142857142858,11.0,19.75,2.0,12.89325498471749,0.0,0.0,0.0,2.0,0.06666666666666667,0.06666666666666667,-0.06666666666666667,-0.0016666666666666668,4.0,4.843226487327763,8.5875,24.25,2.0,0.0,0.06666666666666667,0.0,0.06666666666666667,0.3669444444444444,22.0,1.5598019703876866,1.2840909090909092,11.5,5.0,0.0,0.0,0.06666666666666667,-0.3333333333333333,-1.46366930171278,0.0,0.0,0.0,0.0,0.0,2.0,0.0,0.06666666666666667,0.0,0.0,1.0,0.0,1.1,1.1,1.0,0.0,0.0,0.0,0.06666666666666667,0.07333333333333333,1.0,0.0,3.2,3.2,1.0,0.0,0.0,0.0,0.06666666666666667,0.21333333333333335,0.0,0.0,0.0,0.0,0.0,2.0,0.0,0.06666666666666667,0.0,0.0,1.0,12.849307967947237,0.0,0.0,0.0,2.0,0.0,0.13333333333333333,-0.13333333333333333,-1.8466666666666667,2.0,3.5395902007266704,25.625,51.25,1.0,0.0,0.0,0.0,0.0,0.5,0.0,0.0,0.0,0.0,0.0,2.0,0.0,0.06666666666666667,0.0,0.0,1.0,13.88350478799548,0.0,0.0,0.0,2.0,0.0,0.13333333333333333,-0.13333333333333333,-1.7522222222222221,2.0,3.6774776577865014,26.325,52.65,1.0,0.0,0.0,0.0,0.0,0.5,2.0,0.0,7.0,11.200000000000001,27.0,6.92962962962963,0.0,0.0,1.0,16.1,1.0,18.2,0.0,0.0,0.0,0.0,2.0,37.8,0.0,0.0,0.0,0.0,2.0,38.45
north_heavy_seed1,north_heavy,1,635.25,650.25,51.0,5.260087728606334,3.5647058823529414,11.0,18.75,2.0,13.680913754811636,0.0,0.0,0.0,2.0,0.13333333333333333,0.13333333333333333,-0.06666666666666667,-0.035,5.0,4.730010845770613,7.2700000000000005,25.25,2.0,0.0,0.13333333333333333,0.0,0.06666666666666667,0.25688888888888894,23.0,1.4662818494916636,1.4456521739130435,12.5,5.0,0.0,0.06666666666666667,0.06666666666666667,-0.26666666666666666,-1.2981159420289856,0.0,0.0,0.0,0.0,0.0,2.0,0.0,0.06666666666666667,0.0,0.0,1.0,0.0,2.1,2.1,1.0,0.0,0.0,0.0,0.06666666666666667,0.14,1.0,0.0,4.2,4.2,1.0,0.0,0.0,0.0,0.06666666666666667,0.28,0.0,0.0,0.0,0.0,0.0,2.0,0.0,0.06666666666666667,0.0,0.0,1.0,12.842131802206998,0.0,0.0,0.0,2.0,0.0,0.13333333333333333,-0.13333333333333333,-1.891111111111111,2.0,2.258323669558434,26.125,52.25,1.0,0.0,0.0,0.0,0.0,0.5,0.0,0.0,0.0,0.0,0.0,2.0,0.0,0.06666666666666667,0.0,0.0,0.0,0.0,0.0,0.0,0.0,2.0,0.0,0.2,-0.13333333333333333,-1.7966666666666666,2.0,2.385249830934191,26.825,53.65,1.0,0.0,0.0,0.0,0.0,0.5,3.0,0.0,8.0,10.3,27.0,7.551851851851852,0.0,0.0,1.0,17.1,1.0,19.2,0.0,0.0,0.0,0.0,2.0,38.8,0.0,0.0,0.0,0.0,2.0,39.45
north_heavy_seed1,north_heavy,1,636.25,651.25,51.0,5.200515166545338,3.7941176470588234,12.0,17.75,2.0,14.651494862337724,0.0,0.0,0.0,2.0,0.13333333333333333,0.13333333333333333,-0.06666666666666667,-0.06833333333333333,5.0,4.515380873133507,7.67,26.25,2.0,0.0,0.13333333333333333,0.0,0.06666666666666667,0.2613333333333333,23.0,1.3757053460800832,1.6934782608695653,13.5,6.0,0.0,0.06666666666666667,0.0,-0.13333333333333333,-1.180889328063241,0.0,0.0,0.0,0.0,0.0,2.0,0.0,0.06666666666666667,0.0,0.0,1.0,0.0,3.1,3.1,1.0,0.0,0.0,0.0,0.06666666666666667,0.20666666666666667,1.0,0.0,5.2,5.2,1.0,0.0,0.0,0.0,0.06666666666666667,0.3466666666666667,0.0,0.0,0.0,0.0,0.0,2.0,0.0,0.06666666666666667,0.0,0.0,0.0,0.0,0.0,0.0,0.0,2.0,0.0,0.2,-0.13333333333333333,-1.9355555555555555,2.0,1.277159749624619,26.625,53.25,1.0,0.0,0.0,0.0,0.0,0.5,0.0,0.0,0.0,0.0,0.0,2.0,0.0,0.06666666666666667,0.0,0.0,0.0,0.0,0.0,0.0,0.0,2.0,0.0,0.2,-0.13333333333333333,-1.841111111111111,2.0,1.35508276224559,27.325,54.65,1.0,0.0,0.0,0.0,0.0,0.5,3.0,0.0,8.0,10.90625,28.0,7.889285714285714,0.0,0.0,1.0,18.1,1.0,20.2,0.0,0.0,0.0,0.0,2.0,39.8,0.0,0.0,0.0,0.0,2.0,40.45
north_heavy_seed1,north_heavy,1,637.25,652.25,51.0,5.0218885971516265,4.034313725490196,13.0,16.75,2.0,14.716001483451576,0.0,0.0,0.0,2.0,0.13333333333333333,0.13333333333333333,-0.06666666666666667,-0.10166666666666666,5.0,4.041987319502478,8.07,27.25,2.0,0.0,0.13333333333333333,0.0,0.06666666666666667,0.26577777777777783,24.0,1.2803163394377837,1.8833333333333335,14.5,7.0,0.0,0.13333333333333333,0.0,0.06666666666666667,-0.8155050505050506,0.0,0.0,0.0,0.0,0.0,2.0,0.0,0.06666666666666667,0.0,0.0,1.0,0.0,4.1,4.1,1.0,0.0,0.0,0.0,0.06666666666666667,0.2733333333333333,1.0,0.0,6.2,6.2,1.0,0.0,0.0,0.0,0.06666666666666667,0.41333333333333333,0.0,0.0,0.0,0.0,0.0,2.0,0.0,0.06666666666666667,0.0,0.0,0.0,0.0,0.0,0.0,0.0,2.0,0.0,0.2,-0.13333333333333333,-1.98,2.0,0.6205273413140112,27.125,54.25,1.0,0.0,0.0,0.0,0.0,0.5,0.0,0.0,0.0,0.0,0.0,2.0,0.0,0.06666666666666667,0.0,0.0,0.0,0.0,0.0,0.0,0.0,2.0,0.0,0.2,-0.13333333333333333,-1.8855555555555554,2.0,0.6646061450967845,27.825,55.65,1.0,0.0,0.0,0.0,0.0,0.5,3.0,0.0,8.0,11.53125,28.0,8.532142857142857,0.0,0.0,1.0,19.1,1.0,21.2,0.0,0.0,0.0,0.0,2.0,40.8,0.0,0.0,0.0,0.0,2.0,41.45
north_heavy_seed1,north_heavy,1,638.25,653.25,50.0,4.775914795731051,4.386,14.0,15.75,2.0,13.088131719045588,0.0,0.0,0.0,2.0,0.13333333333333333,0.13333333333333333,-0.06666666666666667,-0.13499999999999998,5.0,3.7791590809696323,8.47,28.25,2.0,0.0,0.13333333333333333,0.0,0.06666666666666667,0.27022222222222225,24.0,1.2050587492536802,2.1979166666666665,15.5,8.0,0.0,0.13333333333333333,0.0,0.13333333333333333,-0.6277146464646465,0.0,0.0,0.0,0.0,0.0,2.0,0.0,0.06666666666666667,0.0,0.0,1.0,0.0,5.1,5.1,1.0,0.0,0.0,0.0,0.06666666666666667,0.33999999999999997,1.0,0.0,7.2,7.2,1.0,0.0,0.0,0.0,0.06666666666666667,0.48000000000000004,0.0,0.0,0.0,0.0,0.0,2.0,0.0,0.06666666666666667,0.0,0.0,0.0,0.0,0.0,0.0,0.0,2.0,0.0,0.2,-0.13333333333333333,-2.0244444444444443,2.0,0.2607961080278984,27.625,55.25,1.0,0.0,0.0,0.0,0.0,0.5,0.0,0.0,0.0,0.0,0.0,2.0,0.0,0.06666666666666667,0.0,0.0,0.0,0.0,0.0,0.0,0.0,2.0,0.0,0.2,-0.13333333333333333,-1.93,2.0,0.2810625242143309,28.325,56.65,1.0,0.0,0.0,0.0,0.0,0.5,4.0,0.0,9.0,10.805555555555555,28.0,9.180357142857144,0.0,0.0,1.0,20.1,1.0,22.2,0.0,0.0,0.0,0.0,2.0,41.8,0.0,0.0,0.0,0.0,2.0,42.45
north_heavy_seed1,north_heavy,1,639.25,654.25,51.0,4.690323883662884,4.583333333333333,15.0,14.75,2.0,13.499308292088278,0.0,0.0,0.0,2.0,0.13333333333333333,0.2,0.0,0.0,6.0,3.8261365884527767,7.391666666666667,29.25,2.0,0.0,0.13333333333333333,0.0,0.0,0.2536111111111111,24.0,1.1177203147519996,2.5500000000000003,16.5,9.0,0.0,0.13333333333333333,0.0,0.26666666666666666,-0.43803030303030305,0.0,0.0,0.0,0.0,0.0,2.0,0.0,0.06666666666666667,0.0,0.0,1.0,0.0,6.1,6.1,1.0,0.0,0.0,0.0,0.06666666666666667,0.4066666666666666,1.0,0.0,8.2,8.2,1.0,0.0,0.0,0.0,0.06666666666666667,0.5466666666666666,0.0,0.0,0.0,0.0,0.0,2.0,0.0,0.06666666666666667,0.0,0.0,0.0,0.0,0.0,0.0,0.0,2.0,0.0,0.2,0.0,0.0,2.0,0.09921356534584862,28.125,56.25,1.0,0.0,0.0,0.0,0.0,0.5,0.0,0.0,0.0,0.0,0.0,2.0,0.0,0.06666666666666667,0.0,0.0,0.0,0.0,0.0,0.0,0.0,2.0,0.0,0.2,-0.06666666666666667,-0.8366666666666666,2.0,0.10911701587260927,28.825,57.65,1.0,0.0,0.0,0.0,0.0,0.5,3.0,0.0,9.0,11.36111111111111,28.0,9.867857142857144,0.0,0.0,1.0,21.1,1.0,23.2,0.0,0.0,0.0,0.0,2.0,42.8,0.0,0.0,0.0,0.0,2.0,43.45
north_heavy_seed1,north_heavy,1,640.25,655.25,51.0,4.678557426220902,4.890196078431373,18.0,13.75,2.0,13.491717232332745,0.0,0.0,0.0,2.0,0.13333333333333333,0.13333333333333333,0.0,0.0,6.0,3.8978353794860428,7.7250000000000005,30.25,2.0,0.0,0.13333333333333333,0.0,0.0,0.24250000000000002,24.0,1.0295740661976447,2.9270833333333335,17.5,10.0,0.0,0.13333333333333333,0.0,0.4666666666666667,-0.09940656565656564,0.0,0.0,0.0,0.0,0.0,2.0,0.0,0.06666666666666667,0.0,0.0,1.0,0.0,7.1,7.1,1.0,0.0,0.0,0.0,0.06666666666666667,0.47333333333333333,1.0,0.0,9.2,9.2,1.0,0.0,0.0,0.0,0.06666666666666667,0.6133333333333333,0.0,0.0,0.0,0.0,0.0,2.0,0.0,0.06666666666666667,0.0,0.0,0.0,0.0,0.0,0.0,0.0,2.0,0.0,0.13333333333333333,0.0,0.0,2.0,0.035899960940603506,28.8,57.25,2.0,0.0,0.0,0.0,0.06666666666666667,0.5116666666666667,0.0,0.0,0.0,0.0,0.0,2.0,0.0,0.06666666666666667,0.0,0.0,0.0,0.0,0.0,0.0,0.0,2.0,0.0,0.13333333333333333,0.0,0.0,2.0,0.03909465946229964,29.45,58.65,2.0,0.0,0.0,0.0,0.06666666666666667,0.5083333333333333,3.0,0.0,9.0,11.916666666666666,29.0,10.217241379310344,0.0,0.0,1.0,22.1,1.0,24.2,0.0,0.0,0.0,0.0,2.0,43.8,0.0,0.0,0.0,0.0,2.0,44.45
north_heavy_seed1,north_heavy,1,641.25,656.25,52.0,4.406658788825513,5.149038461538462,19.0,12.75,2.0,13.470766722425997,0.0,0.0,0.0,2.0,0.13333333333333333,0.13333333333333333,0.0,0.0,7.0,3.8981491663136114,6.9071428571428575,31.25,2.0,0.0,0.2,0.0,0.0,0.15464285714285714,25.0,0.9437384102980971,3.2239999999999998,18.5,11.0,0.0,0.2,0.0,0.6,0.05750909090909089,0.0,0.0,0.0,0.0,0.0,2.0,0.0,0.06666666666666667,0.0,0.0,1.0,0.0,8.1,8.1,1.0,0.0,0.0,0.0,0.06666666666666667,0.5399999999999999,1.0,0.0,10.2,10.2,1.0,0.0,0.0,0.0,0.06666666666666667,0.6799999999999999,0.0,0.0,0.0,0.0,0.0,2.0,0.0,0.06666666666666667,0.0,0.0,0.0,0.0,0.0,0.0,0.0,2.0,0.0,0.13333333333333333,0.0,0.0,2.0,0.012925200059308853,29.8,58.25,2.0,0.0,0.0,0.0,0.06666666666666667,0.545,0.0,0.0,0.0,0.0,0.0,2.0,0.0,0.06666666666666667,0.0,0.0,0.0,0.0,0.0,0.0,0.0,2.0,0.0,0.13333333333333333,0.0,0.0,2.0,0.014404903756271088,30.45,59.65,2.0,0.0,0.0,0.0,0.06666666666666667,0.5416666666666666,3.0,0.0,9.0,12.472222222222221,29.0,10.91551724137931,0.0,0.0,1.0,23.1,1.0,25.2,0.0,0.0,0.0,0.0,2.0,44.8,0.0,0.0,0.0,0.0,2.0,45.45
north_heavy_seed1,north_heavy,1,642.25,657.25,53.0,4.590758029419924,5.428301886792452,20.0,11.75,3.0,13.126006239462543,0.0,0.0,0.0,2.0,0.2,0.13333333333333333,0.0,0.0,7.0,4.118108364408585,7.328571428571429,32.25,3.0,0.0,0.2,0.0,0.06666666666666667,0.14940476190476193,25.0,0.873576111495875,3.6639999999999997,19.5,11.0,0.0,0.2,0.0,0.6,0.2294181818181818,0.0,0.0,0.0,0.0,0.0,2.0,0.0,0.06666666666666667,0.0,0.0,1.0,0.0,9.1,9.1,1.0,0.0,0.0,0.0,0.06666666666666667,0.6066666666666667,1.0,0.0,11.2,11.2,1.0,0.0,0.0,0.0,0.06666666666666667,0.7466666666666666,0.0,0.0,0.0,0.0,0.0,2.0,0.0,0.06666666666666667,0.0,0.0,0.0,0.0,0.0,0.0,0.0,2.0,0.0,0.06666666666666667,0.0,0.0,2.0,0.004736415617325653,30.8,59.25,2.0,0.0,0.0,0.0,0.06666666666666667,0.5783333333333334,0.0,0.0,0.0,0.0,0.0,2.0,0.0,0.06666666666666667,0.0,0.0,0.0,0.0,0.0,0.0,0.0,2.0,0.0,0.06666666666666667,0.0,0.0,2.0,0.0052471703705345325,31.45,60.65,2.0,0.0,0.0,0.0,0.06666666666666667,0.575,3.0,0.0,9.0,13.027777777777779,29.0,11.639655172413793,0.0,0.0,1.0,24.1,1.0,26.2,0.0,0.0,0.0,0.0,2.0,0.0,0.0,0.0,0.0,0.0,2.0,8.625
north_heavy_seed1,north_heavy,1,643.25,658.25,53.0,4.582690187290993,5.824528301886792,22.0,10.75,3.0,13.050705028291091,0.0,0.0,0.0,2.0,0.2,0.13333333333333333,0.0,0.0,7.0,4.381358219060611,7.771428571428571,33.25,4.0,0.0,0.2,0.0,0.13333333333333333,0.14559523809523806,25.0,0.7973345451277699,4.14,20.5,12.0,0.0,0.2,0.0,0.6666666666666666,0.2550909090909091,0.0,0.0,0.0,0.0,0.0,2.0,0.0,0.06666666666666667,0.0,0.0,1.0,0.0,10.1,10.1,1.0,0.0,0.0,0.0,0.06666666666666667,0.6733333333333333,1.0,0.0,12.2,12.2,1.0,0.0,0.0,0.0,0.06666666666666667,0.8133333333333332,0.0,0.0,0.0,0.0,0.0,2.0,0.0,0.06666666666666667,0.0,0.0,0.0,0.0,0.0,0.0,0.0,2.0,0.0,0.06666666666666667,0.0,0.0,2.0,0.0016940523341254627,31.8,60.25,2.0,0.0,0.0,0.0,0.06666666666666667,0.6116666666666667,0.0,0.0,0.0,0.0,0.0,2.0,0.0,0.06666666666666667,0.0,0.0,0.0,0.0,0.0,0.0,0.0,2.0,0.0,0.06666666666666667,0.0,0.0,2.0,0.001887283966990917,32.45,61.65,2.0,0.0,0.0,0.0,0.06666666666666667,0.6083333333333336,3.0,0.19999999999999998,9.0,13.583333333333334,29.0,12.398275862068965,0.0,0.0,1.0,25.1,1.0,27.2,0.0,0.0,0.0,0.0,1.0,0.0,0.0,0.0,0.0,0.0,1.0,0.0
north_heavy_seed1,north_heavy,1,644.25,659.25,51.0,4.205349313726031,6.484313725490196,22.0,9.75,3.0,12.983596976178177,0.0,0.0,0.0,2.0,0.2,0.13333333333333333,0.0,0.0,7.0,4.346596243027718,8.342857142857143,34.25,4.0,0.0,0.2,0.0,0.13333333333333333,0.15035714285714288,25.0,0.7144995809652929,4.62,21.5,12.0,0.0,0.2,0.0,0.6,0.28012121212121216,0.0,0.0,0.0,0.0,0.0,2.0,0.0,0.06666666666666667,0.0,0.0,1.0,0.0,11.1,11.1,1.0,0.0,0.0,0.0,0.06666666666666667,0.74,1.0,0.0,13.2,13.2,1.0,0.0,0.0,0.0,0.06666666666666667,0.88,0.0,0.0,0.0,0.0,0.0,2.0,0.0,0.06666666666666667,0.0,0.0,0.0,0.0,0.0,0.0,0.0,2.0,0.0,0.06666666666666667,0.0,0.0,2.0,0.0006174103257900248,32.8,61.25,2.0,0.0,0.0,0.0,0.06666666666666667,0.6449999999999998,0.0,0.0,0.0,0.0,0.0,2.0,0.0,0.06666666666666667,0.0,0.0,0.0,0.0,0.0,0.0,0.0,2.0,0.0,0.06666666666666667,0.0,0.0,2.0,0.0006904646007325867,33.45,62.65,2.0,0.0,0.0,0.0,0.06666666666666667,0.6416666666666669,3.0,0.5333333333333333,9.0,14.13888888888889,29.0,13.182758620689656,0.0,0.0,1.0,26.1,1.0,28.2,0.0,0.0,0.0,0.0,1.0,0.0,0.0,0.0,0.0,0.0,1.0,0.0
north_heavy_seed1,north_heavy,1,645.25,660.25,52.0,4.0451244746446156,6.800961538461538,23.0,8.75,3.0,12.456686418038672,0.0,0.0,0.0,2.0,0.2,0.13333333333333333,0.0,0.0,7.0,4.084937159800559,8.914285714285715,35.25,4.0,0.0,0.2,0.0,0.13333333333333333,0.15511904761904763,26.0,0.6569845334352612,4.940384615384615,22.5,13.0,0.0,0.26666666666666666,0.0,0.6666666666666666,0.2923892773892774,0.0,0.0,0.0,0.0,0.0,2.0,0.0,0.06666666666666667,0.0,0.0,1.0,0.0,12.1,12.1,1.0,0.0,0.0,0.0,0.06666666666666667,0.8066666666666666,1.0,0.0,14.2,14.2,1.0,0.0,0.0,0.0,0.06666666666666667,0.9466666666666667,0.0,0.0,0.0,0.0,0.0,2.0,0.0,0.06666666666666667,0.0,0.0,0.0,0.0,0.0,0.0,0.0,2.0,0.0,0.06666666666666667,0.0,0.0,2.0,0.00022382602256491098,33.8,62.25,2.0,0.0,0.0,0.0,0.06666666666666667,0.6783333333333331,0.0,0.0,0.0,0.0,0.0,2.0,0.0,0.06666666666666667,0.0,0.0,0.0,0.0,0.0,0.0,0.0,2.0,0.0,0.06666666666666667,0.0,0.0,2.0,0.0002484509727199389,34.45,63.65,2.0,0.0,0.0,0.0,0.06666666666666667,0.6750000000000003,3.0,0.8666666666666667,9.0,14.805555555555555,29.0,13.993103448275862,0.0,0.0,1.0,27.1,1.0,29.2,0.0,0.0,0.0,0.0,0.0,0.0,0.0,0.0,0.0,0.0,0.0,0.0
north_heavy_seed1,north_heavy,1,646.25,661.25,50.0,3.5808673503540582,7.545,24.0,7.75,2.0,11.360288156380456,0.0,0.0,0.0,2.0,0.13333333333333333,0.13333333333333333,0.0,0.0,7.0,3.719887639358981,9.485714285714286,36.25,4.0,0.0,0.2,0.0,0.13333333333333333,0.15988095238095237,26.0,0.6023034640919607,5.463461538461539,23.5,14.0,0.0,0.26666666666666666,0.0,0.6666666666666666,0.3178671328671329,0.0,0.0,0.0,0.0,0.0,2.0,0.0,0.06666666666666667,0.0,0.0,1.0,0.0,13.1,13.1,1.0,0.0,0.0,0.0,0.06666666666666667,0.8733333333333333,1.0,0.0,15.2,15.2,1.0,0.0,0.0,0.0,0.0,1.0,0.0,0.0,0.0,0.0,0.0,2.0,0.0,0.06666666666666667,0.0,0.0,0.0,0.0,0.0,0.0,0.0,2.0,0.0,0.06666666666666667,0.0,0.0,2.0,8.243719557889849e-05,34.8,63.25,2.0,0.0,0.0,0.0,0.06666666666666667,0.7116666666666664,0.0,0.0,0.0,0.0,0.0,2.0,0.0,0.06666666666666667,0.0,0.0,0.0,0.0,0.0,0.0,0.0,2.0,0.0,0.06666666666666667,0.0,0.0,2.0,9.178074292029914e-05,35.45,64.65,2.0,0.0,0.0,0.0,0.06666666666666667,0.7083333333333336,3.0,1.2,9.0,15.472222222222221,29.0,14.820689655172414,0.0,0.0,1.0,28.1,1.0,30.2,0.0,0.0,0.0,0.0,0.0,0.0,0.0,0.0,0.0,0.0,0.0,0.0
north_heavy_seed1,north_heavy,1,681.25,696.25,56.0,4.537573292092882,18.72232142857143,30.0,20.75,2.0,9.161421615510942,0.0,0.0,0.0,2.0,0.06666666666666667,0.2,-0.06666666666666667,-0.14333333333333334,6.0,5.355309203549846,0.0,0.0,0.0,2.0,0.06666666666666667,0.3333333333333333,-0.5333333333333333,-1.1606666666666667,29.0,5.88785951568202e-06,34.422413793103445,58.5,29.0,0.0,0.0,0.0,0.0,0.9999999999999998,1.0,13.01628008567151,0.0,0.0,0.0,2.0,0.06666666666666667,0.0,0.0,0.0,1.0,14.749437113985191,0.0,0.0,0.0,2.0,0.06666666666666667,0.06666666666666667,-0.06666666666666667,-2.2066666666666666,2.0,0.5883214415278406,25.1,50.2,1.0,0.0,0.06666666666666667,0.0,0.0,-0.6733333333333335,1.0,13.796701550750127,0.0,0.0,0.0,2.0,0.06666666666666667,0.0,0.0,0.0,1.0,13.437300455683395,0.0,0.0,0.0,0.0,0.06666666666666667,0.0,0.0,0.0,1.0,13.834133206424863,0.0,0.0,0.0,0.0,0.06666666666666667,0.0,0.0,0.0,1.0,11.132165815183813,0.0,0.0,0.0,2.0,0.06666666666666667,0.0,0.0,0.0,1.0,13.234773482721613,0.0,0.0,0.0,0.0,0.06666666666666667,0.0,0.0,0.0,1.0,13.835703356247397,0.0,0.0,0.0,0.0,0.06666666666666667,0.0,0.0,0.0,0.0,0.0,2.0,0.0,29.0,49.422413793103445,1.0,0.0,0.0,0.0,3.0,21.733333333333334,0.0,0.0,2.0,0.425,2.0,0.575,2.0,0.0,2.0,0.325,2.0,0.6
north_heavy_seed1,north_heavy,1,682.25,697.25,60.0,5.2623949997303505,17.97416666666667,30.0,19.75,2.0,11.260441411963473,0.0,0.0,0.0,2.0,0.13333333333333333,0.26666666666666666,-0.06666666666666667,-0.16,6.0,6.110374663116107,0.0,0.0,0.0,2.0,0.13333333333333333,0.4,-0.5333333333333333,-1.214,29.0,2.8032326552562504e-06,35.422413793103445,59.5,29.0,0.0,0.0,0.0,0.0,0.9999999999999998,1.0,13.096603980426494,0.0,0.0,0.0,2.0,0.06666666666666667,0.0,0.0,0.0,2.0,14.433142194339439,0.0,0.0,0.0,2.0,0.13333333333333333,0.06666666666666667,-0.06666666666666667,-2.2733333333333334,2.0,1.9267910566258315,25.6,51.2,1.0,0.0,0.06666666666666667,0.0,0.0,-0.7066666666666668,1.0,13.847283864993202,0.0,0.0,0.0,2.0,0.06666666666666667,0.0,0.0,0.0,1.0,13.444146564216837,0.0,0.0,0.0,0.0,0.06666666666666667,0.0,0.0,0.0,1.0,13.852922673025727,0.0,0.0,0.0,0.0,0.06666666666666667,0.0,0.0,0.0,1.0,11.193343999395998,0.0,0.0,0.0,2.0,0.06666666666666667,0.0,0.0,0.0,1.0,13.225500697553471,0.0,0.0,0.0,0.0,0.06666666666666667,0.0,0.0,0.0,2.0,13.934057741975412,0.0,0.0,0.0,0.0,0.13333333333333333,0.0,0.0,0.0,1.0,0.0,2.0,0.0,29.0,50.422413793103445,0.0,0.0,0.0,0.0,3.0,22.066666666666666,0.0,0.0,2.0,0.925,2.0,1.075,1.0,0.0,2.0,0.825,2.0,1.1
north_heavy_seed1,north_heavy,1,683.25,698.25,67.0,6.167794089665578,16.54402985074627,30.0,18.75,2.0,12.98688603853632,0.0,0.0,0.0,2.0,0.13333333333333333,0.26666666666666666,-0.06666666666666667,-0.17666666666666667,6.0,7.331858469298376,0.0,0.0,0.0,2.0,0.13333333333333333,0.4,-0.6,-1.2696666666666667,29.0,1.3363062653458982e-06,36.422413793103445,60.5,29.0,0.0,0.0,0.0,0.0,0.9999999999999998,2.0,13.036330746646374,0.0,0.0,0.0,2.0,0.13333333333333333,0.0,0.0,0.0,2.0,14.458081830622064,0.0,0.0,0.0,2.0,0.13333333333333333,0.06666666666666667,-0.06666666666666667,-2.3400000000000003,3.0,3.180348695932746,17.400000000000002,52.2,1.0,0.0,0.13333333333333333,0.0,0.0,-1.32,2.0,13.86761545019274,0.0,0.0,0.0,2.0,0.13333333333333333,0.0,0.0,0.0,2.0,12.423415953080756,0.0,0.0,0.0,0.0,0.13333333333333333,0.0,0.0,0.0,2.0,13.71534680622737,0.0,0.0,0.0,0.0,0.13333333333333333,0.0,0.0,0.0,2.0,11.214010300694072,0.0,0.0,0.0,2.0,0.13333333333333333,0.0,0.0,0.0,2.0,12.919191226749458,0.0,0.0,0.0,0.0,0.13333333333333333,0.0,0.0,0.0,2.0,13.929439039482139,0.0,0.0,0.0,0.0,0.13333333333333333,0.0,0.0,0.0,1.0,0.0,1.0,0.0,29.0,51.422413793103445,0.0,0.0,0.0,0.0,3.0,22.400000000000002,0.0,0.0,2.0,1.425,2.0,1.575,0.0,0.0,2.0,1.325,2.0,1.6
north_heavy_seed1,north_heavy,1,684.25,699.25,67.0,6.432701270478998,16.99179104477612,30.0,17.75,2.0,13.665630709510992,0.0,0.0,0.0,2.0,0.13333333333333333,0.26666666666666666,-0.06666666666666667,-0.19333333333333333,5.0,8.53249284754973,0.0,0.0,0.0,2.0,0.13333333333333333,0.4666666666666667,-0.6,-1.3296666666666668,29.0,4.6980194630714474e-07,37.422413793103445,61.5,29.0,0.0,0.0,0.0,0.0,0.9999999999999998,2.0,13.044931234890175,0.0,0.0,0.0,2.0,0.13333333333333333,0.0,0.0,0.0,2.0,14.419591172377363,0.0,0.0,0.0,2.0,0.13333333333333333,0.06666666666666667,-0.06666666666666667,-2.4066666666666667,3.0,4.653873984385839,17.733333333333334,53.2,1.0,0.0,0.13333333333333333,0.0,0.0,-1.3644444444444446,2.0,13.8063923283683,0.0,0.0,0.0,2.0,0.13333333333333333,0.0,0.0,0.0,2.0,12.424067884365916,0.0,0.0,0.0,0.0,0.13333333333333333,0.0,0.0,0.0,2.0,13.714610476184776,0.0,0.0,0.0,0.0,0.13333333333333333,0.0,0.0,0.0,2.0,11.1943026845288,0.0,0.0,0.0,2.0,0.13333333333333333,0.0,0.0,0.0,2.0,12.94649574249844,0.0,0.0,0.0,0.0,0.13333333333333333,0.0,0.0,0.0,2.0,13.923761210899318,0.0,0.0,0.0,0.0,0.13333333333333333,0.0,0.0,0.0,1.0,0.0,1.0,0.0,29.0,52.422413793103445,0.0,0.0,0.0,0.0,3.0,22.733333333333334,0.0,0.0,2.0,1.925,2.0,2.075,0.0,0.0,2.0,1.825,2.0,2.375
north_heavy_seed1,north_heavy,1,685.25,700.25,67.0,6.599646631425831,17.43955223880597,30.0,16.75,2.0,13.69263112686803,0.0,0.0,0.0,2.0,0.13333333333333333,0.26666666666666666,-0.06666666666666667,-0.21,5.0,9.713166413181971,0.0,0.0,0.0,2.0,0.13333333333333333,0.4666666666666667,-0.6,-1.3896666666666668,29.0,1.9106060505361487e-07,38.422413793103445,62.5,29.0,0.0,0.0,0.0,0.0,0.9999999999999998,2.0,13.067545779788642,0.0,0.0,0.0,2.0,0.13333333333333333,0.0,0.0,0.0,2.0,14.462469238451233,0.0,0.0,0.0,2.0,0.13333333333333333,0.06666666666666667,-0.06666666666666667,-2.4733333333333336,3.0,5.492261400352419,18.066666666666666,54.2,1.0,0.0,0.13333333333333333,0.0,0.0,-1.408888888888889,2.0,13.823610206998918,0.0,0.0,0.0,2.0,0.13333333333333333,0.0,0.0,0.0,2.0,12.421407573897978,0.0,0.0,0.0,0.0,0.13333333333333333,0.0,0.0,0.0,2.0,13.695162768513221,0.0,0.0,0.0,0.0,0.13333333333333333,0.0,0.0,0.0,2.0,11.164938721395732,0.0,0.0,0.0,2.0,0.13333333333333333,0.0,0.0,0.0,2.0,12.973188543514588,0.0,0.0,0.0,0.0,0.13333333333333333,0.0,0.0,0.0,2.0,13.87594331938092,0.0,0.0,0.0,0.0,0.13333333333333333,0.0,0.0,0.0,1.0,0.0,1.0,0.0,29.0,53.422413793103445,0.0,0.0,0.0,0.0,3.0,23.066666666666666,0.0,0.0,2.0,2.425,2.0,2.6750000000000003,0.0,0.0,2.0,2.325,2.0,3.375
north_heavy_seed1,north_heavy,1,686.25,701.25,67.0,6.6708849873095835,17.88731343283582,30.0,15.75,2.0,13.746154537179022,0.0,0.0,0.0,2.0,0.13333333333333333,0.26666666666666666,-0.2,-0.245,4.0,10.201222903084567,0.0,0.0,0.0,2.0,0.13333333333333333,0.5333333333333333,-0.6,-1.4496666666666667,29.0,0.0,39.422413793103445,63.5,29.0,0.0,0.0,0.0,0.0,0.9999999999999998,2.0,13.068528677423041,0.0,0.0,0.0,2.0,0.13333333333333333,0.0,0.0,0.0,2.0,14.448362532618821,0.0,0.0,0.0,2.0,0.13333333333333333,0.06666666666666667,-0.06666666666666667,-2.54,3.0,6.1378240122214835,18.400000000000002,55.2,1.0,0.0,0.13333333333333333,0.0,0.0,-1.4533333333333334,2.0,13.83495640132859,0.0,0.0,0.0,2.0,0.13333333333333333,0.0,0.0,0.0,2.0,12.40961687686097,0.0,0.0,0.0,0.0,0.13333333333333333,0.0,0.0,0.0,2.0,13.704666868005203,0.0,0.0,0.0,0.0,0.13333333333333333,0.0,0.0,0.0,2.0,11.197850205061464,0.0,0.0,0.0,2.0,0.13333333333333333,0.0,0.0,0.0,2.0,12.961259355930736,0.0,0.0,0.0,0.0,0.13333333333333333,0.0,0.0,0.0,2.0,13.868513256120842,0.0,0.0,0.0,0.0,0.13333333333333333,0.0,0.0,0.0,1.0,0.0,1.0,0.0,29.0,54.422413793103445,0.0,0.0,0.0,0.0,3.0,23.400000000000002,0.0,0.0,2.0,2.925,2.0,3.6750000000000003,0.0,0.0,2.0,3.1,2.0,4.375
north_heavy_seed1,north_heavy,1,687.25,702.25,67.0,6.7061796226023,18.335074626865673,30.0,14.75,2.0,13.723253543057577,0.0,0.0,0.0,2.0,0.13333333333333333,0.26666666666666666,-0.13333333333333333,-0.05166666666666666,3.0,10.846639097979585,0.0,0.0,0.0,2.0,0.13333333333333333,0.6,-0.5333333333333333,-1.0946666666666665,29.0,0.0,40.422413793103445,64.5,29.0,0.0,0.0,0.0,0.0,0.9999999999999998,2.0,13.047037235783566,0.0,0.0,0.0,2.0,0.13333333333333333,0.0,0.0,0.0,2.0,14.433244720160513,0.0,0.0,0.0,2.0,0.13333333333333333,0.06666666666666667,0.0,0.0,3.0,6.169178674568731,18.733333333333334,56.2,1.0,0.0,0.13333333333333333,0.0,0.0,-1.4977777777777779,2.0,13.835663471195065,0.0,0.0,0.0,2.0,0.13333333333333333,0.0,0.0,0.0,2.0,12.422603961374268,0.0,0.0,0.0,0.0,0.13333333333333333,0.0,0.0,0.0,2.0,13.69603563712458,0.0,0.0,0.0,0.0,0.13333333333333333,0.0,0.0,0.0,2.0,11.144443067602097,0.0,0.0,0.0,2.0,0.13333333333333333,0.0,0.0,0.0,2.0,12.942756779687254,0.0,0.0,0.0,0.0,0.13333333333333333,0.0,0.0,0.0,2.0,13.890936000273943,0.0,0.0,0.0,0.0,0.13333333333333333,0.0,0.0,0.0,1.0,0.0,1.0,0.0,29.0,55.422413793103445,0.0,0.0,0.0,0.0,3.0,23.733333333333334,0.0,0.0,2.0,3.425,2.0,4.675000000000001,0.0,0.0,2.0,4.1000000000000005,2.0,5.375
north_heavy_seed1,north_heavy,1,688.25,703.25,67.0,6.735022751351894,18.782835820895524,30.0,13.75,2.0,13.73126288460589,0.0,0.0,0.0,2.0,0.13333333333333333,0.26666666666666666,0.0,0.0,2.0,11.73678725918667,0.0,0.0,0.0,2.0,0.13333333333333333,0.6,-0.3333333333333333,-0.4522222222222222,29.0,0.0,41.422413793103445,65.5,29.0,0.0,0.0,0.0,0.0,0.9999999999999998,2.0,13.08831665584705,0.0,0.0,0.0,2.0,0.13333333333333333,0.0,0.0,0.0,2.0,14.458135165446105,0.0,0.0,0.0,2.0,0.13333333333333333,0.0,0.0,0.0,3.0,6.208609382946091,19.066666666666666,57.2,1.0,0.0,0.13333333333333333,0.0,0.0,-1.5422222222222224,2.0,13.832809592535403,0.0,0.0,0.0,2.0,0.13333333333333333,0.0,0.0,0.0,2.0,12.422440684622508,0.0,0.0,0.0,0.0,0.13333333333333333,0.0,0.0,0.0,2.0,13.723434492592954,0.0,0.0,0.0,0.0,0.13333333333333333,0.0,0.0,0.0,2.0,11.22699603557924,0.0,0.0,0.0,2.0,0.13333333333333333,0.0,0.0,0.0,2.0,12.962158762716347,0.0,0.0,0.0,0.0,0.13333333333333333,0.0,0.0,0.0,2.0,13.884834753246984,0.0,0.0,0.0,0.0,0.13333333333333333,0.0,0.0,0.0,1.0,0.0,1.0,0.0,29.0,56.422413793103445,0.0,0.0,0.0,0.0,3.0,24.066666666666666,0.0,0.0,2.0,4.0,2.0,5.675000000000001,0.0,0.0,2.0,5.1,2.0,6.375
north_heavy_seed1,north_heavy,1,689.25,704.25,67.0,6.750201008966627,19.230597014925372,30.0,12.75,2.0,13.713464677951047,0.0,0.0,0.0,2.0,0.13333333333333333,0.2,0.0,0.0,2.0,11.803652046457032,0.0,0.0,0.0,2.0,0.13333333333333333,0.6,-0.2,-0.20148148148148148,29.0,0.0,42.422413793103445,66.5,29.0,0.0,0.0,0.0,0.0,0.9999999999999998,2.0,13.056626013551933,0.0,0.0,0.0,2.0,0.13333333333333333,0.0,0.0,0.0,2.0,14.456430738278565,0.0,0.0,0.0,2.0,0.13333333333333333,0.0,0.0,0.0,3.0,6.261641802955711,19.400000000000002,58.2,1.0,0.0,0.13333333333333333,0.0,0.0,-1.5866666666666667,2.0,13.801990497693104,0.0,0.0,0.0,2.0,0.13333333333333333,0.0,0.0,0.0,2.0,12.403233226145506,0.0,0.0,0.0,0.0,0.13333333333333333,0.0,0.0,0.0,2.0,13.718095074952137,0.0,0.0,0.0,0.0,0.13333333333333333,0.0,0.0,0.0,2.0,11.149442408449616,0.0,0.0,0.0,2.0,0.13333333333333333,0.0,0.0,0.0,2.0,12.957503336597126,0.0,0.0,0.0,0.0,0.13333333333333333,0.0,0.0,0.0,2.0,13.853786352790005,0.0,0.0,0.0,0.0,0.13333333333333333,0.0,0.0,0.0,1.0,0.0,1.0,0.0,29.0,57.422413793103445,0.0,0.0,0.0,0.0,3.0,24.416666666666668,0.0,0.0,2.0,5.0,2.0,6.675000000000001,0.0,0.0,2.0,6.1,2.0,7.375
north_heavy_seed1,north_heavy,1,690.25,705.25,67.0,6.766289234367351,19.678358208955224,30.0,11.75,2.0,13.752438883186763,0.0,0.0,0.0,2.0,0.13333333333333333,0.2,0.0,0.0,2.0,11.821969856156024,0.0,0.0,0.0,2.0,0.13333333333333333,0.5333333333333333,-0.06666666666666667,-0.06125,29.0,0.0,43.422413793103445,67.5,29.0,0.0,0.0,0.0,0.0,0.9999999999999998,2.0,13.04260576835384,0.0,0.0,0.0,2.0,0.13333333333333333,0.0,0.0,0.0,2.0,14.41157406036825,0.0,0.0,0.0,2.0,0.13333333333333333,0.0,0.0,0.0,3.0,6.249670723728298,19.733333333333334,59.2,1.0,0.0,0.13333333333333333,0.0,0.0,-1.6311111111111112,2.0,13.85152832442246,0.0,0.0,0.0,2.0,0.13333333333333333,0.0,0.0,0.0,2.0,12.422973583828313,0.0,0.0,0.0,0.0,0.13333333333333333,0.0,0.0,0.0,2.0,13.732476439053215,0.0,0.0,0.0,0.0,0.13333333333333333,0.0,0.0,0.0,2.0,11.182472459744442,0.0,0.0,0.0,2.0,0.13333333333333333,0.0,0.0,0.0,2.0,12.93077164213232,0.0,0.0,0.0,0.0,0.13333333333333333,0.0,0.0,0.0,2.0,13.859791476758014,0.0,0.0,0.0,0.0,0.13333333333333333,0.0,0.0,0.0,1.0,0.0,1.0,0.0,29.0,55.577586206896555,0.0,0.0,0.0,0.0,3.0,0.0,0.0,0.0,2.0,6.0,2.0,7.675000000000001,0.0,0.0,2.0,7.1,2.0,8.375
north_heavy_seed1,north_heavy,1,691.25,706.25,66.0,6.663570664502405,20.43106060606061,30.0,10.75,2.0,13.732125222275712,0.0,0.0,0.0,2.0,0.13333333333333333,0.2,0.0,0.0,2.0,11.808935169608976,0.0,0.0,0.0,2.0,0.13333333333333333,0.5333333333333333,0.0,0.0,29.0,0.0,44.422413793103445,68.5,29.0,0.0,0.0,0.0,0.0,0.9999999999999998,2.0,13.062551403928516,0.0,0.0,0.0,2.0,0.13333333333333333,0.0,0.0,0.0,2.0,14.450497394506254,0.0,0.0,0.0,2.0,0.13333333333333333,0.0,0.0,0.0,3.0,6.253957097091681,20.066666666666666,60.2,1.0,0.0,0.13333333333333333,0.0,0.0,-1.6755555555555557,2.0,13.827968026579011,0.0,0.0,0.0,2.0,0.13333333333333333,0.0,0.0,0.0,2.0,12.405484308282034,0.0,0.0,0.0,0.0,0.13333333333333333,0.0,0.0,0.0,2.0,13.69695068824538,0.0,0.0,0.0,0.0,0.13333333333333333,0.0,0.0,0.0,2.0,11.176835312579078,0.0,0.0,0.0,2.0,0.13333333333333333,0.0,0.0,0.0,2.0,12.945925009566718,0.0,0.0,0.0,0.0,0.13333333333333333,0.0,0.0,0.0,2.0,13.876644905982875,0.0,0.0,0.0,0.0,0.13333333333333333,0.0,0.0,0.0,1.0,0.0,1.0,0.0,28.0,50.283928571428575,0.0,0.0,0.0,0.0,2.0,0.0,0.0,0.0,2.0,7.0,2.0,8.675,0.0,0.0,2.0,8.1,2.0,9.375
north_heavy_seed1,north_heavy,1,692.25,707.25,65.0,6.5299804654223985,21.20692307692308,30.0,9.75,2.0,13.71537586227139,0.0,0.0,0.0,2.0,0.13333333333333333,0.2,0.0,0.0,2.0,11.865294362050069,0.0,0.0,0.0,2.0,0.13333333333333333,0.4666666666666667,0.0,0.0,29.0,0.0,45.422413793103445,69.5,29.0,0.0,0.0,0.0,0.0,0.9999999999999998,2.0,13.076357676737025,0.0,0.0,0.0,2.0,0.13333333333333333,0.0,0.0,0.0,2.0,14.470695973402139,0.0,0.0,0.0,2.0,0.13333333333333333,0.0,0.0,0.0,3.0,6.281700203308354,20.400000000000002,61.2,1.0,0.0,0.13333333333333333,0.0,0.0,-1.72,2.0,13.834151671484495,0.0,0.0,0.0,2.0,0.13333333333333333,0.0,0.0,0.0,2.0,12.424656963697057,0.0,0.0,0.0,0.0,0.13333333333333333,0.0,0.0,0.0,2.0,13.294320577055053,0.0,0.0,0.0,0.0,0.13333333333333333,0.0,0.0,0.0,2.0,11.182681285956566,0.0,0.0,0.0,2.0,0.13333333333333333,0.0,0.0,0.0,2.0,12.953484354537455,0.0,0.0,0.0,0.0,0.13333333333333333,0.0,0.0,0.0,2.0,13.077697033404391,0.0,0.0,0.0,0.0,0.13333333333333333,0.0,0.0,0.0,1.0,0.0,1.0,0.0,28.0,45.975,0.0,0.0,0.0,0.0,2.0,0.0,0.0,0.0,2.0,8.0,2.0,9.675,0.0,0.0,2.0,9.1,2.0,10.375
north_heavy_seed1,north_heavy,1,693.25,708.25,65.0,6.185892036396889,21.66846153846154,30.0,8.75,2.0,13.749075385997635,0.0,0.0,0.0,2.0,0.13333333333333333,0.13333333333333333,0.0,0.0,2.0,11.852191276932135,0.0,0.0,0.0,2.0,0.13333333333333333,0.4666666666666667,0.0,0.0,29.0,0.0,46.422413793103445,70.5,29.0,0.0,0.0,0.0,0.0,0.9999999999999998,2.0,13.027710248434687,0.0,0.0,0.0,2.0,0.13333333333333333,0.0,0.0,0.0,1.0,13.905446874201685,0.0,0.0,0.0,2.0,0.06666666666666667,0.0,0.0,0.0,3.0,6.284108550998011,20.733333333333334,62.2,1.0,0.0,0.13333333333333333,0.0,0.0,-1.7644444444444445,2.0,13.0051107300756,0.0,0.0,0.0,2.0,0.13333333333333333,0.0,0.0,0.0,2.0,10.678393418484731,0.0,0.0,0.0,0.0,0.13333333333333333,0.0,0.0,0.0,2.0,9.53342517758205,0.0,0.0,0.0,0.0,0.13333333333333333,0.0,0.0,0.0,2.0,11.16240033886745,0.0,0.0,0.0,2.0,0.13333333333333333,0.0,0.0,0.0,2.0,11.713202506923121,0.0,0.0,0.0,0.0,0.13333333333333333,0.0,0.0,0.0,2.0,9.170236898058805,0.0,0.0,0.0,0.0,0.13333333333333333,0.0,0.0,0.0,1.0,0.0,1.0,0.0,27.0,43.27777777777778,0.0,0.0,0.0,0.0,1.0,0.0,0.0,0.0,2.0,9.0,2.0,10.675,0.0,0.0,2.0,10.1,2.0,11.375
north_heavy_seed1,north_heavy,1,694.25,709.25,64.0,5.47934044533363,22.47578125,30.0,7.75,1.0,12.151378050054571,0.0,0.0,0.0,2.0,0.06666666666666667,0.13333333333333333,0.0,0.0,2.0,11.858184878128046,0.0,0.0,0.0,2.0,0.13333333333333333,0.4,0.0,0.0,29.0,0.0,47.422413793103445,71.5,29.0,0.0,0.0,0.0,0.0,1.0,2.0,11.351442559926783,0.0,0.0,0.0,2.0,0.13333333333333333,0.0,0.0,0.0,1.0,14.000871341184169,0.0,0.0,0.0,2.0,0.06666666666666667,0.0,0.0,0.0,3.0,6.297356796763238,21.066666666666666,63.2,1.0,0.0,0.13333333333333333,0.0,0.0,-1.808888888888889,1.0,11.324242053111176,0.0,0.0,0.0,2.0,0.06666666666666667,0.0,0.0,0.0,2.0,8.421637283560955,0.0,0.0,0.0,0.0,0.13333333333333333,0.0,0.0,0.0,2.0,5.744724762055773,0.0,0.0,0.0,0.0,0.13333333333333333,0.0,0.0,0.0,2.0,11.196193930995157,0.0,0.0,0.0,2.0,0.13333333333333333,0.0,0.0,0.0,2.0,7.857867926454458,0.0,0.0,0.0,0.0,0.13333333333333333,0.0,0.0,0.0,2.0,5.328573122919627,0.0,0.0,0.0,0.0,0.13333333333333333,0.0,0.0,0.0,1.0,0.85,1.0,0.65,27.0,41.446296296296296,0.0,0.0,0.0,0.0,0.0,0.0,0.0,0.0,2.0,10.0,2.0,11.675,0.0,0.0,2.0,11.100000000000001,2.0,12.375
north_heavy_seed1,north_heavy,1,696.25,711.25,63.0,4.717038967088754,23.846031746031745,34.0,5.75,0.0,0.0,0.0,0.0,0.0,2.0,0.0,0.13333333333333333,0.0,0.0,2.0,11.864453549473275,0.0,0.0,0.0,2.0,0.06666666666666667,0.3333333333333333,0.0,0.0,29.0,0.0,49.422413793103445,73.5,29.0,0.0,0.0,0.0,0.0,1.0,1.0,10.34197278095682,0.0,0.0,0.0,2.0,0.06666666666666667,0.06666666666666667,0.0,0.0,0.0,0.0,0.0,0.0,0.0,2.0,0.0,0.06666666666666667,0.0,0.0,3.0,6.294008373228732,21.733333333333334,65.2,1.0,0.0,0.06666666666666667,0.0,0.0,-0.22444444444444447,0.0,0.0,0.0,0.0,0.0,2.0,0.0,0.06666666666666667,0.0,0.0,2.0,3.307994122011847,0.425,0.85,1.0,0.0,0.06666666666666667,0.0,0.06666666666666667,0.028333333333333332,2.0,1.40487984373497,0.575,1.15,1.0,0.0,0.06666666666666667,0.0,0.06666666666666667,0.03833333333333333,2.0,11.108234245112271,0.0,0.0,0.0,2.0,0.06666666666666667,0.0,0.0,0.0,2.0,2.0359912156300597,0.325,0.65,1.0,0.0,0.06666666666666667,0.0,0.06666666666666667,0.021666666666666667,2.0,0.8800755348108216,0.6,1.2,1.0,0.0,0.06666666666666667,0.0,0.06666666666666667,0.04,2.0,1.425,2.0,1.325,26.0,36.49038461538461,0.0,0.0,0.0,0.0,0.0,0.0,0.0,0.0,2.0,12.0,2.0,13.674999999999999,0.0,0.0,2.0,13.100000000000001,2.0,14.375
north_heavy_seed1,north_heavy,1,697.25,712.25,64.0,4.834601027570913,24.0046875,34.0,4.75,1.0,15.8193827916123,0.0,0.0,0.0,2.0,0.06666666666666667,0.13333333333333333,0.0,0.0,2.0,12.784152929135615,0.0,0.0,0.0,2.0,0.06666666666666667,0.3333333333333333,0.0,0.0,29.0,0.0,50.422413793103445,74.5,29.0,0.0,0.0,0.0,0.0,1.0,0.0,0.0,0.0,0.0,0.0,2.0,0.0,0.06666666666666667,0.0,0.0,0.0,0.0,0.0,0.0,0.0,2.0,0.0,0.13333333333333333,0.0,0.0,3.0,6.289409583272355,22.066666666666666,66.2,1.0,0.0,0.06666666666666667,0.0,0.0,-0.23555555555555566,0.0,0.0,0.0,0.0,0.0,2.0,0.0,0.06666666666666667,0.0,0.0,2.0,2.256609980887228,0.925,1.85,1.0,0.0,0.06666666666666667,0.0,0.06666666666666667,0.06166666666666667,2.0,0.6915878226204302,1.075,2.15,1.0,0.0,0.06666666666666667,0.0,0.06666666666666667,0.07166666666666667,1.0,8.963059903413388,0.0,0.0,0.0,2.0,0.06666666666666667,0.06666666666666667,0.0,0.0,2.0,1.1114521786897311,0.825,1.65,1.0,0.0,0.06666666666666667,0.0,0.06666666666666667,0.055,2.0,0.31971978576628374,1.1,2.2,1.0,0.0,0.0,0.0,0.06666666666666667,0.07333333333333333,3.0,1.2833333333333334,3.0,1.2166666666666666,25.0,33.248000000000005,0.0,0.0,0.0,0.0,0.0,0.0,0.0,0.0,2.0,13.0,2.0,14.674999999999999,0.0,0.0,2.0,14.1,2.0,15.375
north_heavy_seed1,north_heavy,1,698.25,713.25,63.0,4.8816260215544665,24.925396825396824,34.0,3.75,1.0,16.58171802164987,0.0,0.0,0.0,2.0,0.06666666666666667,0.13333333333333333,0.0,0.0,1.0,16.05917413581583,0.0,0.0,0.0,2.0,0.06666666666666667,0.4,0.0,0.0,29.0,0.0,51.422413793103445,75.5,29.0,0.0,0.0,0.0,0.0,1.0,0.0,0.0,0.0,0.0,0.0,2.0,0.0,0.13333333333333333,0.0,0.0,0.0,0.0,0.0,0.0,0.0,2.0,0.0,0.13333333333333333,0.0,0.0,3.0,6.279212463813244,22.400000000000002,67.2,1.0,0.0,0.0,0.0,0.0,0.3333333333333333,0.0,0.0,0.0,0.0,0.0,2.0,0.0,0.13333333333333333,0.0,0.0,2.0,1.4253794971570248,1.425,2.85,1.0,0.0,0.0,0.0,0.06666666666666667,0.095,2.0,0.2880423493003827,1.575,3.15,1.0,0.0,0.0,0.0,0.06666666666666667,0.105,0.0,0.0,0.0,0.0,0.0,2.0,0.0,0.13333333333333333,0.0,0.0,2.0,0.514945287430168,1.325,2.65,1.0,0.0,0.0,0.0,0.06666666666666667,0.08833333333333333,2.0,0.09513065095512338,1.6,3.2,1.0,0.0,0.0,0.0,0.06666666666666667,0.10666666666666667,3.0,1.6166666666666665,3.0,1.55,25.0,31.195999999999998,0.0,0.0,0.0,0.0,0.0,0.0,0.0,0.0,2.0,14.0,2.0,15.674999999999999,0.0,0.0,2.0,15.1,2.0,16.375
north_heavy_seed1,north_heavy,1,699.25,714.25,61.0,4.676709527711872,26.309016393442622,35.0,2.75,1.0,16.573888363350186,0.0,0.0,0.0,2.0,0.06666666666666667,0.13333333333333333,0.0,0.0,1.0,16.653578587040307,0.0,0.0,0.0,2.0,0.06666666666666667,0.3333333333333333,0.0,0.0,29.0,0.0,52.422413793103445,76.5,29.0,0.0,0.0,0.0,0.0,1.0,0.0,0.0,0.0,0.0,0.0,2.0,0.0,0.13333333333333333,0.0,0.0,0.0,0.0,0.0,0.0,0.0,2.0,0.0,0.13333333333333333,0.0,0.0,3.0,5.618413698146708,22.733333333333334,68.2,1.0,0.0,0.0,0.0,0.0,0.3333333333333333,0.0,0.0,0.0,0.0,0.0,2.0,0.0,0.13333333333333333,0.0,0.0,2.0,0.8220176263207749,1.925,3.85,1.0,0.0,0.0,0.0,0.06666666666666667,0.12833333333333333,2.0,0.11429086601571392,2.075,4.15,1.0,0.0,0.0,0.0,0.06666666666666667,0.13833333333333334,0.0,0.0,0.0,0.0,0.0,2.0,0.0,0.13333333333333333,0.0,0.0,2.0,0.2124686254511446,1.825,3.65,1.0,0.0,0.0,0.0,0.06666666666666667,0.12166666666666666,2.0,0.026783952823867516,2.375,4.2,2.0,0.0,0.0,0.0,0.13333333333333333,0.15833333333333333,3.0,1.95,3.0,1.8833333333333335,24.0,27.639583333333334,0.0,0.0,0.0,0.0,0.0,0.0,0.0,0.0,2.0,15.0,2.0,16.674999999999997,0.0,0.0,2.0,16.1,2.0,17.375
north_heavy_seed1,north_heavy,1,700.25,715.25,59.0,4.319104410906696,27.797457627118643,36.0,1.75,1.0,16.565261929314584,0.0,0.0,0.0,2.0,0.06666666666666667,0.13333333333333333,0.0,0.0,1.0,16.587581305645408,0.0,0.0,0.0,2.0,0.06666666666666667,0.3333333333333333,0.0,0.0,29.0,0.0,53.422413793103445,77.5,29.0,0.0,0.0,0.0,0.0,1.0,0.0,0.0,0.0,0.0,0.0,2.0,0.0,0.13333333333333333,0.0,0.0,0.0,0.0,0.0,0.0,0.0,2.0,0.0,0.13333333333333333,0.0,0.0,3.0,3.8895720437197134,23.066666666666666,69.2,1.0,0.0,0.0,0.0,0.0,0.3333333333333333,0.0,0.0,0.0,0.0,0.0,2.0,0.0,0.13333333333333333,0.0,0.0,2.0,0.4325967122857422,2.425,4.85,1.0,0.0,0.0,0.0,0.06666666666666667,0.16166666666666665,2.0,0.04173448038796605,2.6750000000000003,5.15,2.0,0.0,0.0,0.0,0.13333333333333333,0.17833333333333334,0.0,0.0,0.0,0.0,0.0,2.0,0.0,0.13333333333333333,0.0,0.0,2.0,0.0802739344768267,2.325,4.65,1.0,0.0,0.0,0.0,0.06666666666666667,0.155,2.0,0.0074253104584482135,3.375,5.2,2.0,0.0,0.0,0.0,0.13333333333333333,0.225,3.0,2.283333333333333,3.0,2.216666666666667,24.0,25.472916666666666,0.0,0.0,0.0,0.0,0.0,0.0,0.0,0.0,2.0,16.0,2.0,17.674999999999997,0.0,0.0,2.0,17.1,2.0,18.375
north_heavy_seed1,north_heavy,1,701.25,716.25,59.0,4.276364739057256,28.416949152542372,37.0,0.75,1.0,16.601791999772193,0.0,0.0,0.0,2.0,0.06666666666666667,0.13333333333333333,0.0,0.0,1.0,16.62596803583205,0.0,0.0,0.0,2.0,0.06666666666666667,0.26666666666666666,0.0,0.0,29.0,0.0,54.422413793103445,78.5,29.0,0.0,0.0,0.0,0.0,1.0,0.0,0.0,0.0,0.0,0.0,2.0,0.0,0.13333333333333333,0.0,0.0,0.0,0.0,0.0,0.0,0.0,2.0,0.0,0.13333333333333333,0.0,0.0,3.0,2.5067620531154433,23.400000000000002,70.2,1.0,0.0,0.0,0.0,0.0,0.3333333333333333,0.0,0.0,0.0,0.0,0.0,2.0,0.0,0.13333333333333333,0.0,0.0,2.0,0.2139004559377858,2.925,5.85,1.0,0.0,0.0,0.0,0.06666666666666667,0.19499999999999998,2.0,0.015153654606170169,3.6750000000000003,6.15,2.0,0.0,0.0,0.0,0.13333333333333333,0.24500000000000002,0.0,0.0,0.0,0.0,0.0,2.0,0.0,0.13333333333333333,0.0,0.0,2.0,0.028786750411934046,3.1,5.65,2.0,0.0,0.0,0.0,0.13333333333333333,0.20666666666666667,2.0,0.0021333304410010275,4.375,6.2,2.0,0.0,0.0,0.0,0.13333333333333333,0.2916666666666667,3.0,2.6166666666666667,3.0,2.5500000000000003,24.0,23.3,0.0,0.0,0.0,0.0,0.0,0.0,0.0,0.0,2.0,17.0,2.0,18.674999999999997,0.0,0.0,2.0,18.1,2.0,19.375
north_heavy_seed1,north_heavy,1,702.25,717.25,59.0,4.214640144549123,29.044067796610168,37.0,2.75,1.0,16.584427815735342,0.0,0.0,0.0,1.0,0.06666666666666667,0.13333333333333333,0.0,0.0,1.0,16.579173589039595,0.0,0.0,0.0,1.0,0.06666666666666667,0.2,0.0,0.0,29.0,0.0,55.422413793103445,79.5,29.0,0.0,0.0,0.0,0.0,1.0,0.0,0.0,0.0,0.0,0.0,1.0,0.0,0.13333333333333333,0.0,0.0,0.0,0.0,0.0,0.0,0.0,1.0,0.0,0.13333333333333333,0.0,0.0,3.0,1.4751599724243318,23.733333333333334,71.2,1.0,0.0,0.0,0.0,0.0,0.3333333333333333,0.0,0.0,0.0,0.0,0.0,1.0,0.0,0.13333333333333333,0.0,0.0,2.0,0.10137168840873952,3.425,6.85,1.0,0.0,0.0,0.0,0.06666666666666667,0.22833333333333333,2.0,0.005384777473528361,4.675000000000001,7.15,2.0,0.0,0.0,0.0,0.13333333333333333,0.3116666666666667,0.0,0.0,0.0,0.0,0.0,1.0,0.0,0.13333333333333333,0.0,0.0,2.0,0.010426427348923982,4.1000000000000005,6.65,2.0,0.0,0.0,0.0,0.13333333333333333,0.2733333333333334,2.0,0.0005906994117882212,5.375,7.2,2.0,0.0,0.0,0.0,0.13333333333333333,0.35833333333333334,3.0,2.9499999999999997,3.0,2.8833333333333333,23.0,21.997826086956522,0.0,0.0,0.0,0.0,0.0,0.0,0.0,0.0,2.0,18.0,2.0,19.674999999999997,0.0,0.0,2.0,19.1,2.0,20.375
north_heavy_seed1,north_heavy,1,703.25,718.25,58.0,4.107318082667894,30.185344827586206,38.0,1.75,1.0,16.65451151938364,0.0,0.0,0.0,1.0,0.06666666666666667,0.13333333333333333,0.0,0.0,1.0,16.656380455005916,0.0,0.0,0.0,1.0,0.06666666666666667,0.13333333333333333,0.0,0.0,29.0,0.0,56.422413793103445,80.5,29.0,0.0,0.0,0.0,0.0,1.0,0.0,0.0,0.0,0.0,0.0,1.0,0.0,0.13333333333333333,0.0,0.0,0.0,0.0,0.0,0.0,0.0,1.0,0.0,0.13333333333333333,0.0,0.0,3.0,0.7941509932966992,24.066666666666666,72.2,1.0,0.0,0.0,0.0,0.0,0.3333333333333333,0.0,0.0,0.0,0.0,0.0,1.0,0.0,0.13333333333333333,0.0,0.0,2.0,0.04665058380001918,4.0,7.85,2.0,0.0,0.0,0.0,0.13333333333333333,0.26666666666666666,2.0,0.001995236868543392,5.675000000000001,8.15,2.0,0.0,0.0,0.0,0.13333333333333333,0.37833333333333335,0.0,0.0,0.0,0.0,0.0,1.0,0.0,0.13333333333333333,0.0,0.0,2.0,0.003777258885665204,5.1,7.65,2.0,0.0,0.0,0.0,0.13333333333333333,0.33999999999999997,2.0,0.0001706603635294388,6.375,8.2,2.0,0.0,0.0,0.0,0.13333333333333333,0.425,3.0,3.283333333333333,3.0,3.216666666666667,23.0,17.030434782608694,0.0,0.0,0.0,0.0,0.0,0.0,0.0,0.0,2.0,19.0,2.0,20.674999999999997,0.0,0.0,2.0,20.1,2.0,21.375
north_heavy_seed1,north_heavy,1,704.25,719.25,57.0,3.9752919686500268,31.382456140350875,39.0,0.75,1.0,16.63226096957177,0.0,0.0,0.0,1.0,0.06666666666666667,0.13333333333333333,0.0,0.0,1.0,16.616534514080733,0.0,0.0,0.0,1.0,0.06666666666666667,0.13333333333333333,0.0,0.0,29.0,0.0,57.422413793103445,81.5,29.0,0.0,0.0,0.0,0.0,1.0,0.0,0.0,0.0,0.0,0.0,1.0,0.0,0.13333333333333333,0.0,0.0,0.0,0.0,0.0,0.0,0.0,1.0,0.0,0.13333333333333333,0.0,0.0,3.0,0.37753914789907705,24.416666666666668,73.2,2.0,0.0,0.0,0.0,0.06666666666666667,0.3344444444444444,0.0,0.0,0.0,0.0,0.0,1.0,0.0,0.13333333333333333,0.0,0.0,2.0,0.021219051990803654,5.0,8.85,2.0,0.0,0.0,0.0,0.13333333333333333,0.3333333333333333,2.0,0.0007238745695697685,6.675000000000001,9.15,2.0,0.0,0.0,0.0,0.13333333333333333,0.44500000000000006,0.0,0.0,0.0,0.0,0.0,1.0,0.0,0.13333333333333333,0.0,0.0,2.0,0.001366938264176402,6.1,8.65,2.0,0.0,0.0,0.0,0.13333333333333333,0.4066666666666666,2.0,4.823494872287604e-05,7.375,9.2,2.0,0.0,0.0,0.0,0.13333333333333333,0.49166666666666664,3.0,3.6166666666666667,3.0,3.5500000000000003,23.0,14.710869565217392,0.0,0.0,0.0,0.0,0.0,0.0,0.0,0.0,2.0,20.0,2.0,21.674999999999997,0.0,0.0,2.0,21.1,2.0,22.375
north_heavy_seed1,north_heavy,1,705.25,720.25,57.0,4.086006122133131,29.299122807017543,36.0,11.75,1.0,16.617829959284517,0.0,0.0,0.0,0.0,0.06666666666666667,0.13333333333333333,0.0,0.0,1.0,16.65267820895091,0.0,0.0,0.0,0.0,0.06666666666666667,0.13333333333333333,0.0,0.0,29.0,0.024314378918299264,55.577586206896555,78.4,28.0,2.0,0.0,0.0,-0.06666666666666667,0.8103448275862074,0.0,0.0,0.0,0.0,0.0,0.0,0.0,0.13333333333333333,0.0,0.0,0.0,0.0,0.0,0.0,0.0,0.0,0.0,0.13333333333333333,0.0,0.0,3.0,0.45299199613375535,0.0,0.0,0.0,2.0,0.0,0.0,-0.06666666666666667,-1.3155555555555556,0.0,0.0,0.0,0.0,0.0,0.0,0.0,0.13333333333333333,0.0,0.0,2.0,0.009706850628887556,6.0,9.85,2.0,0.0,0.0,0.0,0.13333333333333333,0.4,2.0,0.00026254234089121407,7.675000000000001,10.15,2.0,0.0,0.0,0.0,0.13333333333333333,0.5116666666666667,0.0,0.0,0.0,0.0,0.0,0.0,0.0,0.13333333333333333,0.0,0.0,2.0,0.0004966224535590785,7.1,9.65,2.0,0.0,0.0,0.0,0.13333333333333333,0.47333333333333333,2.0,1.3658167535498274e-05,8.375,10.2,2.0,0.0,0.0,0.0,0.13333333333333333,0.5583333333333333,3.0,0.0,3.0,3.8833333333333333,23.0,12.384782608695653,0.0,0.0,0.0,0.0,0.0,0.0,0.0,0.0,2.0,8.575,2.0,22.674999999999997,0.0,0.0,2.0,9.775,2.0,23.375
north_heavy_seed1,north_heavy,1,706.25,721.25,56.0,3.9130762110890394,26.325892857142858,33.0,10.75,1.0,11.984244195949294,0.0,0.0,0.0,0.0,0.06666666666666667,0.13333333333333333,0.0,0.0,1.0,13.08306577554564,0.0,0.0,0.0,0.0,0.06666666666666667,0.13333333333333333,0.0,0.0,28.0,0.08345463898968608,50.283928571428575,72.95,25.0,2.0,0.0,0.06666666666666667,-0.26666666666666666,0.390767651888342,0.0,0.0,0.0,0.0,0.0,0.0,0.0,0.13333333333333333,0.0,0.0,0.0,0.0,0.0,0.0,0.0,0.0,0.0,0.13333333333333333,0.0,0.0,2.0,1.4758767431578454,0.0,0.0,0.0,2.0,0.0,0.06666666666666667,-0.06666666666666667,-1.3377777777777777,0.0,0.0,0.0,0.0,0.0,0.0,0.0,0.13333333333333333,0.0,0.0,2.0,0.004508627761962875,7.0,10.85,2.0,0.0,0.0,0.0,0.13333333333333333,0.4666666666666667,2.0,9.422448989932115e-05,8.675,11.15,2.0,0.0,0.0,0.0,0.13333333333333333,0.5783333333333334,0.0,0.0,0.0,0.0,0.0,0.0,0.0,0.13333333333333333,0.0,0.0,2.0,0.0001823693479565868,8.1,10.65,2.0,0.0,0.0,0.0,0.13333333333333333,0.5399999999999999,2.0,3.838208053973448e-06,9.375,11.2,2.0,0.0,0.0,0.0,0.13333333333333333,0.625,2.0,0.0,3.0,4.216666666666667,23.0,7.495652173913044,0.0,0.0,0.0,0.0,0.0,0.0,0.0,0.0,1.0,0.0,2.0,23.674999999999997,0.0,0.0,1.0,0.0,2.0,24.375
north_heavy_seed1,north_heavy,1,707.25,722.25,55.0,3.772222428767239,24.756363636363634,31.0,9.75,1.0,6.484244195949287,0.0,0.0,0.0,0.0,0.06666666666666667,0.13333333333333333,0.0,0.0,1.0,7.614518943560073,0.0,0.0,0.0,0.0,0.06666666666666667,0.13333333333333333,0.0,0.0,28.0,0.24748019971081608,45.975,70.25,23.0,2.0,0.0,0.06666666666666667,-0.4,0.03683908045977044,0.0,0.0,0.0,0.0,0.0,0.0,0.0,0.13333333333333333,0.0,0.0,0.0,0.0,0.0,0.0,0.0,0.0,0.0,0.13333333333333333,0.0,0.0,2.0,3.280832497399349,0.0,0.0,0.0,2.0,0.0,0.06666666666666667,-0.06666666666666667,-1.36,0.0,0.0,0.0,0.0,0.0,0.0,0.0,0.13333333333333333,0.0,0.0,2.0,0.0020586868033745445,8.0,11.85,2.0,0.0,0.0,0.0,0.13333333333333333,0.5333333333333333,2.0,3.458746234381825e-05,9.675,12.15,2.0,0.0,0.0,0.0,0.13333333333333333,0.645,0.0,0.0,0.0,0.0,0.0,0.0,0.0,0.13333333333333333,0.0,0.0,2.0,6.684419334163945e-05,9.1,11.65,2.0,0.0,0.0,0.0,0.13333333333333333,0.6066666666666667,2.0,0.0,10.375,12.2,2.0,0.0,0.0,0.0,0.13333333333333333,0.6916666666666667,2.0,0.0,3.0,4.55,23.0,5.1521739130434785,0.0,0.0,0.0,0.0,0.0,0.0,0.0,0.0,1.0,0.0,2.0,24.674999999999997,0.0,0.0,1.0,0.0,2.0,25.375
north_heavy_seed1,north_heavy,1,708.25,723.25,53.0,3.436644247481933,23.599999999999998,29.0,8.75,1.0,1.002777330688585,0.0,0.0,0.0,0.0,0.06666666666666667,0.13333333333333333,0.0,0.0,1.0,2.1162666568004322,0.0,0.0,0.0,0.0,0.06666666666666667,0.13333333333333333,0.0,0.0,27.0,0.30207705950481123,43.27777777777778,69.45,21.0,2.0,0.0,0.13333333333333333,-0.5333333333333333,-0.20964240102171108,0.0,0.0,0.0,0.0,0.0,0.0,0.0,0.13333333333333333,0.0,0.0,0.0,0.0,0.0,0.0,0.0,0.0,0.0,0.06666666666666667,0.0,0.0,1.0,4.475429289383189,0.0,0.0,0.0,2.0,0.0,0.13333333333333333,-0.06666666666666667,-1.3822222222222222,0.0,0.0,0.0,0.0,0.0,0.0,0.0,0.13333333333333333,0.0,0.0,2.0,0.0009500981322160078,9.0,12.85,2.0,0.0,0.0,0.0,0.13333333333333333,0.6,2.0,1.2475796440916356e-05,10.675,13.15,2.0,0.0,0.0,0.0,0.13333333333333333,0.7116666666666667,0.0,0.0,0.0,0.0,0.0,0.0,0.0,0.13333333333333333,0.0,0.0,2.0,2.4068055119213854e-05,10.1,12.65,2.0,0.0,0.0,0.0,0.13333333333333333,0.6733333333333333,2.0,0.0,11.375,13.2,2.0,0.0,0.0,0.0,0.13333333333333333,0.7583333333333333,2.0,0.0,3.0,4.883333333333334,23.0,2.776086956521739,0.0,0.0,0.0,0.0,0.0,0.0,0.0,0.0,0.0,0.0,2.0,25.674999999999997,0.0,0.0,0.0,0.0,2.0,26.375
north_heavy_seed1,north_heavy,1,709.25,724.25,51.0,3.2790745202952416,23.742156862745095,30.0,7.75,1.0,0.0,0.85,0.85,1.0,0.0,0.06666666666666667,0.06666666666666667,0.06666666666666667,0.056666666666666664,1.0,0.0,0.65,0.65,1.0,0.0,0.06666666666666667,0.13333333333333333,0.06666666666666667,0.043333333333333335,27.0,0.5134559123351049,41.446296296296296,69.05,20.0,2.0,0.0,0.13333333333333333,-0.6,-0.39840783312047656,0.0,0.0,0.0,0.0,0.0,0.0,0.0,0.13333333333333333,0.0,0.0,0.0,0.0,0.0,0.0,0.0,0.0,0.0,0.06666666666666667,0.0,0.0,0.0,0.0,0.0,0.0,0.0,2.0,0.0,0.2,-0.06666666666666667,-1.4044444444444444,0.0,0.0,0.0,0.0,0.0,0.0,0.0,0.06666666666666667,0.0,0.0,2.0,0.00043594884878995506,10.0,13.85,2.0,0.0,0.0,0.0,0.13333333333333333,0.6666666666666666,2.0,4.497145357567032e-06,11.675,14.15,2.0,0.0,0.0,0.0,0.13333333333333333,0.7783333333333334,0.0,0.0,0.0,0.0,0.0,0.0,0.0,0.13333333333333333,0.0,0.0,2.0,8.74390738564908e-06,11.100000000000001,13.65,2.0,0.0,0.0,0.0,0.13333333333333333,0.7400000000000001,2.0,0.0,12.375,14.2,2.0,0.0,0.0,0.0,0.13333333333333333,0.825,1.0,0.0,3.0,5.216666666666667,23.0,0.41304347826086957,0.0,0.0,0.0,0.0,0.0,0.0,0.0,0.0,0.0,0.0,2.0,26.674999999999997,0.0,0.0,0.0,0.0,2.0,27.375
north_heavy_seed1,north_heavy,1,743.25,758.25,50.0,3.642725918730597,8.353,21.0,6.75,2.0,13.846772779944704,0.0,0.0,0.0,2.0,0.13333333333333333,0.06666666666666667,0.0,0.0,6.0,3.833555796981404,9.924999999999999,34.65,3.0,0.0,0.13333333333333333,0.0,0.13333333333333333,0.3341666666666666,27.0,0.5626239370691282,6.444444444444445,24.4,14.0,0.0,0.26666666666666666,0.0,0.5333333333333333,0.35339774557165865,1.0,14.609824556440115,0.0,0.0,0.0,2.0,0.06666666666666667,0.0,0.0,0.0,1.0,13.85204315596493,0.0,0.0,0.0,0.0,0.06666666666666667,0.0,0.0,0.0,1.0,11.980279076742008,0.0,0.0,0.0,0.0,0.06666666666666667,0.0,0.0,0.0,1.0,10.875728181069316,0.0,0.0,0.0,2.0,0.06666666666666667,0.0,0.0,0.0,1.0,14.721678272765129,0.0,0.0,0.0,2.0,0.06666666666666667,0.0,0.0,0.0,3.0,0.3920380110667356,30.45,48.15,2.0,0.0,0.06666666666666667,0.0,0.0,-0.014999999999999857,1.0,13.835168969378575,0.0,0.0,0.0,2.0,0.06666666666666667,0.0,0.0,0.0,1.0,12.509703955973242,0.0,0.0,0.0,2.0,0.06666666666666667,0.0,0.0,0.0,3.0,0.39208729691654765,30.916666666666668,48.2,2.0,0.0,0.06666666666666667,0.0,0.0,-0.030555555555555478,2.0,0.7,7.0,16.585714285714285,30.0,15.908333333333333,1.0,3.1,1.0,1.4,1.0,0.0,1.0,0.0,1.0,3.4,0.0,0.0,1.0,1.4,1.0,0.2,0.0,0.0
north_heavy_seed1,north_heavy,1,744.25,759.25,49.0,3.6158004467532012,8.96938775510204,22.0,5.75,2.0,13.867827112464468,0.0,0.0,0.0,2.0,0.13333333333333333,0.06666666666666667,0.0,0.0,6.0,3.868104736914761,10.424999999999999,35.65,3.0,0.0,0.13333333333333333,0.0,0.13333333333333333,0.3508333333333333,27.0,0.49118365930951513,6.9944444444444445,25.4,15.0,0.0,0.26666666666666666,0.0,0.6,0.3726731078904992,1.0,15.964726073342923,0.0,0.0,0.0,2.0,0.06666666666666667,0.0,0.0,0.0,1.0,13.876354126618244,0.0,0.0,0.0,0.0,0.06666666666666667,0.0,0.0,0.0,1.0,11.998075182975736,0.0,0.0,0.0,0.0,0.06666666666666667,0.0,0.0,0.0,1.0,10.906036902680826,0.0,0.0,0.0,2.0,0.06666666666666667,0.0,0.0,0.0,1.0,16.559496524095543,0.0,0.0,0.0,2.0,0.06666666666666667,0.0,0.0,0.0,3.0,1.219948817637783,31.116666666666664,49.15,2.0,0.0,0.06666666666666667,0.0,0.0,-0.03722222222222224,1.0,13.85720626572962,0.0,0.0,0.0,2.0,0.06666666666666667,0.0,0.0,0.0,1.0,12.496965597345701,0.0,0.0,0.0,2.0,0.06666666666666667,0.0,0.0,0.0,3.0,1.0968993770170288,31.583333333333332,49.2,2.0,0.0,0.06666666666666667,0.0,0.0,-0.052777777777777854,3.0,0.7999999999999999,8.0,15.1375,30.0,16.815,1.0,4.1,1.0,2.4,1.0,0.5,1.0,0.0,1.0,4.4,0.0,0.0,1.0,2.4,1.0,1.2,0.0,0.0
north_heavy_seed1,north_heavy,1,745.25,760.25,52.0,3.723757831869549,8.885576923076924,23.0,4.75,3.0,11.476385923968602,0.0,0.0,0.0,2.0,0.2,0.06666666666666667,0.0,0.0,7.0,4.068126789961291,9.364285714285714,36.65,3.0,0.0,0.2,0.0,0.06666666666666667,0.24928571428571425,28.0,0.4421012431812556,7.3,26.4,16.0,0.0,0.3333333333333333,0.0,0.6666666666666666,0.37565217391304345,1.0,15.961693146261934,0.0,0.0,0.0,2.0,0.06666666666666667,0.0,0.0,0.0,1.0,13.827859073436121,0.0,0.0,0.0,0.0,0.06666666666666667,0.0,0.0,0.0,1.0,11.975318494888489,0.0,0.0,0.0,0.0,0.06666666666666667,0.0,0.0,0.0,1.0,10.930538390783658,0.0,0.0,0.0,2.0,0.06666666666666667,0.0,0.0,0.0,1.0,16.6034555872418,0.0,0.0,0.0,2.0,0.06666666666666667,0.0,0.0,0.0,3.0,1.891345924446705,31.78333333333333,50.15,2.0,0.0,0.06666666666666667,0.0,0.0,-0.05944444444444438,1.0,13.863489872202045,0.0,0.0,0.0,2.0,0.06666666666666667,0.0,0.0,0.0,1.0,12.517500723132839,0.0,0.0,0.0,2.0,0.06666666666666667,0.0,0.0,0.0,3.0,1.669151797724325,32.25,50.2,2.0,0.0,0.06666666666666667,0.0,0.0,-0.075,3.0,1.1333333333333333,8.0,15.7625,30.0,17.758333333333333,1.0,5.1,1.0,3.4,1.0,1.5,1.0,0.35,1.0,5.4,0.0,0.0,1.0,3.4,1.0,2.2,0.0,0.0
north_heavy_seed1,north_heavy,1,746.25,761.25,52.0,3.834125621531307,9.332692307692309,24.0,3.75,3.0,11.481057783752036,0.0,0.0,0.0,2.0,0.2,0.06666666666666667,0.0,0.0,7.0,4.423206862073077,9.792857142857143,37.65,3.0,0.0,0.2,0.0,0.06666666666666667,0.2445238095238095,28.0,0.39560666586569454,7.880357142857143,27.4,17.0,0.0,0.3333333333333333,0.0,0.6666666666666666,0.395212215320911,1.0,16.02542341995946,0.0,0.0,0.0,2.0,0.06666666666666667,0.0,0.0,0.0,1.0,13.87582787566469,0.0,0.0,0.0,0.0,0.06666666666666667,0.0,0.0,0.0,1.0,11.998869650980923,0.0,0.0,0.0,0.0,0.06666666666666667,0.0,0.0,0.0,1.0,10.906524709980769,0.0,0.0,0.0,2.0,0.06666666666666667,0.0,0.0,0.0,1.0,16.63183977155015,0.0,0.0,0.0,2.0,0.06666666666666667,0.0,0.0,0.0,3.0,2.5712150116038566,32.449999999999996,51.15,2.0,0.0,0.06666666666666667,0.0,0.0,-0.08166666666666676,1.0,13.833269304761197,0.0,0.0,0.0,2.0,0.06666666666666667,0.0,0.0,0.0,1.0,12.524391765359765,0.0,0.0,0.0,2.0,0.06666666666666667,0.0,0.0,0.0,3.0,2.4664531446211626,32.916666666666664,51.2,2.0,0.0,0.06666666666666667,0.0,0.0,-0.09722222222222238,3.0,1.4666666666666668,8.0,16.475,30.0,18.728333333333335,1.0,6.1,1.0,4.4,1.0,2.5,1.0,1.35,1.0,6.4,0.0,0.0,1.0,4.4,1.0,3.2,0.0,0.0
north_heavy_seed1,north_heavy,1,747.25,762.25,53.0,3.86786689429341,9.609433962264152,24.0,2.75,3.0,11.454302568186206,0.0,0.0,0.0,2.0,0.2,0.06666666666666667,0.0,0.0,7.0,4.787080018982223,10.221428571428572,38.65,3.0,0.0,0.2,0.0,0.0,0.2389285714285715,29.0,0.34223175545449935,8.194827586206896,28.4,17.0,0.0,0.3333333333333333,0.0,0.6,0.40201628352490426,1.0,16.00966611421815,0.0,0.0,0.0,2.0,0.06666666666666667,0.0,0.0,0.0,1.0,13.87926951742149,0.0,0.0,0.0,0.0,0.06666666666666667,0.0,0.0,0.0,1.0,11.984557965716812,0.0,0.0,0.0,0.0,0.06666666666666667,0.0,0.0,0.0,1.0,10.897628472479592,0.0,0.0,0.0,2.0,0.06666666666666667,0.0,0.0,0.0,1.0,16.663366961602122,0.0,0.0,0.0,2.0,0.06666666666666667,0.0,0.0,0.0,3.0,3.322521118275547,33.11666666666667,52.15,2.0,0.0,0.06666666666666667,0.0,0.0,-0.10388888888888867,1.0,13.850151694410016,0.0,0.0,0.0,2.0,0.06666666666666667,0.0,0.0,0.0,1.0,12.511159351136744,0.0,0.0,0.0,2.0,0.06666666666666667,0.0,0.0,0.0,3.0,3.1458341960547465,33.583333333333336,52.2,2.0,0.0,0.06666666666666667,0.0,0.0,-0.11944444444444428,3.0,1.8,8.0,17.225,30.0,19.728333333333335,1.0,7.1,1.0,5.4,1.0,3.5,1.0,2.35,1.0,7.4,0.0,0.0,1.0,5.4,1.0,4.2,0.0,0.0
north_heavy_seed1,north_heavy,1,748.25,763.25,53.0,3.953878188299987,10.081132075471697,25.0,1.75,3.0,11.479349278044863,0.0,0.0,0.0,2.0,0.2,0.06666666666666667,0.0,0.0,7.0,4.966027332869608,10.65,39.65,3.0,0.0,0.2,0.0,0.0,0.21750000000000008,29.0,0.31403421376759705,8.815517241379311,29.4,18.0,0.0,0.3333333333333333,0.0,0.6666666666666666,0.4211733716475096,1.0,15.981264222535852,0.0,0.0,0.0,2.0,0.06666666666666667,0.0,0.0,0.0,1.0,13.841596780667315,0.0,0.0,0.0,0.0,0.06666666666666667,0.0,0.0,0.0,1.0,11.99470705433283,0.0,0.0,0.0,0.0,0.06666666666666667,0.0,0.0,0.0,1.0,10.913308822610016,0.0,0.0,0.0,2.0,0.06666666666666667,0.0,0.0,0.0,1.0,16.642161672774705,0.0,0.0,0.0,2.0,0.06666666666666667,0.0,0.0,0.0,3.0,4.023583754875735,33.78333333333333,53.15,2.0,0.0,0.06666666666666667,0.0,0.0,-0.12611111111111103,1.0,13.879857928053244,0.0,0.0,0.0,2.0,0.06666666666666667,0.0,0.0,0.0,1.0,12.510953208385477,0.0,0.0,0.0,2.0,0.06666666666666667,0.0,0.0,0.0,3.0,3.8074449574600275,34.25,53.2,2.0,0.0,0.06666666666666667,0.0,0.0,-0.14166666666666666,3.0,2.1333333333333333,8.0,17.975,30.0,20.728333333333335,1.0,8.1,1.0,6.4,1.0,4.5,1.0,3.35,1.0,8.4,0.0,0.0,1.0,6.4,1.0,5.2,0.0,0.0
north_heavy_seed1,north_heavy,1,749.25,764.25,53.0,3.9549002803638054,10.559433962264151,27.0,0.75,3.0,11.478071517273138,0.0,0.0,0.0,2.0,0.2,0.06666666666666667,0.0,0.0,7.0,4.608106804933157,11.1,40.65,4.0,0.0,0.2,0.0,0.06666666666666667,0.19750000000000004,29.0,0.26825675087591483,9.443103448275863,30.4,19.0,0.0,0.3333333333333333,0.0,0.6666666666666666,0.4391235632183909,1.0,16.009318380619945,0.0,0.0,0.0,2.0,0.06666666666666667,0.0,0.0,0.0,1.0,13.869101075553337,0.0,0.0,0.0,0.0,0.06666666666666667,0.0,0.0,0.0,1.0,11.988999304496684,0.0,0.0,0.0,0.0,0.06666666666666667,0.0,0.0,0.0,1.0,10.88940841079184,0.0,0.0,0.0,2.0,0.06666666666666667,0.0,0.0,0.0,1.0,16.668086691491308,0.0,0.0,0.0,2.0,0.06666666666666667,0.0,0.0,0.0,3.0,4.652156703987197,34.449999999999996,54.15,2.0,0.0,0.06666666666666667,0.0,0.0,-0.14833333333333343,1.0,13.858218130220195,0.0,0.0,0.0,2.0,0.06666666666666667,0.0,0.0,0.0,1.0,12.52960089792658,0.0,0.0,0.0,2.0,0.06666666666666667,0.0,0.0,0.0,3.0,4.459727174283377,34.916666666666664,54.2,2.0,0.0,0.06666666666666667,0.0,0.0,-0.16388888888888906,3.0,2.466666666666667,8.0,18.725,30.0,21.728333333333335,1.0,9.1,1.0,7.4,1.0,5.5,1.0,4.35,1.0,9.4,0.0,0.0,1.0,7.4,1.0,6.2,0.0,0.0
north_heavy_seed1,north_heavy,1,750.25,765.25,53.0,3.926932534108689,11.068867924528302,27.0,2.75,3.0,10.826615784341351,0.0,0.0,0.0,1.0,0.2,0.06666666666666667,0.0,0.0,7.0,4.319907089136342,11.671428571428573,41.65,4.0,0.0,0.2,0.0,0.06666666666666667,0.18559523809523823,29.0,0.22198984418707782,10.098275862068967,31.4,19.0,0.0,0.3333333333333333,0.0,0.6666666666666666,0.45780172413793113,1.0,16.023137003440027,0.0,0.0,0.0,1.0,0.06666666666666667,0.0,0.0,0.0,1.0,13.874355627287878,0.0,0.0,0.0,0.0,0.06666666666666667,0.0,0.0,0.0,1.0,11.984101342067587,0.0,0.0,0.0,0.0,0.06666666666666667,0.0,0.0,0.0,1.0,10.92948510749342,0.0,0.0,0.0,1.0,0.06666666666666667,0.0,0.0,0.0,1.0,16.66087491386384,0.0,0.0,0.0,1.0,0.06666666666666667,0.0,0.0,0.0,3.0,5.289845160071711,35.11666666666667,55.15,2.0,0.0,0.06666666666666667,0.0,0.0,-0.17055555555555532,1.0,13.858599132096861,0.0,0.0,0.0,1.0,0.06666666666666667,0.0,0.0,0.0,1.0,12.495479973017213,0.0,0.0,0.0,1.0,0.06666666666666667,0.0,0.0,0.0,3.0,5.098404058155977,35.583333333333336,55.2,2.0,0.0,0.06666666666666667,0.0,0.0,-0.18611111111111095,3.0,2.8000000000000003,8.0,19.48125,30.0,22.728333333333335,1.0,10.1,1.0,8.4,1.0,6.5,1.0,5.35,1.0,10.4,0.0,0.0,1.0,8.4,1.0,7.2,0.0,0.0
north_heavy_seed1,north_heavy,1,751.25,766.25,53.0,3.8696819204737842,11.601886792452829,29.0,1.75,2.0,10.294056139424173,0.0,0.0,0.0,1.0,0.13333333333333333,0.06666666666666667,0.0,0.0,7.0,4.097011206152556,12.242857142857144,42.65,4.0,0.0,0.2,0.0,0.06666666666666667,0.1736904761904763,29.0,0.17939167266989486,10.796551724137931,32.4,21.0,0.0,0.26666666666666666,0.0,0.7333333333333333,0.4865701149425287,1.0,15.988425273529801,0.0,0.0,0.0,1.0,0.06666666666666667,0.0,0.0,0.0,1.0,13.8766279583273,0.0,0.0,0.0,0.0,0.06666666666666667,0.0,0.0,0.0,1.0,11.992564879946876,0.0,0.0,0.0,0.0,0.06666666666666667,0.0,0.0,0.0,1.0,10.926705267284596,0.0,0.0,0.0,1.0,0.06666666666666667,0.0,0.0,0.0,1.0,16.612881533537063,0.0,0.0,0.0,1.0,0.06666666666666667,0.0,0.0,0.0,3.0,5.269450867707194,35.78333333333333,56.15,2.0,0.0,0.06666666666666667,0.0,0.0,-0.19277777777777771,1.0,13.84983272411744,0.0,0.0,0.0,1.0,0.06666666666666667,0.0,0.0,0.0,1.0,12.487806316250213,0.0,0.0,0.0,1.0,0.06666666666666667,0.0,0.0,0.0,3.0,5.545444316240649,36.25,56.2,2.0,0.0,0.06666666666666667,0.0,0.0,-0.20833333333333334,4.0,2.35,9.0,18.094444444444445,30.0,23.728333333333335,1.0,11.1,1.0,9.4,1.0,7.5,1.0,6.35,1.0,11.4,0.0,0.0,1.0,9.4,1.0,8.2,0.0,0.0
north_heavy_seed1,north_heavy,1,752.25,767.25,53.0,3.7870190988322885,12.15,30.0,0.75,2.0,10.27148973331166,0.0,0.0,0.0,1.0,0.13333333333333333,0.06666666666666667,0.0,0.0,7.0,3.9176471625801215,12.814285714285715,43.65,4.0,0.0,0.2,0.0,0.06666666666666667,0.16178571428571437,29.0,0.13949489157256262,11.522413793103448,33.4,22.0,0.0,0.26666666666666666,0.0,0.7333333333333333,0.5060275862068965,1.0,15.979480154249433,0.0,0.0,0.0,1.0,0.06666666666666667,0.0,0.0,0.0,1.0,13.844813845381141,0.0,0.0,0.0,0.0,0.06666666666666667,0.0,0.0,0.0,1.0,11.986573041805531,0.0,0.0,0.0,0.0,0.06666666666666667,0.0,0.0,0.0,1.0,10.925832271062136,0.0,0.0,0.0,1.0,0.06666666666666667,0.0,0.0,0.0,1.0,14.558078450388493,0.0,0.0,0.0,1.0,0.06666666666666667,0.0,0.0,0.0,3.0,5.293335989779146,36.449999999999996,57.15,2.0,0.0,0.06666666666666667,0.0,0.0,-0.2150000000000001,1.0,13.877906455710765,0.0,0.0,0.0,1.0,0.06666666666666667,0.0,0.0,0.0,1.0,12.536985248765419,0.0,0.0,0.0,1.0,0.06666666666666667,0.0,0.0,0.0,3.0,5.553833767867338,36.916666666666664,57.2,2.0,0.0,0.06666666666666667,0.0,0.0,-0.2305555555555557,4.0,2.6,9.0,18.87222222222222,30.0,24.728333333333335,1.0,12.1,1.0,10.4,1.0,8.5,1.0,7.35,1.0,12.4,0.0,0.0,1.0,10.4,1.0,9.2,0.0,0.0
north_heavy_seed1,north_heavy,1,753.25,768.25,53.0,3.556531625422661,10.520754716981132,28.0,11.75,2.0,10.287034219353888,0.0,0.0,0.0,0.0,0.13333333333333333,0.13333333333333333,0.0,0.0,7.0,3.4185696806481354,13.385714285714286,44.65,4.0,0.0,0.13333333333333333,0.0,0.06666666666666667,0.2983809523809524,29.0,0.10684685772475438,12.28103448275862,34.4,22.0,0.0,0.2,0.0,0.7333333333333333,0.5384792219274978,1.0,10.772580091163828,0.0,0.0,0.0,0.0,0.06666666666666667,0.0,0.0,0.0,1.0,13.880233061452165,0.0,0.0,0.0,0.0,0.06666666666666667,0.0,0.0,0.0,1.0,11.986942731002346,0.0,0.0,0.0,0.0,0.06666666666666667,0.0,0.0,0.0,1.0,10.907941065831874,0.0,0.0,0.0,0.0,0.06666666666666667,0.0,0.0,0.0,1.0,9.059248559529943,0.0,0.0,0.0,0.0,0.06666666666666667,0.0,0.0,0.0,3.0,5.547230514426309,17.733333333333334,53.2,1.0,2.0,0.06666666666666667,0.0,-0.06666666666666667,-1.5294444444444442,1.0,13.88476749039488,0.0,0.0,0.0,0.0,0.06666666666666667,0.0,0.0,0.0,1.0,12.510922781479753,0.0,0.0,0.0,0.0,0.06666666666666667,0.0,0.0,0.0,3.0,5.78504108178763,18.183333333333334,54.55,1.0,2.0,0.06666666666666667,0.0,-0.06666666666666667,-1.546111111111111,4.0,0.0,9.0,8.705555555555556,30.0,25.728333333333335,1.0,0.0,1.0,0.0,1.0,9.5,1.0,0.0,1.0,13.4,0.0,0.0,1.0,0.0,1.0,10.2,0.0,0.0
north_heavy_seed1,north_heavy,1,754.25,769.25,54.0,3.282322347491109,8.823148148148148,27.0,10.75,2.0,9.28908858459657,0.0,0.0,0.0,0.0,0.13333333333333333,0.13333333333333333,0.0,0.0,7.0,2.899109668475177,13.957142857142857,45.65,4.0,0.0,0.13333333333333333,0.0,0.06666666666666667,0.2964761904761905,30.0,0.0828002911517308,12.625,35.4,23.0,0.0,0.26666666666666666,0.0,0.7333333333333333,0.531025641025641,1.0,5.2813675002646105,0.0,0.0,0.0,0.0,0.06666666666666667,0.0,0.0,0.0,1.0,11.84293551000775,0.0,0.0,0.0,0.0,0.06666666666666667,0.0,0.0,0.0,1.0,11.999627550516744,0.0,0.0,0.0,0.0,0.06666666666666667,0.0,0.0,0.0,1.0,10.881808085388803,0.0,0.0,0.0,0.0,0.06666666666666667,0.0,0.0,0.0,1.0,3.5592485595299364,0.0,0.0,0.0,0.0,0.06666666666666667,0.0,0.0,0.0,2.0,8.748533185786734,0.0,0.0,0.0,2.0,0.06666666666666667,0.06666666666666667,-0.13333333333333333,-2.7783333333333333,1.0,11.853355513845207,0.0,0.0,0.0,0.0,0.06666666666666667,0.0,0.0,0.0,1.0,12.493422521764154,0.0,0.0,0.0,0.0,0.06666666666666667,0.0,0.0,0.0,2.0,9.262877415941517,0.0,0.0,0.0,2.0,0.06666666666666667,0.06666666666666667,-0.13333333333333333,-2.825,3.0,0.0,8.0,3.26875,30.0,26.728333333333335,0.0,0.0,0.0,0.0,1.0,10.5,0.0,0.0,1.0,14.4,0.0,0.0,0.0,0.0,1.0,11.2,0.0,0.0
north_heavy_seed1,north_heavy,1,755.25,770.25,54.0,2.8724170557587376,9.333333333333334,30.0,9.75,2.0,7.044583051966697,0.0,0.0,0.0,0.0,0.13333333333333333,0.13333333333333333,0.0,0.0,7.0,2.466384714652843,14.528571428571428,46.65,4.0,0.0,0.13333333333333333,0.0,0.06666666666666667,0.2945714285714286,30.0,0.06948146727427433,13.393333333333334,36.4,24.0,0.0,0.26666666666666666,0.0,0.8,0.5514786324786326,1.0,0.0006698662083908926,0.1,0.1,1.0,0.0,0.06666666666666667,0.0,0.06666666666666667,0.006666666666666667,1.0,7.354111635961727,0.0,0.0,0.0,0.0,0.06666666666666667,0.0,0.0,0.0,1.0,11.990633670827373,0.0,0.0,0.0,0.0,0.06666666666666667,0.0,0.0,0.0,1.0,10.931180487465644,0.0,0.0,0.0,0.0,0.06666666666666667,0.0,0.0,0.0,1.0,0.0,0.4,0.4,1.0,0.0,0.06666666666666667,0.0,0.06666666666666667,0.02666666666666667,2.0,8.55708729276102,0.0,0.0,0.0,2.0,0.06666666666666667,0.06666666666666667,-0.13333333333333333,-2.8449999999999998,1.0,7.353355513845214,0.0,0.0,0.0,0.0,0.06666666666666667,0.0,0.0,0.0,1.0,12.521846369299315,0.0,0.0,0.0,0.0,0.06666666666666667,0.0,0.0,0.0,2.0,8.887486571758519,0.0,0.0,0.0,2.0,0.06666666666666667,0.06666666666666667,-0.13333333333333333,-2.8916666666666666,3.0,0.0,8.0,0.63125,30.0,27.728333333333335,0.0,0.0,0.0,0.0,1.0,11.5,0.0,0.0,1.0,15.4,0.0,0.0,0.0,0.0,1.0,12.2,0.0,0.0
north_heavy_seed1,north_heavy,1,756.25,771.25,54.0,2.5319537514095622,9.898148148148149,32.0,8.75,2.0,4.77435169335288,0.0,0.0,0.0,0.0,0.13333333333333333,0.13333333333333333,0.0,0.0,7.0,2.11823260244774,15.157142857142857,47.65,5.0,0.0,0.13333333333333333,0.0,0.13333333333333333,0.2964761904761905,30.0,0.05398893249774428,14.196666666666665,37.4,25.0,0.0,0.2,0.0,0.8,0.5857037037037036,1.0,0.0,1.1,1.1,1.0,0.0,0.06666666666666667,0.0,0.06666666666666667,0.07333333333333333,1.0,2.861645714819303,0.0,0.0,0.0,0.0,0.06666666666666667,0.0,0.0,0.0,1.0,10.160883731882274,0.0,0.0,0.0,0.0,0.06666666666666667,0.0,0.0,0.0,1.0,10.91157339154237,0.0,0.0,0.0,0.0,0.06666666666666667,0.0,0.0,0.0,1.0,0.0,1.4,1.4,1.0,0.0,0.06666666666666667,0.0,0.06666666666666667,0.09333333333333332,1.0,11.41314178784036,0.0,0.0,0.0,2.0,0.06666666666666667,0.13333333333333333,-0.13333333333333333,-2.9116666666666666,1.0,2.856272763960611,0.0,0.0,0.0,0.0,0.06666666666666667,0.0,0.0,0.0,1.0,8.199840836923686,0.0,0.0,0.0,0.0,0.06666666666666667,0.0,0.0,0.0,1.0,11.793662721110136,0.0,0.0,0.0,2.0,0.06666666666666667,0.13333333333333333,-0.13333333333333333,-2.9583333333333335,3.0,0.0,7.0,0.0,30.0,28.728333333333335,0.0,0.0,0.0,0.0,1.0,12.5,0.0,0.0,1.0,16.4,0.0,0.0,0.0,0.0,1.0,13.2,0.0,0.0
north_heavy_seed1,north_heavy,1,757.25,772.25,54.0,2.307650775803635,10.51574074074074,36.0,7.75,2.0,3.3470378384217248,0.2,0.4,1.0,0.0,0.13333333333333333,0.06666666666666667,0.06666666666666667,0.013333333333333334,7.0,1.812423389720619,15.87142857142857,48.65,5.0,0.0,0.13333333333333333,0.0,0.13333333333333333,0.3040952380952381,30.0,0.0399170733209248,15.035,38.4,26.0,0.0,0.2,0.0,0.8,0.6072716049382716,1.0,0.0,2.1,2.1,1.0,0.0,0.06666666666666667,0.0,0.06666666666666667,0.14,1.0,0.0,0.4,0.4,1.0,0.0,0.06666666666666667,0.0,0.06666666666666667,0.02666666666666667,1.0,6.160883731882279,0.0,0.0,0.0,0.0,0.06666666666666667,0.0,0.0,0.0,1.0,10.899338412804827,0.0,0.0,0.0,0.0,0.06666666666666667,0.0,0.0,0.0,1.0,0.0,2.4,2.4,1.0,0.0,0.06666666666666667,0.0,0.06666666666666667,0.16,1.0,10.664041135235307,0.0,0.0,0.0,2.0,0.06666666666666667,0.13333333333333333,-0.13333333333333333,-2.978333333333333,1.0,0.0,0.4,0.4,1.0,0.0,0.06666666666666667,0.0,0.06666666666666667,0.02666666666666667,1.0,3.7003709219104346,0.0,0.0,0.0,0.0,0.06666666666666667,0.0,0.0,0.0,1.0,11.26575050485719,0.0,0.0,0.0,2.0,0.06666666666666667,0.13333333333333333,-0.13333333333333333,-3.025,2.0,0.0,6.0,0.0,30.0,29.728333333333335,0.0,0.0,0.0,0.0,1.0,13.5,0.0,0.0,1.0,17.4,0.0,0.0,0.0,0.0,1.0,14.2,0.0,0.0
north_heavy_seed1,north_heavy,1,758.25,773.25,54.0,2.198558819911194,11.189814814814815,38.0,6.75,2.0,3.3298071857457607,0.7,1.4,1.0,0.0,0.06666666666666667,0.06666666666666667,0.06666666666666667,0.04666666666666666,7.0,1.3077717081412152,16.585714285714285,49.65,5.0,0.0,0.06666666666666667,0.0,0.13333333333333333,0.4440476190476191,30.0,0.028393279535074766,15.908333333333333,39.4,27.0,0.0,0.2,0.0,0.8666666666666667,0.6309259259259259,1.0,0.0,3.1,3.1,1.0,0.0,0.0,0.0,0.06666666666666667,0.20666666666666667,1.0,0.0,1.4,1.4,1.0,0.0,0.0,0.0,0.06666666666666667,0.09333333333333332,1.0,2.1625939250382773,0.0,0.0,0.0,0.0,0.0,0.0,0.0,0.0,1.0,7.603353203840829,0.0,0.0,0.0,0.0,0.0,0.0,0.0,0.0,1.0,0.0,3.4,3.4,1.0,0.0,0.0,0.0,0.06666666666666667,0.22666666666666666,0.0,0.0,0.0,0.0,0.0,2.0,0.0,0.2,-0.13333333333333333,-2.03,1.0,0.0,1.4,1.4,1.0,0.0,0.0,0.0,0.06666666666666667,0.09333333333333332,1.0,0.0,0.2,0.2,1.0,0.0,0.0,0.0,0.06666666666666667,0.013333333333333334,0.0,0.0,0.0,0.0,0.0,2.0,0.0,0.2,-0.13333333333333333,-2.0611111111111113,2.0,0.0,6.0,0.0,30.0,30.728333333333335,0.0,0.0,0.0,0.0,1.0,14.5,0.0,0.0,1.0,18.4,0.0,0.0,0.0,0.0,1.0,15.2,0.0,0.0
north_heavy_seed1,north_heavy,1,759.25,774.25,55.0,2.0868809233407832,11.690000000000001,40.0,5.75,3.0,3.9016593511619533,0.7999999999999999,2.4,1.0,0.0,0.13333333333333333,0.06666666666666667,0.06666666666666667,0.05333333333333333,8.0,1.2061867548442577,15.1375,50.65,5.0,0.0,0.13333333333333333,0.0,0.13333333333333333,0.3141666666666667,30.0,0.01955000137630635,16.815,40.4,28.0,0.0,0.2,0.0,0.8666666666666667,0.6547037037037039,1.0,0.0,4.1,4.1,1.0,0.0,0.0,0.0,0.06666666666666667,0.2733333333333333,1.0,0.0,2.4,2.4,1.0,0.0,0.0,0.0,0.06666666666666667,0.16,1.0,0.0,0.5,0.5,1.0,0.0,0.0,0.0,0.06666666666666667,0.03333333333333333,1.0,3.116864253498248,0.0,0.0,0.0,0.0,0.0,0.0,0.0,0.0,1.0,0.0,4.4,4.4,1.0,0.0,0.0,0.0,0.06666666666666667,0.29333333333333333,0.0,0.0,0.0,0.0,0.0,2.0,0.0,0.2,-0.13333333333333333,-2.074444444444444,1.0,0.0,2.4,2.4,1.0,0.0,0.0,0.0,0.06666666666666667,0.16,1.0,0.0,1.2,1.2,1.0,0.0,0.0,0.0,0.06666666666666667,0.08,0.0,0.0,0.0,0.0,0.0,2.0,0.0,0.2,-0.13333333333333333,-2.1055555555555556,3.0,0.0,6.0,0.0,30.0,31.728333333333335,0.0,0.0,0.0,0.0,1.0,15.5,0.0,0.0,1.0,19.4,0.0,0.0,0.0,0.0,1.0,16.2,0.0,0.0
north_heavy_seed1,north_heavy,1,760.25,775.25,55.0,2.145803562077538,12.42909090909091,42.0,4.75,3.0,4.4367065588445,1.1333333333333333,3.4,1.0,0.0,0.06666666666666667,0.06666666666666667,0.06666666666666667,0.07555555555555556,8.0,1.1577332163082052,15.7625,51.65,5.0,0.0,0.06666666666666667,0.0,0.13333333333333333,0.426547619047619,30.0,0.013315025626340007,17.758333333333333,41.4,29.0,0.0,0.13333333333333333,0.0,0.8666666666666667,0.6972222222222222,1.0,0.0,5.1,5.1,1.0,0.0,0.0,0.0,0.06666666666666667,0.33999999999999997,1.0,0.0,3.4,3.4,1.0,0.0,0.0,0.0,0.06666666666666667,0.22666666666666666,1.0,0.0,1.5,1.5,1.0,0.0,0.0,0.0,0.06666666666666667,0.1,1.0,0.0,0.35,0.35,1.0,0.0,0.0,0.0,0.06666666666666667,0.02333333333333333,1.0,0.0,5.4,5.4,1.0,0.0,0.0,0.0,0.06666666666666667,0.36000000000000004,0.0,0.0,0.0,0.0,0.0,2.0,0.0,0.2,-0.13333333333333333,-2.118888888888889,1.0,0.0,3.4,3.4,1.0,0.0,0.0,0.0,0.06666666666666667,0.22666666666666666,1.0,0.0,2.2,2.2,1.0,0.0,0.0,0.0,0.06666666666666667,0.14666666666666667,0.0,0.0,0.0,0.0,0.0,2.0,0.0,0.2,-0.13333333333333333,-2.15,3.0,0.0,6.0,0.0,30.0,32.72833333333333,0.0,0.0,0.0,0.0,1.0,16.5,0.0,0.0,1.0,20.4,0.0,0.0,0.0,0.0,1.0,17.2,0.0,0.0
north_heavy_seed1,north_heavy,1,761.25,776.25,55.0,2.192957712144559,13.207272727272727,44.0,3.75,3.0,5.0199679348758615,1.4666666666666668,4.4,1.0,0.0,0.06666666666666667,0.06666666666666667,0.06666666666666667,0.09777777777777778,8.0,1.1870983438378384,16.475,52.65,6.0,0.0,0.06666666666666667,0.0,0.2,0.4454761904761906,30.0,0.009001549412212163,18.728333333333335,42.4,30.0,0.0,0.13333333333333333,0.0,0.8666666666666667,0.7231984126984128,1.0,0.0,6.1,6.1,1.0,0.0,0.0,0.0,0.06666666666666667,0.4066666666666666,1.0,0.0,4.4,4.4,1.0,0.0,0.0,0.0,0.06666666666666667,0.29333333333333333,1.0,0.0,2.5,2.5,1.0,0.0,0.0,0.0,0.06666666666666667,0.16666666666666666,1.0,0.0,1.35,1.35,1.0,0.0,0.0,0.0,0.06666666666666667,0.09000000000000001,1.0,0.0,6.4,6.4,1.0,0.0,0.0,0.0,0.06666666666666667,0.4266666666666667,0.0,0.0,0.0,0.0,0.0,2.0,0.0,0.2,-0.13333333333333333,-2.163333333333333,1.0,0.0,4.4,4.4,1.0,0.0,0.0,0.0,0.06666666666666667,0.29333333333333333,1.0,0.0,3.2,3.2,1.0,0.0,0.0,0.0,0.06666666666666667,0.21333333333333335,0.0,0.0,0.0,0.0,0.0,2.0,0.0,0.2,-0.13333333333333333,-2.194444444444444,2.0,0.0,5.0,0.0,30.0,33.72833333333333,0.0,0.0,0.0,0.0,1.0,17.5,0.0,0.0,1.0,21.4,0.0,0.0,0.0,0.0,1.0,18.2,0.0,0.0
north_heavy_seed1,north_heavy,1,762.25,777.25,55.0,2.2392211452896493,14.007272727272726,44.0,2.75,3.0,5.568630648844675,1.8,5.4,1.0,0.0,0.06666666666666667,0.06666666666666667,0.06666666666666667,0.12000000000000001,8.0,1.281564517371011,17.225,53.65,6.0,0.0,0.06666666666666667,0.0,0.2,0.466904761904762,30.0,0.005946669639438891,19.728333333333335,43.4,30.0,0.0,0.06666666666666667,0.0,0.8666666666666667,0.7689003831417626,1.0,0.0,7.1,7.1,1.0,0.0,0.0,0.0,0.06666666666666667,0.47333333333333333,1.0,0.0,5.4,5.4,1.0,0.0,0.0,0.0,0.06666666666666667,0.36000000000000004,1.0,0.0,3.5,3.5,1.0,0.0,0.0,0.0,0.06666666666666667,0.23333333333333334,1.0,0.0,2.35,2.35,1.0,0.0,0.0,0.0,0.06666666666666667,0.15666666666666668,1.0,0.0,7.4,7.4,1.0,0.0,0.0,0.0,0.06666666666666667,0.49333333333333335,0.0,0.0,0.0,0.0,0.0,2.0,0.0,0.2,-0.13333333333333333,-2.207777777777778,1.0,0.0,5.4,5.4,1.0,0.0,0.0,0.0,0.06666666666666667,0.36000000000000004,1.0,0.0,4.2,4.2,1.0,0.0,0.0,0.0,0.06666666666666667,0.28,0.0,0.0,0.0,0.0,0.0,2.0,0.0,0.2,-0.13333333333333333,-2.238888888888889,2.0,0.0,4.0,0.0,30.0,34.72833333333333,0.0,0.0,0.0,0.0,1.0,18.5,0.0,0.0,1.0,22.4,0.0,0.0,0.0,0.0,1.0,19.2,0.0,0.0
north_heavy_seed1,north_heavy,1,763.25,778.25,55.0,2.293355554710733,14.807272727272727,44.0,1.75,3.0,6.13675428957301,2.1333333333333333,6.4,1.0,0.0,0.06666666666666667,0.06666666666666667,0.06666666666666667,0.14222222222222222,8.0,1.438583695075336,17.975,54.65,6.0,0.0,0.06666666666666667,0.0,0.2,0.4883333333333334,30.0,0.003910302877103467,20.728333333333335,44.4,30.0,0.0,0.06666666666666667,0.0,0.8,0.7941877394636017,1.0,0.0,8.1,8.1,1.0,0.0,0.0,0.0,0.06666666666666667,0.5399999999999999,1.0,0.0,6.4,6.4,1.0,0.0,0.0,0.0,0.06666666666666667,0.4266666666666667,1.0,0.0,4.5,4.5,1.0,0.0,0.0,0.0,0.06666666666666667,0.3,1.0,0.0,3.35,3.35,1.0,0.0,0.0,0.0,0.06666666666666667,0.22333333333333333,1.0,0.0,8.4,8.4,1.0,0.0,0.0,0.0,0.06666666666666667,0.56,0.0,0.0,0.0,0.0,0.0,2.0,0.0,0.2,-0.13333333333333333,-2.252222222222222,1.0,0.0,6.4,6.4,1.0,0.0,0.0,0.0,0.06666666666666667,0.4266666666666667,1.0,0.0,5.2,5.2,1.0,0.0,0.0,0.0,0.06666666666666667,0.3466666666666667,0.0,0.0,0.0,0.0,0.0,2.0,0.0,0.2,-0.13333333333333333,-2.283333333333333,1.0,0.0,4.0,0.0,30.0,35.72833333333333,0.0,0.0,0.0,0.0,1.0,19.5,0.0,0.0,1.0,23.4,0.0,0.0,0.0,0.0,1.0,20.2,0.0,0.0
north_heavy_seed1,north_heavy,1,764.25,779.25,55.0,2.33242548660732,15.607272727272727,44.0,0.75,3.0,6.230573691326789,2.466666666666667,7.4,1.0,0.0,0.06666666666666667,0.06666666666666667,0.06666666666666667,0.16444444444444445,8.0,1.6451790092558685,18.725,55.65,6.0,0.0,0.06666666666666667,0.0,0.13333333333333333,0.5083333333333334,30.0,0.002518814470621767,21.728333333333335,45.4,30.0,0.0,0.06666666666666667,0.0,0.7333333333333333,0.8190153256704982,1.0,0.0,9.1,9.1,1.0,0.0,0.0,0.0,0.06666666666666667,0.6066666666666667,1.0,0.0,7.4,7.4,1.0,0.0,0.0,0.0,0.06666666666666667,0.49333333333333335,1.0,0.0,5.5,5.5,1.0,0.0,0.0,0.0,0.06666666666666667,0.36666666666666664,1.0,0.0,4.35,4.35,1.0,0.0,0.0,0.0,0.06666666666666667,0.29,1.0,0.0,9.4,9.4,1.0,0.0,0.0,0.0,0.06666666666666667,0.6266666666666667,0.0,0.0,0.0,0.0,0.0,2.0,0.0,0.2,-0.13333333333333333,-2.2966666666666664,1.0,0.0,7.4,7.4,1.0,0.0,0.0,0.0,0.06666666666666667,0.49333333333333335,1.0,0.0,6.2,6.2,1.0,0.0,0.0,0.0,0.06666666666666667,0.41333333333333333,0.0,0.0,0.0,0.0,0.0,2.0,0.0,0.2,-0.13333333333333333,-2.3277777777777775,1.0,0.0,3.0,0.0,30.0,36.72833333333333,0.0,0.0,0.0,0.0,1.0,20.5,0.0,0.0,1.0,24.4,0.0,0.0,0.0,0.0,1.0,21.2,0.0,0.0
north_heavy_seed1,north_heavy,1,765.25,780.25,55.0,2.345305714583585,16.40818181818182,45.0,2.75,3.0,6.219612868215553,2.8000000000000003,8.4,1.0,0.0,0.06666666666666667,0.06666666666666667,0.06666666666666667,0.18666666666666668,8.0,1.745390594522719,19.48125,56.65,7.0,0.0,0.06666666666666667,0.0,0.2,0.5206547619047618,30.0,0.0016332914313555624,22.728333333333335,46.4,30.0,0.0,0.06666666666666667,0.0,0.7333333333333333,0.8420038314176246,1.0,0.0,10.1,10.1,1.0,0.0,0.0,0.0,0.06666666666666667,0.6733333333333333,1.0,0.0,8.4,8.4,1.0,0.0,0.0,0.0,0.06666666666666667,0.56,1.0,0.0,6.5,6.5,1.0,0.0,0.0,0.0,0.06666666666666667,0.43333333333333335,1.0,0.0,5.35,5.35,1.0,0.0,0.0,0.0,0.06666666666666667,0.35666666666666663,1.0,0.0,10.4,10.4,1.0,0.0,0.0,0.0,0.06666666666666667,0.6933333333333334,0.0,0.0,0.0,0.0,0.0,1.0,0.0,0.2,-0.13333333333333333,-2.341111111111111,1.0,0.0,8.4,8.4,1.0,0.0,0.0,0.0,0.06666666666666667,0.56,1.0,0.0,7.2,7.2,1.0,0.0,0.0,0.0,0.06666666666666667,0.48000000000000004,0.0,0.0,0.0,0.0,0.0,1.0,0.0,0.2,-0.13333333333333333,-2.3722222222222222,1.0,0.0,3.0,0.0,30.0,37.72833333333333,0.0,0.0,0.0,0.0,1.0,21.5,0.0,0.0,1.0,25.4,0.0,0.0,0.0,0.0,1.0,22.2,0.0,0.0
north_heavy_seed1,north_heavy,1,766.25,781.25,56.0,2.2127008139469577,16.91875,45.0,1.75,4.0,6.32563921549484,2.35,9.4,1.0,0.0,0.13333333333333333,0.0,0.06666666666666667,0.15666666666666668,9.0,1.786623593677731,18.094444444444445,57.65,7.0,0.0,0.13333333333333333,0.0,0.2,0.39010582010582007,30.0,0.0010418117386707384,23.728333333333335,47.4,30.0,0.0,0.06666666666666667,0.0,0.6,0.8621187739463603,1.0,0.0,11.1,11.1,1.0,0.0,0.0,0.0,0.06666666666666667,0.74,1.0,0.0,9.4,9.4,1.0,0.0,0.0,0.0,0.06666666666666667,0.6266666666666667,1.0,0.0,7.5,7.5,1.0,0.0,0.0,0.0,0.06666666666666667,0.5,1.0,0.0,6.35,6.35,1.0,0.0,0.0,0.0,0.06666666666666667,0.4233333333333333,1.0,0.0,11.4,11.4,1.0,0.0,0.0,0.0,0.06666666666666667,0.76,0.0,0.0,0.0,0.0,0.0,1.0,0.0,0.2,-0.13333333333333333,-2.3855555555555554,1.0,0.0,9.4,9.4,1.0,0.0,0.0,0.0,0.06666666666666667,0.6266666666666667,1.0,0.0,8.2,8.2,1.0,0.0,0.0,0.0,0.06666666666666667,0.5466666666666666,0.0,0.0,0.0,0.0,0.0,1.0,0.0,0.2,-0.13333333333333333,-2.4166666666666665,1.0,0.0,2.0,0.0,30.0,38.72833333333333,0.0,0.0,0.0,0.0,1.0,22.5,0.0,0.0,1.0,26.4,0.0,0.0,0.0,0.0,1.0,23.2,0.0,0.0
north_heavy_seed1,north_heavy,1,767.25,782.25,56.0,2.294647858460825,17.722321428571426,45.0,0.75,4.0,6.890199963225505,2.6,10.4,1.0,0.0,0.13333333333333333,0.0,0.06666666666666667,0.17333333333333334,9.0,2.0378471700248677,18.87222222222222,58.65,7.0,0.0,0.13333333333333333,0.0,0.2,0.40386243386243365,30.0,0.0006536834936596126,24.728333333333335,48.4,30.0,0.0,0.06666666666666667,0.0,0.5333333333333333,0.8803946360153259,1.0,0.0,12.1,12.1,1.0,0.0,0.0,0.0,0.06666666666666667,0.8066666666666666,1.0,0.0,10.4,10.4,1.0,0.0,0.0,0.0,0.06666666666666667,0.6933333333333334,1.0,0.0,8.5,8.5,1.0,0.0,0.0,0.0,0.06666666666666667,0.5666666666666667,1.0,0.0,7.35,7.35,1.0,0.0,0.0,0.0,0.06666666666666667,0.49,1.0,0.0,12.4,12.4,1.0,0.0,0.0,0.0,0.06666666666666667,0.8266666666666667,0.0,0.0,0.0,0.0,0.0,1.0,0.0,0.2,-0.13333333333333333,-2.4299999999999997,1.0,0.0,10.4,10.4,1.0,0.0,0.0,0.0,0.06666666666666667,0.6933333333333334,1.0,0.0,9.2,9.2,1.0,0.0,0.0,0.0,0.06666666666666667,0.6133333333333333,0.0,0.0,0.0,0.0,0.0,1.0,0.0,0.2,-0.13333333333333333,-2.461111111111111,1.0,0.0,2.0,0.0,30.0,39.72833333333333,0.0,0.0,0.0,0.0,1.0,23.5,0.0,0.0,1.0,27.4,0.0,0.0,0.0,0.0,1.0,24.2,0.0,0.0
north_heavy_seed1,north_heavy,1,768.25,783.25,56.0,2.4371614708132756,15.773214285714285,38.0,29.75,4.0,7.461971452835308,0.0,0.0,0.0,2.0,0.13333333333333333,0.0,0.0,0.0,9.0,2.3849693697204466,8.705555555555556,36.05,5.0,2.0,0.13333333333333333,0.0,0.06666666666666667,-0.312010582010582,30.0,0.00040766343765457106,25.728333333333335,49.4,30.0,0.0,0.06666666666666667,0.0,0.5333333333333333,0.8964865900383143,1.0,0.744978723351286,0.0,0.0,0.0,2.0,0.0,0.0,0.0,0.0,1.0,0.6180203106745814,0.0,0.0,0.0,2.0,0.0,0.0,0.0,0.0,1.0,0.0,9.5,9.5,1.0,0.0,0.0,0.0,0.06666666666666667,0.6333333333333333,1.0,0.632649619963897,0.0,0.0,0.0,2.0,0.0,0.0,0.0,0.0,1.0,0.0,13.4,13.4,1.0,0.0,0.0,0.0,0.06666666666666667,0.8933333333333333,0.0,0.0,0.0,0.0,0.0,0.0,0.0,0.2,-0.06666666666666667,-1.1822222222222223,1.0,0.6306085758665352,0.0,0.0,0.0,2.0,0.0,0.0,0.0,0.0,1.0,0.0,10.2,10.2,1.0,0.0,0.0,0.0,0.06666666666666667,0.6799999999999999,0.0,0.0,0.0,0.0,0.0,0.0,0.0,0.2,-0.06666666666666667,-1.2122222222222223,1.0,0.0,1.0,0.0,30.0,40.72833333333333,0.0,0.0,0.0,0.0,1.0,24.5,0.0,0.0,1.0,28.4,0.0,0.0,0.0,0.0,1.0,25.2,0.0,0.0
north_heavy_seed1,north_heavy,1,769.25,784.25,56.0,2.743538621531377,15.430357142857144,36.0,28.75,3.0,10.1100687292812,0.0,0.0,0.0,2.0,0.13333333333333333,0.06666666666666667,0.0,0.0,8.0,2.8777007527732597,3.26875,13.4,3.0,2.0,0.13333333333333333,0.06666666666666667,-0.06666666666666667,-0.7125595238095239,30.0,0.0002505301974716688,26.728333333333335,50.4,30.0,0.0,0.0,0.0,0.4666666666666667,0.9402222222222224,0.0,0.0,0.0,0.0,0.0,2.0,0.0,0.06666666666666667,0.0,0.0,0.0,0.0,0.0,0.0,0.0,2.0,0.0,0.06666666666666667,0.0,0.0,1.0,0.0,10.5,10.5,1.0,0.0,0.0,0.0,0.06666666666666667,0.7,0.0,0.0,0.0,0.0,0.0,2.0,0.0,0.06666666666666667,0.0,0.0,1.0,0.0,14.4,14.4,1.0,0.0,0.0,0.0,0.06666666666666667,0.9600000000000001,0.0,0.0,0.0,0.0,0.0,0.0,0.0,0.13333333333333333,0.0,0.0,0.0,0.0,0.0,0.0,0.0,2.0,0.0,0.06666666666666667,0.0,0.0,1.0,0.0,11.2,11.2,1.0,0.0,0.0,0.0,0.06666666666666667,0.7466666666666666,0.0,0.0,0.0,0.0,0.0,0.0,0.0,0.13333333333333333,0.0,0.0,1.0,0.0,1.0,0.0,30.0,41.72833333333333,0.0,0.0,0.0,0.0,1.0,25.5,0.0,0.0,1.0,29.4,0.0,0.0,0.0,0.0,1.0,26.2,0.0,0.0
north_heavy_seed1,north_heavy,1,770.25,785.25,56.0,3.10073845442381,15.642857142857142,34.0,27.75,3.0,11.046048100007392,0.0,0.0,0.0,2.0,0.13333333333333333,0.06666666666666667,0.0,0.0,8.0,3.527889041879657,0.63125,5.05,1.0,2.0,0.13333333333333333,0.06666666666666667,-0.2,-0.9264880952380953,30.0,0.00015489794275386532,27.728333333333335,51.4,30.0,0.0,0.0,0.0,0.4,0.9556666666666668,0.0,0.0,0.0,0.0,0.0,2.0,0.0,0.06666666666666667,-0.06666666666666667,-0.006666666666666667,0.0,0.0,0.0,0.0,0.0,2.0,0.0,0.06666666666666667,0.0,0.0,1.0,0.0,11.5,11.5,1.0,0.0,0.0,0.0,0.06666666666666667,0.7666666666666667,0.0,0.0,0.0,0.0,0.0,2.0,0.0,0.06666666666666667,0.0,0.0,1.0,0.0,15.4,15.4,1.0,0.0,0.0,0.0,0.0,1.0,0.0,0.0,0.0,0.0,0.0,0.0,0.0,0.13333333333333333,0.0,0.0,0.0,0.0,0.0,0.0,0.0,2.0,0.0,0.06666666666666667,0.0,0.0,1.0,0.0,12.2,12.2,1.0,0.0,0.0,0.0,0.06666666666666667,0.8133333333333332,0.0,0.0,0.0,0.0,0.0,0.0,0.0,0.13333333333333333,0.0,0.0,1.0,0.0,1.0,0.0,30.0,42.72833333333333,0.0,0.0,0.0,0.0,1.0,26.5,0.0,0.0,1.0,30.4,0.0,0.0,0.0,0.0,1.0,27.2,0.0,0.0
north_heavy_seed1,north_heavy,1,771.25,786.25,56.0,3.520850069917189,16.141964285714288,33.0,26.75,3.0,12.231873632711538,0.0,0.0,0.0,2.0,0.13333333333333333,0.06666666666666667,0.0,0.0,7.0,4.195434728283635,0.0,0.0,0.0,2.0,0.13333333333333333,0.13333333333333333,-0.3333333333333333,-1.0104761904761905,30.0,9.44104242580949e-05,28.728333333333335,52.4,30.0,0.0,0.0,0.0,0.3333333333333333,0.968777777777778,0.0,0.0,0.0,0.0,0.0,2.0,0.0,0.06666666666666667,-0.06666666666666667,-0.07333333333333333,0.0,0.0,0.0,0.0,0.0,2.0,0.0,0.06666666666666667,0.0,0.0,1.0,0.0,12.5,12.5,1.0,0.0,0.0,0.0,0.06666666666666667,0.8333333333333334,0.0,0.0,0.0,0.0,0.0,2.0,0.0,0.06666666666666667,0.0,0.0,1.0,0.0,16.4,16.4,1.0,0.0,0.0,0.0,0.0,0.9999999999999999,0.0,0.0,0.0,0.0,0.0,0.0,0.0,0.06666666666666667,0.0,0.0,0.0,0.0,0.0,0.0,0.0,2.0,0.0,0.06666666666666667,0.0,0.0,1.0,0.0,13.2,13.2,1.0,0.0,0.0,0.0,0.06666666666666667,0.88,0.0,0.0,0.0,0.0,0.0,0.0,0.0,0.06666666666666667,0.0,0.0,1.0,0.0,1.0,0.0,30.0,43.72833333333333,0.0,0.0,0.0,0.0,1.0,27.5,0.0,0.0,1.0,31.4,0.0,0.0,0.0,0.0,1.0,28.2,0.0,0.0
north_heavy_seed1,north_heavy,1,772.25,787.25,54.0,3.507652876132875,17.350925925925928,33.0,25.75,2.0,15.006549437168399,0.0,0.0,0.0,2.0,0.13333333333333333,0.13333333333333333,-0.06666666666666667,-0.013333333333333334,6.0,4.785299359066189,0.0,0.0,0.0,2.0,0.13333333333333333,0.2,-0.3333333333333333,-1.058095238095238,30.0,5.6656934365751045e-05,29.728333333333335,53.4,30.0,0.0,0.0,0.0,0.26666666666666666,0.9795555555555556,0.0,0.0,0.0,0.0,0.0,2.0,0.0,0.06666666666666667,-0.06666666666666667,-0.14,0.0,0.0,0.0,0.0,0.0,2.0,0.0,0.06666666666666667,-0.06666666666666667,-0.02666666666666667,1.0,0.0,13.5,13.5,1.0,0.0,0.0,0.0,0.06666666666666667,0.9,0.0,0.0,0.0,0.0,0.0,2.0,0.0,0.06666666666666667,0.0,0.0,1.0,0.0,17.4,17.4,1.0,0.0,0.0,0.0,0.0,0.9999999999999999,0.0,0.0,0.0,0.0,0.0,0.0,0.0,0.06666666666666667,0.0,0.0,0.0,0.0,0.0,0.0,0.0,2.0,0.0,0.06666666666666667,-0.06666666666666667,-0.02666666666666667,1.0,0.0,14.2,14.2,1.0,0.0,0.0,0.0,0.06666666666666667,0.9466666666666667,0.0,0.0,0.0,0.0,0.0,0.0,0.0,0.06666666666666667,0.0,0.0,0.0,0.0,1.0,0.0,30.0,44.72833333333333,0.0,0.0,0.0,0.0,1.0,28.5,0.0,0.0,1.0,32.4,0.0,0.0,0.0,0.0,1.0,29.2,0.0,0.0
north_heavy_seed1,north_heavy,1,795.25,810.25,54.0,4.394429496714111,31.40648148148148,33.0,2.75,2.0,12.979196921434951,0.0,0.0,0.0,2.0,0.13333333333333333,0.06666666666666667,0.0,0.0,2.0,12.576777190066075,0.0,0.0,0.0,2.0,0.13333333333333333,0.2,0.0,0.0,30.0,0.0,52.72833333333333,76.4,30.0,0.0,0.0,0.0,0.0,1.0,1.0,13.47618114519781,0.0,0.0,0.0,2.0,0.06666666666666667,0.0,0.0,0.0,1.0,11.709796971990253,0.0,0.0,0.0,2.0,0.06666666666666667,0.0,0.0,0.0,2.0,1.0954746040298173,18.25,36.5,1.0,0.0,0.06666666666666667,0.0,0.0,-0.21666666666666667,1.0,15.682531062586943,0.0,0.0,0.0,2.0,0.06666666666666667,0.0,0.0,0.0,2.0,1.2916618870744758,20.2,40.4,1.0,0.0,0.06666666666666667,0.0,0.0,-0.3466666666666666,1.0,13.853034126752988,0.0,0.0,0.0,0.0,0.06666666666666667,0.0,0.0,0.0,1.0,12.884774687531353,0.0,0.0,0.0,2.0,0.06666666666666667,0.0,0.0,0.0,2.0,1.3211630951608917,18.6,37.2,1.0,0.0,0.06666666666666667,0.0,0.0,-0.23999999999999985,1.0,15.836246582727375,0.0,0.0,0.0,0.0,0.06666666666666667,0.0,0.0,0.0,2.0,3.35,2.0,2.55,24.0,30.133333333333336,1.0,1.4,1.0,0.0,0.0,0.0,1.0,3.55,2.0,27.7,1.0,1.7,1.0,0.85,2.0,26.1,1.0,3.45
north_heavy_seed1,north_heavy,1,796.25,811.25,52.0,4.168776300686114,33.24903846153846,33.0,1.75,2.0,12.988398559607568,0.0,0.0,0.0,2.0,0.13333333333333333,0.06666666666666667,0.0,0.0,2.0,12.57123328969897,0.0,0.0,0.0,2.0,0.13333333333333333,0.13333333333333333,0.0,0.0,30.0,0.0,53.72833333333333,77.4,30.0,0.0,0.0,0.0,0.0,1.0,1.0,13.503277912103668,0.0,0.0,0.0,2.0,0.06666666666666667,0.0,0.0,0.0,1.0,11.758322538150932,0.0,0.0,0.0,2.0,0.06666666666666667,0.0,0.0,0.0,2.0,2.195094092703508,18.75,37.5,1.0,0.0,0.06666666666666667,0.0,0.0,-0.25,1.0,16.609841621543747,0.0,0.0,0.0,2.0,0.06666666666666667,0.0,0.0,0.0,2.0,2.4828784385566207,20.7,41.4,1.0,0.0,0.06666666666666667,0.0,0.0,-0.37999999999999995,1.0,13.878262602400035,0.0,0.0,0.0,0.0,0.06666666666666667,0.0,0.0,0.0,1.0,12.897401653391258,0.0,0.0,0.0,2.0,0.06666666666666667,0.0,0.0,0.0,2.0,2.4899469581308833,19.1,38.2,1.0,0.0,0.06666666666666667,0.0,0.0,-0.2733333333333332,1.0,15.820735488139753,0.0,0.0,0.0,0.0,0.06666666666666667,0.0,0.0,0.0,2.0,3.85,2.0,3.05,24.0,28.008333333333336,1.0,2.4,1.0,0.75,0.0,0.0,1.0,4.55,2.0,28.2,1.0,2.7,1.0,1.85,2.0,26.6,1.0,4.45
north_heavy_seed1,north_heavy,1,797.25,812.25,52.0,4.278833523444547,33.88365384615385,33.0,0.75,2.0,12.98189330933348,0.0,0.0,0.0,2.0,0.13333333333333333,0.06666666666666667,0.0,0.0,2.0,12.59056259715198,0.0,0.0,0.0,2.0,0.13333333333333333,0.13333333333333333,0.0,0.0,30.0,0.0,54.72833333333333,78.4,30.0,0.0,0.0,0.0,0.0,1.0,1.0,13.524118041786462,0.0,0.0,0.0,2.0,0.06666666666666667,0.0,0.0,0.0,1.0,11.74134402807289,0.0,0.0,0.0,2.0,0.06666666666666667,0.0,0.0,0.0,2.0,3.3013497035858097,19.25,38.5,1.0,0.0,0.06666666666666667,0.0,0.0,-0.2833333333333333,1.0,16.662933514155448,0.0,0.0,0.0,2.0,0.06666666666666667,0.0,0.0,0.0,2.0,3.672389003911923,21.2,42.4,1.0,0.0,0.06666666666666667,0.0,0.0,-0.4133333333333333,1.0,13.881233138760553,0.0,0.0,0.0,0.0,0.06666666666666667,0.0,0.0,0.0,1.0,12.88130679709366,0.0,0.0,0.0,2.0,0.06666666666666667,0.0,0.0,0.0,2.0,3.776739922146502,19.6,39.2,1.0,0.0,0.06666666666666667,0.0,0.0,-0.30666666666666653,1.0,15.923263810299881,0.0,0.0,0.0,0.0,0.06666666666666667,0.0,0.0,0.0,2.0,4.35,2.0,3.55,23.0,24.304347826086957,1.0,3.4,1.0,1.75,0.0,0.0,1.0,5.55,2.0,28.7,1.0,3.7,1.0,2.85,2.0,27.1,1.0,5.45
north_heavy_seed1,north_heavy,1,798.25,813.25,52.0,4.389583437088492,34.518269230769235,33.0,2.75,2.0,12.997087890113704,0.0,0.0,0.0,1.0,0.13333333333333333,0.06666666666666667,0.0,0.0,2.0,12.554441542999719,0.0,0.0,0.0,1.0,0.13333333333333333,0.06666666666666667,0.0,0.0,30.0,0.0,55.72833333333333,79.4,30.0,0.0,0.0,0.0,0.0,1.0,1.0,13.48452739812164,0.0,0.0,0.0,1.0,0.06666666666666667,0.0,0.0,0.0,1.0,11.663048474417991,0.0,0.0,0.0,1.0,0.06666666666666667,0.0,0.0,0.0,2.0,4.461846439678305,19.75,39.5,1.0,0.0,0.06666666666666667,0.0,0.0,-0.31666666666666665,1.0,16.658262696433813,0.0,0.0,0.0,1.0,0.06666666666666667,0.0,0.0,0.0,2.0,4.864317843671132,21.7,43.4,1.0,0.0,0.06666666666666667,0.0,0.0,-0.4466666666666666,1.0,13.849373921319843,0.0,0.0,0.0,0.0,0.06666666666666667,0.0,0.0,0.0,1.0,12.899782290321722,0.0,0.0,0.0,1.0,0.06666666666666667,0.0,0.0,0.0,2.0,4.961146167341932,20.1,40.2,1.0,0.0,0.06666666666666667,0.0,0.0,-0.33999999999999986,1.0,15.905303501887674,0.0,0.0,0.0,0.0,0.06666666666666667,0.0,0.0,0.0,2.0,4.975,2.0,4.425,22.0,20.259090909090908,1.0,4.4,1.0,2.75,0.0,0.0,1.0,6.55,2.0,29.275,1.0,4.7,1.0,3.85,2.0,27.6,1.0,6.45
north_heavy_seed1,north_heavy,1,799.25,814.25,52.0,4.496574604892374,35.152884615384615,33.0,1.75,2.0,13.01656496393925,0.0,0.0,0.0,1.0,0.13333333333333333,0.06666666666666667,0.0,0.0,2.0,12.559214404327928,0.0,0.0,0.0,1.0,0.13333333333333333,0.06666666666666667,0.0,0.0,30.0,0.0,56.72833333333333,80.4,30.0,0.0,0.0,0.0,0.0,1.0,1.0,13.508290556023926,0.0,0.0,0.0,1.0,0.06666666666666667,0.0,0.0,0.0,1.0,11.721520757907527,0.0,0.0,0.0,1.0,0.06666666666666667,0.0,0.0,0.0,2.0,5.621793633846654,20.25,40.5,1.0,0.0,0.06666666666666667,0.0,0.0,-0.35,1.0,16.57237947166548,0.0,0.0,0.0,1.0,0.06666666666666667,0.0,0.0,0.0,2.0,6.122948190950388,22.2,44.4,1.0,0.0,0.06666666666666667,0.0,0.0,-0.4799999999999999,1.0,13.889664962161334,0.0,0.0,0.0,0.0,0.06666666666666667,0.0,0.0,0.0,1.0,12.874288909266651,0.0,0.0,0.0,1.0,0.06666666666666667,0.0,0.0,0.0,2.0,6.177513384204209,20.6,41.2,1.0,0.0,0.06666666666666667,0.0,0.0,-0.3733333333333332,1.0,15.811376290495003,0.0,0.0,0.0,0.0,0.06666666666666667,0.0,0.0,0.0,2.0,5.975,2.0,5.425,22.0,17.86818181818182,1.0,5.4,1.0,3.75,0.0,0.0,1.0,7.55,2.0,30.275,1.0,5.7,1.0,4.85,2.0,28.475,1.0,7.45
north_heavy_seed1,north_heavy,1,800.25,815.25,51.0,4.566405420089774,36.48921568627451,33.0,0.75,2.0,12.970516717061518,0.0,0.0,0.0,1.0,0.13333333333333333,0.06666666666666667,0.0,0.0,2.0,12.556931653168418,0.0,0.0,0.0,1.0,0.13333333333333333,0.06666666666666667,0.0,0.0,30.0,0.0,57.72833333333333,81.4,30.0,0.0,0.0,0.0,0.0,1.0,1.0,13.510072438859478,0.0,0.0,0.0,1.0,0.06666666666666667,0.0,0.0,0.0,1.0,11.752725077763424,0.0,0.0,0.0,1.0,0.06666666666666667,0.0,0.0,0.0,2.0,6.770646969002765,20.75,41.5,1.0,0.0,0.06666666666666667,0.0,0.0,-0.38333333333333336,1.0,16.588083099635554,0.0,0.0,0.0,1.0,0.06666666666666667,0.0,0.0,0.0,2.0,7.261093611205418,22.7,45.4,1.0,0.0,0.06666666666666667,0.0,0.0,-0.5133333333333333,1.0,13.875137693386526,0.0,0.0,0.0,0.0,0.06666666666666667,0.0,0.0,0.0,1.0,12.870157547890157,0.0,0.0,0.0,1.0,0.06666666666666667,0.0,0.0,0.0,2.0,7.0824164300071475,21.1,42.2,1.0,0.0,0.06666666666666667,0.0,0.0,-0.4066666666666665,1.0,15.902696408120178,0.0,0.0,0.0,0.0,0.06666666666666667,0.0,0.0,0.0,2.0,6.975,2.0,6.425,22.0,15.470454545454546,1.0,6.4,1.0,4.75,0.0,0.0,1.0,8.55,2.0,31.275,1.0,6.7,1.0,5.85,2.0,29.475,1.0,8.45
north_heavy_seed1,north_heavy,1,801.25,816.25,50.0,4.454813559662652,33.78,30.0,11.75,2.0,11.559620405976581,0.0,0.0,0.0,0.0,0.13333333333333333,0.06666666666666667,0.0,0.0,2.0,12.580432693387515,0.0,0.0,0.0,0.0,0.13333333333333333,0.06666666666666667,0.0,0.0,30.0,0.02488107012983414,53.31333333333334,78.05,28.0,2.0,0.0,0.0,-0.13333333333333333,0.6390000000000006,1.0,13.505870286646395,0.0,0.0,0.0,0.0,0.06666666666666667,0.0,0.0,0.0,1.0,11.677925356309387,0.0,0.0,0.0,0.0,0.06666666666666667,0.0,0.0,0.0,2.0,7.175758215045784,0.0,0.0,0.0,2.0,0.06666666666666667,0.0,-0.06666666666666667,-1.8333333333333333,1.0,16.668055662815462,0.0,0.0,0.0,0.0,0.06666666666666667,0.0,0.0,0.0,2.0,7.618412532627284,23.2,46.4,1.0,0.0,0.06666666666666667,0.0,0.0,-0.5466666666666666,1.0,13.839087474389002,0.0,0.0,0.0,0.0,0.06666666666666667,0.0,0.0,0.0,1.0,12.919464066165448,0.0,0.0,0.0,0.0,0.06666666666666667,0.0,0.0,0.0,2.0,7.089377707739773,21.6,43.2,1.0,0.0,0.06666666666666667,0.0,0.0,-0.43999999999999984,1.0,15.937486756540913,0.0,0.0,0.0,0.0,0.06666666666666667,0.0,0.0,0.0,2.0,1.625,2.0,7.425,22.0,10.368181818181817,1.0,0.0,1.0,5.75,0.0,0.0,1.0,0.0,2.0,0.0,1.0,7.7,1.0,0.0,2.0,1.375,1.0,9.45
north_heavy_seed1,north_heavy,1,802.25,817.25,49.0,4.357385601340404,31.901020408163266,28.0,10.75,2.0,9.298420356788144,0.0,0.0,0.0,0.0,0.13333333333333333,0.0,0.0,0.0,2.0,12.452726327292336,0.0,0.0,0.0,0.0,0.13333333333333333,0.06666666666666667,0.0,0.0,29.0,0.10600334917138099,50.74310344827586,75.95,26.0,2.0,0.0,0.06666666666666667,-0.26666666666666666,0.4009846743295019,1.0,13.50377235864392,0.0,0.0,0.0,0.0,0.06666666666666667,0.0,0.0,0.0,1.0,11.721743250347899,0.0,0.0,0.0,0.0,0.06666666666666667,0.0,0.0,0.0,1.0,13.845269436705857,0.0,0.0,0.0,2.0,0.06666666666666667,0.06666666666666667,-0.06666666666666667,-1.9,1.0,16.581570142386482,0.0,0.0,0.0,0.0,0.06666666666666667,0.0,0.0,0.0,2.0,7.623587501591122,23.7,47.4,1.0,0.0,0.06666666666666667,0.0,0.0,-0.58,1.0,13.847028098413722,0.0,0.0,0.0,0.0,0.06666666666666667,0.0,0.0,0.0,1.0,12.901116268030316,0.0,0.0,0.0,0.0,0.06666666666666667,0.0,0.0,0.0,2.0,7.074895096467522,22.1,44.2,1.0,0.0,0.06666666666666667,0.0,0.0,-0.4733333333333332,1.0,15.882910452473986,0.0,0.0,0.0,0.0,0.06666666666666667,0.0,0.0,0.0,1.0,0.0,2.0,8.425,22.0,7.904545454545455,0.0,0.0,1.0,6.75,0.0,0.0,0.0,0.0,1.0,0.0,1.0,8.7,0.0,0.0,1.0,0.0,1.0,10.45
north_heavy_seed1,north_heavy,1,803.25,818.25,47.0,4.129503650369867,30.620212765957447,26.0,9.75,2.0,7.066792440952745,0.0,0.0,0.0,0.0,0.13333333333333333,0.0,0.0,0.0,2.0,10.45342622446298,0.0,0.0,0.0,0.0,0.13333333333333333,0.0,0.0,0.0,29.0,0.3092126883524945,46.398275862068964,72.6,24.0,2.0,0.0,0.06666666666666667,-0.4,0.04466283524904213,1.0,13.519813163486406,0.0,0.0,0.0,0.0,0.06666666666666667,0.0,0.0,0.0,1.0,11.716821683700655,0.0,0.0,0.0,0.0,0.06666666666666667,0.0,0.0,0.0,1.0,13.849619885962458,0.0,0.0,0.0,2.0,0.06666666666666667,0.06666666666666667,-0.06666666666666667,-1.9666666666666666,1.0,16.62076261625742,0.0,0.0,0.0,0.0,0.06666666666666667,0.0,0.0,0.0,2.0,7.607532414627079,24.2,48.4,1.0,0.0,0.06666666666666667,0.0,0.0,-0.6133333333333333,1.0,13.842525463350118,0.0,0.0,0.0,0.0,0.06666666666666667,0.0,0.0,0.0,1.0,12.88551633397019,0.0,0.0,0.0,0.0,0.06666666666666667,0.0,0.0,0.0,2.0,7.079015303210186,22.6,45.2,1.0,0.0,0.06666666666666667,0.0,0.0,-0.5066666666666665,1.0,15.860455746072539,0.0,0.0,0.0,0.0,0.06666666666666667,0.0,0.0,0.0,1.0,0.0,2.0,9.425,22.0,2.7454545454545456,0.0,0.0,1.0,7.75,0.0,0.0,0.0,0.0,1.0,0.0,1.0,9.7,0.0,0.0,1.0,0.0,1.0,11.45
north_heavy_seed1,north_heavy,1,804.25,819.25,46.0,3.963022398367511,28.7,25.0,8.75,2.0,6.254360373112195,0.35,0.7,1.0,0.0,0.06666666666666667,0.0,0.06666666666666667,0.02333333333333333,2.0,8.456513202175566,0.0,0.0,0.0,0.0,0.06666666666666667,0.0,0.0,0.0,28.0,0.4219089234329218,43.71071428571429,70.6,22.0,2.0,0.0,0.13333333333333333,-0.5333333333333333,-0.20117460317460284,1.0,13.526728286684587,0.0,0.0,0.0,0.0,0.06666666666666667,0.0,0.0,0.0,1.0,11.733733264631118,0.0,0.0,0.0,0.0,0.06666666666666667,0.0,0.0,0.0,1.0,13.877628339588643,0.0,0.0,0.0,2.0,0.06666666666666667,0.06666666666666667,-0.06666666666666667,-2.033333333333333,1.0,12.396225136804443,0.0,0.0,0.0,0.0,0.06666666666666667,0.0,0.0,0.0,2.0,7.592875222033639,24.7,49.4,1.0,0.0,0.06666666666666667,0.0,0.0,-0.6466666666666666,1.0,13.834805495321751,0.0,0.0,0.0,0.0,0.06666666666666667,0.0,0.0,0.0,1.0,12.907845311851188,0.0,0.0,0.0,0.0,0.06666666666666667,0.0,0.0,0.0,2.0,7.052115938747016,23.1,46.2,1.0,0.0,0.06666666666666667,0.0,0.0,-0.5399999999999998,1.0,15.472903253651824,0.0,0.0,0.0,0.0,0.06666666666666667,0.0,0.0,0.0,0.0,0.0,2.0,10.425,22.0,0.19545454545454544,0.0,0.0,1.0,8.75,0.0,0.0,0.0,0.0,0.0,0.0,1.0,10.7,0.0,0.0,0.0,0.0,1.0,12.45
north_heavy_seed1,north_heavy,1,805.25,820.25,46.0,3.935378895918205,26.169565217391302,24.0,7.75,2.0,6.269296310090281,0.85,1.7,1.0,0.0,0.06666666666666667,0.0,0.06666666666666667,0.056666666666666664,2.0,6.021487342474868,0.05,0.1,1.0,0.0,0.06666666666666667,0.0,0.06666666666666667,0.0033333333333333335,27.0,0.521627241881706,40.903703703703705,68.85,20.0,2.0,0.0,0.2,-0.6666666666666666,-0.4549753086419751,1.0,13.511614343165517,0.0,0.0,0.0,0.0,0.06666666666666667,0.0,0.0,0.0,1.0,11.728988163769936,0.0,0.0,0.0,0.0,0.06666666666666667,0.0,0.0,0.0,1.0,13.889029257655144,0.0,0.0,0.0,2.0,0.06666666666666667,0.06666666666666667,-0.06666666666666667,-2.1,1.0,7.406855285499091,0.0,0.0,0.0,0.0,0.06666666666666667,0.0,0.0,0.0,2.0,7.6117057952047835,25.2,50.4,1.0,0.0,0.06666666666666667,0.0,0.0,-0.6799999999999999,1.0,13.870560160145164,0.0,0.0,0.0,0.0,0.06666666666666667,0.0,0.0,0.0,1.0,12.922308449172363,0.0,0.0,0.0,0.0,0.06666666666666667,0.0,0.0,0.0,2.0,7.05312906788226,23.6,47.2,1.0,0.0,0.06666666666666667,0.0,0.0,-0.5733333333333335,1.0,9.586039130993504,0.0,0.0,0.0,0.0,0.06666666666666667,0.0,0.0,0.0,0.0,0.0,2.0,11.425,22.0,0.2659090909090909,0.0,0.0,1.0,9.75,0.0,0.0,0.0,0.0,0.0,0.0,1.0,11.7,0.0,0.0,0.0,0.0,1.0,13.45
north_heavy_seed1,north_heavy,1,806.25,821.25,46.0,3.836804642425706,25.172826086956523,23.0,6.75,2.0,5.222695524524454,1.35,2.7,1.0,0.0,0.06666666666666667,0.0,0.06666666666666667,0.09000000000000001,2.0,4.4399356549344615,0.55,1.1,1.0,0.0,0.06666666666666667,0.0,0.06666666666666667,0.03666666666666667,27.0,0.8635820359264087,39.0574074074074,67.85,19.0,2.0,0.0,0.2,-0.7333333333333333,-0.6447283950617285,1.0,11.96686236504218,0.0,0.0,0.0,0.0,0.06666666666666667,0.0,0.0,0.0,1.0,11.722725099207127,0.0,0.0,0.0,0.0,0.06666666666666667,0.0,0.0,0.0,1.0,13.868982709063218,0.0,0.0,0.0,2.0,0.06666666666666667,0.06666666666666667,-0.06666666666666667,-2.1666666666666665,1.0,2.408237905723637,0.0,0.0,0.0,0.0,0.06666666666666667,0.0,0.0,0.0,2.0,7.566181287334849,25.7,51.4,1.0,0.0,0.06666666666666667,0.0,0.0,-0.7133333333333333,1.0,10.622299511561895,0.0,0.0,0.0,0.0,0.06666666666666667,0.0,0.0,0.0,1.0,12.905891864388199,0.0,0.0,0.0,0.0,0.06666666666666667,0.0,0.0,0.0,2.0,7.082239581805484,24.1,48.2,1.0,0.0,0.06666666666666667,0.0,0.0,-0.6066666666666668,1.0,3.5971025301774286,0.0,0.0,0.0,0.0,0.06666666666666667,0.0,0.0,0.0,0.0,0.0,2.0,12.425,22.0,0.36363636363636365,0.0,0.0,1.0,10.75,0.0,0.0,0.0,0.0,0.0,0.0,1.0,12.7,0.0,0.0,0.0,0.0,1.0,14.45
north_heavy_seed1,north_heavy,1,807.25,822.25,46.0,3.5531402785083075,22.742391304347827,23.0,5.75,2.0,3.73293706300626,1.85,3.7,1.0,0.0,0.06666666666666667,0.0,0.06666666666666667,0.12333333333333334,2.0,2.996639453251291,1.05,2.1,1.0,0.0,0.06666666666666667,0.0,0.06666666666666667,0.07,26.0,0.9902643744168587,36.06730769230769,65.9,17.0,2.0,0.0,0.26666666666666666,-0.8666666666666667,-0.9107350427350426,1.0,7.469098084315798,0.0,0.0,0.0,0.0,0.06666666666666667,0.0,0.0,0.0,1.0,11.739861878933842,0.0,0.0,0.0,0.0,0.06666666666666667,0.0,0.0,0.0,1.0,13.846062293298543,0.0,0.0,0.0,2.0,0.06666666666666667,0.06666666666666667,-0.06666666666666667,-2.2333333333333334,1.0,0.0,0.55,0.55,1.0,0.0,0.06666666666666667,0.0,0.06666666666666667,0.03666666666666667,2.0,5.624938421056438,26.2,52.4,1.0,0.0,0.06666666666666667,0.0,0.0,-0.7466666666666666,1.0,6.122632675213403,0.0,0.0,0.0,0.0,0.06666666666666667,0.0,0.0,0.0,1.0,9.917807576021422,0.0,0.0,0.0,0.0,0.06666666666666667,0.0,0.0,0.0,2.0,6.3884620295387755,24.6,49.2,1.0,0.0,0.06666666666666667,0.0,0.0,-0.6400000000000001,1.0,0.0,0.45,0.45,1.0,0.0,0.06666666666666667,0.0,0.06666666666666667,0.030000000000000002,0.0,0.0,2.0,13.425,22.0,0.5,0.0,0.0,1.0,11.75,0.0,0.0,0.0,0.0,0.0,0.0,1.0,13.7,0.0,0.0,0.0,0.0,1.0,15.45
north_heavy_seed1,north_heavy,1,808.25,823.25,46.0,3.2928811732167715,21.78804347826087,22.0,4.75,2.0,2.4097689982347767,2.35,4.7,1.0,0.0,0.06666666666666667,0.0,0.06666666666666667,0.15666666666666668,2.0,1.8321275318088808,1.55,3.1,1.0,0.0,0.06666666666666667,0.0,0.06666666666666667,0.10333333333333333,25.0,1.0709467464343645,35.514,64.85,16.0,2.0,0.0,0.3333333333333333,-0.9333333333333333,-1.0142888888888886,1.0,2.9690980843158026,0.0,0.0,0.0,0.0,0.06666666666666667,0.0,0.0,0.0,1.0,11.50082830162204,0.0,0.0,0.0,0.0,0.06666666666666667,0.0,0.0,0.0,1.0,13.870783112484963,0.0,0.0,0.0,2.0,0.06666666666666667,0.06666666666666667,-0.06666666666666667,-2.3,1.0,0.0,1.55,1.55,1.0,0.0,0.06666666666666667,0.0,0.06666666666666667,0.10333333333333333,2.0,3.858395137783681,26.7,53.4,1.0,0.0,0.06666666666666667,0.0,0.0,-0.7799999999999999,1.0,1.6314964553904732,0.0,0.0,0.0,0.0,0.06666666666666667,0.0,0.0,0.0,1.0,5.418507702225855,0.0,0.0,0.0,0.0,0.06666666666666667,0.0,0.0,0.0,2.0,4.539147344673795,25.1,50.2,1.0,0.0,0.06666666666666667,0.0,0.0,-0.6733333333333335,1.0,0.0,1.45,1.45,1.0,0.0,0.06666666666666667,0.0,0.06666666666666667,0.09666666666666666,0.0,0.0,2.0,14.425,22.0,0.6363636363636364,0.0,0.0,1.0,12.75,0.0,0.0,0.0,0.0,0.0,0.0,1.0,14.7,0.0,0.0,0.0,0.0,1.0,16.45
north_heavy_seed1,north_heavy,1,809.25,824.25,46.0,2.9932765727435826,19.455434782608698,22.0,3.75,2.0,1.3727975732341957,2.85,5.7,1.0,0.0,0.06666666666666667,0.0,0.06666666666666667,0.19,2.0,0.9628247564339071,2.05,4.1,1.0,0.0,0.06666666666666667,0.0,0.06666666666666667,0.13666666666666666,25.0,1.4060626465317616,30.938000000000002,63.25,14.0,2.0,0.0,0.3333333333333333,-1.0666666666666667,-1.386022222222222,1.0,0.0,0.4,0.4,1.0,0.0,0.06666666666666667,0.0,0.06666666666666667,0.02666666666666667,1.0,6.5363224018082295,0.0,0.0,0.0,0.0,0.06666666666666667,0.0,0.0,0.0,1.0,13.857342680741102,0.0,0.0,0.0,2.0,0.06666666666666667,0.06666666666666667,-0.06666666666666667,-2.3666666666666667,1.0,0.0,2.55,2.55,1.0,0.0,0.06666666666666667,0.0,0.06666666666666667,0.16999999999999998,2.0,2.3462681597018666,27.2,54.4,1.0,0.0,0.06666666666666667,0.0,0.0,-0.8133333333333332,1.0,0.0,0.7,0.7,1.0,0.0,0.06666666666666667,0.0,0.06666666666666667,0.04666666666666666,1.0,0.9185077022258562,0.0,0.0,0.0,0.0,0.06666666666666667,0.0,0.0,0.0,2.0,2.892415805532048,25.6,51.2,1.0,0.0,0.06666666666666667,0.0,0.0,-0.7066666666666668,1.0,0.0,2.45,2.45,1.0,0.0,0.06666666666666667,0.0,0.06666666666666667,0.16333333333333336,0.0,0.0,2.0,15.425,23.0,0.7565217391304349,0.0,0.0,1.0,13.75,0.0,0.0,0.0,0.0,0.0,0.0,1.0,15.7,0.0,0.0,0.0,0.0,1.0,17.45
north_heavy_seed1,north_heavy,1,810.25,825.25,46.0,2.934583869120412,18.555434782608696,22.0,2.75,2.0,0.6694137807920004,3.35,6.7,1.0,0.0,0.0,0.0,0.06666666666666667,0.22333333333333333,2.0,0.4328225078025837,2.55,5.1,1.0,0.0,0.0,0.0,0.06666666666666667,0.16999999999999998,24.0,1.4777151322795399,30.133333333333336,63.0,13.0,2.0,0.0,0.4,-1.1333333333333333,-1.506333333333333,1.0,0.0,1.4,1.4,1.0,0.0,0.0,0.0,0.06666666666666667,0.09333333333333332,1.0,1.543238228174307,0.0,0.0,0.0,0.0,0.0,0.0,0.0,0.0,0.0,0.0,0.0,0.0,0.0,2.0,0.0,0.13333333333333333,-0.06666666666666667,-1.2166666666666666,1.0,0.0,3.55,3.55,1.0,0.0,0.0,0.0,0.06666666666666667,0.23666666666666666,2.0,1.1433414115595857,27.7,55.4,1.0,0.0,0.0,0.0,0.0,0.5,1.0,0.0,1.7,1.7,1.0,0.0,0.0,0.0,0.06666666666666667,0.11333333333333333,1.0,0.0,0.85,0.85,1.0,0.0,0.0,0.0,0.06666666666666667,0.056666666666666664,2.0,1.5855921776277913,26.1,52.2,1.0,0.0,0.0,0.0,0.0,0.5,1.0,0.0,3.45,3.45,1.0,0.0,0.0,0.0,0.06666666666666667,0.23,0.0,0.0,2.0,16.425,23.0,0.9304347826086957,0.0,0.0,1.0,14.75,0.0,0.0,0.0,0.0,0.0,0.0,1.0,16.7,0.0,0.0,0.0,0.0,1.0,18.45
north_heavy_seed1,north_heavy,1,811.25,826.25,46.0,3.034107910675802,17.65869565217391,22.0,1.75,2.0,0.2819456051274306,3.85,7.7,1.0,0.0,0.0,0.0,0.06666666666666667,0.25666666666666665,2.0,0.17402967615613735,3.05,6.1,1.0,0.0,0.0,0.0,0.06666666666666667,0.2033333333333333,24.0,1.8496323517784363,28.008333333333336,62.2,12.0,2.0,0.0,0.4,-1.2,-1.7146666666666663,1.0,0.0,2.4,2.4,1.0,0.0,0.0,0.0,0.06666666666666667,0.16,1.0,0.0,0.75,0.75,1.0,0.0,0.0,0.0,0.06666666666666667,0.05,0.0,0.0,0.0,0.0,0.0,2.0,0.0,0.13333333333333333,-0.06666666666666667,-1.25,1.0,0.0,4.55,4.55,1.0,0.0,0.0,0.0,0.06666666666666667,0.30333333333333334,2.0,0.4602935085660235,28.2,56.4,1.0,0.0,0.0,0.0,0.0,0.5,1.0,0.0,2.7,2.7,1.0,0.0,0.0,0.0,0.06666666666666667,0.18000000000000002,1.0,0.0,1.85,1.85,1.0,0.0,0.0,0.0,0.06666666666666667,0.12333333333333334,2.0,0.68176998896889,26.6,53.2,1.0,0.0,0.0,0.0,0.0,0.5,1.0,0.0,4.45,4.45,1.0,0.0,0.0,0.0,0.06666666666666667,0.2966666666666667,0.0,0.0,2.0,17.425,23.0,1.1065217391304347,0.0,0.0,1.0,15.75,0.0,0.0,0.0,0.0,0.0,0.0,1.0,17.7,0.0,0.0,0.0,0.0,1.0,19.45
north_heavy_seed1,north_heavy,1,812.25,827.25,46.0,3.2309247569207225,15.415217391304349,20.0,0.75,2.0,0.10872774660138367,4.35,8.7,1.0,0.0,0.0,0.0,0.06666666666666667,0.29,2.0,0.06464831395581871,3.55,7.1,1.0,0.0,0.0,0.0,0.06666666666666667,0.23666666666666666,23.0,1.967861018020709,24.304347826086957,61.25,10.0,2.0,0.0,0.4666666666666667,-1.3333333333333333,-2.0282657004830917,1.0,0.0,3.4,3.4,1.0,0.0,0.0,0.0,0.06666666666666667,0.22666666666666666,1.0,0.0,1.75,1.75,1.0,0.0,0.0,0.0,0.06666666666666667,0.11666666666666667,0.0,0.0,0.0,0.0,0.0,2.0,0.0,0.13333333333333333,-0.06666666666666667,-1.2833333333333334,1.0,0.0,5.55,5.55,1.0,0.0,0.0,0.0,0.06666666666666667,0.37,2.0,0.1439044200766556,28.7,57.4,1.0,0.0,0.0,0.0,0.0,0.5,1.0,0.0,3.7,3.7,1.0,0.0,0.0,0.0,0.06666666666666667,0.24666666666666667,1.0,0.0,2.85,2.85,1.0,0.0,0.0,0.0,0.06666666666666667,0.19,2.0,0.23615239987504796,27.1,54.2,1.0,0.0,0.0,0.0,0.0,0.5,1.0,0.0,5.45,5.45,1.0,0.0,0.0,0.0,0.06666666666666667,0.36333333333333334,0.0,0.0,2.0,18.425,23.0,1.3239130434782609,0.0,0.0,1.0,16.75,0.0,0.0,0.0,0.0,0.0,0.0,1.0,18.7,0.0,0.0,0.0,0.0,1.0,20.45
north_heavy_seed1,north_heavy,1,813.25,828.25,46.0,3.4381911410281036,13.194565217391306,21.0,2.75,2.0,0.03933708342841498,4.975,9.7,2.0,0.0,0.0,0.0,0.13333333333333333,0.33166666666666667,2.0,0.02346029053557691,4.425,8.1,2.0,0.0,0.0,0.0,0.13333333333333333,0.295,22.0,2.046473716850469,20.259090909090908,59.6,8.0,1.0,0.0,0.5333333333333333,-1.4666666666666666,-2.3646161616161616,1.0,0.0,4.4,4.4,1.0,0.0,0.0,0.0,0.06666666666666667,0.29333333333333333,1.0,0.0,2.75,2.75,1.0,0.0,0.0,0.0,0.06666666666666667,0.18333333333333332,0.0,0.0,0.0,0.0,0.0,1.0,0.0,0.13333333333333333,-0.06666666666666667,-1.3166666666666667,1.0,0.0,6.55,6.55,1.0,0.0,0.0,0.0,0.06666666666666667,0.43666666666666665,2.0,0.0416166408835615,29.275,58.4,2.0,0.0,0.0,0.0,0.06666666666666667,0.505,1.0,0.0,4.7,4.7,1.0,0.0,0.0,0.0,0.06666666666666667,0.31333333333333335,1.0,0.0,3.85,3.85,1.0,0.0,0.0,0.0,0.06666666666666667,0.25666666666666665,2.0,0.06843175441021644,27.6,55.2,1.0,0.0,0.0,0.0,0.0,0.5,1.0,0.0,6.45,6.45,1.0,0.0,0.0,0.0,0.06666666666666667,0.43,0.0,0.0,2.0,19.425,24.0,1.5166666666666666,0.0,0.0,1.0,17.75,0.0,0.0,0.0,0.0,0.0,0.0,1.0,19.7,0.0,0.0,0.0,0.0,1.0,21.45
north_heavy_seed1,north_heavy,1,814.25,829.25,46.0,3.391937418811174,12.35,21.0,1.75,2.0,0.014244010474687588,5.975,10.7,2.0,0.0,0.0,0.0,0.13333333333333333,0.3983333333333333,2.0,0.008530184012490831,5.425,9.1,2.0,0.0,0.0,0.0,0.13333333333333333,0.36166666666666664,22.0,1.8858174493045754,17.86818181818182,59.05,7.0,1.0,0.0,0.5333333333333333,-1.5333333333333334,-2.5906767676767677,1.0,0.0,5.4,5.4,1.0,0.0,0.0,0.0,0.06666666666666667,0.36000000000000004,1.0,0.0,3.75,3.75,1.0,0.0,0.0,0.0,0.06666666666666667,0.25,0.0,0.0,0.0,0.0,0.0,1.0,0.0,0.13333333333333333,-0.06666666666666667,-1.35,1.0,0.0,7.55,7.55,1.0,0.0,0.0,0.0,0.06666666666666667,0.5033333333333333,2.0,0.011496553988330634,30.275,59.4,2.0,0.0,0.0,0.0,0.06666666666666667,0.5383333333333333,1.0,0.0,5.7,5.7,1.0,0.0,0.0,0.0,0.06666666666666667,0.38,1.0,0.0,4.85,4.85,1.0,0.0,0.0,0.0,0.06666666666666667,0.3233333333333333,2.0,0.019609702021137394,28.475,56.2,2.0,0.0,0.0,0.0,0.06666666666666667,0.525,1.0,0.0,7.45,7.45,1.0,0.0,0.0,0.0,0.06666666666666667,0.4966666666666667,0.0,0.0,2.0,20.425,24.0,1.7666666666666666,0.0,0.0,1.0,18.75,0.0,0.0,0.0,0.0,0.0,0.0,1.0,20.7,0.0,0.0,0.0,0.0,1.0,22.45
north_heavy_seed1,north_heavy,1,815.25,830.25,46.0,3.350872826026744,11.507608695652175,21.0,0.75,2.0,0.005183702543688725,6.975,11.7,2.0,0.0,0.0,0.0,0.13333333333333333,0.46499999999999997,2.0,0.0030965539111857216,6.425,10.1,2.0,0.0,0.0,0.0,0.13333333333333333,0.42833333333333334,22.0,1.7440329244017378,15.470454545454546,59.1,7.0,1.0,0.0,0.5333333333333333,-1.5333333333333334,-2.8171919191919192,1.0,0.0,6.4,6.4,1.0,0.0,0.0,0.0,0.06666666666666667,0.4266666666666667,1.0,0.0,4.75,4.75,1.0,0.0,0.0,0.0,0.06666666666666667,0.31666666666666665,0.0,0.0,0.0,0.0,0.0,1.0,0.0,0.13333333333333333,-0.06666666666666667,-1.3833333333333333,1.0,0.0,8.55,8.55,1.0,0.0,0.0,0.0,0.06666666666666667,0.5700000000000001,2.0,0.003248865663075926,31.275,60.4,2.0,0.0,0.0,0.0,0.06666666666666667,0.5716666666666667,1.0,0.0,6.7,6.7,1.0,0.0,0.0,0.0,0.06666666666666667,0.44666666666666666,1.0,0.0,5.85,5.85,1.0,0.0,0.0,0.0,0.06666666666666667,0.38999999999999996,2.0,0.005470069462232811,29.475,57.2,2.0,0.0,0.0,0.0,0.06666666666666667,0.5583333333333333,1.0,0.0,8.45,8.45,1.0,0.0,0.0,0.0,0.06666666666666667,0.5633333333333332,0.0,0.0,2.0,21.425,24.0,2.0395833333333333,0.0,0.0,1.0,19.75,0.0,0.0,0.0,0.0,0.0,0.0,1.0,21.7,0.0,0.0,0.0,0.0,1.0,23.45
north_heavy_seed1,north_heavy,1,816.25,831.25,46.0,3.4699326551192295,5.909782608695653,12.0,29.75,2.0,0.3575795006157931,1.625,3.25,1.0,2.0,0.0,0.0,0.06666666666666667,0.10833333333333334,2.0,0.001115363169614956,7.425,11.1,2.0,0.0,0.0,0.0,0.13333333333333333,0.495,22.0,1.7496233795826053,10.368181818181817,58.2,5.0,0.0,0.0,0.5333333333333333,-1.5333333333333334,-2.8630101010101017,1.0,0.6795270539354453,0.0,0.0,0.0,2.0,0.0,0.0,0.0,0.0,1.0,0.0,5.75,5.75,1.0,0.0,0.0,0.0,0.06666666666666667,0.38333333333333336,0.0,0.0,0.0,0.0,0.0,0.0,0.0,0.13333333333333333,0.0,0.0,1.0,0.8297087611160555,0.0,0.0,0.0,2.0,0.0,0.0,0.0,0.0,2.0,0.430307941485673,0.0,0.0,0.0,2.0,0.0,0.0,-0.06666666666666667,-1.5466666666666666,1.0,0.0,7.7,7.7,1.0,0.0,0.0,0.0,0.06666666666666667,0.5133333333333333,1.0,0.6812173592572774,0.0,0.0,0.0,2.0,0.0,0.0,0.0,0.0,2.0,0.3564318664665807,1.375,2.75,1.0,2.0,0.0,0.0,0.0,-1.3483333333333334,1.0,0.0,9.45,9.45,1.0,0.0,0.0,0.0,0.06666666666666667,0.63,0.0,0.0,2.0,22.425,24.0,2.3375,0.0,0.0,1.0,20.75,0.0,0.0,0.0,0.0,0.0,0.0,1.0,22.7,0.0,0.0,0.0,0.0,1.0,24.45
north_heavy_seed1,north_heavy,1,817.25,832.25,46.0,3.9206779517655432,4.709782608695653,9.0,28.75,1.0,1.6255598742468895,0.0,0.0,0.0,2.0,0.0,0.06666666666666667,0.0,0.0,2.0,0.000401837814496664,8.425,12.1,2.0,0.0,0.0,0.0,0.13333333333333333,0.5616666666666668,22.0,1.7667118168532445,7.904545454545455,58.2,4.0,0.0,0.0,0.4666666666666667,-1.4666666666666666,-2.8559038662486937,0.0,0.0,0.0,0.0,0.0,2.0,0.0,0.06666666666666667,0.0,0.0,1.0,0.0,6.75,6.75,1.0,0.0,0.0,0.0,0.06666666666666667,0.45,0.0,0.0,0.0,0.0,0.0,0.0,0.0,0.06666666666666667,0.0,0.0,0.0,0.0,0.0,0.0,0.0,2.0,0.0,0.06666666666666667,0.0,0.0,1.0,2.056367950716843,0.0,0.0,0.0,2.0,0.0,0.06666666666666667,-0.06666666666666667,-1.5799999999999998,1.0,0.0,8.7,8.7,1.0,0.0,0.0,0.0,0.06666666666666667,0.58,0.0,0.0,0.0,0.0,0.0,2.0,0.0,0.06666666666666667,0.0,0.0,1.0,1.6105895859367307,0.0,0.0,0.0,2.0,0.0,0.06666666666666667,-0.06666666666666667,-1.4733333333333334,1.0,0.0,10.45,10.45,1.0,0.0,0.0,0.0,0.06666666666666667,0.6966666666666667,0.0,0.0,2.0,23.425,25.0,2.5640000000000005,0.0,0.0,1.0,21.75,0.0,0.0,0.0,0.0,0.0,0.0,1.0,23.7,0.0,0.0,0.0,0.0,1.0,25.45
north_heavy_seed1,north_heavy,1,818.25,833.25,46.0,4.334643485896047,2.351086956521739,7.0,27.75,1.0,3.4979912115072773,0.0,0.0,0.0,2.0,0.0,0.06666666666666667,0.0,0.0,2.0,0.00014698718193462801,9.425,13.1,2.0,0.0,0.0,0.0,0.13333333333333333,0.6283333333333334,22.0,1.7832807044365035,2.7454545454545456,57.1,2.0,0.0,0.0,0.4666666666666667,-1.4666666666666666,-2.9101880877742947,0.0,0.0,0.0,0.0,0.0,2.0,0.0,0.06666666666666667,0.0,0.0,1.0,0.0,7.75,7.75,1.0,0.0,0.0,0.0,0.06666666666666667,0.5166666666666667,0.0,0.0,0.0,0.0,0.0,0.0,0.0,0.06666666666666667,0.0,0.0,0.0,0.0,0.0,0.0,0.0,2.0,0.0,0.06666666666666667,0.0,0.0,1.0,3.994160934497524,0.0,0.0,0.0,2.0,0.0,0.06666666666666667,-0.06666666666666667,-1.6133333333333333,1.0,0.0,9.7,9.7,1.0,0.0,0.0,0.0,0.06666666666666667,0.6466666666666666,0.0,0.0,0.0,0.0,0.0,2.0,0.0,0.06666666666666667,0.0,0.0,1.0,3.4343965171468835,0.0,0.0,0.0,2.0,0.0,0.06666666666666667,-0.06666666666666667,-1.5066666666666668,1.0,0.0,11.45,11.45,1.0,0.0,0.0,0.0,0.06666666666666667,0.7633333333333333,0.0,0.0,2.0,24.425,25.0,2.914,0.0,0.0,1.0,22.75,0.0,0.0,0.0,0.0,0.0,0.0,1.0,24.7,0.0,0.0,0.0,0.0,1.0,26.45
north_heavy_seed1,north_heavy,1,819.25,834.25,46.0,4.762422179725518,1.2402173913043477,6.0,26.75,0.0,0.0,0.0,0.0,0.0,2.0,0.0,0.13333333333333333,-0.06666666666666667,-0.02333333333333333,2.0,5.2596944819570464e-05,10.425,14.1,2.0,0.0,0.0,0.0,0.13333333333333333,0.6950000000000001,22.0,1.806035433397173,0.19545454545454544,4.3,1.0,0.0,0.0,0.4,-1.4,-2.9010173160173163,0.0,0.0,0.0,0.0,0.0,2.0,0.0,0.06666666666666667,0.0,0.0,1.0,0.0,8.75,8.75,1.0,0.0,0.0,0.0,0.06666666666666667,0.5833333333333334,0.0,0.0,0.0,0.0,0.0,0.0,0.0,0.06666666666666667,0.0,0.0,0.0,0.0,0.0,0.0,0.0,2.0,0.0,0.06666666666666667,0.0,0.0,0.0,0.0,0.0,0.0,0.0,2.0,0.0,0.13333333333333333,-0.06666666666666667,-1.6466666666666667,1.0,0.0,10.7,10.7,1.0,0.0,0.0,0.0,0.06666666666666667,0.7133333333333333,0.0,0.0,0.0,0.0,0.0,2.0,0.0,0.06666666666666667,0.0,0.0,0.0,0.0,0.0,0.0,0.0,2.0,0.0,0.13333333333333333,-0.06666666666666667,-1.54,1.0,0.0,12.45,12.45,1.0,0.0,0.0,0.0,0.06666666666666667,0.83,0.0,0.0,2.0,25.425,26.0,3.1634615384615383,0.0,0.0,1.0,23.75,0.0,0.0,0.0,0.0,0.0,0.0,1.0,25.7,0.0,0.0,0.0,0.0,1.0,27.45
north_heavy_seed1,north_heavy,1,820.25,835.25,46.0,5.183381385244393,1.382608695652174,7.0,25.75,0.0,0.0,0.0,0.0,0.0,2.0,0.0,0.13333333333333333,-0.06666666666666667,-0.056666666666666664,2.0,1.9182511251057423e-05,11.425,15.1,2.0,0.0,0.0,0.0,0.06666666666666667,0.7583333333333333,22.0,1.8208426886099713,0.2659090909090909,5.3,2.0,0.0,0.0,0.3333333333333333,-1.2,-2.709186307519641,0.0,0.0,0.0,0.0,0.0,2.0,0.0,0.06666666666666667,0.0,0.0,1.0,0.0,9.75,9.75,1.0,0.0,0.0,0.0,0.06666666666666667,0.65,0.0,0.0,0.0,0.0,0.0,0.0,0.0,0.06666666666666667,0.0,0.0,0.0,0.0,0.0,0.0,0.0,2.0,0.0,0.06666666666666667,0.0,0.0,0.0,0.0,0.0,0.0,0.0,2.0,0.0,0.13333333333333333,-0.06666666666666667,-1.68,1.0,0.0,11.7,11.7,1.0,0.0,0.0,0.0,0.06666666666666667,0.7799999999999999,0.0,0.0,0.0,0.0,0.0,2.0,0.0,0.06666666666666667,0.0,0.0,0.0,0.0,0.0,0.0,0.0,2.0,0.0,0.13333333333333333,-0.06666666666666667,-1.5733333333333335,1.0,0.0,13.45,13.45,1.0,0.0,0.0,0.0,0.06666666666666667,0.8966666666666666,0.0,0.0,2.0,26.425,26.0,3.548076923076923,0.0,0.0,1.0,24.75,0.0,0.0,0.0,0.0,0.0,0.0,1.0,26.7,0.0,0.0,0.0,0.0,1.0,28.45
north_heavy_seed1,north_heavy,1,821.25,836.25,46.0,5.6139699370118255,1.5380434782608696,8.0,24.75,0.0,0.0,0.0,0.0,0.0,2.0,0.0,0.13333333333333333,-0.06666666666666667,-0.09000000000000001,2.0,6.853151748583393e-06,12.425,16.1,2.0,0.0,0.0,0.0,0.06666666666666667,0.7916666666666666,22.0,1.8394323723020352,0.36363636363636365,6.3,3.0,0.0,0.0,0.3333333333333333,-1.0666666666666667,-2.5795847362514026,0.0,0.0,0.0,0.0,0.0,2.0,0.0,0.06666666666666667,0.0,0.0,1.0,0.0,10.75,10.75,1.0,0.0,0.0,0.0,0.06666666666666667,0.7166666666666667,0.0,0.0,0.0,0.0,0.0,0.0,0.0,0.06666666666666667,0.0,0.0,0.0,0.0,0.0,0.0,0.0,2.0,0.0,0.06666666666666667,0.0,0.0,0.0,0.0,0.0,0.0,0.0,2.0,0.0,0.13333333333333333,-0.06666666666666667,-1.7133333333333334,1.0,0.0,12.7,12.7,1.0,0.0,0.0,0.0,0.06666666666666667,0.8466666666666666,0.0,0.0,0.0,0.0,0.0,2.0,0.0,0.06666666666666667,0.0,0.0,0.0,0.0,0.0,0.0,0.0,2.0,0.0,0.13333333333333333,-0.06666666666666667,-1.6066666666666667,1.0,0.0,14.45,14.45,1.0,0.0,0.0,0.0,0.06666666666666667,0.9633333333333333,0.0,0.0,2.0,27.425,26.0,3.951923076923077,0.0,0.0,1.0,25.75,0.0,0.0,0.0,0.0,0.0,0.0,1.0,27.7,0.0,0.0,0.0,0.0,1.0,29.45
north_heavy_seed1,north_heavy,1,822.25,837.25,45.0,5.854855967653542,1.75,8.0,23.75,0.0,0.0,0.0,0.0,0.0,2.0,0.0,0.13333333333333333,-0.06666666666666667,-0.12333333333333334,2.0,2.5295391750547387e-06,13.425,17.1,2.0,0.0,0.0,0.0,0.06666666666666667,0.825,22.0,1.8338978549179286,0.5,7.3,3.0,0.0,0.0,0.26666666666666666,-0.9333333333333333,-2.371153846153846,0.0,0.0,0.0,0.0,0.0,2.0,0.0,0.06666666666666667,0.0,0.0,1.0,0.0,11.75,11.75,1.0,0.0,0.0,0.0,0.06666666666666667,0.7833333333333333,0.0,0.0,0.0,0.0,0.0,0.0,0.0,0.06666666666666667,0.0,0.0,0.0,0.0,0.0,0.0,0.0,2.0,0.0,0.06666666666666667,-0.06666666666666667,-0.03666666666666667,0.0,0.0,0.0,0.0,0.0,2.0,0.0,0.13333333333333333,-0.06666666666666667,-1.7466666666666666,1.0,0.0,13.7,13.7,1.0,0.0,0.0,0.0,0.06666666666666667,0.9133333333333333,0.0,0.0,0.0,0.0,0.0,2.0,0.0,0.06666666666666667,0.0,0.0,0.0,0.0,0.0,0.0,0.0,2.0,0.0,0.13333333333333333,-0.06666666666666667,-1.6400000000000001,1.0,0.0,15.45,15.45,1.0,0.0,0.0,0.0,0.0,1.0,0.0,0.0,2.0,28.425,26.0,4.380769230769231,0.0,0.0,1.0,26.75,0.0,0.0,0.0,0.0,0.0,0.0,1.0,28.7,0.0,0.0,0.0,0.0,1.0,30.45
north_heavy_seed1,north_heavy,1,823.25,838.25,43.0,5.760937312218272,2.0174418604651163,8.0,22.75,0.0,0.0,0.0,0.0,0.0,2.0,0.0,0.13333333333333333,-0.06666666666666667,-0.15666666666666668,2.0,0.0,14.425,18.1,2.0,0.0,0.0,0.0,0.06666666666666667,0.8583333333333333,22.0,1.8146633181070626,0.6363636363636364,8.3,3.0,0.0,0.0,0.2,-0.8666666666666667,-2.325175757575758,0.0,0.0,0.0,0.0,0.0,2.0,0.0,0.06666666666666667,0.0,0.0,1.0,0.0,12.75,12.75,1.0,0.0,0.0,0.0,0.06666666666666667,0.85,0.0,0.0,0.0,0.0,0.0,0.0,0.0,0.06666666666666667,0.0,0.0,0.0,0.0,0.0,0.0,0.0,2.0,0.0,0.06666666666666667,-0.06666666666666667,-0.10333333333333333,0.0,0.0,0.0,0.0,0.0,2.0,0.0,0.13333333333333333,-0.06666666666666667,-1.78,1.0,0.0,14.7,14.7,1.0,0.0,0.0,0.0,0.06666666666666667,0.98,0.0,0.0,0.0,0.0,0.0,2.0,0.0,0.06666666666666667,0.0,0.0,0.0,0.0,0.0,0.0,0.0,2.0,0.0,0.13333333333333333,-0.06666666666666667,-1.6733333333333333,1.0,0.0,16.45,16.45,1.0,0.0,0.0,0.0,0.0,1.0,0.0,0.0,2.0,29.425,27.0,4.67962962962963,0.0,0.0,1.0,27.75,0.0,0.0,0.0,0.0,0.0,0.0,1.0,29.7,0.0,0.0,0.0,0.0,1.0,31.45
north_heavy_seed1,north_heavy,1,824.25,839.25,43.0,5.516577341320399,2.2127906976744187,9.0,21.75,0.0,0.0,0.0,0.0,0.0,2.0,0.0,0.13333333333333333,-0.06666666666666667,-0.19,2.0,0.0,15.425,19.1,2.0,0.0,0.0,0.0,0.06666666666666667,0.8916666666666667,23.0,1.7690740625097678,0.7565217391304349,9.3,4.0,0.0,0.06666666666666667,0.2,-0.6666666666666666,-2.012098550724638,0.0,0.0,0.0,0.0,0.0,2.0,0.0,0.06666666666666667,-0.06666666666666667,-0.02666666666666667,1.0,0.0,13.75,13.75,1.0,0.0,0.0,0.0,0.06666666666666667,0.9166666666666666,0.0,0.0,0.0,0.0,0.0,0.0,0.0,0.06666666666666667,0.0,0.0,0.0,0.0,0.0,0.0,0.0,2.0,0.0,0.06666666666666667,-0.06666666666666667,-0.16999999999999998,0.0,0.0,0.0,0.0,0.0,2.0,0.0,0.13333333333333333,-0.06666666666666667,-1.8133333333333332,1.0,0.0,15.7,15.7,1.0,0.0,0.0,0.0,0.0,1.0,0.0,0.0,0.0,0.0,0.0,2.0,0.0,0.06666666666666667,0.0,0.0,0.0,0.0,0.0,0.0,0.0,2.0,0.0,0.13333333333333333,-0.06666666666666667,-1.7066666666666668,1.0,0.0,17.45,17.45,1.0,0.0,0.0,0.0,0.0,1.0,0.0,0.0,2.0,30.425,27.0,5.1648148148148145,0.0,0.0,1.0,28.75,0.0,0.0,0.0,0.0,0.0,0.0,1.0,30.7,0.0,0.0,0.0,0.0,1.0,32.45
