run_id,scenario_name,seed,simulation_time,target_time,total_vehicle_count,average_speed,average_waiting_time,stopped_vehicle_count,seconds_until_next_signal_switch,N_in_0__vehicle_count,N_in_0__average_speed,N_in_0__average_waiting_time,N_in_0__max_waiting_time,N_in_0__stopped_vehicle_count,N_in_0__current_signal_state,N_in_0__arrival_rate,N_in_0__departure_rate,N_in_0__stopped_vehicle_count_trend,N_in_0__waiting_time_trend,N_in_1__vehicle_count,N_in_1__average_speed,N_in_1__average_waiting_time,N_in_1__max_waiting_time,N_in_1__stopped_vehicle_count,N_in_1__current_signal_state,N_in_1__arrival_rate,N_in_1__departure_rate,N_in_1__stopped_vehicle_count_trend,N_in_1__waiting_time_trend,N_in_2__vehicle_count,N_in_2__average_speed,N_in_2__average_waiting_time,N_in_2__max_waiting_time,N_in_2__stopped_vehicle_count,N_in_2__current_signal_state,N_in_2__arrival_rate,N_in_2__departure_rate,N_in_2__stopped_vehicle_count_trend,N_in_2__waiting_time_trend,S_in_0__vehicle_count,S_in_0__average_speed,S_in_0__average_waiting_time,S_in_0__max_waiting_time,S_in_0__stopped_vehicle_count,S_in_0__current_signal_state,S_in_0__arrival_rate,S_in_0__departure_rate,S_in_0__stopped_vehicle_count_trend,S_in_0__waiting_time_trend,S_in_1__vehicle_count,S_in_1__average_speed,S_in_1__average_waiting_time,S_in_1__max_waiting_time,S_in_1__stopped_vehicle_count,S_in_1__current_signal_state,S_in_1__arrival_rate,S_in_1__departure_rate,S_in_1__stopped_vehicle_count_trend,S_in_1__waiting_time_trend,S_in_2__vehicle_count,S_in_2__average_speed,S_in_2__average_waiting_time,S_in_2__max_waiting_time,S_in_2__stopped_vehicle_count,S_in_2__current_signal_state,S_in_2__arrival_rate,S_in_2__departure_rate,S_in_2__stopped_vehicle_count_trend,S_in_2__waiting_time_trend,E_in_0__vehicle_count,E_in_0__average_speed,E_in_0__average_waiting_time,E_in_0__max_waiting_time,E_in_0__stopped_vehicle_count,E_in_0__current_signal_state,E_in_0__arrival_rate,E_in_0__departure_rate,E_in_0__stopped_vehicle_count_trend,E_in_0__waiting_time_trend,E_in_1__vehicle_count,E_in_1__average_speed,E_in_1__average_waiting_time,E_in_1__max_waiting_time,E_in_1__stopped_vehicle_count,E_in_1__current_signal_state,E_in_1__arrival_rate,E_in_1__departure_rate,E_in_1__stopped_vehicle_count_trend,E_in_1__waiting_time_trend,E_in_2__vehicle_count,E_in_2__average_speed,E_in_2__average_waiting_time,E_in_2__max_waiting_time,E_in_2__stopped_vehicle_count,E_in_2__current_signal_state,E_in_2__arrival_rate,E_in_2__departure_rate,E_in_2__stopped_vehicle_count_trend,E_in_2__waiting_time_trend,W_in_0__vehicle_count,W_in_0__average_speed,W_in_0__average_waiting_time,W_in_0__max_waiting_time,W_in_0__stopped_vehicle_count,W_in_0__current_signal_state,W_in_0__arrival_rate,W_in_0__departure_rate,W_in_0__stopped_vehicle_count_trend,W_in_0__waiting_time_trend,W_in_1__vehicle_count,W_in_1__average_speed,W_in_1__average_waiting_time,W_in_1__max_waiting_time,W_in_1__stopped_vehicle_count,W_in_1__current_signal_state,W_in_1__arrival_rate,W_in_1__departure_rate,W_in_1__stopped_vehicle_count_trend,W_in_1__waiting_time_trend,W_in_2__vehicle_count,W_in_2__average_speed,W_in_2__average_waiting_time,W_in_2__max_waiting_time,W_in_2__stopped_vehicle_count,W_in_2__current_signal_state,W_in_2__arrival_rate,W_in_2__departure_rate,W_in_2__stopped_vehicle_count_trend,W_in_2__waiting_time_trend,N_in_0__target__vehicle_count,N_in_0__target__average_waiting_time,N_in_1__target__vehicle_count,N_in_1__target__average_waiting_time,N_in_2__target__vehicle_count,N_in_2__target__average_waiting_time,S_in_0__target__vehicle_count,S_in_0__target__average_waiting_time,S_in_1__target__vehicle_count,S_in_1__target__average_waiting_time,S_in_2__target__vehicle_count,S_in_2__target__average_waiting_time,E_in_0__target__vehicle_count,E_in_0__target__average_waiting_time,E_in_1__target__vehicle_count,E_in_1__target__average_waiting_time,E_in_2__target__vehicle_count,E_in_2__target__average_waiting_time,W_in_0__target__vehicle_count,W_in_0__target__average_waiting_time,W_in_1__target__vehicle_count,W_in_1__target__average_waiting_time,W_in_2__target__vehicle_count,W_in_2__target__average_waiting_time
rush_hour_seed1,rush_hour,1,0.05,15.15,12.0,13.26922425,0.0,0.0,29.95,1.0,13.89,0.0,0.0,0.0,2.0,0.0,0.0,0.0,0.0,1.0,13.677483,0.0,0.0,0.0,2.0,0.0,0.0,0.0,0.0,1.0,13.89,0.0,0.0,0.0,0.0,0.0,0.0,0.0,0.0,1.0,12.0,0.0,0.0,0.0,2.0,0.0,0.0,0.0,0.0,1.0,13.89,0.0,0.0,0.0,2.0,0.0,0.0,0.0,0.0,1.0,13.89,0.0,0.0,0.0,0.0,0.0,0.0,0.0,0.0,1.0,12.0,0.0,0.0,0.0,2.0,0.0,0.0,0.0,0.0,1.0,13.89,0.0,0.0,0.0,0.0,0.0,0.0,0.0,0.0,1.0,12.0,0.0,0.0,0.0,0.0,0.0,0.0,0.0,0.0,1.0,13.89,0.0,0.0,0.0,2.0,0.0,0.0,0.0,0.0,1.0,13.677483,0.0,0.0,0.0,0.0,0.0,0.0,0.0,0.0,1.0,12.535725,0.0,0.0,0.0,0.0,0.0,0.0,0.0,0.0,0.0,0.0,1.0,0.0,1.0,3.1,0.0,0.0,0.0,0.0,1.0,2.3,0.0,0.0,2.0,0.55,1.0,0.0,0.0,0.0,1.0,0.95,1.0,0.0
rush_hour_seed1,rush_hour,1,2.1,17.2,14.0,13.611912934399882,0.0,0.0,27.9,1.0,15.033371830521645,0.0,0.0,0.0,2.0,0.0,0.0,0.0,0.0,2.0,13.071890385733854,0.0,0.0,0.0,2.0,0.0,0.0,0.0,0.0,1.0,16.599540819294752,0.0,0.0,0.0,0.0,0.0,0.0,0.0,0.0,1.0,11.991515667519998,0.0,0.0,0.0,2.0,0.0,0.0,0.0,0.0,2.0,13.899142072244196,0.0,0.0,0.0,2.0,0.0,0.0,0.0,0.0,1.0,15.152424793352665,0.0,0.0,0.0,0.0,0.0,0.0,0.0,0.0,1.0,11.985559711691458,0.0,0.0,0.0,2.0,0.0,0.0,0.0,0.0,1.0,13.847509215835016,0.0,0.0,0.0,0.0,0.0,0.0,0.0,0.0,1.0,11.997564927251078,0.0,0.0,0.0,0.0,0.0,0.0,0.0,0.0,1.0,13.843543182199356,0.0,0.0,0.0,2.0,0.0,0.0,0.0,0.0,1.0,13.667869245977133,0.0,0.0,0.0,0.0,0.0,0.0,0.0,0.0,1.0,12.505816771999141,0.0,0.0,0.0,0.0,0.0,0.0,0.0,0.0,0.0,0.0,1.0,0.0,1.0,5.15,0.0,0.0,0.0,0.0,1.0,4.35,0.0,0.0,2.0,1.575,1.0,1.25,0.0,0.0,1.0,3.0,1.0,1.95
rush_hour_seed1,rush_hour,1,3.1,18.2,15.0,13.533100285355992,0.0,0.0,26.9,1.0,14.986632232958945,0.0,0.0,0.0,2.0,0.0,0.0,0.0,0.0,2.0,13.107870482488588,0.0,0.0,0.0,2.0,0.0,0.0,0.0,0.0,1.0,16.576511909216645,0.0,0.0,0.0,0.0,0.0,0.0,0.0,0.0,1.0,11.97928622050211,0.0,0.0,0.0,2.0,0.0,0.0,0.0,0.0,2.0,13.883404956189263,0.0,0.0,0.0,2.0,0.0,0.0,0.0,0.0,1.0,15.124490551413329,0.0,0.0,0.0,0.0,0.0,0.0,0.0,0.0,1.0,11.991548977280036,0.0,0.0,0.0,2.0,0.0,0.0,0.0,0.0,2.0,13.182360631471965,0.0,0.0,0.0,0.0,0.0,0.0,0.0,0.0,1.0,11.993380314738024,0.0,0.0,0.0,0.0,0.0,0.0,0.0,0.0,1.0,13.878644944782137,0.0,0.0,0.0,2.0,0.0,0.0,0.0,0.0,1.0,13.623901472137304,0.0,0.0,0.0,0.0,0.0,0.0,0.0,0.0,1.0,12.494835517011722,0.0,0.0,0.0,0.0,0.0,0.0,0.0,0.0,0.0,0.0,1.0,0.0,1.0,6.15,0.0,0.0,1.0,0.0,1.0,5.35,0.0,0.0,2.0,2.075,1.0,2.25,0.0,0.0,1.0,4.0,1.0,2.95
rush_hour_seed1,rush_hour,1,4.15,19.2,16.0,13.469579651036133,0.0,0.0,25.85,1.0,14.976712550318362,0.0,0.0,0.0,2.0,0.0,0.0,0.0,0.0,3.0,12.890497209427602,0.0,0.0,0.0,2.0,0.0,0.0,0.0,0.0,1.0,16.661797020718456,0.0,0.0,0.0,0.0,0.0,0.0,0.0,0.0,1.0,11.976584662359674,0.0,0.0,0.0,2.0,0.0,0.0,0.0,0.0,2.0,13.877644277596168,0.0,0.0,0.0,2.0,0.0,0.0,0.0,0.0,1.0,15.21494981716323,0.0,0.0,0.0,0.0,0.0,0.0,0.0,0.0,1.0,11.985858648070135,0.0,0.0,0.0,2.0,0.0,0.0,0.0,0.0,2.0,13.170914052344859,0.0,0.0,0.0,0.0,0.0,0.0,0.0,0.0,1.0,11.973487282237038,0.0,0.0,0.0,0.0,0.0,0.0,0.0,0.0,1.0,13.863194807184628,0.0,0.0,0.0,2.0,0.0,0.0,0.0,0.0,1.0,13.614084383339149,0.0,0.0,0.0,0.0,0.0,0.0,0.0,0.0,1.0,12.477996957022603,0.0,0.0,0.0,0.0,0.0,0.0,0.0,0.0,0.0,0.0,1.0,0.0,1.0,7.15,0.0,0.0,1.0,0.0,1.0,6.35,0.0,0.0,2.0,2.575,1.0,3.25,0.0,0.0,1.0,5.0,1.0,3.95
rush_hour_seed1,rush_hour,1,5.15,20.2,16.0,13.469834460127013,0.0,0.0,24.85,1.0,14.993200942682595,0.0,0.0,0.0,2.0,0.0,0.0,0.0,0.0,3.0,12.899437065753112,0.0,0.0,0.0,2.0,0.0,0.0,0.0,0.0,1.0,16.658267410978677,0.0,0.0,0.0,0.0,0.0,0.0,0.0,0.0,1.0,11.989490826618857,0.0,0.0,0.0,2.0,0.0,0.0,0.0,0.0,2.0,13.863315114910122,0.0,0.0,0.0,2.0,0.0,0.0,0.0,0.0,1.0,15.144662840650708,0.0,0.0,0.0,0.0,0.0,0.0,0.0,0.0,1.0,11.974209737309721,0.0,0.0,0.0,2.0,0.0,0.0,0.0,0.0,2.0,13.185932931213873,0.0,0.0,0.0,0.0,0.0,0.0,0.0,0.0,1.0,11.97531382589601,0.0,0.0,0.0,0.0,0.0,0.0,0.0,0.0,1.0,13.840772577524186,0.0,0.0,0.0,2.0,0.0,0.0,0.0,0.0,1.0,13.666099126680281,0.0,0.0,0.0,0.0,0.0,0.0,0.0,0.0,1.0,12.47852678418383,0.0,0.0,0.0,0.0,0.0,0.0,0.0,0.0,0.0,0.0,1.0,0.0,1.0,8.15,0.0,0.0,1.0,0.0,1.0,7.35,0.0,0.0,2.0,3.075,1.0,4.25,0.0,0.0,1.0,6.0,1.0,4.95
rush_hour_seed1,rush_hour,1,6.15,21.2,16.0,13.471804727555362,0.0,0.0,23.85,1.0,14.994921861732871,0.0,0.0,0.0,2.0,0.0,0.0,0.0,0.0,3.0,12.89594907250189,0.0,0.0,0.0,2.0,0.0,0.0,0.0,0.0,1.0,16.633608683630825,0.0,0.0,0.0,0.0,0.0,0.0,0.0,0.0,1.0,11.995390486135147,0.0,0.0,0.0,2.0,0.0,0.0,0.0,0.0,2.0,13.875489402973802,0.0,0.0,0.0,2.0,0.0,0.0,0.0,0.0,1.0,15.181894204852464,0.0,0.0,0.0,0.0,0.0,0.0,0.0,0.0,1.0,11.984146119577344,0.0,0.0,0.0,2.0,0.0,0.0,0.0,0.0,2.0,13.167374251722592,0.0,0.0,0.0,0.0,0.0,0.0,0.0,0.0,1.0,11.972559759432915,0.0,0.0,0.0,0.0,0.0,0.0,0.0,0.0,1.0,13.876233674586985,0.0,0.0,0.0,2.0,0.0,0.0,0.0,0.0,1.0,13.646886499707115,0.0,0.0,0.0,0.0,0.0,0.0,0.0,0.0,1.0,12.489659824331662,0.0,0.0,0.0,0.0,0.0,0.0,0.0,0.0,0.0,0.0,1.0,0.0,1.0,9.15,0.0,0.0,1.0,0.0,1.0,8.35,0.0,0.0,2.0,3.6,1.0,5.25,0.0,0.0,1.0,7.0,1.0,5.95
rush_hour_seed1,rush_hour,1,7.15,22.2,16.0,13.4666891746227,0.0,0.0,22.85,1.0,15.065554028237731,0.0,0.0,0.0,2.0,0.0,0.0,0.0,0.0,3.0,12.898400824787132,0.0,0.0,0.0,2.0,0.0,0.0,0.0,0.0,1.0,16.60084142034501,0.0,0.0,0.0,0.0,0.0,0.0,0.0,0.0,1.0,11.999397112699226,0.0,0.0,0.0,2.0,0.0,0.0,0.0,0.0,2.0,13.854922958458458,0.0,0.0,0.0,2.0,0.0,0.0,0.0,0.0,1.0,15.15186765482399,0.0,0.0,0.0,0.0,0.0,0.0,0.0,0.0,1.0,11.970285764713772,0.0,0.0,0.0,2.0,0.0,0.0,0.0,0.0,2.0,13.16812372810021,0.0,0.0,0.0,0.0,0.0,0.0,0.0,0.0,1.0,11.99806838815799,0.0,0.0,0.0,0.0,0.0,0.0,0.0,0.0,1.0,13.830129837456626,0.0,0.0,0.0,2.0,0.0,0.0,0.0,0.0,1.0,13.617276443671662,0.0,0.0,0.0,0.0,0.0,0.0,0.0,0.0,1.0,12.49231029637847,0.0,0.0,0.0,0.0,0.0,0.0,0.0,0.0,0.0,0.0,1.0,0.0,1.0,10.15,0.0,0.0,1.0,0.0,1.0,9.35,0.0,0.0,2.0,4.6000000000000005,1.0,6.25,0.0,0.0,1.0,8.0,1.0,6.95
rush_hour_seed1,rush_hour,1,8.15,23.2,16.0,13.474017891681523,0.0,0.0,21.85,1.0,14.979941880947472,0.0,0.0,0.0,2.0,0.0,0.0,0.0,0.0,3.0,12.906601025869874,0.0,0.0,0.0,2.0,0.0,0.0,0.0,0.0,1.0,16.602050128228964,0.0,0.0,0.0,0.0,0.0,0.0,0.0,0.0,1.0,11.995769498830196,0.0,0.0,0.0,2.0,0.0,0.0,0.0,0.0,2.0,13.858216315182363,0.0,0.0,0.0,2.0,0.0,0.0,0.0,0.0,1.0,15.186475447395177,0.0,0.0,0.0,0.0,0.0,0.0,0.0,0.0,1.0,11.992223507710733,0.0,0.0,0.0,2.0,0.0,0.0,0.0,0.0,2.0,13.189354124925798,0.0,0.0,0.0,0.0,0.0,0.0,0.0,0.0,1.0,11.994025355251505,0.0,0.0,0.0,0.0,0.0,0.0,0.0,0.0,1.0,13.850419382399414,0.0,0.0,0.0,2.0,0.0,0.0,0.0,0.0,1.0,13.661764452355209,0.0,0.0,0.0,0.0,0.0,0.0,0.0,0.0,1.0,12.506672655959752,0.0,0.0,0.0,0.0,0.0,0.0,0.0,0.0,0.0,0.0,1.0,0.0,1.0,11.15,0.0,0.0,1.0,0.0,1.0,10.35,0.0,0.0,3.0,3.733333333333333,1.0,7.25,0.0,0.0,1.0,9.0,1.0,7.95
rush_hour_seed1,rush_hour,1,9.15,24.2,16.0,13.432882032775991,0.0,0.0,20.85,1.0,14.961052672228337,0.0,0.0,0.0,2.0,0.0,0.0,0.0,0.0,3.0,12.889092939360879,0.0,0.0,0.0,2.0,0.0,0.0,0.0,0.0,1.0,16.15666928370673,0.0,0.0,0.0,0.0,0.0,0.0,0.0,0.0,1.0,11.973130563581362,0.0,0.0,0.0,2.0,0.0,0.0,0.0,0.0,2.0,13.8391389733308,0.0,0.0,0.0,2.0,0.0,0.0,0.0,0.0,1.0,15.222491508179637,0.0,0.0,0.0,0.0,0.0,0.0,0.0,0.0,1.0,11.981492867746857,0.0,0.0,0.0,2.0,0.0,0.0,0.0,0.0,2.0,13.180620299823001,0.0,0.0,0.0,0.0,0.0,0.0,0.0,0.0,1.0,11.982328281858935,0.0,0.0,0.0,0.0,0.0,0.0,0.0,0.0,1.0,13.842399432037492,0.0,0.0,0.0,2.0,0.0,0.0,0.0,0.0,1.0,13.618588354427128,0.0,0.0,0.0,0.0,0.0,0.0,0.0,0.0,1.0,12.481162196259154,0.0,0.0,0.0,0.0,0.0,0.0,0.0,0.0,1.0,0.0,2.0,0.0,1.0,12.15,0.0,0.0,1.0,0.0,1.0,11.35,0.0,0.0,3.0,4.3999999999999995,1.0,8.25,0.0,0.0,2.0,5.0,1.0,8.95
rush_hour_seed1,rush_hour,1,10.15,25.2,16.0,13.073319654130007,0.0,0.0,19.85,1.0,15.031426526094348,0.0,0.0,0.0,2.0,0.0,0.0,0.0,0.0,3.0,12.867975199169281,0.0,0.0,0.0,2.0,0.0,0.0,0.0,0.0,1.0,10.68906839466886,0.0,0.0,0.0,0.0,0.0,0.0,0.0,0.0,1.0,11.989209396487567,0.0,0.0,0.0,2.0,0.0,0.0,0.0,0.0,2.0,13.831534974129791,0.0,0.0,0.0,2.0,0.0,0.0,0.0,0.0,1.0,14.890671443824228,0.0,0.0,0.0,0.0,0.0,0.0,0.0,0.0,1.0,11.990300931755918,0.0,0.0,0.0,2.0,0.0,0.0,0.0,0.0,2.0,13.167366068062373,0.0,0.0,0.0,0.0,0.0,0.0,0.0,0.0,1.0,11.990993167462292,0.0,0.0,0.0,0.0,0.0,0.0,0.0,0.0,1.0,13.869398086862638,0.0,0.0,0.0,2.0,0.0,0.0,0.0,0.0,1.0,13.615178343863452,0.0,0.0,0.0,0.0,0.0,0.0,0.0,0.0,1.0,12.505140493168634,0.0,0.0,0.0,0.0,0.0,0.0,0.0,0.0,1.0,0.0,2.0,0.0,1.0,13.15,0.0,0.0,1.0,0.0,1.0,12.35,0.0,0.0,3.0,5.066666666666666,1.0,9.25,0.0,0.0,2.0,5.5,1.0,9.95
rush_hour_seed1,rush_hour,1,11.15,26.2,16.0,12.31670571120693,0.0,0.0,18.85,1.0,14.38984423126611,0.0,0.0,0.0,2.0,0.0,0.0,0.0,0.0,3.0,12.887187226032717,0.0,0.0,0.0,2.0,0.0,0.0,0.0,0.0,1.0,5.1929884600194045,0.0,0.0,0.0,0.0,0.0,0.0,0.0,0.0,1.0,11.990018562690821,0.0,0.0,0.0,2.0,0.0,0.0,0.0,0.0,2.0,13.846399552633411,0.0,0.0,0.0,2.0,0.0,0.0,0.0,0.0,1.0,9.44290216959998,0.0,0.0,0.0,0.0,0.0,0.0,0.0,0.0,1.0,11.986302438920829,0.0,0.0,0.0,2.0,0.0,0.0,0.0,0.0,2.0,12.852132443053954,0.0,0.0,0.0,0.0,0.0,0.0,0.0,0.0,1.0,11.995379628804512,0.0,0.0,0.0,0.0,0.0,0.0,0.0,0.0,1.0,13.881935682706535,0.0,0.0,0.0,2.0,0.0,0.0,0.0,0.0,1.0,13.639328186174614,0.0,0.0,0.0,0.0,0.0,0.0,0.0,0.0,1.0,12.489966349655203,0.0,0.0,0.0,0.0,0.0,0.0,0.0,0.0,1.0,0.0,2.0,0.0,2.0,7.075,0.0,0.0,2.0,0.0,1.0,13.35,0.0,0.0,3.0,5.733333333333333,1.0,10.25,0.0,0.0,2.0,6.0,1.0,10.95
rush_hour_seed1,rush_hour,1,15.15,30.2,16.0,7.543440211277297,0.465625,4.0,14.85,0.0,0.0,0.0,0.0,0.0,2.0,0.0,0.06666666666666667,0.0,0.0,1.0,12.497602177149616,0.0,0.0,0.0,2.0,0.06666666666666667,0.06666666666666667,0.0,0.0,1.0,0.0,3.1,3.1,1.0,0.0,0.0,0.0,0.06666666666666667,0.20666666666666667,0.0,0.0,0.0,0.0,0.0,2.0,0.0,0.06666666666666667,0.0,0.0,0.0,0.0,0.0,0.0,0.0,2.0,0.0,0.06666666666666667,0.0,0.0,1.0,0.0,2.3,2.3,1.0,0.0,0.0,0.0,0.06666666666666667,0.15333333333333332,0.0,0.0,0.0,0.0,0.0,2.0,0.0,0.06666666666666667,0.0,0.0,2.0,2.5811986353280965,0.55,1.1,1.0,0.0,0.06666666666666667,0.0,0.06666666666666667,0.03666666666666667,1.0,3.367660342431652,0.0,0.0,0.0,0.0,0.0,0.0,0.0,0.0,0.0,0.0,0.0,0.0,0.0,2.0,0.0,0.06666666666666667,0.0,0.0,1.0,0.0,0.95,0.95,1.0,0.0,0.0,0.0,0.06666666666666667,0.06333333333333332,1.0,0.6107281118732797,0.0,0.0,0.0,0.0,0.0,0.0,0.0,0.0,1.0,0.0,1.0,0.0,2.0,9.075,1.0,0.0,2.0,0.0,2.0,8.675,0.0,0.0,3.0,8.4,1.0,14.25,0.0,0.0,2.0,8.0,1.0,14.95
rush_hour_seed1,rush_hour,1,16.2,31.2,16.0,7.390634903328462,0.803125,6.0,13.8,0.0,0.0,0.0,0.0,0.0,2.0,0.0,0.06666666666666667,0.0,0.0,1.0,12.496134179575835,0.0,0.0,0.0,2.0,0.06666666666666667,0.13333333333333333,0.0,0.0,1.0,0.0,4.15,4.15,1.0,0.0,0.0,0.0,0.06666666666666667,0.27666666666666667,0.0,0.0,0.0,0.0,0.0,2.0,0.0,0.06666666666666667,0.0,0.0,0.0,0.0,0.0,0.0,0.0,2.0,0.0,0.13333333333333333,0.0,0.0,1.0,0.0,3.35,3.35,1.0,0.0,0.0,0.0,0.06666666666666667,0.22333333333333333,0.0,0.0,0.0,0.0,0.0,2.0,0.0,0.06666666666666667,0.0,0.0,2.0,1.6497670459953173,1.075,2.15,1.0,0.0,0.06666666666666667,0.0,0.06666666666666667,0.07166666666666667,1.0,0.0,0.25,0.25,1.0,0.0,0.0,0.0,0.06666666666666667,0.016666666666666666,0.0,0.0,0.0,0.0,0.0,2.0,0.0,0.06666666666666667,0.0,0.0,1.0,0.0,2.0,2.0,1.0,0.0,0.0,0.0,0.06666666666666667,0.13333333333333333,1.0,0.0,0.95,0.95,1.0,0.0,0.0,0.0,0.06666666666666667,0.06333333333333332,1.0,0.0,1.0,0.0,2.0,9.575,1.0,0.0,1.0,0.0,2.0,9.175,0.0,0.0,3.0,9.066666666666666,1.0,15.25,0.0,0.0,2.0,8.5,1.0,15.95
rush_hour_seed1,rush_hour,1,17.2,32.2,17.0,7.738868911965685,1.1088235294117648,6.0,12.8,0.0,0.0,0.0,0.0,0.0,2.0,0.0,0.06666666666666667,0.0,0.0,1.0,13.261597006585138,0.0,0.0,0.0,2.0,0.06666666666666667,0.13333333333333333,0.0,0.0,1.0,0.0,5.15,5.15,1.0,0.0,0.0,0.0,0.06666666666666667,0.3433333333333334,0.0,0.0,0.0,0.0,0.0,2.0,0.0,0.06666666666666667,0.0,0.0,0.0,0.0,0.0,0.0,0.0,2.0,0.0,0.13333333333333333,0.0,0.0,1.0,0.0,4.35,4.35,1.0,0.0,0.0,0.0,0.06666666666666667,0.29,0.0,0.0,0.0,0.0,0.0,2.0,0.0,0.06666666666666667,0.0,0.0,2.0,0.9746744458076319,1.575,3.15,1.0,0.0,0.0,0.0,0.06666666666666667,0.105,1.0,0.0,1.25,1.25,1.0,0.0,0.0,0.0,0.06666666666666667,0.08333333333333333,0.0,0.0,0.0,0.0,0.0,2.0,0.0,0.06666666666666667,0.0,0.0,1.0,0.0,3.0,3.0,1.0,0.0,0.0,0.0,0.06666666666666667,0.2,1.0,0.0,1.95,1.95,1.0,0.0,0.0,0.0,0.06666666666666667,0.13,1.0,0.0,1.0,0.0,2.0,10.075,1.0,0.0,1.0,0.0,2.0,9.675,0.0,0.0,3.0,9.733333333333333,1.0,16.25,0.0,0.0,2.0,9.0,1.0,16.95
rush_hour_seed1,rush_hour,1,18.2,33.2,18.0,8.178585065119467,1.3805555555555555,6.0,11.8,0.0,0.0,0.0,0.0,0.0,2.0,0.0,0.06666666666666667,0.0,0.0,1.0,13.29664348687503,0.0,0.0,0.0,2.0,0.06666666666666667,0.13333333333333333,0.0,0.0,1.0,0.0,6.15,6.15,1.0,0.0,0.0,0.0,0.06666666666666667,0.41000000000000003,0.0,0.0,0.0,0.0,0.0,2.0,0.0,0.06666666666666667,0.0,0.0,1.0,13.85672579770442,0.0,0.0,0.0,2.0,0.06666666666666667,0.13333333333333333,0.0,0.0,1.0,0.0,5.35,5.35,1.0,0.0,0.0,0.0,0.06666666666666667,0.35666666666666663,0.0,0.0,0.0,0.0,0.0,2.0,0.0,0.06666666666666667,0.0,0.0,2.0,0.5102003981672389,2.075,4.15,1.0,0.0,0.0,0.0,0.06666666666666667,0.13833333333333334,1.0,0.0,2.25,2.25,1.0,0.0,0.0,0.0,0.06666666666666667,0.15,0.0,0.0,0.0,0.0,0.0,2.0,0.0,0.06666666666666667,0.0,0.0,1.0,0.0,4.0,4.0,1.0,0.0,0.0,0.0,0.06666666666666667,0.26666666666666666,1.0,0.0,2.95,2.95,1.0,0.0,0.0,0.0,0.06666666666666667,0.19666666666666668,1.0,0.0,2.0,0.0,2.0,0.0,1.0,0.0,1.0,0.0,2.0,0.0,0.0,0.0,3.0,10.4,1.0,17.25,0.0,0.0,2.0,9.5,1.0,17.95
rush_hour_seed1,rush_hour,1,19.2,34.2,18.0,8.162917276387525,1.713888888888889,6.0,10.8,0.0,0.0,0.0,0.0,0.0,2.0,0.0,0.06666666666666667,0.0,0.0,1.0,13.297468218542557,0.0,0.0,0.0,2.0,0.06666666666666667,0.2,0.0,0.0,1.0,0.0,7.15,7.15,1.0,0.0,0.0,0.0,0.06666666666666667,0.4766666666666667,0.0,0.0,0.0,0.0,0.0,2.0,0.0,0.06666666666666667,0.0,0.0,1.0,13.889039923666278,0.0,0.0,0.0,2.0,0.06666666666666667,0.13333333333333333,0.0,0.0,1.0,0.0,6.35,6.35,1.0,0.0,0.0,0.0,0.06666666666666667,0.4233333333333333,0.0,0.0,0.0,0.0,0.0,2.0,0.0,0.06666666666666667,0.0,0.0,2.0,0.2458041823984122,2.575,5.15,1.0,0.0,0.0,0.0,0.06666666666666667,0.1716666666666667,1.0,0.0,3.25,3.25,1.0,0.0,0.0,0.0,0.06666666666666667,0.21666666666666667,0.0,0.0,0.0,0.0,0.0,2.0,0.0,0.06666666666666667,0.0,0.0,1.0,0.0,5.0,5.0,1.0,0.0,0.0,0.0,0.06666666666666667,0.3333333333333333,1.0,0.0,3.95,3.95,1.0,0.0,0.0,0.0,0.06666666666666667,0.26333333333333336,1.0,0.0,2.0,0.0,1.0,0.0,1.0,0.0,1.0,0.0,1.0,0.0,0.0,0.0,3.0,11.066666666666668,1.0,18.25,0.0,0.0,2.0,10.0,1.0,18.95
rush_hour_seed1,rush_hour,1,20.2,35.2,18.0,8.142928914689346,2.0472222222222225,6.0,9.8,0.0,0.0,0.0,0.0,0.0,2.0,0.0,0.06666666666666667,0.0,0.0,1.0,13.241266770530412,0.0,0.0,0.0,2.0,0.06666666666666667,0.2,0.0,0.0,1.0,0.0,8.15,8.15,1.0,0.0,0.0,0.0,0.06666666666666667,0.5433333333333333,0.0,0.0,0.0,0.0,0.0,2.0,0.0,0.06666666666666667,0.0,0.0,1.0,13.883088881246513,0.0,0.0,0.0,2.0,0.06666666666666667,0.13333333333333333,0.0,0.0,1.0,0.0,7.35,7.35,1.0,0.0,0.0,0.0,0.06666666666666667,0.49,0.0,0.0,0.0,0.0,0.0,2.0,0.0,0.06666666666666667,0.0,0.0,2.0,0.11155399699856605,3.075,6.15,1.0,0.0,0.0,0.0,0.06666666666666667,0.20500000000000002,1.0,0.0,4.25,4.25,1.0,0.0,0.0,0.0,0.06666666666666667,0.2833333333333333,0.0,0.0,0.0,0.0,0.0,2.0,0.0,0.06666666666666667,0.0,0.0,1.0,0.0,6.0,6.0,1.0,0.0,0.0,0.0,0.06666666666666667,0.4,1.0,0.0,4.95,4.95,1.0,0.0,0.0,0.0,0.06666666666666667,0.33,1.0,0.0,2.0,0.0,1.0,0.0,1.0,0.0,1.0,0.0,1.0,0.0,1.0,0.0,3.0,11.733333333333334,1.0,19.25,0.0,0.0,2.0,10.5,1.0,19.95
rush_hour_seed1,rush_hour,1,21.2,36.2,18.0,8.137408138010635,2.3833333333333333,7.0,8.8,0.0,0.0,0.0,0.0,0.0,2.0,0.0,0.06666666666666667,0.0,0.0,1.0,13.28137093380784,0.0,0.0,0.0,2.0,0.06666666666666667,0.2,0.0,0.0,1.0,0.0,9.15,9.15,1.0,0.0,0.0,0.0,0.06666666666666667,0.61,0.0,0.0,0.0,0.0,0.0,2.0,0.0,0.06666666666666667,0.0,0.0,1.0,13.834710808448726,0.0,0.0,0.0,2.0,0.06666666666666667,0.13333333333333333,0.0,0.0,1.0,0.0,8.35,8.35,1.0,0.0,0.0,0.0,0.06666666666666667,0.5566666666666666,0.0,0.0,0.0,0.0,0.0,2.0,0.0,0.06666666666666667,0.0,0.0,2.0,0.04860960729033364,3.6,7.15,2.0,0.0,0.0,0.0,0.13333333333333333,0.24000000000000002,1.0,0.0,5.25,5.25,1.0,0.0,0.0,0.0,0.06666666666666667,0.35,0.0,0.0,0.0,0.0,0.0,2.0,0.0,0.06666666666666667,0.0,0.0,1.0,0.0,7.0,7.0,1.0,0.0,0.0,0.0,0.06666666666666667,0.4666666666666667,1.0,0.0,5.95,5.95,1.0,0.0,0.0,0.0,0.06666666666666667,0.39666666666666667,1.0,0.0,2.0,0.0,1.0,0.0,1.0,0.0,2.0,0.0,1.0,0.0,1.0,0.0,3.0,12.4,2.0,10.125,1.0,0.0,2.0,11.0,1.0,20.95
rush_hour_seed1,rush_hour,1,22.2,37.2,18.0,8.131184508475343,2.772222222222222,7.0,7.800000000000001,0.0,0.0,0.0,0.0,0.0,2.0,0.0,0.06666666666666667,0.0,0.0,1.0,13.23738887429695,0.0,0.0,0.0,2.0,0.06666666666666667,0.2,0.0,0.0,1.0,0.0,10.15,10.15,1.0,0.0,0.0,0.0,0.06666666666666667,0.6766666666666666,0.0,0.0,0.0,0.0,0.0,2.0,0.0,0.06666666666666667,0.0,0.0,1.0,13.879874827455497,0.0,0.0,0.0,2.0,0.06666666666666667,0.13333333333333333,0.0,0.0,1.0,0.0,9.35,9.35,1.0,0.0,0.0,0.0,0.06666666666666667,0.6233333333333333,0.0,0.0,0.0,0.0,0.0,2.0,0.0,0.06666666666666667,0.0,0.0,2.0,0.020668133191139883,4.6000000000000005,8.15,2.0,0.0,0.0,0.0,0.13333333333333333,0.3066666666666667,1.0,0.0,6.25,6.25,1.0,0.0,0.0,0.0,0.06666666666666667,0.4166666666666667,0.0,0.0,0.0,0.0,0.0,2.0,0.0,0.06666666666666667,0.0,0.0,1.0,0.0,8.0,8.0,1.0,0.0,0.0,0.0,0.06666666666666667,0.5333333333333333,1.0,0.0,6.95,6.95,1.0,0.0,0.0,0.0,0.06666666666666667,0.4633333333333333,1.0,0.0,2.0,0.0,1.0,0.0,1.0,0.0,2.0,0.0,1.0,0.0,1.0,0.0,3.0,13.066666666666668,2.0,10.625,1.0,0.0,2.0,11.5,1.0,21.95
rush_hour_seed1,rush_hour,1,23.2,38.2,19.0,7.774372311250311,2.994736842105263,7.0,6.800000000000001,0.0,0.0,0.0,0.0,0.0,2.0,0.0,0.06666666666666667,0.0,0.0,1.0,13.237866743104453,0.0,0.0,0.0,2.0,0.06666666666666667,0.2,0.0,0.0,1.0,0.0,11.15,11.15,1.0,0.0,0.0,0.0,0.06666666666666667,0.7433333333333334,0.0,0.0,0.0,0.0,0.0,2.0,0.0,0.06666666666666667,0.0,0.0,1.0,13.866850423215656,0.0,0.0,0.0,2.0,0.06666666666666667,0.13333333333333333,0.0,0.0,1.0,0.0,10.35,10.35,1.0,0.0,0.0,0.0,0.06666666666666667,0.69,0.0,0.0,0.0,0.0,0.0,2.0,0.0,0.06666666666666667,0.0,0.0,3.0,0.5085298076885741,3.733333333333333,9.15,2.0,0.0,0.06666666666666667,0.0,0.13333333333333333,0.24888888888888885,1.0,0.0,7.25,7.25,1.0,0.0,0.0,0.0,0.06666666666666667,0.48333333333333334,0.0,0.0,0.0,0.0,0.0,2.0,0.0,0.06666666666666667,0.0,0.0,1.0,0.0,9.0,9.0,1.0,0.0,0.0,0.0,0.06666666666666667,0.6,1.0,0.0,7.95,7.95,1.0,0.0,0.0,0.0,0.06666666666666667,0.53,1.0,0.0,2.0,0.0,1.0,0.0,1.0,0.0,2.0,0.0,1.0,0.0,1.0,0.0,3.0,13.733333333333334,2.0,11.125,1.0,0.0,2.0,12.0,2.0,11.475
rush_hour_seed1,rush_hour,1,24.2,39.2,22.0,7.9472232153800055,2.9045454545454543,7.0,5.800000000000001,1.0,13.58268386079339,0.0,0.0,0.0,2.0,0.06666666666666667,0.06666666666666667,0.0,0.0,2.0,12.105709619789133,0.0,0.0,0.0,2.0,0.13333333333333333,0.2,0.0,0.0,1.0,0.0,12.15,12.15,1.0,0.0,0.0,0.0,0.06666666666666667,0.81,0.0,0.0,0.0,0.0,0.0,2.0,0.0,0.06666666666666667,0.0,0.0,1.0,13.8597828005231,0.0,0.0,0.0,2.0,0.06666666666666667,0.13333333333333333,0.0,0.0,1.0,0.0,11.35,11.35,1.0,0.0,0.0,0.0,0.06666666666666667,0.7566666666666666,0.0,0.0,0.0,0.0,0.0,2.0,0.0,0.06666666666666667,0.0,0.0,3.0,1.1779779683218488,4.3999999999999995,10.15,2.0,0.0,0.06666666666666667,0.0,0.13333333333333333,0.2933333333333333,1.0,0.0,8.25,8.25,1.0,0.0,0.0,0.0,0.06666666666666667,0.55,0.0,0.0,0.0,0.0,0.0,2.0,0.0,0.06666666666666667,0.0,0.0,2.0,0.2330425686632728,5.0,10.0,1.0,0.0,0.06666666666666667,0.0,0.06666666666666667,0.3333333333333333,1.0,0.0,8.95,8.95,1.0,0.0,0.0,0.0,0.06666666666666667,0.5966666666666666,1.0,0.95,2.0,0.0,1.0,0.0,1.0,0.0,2.0,0.0,1.0,0.0,1.0,0.0,3.0,14.4,2.0,11.625,1.0,0.0,2.0,12.5,2.0,11.975
rush_hour_seed1,rush_hour,1,25.2,40.2,22.0,8.149185577513736,3.222727272727273,7.0,4.800000000000001,1.0,13.582571215571283,0.0,0.0,0.0,2.0,0.06666666666666667,0.06666666666666667,0.0,0.0,2.0,12.074008530269941,0.0,0.0,0.0,2.0,0.13333333333333333,0.2,0.0,0.0,1.0,0.0,13.15,13.15,1.0,0.0,0.0,0.0,0.06666666666666667,0.8766666666666667,0.0,0.0,0.0,0.0,0.0,2.0,0.0,0.06666666666666667,0.0,0.0,1.0,13.864470366470051,0.0,0.0,0.0,2.0,0.06666666666666667,0.13333333333333333,0.0,0.0,1.0,0.0,12.35,12.35,1.0,0.0,0.0,0.0,0.06666666666666667,0.8233333333333334,0.0,0.0,0.0,0.0,0.0,2.0,0.0,0.06666666666666667,0.0,0.0,3.0,1.7857528615635359,5.066666666666666,11.15,2.0,0.0,0.06666666666666667,0.0,0.13333333333333333,0.3377777777777778,1.0,0.0,9.25,9.25,1.0,0.0,0.0,0.0,0.06666666666666667,0.6166666666666667,0.0,0.0,0.0,0.0,0.0,2.0,0.0,0.06666666666666667,0.0,0.0,2.0,1.5416309034283202,5.5,11.0,1.0,0.0,0.06666666666666667,0.0,0.06666666666666667,0.36666666666666664,1.0,0.0,9.95,9.95,1.0,0.0,0.0,0.0,0.06666666666666667,0.6633333333333333,1.0,1.95,2.0,0.0,1.0,0.0,1.0,0.8,2.0,0.0,1.0,0.0,1.0,0.0,3.0,15.066666666666668,2.0,12.125,1.0,0.0,2.0,13.0,2.0,12.475
rush_hour_seed1,rush_hour,1,26.2,41.2,23.0,7.786181621058069,3.3869565217391306,7.0,3.8000000000000007,1.0,13.59435103870221,0.0,0.0,0.0,2.0,0.06666666666666667,0.06666666666666667,0.0,0.0,2.0,12.117745123067735,0.0,0.0,0.0,2.0,0.13333333333333333,0.2,0.0,0.0,2.0,0.5883253919456842,7.075,14.15,1.0,0.0,0.06666666666666667,0.0,0.06666666666666667,0.4716666666666667,0.0,0.0,0.0,0.0,0.0,2.0,0.0,0.06666666666666667,0.0,0.0,2.0,11.776065073162384,0.0,0.0,0.0,2.0,0.13333333333333333,0.13333333333333333,0.0,0.0,1.0,0.0,13.35,13.35,1.0,0.0,0.0,0.0,0.06666666666666667,0.89,0.0,0.0,0.0,0.0,0.0,2.0,0.0,0.06666666666666667,0.0,0.0,3.0,2.464905182574245,5.733333333333333,12.15,2.0,0.0,0.06666666666666667,0.0,0.13333333333333333,0.38222222222222224,1.0,0.0,10.25,10.25,1.0,0.0,0.0,0.0,0.06666666666666667,0.6833333333333333,0.0,0.0,0.0,0.0,0.0,2.0,0.0,0.06666666666666667,0.0,0.0,2.0,2.4973474884516498,6.0,12.0,1.0,0.0,0.06666666666666667,0.0,0.06666666666666667,0.4,1.0,0.0,10.95,10.95,1.0,0.0,0.0,0.0,0.06666666666666667,0.73,1.0,2.95,2.0,0.025,0.0,0.0,1.0,1.8,2.0,0.0,1.0,0.0,1.0,0.0,3.0,15.733333333333334,2.0,12.625,1.0,0.0,2.0,13.5,2.0,12.975
rush_hour_seed1,rush_hour,1,27.2,42.2,24.0,8.341146751953627,3.5375,7.0,2.8000000000000007,1.0,13.562716243007367,0.0,0.0,0.0,2.0,0.06666666666666667,0.0,0.0,0.0,2.0,12.073551295704538,0.0,0.0,0.0,2.0,0.13333333333333333,0.2,0.0,0.0,2.0,1.7670613678990106,7.575,15.15,1.0,0.0,0.06666666666666667,0.0,0.0,0.495,1.0,14.829566886022691,0.0,0.0,0.0,2.0,0.06666666666666667,0.06666666666666667,0.0,0.0,2.0,11.752211979148626,0.0,0.0,0.0,2.0,0.13333333333333333,0.13333333333333333,0.0,0.0,1.0,0.0,14.35,14.35,1.0,0.0,0.0,0.0,0.06666666666666667,0.9566666666666667,0.0,0.0,0.0,0.0,0.0,2.0,0.0,0.06666666666666667,0.0,0.0,3.0,3.131099094368389,6.3999999999999995,13.15,2.0,0.0,0.06666666666666667,0.0,0.13333333333333333,0.42666666666666664,1.0,0.0,11.25,11.25,1.0,0.0,0.0,0.0,0.06666666666666667,0.75,0.0,0.0,0.0,0.0,0.0,2.0,0.0,0.06666666666666667,0.0,0.0,2.0,3.4832991067151498,6.5,13.0,1.0,0.0,0.06666666666666667,0.0,0.06666666666666667,0.43333333333333335,1.0,0.0,11.95,11.95,1.0,0.0,0.0,0.0,0.06666666666666667,0.7966666666666666,1.0,3.95,2.0,0.525,0.0,0.0,1.0,2.8,2.0,0.0,1.0,0.0,1.0,0.0,3.0,16.400000000000002,2.0,13.125,1.0,0.0,2.0,14.0,2.0,13.475
rush_hour_seed1,rush_hour,1,36.2,51.2,22.0,8.480505388110437,4.5636363636363635,5.0,8.799999999999997,1.0,9.508912235871467,0.0,0.0,0.0,0.0,0.06666666666666665,0.0,0.0,0.0,2.0,11.448681334768676,0.0,0.0,0.0,0.0,0.1333333333333333,0.06666666666666665,0.0,0.0,1.0,15.15223218880406,0.0,0.0,0.0,2.0,0.06666666666666665,0.06666666666666665,-0.06666666666666665,-0.6099999999999999,1.0,15.402536467277914,0.0,0.0,0.0,0.0,0.06666666666666665,0.0,0.0,0.0,2.0,9.835130785781674,0.0,0.0,0.0,0.0,0.1333333333333333,0.06666666666666665,0.0,0.0,1.0,11.984578328684439,0.0,0.0,0.0,2.0,0.06666666666666665,0.06666666666666665,-0.06666666666666665,-0.5566666666666665,1.0,13.836962797193555,0.0,0.0,0.0,0.0,0.06666666666666665,0.0,0.0,0.0,3.0,2.7367166876788684,12.4,22.15,2.0,0.0,0.06666666666666665,0.0,0.0,0.5866666666666666,2.0,0.14851649288802257,10.125,20.25,1.0,0.0,0.06666666666666665,0.0,0.0,0.3249999999999999,1.0,13.859907084617298,0.0,0.0,0.0,0.0,0.06666666666666665,0.0,0.0,0.0,2.0,6.781179971117343,11.0,22.0,1.0,0.0,0.06666666666666665,0.0,0.0,0.2666666666666666,1.0,0.0,20.95,20.95,1.0,0.0,0.0,0.0,0.0,0.9999999999999998,1.0,0.0,4.0,2.5125,0.0,0.0,0.0,0.0,2.0,3.125,1.0,3.05,0.0,0.0,3.0,0.0,2.0,17.625,0.0,0.0,1.0,0.0,2.0,17.975
rush_hour_seed1,rush_hour,1,37.2,52.2,22.0,8.16238262000036,4.790909090909091,5.0,7.799999999999997,1.0,5.008912235871474,0.0,0.0,0.0,0.0,0.06666666666666665,0.0,0.0,0.0,2.0,11.450390669539825,0.0,0.0,0.0,0.0,0.1333333333333333,0.06666666666666665,0.0,0.0,1.0,15.18336376295051,0.0,0.0,0.0,2.0,0.06666666666666665,0.06666666666666665,-0.06666666666666665,-0.6766666666666665,1.0,12.220565917020325,0.0,0.0,0.0,0.0,0.06666666666666665,0.0,0.0,0.0,2.0,10.823194942241908,0.0,0.0,0.0,0.0,0.1333333333333333,0.06666666666666665,0.0,0.0,1.0,11.992137263682672,0.0,0.0,0.0,2.0,0.06666666666666665,0.06666666666666665,-0.06666666666666665,-0.6233333333333332,1.0,13.853431863934967,0.0,0.0,0.0,0.0,0.06666666666666665,0.0,0.0,0.0,3.0,1.813328727273305,13.066666666666668,23.15,2.0,0.0,0.06666666666666665,0.0,0.0,0.5644444444444444,2.0,1.0629401731454093,10.625,21.25,1.0,0.0,0.06666666666666665,0.0,0.0,0.2916666666666666,1.0,13.862257916762028,0.0,0.0,0.0,0.0,0.06666666666666665,0.0,0.0,0.0,2.0,4.7434301866974,11.5,23.0,1.0,0.0,0.06666666666666665,0.0,0.0,0.23333333333333328,1.0,0.0,21.95,21.95,1.0,0.0,0.0,0.0,0.0,0.9999999999999998,1.0,0.0,4.0,2.7625,1.0,0.0,0.0,0.0,3.0,2.4166666666666665,1.0,4.05,0.0,0.0,3.0,0.0,2.0,18.125,0.0,0.0,1.0,0.0,2.0,18.475
rush_hour_seed1,rush_hour,1,38.2,53.2,23.0,7.480552264688426,4.8,5.0,6.799999999999997,1.0,0.5191216349685525,0.0,0.0,0.0,0.0,0.06666666666666665,0.0,0.0,0.0,2.0,11.470854031887043,0.0,0.0,0.0,0.0,0.1333333333333333,0.06666666666666665,0.0,0.0,1.0,15.156653978249043,0.0,0.0,0.0,2.0,0.06666666666666665,0.06666666666666665,-0.06666666666666665,-0.7433333333333332,1.0,6.720565917020318,0.0,0.0,0.0,0.0,0.06666666666666665,0.0,0.0,0.0,2.0,11.610859732488336,0.0,0.0,0.0,0.0,0.1333333333333333,0.06666666666666665,0.0,0.0,1.0,11.999451313717291,0.0,0.0,0.0,2.0,0.06666666666666665,0.06666666666666665,-0.06666666666666665,-0.6899999999999998,1.0,13.840778140416369,0.0,0.0,0.0,0.0,0.06666666666666665,0.0,0.0,0.0,3.0,1.0685458438072253,13.733333333333334,24.15,2.0,0.0,0.0,0.0,0.0,0.6666666666666666,2.0,1.8859914698612674,11.125,22.25,1.0,0.0,0.06666666666666665,0.0,0.0,0.25833333333333325,1.0,13.877134739551694,0.0,0.0,0.0,0.0,0.06666666666666665,0.0,0.0,0.0,2.0,2.993511199289217,12.0,24.0,1.0,0.0,0.06666666666666665,0.0,0.0,0.19999999999999996,2.0,0.3122861595314417,11.475,22.95,1.0,0.0,0.06666666666666665,0.0,0.0,0.2349999999999999,1.0,0.0,4.0,3.0500000000000003,1.0,0.0,0.0,0.0,3.0,2.75,1.0,5.05,0.0,0.0,2.0,0.0,2.0,18.625,0.0,0.0,1.0,0.0,2.0,18.975
rush_hour_seed1,rush_hour,1,39.2,54.2,23.0,7.3324395527534225,5.058695652173912,6.0,5.799999999999997,1.0,0.0,0.95,0.95,1.0,0.0,0.0,0.0,0.06666666666666665,0.06333333333333331,2.0,11.026776950102693,0.0,0.0,0.0,0.0,0.06666666666666665,0.06666666666666665,0.0,0.0,1.0,15.146956825813264,0.0,0.0,0.0,2.0,0.06666666666666665,0.06666666666666665,-0.06666666666666665,-0.8099999999999998,1.0,1.2205659170203158,0.0,0.0,0.0,0.0,0.06666666666666665,0.0,0.0,0.0,2.0,11.602870100269724,0.0,0.0,0.0,0.0,0.1333333333333333,0.06666666666666665,0.0,0.0,1.0,11.997314796173013,0.0,0.0,0.0,2.0,0.06666666666666665,0.06666666666666665,-0.06666666666666665,-0.7566666666666665,1.0,13.87319922177936,0.0,0.0,0.0,0.0,0.06666666666666665,0.0,0.0,0.0,3.0,0.5461417984857566,14.4,25.15,2.0,0.0,0.0,0.0,0.0,0.6666666666666665,2.0,2.733569330298132,11.625,23.25,1.0,0.0,0.06666666666666665,0.0,0.0,0.22499999999999995,1.0,13.872572932052426,0.0,0.0,0.0,0.0,0.06666666666666665,0.0,0.0,0.0,2.0,1.558010896007512,12.5,25.0,1.0,0.0,0.0,0.0,0.0,0.4999999999999999,2.0,1.3904541544482132,11.975,23.95,1.0,0.0,0.06666666666666665,0.0,0.0,0.20166666666666663,1.0,0.0,4.0,3.5500000000000003,1.0,0.0,1.0,0.0,4.0,2.35,1.0,6.05,0.0,0.0,2.0,0.0,2.0,19.125,0.0,0.0,1.0,0.0,2.0,19.475
rush_hour_seed1,rush_hour,1,40.2,55.2,23.0,7.248066554798201,5.354347826086957,7.0,4.799999999999997,1.0,0.0,1.95,1.95,1.0,0.0,0.0,0.0,0.06666666666666665,0.12999999999999998,2.0,8.518579585051134,0.0,0.0,0.0,0.0,0.06666666666666665,0.06666666666666665,0.0,0.0,1.0,15.19936374183929,0.0,0.0,0.0,2.0,0.06666666666666665,0.06666666666666665,-0.06666666666666665,-0.8766666666666665,1.0,0.0,0.8,0.8,1.0,0.0,0.06666666666666665,0.0,0.06666666666666665,0.05333333333333332,2.0,11.594711063226967,0.0,0.0,0.0,0.0,0.1333333333333333,0.06666666666666665,0.0,0.0,1.0,11.974268786385656,0.0,0.0,0.0,2.0,0.06666666666666665,0.06666666666666665,-0.06666666666666665,-0.8233333333333331,1.0,13.862375758573181,0.0,0.0,0.0,0.0,0.06666666666666665,0.0,0.0,0.0,3.0,0.240420089564371,15.066666666666668,26.15,2.0,0.0,0.0,0.0,0.0,0.6666666666666666,2.0,3.610803631520618,12.125,24.25,1.0,0.0,0.06666666666666665,0.0,0.0,0.19166666666666662,1.0,13.847035346714547,0.0,0.0,0.0,0.0,0.06666666666666665,0.0,0.0,0.0,2.0,0.6529005159983775,13.0,26.0,1.0,0.0,0.0,0.0,0.0,0.4999999999999999,2.0,2.348564900149336,12.475,24.95,1.0,0.0,0.06666666666666665,0.0,0.0,0.1683333333333333,1.0,0.0,4.0,4.05,1.0,0.0,1.0,0.0,4.0,2.85,1.0,7.05,0.0,0.0,2.0,0.0,2.0,19.625,0.0,0.0,1.0,0.0,2.0,19.975
rush_hour_seed1,rush_hour,1,41.2,56.2,23.0,7.1562702166684495,5.660869565217391,8.0,3.799999999999997,1.0,0.0,2.95,2.95,1.0,0.0,0.0,0.0,0.06666666666666665,0.19666666666666663,2.0,6.026620982498547,0.025,0.05,1.0,0.0,0.06666666666666665,0.06666666666666665,0.06666666666666665,0.0016666666666666663,0.0,0.0,0.0,0.0,0.0,2.0,0.0,0.1333333333333333,-0.06666666666666665,-0.47166666666666657,1.0,0.0,1.8,1.8,1.0,0.0,0.06666666666666665,0.0,0.06666666666666665,0.11999999999999997,2.0,11.592530790867565,0.0,0.0,0.0,0.0,0.06666666666666665,0.06666666666666665,0.0,0.0,1.0,11.977540036230348,0.0,0.0,0.0,2.0,0.06666666666666665,0.06666666666666665,-0.06666666666666665,-0.8899999999999998,1.0,13.883083114575129,0.0,0.0,0.0,0.0,0.06666666666666665,0.0,0.0,0.0,3.0,0.0938873552239069,15.733333333333334,27.15,2.0,0.0,0.0,0.0,0.0,0.6666666666666665,2.0,4.433995276845311,12.625,25.25,1.0,0.0,0.06666666666666665,0.0,0.0,0.1583333333333333,1.0,13.880744188599056,0.0,0.0,0.0,0.0,0.06666666666666665,0.0,0.0,0.0,2.0,0.22613311654287913,13.5,27.0,1.0,0.0,0.0,0.0,0.0,0.4999999999999999,2.0,3.3062151838349876,12.975,25.95,1.0,0.0,0.06666666666666665,0.0,0.0,0.13499999999999998,1.0,0.0,4.0,4.55,1.0,0.0,1.0,0.0,4.0,3.35,1.0,8.05,0.0,0.0,1.0,0.0,2.0,20.125,0.0,0.0,1.0,0.0,2.0,20.475
rush_hour_seed1,rush_hour,1,42.2,57.2,23.0,7.295468547850201,6.0086956521739125,8.0,2.799999999999997,1.0,0.0,3.95,3.95,1.0,0.0,0.0,0.0,0.06666666666666665,0.2633333333333333,2.0,5.986589216779684,0.525,1.05,1.0,0.0,0.06666666666666665,0.06666666666666665,0.06666666666666665,0.034999999999999996,0.0,0.0,0.0,0.0,0.0,2.0,0.0,0.1333333333333333,-0.06666666666666665,-0.5049999999999999,1.0,0.0,2.8,2.8,1.0,0.0,0.0,0.0,0.06666666666666665,0.18666666666666662,2.0,11.602786992716768,0.0,0.0,0.0,0.0,0.06666666666666665,0.06666666666666665,0.0,0.0,1.0,11.977708622126375,0.0,0.0,0.0,2.0,0.06666666666666665,0.06666666666666665,-0.06666666666666665,-0.9566666666666664,1.0,13.83808275584248,0.0,0.0,0.0,0.0,0.06666666666666665,0.0,0.0,0.0,3.0,0.03416679044173806,16.400000000000002,28.15,2.0,0.0,0.0,0.0,0.0,0.6666666666666667,2.0,5.308414153248089,13.125,26.25,1.0,0.0,0.06666666666666665,0.0,0.0,0.12499999999999997,1.0,13.884602553492877,0.0,0.0,0.0,0.0,0.06666666666666665,0.0,0.0,0.0,2.0,0.06535133370072205,14.0,28.0,1.0,0.0,0.0,0.0,0.0,0.4999999999999999,2.0,4.325167998722732,13.475,26.95,1.0,0.0,0.06666666666666665,0.0,0.0,0.10166666666666667,1.0,0.0,4.0,5.050000000000001,1.0,0.0,1.0,0.0,4.0,3.85,1.0,9.05,0.0,0.0,1.0,0.0,2.0,20.625,0.0,0.0,1.0,0.0,2.0,20.975
rush_hour_seed1,rush_hour,1,43.2,58.2,23.0,7.366878135219427,6.436956521739131,10.0,1.7999999999999972,1.0,0.0,4.95,4.95,1.0,0.0,0.0,0.0,0.06666666666666665,0.32999999999999996,2.0,5.999849352955352,1.025,2.05,1.0,0.0,0.06666666666666665,0.06666666666666665,0.06666666666666665,0.06833333333333332,0.0,0.0,0.0,0.0,0.0,2.0,0.0,0.1333333333333333,-0.06666666666666665,-0.5383333333333331,1.0,0.0,3.8,3.8,1.0,0.0,0.0,0.0,0.06666666666666665,0.25333333333333324,2.0,10.77372021711701,0.0,0.0,0.0,0.0,0.06666666666666665,0.06666666666666665,0.0,0.0,1.0,11.972863749554381,0.0,0.0,0.0,2.0,0.06666666666666665,0.06666666666666665,-0.06666666666666665,-1.023333333333333,1.0,13.889510539886542,0.0,0.0,0.0,0.0,0.06666666666666665,0.0,0.0,0.0,3.0,0.012528641682078208,17.400000000000002,29.15,3.0,0.0,0.0,0.0,0.06666666666666665,0.6888888888888889,2.0,5.992855676338077,13.625,27.25,1.0,0.0,0.06666666666666665,0.0,0.0,0.09166666666666665,1.0,13.878141744018068,0.0,0.0,0.0,0.0,0.06666666666666665,0.0,0.0,0.0,2.0,0.01839592482246482,14.925,29.0,2.0,0.0,0.0,0.0,0.06666666666666665,0.5283333333333332,2.0,5.276789564707418,13.975,27.95,1.0,0.0,0.06666666666666665,0.0,0.0,0.06833333333333334,1.0,0.0,4.0,5.550000000000001,1.0,0.0,1.0,0.0,4.0,4.35,2.0,5.025,0.0,0.0,1.0,0.0,2.0,21.125,0.0,0.0,1.0,0.0,2.0,21.475
rush_hour_seed1,rush_hour,1,44.2,59.2,23.0,7.2612961953612025,6.871739130434783,10.0,0.7999999999999972,1.0,0.0,5.95,5.95,1.0,0.0,0.0,0.0,0.06666666666666665,0.3966666666666666,2.0,5.846498354018277,1.525,3.05,1.0,0.0,0.06666666666666665,0.06666666666666665,0.06666666666666665,0.10166666666666664,0.0,0.0,0.0,0.0,0.0,2.0,0.0,0.1333333333333333,-0.06666666666666665,-0.5716666666666664,1.0,0.0,4.8,4.8,1.0,0.0,0.0,0.0,0.06666666666666665,0.3199999999999999,2.0,8.534292306732944,0.0,0.0,0.0,0.0,0.06666666666666665,0.06666666666666665,0.0,0.0,1.0,11.976444698337,0.0,0.0,0.0,2.0,0.0,0.06666666666666665,-0.06666666666666665,-0.5449999999999999,1.0,13.873316253740342,0.0,0.0,0.0,0.0,0.06666666666666665,0.0,0.0,0.0,3.0,0.00453825517398975,18.400000000000002,30.15,3.0,0.0,0.0,0.0,0.06666666666666665,0.711111111111111,2.0,5.985048060652335,14.125,28.25,1.0,0.0,0.06666666666666665,0.0,0.0,0.05833333333333332,1.0,13.829616921865382,0.0,0.0,0.0,0.0,0.06666666666666665,0.0,0.0,0.0,2.0,0.005057560821981295,15.925,30.0,2.0,0.0,0.0,0.0,0.06666666666666665,0.5616666666666665,2.0,6.256750231580801,14.475,28.95,1.0,0.0,0.06666666666666665,0.0,0.0,0.03500000000000002,1.0,0.0,4.0,6.050000000000001,1.0,0.0,1.0,0.0,4.0,4.85,2.0,5.525,0.0,0.0,1.0,0.0,2.0,21.625,0.0,0.0,1.0,0.0,2.0,22.225
rush_hour_seed1,rush_hour,1,45.2,60.2,24.0,6.7605574054775905,7.0125,11.0,2.799999999999997,1.0,0.0,6.95,6.95,1.0,0.0,0.0,0.0,0.06666666666666665,0.4633333333333332,2.0,4.4959144873196015,2.025,4.05,1.0,0.0,0.06666666666666665,0.0,0.06666666666666665,0.13499999999999995,0.0,0.0,0.0,0.0,0.0,1.0,0.0,0.1333333333333333,-0.06666666666666665,-0.6049999999999998,1.0,0.0,5.8,5.8,1.0,0.0,0.0,0.0,0.06666666666666665,0.38666666666666655,2.0,6.747437860144633,0.125,0.25,1.0,0.0,0.06666666666666665,0.06666666666666665,0.06666666666666665,0.008333333333333331,1.0,11.984177061638329,0.0,0.0,0.0,1.0,0.0,0.06666666666666665,-0.06666666666666665,-0.5783333333333333,1.0,13.863905013155891,0.0,0.0,0.0,0.0,0.06666666666666665,0.0,0.0,0.0,4.0,0.09806303227096458,14.55,31.15,3.0,0.0,0.06666666666666665,0.0,0.06666666666666665,0.4099999999999999,2.0,5.9989798028266526,14.625,29.25,1.0,0.0,0.06666666666666665,0.0,0.0,0.024999999999999994,1.0,13.844408877330133,0.0,0.0,0.0,0.0,0.06666666666666665,0.0,0.0,0.0,2.0,0.0014511876120711891,16.925,31.0,2.0,0.0,0.0,0.0,0.06666666666666665,0.5949999999999999,2.0,6.788013720288694,14.975,29.95,1.0,0.0,0.06666666666666665,0.0,0.0,0.00166666666666669,1.0,0.0,4.0,6.550000000000001,1.0,0.0,1.0,0.0,4.0,5.35,2.0,6.025,0.0,0.0,1.0,0.0,2.0,22.475,0.0,0.0,1.0,0.0,2.0,23.225
rush_hour_seed1,rush_hour,1,46.2,61.2,24.0,6.4107044718681605,7.470833333333334,11.0,1.7999999999999972,1.0,0.0,7.95,7.95,1.0,0.0,0.0,0.0,0.06666666666666665,0.5299999999999999,2.0,3.292468783134728,2.525,5.05,1.0,0.0,0.06666666666666665,0.0,0.06666666666666665,0.16833333333333328,0.0,0.0,0.0,0.0,0.0,1.0,0.0,0.1333333333333333,-0.06666666666666665,-0.6383333333333331,1.0,0.0,6.8,6.8,1.0,0.0,0.0,0.0,0.06666666666666665,0.4533333333333332,2.0,6.7438196316037615,0.625,1.25,1.0,0.0,0.06666666666666665,0.0,0.06666666666666665,0.04166666666666666,1.0,8.05308142930686,0.0,0.0,0.0,1.0,0.0,0.06666666666666665,-0.06666666666666665,-0.6116666666666666,1.0,9.8289414289432,0.0,0.0,0.0,0.0,0.06666666666666665,0.0,0.0,0.0,4.0,0.6417352828670829,15.3,32.15,3.0,0.0,0.06666666666666665,0.0,0.06666666666666665,0.4155555555555555,2.0,5.997427176909987,15.125,30.25,1.0,0.0,0.06666666666666665,0.0,0.0,-0.008333333333333331,1.0,13.833968527268153,0.0,0.0,0.0,0.0,0.06666666666666665,0.0,0.0,0.0,2.0,0.00040535378482326465,17.925,32.0,2.0,0.0,0.0,0.0,0.06666666666666665,0.6283333333333332,2.0,6.779346313617246,15.475,30.95,1.0,0.0,0.06666666666666665,0.0,0.0,-0.031666666666666635,1.0,0.0,4.0,7.050000000000001,1.0,0.0,1.0,0.0,4.0,5.85,2.0,6.525,0.0,0.0,0.0,0.0,2.0,23.475,0.0,0.0,1.0,0.0,2.0,24.225
rush_hour_seed1,rush_hour,1,47.2,62.2,22.0,5.1967579881587715,8.65,11.0,0.7999999999999972,1.0,0.0,8.95,8.95,1.0,0.0,0.0,0.0,0.06666666666666667,0.5966666666666666,2.0,2.248225179503539,3.025,6.05,1.0,0.0,0.06666666666666667,0.0,0.06666666666666667,0.20166666666666666,0.0,0.0,0.0,0.0,0.0,1.0,0.0,0.13333333333333333,-0.06666666666666667,-0.6716666666666666,1.0,0.0,7.8,7.8,1.0,0.0,0.0,0.0,0.06666666666666667,0.52,2.0,5.360595266535924,1.125,2.25,1.0,0.0,0.06666666666666667,0.0,0.06666666666666667,0.075,1.0,4.053892181600175,0.0,0.0,0.0,1.0,0.0,0.06666666666666667,-0.06666666666666667,-0.645,1.0,5.328941428943207,0.0,0.0,0.0,0.0,0.06666666666666667,0.0,0.0,0.0,4.0,1.1067920732099652,16.05,33.15,3.0,0.0,0.06666666666666667,0.0,0.06666666666666667,0.4211111111111112,2.0,5.985226164398482,15.625,31.25,1.0,0.0,0.06666666666666667,0.0,0.0,-0.041666666666666664,1.0,12.97200137467858,0.0,0.0,0.0,0.0,0.06666666666666667,0.0,0.0,0.0,2.0,0.00011352119451392488,18.925,33.0,2.0,0.0,0.0,0.0,0.06666666666666667,0.6616666666666667,2.0,6.758775551320108,15.975,31.95,1.0,0.0,0.06666666666666667,0.0,0.0,-0.06499999999999997,1.0,0.0,4.0,7.550000000000001,1.0,0.0,1.0,0.0,4.0,6.35,2.0,7.025,0.0,0.0,0.0,0.0,2.0,24.475,0.0,0.0,1.0,0.0,2.0,25.225
rush_hour_seed1,rush_hour,1,48.2,63.2,25.0,4.260396041855099,4.578,8.0,29.799999999999997,2.0,0.5079993068234143,0.0,0.0,0.0,2.0,0.06666666666666667,0.0,0.0,0.0,3.0,1.5846955671670944,2.35,7.05,1.0,0.0,0.06666666666666667,0.0,0.06666666666666667,0.15666666666666668,0.0,0.0,0.0,0.0,0.0,0.0,0.0,0.13333333333333333,0.0,0.0,1.0,0.6111913068998222,0.0,0.0,0.0,2.0,0.0,0.0,0.0,0.0,2.0,3.82678446797306,1.625,3.25,1.0,0.0,0.06666666666666667,0.0,0.06666666666666667,0.10833333333333334,1.0,0.05429848114036867,0.05,0.05,1.0,0.0,0.0,0.06666666666666667,0.06666666666666667,0.0033333333333333335,1.0,2.1674108023922556,0.0,0.0,0.0,2.0,0.06666666666666667,0.0,0.0,0.0,4.0,1.7376952155433272,8.2625,27.05,2.0,2.0,0.06666666666666667,0.0,0.0,-0.14250000000000007,2.0,5.990621409964515,16.125,32.25,1.0,0.0,0.06666666666666667,0.0,0.0,-0.075,1.0,9.81715429708864,0.0,0.0,0.0,2.0,0.06666666666666667,0.0,0.0,0.0,3.0,0.3325409820511026,1.95,5.85,1.0,2.0,0.06666666666666667,0.0,0.0,-0.5033333333333333,2.0,6.776527918989125,16.475,32.95,1.0,0.0,0.06666666666666667,0.0,0.0,-0.09833333333333319,1.0,0.0,4.0,8.05,1.0,0.0,1.0,0.0,4.0,6.85,2.0,7.525,0.0,0.0,0.0,0.0,2.0,25.475,0.0,0.0,1.0,0.0,2.0,26.225
rush_hour_seed1,rush_hour,1,51.2,66.2,24.0,5.714928484002955,3.7729166666666667,5.0,26.799999999999997,1.0,6.812498517292597,0.0,0.0,0.0,2.0,0.06666666666666667,0.06666666666666667,0.0,0.0,4.0,3.7521756065813547,2.5125,10.05,1.0,0.0,0.13333333333333333,0.0,0.06666666666666667,0.1675,0.0,0.0,0.0,0.0,0.0,0.0,0.0,0.06666666666666667,0.0,0.0,0.0,0.0,0.0,0.0,0.0,2.0,0.0,0.06666666666666667,0.0,0.0,2.0,0.7130491100006436,3.125,6.25,1.0,0.0,0.0,0.0,0.06666666666666667,0.20833333333333334,1.0,0.0,3.05,3.05,1.0,0.0,0.0,0.0,0.06666666666666667,0.2033333333333333,0.0,0.0,0.0,0.0,0.0,2.0,0.0,0.06666666666666667,0.0,0.0,3.0,5.851370773085477,0.0,0.0,0.0,2.0,0.06666666666666667,0.06666666666666667,-0.13333333333333333,-0.8266666666666667,2.0,5.070372584652482,17.625,35.25,1.0,0.0,0.0,0.0,0.0,0.5,0.0,0.0,0.0,0.0,0.0,2.0,0.0,0.06666666666666667,0.0,0.0,1.0,6.525703570729715,0.0,0.0,0.0,2.0,0.06666666666666667,0.13333333333333333,-0.06666666666666667,-0.7333333333333333,2.0,6.5076944003485595,17.975,35.95,1.0,0.0,0.06666666666666667,0.0,0.0,-0.1983333333333332,0.0,0.0,5.0,7.67,1.0,0.7,0.0,0.0,4.0,8.35,2.0,9.025,0.0,0.0,0.0,0.0,2.0,28.475,0.0,0.0,0.0,0.0,2.0,29.225
rush_hour_seed1,rush_hour,1,52.2,67.2,26.0,6.6536639026357705,3.675,5.0,25.799999999999997,1.0,8.817944329329816,0.0,0.0,0.0,2.0,0.06666666666666667,0.06666666666666667,0.0,0.0,4.0,4.828829283642428,2.7625,11.05,1.0,0.0,0.13333333333333333,0.0,0.06666666666666667,0.18416666666666667,1.0,13.850153485956834,0.0,0.0,0.0,0.0,0.06666666666666667,0.06666666666666667,0.0,0.0,0.0,0.0,0.0,0.0,0.0,2.0,0.0,0.06666666666666667,0.0,0.0,3.0,1.1886317878566695,2.4166666666666665,7.25,1.0,0.0,0.06666666666666667,0.0,0.06666666666666667,0.1611111111111111,1.0,0.0,4.05,4.05,1.0,0.0,0.0,0.0,0.06666666666666667,0.26999999999999996,0.0,0.0,0.0,0.0,0.0,2.0,0.0,0.06666666666666667,0.0,0.0,3.0,7.004361606711105,0.0,0.0,0.0,2.0,0.06666666666666667,0.06666666666666667,-0.13333333333333333,-0.8711111111111112,2.0,3.7977967133931614,18.125,36.25,1.0,0.0,0.0,0.0,0.0,0.5,0.0,0.0,0.0,0.0,0.0,2.0,0.0,0.06666666666666667,0.0,0.0,1.0,8.5084750925376,0.0,0.0,0.0,2.0,0.06666666666666667,0.13333333333333333,-0.06666666666666667,-0.7666666666666667,2.0,4.869718520265975,18.475,36.95,1.0,0.0,0.06666666666666667,0.0,0.0,-0.23166666666666652,0.0,0.0,5.0,8.27,1.0,1.7,0.0,0.0,4.0,8.85,2.0,9.525,0.0,0.0,0.0,0.0,2.0,29.475,0.0,0.0,0.0,0.0,2.0,30.225
rush_hour_seed1,rush_hour,1,53.2,68.2,26.0,7.408654263313531,3.873076923076923,6.0,24.799999999999997,1.0,10.607724671078675,0.0,0.0,0.0,2.0,0.06666666666666667,0.06666666666666667,0.0,0.0,4.0,5.901676699711466,3.0500000000000003,12.05,2.0,0.0,0.13333333333333333,0.0,0.13333333333333333,0.20333333333333334,1.0,13.83476822738885,0.0,0.0,0.0,0.0,0.06666666666666667,0.06666666666666667,0.0,0.0,0.0,0.0,0.0,0.0,0.0,2.0,0.0,0.06666666666666667,0.0,0.0,3.0,1.817459447408364,2.75,8.25,1.0,0.0,0.06666666666666667,0.0,0.06666666666666667,0.18333333333333332,1.0,0.0,5.05,5.05,1.0,0.0,0.0,0.0,0.06666666666666667,0.33666666666666667,0.0,0.0,0.0,0.0,0.0,2.0,0.0,0.06666666666666667,0.0,0.0,2.0,9.017766623715236,0.0,0.0,0.0,2.0,0.06666666666666667,0.13333333333333333,-0.13333333333333333,-0.9155555555555556,2.0,2.687679169133418,18.625,37.25,1.0,0.0,0.0,0.0,0.0,0.5,0.0,0.0,0.0,0.0,0.0,2.0,0.0,0.06666666666666667,0.0,0.0,1.0,10.441704494190548,0.0,0.0,0.0,2.0,0.06666666666666667,0.13333333333333333,-0.06666666666666667,-0.8,2.0,3.3971389354830612,18.975,37.95,1.0,0.0,0.0,0.0,0.0,0.5000000000000001,0.0,0.0,5.0,8.870000000000001,1.0,2.7,0.0,0.0,4.0,9.4125,2.0,10.025,0.0,0.0,1.0,0.0,2.0,30.475,0.0,0.0,0.0,0.0,2.0,31.225
rush_hour_seed1,rush_hour,1,54.2,69.2,28.0,8.090628838903486,3.816071428571429,7.0,23.799999999999997,1.0,12.277736151956317,0.0,0.0,0.0,2.0,0.06666666666666667,0.06666666666666667,-0.06666666666666667,-0.06333333333333332,4.0,6.369908932172248,3.5500000000000003,13.05,2.0,0.0,0.13333333333333333,0.0,0.13333333333333333,0.2366666666666667,1.0,13.856393958464032,0.0,0.0,0.0,0.0,0.06666666666666667,0.06666666666666667,0.0,0.0,1.0,13.887072841246846,0.0,0.0,0.0,2.0,0.06666666666666667,0.06666666666666667,0.0,0.0,4.0,2.6866339710021583,2.35,9.25,2.0,0.0,0.13333333333333333,0.0,0.13333333333333333,0.15666666666666668,1.0,0.0,6.05,6.05,1.0,0.0,0.0,0.0,0.06666666666666667,0.4033333333333333,0.0,0.0,0.0,0.0,0.0,2.0,0.0,0.06666666666666667,0.0,0.0,2.0,9.52212805628957,0.0,0.0,0.0,2.0,0.06666666666666667,0.13333333333333333,-0.13333333333333333,-0.9600000000000001,2.0,1.7552413836601157,19.125,38.25,1.0,0.0,0.0,0.0,0.0,0.5,0.0,0.0,0.0,0.0,0.0,2.0,0.0,0.06666666666666667,0.0,0.0,1.0,12.362260525134552,0.0,0.0,0.0,2.0,0.06666666666666667,0.13333333333333333,-0.06666666666666667,-0.8333333333333334,2.0,2.14250026104211,19.475,38.95,1.0,0.0,0.0,0.0,0.0,0.5000000000000001,0.0,0.0,5.0,9.47,1.0,3.7,0.0,0.0,4.0,10.1625,2.0,10.525,1.0,0.0,1.0,0.0,2.0,31.475,0.0,0.0,0.0,0.0,2.0,32.225
rush_hour_seed1,rush_hour,1,55.2,70.2,27.0,8.335432109641253,4.216666666666667,7.0,22.799999999999997,1.0,12.269865296884502,0.0,0.0,0.0,2.0,0.06666666666666667,0.06666666666666667,-0.06666666666666667,-0.13,4.0,6.882838450852384,4.05,14.05,2.0,0.0,0.13333333333333333,0.0,0.13333333333333333,0.26999999999999996,1.0,13.8763960998517,0.0,0.0,0.0,0.0,0.06666666666666667,0.06666666666666667,0.0,0.0,1.0,13.87437195898383,0.0,0.0,0.0,2.0,0.06666666666666667,0.06666666666666667,-0.06666666666666667,-0.05333333333333334,4.0,3.798430339924589,2.85,10.25,2.0,0.0,0.13333333333333333,0.0,0.13333333333333333,0.19,1.0,0.0,7.05,7.05,1.0,0.0,0.0,0.0,0.06666666666666667,0.47,0.0,0.0,0.0,0.0,0.0,2.0,0.0,0.06666666666666667,0.0,0.0,2.0,10.021713808875846,0.0,0.0,0.0,2.0,0.06666666666666667,0.13333333333333333,-0.13333333333333333,-1.0044444444444445,2.0,1.0403416953905977,19.625,39.25,1.0,0.0,0.0,0.0,0.0,0.5,0.0,0.0,0.0,0.0,0.0,2.0,0.0,0.06666666666666667,0.0,0.0,1.0,13.588208674492359,0.0,0.0,0.0,2.0,0.06666666666666667,0.13333333333333333,-0.06666666666666667,-0.8666666666666667,2.0,1.1907847003741632,19.975,39.95,1.0,0.0,0.0,0.0,0.0,0.5000000000000001,0.0,0.0,5.0,10.23,1.0,4.7,0.0,0.0,4.0,10.9125,2.0,11.025,1.0,0.0,1.0,0.0,2.0,32.475,0.0,0.0,0.0,0.0,2.0,33.225
rush_hour_seed1,rush_hour,1,56.2,71.2,27.0,8.53799813801358,4.475925925925926,7.0,21.799999999999997,1.0,12.28761721024622,0.0,0.0,0.0,2.0,0.06666666666666667,0.06666666666666667,-0.06666666666666667,-0.19666666666666668,4.0,7.12003111893063,4.55,15.05,2.0,0.0,0.13333333333333333,0.0,0.06666666666666667,0.30166666666666664,1.0,13.83955579324509,0.0,0.0,0.0,0.0,0.06666666666666667,0.0,0.0,0.0,1.0,13.85409867191338,0.0,0.0,0.0,2.0,0.06666666666666667,0.06666666666666667,-0.06666666666666667,-0.12000000000000001,4.0,4.9078213399717665,3.35,11.25,2.0,0.0,0.13333333333333333,0.0,0.13333333333333333,0.22333333333333333,1.0,0.0,8.05,8.05,1.0,0.0,0.0,0.0,0.06666666666666667,0.5366666666666667,0.0,0.0,0.0,0.0,0.0,2.0,0.0,0.06666666666666667,0.0,0.0,1.0,13.70725193453371,0.0,0.0,0.0,2.0,0.06666666666666667,0.2,-0.13333333333333333,-1.048888888888889,2.0,0.5682398387822245,20.125,40.25,1.0,0.0,0.0,0.0,0.0,0.5,0.0,0.0,0.0,0.0,0.0,2.0,0.0,0.06666666666666667,0.0,0.0,1.0,13.577051862657115,0.0,0.0,0.0,2.0,0.06666666666666667,0.13333333333333333,-0.06666666666666667,-0.9,2.0,0.5545743036308939,20.475,40.95,1.0,0.0,0.0,0.0,0.0,0.5000000000000001,0.0,0.0,5.0,11.03,1.0,5.7,0.0,0.0,4.0,11.6625,2.0,11.525,1.0,0.0,1.0,0.0,2.0,33.475,0.0,0.0,0.0,0.0,2.0,34.225
rush_hour_seed1,rush_hour,1,57.2,72.2,27.0,8.741169647355033,4.735185185185186,7.0,20.799999999999997,1.0,12.290632495035945,0.0,0.0,0.0,2.0,0.06666666666666667,0.06666666666666667,-0.06666666666666667,-0.26333333333333336,4.0,7.131629451678751,5.050000000000001,16.05,2.0,0.0,0.13333333333333333,0.0,0.06666666666666667,0.3016666666666667,1.0,13.859215024438454,0.0,0.0,0.0,0.0,0.06666666666666667,0.0,0.0,0.0,1.0,13.848305886206218,0.0,0.0,0.0,2.0,0.06666666666666667,0.06666666666666667,-0.06666666666666667,-0.18666666666666665,4.0,6.052928314382246,3.85,12.25,2.0,0.0,0.13333333333333333,0.0,0.13333333333333333,0.25666666666666665,1.0,0.0,9.05,9.05,1.0,0.0,0.0,0.0,0.06666666666666667,0.6033333333333334,0.0,0.0,0.0,0.0,0.0,2.0,0.0,0.06666666666666667,0.0,0.0,1.0,13.691209243041236,0.0,0.0,0.0,2.0,0.06666666666666667,0.2,-0.13333333333333333,-1.0933333333333335,2.0,0.2865537441041512,20.625,41.25,1.0,0.0,0.0,0.0,0.0,0.5,0.0,0.0,0.0,0.0,0.0,2.0,0.0,0.06666666666666667,0.0,0.0,1.0,13.528059862424431,0.0,0.0,0.0,2.0,0.06666666666666667,0.13333333333333333,-0.06666666666666667,-0.9333333333333333,2.0,0.23519840547641713,20.975,41.95,1.0,0.0,0.0,0.0,0.0,0.5000000000000001,1.0,0.0,6.0,9.858333333333333,1.0,6.7,0.0,0.0,5.0,9.93,2.0,12.025,1.0,0.0,1.0,0.0,3.0,22.983333333333334,1.0,0.0,1.0,0.0,2.0,35.225
rush_hour_seed1,rush_hour,1,58.2,73.2,28.0,8.636116161196616,4.816071428571428,7.0,19.799999999999997,1.0,12.285313580023187,0.0,0.0,0.0,2.0,0.06666666666666667,0.06666666666666667,-0.06666666666666667,-0.33,4.0,7.120270598044621,5.550000000000001,17.05,2.0,0.0,0.13333333333333333,0.0,0.06666666666666667,0.3016666666666667,1.0,13.862749610577012,0.0,0.0,0.0,0.0,0.06666666666666667,0.0,0.0,0.0,1.0,13.865536342291161,0.0,0.0,0.0,2.0,0.06666666666666667,0.06666666666666667,-0.06666666666666667,-0.2533333333333333,4.0,6.821868223697767,4.35,13.25,2.0,0.0,0.13333333333333333,0.0,0.13333333333333333,0.29,2.0,0.6580671578019643,5.025,10.05,1.0,0.0,0.06666666666666667,0.0,0.06666666666666667,0.335,0.0,0.0,0.0,0.0,0.0,2.0,0.0,0.06666666666666667,0.0,0.0,1.0,13.67750229950762,0.0,0.0,0.0,2.0,0.06666666666666667,0.2,-0.2,-1.1600000000000001,2.0,0.1376342565458652,21.125,42.25,1.0,0.0,0.0,0.0,0.0,0.5,0.0,0.0,0.0,0.0,0.0,2.0,0.0,0.06666666666666667,0.0,0.0,1.0,13.55984567710622,0.0,0.0,0.0,2.0,0.06666666666666667,0.13333333333333333,-0.13333333333333333,-0.995,2.0,0.0881392677554276,21.475,42.95,1.0,0.0,0.0,0.0,0.0,0.5000000000000001,1.0,0.0,6.0,10.525,1.0,7.7,0.0,0.0,5.0,10.53,2.0,12.525,1.0,0.0,1.0,0.0,3.0,23.650000000000002,1.0,0.0,1.0,0.0,2.0,36.225
rush_hour_seed1,rush_hour,1,59.2,74.2,28.0,8.84239906245609,5.083928571428571,8.0,18.799999999999997,1.0,12.300147038039116,0.0,0.0,0.0,2.0,0.06666666666666667,0.06666666666666667,-0.06666666666666667,-0.39666666666666667,4.0,7.1195343528647035,6.050000000000001,18.05,2.0,0.0,0.13333333333333333,0.0,0.06666666666666667,0.3016666666666667,1.0,13.830621888403549,0.0,0.0,0.0,0.0,0.06666666666666667,0.0,0.0,0.0,1.0,13.887347559247864,0.0,0.0,0.0,2.0,0.06666666666666667,0.06666666666666667,-0.06666666666666667,-0.32,4.0,7.2744746332596515,4.85,14.25,2.0,0.0,0.13333333333333333,0.0,0.13333333333333333,0.3233333333333333,2.0,1.6485484229266274,5.525,11.05,1.0,0.0,0.06666666666666667,0.0,0.06666666666666667,0.36833333333333335,0.0,0.0,0.0,0.0,0.0,2.0,0.0,0.06666666666666667,0.0,0.0,1.0,13.679639268174075,0.0,0.0,0.0,2.0,0.06666666666666667,0.2,-0.2,-1.2266666666666668,2.0,0.06473169088968608,21.625,43.25,1.0,0.0,0.0,0.0,0.0,0.5,0.0,0.0,0.0,0.0,0.0,2.0,0.0,0.06666666666666667,0.0,0.0,1.0,13.544968245476063,0.0,0.0,0.0,2.0,0.06666666666666667,0.13333333333333333,-0.13333333333333333,-1.0616666666666668,2.0,0.03156200620928717,22.225,43.95,2.0,0.0,0.0,0.0,0.06666666666666667,0.5166666666666668,1.0,0.0,6.0,11.191666666666665,1.0,8.7,0.0,0.0,5.0,11.309999999999999,2.0,13.025,1.0,0.0,1.0,0.0,3.0,24.316666666666666,1.0,0.0,1.0,0.0,2.0,37.225
rush_hour_seed1,rush_hour,1,60.2,75.2,28.0,8.924840247197906,5.394642857142857,9.0,17.799999999999997,1.0,12.242061961901904,0.0,0.0,0.0,2.0,0.06666666666666667,0.06666666666666667,-0.06666666666666667,-0.4633333333333333,4.0,6.33881373941514,6.550000000000001,19.05,2.0,0.0,0.13333333333333333,0.0,0.06666666666666667,0.3016666666666667,1.0,13.878835443874124,0.0,0.0,0.0,0.0,0.06666666666666667,0.0,0.0,0.0,1.0,13.83137847432401,0.0,0.0,0.0,2.0,0.06666666666666667,0.06666666666666667,-0.06666666666666667,-0.38666666666666666,4.0,7.687321448692119,5.35,15.25,2.0,0.0,0.13333333333333333,0.0,0.06666666666666667,0.34833333333333333,2.0,2.618803930454244,6.025,12.05,1.0,0.0,0.06666666666666667,0.0,0.06666666666666667,0.40166666666666667,0.0,0.0,0.0,0.0,0.0,2.0,0.0,0.06666666666666667,0.0,0.0,1.0,13.707969459409364,0.0,0.0,0.0,2.0,0.0,0.2,-0.2,-0.9700000000000001,2.0,0.02976951425738112,22.475,44.25,2.0,0.0,0.0,0.0,0.06666666666666667,0.5233333333333334,0.0,0.0,0.0,0.0,0.0,2.0,0.0,0.06666666666666667,0.0,0.0,1.0,13.540945319714535,0.0,0.0,0.0,2.0,0.06666666666666667,0.13333333333333333,-0.13333333333333333,-1.1283333333333334,2.0,0.011697681189609947,23.225,44.95,2.0,0.0,0.0,0.0,0.06666666666666667,0.5500000000000002,1.0,0.0,6.0,11.858333333333333,1.0,9.7,0.0,0.0,5.0,12.11,2.0,13.525,1.0,0.0,1.0,0.0,3.0,24.983333333333334,1.0,0.0,1.0,0.0,2.0,38.225
rush_hour_seed1,rush_hour,1,61.2,76.2,28.0,8.832633560747212,5.716071428571429,9.0,16.799999999999997,1.0,12.236486316136846,0.0,0.0,0.0,2.0,0.06666666666666667,0.06666666666666667,-0.06666666666666667,-0.53,4.0,5.029735086444663,7.050000000000001,20.05,2.0,0.0,0.13333333333333333,0.0,0.06666666666666667,0.3016666666666667,1.0,13.88855441815569,0.0,0.0,0.0,0.0,0.06666666666666667,0.0,0.0,0.0,1.0,13.868144402264152,0.0,0.0,0.0,2.0,0.06666666666666667,0.06666666666666667,-0.06666666666666667,-0.4533333333333333,4.0,7.649712716271333,5.85,16.25,2.0,0.0,0.13333333333333333,0.0,0.06666666666666667,0.34833333333333333,2.0,3.619248341154245,6.525,13.05,1.0,0.0,0.06666666666666667,0.0,0.06666666666666667,0.435,0.0,0.0,0.0,0.0,0.0,2.0,0.0,0.06666666666666667,0.0,0.0,0.0,0.0,0.0,0.0,0.0,2.0,0.0,0.26666666666666666,-0.2,-1.02,2.0,0.013517282180321775,23.475,45.25,2.0,0.0,0.0,0.0,0.06666666666666667,0.5566666666666668,0.0,0.0,0.0,0.0,0.0,2.0,0.0,0.06666666666666667,0.0,0.0,1.0,13.532620162562976,0.0,0.0,0.0,2.0,0.06666666666666667,0.13333333333333333,-0.13333333333333333,-1.195,2.0,0.00422125126435766,24.225,45.95,2.0,0.0,0.0,0.0,0.06666666666666667,0.5833333333333335,1.0,0.0,6.0,12.524999999999999,1.0,10.7,0.0,0.0,5.0,12.91,2.0,14.025,1.0,0.0,1.0,0.0,3.0,25.650000000000002,1.0,0.0,1.0,0.0,3.0,26.150000000000002
rush_hour_seed1,rush_hour,1,62.2,77.2,28.0,8.714360079870437,6.0375000000000005,9.0,15.799999999999997,1.0,12.277244159804953,0.0,0.0,0.0,2.0,0.06666666666666667,0.06666666666666667,-0.06666666666666667,-0.5966666666666666,4.0,3.6454771146604377,7.550000000000001,21.05,2.0,0.0,0.13333333333333333,0.0,0.06666666666666667,0.3016666666666667,1.0,13.867294028968319,0.0,0.0,0.0,0.0,0.06666666666666667,0.0,0.0,0.0,1.0,13.859872291676002,0.0,0.0,0.0,2.0,0.06666666666666667,0.06666666666666667,-0.06666666666666667,-0.52,4.0,7.663597253278086,6.35,17.25,2.0,0.0,0.13333333333333333,0.0,0.06666666666666667,0.34833333333333333,2.0,4.60533262540697,7.025,14.05,1.0,0.0,0.06666666666666667,0.0,0.06666666666666667,0.4683333333333334,0.0,0.0,0.0,0.0,0.0,2.0,0.0,0.06666666666666667,0.0,0.0,0.0,0.0,0.0,0.0,0.0,2.0,0.0,0.26666666666666666,-0.2,-1.07,2.0,0.006205995605663274,24.475,46.25,2.0,0.0,0.0,0.0,0.06666666666666667,0.5900000000000001,0.0,0.0,0.0,0.0,0.0,2.0,0.0,0.06666666666666667,0.0,0.0,1.0,13.589659218258035,0.0,0.0,0.0,2.0,0.06666666666666667,0.13333333333333333,-0.13333333333333333,-1.2616666666666667,2.0,0.001535741948254415,25.225,46.95,2.0,0.0,0.0,0.0,0.06666666666666667,0.6166666666666668,1.0,0.0,6.0,13.191666666666665,2.0,5.85,0.0,0.0,6.0,11.424999999999999,2.0,14.525,1.0,0.0,1.0,0.0,3.0,26.316666666666666,1.0,0.0,1.0,0.0,3.0,26.816666666666666
rush_hour_seed1,rush_hour,1,63.2,78.2,28.0,8.338827087641276,6.358928571428572,9.0,14.799999999999997,1.0,12.252289612229045,0.0,0.0,0.0,2.0,0.0,0.06666666666666667,0.0,0.0,4.0,2.4445436943856524,8.05,22.05,2.0,0.0,0.06666666666666667,0.0,0.06666666666666667,0.38000000000000006,1.0,10.499113838874704,0.0,0.0,0.0,0.0,0.06666666666666667,0.0,0.0,0.0,1.0,13.886501073132969,0.0,0.0,0.0,2.0,0.06666666666666667,0.06666666666666667,0.0,0.0,4.0,6.568720987376636,6.85,18.25,2.0,0.0,0.13333333333333333,0.0,0.06666666666666667,0.34833333333333333,2.0,5.562482428913307,7.525,15.05,1.0,0.0,0.06666666666666667,0.0,0.0,0.49833333333333335,0.0,0.0,0.0,0.0,0.0,2.0,0.0,0.06666666666666667,0.0,0.0,0.0,0.0,0.0,0.0,0.0,2.0,0.0,0.26666666666666666,-0.13333333333333333,-0.5508333333333333,2.0,0.002886223190846048,25.475,47.25,2.0,0.0,0.0,0.0,0.06666666666666667,0.6233333333333334,0.0,0.0,0.0,0.0,0.0,2.0,0.0,0.06666666666666667,0.0,0.0,1.0,13.570887079571417,0.0,0.0,0.0,2.0,0.0,0.13333333333333333,-0.06666666666666667,-0.13,2.0,0.0005561247889724177,26.225,47.95,2.0,0.0,0.0,0.0,0.06666666666666667,0.65,1.0,0.0,6.0,13.858333333333333,2.0,6.35,0.0,0.0,6.0,12.091666666666667,2.0,15.025,1.0,0.0,0.0,0.0,3.0,26.983333333333334,1.0,0.0,1.0,0.0,3.0,27.483333333333334
rush_hour_seed1,rush_hour,1,72.2,87.2,30.0,5.83480755572121,9.298333333333334,13.0,5.799999999999997,1.0,11.973714509464335,0.0,0.0,0.0,2.0,0.06666666666666667,0.06666666666666667,0.0,0.0,6.0,2.803912139560652,9.858333333333333,31.05,4.0,0.0,0.13333333333333333,0.0,0.13333333333333333,0.3205555555555554,1.0,0.0,6.7,6.7,1.0,0.0,0.0,0.0,0.06666666666666667,0.44666666666666666,0.0,0.0,0.0,0.0,0.0,2.0,0.0,0.06666666666666667,0.0,0.0,5.0,0.15510055917476268,9.93,27.25,3.0,0.0,0.06666666666666667,0.0,0.06666666666666667,0.4053333333333333,2.0,4.232182132514601,12.025,24.05,1.0,0.0,0.06666666666666667,0.0,0.0,0.1983333333333333,1.0,13.885425712784054,0.0,0.0,0.0,2.0,0.06666666666666667,0.0,0.0,0.0,1.0,16.58833055713773,0.0,0.0,0.0,2.0,0.06666666666666667,0.06666666666666667,0.0,0.0,3.0,0.15594725048709307,22.983333333333334,56.25,2.0,0.0,0.06666666666666667,0.0,0.06666666666666667,0.1572222222222223,1.0,13.845059397531442,0.0,0.0,0.0,2.0,0.06666666666666667,0.0,0.0,0.0,1.0,13.876593540830072,0.0,0.0,0.0,2.0,0.06666666666666667,0.06666666666666667,0.0,0.0,2.0,0.0,35.225,56.95,2.0,0.0,0.0,0.0,0.06666666666666667,0.95,1.0,0.0,7.0,17.364285714285714,2.0,10.85,1.0,0.0,6.0,18.091666666666665,3.0,15.983333333333333,1.0,4.55,0.0,0.0,1.0,0.0,1.0,1.15,1.0,1.15,1.0,0.0
rush_hour_seed1,rush_hour,1,73.2,88.2,29.0,5.795728784590067,10.067241379310344,13.0,4.799999999999997,1.0,11.98610695388401,0.0,0.0,0.0,2.0,0.06666666666666667,0.06666666666666667,0.0,0.0,6.0,3.2459138726575247,10.525,32.05,4.0,0.0,0.13333333333333333,0.0,0.13333333333333333,0.33166666666666667,1.0,0.0,7.7,7.7,1.0,0.0,0.0,0.0,0.06666666666666667,0.5133333333333333,0.0,0.0,0.0,0.0,0.0,2.0,0.0,0.06666666666666667,0.0,0.0,5.0,0.5690016723283134,10.53,28.25,3.0,0.0,0.06666666666666667,0.0,0.06666666666666667,0.412,2.0,2.8422478957622888,12.525,25.05,1.0,0.0,0.0,0.0,0.0,0.5,1.0,13.837804197636434,0.0,0.0,0.0,2.0,0.06666666666666667,0.0,0.0,0.0,1.0,16.621824931707234,0.0,0.0,0.0,2.0,0.06666666666666667,0.06666666666666667,0.0,0.0,3.0,1.0288276368448053,23.650000000000002,57.25,2.0,0.0,0.06666666666666667,0.0,0.06666666666666667,0.16833333333333347,1.0,13.885331366555766,0.0,0.0,0.0,2.0,0.06666666666666667,0.0,0.0,0.0,1.0,13.854652008732083,0.0,0.0,0.0,2.0,0.06666666666666667,0.06666666666666667,0.0,0.0,2.0,0.0,36.225,57.95,2.0,0.0,0.0,0.0,0.06666666666666667,0.9833333333333333,1.0,0.25,7.0,18.07857142857143,2.0,11.35,1.0,0.0,6.0,18.758333333333333,3.0,16.65,1.0,5.55,0.0,0.0,0.0,0.0,1.0,2.15,1.0,2.15,1.0,0.0
rush_hour_seed1,rush_hour,1,74.2,89.2,29.0,5.94404451260912,10.546551724137931,14.0,3.799999999999997,1.0,11.982010091138072,0.0,0.0,0.0,2.0,0.06666666666666667,0.06666666666666667,0.0,0.0,6.0,3.623368396372116,11.191666666666665,33.05,4.0,0.0,0.13333333333333333,0.0,0.13333333333333333,0.34277777777777757,1.0,0.0,8.7,8.7,1.0,0.0,0.0,0.0,0.06666666666666667,0.58,0.0,0.0,0.0,0.0,0.0,2.0,0.0,0.06666666666666667,0.0,0.0,5.0,0.9465498429599235,11.309999999999999,29.25,4.0,0.0,0.06666666666666667,0.0,0.13333333333333333,0.4306666666666666,2.0,1.6977282822604303,13.025,26.05,1.0,0.0,0.0,0.0,0.0,0.5,1.0,13.828154334469,0.0,0.0,0.0,2.0,0.06666666666666667,0.0,0.0,0.0,1.0,16.629929566729814,0.0,0.0,0.0,2.0,0.06666666666666667,0.06666666666666667,0.0,0.0,3.0,1.6943563763753993,24.316666666666666,58.25,2.0,0.0,0.06666666666666667,0.0,0.06666666666666667,0.17944444444444443,1.0,13.87505381052848,0.0,0.0,0.0,2.0,0.06666666666666667,0.0,0.0,0.0,1.0,13.853618340381654,0.0,0.0,0.0,2.0,0.06666666666666667,0.06666666666666667,0.0,0.0,2.0,0.0,37.225,58.95,2.0,0.0,0.0,0.0,0.0,1.0,1.0,1.25,7.0,18.849999999999998,2.0,11.85,1.0,0.0,6.0,19.425,3.0,17.316666666666666,1.0,6.55,0.0,0.0,0.0,0.0,1.0,3.15,1.0,3.15,1.0,0.0
rush_hour_seed1,rush_hour,1,75.2,90.2,28.0,5.829756698018448,11.423214285714286,14.0,2.799999999999997,1.0,11.97318199563073,0.0,0.0,0.0,2.0,0.06666666666666667,0.06666666666666667,0.0,0.0,6.0,4.042854562161964,11.858333333333333,34.05,4.0,0.0,0.13333333333333333,0.0,0.13333333333333333,0.3538888888888888,1.0,0.0,9.7,9.7,1.0,0.0,0.0,0.0,0.06666666666666667,0.6466666666666666,0.0,0.0,0.0,0.0,0.0,2.0,0.0,0.06666666666666667,0.0,0.0,5.0,1.3351773077590727,12.11,30.25,4.0,0.0,0.06666666666666667,0.0,0.13333333333333333,0.45066666666666666,2.0,0.8647738249303623,13.525,27.05,1.0,0.0,0.0,0.0,0.0,0.5,1.0,13.827227833546932,0.0,0.0,0.0,2.0,0.06666666666666667,0.0,0.0,0.0,1.0,16.573337259359658,0.0,0.0,0.0,2.0,0.06666666666666667,0.06666666666666667,0.0,0.0,3.0,2.3739059445529116,24.983333333333334,59.25,2.0,0.0,0.06666666666666667,0.0,0.0,0.1672222222222222,1.0,13.82506823205622,0.0,0.0,0.0,2.0,0.06666666666666667,0.0,0.0,0.0,1.0,13.858109544101172,0.0,0.0,0.0,2.0,0.06666666666666667,0.06666666666666667,0.0,0.0,2.0,0.0,38.225,59.95,2.0,0.0,0.0,0.0,0.0,1.0,1.0,2.25,7.0,19.707142857142856,2.0,12.35,1.0,0.0,7.0,17.22142857142857,3.0,17.98333333333333,1.0,7.55,1.0,0.0,0.0,0.0,1.0,4.15,1.0,4.15,1.0,0.0
rush_hour_seed1,rush_hour,1,76.2,91.2,29.0,5.844693659933342,11.512068965517242,14.0,1.7999999999999972,1.0,11.988414685972966,0.0,0.0,0.0,2.0,0.06666666666666667,0.06666666666666667,0.0,0.0,6.0,4.430466356780464,12.524999999999999,35.05,4.0,0.0,0.13333333333333333,0.0,0.13333333333333333,0.3649999999999999,1.0,0.0,10.7,10.7,1.0,0.0,0.0,0.0,0.06666666666666667,0.7133333333333333,0.0,0.0,0.0,0.0,0.0,2.0,0.0,0.06666666666666667,0.0,0.0,5.0,1.6988940450822572,12.91,31.25,4.0,0.0,0.06666666666666667,0.0,0.13333333333333333,0.4706666666666667,2.0,0.39198475861911963,14.025,28.05,1.0,0.0,0.0,0.0,0.0,0.5,1.0,13.83622419626685,0.0,0.0,0.0,2.0,0.06666666666666667,0.0,0.0,0.0,1.0,16.652777465123684,0.0,0.0,0.0,2.0,0.06666666666666667,0.0,0.0,0.0,3.0,3.0461447903334027,25.650000000000002,60.25,2.0,0.0,0.06666666666666667,0.0,0.0,0.14500000000000005,1.0,13.888955223163357,0.0,0.0,0.0,2.0,0.06666666666666667,0.0,0.0,0.0,1.0,13.865304490837735,0.0,0.0,0.0,2.0,0.06666666666666667,0.06666666666666667,0.0,0.0,3.0,0.2897093830408209,26.150000000000002,60.95,2.0,0.0,0.06666666666666667,0.0,0.0,0.12833333333333338,1.0,3.25,7.0,20.564285714285713,2.0,12.85,1.0,0.0,7.0,17.79285714285714,3.0,18.65,1.0,8.55,1.0,0.0,0.0,0.0,1.0,5.15,1.0,5.15,1.0,0.0
rush_hour_seed1,rush_hour,1,77.2,92.2,31.0,5.760790280879698,11.220967741935485,15.0,0.7999999999999972,1.0,11.983310822001659,0.0,0.0,0.0,2.0,0.06666666666666667,0.06666666666666667,0.0,0.0,6.0,4.635664988401866,13.191666666666665,36.05,4.0,0.0,0.13333333333333333,0.0,0.13333333333333333,0.37611111111111095,2.0,0.0,5.85,11.7,2.0,0.0,0.06666666666666667,0.0,0.13333333333333333,0.38999999999999996,0.0,0.0,0.0,0.0,0.0,2.0,0.0,0.06666666666666667,0.0,0.0,6.0,2.081386461804863,11.424999999999999,32.25,4.0,0.0,0.13333333333333333,0.0,0.13333333333333333,0.33833333333333326,2.0,0.1527215883478019,14.525,29.05,1.0,0.0,0.0,0.0,0.0,0.5,1.0,13.868713213423035,0.0,0.0,0.0,2.0,0.06666666666666667,0.0,0.0,0.0,1.0,16.58118216487393,0.0,0.0,0.0,2.0,0.06666666666666667,0.0,0.0,0.0,3.0,3.821528122018419,26.316666666666666,61.25,2.0,0.0,0.06666666666666667,0.0,0.0,0.12277777777777767,1.0,13.853016637216788,0.0,0.0,0.0,2.0,0.06666666666666667,0.0,0.0,0.0,1.0,13.86798361876514,0.0,0.0,0.0,2.0,0.06666666666666667,0.06666666666666667,0.0,0.0,3.0,0.977110689259089,26.816666666666666,61.95,2.0,0.0,0.06666666666666667,0.0,0.0,0.106111111111111,1.0,4.25,7.0,21.42142857142857,2.0,13.35,1.0,0.0,7.0,18.45,3.0,19.316666666666666,1.0,9.55,1.0,0.0,0.0,0.0,1.0,6.15,1.0,6.15,1.0,0.0
rush_hour_seed1,rush_hour,1,83.2,98.2,29.0,5.736065790983415,8.755172413793103,12.0,9.799999999999997,1.0,11.987406663699076,0.0,0.0,0.0,0.0,0.06666666666666667,0.0,0.0,0.0,7.0,2.2559800823588243,14.735714285714284,42.05,4.0,0.0,0.13333333333333333,0.0,0.06666666666666667,0.39104761904761887,2.0,6.07801272139495,8.85,17.7,1.0,0.0,0.06666666666666667,0.0,0.0,0.41,1.0,11.232372701300102,0.0,0.0,0.0,0.0,0.06666666666666667,0.0,0.0,0.0,6.0,5.086933928817321,15.424999999999999,38.25,4.0,0.0,0.13333333333333333,0.0,0.06666666666666667,0.40083333333333326,2.0,0.0003612981996503753,19.974999999999998,35.05,2.0,0.0,0.0,0.0,0.06666666666666667,0.6633333333333332,1.0,0.0,0.55,0.55,1.0,0.0,0.06666666666666667,0.0,0.06666666666666667,0.03666666666666667,0.0,0.0,0.0,0.0,0.0,0.0,0.0,0.06666666666666667,0.0,0.0,2.0,8.706287248717148,0.0,0.0,0.0,2.0,0.06666666666666667,0.06666666666666667,-0.13333333333333333,-2.0316666666666667,1.0,12.970267277918907,0.0,0.0,0.0,0.0,0.06666666666666667,0.0,0.0,0.0,1.0,12.966604931378816,0.0,0.0,0.0,0.0,0.06666666666666667,0.0,0.0,0.0,2.0,8.084383988517992,0.0,0.0,0.0,2.0,0.06666666666666667,0.06666666666666667,-0.13333333333333333,-2.0816666666666666,1.0,0.0,7.0,0.0,2.0,16.55,0.0,0.0,6.0,0.0,3.0,23.316666666666663,0.0,0.0,1.0,0.0,0.0,0.0,0.0,0.0,2.0,6.075,0.0,0.0
rush_hour_seed1,rush_hour,1,84.2,99.2,29.0,5.650230597430516,9.168965517241379,12.0,8.799999999999997,1.0,11.971930071115494,0.0,0.0,0.0,0.0,0.06666666666666667,0.0,0.0,0.0,7.0,2.027846390593719,15.307142857142855,43.05,4.0,0.0,0.13333333333333333,0.0,0.06666666666666667,0.38914285714285696,2.0,6.941220248505706,9.35,18.7,1.0,0.0,0.06666666666666667,0.0,0.0,0.37666666666666665,1.0,11.242606230465956,0.0,0.0,0.0,0.0,0.06666666666666667,0.0,0.0,0.0,6.0,4.98763133472031,16.091666666666665,39.25,4.0,0.0,0.13333333333333333,0.0,0.06666666666666667,0.3952777777777777,2.0,0.00013097041813866223,20.974999999999998,36.05,2.0,0.0,0.0,0.0,0.06666666666666667,0.6966666666666665,1.0,0.0,1.55,1.55,1.0,0.0,0.0,0.0,0.06666666666666667,0.10333333333333333,0.0,0.0,0.0,0.0,0.0,0.0,0.0,0.06666666666666667,0.0,0.0,2.0,9.443672597529577,0.0,0.0,0.0,2.0,0.06666666666666667,0.06666666666666667,-0.13333333333333333,-2.0983333333333336,1.0,8.475598952979276,0.0,0.0,0.0,0.0,0.06666666666666667,0.0,0.0,0.0,1.0,8.479245228201467,0.0,0.0,0.0,0.0,0.06666666666666667,0.0,0.0,0.0,2.0,9.095615604429229,0.0,0.0,0.0,2.0,0.06666666666666667,0.06666666666666667,-0.13333333333333333,-2.1483333333333334,1.0,0.0,7.0,0.0,2.0,17.55,0.0,0.0,5.0,0.0,3.0,23.98333333333333,0.0,0.0,1.0,0.0,0.0,0.0,0.0,0.0,2.0,6.575,0.0,0.0
rush_hour_seed1,rush_hour,1,85.2,100.2,29.0,5.352241622043144,9.596551724137932,13.0,7.799999999999997,1.0,11.160251457652722,0.0,0.0,0.0,0.0,0.06666666666666667,0.0,0.0,0.0,7.0,1.8901384290790035,15.935714285714285,44.05,5.0,0.0,0.13333333333333333,0.0,0.06666666666666667,0.3803809523809523,2.0,6.936480715472717,9.85,19.7,1.0,0.0,0.06666666666666667,0.0,0.0,0.3433333333333333,1.0,11.236672500825282,0.0,0.0,0.0,0.0,0.06666666666666667,0.0,0.0,0.0,6.0,4.425550438128503,16.758333333333333,40.25,4.0,0.0,0.13333333333333333,0.0,0.06666666666666667,0.3897222222222222,2.0,4.734338140584662e-05,21.974999999999998,37.05,2.0,0.0,0.0,0.0,0.06666666666666667,0.7299999999999999,1.0,0.0,2.55,2.55,1.0,0.0,0.0,0.0,0.06666666666666667,0.16999999999999998,0.0,0.0,0.0,0.0,0.0,0.0,0.0,0.06666666666666667,0.0,0.0,1.0,13.041781914598753,0.0,0.0,0.0,2.0,0.06666666666666667,0.13333333333333333,-0.13333333333333333,-2.165,1.0,3.980650893558589,0.0,0.0,0.0,0.0,0.06666666666666667,0.0,0.0,0.0,1.0,3.98018739853299,0.0,0.0,0.0,0.0,0.06666666666666667,0.0,0.0,0.0,1.0,12.993801250123989,0.0,0.0,0.0,2.0,0.06666666666666667,0.13333333333333333,-0.13333333333333333,-2.2150000000000003,1.0,0.0,7.0,0.0,2.0,18.55,0.0,0.0,4.0,0.0,3.0,24.649999999999995,0.0,0.0,1.0,0.0,0.0,0.0,0.0,0.0,2.0,7.075,0.0,0.0
rush_hour_seed1,rush_hour,1,86.2,101.2,29.0,5.037776362649456,10.055172413793102,15.0,6.799999999999997,1.0,7.167364745017577,0.0,0.0,0.0,0.0,0.06666666666666667,0.0,0.0,0.0,7.0,1.867274792109608,16.65,45.05,5.0,0.0,0.13333333333333333,0.0,0.06666666666666667,0.3746666666666666,2.0,6.933025551040192,10.35,20.7,1.0,0.0,0.06666666666666667,0.0,0.0,0.30999999999999994,1.0,11.243561238976456,0.0,0.0,0.0,0.0,0.06666666666666667,0.0,0.0,0.0,6.0,3.9128515106028363,17.425,41.25,4.0,0.0,0.13333333333333333,0.0,0.06666666666666667,0.3841666666666667,2.0,1.7461276073744795e-05,22.974999999999998,38.05,2.0,0.0,0.0,0.0,0.06666666666666667,0.7633333333333332,1.0,0.0,3.55,3.55,1.0,0.0,0.0,0.0,0.06666666666666667,0.23666666666666666,0.0,0.0,0.0,0.0,0.0,0.0,0.0,0.06666666666666667,0.0,0.0,1.0,11.788634579979036,0.0,0.0,0.0,2.0,0.06666666666666667,0.13333333333333333,-0.13333333333333333,-2.231666666666667,1.0,0.0,0.15,0.15,1.0,0.0,0.06666666666666667,0.0,0.06666666666666667,0.01,1.0,0.0,0.15,0.15,1.0,0.0,0.06666666666666667,0.0,0.06666666666666667,0.01,1.0,13.022081805104726,0.0,0.0,0.0,2.0,0.06666666666666667,0.13333333333333333,-0.13333333333333333,-2.2816666666666667,1.0,0.0,6.0,0.0,2.0,19.55,0.0,0.0,4.0,0.0,3.0,25.316666666666663,0.0,0.0,1.0,0.0,0.0,0.0,0.0,0.0,2.0,7.575,0.0,0.0
rush_hour_seed1,rush_hour,1,87.2,102.2,30.0,4.821101126164618,10.219999999999999,15.0,5.799999999999997,1.0,3.1684745566842203,0.0,0.0,0.0,0.0,0.0,0.0,0.0,0.0,7.0,2.0119644155696323,17.364285714285714,46.05,5.0,0.0,0.06666666666666667,0.0,0.06666666666666667,0.5003968253968254,2.0,6.928022655865061,10.85,21.7,1.0,0.0,0.06666666666666667,0.0,0.0,0.2766666666666666,1.0,11.253186234400403,0.0,0.0,0.0,0.0,0.06666666666666667,0.0,0.0,0.0,6.0,2.837447121021942,18.091666666666665,42.25,4.0,0.0,0.06666666666666667,0.0,0.06666666666666667,0.544111111111111,3.0,0.5887629496468989,15.983333333333333,39.05,2.0,0.0,0.06666666666666667,0.0,0.06666666666666667,0.2638888888888888,1.0,0.0,4.55,4.55,1.0,0.0,0.0,0.0,0.06666666666666667,0.30333333333333334,0.0,0.0,0.0,0.0,0.0,0.0,0.0,0.06666666666666667,0.0,0.0,1.0,11.375610534425766,0.0,0.0,0.0,2.0,0.0,0.13333333333333333,-0.13333333333333333,-1.5322222222222224,1.0,0.0,1.15,1.15,1.0,0.0,0.0,0.0,0.06666666666666667,0.07666666666666666,1.0,0.0,1.15,1.15,1.0,0.0,0.0,0.0,0.06666666666666667,0.07666666666666666,1.0,13.022363072658527,0.0,0.0,0.0,2.0,0.06666666666666667,0.13333333333333333,-0.13333333333333333,-2.3483333333333336,1.0,0.0,5.0,0.0,2.0,20.55,0.0,0.0,3.0,0.0,3.0,25.98333333333333,0.0,0.0,1.0,0.0,0.0,0.0,0.0,0.0,2.0,8.075,0.0,0.0
rush_hour_seed1,rush_hour,1,88.2,103.2,30.0,4.741650833339837,10.728333333333332,16.0,4.799999999999997,1.0,0.0,0.25,0.25,1.0,0.0,0.0,0.0,0.06666666666666667,0.016666666666666666,7.0,2.0105074806461674,18.07857142857143,47.05,5.0,0.0,0.06666666666666667,0.0,0.06666666666666667,0.5035714285714286,2.0,6.925710013032076,11.35,22.7,1.0,0.0,0.06666666666666667,0.0,0.0,0.2433333333333333,1.0,11.252930954144597,0.0,0.0,0.0,0.0,0.06666666666666667,0.0,0.0,0.0,6.0,1.901466229758099,18.758333333333333,43.25,4.0,0.0,0.06666666666666667,0.0,0.06666666666666667,0.5485555555555556,3.0,1.2185727592357782,16.65,40.05,2.0,0.0,0.06666666666666667,0.0,0.06666666666666667,0.27499999999999986,1.0,0.0,5.55,5.55,1.0,0.0,0.0,0.0,0.06666666666666667,0.37,0.0,0.0,0.0,0.0,0.0,0.0,0.0,0.06666666666666667,0.0,0.0,0.0,0.0,0.0,0.0,0.0,2.0,0.0,0.2,-0.13333333333333333,-1.5766666666666669,1.0,0.0,2.15,2.15,1.0,0.0,0.0,0.0,0.06666666666666667,0.14333333333333334,1.0,0.0,2.15,2.15,1.0,0.0,0.0,0.0,0.06666666666666667,0.14333333333333334,1.0,12.976266696979629,0.0,0.0,0.0,2.0,0.06666666666666667,0.13333333333333333,-0.13333333333333333,-2.415,1.0,0.0,5.0,0.0,3.0,14.366666666666667,0.0,0.0,4.0,0.0,3.0,26.649999999999995,1.0,0.0,1.0,0.0,0.0,0.0,0.0,0.0,2.0,8.575,0.0,0.0
rush_hour_seed1,rush_hour,1,89.2,104.2,30.0,4.664506031700471,11.275,17.0,3.799999999999997,1.0,0.0,1.25,1.25,1.0,0.0,0.0,0.0,0.06666666666666667,0.08333333333333333,7.0,1.9887820312973776,18.849999999999998,48.05,6.0,0.0,0.06666666666666667,0.0,0.13333333333333333,0.5105555555555555,2.0,6.91871611262206,11.85,23.7,1.0,0.0,0.06666666666666667,0.0,0.0,0.21000000000000002,1.0,11.236100997158122,0.0,0.0,0.0,0.0,0.06666666666666667,0.0,0.0,0.0,6.0,1.1495223414943223,19.425,44.25,4.0,0.0,0.06666666666666667,0.0,0.0,0.5410000000000001,3.0,1.8523988351895195,17.316666666666666,41.05,2.0,0.0,0.06666666666666667,0.0,0.06666666666666667,0.2861111111111111,1.0,0.0,6.55,6.55,1.0,0.0,0.0,0.0,0.06666666666666667,0.43666666666666665,0.0,0.0,0.0,0.0,0.0,0.0,0.0,0.06666666666666667,0.0,0.0,0.0,0.0,0.0,0.0,0.0,2.0,0.0,0.2,-0.13333333333333333,-1.6211111111111112,1.0,0.0,3.15,3.15,1.0,0.0,0.0,0.0,0.06666666666666667,0.21,1.0,0.0,3.15,3.15,1.0,0.0,0.0,0.0,0.06666666666666667,0.21,1.0,13.031612168865149,0.0,0.0,0.0,2.0,0.06666666666666667,0.13333333333333333,-0.13333333333333333,-2.481666666666667,1.0,0.0,4.0,0.0,3.0,15.033333333333333,0.0,0.0,3.0,0.0,3.0,27.316666666666663,1.0,0.0,1.0,0.15,0.0,0.0,0.0,0.0,2.0,9.075,0.0,0.0
rush_hour_seed1,rush_hour,1,90.2,105.2,32.0,4.778849473937109,11.1015625,17.0,2.799999999999997,1.0,0.0,2.25,2.25,1.0,0.0,0.0,0.0,0.06666666666666667,0.15,7.0,1.9865123809958916,19.707142857142856,49.05,6.0,0.0,0.06666666666666667,0.0,0.13333333333333333,0.5232539682539682,2.0,6.615282783592982,12.35,24.7,1.0,0.0,0.06666666666666667,0.0,0.0,0.1766666666666667,1.0,11.255495239281355,0.0,0.0,0.0,0.0,0.06666666666666667,0.0,0.0,0.0,7.0,0.6319309211658714,17.22142857142857,45.25,4.0,0.0,0.13333333333333333,0.0,0.0,0.3407619047619048,3.0,2.493240808757444,17.98333333333333,42.05,2.0,0.0,0.06666666666666667,0.0,0.06666666666666667,0.297222222222222,1.0,0.0,7.55,7.55,1.0,0.0,0.0,0.0,0.06666666666666667,0.5033333333333333,1.0,13.826899247918046,0.0,0.0,0.0,0.0,0.06666666666666667,0.06666666666666667,0.0,0.0,0.0,0.0,0.0,0.0,0.0,2.0,0.0,0.2,-0.13333333333333333,-1.6655555555555557,1.0,0.0,4.15,4.15,1.0,0.0,0.0,0.0,0.06666666666666667,0.27666666666666667,1.0,0.0,4.15,4.15,1.0,0.0,0.0,0.0,0.06666666666666667,0.27666666666666667,1.0,12.978097998873901,0.0,0.0,0.0,2.0,0.06666666666666667,0.13333333333333333,-0.13333333333333333,-2.5483333333333333,1.0,0.0,3.0,0.0,3.0,15.700000000000001,0.0,0.0,2.0,0.0,3.0,27.98333333333333,1.0,0.0,1.0,1.15,0.0,0.0,0.0,0.0,2.0,9.575,0.0,0.0
rush_hour_seed1,rush_hour,1,91.2,106.2,32.0,4.746823321084208,11.6328125,17.0,1.7999999999999972,1.0,0.0,3.25,3.25,1.0,0.0,0.0,0.0,0.06666666666666667,0.21666666666666667,7.0,1.9816674563788543,20.564285714285713,50.05,6.0,0.0,0.06666666666666667,0.0,0.13333333333333333,0.535952380952381,2.0,4.958796155917235,12.85,25.7,1.0,0.0,0.06666666666666667,0.0,0.0,0.14333333333333337,1.0,11.234404328692964,0.0,0.0,0.0,0.0,0.06666666666666667,0.0,0.0,0.0,7.0,0.6287424464997586,17.79285714285714,46.25,4.0,0.0,0.13333333333333333,0.0,0.0,0.3255238095238094,3.0,3.1637477822324325,18.65,43.05,2.0,0.0,0.06666666666666667,0.0,0.06666666666666667,0.30833333333333324,1.0,0.0,8.55,8.55,1.0,0.0,0.0,0.0,0.06666666666666667,0.5700000000000001,1.0,13.85911695485469,0.0,0.0,0.0,0.0,0.06666666666666667,0.06666666666666667,0.0,0.0,0.0,0.0,0.0,0.0,0.0,2.0,0.0,0.2,-0.13333333333333333,-1.7100000000000002,1.0,0.0,5.15,5.15,1.0,0.0,0.0,0.0,0.06666666666666667,0.3433333333333334,1.0,0.0,5.15,5.15,1.0,0.0,0.0,0.0,0.06666666666666667,0.3433333333333334,1.0,13.007979279394831,0.0,0.0,0.0,2.0,0.0,0.13333333333333333,-0.13333333333333333,-1.7433333333333334,1.0,0.0,3.0,0.0,3.0,16.366666666666667,0.0,0.0,2.0,0.0,3.0,28.649999999999995,1.0,0.0,1.0,2.15,0.0,0.0,0.0,0.0,2.0,10.075,0.0,0.0
rush_hour_seed1,rush_hour,1,92.2,107.2,31.0,4.334694874048823,12.575806451612902,18.0,0.7999999999999972,1.0,0.0,4.25,4.25,1.0,0.0,0.0,0.0,0.06666666666666667,0.2833333333333333,7.0,1.79850789145024,21.42142857142857,51.05,6.0,0.0,0.06666666666666667,0.0,0.13333333333333333,0.5486507936507937,2.0,3.5029134528862835,13.35,26.7,1.0,0.0,0.0,0.0,-0.06666666666666667,0.5,1.0,11.244975276930983,0.0,0.0,0.0,0.0,0.06666666666666667,0.0,0.0,0.0,7.0,0.7881335097172004,18.45,47.25,5.0,0.0,0.06666666666666667,0.0,0.06666666666666667,0.4683333333333334,3.0,3.803068716074538,19.316666666666666,44.05,2.0,0.0,0.06666666666666667,0.0,0.06666666666666667,0.3194444444444444,1.0,0.0,9.55,9.55,1.0,0.0,0.0,0.0,0.06666666666666667,0.6366666666666667,1.0,13.887314639879625,0.0,0.0,0.0,0.0,0.06666666666666667,0.06666666666666667,0.0,0.0,0.0,0.0,0.0,0.0,0.0,2.0,0.0,0.2,-0.13333333333333333,-1.7544444444444445,1.0,0.0,6.15,6.15,1.0,0.0,0.0,0.0,0.06666666666666667,0.41000000000000003,1.0,0.0,6.15,6.15,1.0,0.0,0.0,0.0,0.06666666666666667,0.41000000000000003,1.0,12.978063855982954,0.0,0.0,0.0,2.0,0.0,0.13333333333333333,-0.13333333333333333,-1.7877777777777777,1.0,0.0,2.0,0.0,3.0,17.033333333333335,1.0,0.0,1.0,0.0,3.0,29.516666666666666,1.0,0.0,1.0,3.15,0.0,0.0,0.0,0.0,2.0,10.575,0.0,0.0
rush_hour_seed1,rush_hour,1,93.2,108.2,31.0,4.249696078895637,13.161290322580646,19.0,2.799999999999997,1.0,0.0,5.25,5.25,1.0,0.0,0.0,0.0,0.06666666666666667,0.35,7.0,1.334995804949689,22.27857142857143,52.05,6.0,0.0,0.06666666666666667,0.0,0.13333333333333333,0.5613492063492064,2.0,2.2008375493738925,13.85,27.7,1.0,0.0,0.0,0.0,0.0,0.5,1.0,11.22900980394965,0.0,0.0,0.0,0.0,0.06666666666666667,0.0,0.0,0.0,7.0,0.9977675478929442,19.185714285714287,48.25,6.0,0.0,0.06666666666666667,0.0,0.13333333333333333,0.472936507936508,3.0,4.510158156495899,19.98333333333333,45.05,2.0,0.0,0.06666666666666667,0.0,0.06666666666666667,0.3305555555555554,1.0,0.0,10.55,10.55,1.0,0.0,0.0,0.0,0.06666666666666667,0.7033333333333334,1.0,13.848983179301722,0.0,0.0,0.0,0.0,0.06666666666666667,0.0,0.0,0.0,0.0,0.0,0.0,0.0,0.0,1.0,0.0,0.2,-0.13333333333333333,-1.798888888888889,1.0,0.0,7.15,7.15,1.0,0.0,0.0,0.0,0.06666666666666667,0.4766666666666667,1.0,0.0,7.15,7.15,1.0,0.0,0.0,0.0,0.06666666666666667,0.4766666666666667,0.0,0.0,0.0,0.0,0.0,1.0,0.0,0.2,-0.13333333333333333,-1.8322222222222222,1.0,0.0,2.0,0.0,3.0,17.7,1.0,0.0,2.0,0.0,3.0,30.516666666666666,1.0,0.0,1.0,4.15,1.0,0.0,1.0,0.0,2.0,11.075,0.0,0.0
rush_hour_seed1,rush_hour,1,94.2,109.2,31.0,4.150903990719314,13.774193548387096,19.0,1.7999999999999972,1.0,0.0,6.25,6.25,1.0,0.0,0.0,0.0,0.06666666666666667,0.4166666666666667,7.0,0.9222407582832918,23.135714285714283,53.05,6.0,0.0,0.06666666666666667,0.0,0.13333333333333333,0.5740476190476189,2.0,1.2341126873982151,14.35,28.7,1.0,0.0,0.0,0.0,0.0,0.5,1.0,10.799476912275322,0.0,0.0,0.0,0.0,0.06666666666666667,0.0,0.0,0.0,7.0,1.2445700004784952,20.042857142857144,49.25,6.0,0.0,0.06666666666666667,0.0,0.13333333333333333,0.48563492063492075,3.0,4.609747756271003,20.65,46.05,2.0,0.0,0.06666666666666667,0.0,0.0,0.3116666666666666,1.0,0.0,11.55,11.55,1.0,0.0,0.0,0.0,0.06666666666666667,0.77,1.0,13.848593786020066,0.0,0.0,0.0,0.0,0.06666666666666667,0.0,0.0,0.0,0.0,0.0,0.0,0.0,0.0,1.0,0.0,0.2,-0.13333333333333333,-1.8433333333333335,1.0,0.0,8.15,8.15,1.0,0.0,0.0,0.0,0.06666666666666667,0.5433333333333333,1.0,0.0,8.15,8.15,1.0,0.0,0.0,0.0,0.06666666666666667,0.5433333333333333,0.0,0.0,0.0,0.0,0.0,1.0,0.0,0.2,-0.13333333333333333,-1.8766666666666667,1.0,0.0,2.0,0.0,3.0,18.366666666666667,1.0,0.0,2.0,0.0,3.0,31.516666666666666,1.0,0.0,1.0,5.15,1.0,0.0,1.0,0.0,2.0,11.575,0.0,0.0
rush_hour_seed1,rush_hour,1,95.2,110.2,31.0,3.968276640884578,14.387096774193548,19.0,0.7999999999999972,1.0,0.0,7.25,7.25,1.0,0.0,0.0,0.0,0.06666666666666667,0.48333333333333334,7.0,0.5672751684434899,23.99285714285714,54.05,6.0,0.0,0.06666666666666667,0.0,0.13333333333333333,0.5867460317460317,2.0,0.5954522422252948,14.85,29.7,1.0,0.0,0.0,0.0,0.0,0.5,1.0,6.803159558287923,0.0,0.0,0.0,0.0,0.0,0.0,0.0,0.0,7.0,1.508281447584548,20.900000000000002,50.25,6.0,0.0,0.06666666666666667,0.0,0.13333333333333333,0.4983333333333336,3.0,4.619333694455757,21.316666666666666,47.05,2.0,0.0,0.06666666666666667,0.0,0.0,0.28944444444444456,1.0,0.0,12.55,12.55,1.0,0.0,0.0,0.0,0.06666666666666667,0.8366666666666667,1.0,13.860600836216472,0.0,0.0,0.0,0.0,0.06666666666666667,0.0,0.0,0.0,0.0,0.0,0.0,0.0,0.0,1.0,0.0,0.2,-0.13333333333333333,-1.8877777777777778,1.0,0.0,9.15,9.15,1.0,0.0,0.0,0.0,0.06666666666666667,0.61,1.0,0.0,9.15,9.15,1.0,0.0,0.0,0.0,0.06666666666666667,0.61,0.0,0.0,0.0,0.0,0.0,1.0,0.0,0.2,-0.13333333333333333,-1.921111111111111,1.0,0.0,1.0,0.0,3.0,19.033333333333335,1.0,0.0,2.0,0.0,3.0,32.516666666666666,1.0,0.0,1.0,6.15,1.0,0.0,1.0,0.0,2.0,12.075,0.0,0.0
rush_hour_seed1,rush_hour,1,96.2,111.2,34.0,3.668473329136039,9.610294117647058,14.0,29.799999999999997,2.0,0.3917937749777493,0.0,0.0,0.0,2.0,0.06666666666666667,0.0,0.0,0.0,8.0,0.46835670340243435,14.8625,43.15,5.0,2.0,0.13333333333333333,0.0,0.06666666666666667,-0.06638888888888879,2.0,0.2480870225133442,15.35,30.7,1.0,0.0,0.0,0.0,0.0,0.5,1.0,3.955513528591587,0.0,0.0,0.0,2.0,0.0,0.0,0.0,0.0,7.0,1.8652974133799725,14.435714285714285,42.15,5.0,2.0,0.06666666666666667,0.0,0.06666666666666667,0.022936507936507883,3.0,4.62634411535575,21.98333333333333,48.05,2.0,0.0,0.06666666666666667,0.0,0.0,0.2672222222222222,1.0,0.4988393215425663,0.0,0.0,0.0,2.0,0.0,0.0,0.0,0.0,1.0,13.836591347211506,0.0,0.0,0.0,0.0,0.06666666666666667,0.0,0.0,0.0,0.0,0.0,0.0,0.0,0.0,0.0,0.0,0.2,-0.06666666666666667,-0.4822222222222222,1.0,0.5044977304692106,0.0,0.0,0.0,2.0,0.0,0.0,0.0,0.0,2.0,0.2295205740330868,5.075,10.15,1.0,0.0,0.06666666666666667,0.0,0.06666666666666667,0.3383333333333333,0.0,0.0,0.0,0.0,0.0,0.0,0.0,0.2,-0.06666666666666667,-0.5,1.0,0.0,1.0,0.0,3.0,19.7,1.0,0.0,2.0,0.0,3.0,33.516666666666666,1.0,0.0,1.0,7.15,1.0,0.0,1.0,0.0,2.0,12.575,0.0,0.0
rush_hour_seed1,rush_hour,1,97.2,112.2,34.0,4.425321548012737,4.1573529411764705,8.0,28.799999999999997,1.0,2.1778653466748965,0.0,0.0,0.0,2.0,0.06666666666666667,0.06666666666666667,0.0,0.0,7.0,1.0520874105160278,2.9714285714285715,12.4,2.0,2.0,0.06666666666666667,0.06666666666666667,-0.13333333333333333,-0.7461904761904761,2.0,0.09190764017899615,15.85,31.7,1.0,0.0,0.0,0.0,0.0,0.5,0.0,0.0,0.0,0.0,0.0,2.0,0.0,0.06666666666666667,0.0,0.0,6.0,2.7806744055435204,1.625,5.6,2.0,2.0,0.06666666666666667,0.06666666666666667,-0.13333333333333333,-0.8755555555555555,3.0,4.615237110925373,22.649999999999995,49.05,2.0,0.0,0.06666666666666667,0.0,0.0,0.2449999999999998,0.0,0.0,0.0,0.0,0.0,2.0,0.0,0.06666666666666667,0.0,0.0,1.0,13.867664946264123,0.0,0.0,0.0,0.0,0.06666666666666667,0.0,0.0,0.0,0.0,0.0,0.0,0.0,0.0,0.0,0.0,0.13333333333333333,0.0,0.0,0.0,0.0,0.0,0.0,0.0,2.0,0.0,0.06666666666666667,0.0,0.0,2.0,1.4345472699636355,5.575,11.15,1.0,0.0,0.06666666666666667,0.0,0.06666666666666667,0.3716666666666667,0.0,0.0,0.0,0.0,0.0,0.0,0.0,0.13333333333333333,0.0,0.0,1.0,0.0,1.0,0.0,3.0,20.366666666666667,1.0,0.0,2.0,0.0,3.0,34.516666666666666,1.0,0.0,1.0,8.15,1.0,0.0,1.0,0.0,2.0,13.075,0.0,0.0
rush_hour_seed1,rush_hour,1,98.2,113.2,34.0,5.259781090354586,3.388235294117647,5.0,27.799999999999997,1.0,3.845563370557592,0.0,0.0,0.0,2.0,0.06666666666666667,0.06666666666666667,0.0,0.0,7.0,2.0395947622336315,0.0,0.0,0.0,2.0,0.06666666666666667,0.06666666666666667,-0.26666666666666666,-0.9823809523809522,2.0,0.033787906389455724,16.55,32.7,2.0,0.0,0.0,0.0,0.06666666666666667,0.5133333333333334,0.0,0.0,0.0,0.0,0.0,2.0,0.0,0.06666666666666667,0.0,0.0,6.0,3.7395854117219387,0.0,0.0,0.0,2.0,0.06666666666666667,0.06666666666666667,-0.26666666666666666,-1.0283333333333333,3.0,4.628489298092124,23.316666666666663,50.05,2.0,0.0,0.06666666666666667,0.0,0.0,0.22277777777777766,0.0,0.0,0.0,0.0,0.0,2.0,0.0,0.06666666666666667,-0.06666666666666667,-0.03666666666666667,1.0,13.881315708848415,0.0,0.0,0.0,0.0,0.06666666666666667,0.0,0.0,0.0,0.0,0.0,0.0,0.0,0.0,0.0,0.0,0.13333333333333333,0.0,0.0,0.0,0.0,0.0,0.0,0.0,2.0,0.0,0.06666666666666667,0.0,0.0,2.0,2.537768175833474,6.075,12.15,1.0,0.0,0.06666666666666667,0.0,0.06666666666666667,0.405,0.0,0.0,0.0,0.0,0.0,0.0,0.0,0.13333333333333333,0.0,0.0,1.0,0.0,1.0,0.0,3.0,21.033333333333335,1.0,0.0,2.0,0.0,3.0,35.516666666666666,1.0,0.0,2.0,4.575,1.0,0.0,1.0,0.0,2.0,13.575,0.0,0.0
rush_hour_seed1,rush_hour,1,99.2,114.2,35.0,6.120403678489256,3.434285714285714,5.0,26.799999999999997,1.0,5.5762367461995135,0.0,0.0,0.0,2.0,0.06666666666666667,0.06666666666666667,0.0,0.0,7.0,3.253603388969398,0.0,0.0,0.0,2.0,0.13333333333333333,0.13333333333333333,-0.26666666666666666,-1.0204761904761903,2.0,0.012182871525763313,17.55,33.7,2.0,0.0,0.0,0.0,0.06666666666666667,0.5466666666666667,0.0,0.0,0.0,0.0,0.0,2.0,0.0,0.06666666666666667,0.0,0.0,5.0,5.002590282770431,0.0,0.0,0.0,2.0,0.06666666666666667,0.13333333333333333,-0.26666666666666666,-1.0727777777777776,3.0,4.2149379767366275,23.98333333333333,51.05,2.0,0.0,0.06666666666666667,0.0,0.0,0.20055555555555551,0.0,0.0,0.0,0.0,0.0,2.0,0.0,0.06666666666666667,-0.06666666666666667,-0.10333333333333333,1.0,13.872869789116086,0.0,0.0,0.0,0.0,0.06666666666666667,0.0,0.0,0.0,0.0,0.0,0.0,0.0,0.0,0.0,0.0,0.13333333333333333,0.0,0.0,0.0,0.0,0.0,0.0,0.0,2.0,0.0,0.06666666666666667,0.0,0.0,2.0,3.5818174921521813,6.575,13.15,1.0,0.0,0.06666666666666667,0.0,0.06666666666666667,0.43833333333333335,0.0,0.0,0.0,0.0,0.0,0.0,0.0,0.13333333333333333,0.0,0.0,0.0,0.0,0.0,0.0,3.0,21.7,1.0,0.0,2.0,0.0,3.0,36.516666666666666,1.0,0.0,2.0,5.075,1.0,0.0,1.0,0.0,2.0,14.075,1.0,0.0
rush_hour_seed1,rush_hour,1,100.2,115.2,35.0,7.088222180047346,3.5771428571428574,5.0,25.799999999999997,1.0,7.245885247702322,0.0,0.0,0.0,2.0,0.06666666666666667,0.06666666666666667,0.0,0.0,7.0,4.898215622284132,0.0,0.0,0.0,2.0,0.13333333333333333,0.13333333333333333,-0.3333333333333333,-1.0623809523809524,2.0,0.004438626616482412,18.55,34.7,2.0,0.0,0.0,0.0,0.06666666666666667,0.5800000000000001,0.0,0.0,0.0,0.0,0.0,2.0,0.0,0.06666666666666667,0.0,0.0,4.0,6.243161705215061,0.0,0.0,0.0,2.0,0.06666666666666667,0.2,-0.26666666666666666,-1.1172222222222221,3.0,3.1267575152466365,24.649999999999995,52.05,2.0,0.0,0.06666666666666667,0.0,0.0,0.17833333333333315,0.0,0.0,0.0,0.0,0.0,2.0,0.0,0.06666666666666667,-0.06666666666666667,-0.16999999999999998,1.0,13.839329877101118,0.0,0.0,0.0,0.0,0.06666666666666667,0.0,0.0,0.0,0.0,0.0,0.0,0.0,0.0,0.0,0.0,0.06666666666666667,0.0,0.0,0.0,0.0,0.0,0.0,0.0,2.0,0.0,0.06666666666666667,0.0,0.0,2.0,4.672100644160612,7.075,14.15,1.0,0.0,0.06666666666666667,0.0,0.06666666666666667,0.4716666666666667,0.0,0.0,0.0,0.0,0.0,0.0,0.0,0.06666666666666667,0.0,0.0,0.0,0.0,1.0,0.0,3.0,22.366666666666664,1.0,0.0,1.0,0.0,3.0,37.516666666666666,1.0,0.0,2.0,5.575,1.0,0.0,1.0,0.0,2.0,14.875,1.0,0.0
rush_hour_seed1,rush_hour,1,101.2,116.2,35.0,7.924791311513098,3.7199999999999998,5.0,24.799999999999997,1.0,8.952250300915981,0.0,0.0,0.0,2.0,0.06666666666666667,0.06666666666666667,0.0,0.0,6.0,6.5015982203436495,0.0,0.0,0.0,2.0,0.13333333333333333,0.2,-0.3333333333333333,-1.1099999999999999,2.0,0.0016139716518424887,19.55,35.7,2.0,0.0,0.0,0.0,0.06666666666666667,0.6133333333333334,0.0,0.0,0.0,0.0,0.0,2.0,0.0,0.06666666666666667,0.0,0.0,4.0,7.611500937060795,0.0,0.0,0.0,2.0,0.06666666666666667,0.2,-0.26666666666666666,-1.1616666666666666,3.0,2.157775387105978,25.316666666666663,53.05,2.0,0.0,0.06666666666666667,0.0,0.0,0.156111111111111,0.0,0.0,0.0,0.0,0.0,2.0,0.0,0.06666666666666667,-0.06666666666666667,-0.23666666666666666,1.0,12.973052933066198,0.0,0.0,0.0,0.0,0.06666666666666667,0.0,0.0,0.0,0.0,0.0,0.0,0.0,0.0,0.0,0.0,0.06666666666666667,0.0,0.0,0.0,0.0,0.0,0.0,0.0,2.0,0.0,0.06666666666666667,-0.06666666666666667,-0.01,2.0,5.7581024963693626,7.575,15.15,1.0,0.0,0.06666666666666667,0.0,0.0,0.495,0.0,0.0,0.0,0.0,0.0,0.0,0.0,0.06666666666666667,0.0,0.0,0.0,0.0,1.0,0.0,3.0,23.03333333333333,1.0,0.0,1.0,0.0,4.0,28.8875,1.0,0.0,2.0,6.075,1.0,0.0,1.0,0.0,2.0,15.875,1.0,0.0
rush_hour_seed1,rush_hour,1,102.2,117.2,34.0,8.408152572763917,3.9764705882352938,5.0,23.799999999999997,1.0,10.621882846907308,0.0,0.0,0.0,2.0,0.06666666666666667,0.06666666666666667,0.0,0.0,5.0,8.378871958246656,0.0,0.0,0.0,2.0,0.13333333333333333,0.26666666666666666,-0.3333333333333333,-1.1576190476190475,2.0,0.0005909198963872164,20.55,36.7,2.0,0.0,0.0,0.0,0.06666666666666667,0.6466666666666667,0.0,0.0,0.0,0.0,0.0,2.0,0.0,0.06666666666666667,0.0,0.0,3.0,8.53479903181279,0.0,0.0,0.0,2.0,0.06666666666666667,0.26666666666666666,-0.26666666666666666,-1.206111111111111,3.0,1.3484690007962226,25.98333333333333,54.05,2.0,0.0,0.0,0.0,0.0,0.6666666666666665,0.0,0.0,0.0,0.0,0.0,2.0,0.0,0.06666666666666667,-0.06666666666666667,-0.30333333333333334,1.0,8.473052933066205,0.0,0.0,0.0,0.0,0.06666666666666667,0.0,0.0,0.0,0.0,0.0,0.0,0.0,0.0,0.0,0.0,0.06666666666666667,0.0,0.0,0.0,0.0,0.0,0.0,0.0,2.0,0.0,0.06666666666666667,-0.06666666666666667,-0.07666666666666666,2.0,6.782417622753042,8.075,16.15,1.0,0.0,0.06666666666666667,0.0,0.0,0.4616666666666666,0.0,0.0,0.0,0.0,0.0,0.0,0.0,0.06666666666666667,0.0,0.0,0.0,0.0,1.0,0.0,3.0,23.7,1.0,0.0,1.0,0.0,4.0,29.6375,1.0,0.0,2.0,6.575,1.0,0.0,1.0,0.0,2.0,16.875,1.0,0.0
rush_hour_seed1,rush_hour,1,114.2,129.25,36.0,8.67356592512001,5.915277777777778,7.0,11.799999999999997,0.0,0.0,0.0,0.0,0.0,2.0,0.0,0.06666666666666667,0.0,0.0,0.0,0.0,0.0,0.0,0.0,2.0,0.0,0.4666666666666667,0.0,0.0,3.0,4.582550011130464,21.7,48.7,2.0,0.0,0.06666666666666667,0.0,0.0,0.27666666666666656,1.0,11.987756327551324,0.0,0.0,0.0,2.0,0.06666666666666667,0.0,0.0,0.0,2.0,13.831196198568739,0.0,0.0,0.0,2.0,0.13333333333333333,0.3333333333333333,0.0,0.0,3.0,1.564529457673158e-05,36.516666666666666,66.05,3.0,0.0,0.0,0.0,0.06666666666666667,0.8355555555555557,1.0,11.981097159942147,0.0,0.0,0.0,2.0,0.06666666666666667,0.0,0.0,0.0,2.0,1.7885096126583424,5.075,10.15,1.0,0.0,0.06666666666666667,0.0,0.06666666666666667,0.3383333333333333,1.0,13.844739840660477,0.0,0.0,0.0,0.0,0.06666666666666667,0.0,0.0,0.0,1.0,15.448294676657767,0.0,0.0,0.0,2.0,0.06666666666666667,0.0,0.0,0.0,2.0,0.08618671093783159,14.075,28.15,1.0,0.0,0.0,0.0,0.0,0.49999999999999994,1.0,13.856408358532937,0.0,0.0,0.0,0.0,0.06666666666666667,0.0,0.0,0.0,2.0,0.0,5.0,0.0,5.0,7.55,2.0,0.0,5.0,0.0,6.0,12.266666666666666,1.0,0.0,8.0,3.15,2.0,3.6,1.0,0.0,5.0,11.57,2.0,0.75
rush_hour_seed1,rush_hour,1,115.2,130.25,37.0,8.87106759171594,5.96081081081081,8.0,10.799999999999997,0.0,0.0,0.0,0.0,0.0,2.0,0.0,0.06666666666666667,0.0,0.0,1.0,13.839303598467959,0.0,0.0,0.0,2.0,0.06666666666666667,0.4666666666666667,0.0,0.0,3.0,4.589716995289731,22.366666666666664,49.7,2.0,0.0,0.06666666666666667,0.0,0.0,0.2544444444444442,1.0,11.99768269895576,0.0,0.0,0.0,2.0,0.06666666666666667,0.0,0.0,0.0,1.0,11.321392202625901,0.0,0.0,0.0,2.0,0.06666666666666667,0.26666666666666666,0.0,0.0,3.0,5.6559085951656105e-06,37.516666666666666,67.05,3.0,0.0,0.0,0.0,0.06666666666666667,0.8577777777777781,1.0,11.972989578999114,0.0,0.0,0.0,2.0,0.06666666666666667,0.0,0.0,0.0,2.0,2.7588035352363267,5.575,11.15,1.0,0.0,0.06666666666666667,0.0,0.06666666666666667,0.3716666666666667,1.0,13.884628667574143,0.0,0.0,0.0,0.0,0.06666666666666667,0.0,0.0,0.0,1.0,15.386379279121758,0.0,0.0,0.0,2.0,0.06666666666666667,0.0,0.0,0.0,2.0,0.02463050637664103,14.875,29.15,2.0,0.0,0.0,0.0,0.06666666666666667,0.52,1.0,13.84573599021067,0.0,0.0,0.0,0.0,0.06666666666666667,0.0,0.0,0.0,2.0,0.0,5.0,0.0,4.0,0.0,2.0,0.0,5.0,0.0,5.0,0.0,1.0,0.0,8.0,3.275,2.0,4.1,1.0,0.0,5.0,11.97,2.0,1.25
rush_hour_seed1,rush_hour,1,116.2,131.25,37.0,8.567678709558407,6.177027027027027,8.0,9.799999999999997,0.0,0.0,0.0,0.0,0.0,2.0,0.0,0.06666666666666667,0.0,0.0,1.0,13.83070219600806,0.0,0.0,0.0,2.0,0.06666666666666667,0.4,0.0,0.0,3.0,3.5031211528997357,23.03333333333333,50.7,2.0,0.0,0.06666666666666667,0.0,0.0,0.23222222222222205,1.0,11.97873496793909,0.0,0.0,0.0,2.0,0.06666666666666667,0.0,0.0,0.0,1.0,11.365365442137152,0.0,0.0,0.0,2.0,0.06666666666666667,0.26666666666666666,0.0,0.0,4.0,0.4447411437990097,28.8875,68.05,3.0,0.0,0.06666666666666667,0.0,0.06666666666666667,0.23805555555555577,1.0,11.98580962922657,0.0,0.0,0.0,2.0,0.06666666666666667,0.0,0.0,0.0,2.0,3.642636499429751,6.075,12.15,1.0,0.0,0.06666666666666667,0.0,0.06666666666666667,0.405,1.0,13.832293355730362,0.0,0.0,0.0,0.0,0.06666666666666667,0.0,0.0,0.0,1.0,15.391855678167195,0.0,0.0,0.0,2.0,0.06666666666666667,0.0,0.0,0.0,2.0,0.006896393081482629,15.875,30.15,2.0,0.0,0.0,0.0,0.06666666666666667,0.5533333333333333,1.0,13.827269006479765,0.0,0.0,0.0,0.0,0.06666666666666667,0.0,0.0,0.0,2.0,0.0,6.0,0.0,4.0,0.0,2.0,0.0,5.0,0.0,5.0,0.0,2.0,0.0,8.0,3.4,3.0,3.0666666666666664,2.0,0.0,5.0,12.370000000000001,2.0,1.75
rush_hour_seed1,rush_hour,1,117.2,132.25,36.0,8.489626889000986,6.570833333333333,8.0,8.799999999999997,0.0,0.0,0.0,0.0,0.0,2.0,0.0,0.06666666666666667,0.0,0.0,1.0,13.846423107839655,0.0,0.0,0.0,2.0,0.06666666666666667,0.3333333333333333,0.0,0.0,3.0,2.4844927315003678,23.7,51.7,2.0,0.0,0.06666666666666667,0.0,0.0,0.2099999999999999,1.0,11.994511304099579,0.0,0.0,0.0,2.0,0.06666666666666667,0.0,0.0,0.0,1.0,11.34141585571171,0.0,0.0,0.0,2.0,0.06666666666666667,0.2,0.0,0.0,4.0,0.8737840208595666,29.6375,69.05,3.0,0.0,0.06666666666666667,0.0,0.06666666666666667,0.24361111111111125,1.0,10.595427474263884,0.0,0.0,0.0,2.0,0.06666666666666667,0.0,0.0,0.0,2.0,4.60988583797629,6.575,13.15,1.0,0.0,0.06666666666666667,0.0,0.06666666666666667,0.43833333333333335,1.0,13.832285457829713,0.0,0.0,0.0,0.0,0.06666666666666667,0.0,0.0,0.0,1.0,15.377666287072005,0.0,0.0,0.0,2.0,0.06666666666666667,0.0,0.0,0.0,2.0,0.001938046689260519,16.875,31.15,2.0,0.0,0.0,0.0,0.06666666666666667,0.5866666666666667,1.0,13.887350891586394,0.0,0.0,0.0,0.0,0.06666666666666667,0.0,0.0,0.0,2.0,0.0,7.0,0.0,4.0,0.0,2.0,0.0,6.0,0.0,5.0,0.0,2.0,0.0,9.0,3.1333333333333333,3.0,3.4,2.0,0.0,6.0,10.641666666666667,3.0,1.5
rush_hour_seed1,rush_hour,1,118.2,133.25,36.0,8.67858535636281,6.793055555555555,8.0,7.799999999999997,0.0,0.0,0.0,0.0,0.0,2.0,0.0,0.06666666666666667,0.0,0.0,1.0,13.860666785113281,0.0,0.0,0.0,2.0,0.06666666666666667,0.3333333333333333,0.0,0.0,3.0,1.6064369451374747,24.366666666666664,52.7,2.0,0.0,0.0,0.0,0.0,0.6666666666666664,1.0,11.980795627443586,0.0,0.0,0.0,2.0,0.06666666666666667,0.0,0.0,0.0,1.0,11.323040239324945,0.0,0.0,0.0,2.0,0.06666666666666667,0.26666666666666666,0.0,0.0,4.0,1.296940252473395,30.3875,70.05,3.0,0.0,0.06666666666666667,0.0,0.06666666666666667,0.24916666666666695,0.0,0.0,0.0,0.0,0.0,2.0,0.0,0.06666666666666667,0.0,0.0,2.0,5.617261495707033,7.075,14.15,1.0,0.0,0.06666666666666667,0.0,0.06666666666666667,0.4716666666666667,1.0,13.837478753915057,0.0,0.0,0.0,0.0,0.06666666666666667,0.0,0.0,0.0,1.0,15.416133534893394,0.0,0.0,0.0,2.0,0.06666666666666667,0.0,0.0,0.0,2.0,0.0005355518751107635,17.875,32.15,2.0,0.0,0.0,0.0,0.06666666666666667,0.62,1.0,13.844396828251194,0.0,0.0,0.0,0.0,0.06666666666666667,0.0,0.0,0.0,2.0,0.0,7.0,0.0,3.0,0.0,2.0,0.0,6.0,0.0,4.0,0.0,2.0,0.0,9.0,3.2444444444444445,3.0,3.733333333333333,2.0,0.0,6.0,10.975,3.0,1.8333333333333333
rush_hour_seed1,rush_hour,1,119.2,134.25,35.0,8.895516335899922,7.215714285714285,8.0,6.799999999999997,0.0,0.0,0.0,0.0,0.0,2.0,0.0,0.06666666666666667,0.0,0.0,1.0,13.84685088758357,0.0,0.0,0.0,2.0,0.06666666666666667,0.26666666666666666,0.0,0.0,3.0,0.9132018982796883,25.03333333333333,53.7,2.0,0.0,0.0,0.0,0.0,0.6666666666666665,1.0,11.986521366743837,0.0,0.0,0.0,2.0,0.06666666666666667,0.0,0.0,0.0,1.0,11.353518137913815,0.0,0.0,0.0,2.0,0.06666666666666667,0.2,0.0,0.0,4.0,1.7208547625287218,31.1375,71.05,3.0,0.0,0.06666666666666667,0.0,0.06666666666666667,0.2547222222222224,0.0,0.0,0.0,0.0,0.0,2.0,0.0,0.06666666666666667,0.0,0.0,2.0,6.634936378307009,7.575,15.15,1.0,0.0,0.06666666666666667,0.0,0.0,0.495,1.0,12.966743929831228,0.0,0.0,0.0,0.0,0.06666666666666667,0.0,0.0,0.0,1.0,13.053053916290402,0.0,0.0,0.0,2.0,0.06666666666666667,0.0,0.0,0.0,2.0,0.00015055673953727122,18.875,33.15,2.0,0.0,0.0,0.0,0.06666666666666667,0.6533333333333334,1.0,13.841493428245887,0.0,0.0,0.0,0.0,0.06666666666666667,0.0,0.0,0.0,2.0,0.1,8.0,0.0,2.0,0.0,2.0,0.075,6.0,0.016666666666666666,4.0,0.0,2.0,0.0,10.0,3.105,3.0,4.066666666666666,2.0,0.0,6.0,11.308333333333332,3.0,2.1666666666666665
rush_hour_seed1,rush_hour,1,120.2,135.25,46.0,8.784269498129706,5.664130434782609,8.0,5.799999999999997,1.0,13.853739157747478,0.0,0.0,0.0,2.0,0.06666666666666667,0.06666666666666667,0.0,0.0,2.0,12.930824110702961,0.0,0.0,0.0,2.0,0.13333333333333333,0.2,0.0,0.0,4.0,0.5542659527573158,19.275,54.7,2.0,0.0,0.06666666666666667,0.0,0.0,0.23833333333333317,2.0,12.11578296260792,0.0,0.0,0.0,2.0,0.13333333333333333,0.0,0.0,0.0,2.0,11.466136599438068,0.0,0.0,0.0,2.0,0.13333333333333333,0.13333333333333333,0.0,0.0,5.0,2.186571349685832,25.509999999999998,72.05,3.0,0.0,0.13333333333333333,0.0,0.06666666666666667,-0.16488888888888883,1.0,11.989385394926648,0.0,0.0,0.0,2.0,0.06666666666666667,0.06666666666666667,0.0,0.0,3.0,6.823480955759688,5.383333333333333,16.15,1.0,0.0,0.13333333333333333,0.0,0.0,0.28222222222222215,2.0,8.984492014482607,0.0,0.0,0.0,0.0,0.13333333333333333,0.0,0.0,0.0,1.0,11.979194586910307,0.0,0.0,0.0,2.0,0.06666666666666667,0.0,0.0,0.0,3.0,0.09756988270275556,13.25,34.15,2.0,0.0,0.06666666666666667,0.0,0.06666666666666667,0.24500000000000005,2.0,13.610033906468423,0.0,0.0,0.0,0.0,0.13333333333333333,0.0,0.0,0.0,2.0,0.6,8.0,0.0,2.0,0.0,2.0,0.575,6.0,0.18333333333333335,3.0,0.0,2.0,0.0,10.0,3.3049999999999997,3.0,4.3999999999999995,2.0,0.0,7.0,9.978571428571428,3.0,2.5
rush_hour_seed1,rush_hour,1,121.2,136.25,47.0,9.210449588882506,5.713829787234043,8.0,4.799999999999997,1.0,13.88949836383341,0.0,0.0,0.0,2.0,0.06666666666666667,0.06666666666666667,0.0,0.0,2.0,12.911468045624208,0.0,0.0,0.0,2.0,0.13333333333333333,0.2,0.0,0.0,4.0,0.89975390415086,19.775,55.7,2.0,0.0,0.06666666666666667,0.0,0.0,0.2272222222222221,2.0,11.746259945093517,0.0,0.0,0.0,2.0,0.13333333333333333,0.0,0.0,0.0,3.0,12.459639166716372,0.0,0.0,0.0,2.0,0.2,0.13333333333333333,0.0,0.0,5.0,2.8891249737377733,26.109999999999996,73.05,3.0,0.0,0.13333333333333333,0.0,0.06666666666666667,-0.16933333333333328,1.0,11.986501972319093,0.0,0.0,0.0,2.0,0.06666666666666667,0.06666666666666667,0.0,0.0,4.0,7.473505331756491,4.2875,17.15,1.0,0.0,0.2,0.0,0.0,0.1425,2.0,7.7648482046236085,0.0,0.0,0.0,0.0,0.13333333333333333,0.0,0.0,0.0,1.0,11.98922338940436,0.0,0.0,0.0,2.0,0.06666666666666667,0.0,0.0,0.0,3.0,0.7049766480918925,13.916666666666666,35.15,2.0,0.0,0.06666666666666667,0.0,0.06666666666666667,0.2561111111111111,2.0,13.576336763303377,0.0,0.0,0.0,0.0,0.13333333333333333,0.0,0.0,0.0,2.0,1.1,8.0,0.0375,2.0,0.0,2.0,1.075,6.0,0.35000000000000003,3.0,0.0,2.0,0.15,10.0,3.5050000000000003,3.0,4.733333333333333,2.0,0.15,7.0,10.264285714285714,3.0,2.8333333333333335
rush_hour_seed1,rush_hour,1,122.2,137.25,47.0,9.225626981915164,5.8872340425531915,9.0,3.799999999999997,1.0,13.83499219740741,0.0,0.0,0.0,2.0,0.06666666666666667,0.06666666666666667,0.0,0.0,4.0,11.786590512092387,0.0,0.0,0.0,2.0,0.26666666666666666,0.13333333333333333,0.0,0.0,4.0,1.269506289957025,20.275,56.7,2.0,0.0,0.06666666666666667,0.0,0.0,0.2161111111111109,1.0,13.867555558194873,0.0,0.0,0.0,2.0,0.06666666666666667,0.06666666666666667,0.0,0.0,3.0,12.779045039384044,0.0,0.0,0.0,2.0,0.2,0.06666666666666667,0.0,0.0,5.0,3.6280303171411132,26.709999999999997,74.05,3.0,0.0,0.13333333333333333,0.0,0.0,-0.18711111111111123,1.0,11.998327088383958,0.0,0.0,0.0,2.0,0.06666666666666667,0.06666666666666667,0.0,0.0,4.0,8.368356759162051,4.5375,18.15,1.0,0.0,0.2,0.0,0.0,0.09249999999999999,2.0,6.681545757406275,0.075,0.15,1.0,0.0,0.13333333333333333,0.0,0.06666666666666667,0.005,1.0,11.991588209567126,0.0,0.0,0.0,2.0,0.06666666666666667,0.0,0.0,0.0,4.0,1.538331921692723,10.9375,36.15,2.0,0.0,0.13333333333333333,0.0,0.06666666666666667,0.024166666666666715,2.0,13.60282763302105,0.0,0.0,0.0,0.0,0.13333333333333333,0.0,0.0,0.0,3.0,1.0666666666666667,9.0,0.14444444444444446,2.0,0.0,3.0,1.05,6.0,0.5166666666666667,2.0,0.0,2.0,0.65,10.0,3.7050000000000005,3.0,5.066666666666666,2.0,0.65,7.0,10.549999999999999,3.0,3.1666666666666665
rush_hour_seed1,rush_hour,1,123.2,138.25,47.0,9.445297815795252,6.084042553191489,10.0,2.799999999999997,1.0,13.83661128570093,0.0,0.0,0.0,2.0,0.06666666666666667,0.06666666666666667,0.0,0.0,4.0,11.738861284375895,0.0,0.0,0.0,2.0,0.26666666666666666,0.13333333333333333,0.0,0.0,4.0,1.7044167438177429,20.8375,57.7,3.0,0.0,0.06666666666666667,0.0,0.06666666666666667,0.2091666666666666,1.0,13.842916070499923,0.0,0.0,0.0,2.0,0.06666666666666667,0.06666666666666667,0.0,0.0,3.0,12.861847587489946,0.0,0.0,0.0,2.0,0.13333333333333333,0.06666666666666667,0.0,0.0,5.0,4.0609548881336215,27.310000000000002,75.05,3.0,0.0,0.13333333333333333,0.0,0.0,-0.21377777777777757,1.0,11.970057203290052,0.0,0.0,0.0,2.0,0.06666666666666667,0.06666666666666667,0.0,0.0,5.0,9.213666828240802,3.8299999999999996,19.15,1.0,0.0,0.26666666666666666,0.0,0.0,-0.02133333333333338,2.0,6.660956616245676,0.575,1.15,1.0,0.0,0.06666666666666667,0.0,0.06666666666666667,0.03833333333333333,1.0,11.976326561768074,0.0,0.0,0.0,2.0,0.06666666666666667,0.06666666666666667,0.0,0.0,4.0,2.497449086387297,11.4375,37.15,2.0,0.0,0.13333333333333333,0.0,0.06666666666666667,0.024166666666666715,2.0,13.62012046302855,0.0,0.0,0.0,0.0,0.13333333333333333,0.0,0.0,0.0,3.0,1.4000000000000001,10.0,0.22999999999999998,2.0,0.0,3.0,1.3833333333333335,7.0,0.6285714285714284,2.0,0.0,2.0,1.15,10.0,3.9050000000000002,3.0,5.483333333333333,2.0,1.15,7.0,10.835714285714285,3.0,3.6833333333333336
rush_hour_seed1,rush_hour,1,124.2,139.25,46.0,9.5651626862668,6.433695652173912,10.0,1.7999999999999972,1.0,13.836553326901049,0.0,0.0,0.0,2.0,0.06666666666666667,0.06666666666666667,0.0,0.0,4.0,11.680848973261376,0.0,0.0,0.0,2.0,0.26666666666666666,0.13333333333333333,0.0,0.0,4.0,2.1603342750862184,21.5875,58.7,3.0,0.0,0.06666666666666667,0.0,0.06666666666666667,0.2147222222222221,1.0,13.854278819233878,0.0,0.0,0.0,2.0,0.06666666666666667,0.06666666666666667,0.0,0.0,3.0,13.283737794763317,0.0,0.0,0.0,2.0,0.2,0.13333333333333333,0.0,0.0,5.0,4.452348730497354,27.910000000000004,76.05,3.0,0.0,0.13333333333333333,0.0,0.0,-0.24044444444444413,1.0,11.979082832790446,0.0,0.0,0.0,2.0,0.06666666666666667,0.06666666666666667,0.0,0.0,5.0,9.384152960099826,4.029999999999999,20.15,1.0,0.0,0.26666666666666666,0.0,0.0,-0.07466666666666673,2.0,6.657588085395983,1.075,2.15,1.0,0.0,0.06666666666666667,0.0,0.06666666666666667,0.07166666666666667,1.0,11.994080620610621,0.0,0.0,0.0,2.0,0.06666666666666667,0.06666666666666667,0.0,0.0,4.0,3.433729697389877,11.9375,38.15,2.0,0.0,0.13333333333333333,0.0,0.06666666666666667,0.024166666666666715,2.0,13.585288357617218,0.0,0.0,0.0,0.0,0.13333333333333333,0.0,0.0,0.0,3.0,1.7333333333333334,10.0,0.32999999999999996,2.0,0.0,3.0,1.7166666666666668,8.0,0.7999999999999999,2.0,0.0,2.0,1.65,10.0,4.105,3.0,6.1499999999999995,2.0,1.65,7.0,11.12142857142857,3.0,4.3500000000000005
rush_hour_seed1,rush_hour,1,125.2,140.25,45.0,9.550308865024093,6.7988888888888885,10.0,0.7999999999999972,1.0,13.835230939579198,0.0,0.0,0.0,2.0,0.06666666666666667,0.06666666666666667,0.0,0.0,4.0,11.63697667741793,0.0,0.0,0.0,2.0,0.26666666666666666,0.06666666666666667,0.0,0.0,4.0,2.649502929305453,22.3375,59.7,3.0,0.0,0.06666666666666667,0.0,0.06666666666666667,0.22027777777777757,1.0,13.868626082325354,0.0,0.0,0.0,2.0,0.06666666666666667,0.06666666666666667,0.0,0.0,3.0,13.315742592933821,0.0,0.0,0.0,2.0,0.2,0.13333333333333333,0.0,0.0,5.0,4.855943974090335,28.51,77.05,3.0,0.0,0.13333333333333333,0.0,0.0,-0.26711111111111097,1.0,11.97984791072784,0.0,0.0,0.0,2.0,0.06666666666666667,0.06666666666666667,0.0,0.0,6.0,9.39036443146921,3.525,21.15,1.0,0.0,0.3333333333333333,0.0,0.0,-0.17500000000000002,2.0,6.666152701381944,1.575,3.15,1.0,0.0,0.06666666666666667,0.0,0.06666666666666667,0.105,1.0,11.998200782497879,0.0,0.0,0.0,2.0,0.06666666666666667,0.06666666666666667,0.0,0.0,4.0,4.289991216374854,12.4375,39.15,2.0,0.0,0.13333333333333333,0.0,0.06666666666666667,0.024166666666666715,2.0,12.483035075125285,0.0,0.0,0.0,0.0,0.13333333333333333,0.0,0.0,0.0,3.0,2.066666666666667,10.0,0.505,2.0,0.0,3.0,2.0500000000000003,8.0,1.0499999999999998,2.0,0.0,2.0,2.15,10.0,4.3100000000000005,3.0,6.816666666666666,2.0,2.15,7.0,11.407142857142857,3.0,5.016666666666667
rush_hour_seed1,rush_hour,1,126.2,141.25,45.0,9.598696855372138,7.021111111111111,10.0,2.799999999999997,1.0,13.877249686290744,0.0,0.0,0.0,1.0,0.06666666666666667,0.06666666666666667,0.0,0.0,4.0,11.647099493691922,0.0,0.0,0.0,1.0,0.26666666666666666,0.06666666666666667,0.0,0.0,4.0,3.097005300589849,23.0875,60.7,3.0,0.0,0.06666666666666667,0.0,0.06666666666666667,0.22583333333333327,1.0,13.8854666002444,0.0,0.0,0.0,1.0,0.06666666666666667,0.06666666666666667,0.0,0.0,4.0,13.449164645740218,0.0,0.0,0.0,1.0,0.26666666666666666,0.13333333333333333,0.0,0.0,5.0,5.086140040861421,29.110000000000003,78.05,3.0,0.0,0.13333333333333333,0.0,0.0,-0.2937777777777775,1.0,11.972898635468447,0.0,0.0,0.0,1.0,0.06666666666666667,0.06666666666666667,0.0,0.0,6.0,9.180344878000536,3.6916666666666664,22.15,1.0,0.0,0.3333333333333333,0.0,0.0,-0.2305555555555556,2.0,6.67739027656673,2.075,4.15,1.0,0.0,0.06666666666666667,0.0,0.06666666666666667,0.13833333333333334,1.0,11.987583533185534,0.0,0.0,0.0,1.0,0.06666666666666667,0.06666666666666667,0.0,0.0,4.0,5.139628397981223,12.9375,40.15,2.0,0.0,0.13333333333333333,0.0,0.06666666666666667,0.024166666666666715,2.0,10.237040459598365,0.0,0.0,0.0,0.0,0.13333333333333333,0.0,0.0,0.0,3.0,2.4,10.0,0.705,2.0,0.0,3.0,2.3833333333333333,8.0,1.2999999999999998,2.0,0.0,3.0,1.7666666666666666,11.0,4.20909090909091,4.0,5.6125,3.0,1.7666666666666666,7.0,11.692857142857141,3.0,5.683333333333334
rush_hour_seed1,rush_hour,1,127.2,142.25,45.0,9.465660750473635,7.243333333333333,10.0,1.7999999999999972,1.0,13.843501924803714,0.0,0.0,0.0,1.0,0.06666666666666667,0.06666666666666667,0.0,0.0,4.0,10.94091694969893,0.0,0.0,0.0,1.0,0.26666666666666666,0.06666666666666667,0.0,0.0,4.0,3.470740698083297,23.8375,61.7,3.0,0.0,0.06666666666666667,0.0,0.06666666666666667,0.23138888888888876,1.0,13.852776851208183,0.0,0.0,0.0,1.0,0.06666666666666667,0.06666666666666667,0.0,0.0,4.0,13.471666637322496,0.0,0.0,0.0,1.0,0.26666666666666666,0.13333333333333333,0.0,0.0,5.0,5.099807517735499,29.71,79.05,3.0,0.0,0.13333333333333333,0.0,0.0,-0.3204444444444443,1.0,11.990110363543499,0.0,0.0,0.0,1.0,0.06666666666666667,0.06666666666666667,0.0,0.0,6.0,8.668931389656198,3.858333333333333,23.15,1.0,0.0,0.3333333333333333,0.0,0.0,-0.2861111111111112,2.0,6.6889261111308596,2.575,5.15,1.0,0.0,0.06666666666666667,0.0,0.06666666666666667,0.1716666666666667,1.0,11.977745485743508,0.0,0.0,0.0,1.0,0.06666666666666667,0.06666666666666667,0.0,0.0,4.0,5.412301367569439,13.4375,41.15,2.0,0.0,0.13333333333333333,0.0,0.06666666666666667,0.024166666666666715,2.0,7.986862906421398,0.0,0.0,0.0,0.0,0.13333333333333333,0.0,0.0,0.0,3.0,2.733333333333333,11.0,0.8227272727272728,2.0,0.0,3.0,2.716666666666667,8.0,1.5499999999999998,1.0,0.0,3.0,2.1,11.0,4.572727272727273,4.0,6.1125,3.0,2.1,8.0,10.48125,3.0,6.3500000000000005
rush_hour_seed1,rush_hour,1,128.25,143.25,46.0,9.173284583278862,7.325,11.0,0.75,2.0,13.868464262707858,0.0,0.0,0.0,1.0,0.13333333333333333,0.06666666666666667,0.0,0.0,4.0,10.806447091380834,0.0,0.0,0.0,1.0,0.26666666666666666,0.0,0.0,0.0,4.0,3.46292683923894,24.625,62.75,3.0,0.0,0.06666666666666667,0.0,0.06666666666666667,0.23722222222222225,1.0,13.841760128651513,0.0,0.0,0.0,1.0,0.06666666666666667,0.06666666666666667,0.0,0.0,4.0,13.435591610747196,0.0,0.0,0.0,1.0,0.26666666666666666,0.13333333333333333,0.0,0.0,5.0,5.093476012775886,30.339999999999996,80.1,3.0,0.0,0.13333333333333333,0.0,0.0,-0.3484444444444449,1.0,11.973571778945624,0.0,0.0,0.0,1.0,0.06666666666666667,0.06666666666666667,0.0,0.0,7.0,8.282152458598285,3.457142857142857,24.2,1.0,0.0,0.3333333333333333,0.0,0.0,-0.07619047619047618,2.0,6.679144236869179,3.1,6.2,1.0,0.0,0.06666666666666667,0.0,0.06666666666666667,0.20666666666666667,1.0,11.97105633259518,0.0,0.0,0.0,1.0,0.06666666666666667,0.06666666666666667,0.0,0.0,5.0,5.846877595331845,11.17,42.2,2.0,0.0,0.2,0.0,0.06666666666666667,-0.16199999999999998,2.0,6.666946736364742,0.25,0.5,1.0,0.0,0.13333333333333333,0.0,0.06666666666666667,0.016666666666666666,3.0,3.0666666666666664,11.0,1.0045454545454546,2.0,0.0,3.0,3.0500000000000003,8.0,1.8875,1.0,0.0,3.0,2.433333333333333,12.0,4.525,4.0,6.6125,3.0,2.433333333333333,8.0,10.73125,4.0,5.2625
rush_hour_seed1,rush_hour,1,129.25,144.25,50.0,8.98740854739811,4.062,9.0,11.75,2.0,13.841434809982312,0.0,0.0,0.0,0.0,0.13333333333333333,0.0,0.0,0.0,5.0,10.661062807982724,0.0,0.0,0.0,0.0,0.3333333333333333,0.0,0.0,0.0,5.0,3.8336275283978827,7.55,31.45,2.0,2.0,0.13333333333333333,0.0,0.0,-0.9455555555555556,2.0,14.448212220412564,0.0,0.0,0.0,0.0,0.13333333333333333,0.06666666666666667,0.0,0.0,5.0,13.56625955506772,0.0,0.0,0.0,0.0,0.3333333333333333,0.13333333333333333,0.0,0.0,6.0,4.910756744114312,12.266666666666666,50.95,2.0,2.0,0.2,0.0,-0.06666666666666667,-1.6200000000000003,1.0,11.989613484246656,0.0,0.0,0.0,0.0,0.06666666666666667,0.06666666666666667,0.0,0.0,8.0,8.0410669875783,3.15,25.2,1.0,0.0,0.4,0.0,0.0,-0.12999999999999998,2.0,6.661644040822285,3.6,7.2,1.0,0.0,0.06666666666666667,0.0,0.06666666666666667,0.24000000000000002,1.0,11.977699223337694,0.0,0.0,0.0,0.0,0.06666666666666667,0.06666666666666667,0.0,0.0,5.0,6.312634588154052,11.57,43.2,2.0,0.0,0.2,0.0,0.06666666666666667,-0.16866666666666663,2.0,6.677890345668537,0.75,1.5,1.0,0.0,0.06666666666666667,0.0,0.06666666666666667,0.05,3.0,0.0,11.0,1.1863636363636365,2.0,0.0,3.0,0.0,9.0,2.011111111111111,1.0,0.0,3.0,0.0,12.0,1.5374999999999999,4.0,7.1125,3.0,0.0,9.0,3.3777777777777778,4.0,5.7625
rush_hour_seed1,rush_hour,1,130.25,145.25,50.0,9.205292444296216,1.935,5.0,10.75,2.0,13.855145622399869,0.0,0.0,0.0,0.0,0.13333333333333333,0.0,0.0,0.0,5.0,10.51200272570614,0.0,0.0,0.0,0.0,0.3333333333333333,0.06666666666666667,0.0,0.0,4.0,5.624015930635454,0.0,0.0,0.0,2.0,0.13333333333333333,0.06666666666666667,-0.13333333333333333,-1.4933333333333334,2.0,14.802292891955702,0.0,0.0,0.0,0.0,0.13333333333333333,0.06666666666666667,0.0,0.0,5.0,13.974898220417,0.0,0.0,0.0,0.0,0.3333333333333333,0.06666666666666667,0.0,0.0,5.0,5.894261619030001,0.0,0.0,0.0,2.0,0.13333333333333333,0.06666666666666667,-0.26666666666666666,-1.8783333333333334,1.0,11.988014467956964,0.0,0.0,0.0,0.0,0.06666666666666667,0.06666666666666667,0.0,0.0,8.0,7.902034577151395,3.275,26.2,1.0,0.0,0.4,0.0,0.0,-0.15499999999999997,2.0,6.66192235016497,4.1,8.2,1.0,0.0,0.06666666666666667,0.0,0.06666666666666667,0.2733333333333333,1.0,11.99564206681447,0.0,0.0,0.0,0.0,0.06666666666666667,0.06666666666666667,0.0,0.0,5.0,6.739512792410524,11.97,44.2,2.0,0.0,0.2,0.0,0.0,-0.1969999999999999,2.0,6.356441409605706,1.25,2.5,1.0,0.0,0.06666666666666667,0.0,0.06666666666666667,0.08333333333333333,3.0,0.0,11.0,1.3681818181818182,2.0,0.275,2.0,0.0,9.0,2.427777777777778,1.0,0.0,2.0,0.0,11.0,0.12272727272727274,4.0,7.6125,2.0,0.0,8.0,0.0,4.0,6.2625
rush_hour_seed1,rush_hour,1,131.25,146.25,54.0,9.377921185169505,1.8842592592592593,5.0,9.75,2.0,13.298389585188044,0.0,0.0,0.0,0.0,0.13333333333333333,0.0,0.0,0.0,6.0,10.368136050331165,0.0,0.0,0.0,0.0,0.4,0.06666666666666667,0.0,0.0,4.0,6.9437429206702905,0.0,0.0,0.0,2.0,0.13333333333333333,0.06666666666666667,-0.13333333333333333,-1.5377777777777777,2.0,14.375089826036167,0.0,0.0,0.0,0.0,0.13333333333333333,0.06666666666666667,0.0,0.0,5.0,13.976948454967925,0.0,0.0,0.0,0.0,0.3333333333333333,0.06666666666666667,0.0,0.0,5.0,6.02787660855522,0.0,0.0,0.0,2.0,0.13333333333333333,0.06666666666666667,-0.2,-1.9283333333333335,2.0,12.863495785787379,0.0,0.0,0.0,0.0,0.13333333333333333,0.06666666666666667,0.0,0.0,8.0,7.7571629409086,3.4,27.2,1.0,0.0,0.4,0.0,0.0,-0.18,3.0,5.913362841815718,3.0666666666666664,9.2,1.0,0.0,0.13333333333333333,0.0,0.06666666666666667,0.20444444444444443,2.0,12.565021479108257,0.0,0.0,0.0,0.0,0.13333333333333333,0.06666666666666667,0.0,0.0,5.0,7.128190623691927,12.370000000000001,45.2,2.0,0.0,0.2,0.0,0.0,-0.23699999999999985,2.0,4.754190987032493,1.75,3.5,1.0,0.0,0.06666666666666667,0.0,0.06666666666666667,0.11666666666666667,3.0,0.0,12.0,1.429166666666667,3.0,0.5166666666666667,3.0,0.0,9.0,2.9722222222222223,1.0,0.0,2.0,0.0,11.0,0.0,4.0,8.1125,2.0,0.0,8.0,0.0,4.0,6.7625
rush_hour_seed1,rush_hour,1,132.25,147.25,58.0,9.10036331271098,1.8405172413793103,5.0,8.75,2.0,11.044363289829768,0.0,0.0,0.0,0.0,0.13333333333333333,0.0,0.0,0.0,7.0,10.262570626711197,0.0,0.0,0.0,0.0,0.4666666666666667,0.06666666666666667,0.0,0.0,4.0,8.364894853626451,0.0,0.0,0.0,2.0,0.13333333333333333,0.06666666666666667,-0.13333333333333333,-1.5822222222222222,2.0,12.153854590486603,0.0,0.0,0.0,0.0,0.13333333333333333,0.06666666666666667,0.0,0.0,6.0,12.327097085437003,0.0,0.0,0.0,0.0,0.4,0.06666666666666667,0.0,0.0,5.0,6.6157782304327695,0.0,0.0,0.0,2.0,0.13333333333333333,0.06666666666666667,-0.2,-1.9783333333333333,2.0,12.869658012290746,0.0,0.0,0.0,0.0,0.13333333333333333,0.06666666666666667,0.0,0.0,9.0,7.456337133062446,3.1333333333333333,28.2,1.0,0.0,0.4666666666666667,0.0,0.0,-0.2311111111111111,3.0,5.549932562414213,3.4,10.2,1.0,0.0,0.13333333333333333,0.0,0.06666666666666667,0.22666666666666666,2.0,12.900458759919857,0.0,0.0,0.0,0.0,0.13333333333333333,0.06666666666666667,0.0,0.0,6.0,7.308322970423518,10.641666666666667,46.2,2.0,0.0,0.26666666666666666,0.0,0.0,-0.41888888888888887,3.0,4.276303995310939,1.5,4.5,1.0,0.0,0.13333333333333333,0.0,0.06666666666666667,0.1,3.0,0.0,12.0,1.679166666666667,3.0,0.85,2.0,0.0,10.0,3.175,2.0,0.0,2.0,0.0,11.0,0.0,4.0,8.6125,2.0,0.0,7.0,0.0,4.0,7.2625
rush_hour_seed1,rush_hour,1,133.25,148.25,57.0,8.757677879341065,1.9605263157894737,5.0,7.75,2.0,8.810921706130443,0.0,0.0,0.0,0.0,0.13333333333333333,0.0,0.0,0.0,7.0,9.874422817346693,0.0,0.0,0.0,0.0,0.4666666666666667,0.06666666666666667,0.0,0.0,3.0,10.102990430076341,0.0,0.0,0.0,2.0,0.13333333333333333,0.13333333333333333,-0.13333333333333333,-1.6266666666666667,2.0,9.8669811908024,0.0,0.0,0.0,0.0,0.13333333333333333,0.06666666666666667,0.0,0.0,6.0,10.593797243517265,0.0,0.0,0.0,0.0,0.4,0.06666666666666667,0.0,0.0,4.0,7.881511750589638,0.0,0.0,0.0,2.0,0.13333333333333333,0.13333333333333333,-0.2,-2.0283333333333333,2.0,12.371752690305634,0.0,0.0,0.0,0.0,0.13333333333333333,0.0,0.0,0.0,9.0,7.152441842662763,3.2444444444444445,29.2,1.0,0.0,0.4666666666666667,0.0,0.0,-0.257037037037037,3.0,5.339599273312185,3.733333333333333,11.2,1.0,0.0,0.13333333333333333,0.0,0.06666666666666667,0.24888888888888885,2.0,12.41116581138312,0.0,0.0,0.0,0.0,0.13333333333333333,0.06666666666666667,0.0,0.0,6.0,7.717425773073646,10.975,47.2,2.0,0.0,0.26666666666666666,0.0,0.0,-0.46333333333333343,3.0,4.045444807052622,1.8333333333333333,5.5,1.0,0.0,0.13333333333333333,0.0,0.06666666666666667,0.12222222222222222,2.0,0.0,13.0,1.7807692307692309,3.0,1.1833333333333333,2.0,0.0,10.0,3.675,2.0,0.0,1.0,0.0,11.0,0.0,4.0,9.1125,1.0,0.0,7.0,0.0,4.0,7.7625
rush_hour_seed1,rush_hour,1,134.25,149.25,59.0,8.362743171931426,2.0008474576271187,9.0,6.75,2.0,6.91576785177982,0.1,0.2,1.0,0.0,0.13333333333333333,0.0,0.06666666666666667,0.006666666666666667,8.0,8.874635332739922,0.0,0.0,0.0,0.0,0.5333333333333333,0.06666666666666667,0.0,0.0,2.0,12.704646290419673,0.0,0.0,0.0,2.0,0.13333333333333333,0.2,-0.13333333333333333,-1.671111111111111,2.0,7.848844645544887,0.075,0.15,1.0,0.0,0.13333333333333333,0.06666666666666667,0.06666666666666667,0.005,6.0,8.64480248892074,0.016666666666666666,0.1,1.0,0.0,0.4,0.06666666666666667,0.06666666666666667,0.0011111111111111111,4.0,9.005742059085112,0.0,0.0,0.0,2.0,0.13333333333333333,0.13333333333333333,-0.2,-2.0783333333333336,2.0,10.368075860048798,0.0,0.0,0.0,0.0,0.13333333333333333,0.0,0.0,0.0,10.0,6.759059644365829,3.105,30.2,2.0,0.0,0.5333333333333333,0.0,0.06666666666666667,-0.29966666666666664,3.0,5.298310557725933,4.066666666666666,12.2,1.0,0.0,0.13333333333333333,0.0,0.06666666666666667,0.2711111111111111,2.0,10.402307140228974,0.0,0.0,0.0,0.0,0.13333333333333333,0.06666666666666667,0.0,0.0,6.0,8.161681767492928,11.308333333333332,48.2,2.0,0.0,0.26666666666666666,0.0,0.0,-0.5077777777777779,3.0,3.976766552820429,2.1666666666666665,6.5,1.0,0.0,0.13333333333333333,0.0,0.06666666666666667,0.14444444444444443,2.0,0.0,13.0,2.026923076923077,3.0,1.5166666666666666,2.0,0.0,11.0,3.7954545454545454,2.0,0.0,1.0,0.0,11.0,0.0,4.0,9.7375,1.0,0.0,8.0,0.0,4.0,8.2625
rush_hour_seed1,rush_hour,1,135.25,150.25,59.0,8.088811574138601,2.1533898305084747,9.0,5.75,2.0,6.9435029235831465,0.6,1.2,1.0,0.0,0.06666666666666667,0.0,0.06666666666666667,0.04,8.0,7.94309646068074,0.0,0.0,0.0,0.0,0.4666666666666667,0.06666666666666667,0.0,0.0,2.0,12.811075758693729,0.0,0.0,0.0,2.0,0.06666666666666667,0.2,-0.13333333333333333,-1.2866666666666666,2.0,7.8906156271789225,0.575,1.15,1.0,0.0,0.06666666666666667,0.06666666666666667,0.06666666666666667,0.03833333333333333,6.0,7.301816687893506,0.18333333333333335,1.1,1.0,0.0,0.3333333333333333,0.06666666666666667,0.06666666666666667,0.012222222222222223,3.0,10.511534095299067,0.0,0.0,0.0,2.0,0.06666666666666667,0.2,-0.2,-1.7026666666666666,2.0,8.388404771016596,0.0,0.0,0.0,0.0,0.06666666666666667,0.0,0.0,0.0,10.0,6.437121308530041,3.3049999999999997,31.2,2.0,0.0,0.4666666666666667,0.0,0.06666666666666667,-0.13966666666666666,3.0,4.866819156354243,4.3999999999999995,13.2,1.0,0.0,0.06666666666666667,0.0,0.06666666666666667,0.2933333333333333,2.0,8.399102322482085,0.0,0.0,0.0,0.0,0.06666666666666667,0.0,0.0,0.0,7.0,8.425978861772787,9.978571428571428,49.2,2.0,0.0,0.26666666666666666,0.0,0.0,-0.22031746031746036,3.0,4.167191793261409,2.5,7.5,1.0,0.0,0.06666666666666667,0.0,0.06666666666666667,0.16666666666666666,2.0,0.0,13.0,2.3346153846153848,3.0,1.8499999999999999,2.0,0.0,11.0,4.281818181818182,2.0,0.0,1.0,0.0,10.0,0.0,4.0,10.4875,1.0,0.0,7.0,0.0,4.0,8.7625
rush_hour_seed1,rush_hour,1,136.25,151.25,59.0,7.778973186132848,2.3211864406779665,12.0,4.75,2.0,6.924846947038896,1.1,2.2,1.0,0.0,0.06666666666666667,0.0,0.06666666666666667,0.07333333333333333,8.0,7.1767632823271486,0.0375,0.3,1.0,0.0,0.4666666666666667,0.06666666666666667,0.06666666666666667,0.0025,2.0,13.162130288313872,0.0,0.0,0.0,2.0,0.06666666666666667,0.2,-0.13333333333333333,-1.32,2.0,7.857936689512804,1.075,2.15,1.0,0.0,0.06666666666666667,0.06666666666666667,0.06666666666666667,0.07166666666666667,6.0,6.11528096684427,0.35000000000000003,2.1,1.0,0.0,0.26666666666666666,0.06666666666666667,0.06666666666666667,0.023333333333333334,3.0,11.196341737825415,0.0,0.0,0.0,2.0,0.06666666666666667,0.2,-0.2,-1.7426666666666664,2.0,6.875615447110755,0.15,0.3,1.0,0.0,0.06666666666666667,0.0,0.06666666666666667,0.01,10.0,5.843949872483938,3.5050000000000003,32.2,2.0,0.0,0.4,0.0,0.06666666666666667,-0.052999999999999964,3.0,4.62528082253334,4.733333333333333,14.2,1.0,0.0,0.06666666666666667,0.0,0.06666666666666667,0.31555555555555553,2.0,6.9317595282051485,0.15,0.3,1.0,0.0,0.06666666666666667,0.0,0.06666666666666667,0.01,7.0,7.873791793952214,10.264285714285714,50.2,2.0,0.0,0.26666666666666666,0.0,0.0,-0.2457142857142858,3.0,4.132510226096989,2.8333333333333335,8.5,1.0,0.0,0.06666666666666667,0.0,0.06666666666666667,0.1888888888888889,1.0,0.0,13.0,2.6423076923076922,3.0,2.183333333333333,1.0,0.0,11.0,4.827272727272727,2.0,0.0,2.0,0.0,9.0,0.0,4.0,11.2375,1.0,0.0,6.0,0.0,4.0,9.2625
rush_hour_seed1,rush_hour,1,137.25,152.25,63.0,7.61175086757812,2.3642857142857148,12.0,3.75,3.0,7.484385223173305,1.0666666666666667,3.2,1.0,0.0,0.13333333333333333,0.0,0.06666666666666667,0.07111111111111111,9.0,7.053216616990528,0.14444444444444446,1.3,1.0,0.0,0.4,0.06666666666666667,0.06666666666666667,0.00962962962962963,2.0,13.90200117514783,0.0,0.0,0.0,2.0,0.13333333333333333,0.26666666666666666,-0.13333333333333333,-1.3533333333333333,3.0,7.646514723748207,1.05,3.15,1.0,0.0,0.13333333333333333,0.0,0.06666666666666667,0.07,6.0,5.135549600751934,0.5166666666666667,3.1,1.0,0.0,0.26666666666666666,0.06666666666666667,0.06666666666666667,0.03444444444444445,2.0,12.729596419798284,0.0,0.0,0.0,2.0,0.06666666666666667,0.26666666666666666,-0.2,-1.7826666666666666,2.0,6.893233183514819,0.65,1.3,1.0,0.0,0.06666666666666667,0.0,0.06666666666666667,0.043333333333333335,10.0,5.1645226259401,3.7050000000000005,33.2,2.0,0.0,0.4,0.0,0.06666666666666667,-0.056333333333333284,3.0,4.4900340458397805,5.066666666666666,15.2,1.0,0.0,0.06666666666666667,0.0,0.0,0.33111111111111113,2.0,6.923872594402056,0.65,1.3,1.0,0.0,0.06666666666666667,0.0,0.06666666666666667,0.043333333333333335,7.0,7.164572859969484,10.549999999999999,51.2,2.0,0.0,0.2,0.0,0.0,-0.027500000000000094,3.0,4.053031855414944,3.1666666666666665,9.5,1.0,0.0,0.06666666666666667,0.0,0.06666666666666667,0.2111111111111111,1.0,0.0,13.0,2.9615384615384617,3.0,2.6,1.0,0.0,11.0,5.372727272727273,2.0,0.1,2.0,0.0,9.0,0.0,5.0,9.59,2.0,0.0,5.0,0.0,4.0,9.8125
rush_hour_seed1,rush_hour,1,138.25,153.25,66.0,7.4840147829656,2.4553030303030305,15.0,2.75,3.0,7.550781026879374,1.4000000000000001,4.2,1.0,0.0,0.13333333333333333,0.0,0.06666666666666667,0.09333333333333334,10.0,7.350063293604309,0.22999999999999998,2.3,1.0,0.0,0.4666666666666667,0.06666666666666667,0.06666666666666667,0.015333333333333332,2.0,14.921662464293071,0.0,0.0,0.0,2.0,0.13333333333333333,0.26666666666666666,-0.2,-1.3916666666666666,3.0,6.907959962082014,1.3833333333333335,4.15,1.0,0.0,0.13333333333333333,0.0,0.06666666666666667,0.09222222222222223,7.0,4.528994345563669,0.6285714285714284,4.1,2.0,0.0,0.3333333333333333,0.06666666666666667,0.13333333333333333,0.041904761904761896,2.0,15.035311488355312,0.0,0.0,0.0,2.0,0.13333333333333333,0.3333333333333333,-0.2,-1.8226666666666664,2.0,6.902694110833251,1.15,2.3,1.0,0.0,0.06666666666666667,0.0,0.06666666666666667,0.07666666666666666,10.0,4.462129813073357,3.9050000000000002,34.2,2.0,0.0,0.3333333333333333,0.0,0.06666666666666667,0.004333333333333359,3.0,4.445601955935993,5.483333333333333,16.2,2.0,0.0,0.06666666666666667,0.0,0.06666666666666667,0.3255555555555556,2.0,6.918769692318165,1.15,2.3,1.0,0.0,0.06666666666666667,0.0,0.06666666666666667,0.07666666666666666,7.0,6.414531855367953,10.835714285714285,52.2,2.0,0.0,0.2,0.0,0.0,-0.04178571428571433,3.0,4.015336377077069,3.6833333333333336,10.5,2.0,0.0,0.06666666666666667,0.0,0.13333333333333333,0.24555555555555558,2.0,0.0,13.0,3.3499999999999996,3.0,3.266666666666667,1.0,0.0,11.0,5.918181818181819,2.0,0.6,2.0,0.0,8.0,0.0,5.0,10.190000000000001,2.0,0.0,4.0,0.0,4.0,10.5625
rush_hour_seed1,rush_hour,1,139.25,154.25,66.0,7.232602039161445,2.6825757575757576,15.0,1.75,3.0,7.107648064990471,1.7333333333333334,5.2,1.0,0.0,0.13333333333333333,0.0,0.06666666666666667,0.11555555555555556,10.0,7.664963413640342,0.32999999999999996,3.3,1.0,0.0,0.4666666666666667,0.06666666666666667,0.06666666666666667,0.022,2.0,15.225151278660167,0.0,0.0,0.0,2.0,0.13333333333333333,0.26666666666666666,-0.2,-1.4416666666666667,3.0,6.326618616295263,1.7166666666666668,5.15,1.0,0.0,0.13333333333333333,0.0,0.06666666666666667,0.11444444444444445,8.0,4.43524305855792,0.7999999999999999,5.1,2.0,0.0,0.3333333333333333,0.0,0.13333333333333333,0.05333333333333333,2.0,15.266270653120825,0.0,0.0,0.0,2.0,0.13333333333333333,0.3333333333333333,-0.2,-1.8626666666666665,2.0,6.883188630985821,1.65,3.3,1.0,0.0,0.06666666666666667,0.0,0.06666666666666667,0.11,10.0,3.7975368357544825,4.105,35.2,2.0,0.0,0.3333333333333333,0.0,0.06666666666666667,0.004333333333333359,3.0,4.42682903189741,6.1499999999999995,17.2,2.0,0.0,0.06666666666666667,0.0,0.06666666666666667,0.3366666666666666,2.0,6.9224218366871355,1.65,3.3,1.0,0.0,0.06666666666666667,0.0,0.06666666666666667,0.11,7.0,5.763761432493328,11.12142857142857,53.2,2.0,0.0,0.2,0.0,0.0,-0.05607142857142868,3.0,4.0053954497779,4.3500000000000005,11.5,2.0,0.0,0.06666666666666667,0.0,0.13333333333333333,0.29000000000000004,2.0,0.0,14.0,3.539285714285714,3.0,3.9333333333333336,1.0,0.0,11.0,6.4772727272727275,2.0,1.1,2.0,0.0,9.0,0.0,5.0,10.790000000000001,2.0,0.0,4.0,0.0,5.0,9.05
rush_hour_seed1,rush_hour,1,140.25,155.25,66.0,6.913265588216054,2.921969696969697,17.0,0.75,3.0,6.218220777714545,2.066666666666667,6.2,1.0,0.0,0.13333333333333333,0.0,0.06666666666666667,0.1377777777777778,10.0,7.176879924517375,0.505,4.3,2.0,0.0,0.4666666666666667,0.06666666666666667,0.13333333333333333,0.033666666666666664,2.0,15.232735148731736,0.0,0.0,0.0,2.0,0.13333333333333333,0.26666666666666666,-0.2,-1.4916666666666667,3.0,5.920357141279602,2.0500000000000003,6.15,1.0,0.0,0.13333333333333333,0.0,0.06666666666666667,0.1366666666666667,8.0,4.4843898388604115,1.0499999999999998,6.1,2.0,0.0,0.3333333333333333,0.0,0.13333333333333333,0.06999999999999999,2.0,15.255261607861847,0.0,0.0,0.0,2.0,0.13333333333333333,0.3333333333333333,-0.2,-1.9026666666666665,2.0,6.415699431825331,2.15,4.3,1.0,0.0,0.06666666666666667,0.0,0.06666666666666667,0.14333333333333334,10.0,3.195357810753408,4.3100000000000005,36.2,3.0,0.0,0.26666666666666666,0.0,0.13333333333333333,0.05177777777777782,3.0,4.435311916039434,6.816666666666666,18.2,2.0,0.0,0.06666666666666667,0.0,0.06666666666666667,0.3477777777777778,2.0,6.847506376389217,2.15,4.3,1.0,0.0,0.06666666666666667,0.0,0.06666666666666667,0.14333333333333334,7.0,4.760437444321347,11.407142857142857,54.2,2.0,0.0,0.2,0.0,0.0,-0.07035714285714292,3.0,3.9966632521224423,5.016666666666667,12.5,2.0,0.0,0.06666666666666667,0.0,0.13333333333333333,0.33444444444444443,2.0,0.0,15.0,3.7366666666666664,4.0,3.45,2.0,0.0,12.0,6.520833333333333,2.0,1.6,1.0,0.0,8.0,0.0,5.0,11.39,2.0,0.0,3.0,0.0,5.0,9.65
rush_hour_seed1,rush_hour,1,141.25,156.25,70.0,6.362533891358935,3.000714285714286,18.0,2.75,3.0,5.438132803633942,2.4,7.2,1.0,0.0,0.13333333333333333,0.0,0.06666666666666667,0.16,10.0,6.314337177500024,0.705,5.3,2.0,0.0,0.4666666666666667,0.06666666666666667,0.13333333333333333,0.047,2.0,15.238559457106867,0.0,0.0,0.0,1.0,0.13333333333333333,0.26666666666666666,-0.2,-1.5416666666666667,3.0,5.248441840089758,2.3833333333333333,7.15,1.0,0.0,0.13333333333333333,0.0,0.06666666666666667,0.15888888888888889,8.0,4.415494696222579,1.2999999999999998,7.1,2.0,0.0,0.26666666666666666,0.0,0.13333333333333333,0.08666666666666666,2.0,15.174405497993417,0.0,0.0,0.0,1.0,0.13333333333333333,0.3333333333333333,-0.2,-1.9426666666666665,3.0,5.452262374496091,1.7666666666666666,5.3,1.0,0.0,0.13333333333333333,0.0,0.06666666666666667,0.11777777777777777,11.0,2.7674510006738227,4.20909090909091,37.2,4.0,0.0,0.3333333333333333,0.0,0.2,0.03393939393939401,4.0,4.328701968820783,5.6125,19.2,2.0,0.0,0.13333333333333333,0.0,0.06666666666666667,0.23416666666666666,3.0,5.179844457864838,1.7666666666666666,5.3,1.0,0.0,0.13333333333333333,0.0,0.06666666666666667,0.11777777777777777,7.0,3.8664884052684108,11.692857142857141,55.2,2.0,0.0,0.2,0.0,0.0,-0.08464285714285727,3.0,3.9963883411024583,5.683333333333334,13.5,2.0,0.0,0.06666666666666667,0.0,0.13333333333333333,0.3788888888888889,2.0,0.0,15.0,4.203333333333333,4.0,3.95,2.0,0.0,13.0,6.5576923076923075,3.0,1.4000000000000001,1.0,0.0,9.0,0.0,5.0,11.99,2.0,0.0,4.0,0.0,5.0,10.25
rush_hour_seed1,rush_hour,1,142.25,157.25,72.0,5.972495531935902,3.167361111111111,18.0,1.75,3.0,4.85273361244831,2.733333333333333,8.2,1.0,0.0,0.13333333333333333,0.0,0.06666666666666667,0.1822222222222222,11.0,5.500106170754685,0.8227272727272728,6.3,2.0,0.0,0.4666666666666667,0.0,0.13333333333333333,0.05484848484848485,2.0,13.90619870550168,0.0,0.0,0.0,1.0,0.13333333333333333,0.26666666666666666,-0.2,-1.5916666666666666,3.0,4.859699108244042,2.716666666666667,8.15,1.0,0.0,0.13333333333333333,0.0,0.06666666666666667,0.1811111111111111,8.0,4.424164759543126,1.5499999999999998,8.1,2.0,0.0,0.26666666666666666,0.0,0.13333333333333333,0.10333333333333332,1.0,13.8667401930911,0.0,0.0,0.0,1.0,0.06666666666666667,0.3333333333333333,-0.2,-1.9826666666666666,3.0,5.157762803673712,2.1,6.3,1.0,0.0,0.13333333333333333,0.0,0.06666666666666667,0.14,11.0,2.515615935226978,4.572727272727273,38.2,4.0,0.0,0.3333333333333333,0.0,0.2,0.0470707070707071,4.0,3.975084627652581,6.1125,20.2,2.0,0.0,0.13333333333333333,0.0,0.06666666666666667,0.23416666666666666,3.0,4.756652596370426,2.1,6.3,1.0,0.0,0.13333333333333333,0.0,0.06666666666666667,0.14,8.0,3.321191035007757,10.48125,56.2,2.0,0.0,0.2,0.0,0.0,-0.01925000000000002,3.0,3.9969218449717316,6.3500000000000005,14.5,2.0,0.0,0.06666666666666667,0.0,0.13333333333333333,0.4233333333333334,2.0,0.0,15.0,4.733333333333333,4.0,4.45,2.0,0.0,13.0,7.165384615384616,3.0,1.7333333333333334,1.0,0.0,9.0,0.0,5.0,12.59,1.0,0.0,4.0,0.0,5.0,10.85
rush_hour_seed1,rush_hour,1,143.25,158.25,72.0,5.449124344800924,3.4270833333333335,19.0,0.75,3.0,4.4919286754089205,3.0666666666666664,9.2,1.0,0.0,0.06666666666666667,0.0,0.06666666666666667,0.20444444444444443,11.0,4.98380999430428,1.0045454545454546,7.3,2.0,0.0,0.4666666666666667,0.0,0.13333333333333333,0.06696969696969697,2.0,11.610726933166383,0.0,0.0,0.0,1.0,0.13333333333333333,0.26666666666666666,-0.2,-1.6416666666666666,3.0,4.697776245107279,3.0500000000000003,9.15,1.0,0.0,0.13333333333333333,0.0,0.06666666666666667,0.20333333333333334,8.0,4.1254845027950875,1.8875,9.1,3.0,0.0,0.26666666666666666,0.0,0.2,0.12583333333333332,1.0,13.848209725185297,0.0,0.0,0.0,1.0,0.06666666666666667,0.3333333333333333,-0.2,-2.0226666666666664,3.0,4.942293421978125,2.433333333333333,7.3,1.0,0.0,0.13333333333333333,0.0,0.06666666666666667,0.1622222222222222,12.0,2.4549724907312718,4.525,39.2,4.0,0.0,0.3333333333333333,0.0,0.2,0.07119047619047623,4.0,3.74481106029535,6.6125,21.2,2.0,0.0,0.13333333333333333,0.0,0.06666666666666667,0.23416666666666666,3.0,4.422287371277542,2.433333333333333,7.3,1.0,0.0,0.13333333333333333,0.0,0.06666666666666667,0.1622222222222222,8.0,3.052545978181159,10.73125,57.2,2.0,0.0,0.2,0.0,0.0,-0.029250000000000043,4.0,4.21314276851482,5.2625,15.5,2.0,0.0,0.13333333333333333,0.0,0.06666666666666667,0.33416666666666667,2.0,0.0,15.0,5.33,4.0,4.95,1.0,0.0,13.0,7.7807692307692315,3.0,2.066666666666667,1.0,0.0,8.0,0.0,5.0,13.190000000000001,1.0,0.0,4.0,0.0,5.0,11.45
rush_hour_seed1,rush_hour,1,144.25,159.25,74.0,5.265207326886177,1.777027027027027,15.0,29.75,3.0,4.545695673923841,0.0,0.0,0.0,2.0,0.06666666666666667,0.0,0.0,0.0,11.0,4.5207766167669,1.1863636363636365,8.3,2.0,0.0,0.4,0.0,0.13333333333333333,0.0790909090909091,2.0,9.383624680988488,0.0,0.0,0.0,0.0,0.06666666666666667,0.26666666666666666,-0.13333333333333333,-0.5033333333333333,3.0,4.883334746223048,0.0,0.0,0.0,2.0,0.06666666666666667,0.0,0.0,0.0,9.0,4.110738006942075,2.011111111111111,10.1,3.0,0.0,0.26666666666666666,0.0,0.2,0.13407407407407407,1.0,13.875847034269245,0.0,0.0,0.0,0.0,0.06666666666666667,0.4,-0.13333333333333333,-0.8177777777777777,3.0,5.103819723070743,0.0,0.0,0.0,2.0,0.13333333333333333,0.0,0.0,0.0,12.0,2.548464510566849,1.5374999999999999,10.85,4.0,2.0,0.26666666666666666,0.0,0.2,-0.1075,4.0,3.630286590043943,7.1125,22.2,2.0,0.0,0.13333333333333333,0.0,0.06666666666666667,0.23416666666666666,3.0,4.486169705592807,0.0,0.0,0.0,2.0,0.13333333333333333,0.0,0.0,0.0,9.0,2.8468654222993557,3.3777777777777778,29.65,2.0,2.0,0.26666666666666666,0.0,0.0,-0.5461481481481482,4.0,4.133913650190686,5.7625,16.5,2.0,0.0,0.13333333333333333,0.0,0.06666666666666667,0.33416666666666667,1.0,0.0,16.0,5.621875,4.0,5.45,1.0,0.0,13.0,8.396153846153847,3.0,2.4,1.0,0.0,8.0,0.0,5.0,13.809999999999999,1.0,0.0,3.0,0.0,5.0,12.18
rush_hour_seed1,rush_hour,1,145.25,160.25,75.0,5.48442771906908,1.2573333333333332,12.0,28.75,3.0,6.825871213292906,0.0,0.0,0.0,2.0,0.13333333333333333,0.06666666666666667,0.0,0.0,11.0,4.077154324510691,1.3681818181818182,9.3,2.0,0.0,0.4,0.0,0.13333333333333333,0.09121212121212122,2.0,7.964332906100683,0.275,0.55,1.0,0.0,0.06666666666666667,0.2,0.06666666666666667,0.018333333333333333,2.0,7.738361598083346,0.0,0.0,0.0,2.0,0.06666666666666667,0.06666666666666667,0.0,0.0,9.0,4.153082437855229,2.427777777777778,11.1,4.0,0.0,0.26666666666666666,0.0,0.26666666666666666,0.16185185185185186,1.0,13.846925220227568,0.0,0.0,0.0,0.0,0.06666666666666667,0.3333333333333333,0.0,0.0,2.0,7.732717617479681,0.0,0.0,0.0,2.0,0.13333333333333333,0.06666666666666667,0.0,0.0,11.0,3.0320394887513498,0.12272727272727274,1.35,1.0,2.0,0.26666666666666666,0.06666666666666667,0.0,-0.21015151515151514,4.0,3.6356742499716534,7.6125,23.2,2.0,0.0,0.13333333333333333,0.0,0.06666666666666667,0.2341666666666667,2.0,7.152281919200785,0.0,0.0,0.0,2.0,0.13333333333333333,0.06666666666666667,0.0,0.0,8.0,3.467503191038851,0.0,0.0,0.0,2.0,0.26666666666666666,0.06666666666666667,-0.13333333333333333,-0.798,4.0,4.0736074017982205,6.2625,17.5,2.0,0.0,0.13333333333333333,0.0,0.06666666666666667,0.33416666666666667,1.0,0.0,16.0,6.246875,4.0,5.95,1.0,0.0,13.0,9.061538461538461,3.0,2.733333333333333,1.0,0.0,7.0,0.0,5.0,14.61,1.0,0.0,3.0,0.0,5.0,12.98
rush_hour_seed1,rush_hour,1,146.25,161.25,78.0,5.8473164934558355,1.3455128205128206,13.0,27.75,3.0,8.083171358877605,0.0,0.0,0.0,2.0,0.13333333333333333,0.06666666666666667,0.0,0.0,12.0,3.7776714625814525,1.429166666666667,10.3,3.0,0.0,0.4,0.0,0.2,0.0952777777777778,3.0,6.40941853097067,0.5166666666666667,1.55,1.0,0.0,0.13333333333333333,0.2,0.06666666666666667,0.03444444444444445,3.0,8.898958539657775,0.0,0.0,0.0,2.0,0.13333333333333333,0.06666666666666667,0.0,0.0,9.0,4.126840511466936,2.9722222222222223,12.1,5.0,0.0,0.26666666666666666,0.0,0.3333333333333333,0.19814814814814816,1.0,13.850584451375763,0.0,0.0,0.0,0.0,0.06666666666666667,0.3333333333333333,0.0,0.0,2.0,8.233262778851332,0.0,0.0,0.0,2.0,0.06666666666666667,0.06666666666666667,0.0,0.0,11.0,3.5790345296164245,0.0,0.0,0.0,2.0,0.26666666666666666,0.06666666666666667,-0.06666666666666667,-0.22666666666666666,4.0,3.747453494582395,8.1125,24.2,2.0,0.0,0.06666666666666667,0.0,0.06666666666666667,0.33638888888888896,2.0,7.640195361730742,0.0,0.0,0.0,2.0,0.06666666666666667,0.06666666666666667,0.0,0.0,8.0,4.263670481888541,0.0,0.0,0.0,2.0,0.26666666666666666,0.06666666666666667,-0.13333333333333333,-0.8246666666666668,4.0,4.028959514326286,6.7625,18.5,2.0,0.0,0.13333333333333333,0.0,0.06666666666666667,0.33416666666666667,2.0,0.0,16.0,6.90625,4.0,6.45,1.0,0.0,14.0,9.075,3.0,3.0666666666666664,2.0,0.0,6.0,0.0,5.0,15.41,1.0,0.0,3.0,0.0,5.0,13.780000000000001
rush_hour_seed1,rush_hour,1,147.25,162.25,80.0,6.279142211271154,1.474375,13.0,26.75,3.0,9.354482149416038,0.0,0.0,0.0,2.0,0.13333333333333333,0.06666666666666667,0.0,0.0,12.0,3.518349814193817,1.679166666666667,11.3,3.0,0.0,0.3333333333333333,0.0,0.2,0.11194444444444446,3.0,5.759481478001175,0.85,2.55,1.0,0.0,0.13333333333333333,0.2,0.06666666666666667,0.056666666666666664,2.0,12.607341654507099,0.0,0.0,0.0,2.0,0.13333333333333333,0.13333333333333333,0.0,0.0,10.0,3.734973837337884,3.175,13.1,5.0,0.0,0.26666666666666666,0.0,0.3333333333333333,0.21166666666666664,2.0,12.733411701830338,0.0,0.0,0.0,0.0,0.13333333333333333,0.3333333333333333,0.0,0.0,2.0,8.955087025194878,0.0,0.0,0.0,2.0,0.06666666666666667,0.06666666666666667,0.0,0.0,11.0,4.363434233094591,0.0,0.0,0.0,2.0,0.2,0.06666666666666667,-0.06666666666666667,-0.20888888888888887,4.0,3.57999955795606,8.6125,25.2,2.0,0.0,0.06666666666666667,0.0,0.06666666666666667,0.34750000000000003,2.0,8.380874300767625,0.0,0.0,0.0,2.0,0.06666666666666667,0.06666666666666667,0.0,0.0,7.0,5.338696438776745,0.0,0.0,0.0,2.0,0.2,0.13333333333333333,-0.13333333333333333,-0.7094444444444445,4.0,4.1508158822802,7.2625,19.5,2.0,0.0,0.06666666666666667,0.0,0.06666666666666667,0.38416666666666666,2.0,0.0,16.0,7.6156250000000005,4.0,6.95,1.0,0.0,14.0,9.789285714285715,3.0,3.4,2.0,0.0,7.0,0.0,5.0,16.21,1.0,0.0,3.0,0.0,5.0,14.580000000000002
rush_hour_seed1,rush_hour,1,148.25,163.25,81.0,6.559248737814603,1.6166666666666665,13.0,25.75,2.0,12.353962460146374,0.0,0.0,0.0,2.0,0.13333333333333333,0.13333333333333333,0.0,0.0,13.0,3.4071546877532772,1.7807692307692309,12.3,3.0,0.0,0.4,0.0,0.2,0.11871794871794873,3.0,5.298330604757195,1.1833333333333333,3.55,1.0,0.0,0.13333333333333333,0.13333333333333333,0.06666666666666667,0.07888888888888888,2.0,13.676567727208145,0.0,0.0,0.0,2.0,0.13333333333333333,0.13333333333333333,0.0,0.0,10.0,3.6666084989545014,3.675,14.1,5.0,0.0,0.26666666666666666,0.0,0.3333333333333333,0.245,2.0,12.726738101506491,0.0,0.0,0.0,0.0,0.13333333333333333,0.26666666666666666,0.0,0.0,1.0,13.303257508885238,0.0,0.0,0.0,2.0,0.06666666666666667,0.13333333333333333,0.0,0.0,11.0,4.574125282698872,0.0,0.0,0.0,2.0,0.26666666666666666,0.13333333333333333,-0.06666666666666667,-0.2162962962962963,4.0,3.5145215434539963,9.1125,26.2,2.0,0.0,0.06666666666666667,0.0,0.06666666666666667,0.3586111111111112,1.0,11.978917772811837,0.0,0.0,0.0,2.0,0.06666666666666667,0.13333333333333333,0.0,0.0,7.0,6.437177624903803,0.0,0.0,0.0,2.0,0.2,0.13333333333333333,-0.13333333333333333,-0.7316666666666667,4.0,4.395149761544305,7.7625,20.5,2.0,0.0,0.06666666666666667,0.0,0.06666666666666667,0.3952777777777778,2.0,0.0,17.0,7.873529411764705,5.0,5.96,2.0,0.0,14.0,10.50357142857143,3.0,3.733333333333333,2.0,0.0,6.0,0.0,6.0,14.174999999999999,2.0,0.0,3.0,0.0,5.0,15.38
rush_hour_seed1,rush_hour,1,149.25,164.25,83.0,6.916958266646979,1.7427710843373494,15.0,24.75,2.0,13.220948517899174,0.0,0.0,0.0,2.0,0.13333333333333333,0.13333333333333333,-0.06666666666666667,-0.006666666666666667,13.0,3.2761777022340803,2.026923076923077,13.3,4.0,0.0,0.3333333333333333,0.0,0.26666666666666666,0.13512820512820511,3.0,5.195415065322692,1.5166666666666666,4.55,1.0,0.0,0.13333333333333333,0.06666666666666667,0.06666666666666667,0.10111111111111111,2.0,14.67730317779954,0.0,0.0,0.0,2.0,0.13333333333333333,0.13333333333333333,-0.06666666666666667,-0.005,11.0,3.482302168413574,3.7954545454545454,15.1,5.0,0.0,0.3333333333333333,0.0,0.26666666666666666,0.25191919191919193,2.0,12.198736562155883,0.0,0.0,0.0,0.0,0.13333333333333333,0.26666666666666666,0.0,0.0,1.0,13.273738063645672,0.0,0.0,0.0,2.0,0.06666666666666667,0.13333333333333333,0.0,0.0,11.0,4.818982374625527,0.0,0.0,0.0,2.0,0.2,0.13333333333333333,-0.13333333333333333,-0.207,4.0,3.4877815060602364,9.7375,27.2,3.0,0.0,0.06666666666666667,0.0,0.13333333333333333,0.37805555555555564,1.0,11.981663757129573,0.0,0.0,0.0,2.0,0.06666666666666667,0.13333333333333333,0.0,0.0,8.0,7.586079675416994,0.0,0.0,0.0,2.0,0.26666666666666666,0.13333333333333333,-0.13333333333333333,-0.7538888888888888,4.0,4.354617635816772,8.2625,21.5,2.0,0.0,0.06666666666666667,0.0,0.06666666666666667,0.40638888888888886,2.0,0.0,17.0,8.6,5.0,6.5,2.0,0.0,14.0,11.217857142857143,3.0,4.066666666666666,2.0,0.0,6.0,0.0,6.0,14.841666666666667,2.0,0.0,3.0,0.0,5.0,16.18
rush_hour_seed1,rush_hour,1,150.25,165.25,82.0,7.193768425939721,1.951219512195122,16.0,23.75,2.0,13.227785188180656,0.0,0.0,0.0,2.0,0.13333333333333333,0.13333333333333333,-0.06666666666666667,-0.04,13.0,3.2234318962443065,2.3346153846153848,14.3,4.0,0.0,0.3333333333333333,0.0,0.26666666666666666,0.15564102564102564,3.0,4.899388502700629,1.8499999999999999,5.55,1.0,0.0,0.13333333333333333,0.06666666666666667,0.06666666666666667,0.12333333333333332,2.0,14.412434108246124,0.0,0.0,0.0,2.0,0.13333333333333333,0.13333333333333333,-0.06666666666666667,-0.03833333333333333,11.0,3.5431311423727134,4.281818181818182,16.1,6.0,0.0,0.3333333333333333,0.0,0.3333333333333333,0.2732323232323232,2.0,9.969842684150713,0.0,0.0,0.0,0.0,0.13333333333333333,0.2,0.0,0.0,1.0,13.269278579759069,0.0,0.0,0.0,2.0,0.06666666666666667,0.13333333333333333,0.0,0.0,10.0,4.8633115953978105,0.0,0.0,0.0,2.0,0.2,0.2,-0.13333333333333333,-0.22033333333333333,4.0,3.468495435532306,10.4875,28.2,3.0,0.0,0.06666666666666667,0.0,0.13333333333333333,0.40583333333333343,1.0,11.974116503458935,0.0,0.0,0.0,2.0,0.06666666666666667,0.13333333333333333,0.0,0.0,7.0,8.756840448846864,0.0,0.0,0.0,2.0,0.2,0.2,-0.13333333333333333,-0.6652380952380952,4.0,4.24225722669972,8.7625,22.5,2.0,0.0,0.06666666666666667,0.0,0.06666666666666667,0.4174999999999999,2.0,0.0,18.0,8.844444444444443,5.0,7.1,2.0,0.0,15.0,11.163333333333332,4.0,3.3,2.0,0.0,6.0,0.0,6.0,15.508333333333333,1.0,0.0,3.0,0.0,6.0,14.15
rush_hour_seed1,rush_hour,1,151.25,166.25,81.0,7.398771883879372,2.1728395061728394,16.0,22.75,1.0,13.860715926002014,0.0,0.0,0.0,2.0,0.06666666666666667,0.13333333333333333,-0.06666666666666667,-0.07333333333333333,13.0,3.0417410470232764,2.6423076923076922,15.3,4.0,0.0,0.3333333333333333,0.0,0.2,0.17365384615384613,3.0,4.713704684014682,2.183333333333333,6.55,1.0,0.0,0.13333333333333333,0.06666666666666667,0.06666666666666667,0.14555555555555555,1.0,16.56429600274563,0.0,0.0,0.0,2.0,0.06666666666666667,0.13333333333333333,-0.06666666666666667,-0.07166666666666667,11.0,3.6488666420607516,4.827272727272727,17.1,6.0,0.0,0.3333333333333333,0.0,0.3333333333333333,0.2984848484848485,2.0,7.71466052765194,0.0,0.0,0.0,0.0,0.13333333333333333,0.2,0.0,0.0,2.0,12.642167840502635,0.0,0.0,0.0,2.0,0.13333333333333333,0.13333333333333333,-0.06666666666666667,-0.01,9.0,4.805880498986793,0.0,0.0,0.0,2.0,0.2,0.26666666666666666,-0.13333333333333333,-0.2336666666666667,4.0,3.467956363478158,11.2375,29.2,3.0,0.0,0.06666666666666667,0.0,0.13333333333333333,0.43361111111111117,1.0,11.985162172629497,0.0,0.0,0.0,2.0,0.06666666666666667,0.13333333333333333,-0.06666666666666667,-0.01,6.0,9.972168031679537,0.0,0.0,0.0,2.0,0.2,0.26666666666666666,-0.13333333333333333,-0.6842857142857143,4.0,4.193667282872616,9.2625,23.5,2.0,0.0,0.06666666666666667,0.0,0.06666666666666667,0.428611111111111,2.0,0.0,18.0,9.566666666666666,5.0,7.7,2.0,0.0,15.0,11.896666666666667,4.0,3.5625,1.0,0.0,5.0,0.0,6.0,16.175,1.0,0.0,3.0,0.0,6.0,14.816666666666668
rush_hour_seed1,rush_hour,1,152.25,167.25,82.0,7.338640328157891,2.3512195121951223,20.0,21.75,1.0,13.88803070688271,0.0,0.0,0.0,2.0,0.06666666666666667,0.2,-0.06666666666666667,-0.07111111111111111,13.0,2.697654815311471,2.9615384615384617,16.3,5.0,0.0,0.26666666666666666,0.0,0.26666666666666666,0.18780626780626783,3.0,4.64746435806147,2.6,7.55,2.0,0.0,0.06666666666666667,0.0,0.13333333333333333,0.17333333333333334,1.0,16.559852897282692,0.0,0.0,0.0,2.0,0.06666666666666667,0.2,-0.06666666666666667,-0.07,11.0,3.412911573781547,5.372727272727273,18.1,6.0,0.0,0.3333333333333333,0.0,0.3333333333333333,0.32373737373737377,2.0,5.791803193336819,0.1,0.2,1.0,0.0,0.13333333333333333,0.13333333333333333,0.06666666666666667,0.006666666666666667,2.0,12.628976872684262,0.0,0.0,0.0,2.0,0.13333333333333333,0.13333333333333333,-0.06666666666666667,-0.043333333333333335,9.0,5.24672141720886,0.0,0.0,0.0,2.0,0.2,0.26666666666666666,-0.13333333333333333,-0.24700000000000003,5.0,2.967247679485693,9.59,30.2,3.0,0.0,0.13333333333333333,0.0,0.13333333333333333,0.3015555555555556,2.0,12.35935441937356,0.0,0.0,0.0,2.0,0.13333333333333333,0.13333333333333333,-0.06666666666666667,-0.043333333333333335,5.0,11.052839204266252,0.0,0.0,0.0,2.0,0.2,0.3333333333333333,-0.13333333333333333,-0.7033333333333333,4.0,3.5572674798110198,9.8125,24.5,3.0,0.0,0.06666666666666667,0.0,0.13333333333333333,0.4430555555555556,1.0,0.0,18.0,10.288888888888888,5.0,8.3,2.0,0.0,16.0,11.840625,4.0,4.0625,1.0,0.0,5.0,0.0,6.0,16.841666666666665,1.0,0.0,3.0,0.0,6.0,15.483333333333334
rush_hour_seed1,rush_hour,1,153.25,168.25,82.0,7.295176056094088,2.595731707317073,21.0,20.75,2.0,13.415388875444938,0.0,0.0,0.0,2.0,0.13333333333333333,0.2,-0.06666666666666667,-0.09333333333333334,13.0,2.302593536698922,3.3499999999999996,17.3,6.0,0.0,0.2,0.0,0.3333333333333333,0.208,3.0,4.6167014124094425,3.266666666666667,8.55,2.0,0.0,0.06666666666666667,0.0,0.13333333333333333,0.2177777777777778,1.0,16.56327410547808,0.0,0.0,0.0,2.0,0.06666666666666667,0.2,-0.06666666666666667,-0.09222222222222223,11.0,3.2318126955779145,5.918181818181819,19.1,6.0,0.0,0.26666666666666666,0.0,0.26666666666666666,0.3526406926406927,2.0,5.81603912669234,0.6,1.2,1.0,0.0,0.06666666666666667,0.06666666666666667,0.06666666666666667,0.04,2.0,12.621965719975243,0.0,0.0,0.0,2.0,0.13333333333333333,0.13333333333333333,-0.06666666666666667,-0.07666666666666666,8.0,5.460972411514054,0.0,0.0,0.0,2.0,0.2,0.3333333333333333,-0.13333333333333333,-0.26033333333333336,5.0,2.728305022486727,10.190000000000001,31.2,3.0,0.0,0.13333333333333333,0.0,0.06666666666666667,0.3137777777777779,2.0,12.917653766597967,0.0,0.0,0.0,2.0,0.13333333333333333,0.13333333333333333,-0.06666666666666667,-0.07666666666666666,4.0,11.666955254537854,0.0,0.0,0.0,2.0,0.2,0.4,-0.13333333333333333,-0.7223809523809523,4.0,2.5389419135418123,10.5625,25.5,3.0,0.0,0.06666666666666667,0.0,0.06666666666666667,0.4586111111111111,1.0,0.0,18.0,11.011111111111111,5.0,8.9,1.0,0.0,16.0,12.528125,4.0,4.5625,1.0,0.0,4.0,0.0,6.0,17.508333333333333,1.0,0.0,4.0,0.0,6.0,16.150000000000002
rush_hour_seed1,rush_hour,1,154.25,169.25,84.0,7.077400566439585,2.7857142857142856,22.0,19.75,2.0,13.416535179172811,0.0,0.0,0.0,2.0,0.13333333333333333,0.2,-0.06666666666666667,-0.11555555555555556,14.0,1.9674764349340783,3.539285714285714,18.3,6.0,0.0,0.26666666666666666,0.0,0.3333333333333333,0.21395238095238095,3.0,4.61496267537438,3.9333333333333336,9.55,2.0,0.0,0.06666666666666667,0.0,0.13333333333333333,0.26222222222222225,1.0,16.66216739210114,0.0,0.0,0.0,2.0,0.06666666666666667,0.2,-0.06666666666666667,-0.11444444444444445,11.0,3.103941156186196,6.4772727272727275,20.1,7.0,0.0,0.2,0.0,0.3333333333333333,0.37848484848484854,2.0,5.801271029481432,1.1,2.2,1.0,0.0,0.06666666666666667,0.06666666666666667,0.06666666666666667,0.07333333333333333,2.0,12.577766282306698,0.0,0.0,0.0,2.0,0.13333333333333333,0.13333333333333333,-0.06666666666666667,-0.11,9.0,5.907034329324073,0.0,0.0,0.0,2.0,0.26666666666666666,0.3333333333333333,-0.13333333333333333,-0.27366666666666667,5.0,2.58259621179401,10.790000000000001,32.2,3.0,0.0,0.13333333333333333,0.0,0.06666666666666667,0.3093333333333334,2.0,12.88454532652965,0.0,0.0,0.0,2.0,0.13333333333333333,0.13333333333333333,-0.06666666666666667,-0.11,4.0,11.694281817638538,0.0,0.0,0.0,2.0,0.2,0.4,-0.13333333333333333,-0.7414285714285713,5.0,1.8543545192704394,9.05,26.5,3.0,0.0,0.13333333333333333,0.0,0.06666666666666667,0.31333333333333335,2.0,0.0,18.0,11.733333333333333,5.0,9.5,1.0,0.0,16.0,13.215625,4.0,5.0625,1.0,0.0,4.0,0.0,6.0,18.175,1.0,0.0,4.0,0.0,6.0,16.816666666666666
rush_hour_seed1,rush_hour,1,155.25,170.25,88.0,7.0259130592356565,2.914772727272727,23.0,18.75,2.0,13.422559227560583,0.0,0.0,0.0,2.0,0.13333333333333333,0.2,-0.06666666666666667,-0.1377777777777778,15.0,1.8481744428770908,3.7366666666666664,19.3,7.0,0.0,0.3333333333333333,0.0,0.3333333333333333,0.21544444444444444,4.0,5.13846167146068,3.45,10.55,2.0,0.0,0.13333333333333333,0.0,0.13333333333333333,0.23,2.0,14.953015221229041,0.0,0.0,0.0,2.0,0.13333333333333333,0.2,-0.06666666666666667,-0.1366666666666667,12.0,2.784391131160771,6.520833333333333,21.1,7.0,0.0,0.26666666666666666,0.0,0.3333333333333333,0.3647222222222222,2.0,5.816888382743929,1.6,3.2,1.0,0.0,0.06666666666666667,0.06666666666666667,0.06666666666666667,0.10666666666666667,1.0,11.990524454615079,0.0,0.0,0.0,2.0,0.06666666666666667,0.13333333333333333,-0.06666666666666667,-0.14333333333333334,8.0,6.157157416906077,0.0,0.0,0.0,2.0,0.26666666666666666,0.4,-0.2,-0.2873333333333334,5.0,2.555995524261795,11.39,33.2,3.0,0.0,0.13333333333333333,0.0,0.06666666666666667,0.30488888888888893,2.0,12.913561271927783,0.0,0.0,0.0,2.0,0.13333333333333333,0.13333333333333333,-0.06666666666666667,-0.14333333333333334,3.0,12.62956980317901,0.0,0.0,0.0,2.0,0.2,0.4666666666666667,-0.13333333333333333,-0.7604761904761904,5.0,1.6019907747831172,9.65,27.5,3.0,0.0,0.13333333333333333,0.0,0.06666666666666667,0.30888888888888894,2.0,0.0,19.0,11.836842105263159,5.0,10.1,1.0,0.0,16.0,13.909375,4.0,5.5625,1.0,0.0,4.0,0.0,6.0,18.933333333333334,1.0,0.0,4.0,0.0,6.0,17.48333333333333
rush_hour_seed1,rush_hour,1,156.25,171.25,91.0,7.025935953227269,3.0714285714285716,23.0,17.75,2.0,13.438000490002619,0.0,0.0,0.0,2.0,0.13333333333333333,0.2,-0.06666666666666667,-0.16,15.0,1.7512370115462417,4.203333333333333,20.3,7.0,0.0,0.3333333333333333,0.0,0.3333333333333333,0.2332222222222222,4.0,5.279034913546078,3.95,11.55,2.0,0.0,0.13333333333333333,0.0,0.13333333333333333,0.26333333333333336,2.0,14.966912411355747,0.0,0.0,0.0,2.0,0.13333333333333333,0.2,-0.06666666666666667,-0.15888888888888889,13.0,2.5327943736723193,6.5576923076923075,22.1,7.0,0.0,0.3333333333333333,0.0,0.3333333333333333,0.3505128205128205,3.0,5.938879637997598,1.4000000000000001,4.2,1.0,0.0,0.13333333333333333,0.06666666666666667,0.06666666666666667,0.09333333333333334,1.0,11.994480756106787,0.0,0.0,0.0,2.0,0.06666666666666667,0.2,-0.06666666666666667,-0.11777777777777777,9.0,6.882251603841929,0.0,0.0,0.0,2.0,0.26666666666666666,0.4,-0.26666666666666666,-0.28060606060606064,5.0,2.6561504839092644,11.99,34.2,3.0,0.0,0.06666666666666667,0.0,0.06666666666666667,0.4251666666666667,2.0,12.88714520200138,0.0,0.0,0.0,2.0,0.06666666666666667,0.13333333333333333,-0.06666666666666667,-0.11777777777777777,4.0,12.421397205007072,0.0,0.0,0.0,2.0,0.26666666666666666,0.4666666666666667,-0.13333333333333333,-0.7795238095238094,5.0,1.5662302771151906,10.25,28.5,3.0,0.0,0.13333333333333333,0.0,0.06666666666666667,0.3044444444444444,2.0,0.0,19.0,12.621052631578946,5.0,10.9,1.0,0.0,16.0,14.659375,4.0,6.0625,1.0,0.0,4.0,0.0,6.0,19.76666666666667,1.0,0.0,4.0,0.0,6.0,18.15
rush_hour_seed1,rush_hour,1,157.25,172.25,91.0,7.055582788476613,3.3445054945054946,25.0,16.75,2.0,13.431807150216942,0.0,0.0,0.0,2.0,0.13333333333333333,0.2,-0.06666666666666667,-0.1822222222222222,15.0,1.7098061654336332,4.733333333333333,21.3,8.0,0.0,0.26666666666666666,0.0,0.4,0.2607070707070707,4.0,5.015952336068605,4.45,12.55,2.0,0.0,0.13333333333333333,0.0,0.13333333333333333,0.2966666666666667,2.0,13.26397023729098,0.0,0.0,0.0,2.0,0.13333333333333333,0.2,-0.06666666666666667,-0.1811111111111111,13.0,2.3524918729797095,7.165384615384616,23.1,8.0,0.0,0.3333333333333333,0.0,0.4,0.3743589743589744,3.0,6.520960892721388,1.7333333333333334,5.2,1.0,0.0,0.13333333333333333,0.0,0.06666666666666667,0.11555555555555556,1.0,11.984836133297067,0.0,0.0,0.0,2.0,0.06666666666666667,0.2,-0.06666666666666667,-0.14,9.0,7.694879821509732,0.0,0.0,0.0,2.0,0.26666666666666666,0.4,-0.26666666666666666,-0.30484848484848487,5.0,2.8892266766325916,12.59,35.2,3.0,0.0,0.06666666666666667,0.0,0.06666666666666667,0.43183333333333335,1.0,13.79455162053089,0.0,0.0,0.0,2.0,0.06666666666666667,0.2,-0.06666666666666667,-0.14,4.0,12.97129472184038,0.0,0.0,0.0,2.0,0.26666666666666666,0.5333333333333333,-0.13333333333333333,-0.69875,5.0,1.7086516480984066,10.85,29.5,3.0,0.0,0.13333333333333333,0.0,0.06666666666666667,0.29999999999999993,2.0,0.0,20.0,12.739999999999998,6.0,9.75,2.0,0.0,16.0,15.44375,4.0,6.5625,2.0,0.0,3.0,0.0,6.0,20.6,1.0,0.0,3.0,0.0,6.0,18.816666666666666
rush_hour_seed1,rush_hour,1,158.25,173.25,91.0,7.16524929867028,3.6296703296703297,27.0,15.75,2.0,13.180321706861257,0.0,0.0,0.0,2.0,0.13333333333333333,0.2,-0.06666666666666667,-0.20444444444444443,15.0,1.7297902664780347,5.33,22.3,10.0,0.0,0.26666666666666666,0.0,0.5333333333333333,0.2883636363636363,4.0,4.804189882159225,4.95,13.55,2.0,0.0,0.13333333333333333,0.0,0.13333333333333333,0.33,1.0,13.308836584298838,0.0,0.0,0.0,2.0,0.06666666666666667,0.2,-0.06666666666666667,-0.20333333333333334,13.0,2.245473127827536,7.7807692307692315,24.1,8.0,0.0,0.3333333333333333,0.0,0.3333333333333333,0.39288461538461544,3.0,7.064908072817677,2.066666666666667,6.2,1.0,0.0,0.13333333333333333,0.0,0.06666666666666667,0.1377777777777778,1.0,11.986504612891004,0.0,0.0,0.0,2.0,0.06666666666666667,0.2,-0.06666666666666667,-0.1622222222222222,8.0,8.320180863815349,0.0,0.0,0.0,2.0,0.2,0.4666666666666667,-0.26666666666666666,-0.3016666666666667,5.0,2.8216840931802265,13.190000000000001,36.2,3.0,0.0,0.06666666666666667,0.0,0.06666666666666667,0.4385000000000001,1.0,13.840946836416602,0.0,0.0,0.0,2.0,0.06666666666666667,0.2,-0.06666666666666667,-0.1622222222222222,4.0,12.884858430685744,0.0,0.0,0.0,2.0,0.26666666666666666,0.5333333333333333,-0.13333333333333333,-0.7154166666666666,5.0,1.969033812943047,11.45,30.5,3.0,0.0,0.06666666666666667,0.0,0.06666666666666667,0.4124999999999999,2.0,0.0,21.0,12.892857142857142,6.0,10.416666666666666,2.0,0.0,17.0,15.3,4.0,7.0625,2.0,0.0,3.0,0.0,7.0,18.37142857142857,2.0,0.0,3.0,0.0,6.0,19.48333333333333
rush_hour_seed1,rush_hour,1,159.25,174.25,91.0,7.116379435306395,3.934615384615385,29.0,14.75,1.0,13.016610504293686,0.0,0.0,0.0,2.0,0.06666666666666667,0.2,0.0,0.0,16.0,1.8323039724645598,5.621875,23.3,10.0,0.0,0.3333333333333333,0.0,0.5333333333333333,0.2957007575757576,4.0,4.7300562569077025,5.45,14.55,2.0,0.0,0.13333333333333333,0.0,0.13333333333333333,0.36333333333333334,1.0,13.310008596796976,0.0,0.0,0.0,2.0,0.06666666666666667,0.2,0.0,0.0,13.0,2.248380446132127,8.396153846153847,25.1,8.0,0.0,0.26666666666666666,0.0,0.3333333333333333,0.4256695156695158,3.0,7.475646697971993,2.4,7.2,1.0,0.0,0.13333333333333333,0.0,0.06666666666666667,0.16,1.0,11.977482532239518,0.0,0.0,0.0,2.0,0.06666666666666667,0.2,0.0,0.0,8.0,8.87653898424776,0.0,0.0,0.0,2.0,0.2,0.4666666666666667,-0.26666666666666666,-0.1025,5.0,2.7845793850406553,13.809999999999999,37.2,4.0,0.0,0.06666666666666667,0.0,0.13333333333333333,0.44649999999999995,1.0,13.843419401700135,0.0,0.0,0.0,2.0,0.06666666666666667,0.2,0.0,0.0,3.0,12.570941020037106,0.0,0.0,0.0,2.0,0.2,0.6,-0.13333333333333333,-0.22518518518518518,5.0,2.2834360039333985,12.18,31.5,4.0,0.0,0.06666666666666667,0.0,0.13333333333333333,0.4278333333333333,1.0,0.0,21.0,13.654761904761905,6.0,11.083333333333334,2.0,0.0,18.0,15.172222222222224,5.0,6.05,1.0,0.0,2.0,0.0,7.0,19.085714285714285,2.0,0.0,3.0,0.0,6.0,20.15
rush_hour_seed1,rush_hour,1,160.25,175.25,91.0,7.184207307924204,4.26043956043956,30.0,13.75,1.0,13.001779225466644,0.0,0.0,0.0,2.0,0.06666666666666667,0.2,0.0,0.0,16.0,1.87408470228931,6.246875,24.3,10.0,0.0,0.3333333333333333,0.0,0.5333333333333333,0.32524621212121213,4.0,4.662300034954366,5.95,15.55,2.0,0.0,0.13333333333333333,0.0,0.06666666666666667,0.3783333333333333,1.0,13.354900722123418,0.0,0.0,0.0,2.0,0.06666666666666667,0.13333333333333333,0.0,0.0,13.0,2.3350797723933963,9.061538461538461,26.1,9.0,0.0,0.26666666666666666,0.0,0.3333333333333333,0.4422507122507122,3.0,6.663152510945724,2.733333333333333,8.2,1.0,0.0,0.13333333333333333,0.0,0.06666666666666667,0.1822222222222222,1.0,11.978086204749998,0.0,0.0,0.0,2.0,0.06666666666666667,0.13333333333333333,0.0,0.0,7.0,9.260827928378236,0.0,0.0,0.0,2.0,0.2,0.4666666666666667,-0.06666666666666667,-0.008181818181818182,5.0,2.7782878911617277,14.61,38.2,4.0,0.0,0.06666666666666667,0.0,0.13333333333333333,0.46649999999999997,1.0,13.80935511021618,0.0,0.0,0.0,2.0,0.06666666666666667,0.13333333333333333,0.0,0.0,3.0,12.53841546724837,0.0,0.0,0.0,2.0,0.2,0.5333333333333333,0.0,0.0,5.0,2.3525871993805336,12.98,32.5,4.0,0.0,0.06666666666666667,0.0,0.13333333333333333,0.44783333333333336,1.0,0.0,21.0,14.416666666666666,6.0,11.75,2.0,0.0,18.0,15.894444444444446,5.0,6.45,1.0,0.0,2.0,0.0,7.0,19.8,2.0,0.0,3.0,0.0,6.0,20.925
rush_hour_seed1,rush_hour,1,161.25,176.25,94.0,7.227051102460287,4.452127659574468,32.0,12.75,2.0,13.23057275713921,0.0,0.0,0.0,2.0,0.13333333333333333,0.2,0.0,0.0,16.0,1.6766958552352897,6.90625,25.3,11.0,0.0,0.26666666666666666,0.0,0.5333333333333333,0.36513888888888885,4.0,4.383811273741,6.45,16.55,2.0,0.0,0.06666666666666667,0.0,0.06666666666666667,0.39555555555555555,1.0,13.317866881741644,0.0,0.0,0.0,2.0,0.06666666666666667,0.2,0.0,0.0,14.0,2.2792145342345527,9.075,27.1,10.0,0.0,0.3333333333333333,0.0,0.3333333333333333,0.4068518518518518,3.0,5.760044094471284,3.0666666666666664,9.2,1.0,0.0,0.13333333333333333,0.0,0.06666666666666667,0.20444444444444443,2.0,12.030708636358614,0.0,0.0,0.0,2.0,0.13333333333333333,0.13333333333333333,0.0,0.0,6.0,9.501539902893352,0.0,0.0,0.0,2.0,0.2,0.5333333333333333,0.0,0.0,5.0,2.7706742676436886,15.41,39.2,4.0,0.0,0.06666666666666667,0.0,0.13333333333333333,0.4865,1.0,13.796529623154543,0.0,0.0,0.0,2.0,0.06666666666666667,0.13333333333333333,0.0,0.0,3.0,12.485513511500892,0.0,0.0,0.0,2.0,0.2,0.5333333333333333,0.0,0.0,5.0,2.353248030038573,13.780000000000001,33.5,4.0,0.0,0.06666666666666667,0.0,0.13333333333333333,0.4678333333333334,1.0,0.0,22.0,14.488636363636363,6.0,12.416666666666666,1.0,0.0,18.0,16.65,5.0,6.85,1.0,0.0,3.0,0.0,7.0,20.514285714285712,2.0,0.0,3.0,0.0,6.0,21.75833333333333
rush_hour_seed1,rush_hour,1,162.25,177.25,93.0,7.110769469386316,4.847849462365591,33.0,11.75,2.0,13.376084575030912,0.0,0.0,0.0,2.0,0.13333333333333333,0.2,0.0,0.0,16.0,1.516435480012425,7.6156250000000005,26.3,12.0,0.0,0.26666666666666666,0.0,0.6,0.3957638888888889,4.0,4.242661829988904,6.95,17.55,2.0,0.0,0.06666666666666667,0.0,0.06666666666666667,0.4066666666666667,1.0,13.34054207554596,0.0,0.0,0.0,2.0,0.06666666666666667,0.13333333333333333,0.0,0.0,14.0,2.334206708156753,9.789285714285715,28.1,10.0,0.0,0.26666666666666666,0.0,0.3333333333333333,0.440952380952381,3.0,5.033595886442443,3.4,10.2,1.0,0.0,0.06666666666666667,0.0,0.06666666666666667,0.22666666666666666,2.0,12.82444081920362,0.0,0.0,0.0,2.0,0.13333333333333333,0.13333333333333333,0.0,0.0,7.0,9.673599510025511,0.0,0.0,0.0,2.0,0.26666666666666666,0.5333333333333333,0.0,0.0,5.0,2.566737415745618,16.21,40.2,4.0,0.0,0.06666666666666667,0.0,0.13333333333333333,0.5065000000000001,1.0,13.797869849457397,0.0,0.0,0.0,2.0,0.06666666666666667,0.13333333333333333,0.0,0.0,3.0,12.48699373268658,0.0,0.0,0.0,2.0,0.2,0.4666666666666667,0.0,0.0,5.0,2.35028911433968,14.580000000000002,34.5,4.0,0.0,0.06666666666666667,0.0,0.13333333333333333,0.48783333333333345,1.0,0.0,22.0,15.247727272727273,6.0,13.083333333333334,1.0,0.0,18.0,17.427777777777777,5.0,7.42,1.0,0.0,4.0,0.0,7.0,13.342857142857143,2.0,0.0,3.0,0.0,7.0,12.292857142857143
rush_hour_seed1,rush_hour,1,163.25,178.25,98.0,7.021456246632657,4.937244897959184,33.0,10.75,2.0,13.397197662442416,0.0,0.0,0.0,2.0,0.13333333333333333,0.13333333333333333,0.0,0.0,17.0,1.4353692487289373,7.873529411764705,27.3,12.0,0.0,0.26666666666666666,0.0,0.6,0.406184012066365,5.0,4.325469213604271,5.96,18.55,2.0,0.0,0.13333333333333333,0.0,0.06666666666666667,0.3184444444444444,2.0,13.609554558780145,0.0,0.0,0.0,2.0,0.13333333333333333,0.13333333333333333,0.0,0.0,14.0,2.0821502559879934,10.50357142857143,29.1,10.0,0.0,0.26666666666666666,0.0,0.3333333333333333,0.45523809523809533,3.0,4.513927926544601,3.733333333333333,11.2,1.0,0.0,0.06666666666666667,0.0,0.06666666666666667,0.24888888888888885,2.0,12.812352452920049,0.0,0.0,0.0,2.0,0.13333333333333333,0.06666666666666667,0.0,0.0,6.0,10.13926747717351,0.0,0.0,0.0,2.0,0.2,0.5333333333333333,0.0,0.0,6.0,2.2563669567978972,14.174999999999999,41.2,4.0,0.0,0.13333333333333333,0.0,0.13333333333333333,0.33749999999999986,2.0,13.355576970864021,0.0,0.0,0.0,2.0,0.13333333333333333,0.06666666666666667,0.0,0.0,3.0,12.061514725566134,0.0,0.0,0.0,2.0,0.2,0.4666666666666667,0.0,0.0,5.0,2.349873534651913,15.38,35.5,4.0,0.0,0.06666666666666667,0.0,0.13333333333333333,0.5078333333333334,2.0,0.0,22.0,16.020454545454545,6.0,13.75,1.0,0.0,19.0,17.24736842105263,5.0,8.02,1.0,0.0,4.0,0.0,6.0,1.425,2.0,0.475,4.0,0.1625,6.0,0.6083333333333333
rush_hour_seed1,rush_hour,1,164.25,179.25,93.0,6.661765544157214,5.568817204301075,35.0,9.75,2.0,13.35121119752301,0.0,0.0,0.0,2.0,0.13333333333333333,0.13333333333333333,0.0,0.0,17.0,1.4835022169589134,8.6,28.3,13.0,0.0,0.26666666666666666,0.0,0.6,0.4382051282051282,5.0,3.8885060585693387,6.5,19.55,3.0,0.0,0.13333333333333333,0.0,0.13333333333333333,0.33222222222222225,2.0,13.596692070621863,0.0,0.0,0.0,2.0,0.13333333333333333,0.13333333333333333,0.0,0.0,14.0,1.8256529406127193,11.217857142857143,30.1,10.0,0.0,0.2,0.0,0.3333333333333333,0.4948268398268399,3.0,4.227178451111719,4.066666666666666,12.2,1.0,0.0,0.06666666666666667,0.0,0.06666666666666667,0.2711111111111111,2.0,12.823459063164655,0.0,0.0,0.0,2.0,0.13333333333333333,0.06666666666666667,0.0,0.0,6.0,10.505456119946492,0.0,0.0,0.0,2.0,0.2,0.5333333333333333,0.0,0.0,6.0,2.1006515055795614,14.841666666666667,42.2,4.0,0.0,0.13333333333333333,0.0,0.06666666666666667,0.34027777777777773,2.0,12.337294180811233,0.0,0.0,0.0,2.0,0.13333333333333333,0.06666666666666667,0.0,0.0,3.0,12.471968120734298,0.0,0.0,0.0,2.0,0.2,0.5333333333333333,0.0,0.0,5.0,2.3508663407665606,16.18,36.5,4.0,0.0,0.06666666666666667,0.0,0.13333333333333333,0.5278333333333334,2.0,0.0,22.0,16.804545454545455,6.0,14.416666666666666,1.0,0.0,19.0,18.023684210526316,5.0,8.620000000000001,1.0,0.0,4.0,0.0,6.0,0.0,2.0,0.975,4.0,0.4125,6.0,0.0
rush_hour_seed1,rush_hour,1,165.25,180.25,96.0,6.353816232624428,5.763541666666666,36.0,8.75,2.0,13.375180933352752,0.0,0.0,0.0,2.0,0.13333333333333333,0.13333333333333333,0.0,0.0,18.0,1.4924626142596666,8.844444444444443,29.3,13.0,0.0,0.3333333333333333,0.0,0.6,0.43398860398860395,5.0,3.494695623783417,7.1,20.55,3.0,0.0,0.13333333333333333,0.0,0.13333333333333333,0.35,2.0,13.603488474549593,0.0,0.0,0.0,2.0,0.13333333333333333,0.13333333333333333,0.0,0.0,15.0,1.6600721167810053,11.163333333333332,31.1,11.0,0.0,0.26666666666666666,0.0,0.3333333333333333,0.45876767676767666,4.0,4.182130990042359,3.3,13.2,1.0,0.0,0.13333333333333333,0.0,0.06666666666666667,0.22,2.0,12.141420453641423,0.0,0.0,0.0,2.0,0.13333333333333333,0.06666666666666667,0.0,0.0,6.0,11.163224488831675,0.0,0.0,0.0,2.0,0.26666666666666666,0.5333333333333333,0.0,0.0,6.0,2.012442073220687,15.508333333333333,43.2,4.0,0.0,0.13333333333333333,0.0,0.06666666666666667,0.33472222222222214,1.0,12.86433093648508,0.0,0.0,0.0,2.0,0.06666666666666667,0.06666666666666667,0.0,0.0,3.0,12.479959929521987,0.0,0.0,0.0,2.0,0.2,0.4666666666666667,0.0,0.0,6.0,2.417918537046163,14.15,37.5,4.0,0.0,0.13333333333333333,0.0,0.13333333333333333,0.35916666666666675,2.0,0.0,23.0,16.856521739130436,7.0,12.928571428571429,2.0,0.0,19.0,18.813157894736843,5.0,9.22,1.0,0.0,5.0,0.18,6.0,0.0,2.0,1.475,5.0,0.53,6.0,0.0
rush_hour_seed1,rush_hour,1,166.25,181.25,93.0,6.086916760038459,6.337096774193548,37.0,7.75,2.0,11.788368936413454,0.0,0.0,0.0,2.0,0.13333333333333333,0.06666666666666667,0.0,0.0,18.0,1.4221188257357875,9.566666666666666,30.3,13.0,0.0,0.3333333333333333,0.0,0.6,0.46162393162393156,5.0,3.1795888764157327,7.7,21.55,3.0,0.0,0.13333333333333333,0.0,0.13333333333333333,0.3677777777777778,2.0,13.591823633276142,0.0,0.0,0.0,2.0,0.13333333333333333,0.06666666666666667,0.0,0.0,15.0,1.6937982625737473,11.896666666666667,32.1,11.0,0.0,0.26666666666666666,0.0,0.3333333333333333,0.47129292929292926,4.0,4.60475116344086,3.5625,14.2,2.0,0.0,0.13333333333333333,0.0,0.13333333333333333,0.2375,1.0,13.65552259442373,0.0,0.0,0.0,2.0,0.06666666666666667,0.13333333333333333,0.0,0.0,5.0,11.949173472119455,0.0,0.0,0.0,2.0,0.26666666666666666,0.5333333333333333,0.0,0.0,6.0,2.025701111397376,16.175,44.2,4.0,0.0,0.13333333333333333,0.0,0.06666666666666667,0.32916666666666666,1.0,12.889208246901276,0.0,0.0,0.0,2.0,0.06666666666666667,0.06666666666666667,0.0,0.0,3.0,12.478534440509756,0.0,0.0,0.0,2.0,0.2,0.4,0.0,0.0,6.0,2.495200639343903,14.816666666666668,38.5,4.0,0.0,0.13333333333333333,0.0,0.13333333333333333,0.37027777777777793,2.0,0.0,23.0,17.639130434782608,7.0,13.607142857142858,2.0,0.0,19.0,19.602631578947367,5.0,9.82,1.0,0.0,5.0,0.38,5.0,0.0,2.0,1.975,5.0,0.73,5.0,0.0
rush_hour_seed1,rush_hour,1,167.25,182.25,94.0,6.048428454442873,6.663297872340426,37.0,6.75,1.0,13.728600363624096,0.0,0.0,0.0,2.0,0.06666666666666667,0.06666666666666667,0.0,0.0,18.0,1.4116163783926088,10.288888888888888,31.3,13.0,0.0,0.3333333333333333,0.0,0.5333333333333333,0.4884900284900284,5.0,3.0486649954340512,8.3,22.55,3.0,0.0,0.13333333333333333,0.0,0.06666666666666667,0.38000000000000006,2.0,12.434916914232694,0.0,0.0,0.0,2.0,0.13333333333333333,0.06666666666666667,0.0,0.0,16.0,1.7619892096329193,11.840625,33.1,11.0,0.0,0.3333333333333333,0.0,0.3333333333333333,0.4311931818181817,4.0,5.081772596365828,4.0625,15.2,2.0,0.0,0.13333333333333333,0.0,0.06666666666666667,0.26416666666666666,1.0,13.650215629559007,0.0,0.0,0.0,2.0,0.06666666666666667,0.13333333333333333,0.0,0.0,5.0,11.861429967150691,0.0,0.0,0.0,2.0,0.26666666666666666,0.5333333333333333,0.0,0.0,6.0,2.1444307724327127,16.841666666666665,45.2,4.0,0.0,0.06666666666666667,0.0,0.06666666666666667,0.48344444444444434,1.0,12.897905439069605,0.0,0.0,0.0,2.0,0.06666666666666667,0.13333333333333333,0.0,0.0,3.0,12.465902588675368,0.0,0.0,0.0,2.0,0.2,0.3333333333333333,0.0,0.0,6.0,2.409331618387262,15.483333333333334,39.5,4.0,0.0,0.13333333333333333,0.0,0.06666666666666667,0.37805555555555564,2.0,0.0,24.0,17.654166666666665,7.0,14.321428571428571,2.0,0.0,19.0,20.428947368421053,5.0,10.42,2.0,0.0,5.0,0.58,4.0,0.0,2.0,2.475,5.0,0.93,5.0,0.0
rush_hour_seed1,rush_hour,1,168.25,183.25,94.0,6.070710488147562,7.056914893617021,37.0,5.75,1.0,13.74642023647884,0.0,0.0,0.0,2.0,0.06666666666666667,0.13333333333333333,0.0,0.0,18.0,1.4292791712708255,11.011111111111111,32.3,13.0,0.0,0.3333333333333333,0.0,0.4666666666666667,0.5107407407407407,5.0,2.9848798945155193,8.9,23.55,3.0,0.0,0.13333333333333333,0.0,0.06666666666666667,0.37555555555555553,1.0,13.874846832184122,0.0,0.0,0.0,2.0,0.06666666666666667,0.06666666666666667,0.0,0.0,16.0,1.766278588337443,12.528125,34.1,11.0,0.0,0.3333333333333333,0.0,0.3333333333333333,0.4406628787878787,4.0,4.998725392693479,4.5625,16.2,2.0,0.0,0.13333333333333333,0.0,0.06666666666666667,0.26416666666666666,1.0,13.695384894037616,0.0,0.0,0.0,2.0,0.06666666666666667,0.13333333333333333,0.0,0.0,4.0,12.510316752529276,0.0,0.0,0.0,2.0,0.26666666666666666,0.5333333333333333,0.0,0.0,6.0,2.36044612584617,17.508333333333333,46.2,4.0,0.0,0.06666666666666667,0.0,0.06666666666666667,0.48788888888888876,1.0,12.838860336571111,0.0,0.0,0.0,2.0,0.06666666666666667,0.13333333333333333,0.0,0.0,4.0,12.442907278277586,0.0,0.0,0.0,2.0,0.26666666666666666,0.26666666666666666,0.0,0.0,6.0,2.370449331675834,16.150000000000002,40.5,4.0,0.0,0.13333333333333333,0.0,0.06666666666666667,0.37250000000000016,2.0,0.0,24.0,18.422916666666666,7.0,15.035714285714286,2.0,0.0,20.0,20.2075,6.0,9.208333333333334,2.0,0.0,6.0,0.65,4.0,0.0,2.0,2.975,5.0,1.1300000000000001,4.0,0.0
rush_hour_seed1,rush_hour,1,169.25,184.25,95.0,6.1847303159990465,7.372105263157895,37.0,4.75,2.0,12.704113636619923,0.0,0.0,0.0,2.0,0.13333333333333333,0.13333333333333333,0.0,0.0,18.0,1.3301446329176656,11.733333333333333,33.3,13.0,0.0,0.26666666666666666,0.0,0.4666666666666667,0.5462698412698412,5.0,2.841059552119126,9.5,24.55,3.0,0.0,0.13333333333333333,0.0,0.06666666666666667,0.3711111111111111,1.0,13.84468885292532,0.0,0.0,0.0,2.0,0.06666666666666667,0.06666666666666667,0.0,0.0,16.0,1.7653073078478216,13.215625,35.1,11.0,0.0,0.3333333333333333,0.0,0.26666666666666666,0.4492234848484848,4.0,4.846681322460164,5.0625,17.2,2.0,0.0,0.13333333333333333,0.0,0.06666666666666667,0.26416666666666666,1.0,13.645028337400637,0.0,0.0,0.0,2.0,0.06666666666666667,0.13333333333333333,0.0,0.0,4.0,13.597276904706716,0.0,0.0,0.0,2.0,0.26666666666666666,0.6,0.0,0.0,6.0,2.3386837420363555,18.175,47.2,4.0,0.0,0.06666666666666667,0.0,0.06666666666666667,0.49233333333333335,1.0,12.86012706089287,0.0,0.0,0.0,2.0,0.06666666666666667,0.13333333333333333,0.0,0.0,4.0,12.45358989885298,0.0,0.0,0.0,2.0,0.26666666666666666,0.26666666666666666,0.0,0.0,6.0,2.4006756989848337,16.816666666666666,41.5,4.0,0.0,0.06666666666666667,0.0,0.06666666666666667,0.5177777777777777,2.0,0.0,24.0,19.214583333333334,7.0,15.75,2.0,0.0,20.0,21.0075,6.0,9.875,2.0,0.0,6.0,0.9250000000000002,4.0,0.0,3.0,2.316666666666667,5.0,1.33,3.0,0.0
rush_hour_seed1,rush_hour,1,170.25,185.25,93.0,5.953764422273391,7.943010752688172,40.0,3.75,2.0,12.71414498886913,0.0,0.0,0.0,2.0,0.13333333333333333,0.13333333333333333,0.0,0.0,19.0,1.1973397511774593,11.836842105263159,34.3,14.0,0.0,0.26666666666666666,0.0,0.4666666666666667,0.5400116959064328,5.0,2.7946473997632846,10.1,25.55,3.0,0.0,0.06666666666666667,0.0,0.06666666666666667,0.4433333333333333,1.0,13.828378522946732,0.0,0.0,0.0,2.0,0.06666666666666667,0.13333333333333333,0.0,0.0,16.0,1.828378107137649,13.909375,36.1,12.0,0.0,0.26666666666666666,0.0,0.3333333333333333,0.4925694444444445,4.0,4.726370478117666,5.5625,18.2,2.0,0.0,0.13333333333333333,0.0,0.06666666666666667,0.26416666666666666,1.0,13.695373403781323,0.0,0.0,0.0,2.0,0.06666666666666667,0.06666666666666667,0.0,0.0,4.0,14.019750517099459,0.0,0.0,0.0,2.0,0.26666666666666666,0.5333333333333333,0.0,0.0,6.0,2.3240253817227354,18.933333333333334,48.2,5.0,0.0,0.06666666666666667,0.0,0.13333333333333333,0.5028888888888888,1.0,12.862710785921541,0.0,0.0,0.0,2.0,0.06666666666666667,0.13333333333333333,0.0,0.0,4.0,12.447009571695204,0.0,0.0,0.0,2.0,0.26666666666666666,0.2,0.0,0.0,6.0,2.44403513786007,17.48333333333333,42.5,4.0,0.0,0.06666666666666667,0.0,0.06666666666666667,0.522222222222222,2.0,0.0,24.0,20.0125,7.0,16.464285714285715,2.0,0.0,21.0,20.76904761904762,6.0,10.541666666666666,2.0,0.0,6.0,1.2583333333333335,3.0,0.0,3.0,2.65,6.0,1.2750000000000001,3.0,0.0
rush_hour_seed1,rush_hour,1,171.25,186.25,92.0,5.8753996353834035,8.484782608695653,42.0,2.75,2.0,12.701335226738637,0.0,0.0,0.0,2.0,0.13333333333333333,0.13333333333333333,0.0,0.0,19.0,1.0089127366828954,12.621052631578946,35.3,15.0,0.0,0.26666666666666666,0.0,0.5333333333333333,0.5611812865497076,5.0,2.7816951904468423,10.9,26.55,4.0,0.0,0.06666666666666667,0.0,0.13333333333333333,0.4633333333333333,1.0,13.86337361504091,0.0,0.0,0.0,2.0,0.06666666666666667,0.13333333333333333,0.0,0.0,16.0,1.7957334962083462,14.659375,37.1,12.0,0.0,0.2,0.0,0.3333333333333333,0.5401121794871796,4.0,4.286951851153595,6.0625,19.2,2.0,0.0,0.06666666666666667,0.0,0.06666666666666667,0.3108333333333333,1.0,13.674009243112287,0.0,0.0,0.0,2.0,0.06666666666666667,0.06666666666666667,0.0,0.0,4.0,13.677793604003718,0.0,0.0,0.0,2.0,0.2,0.5333333333333333,0.0,0.0,6.0,2.316176015929148,19.76666666666667,49.2,5.0,0.0,0.06666666666666667,0.0,0.13333333333333333,0.5184444444444446,1.0,12.900982009942986,0.0,0.0,0.0,2.0,0.06666666666666667,0.13333333333333333,0.0,0.0,4.0,12.872552560039576,0.0,0.0,0.0,2.0,0.26666666666666666,0.26666666666666666,0.0,0.0,6.0,2.2742650238706426,18.15,43.5,4.0,0.0,0.06666666666666667,0.0,0.06666666666666667,0.5266666666666666,3.0,0.2833333333333333,24.0,20.845833333333335,7.0,17.178571428571427,2.0,0.375,21.0,21.535714285714285,6.0,11.208333333333334,2.0,0.15,6.0,1.5916666666666668,3.0,0.0,3.0,2.983333333333333,6.0,1.4416666666666667,2.0,0.0
rush_hour_seed1,rush_hour,1,172.25,187.25,95.0,5.828266540850743,8.664736842105263,43.0,1.75,2.0,12.702779372323466,0.0,0.0,0.0,2.0,0.13333333333333333,0.13333333333333333,0.0,0.0,20.0,0.9765793504649402,12.739999999999998,36.3,15.0,0.0,0.3333333333333333,0.0,0.4666666666666667,0.5337777777777776,6.0,2.9786683101980795,9.75,27.55,4.0,0.0,0.13333333333333333,0.0,0.13333333333333333,0.35333333333333333,2.0,13.882355865610299,0.0,0.0,0.0,2.0,0.13333333333333333,0.13333333333333333,0.0,0.0,16.0,1.5956156571480762,15.44375,38.1,13.0,0.0,0.2,0.0,0.3333333333333333,0.5518910256410255,4.0,3.9464693245569338,6.5625,20.2,2.0,0.0,0.06666666666666667,0.0,0.06666666666666667,0.3219444444444444,2.0,13.459654569937543,0.0,0.0,0.0,2.0,0.13333333333333333,0.06666666666666667,0.0,0.0,3.0,14.522486994033633,0.0,0.0,0.0,2.0,0.2,0.6,0.0,0.0,6.0,2.3113647166045266,20.6,50.2,5.0,0.0,0.06666666666666667,0.0,0.13333333333333333,0.5340000000000001,1.0,12.87712896656582,0.0,0.0,0.0,2.0,0.06666666666666667,0.06666666666666667,0.0,0.0,3.0,13.19083101652447,0.0,0.0,0.0,2.0,0.2,0.26666666666666666,0.0,0.0,6.0,2.1823929411328016,18.816666666666666,44.5,4.0,0.0,0.06666666666666667,0.0,0.06666666666666667,0.5311111111111111,3.0,0.6166666666666667,25.0,20.811999999999998,7.0,17.892857142857142,2.0,0.875,21.0,22.345238095238095,6.0,11.875,2.0,0.65,6.0,1.925,2.0,0.0,3.0,3.3166666666666664,6.0,1.675,1.0,0.0
rush_hour_seed1,rush_hour,1,173.25,188.25,98.0,5.604464601750259,8.847959183673469,44.0,0.75,2.0,12.101813739491124,0.0,0.0,0.0,2.0,0.13333333333333333,0.13333333333333333,0.0,0.0,21.0,1.021093877821635,12.892857142857142,37.3,16.0,0.0,0.4,0.0,0.4,0.5041904761904762,6.0,2.9625437339014726,10.416666666666666,28.55,4.0,0.0,0.13333333333333333,0.0,0.13333333333333333,0.3644444444444444,2.0,13.844482781992411,0.0,0.0,0.0,2.0,0.13333333333333333,0.06666666666666667,0.0,0.0,17.0,1.4227992291409133,15.3,39.1,13.0,0.0,0.26666666666666666,0.0,0.3333333333333333,0.5012820512820513,4.0,3.731363979976915,7.0625,21.2,2.0,0.0,0.06666666666666667,0.0,0.06666666666666667,0.33305555555555555,2.0,13.499961248098685,0.0,0.0,0.0,2.0,0.13333333333333333,0.06666666666666667,0.0,0.0,3.0,14.201245488874102,0.0,0.0,0.0,2.0,0.2,0.5333333333333333,0.0,0.0,7.0,1.8814633438404864,18.37142857142857,51.2,5.0,0.0,0.13333333333333333,0.0,0.13333333333333333,0.34542857142857125,2.0,12.838303534932159,0.0,0.0,0.0,2.0,0.13333333333333333,0.06666666666666667,0.0,0.0,3.0,13.207385247511487,0.0,0.0,0.0,2.0,0.2,0.26666666666666666,0.0,0.0,6.0,2.130621125980617,19.48333333333333,45.5,4.0,0.0,0.06666666666666667,0.0,0.06666666666666667,0.5355555555555555,3.0,0.9500000000000001,25.0,21.62,7.0,18.607142857142858,2.0,1.375,21.0,23.176190476190477,6.0,12.541666666666666,2.0,1.15,7.0,1.9357142857142857,2.0,0.0,3.0,3.65,6.0,2.0083333333333333,2.0,0.0
rush_hour_seed1,rush_hour,1,174.25,189.25,99.0,5.383352560205866,9.203030303030303,44.0,2.75,1.0,11.645480185380713,0.0,0.0,0.0,1.0,0.06666666666666667,0.06666666666666667,0.0,0.0,21.0,1.140378252490513,13.654761904761905,38.3,16.0,0.0,0.3333333333333333,0.0,0.4,0.5355257936507937,6.0,2.718256917333567,11.083333333333334,29.55,4.0,0.0,0.13333333333333333,0.0,0.13333333333333333,0.3755555555555556,2.0,13.858443807716249,0.0,0.0,0.0,1.0,0.13333333333333333,0.06666666666666667,0.0,0.0,18.0,1.2308125122767346,15.172222222222224,40.1,13.0,0.0,0.3333333333333333,0.0,0.3333333333333333,0.4517378917378918,5.0,3.687648438543577,6.05,22.2,2.0,0.0,0.13333333333333333,0.0,0.06666666666666667,0.24333333333333332,1.0,13.27666945995842,0.0,0.0,0.0,1.0,0.06666666666666667,0.06666666666666667,0.0,0.0,2.0,15.142107437514401,0.0,0.0,0.0,1.0,0.13333333333333333,0.5333333333333333,0.0,0.0,7.0,1.7141213617265927,19.085714285714285,52.2,5.0,0.0,0.13333333333333333,0.0,0.06666666666666667,0.35171428571428576,2.0,12.859628681335554,0.0,0.0,0.0,1.0,0.13333333333333333,0.06666666666666667,0.0,0.0,3.0,13.085472040779358,0.0,0.0,0.0,1.0,0.2,0.2,0.0,0.0,6.0,2.1052287679237396,20.15,46.5,4.0,0.0,0.06666666666666667,0.0,0.0,0.5313333333333332,3.0,1.2833333333333334,26.0,21.596153846153847,8.0,16.90625,3.0,1.25,21.0,24.03333333333333,6.0,13.208333333333334,2.0,1.65,7.0,2.2214285714285715,1.0,0.0,3.0,3.983333333333333,6.0,2.35,2.0,0.0
rush_hour_seed1,rush_hour,1,175.25,190.25,98.0,5.2840641408860956,9.752551020408163,45.0,1.75,1.0,11.663421989731997,0.0,0.0,0.0,1.0,0.06666666666666667,0.06666666666666667,0.0,0.0,21.0,1.2839843104780233,14.416666666666666,39.3,16.0,0.0,0.3333333333333333,0.0,0.4,0.5446527777777777,6.0,2.5237038932415405,11.75,30.55,4.0,0.0,0.13333333333333333,0.0,0.13333333333333333,0.38666666666666666,2.0,12.898102088297932,0.0,0.0,0.0,1.0,0.13333333333333333,0.06666666666666667,0.0,0.0,18.0,1.217388948476514,15.894444444444446,41.1,13.0,0.0,0.3333333333333333,0.0,0.26666666666666666,0.4555270655270656,5.0,4.028387333744959,6.45,23.2,2.0,0.0,0.13333333333333333,0.0,0.06666666666666667,0.24777777777777782,1.0,13.282766797456052,0.0,0.0,0.0,1.0,0.06666666666666667,0.06666666666666667,0.0,0.0,2.0,15.177716026832517,0.0,0.0,0.0,1.0,0.13333333333333333,0.4666666666666667,0.0,0.0,7.0,1.6000195008137825,19.8,53.2,5.0,0.0,0.13333333333333333,0.0,0.06666666666666667,0.3460000000000001,2.0,11.091094830313292,0.0,0.0,0.0,1.0,0.13333333333333333,0.06666666666666667,0.0,0.0,3.0,12.096936386974848,0.0,0.0,0.0,1.0,0.2,0.2,0.0,0.0,6.0,2.095774329044635,20.925,47.5,5.0,0.0,0.06666666666666667,0.0,0.06666666666666667,0.5296666666666667,3.0,1.6166666666666665,26.0,22.417307692307695,8.0,17.53125,3.0,1.5833333333333333,22.0,23.75909090909091,6.0,13.875,2.0,2.15,8.0,2.19375,1.0,0.0,3.0,4.316666666666666,6.0,2.85,2.0,0.0
rush_hour_seed1,rush_hour,1,176.25,191.25,98.0,5.091538036422139,10.217857142857143,46.0,0.75,1.0,11.65017426588018,0.0,0.0,0.0,1.0,0.06666666666666667,0.13333333333333333,0.0,0.0,22.0,1.2267145462415996,14.488636363636363,40.3,16.0,0.0,0.4,0.0,0.3333333333333333,0.5054924242424242,6.0,2.396638033325869,12.416666666666666,31.55,4.0,0.0,0.13333333333333333,0.0,0.13333333333333333,0.39777777777777773,1.0,13.868716757516378,0.0,0.0,0.0,1.0,0.06666666666666667,0.06666666666666667,0.0,0.0,18.0,1.245298049827524,16.65,42.1,14.0,0.0,0.26666666666666666,0.0,0.26666666666666666,0.505,5.0,3.7602040426969197,6.85,24.2,2.0,0.0,0.13333333333333333,0.0,0.06666666666666667,0.25222222222222224,1.0,13.315745391968731,0.0,0.0,0.0,1.0,0.06666666666666667,0.13333333333333333,0.0,0.0,3.0,14.040452251680895,0.0,0.0,0.0,1.0,0.2,0.4,0.0,0.0,7.0,1.5631303768633795,20.514285714285712,54.2,5.0,0.0,0.13333333333333333,0.0,0.06666666666666667,0.34028571428571414,2.0,8.845071575099784,0.0,0.0,0.0,1.0,0.13333333333333333,0.06666666666666667,0.0,0.0,3.0,10.544394493777633,0.0,0.0,0.0,1.0,0.2,0.2,0.0,0.0,6.0,1.8143671953983016,21.75833333333333,48.5,5.0,0.0,0.06666666666666667,0.0,0.06666666666666667,0.5318888888888885,3.0,1.95,26.0,23.263461538461538,8.0,18.15625,3.0,1.9166666666666667,22.0,24.577272727272728,6.0,14.541666666666666,2.0,2.65,8.0,2.44375,1.0,0.0,3.0,4.716666666666666,6.0,3.35,2.0,0.0
rush_hour_seed1,rush_hour,1,177.25,192.25,98.0,4.865635718641661,9.63469387755102,46.0,11.75,1.0,11.652602410371458,0.0,0.0,0.0,0.0,0.06666666666666667,0.13333333333333333,0.0,0.0,22.0,1.1305318166490665,15.247727272727273,41.3,17.0,0.0,0.4,0.0,0.3333333333333333,0.5088068181818182,6.0,2.316213590386035,13.083333333333334,32.55,4.0,0.0,0.13333333333333333,0.0,0.13333333333333333,0.4088888888888889,1.0,13.83650822050753,0.0,0.0,0.0,0.0,0.06666666666666667,0.06666666666666667,0.0,0.0,18.0,1.3525868130388712,17.427777777777777,43.1,14.0,0.0,0.26666666666666666,0.0,0.26666666666666666,0.5092328042328041,5.0,3.5322486174695036,7.42,25.2,3.0,0.0,0.13333333333333333,0.0,0.13333333333333333,0.26799999999999996,1.0,13.271516213954518,0.0,0.0,0.0,0.0,0.06666666666666667,0.13333333333333333,0.0,0.0,4.0,12.475630676410532,0.0,0.0,0.0,0.0,0.26666666666666666,0.4666666666666667,0.0,0.0,7.0,1.7471760171658357,13.342857142857143,39.25,4.0,2.0,0.13333333333333333,0.0,0.0,-0.19114285714285717,2.0,6.592387792476077,0.0,0.0,0.0,0.0,0.13333333333333333,0.06666666666666667,0.0,0.0,3.0,8.970529397240833,0.0,0.0,0.0,0.0,0.2,0.2,0.0,0.0,7.0,1.7444886433786448,12.292857142857143,39.55,4.0,2.0,0.13333333333333333,0.0,0.0,-0.1524761904761906,3.0,0.0,27.0,21.16296296296296,8.0,18.8875,3.0,0.0,23.0,21.80217391304348,7.0,13.121428571428572,3.0,0.0,8.0,2.69375,1.0,0.0,3.0,0.0,7.0,3.3000000000000003,2.0,0.0
rush_hour_seed1,rush_hour,1,178.25,193.25,100.0,4.890646296658759,8.1655,42.0,10.75,2.0,12.623661752465456,0.0,0.0,0.0,0.0,0.13333333333333333,0.13333333333333333,0.0,0.0,22.0,1.0368743878302806,16.020454545454545,42.3,17.0,0.0,0.3333333333333333,0.0,0.3333333333333333,0.5431283422459893,6.0,2.14696565149657,13.75,33.55,4.0,0.0,0.06666666666666667,0.0,0.13333333333333333,0.5193333333333333,1.0,13.877430632867618,0.0,0.0,0.0,0.0,0.06666666666666667,0.13333333333333333,0.0,0.0,19.0,1.4971910838404372,17.24736842105263,44.1,14.0,0.0,0.3333333333333333,0.0,0.26666666666666666,0.44958646616541337,5.0,3.391720580760546,8.02,26.2,3.0,0.0,0.13333333333333333,0.0,0.13333333333333333,0.2857777777777778,1.0,13.322151488158479,0.0,0.0,0.0,0.0,0.06666666666666667,0.13333333333333333,0.0,0.0,4.0,10.17962194062307,0.0,0.0,0.0,0.0,0.26666666666666666,0.4,0.0,0.0,6.0,2.5328068611760464,1.425,8.55,1.0,2.0,0.06666666666666667,0.06666666666666667,-0.2,-0.8499999999999999,2.0,6.404331477514369,0.475,0.95,1.0,0.0,0.06666666666666667,0.06666666666666667,0.06666666666666667,0.03166666666666666,4.0,8.61811330667782,0.1625,0.65,1.0,0.0,0.2,0.13333333333333333,0.06666666666666667,0.010833333333333334,6.0,2.179654607676182,0.6083333333333333,3.65,1.0,2.0,0.13333333333333333,0.06666666666666667,-0.2,-0.9847777777777779,2.0,0.0,26.0,17.24423076923077,8.0,19.6375,2.0,0.0,22.0,16.577272727272728,7.0,13.835714285714287,2.0,0.0,8.0,2.94375,1.0,0.0,2.0,0.0,8.0,3.2625,2.0,0.175
rush_hour_seed1,rush_hour,1,179.25,194.25,100.0,4.972942718955855,8.4535,42.0,9.75,2.0,13.772585978061702,0.0,0.0,0.0,0.0,0.13333333333333333,0.13333333333333333,0.0,0.0,22.0,0.9842303291074835,16.804545454545455,43.3,18.0,0.0,0.3333333333333333,0.0,0.3333333333333333,0.546969696969697,6.0,2.0589192623873998,14.416666666666666,34.55,4.0,0.0,0.06666666666666667,0.0,0.06666666666666667,0.5277777777777778,1.0,13.828966391645373,0.0,0.0,0.0,0.0,0.06666666666666667,0.13333333333333333,0.0,0.0,19.0,1.415274101416439,18.023684210526316,45.1,15.0,0.0,0.3333333333333333,0.0,0.3333333333333333,0.45372180451127814,5.0,3.34585607287071,8.620000000000001,27.2,3.0,0.0,0.13333333333333333,0.0,0.13333333333333333,0.30355555555555563,1.0,13.2788544876148,0.0,0.0,0.0,0.0,0.06666666666666667,0.13333333333333333,0.0,0.0,4.0,7.988435773123107,0.0,0.0,0.0,0.0,0.26666666666666666,0.4,0.0,0.0,6.0,3.414841011896003,0.0,0.0,0.0,2.0,0.06666666666666667,0.06666666666666667,-0.26666666666666666,-0.9894444444444445,2.0,6.412352544999465,0.975,1.95,1.0,0.0,0.06666666666666667,0.06666666666666667,0.06666666666666667,0.065,4.0,9.093756220307945,0.4125,1.65,1.0,0.0,0.2,0.13333333333333333,0.06666666666666667,0.0275,6.0,2.9124279071169004,0.0,0.0,0.0,2.0,0.13333333333333333,0.06666666666666667,-0.26666666666666666,-1.0786666666666667,3.0,0.0,26.0,16.375,8.0,20.3875,2.0,0.0,22.0,13.047727272727274,7.0,14.55,2.0,0.0,8.0,3.19375,2.0,0.0,3.0,0.0,8.0,3.6374999999999997,2.0,0.675
rush_hour_seed1,rush_hour,1,180.25,195.25,102.0,4.93473741445625,8.708333333333334,43.0,8.75,2.0,14.03524039009694,0.0,0.0,0.0,0.0,0.13333333333333333,0.13333333333333333,0.0,0.0,23.0,0.9333110006689741,16.856521739130436,44.3,18.0,0.0,0.3333333333333333,0.0,0.3333333333333333,0.5341384863123995,7.0,2.0865030536850258,12.928571428571429,35.55,4.0,0.0,0.13333333333333333,0.0,0.06666666666666667,0.3885714285714286,2.0,14.024853937387583,0.0,0.0,0.0,0.0,0.13333333333333333,0.13333333333333333,0.0,0.0,19.0,1.211706661359769,18.813157894736843,46.1,15.0,0.0,0.26666666666666666,0.0,0.26666666666666666,0.5099883040935674,5.0,3.056095248261788,9.22,28.2,3.0,0.0,0.06666666666666667,0.0,0.13333333333333333,0.3946666666666667,1.0,13.280782468294118,0.0,0.0,0.0,0.0,0.06666666666666667,0.13333333333333333,0.0,0.0,5.0,7.10710490150538,0.18,0.9,1.0,0.0,0.26666666666666666,0.3333333333333333,0.06666666666666667,0.012,6.0,4.533053194433491,0.0,0.0,0.0,2.0,0.06666666666666667,0.06666666666666667,-0.26666666666666666,-1.0338888888888889,2.0,6.421628752897394,1.475,2.95,1.0,0.0,0.06666666666666667,0.0,0.06666666666666667,0.09833333333333334,5.0,8.772852634768611,0.53,2.65,1.0,0.0,0.26666666666666666,0.13333333333333333,0.06666666666666667,0.035333333333333335,6.0,4.06602014006535,0.0,0.0,0.0,2.0,0.06666666666666667,0.06666666666666667,-0.26666666666666666,-0.9433333333333334,3.0,0.0,25.0,14.488,8.0,21.1375,1.0,0.0,21.0,10.523809523809524,7.0,15.264285714285716,2.0,0.0,8.0,3.4562500000000003,2.0,0.0,3.0,0.0,8.0,4.075,2.0,1.175
rush_hour_seed1,rush_hour,1,181.25,196.25,101.0,5.009276584517809,9.227722772277227,44.0,7.75,2.0,14.012205528298308,0.0,0.0,0.0,0.0,0.13333333333333333,0.13333333333333333,0.0,0.0,23.0,0.8371014444264177,17.639130434782608,45.3,18.0,0.0,0.3333333333333333,0.0,0.3333333333333333,0.5381642512077295,7.0,2.3478522547873246,13.607142857142858,36.55,5.0,0.0,0.13333333333333333,0.0,0.13333333333333333,0.39380952380952383,2.0,15.116310924893249,0.0,0.0,0.0,0.0,0.13333333333333333,0.13333333333333333,0.0,0.0,19.0,1.047160509521776,19.602631578947367,47.1,15.0,0.0,0.26666666666666666,0.0,0.26666666666666666,0.5137309941520467,5.0,2.898117247917077,9.82,29.2,3.0,0.0,0.06666666666666667,0.0,0.06666666666666667,0.4171666666666667,1.0,13.294639504099823,0.0,0.0,0.0,0.0,0.06666666666666667,0.06666666666666667,0.0,0.0,5.0,6.867685189410368,0.38,1.9,1.0,0.0,0.26666666666666666,0.26666666666666666,0.06666666666666667,0.025333333333333333,5.0,5.647753941045309,0.0,0.0,0.0,2.0,0.06666666666666667,0.13333333333333333,-0.26666666666666666,-1.0783333333333334,2.0,6.427848900415719,1.975,3.95,1.0,0.0,0.06666666666666667,0.0,0.06666666666666667,0.13166666666666668,5.0,8.225477969737861,0.73,3.65,1.0,0.0,0.26666666666666666,0.13333333333333333,0.06666666666666667,0.048666666666666664,5.0,5.176641016750478,0.0,0.0,0.0,2.0,0.06666666666666667,0.13333333333333333,-0.26666666666666666,-0.9877777777777779,2.0,0.0,25.0,12.015999999999998,8.0,21.9125,1.0,0.0,22.0,8.924999999999999,7.0,15.97857142857143,2.0,0.0,9.0,3.4055555555555554,2.0,0.0,2.0,0.0,8.0,4.575,2.0,1.675
rush_hour_seed1,rush_hour,1,182.25,197.25,103.0,5.22231215214234,9.48252427184466,45.0,6.75,2.0,13.986216045065,0.0,0.0,0.0,0.0,0.13333333333333333,0.06666666666666667,0.0,0.0,24.0,0.7889369602835102,17.654166666666665,46.3,18.0,0.0,0.4,0.0,0.3333333333333333,0.49101851851851847,7.0,2.621874543930468,14.321428571428571,37.55,5.0,0.0,0.13333333333333333,0.0,0.13333333333333333,0.40142857142857136,2.0,15.264061942633358,0.0,0.0,0.0,0.0,0.13333333333333333,0.13333333333333333,0.0,0.0,19.0,0.940355358840649,20.428947368421053,48.1,16.0,0.0,0.2,0.0,0.3333333333333333,0.5725548245614036,5.0,2.8129217388915793,10.42,30.2,3.0,0.0,0.06666666666666667,0.0,0.06666666666666667,0.42383333333333334,2.0,12.648780347230307,0.0,0.0,0.0,0.0,0.13333333333333333,0.06666666666666667,0.0,0.0,5.0,6.834555568775285,0.58,2.9,1.0,0.0,0.26666666666666666,0.26666666666666666,0.06666666666666667,0.03866666666666666,4.0,6.97428331012218,0.0,0.0,0.0,2.0,0.06666666666666667,0.2,-0.26666666666666666,-1.1227777777777777,2.0,6.406982370051573,2.475,4.95,1.0,0.0,0.06666666666666667,0.0,0.06666666666666667,0.165,5.0,7.710414501924721,0.93,4.65,1.0,0.0,0.26666666666666666,0.13333333333333333,0.06666666666666667,0.062000000000000006,5.0,6.672283036217452,0.0,0.0,0.0,2.0,0.06666666666666667,0.13333333333333333,-0.26666666666666666,-1.0322222222222224,2.0,0.0,25.0,11.068,9.0,20.255555555555556,2.0,0.0,22.0,6.304545454545454,7.0,16.692857142857143,1.0,0.0,9.0,3.822222222222222,2.0,0.0,2.0,0.0,8.0,5.075,2.0,2.175
rush_hour_seed1,rush_hour,1,183.25,198.25,103.0,5.1044393483155925,9.9252427184466,47.0,5.75,2.0,12.620530041596789,0.0,0.0,0.0,0.0,0.13333333333333333,0.06666666666666667,0.0,0.0,24.0,0.8329978307801786,18.422916666666666,47.3,19.0,0.0,0.4,0.0,0.4,0.4941203703703703,7.0,2.6309950419762402,15.035714285714286,38.55,5.0,0.0,0.13333333333333333,0.0,0.13333333333333333,0.40904761904761905,2.0,13.435932075485681,0.0,0.0,0.0,0.0,0.13333333333333333,0.06666666666666667,0.0,0.0,20.0,0.9052773194349244,20.2075,49.1,16.0,0.0,0.26666666666666666,0.0,0.3333333333333333,0.5119583333333334,6.0,2.8543222557764487,9.208333333333334,31.2,4.0,0.0,0.13333333333333333,0.0,0.13333333333333333,0.3097222222222223,2.0,12.178933955118438,0.0,0.0,0.0,0.0,0.13333333333333333,0.06666666666666667,0.0,0.0,6.0,7.236588240830568,0.65,3.9,1.0,0.0,0.3333333333333333,0.2,0.06666666666666667,0.043333333333333335,4.0,8.41017890696495,0.0,0.0,0.0,2.0,0.06666666666666667,0.2,-0.26666666666666666,-1.1672222222222222,2.0,6.398415231471317,2.975,5.95,1.0,0.0,0.06666666666666667,0.0,0.06666666666666667,0.19833333333333333,5.0,6.943442996165617,1.1300000000000001,5.65,1.0,0.0,0.2,0.13333333333333333,0.06666666666666667,0.07533333333333334,4.0,7.835156072629121,0.0,0.0,0.0,2.0,0.06666666666666667,0.2,-0.26666666666666666,-1.0766666666666669,2.0,0.0,25.0,8.712,9.0,21.033333333333335,2.0,0.0,21.0,4.430952380952381,7.0,17.407142857142855,1.0,0.0,9.0,4.266666666666667,2.0,0.1,1.0,0.0,8.0,5.65,2.0,2.675
rush_hour_seed1,rush_hour,1,184.25,199.25,104.0,5.129139732920549,10.287980769230769,48.0,4.75,2.0,10.604326183978744,0.0,0.0,0.0,0.0,0.06666666666666667,0.06666666666666667,0.0,0.0,24.0,0.8170068070332918,19.214583333333334,48.3,19.0,0.0,0.4,0.0,0.4,0.4987500000000001,7.0,2.598781903667709,15.75,39.55,5.0,0.0,0.13333333333333333,0.0,0.13333333333333333,0.4166666666666667,2.0,11.19511563888388,0.0,0.0,0.0,0.0,0.13333333333333333,0.06666666666666667,0.0,0.0,20.0,0.877183781483644,21.0075,50.1,16.0,0.0,0.26666666666666666,0.0,0.3333333333333333,0.5194583333333334,6.0,2.9416974920092867,9.875,32.2,4.0,0.0,0.13333333333333333,0.0,0.13333333333333333,0.32083333333333336,2.0,9.926115079041885,0.0,0.0,0.0,0.0,0.13333333333333333,0.06666666666666667,0.0,0.0,6.0,7.600553616442215,0.9250000000000002,4.9,2.0,0.0,0.26666666666666666,0.13333333333333333,0.13333333333333333,0.061666666666666675,4.0,9.769071061757046,0.0,0.0,0.0,2.0,0.13333333333333333,0.26666666666666666,-0.26666666666666666,-1.2116666666666667,3.0,6.057907405787483,2.316666666666667,6.95,1.0,0.0,0.13333333333333333,0.0,0.06666666666666667,0.15444444444444447,5.0,6.393042444053524,1.33,6.65,1.0,0.0,0.2,0.13333333333333333,0.06666666666666667,0.08866666666666667,3.0,8.987759363462127,0.0,0.0,0.0,2.0,0.06666666666666667,0.26666666666666666,-0.26666666666666666,-1.1211111111111112,2.0,0.0,24.0,8.18125,9.0,21.811111111111114,2.0,0.0,21.0,3.645238095238095,7.0,18.12142857142857,1.0,0.0,10.0,4.24,2.0,0.6,1.0,0.0,9.0,5.577777777777778,3.0,2.1166666666666667
rush_hour_seed1,rush_hour,1,185.25,200.25,105.0,5.014760106959259,10.648571428571428,49.0,3.75,2.0,8.582154021311542,0.0,0.0,0.0,0.0,0.06666666666666667,0.06666666666666667,0.0,0.0,24.0,0.7173027964387461,20.0125,49.3,20.0,0.0,0.3333333333333333,0.0,0.4,0.5450438596491227,7.0,2.6144039487584956,16.464285714285715,40.55,5.0,0.0,0.13333333333333333,0.0,0.13333333333333333,0.4242857142857144,2.0,8.938819865503037,0.0,0.0,0.0,0.0,0.13333333333333333,0.06666666666666667,0.0,0.0,21.0,0.8165687235533586,20.76904761904762,51.1,16.0,0.0,0.3333333333333333,0.0,0.26666666666666666,0.4573115079365079,6.0,2.70851379928115,10.541666666666666,33.2,4.0,0.0,0.13333333333333333,0.0,0.13333333333333333,0.33194444444444443,2.0,7.689289667062731,0.0,0.0,0.0,0.0,0.13333333333333333,0.06666666666666667,0.0,0.0,6.0,7.916504833735279,1.2583333333333335,5.9,2.0,0.0,0.26666666666666666,0.13333333333333333,0.13333333333333333,0.0838888888888889,3.0,11.093732152433432,0.0,0.0,0.0,2.0,0.13333333333333333,0.3333333333333333,-0.3333333333333333,-1.2622222222222221,3.0,5.685563951348357,2.65,7.95,1.0,0.0,0.13333333333333333,0.0,0.06666666666666667,0.17666666666666667,6.0,6.123708322053139,1.2750000000000001,7.65,1.0,0.0,0.26666666666666666,0.13333333333333333,0.06666666666666667,0.085,3.0,10.039253292655017,0.0,0.0,0.0,2.0,0.06666666666666667,0.26666666666666666,-0.26666666666666666,-1.1655555555555555,1.0,0.0,25.0,5.95,9.0,22.58888888888889,2.0,0.0,21.0,2.0523809523809526,7.0,18.835714285714285,1.0,0.0,10.0,4.64,2.0,1.1,1.0,0.0,9.0,6.133333333333334,3.0,2.4499999999999997
rush_hour_seed1,rush_hour,1,186.25,201.25,105.0,4.996182458396182,11.134285714285713,53.0,2.75,3.0,7.747012071891142,0.2833333333333333,0.85,1.0,0.0,0.13333333333333333,0.06666666666666667,0.06666666666666667,0.01888888888888889,24.0,0.5735394382239929,20.845833333333335,50.3,20.0,0.0,0.3333333333333333,0.0,0.3333333333333333,0.5483187134502926,7.0,2.5810830096948054,17.178571428571427,41.55,5.0,0.0,0.13333333333333333,0.0,0.06666666666666667,0.4185714285714284,2.0,8.281917326411234,0.375,0.75,1.0,0.0,0.13333333333333333,0.06666666666666667,0.06666666666666667,0.025,21.0,0.862954752689133,21.535714285714285,52.1,17.0,0.0,0.3333333333333333,0.0,0.3333333333333333,0.45842261904761894,6.0,2.5622729123405006,11.208333333333334,34.2,4.0,0.0,0.13333333333333333,0.0,0.13333333333333333,0.3430555555555556,2.0,5.991934450735571,0.15,0.3,1.0,0.0,0.13333333333333333,0.06666666666666667,0.06666666666666667,0.01,6.0,7.83374007903232,1.5916666666666668,6.9,2.0,0.0,0.26666666666666666,0.13333333333333333,0.13333333333333333,0.10611111111111111,3.0,12.071295304634551,0.0,0.0,0.0,2.0,0.13333333333333333,0.3333333333333333,-0.3333333333333333,-1.317777777777778,3.0,5.550672687745891,2.983333333333333,8.95,1.0,0.0,0.13333333333333333,0.0,0.06666666666666667,0.19888888888888887,6.0,6.235505622440459,1.4416666666666667,8.65,1.0,0.0,0.2,0.06666666666666667,0.06666666666666667,0.0961111111111111,2.0,11.243034858338284,0.0,0.0,0.0,2.0,0.06666666666666667,0.3333333333333333,-0.26666666666666666,-1.21,1.0,0.0,25.0,4.252,9.0,23.366666666666667,2.0,0.0,21.0,1.5785714285714285,8.0,17.15,1.0,0.0,10.0,5.13,2.0,1.6,1.0,0.0,9.0,6.688888888888889,3.0,2.783333333333333
rush_hour_seed1,rush_hour,1,187.25,202.25,106.0,4.923639594099416,11.533018867924529,54.0,1.75,3.0,7.062361665805124,0.6166666666666667,1.85,1.0,0.0,0.13333333333333333,0.06666666666666667,0.06666666666666667,0.04111111111111111,25.0,0.45422473462968155,20.811999999999998,51.3,20.0,0.0,0.3333333333333333,0.0,0.3333333333333333,0.5381333333333332,7.0,2.39048010824981,17.892857142857142,42.55,5.0,0.0,0.06666666666666667,0.0,0.06666666666666667,0.5428571428571428,2.0,8.323115212341772,0.875,1.75,1.0,0.0,0.06666666666666667,0.06666666666666667,0.06666666666666667,0.058333333333333334,21.0,0.9605412321523003,22.345238095238095,53.1,17.0,0.0,0.3333333333333333,0.0,0.26666666666666666,0.46009920634920637,6.0,2.4644043693110675,11.875,35.2,4.0,0.0,0.13333333333333333,0.0,0.13333333333333333,0.3541666666666667,2.0,5.987311273739906,0.65,1.3,1.0,0.0,0.06666666666666667,0.06666666666666667,0.06666666666666667,0.043333333333333335,6.0,7.004408445882027,1.925,7.9,2.0,0.0,0.26666666666666666,0.06666666666666667,0.13333333333333333,0.12833333333333333,2.0,13.239228728224774,0.0,0.0,0.0,2.0,0.13333333333333333,0.4,-0.3333333333333333,-1.3733333333333335,3.0,5.503005238078788,3.3166666666666664,9.95,1.0,0.0,0.13333333333333333,0.0,0.06666666666666667,0.2211111111111111,6.0,6.258303861765612,1.675,9.65,2.0,0.0,0.2,0.0,0.13333333333333333,0.11166666666666666,1.0,13.850958646013169,0.0,0.0,0.0,2.0,0.06666666666666667,0.4,-0.26666666666666666,-1.2544444444444445,2.0,0.0,25.0,3.722,9.0,24.144444444444446,2.0,0.0,20.0,0.6425,8.0,17.9,1.0,0.0,10.0,5.63,2.0,2.1,1.0,0.0,9.0,7.2444444444444445,3.0,3.1166666666666667
rush_hour_seed1,rush_hour,1,188.25,203.25,107.0,4.881994061441967,11.935981308411217,56.0,0.75,3.0,6.117680504399051,0.9500000000000001,2.85,1.0,0.0,0.13333333333333333,0.06666666666666667,0.06666666666666667,0.06333333333333334,25.0,0.3939935672960872,21.62,52.3,21.0,0.0,0.26666666666666666,0.0,0.3333333333333333,0.5818095238095239,7.0,2.2580097385308906,18.607142857142858,43.55,5.0,0.0,0.06666666666666667,0.0,0.06666666666666667,0.5460317460317461,2.0,7.615012421701666,1.375,2.75,1.0,0.0,0.06666666666666667,0.06666666666666667,0.06666666666666667,0.09166666666666666,21.0,1.040300519780717,23.176190476190477,54.1,18.0,0.0,0.26666666666666666,0.0,0.3333333333333333,0.5250793650793651,6.0,2.502487731082933,12.541666666666666,36.2,4.0,0.0,0.13333333333333333,0.0,0.13333333333333333,0.36527777777777776,2.0,5.990628884690814,1.15,2.3,1.0,0.0,0.06666666666666667,0.06666666666666667,0.06666666666666667,0.07666666666666666,7.0,6.491011498965149,1.9357142857142857,8.9,2.0,0.0,0.3333333333333333,0.06666666666666667,0.13333333333333333,0.12904761904761905,2.0,13.24000770496183,0.0,0.0,0.0,2.0,0.06666666666666667,0.4,-0.3333333333333333,-1.2247619047619047,3.0,5.674274250664897,3.65,10.95,1.0,0.0,0.06666666666666667,0.0,0.06666666666666667,0.24333333333333332,6.0,5.980416847554124,2.0083333333333333,10.65,2.0,0.0,0.2,0.0,0.13333333333333333,0.1338888888888889,2.0,13.840969818832237,0.0,0.0,0.0,2.0,0.13333333333333333,0.4,-0.26666666666666666,-1.2988888888888888,2.0,0.0,25.0,3.264,9.0,24.922222222222224,2.0,0.0,21.0,0.34047619047619043,8.0,18.65,2.0,0.0,11.0,5.654545454545454,2.0,2.6,1.0,0.0,9.0,7.8999999999999995,3.0,3.4499999999999997
rush_hour_seed1,rush_hour,1,189.25,204.25,107.0,4.488399946140524,12.45981308411215,57.0,2.75,3.0,5.167350755681001,1.2833333333333334,3.85,1.0,0.0,0.13333333333333333,0.0,0.06666666666666667,0.08555555555555557,26.0,0.44792254694381567,21.596153846153847,53.3,21.0,0.0,0.3333333333333333,0.0,0.3333333333333333,0.5294261294261294,8.0,2.3129993803323616,16.90625,44.55,5.0,0.0,0.13333333333333333,0.0,0.06666666666666667,0.3881944444444444,3.0,6.286073435928518,1.25,3.75,1.0,0.0,0.13333333333333333,0.06666666666666667,0.06666666666666667,0.08333333333333333,21.0,0.8762941653350408,24.03333333333333,55.1,18.0,0.0,0.2,0.0,0.3333333333333333,0.5907407407407405,6.0,2.3104951413729693,13.208333333333334,37.2,4.0,0.0,0.06666666666666667,0.0,0.13333333333333333,0.47722222222222227,2.0,5.987573073202511,1.65,3.3,1.0,0.0,0.06666666666666667,0.0,0.06666666666666667,0.11,7.0,6.220324678322217,2.2214285714285715,9.9,2.0,0.0,0.3333333333333333,0.0,0.13333333333333333,0.1480952380952381,1.0,13.840370885271113,0.0,0.0,0.0,1.0,0.06666666666666667,0.4666666666666667,-0.3333333333333333,-1.2723809523809524,3.0,5.394344004459569,3.983333333333333,11.95,1.0,0.0,0.06666666666666667,0.0,0.06666666666666667,0.26555555555555554,6.0,5.277595092825105,2.35,11.65,3.0,0.0,0.2,0.0,0.2,0.15666666666666668,2.0,13.84020031227381,0.0,0.0,0.0,1.0,0.13333333333333333,0.4,-0.26666666666666666,-1.3433333333333333,2.0,0.0,25.0,2.17,9.0,25.700000000000003,1.0,0.0,20.0,0.095,8.0,19.4,2.0,0.0,11.0,6.281818181818181,2.0,3.1,1.0,0.0,10.0,7.709999999999999,3.0,3.783333333333333
rush_hour_seed1,rush_hour,1,190.25,205.25,106.0,4.124599202498193,13.118396226415094,58.0,1.75,3.0,4.574372428256036,1.6166666666666665,4.85,1.0,0.0,0.13333333333333333,0.0,0.06666666666666667,0.10777777777777776,26.0,0.5484439172267863,22.417307692307695,54.3,22.0,0.0,0.3333333333333333,0.0,0.4,0.5333760683760685,8.0,2.139601439098391,17.53125,45.55,5.0,0.0,0.13333333333333333,0.0,0.06666666666666667,0.3854166666666667,3.0,5.594061095438217,1.5833333333333333,4.75,1.0,0.0,0.13333333333333333,0.06666666666666667,0.06666666666666667,0.10555555555555556,22.0,0.809471786274792,23.75909090909091,56.1,18.0,0.0,0.26666666666666666,0.0,0.3333333333333333,0.5243097643097644,6.0,2.2118023911138374,13.875,38.2,4.0,0.0,0.06666666666666667,0.0,0.13333333333333333,0.495,2.0,5.994003790322458,2.15,4.3,1.0,0.0,0.06666666666666667,0.0,0.06666666666666667,0.14333333333333334,8.0,6.297056917212446,2.19375,10.9,2.0,0.0,0.4,0.0,0.13333333333333333,0.14625000000000002,1.0,13.828534622974693,0.0,0.0,0.0,1.0,0.06666666666666667,0.4666666666666667,-0.3333333333333333,-1.32,3.0,5.289196637235339,4.316666666666666,12.95,1.0,0.0,0.06666666666666667,0.0,0.06666666666666667,0.28777777777777774,6.0,4.436480766928984,2.85,12.65,3.0,0.0,0.2,0.0,0.2,0.19,2.0,13.03680651636974,0.0,0.0,0.0,1.0,0.13333333333333333,0.4,-0.3333333333333333,-1.395,2.0,0.0,24.0,1.90625,9.0,26.477777777777778,1.0,0.0,19.0,0.0,8.0,20.15,2.0,0.0,11.0,6.918181818181818,3.0,2.4,2.0,0.0,10.0,8.309999999999999,3.0,4.25
rush_hour_seed1,rush_hour,1,191.25,206.25,105.0,3.8923766388500973,13.797619047619047,59.0,0.75,3.0,4.284130844572956,1.95,5.85,1.0,0.0,0.13333333333333333,0.0,0.06666666666666667,0.13,26.0,0.5311231083222299,23.263461538461538,55.3,22.0,0.0,0.26666666666666666,0.0,0.4,0.584988344988345,8.0,1.8962233652540252,18.15625,46.55,5.0,0.0,0.13333333333333333,0.0,0.06666666666666667,0.3826388888888889,3.0,5.118485622208145,1.9166666666666667,5.75,1.0,0.0,0.13333333333333333,0.0,0.06666666666666667,0.1277777777777778,22.0,0.685020915956713,24.577272727272728,57.1,18.0,0.0,0.26666666666666666,0.0,0.26666666666666666,0.5284848484848487,6.0,2.165537566412634,14.541666666666666,39.2,4.0,0.0,0.06666666666666667,0.0,0.13333333333333333,0.5127777777777778,2.0,5.986472042736132,2.65,5.3,1.0,0.0,0.06666666666666667,0.0,0.06666666666666667,0.17666666666666667,8.0,6.383836846276683,2.44375,11.9,2.0,0.0,0.3333333333333333,0.0,0.13333333333333333,0.16291666666666668,1.0,13.843155202765484,0.0,0.0,0.0,1.0,0.06666666666666667,0.4666666666666667,-0.3333333333333333,-1.3676190476190475,3.0,5.24932127480537,4.716666666666666,13.95,2.0,0.0,0.06666666666666667,0.0,0.13333333333333333,0.3144444444444444,6.0,3.7170522879760544,3.35,13.65,3.0,0.0,0.2,0.0,0.2,0.22333333333333333,2.0,10.794450988840982,0.0,0.0,0.0,1.0,0.13333333333333333,0.4,-0.3333333333333333,-1.4505555555555554,1.0,0.0,25.0,1.476,10.0,24.595,2.0,0.0,19.0,0.0,8.0,20.9,2.0,0.0,11.0,7.554545454545454,3.0,2.733333333333333,2.0,0.0,10.0,8.91,3.0,4.916666666666667
rush_hour_seed1,rush_hour,1,192.25,207.25,109.0,3.6596205388184835,12.481192660550459,56.0,29.75,3.0,4.358135571272531,0.0,0.0,0.0,2.0,0.13333333333333333,0.0,0.0,0.0,27.0,0.4340903671249382,21.16296296296296,52.75,22.0,2.0,0.3333333333333333,0.0,0.3333333333333333,0.3943490460157125,8.0,1.706290479779736,18.8875,47.55,6.0,0.0,0.13333333333333333,0.0,0.13333333333333333,0.38694444444444437,3.0,4.879418422726931,0.0,0.0,0.0,2.0,0.13333333333333333,0.0,0.0,0.0,23.0,0.6715631480653983,21.80217391304348,54.3,18.0,2.0,0.3333333333333333,0.0,0.26666666666666666,0.2916264090177135,7.0,2.2036971407258705,13.121428571428572,40.2,5.0,0.0,0.13333333333333333,0.0,0.13333333333333333,0.38009523809523815,3.0,6.345147011724239,0.0,0.0,0.0,2.0,0.13333333333333333,0.0,0.0,0.0,8.0,6.193536861537927,2.69375,12.9,2.0,0.0,0.26666666666666666,0.0,0.13333333333333333,0.17958333333333334,1.0,13.862882709283149,0.0,0.0,0.0,0.0,0.06666666666666667,0.4666666666666667,-0.26666666666666666,-0.8895238095238096,3.0,5.468461921796934,0.0,0.0,0.0,2.0,0.06666666666666667,0.0,0.0,0.0,7.0,3.2260754849309836,3.3000000000000003,14.65,3.0,0.0,0.26666666666666666,0.0,0.2,0.22000000000000003,2.0,8.532578818023989,0.0,0.0,0.0,0.0,0.06666666666666667,0.4,-0.26666666666666666,-0.8195238095238095,1.0,0.0,24.0,0.7479166666666667,10.0,25.395,2.0,0.0,19.0,0.0,8.0,21.65,2.0,0.0,11.0,8.19090909090909,3.0,3.0666666666666664,2.0,0.0,11.0,8.645454545454545,3.0,5.583333333333333
rush_hour_seed1,rush_hour,1,193.25,208.25,109.0,3.7208202519244713,10.247706422018348,51.0,28.75,2.0,6.846978578814117,0.0,0.0,0.0,2.0,0.06666666666666667,0.06666666666666667,0.0,0.0,26.0,0.44985451770993057,17.24423076923077,41.15,19.0,2.0,0.3333333333333333,0.06666666666666667,0.13333333333333333,0.08158508158508179,8.0,1.6470264351798811,19.6375,48.55,6.0,0.0,0.13333333333333333,0.0,0.13333333333333333,0.39249999999999996,2.0,7.118579122693657,0.0,0.0,0.0,2.0,0.13333333333333333,0.06666666666666667,0.0,0.0,22.0,0.9083716995131822,16.577272727272728,47.9,15.0,2.0,0.26666666666666666,0.06666666666666667,0.06666666666666667,-0.04467304625199352,7.0,2.4701011062240315,13.835714285714287,41.2,5.0,0.0,0.13333333333333333,0.0,0.13333333333333333,0.38771428571428584,2.0,9.944862495687833,0.0,0.0,0.0,2.0,0.13333333333333333,0.06666666666666667,0.0,0.0,8.0,5.605011731038083,2.94375,13.9,2.0,0.0,0.26666666666666666,0.0,0.13333333333333333,0.19625,1.0,13.888022445433307,0.0,0.0,0.0,0.0,0.06666666666666667,0.4,-0.06666666666666667,-0.095,2.0,8.15458716006059,0.0,0.0,0.0,2.0,0.06666666666666667,0.06666666666666667,-0.06666666666666667,-0.03166666666666666,8.0,3.240587673930963,3.2625,15.65,3.0,0.0,0.26666666666666666,0.0,0.13333333333333333,0.20666666666666667,2.0,6.925660392070422,0.175,0.35,1.0,0.0,0.06666666666666667,0.3333333333333333,0.0,-0.028888888888888888,1.0,0.0,23.0,0.5065217391304347,10.0,26.195,2.0,0.0,18.0,0.0,8.0,22.4,1.0,0.0,11.0,8.836363636363636,3.0,3.4,2.0,0.0,11.0,9.19090909090909,3.0,6.25
rush_hour_seed1,rush_hour,1,194.25,209.25,112.0,4.092233480100475,9.229910714285714,50.0,27.75,3.0,7.838766825622027,0.0,0.0,0.0,2.0,0.13333333333333333,0.06666666666666667,0.0,0.0,26.0,0.5654640609027759,16.375,41.05,19.0,2.0,0.3333333333333333,0.06666666666666667,0.06666666666666667,-0.028636363636363644,8.0,1.69947796311475,20.3875,49.55,6.0,0.0,0.13333333333333333,0.0,0.13333333333333333,0.39805555555555555,2.0,7.867579654211968,0.0,0.0,0.0,2.0,0.13333333333333333,0.06666666666666667,0.0,0.0,22.0,1.2510268421100987,13.047727272727274,40.15,14.0,2.0,0.26666666666666666,0.06666666666666667,-0.06666666666666667,-0.33173046251993615,7.0,2.3590338456765596,14.55,42.2,5.0,0.0,0.13333333333333333,0.0,0.13333333333333333,0.3953333333333333,2.0,10.272834804223349,0.0,0.0,0.0,2.0,0.13333333333333333,0.06666666666666667,0.0,0.0,8.0,5.024573909637314,3.19375,14.9,2.0,0.0,0.26666666666666666,0.0,0.13333333333333333,0.21291666666666667,2.0,13.865983135428978,0.0,0.0,0.0,0.0,0.13333333333333333,0.4,0.0,0.0,3.0,7.5958280914923995,0.0,0.0,0.0,2.0,0.13333333333333333,0.06666666666666667,-0.06666666666666667,-0.065,8.0,3.5957367412480967,3.6374999999999997,16.65,3.0,0.0,0.26666666666666666,0.0,0.13333333333333333,0.21499999999999997,2.0,6.944982946049422,0.675,1.35,1.0,0.0,0.06666666666666667,0.3333333333333333,0.06666666666666667,0.045000000000000005,1.0,0.0,23.0,0.07391304347826087,10.0,26.994999999999997,2.0,0.0,17.0,0.0,8.0,23.15,1.0,0.0,11.0,9.563636363636364,3.0,3.733333333333333,1.0,0.0,11.0,9.736363636363636,3.0,6.916666666666667
rush_hour_seed1,rush_hour,1,195.25,210.25,112.0,4.316176505690824,8.229910714285714,48.0,26.75,3.0,9.069127377131213,0.0,0.0,0.0,2.0,0.13333333333333333,0.06666666666666667,0.0,0.0,25.0,0.5438491599329213,14.488,38.95,17.0,2.0,0.26666666666666666,0.13333333333333333,-0.06666666666666667,-0.15790144927536243,8.0,1.7656472874535036,21.1375,50.55,6.0,0.0,0.06666666666666667,0.0,0.13333333333333333,0.5472619047619047,1.0,11.985966330715454,0.0,0.0,0.0,2.0,0.06666666666666667,0.13333333333333333,0.0,0.0,21.0,1.282686402657756,10.523809523809524,35.65,12.0,2.0,0.26666666666666666,0.13333333333333333,-0.2,-0.552623224728488,7.0,2.17825619931878,15.264285714285716,43.2,5.0,0.0,0.13333333333333333,0.0,0.13333333333333333,0.402952380952381,2.0,10.59697942900895,0.0,0.0,0.0,2.0,0.13333333333333333,0.06666666666666667,0.0,0.0,8.0,4.5404001040236945,3.4562500000000003,15.9,3.0,0.0,0.2,0.0,0.13333333333333333,0.21841666666666668,2.0,13.358876930451526,0.0,0.0,0.0,0.0,0.13333333333333333,0.4,0.0,0.0,3.0,8.377260926691864,0.0,0.0,0.0,2.0,0.13333333333333333,0.06666666666666667,-0.06666666666666667,-0.09833333333333334,8.0,3.7894816921462566,4.075,17.65,4.0,0.0,0.2,0.0,0.2,0.23633333333333334,2.0,6.939153492549085,1.175,2.35,1.0,0.0,0.06666666666666667,0.3333333333333333,0.06666666666666667,0.07833333333333334,2.0,0.0,22.0,0.05,10.0,27.794999999999998,1.0,0.0,18.0,0.0,9.0,21.344444444444445,1.0,0.0,12.0,9.433333333333334,3.0,4.066666666666666,1.0,0.0,11.0,10.354545454545454,4.0,5.6875
rush_hour_seed1,rush_hour,1,196.25,211.25,112.0,4.315766480217989,7.629464285714286,46.0,25.75,2.0,12.332419519676058,0.0,0.0,0.0,2.0,0.13333333333333333,0.13333333333333333,0.0,0.0,25.0,0.5976426422469625,12.015999999999998,38.1,15.0,2.0,0.26666666666666666,0.13333333333333333,-0.2,-0.37487536231884067,8.0,1.7435194664913451,21.9125,51.55,7.0,0.0,0.06666666666666667,0.0,0.13333333333333333,0.5536904761904763,1.0,11.978528991874773,0.0,0.0,0.0,2.0,0.06666666666666667,0.13333333333333333,0.0,0.0,22.0,1.4511781627149232,8.924999999999999,35.25,11.0,2.0,0.3333333333333333,0.13333333333333333,-0.26666666666666666,-0.7118421052631578,7.0,2.073896654250398,15.97857142857143,44.2,5.0,0.0,0.13333333333333333,0.0,0.13333333333333333,0.41057142857142864,2.0,10.72442461450262,0.0,0.0,0.0,2.0,0.13333333333333333,0.06666666666666667,0.0,0.0,9.0,4.121884633956751,3.4055555555555554,16.9,3.0,0.0,0.26666666666666666,0.0,0.13333333333333333,0.2017037037037037,2.0,11.093185375332993,0.0,0.0,0.0,0.0,0.13333333333333333,0.3333333333333333,0.0,0.0,2.0,10.676238337897395,0.0,0.0,0.0,2.0,0.13333333333333333,0.13333333333333333,-0.06666666666666667,-0.13166666666666668,8.0,3.880370356774329,4.575,18.65,4.0,0.0,0.2,0.0,0.2,0.25633333333333336,2.0,6.924660180874635,1.675,3.35,1.0,0.0,0.06666666666666667,0.26666666666666666,0.06666666666666667,0.11166666666666666,2.0,0.0,21.0,0.0,10.0,28.595,1.0,0.0,17.0,0.0,9.0,22.12222222222222,1.0,0.0,13.0,9.323076923076924,3.0,4.3999999999999995,1.0,0.0,11.0,11.068181818181818,4.0,6.1875
rush_hour_seed1,rush_hour,1,197.25,212.25,115.0,4.510150216166158,6.903478260869565,45.0,24.75,2.0,13.44149550457513,0.0,0.0,0.0,2.0,0.13333333333333333,0.13333333333333333,0.0,0.0,25.0,0.5645997134843678,11.068,36.55,15.0,2.0,0.26666666666666666,0.2,-0.2,-0.4390777777777777,9.0,1.7497044970479323,20.255555555555556,52.55,7.0,0.0,0.13333333333333333,0.0,0.13333333333333333,0.3956084656084657,2.0,12.020849355379468,0.0,0.0,0.0,2.0,0.13333333333333333,0.13333333333333333,0.0,0.0,22.0,1.5502548932430216,6.304545454545454,27.1,9.0,2.0,0.3333333333333333,0.13333333333333333,-0.4666666666666667,-0.9416267942583733,7.0,2.063118666035504,16.692857142857143,45.2,5.0,0.0,0.13333333333333333,0.0,0.13333333333333333,0.4181904761904762,1.0,11.55410157230143,0.0,0.0,0.0,2.0,0.06666666666666667,0.13333333333333333,0.0,0.0,9.0,3.709487124459774,3.822222222222222,17.9,4.0,0.0,0.26666666666666666,0.0,0.2,0.21614814814814812,2.0,8.837913214947788,0.0,0.0,0.0,0.0,0.13333333333333333,0.26666666666666666,0.0,0.0,2.0,11.424168565601914,0.0,0.0,0.0,2.0,0.13333333333333333,0.13333333333333333,-0.06666666666666667,-0.165,8.0,3.985194949585517,5.075,19.65,4.0,0.0,0.2,0.0,0.2,0.2763333333333334,2.0,6.5728512329420345,2.175,4.35,1.0,0.0,0.06666666666666667,0.26666666666666666,0.06666666666666667,0.145,2.0,0.0,21.0,0.0,10.0,29.395,1.0,0.0,16.0,0.0,9.0,22.9,1.0,0.0,13.0,9.938461538461537,3.0,5.0,1.0,0.0,11.0,11.795454545454545,4.0,6.6875
rush_hour_seed1,rush_hour,1,198.25,213.25,113.0,4.566610659470052,6.293362831858407,43.0,23.75,2.0,14.393818313640242,0.0,0.0,0.0,2.0,0.13333333333333333,0.13333333333333333,0.0,0.0,25.0,0.8330344806239524,8.712,34.35,13.0,2.0,0.26666666666666666,0.2,-0.4,-0.6473944444444444,9.0,1.7959010537618747,21.033333333333335,53.55,7.0,0.0,0.13333333333333333,0.0,0.13333333333333333,0.3998412698412699,2.0,12.93835022125335,0.0,0.0,0.0,2.0,0.13333333333333333,0.13333333333333333,0.0,0.0,21.0,1.5582969018781099,4.430952380952381,22.6,7.0,2.0,0.26666666666666666,0.2,-0.6,-1.0517698412698413,7.0,2.1246828411287035,17.407142857142855,46.2,5.0,0.0,0.06666666666666667,0.0,0.06666666666666667,0.5465873015873014,1.0,11.563840766821945,0.0,0.0,0.0,2.0,0.06666666666666667,0.13333333333333333,0.0,0.0,9.0,3.3475226945038496,4.266666666666667,18.9,4.0,0.0,0.2,0.0,0.2,0.2411111111111111,2.0,6.935656573024462,0.1,0.2,1.0,0.0,0.13333333333333333,0.26666666666666666,0.06666666666666667,0.006666666666666667,1.0,12.88736483445835,0.0,0.0,0.0,2.0,0.06666666666666667,0.13333333333333333,-0.06666666666666667,-0.19833333333333333,8.0,3.722500859191473,5.65,20.65,5.0,0.0,0.2,0.0,0.26666666666666666,0.30133333333333334,2.0,4.943007892818112,2.675,5.35,1.0,0.0,0.06666666666666667,0.2,0.06666666666666667,0.17833333333333332,2.0,0.0,20.0,0.0,10.0,30.27,1.0,0.0,17.0,0.0,9.0,23.677777777777777,2.0,0.0,13.0,10.553846153846154,3.0,5.666666666666667,1.0,0.0,11.0,12.522727272727273,4.0,7.1875
rush_hour_seed1,rush_hour,1,199.25,214.25,116.0,4.736582781802793,6.001724137931035,43.0,22.75,2.0,14.51194700027727,0.0,0.0,0.0,2.0,0.13333333333333333,0.13333333333333333,0.0,0.0,24.0,0.9719919681293155,8.18125,29.7,13.0,2.0,0.26666666666666666,0.26666666666666666,-0.4,-0.7355555555555555,9.0,1.689968672173928,21.811111111111114,54.55,7.0,0.0,0.13333333333333333,0.0,0.13333333333333333,0.40407407407407425,2.0,12.94160774164542,0.0,0.0,0.0,2.0,0.13333333333333333,0.13333333333333333,0.0,0.0,21.0,1.848031496784748,3.645238095238095,20.75,7.0,2.0,0.26666666666666666,0.2,-0.6,-1.157484126984127,7.0,2.057754699670358,18.12142857142857,47.2,5.0,0.0,0.06666666666666667,0.0,0.06666666666666667,0.5497619047619047,1.0,11.522474527904256,0.0,0.0,0.0,2.0,0.06666666666666667,0.13333333333333333,0.0,0.0,10.0,3.0302190533489215,4.24,19.9,4.0,0.0,0.26666666666666666,0.0,0.13333333333333333,0.221,2.0,6.936060045935447,0.6,1.2,1.0,0.0,0.06666666666666667,0.2,0.06666666666666667,0.04,1.0,12.880853668229902,0.0,0.0,0.0,2.0,0.06666666666666667,0.2,-0.06666666666666667,-0.15444444444444447,9.0,3.541403244434223,5.577777777777778,21.65,5.0,0.0,0.26666666666666666,0.0,0.26666666666666666,0.2831851851851852,3.0,3.9108992968428296,2.1166666666666667,6.35,1.0,0.0,0.13333333333333333,0.13333333333333333,0.06666666666666667,0.1411111111111111,2.0,0.0,19.0,0.0,10.0,31.169999999999998,1.0,0.0,16.0,0.0,9.0,24.455555555555556,2.0,0.0,13.0,11.223076923076924,3.0,6.333333333333333,1.0,0.0,12.0,12.145833333333334,4.0,7.6875
rush_hour_seed1,rush_hour,1,200.25,215.25,116.0,4.767632793619984,5.501293103448275,39.0,21.75,1.0,16.561401396196338,0.0,0.0,0.0,2.0,0.06666666666666667,0.13333333333333333,0.0,0.0,25.0,1.2236029590087398,5.95,27.95,11.0,2.0,0.3333333333333333,0.26666666666666666,-0.6,-0.9375,9.0,1.603537647198816,22.58888888888889,55.55,7.0,0.0,0.13333333333333333,0.0,0.13333333333333333,0.40830687830687823,2.0,12.911287127290851,0.0,0.0,0.0,2.0,0.13333333333333333,0.13333333333333333,0.0,0.0,21.0,2.119466529280698,2.0523809523809526,14.1,5.0,2.0,0.2,0.2,-0.7333333333333333,-1.2477777777777777,7.0,2.0062725938983323,18.835714285714285,48.2,5.0,0.0,0.06666666666666667,0.0,0.06666666666666667,0.552936507936508,1.0,11.539332089724908,0.0,0.0,0.0,2.0,0.06666666666666667,0.13333333333333333,0.0,0.0,10.0,2.950296415894219,4.64,20.9,4.0,0.0,0.26666666666666666,0.0,0.13333333333333333,0.2254444444444444,2.0,6.933806445602095,1.1,2.2,1.0,0.0,0.06666666666666667,0.13333333333333333,0.06666666666666667,0.07333333333333333,1.0,12.911189447981087,0.0,0.0,0.0,2.0,0.06666666666666667,0.2,-0.06666666666666667,-0.17666666666666667,9.0,3.6409149151905202,6.133333333333334,22.65,5.0,0.0,0.2,0.0,0.26666666666666666,0.3238888888888889,3.0,3.682446977753859,2.4499999999999997,7.35,1.0,0.0,0.13333333333333333,0.13333333333333333,0.06666666666666667,0.1633333333333333,2.0,0.0,19.0,0.0,11.0,29.154545454545453,2.0,0.0,15.0,0.0,9.0,25.233333333333334,1.0,0.0,13.0,11.96923076923077,3.0,7.0,1.0,0.0,12.0,12.8125,4.0,8.1875
rush_hour_seed1,rush_hour,1,201.25,216.25,116.0,4.726039282015604,5.258620689655173,40.0,20.75,1.0,16.65023484481499,0.0,0.0,0.0,2.0,0.06666666666666667,0.2,-0.06666666666666667,-0.01888888888888889,25.0,1.42655326282705,4.252,22.25,10.0,2.0,0.3333333333333333,0.26666666666666666,-0.6666666666666666,-1.1062555555555558,9.0,1.563999306417678,23.366666666666667,56.55,7.0,0.0,0.13333333333333333,0.0,0.13333333333333333,0.41253968253968265,2.0,12.928776151605998,0.0,0.0,0.0,2.0,0.13333333333333333,0.13333333333333333,-0.06666666666666667,-0.025,21.0,2.173840185611958,1.5785714285714285,13.45,5.0,2.0,0.26666666666666666,0.26666666666666666,-0.8,-1.3304761904761904,8.0,2.0371698472853588,17.15,49.2,6.0,0.0,0.13333333333333333,0.0,0.13333333333333333,0.39611111111111097,1.0,11.55987648028457,0.0,0.0,0.0,2.0,0.06666666666666667,0.13333333333333333,-0.06666666666666667,-0.01,10.0,2.8115022298593955,5.13,21.9,5.0,0.0,0.26666666666666666,0.0,0.2,0.23588888888888887,2.0,6.919685015220894,1.6,3.2,1.0,0.0,0.06666666666666667,0.13333333333333333,0.06666666666666667,0.10666666666666667,1.0,12.869394959878191,0.0,0.0,0.0,2.0,0.06666666666666667,0.2,-0.06666666666666667,-0.19888888888888887,9.0,3.812120581698103,6.688888888888889,23.65,5.0,0.0,0.2,0.0,0.26666666666666666,0.34981481481481486,3.0,3.613506874702806,2.783333333333333,8.35,1.0,0.0,0.13333333333333333,0.06666666666666667,0.06666666666666667,0.18555555555555556,2.0,0.0,18.0,0.0,11.0,29.972727272727273,2.0,0.0,14.0,0.0,9.0,26.016666666666666,1.0,0.0,13.0,12.738461538461538,4.0,5.75,2.0,0.0,13.0,12.473076923076924,4.0,8.6875
rush_hour_seed1,rush_hour,1,202.25,217.25,115.0,4.801882171578385,5.23,37.0,19.75,2.0,14.291026699770242,0.0,0.0,0.0,2.0,0.13333333333333333,0.2,-0.06666666666666667,-0.04111111111111111,25.0,1.6485020232701972,3.722,19.45,9.0,2.0,0.26666666666666666,0.26666666666666666,-0.7333333333333333,-1.139333333333333,9.0,1.5933993691690949,24.144444444444446,57.55,7.0,0.0,0.13333333333333333,0.0,0.13333333333333333,0.4167724867724869,2.0,12.909137047636323,0.0,0.0,0.0,2.0,0.13333333333333333,0.13333333333333333,-0.06666666666666667,-0.058333333333333334,20.0,2.3612268665499334,0.6425,8.6,3.0,2.0,0.26666666666666666,0.3333333333333333,-0.9333333333333333,-1.4468492063492064,8.0,2.0245611888031925,17.9,50.2,6.0,0.0,0.13333333333333333,0.0,0.13333333333333333,0.40166666666666656,1.0,11.559725217186338,0.0,0.0,0.0,2.0,0.06666666666666667,0.13333333333333333,-0.06666666666666667,-0.043333333333333335,10.0,2.807844645737462,5.63,22.9,5.0,0.0,0.26666666666666666,0.0,0.2,0.247,2.0,6.916262481029262,2.1,4.2,1.0,0.0,0.06666666666666667,0.06666666666666667,0.06666666666666667,0.14,1.0,12.896246420742028,0.0,0.0,0.0,2.0,0.06666666666666667,0.2,-0.06666666666666667,-0.2211111111111111,9.0,3.7534849650242723,7.2444444444444445,24.65,5.0,0.0,0.2,0.0,0.2,0.3712962962962963,3.0,3.7633662575820055,3.1166666666666667,9.35,1.0,0.0,0.13333333333333333,0.0,0.06666666666666667,0.20777777777777778,1.0,0.0,18.0,0.0,11.0,30.79090909090909,2.0,0.0,14.0,0.0,9.0,26.905555555555555,1.0,0.0,14.0,12.542857142857143,4.0,6.25,2.0,0.0,13.0,13.165384615384616,4.0,9.1875
rush_hour_seed1,rush_hour,1,203.25,218.25,119.0,4.992541313106202,5.135294117647059,38.0,18.75,2.0,14.271814960128628,0.0,0.0,0.0,2.0,0.13333333333333333,0.2,-0.06666666666666667,-0.06333333333333334,25.0,1.7214397940254889,3.264,18.15,8.0,2.0,0.3333333333333333,0.3333333333333333,-0.8666666666666667,-1.2237333333333333,9.0,1.6837931662229744,24.922222222222224,58.55,7.0,0.0,0.13333333333333333,0.0,0.13333333333333333,0.4210052910052911,2.0,12.909996436391374,0.0,0.0,0.0,2.0,0.13333333333333333,0.13333333333333333,-0.06666666666666667,-0.09166666666666666,21.0,2.9109414563925418,0.34047619047619043,4.1,3.0,2.0,0.3333333333333333,0.3333333333333333,-1.0,-1.5223809523809524,8.0,1.8515227144453519,18.65,51.2,6.0,0.0,0.13333333333333333,0.0,0.13333333333333333,0.40722222222222215,2.0,12.448868379780755,0.0,0.0,0.0,2.0,0.13333333333333333,0.13333333333333333,-0.06666666666666667,-0.07666666666666666,11.0,2.88820021814532,5.654545454545454,23.9,6.0,0.0,0.26666666666666666,0.0,0.26666666666666666,0.2479220779220779,2.0,6.925266136078281,2.6,5.2,1.0,0.0,0.06666666666666667,0.06666666666666667,0.06666666666666667,0.17333333333333334,1.0,12.896701625291971,0.0,0.0,0.0,2.0,0.06666666666666667,0.2,-0.06666666666666667,-0.24333333333333332,9.0,3.3042590320796466,7.8999999999999995,25.65,6.0,0.0,0.2,0.0,0.26666666666666666,0.3927777777777777,3.0,4.1305258449323885,3.4499999999999997,10.35,1.0,0.0,0.06666666666666667,0.0,0.06666666666666667,0.22999999999999998,2.0,0.0,17.0,0.0,11.0,31.60909090909091,2.0,0.0,13.0,0.0,9.0,27.794444444444444,1.0,0.0,14.0,13.257142857142856,4.0,6.75,2.0,0.0,13.0,13.892307692307693,4.0,9.6875
rush_hour_seed1,rush_hour,1,204.25,219.25,119.0,5.102030842006518,5.095798319327731,35.0,17.75,2.0,14.28294974241592,0.0,0.0,0.0,2.0,0.13333333333333333,0.2,-0.06666666666666667,-0.08555555555555557,25.0,2.047686447633832,2.17,14.35,6.0,2.0,0.26666666666666666,0.3333333333333333,-1.0,-1.295076923076923,9.0,1.6096053553199463,25.700000000000003,59.55,7.0,0.0,0.06666666666666667,0.0,0.13333333333333333,0.5862500000000002,1.0,13.840204313171562,0.0,0.0,0.0,2.0,0.06666666666666667,0.2,-0.06666666666666667,-0.08333333333333333,20.0,3.326645778258836,0.095,1.9,1.0,2.0,0.3333333333333333,0.4,-1.1333333333333333,-1.595888888888889,8.0,1.7975071174255732,19.4,52.2,6.0,0.0,0.13333333333333333,0.0,0.13333333333333333,0.41277777777777763,2.0,12.725648410132484,0.0,0.0,0.0,2.0,0.13333333333333333,0.13333333333333333,-0.06666666666666667,-0.11,11.0,3.161186093005441,6.281818181818181,24.9,7.0,0.0,0.26666666666666666,0.0,0.3333333333333333,0.27069264069264065,2.0,5.996643864345795,3.1,6.2,1.0,0.0,0.06666666666666667,0.0,0.06666666666666667,0.20666666666666667,1.0,12.893764658985674,0.0,0.0,0.0,2.0,0.06666666666666667,0.2,-0.06666666666666667,-0.26555555555555554,10.0,3.0292720205389836,7.709999999999999,26.65,6.0,0.0,0.26666666666666666,0.0,0.2,0.3573333333333333,3.0,4.0553685327491715,3.783333333333333,11.35,1.0,0.0,0.06666666666666667,0.0,0.06666666666666667,0.25222222222222224,2.0,0.0,16.0,0.0,11.0,32.42727272727273,2.0,0.0,13.0,0.0,10.0,25.814999999999998,1.0,0.0,14.0,13.971428571428572,4.0,7.25,2.0,0.0,13.0,14.661538461538461,4.0,10.1875
rush_hour_seed1,rush_hour,1,205.25,220.25,120.0,5.246148343788405,5.203333333333333,35.0,16.75,2.0,13.362816099915639,0.0,0.0,0.0,2.0,0.13333333333333333,0.2,-0.06666666666666667,-0.10777777777777776,24.0,2.1158765306209784,1.90625,13.85,6.0,2.0,0.26666666666666666,0.4,-1.0666666666666667,-1.3674038461538462,9.0,1.5923371627966447,26.477777777777778,60.55,7.0,0.0,0.06666666666666667,0.0,0.13333333333333333,0.5964351851851852,1.0,13.87233318133629,0.0,0.0,0.0,2.0,0.06666666666666667,0.2,-0.06666666666666667,-0.10555555555555556,19.0,3.5557374550707177,0.0,0.0,0.0,2.0,0.26666666666666666,0.4666666666666667,-1.2,-1.5839393939393942,8.0,1.804098071070969,20.15,53.2,6.0,0.0,0.13333333333333333,0.0,0.13333333333333333,0.4183333333333332,2.0,12.725527894939509,0.0,0.0,0.0,2.0,0.13333333333333333,0.13333333333333333,-0.06666666666666667,-0.14333333333333334,11.0,3.232521975431257,6.918181818181818,25.9,7.0,0.0,0.2,0.0,0.3333333333333333,0.31496212121212125,3.0,4.892234673038939,2.4,7.2,1.0,0.0,0.13333333333333333,0.0,0.06666666666666667,0.16,2.0,12.439575257329743,0.0,0.0,0.0,2.0,0.13333333333333333,0.2,-0.06666666666666667,-0.28777777777777774,10.0,2.890727622575523,8.309999999999999,27.65,6.0,0.0,0.26666666666666666,0.0,0.2,0.36399999999999993,3.0,4.017946915483167,4.25,12.35,2.0,0.0,0.06666666666666667,0.0,0.13333333333333333,0.2833333333333333,2.0,0.0,16.0,0.0,11.0,33.24545454545454,1.0,0.0,14.0,0.0,10.0,26.615,1.0,0.0,14.0,14.742857142857144,4.0,7.75,1.0,0.0,13.0,15.430769230769231,4.0,10.825000000000001
rush_hour_seed1,rush_hour,1,206.25,221.25,122.0,5.299651156877322,5.288524590163934,35.0,15.75,1.0,11.987363755814732,0.0,0.0,0.0,2.0,0.06666666666666667,0.2,-0.06666666666666667,-0.13,25.0,2.3963119382625937,1.476,12.55,5.0,2.0,0.3333333333333333,0.4,-1.1333333333333333,-1.4524974358974359,10.0,1.6418807429311912,24.595,61.55,8.0,0.0,0.13333333333333333,0.0,0.2,0.4292499999999999,2.0,13.18370534265767,0.0,0.0,0.0,2.0,0.13333333333333333,0.2,-0.06666666666666667,-0.1277777777777778,19.0,3.9214107325128835,0.0,0.0,0.0,2.0,0.26666666666666666,0.4666666666666667,-1.2,-1.6384848484848484,8.0,1.828729267929086,20.9,54.2,6.0,0.0,0.13333333333333333,0.0,0.13333333333333333,0.4238888888888888,2.0,12.683193927238094,0.0,0.0,0.0,2.0,0.13333333333333333,0.13333333333333333,-0.06666666666666667,-0.17666666666666667,11.0,3.2646441084622295,7.554545454545454,26.9,7.0,0.0,0.2,0.0,0.3333333333333333,0.3407196969696969,3.0,4.6494540546527,2.733333333333333,8.2,1.0,0.0,0.13333333333333333,0.0,0.06666666666666667,0.1822222222222222,2.0,12.455406229092514,0.0,0.0,0.0,2.0,0.13333333333333333,0.2,-0.13333333333333333,-0.3144444444444444,10.0,2.7816497150038866,8.91,28.65,6.0,0.0,0.26666666666666666,0.0,0.2,0.3706666666666667,3.0,4.001451797775779,4.916666666666667,13.35,2.0,0.0,0.06666666666666667,0.0,0.13333333333333333,0.3277777777777778,1.0,0.0,16.0,0.0,11.0,34.06363636363636,1.0,0.0,13.0,0.0,10.0,27.415,1.0,0.0,14.0,15.528571428571428,4.0,8.25,1.0,0.0,14.0,15.042857142857143,4.0,11.575
rush_hour_seed1,rush_hour,1,207.25,222.25,123.0,5.342190211906458,5.335365853658536,33.0,14.75,1.0,11.984252499353607,0.0,0.0,0.0,2.0,0.06666666666666667,0.2,0.0,0.0,24.0,2.4767413822612006,0.7479166666666667,8.9,3.0,2.0,0.26666666666666666,0.4666666666666667,-1.2666666666666666,-1.361003086419753,10.0,1.427097070378236,25.395,62.55,8.0,0.0,0.13333333333333333,0.0,0.13333333333333333,0.43383333333333335,2.0,13.179680851360356,0.0,0.0,0.0,2.0,0.13333333333333333,0.2,0.0,0.0,19.0,4.054239418765133,0.0,0.0,0.0,2.0,0.26666666666666666,0.5333333333333333,-1.2,-1.4534782608695653,8.0,1.9683967423095907,21.65,55.2,6.0,0.0,0.06666666666666667,0.0,0.06666666666666667,0.5685714285714284,2.0,12.639917454700795,0.0,0.0,0.0,2.0,0.06666666666666667,0.13333333333333333,0.0,0.0,11.0,2.875036077134588,8.19090909090909,27.9,7.0,0.0,0.2,0.0,0.3333333333333333,0.36647727272727265,3.0,4.449315594213207,3.0666666666666664,9.2,1.0,0.0,0.13333333333333333,0.0,0.06666666666666667,0.20444444444444443,2.0,12.44768739886047,0.0,0.0,0.0,2.0,0.13333333333333333,0.2,0.0,0.0,11.0,2.895524164930242,8.645454545454545,29.65,6.0,0.0,0.26666666666666666,0.0,0.2,0.35636363636363627,3.0,3.998726259474766,5.583333333333333,14.35,2.0,0.0,0.06666666666666667,0.0,0.13333333333333333,0.3722222222222222,1.0,0.0,15.0,0.0,11.0,34.904545454545456,1.0,0.0,12.0,0.0,10.0,28.214999999999996,1.0,0.0,15.0,15.226666666666667,4.0,8.75,1.0,0.0,14.0,15.825,5.0,9.86
rush_hour_seed1,rush_hour,1,208.25,223.25,123.0,5.493090525062196,5.528861788617886,34.0,13.75,1.0,11.988355139172636,0.0,0.0,0.0,2.0,0.06666666666666667,0.13333333333333333,0.0,0.0,23.0,2.594411731724985,0.5065217391304347,7.2,3.0,2.0,0.26666666666666666,0.4666666666666667,-1.0666666666666667,-1.1158472686733558,10.0,1.2568556781150322,26.195,63.55,8.0,0.0,0.13333333333333333,0.0,0.13333333333333333,0.43716666666666676,2.0,13.1811803728779,0.0,0.0,0.0,2.0,0.13333333333333333,0.13333333333333333,0.0,0.0,18.0,4.330612143538129,0.0,0.0,0.0,2.0,0.26666666666666666,0.5333333333333333,-1.0,-1.1051515151515152,8.0,2.1051999363355063,22.4,56.2,6.0,0.0,0.06666666666666667,0.0,0.06666666666666667,0.5709523809523808,1.0,13.879886386737926,0.0,0.0,0.0,2.0,0.06666666666666667,0.13333333333333333,0.0,0.0,11.0,2.562237397952646,8.836363636363636,28.9,8.0,0.0,0.2,0.0,0.4,0.3928409090909091,3.0,4.539004551864491,3.4,10.2,1.0,0.0,0.13333333333333333,0.0,0.06666666666666667,0.22666666666666666,2.0,10.872302193266455,0.0,0.0,0.0,2.0,0.13333333333333333,0.13333333333333333,0.0,0.0,11.0,3.1148890127648814,9.19090909090909,30.65,6.0,0.0,0.2,0.0,0.2,0.39522727272727265,3.0,4.000690975938313,6.25,15.35,2.0,0.0,0.06666666666666667,0.0,0.06666666666666667,0.405,1.0,0.0,15.0,0.0,12.0,32.829166666666666,2.0,0.0,12.0,0.0,10.0,29.014999999999997,2.0,0.0,15.0,15.96,4.0,9.25,1.0,0.0,14.0,16.610714285714284,5.0,10.459999999999999
rush_hour_seed1,rush_hour,1,209.25,224.25,123.0,5.652431792105455,5.7,33.0,12.75,1.0,11.981475040346849,0.0,0.0,0.0,2.0,0.06666666666666667,0.2,0.0,0.0,23.0,2.9817139638125885,0.07391304347826087,1.6,2.0,2.0,0.26666666666666666,0.4666666666666667,-1.1333333333333333,-1.0867391304347827,10.0,1.152160282710569,26.994999999999997,64.55,8.0,0.0,0.13333333333333333,0.0,0.13333333333333333,0.4404999999999999,2.0,13.173536115312638,0.0,0.0,0.0,2.0,0.13333333333333333,0.13333333333333333,0.0,0.0,17.0,4.5123369505697335,0.0,0.0,0.0,2.0,0.26666666666666666,0.6,-0.9333333333333333,-0.8698484848484849,8.0,2.0774130349854327,23.15,57.2,6.0,0.0,0.06666666666666667,0.0,0.06666666666666667,0.5733333333333331,1.0,13.878886162178825,0.0,0.0,0.0,2.0,0.06666666666666667,0.13333333333333333,0.0,0.0,11.0,2.181598457026684,9.563636363636364,29.9,8.0,0.0,0.2,0.0,0.4,0.424659090909091,3.0,4.304693131253944,3.733333333333333,11.2,1.0,0.0,0.06666666666666667,0.0,0.06666666666666667,0.24888888888888885,1.0,11.998887587324717,0.0,0.0,0.0,2.0,0.06666666666666667,0.2,0.0,0.0,11.0,3.188937713386976,9.736363636363636,31.65,6.0,0.0,0.2,0.0,0.2,0.4065909090909091,3.0,3.9944045680545486,6.916666666666667,16.35,2.0,0.0,0.06666666666666667,0.0,0.06666666666666667,0.41611111111111115,1.0,0.0,16.0,0.01875,12.0,33.6625,2.0,0.0,12.0,0.0375,10.0,29.814999999999998,2.0,0.0,16.0,15.65,4.0,9.8125,1.0,0.0,14.0,17.39642857142857,5.0,11.059999999999999
rush_hour_seed1,rush_hour,1,210.25,225.25,127.0,5.673937606353306,5.773228346456693,34.0,11.75,2.0,12.160885709287832,0.0,0.0,0.0,2.0,0.13333333333333333,0.2,0.0,0.0,22.0,3.1527349505946076,0.05,1.1,1.0,2.0,0.26666666666666666,0.4666666666666667,-1.0666666666666667,-0.9625333333333332,10.0,1.158578436899974,27.794999999999998,65.55,8.0,0.0,0.13333333333333333,0.0,0.13333333333333333,0.44383333333333325,1.0,12.513615159395926,0.0,0.0,0.0,2.0,0.06666666666666667,0.06666666666666667,0.0,0.0,18.0,4.960410739107057,0.0,0.0,0.0,2.0,0.3333333333333333,0.5333333333333333,-0.8,-0.7015873015873015,9.0,1.6354508471364557,21.344444444444445,58.2,7.0,0.0,0.13333333333333333,0.0,0.13333333333333333,0.4053439153439153,1.0,13.868445498328656,0.0,0.0,0.0,2.0,0.06666666666666667,0.13333333333333333,0.0,0.0,12.0,1.8663569052922437,9.433333333333334,30.9,8.0,0.0,0.26666666666666666,0.0,0.3333333333333333,0.39847222222222217,3.0,4.134323946158832,4.066666666666666,12.2,1.0,0.0,0.06666666666666667,0.0,0.06666666666666667,0.2711111111111111,1.0,11.994092921388802,0.0,0.0,0.0,2.0,0.06666666666666667,0.2,0.0,0.0,11.0,3.2039697213277876,10.354545454545454,32.65,7.0,0.0,0.2,0.0,0.2,0.4186363636363636,4.0,4.0952117920376505,5.6875,17.35,2.0,0.0,0.13333333333333333,0.0,0.06666666666666667,0.30083333333333334,1.0,0.0,17.0,0.07647058823529412,12.0,27.78333333333333,2.0,0.0,13.0,0.11153846153846153,10.0,23.294999999999998,2.0,0.0,16.0,16.36875,4.0,10.5625,1.0,0.0,14.0,18.182142857142857,5.0,11.66
rush_hour_seed1,rush_hour,1,211.25,226.25,125.0,5.654571286085399,6.1276,34.0,10.75,2.0,13.154450487629045,0.0,0.0,0.0,2.0,0.13333333333333333,0.13333333333333333,0.0,0.0,21.0,3.3238403125009417,0.0,0.0,0.0,2.0,0.26666666666666666,0.5333333333333333,-1.0,-0.8010666666666666,10.0,1.2486011230892036,28.595,66.55,8.0,0.0,0.13333333333333333,0.0,0.06666666666666667,0.44549999999999984,1.0,12.51163135545918,0.0,0.0,0.0,2.0,0.06666666666666667,0.06666666666666667,0.0,0.0,17.0,5.283994992478799,0.0,0.0,0.0,2.0,0.26666666666666666,0.6,-0.7333333333333333,-0.595,9.0,1.391440590963373,22.12222222222222,59.2,7.0,0.0,0.13333333333333333,0.0,0.13333333333333333,0.4095767195767194,1.0,13.860218465334038,0.0,0.0,0.0,2.0,0.06666666666666667,0.13333333333333333,0.0,0.0,13.0,1.8303862251165817,9.323076923076924,31.9,8.0,0.0,0.26666666666666666,0.0,0.3333333333333333,0.39450142450142456,3.0,4.059707071697151,4.3999999999999995,13.2,1.0,0.0,0.06666666666666667,0.0,0.06666666666666667,0.2933333333333333,1.0,11.987851232411339,0.0,0.0,0.0,2.0,0.06666666666666667,0.13333333333333333,0.0,0.0,11.0,3.13063624740287,11.068181818181818,33.65,8.0,0.0,0.2,0.0,0.26666666666666666,0.43287878787878786,4.0,4.217125836869963,6.1875,18.35,2.0,0.0,0.13333333333333333,0.0,0.06666666666666667,0.30083333333333334,1.0,0.0,17.0,0.13529411764705881,11.0,13.586363636363636,2.0,0.0,13.0,0.18846153846153849,9.0,9.655555555555557,2.0,0.0,16.0,17.11875,5.0,9.05,2.0,0.0,14.0,18.967857142857145,5.0,12.26
rush_hour_seed1,rush_hour,1,212.25,227.25,123.0,5.698740925380778,6.510162601626016,35.0,9.75,2.0,14.327178036738655,0.0,0.0,0.0,2.0,0.13333333333333333,0.13333333333333333,0.0,0.0,21.0,3.7642933242128076,0.0,0.0,0.0,2.0,0.2,0.4666666666666667,-1.0,-0.7378666666666667,10.0,1.396683465854383,29.395,67.55,8.0,0.0,0.06666666666666667,0.0,0.06666666666666667,0.6092962962962962,1.0,12.508108525723294,0.0,0.0,0.0,2.0,0.06666666666666667,0.13333333333333333,0.0,0.0,16.0,5.413247521259721,0.0,0.0,0.0,2.0,0.26666666666666666,0.6666666666666666,-0.6,-0.42030303030303023,9.0,1.1939847210949406,22.9,60.2,7.0,0.0,0.13333333333333333,0.0,0.13333333333333333,0.4138095238095237,1.0,13.829513663426042,0.0,0.0,0.0,2.0,0.06666666666666667,0.06666666666666667,0.0,0.0,13.0,1.8379692794111269,9.938461538461537,32.9,8.0,0.0,0.26666666666666666,0.0,0.26666666666666666,0.40774928774928765,3.0,4.038522153262751,5.0,14.2,2.0,0.0,0.06666666666666667,0.0,0.13333333333333333,0.3333333333333333,1.0,11.97959270536434,0.0,0.0,0.0,2.0,0.06666666666666667,0.13333333333333333,0.0,0.0,11.0,2.798043561523745,11.795454545454545,34.65,8.0,0.0,0.2,0.0,0.26666666666666666,0.448030303030303,4.0,4.079425903617818,6.6875,19.35,2.0,0.0,0.13333333333333333,0.0,0.06666666666666667,0.30083333333333334,2.0,0.0,18.0,0.18333333333333332,11.0,6.622727272727272,2.0,0.0,13.0,0.2653846153846154,9.0,3.216666666666667,2.0,0.3,16.0,17.903125,5.0,9.65,2.0,0.0,14.0,19.75357142857143,5.0,12.86
rush_hour_seed1,rush_hour,1,213.25,228.25,123.0,5.811115616069031,6.800813008130081,36.0,8.75,2.0,14.287977024302354,0.0,0.0,0.0,2.0,0.13333333333333333,0.13333333333333333,0.0,0.0,20.0,3.986340912143136,0.0,0.0,0.0,2.0,0.2,0.5333333333333333,-0.8666666666666667,-0.5808,10.0,1.3886431716556058,30.27,68.55,9.0,0.0,0.06666666666666667,0.0,0.13333333333333333,0.6157777777777776,1.0,12.542317778420477,0.0,0.0,0.0,2.0,0.06666666666666667,0.13333333333333333,0.0,0.0,17.0,5.831885928650229,0.0,0.0,0.0,2.0,0.3333333333333333,0.6,-0.4666666666666667,-0.29539682539682544,9.0,1.0963055338620664,23.677777777777777,61.2,7.0,0.0,0.13333333333333333,0.0,0.13333333333333333,0.41804232804232816,2.0,13.845597146550427,0.0,0.0,0.0,2.0,0.13333333333333333,0.06666666666666667,0.0,0.0,13.0,1.887304305870555,10.553846153846154,33.9,8.0,0.0,0.26666666666666666,0.0,0.26666666666666666,0.41914529914529913,3.0,4.023944665014686,5.666666666666667,15.2,2.0,0.0,0.06666666666666667,0.0,0.06666666666666667,0.37111111111111117,1.0,11.980590719548054,0.0,0.0,0.0,2.0,0.06666666666666667,0.06666666666666667,0.0,0.0,11.0,2.4835218846328466,12.522727272727273,35.65,8.0,0.0,0.2,0.0,0.2,0.4581818181818182,4.0,3.9842367421003546,7.1875,20.35,2.0,0.0,0.13333333333333333,0.0,0.06666666666666667,0.30083333333333334,2.0,0.0,19.0,0.2263157894736842,10.0,2.2,2.0,0.0,14.0,0.3178571428571429,10.0,0.0,2.0,0.8,16.0,18.715625,5.0,10.25,2.0,0.0,15.0,19.17,5.0,13.459999999999999
rush_hour_seed1,rush_hour,1,214.25,229.25,120.0,5.670258683668716,7.276666666666667,37.0,7.75,2.0,14.278564568707488,0.0,0.0,0.0,2.0,0.13333333333333333,0.13333333333333333,0.0,0.0,19.0,4.208535801395634,0.0,0.0,0.0,2.0,0.2,0.5333333333333333,-0.8666666666666667,-0.5454166666666667,10.0,1.3734787693186927,31.169999999999998,69.55,9.0,0.0,0.06666666666666667,0.0,0.13333333333333333,0.6239259259259257,1.0,12.525481118171086,0.0,0.0,0.0,2.0,0.06666666666666667,0.13333333333333333,0.0,0.0,16.0,5.972172305627178,0.0,0.0,0.0,2.0,0.3333333333333333,0.6666666666666666,-0.4666666666666667,-0.24301587301587302,9.0,1.1089735997453216,24.455555555555556,62.2,7.0,0.0,0.13333333333333333,0.0,0.13333333333333333,0.42227513227513236,2.0,13.845047701256117,0.0,0.0,0.0,2.0,0.13333333333333333,0.06666666666666667,0.0,0.0,13.0,1.9713278679833335,11.223076923076924,34.9,9.0,0.0,0.2,0.0,0.3333333333333333,0.46553846153846157,3.0,4.008760703507407,6.333333333333333,16.2,2.0,0.0,0.06666666666666667,0.0,0.06666666666666667,0.38222222222222224,1.0,11.970949697946198,0.0,0.0,0.0,2.0,0.06666666666666667,0.06666666666666667,0.0,0.0,12.0,2.1169107727359164,12.145833333333334,36.65,8.0,0.0,0.2,0.0,0.2,0.43787037037037035,4.0,4.00251432372762,7.6875,21.35,2.0,0.0,0.06666666666666667,0.0,0.06666666666666667,0.3713888888888889,2.0,0.0,19.0,0.33157894736842103,10.0,0.0,2.0,0.0,14.0,0.3892857142857143,9.0,0.0,2.0,1.3,16.0,19.528125,5.0,10.85,2.0,0.0,15.0,19.903333333333332,5.0,14.26
rush_hour_seed1,rush_hour,1,215.25,230.25,121.0,5.709846427322449,7.528099173553719,38.0,6.75,2.0,14.291729071921669,0.0,0.0,0.0,2.0,0.13333333333333333,0.06666666666666667,0.0,0.0,19.0,4.666973219988032,0.0,0.0,0.0,2.0,0.13333333333333333,0.5333333333333333,-0.7333333333333333,-0.39666666666666667,11.0,1.2372702448476387,29.154545454545453,70.55,9.0,0.0,0.13333333333333333,0.0,0.13333333333333333,0.4377104377104376,2.0,12.270652619749345,0.0,0.0,0.0,2.0,0.13333333333333333,0.13333333333333333,0.0,0.0,15.0,6.130914124535247,0.0,0.0,0.0,2.0,0.3333333333333333,0.7333333333333333,-0.3333333333333333,-0.13682539682539685,9.0,1.217239199335095,25.233333333333334,63.2,7.0,0.0,0.13333333333333333,0.0,0.13333333333333333,0.4265079365079366,1.0,13.87639502601931,0.0,0.0,0.0,2.0,0.06666666666666667,0.06666666666666667,0.0,0.0,13.0,2.0969820992924673,11.96923076923077,35.9,10.0,0.0,0.2,0.0,0.4,0.4886153846153846,3.0,4.006631198346443,7.0,17.2,2.0,0.0,0.06666666666666667,0.0,0.06666666666666667,0.39333333333333337,1.0,11.978812190322206,0.0,0.0,0.0,2.0,0.06666666666666667,0.06666666666666667,0.0,0.0,12.0,1.706755757736735,12.8125,37.65,8.0,0.0,0.2,0.0,0.2,0.4452777777777778,4.0,3.9116716121443393,8.1875,22.35,2.0,0.0,0.06666666666666667,0.0,0.06666666666666667,0.38250000000000006,2.0,0.0,20.0,0.41500000000000004,9.0,0.0,2.0,0.0,14.0,0.4642857142857143,9.0,0.0,2.0,1.8,16.0,20.340625,5.0,11.45,2.0,0.425,16.0,19.365625,5.0,15.059999999999999
rush_hour_seed1,rush_hour,1,216.25,231.25,124.0,5.850623426795652,7.656048387096774,40.0,5.75,2.0,13.685564404231616,0.0,0.0,0.0,2.0,0.13333333333333333,0.06666666666666667,0.0,0.0,18.0,4.89542630827998,0.0,0.0,0.0,2.0,0.13333333333333333,0.6,-0.6666666666666666,-0.28346666666666664,11.0,1.1424862490977794,29.972727272727273,71.55,9.0,0.0,0.13333333333333333,0.0,0.13333333333333333,0.44040404040404035,2.0,12.2552498841094,0.0,0.0,0.0,2.0,0.13333333333333333,0.13333333333333333,0.0,0.0,14.0,6.303912776765558,0.0,0.0,0.0,2.0,0.26666666666666666,0.7333333333333333,-0.3333333333333333,-0.10523809523809523,9.0,1.308358327163611,26.016666666666666,64.2,8.0,0.0,0.06666666666666667,0.0,0.13333333333333333,0.5911111111111111,1.0,13.831872576698661,0.0,0.0,0.0,2.0,0.06666666666666667,0.06666666666666667,0.0,0.0,13.0,2.3089399757795914,12.738461538461538,36.9,10.0,0.0,0.2,0.0,0.3333333333333333,0.5072307692307692,4.0,4.446461608675216,5.75,18.2,2.0,0.0,0.13333333333333333,0.0,0.06666666666666667,0.27666666666666667,2.0,12.911548711330985,0.0,0.0,0.0,2.0,0.13333333333333333,0.06666666666666667,0.0,0.0,13.0,1.4495334143610772,12.473076923076924,38.65,9.0,0.0,0.26666666666666666,0.0,0.26666666666666666,0.38561253561253567,4.0,3.6628327260643236,8.6875,23.35,2.0,0.0,0.06666666666666667,0.0,0.06666666666666667,0.39361111111111113,2.0,0.0,20.0,0.5575,9.0,0.0,2.0,0.5,15.0,0.5666666666666667,8.0,0.0,2.0,2.3,17.0,19.908823529411762,5.0,12.05,2.0,0.925,16.0,20.115625,5.0,15.86
rush_hour_seed1,rush_hour,1,217.25,232.25,124.0,5.910361103032471,7.978629032258064,40.0,4.75,1.0,16.626120959606023,0.0,0.0,0.0,2.0,0.06666666666666667,0.13333333333333333,0.0,0.0,18.0,5.350643751684163,0.0,0.0,0.0,2.0,0.13333333333333333,0.6,-0.6,-0.24813333333333334,11.0,1.0841600788112182,30.79090909090909,72.55,9.0,0.0,0.13333333333333333,0.0,0.13333333333333333,0.4430976430976429,2.0,12.256594570181953,0.0,0.0,0.0,2.0,0.13333333333333333,0.13333333333333333,0.0,0.0,14.0,6.719382347408049,0.0,0.0,0.0,2.0,0.26666666666666666,0.6666666666666666,-0.2,-0.04283333333333333,9.0,1.3018679918709648,26.905555555555555,65.2,8.0,0.0,0.06666666666666667,0.0,0.13333333333333333,0.6003703703703704,1.0,13.833664506938076,0.0,0.0,0.0,2.0,0.06666666666666667,0.06666666666666667,0.0,0.0,14.0,2.4325540463990154,12.542857142857143,37.9,10.0,0.0,0.26666666666666666,0.0,0.3333333333333333,0.46085714285714285,4.0,4.609013961434045,6.25,19.2,2.0,0.0,0.13333333333333333,0.0,0.06666666666666667,0.27666666666666667,2.0,12.936482745520188,0.0,0.0,0.0,2.0,0.13333333333333333,0.06666666666666667,0.0,0.0,13.0,1.4735883614207999,13.165384615384616,39.65,9.0,0.0,0.26666666666666666,0.0,0.26666666666666666,0.39472934472934473,4.0,3.5126843158686336,9.1875,24.35,2.0,0.0,0.06666666666666667,0.0,0.06666666666666667,0.4047222222222222,2.0,0.0,21.0,0.6738095238095239,9.0,0.0,3.0,0.6666666666666666,15.0,0.7533333333333333,7.0,0.0,2.0,2.8,17.0,20.673529411764704,5.0,12.790000000000001,2.0,1.425,16.0,20.865624999999998,5.0,16.66
rush_hour_seed1,rush_hour,1,218.25,233.25,124.0,6.084712060090464,8.30483870967742,41.0,3.75,2.0,14.310776697011665,0.0,0.0,0.0,2.0,0.13333333333333333,0.13333333333333333,0.0,0.0,17.0,5.596823690195268,0.0,0.0,0.0,2.0,0.06666666666666667,0.6,-0.5333333333333333,-0.2176,11.0,1.0824853415767544,31.60909090909091,73.55,9.0,0.0,0.13333333333333333,0.0,0.13333333333333333,0.4457912457912457,2.0,12.238537294755844,0.0,0.0,0.0,2.0,0.13333333333333333,0.13333333333333333,0.0,0.0,13.0,6.913302031777527,0.0,0.0,0.0,2.0,0.2,0.7333333333333333,-0.2,-0.022698412698412697,9.0,1.3000625328600481,27.794444444444444,66.2,8.0,0.0,0.06666666666666667,0.0,0.13333333333333333,0.6096296296296297,1.0,13.844741680620936,0.0,0.0,0.0,2.0,0.06666666666666667,0.13333333333333333,0.0,0.0,14.0,2.425165200825503,13.257142857142856,38.9,10.0,0.0,0.2,0.0,0.26666666666666666,0.5068398268398268,4.0,4.3621441257787374,6.75,20.2,2.0,0.0,0.13333333333333333,0.0,0.06666666666666667,0.27666666666666667,2.0,12.918566072326502,0.0,0.0,0.0,2.0,0.13333333333333333,0.06666666666666667,0.0,0.0,13.0,1.5955516091656088,13.892307692307693,40.65,10.0,0.0,0.26666666666666666,0.0,0.26666666666666666,0.39948717948717954,4.0,3.4272510447488784,9.6875,25.35,2.0,0.0,0.06666666666666667,0.0,0.06666666666666667,0.4158333333333334,2.0,0.0,21.0,0.8428571428571429,8.0,0.0,3.0,1.0,15.0,1.0166666666666666,7.0,0.0,3.0,2.1999999999999997,18.0,20.291666666666668,5.0,13.59,2.0,1.925,16.0,21.646874999999998,6.0,14.549999999999999
rush_hour_seed1,rush_hour,1,219.25,234.25,124.0,5.990911795488671,8.635483870967741,41.0,2.75,2.0,14.287778849113035,0.0,0.0,0.0,2.0,0.13333333333333333,0.13333333333333333,0.0,0.0,16.0,5.817011545568977,0.0,0.0,0.0,2.0,0.06666666666666667,0.6666666666666666,-0.4,-0.14466666666666667,11.0,1.1323844773158187,32.42727272727273,74.55,9.0,0.0,0.13333333333333333,0.0,0.13333333333333333,0.44848484848484843,2.0,11.86390966202946,0.0,0.0,0.0,2.0,0.13333333333333333,0.06666666666666667,0.0,0.0,13.0,7.177456993984547,0.0,0.0,0.0,2.0,0.26666666666666666,0.7333333333333333,-0.06666666666666667,-0.006333333333333333,10.0,1.3448961193618285,25.814999999999998,67.2,8.0,0.0,0.13333333333333333,0.0,0.13333333333333333,0.4276666666666666,1.0,13.86859157084604,0.0,0.0,0.0,2.0,0.06666666666666667,0.13333333333333333,0.0,0.0,14.0,2.060979688625358,13.971428571428572,39.9,10.0,0.0,0.2,0.0,0.2,0.5126406926406927,4.0,4.214994327812095,7.25,21.2,2.0,0.0,0.13333333333333333,0.0,0.06666666666666667,0.27666666666666667,2.0,11.873977999522875,0.0,0.0,0.0,2.0,0.13333333333333333,0.06666666666666667,0.0,0.0,13.0,1.6893989952692712,14.661538461538461,41.65,10.0,0.0,0.2,0.0,0.26666666666666666,0.46343589743589747,4.0,3.3909415288229847,10.1875,26.35,2.0,0.0,0.06666666666666667,0.0,0.06666666666666667,0.42694444444444446,2.0,0.05,22.0,0.9863636363636363,8.0,0.0,3.0,1.3333333333333333,15.0,1.2899999999999998,6.0,0.0,3.0,2.533333333333333,18.0,21.069444444444443,5.0,14.39,2.0,2.425,16.0,22.459374999999998,6.0,15.216666666666667
rush_hour_seed1,rush_hour,1,220.25,235.25,125.0,6.037081451108054,8.9052,43.0,1.75,2.0,14.26601349745835,0.0,0.0,0.0,2.0,0.13333333333333333,0.13333333333333333,0.0,0.0,16.0,6.008021906360964,0.0,0.0,0.0,2.0,0.13333333333333333,0.6666666666666666,-0.4,-0.12708333333333333,11.0,1.2261537268371592,33.24545454545454,75.55,9.0,0.0,0.13333333333333333,0.0,0.13333333333333333,0.45117845117845096,1.0,11.977448286556173,0.0,0.0,0.0,2.0,0.06666666666666667,0.06666666666666667,0.0,0.0,14.0,7.634178053571417,0.0,0.0,0.0,2.0,0.3333333333333333,0.6666666666666666,0.0,0.0,10.0,1.427163376636123,26.615,68.2,8.0,0.0,0.13333333333333333,0.0,0.13333333333333333,0.431,1.0,13.850203182217665,0.0,0.0,0.0,2.0,0.06666666666666667,0.13333333333333333,0.0,0.0,14.0,1.7370153723252482,14.742857142857144,40.9,11.0,0.0,0.2,0.0,0.26666666666666666,0.5216450216450217,4.0,4.2652613523389356,7.75,22.2,2.0,0.0,0.06666666666666667,0.0,0.06666666666666667,0.35666666666666663,1.0,13.87019656986231,0.0,0.0,0.0,2.0,0.06666666666666667,0.13333333333333333,0.0,0.0,13.0,1.7971590387098941,15.430769230769231,42.65,10.0,0.0,0.2,0.0,0.26666666666666666,0.4747179487179488,4.0,3.3681718858724787,10.825000000000001,27.35,3.0,0.0,0.06666666666666667,0.0,0.06666666666666667,0.4383333333333334,3.0,0.3666666666666667,22.0,1.2068181818181818,7.0,0.0,3.0,1.6666666666666667,15.0,1.6233333333333333,5.0,0.0,3.0,2.8666666666666667,18.0,21.84722222222222,5.0,15.190000000000001,2.0,2.925,17.0,21.902941176470588,6.0,15.883333333333333
rush_hour_seed1,rush_hour,1,221.25,236.25,124.0,5.940873995776553,9.323790322580646,43.0,0.75,1.0,11.978546114747878,0.0,0.0,0.0,2.0,0.06666666666666667,0.06666666666666667,0.0,0.0,16.0,6.349751290595747,0.0,0.0,0.0,2.0,0.06666666666666667,0.6666666666666666,-0.3333333333333333,-0.0984,11.0,1.2770748536367125,34.06363636363636,76.55,9.0,0.0,0.06666666666666667,0.0,0.06666666666666667,0.6312424242424243,1.0,11.989435125393793,0.0,0.0,0.0,2.0,0.06666666666666667,0.13333333333333333,0.0,0.0,13.0,7.717565895949379,0.0,0.0,0.0,2.0,0.3333333333333333,0.7333333333333333,0.0,0.0,10.0,1.3740580256294492,27.415,69.2,8.0,0.0,0.13333333333333333,0.0,0.13333333333333333,0.43433333333333335,1.0,13.843485071862816,0.0,0.0,0.0,2.0,0.06666666666666667,0.13333333333333333,0.0,0.0,14.0,1.4921864194395387,15.528571428571428,41.9,11.0,0.0,0.2,0.0,0.26666666666666666,0.5316017316017316,4.0,4.3635011981706375,8.25,23.2,2.0,0.0,0.06666666666666667,0.0,0.06666666666666667,0.3677777777777778,1.0,13.873648412837648,0.0,0.0,0.0,2.0,0.06666666666666667,0.13333333333333333,0.0,0.0,14.0,1.954983287881208,15.042857142857143,43.65,10.0,0.0,0.26666666666666666,0.0,0.26666666666666666,0.40885714285714286,4.0,2.8035094571932397,11.575,28.35,3.0,0.0,0.06666666666666667,0.0,0.06666666666666667,0.44388888888888883,3.0,0.7000000000000001,23.0,1.4000000000000001,6.0,0.0,3.0,2.0,16.0,1.85625,5.0,0.0,3.0,3.1999999999999997,18.0,22.625,5.0,15.99,2.0,3.425,17.0,22.667647058823526,6.0,16.55
rush_hour_seed1,rush_hour,1,222.25,237.25,126.0,5.946535579009424,9.5265873015873,45.0,2.75,1.0,11.987570606572554,0.0,0.0,0.0,1.0,0.06666666666666667,0.06666666666666667,0.0,0.0,15.0,6.351375318783682,0.0,0.0,0.0,1.0,0.06666666666666667,0.6666666666666666,-0.2,-0.04986111111111111,11.0,1.2649000950837674,34.904545454545456,77.55,10.0,0.0,0.06666666666666667,0.0,0.13333333333333333,0.6339696969696971,1.0,11.979233145718462,0.0,0.0,0.0,1.0,0.06666666666666667,0.13333333333333333,0.0,0.0,12.0,7.7635993946972635,0.0,0.0,0.0,1.0,0.26666666666666666,0.7333333333333333,0.0,0.0,10.0,1.33494311063443,28.214999999999996,70.2,8.0,0.0,0.13333333333333333,0.0,0.13333333333333333,0.43766666666666654,1.0,13.860387503381354,0.0,0.0,0.0,1.0,0.06666666666666667,0.13333333333333333,0.0,0.0,15.0,1.4999918923982989,15.226666666666667,42.9,11.0,0.0,0.26666666666666666,0.0,0.26666666666666666,0.4690505050505051,4.0,4.212676578440816,8.75,24.2,2.0,0.0,0.06666666666666667,0.0,0.06666666666666667,0.3788888888888889,1.0,13.87481505587115,0.0,0.0,0.0,1.0,0.06666666666666667,0.13333333333333333,0.0,0.0,14.0,2.0913779277825975,15.825,44.65,11.0,0.0,0.2,0.0,0.3333333333333333,0.47863636363636364,5.0,2.478677818958937,9.86,29.35,3.0,0.0,0.13333333333333333,0.0,0.06666666666666667,0.2851111111111111,3.0,1.0333333333333334,23.0,1.6630434782608696,6.0,0.0,3.0,2.3333333333333335,17.0,2.1,5.0,0.0,3.0,3.533333333333333,18.0,23.430555555555557,6.0,13.991666666666667,3.0,2.6166666666666667,17.0,23.455882352941178,6.0,17.216666666666665
rush_hour_seed1,rush_hour,1,223.25,238.25,128.0,5.8436947177070735,9.729296875,45.0,1.75,1.0,11.974597935648635,0.0,0.0,0.0,1.0,0.06666666666666667,0.06666666666666667,0.0,0.0,15.0,5.766749318882941,0.0,0.0,0.0,1.0,0.06666666666666667,0.6,-0.2,-0.033768115942028984,12.0,1.0288706119207343,32.829166666666666,78.55,10.0,0.0,0.13333333333333333,0.0,0.13333333333333333,0.4422777777777777,2.0,12.222992919050856,0.0,0.0,0.0,1.0,0.13333333333333333,0.13333333333333333,0.0,0.0,12.0,6.8677705618829314,0.0,0.0,0.0,1.0,0.26666666666666666,0.6666666666666666,0.0,0.0,10.0,1.3381771661339263,29.014999999999997,71.2,8.0,0.0,0.13333333333333333,0.0,0.13333333333333333,0.4409999999999999,2.0,12.926053737727344,0.0,0.0,0.0,1.0,0.13333333333333333,0.06666666666666667,0.0,0.0,15.0,1.5053596433787308,15.96,43.9,11.0,0.0,0.26666666666666666,0.0,0.2,0.474909090909091,4.0,4.124957225765712,9.25,25.2,2.0,0.0,0.06666666666666667,0.0,0.06666666666666667,0.38999999999999996,1.0,13.829806718346664,0.0,0.0,0.0,1.0,0.06666666666666667,0.13333333333333333,0.0,0.0,14.0,2.092693641172652,16.610714285714284,45.65,11.0,0.0,0.2,0.0,0.3333333333333333,0.4946536796536796,5.0,2.262665153387334,10.459999999999999,30.35,3.0,0.0,0.13333333333333333,0.0,0.06666666666666667,0.2806666666666666,3.0,1.3666666666666665,24.0,1.8854166666666667,5.0,0.0,3.0,2.6666666666666665,17.0,2.4529411764705884,5.0,0.0,3.0,3.8666666666666667,19.0,22.986842105263158,6.0,14.658333333333333,3.0,2.9499999999999997,17.0,24.279411764705884,6.0,17.883333333333333
rush_hour_seed1,rush_hour,1,224.25,239.25,128.0,5.675005393126993,10.088671875,48.0,0.75,1.0,11.999439491762313,0.0,0.0,0.0,1.0,0.06666666666666667,0.06666666666666667,0.0,0.0,16.0,5.258588918767595,0.01875,0.3,1.0,1.0,0.13333333333333333,0.6,-0.06666666666666667,-0.003677536231884058,12.0,0.9511673262875782,33.6625,79.55,10.0,0.0,0.13333333333333333,0.0,0.13333333333333333,0.4445000000000003,2.0,13.175222427977584,0.0,0.0,0.0,1.0,0.13333333333333333,0.13333333333333333,0.0,0.0,12.0,6.067102941153844,0.0375,0.45,1.0,1.0,0.26666666666666666,0.6,0.06666666666666667,0.0025,10.0,1.3862602159853095,29.814999999999998,72.2,8.0,0.0,0.13333333333333333,0.0,0.13333333333333333,0.4443333333333333,2.0,11.471566867064102,0.0,0.0,0.0,1.0,0.13333333333333333,0.06666666666666667,0.0,0.0,16.0,1.5771687928139024,15.65,44.9,11.0,0.0,0.3333333333333333,0.0,0.2,0.4057575757575757,4.0,4.081407238530371,9.8125,26.2,3.0,0.0,0.06666666666666667,0.0,0.13333333333333333,0.40527777777777785,1.0,13.873094875357348,0.0,0.0,0.0,1.0,0.06666666666666667,0.06666666666666667,0.0,0.0,14.0,1.9680892735870152,17.39642857142857,46.65,11.0,0.0,0.2,0.0,0.3333333333333333,0.5106709956709955,5.0,2.164016319237841,11.059999999999999,31.35,3.0,0.0,0.13333333333333333,0.0,0.06666666666666667,0.2762222222222221,3.0,1.7,24.0,2.1979166666666665,5.0,0.0,3.0,3.1,17.0,2.8588235294117648,5.0,0.1,3.0,4.2,19.0,23.776315789473685,6.0,15.325000000000001,3.0,3.283333333333333,17.0,25.102941176470587,6.0,18.55
rush_hour_seed1,rush_hour,1,225.25,240.25,127.0,5.4381704590979325,9.339370078740156,47.0,11.75,1.0,11.97963250454748,0.0,0.0,0.0,0.0,0.06666666666666667,0.13333333333333333,0.0,0.0,17.0,4.972051443934109,0.07647058823529412,1.3,1.0,0.0,0.2,0.5333333333333333,0.0,0.0017647058823529415,12.0,0.9622970688745714,27.78333333333333,73.25,9.0,2.0,0.13333333333333333,0.0,0.06666666666666667,-0.000777777777777781,2.0,13.168770040966905,0.0,0.0,0.0,0.0,0.13333333333333333,0.06666666666666667,0.0,0.0,13.0,5.6517154953848445,0.11153846153846153,1.45,1.0,0.0,0.26666666666666666,0.6,0.06666666666666667,0.007435897435897436,10.0,1.5447239804444395,23.294999999999998,59.05,7.0,2.0,0.06666666666666667,0.0,0.0,0.13003703703703687,2.0,9.216706286020449,0.0,0.0,0.0,0.0,0.13333333333333333,0.06666666666666667,0.0,0.0,16.0,1.6887731396811438,16.36875,45.9,12.0,0.0,0.26666666666666666,0.0,0.26666666666666666,0.462361111111111,4.0,3.486545917297887,10.5625,27.2,3.0,0.0,0.06666666666666667,0.0,0.13333333333333333,0.4330555555555556,1.0,13.857182979374194,0.0,0.0,0.0,0.0,0.06666666666666667,0.06666666666666667,0.0,0.0,14.0,1.7516008808653611,18.182142857142857,47.65,11.0,0.0,0.2,0.0,0.26666666666666666,0.5218398268398269,5.0,2.1918928969760687,11.66,32.35,3.0,0.0,0.06666666666666667,0.0,0.06666666666666667,0.39816666666666667,3.0,0.0,25.0,2.4459999999999997,6.0,0.08333333333333333,4.0,0.325,17.0,3.2941176470588234,5.0,0.3,3.0,0.0,20.0,17.494999999999997,6.0,15.991666666666667,3.0,0.0,18.0,21.005555555555556,6.0,19.216666666666665
rush_hour_seed1,rush_hour,1,226.25,241.25,126.0,5.266529336542641,7.04047619047619,41.0,10.75,1.0,11.989829052211716,0.0,0.0,0.0,0.0,0.06666666666666667,0.13333333333333333,0.0,0.0,17.0,4.668884221835118,0.13529411764705881,2.3,1.0,0.0,0.2,0.4666666666666667,0.06666666666666667,0.009019607843137255,11.0,1.2065483176187402,13.586363636363636,45.75,6.0,2.0,0.13333333333333333,0.06666666666666667,-0.13333333333333333,-1.0005757575757575,2.0,13.193843585676847,0.0,0.0,0.0,0.0,0.13333333333333333,0.06666666666666667,0.0,0.0,13.0,5.2820523786543925,0.18846153846153849,2.45,1.0,0.0,0.26666666666666666,0.5333333333333333,0.06666666666666667,0.012564102564102566,9.0,1.8626627897663157,9.655555555555557,34.6,4.0,2.0,0.06666666666666667,0.06666666666666667,-0.2,-0.8311111111111109,2.0,6.966970208000133,0.0,0.0,0.0,0.0,0.13333333333333333,0.06666666666666667,0.0,0.0,16.0,1.6928424123808525,17.11875,46.9,12.0,0.0,0.2,0.0,0.26666666666666666,0.5197115384615383,5.0,2.65014808999992,9.05,28.2,3.0,0.0,0.13333333333333333,0.0,0.13333333333333333,0.3100000000000001,2.0,13.541027533346377,0.0,0.0,0.0,0.0,0.13333333333333333,0.06666666666666667,0.0,0.0,14.0,1.529311192355335,18.967857142857145,48.65,11.0,0.0,0.2,0.0,0.2,0.5266450216450218,5.0,2.344325801813653,12.26,33.35,3.0,0.0,0.06666666666666667,0.0,0.06666666666666667,0.4048333333333333,2.0,0.0,25.0,2.806,6.0,0.25,3.0,0.0,17.0,3.7823529411764705,5.0,0.5,2.0,0.0,19.0,14.371052631578948,6.0,16.658333333333335,2.0,0.0,17.0,14.008823529411766,6.0,19.883333333333333
rush_hour_seed1,rush_hour,1,227.25,242.25,126.0,5.174565357307331,6.227777777777777,39.0,9.75,2.0,11.983971064147772,0.0,0.0,0.0,0.0,0.13333333333333333,0.13333333333333333,0.0,0.0,18.0,4.380044910342239,0.18333333333333332,3.3,1.0,0.0,0.26666666666666666,0.4666666666666667,0.06666666666666667,0.012222222222222221,11.0,1.7659108885579249,6.622727272727272,31.2,4.0,2.0,0.13333333333333333,0.06666666666666667,-0.26666666666666666,-1.5181515151515153,2.0,13.17816215488185,0.0,0.0,0.0,0.0,0.13333333333333333,0.06666666666666667,0.0,0.0,13.0,4.941785013145303,0.2653846153846154,3.45,1.0,0.0,0.26666666666666666,0.4666666666666667,0.06666666666666667,0.01769230769230769,9.0,2.3296098472406035,3.216666666666667,17.9,2.0,2.0,0.06666666666666667,0.06666666666666667,-0.3333333333333333,-1.312222222222222,2.0,5.995758289201185,0.3,0.6,1.0,0.0,0.13333333333333333,0.06666666666666667,0.06666666666666667,0.02,16.0,1.62725350503019,17.903125,47.9,13.0,0.0,0.2,0.0,0.3333333333333333,0.5309775641025641,5.0,2.3138884848888166,9.65,29.2,3.0,0.0,0.13333333333333333,0.0,0.06666666666666667,0.31,2.0,11.535363454704445,0.0,0.0,0.0,0.0,0.13333333333333333,0.06666666666666667,0.0,0.0,14.0,1.282474234052986,19.75357142857143,49.65,11.0,0.0,0.2,0.0,0.2,0.5305411255411256,5.0,2.4538837646362595,12.86,34.35,3.0,0.0,0.06666666666666667,0.0,0.06666666666666667,0.4115,2.0,0.0,26.0,3.0788461538461536,6.0,0.4166666666666667,3.0,0.0,18.0,4.072222222222222,5.0,0.7,2.0,0.0,19.0,10.697368421052632,6.0,17.333333333333332,2.0,0.0,17.0,9.626470588235295,6.0,20.650000000000002
rush_hour_seed1,rush_hour,1,228.25,243.25,129.0,5.053734748312919,5.72015503875969,35.0,8.75,2.0,11.982606262306216,0.0,0.0,0.0,0.0,0.13333333333333333,0.13333333333333333,0.0,0.0,19.0,4.097185402403556,0.2263157894736842,4.3,1.0,0.0,0.3333333333333333,0.4,0.06666666666666667,0.015087719298245613,10.0,2.274655876945081,2.2,15.75,2.0,2.0,0.13333333333333333,0.13333333333333333,-0.4666666666666667,-1.8713333333333333,2.0,11.280753903113347,0.0,0.0,0.0,0.0,0.13333333333333333,0.06666666666666667,0.0,0.0,14.0,4.516787949266066,0.3178571428571429,4.45,1.0,0.0,0.26666666666666666,0.4666666666666667,0.06666666666666667,0.021190476190476194,10.0,2.745464915272575,0.0,0.0,0.0,2.0,0.13333333333333333,0.06666666666666667,-0.4666666666666667,-1.5785185185185184,2.0,5.992264260600787,0.8,1.6,1.0,0.0,0.06666666666666667,0.06666666666666667,0.06666666666666667,0.05333333333333334,16.0,1.6062107937832668,18.715625,48.9,13.0,0.0,0.2,0.0,0.3333333333333333,0.5441185897435897,5.0,2.185571820071544,10.25,30.2,3.0,0.0,0.13333333333333333,0.0,0.06666666666666667,0.3055555555555555,2.0,9.275630578678493,0.0,0.0,0.0,0.0,0.13333333333333333,0.06666666666666667,0.0,0.0,15.0,1.1311717704009847,19.17,50.65,11.0,0.0,0.26666666666666666,0.0,0.2,0.44315151515151524,5.0,2.419469645059458,13.459999999999999,35.35,3.0,0.0,0.06666666666666667,0.0,0.06666666666666667,0.41816666666666663,3.0,0.0,26.0,3.494230769230769,6.0,0.5833333333333334,3.0,0.0,18.0,4.6194444444444445,5.0,0.9,2.0,0.0,18.0,7.680555555555555,6.0,18.166666666666668,2.0,0.0,17.0,6.176470588235294,6.0,21.483333333333334
rush_hour_seed1,rush_hour,1,229.25,244.25,128.0,5.047185976826739,5.86640625,35.0,7.75,2.0,11.984446857621661,0.0,0.0,0.0,0.0,0.13333333333333333,0.13333333333333333,0.0,0.0,19.0,3.861822238897897,0.33157894736842103,5.3,2.0,0.0,0.3333333333333333,0.3333333333333333,0.13333333333333333,0.022105263157894735,10.0,3.2830791566172524,0.0,0.0,0.0,2.0,0.13333333333333333,0.13333333333333333,-0.6,-2.078,2.0,9.276926608306162,0.0,0.0,0.0,0.0,0.13333333333333333,0.06666666666666667,0.0,0.0,14.0,4.159733652259577,0.3892857142857143,5.45,1.0,0.0,0.26666666666666666,0.4,0.06666666666666667,0.025952380952380952,9.0,3.1844234625555234,0.0,0.0,0.0,2.0,0.13333333333333333,0.13333333333333333,-0.4666666666666667,-1.6303703703703705,2.0,5.9957738103379965,1.3,2.6,1.0,0.0,0.06666666666666667,0.06666666666666667,0.06666666666666667,0.08666666666666667,16.0,1.625364052806346,19.528125,49.9,13.0,0.0,0.2,0.0,0.26666666666666666,0.5536698717948717,5.0,2.2237359748192858,10.85,31.2,3.0,0.0,0.13333333333333333,0.0,0.06666666666666667,0.3011111111111111,2.0,7.044465403350011,0.0,0.0,0.0,0.0,0.13333333333333333,0.06666666666666667,0.0,0.0,15.0,1.140431221050509,19.903333333333332,51.65,11.0,0.0,0.2,0.0,0.2,0.5171666666666666,5.0,2.405488273304291,14.26,36.35,4.0,0.0,0.06666666666666667,0.0,0.13333333333333333,0.43816666666666665,2.0,0.0,26.0,3.917307692307692,6.0,0.75,2.0,0.0,18.0,5.175000000000001,5.0,1.1,2.0,0.0,19.0,4.518421052631579,6.0,19.0,1.0,0.0,17.0,3.3529411764705883,7.0,19.12857142857143
rush_hour_seed1,rush_hour,1,230.25,245.25,127.0,4.920866380009439,6.1976377952755906,38.0,6.75,2.0,11.97636705124285,0.0,0.0,0.0,0.0,0.13333333333333333,0.13333333333333333,0.0,0.0,20.0,3.6056966184464265,0.41500000000000004,6.3,2.0,0.0,0.4,0.3333333333333333,0.13333333333333333,0.02766666666666667,9.0,3.919328765259288,0.0,0.0,0.0,2.0,0.06666666666666667,0.2,-0.6,-1.9436363636363636,2.0,7.280925718134456,0.0,0.0,0.0,0.0,0.06666666666666667,0.06666666666666667,0.0,0.0,14.0,3.825129228482037,0.4642857142857143,6.45,2.0,0.0,0.26666666666666666,0.3333333333333333,0.13333333333333333,0.030952380952380953,9.0,4.153525510420643,0.0,0.0,0.0,2.0,0.13333333333333333,0.13333333333333333,-0.4666666666666667,-1.6822222222222223,2.0,5.996143868362997,1.8,3.6,1.0,0.0,0.06666666666666667,0.0,0.06666666666666667,0.12000000000000001,16.0,1.4894465436568158,20.340625,50.9,13.0,0.0,0.2,0.0,0.2,0.5580929487179487,5.0,2.423212666725128,11.45,32.2,3.0,0.0,0.13333333333333333,0.0,0.06666666666666667,0.29666666666666663,2.0,6.608682410014615,0.425,0.85,1.0,0.0,0.13333333333333333,0.06666666666666667,0.06666666666666667,0.028333333333333332,16.0,1.2228885032439734,19.365625,52.65,12.0,0.0,0.26666666666666666,0.0,0.26666666666666666,0.43687500000000007,5.0,2.401904141031296,15.059999999999999,37.35,4.0,0.0,0.06666666666666667,0.0,0.13333333333333333,0.45816666666666656,2.0,0.0,26.0,4.367307692307692,6.0,1.075,2.0,0.0,18.0,5.769444444444444,5.0,1.44,2.0,0.0,18.0,2.530555555555556,6.0,19.833333333333332,1.0,0.0,16.0,1.440625,7.0,19.842857142857145
rush_hour_seed1,rush_hour,1,231.25,246.25,127.0,4.905070130163797,6.511417322834646,40.0,5.75,2.0,11.87498276340742,0.0,0.0,0.0,0.0,0.13333333333333333,0.13333333333333333,0.0,0.0,20.0,3.384000126059039,0.5575,7.3,3.0,0.0,0.4,0.26666666666666666,0.2,0.03716666666666667,9.0,4.752962711366489,0.0,0.0,0.0,2.0,0.06666666666666667,0.2,-0.6,-1.9981818181818183,2.0,7.1881137230327425,0.5,1.0,1.0,0.0,0.06666666666666667,0.06666666666666667,0.06666666666666667,0.03333333333333333,15.0,3.6821272519984936,0.5666666666666667,7.45,2.0,0.0,0.3333333333333333,0.26666666666666666,0.13333333333333333,0.03777777777777778,8.0,4.967579717749953,0.0,0.0,0.0,2.0,0.13333333333333333,0.2,-0.5333333333333333,-1.7344444444444445,2.0,5.993770662514725,2.3,4.6,1.0,0.0,0.06666666666666667,0.0,0.06666666666666667,0.15333333333333332,17.0,1.1980821079559794,19.908823529411762,51.9,13.0,0.0,0.26666666666666666,0.0,0.2,0.478024132730015,5.0,2.758368761089146,12.05,33.2,3.0,0.0,0.06666666666666667,0.0,0.06666666666666667,0.42000000000000004,2.0,6.601344060328727,0.925,1.85,1.0,0.0,0.06666666666666667,0.06666666666666667,0.06666666666666667,0.06166666666666667,16.0,1.2701505402869582,20.115625,53.65,12.0,0.0,0.2,0.0,0.2,0.5095032051282051,5.0,2.398206347304535,15.86,38.35,4.0,0.0,0.06666666666666667,0.0,0.13333333333333333,0.47816666666666663,2.0,0.0,26.0,4.853846153846154,6.0,1.4083333333333332,1.0,0.0,19.0,6.097368421052631,6.0,1.5333333333333332,2.0,0.0,18.0,1.7111111111111112,6.0,20.666666666666668,1.0,0.0,15.0,0.9033333333333334,7.0,20.557142857142857
rush_hour_seed1,rush_hour,1,232.25,247.25,129.0,4.977719169286574,6.732170542635659,42.0,4.75,2.0,9.87905780077535,0.0,0.0,0.0,0.0,0.13333333333333333,0.06666666666666667,0.0,0.0,21.0,3.1423700558114445,0.6738095238095239,8.3,3.0,0.0,0.4666666666666667,0.26666666666666666,0.2,0.04492063492063492,9.0,5.269882965524922,0.0,0.0,0.0,2.0,0.13333333333333333,0.26666666666666666,-0.6,-2.0527272727272727,3.0,7.615480822840652,0.6666666666666666,2.0,1.0,0.0,0.13333333333333333,0.06666666666666667,0.06666666666666667,0.04444444444444444,15.0,3.5143940376197196,0.7533333333333333,8.45,3.0,0.0,0.3333333333333333,0.26666666666666666,0.2,0.05022222222222222,7.0,5.880967043304523,0.0,0.0,0.0,2.0,0.13333333333333333,0.26666666666666666,-0.5333333333333333,-1.7937037037037036,2.0,5.9991230528766755,2.8,5.6,1.0,0.0,0.06666666666666667,0.0,0.06666666666666667,0.18666666666666665,17.0,1.0187015794093721,20.673529411764704,52.9,13.0,0.0,0.2,0.0,0.2,0.5420448179271707,5.0,3.130449250548662,12.790000000000001,34.2,4.0,0.0,0.06666666666666667,0.0,0.13333333333333333,0.43600000000000005,2.0,6.608727308497353,1.425,2.85,1.0,0.0,0.06666666666666667,0.06666666666666667,0.06666666666666667,0.095,16.0,1.355937101517475,20.865624999999998,54.65,12.0,0.0,0.2,0.0,0.2,0.5133493589743588,5.0,2.39745076619966,16.66,39.35,4.0,0.0,0.06666666666666667,0.0,0.13333333333333333,0.4981666666666667,1.0,0.0,26.0,5.388461538461538,6.0,1.8833333333333335,1.0,0.0,19.0,6.757894736842106,6.0,2.0083333333333333,2.0,0.0,18.0,0.538888888888889,7.0,18.428571428571427,2.0,0.0,15.0,0.15333333333333332,7.0,21.271428571428572
rush_hour_seed1,rush_hour,1,233.25,248.25,131.0,4.96647392112611,6.971374045801527,46.0,3.75,2.0,7.8692888701990205,0.0,0.0,0.0,0.0,0.06666666666666667,0.06666666666666667,0.0,0.0,21.0,2.9296553843651796,0.8428571428571429,9.3,4.0,0.0,0.4666666666666667,0.2,0.26666666666666666,0.05619047619047619,8.0,5.884283582186037,0.0,0.0,0.0,2.0,0.13333333333333333,0.3333333333333333,-0.6,-2.1072727272727274,3.0,7.434049524354893,1.0,3.0,1.0,0.0,0.13333333333333333,0.06666666666666667,0.06666666666666667,0.06666666666666667,15.0,3.231031996065839,1.0166666666666666,9.45,4.0,0.0,0.3333333333333333,0.2,0.26666666666666666,0.06777777777777777,7.0,6.940995677672185,0.0,0.0,0.0,2.0,0.13333333333333333,0.26666666666666666,-0.5333333333333333,-1.852962962962963,3.0,6.015277507652839,2.1999999999999997,6.6,1.0,0.0,0.13333333333333333,0.0,0.06666666666666667,0.14666666666666664,18.0,1.0064789261093638,20.291666666666668,53.9,14.0,0.0,0.26666666666666666,0.0,0.26666666666666666,0.4689682539682541,5.0,3.3012592614982808,13.59,35.2,4.0,0.0,0.06666666666666667,0.0,0.13333333333333333,0.456,2.0,6.5990079154128285,1.925,3.85,1.0,0.0,0.06666666666666667,0.06666666666666667,0.06666666666666667,0.12833333333333333,16.0,1.4614466057832354,21.646874999999998,55.65,13.0,0.0,0.2,0.0,0.2,0.5169711538461537,6.0,2.370846428584844,14.549999999999999,40.35,4.0,0.0,0.13333333333333333,0.0,0.13333333333333333,0.3241666666666666,1.0,0.0,27.0,5.73888888888889,6.0,2.3833333333333333,1.0,0.0,20.0,7.095000000000001,6.0,2.5083333333333333,2.0,0.0,17.0,0.23529411764705882,7.0,19.142857142857142,2.0,0.0,14.0,0.0,7.0,21.985714285714288
rush_hour_seed1,rush_hour,1,234.25,249.25,129.0,4.8531250047934344,7.437596899224807,48.0,2.75,2.0,5.998843309791597,0.05,0.1,1.0,0.0,0.06666666666666667,0.06666666666666667,0.06666666666666667,0.0033333333333333335,22.0,2.718990580847775,0.9863636363636363,10.3,4.0,0.0,0.5333333333333333,0.13333333333333333,0.26666666666666666,0.06575757575757575,8.0,6.910822087876518,0.0,0.0,0.0,2.0,0.13333333333333333,0.3333333333333333,-0.6,-2.161818181818182,3.0,6.853406835436765,1.3333333333333333,4.0,1.0,0.0,0.13333333333333333,0.06666666666666667,0.06666666666666667,0.08888888888888888,15.0,2.913624548461705,1.2899999999999998,10.45,5.0,0.0,0.26666666666666666,0.13333333333333333,0.3333333333333333,0.086,6.0,7.43402663906667,0.0,0.0,0.0,2.0,0.06666666666666667,0.3333333333333333,-0.5333333333333333,-1.7209999999999999,3.0,6.369160332178705,2.533333333333333,7.6,1.0,0.0,0.13333333333333333,0.0,0.06666666666666667,0.1688888888888889,18.0,1.0653479331872524,21.069444444444443,54.9,14.0,0.0,0.26666666666666666,0.0,0.26666666666666666,0.47320105820105807,5.0,3.2913851634810216,14.39,36.2,4.0,0.0,0.06666666666666667,0.0,0.13333333333333333,0.47600000000000003,2.0,6.609733019733856,2.425,4.85,1.0,0.0,0.06666666666666667,0.06666666666666667,0.06666666666666667,0.16166666666666665,16.0,1.612777748813185,22.459374999999998,56.65,13.0,0.0,0.2,0.0,0.2,0.5198557692307691,6.0,2.2608293587319834,15.216666666666667,41.35,4.0,0.0,0.13333333333333333,0.0,0.13333333333333333,0.3352777777777778,1.0,0.0,28.0,6.069642857142858,7.0,2.6142857142857143,2.0,0.0,20.0,7.797499999999999,6.0,3.1166666666666667,1.0,0.0,17.0,0.0,7.0,19.857142857142858,1.0,0.0,13.0,0.0,7.0,22.7
rush_hour_seed1,rush_hour,1,235.25,250.25,129.0,4.744443796599826,7.816279069767441,49.0,1.75,3.0,6.408360767158448,0.3666666666666667,1.1,1.0,0.0,0.13333333333333333,0.06666666666666667,0.06666666666666667,0.024444444444444446,22.0,2.5235640386284732,1.2068181818181818,11.3,5.0,0.0,0.4666666666666667,0.06666666666666667,0.3333333333333333,0.08045454545454546,7.0,7.5542233540765285,0.0,0.0,0.0,2.0,0.13333333333333333,0.4,-0.6,-2.2163636363636363,3.0,6.465422217212601,1.6666666666666667,5.0,1.0,0.0,0.13333333333333333,0.0,0.06666666666666667,0.11111111111111112,15.0,2.6230940674105656,1.6233333333333333,11.45,5.0,0.0,0.2,0.13333333333333333,0.3333333333333333,0.10822222222222222,5.0,7.899706350111595,0.0,0.0,0.0,2.0,0.06666666666666667,0.4,-0.5333333333333333,-1.7743333333333333,3.0,6.0596063137093985,2.8666666666666667,8.6,1.0,0.0,0.13333333333333333,0.0,0.06666666666666667,0.19111111111111112,18.0,1.1965582858980395,21.84722222222222,55.9,14.0,0.0,0.26666666666666666,0.0,0.2,0.4736243386243385,5.0,3.2841683566388107,15.190000000000001,37.2,4.0,0.0,0.06666666666666667,0.0,0.13333333333333333,0.4960000000000001,2.0,6.594979890608399,2.925,5.85,1.0,0.0,0.06666666666666667,0.0,0.06666666666666667,0.19499999999999998,17.0,1.594453370050638,21.902941176470588,57.65,13.0,0.0,0.26666666666666666,0.0,0.2,0.43147812971342375,6.0,2.1897667526430307,15.883333333333333,42.35,4.0,0.0,0.13333333333333333,0.0,0.06666666666666667,0.33722222222222215,1.0,0.0,28.0,6.635714285714286,7.0,3.185714285714286,2.0,0.0,20.0,8.5475,6.0,3.783333333333333,1.0,0.0,16.0,0.0,7.0,20.571428571428573,1.0,0.0,14.0,0.0,7.0,23.414285714285715
rush_hour_seed1,rush_hour,1,236.25,251.25,129.0,4.55904275252087,8.203875968992248,51.0,0.75,3.0,7.096270428629826,0.7000000000000001,2.1,1.0,0.0,0.13333333333333333,0.0,0.06666666666666667,0.04666666666666667,23.0,2.373299219996479,1.4000000000000001,12.3,6.0,0.0,0.5333333333333333,0.06666666666666667,0.4,0.09333333333333334,6.0,7.970238885928917,0.0,0.0,0.0,2.0,0.13333333333333333,0.4666666666666667,-0.6,-2.270909090909091,3.0,6.0656644707317655,2.0,6.0,1.0,0.0,0.13333333333333333,0.0,0.06666666666666667,0.13333333333333333,16.0,2.1524284609644972,1.85625,12.45,6.0,0.0,0.26666666666666666,0.06666666666666667,0.4,0.12375,5.0,8.492320346039026,0.0,0.0,0.0,2.0,0.06666666666666667,0.4,-0.5333333333333333,-1.8276666666666666,3.0,5.8275004258145175,3.1999999999999997,9.6,1.0,0.0,0.13333333333333333,0.0,0.06666666666666667,0.21333333333333332,18.0,1.3431212269470987,22.625,56.9,14.0,0.0,0.26666666666666666,0.0,0.2,0.4730952380952381,5.0,2.521150185512508,15.99,38.2,4.0,0.0,0.06666666666666667,0.0,0.13333333333333333,0.516,2.0,6.353208237085187,3.425,6.85,1.0,0.0,0.06666666666666667,0.0,0.06666666666666667,0.22833333333333333,17.0,1.5536367147221501,22.667647058823526,58.65,13.0,0.0,0.2,0.0,0.2,0.5083193277310922,6.0,2.1949492461717073,16.55,43.35,4.0,0.0,0.13333333333333333,0.0,0.06666666666666667,0.3316666666666668,2.0,0.0,28.0,7.223214285714286,7.0,3.8214285714285716,2.0,0.0,20.0,9.2975,6.0,4.45,1.0,0.0,15.0,0.0,7.0,21.285714285714285,1.0,0.0,13.0,0.0,7.0,24.214285714285715
rush_hour_seed1,rush_hour,1,237.25,252.25,131.0,4.414710485554366,8.475190839694656,54.0,2.75,3.0,7.635294063191009,1.0333333333333334,3.1,1.0,0.0,0.13333333333333333,0.0,0.06666666666666667,0.0688888888888889,23.0,2.2037379449592014,1.6630434782608696,13.3,7.0,0.0,0.5333333333333333,0.0,0.4666666666666667,0.1108695652173913,6.0,8.632178160572773,0.0,0.0,0.0,1.0,0.13333333333333333,0.4666666666666667,-0.6666666666666666,-2.326969696969697,3.0,5.609619211876024,2.3333333333333335,7.0,1.0,0.0,0.13333333333333333,0.0,0.06666666666666667,0.15555555555555556,17.0,1.872391354557237,2.1,13.45,6.0,0.0,0.3333333333333333,0.0,0.4,0.14,5.0,8.851192756119394,0.0,0.0,0.0,1.0,0.13333333333333333,0.4666666666666667,-0.5333333333333333,-1.8809999999999998,3.0,5.416102720939224,3.533333333333333,10.6,1.0,0.0,0.13333333333333333,0.0,0.06666666666666667,0.23555555555555555,18.0,1.496920792223263,23.430555555555557,57.9,15.0,0.0,0.2,0.0,0.26666666666666666,0.546925925925926,6.0,2.1037850610747464,13.991666666666667,39.2,4.0,0.0,0.13333333333333333,0.0,0.13333333333333333,0.3494444444444445,3.0,5.63700856841674,2.6166666666666667,7.85,1.0,0.0,0.13333333333333333,0.0,0.06666666666666667,0.17444444444444446,17.0,1.3370602058320433,23.455882352941178,59.65,14.0,0.0,0.2,0.0,0.2,0.5087254901960786,6.0,2.273725061706744,17.216666666666665,44.35,4.0,0.0,0.06666666666666667,0.0,0.06666666666666667,0.49044444444444435,2.0,0.0,28.0,7.835714285714286,7.0,4.535714285714286,2.0,0.0,20.0,10.0775,6.0,5.116666666666666,1.0,0.0,16.0,0.0,7.0,22.0,1.0,0.0,13.0,0.0,7.0,25.071428571428573
rush_hour_seed1,rush_hour,1,238.25,253.25,131.0,4.1607504763598895,8.88740458015267,54.0,1.75,3.0,7.643878799148925,1.3666666666666665,4.1,1.0,0.0,0.13333333333333333,0.0,0.06666666666666667,0.0911111111111111,24.0,2.0572417828351948,1.8854166666666667,14.3,7.0,0.0,0.6,0.0,0.4666666666666667,0.12569444444444444,5.0,8.675160798914046,0.0,0.0,0.0,1.0,0.06666666666666667,0.5333333333333333,-0.6666666666666666,-2.188611111111111,3.0,5.425270921489911,2.6666666666666665,8.0,1.0,0.0,0.06666666666666667,0.0,0.06666666666666667,0.17777777777777776,17.0,1.7991717454329348,2.4529411764705884,14.45,6.0,0.0,0.3333333333333333,0.0,0.4,0.1635294117647059,5.0,7.452014188115183,0.0,0.0,0.0,1.0,0.13333333333333333,0.4666666666666667,-0.5333333333333333,-1.9343333333333332,3.0,4.877616870936569,3.8666666666666667,11.6,1.0,0.0,0.06666666666666667,0.0,0.06666666666666667,0.2577777777777778,19.0,1.4055247247963643,22.986842105263158,58.9,15.0,0.0,0.26666666666666666,0.0,0.26666666666666666,0.4684561403508771,6.0,1.8967584171153005,14.658333333333333,40.2,4.0,0.0,0.13333333333333333,0.0,0.13333333333333333,0.3605555555555556,3.0,5.406791367070471,2.9499999999999997,8.85,1.0,0.0,0.13333333333333333,0.0,0.06666666666666667,0.19666666666666666,17.0,1.1462676155296236,24.279411764705884,60.65,14.0,0.0,0.2,0.0,0.2,0.51124649859944,6.0,2.280880300605364,17.883333333333333,45.35,4.0,0.0,0.06666666666666667,0.0,0.06666666666666667,0.49488888888888893,2.0,0.0,29.0,8.191379310344828,7.0,5.25,2.0,0.0,20.0,10.89,6.0,5.783333333333334,1.0,0.0,15.0,0.0,7.0,22.8,1.0,0.0,12.0,0.0,7.0,25.928571428571427
rush_hour_seed1,rush_hour,1,239.25,254.25,129.0,3.8374897503078853,9.460852713178294,58.0,0.75,3.0,7.539828233963159,1.7,5.1,1.0,0.0,0.13333333333333333,0.0,0.06666666666666667,0.11333333333333333,24.0,1.8978272253468225,2.1979166666666665,15.3,8.0,0.0,0.5333333333333333,0.0,0.4666666666666667,0.14527777777777778,5.0,6.525608419996921,0.0,0.0,0.0,1.0,0.06666666666666667,0.5333333333333333,-0.6666666666666666,-2.2441666666666666,3.0,5.346875509031271,3.1,9.0,2.0,0.0,0.06666666666666667,0.0,0.13333333333333333,0.20666666666666667,17.0,1.7814422155632725,2.8588235294117648,15.45,7.0,0.0,0.3333333333333333,0.0,0.4,0.18808823529411764,5.0,6.640379779492878,0.1,0.5,1.0,1.0,0.13333333333333333,0.4666666666666667,-0.4666666666666667,-1.9809999999999997,3.0,4.492257176632063,4.2,12.6,1.0,0.0,0.06666666666666667,0.0,0.06666666666666667,0.28,19.0,1.2084077655970595,23.776315789473685,59.9,15.0,0.0,0.2,0.0,0.26666666666666666,0.5417543859649123,6.0,1.8050463708872841,15.325000000000001,41.2,4.0,0.0,0.13333333333333333,0.0,0.06666666666666667,0.36750000000000005,3.0,5.28073971980757,3.283333333333333,9.85,1.0,0.0,0.13333333333333333,0.0,0.06666666666666667,0.21888888888888888,17.0,1.001929548039718,25.102941176470587,61.65,14.0,0.0,0.2,0.0,0.2,0.5137675070028013,6.0,2.179525225240075,18.55,46.35,4.0,0.0,0.06666666666666667,0.0,0.06666666666666667,0.49933333333333346,2.0,0.0,29.0,8.846551724137932,7.0,5.964285714285714,1.0,0.0,21.0,11.180952380952382,6.0,6.6000000000000005,2.0,0.0,14.0,0.0,7.0,23.657142857142855,1.0,0.0,11.0,0.0,7.0,26.785714285714285
rush_hour_seed1,rush_hour,1,240.25,255.25,133.0,3.6191739533402214,7.9676691729323315,55.0,29.75,3.0,7.432951233678884,0.0,0.0,0.0,2.0,0.13333333333333333,0.0,0.0,0.0,25.0,1.7487093966867555,2.4459999999999997,16.3,9.0,0.0,0.5333333333333333,0.0,0.5333333333333333,0.15796862745098036,6.0,5.045965380340567,0.08333333333333333,0.5,1.0,0.0,0.13333333333333333,0.5333333333333333,-0.5333333333333333,-1.8466666666666667,4.0,5.584403942952881,0.325,1.3,1.0,2.0,0.13333333333333333,0.0,0.06666666666666667,0.021666666666666667,17.0,1.7845112186781495,3.2941176470588234,16.45,8.0,0.0,0.26666666666666666,0.0,0.4666666666666667,0.21217194570135745,5.0,5.906763825373909,0.3,1.5,1.0,0.0,0.13333333333333333,0.4666666666666667,-0.4,-1.533,3.0,4.478921161992823,0.0,0.0,0.0,2.0,0.06666666666666667,0.0,0.0,0.0,20.0,1.117665826543067,17.494999999999997,45.1,14.0,2.0,0.26666666666666666,0.0,0.13333333333333333,0.07508333333333325,6.0,1.8522992651923538,15.991666666666667,42.2,4.0,0.0,0.13333333333333333,0.0,0.06666666666666667,0.36194444444444446,3.0,5.556493718590699,0.0,0.0,0.0,2.0,0.13333333333333333,0.0,0.0,0.0,18.0,0.9888721910464672,21.005555555555556,53.4,13.0,2.0,0.26666666666666666,0.0,0.13333333333333333,0.1882275132275133,6.0,2.1302290611110015,19.216666666666665,47.35,4.0,0.0,0.06666666666666667,0.0,0.06666666666666667,0.5037777777777777,2.0,0.0,29.0,9.520689655172415,7.0,6.678571428571429,1.0,0.0,22.0,11.445454545454545,7.0,6.371428571428572,2.0,0.0,14.0,0.0,7.0,24.514285714285712,1.0,0.0,10.0,0.0,8.0,24.1875
rush_hour_seed1,rush_hour,1,241.25,256.25,132.0,3.6670175026708627,6.582575757575757,50.0,28.75,2.0,10.378031820612586,0.0,0.0,0.0,2.0,0.13333333333333333,0.06666666666666667,0.0,0.0,25.0,1.6829104045925032,2.806,17.3,9.0,0.0,0.5333333333333333,0.0,0.5333333333333333,0.17804705882352942,6.0,4.739971569366015,0.25,1.5,1.0,0.0,0.13333333333333333,0.4666666666666667,-0.3333333333333333,-0.889090909090909,3.0,7.390980191300968,0.0,0.0,0.0,2.0,0.13333333333333333,0.06666666666666667,0.0,0.0,17.0,1.823477763240504,3.7823529411764705,17.45,9.0,0.0,0.26666666666666666,0.0,0.5333333333333333,0.23959276018099546,5.0,5.054141420877348,0.5,2.5,1.0,0.0,0.13333333333333333,0.4,-0.2,-0.6103703703703705,2.0,6.795766653631407,0.0,0.0,0.0,2.0,0.06666666666666667,0.06666666666666667,0.0,0.0,19.0,1.2355475319685298,14.371052631578948,40.9,12.0,2.0,0.26666666666666666,0.06666666666666667,0.0,-0.1831798245614034,6.0,2.072126039720707,16.658333333333335,43.2,4.0,0.0,0.06666666666666667,0.0,0.06666666666666667,0.5072222222222222,2.0,9.144298834159965,0.0,0.0,0.0,2.0,0.06666666666666667,0.06666666666666667,0.0,0.0,17.0,1.2452840880008773,14.008823529411766,43.6,10.0,2.0,0.26666666666666666,0.06666666666666667,-0.06666666666666667,-0.33060224089635865,6.0,2.1068531892733713,19.883333333333333,48.35,4.0,0.0,0.06666666666666667,0.0,0.06666666666666667,0.5082222222222222,1.0,0.0,29.0,10.21896551724138,7.0,7.392857142857143,1.0,0.0,22.0,12.220454545454546,7.0,7.085714285714286,2.0,0.0,14.0,0.0,7.0,25.37142857142857,1.0,0.0,10.0,0.0,8.0,24.9375
rush_hour_seed1,rush_hour,1,242.25,257.25,133.0,3.7204797760687978,5.670300751879699,49.0,27.75,2.0,10.450989047493827,0.0,0.0,0.0,2.0,0.06666666666666667,0.06666666666666667,0.0,0.0,26.0,1.5618489929982775,3.0788461538461536,18.3,10.0,0.0,0.5333333333333333,0.0,0.6,0.19303418803418804,6.0,4.552091890463844,0.4166666666666667,2.5,1.0,0.0,0.13333333333333333,0.4666666666666667,-0.2,-0.4137373737373737,3.0,7.508180206015645,0.0,0.0,0.0,2.0,0.13333333333333333,0.06666666666666667,0.0,0.0,18.0,1.7297274281839121,4.072222222222222,18.45,9.0,0.0,0.3333333333333333,0.0,0.5333333333333333,0.25378917378917376,5.0,4.352437386237884,0.7,3.5,1.0,0.0,0.13333333333333333,0.4,-0.06666666666666667,-0.16777777777777778,2.0,7.525195584534092,0.0,0.0,0.0,2.0,0.06666666666666667,0.06666666666666667,-0.06666666666666667,-0.02,19.0,1.5446219605826672,10.697368421052632,38.9,10.0,2.0,0.26666666666666666,0.06666666666666667,-0.2,-0.4803837719298245,6.0,2.367248954405433,17.333333333333332,44.2,5.0,0.0,0.06666666666666667,0.0,0.13333333333333333,0.5122222222222221,2.0,10.000204541085008,0.0,0.0,0.0,2.0,0.06666666666666667,0.06666666666666667,0.0,0.0,17.0,1.5859596515988021,9.626470588235295,32.8,8.0,2.0,0.26666666666666666,0.06666666666666667,-0.2,-0.675140056022409,6.0,2.0954886350422295,20.650000000000002,49.35,5.0,0.0,0.06666666666666667,0.0,0.13333333333333333,0.5193333333333335,1.0,0.0,30.0,10.578333333333335,8.0,7.09375,2.0,0.0,22.0,13.038636363636364,7.0,7.8,2.0,0.0,13.0,0.0,7.0,26.228571428571428,1.0,0.0,10.0,0.0,8.0,25.6875
rush_hour_seed1,rush_hour,1,243.25,258.25,135.0,3.9698787079114033,4.912222222222222,47.0,26.75,3.0,11.07594992056793,0.0,0.0,0.0,2.0,0.13333333333333333,0.06666666666666667,0.0,0.0,26.0,1.4503305907660644,3.494230769230769,19.3,11.0,0.0,0.4666666666666667,0.0,0.6666666666666666,0.21786099865047232,6.0,4.108571233795172,0.5833333333333334,3.5,1.0,0.0,0.13333333333333333,0.4,-0.06666666666666667,-0.10777777777777778,3.0,8.07026566380425,0.0,0.0,0.0,2.0,0.13333333333333333,0.06666666666666667,0.0,0.0,18.0,1.7430557578777681,4.6194444444444445,19.45,10.0,0.0,0.26666666666666666,0.0,0.6,0.28677248677248673,5.0,3.786303496847542,0.9,4.5,1.0,0.0,0.06666666666666667,0.4,0.06666666666666667,0.060000000000000005,2.0,8.34589284499435,0.0,0.0,0.0,2.0,0.06666666666666667,0.06666666666666667,-0.06666666666666667,-0.05333333333333334,18.0,1.6997281939886093,7.680555555555555,29.7,8.0,2.0,0.26666666666666666,0.13333333333333333,-0.3333333333333333,-0.7356712962962962,6.0,2.606408358144819,18.166666666666668,45.2,5.0,0.0,0.06666666666666667,0.0,0.13333333333333333,0.5277777777777779,2.0,10.910735120171587,0.0,0.0,0.0,2.0,0.06666666666666667,0.06666666666666667,0.0,0.0,17.0,1.85487915805635,6.176470588235294,27.4,6.0,2.0,0.26666666666666666,0.13333333333333333,-0.3333333333333333,-0.8662352941176472,6.0,2.085058273431443,21.483333333333334,50.35,5.0,0.0,0.06666666666666667,0.0,0.13333333333333333,0.534888888888889,1.0,0.0,30.0,11.308333333333334,8.0,7.84375,2.0,0.0,22.0,13.879545454545456,7.0,8.514285714285714,1.0,0.0,12.0,0.0,8.0,23.7,2.0,0.0,10.0,0.0,8.0,26.4375
rush_hour_seed1,rush_hour,1,244.25,259.25,136.0,4.059296247593187,4.380514705882353,44.0,25.75,2.0,15.023593360449517,0.0,0.0,0.0,2.0,0.13333333333333333,0.13333333333333333,0.0,0.0,26.0,1.2890359474939719,3.917307692307692,20.3,11.0,0.0,0.4666666666666667,0.0,0.6,0.23904858299595141,6.0,3.62454710835288,0.75,4.5,1.0,0.0,0.13333333333333333,0.4,0.06666666666666667,0.05,2.0,10.515698656059826,0.0,0.0,0.0,2.0,0.13333333333333333,0.13333333333333333,0.0,0.0,18.0,1.5112149572872573,5.175000000000001,20.45,10.0,0.0,0.26666666666666666,0.0,0.6,0.3190476190476191,5.0,3.3818161896690753,1.1,5.5,1.0,0.0,0.06666666666666667,0.3333333333333333,0.06666666666666667,0.07333333333333333,2.0,11.057569213060916,0.0,0.0,0.0,2.0,0.13333333333333333,0.13333333333333333,-0.06666666666666667,-0.08666666666666667,19.0,2.1234646449397885,4.518421052631579,24.8,6.0,2.0,0.3333333333333333,0.13333333333333333,-0.4666666666666667,-1.0006469298245613,6.0,2.607483081158588,19.0,46.2,5.0,0.0,0.06666666666666667,0.0,0.13333333333333333,0.5433333333333333,1.0,16.306687639216126,0.0,0.0,0.0,2.0,0.06666666666666667,0.13333333333333333,0.0,0.0,17.0,2.4780200770261205,3.3529411764705883,22.95,5.0,2.0,0.26666666666666666,0.13333333333333333,-0.4,-1.103359477124183,7.0,1.6988891012670482,19.12857142857143,51.35,5.0,0.0,0.13333333333333333,0.0,0.06666666666666667,0.3245714285714287,2.0,0.0,31.0,11.683870967741935,8.0,8.59375,2.0,0.0,22.0,14.743181818181819,7.0,9.228571428571428,1.0,0.0,13.0,0.0,8.0,24.45,2.0,0.0,9.0,0.0,8.0,27.1875
rush_hour_seed1,rush_hour,1,245.25,260.25,135.0,4.2219104739951785,4.13,45.0,24.75,2.0,14.575639438584478,0.0,0.0,0.0,2.0,0.13333333333333333,0.13333333333333333,0.0,0.0,26.0,1.1321914408204399,4.367307692307692,21.3,12.0,0.0,0.4,0.0,0.6666666666666666,0.2634871794871795,6.0,3.0969369479847675,1.075,5.5,2.0,0.0,0.13333333333333333,0.3333333333333333,0.13333333333333333,0.07166666666666667,2.0,11.092742202484871,0.0,0.0,0.0,2.0,0.13333333333333333,0.13333333333333333,0.0,0.0,18.0,1.3230505855851622,5.769444444444444,21.45,11.0,0.0,0.26666666666666666,0.0,0.6,0.35367724867724865,5.0,3.102042670024336,1.44,6.5,2.0,0.0,0.06666666666666667,0.3333333333333333,0.13333333333333333,0.096,2.0,12.035771277667516,0.0,0.0,0.0,2.0,0.13333333333333333,0.13333333333333333,-0.06666666666666667,-0.12000000000000001,18.0,2.268788323231971,2.530555555555556,18.55,4.0,2.0,0.3333333333333333,0.2,-0.6,-1.187337962962963,6.0,2.6130776098274606,19.833333333333332,47.2,5.0,0.0,0.06666666666666667,0.0,0.13333333333333333,0.5588888888888889,1.0,16.304562781410457,0.0,0.0,0.0,2.0,0.06666666666666667,0.13333333333333333,-0.06666666666666667,-0.028333333333333332,16.0,2.949355475443459,1.440625,12.5,4.0,2.0,0.2,0.2,-0.5333333333333333,-1.195,7.0,1.5318354859422876,19.842857142857145,52.35,5.0,0.0,0.13333333333333333,0.0,0.06666666666666667,0.3188571428571431,2.0,0.0,31.0,12.456451612903225,8.0,9.34375,2.0,0.0,23.0,14.928260869565218,7.0,9.942857142857141,1.0,0.0,12.0,0.0,8.0,25.2,1.0,0.0,8.0,0.0,8.0,27.9375
rush_hour_seed1,rush_hour,1,246.25,261.25,138.0,4.41260919713763,4.144565217391305,46.0,23.75,2.0,14.077147055185586,0.0,0.0,0.0,2.0,0.13333333333333333,0.13333333333333333,0.0,0.0,26.0,0.9864635020710921,4.853846153846154,22.3,13.0,0.0,0.4,0.0,0.6666666666666666,0.28642307692307695,6.0,2.6937079047583166,1.4083333333333332,6.5,2.0,0.0,0.13333333333333333,0.3333333333333333,0.13333333333333333,0.09388888888888888,1.0,13.838740803963738,0.0,0.0,0.0,2.0,0.06666666666666667,0.13333333333333333,-0.06666666666666667,-0.03333333333333333,19.0,1.218889352604688,6.097368421052631,22.45,12.0,0.0,0.26666666666666666,0.0,0.6666666666666666,0.36871345029239766,6.0,2.4460429712983274,1.5333333333333332,7.5,2.0,0.0,0.13333333333333333,0.26666666666666666,0.13333333333333333,0.10222222222222221,2.0,12.520178147100964,0.0,0.0,0.0,2.0,0.13333333333333333,0.13333333333333333,-0.06666666666666667,-0.15333333333333332,18.0,2.49763004745474,1.7111111111111112,13.8,4.0,2.0,0.3333333333333333,0.26666666666666666,-0.6,-1.21318082788671,6.0,2.4303289268725945,20.666666666666668,48.2,5.0,0.0,0.06666666666666667,0.0,0.13333333333333333,0.5744444444444444,1.0,16.27370844035426,0.0,0.0,0.0,2.0,0.06666666666666667,0.13333333333333333,-0.06666666666666667,-0.06166666666666667,15.0,3.4313928787673267,0.9033333333333334,9.4,3.0,2.0,0.2,0.26666666666666666,-0.6,-1.2808194444444445,7.0,1.4311260268859267,20.557142857142857,53.35,5.0,0.0,0.13333333333333333,0.0,0.06666666666666667,0.31314285714285717,2.0,0.0,31.0,13.26290322580645,8.0,10.09375,2.0,0.0,23.0,15.754347826086958,7.0,10.657142857142857,1.0,0.0,11.0,0.0,8.0,25.95,1.0,0.0,8.0,0.0,8.0,28.6875
rush_hour_seed1,rush_hour,1,247.25,262.25,139.0,4.632770283197082,4.1852517985611515,47.0,22.75,1.0,13.860060514812359,0.0,0.0,0.0,2.0,0.06666666666666667,0.13333333333333333,0.0,0.0,26.0,0.8495210474184207,5.388461538461538,23.3,14.0,0.0,0.3333333333333333,0.0,0.7333333333333333,0.31431013431013427,6.0,2.411087416999169,1.8833333333333335,7.5,3.0,0.0,0.06666666666666667,0.26666666666666666,0.2,0.12555555555555556,1.0,13.833561330070953,0.0,0.0,0.0,2.0,0.06666666666666667,0.2,-0.06666666666666667,-0.04444444444444444,19.0,1.2611736235302007,6.757894736842106,23.45,13.0,0.0,0.26666666666666666,0.0,0.6666666666666666,0.40030409356725155,6.0,2.1672680538738027,2.0083333333333333,8.5,3.0,0.0,0.13333333333333333,0.2,0.2,0.1338888888888889,2.0,12.509077843475392,0.0,0.0,0.0,2.0,0.13333333333333333,0.13333333333333333,-0.06666666666666667,-0.18666666666666665,18.0,3.101101294142065,0.538888888888889,7.7,3.0,2.0,0.3333333333333333,0.26666666666666666,-0.6666666666666666,-1.342309368191721,7.0,1.7769638530961205,18.428571428571427,49.2,5.0,0.0,0.13333333333333333,0.0,0.06666666666666667,0.37590476190476174,2.0,15.077008595847957,0.0,0.0,0.0,2.0,0.13333333333333333,0.13333333333333333,-0.06666666666666667,-0.095,15.0,4.11742747100232,0.15333333333333332,2.3,1.0,2.0,0.2,0.26666666666666666,-0.7333333333333333,-1.3808194444444444,7.0,1.4114012065878854,21.271428571428572,54.35,5.0,0.0,0.13333333333333333,0.0,0.06666666666666667,0.3074285714285715,2.0,0.0,31.0,14.091935483870968,8.0,10.84375,2.0,0.0,23.0,16.617391304347827,7.0,11.37142857142857,1.0,0.0,11.0,0.0,8.0,26.7,1.0,0.0,7.0,0.0,8.0,29.4375
rush_hour_seed1,rush_hour,1,248.25,263.25,139.0,4.62279439194455,4.446762589928058,47.0,21.75,1.0,13.87639824686572,0.0,0.0,0.0,2.0,0.06666666666666667,0.13333333333333333,0.0,0.0,27.0,0.7848687991776847,5.73888888888889,24.3,15.0,0.0,0.4,0.0,0.7333333333333333,0.32640211640211647,6.0,2.24448467504163,2.3833333333333333,8.5,3.0,0.0,0.06666666666666667,0.2,0.2,0.15888888888888889,1.0,13.837613078429131,0.0,0.0,0.0,2.0,0.06666666666666667,0.2,-0.06666666666666667,-0.06666666666666667,20.0,1.289036835040118,7.095000000000001,24.45,14.0,0.0,0.3333333333333333,0.0,0.6666666666666666,0.40522222222222226,6.0,1.9585172813219065,2.5083333333333333,9.5,3.0,0.0,0.13333333333333333,0.2,0.2,0.16722222222222222,2.0,12.232143497967229,0.0,0.0,0.0,2.0,0.06666666666666667,0.13333333333333333,-0.06666666666666667,-0.14666666666666664,17.0,3.482075948549749,0.23529411764705882,2.8,2.0,2.0,0.26666666666666666,0.3333333333333333,-0.8,-1.337091503267974,7.0,1.5349273888611887,19.142857142857142,50.2,5.0,0.0,0.13333333333333333,0.0,0.06666666666666667,0.3701904761904762,2.0,14.722889840933114,0.0,0.0,0.0,2.0,0.13333333333333333,0.13333333333333333,-0.06666666666666667,-0.12833333333333333,14.0,4.427896723548355,0.0,0.0,0.0,2.0,0.2,0.3333333333333333,-0.8666666666666667,-1.4431249999999998,7.0,1.4903024304986037,21.985714285714288,55.35,5.0,0.0,0.06666666666666667,0.0,0.06666666666666667,0.4957142857142859,2.0,0.0,31.0,14.941935483870967,8.0,11.59375,1.0,0.0,23.0,17.48695652173913,7.0,12.085714285714285,1.0,0.0,10.0,0.0,8.0,27.45,1.0,0.0,6.0,0.0,8.0,30.1875
rush_hour_seed1,rush_hour,1,249.25,264.25,142.0,4.704445362412842,4.653521126760563,48.0,20.75,1.0,13.854851804499049,0.0,0.0,0.0,2.0,0.06666666666666667,0.13333333333333333,-0.06666666666666667,-0.0033333333333333335,28.0,0.7939382921664596,6.069642857142858,25.3,15.0,0.0,0.4,0.0,0.7333333333333333,0.33888528138528146,7.0,2.3094865595804075,2.6142857142857143,9.5,4.0,0.0,0.13333333333333333,0.2,0.26666666666666666,0.1742857142857143,2.0,12.910480831967433,0.0,0.0,0.0,2.0,0.13333333333333333,0.2,-0.06666666666666667,-0.08888888888888888,20.0,1.2694421629367456,7.797499999999999,25.45,15.0,0.0,0.3333333333333333,0.0,0.6666666666666666,0.4338333333333333,6.0,1.8589234940794006,3.1166666666666667,10.5,4.0,0.0,0.13333333333333333,0.13333333333333333,0.26666666666666666,0.20777777777777778,1.0,13.042678443097984,0.0,0.0,0.0,2.0,0.06666666666666667,0.2,-0.06666666666666667,-0.1688888888888889,17.0,3.9158515689027014,0.0,0.0,0.0,2.0,0.26666666666666666,0.3333333333333333,-0.9333333333333333,-1.4046296296296295,7.0,1.3882396542801527,19.857142857142858,51.2,5.0,0.0,0.13333333333333333,0.0,0.06666666666666667,0.36447619047619045,1.0,13.885090622974095,0.0,0.0,0.0,2.0,0.06666666666666667,0.13333333333333333,-0.06666666666666667,-0.16166666666666665,13.0,4.49499134227805,0.0,0.0,0.0,2.0,0.2,0.4,-0.8666666666666667,-1.4972916666666665,7.0,1.6433560366187858,22.7,56.35,5.0,0.0,0.06666666666666667,0.0,0.06666666666666667,0.4988888888888888,1.0,0.0,32.0,15.3296875,8.0,12.34375,1.0,0.0,24.0,17.591666666666665,8.0,11.2,2.0,0.0,9.0,0.0,8.0,28.2,1.0,0.0,7.0,0.0,8.0,31.049999999999997
rush_hour_seed1,rush_hour,1,250.25,265.25,141.0,4.733074636705352,5.032978723404256,49.0,19.75,1.0,13.87164867972373,0.0,0.0,0.0,2.0,0.06666666666666667,0.2,-0.06666666666666667,-0.024444444444444446,28.0,0.8510830768555616,6.635714285714286,26.3,16.0,0.0,0.4,0.0,0.7333333333333333,0.36192640692640693,7.0,2.3231885555508223,3.185714285714286,10.5,4.0,0.0,0.13333333333333333,0.13333333333333333,0.26666666666666666,0.2123809523809524,2.0,12.920635471252027,0.0,0.0,0.0,2.0,0.13333333333333333,0.2,-0.06666666666666667,-0.11111111111111112,20.0,1.311410169647814,8.5475,26.45,15.0,0.0,0.3333333333333333,0.0,0.6666666666666666,0.4616111111111111,6.0,1.8772725937258474,3.783333333333333,11.5,4.0,0.0,0.13333333333333333,0.06666666666666667,0.26666666666666666,0.25222222222222224,1.0,13.016010909253973,0.0,0.0,0.0,2.0,0.06666666666666667,0.2,-0.06666666666666667,-0.19111111111111112,16.0,3.9651568874695777,0.0,0.0,0.0,2.0,0.26666666666666666,0.4,-0.9333333333333333,-1.4564814814814815,7.0,1.3560840955067597,20.571428571428573,52.2,5.0,0.0,0.13333333333333333,0.0,0.06666666666666667,0.3587619047619048,1.0,13.85926170331426,0.0,0.0,0.0,2.0,0.06666666666666667,0.13333333333333333,-0.06666666666666667,-0.19499999999999998,14.0,5.01881362380947,0.0,0.0,0.0,2.0,0.2,0.4,-0.8666666666666667,-1.4601960784313726,7.0,1.7329409993368607,23.414285714285715,57.35,5.0,0.0,0.06666666666666667,0.0,0.06666666666666667,0.5020634920634921,1.0,0.0,32.0,16.2046875,8.0,13.09375,1.0,0.0,24.0,18.425,8.0,11.825,1.0,0.0,9.0,0.0,8.0,29.01875,1.0,0.0,7.0,0.0,8.0,31.924999999999997
rush_hour_seed1,rush_hour,1,251.25,266.25,142.0,4.94952440719468,5.353169014084507,52.0,18.75,2.0,13.883506785288919,0.0,0.0,0.0,2.0,0.13333333333333333,0.2,-0.06666666666666667,-0.04666666666666667,28.0,0.7488521452080168,7.223214285714286,27.3,17.0,0.0,0.3333333333333333,0.0,0.7333333333333333,0.3882142857142857,7.0,2.111005427752329,3.8214285714285716,11.5,5.0,0.0,0.13333333333333333,0.06666666666666667,0.3333333333333333,0.2547619047619048,2.0,12.93505894566828,0.0,0.0,0.0,2.0,0.13333333333333333,0.2,-0.06666666666666667,-0.13333333333333333,20.0,1.3788595146828262,9.2975,27.45,15.0,0.0,0.26666666666666666,0.0,0.6,0.49608333333333327,6.0,2.009237408051075,4.45,12.5,4.0,0.0,0.13333333333333333,0.06666666666666667,0.26666666666666666,0.2966666666666667,1.0,13.01930676662946,0.0,0.0,0.0,2.0,0.06666666666666667,0.2,-0.06666666666666667,-0.21333333333333332,15.0,3.964456401972724,0.0,0.0,0.0,2.0,0.26666666666666666,0.4666666666666667,-0.9333333333333333,-1.5083333333333333,7.0,1.4698412260825904,21.285714285714285,53.2,5.0,0.0,0.13333333333333333,0.0,0.06666666666666667,0.35304761904761894,1.0,13.849036190618063,0.0,0.0,0.0,2.0,0.06666666666666667,0.13333333333333333,-0.06666666666666667,-0.22833333333333333,13.0,5.359126754847574,0.0,0.0,0.0,2.0,0.2,0.4666666666666667,-0.8666666666666667,-1.5111764705882351,7.0,1.7186211535075973,24.214285714285715,58.35,6.0,0.0,0.06666666666666667,0.0,0.13333333333333333,0.5109523809523809,1.0,0.0,33.0,16.599999999999998,9.0,12.305555555555555,2.0,0.0,25.0,18.488,8.0,12.475,1.0,0.0,9.0,0.0,8.0,29.89375,1.0,0.0,6.0,0.0,8.0,32.8
rush_hour_seed1,rush_hour,1,252.25,267.25,143.0,5.0140891774981275,5.684615384615385,54.0,17.75,2.0,13.858213541102014,0.0,0.0,0.0,2.0,0.13333333333333333,0.2,-0.06666666666666667,-0.0688888888888889,28.0,0.5974617003186314,7.835714285714286,28.3,18.0,0.0,0.3333333333333333,0.0,0.7333333333333333,0.41151138716356106,7.0,1.9489221012803284,4.535714285714286,12.5,5.0,0.0,0.13333333333333333,0.06666666666666667,0.3333333333333333,0.30238095238095236,2.0,12.919407628800837,0.0,0.0,0.0,2.0,0.13333333333333333,0.2,-0.06666666666666667,-0.15555555555555556,20.0,1.234763270578092,10.0775,28.45,16.0,0.0,0.2,0.0,0.6666666666666666,0.5318333333333334,6.0,2.0076490926162776,5.116666666666666,13.5,4.0,0.0,0.06666666666666667,0.0,0.26666666666666666,0.3411111111111111,1.0,13.023128754189246,0.0,0.0,0.0,2.0,0.06666666666666667,0.2,-0.06666666666666667,-0.23555555555555555,16.0,4.392668364274089,0.0,0.0,0.0,2.0,0.3333333333333333,0.4666666666666667,-1.0,-1.5620370370370371,7.0,1.6864827109396183,22.0,54.2,5.0,0.0,0.06666666666666667,0.0,0.06666666666666667,0.5338888888888889,1.0,13.847261227081763,0.0,0.0,0.0,2.0,0.06666666666666667,0.2,-0.06666666666666667,-0.17444444444444446,13.0,5.7790195515295375,0.0,0.0,0.0,2.0,0.26666666666666666,0.5333333333333333,-0.9333333333333333,-1.5637254901960784,7.0,1.7155395091033976,25.071428571428573,59.35,6.0,0.0,0.06666666666666667,0.0,0.13333333333333333,0.5236507936507938,1.0,0.0,33.0,17.509090909090908,9.0,12.972222222222221,2.0,0.0,25.0,19.317999999999998,8.0,13.225,1.0,0.0,9.0,0.0,8.0,30.76875,1.0,0.0,6.0,0.0,9.0,29.93333333333333
rush_hour_seed1,rush_hour,1,253.25,268.25,142.0,4.992893977407989,6.111971830985915,57.0,16.75,2.0,13.84418868182751,0.0,0.0,0.0,2.0,0.13333333333333333,0.2,-0.06666666666666667,-0.0911111111111111,29.0,0.4836970347494963,8.191379310344828,29.3,19.0,0.0,0.3333333333333333,0.0,0.8,0.4203975095785441,7.0,1.8767433586665714,5.25,13.5,5.0,0.0,0.13333333333333333,0.0,0.3333333333333333,0.35,2.0,12.935514886397868,0.0,0.0,0.0,2.0,0.13333333333333333,0.2,-0.06666666666666667,-0.17777777777777776,20.0,1.0746429927647934,10.89,29.45,17.0,0.0,0.2,0.0,0.7333333333333333,0.5624705882352942,6.0,1.9772187071073546,5.783333333333334,14.5,4.0,0.0,0.06666666666666667,0.0,0.26666666666666666,0.3855555555555556,1.0,13.011154061859715,0.0,0.0,0.0,2.0,0.06666666666666667,0.2,-0.06666666666666667,-0.2577777777777778,15.0,4.63817371651964,0.0,0.0,0.0,2.0,0.26666666666666666,0.5333333333333333,-1.0,-1.5324561403508772,7.0,1.9534384816354038,22.8,55.2,6.0,0.0,0.06666666666666667,0.0,0.13333333333333333,0.5427777777777778,1.0,13.886302719499218,0.0,0.0,0.0,2.0,0.06666666666666667,0.2,-0.06666666666666667,-0.19666666666666666,12.0,6.431660271105888,0.0,0.0,0.0,2.0,0.26666666666666666,0.6,-0.9333333333333333,-1.6186274509803922,7.0,1.7126969199218678,25.928571428571427,60.35,6.0,0.0,0.06666666666666667,0.0,0.13333333333333333,0.5363492063492062,2.0,0.0,33.0,18.42878787878788,9.0,13.655555555555557,2.0,0.0,25.0,20.168,8.0,13.975,1.0,0.0,9.0,0.0,8.0,31.64375,1.0,0.0,5.0,0.0,9.0,30.71111111111111
rush_hour_seed1,rush_hour,1,254.25,269.25,144.0,5.13828586096644,6.429166666666666,58.0,15.75,2.0,13.841603623191478,0.0,0.0,0.0,2.0,0.13333333333333333,0.2,-0.06666666666666667,-0.11333333333333333,29.0,0.45311914229943173,8.846551724137932,30.3,19.0,0.0,0.3333333333333333,0.0,0.7333333333333333,0.44324233716475103,7.0,1.8978766666495186,5.964285714285714,14.5,5.0,0.0,0.13333333333333333,0.0,0.3333333333333333,0.39761904761904765,1.0,11.980783801751677,0.0,0.0,0.0,2.0,0.06666666666666667,0.2,-0.13333333333333333,-0.20666666666666667,21.0,0.8473489882100289,11.180952380952382,30.45,17.0,0.0,0.26666666666666666,0.0,0.6666666666666666,0.5548085901027078,6.0,1.9662169942822343,6.6000000000000005,15.5,5.0,0.0,0.06666666666666667,0.0,0.26666666666666666,0.4333333333333334,2.0,13.562454482023613,0.0,0.0,0.0,2.0,0.13333333333333333,0.2,-0.06666666666666667,-0.28,14.0,4.940338706094236,0.0,0.0,0.0,2.0,0.26666666666666666,0.6,-1.0,-1.5850877192982458,7.0,1.97987571034312,23.657142857142855,56.2,6.0,0.0,0.06666666666666667,0.0,0.13333333333333333,0.5554761904761902,1.0,13.851529919729801,0.0,0.0,0.0,2.0,0.06666666666666667,0.2,-0.06666666666666667,-0.21888888888888888,11.0,6.978284381713738,0.0,0.0,0.0,2.0,0.26666666666666666,0.6666666666666666,-0.9333333333333333,-1.6735294117647057,7.0,1.7145437884738197,26.785714285714285,61.35,6.0,0.0,0.06666666666666667,0.0,0.13333333333333333,0.5490476190476189,2.0,0.0,33.0,19.368181818181817,9.0,14.433333333333334,2.0,0.0,25.0,21.048000000000002,8.0,14.725,1.0,0.0,8.0,0.0,9.0,28.90555555555555,2.0,0.0,4.0,0.0,9.0,31.488888888888887
rush_hour_seed1,rush_hour,1,255.25,270.25,146.0,5.048972845800497,6.742123287671233,59.0,14.75,2.0,13.216756515923201,0.0,0.0,0.0,2.0,0.13333333333333333,0.2,0.0,0.0,29.0,0.436349936838246,9.520689655172415,31.3,20.0,0.0,0.26666666666666666,0.0,0.7333333333333333,0.47164597701149436,7.0,1.813570843093205,6.678571428571429,15.5,5.0,0.0,0.06666666666666667,0.0,0.26666666666666666,0.43968253968253973,1.0,11.972088711233809,0.0,0.0,0.0,2.0,0.06666666666666667,0.26666666666666666,-0.06666666666666667,-0.021666666666666667,22.0,0.7097280359209374,11.445454545454545,31.45,17.0,0.0,0.3333333333333333,0.0,0.6,0.5434224598930482,7.0,2.0139328470683333,6.371428571428572,16.5,5.0,0.0,0.13333333333333333,0.0,0.26666666666666666,0.4047619047619048,2.0,14.66218492351671,0.0,0.0,0.0,2.0,0.13333333333333333,0.2,0.0,0.0,14.0,5.294344629869815,0.0,0.0,0.0,2.0,0.26666666666666666,0.6666666666666666,-0.9333333333333333,-1.1663333333333332,7.0,1.9847085022999125,24.514285714285712,57.2,6.0,0.0,0.06666666666666667,0.0,0.13333333333333333,0.568174603174603,1.0,13.860982466365677,0.0,0.0,0.0,2.0,0.06666666666666667,0.2,0.0,0.0,10.0,7.36728718100871,0.0,0.0,0.0,2.0,0.2,0.7333333333333333,-0.8666666666666667,-1.4003703703703705,8.0,1.4229918547964588,24.1875,62.35,6.0,0.0,0.13333333333333333,0.0,0.13333333333333333,0.331388888888889,2.0,0.0,33.0,20.30757575757576,9.0,15.211111111111112,2.0,0.0,25.0,21.928,8.0,15.475,1.0,0.0,8.0,0.0,9.0,29.68333333333333,2.0,0.0,4.0,0.0,9.0,32.266666666666666
rush_hour_seed1,rush_hour,1,256.25,271.25,144.0,5.00647203869447,7.247569444444445,61.0,13.75,1.0,13.875990585493856,0.0,0.0,0.0,2.0,0.06666666666666667,0.13333333333333333,0.0,0.0,29.0,0.3553378526709317,10.21896551724138,32.3,21.0,0.0,0.26666666666666666,0.0,0.8,0.4941977011494253,7.0,1.752348447906148,7.392857142857143,16.5,5.0,0.0,0.06666666666666667,0.0,0.26666666666666666,0.4761904761904762,1.0,11.986042234275956,0.0,0.0,0.0,2.0,0.06666666666666667,0.2,0.0,0.0,22.0,0.734000956762828,12.220454545454546,32.45,18.0,0.0,0.3333333333333333,0.0,0.6,0.5625401069518716,7.0,2.2917924647632897,7.085714285714286,17.5,5.0,0.0,0.13333333333333333,0.0,0.26666666666666666,0.4390476190476191,2.0,14.770415731179902,0.0,0.0,0.0,2.0,0.13333333333333333,0.13333333333333333,0.0,0.0,14.0,5.84391101909283,0.0,0.0,0.0,2.0,0.26666666666666666,0.6,-0.8,-0.9580701754385965,7.0,1.981088935169843,25.37142857142857,58.2,6.0,0.0,0.06666666666666667,0.0,0.13333333333333333,0.5808730158730157,1.0,13.889148172145942,0.0,0.0,0.0,2.0,0.06666666666666667,0.13333333333333333,0.0,0.0,10.0,7.707790201402824,0.0,0.0,0.0,2.0,0.2,0.6666666666666666,-0.6666666666666666,-0.933921568627451,8.0,1.3210880952272974,24.9375,63.35,6.0,0.0,0.13333333333333333,0.0,0.13333333333333333,0.3369444444444445,2.0,0.0,33.0,21.272727272727273,9.0,15.988888888888889,2.0,0.0,26.0,21.930769230769233,8.0,16.225,1.0,0.0,7.0,0.0,9.0,30.46111111111111,1.0,0.0,4.0,0.0,9.0,33.044444444444444
rush_hour_seed1,rush_hour,1,257.25,272.25,148.0,5.100062516345704,7.463851351351352,61.0,12.75,1.0,13.82914912174805,0.0,0.0,0.0,2.0,0.06666666666666667,0.13333333333333333,0.0,0.0,30.0,0.2582397538852228,10.578333333333335,33.3,21.0,0.0,0.26666666666666666,0.0,0.7333333333333333,0.4999658119658121,8.0,1.7354749283838418,7.09375,17.5,5.0,0.0,0.13333333333333333,0.0,0.26666666666666666,0.44513888888888886,2.0,11.978915787191363,0.0,0.0,0.0,2.0,0.13333333333333333,0.2,0.0,0.0,22.0,0.826203855878347,13.038636363636364,33.45,18.0,0.0,0.26666666666666666,0.0,0.6,0.5977609427609427,7.0,2.510707782772084,7.8,18.5,5.0,0.0,0.13333333333333333,0.0,0.26666666666666666,0.47333333333333333,2.0,13.244815253211662,0.0,0.0,0.0,2.0,0.13333333333333333,0.13333333333333333,0.0,0.0,13.0,6.181860150345871,0.0,0.0,0.0,2.0,0.26666666666666666,0.6666666666666666,-0.6666666666666666,-0.7131578947368421,7.0,1.830013597195466,26.228571428571428,59.2,6.0,0.0,0.06666666666666667,0.0,0.06666666666666667,0.593015873015873,1.0,13.872706170188032,0.0,0.0,0.0,2.0,0.06666666666666667,0.13333333333333333,0.0,0.0,10.0,7.910338120505628,0.0,0.0,0.0,2.0,0.26666666666666666,0.7333333333333333,-0.5333333333333333,-0.641764705882353,8.0,1.2590603416870043,25.6875,64.35,6.0,0.0,0.13333333333333333,0.0,0.06666666666666667,0.3358333333333332,2.0,0.0,33.0,22.272727272727273,9.0,16.766666666666666,2.0,0.0,26.0,22.803846153846152,8.0,16.975,1.0,0.0,7.0,0.0,9.0,31.238888888888887,1.0,0.0,4.0,0.0,9.0,33.82222222222222
rush_hour_seed1,rush_hour,1,258.25,273.25,148.0,5.130884187250673,7.8922297297297295,64.0,11.75,1.0,13.863347730375827,0.0,0.0,0.0,2.0,0.06666666666666667,0.2,0.0,0.0,30.0,0.2898308016404119,11.308333333333334,34.3,22.0,0.0,0.26666666666666666,0.0,0.7333333333333333,0.520940170940171,8.0,1.9389998800029289,7.84375,18.5,6.0,0.0,0.13333333333333333,0.0,0.3333333333333333,0.4840277777777778,2.0,11.991027055804153,0.0,0.0,0.0,2.0,0.13333333333333333,0.2,0.0,0.0,22.0,0.9513824614383093,13.879545454545456,34.45,19.0,0.0,0.26666666666666666,0.0,0.6,0.6173400673400674,7.0,2.4231836168496805,8.514285714285714,19.5,5.0,0.0,0.13333333333333333,0.0,0.26666666666666666,0.5076190476190476,1.0,16.43214357147533,0.0,0.0,0.0,2.0,0.06666666666666667,0.13333333333333333,0.0,0.0,12.0,6.489103860465522,0.0,0.0,0.0,2.0,0.26666666666666666,0.6666666666666666,-0.5333333333333333,-0.5120370370370371,8.0,1.51774646149106,23.7,60.2,6.0,0.0,0.13333333333333333,0.0,0.06666666666666667,0.36888888888888877,2.0,13.857392487251783,0.0,0.0,0.0,2.0,0.13333333333333333,0.13333333333333333,0.0,0.0,10.0,8.312048677758966,0.0,0.0,0.0,2.0,0.2,0.6666666666666666,-0.4,-0.411764705882353,8.0,1.251364515755106,26.4375,65.35,6.0,0.0,0.13333333333333333,0.0,0.06666666666666667,0.3302777777777777,2.0,0.0,33.0,23.272727272727273,9.0,17.544444444444444,2.0,0.075,27.0,22.81111111111111,9.0,15.844444444444443,1.0,0.0,8.0,0.11875,9.0,23.66111111111111,1.0,0.0,4.0,0.05,9.0,25.672222222222224
rush_hour_seed1,rush_hour,1,259.25,274.25,150.0,5.2137470158002515,8.22,65.0,10.75,2.0,12.91502760813688,0.0,0.0,0.0,2.0,0.13333333333333333,0.13333333333333333,0.0,0.0,31.0,0.3236884886867231,11.683870967741935,35.3,23.0,0.0,0.3333333333333333,0.0,0.8,0.5177708850289495,8.0,2.117169808514707,8.59375,19.5,6.0,0.0,0.13333333333333333,0.0,0.3333333333333333,0.5229166666666667,2.0,11.982934440756217,0.0,0.0,0.0,2.0,0.13333333333333333,0.13333333333333333,0.0,0.0,22.0,1.064221448744137,14.743181818181819,35.45,19.0,0.0,0.26666666666666666,0.0,0.6,0.6378787878787879,7.0,2.3323020986899192,9.228571428571428,20.5,5.0,0.0,0.13333333333333333,0.0,0.26666666666666666,0.5419047619047619,1.0,16.474244504244805,0.0,0.0,0.0,2.0,0.06666666666666667,0.13333333333333333,0.0,0.0,13.0,6.796552953518726,0.0,0.0,0.0,2.0,0.26666666666666666,0.6666666666666666,-0.4,-0.3012280701754386,8.0,1.3611771960000312,24.45,61.2,6.0,0.0,0.13333333333333333,0.0,0.06666666666666667,0.3633333333333333,2.0,13.85688291792234,0.0,0.0,0.0,2.0,0.13333333333333333,0.06666666666666667,0.0,0.0,9.0,8.638508995672536,0.0,0.0,0.0,2.0,0.2,0.7333333333333333,-0.3333333333333333,-0.2235294117647059,8.0,1.302330654229305,27.1875,66.35,6.0,0.0,0.06666666666666667,0.0,0.06666666666666667,0.5372619047619047,2.0,0.0,33.0,24.272727272727273,9.0,18.322222222222223,2.0,0.575,27.0,23.68888888888889,9.0,16.62222222222222,1.0,0.0,8.0,0.24375,8.0,7.9,1.0,0.0,4.0,0.3,8.0,8.4
rush_hour_seed1,rush_hour,1,260.25,275.25,146.0,4.964275307183515,8.896917808219179,66.0,9.75,2.0,12.913405296668062,0.0,0.0,0.0,2.0,0.13333333333333333,0.13333333333333333,0.0,0.0,31.0,0.3354277619657962,12.456451612903225,36.3,24.0,0.0,0.3333333333333333,0.0,0.8,0.5392762613730355,8.0,2.001517709798473,9.34375,20.5,6.0,0.0,0.13333333333333333,0.0,0.26666666666666666,0.55125,2.0,11.984303140563425,0.0,0.0,0.0,2.0,0.13333333333333333,0.13333333333333333,0.0,0.0,23.0,0.8966069787858144,14.928260869565218,36.45,19.0,0.0,0.3333333333333333,0.0,0.5333333333333333,0.6105877616747183,7.0,2.3163093466270013,9.942857142857141,21.5,5.0,0.0,0.13333333333333333,0.0,0.2,0.5668571428571428,1.0,16.41409212034735,0.0,0.0,0.0,2.0,0.06666666666666667,0.13333333333333333,0.0,0.0,12.0,7.020631675684103,0.0,0.0,0.0,2.0,0.26666666666666666,0.6666666666666666,-0.26666666666666666,-0.16870370370370372,8.0,1.2717382345115078,25.2,62.2,6.0,0.0,0.13333333333333333,0.0,0.06666666666666667,0.3577777777777778,1.0,13.889222098987084,0.0,0.0,0.0,2.0,0.06666666666666667,0.06666666666666667,0.0,0.0,8.0,8.925694498502518,0.0,0.0,0.0,2.0,0.2,0.7333333333333333,-0.26666666666666666,-0.09604166666666666,8.0,1.4124098776735048,27.9375,67.35,6.0,0.0,0.06666666666666667,0.0,0.06666666666666667,0.539642857142857,2.0,0.1,33.0,25.272727272727273,10.0,17.19,3.0,0.7166666666666667,27.0,24.57777777777778,9.0,17.4,2.0,0.0,8.0,0.36875,8.0,1.31875,1.0,0.0,4.0,0.55,8.0,4.7
rush_hour_seed1,rush_hour,1,261.25,276.25,146.0,5.043051849725887,9.35582191780822,67.0,8.75,2.0,12.922552726102294,0.0,0.0,0.0,2.0,0.13333333333333333,0.13333333333333333,0.0,0.0,31.0,0.28559687688784435,13.26290322580645,37.3,25.0,0.0,0.3333333333333333,0.0,0.8,0.5606038047973531,8.0,1.9225520387967612,10.09375,21.5,6.0,0.0,0.13333333333333333,0.0,0.26666666666666666,0.5790277777777778,2.0,11.971888408862288,0.0,0.0,0.0,2.0,0.13333333333333333,0.06666666666666667,0.0,0.0,23.0,0.7680257385216968,15.754347826086958,37.45,19.0,0.0,0.26666666666666666,0.0,0.4666666666666667,0.6437986270022885,7.0,2.337870997796251,10.657142857142857,22.5,5.0,0.0,0.06666666666666667,0.0,0.2,0.6082539682539683,1.0,16.433705609427573,0.0,0.0,0.0,2.0,0.06666666666666667,0.13333333333333333,0.0,0.0,11.0,7.297513021026777,0.0,0.0,0.0,2.0,0.2,0.6666666666666666,-0.26666666666666666,-0.11407407407407408,8.0,1.2380982979197162,25.95,63.2,6.0,0.0,0.13333333333333333,0.0,0.06666666666666667,0.3522222222222221,1.0,13.846274863110157,0.0,0.0,0.0,2.0,0.06666666666666667,0.06666666666666667,0.0,0.0,8.0,9.19344703729595,0.0,0.0,0.0,2.0,0.2,0.6666666666666666,-0.2,-0.060222222222222226,8.0,1.555838073556978,28.6875,68.35,6.0,0.0,0.06666666666666667,0.0,0.06666666666666667,0.5420238095238096,3.0,0.39999999999999997,33.0,26.272727272727273,10.0,17.895,3.0,1.05,27.0,25.46666666666667,9.0,18.177777777777777,2.0,0.0,8.0,0.49375,8.0,0.0,1.0,0.0,5.0,0.64,8.0,0.2625
rush_hour_seed1,rush_hour,1,262.25,277.25,141.0,4.7817976315428705,10.173758865248226,69.0,7.75,2.0,12.922607209278503,0.0,0.0,0.0,2.0,0.13333333333333333,0.06666666666666667,0.0,0.0,31.0,0.17506702728261264,14.091935483870968,38.3,26.0,0.0,0.3333333333333333,0.0,0.8,0.5802315963606286,8.0,1.8838336219899525,10.84375,22.5,6.0,0.0,0.13333333333333333,0.0,0.2,0.5973611111111111,2.0,11.989767472499516,0.0,0.0,0.0,2.0,0.13333333333333333,0.06666666666666667,0.0,0.0,23.0,0.666185461247956,16.617391304347827,38.45,20.0,0.0,0.26666666666666666,0.0,0.4666666666666667,0.6572997711670481,7.0,2.168118329330216,11.37142857142857,23.5,5.0,0.0,0.06666666666666667,0.0,0.13333333333333333,0.6242063492063491,1.0,16.48155305441636,0.0,0.0,0.0,2.0,0.06666666666666667,0.13333333333333333,0.0,0.0,11.0,7.590417010175028,0.0,0.0,0.0,2.0,0.2,0.6666666666666666,-0.2,-0.03592592592592593,8.0,1.3014418102131222,26.7,64.2,6.0,0.0,0.06666666666666667,0.0,0.06666666666666667,0.5514285714285715,1.0,13.840797748106999,0.0,0.0,0.0,2.0,0.06666666666666667,0.13333333333333333,0.0,0.0,7.0,9.388407423489936,0.0,0.0,0.0,2.0,0.2,0.7333333333333333,-0.06666666666666667,-0.010222222222222221,8.0,1.5271080491750268,29.4375,69.35,6.0,0.0,0.06666666666666667,0.0,0.06666666666666667,0.5444047619047618,3.0,0.7333333333333334,33.0,27.272727272727273,10.0,18.695,3.0,1.3833333333333335,28.0,25.414285714285715,9.0,18.955555555555556,2.0,0.0,8.0,0.6687500000000001,7.0,0.0,1.0,0.0,5.0,0.8400000000000001,7.0,0.0
rush_hour_seed1,rush_hour,1,263.25,278.25,140.0,4.748637305522877,10.741785714285713,70.0,6.75,2.0,12.372338846698401,0.0,0.0,0.0,2.0,0.13333333333333333,0.06666666666666667,0.0,0.0,31.0,0.10131350069731306,14.941935483870967,39.3,27.0,0.0,0.26666666666666666,0.0,0.8,0.6135364396654718,8.0,1.844683749712705,11.59375,23.5,6.0,0.0,0.13333333333333333,0.0,0.2,0.6140277777777778,1.0,11.987532144554425,0.0,0.0,0.0,2.0,0.06666666666666667,0.06666666666666667,0.0,0.0,23.0,0.6104493965309407,17.48695652173913,39.45,20.0,0.0,0.2,0.0,0.4,0.6927971014492754,7.0,2.061511190125407,12.085714285714285,24.5,5.0,0.0,0.06666666666666667,0.0,0.13333333333333333,0.6384920634920636,1.0,16.459759381977648,0.0,0.0,0.0,2.0,0.06666666666666667,0.13333333333333333,0.0,0.0,10.0,7.620018235008199,0.0,0.0,0.0,2.0,0.2,0.6666666666666666,-0.13333333333333333,-0.01568627450980392,8.0,1.4341807596635299,27.45,65.2,6.0,0.0,0.06666666666666667,0.0,0.06666666666666667,0.5538095238095238,1.0,13.83545167637174,0.0,0.0,0.0,2.0,0.06666666666666667,0.13333333333333333,0.0,0.0,6.0,9.459384174805797,0.0,0.0,0.0,2.0,0.2,0.7333333333333333,0.0,0.0,8.0,1.5100750620706933,30.1875,70.35,6.0,0.0,0.06666666666666667,0.0,0.06666666666666667,0.5467857142857142,3.0,1.0666666666666667,33.0,28.272727272727273,10.0,19.495,3.0,1.7166666666666668,28.0,26.271428571428572,9.0,19.733333333333334,2.0,0.075,9.0,0.8166666666666667,6.0,0.0,1.0,0.0,5.0,1.04,8.0,0.0
rush_hour_seed1,rush_hour,1,264.25,279.25,142.0,4.604105821222721,11.09225352112676,72.0,5.75,1.0,11.97430712245172,0.0,0.0,0.0,2.0,0.06666666666666667,0.06666666666666667,0.0,0.0,32.0,0.07194307054827721,15.3296875,40.3,28.0,0.0,0.26666666666666666,0.0,0.8666666666666667,0.6173363095238095,8.0,1.6949053897389088,12.34375,24.5,6.0,0.0,0.06666666666666667,0.0,0.13333333333333333,0.6486309523809524,1.0,11.977854660653975,0.0,0.0,0.0,2.0,0.06666666666666667,0.13333333333333333,0.0,0.0,24.0,0.6171656773620849,17.591666666666665,40.45,20.0,0.0,0.26666666666666666,0.0,0.3333333333333333,0.6529444444444443,8.0,2.050258326563965,11.2,25.5,5.0,0.0,0.13333333333333333,0.0,0.06666666666666667,0.5388888888888889,2.0,14.102972445643164,0.0,0.0,0.0,2.0,0.13333333333333333,0.06666666666666667,0.0,0.0,9.0,7.683436313248218,0.0,0.0,0.0,2.0,0.2,0.7333333333333333,0.0,0.0,8.0,1.5203683746203522,28.2,66.2,6.0,0.0,0.06666666666666667,0.0,0.06666666666666667,0.5561904761904761,1.0,13.884877556043213,0.0,0.0,0.0,2.0,0.06666666666666667,0.06666666666666667,0.0,0.0,7.0,9.627211093675525,0.0,0.0,0.0,2.0,0.26666666666666666,0.6666666666666666,0.0,0.0,8.0,1.5051930608255446,31.049999999999997,71.35,7.0,0.0,0.06666666666666667,0.0,0.13333333333333333,0.5566666666666665,3.0,1.4000000000000001,33.0,29.272727272727273,10.0,20.295,3.0,2.0500000000000003,28.0,27.146428571428572,9.0,20.51111111111111,2.0,0.575,9.0,1.0666666666666667,7.0,0.0,2.0,0.0,6.0,1.0333333333333334,7.0,0.0
rush_hour_seed1,rush_hour,1,265.25,280.25,141.0,4.5513989205508985,11.685460992907801,73.0,4.75,1.0,11.975472854271066,0.0,0.0,0.0,2.0,0.06666666666666667,0.06666666666666667,0.0,0.0,32.0,0.11467010916828761,16.2046875,41.3,28.0,0.0,0.26666666666666666,0.0,0.8,0.6379315476190475,8.0,1.59835031939475,13.09375,25.5,6.0,0.0,0.06666666666666667,0.0,0.13333333333333333,0.6605357142857142,1.0,11.980827750025783,0.0,0.0,0.0,2.0,0.06666666666666667,0.13333333333333333,0.0,0.0,24.0,0.5815262215078485,18.425,41.45,20.0,0.0,0.26666666666666666,0.0,0.3333333333333333,0.6585000000000001,8.0,1.9997266844424222,11.825,26.5,5.0,0.0,0.13333333333333333,0.0,0.06666666666666667,0.5361111111111111,1.0,13.828247502470623,0.0,0.0,0.0,2.0,0.06666666666666667,0.06666666666666667,0.0,0.0,9.0,7.909545202710344,0.0,0.0,0.0,2.0,0.2,0.6666666666666666,0.0,0.0,8.0,1.5040486093787584,29.01875,67.2,7.0,0.0,0.06666666666666667,0.0,0.13333333333333333,0.5631547619047619,1.0,13.835404618782924,0.0,0.0,0.0,2.0,0.06666666666666667,0.06666666666666667,0.0,0.0,7.0,10.146321241142319,0.0,0.0,0.0,2.0,0.26666666666666666,0.7333333333333333,0.0,0.0,8.0,1.4793651965113896,31.924999999999997,72.35,7.0,0.0,0.06666666666666667,0.0,0.13333333333333333,0.5673809523809522,3.0,1.7333333333333334,33.0,30.272727272727273,10.0,21.095000000000002,3.0,2.3833333333333333,28.0,28.039285714285715,9.0,21.288888888888888,2.0,1.075,10.0,1.26,6.0,0.0,2.0,0.0,6.0,1.2,6.0,0.0
rush_hour_seed1,rush_hour,1,266.25,281.25,145.0,4.574604536078917,11.876551724137931,76.0,3.75,1.0,11.970871534352192,0.0,0.0,0.0,2.0,0.06666666666666667,0.13333333333333333,0.0,0.0,33.0,0.14041174922155053,16.599999999999998,42.3,30.0,0.0,0.3333333333333333,0.0,0.8666666666666667,0.6251190476190476,9.0,1.6665364988939126,12.305555555555555,26.5,6.0,0.0,0.13333333333333333,0.0,0.06666666666666667,0.5656084656084656,2.0,12.444715601424221,0.0,0.0,0.0,2.0,0.13333333333333333,0.13333333333333333,0.0,0.0,25.0,0.5752010553791215,18.488,42.45,20.0,0.0,0.3333333333333333,0.0,0.3333333333333333,0.6127,8.0,1.8102825565101115,12.475,27.5,6.0,0.0,0.13333333333333333,0.0,0.13333333333333333,0.5349999999999999,1.0,13.880503204038833,0.0,0.0,0.0,2.0,0.06666666666666667,0.06666666666666667,0.0,0.0,9.0,8.184158053658102,0.0,0.0,0.0,2.0,0.26666666666666666,0.6666666666666666,0.0,0.0,8.0,1.4994198120250626,29.89375,68.2,7.0,0.0,0.06666666666666667,0.0,0.13333333333333333,0.5738690476190478,1.0,13.832896512045991,0.0,0.0,0.0,2.0,0.06666666666666667,0.06666666666666667,0.0,0.0,6.0,10.871840985056785,0.0,0.0,0.0,2.0,0.26666666666666666,0.7333333333333333,0.0,0.0,8.0,1.142098186489224,32.8,73.35,7.0,0.0,0.06666666666666667,0.0,0.06666666666666667,0.5723809523809521,3.0,2.066666666666667,33.0,31.272727272727273,10.0,21.935,3.0,2.716666666666667,28.0,28.932142857142857,9.0,22.066666666666666,2.0,1.575,10.0,1.655,5.0,0.0,2.0,0.0,6.0,1.3666666666666665,6.0,0.0
rush_hour_seed1,rush_hour,1,267.25,282.25,146.0,4.623348249558587,12.320890410958903,77.0,2.75,1.0,11.979858899870887,0.0,0.0,0.0,2.0,0.06666666666666667,0.13333333333333333,0.0,0.0,33.0,0.09806455386417233,17.509090909090908,43.3,30.0,0.0,0.3333333333333333,0.0,0.8,0.6448917748917748,9.0,1.857831300889547,12.972222222222221,27.5,6.0,0.0,0.13333333333333333,0.0,0.06666666666666667,0.5624338624338624,2.0,12.600269896034611,0.0,0.0,0.0,2.0,0.13333333333333333,0.13333333333333333,0.0,0.0,25.0,0.6458031515563737,19.317999999999998,43.45,21.0,0.0,0.3333333333333333,0.0,0.3333333333333333,0.6160333333333331,8.0,1.6660748607912774,13.225,28.5,6.0,0.0,0.13333333333333333,0.0,0.13333333333333333,0.5405555555555556,1.0,13.848234356226166,0.0,0.0,0.0,2.0,0.06666666666666667,0.06666666666666667,0.0,0.0,9.0,8.70743876997769,0.0,0.0,0.0,2.0,0.26666666666666666,0.7333333333333333,0.0,0.0,8.0,1.4990921180263512,30.76875,69.2,7.0,0.0,0.06666666666666667,0.0,0.13333333333333333,0.5845833333333333,1.0,13.872072883229704,0.0,0.0,0.0,2.0,0.06666666666666667,0.06666666666666667,0.0,0.0,6.0,11.026624654549861,0.0,0.0,0.0,2.0,0.2,0.6666666666666666,0.0,0.0,9.0,1.0875251892931659,29.93333333333333,74.35,7.0,0.0,0.13333333333333333,0.0,0.06666666666666667,0.3241269841269838,3.0,2.4,33.0,32.27272727272727,10.0,22.835,3.0,3.0500000000000003,29.0,28.79655172413793,10.0,20.56,2.0,2.075,10.0,2.0599999999999996,4.0,0.0,2.0,0.0,6.0,1.5916666666666666,5.0,0.0
rush_hour_seed1,rush_hour,1,268.25,283.25,146.0,4.6790554684878565,12.853424657534246,80.0,1.75,2.0,11.78422729500869,0.0,0.0,0.0,2.0,0.13333333333333333,0.13333333333333333,0.0,0.0,33.0,0.0521109639246324,18.42878787878788,44.3,31.0,0.0,0.26666666666666666,0.0,0.8,0.6824939045628701,9.0,1.8022280244057747,13.655555555555557,28.5,7.0,0.0,0.13333333333333333,0.0,0.13333333333333333,0.5603703703703704,2.0,12.600670994338106,0.0,0.0,0.0,2.0,0.13333333333333333,0.13333333333333333,0.0,0.0,25.0,0.7419123481012788,20.168,44.45,22.0,0.0,0.3333333333333333,0.0,0.3333333333333333,0.6185333333333333,8.0,1.5904308713007032,13.975,29.5,6.0,0.0,0.13333333333333333,0.0,0.13333333333333333,0.5461111111111111,1.0,13.85255524672335,0.0,0.0,0.0,2.0,0.06666666666666667,0.06666666666666667,0.0,0.0,9.0,9.03906474111057,0.0,0.0,0.0,2.0,0.26666666666666666,0.6666666666666666,0.0,0.0,8.0,1.4302262385189066,31.64375,70.2,7.0,0.0,0.06666666666666667,0.0,0.06666666666666667,0.5895833333333333,1.0,13.857405509605305,0.0,0.0,0.0,2.0,0.06666666666666667,0.06666666666666667,0.0,0.0,5.0,11.324884036083956,0.0,0.0,0.0,2.0,0.2,0.6666666666666666,0.0,0.0,9.0,1.0613587371467497,30.71111111111111,75.35,7.0,0.0,0.13333333333333333,0.0,0.06666666666666667,0.31883597883597875,3.0,2.733333333333333,33.0,33.27272727272727,11.0,21.577272727272728,4.0,2.7,29.0,29.66551724137931,10.0,21.294999999999998,2.0,2.575,10.0,2.56,4.0,0.0,2.0,0.475,6.0,1.9916666666666665,5.0,0.0
rush_hour_seed1,rush_hour,1,269.25,284.25,146.0,4.639128029197615,13.401369863013699,80.0,0.75,2.0,11.794956005457873,0.0,0.0,0.0,2.0,0.13333333333333333,0.13333333333333333,0.0,0.0,33.0,0.025691301063031177,19.368181818181817,45.3,31.0,0.0,0.26666666666666666,0.0,0.8,0.7014420062695924,9.0,1.7664483393011101,14.433333333333334,29.5,7.0,0.0,0.13333333333333333,0.0,0.13333333333333333,0.5646031746031746,2.0,12.60538433668366,0.0,0.0,0.0,2.0,0.13333333333333333,0.06666666666666667,0.0,0.0,25.0,0.6283650706586469,21.048000000000002,45.45,22.0,0.0,0.26666666666666666,0.0,0.3333333333333333,0.6578031746031746,8.0,1.5881808906423285,14.725,30.5,6.0,0.0,0.13333333333333333,0.0,0.06666666666666667,0.5416666666666666,1.0,13.850226343974937,0.0,0.0,0.0,2.0,0.06666666666666667,0.13333333333333333,0.0,0.0,8.0,9.23006538028374,0.0,0.0,0.0,2.0,0.26666666666666666,0.6666666666666666,0.0,0.0,9.0,1.3129175575829761,28.90555555555555,71.2,7.0,0.0,0.13333333333333333,0.0,0.06666666666666667,0.34989417989417976,2.0,13.852329464764917,0.0,0.0,0.0,2.0,0.13333333333333333,0.06666666666666667,0.0,0.0,4.0,11.775285145327018,0.0,0.0,0.0,2.0,0.2,0.6666666666666666,0.0,0.0,9.0,1.071087397445372,31.488888888888887,76.35,7.0,0.0,0.13333333333333333,0.0,0.06666666666666667,0.3135449735449735,4.0,2.3,33.0,34.27272727272727,11.0,22.395454545454545,4.0,3.2,30.0,29.543333333333333,10.0,22.095,2.0,3.075,10.0,3.06,3.0,0.0,2.0,0.975,6.0,2.4916666666666667,4.0,0.0
rush_hour_seed1,rush_hour,1,270.25,285.25,143.0,4.504139720672623,14.241958041958041,80.0,2.75,2.0,11.812517383245371,0.0,0.0,0.0,1.0,0.13333333333333333,0.13333333333333333,0.0,0.0,33.0,0.012405418591295956,20.30757575757576,46.3,31.0,0.0,0.26666666666666666,0.0,0.7333333333333333,0.7191257401602229,9.0,1.7431216415903794,15.211111111111112,30.5,7.0,0.0,0.13333333333333333,0.0,0.13333333333333333,0.5688359788359789,2.0,12.387717982325647,0.0,0.0,0.0,1.0,0.13333333333333333,0.06666666666666667,0.0,0.0,25.0,0.5300554932470557,21.928,46.45,22.0,0.0,0.2,0.0,0.3333333333333333,0.6988363636363637,8.0,1.6014542572655024,15.475,31.5,6.0,0.0,0.06666666666666667,0.0,0.06666666666666667,0.6069047619047618,1.0,13.851251249744092,0.0,0.0,0.0,1.0,0.06666666666666667,0.13333333333333333,0.0,0.0,8.0,9.451803604675767,0.0,0.0,0.0,1.0,0.2,0.6,0.0,0.0,9.0,1.2347381589082742,29.68333333333333,72.2,7.0,0.0,0.13333333333333333,0.0,0.06666666666666667,0.3446031746031745,2.0,12.91110951015995,0.0,0.0,0.0,1.0,0.13333333333333333,0.06666666666666667,0.0,0.0,4.0,11.843161908576938,0.0,0.0,0.0,1.0,0.2,0.6,0.0,0.0,9.0,1.1593475370032216,32.266666666666666,77.35,7.0,0.0,0.06666666666666667,0.0,0.06666666666666667,0.538611111111111,4.0,2.55,33.0,35.27272727272727,11.0,23.213636363636365,4.0,3.7,30.0,30.441666666666666,10.0,22.895,3.0,2.3833333333333333,10.0,3.66,3.0,0.0,2.0,1.475,6.0,2.9916666666666667,3.0,0.0
rush_hour_seed1,rush_hour,1,271.25,286.25,143.0,4.30046492190218,14.807342657342655,81.0,1.75,2.0,11.799255613859945,0.0,0.0,0.0,1.0,0.13333333333333333,0.06666666666666667,0.0,0.0,33.0,0.005868433309073891,21.272727272727273,47.3,32.0,0.0,0.26666666666666666,0.0,0.7333333333333333,0.7369174503657263,9.0,1.7951415612018207,15.988888888888889,31.5,7.0,0.0,0.13333333333333333,0.0,0.13333333333333333,0.573068783068783,2.0,10.394203665934452,0.0,0.0,0.0,1.0,0.13333333333333333,0.06666666666666667,0.0,0.0,26.0,0.4061995699223942,21.930769230769233,47.45,22.0,0.0,0.26666666666666666,0.0,0.26666666666666666,0.6473543123543125,8.0,1.5382879417312834,16.225,32.5,6.0,0.0,0.06666666666666667,0.0,0.06666666666666667,0.6092857142857144,1.0,13.831528038374381,0.0,0.0,0.0,1.0,0.06666666666666667,0.13333333333333333,0.0,0.0,7.0,8.39745402945247,0.0,0.0,0.0,1.0,0.2,0.6666666666666666,0.0,0.0,9.0,1.1967441743358924,30.46111111111111,73.2,7.0,0.0,0.13333333333333333,0.0,0.06666666666666667,0.33931216931216923,1.0,13.861049330278766,0.0,0.0,0.0,1.0,0.06666666666666667,0.06666666666666667,0.0,0.0,4.0,11.744317534028658,0.0,0.0,0.0,1.0,0.26666666666666666,0.6666666666666666,0.0,0.0,9.0,1.284171000665985,33.044444444444444,78.35,7.0,0.0,0.06666666666666667,0.0,0.06666666666666667,0.5404629629629629,4.0,2.8,33.0,36.27272727272727,11.0,24.031818181818185,4.0,4.2,30.0,31.341666666666665,10.0,23.695,3.0,2.716666666666667,11.0,3.9272727272727277,2.0,0.0,2.0,1.975,7.0,2.992857142857143,3.0,0.0
rush_hour_seed1,rush_hour,1,272.25,287.25,142.0,4.130302992318913,15.494014084507043,83.0,0.75,2.0,11.494176796955259,0.0,0.0,0.0,1.0,0.13333333333333333,0.06666666666666667,0.0,0.0,33.0,0.002956446520111959,22.272727272727273,48.3,33.0,0.0,0.2,0.0,0.8,0.7796262626262626,9.0,1.8491599668188516,16.766666666666666,32.5,7.0,0.0,0.06666666666666667,0.0,0.13333333333333333,0.644861111111111,2.0,8.40581350730849,0.0,0.0,0.0,1.0,0.06666666666666667,0.06666666666666667,0.0,0.0,26.0,0.3388672215360298,22.803846153846152,48.45,23.0,0.0,0.26666666666666666,0.0,0.3333333333333333,0.6510139860139859,8.0,1.5150411671485708,16.975,33.5,6.0,0.0,0.06666666666666667,0.0,0.06666666666666667,0.6116666666666667,1.0,13.831996430503205,0.0,0.0,0.0,1.0,0.06666666666666667,0.13333333333333333,0.0,0.0,7.0,6.77578763269652,0.0,0.0,0.0,1.0,0.2,0.6,0.0,0.0,9.0,1.1989801154243809,31.238888888888887,74.2,7.0,0.0,0.13333333333333333,0.0,0.06666666666666667,0.33402116402116394,1.0,13.848153774923412,0.0,0.0,0.0,1.0,0.06666666666666667,0.06666666666666667,0.0,0.0,4.0,10.987013980857927,0.0,0.0,0.0,1.0,0.2,0.6,0.0,0.0,9.0,1.4460562137376147,33.82222222222222,79.35,7.0,0.0,0.06666666666666667,0.0,0.06666666666666667,0.5423148148148148,4.0,3.2375,33.0,37.27272727272727,11.0,24.85,4.0,4.7,30.0,32.26,10.0,24.494999999999997,3.0,3.0500000000000003,11.0,4.5636363636363635,2.0,0.0,2.0,2.475,7.0,3.4214285714285713,3.0,0.0
rush_hour_seed1,rush_hour,1,273.25,288.25,143.0,3.9128934973294376,14.893006993006992,85.0,11.75,2.0,9.48622564276154,0.0,0.0,0.0,0.0,0.13333333333333333,0.06666666666666667,0.0,0.0,33.0,0.0015679312382431332,23.272727272727273,49.3,33.0,0.0,0.2,0.0,0.7333333333333333,0.7976262626262627,9.0,1.7568503509292506,17.544444444444444,33.5,7.0,0.0,0.06666666666666667,0.0,0.06666666666666667,0.646712962962963,2.0,6.618891352883533,0.075,0.15,1.0,0.0,0.06666666666666667,0.06666666666666667,0.06666666666666667,0.005,27.0,0.33846068712146765,22.81111111111111,49.45,23.0,0.0,0.3333333333333333,0.0,0.26666666666666666,0.5954377104377103,9.0,1.5572553156851692,15.844444444444443,34.5,7.0,0.0,0.13333333333333333,0.0,0.13333333333333333,0.4886772486772486,1.0,13.880510096951621,0.0,0.0,0.0,0.0,0.06666666666666667,0.06666666666666667,0.0,0.0,8.0,6.200465822317079,0.11875,0.95,1.0,0.0,0.26666666666666666,0.5333333333333333,0.06666666666666667,0.007916666666666666,9.0,1.3361768572866446,23.66111111111111,61.8,6.0,2.0,0.06666666666666667,0.0,0.0,-0.002592592592592524,1.0,13.888008043729933,0.0,0.0,0.0,0.0,0.06666666666666667,0.13333333333333333,0.0,0.0,4.0,10.068475725099379,0.05,0.2,1.0,0.0,0.2,0.6,0.06666666666666667,0.0033333333333333335,9.0,1.504365609440732,25.672222222222224,68.4,6.0,2.0,0.06666666666666667,0.0,0.0,-0.05101851851851838,4.0,0.4375,33.0,36.32424242424243,11.0,25.66818181818182,4.0,1.4125,30.0,29.11,10.0,25.294999999999998,3.0,0.0,11.0,5.2,2.0,0.0,2.0,0.0,8.0,3.36875,3.0,0.049999999999999996
rush_hour_seed1,rush_hour,1,274.25,289.25,141.0,3.8163639018559676,13.402836879432623,81.0,10.75,2.0,7.483718709219219,0.0,0.0,0.0,0.0,0.06666666666666667,0.06666666666666667,0.0,0.0,33.0,0.0008708686020155537,24.272727272727273,50.3,33.0,0.0,0.13333333333333333,0.0,0.6666666666666666,0.8392570869990226,9.0,1.7019683096433187,18.322222222222223,34.5,7.0,0.0,0.06666666666666667,0.0,0.06666666666666667,0.6485648148148149,2.0,6.593051999851123,0.575,1.15,1.0,0.0,0.06666666666666667,0.06666666666666667,0.06666666666666667,0.03833333333333333,27.0,0.44703161506329686,23.68888888888889,50.45,24.0,0.0,0.3333333333333333,0.0,0.3333333333333333,0.5963804713804713,9.0,1.6722847524208326,16.62222222222222,35.5,7.0,0.0,0.13333333333333333,0.0,0.13333333333333333,0.4929100529100528,1.0,13.835339213922854,0.0,0.0,0.0,0.0,0.06666666666666667,0.06666666666666667,0.0,0.0,8.0,5.81660248729501,0.24375,1.95,1.0,0.0,0.2,0.5333333333333333,0.06666666666666667,0.01625,8.0,1.8384995897208518,7.9,32.05,3.0,2.0,0.06666666666666667,0.06666666666666667,-0.2,-1.103333333333333,1.0,13.852231325542089,0.0,0.0,0.0,0.0,0.06666666666666667,0.13333333333333333,0.0,0.0,4.0,9.987085074612091,0.3,1.2,1.0,0.0,0.2,0.5333333333333333,0.06666666666666667,0.02,8.0,1.8596262531313668,8.4,32.6,4.0,2.0,0.06666666666666667,0.06666666666666667,-0.13333333333333333,-1.2525000000000002,3.0,0.0,32.0,32.946875,11.0,26.486363636363638,3.0,0.0,30.0,26.151666666666664,10.0,26.095,2.0,0.0,12.0,5.3500000000000005,2.0,0.3,1.0,0.0,8.0,3.8625,4.0,0.2875
rush_hour_seed1,rush_hour,1,275.25,290.25,142.0,3.8036213706236883,13.251760563380282,79.0,9.75,2.0,5.824695907087966,0.1,0.2,1.0,0.0,0.06666666666666667,0.06666666666666667,0.06666666666666667,0.006666666666666667,33.0,0.0004865959268560522,25.272727272727273,51.3,33.0,0.0,0.13333333333333333,0.0,0.6,0.8544183773216033,10.0,1.4506623240001426,17.19,35.5,7.0,0.0,0.13333333333333333,0.0,0.06666666666666667,0.5230833333333335,3.0,7.130653402450176,0.7166666666666667,2.15,1.0,0.0,0.13333333333333333,0.06666666666666667,0.06666666666666667,0.04777777777777778,27.0,0.5632149897796666,24.57777777777778,51.45,24.0,0.0,0.26666666666666666,0.0,0.3333333333333333,0.6433011272141708,9.0,1.6003262818239938,17.4,36.5,7.0,0.0,0.13333333333333333,0.0,0.13333333333333333,0.49714285714285716,2.0,13.246197772260103,0.0,0.0,0.0,0.0,0.13333333333333333,0.06666666666666667,0.0,0.0,8.0,5.370921702709889,0.36875,2.95,1.0,0.0,0.2,0.4666666666666667,0.06666666666666667,0.024583333333333336,8.0,2.5115990461787367,1.31875,10.55,1.0,2.0,0.06666666666666667,0.06666666666666667,-0.3333333333333333,-1.5920833333333333,1.0,13.82680159377749,0.0,0.0,0.0,0.0,0.06666666666666667,0.06666666666666667,0.0,0.0,4.0,8.571794154479441,0.55,2.2,1.0,0.0,0.2,0.4666666666666667,0.06666666666666667,0.03666666666666667,8.0,2.3727855446873414,4.7,24.6,3.0,2.0,0.06666666666666667,0.06666666666666667,-0.2,-1.5491666666666668,3.0,0.0,32.0,30.4,11.0,27.30454545454546,3.0,0.0,30.0,23.285,10.0,26.975,2.0,0.0,12.0,5.933333333333334,3.0,0.5333333333333333,2.0,0.0,8.0,4.3625,4.0,0.5375
rush_hour_seed1,rush_hour,1,276.25,291.25,142.0,3.763869083374571,13.455985915492958,77.0,8.75,3.0,6.221759620502209,0.39999999999999997,1.2,1.0,0.0,0.13333333333333333,0.06666666666666667,0.06666666666666667,0.026666666666666665,33.0,0.0002759107448437137,26.272727272727273,52.3,33.0,0.0,0.13333333333333333,0.0,0.5333333333333333,0.8673216031280548,10.0,1.265299885040043,17.895,36.5,8.0,0.0,0.13333333333333333,0.0,0.13333333333333333,0.5200833333333333,3.0,7.679881299449431,1.05,3.15,1.0,0.0,0.13333333333333333,0.06666666666666667,0.06666666666666667,0.07,27.0,0.48037052411032793,25.46666666666667,52.45,24.0,0.0,0.26666666666666666,0.0,0.3333333333333333,0.6474879227053141,9.0,1.5560859621876488,18.177777777777777,37.5,7.0,0.0,0.13333333333333333,0.0,0.13333333333333333,0.5013756613756614,2.0,10.972345706690927,0.0,0.0,0.0,0.0,0.13333333333333333,0.06666666666666667,0.0,0.0,8.0,4.5626926599203905,0.49375,3.95,1.0,0.0,0.2,0.4,0.06666666666666667,0.03291666666666667,8.0,3.5026434293191664,0.0,0.0,0.0,2.0,0.06666666666666667,0.06666666666666667,-0.4,-1.73,1.0,13.85905470509897,0.0,0.0,0.0,0.0,0.06666666666666667,0.06666666666666667,0.0,0.0,5.0,7.338171774254441,0.64,3.2,1.0,0.0,0.26666666666666666,0.4666666666666667,0.06666666666666667,0.042666666666666665,8.0,2.962420209808575,0.2625,2.1,1.0,2.0,0.06666666666666667,0.06666666666666667,-0.3333333333333333,-1.895,3.0,0.0,31.0,28.81451612903226,11.0,28.154545454545453,3.0,0.0,30.0,20.575,11.0,25.34090909090909,2.0,0.0,12.0,6.5625,3.0,0.8666666666666667,2.0,0.0,8.0,4.8625,4.0,0.7875
rush_hour_seed1,rush_hour,1,277.25,292.25,142.0,3.7058572286057907,13.979225352112676,77.0,7.75,3.0,6.782479456920104,0.7333333333333334,2.2,1.0,0.0,0.13333333333333333,0.06666666666666667,0.06666666666666667,0.04888888888888889,33.0,0.00016037741915601238,27.272727272727273,53.3,33.0,0.0,0.13333333333333333,0.0,0.4666666666666667,0.8787194525904204,10.0,1.1262965001668026,18.695,37.5,8.0,0.0,0.13333333333333333,0.0,0.13333333333333333,0.5234166666666666,3.0,7.176471620383307,1.3833333333333335,4.15,1.0,0.0,0.13333333333333333,0.06666666666666667,0.06666666666666667,0.09222222222222223,28.0,0.3849981286087849,25.414285714285715,53.45,24.0,0.0,0.3333333333333333,0.0,0.26666666666666666,0.5864596273291925,9.0,1.54086256390881,18.955555555555556,38.5,7.0,0.0,0.13333333333333333,0.0,0.13333333333333333,0.5056084656084657,2.0,8.72685418116433,0.0,0.0,0.0,0.0,0.13333333333333333,0.06666666666666667,0.0,0.0,8.0,3.7997096020307577,0.6687500000000001,4.95,2.0,0.0,0.2,0.4,0.13333333333333333,0.044583333333333336,7.0,4.436853160277318,0.0,0.0,0.0,2.0,0.06666666666666667,0.13333333333333333,-0.4,-1.78,1.0,13.830107205222594,0.0,0.0,0.0,0.0,0.06666666666666667,0.06666666666666667,0.0,0.0,5.0,6.820021588140835,0.8400000000000001,4.2,1.0,0.0,0.26666666666666666,0.4,0.06666666666666667,0.05600000000000001,7.0,3.1487839978019454,0.0,0.0,0.0,2.0,0.06666666666666667,0.13333333333333333,-0.4,-1.9625,3.0,0.0,31.0,26.288709677419355,12.0,26.641666666666666,3.0,0.0,30.0,17.903333333333332,11.0,26.15909090909091,1.0,0.0,12.0,7.229166666666667,3.0,1.2,2.0,0.0,8.0,5.3625,4.0,1.05
rush_hour_seed1,rush_hour,1,278.25,293.25,142.0,3.671835693512674,14.522535211267604,78.0,6.75,3.0,7.364446372294025,1.0666666666666667,3.2,1.0,0.0,0.13333333333333333,0.06666666666666667,0.06666666666666667,0.07111111111111111,33.0,9.202469370351322e-05,28.272727272727273,54.3,33.0,0.0,0.13333333333333333,0.0,0.4,0.8887194525904204,10.0,1.081364561017393,19.495,38.5,8.0,0.0,0.13333333333333333,0.0,0.13333333333333333,0.52675,3.0,6.166267057434619,1.7166666666666668,5.15,1.0,0.0,0.13333333333333333,0.0,0.06666666666666667,0.11444444444444445,28.0,0.3526065819478565,26.271428571428572,54.45,24.0,0.0,0.3333333333333333,0.0,0.26666666666666666,0.585631469979296,9.0,1.592866988828837,19.733333333333334,39.5,7.0,0.0,0.13333333333333333,0.0,0.13333333333333333,0.5098412698412699,2.0,6.732482974853215,0.075,0.15,1.0,0.0,0.13333333333333333,0.06666666666666667,0.06666666666666667,0.005,9.0,3.4278634602321487,0.8166666666666667,5.95,2.0,0.0,0.26666666666666666,0.3333333333333333,0.13333333333333333,0.05444444444444444,6.0,5.452116703652894,0.0,0.0,0.0,2.0,0.06666666666666667,0.2,-0.4,-1.8299999999999998,1.0,13.82531747296569,0.0,0.0,0.0,0.0,0.06666666666666667,0.06666666666666667,0.0,0.0,5.0,6.442612577851991,1.04,5.2,1.0,0.0,0.26666666666666666,0.3333333333333333,0.06666666666666667,0.06933333333333333,8.0,3.996238260747176,0.0,0.0,0.0,2.0,0.13333333333333333,0.13333333333333333,-0.4,-2.0125,3.0,0.0,30.0,26.238333333333333,12.0,27.474999999999998,3.0,0.0,29.0,15.87413793103448,11.0,26.977272727272727,1.0,0.0,13.0,7.288461538461538,3.0,1.5333333333333332,1.0,0.0,9.0,5.211111111111111,4.0,1.55
rush_hour_seed1,rush_hour,1,279.25,294.25,143.0,3.7934147790522106,14.97167832167832,80.0,5.75,3.0,7.8724094410349865,1.4000000000000001,4.2,1.0,0.0,0.13333333333333333,0.0,0.06666666666666667,0.09333333333333334,33.0,5.2326933537957597e-05,29.272727272727273,55.3,33.0,0.0,0.06666666666666667,0.0,0.3333333333333333,0.9295359848484849,10.0,1.1532493286794325,20.295,39.5,8.0,0.0,0.13333333333333333,0.0,0.13333333333333333,0.5300833333333335,3.0,5.175960331930409,2.0500000000000003,6.15,1.0,0.0,0.13333333333333333,0.0,0.06666666666666667,0.1366666666666667,28.0,0.34150374004005274,27.146428571428572,55.45,25.0,0.0,0.26666666666666666,0.0,0.3333333333333333,0.6369841269841271,9.0,1.695184482539536,20.51111111111111,40.5,7.0,0.0,0.06666666666666667,0.0,0.13333333333333333,0.6207407407407407,2.0,6.73215508552416,0.575,1.15,1.0,0.0,0.06666666666666667,0.06666666666666667,0.06666666666666667,0.03833333333333333,9.0,3.2286630826058347,1.0666666666666667,6.95,3.0,0.0,0.26666666666666666,0.26666666666666666,0.2,0.07111111111111111,7.0,6.636866370135382,0.0,0.0,0.0,2.0,0.13333333333333333,0.2,-0.4,-1.88,2.0,13.377804932642835,0.0,0.0,0.0,0.0,0.13333333333333333,0.06666666666666667,0.0,0.0,6.0,6.212092462938795,1.0333333333333334,6.2,1.0,0.0,0.26666666666666666,0.3333333333333333,0.06666666666666667,0.0688888888888889,7.0,4.719706516542067,0.0,0.0,0.0,2.0,0.13333333333333333,0.2,-0.4666666666666667,-2.07,2.0,0.0,30.0,23.69333333333333,12.0,28.308333333333334,2.0,0.0,28.0,15.385714285714286,11.0,27.795454545454547,1.0,0.0,13.0,7.9692307692307685,3.0,1.8666666666666665,1.0,0.0,9.0,5.683333333333334,4.0,2.05
rush_hour_seed1,rush_hour,1,280.25,295.25,142.0,3.8154553916822738,15.640492957746478,80.0,4.75,3.0,6.970346452828257,1.7333333333333334,5.2,1.0,0.0,0.13333333333333333,0.0,0.06666666666666667,0.11555555555555556,33.0,2.9036785571664913e-05,30.272727272727273,56.3,33.0,0.0,0.06666666666666667,0.0,0.3333333333333333,0.9378693181818183,10.0,1.1838885983108827,21.095000000000002,40.5,8.0,0.0,0.13333333333333333,0.0,0.13333333333333333,0.5334166666666669,3.0,4.49444410381911,2.3833333333333333,7.15,1.0,0.0,0.13333333333333333,0.0,0.06666666666666667,0.15888888888888889,28.0,0.3093559380386387,28.039285714285715,56.45,25.0,0.0,0.26666666666666666,0.0,0.3333333333333333,0.6409523809523809,9.0,1.6230978799268316,21.288888888888888,41.5,7.0,0.0,0.06666666666666667,0.0,0.13333333333333333,0.6309259259259259,2.0,6.738115772231563,1.075,2.15,1.0,0.0,0.06666666666666667,0.0,0.06666666666666667,0.07166666666666667,10.0,3.3379495898146545,1.26,7.95,3.0,0.0,0.3333333333333333,0.26666666666666666,0.2,0.084,6.0,7.631720057302599,0.0,0.0,0.0,2.0,0.13333333333333333,0.26666666666666666,-0.4666666666666667,-1.9345833333333333,2.0,11.133469486640044,0.0,0.0,0.0,0.0,0.13333333333333333,0.06666666666666667,0.0,0.0,6.0,6.214619229012846,1.2,7.2,1.0,0.0,0.2,0.26666666666666666,0.06666666666666667,0.08,6.0,5.571614003529022,0.0,0.0,0.0,2.0,0.13333333333333333,0.26666666666666666,-0.4666666666666667,-2.128333333333333,2.0,0.0,29.0,21.863793103448273,12.0,29.141666666666666,2.0,0.0,27.0,13.135185185185184,11.0,28.613636363636363,2.0,0.0,13.0,8.661538461538461,3.0,2.1999999999999997,1.0,0.0,9.0,6.238888888888889,4.0,2.55
rush_hour_seed1,rush_hour,1,281.25,296.25,139.0,3.693383953002439,16.563309352517987,82.0,3.75,3.0,6.020335288296579,2.066666666666667,6.2,1.0,0.0,0.13333333333333333,0.0,0.06666666666666667,0.1377777777777778,33.0,1.586037664335761e-05,31.272727272727273,57.3,33.0,0.0,0.0,0.0,0.2,0.9781818181818184,10.0,1.170381861284326,21.935,41.5,9.0,0.0,0.06666666666666667,0.0,0.2,0.6419629629629628,3.0,4.177438860527666,2.716666666666667,8.15,1.0,0.0,0.06666666666666667,0.0,0.06666666666666667,0.1811111111111111,28.0,0.19945744464407622,28.932142857142857,57.45,25.0,0.0,0.2,0.0,0.3333333333333333,0.6962761904761905,9.0,1.5821831063594505,22.066666666666666,42.5,7.0,0.0,0.06666666666666667,0.0,0.06666666666666667,0.6394444444444445,2.0,6.759624485601985,1.575,3.15,1.0,0.0,0.06666666666666667,0.0,0.06666666666666667,0.105,10.0,3.5332605475130974,1.655,8.95,4.0,0.0,0.26666666666666666,0.2,0.26666666666666666,0.11033333333333334,5.0,8.406600680920617,0.0,0.0,0.0,2.0,0.13333333333333333,0.3333333333333333,-0.4666666666666667,-1.9929166666666667,2.0,8.881730802430052,0.0,0.0,0.0,0.0,0.13333333333333333,0.06666666666666667,0.0,0.0,6.0,6.094182459163258,1.3666666666666665,8.2,1.0,0.0,0.2,0.2,0.06666666666666667,0.0911111111111111,6.0,7.01705282433868,0.0,0.0,0.0,2.0,0.13333333333333333,0.26666666666666666,-0.4666666666666667,-2.1866666666666665,2.0,0.0,28.0,21.614285714285717,12.0,29.974999999999998,2.0,0.0,27.0,12.092592592592593,11.0,29.431818181818183,2.0,0.0,13.0,9.353846153846153,3.0,2.533333333333333,1.0,0.0,9.0,6.866666666666666,4.0,3.05
rush_hour_seed1,rush_hour,1,282.25,297.25,140.0,3.5880501633308697,17.033571428571427,84.0,2.75,3.0,5.227109172484862,2.4,7.2,1.0,0.0,0.13333333333333333,0.0,0.06666666666666667,0.16,33.0,8.362771164893941e-06,32.27272727272727,58.3,33.0,0.0,0.0,0.0,0.2,0.9842424242424244,10.0,1.1649432994984574,22.835,42.5,9.0,0.0,0.06666666666666667,0.0,0.2,0.6575185185185186,3.0,4.044854558444045,3.0500000000000003,9.15,1.0,0.0,0.06666666666666667,0.0,0.06666666666666667,0.20333333333333334,29.0,0.14275979608353742,28.79655172413793,58.45,25.0,0.0,0.26666666666666666,0.0,0.26666666666666666,0.6319034482758622,10.0,1.383643192910069,20.56,43.5,7.0,0.0,0.13333333333333333,0.0,0.06666666666666667,0.48899999999999993,2.0,6.7416722155924305,2.075,4.15,1.0,0.0,0.06666666666666667,0.0,0.06666666666666667,0.13833333333333334,10.0,3.388711868067387,2.0599999999999996,9.95,5.0,0.0,0.2,0.13333333333333333,0.3333333333333333,0.1373333333333333,4.0,9.13719447786041,0.0,0.0,0.0,2.0,0.13333333333333333,0.4,-0.4666666666666667,-2.05125,2.0,6.625972201353944,0.0,0.0,0.0,0.0,0.13333333333333333,0.06666666666666667,0.0,0.0,6.0,5.851705406731497,1.5916666666666666,9.2,2.0,0.0,0.2,0.2,0.13333333333333333,0.1061111111111111,5.0,7.805488014783359,0.0,0.0,0.0,2.0,0.06666666666666667,0.3333333333333333,-0.4666666666666667,-1.9955555555555553,2.0,0.0,28.0,20.5625,12.0,30.808333333333334,2.0,0.0,26.0,9.892307692307693,11.0,30.25,2.0,0.0,13.0,10.11153846153846,3.0,2.8666666666666667,1.0,0.0,9.0,7.533333333333333,4.0,3.75
rush_hour_seed1,rush_hour,1,283.25,298.25,141.0,3.569307219564142,17.52659574468085,89.0,1.75,3.0,4.646283517821812,2.733333333333333,8.2,1.0,0.0,0.06666666666666667,0.0,0.06666666666666667,0.1822222222222222,33.0,4.22816331929757e-06,33.27272727272727,59.3,33.0,0.0,0.0,0.0,0.13333333333333333,0.9895959595959596,11.0,1.2229204168586822,21.577272727272728,43.5,9.0,0.0,0.13333333333333333,0.0,0.13333333333333333,0.5281144781144781,4.0,4.18554428693364,2.7,10.15,2.0,0.0,0.13333333333333333,0.0,0.13333333333333333,0.18000000000000002,29.0,0.18617843349232913,29.66551724137931,59.45,26.0,0.0,0.26666666666666666,0.0,0.26666666666666666,0.6331678160919539,10.0,1.2600531146426133,21.294999999999998,44.5,8.0,0.0,0.13333333333333333,0.0,0.13333333333333333,0.4879999999999999,2.0,6.7550152333863895,2.575,5.15,1.0,0.0,0.06666666666666667,0.0,0.06666666666666667,0.1716666666666667,10.0,3.2670698915276355,2.56,10.95,5.0,0.0,0.2,0.13333333333333333,0.3333333333333333,0.17066666666666666,4.0,9.576556176191186,0.0,0.0,0.0,2.0,0.13333333333333333,0.4,-0.4666666666666667,-2.1095833333333336,2.0,6.432031103443075,0.475,0.95,1.0,0.0,0.13333333333333333,0.06666666666666667,0.06666666666666667,0.03166666666666666,6.0,5.621300421380911,1.9916666666666665,10.2,3.0,0.0,0.2,0.13333333333333333,0.2,0.13277777777777777,5.0,8.791156903030611,0.0,0.0,0.0,2.0,0.06666666666666667,0.3333333333333333,-0.4666666666666667,-2.047407407407407,1.0,0.0,27.0,18.535185185185185,12.0,31.641666666666666,1.0,0.0,25.0,7.754,11.0,31.086363636363636,2.0,0.0,13.0,10.88076923076923,3.0,3.1999999999999997,1.0,0.0,9.0,8.2,4.0,4.5
rush_hour_seed1,rush_hour,1,284.25,299.25,142.0,3.5263659933416323,18.029929577464788,89.0,0.75,4.0,4.57356457453926,2.3,9.2,1.0,0.0,0.13333333333333333,0.0,0.06666666666666667,0.15333333333333332,33.0,2.015692980145252e-06,34.27272727272727,60.3,33.0,0.0,0.0,0.0,0.13333333333333333,0.9936363636363638,11.0,1.2371016985629983,22.395454545454545,44.5,9.0,0.0,0.13333333333333333,0.0,0.13333333333333333,0.5308080808080807,4.0,4.659344820898067,3.2,11.15,2.0,0.0,0.13333333333333333,0.0,0.13333333333333333,0.21333333333333335,30.0,0.23559595672257805,29.543333333333333,60.45,26.0,0.0,0.3333333333333333,0.0,0.26666666666666666,0.5663555555555554,10.0,1.160170389415173,22.095,45.5,8.0,0.0,0.13333333333333333,0.0,0.13333333333333333,0.4913333333333333,2.0,6.6759891469060415,3.075,6.15,1.0,0.0,0.06666666666666667,0.0,0.06666666666666667,0.20500000000000002,10.0,3.1908372006190033,3.06,11.95,5.0,0.0,0.2,0.06666666666666667,0.3333333333333333,0.20400000000000001,3.0,9.971147999389485,0.0,0.0,0.0,2.0,0.06666666666666667,0.4666666666666667,-0.4666666666666667,-1.9270370370370367,2.0,6.420950585359893,0.975,1.95,1.0,0.0,0.06666666666666667,0.06666666666666667,0.06666666666666667,0.065,6.0,5.077443514599127,2.4916666666666667,11.2,3.0,0.0,0.2,0.06666666666666667,0.2,0.16611111111111113,4.0,9.248619289945797,0.0,0.0,0.0,2.0,0.06666666666666667,0.4,-0.4666666666666667,-2.099259259259259,1.0,0.0,26.0,18.073076923076925,12.0,32.475,1.0,0.0,25.0,6.9239999999999995,11.0,31.995454545454546,2.0,0.0,13.0,11.649999999999999,3.0,3.8166666666666664,1.0,0.0,9.0,8.866666666666667,4.0,5.25
rush_hour_seed1,rush_hour,1,285.25,300.25,141.0,3.4495879586163394,18.802836879432622,91.0,2.75,4.0,4.914529675938049,2.55,10.2,1.0,0.0,0.13333333333333333,0.0,0.06666666666666667,0.16999999999999998,33.0,7.82992117724584e-07,35.27272727272727,61.3,33.0,0.0,0.0,0.0,0.13333333333333333,0.9976767676767676,11.0,1.1213771220526458,23.213636363636365,45.5,9.0,0.0,0.13333333333333333,0.0,0.13333333333333333,0.5335016835016835,4.0,5.120329758700243,3.7,12.15,2.0,0.0,0.13333333333333333,0.0,0.13333333333333333,0.24666666666666667,30.0,0.3032285976237291,30.441666666666666,61.45,27.0,0.0,0.3333333333333333,0.0,0.3333333333333333,0.5675777777777777,10.0,1.1221164405435506,22.895,46.5,8.0,0.0,0.13333333333333333,0.0,0.13333333333333333,0.49466666666666664,3.0,5.694708171871114,2.3833333333333333,7.15,1.0,0.0,0.13333333333333333,0.0,0.06666666666666667,0.15888888888888889,10.0,3.0921257457786564,3.66,12.95,6.0,0.0,0.2,0.06666666666666667,0.4,0.24400000000000002,3.0,10.298476694193722,0.0,0.0,0.0,1.0,0.06666666666666667,0.4666666666666667,-0.4666666666666667,-1.9788888888888887,2.0,6.438972060866724,1.475,2.95,1.0,0.0,0.06666666666666667,0.06666666666666667,0.06666666666666667,0.09833333333333334,6.0,4.702653149057774,2.9916666666666667,12.2,3.0,0.0,0.2,0.06666666666666667,0.2,0.19944444444444445,3.0,9.916600822922636,0.0,0.0,0.0,1.0,0.06666666666666667,0.4666666666666667,-0.4666666666666667,-2.151111111111111,2.0,0.0,26.0,15.221153846153847,13.0,30.746153846153845,2.0,0.0,24.0,5.1312500000000005,12.0,30.162499999999998,1.0,0.0,14.0,11.532142857142857,4.0,3.3625,2.0,0.0,10.0,8.58,5.0,4.8
rush_hour_seed1,rush_hour,1,286.25,301.25,141.0,3.3330028968029346,19.452482269503548,92.0,1.75,4.0,5.369280474563059,2.8,11.2,1.0,0.0,0.13333333333333333,0.0,0.06666666666666667,0.18666666666666665,33.0,1.555127034223975e-07,36.27272727272727,62.3,33.0,0.0,0.0,0.0,0.06666666666666667,1.0,11.0,1.0445938183143446,24.031818181818185,46.5,9.0,0.0,0.13333333333333333,0.0,0.13333333333333333,0.5361952861952864,4.0,5.130978557738171,4.2,13.15,2.0,0.0,0.13333333333333333,0.0,0.13333333333333333,0.28,30.0,0.2743727140274956,31.341666666666665,62.45,27.0,0.0,0.26666666666666666,0.0,0.3333333333333333,0.6273931623931621,10.0,1.151438197369532,23.695,47.5,8.0,0.0,0.13333333333333333,0.0,0.13333333333333333,0.49799999999999994,3.0,5.282929325552375,2.716666666666667,8.15,1.0,0.0,0.13333333333333333,0.0,0.06666666666666667,0.1811111111111111,11.0,2.9368782854423547,3.9272727272727277,13.95,7.0,0.0,0.26666666666666666,0.0,0.4666666666666667,0.26181818181818184,2.0,10.936320728778451,0.0,0.0,0.0,1.0,0.06666666666666667,0.5333333333333333,-0.4666666666666667,-2.0307407407407405,2.0,6.418855647148518,1.975,3.95,1.0,0.0,0.06666666666666667,0.0,0.06666666666666667,0.13166666666666668,7.0,4.647494629022359,2.992857142857143,13.2,3.0,0.0,0.2,0.0,0.2,0.19952380952380952,3.0,9.58438454264363,0.0,0.0,0.0,1.0,0.06666666666666667,0.4666666666666667,-0.4666666666666667,-2.202962962962963,2.0,0.0,25.0,14.552,13.0,31.573076923076922,2.0,0.0,23.0,4.541304347826087,12.0,30.995833333333334,1.0,0.0,14.0,12.285714285714286,4.0,3.8625,2.0,0.0,11.0,8.368181818181817,5.0,5.4
rush_hour_seed1,rush_hour,1,287.25,302.25,139.0,3.0673860257706584,20.40359712230216,94.0,0.75,4.0,5.606551031867615,3.2375,12.2,2.0,0.0,0.13333333333333333,0.0,0.13333333333333333,0.21583333333333332,33.0,0.0,37.27272727272727,63.3,33.0,0.0,0.0,0.0,0.0,1.0,11.0,1.0173488692845003,24.85,47.5,9.0,0.0,0.13333333333333333,0.0,0.13333333333333333,0.5388888888888891,4.0,4.947671097197664,4.7,14.15,2.0,0.0,0.13333333333333333,0.0,0.13333333333333333,0.31333333333333335,30.0,0.1830840612673221,32.26,63.45,28.0,0.0,0.26666666666666666,0.0,0.3333333333333333,0.6304102564102564,10.0,1.244906957379819,24.494999999999997,48.5,8.0,0.0,0.13333333333333333,0.0,0.13333333333333333,0.5013333333333331,3.0,4.999177455302049,3.0500000000000003,9.15,1.0,0.0,0.13333333333333333,0.0,0.06666666666666667,0.20333333333333334,11.0,2.751663288129052,4.5636363636363635,14.95,7.0,0.0,0.26666666666666666,0.0,0.4666666666666667,0.30424242424242426,2.0,8.952535479139884,0.0,0.0,0.0,1.0,0.06666666666666667,0.5333333333333333,-0.4666666666666667,-2.0825925925925923,2.0,6.411210720085725,2.475,4.95,1.0,0.0,0.06666666666666667,0.0,0.06666666666666667,0.165,7.0,4.342699699811203,3.4214285714285713,14.2,3.0,0.0,0.2,0.0,0.2,0.22809523809523807,3.0,7.461800917800969,0.0,0.0,0.0,1.0,0.06666666666666667,0.4666666666666667,-0.4666666666666667,-2.254814814814815,2.0,0.0,24.0,12.035416666666668,13.0,32.419230769230765,2.0,0.0,23.0,3.867391304347826,12.0,31.829166666666666,1.0,0.0,15.0,12.2,4.0,4.3625,2.0,0.0,11.0,9.004545454545454,5.0,6.0
rush_hour_seed1,rush_hour,1,288.25,303.25,140.0,2.980319788178501,19.27857142857143,88.0,29.75,4.0,5.5224155412273905,0.4375,1.75,1.0,2.0,0.13333333333333333,0.0,0.06666666666666667,0.029166666666666667,33.0,0.021453787614868262,36.32424242424243,60.0,32.0,2.0,0.0,0.0,-0.06666666666666667,0.8701010101010103,11.0,1.0520413677815361,25.66818181818182,48.5,9.0,0.0,0.13333333333333333,0.0,0.13333333333333333,0.5415824915824918,4.0,4.9510770888507105,1.4125,5.65,1.0,2.0,0.13333333333333333,0.0,0.0,0.08916666666666667,30.0,0.13754871401699925,29.11,56.8,26.0,2.0,0.2,0.0,0.2,0.419925925925926,10.0,1.382018704835756,25.294999999999998,49.5,8.0,0.0,0.06666666666666667,0.0,0.06666666666666667,0.630037037037037,3.0,5.060595469095346,0.0,0.0,0.0,2.0,0.13333333333333333,0.0,0.0,0.0,11.0,2.401953828523186,5.2,15.95,7.0,0.0,0.2,0.0,0.4,0.33875,2.0,6.923111060313043,0.0,0.0,0.0,0.0,0.06666666666666667,0.5333333333333333,-0.4,-1.5774074074074074,2.0,6.755299276793268,0.0,0.0,0.0,2.0,0.06666666666666667,0.0,0.0,0.0,8.0,3.9308417625194547,3.36875,15.2,3.0,0.0,0.26666666666666666,0.0,0.13333333333333333,0.22125,3.0,5.5851430682143395,0.049999999999999996,0.15,1.0,0.0,0.06666666666666667,0.4666666666666667,-0.3333333333333333,-1.7081481481481482,2.0,0.0,24.0,10.63125,13.0,33.26538461538461,1.0,0.0,22.0,2.5818181818181816,12.0,32.6625,1.0,0.0,16.0,12.125,4.0,4.8625,1.0,0.0,11.0,9.64090909090909,5.0,6.6
rush_hour_seed1,rush_hour,1,289.25,304.25,141.0,2.9236856669822995,17.645390070921987,83.0,28.75,3.0,7.124539391377849,0.0,0.0,0.0,2.0,0.13333333333333333,0.06666666666666667,0.0,0.0,32.0,0.07734741292392186,32.946875,54.85,29.0,2.0,0.0,0.06666666666666667,-0.26666666666666666,0.578276515151515,11.0,1.137887072689323,26.486363636363638,49.5,9.0,0.0,0.13333333333333333,0.0,0.13333333333333333,0.5442760942760944,3.0,6.31783144775861,0.0,0.0,0.0,2.0,0.13333333333333333,0.06666666666666667,-0.06666666666666667,-0.03833333333333333,30.0,0.2209862881782397,26.151666666666664,55.1,24.0,2.0,0.26666666666666666,0.06666666666666667,0.0,0.1641851851851849,10.0,1.3624075443647226,26.095,50.5,8.0,0.0,0.06666666666666667,0.0,0.06666666666666667,0.6315185185185186,2.0,7.2790972356720625,0.0,0.0,0.0,2.0,0.13333333333333333,0.06666666666666667,0.0,0.0,12.0,2.1917118713596406,5.3500000000000005,16.95,7.0,0.0,0.26666666666666666,0.0,0.4,0.3404166666666667,2.0,6.014676953402804,0.3,0.6,1.0,0.0,0.06666666666666667,0.4666666666666667,-0.13333333333333333,-0.5066666666666667,1.0,12.857764654788328,0.0,0.0,0.0,2.0,0.06666666666666667,0.06666666666666667,0.0,0.0,8.0,3.8215801395047952,3.8625,16.2,4.0,0.0,0.26666666666666666,0.0,0.2,0.2375,4.0,4.5608470805407215,0.2875,1.15,1.0,0.0,0.13333333333333333,0.4,-0.2,-0.5408333333333334,2.0,0.0,23.0,7.845652173913043,13.0,34.11153846153846,1.0,0.0,22.0,1.3545454545454545,12.0,33.49583333333333,1.0,0.0,16.0,12.8125,4.0,5.3625,1.0,0.0,11.0,10.331818181818182,5.0,7.2
rush_hour_seed1,rush_hour,1,290.25,305.25,142.0,3.1257990839945284,16.558450704225354,81.0,27.75,3.0,7.252303843527087,0.0,0.0,0.0,2.0,0.13333333333333333,0.06666666666666667,-0.06666666666666667,-0.006666666666666667,32.0,0.23437946918588254,30.4,53.05,27.0,2.0,0.0,0.06666666666666667,-0.4,0.3418181818181817,11.0,1.1086810786102523,27.30454545454546,50.5,9.0,0.0,0.06666666666666667,0.0,0.13333333333333333,0.6743030303030305,3.0,6.716998646530523,0.0,0.0,0.0,2.0,0.06666666666666667,0.06666666666666667,-0.06666666666666667,-0.04777777777777778,30.0,0.421243009914608,23.285,51.9,23.0,2.0,0.26666666666666666,0.06666666666666667,-0.06666666666666667,-0.08618518518518528,10.0,1.355674175893003,26.975,51.5,9.0,0.0,0.06666666666666667,0.0,0.13333333333333333,0.6383333333333335,2.0,7.835410451679438,0.0,0.0,0.0,2.0,0.06666666666666667,0.06666666666666667,0.0,0.0,12.0,2.1627075024738907,5.933333333333334,17.95,7.0,0.0,0.26666666666666666,0.0,0.4,0.3709722222222222,3.0,6.538422107633117,0.5333333333333333,1.6,1.0,0.0,0.13333333333333333,0.4666666666666667,0.0,-0.052361111111111115,2.0,12.711891928094389,0.0,0.0,0.0,2.0,0.13333333333333333,0.06666666666666667,0.0,0.0,8.0,3.8057060373271296,4.3625,17.2,4.0,0.0,0.26666666666666666,0.0,0.2,0.25416666666666665,4.0,4.042113812081004,0.5375,2.15,1.0,0.0,0.13333333333333333,0.4,-0.13333333333333333,-0.2775,2.0,0.0,22.0,6.611363636363635,13.0,34.957692307692305,1.0,0.0,21.0,0.9452380952380953,12.0,34.329166666666666,2.0,0.0,16.0,13.528125,4.0,5.862500000000001,1.0,0.0,11.0,11.05909090909091,5.0,7.8
rush_hour_seed1,rush_hour,1,291.25,306.25,143.0,3.260758241318018,15.540909090909091,79.0,26.75,3.0,7.793646418786172,0.0,0.0,0.0,2.0,0.06666666666666667,0.06666666666666667,-0.06666666666666667,-0.026666666666666665,31.0,0.3031725356162896,28.81451612903226,51.4,25.0,2.0,0.0,0.13333333333333333,-0.5333333333333333,0.16945259042033242,11.0,1.0967956959988834,28.154545454545453,51.5,10.0,0.0,0.06666666666666667,0.0,0.13333333333333333,0.6839696969696969,3.0,7.47769435697471,0.0,0.0,0.0,2.0,0.06666666666666667,0.06666666666666667,-0.06666666666666667,-0.07,30.0,0.4882414902779251,20.575,50.3,21.0,2.0,0.3333333333333333,0.13333333333333333,-0.2,-0.3261111111111113,11.0,1.106007623119227,25.34090909090909,52.5,9.0,0.0,0.13333333333333333,0.0,0.13333333333333333,0.47754208754208755,2.0,8.641626262913693,0.0,0.0,0.0,2.0,0.06666666666666667,0.06666666666666667,0.0,0.0,12.0,2.2413244481081223,6.5625,18.95,8.0,0.0,0.26666666666666666,0.0,0.4666666666666667,0.4045833333333333,3.0,7.238012523229437,0.8666666666666667,2.6,1.0,0.0,0.13333333333333333,0.4666666666666667,0.06666666666666667,0.05777777777777778,2.0,12.199513142259192,0.0,0.0,0.0,2.0,0.13333333333333333,0.06666666666666667,0.0,0.0,8.0,3.9839059012391074,4.8625,18.2,4.0,0.0,0.2,0.0,0.2,0.28150000000000003,4.0,3.7193170763309205,0.7875,3.15,1.0,0.0,0.13333333333333333,0.4,0.0,0.034999999999999996,2.0,0.0,22.0,3.2204545454545452,13.0,35.80384615384615,1.0,0.0,20.0,0.0,12.0,35.1625,2.0,0.0,16.0,14.278125,4.0,6.362500000000001,1.0,0.0,11.0,11.786363636363637,5.0,8.4
rush_hour_seed1,rush_hour,1,292.25,307.25,144.0,3.4543526283215282,14.562152777777776,76.0,25.75,3.0,9.982478821833816,0.0,0.0,0.0,2.0,0.13333333333333333,0.13333333333333333,-0.06666666666666667,-0.04888888888888889,31.0,0.5128512693396164,26.288709677419355,49.8,23.0,2.0,0.0,0.13333333333333333,-0.6666666666666666,-0.06560117302052788,12.0,1.04821744785692,26.641666666666666,52.5,10.0,0.0,0.13333333333333333,0.0,0.13333333333333333,0.5297777777777777,3.0,9.815059200239796,0.0,0.0,0.0,2.0,0.13333333333333333,0.13333333333333333,-0.06666666666666667,-0.09222222222222223,30.0,0.7835408573241919,17.903333333333332,47.7,19.0,2.0,0.26666666666666666,0.13333333333333333,-0.3333333333333333,-0.5007301587301588,11.0,1.013998752743373,26.15909090909091,53.5,9.0,0.0,0.13333333333333333,0.0,0.13333333333333333,0.4802356902356903,1.0,11.970074446548242,0.0,0.0,0.0,2.0,0.06666666666666667,0.13333333333333333,0.0,0.0,12.0,2.3848405447897174,7.229166666666667,19.95,8.0,0.0,0.26666666666666666,0.0,0.4,0.43736111111111114,3.0,6.896957976116279,1.2,3.6,1.0,0.0,0.13333333333333333,0.4,0.06666666666666667,0.08,2.0,12.179668853084047,0.0,0.0,0.0,2.0,0.13333333333333333,0.06666666666666667,0.0,0.0,8.0,3.9961197701780855,5.3625,19.2,4.0,0.0,0.2,0.0,0.2,0.3015,4.0,3.533129096927781,1.05,4.15,2.0,0.0,0.13333333333333333,0.3333333333333333,0.13333333333333333,0.07,2.0,0.0,21.0,1.7142857142857142,13.0,36.69615384615385,1.0,0.0,20.0,0.0,12.0,36.041666666666664,2.0,0.0,17.0,14.144117647058822,4.0,7.0125,1.0,0.0,12.0,11.470833333333333,5.0,9.0
rush_hour_seed1,rush_hour,1,293.25,308.25,146.0,3.727031609224051,13.879452054794521,74.0,24.75,3.0,10.399782413056728,0.0,0.0,0.0,2.0,0.13333333333333333,0.13333333333333333,-0.06666666666666667,-0.07111111111111111,30.0,0.5379717489468262,26.238333333333333,48.7,22.0,2.0,0.0,0.2,-0.7333333333333333,-0.13562626262626268,12.0,1.0059193375347102,27.474999999999998,53.5,10.0,0.0,0.13333333333333333,0.0,0.13333333333333333,0.5319999999999998,3.0,10.954744907100737,0.0,0.0,0.0,2.0,0.13333333333333333,0.13333333333333333,-0.06666666666666667,-0.11444444444444445,29.0,0.8266777382413091,15.87413793103448,46.55,18.0,2.0,0.26666666666666666,0.2,-0.4,-0.693152709359606,11.0,0.948404694670752,26.977272727272727,54.5,9.0,0.0,0.13333333333333333,0.0,0.13333333333333333,0.4829292929292928,1.0,11.972227001229767,0.0,0.0,0.0,2.0,0.06666666666666667,0.13333333333333333,-0.06666666666666667,-0.005,13.0,2.5453264884851965,7.288461538461538,20.95,8.0,0.0,0.26666666666666666,0.0,0.4,0.4314529914529915,3.0,6.346821972537396,1.5333333333333332,4.6,1.0,0.0,0.13333333333333333,0.3333333333333333,0.06666666666666667,0.10222222222222221,1.0,13.293098834686768,0.0,0.0,0.0,2.0,0.06666666666666667,0.06666666666666667,0.0,0.0,9.0,4.230127837300793,5.211111111111111,20.2,4.0,0.0,0.26666666666666666,0.0,0.2,0.2780740740740741,4.0,3.271654695664123,1.55,5.15,2.0,0.0,0.06666666666666667,0.3333333333333333,0.13333333333333333,0.10333333333333333,3.0,0.0,20.0,0.0,13.0,37.61923076923077,1.0,0.0,19.0,0.0,12.0,36.958333333333336,1.0,0.0,17.0,14.85,4.0,7.7625,1.0,0.0,12.0,12.137500000000001,5.0,9.6
rush_hour_seed1,rush_hour,1,294.25,309.25,144.0,3.8727019297057703,13.580555555555556,73.0,23.75,2.0,12.172337637687662,0.0,0.0,0.0,2.0,0.13333333333333333,0.2,-0.06666666666666667,-0.09333333333333334,30.0,0.7839354204300879,23.69333333333333,47.9,20.0,2.0,0.0,0.2,-0.8666666666666667,-0.3719595959595961,12.0,0.9775111440572237,28.308333333333334,54.5,10.0,0.0,0.13333333333333333,0.0,0.13333333333333333,0.5342222222222222,2.0,14.247400656532935,0.0,0.0,0.0,2.0,0.13333333333333333,0.2,-0.06666666666666667,-0.1366666666666667,28.0,0.8909053512023307,15.385714285714286,46.5,17.0,2.0,0.26666666666666666,0.26666666666666666,-0.5333333333333333,-0.7840476190476191,11.0,0.932507185036355,27.795454545454547,55.5,9.0,0.0,0.13333333333333333,0.0,0.13333333333333333,0.48562289562289584,1.0,11.993199801323936,0.0,0.0,0.0,2.0,0.06666666666666667,0.13333333333333333,-0.06666666666666667,-0.03833333333333333,13.0,2.517208933982369,7.9692307692307685,21.95,9.0,0.0,0.26666666666666666,0.0,0.4,0.4601709401709401,3.0,5.573688672404923,1.8666666666666665,5.6,1.0,0.0,0.06666666666666667,0.3333333333333333,0.06666666666666667,0.12444444444444443,1.0,13.25743590268781,0.0,0.0,0.0,2.0,0.06666666666666667,0.13333333333333333,0.0,0.0,9.0,4.388706876582618,5.683333333333334,21.2,5.0,0.0,0.2,0.0,0.26666666666666666,0.31,4.0,3.0069729054059233,2.05,6.15,2.0,0.0,0.06666666666666667,0.26666666666666666,0.13333333333333333,0.13666666666666666,2.0,0.0,19.0,0.0,14.0,35.78928571428572,2.0,0.0,18.0,0.0,13.0,34.96153846153846,1.0,0.0,17.0,15.555882352941175,4.0,8.512500000000001,1.0,0.0,12.0,12.804166666666667,5.0,10.2
rush_hour_seed1,rush_hour,1,295.25,310.25,145.0,4.191143560933948,12.680689655172413,70.0,22.75,2.0,12.17433049010192,0.0,0.0,0.0,2.0,0.13333333333333333,0.2,-0.06666666666666667,-0.11555555555555556,29.0,0.8900349710980104,21.863793103448273,45.85,18.0,2.0,0.0,0.26666666666666666,-1.0,-0.5605956112852667,12.0,0.9853758205955634,29.141666666666666,55.5,10.0,0.0,0.13333333333333333,0.0,0.13333333333333333,0.5364444444444442,2.0,15.23541070547083,0.0,0.0,0.0,2.0,0.13333333333333333,0.2,-0.06666666666666667,-0.15888888888888889,27.0,1.005882622625254,13.135185185185184,43.6,16.0,2.0,0.26666666666666666,0.3333333333333333,-0.6,-0.9936067019400353,11.0,0.9586658681073174,28.613636363636363,56.5,9.0,0.0,0.13333333333333333,0.0,0.13333333333333333,0.48831649831649837,2.0,12.287692628651861,0.0,0.0,0.0,2.0,0.13333333333333333,0.13333333333333333,-0.06666666666666667,-0.07166666666666667,13.0,2.3034411028353214,8.661538461538461,22.95,9.0,0.0,0.2,0.0,0.4,0.4934358974358974,3.0,5.011014030478918,2.1999999999999997,6.6,1.0,0.0,0.06666666666666667,0.26666666666666666,0.06666666666666667,0.14666666666666664,1.0,13.296374163649832,0.0,0.0,0.0,2.0,0.06666666666666667,0.13333333333333333,0.0,0.0,9.0,4.125899054645674,6.238888888888889,22.2,5.0,0.0,0.2,0.0,0.26666666666666666,0.3359259259259259,4.0,2.8825391624927668,2.55,7.15,2.0,0.0,0.06666666666666667,0.2,0.13333333333333333,0.16999999999999998,2.0,0.0,19.0,0.0,14.0,36.646428571428565,2.0,0.0,17.0,0.0,13.0,35.80769230769231,1.0,0.0,17.0,16.261764705882353,4.0,9.262500000000001,1.0,0.0,12.0,13.520833333333334,5.0,10.959999999999999
rush_hour_seed1,rush_hour,1,296.25,311.25,145.0,4.35354659963316,12.540344827586207,70.0,21.75,2.0,12.153874355746293,0.0,0.0,0.0,2.0,0.13333333333333333,0.2,-0.06666666666666667,-0.1377777777777778,28.0,1.0044430768124564,21.614285714285717,45.45,17.0,2.0,0.0,0.3333333333333333,-1.0666666666666667,-0.6438961038961037,12.0,1.03925786529328,29.974999999999998,56.5,10.0,0.0,0.13333333333333333,0.0,0.06666666666666667,0.5359999999999999,2.0,15.232361916625408,0.0,0.0,0.0,2.0,0.13333333333333333,0.2,-0.06666666666666667,-0.1811111111111111,27.0,1.3804879903373348,12.092592592592593,43.25,16.0,2.0,0.26666666666666666,0.3333333333333333,-0.6,-1.1226366843033508,11.0,1.0450705643829372,29.431818181818183,57.5,9.0,0.0,0.13333333333333333,0.0,0.13333333333333333,0.4910101010101011,2.0,12.673762611429279,0.0,0.0,0.0,2.0,0.13333333333333333,0.13333333333333333,-0.06666666666666667,-0.105,13.0,2.146477181387162,9.353846153846153,23.95,9.0,0.0,0.2,0.0,0.3333333333333333,0.5132564102564101,3.0,4.653874498432197,2.533333333333333,7.6,1.0,0.0,0.06666666666666667,0.2,0.06666666666666667,0.1688888888888889,1.0,13.275471814622959,0.0,0.0,0.0,2.0,0.06666666666666667,0.13333333333333333,0.0,0.0,9.0,3.65144500132409,6.866666666666666,23.2,6.0,0.0,0.2,0.0,0.3333333333333333,0.36666666666666664,4.0,2.8284853403445296,3.05,8.15,2.0,0.0,0.06666666666666667,0.2,0.13333333333333333,0.2033333333333333,2.0,0.0,18.0,0.0,14.0,37.503571428571426,2.0,0.0,17.0,0.0,13.0,36.65384615384615,1.0,0.0,17.0,17.00588235294118,5.0,8.01,2.0,0.0,12.0,14.270833333333334,5.0,11.76
rush_hour_seed1,rush_hour,1,297.25,312.25,143.0,4.416624865741914,12.295454545454545,69.0,20.75,2.0,12.165022354445163,0.0,0.0,0.0,2.0,0.13333333333333333,0.2,-0.06666666666666667,-0.16,28.0,1.3445601475619857,20.5625,45.15,16.0,2.0,0.0,0.3333333333333333,-1.1333333333333333,-0.7806818181818183,12.0,1.116877146682333,30.808333333333334,57.5,10.0,0.0,0.13333333333333333,0.0,0.06666666666666667,0.5315555555555556,2.0,13.957679158684776,0.0,0.0,0.0,2.0,0.13333333333333333,0.2,-0.06666666666666667,-0.20333333333333334,26.0,1.4803581294505177,9.892307692307693,39.5,14.0,2.0,0.2,0.4,-0.7333333333333333,-1.2602829354553493,11.0,1.1841494696868333,30.25,58.5,9.0,0.0,0.06666666666666667,0.0,0.13333333333333333,0.6460000000000001,2.0,12.701356934277879,0.0,0.0,0.0,2.0,0.13333333333333333,0.13333333333333333,-0.06666666666666667,-0.13833333333333334,13.0,1.9228883470849318,10.11153846153846,24.95,10.0,0.0,0.2,0.0,0.3333333333333333,0.5367692307692307,3.0,4.5138517338103625,2.8666666666666667,8.6,1.0,0.0,0.06666666666666667,0.13333333333333333,0.06666666666666667,0.19111111111111112,1.0,13.303794121063635,0.0,0.0,0.0,2.0,0.06666666666666667,0.13333333333333333,0.0,0.0,9.0,3.1672945098197482,7.533333333333333,24.2,6.0,0.0,0.2,0.0,0.26666666666666666,0.3961111111111111,4.0,2.8080182264517846,3.75,9.15,3.0,0.0,0.06666666666666667,0.13333333333333333,0.2,0.25,1.0,0.0,18.0,0.0,14.0,38.36071428571428,2.0,0.0,16.0,0.0,13.0,37.5,1.0,0.0,18.0,16.783333333333335,5.0,8.61,2.0,0.0,13.0,13.865384615384615,6.0,10.466666666666667
rush_hour_seed1,rush_hour,1,298.25,313.25,142.0,4.507596949202524,11.68169014084507,66.0,19.75,1.0,10.478803741891587,0.0,0.0,0.0,2.0,0.06666666666666667,0.2,-0.06666666666666667,-0.1822222222222222,27.0,1.469741771645009,18.535185185185185,43.55,14.0,2.0,0.0,0.4,-1.2666666666666666,-0.9825028058361392,12.0,1.1959089117454742,31.641666666666666,58.5,10.0,0.0,0.06666666666666667,0.0,0.06666666666666667,0.6709595959595959,1.0,16.573719386033716,0.0,0.0,0.0,2.0,0.06666666666666667,0.26666666666666666,-0.13333333333333333,-0.18000000000000002,25.0,1.608787182676071,7.754,31.75,12.0,2.0,0.2,0.4666666666666667,-0.9333333333333333,-1.460767816091954,11.0,1.2530657736504827,31.086363636363636,59.5,10.0,0.0,0.06666666666666667,0.0,0.13333333333333333,0.6527575757575759,2.0,12.706263033288137,0.0,0.0,0.0,2.0,0.13333333333333333,0.13333333333333333,-0.06666666666666667,-0.1716666666666667,13.0,1.6897158095717242,10.88076923076923,25.95,10.0,0.0,0.2,0.0,0.3333333333333333,0.5547179487179487,3.0,4.4475814310954505,3.1999999999999997,9.6,1.0,0.0,0.06666666666666667,0.13333333333333333,0.06666666666666667,0.21333333333333332,1.0,13.295735341555062,0.0,0.0,0.0,2.0,0.06666666666666667,0.13333333333333333,-0.06666666666666667,-0.03166666666666666,9.0,2.591924083449443,8.2,25.2,6.0,0.0,0.2,0.0,0.2,0.41388888888888886,4.0,2.8003620709017008,4.5,10.15,3.0,0.0,0.06666666666666667,0.13333333333333333,0.2,0.3,1.0,0.0,17.0,0.0,14.0,39.21785714285714,1.0,0.0,15.0,0.0,13.0,38.34615384615385,1.0,0.0,18.0,17.505555555555556,5.0,9.209999999999999,1.0,0.0,13.0,14.557692307692308,6.0,11.133333333333333
rush_hour_seed1,rush_hour,1,299.25,314.25,140.0,4.50070456795422,11.77392857142857,65.0,18.75,1.0,10.447296856365119,0.0,0.0,0.0,2.0,0.06666666666666667,0.26666666666666666,-0.06666666666666667,-0.15333333333333332,26.0,1.6041155604696196,18.073076923076925,43.25,13.0,2.0,0.0,0.4666666666666667,-1.3333333333333333,-1.0799766899766898,12.0,1.0538105105927442,32.475,59.5,10.0,0.0,0.06666666666666667,0.0,0.06666666666666667,0.6719696969696971,1.0,16.60294649160281,0.0,0.0,0.0,2.0,0.06666666666666667,0.26666666666666666,-0.13333333333333333,-0.21333333333333335,25.0,2.0001855890582108,6.9239999999999995,31.25,11.0,2.0,0.13333333333333333,0.4666666666666667,-1.0,-1.5079555555555555,11.0,1.1551089747250256,31.995454545454546,60.5,10.0,0.0,0.06666666666666667,0.0,0.13333333333333333,0.6600303030303032,2.0,12.692254943595922,0.0,0.0,0.0,2.0,0.13333333333333333,0.13333333333333333,-0.06666666666666667,-0.20500000000000002,13.0,1.4734166349025275,11.649999999999999,26.95,10.0,0.0,0.2,0.0,0.3333333333333333,0.5726666666666665,3.0,4.403258921114325,3.8166666666666664,10.6,2.0,0.0,0.06666666666666667,0.06666666666666667,0.13333333333333333,0.2544444444444444,1.0,13.273742188273552,0.0,0.0,0.0,2.0,0.06666666666666667,0.13333333333333333,-0.06666666666666667,-0.065,9.0,2.1474865803920746,8.866666666666667,26.2,6.0,0.0,0.2,0.0,0.2,0.425,4.0,2.7967356999709327,5.25,11.15,3.0,0.0,0.06666666666666667,0.06666666666666667,0.2,0.35,1.0,0.0,16.0,0.0,14.0,40.074999999999996,1.0,0.0,15.0,0.0,13.0,39.19230769230769,1.0,0.0,19.0,17.26842105263158,5.0,9.809999999999999,1.0,0.0,13.0,15.25,6.0,11.799999999999999
rush_hour_seed1,rush_hour,1,300.25,315.25,148.0,4.588960256149085,10.576013513513514,61.0,17.75,2.0,10.643193925589975,0.0,0.0,0.0,2.0,0.13333333333333333,0.26666666666666666,-0.06666666666666667,-0.16999999999999998,26.0,1.9878952148691786,15.221153846153847,41.95,11.0,2.0,0.0,0.4666666666666667,-1.4666666666666666,-1.3367715617715619,13.0,0.8147243529911511,30.746153846153845,60.5,10.0,0.0,0.13333333333333333,0.0,0.06666666666666667,0.502167832167832,2.0,15.260774860708743,0.0,0.0,0.0,2.0,0.13333333333333333,0.26666666666666666,-0.13333333333333333,-0.24666666666666667,24.0,2.15174928584212,5.1312500000000005,26.7,9.0,2.0,0.13333333333333333,0.5333333333333333,-1.2,-1.687361111111111,12.0,0.895590813950378,30.162499999999998,61.5,10.0,0.0,0.13333333333333333,0.0,0.13333333333333333,0.4844999999999999,1.0,13.401857913518935,0.0,0.0,0.0,2.0,0.06666666666666667,0.2,-0.06666666666666667,-0.15888888888888889,14.0,1.2883951810463559,11.532142857142857,27.95,10.0,0.0,0.26666666666666666,0.0,0.26666666666666666,0.5248095238095237,4.0,4.493162570304787,3.3625,11.6,2.0,0.0,0.13333333333333333,0.06666666666666667,0.13333333333333333,0.22416666666666665,2.0,13.449677240654218,0.0,0.0,0.0,2.0,0.13333333333333333,0.13333333333333333,-0.06666666666666667,-0.09833333333333334,10.0,1.8520956079125752,8.58,27.2,6.0,0.0,0.26666666666666666,0.0,0.2,0.37255555555555553,5.0,2.872420751834024,4.8,12.15,3.0,0.0,0.13333333333333333,0.0,0.2,0.32,1.0,0.0,16.0,0.0,14.0,40.95357142857143,1.0,0.0,15.0,0.0,13.0,40.03846153846154,1.0,0.0,19.0,17.95263157894737,5.0,10.41,1.0,0.0,14.0,14.803571428571429,6.0,12.466666666666667
rush_hour_seed1,rush_hour,1,301.25,316.25,148.0,4.6975971905372615,10.521283783783785,62.0,16.75,2.0,11.61095733927628,0.0,0.0,0.0,2.0,0.13333333333333333,0.26666666666666666,-0.06666666666666667,-0.18666666666666665,25.0,2.112014164761939,14.552,41.95,10.0,2.0,0.0,0.5333333333333333,-1.5333333333333334,-1.448048484848485,13.0,0.7460133821370706,31.573076923076922,61.5,11.0,0.0,0.13333333333333333,0.0,0.13333333333333333,0.5027505827505825,2.0,15.204931721666247,0.0,0.0,0.0,2.0,0.13333333333333333,0.26666666666666666,-0.13333333333333333,-0.28,23.0,2.289693106546145,4.541304347826087,22.5,8.0,2.0,0.13333333333333333,0.6,-1.2666666666666666,-1.7866908212560384,12.0,0.7975626737874194,30.995833333333334,62.5,10.0,0.0,0.13333333333333333,0.0,0.13333333333333333,0.4867222222222222,1.0,13.359922031980851,0.0,0.0,0.0,2.0,0.06666666666666667,0.2,-0.06666666666666667,-0.1811111111111111,14.0,1.2613370858405877,12.285714285714286,28.95,11.0,0.0,0.2,0.0,0.26666666666666666,0.5572294372294373,4.0,4.230888236522848,3.8625,12.6,2.0,0.0,0.13333333333333333,0.0,0.13333333333333333,0.2575,2.0,13.546492964613762,0.0,0.0,0.0,2.0,0.13333333333333333,0.13333333333333333,-0.06666666666666667,-0.13166666666666668,11.0,1.859405746333371,8.368181818181817,28.2,7.0,0.0,0.26666666666666666,0.0,0.26666666666666666,0.3583549783549783,5.0,2.996022309000873,5.4,13.15,3.0,0.0,0.13333333333333333,0.0,0.2,0.36000000000000004,1.0,0.0,16.0,0.0,14.0,41.88214285714286,1.0,0.0,14.0,0.0,13.0,40.88461538461539,1.0,0.0,19.0,18.63684210526316,5.0,11.010000000000002,1.0,0.0,14.0,15.446428571428571,6.0,13.133333333333333
rush_hour_seed1,rush_hour,1,302.25,317.25,148.0,4.769274420081641,10.207432432432432,59.0,15.75,2.0,12.557261851253877,0.0,0.0,0.0,2.0,0.13333333333333333,0.26666666666666666,-0.13333333333333333,-0.21583333333333332,24.0,2.2370908149109323,12.035416666666668,40.7,8.0,2.0,0.0,0.6,-1.6666666666666667,-1.6824873737373736,13.0,0.7009055488518341,32.419230769230765,62.5,11.0,0.0,0.13333333333333333,0.0,0.13333333333333333,0.5046153846153842,2.0,15.23341500979662,0.0,0.0,0.0,2.0,0.13333333333333333,0.26666666666666666,-0.13333333333333333,-0.31333333333333335,23.0,2.73671855905033,3.867391304347826,19.2,7.0,2.0,0.13333333333333333,0.6,-1.4,-1.8928405797101449,12.0,0.7344923919727272,31.829166666666666,63.5,10.0,0.0,0.13333333333333333,0.0,0.13333333333333333,0.48894444444444457,1.0,13.399856721291462,0.0,0.0,0.0,2.0,0.06666666666666667,0.2,-0.06666666666666667,-0.20333333333333334,15.0,1.286972903721926,12.2,29.95,11.0,0.0,0.26666666666666666,0.0,0.26666666666666666,0.509090909090909,4.0,3.8260358815306312,4.3625,13.6,2.0,0.0,0.13333333333333333,0.0,0.13333333333333333,0.29083333333333333,2.0,12.875777716084656,0.0,0.0,0.0,2.0,0.13333333333333333,0.13333333333333333,-0.06666666666666667,-0.165,11.0,2.082042217855367,9.004545454545454,29.2,7.0,0.0,0.26666666666666666,0.0,0.26666666666666666,0.3722077922077922,5.0,2.8866338764620822,6.0,14.15,3.0,0.0,0.13333333333333333,0.0,0.2,0.4,2.0,0.0,15.0,0.0,15.0,39.95666666666667,2.0,0.0,14.0,0.0,13.0,41.73846153846154,1.0,0.0,19.0,19.321052631578947,5.0,11.610000000000001,1.0,0.0,14.0,16.089285714285715,6.0,13.799999999999999
rush_hour_seed1,rush_hour,1,303.25,318.25,148.0,4.836124948612214,10.059797297297298,56.0,14.75,2.0,13.164313494077724,0.0,0.0,0.0,2.0,0.13333333333333333,0.26666666666666666,-0.06666666666666667,-0.029166666666666667,24.0,2.6424498128160536,10.63125,40.35,7.0,2.0,0.0,0.6,-1.6666666666666667,-1.7128661616161618,13.0,0.7091962627375126,33.26538461538461,63.5,11.0,0.0,0.13333333333333333,0.0,0.13333333333333333,0.506480186480186,1.0,13.829986706639176,0.0,0.0,0.0,2.0,0.06666666666666667,0.26666666666666666,-0.06666666666666667,-0.09416666666666668,22.0,2.910949432593385,2.5818181818181816,16.55,5.0,2.0,0.13333333333333333,0.6666666666666666,-1.4,-1.7685454545454544,12.0,0.7217849146801045,32.6625,64.5,10.0,0.0,0.13333333333333333,0.0,0.13333333333333333,0.49116666666666686,1.0,13.380556210773676,0.0,0.0,0.0,2.0,0.06666666666666667,0.2,0.0,0.0,16.0,1.3609674976978452,12.125,30.95,11.0,0.0,0.3333333333333333,0.0,0.26666666666666666,0.46166666666666667,4.0,3.596972306410249,4.8625,14.6,2.0,0.0,0.13333333333333333,0.0,0.13333333333333333,0.32416666666666666,1.0,13.862186237348944,0.0,0.0,0.0,2.0,0.06666666666666667,0.13333333333333333,0.0,0.0,11.0,2.1007931435574925,9.64090909090909,30.2,7.0,0.0,0.2,0.0,0.26666666666666666,0.41814393939393935,5.0,2.8681171096240106,6.6,15.15,3.0,0.0,0.13333333333333333,0.0,0.13333333333333333,0.43666666666666665,2.0,0.0,16.0,0.0,15.0,40.82333333333334,2.0,0.0,14.0,0.0,14.0,39.614285714285714,1.0,0.0,19.0,20.047368421052635,5.0,12.24,1.0,0.0,14.0,16.732142857142858,6.0,14.466666666666667
rush_hour_seed1,rush_hour,1,304.25,319.25,148.0,5.011685790074933,9.673986486486486,53.0,13.75,2.0,13.175868285728342,0.0,0.0,0.0,2.0,0.13333333333333333,0.2,0.0,0.0,23.0,2.7907415132927187,7.845652173913043,39.0,5.0,2.0,0.0,0.6,-1.6,-1.6734148550724635,13.0,0.7744568231197169,34.11153846153846,64.5,11.0,0.0,0.13333333333333333,0.0,0.13333333333333333,0.508344988344988,1.0,13.873280704598875,0.0,0.0,0.0,2.0,0.06666666666666667,0.2,0.0,0.0,22.0,3.368364566225622,1.3545454545454545,11.95,3.0,2.0,0.06666666666666667,0.6,-1.4,-1.6531414141414138,12.0,0.7757135742515748,33.49583333333333,65.5,10.0,0.0,0.13333333333333333,0.0,0.13333333333333333,0.49338888888888877,1.0,13.393630036289714,0.0,0.0,0.0,2.0,0.06666666666666667,0.13333333333333333,0.0,0.0,16.0,1.4886612373454697,12.8125,31.95,11.0,0.0,0.26666666666666666,0.0,0.26666666666666666,0.49749999999999994,4.0,3.5647240287563995,5.3625,15.6,2.0,0.0,0.13333333333333333,0.0,0.06666666666666667,0.3375,1.0,13.844344675198663,0.0,0.0,0.0,2.0,0.06666666666666667,0.06666666666666667,0.0,0.0,11.0,2.143403325554706,10.331818181818182,31.2,8.0,0.0,0.2,0.0,0.26666666666666666,0.43128787878787883,5.0,2.909305636996261,7.2,16.15,3.0,0.0,0.06666666666666667,0.0,0.13333333333333333,0.4608333333333334,1.0,0.0,15.0,0.0,15.0,41.690000000000005,2.0,0.0,13.0,0.0,14.0,40.471428571428575,1.0,0.0,19.0,20.810526315789474,5.0,13.040000000000001,1.0,0.0,14.0,17.389285714285712,6.0,15.266666666666666
rush_hour_seed1,rush_hour,1,305.25,320.25,146.0,5.09987013440519,9.809931506849315,52.0,12.75,2.0,13.148946672166772,0.0,0.0,0.0,2.0,0.13333333333333333,0.2,0.0,0.0,22.0,2.9350055450171095,6.611363636363635,39.25,4.0,2.0,0.0,0.6666666666666666,-1.5333333333333334,-1.585909090909091,13.0,0.8758925266641077,34.957692307692305,65.5,11.0,0.0,0.13333333333333333,0.0,0.13333333333333333,0.5102097902097898,1.0,13.8589410839614,0.0,0.0,0.0,2.0,0.06666666666666667,0.2,0.0,0.0,21.0,3.582773724633841,0.9452380952380953,10.4,2.0,2.0,0.06666666666666667,0.6666666666666666,-1.4,-1.4893174603174602,12.0,0.8653353029365857,34.329166666666666,66.5,10.0,0.0,0.13333333333333333,0.0,0.06666666666666667,0.49027777777777765,2.0,13.405349832904436,0.0,0.0,0.0,2.0,0.13333333333333333,0.13333333333333333,0.0,0.0,16.0,1.6555703260695704,13.528125,32.95,12.0,0.0,0.26666666666666666,0.0,0.3333333333333333,0.5063194444444444,4.0,3.5419843141537597,5.862500000000001,16.6,2.0,0.0,0.06666666666666667,0.0,0.06666666666666667,0.35527777777777786,1.0,13.878694711748977,0.0,0.0,0.0,2.0,0.06666666666666667,0.13333333333333333,0.0,0.0,11.0,2.2353038332847035,11.05909090909091,32.2,8.0,0.0,0.2,0.0,0.26666666666666666,0.446439393939394,5.0,2.9267031191838058,7.8,17.15,3.0,0.0,0.06666666666666667,0.0,0.13333333333333333,0.4841666666666667,1.0,0.0,16.0,0.0,15.0,42.556666666666665,2.0,0.0,14.0,0.0,14.0,41.32857142857143,1.0,0.0,19.0,21.6,5.0,13.84,1.0,0.0,14.0,18.12857142857143,6.0,16.099999999999998
rush_hour_seed1,rush_hour,1,306.25,321.25,144.0,5.199547228081662,9.609722222222222,48.0,11.75,2.0,13.169593602245047,0.0,0.0,0.0,2.0,0.13333333333333333,0.2,0.0,0.0,22.0,3.3744009038433593,3.2204545454545452,35.85,2.0,2.0,0.0,0.6,-1.5333333333333334,-1.7062707722385144,13.0,0.9202914232724375,35.80384615384615,66.5,11.0,0.0,0.13333333333333333,0.0,0.06666666666666667,0.50995337995338,1.0,13.86018690828234,0.0,0.0,0.0,2.0,0.06666666666666667,0.2,0.0,0.0,20.0,3.797416435519982,0.0,0.0,0.0,2.0,0.0,0.6666666666666666,-1.4,-1.3716666666666666,12.0,0.9625938297798617,35.1625,67.5,10.0,0.0,0.06666666666666667,0.0,0.06666666666666667,0.6547727272727274,2.0,14.419685618707824,0.0,0.0,0.0,2.0,0.13333333333333333,0.13333333333333333,0.0,0.0,16.0,1.8274783143115747,14.278125,33.95,12.0,0.0,0.26666666666666666,0.0,0.26666666666666666,0.5143749999999999,4.0,3.443318605488374,6.362500000000001,17.6,2.0,0.0,0.06666666666666667,0.0,0.06666666666666667,0.36638888888888893,1.0,13.867864457496909,0.0,0.0,0.0,2.0,0.06666666666666667,0.13333333333333333,0.0,0.0,11.0,2.2936545466393174,11.786363636363637,33.2,8.0,0.0,0.2,0.0,0.26666666666666666,0.46159090909090916,5.0,2.741651987241755,8.4,18.15,3.0,0.0,0.06666666666666667,0.0,0.13333333333333333,0.5075000000000001,1.0,0.0,16.0,0.01875,15.0,37.99,2.0,0.0,14.0,0.0071428571428571435,14.0,36.292857142857144,1.0,0.0,20.0,21.270000000000003,6.0,12.200000000000001,2.0,0.0,14.0,18.914285714285715,6.0,16.933333333333334
rush_hour_seed1,rush_hour,1,307.25,322.25,145.0,5.262198002642003,9.63241379310345,50.0,10.75,2.0,13.187628962634438,0.0,0.0,0.0,2.0,0.06666666666666667,0.13333333333333333,0.0,0.0,21.0,3.5944712512417274,1.7142857142857142,36.0,1.0,2.0,0.0,0.6666666666666666,-1.4666666666666666,-1.638294930875576,13.0,0.9155965010820447,36.69615384615385,67.5,12.0,0.0,0.06666666666666667,0.0,0.13333333333333333,0.6702991452991455,1.0,13.879331824898255,0.0,0.0,0.0,2.0,0.06666666666666667,0.2,0.0,0.0,20.0,4.292000995045635,0.0,0.0,0.0,2.0,0.0,0.6666666666666666,-1.2666666666666666,-1.1935555555555555,12.0,0.9536560125629632,36.041666666666664,68.5,11.0,0.0,0.06666666666666667,0.0,0.13333333333333333,0.6588383838383837,2.0,15.009682420172918,0.0,0.0,0.0,2.0,0.13333333333333333,0.06666666666666667,0.0,0.0,17.0,1.9195480022246059,14.144117647058822,34.95,12.0,0.0,0.3333333333333333,0.0,0.26666666666666666,0.46099673202614366,4.0,3.4088255833595493,7.0125,18.6,3.0,0.0,0.06666666666666667,0.0,0.13333333333333333,0.3875,1.0,13.849148737227079,0.0,0.0,0.0,2.0,0.06666666666666667,0.13333333333333333,0.0,0.0,12.0,2.215057021521112,11.470833333333333,34.2,8.0,0.0,0.26666666666666666,0.0,0.26666666666666666,0.4072222222222222,5.0,2.632690745606802,9.0,19.15,3.0,0.0,0.06666666666666667,0.0,0.06666666666666667,0.53,1.0,0.0,17.0,0.07647058823529412,14.0,25.289285714285715,2.0,0.0,14.0,0.07857142857142858,13.0,22.45384615384615,1.0,0.0,20.0,22.055,6.0,12.866666666666667,2.0,0.0,15.0,18.386666666666667,6.0,17.766666666666666
rush_hour_seed1,rush_hour,1,308.25,323.25,143.0,5.301423338842706,9.858041958041959,49.0,9.75,3.0,12.598955761958514,0.0,0.0,0.0,2.0,0.13333333333333333,0.13333333333333333,0.0,0.0,20.0,3.808898096940246,0.0,0.0,0.0,2.0,0.0,0.6666666666666666,-1.4666666666666666,-1.7492222222222222,13.0,0.7984763404361844,37.61923076923077,68.5,12.0,0.0,0.06666666666666667,0.0,0.13333333333333333,0.6762820512820513,1.0,13.857742834145903,0.0,0.0,0.0,2.0,0.06666666666666667,0.2,0.0,0.0,19.0,4.541575528269021,0.0,0.0,0.0,2.0,0.0,0.6666666666666666,-1.2,-1.0582758620689654,12.0,0.9514661660821516,36.958333333333336,69.5,11.0,0.0,0.06666666666666667,0.0,0.13333333333333333,0.6654040404040406,1.0,16.63062059710175,0.0,0.0,0.0,2.0,0.06666666666666667,0.06666666666666667,0.0,0.0,17.0,2.0800141086037796,14.85,35.95,12.0,0.0,0.26666666666666666,0.0,0.26666666666666666,0.504102564102564,4.0,3.4003164143806353,7.7625,19.6,3.0,0.0,0.06666666666666667,0.0,0.13333333333333333,0.4152777777777778,1.0,13.8348929194652,0.0,0.0,0.0,2.0,0.06666666666666667,0.06666666666666667,0.0,0.0,12.0,2.3513840985382433,12.137500000000001,35.2,8.0,0.0,0.2,0.0,0.26666666666666666,0.4617592592592593,5.0,2.587083300562131,9.6,20.15,3.0,0.0,0.06666666666666667,0.0,0.06666666666666667,0.5366666666666666,1.0,0.0,17.0,0.13529411764705881,14.0,16.067857142857143,2.0,0.0,15.0,0.14,13.0,13.292307692307691,1.0,0.0,21.0,21.76666666666667,6.0,13.533333333333333,2.0,0.0,15.0,19.12,7.0,15.942857142857141
rush_hour_seed1,rush_hour,1,309.25,324.25,144.0,5.319273751062995,10.129861111111111,49.0,8.75,2.0,15.181192160382334,0.0,0.0,0.0,2.0,0.13333333333333333,0.13333333333333333,0.0,0.0,19.0,4.041380415393751,0.0,0.0,0.0,2.0,0.0,0.7333333333333333,-1.3333333333333333,-1.5795555555555554,14.0,0.6726310571820793,35.78928571428572,69.5,12.0,0.0,0.13333333333333333,0.0,0.13333333333333333,0.49873015873015897,2.0,13.39502858878653,0.0,0.0,0.0,2.0,0.13333333333333333,0.13333333333333333,0.0,0.0,18.0,4.800739321815865,0.0,0.0,0.0,2.0,0.0,0.6666666666666666,-1.1333333333333333,-1.0257142857142858,13.0,0.7871468955362192,34.96153846153846,70.5,11.0,0.0,0.13333333333333333,0.0,0.13333333333333333,0.47773892773892757,1.0,16.561387666091324,0.0,0.0,0.0,2.0,0.06666666666666667,0.06666666666666667,0.0,0.0,17.0,2.0048707876211838,15.555882352941175,36.95,12.0,0.0,0.26666666666666666,0.0,0.2,0.5057767722473605,4.0,3.3956577016260128,8.512500000000001,20.6,3.0,0.0,0.06666666666666667,0.0,0.13333333333333333,0.44305555555555565,1.0,13.88882874081144,0.0,0.0,0.0,2.0,0.06666666666666667,0.06666666666666667,0.0,0.0,12.0,2.5025044385759547,12.804166666666667,36.2,8.0,0.0,0.2,0.0,0.2,0.4747222222222222,5.0,2.557973263128816,10.2,21.15,3.0,0.0,0.06666666666666667,0.0,0.06666666666666667,0.5433333333333332,1.0,0.0,18.0,0.18333333333333332,13.0,9.903846153846153,2.0,0.4,16.0,0.19375,13.0,9.76923076923077,1.0,0.0,21.0,22.564285714285717,6.0,14.200000000000001,2.0,0.0,16.0,18.64375,7.0,16.657142857142855
rush_hour_seed1,rush_hour,1,310.25,325.25,141.0,5.304625687974464,10.702836879432624,51.0,7.75,2.0,15.751171032057574,0.0,0.0,0.0,2.0,0.13333333333333333,0.13333333333333333,0.0,0.0,19.0,4.525610799393846,0.0,0.0,0.0,2.0,0.0,0.6666666666666666,-1.2,-1.4575862068965515,14.0,0.6248373553426171,36.646428571428565,70.5,12.0,0.0,0.13333333333333333,0.0,0.13333333333333333,0.5003174603174599,2.0,13.392919147754014,0.0,0.0,0.0,2.0,0.13333333333333333,0.13333333333333333,0.0,0.0,17.0,5.0478186698054035,0.0,0.0,0.0,2.0,0.0,0.6666666666666666,-1.0666666666666667,-0.8756790123456789,13.0,0.7348458596166552,35.80769230769231,71.5,11.0,0.0,0.13333333333333333,0.0,0.13333333333333333,0.47960372960372954,1.0,16.62759931445867,0.0,0.0,0.0,2.0,0.06666666666666667,0.13333333333333333,0.0,0.0,17.0,1.922980655143095,16.261764705882353,37.95,12.0,0.0,0.26666666666666666,0.0,0.2,0.5066817496229261,4.0,3.3997899907171596,9.262500000000001,21.6,3.0,0.0,0.06666666666666667,0.0,0.13333333333333333,0.47083333333333344,1.0,13.885831852977864,0.0,0.0,0.0,2.0,0.06666666666666667,0.06666666666666667,0.0,0.0,12.0,2.6155654059921294,13.520833333333334,37.2,9.0,0.0,0.2,0.0,0.26666666666666666,0.485462962962963,5.0,2.548423493438123,10.959999999999999,22.15,4.0,0.0,0.06666666666666667,0.0,0.13333333333333333,0.5606666666666666,2.0,0.0,19.0,0.2263157894736842,13.0,6.950000000000001,2.0,0.9,16.0,0.25625,12.0,4.4875,1.0,0.0,21.0,23.373809523809523,6.0,14.866666666666667,2.0,0.0,16.0,19.39375,7.0,17.37142857142857
rush_hour_seed1,rush_hour,1,311.25,326.25,142.0,5.411187506714555,10.991197183098592,52.0,6.75,2.0,14.89728265111048,0.0,0.0,0.0,2.0,0.13333333333333333,0.13333333333333333,0.0,0.0,18.0,4.7724475329527465,0.0,0.0,0.0,2.0,0.0,0.6666666666666666,-1.1333333333333333,-1.4409523809523812,14.0,0.6206564067548305,37.503571428571426,71.5,12.0,0.0,0.13333333333333333,0.0,0.13333333333333333,0.5019047619047619,2.0,13.392526129397023,0.0,0.0,0.0,2.0,0.13333333333333333,0.13333333333333333,0.0,0.0,17.0,5.550881645703289,0.0,0.0,0.0,2.0,0.0,0.6666666666666666,-1.0666666666666667,-0.8061728395061729,13.0,0.7068149773510398,36.65384615384615,72.5,11.0,0.0,0.13333333333333333,0.0,0.13333333333333333,0.4814685314685313,1.0,16.58851527822763,0.0,0.0,0.0,2.0,0.06666666666666667,0.13333333333333333,0.0,0.0,17.0,1.870011692419478,17.00588235294118,38.95,13.0,0.0,0.26666666666666666,0.0,0.26666666666666666,0.5101357466063351,5.0,3.0362173538642745,8.01,22.6,3.0,0.0,0.13333333333333333,0.0,0.13333333333333333,0.3651111111111111,2.0,12.91735802127165,0.0,0.0,0.0,2.0,0.13333333333333333,0.06666666666666667,0.0,0.0,12.0,2.382141135111472,14.270833333333334,38.2,9.0,0.0,0.2,0.0,0.2,0.49361111111111117,5.0,2.389170141147947,11.76,23.15,4.0,0.0,0.06666666666666667,0.0,0.13333333333333333,0.5806666666666668,2.0,0.0,19.0,0.33157894736842103,13.0,2.6346153846153846,3.0,0.9333333333333332,17.0,0.3323529411764706,12.0,0.8208333333333333,2.0,0.0,21.0,24.202380952380953,6.0,15.533333333333333,2.0,0.0,16.0,20.14375,7.0,18.085714285714285
rush_hour_seed1,rush_hour,1,312.25,327.25,142.0,5.352232329250561,11.357394366197184,52.0,5.75,1.0,16.66161873523146,0.0,0.0,0.0,2.0,0.06666666666666667,0.13333333333333333,0.0,0.0,18.0,5.253281227554227,0.0,0.0,0.0,2.0,0.0,0.6666666666666666,-1.0666666666666667,-1.3708333333333333,14.0,0.6498495387147037,38.36071428571428,72.5,12.0,0.0,0.13333333333333333,0.0,0.13333333333333333,0.5034920634920631,2.0,13.3264718193855,0.0,0.0,0.0,2.0,0.13333333333333333,0.13333333333333333,0.0,0.0,16.0,5.816938214819824,0.0,0.0,0.0,2.0,0.0,0.6666666666666666,-0.9333333333333333,-0.6594871794871795,13.0,0.7095648620212395,37.5,73.5,11.0,0.0,0.13333333333333333,0.0,0.13333333333333333,0.48333333333333334,1.0,16.647785004004838,0.0,0.0,0.0,2.0,0.06666666666666667,0.13333333333333333,0.0,0.0,18.0,1.919870168942867,16.783333333333335,39.95,13.0,0.0,0.3333333333333333,0.0,0.2,0.44478632478632496,5.0,2.7884666641870877,8.61,23.6,3.0,0.0,0.13333333333333333,0.0,0.13333333333333333,0.38288888888888883,2.0,12.66703093815374,0.0,0.0,0.0,2.0,0.13333333333333333,0.06666666666666667,0.0,0.0,13.0,2.212108247373531,13.865384615384615,39.2,9.0,0.0,0.26666666666666666,0.0,0.2,0.4221367521367521,6.0,2.1367570645206038,10.466666666666667,24.15,4.0,0.0,0.13333333333333333,0.0,0.06666666666666667,0.4477777777777778,2.0,0.0,19.0,0.46315789473684216,13.0,1.2807692307692307,3.0,1.2666666666666666,17.0,0.48235294117647054,12.0,0.14583333333333334,2.0,0.0,21.0,25.05952380952381,6.0,16.2,2.0,0.35,16.0,20.89375,7.0,18.8
rush_hour_seed1,rush_hour,1,313.25,328.25,141.0,5.383680619804874,11.806737588652481,52.0,4.75,1.0,16.579232014577837,0.0,0.0,0.0,2.0,0.06666666666666667,0.06666666666666667,0.0,0.0,17.0,5.5110581988463565,0.0,0.0,0.0,2.0,0.0,0.6666666666666666,-0.9333333333333333,-1.235679012345679,14.0,0.7308780345536263,39.21785714285714,73.5,12.0,0.0,0.13333333333333333,0.0,0.13333333333333333,0.505079365079365,1.0,12.928558829459678,0.0,0.0,0.0,2.0,0.06666666666666667,0.06666666666666667,0.0,0.0,15.0,6.050820642660925,0.0,0.0,0.0,2.0,0.0,0.6666666666666666,-0.8,-0.5169333333333334,13.0,0.7498119748081855,38.34615384615385,74.5,11.0,0.0,0.13333333333333333,0.0,0.06666666666666667,0.48398601398601404,1.0,16.652185732152315,0.0,0.0,0.0,2.0,0.06666666666666667,0.13333333333333333,0.0,0.0,18.0,1.7122073581980066,17.505555555555556,40.95,13.0,0.0,0.3333333333333333,0.0,0.2,0.44165242165242174,5.0,2.657011479742697,9.209999999999999,24.6,3.0,0.0,0.13333333333333333,0.0,0.13333333333333333,0.40066666666666667,1.0,11.997714805032592,0.0,0.0,0.0,2.0,0.06666666666666667,0.06666666666666667,0.0,0.0,13.0,2.129446783740357,14.557692307692308,40.2,9.0,0.0,0.26666666666666666,0.0,0.2,0.42384615384615393,6.0,1.998242159768428,11.133333333333333,25.15,4.0,0.0,0.13333333333333333,0.0,0.06666666666666667,0.4422222222222222,2.0,0.0,20.0,0.5925,12.0,0.0,3.0,1.5999999999999999,18.0,0.6222222222222222,11.0,0.0,2.0,0.25,22.0,24.738636363636363,6.0,16.866666666666667,2.0,0.85,16.0,21.681250000000002,7.0,19.514285714285712
rush_hour_seed1,rush_hour,1,314.25,329.25,140.0,5.347556105548928,12.2625,52.0,3.75,1.0,16.570180924445392,0.0,0.0,0.0,2.0,0.06666666666666667,0.06666666666666667,0.0,0.0,16.0,5.764491441332066,0.0,0.0,0.0,2.0,0.0,0.6666666666666666,-0.8666666666666667,-1.204871794871795,14.0,0.8468340823199167,40.074999999999996,74.5,12.0,0.0,0.13333333333333333,0.0,0.13333333333333333,0.5066666666666663,1.0,12.882522140670652,0.0,0.0,0.0,2.0,0.06666666666666667,0.06666666666666667,0.0,0.0,15.0,6.507425855811731,0.0,0.0,0.0,2.0,0.0,0.6666666666666666,-0.7333333333333333,-0.46159999999999995,13.0,0.8195291751382092,39.19230769230769,75.5,11.0,0.0,0.13333333333333333,0.0,0.06666666666666667,0.4797902097902098,1.0,16.566453164491804,0.0,0.0,0.0,2.0,0.06666666666666667,0.13333333333333333,0.0,0.0,19.0,1.5656305212058423,17.26842105263158,41.95,13.0,0.0,0.4,0.0,0.2,0.37456140350877215,5.0,2.619647573117299,9.809999999999999,25.6,3.0,0.0,0.13333333333333333,0.0,0.06666666666666667,0.3995555555555555,1.0,11.978802057746798,0.0,0.0,0.0,2.0,0.06666666666666667,0.06666666666666667,0.0,0.0,13.0,2.048289417721132,15.25,41.2,9.0,0.0,0.26666666666666666,0.0,0.2,0.4255555555555555,6.0,1.9446614488724345,11.799999999999999,26.15,4.0,0.0,0.13333333333333333,0.0,0.06666666666666667,0.4366666666666666,2.0,0.45,20.0,0.7925000000000001,11.0,0.0,3.0,1.9333333333333333,18.0,0.7888888888888889,11.0,0.0,2.0,0.75,22.0,25.6,6.0,17.658333333333335,2.0,1.35,17.0,21.17058823529412,7.0,20.25
rush_hour_seed1,rush_hour,1,315.25,330.25,141.0,5.432023778918589,12.546453900709219,53.0,2.75,1.0,16.665340158022943,0.0,0.0,0.0,2.0,0.06666666666666667,0.13333333333333333,0.0,0.0,16.0,6.197574232356927,0.0,0.0,0.0,2.0,0.0,0.6666666666666666,-0.7333333333333333,-1.0147435897435897,14.0,0.9692572752412015,40.95357142857143,75.5,13.0,0.0,0.06666666666666667,0.0,0.2,0.6804945054945056,1.0,12.937761828177925,0.0,0.0,0.0,2.0,0.06666666666666667,0.13333333333333333,0.0,0.0,15.0,6.745453233357157,0.0,0.0,0.0,2.0,0.06666666666666667,0.6666666666666666,-0.6,-0.34208333333333335,13.0,0.9185778501867515,40.03846153846154,76.5,11.0,0.0,0.06666666666666667,0.0,0.06666666666666667,0.6583974358974362,1.0,16.143614003800362,0.0,0.0,0.0,2.0,0.06666666666666667,0.06666666666666667,0.0,0.0,19.0,1.5378031791592248,17.95263157894737,42.95,13.0,0.0,0.3333333333333333,0.0,0.2,0.42803258145363415,5.0,2.7270702495867964,10.41,26.6,3.0,0.0,0.06666666666666667,0.0,0.06666666666666667,0.4698333333333334,1.0,11.99343551502563,0.0,0.0,0.0,2.0,0.06666666666666667,0.13333333333333333,0.0,0.0,14.0,2.117317016710269,14.803571428571429,42.2,9.0,0.0,0.26666666666666666,0.0,0.2,0.41490476190476194,6.0,1.997750318103613,12.466666666666667,27.15,4.0,0.0,0.06666666666666667,0.0,0.06666666666666667,0.5111111111111112,2.0,0.95,21.0,0.9785714285714286,11.0,0.0,3.0,2.2666666666666666,19.0,0.913157894736842,10.0,0.0,2.0,1.25,22.0,26.463636363636365,6.0,18.491666666666667,2.0,1.85,17.0,21.93529411764706,7.0,21.107142857142858
rush_hour_seed1,rush_hour,1,316.25,331.25,140.0,5.437563043216217,13.014642857142857,53.0,1.75,1.0,16.587113008227202,0.0,0.0,0.0,2.0,0.06666666666666667,0.13333333333333333,0.0,0.0,16.0,6.385251326520596,0.0,0.0,0.0,2.0,0.06666666666666667,0.6666666666666666,-0.6666666666666666,-0.9701333333333333,14.0,0.728587665480377,41.88214285714286,76.5,13.0,0.0,0.06666666666666667,0.0,0.13333333333333333,0.6872710622710625,1.0,12.918954602768961,0.0,0.0,0.0,2.0,0.06666666666666667,0.13333333333333333,0.0,0.0,14.0,6.8625925449948,0.0,0.0,0.0,2.0,0.06666666666666667,0.6666666666666666,-0.5333333333333333,-0.3027536231884058,13.0,0.9381883619290149,40.88461538461539,77.5,11.0,0.0,0.06666666666666667,0.0,0.06666666666666667,0.6592521367521369,1.0,15.98288830395377,0.0,0.0,0.0,2.0,0.06666666666666667,0.06666666666666667,0.0,0.0,19.0,1.560143162617857,18.63684210526316,43.95,13.0,0.0,0.3333333333333333,0.0,0.13333333333333333,0.42340852130325823,5.0,2.8985421154216366,11.010000000000002,27.6,3.0,0.0,0.06666666666666667,0.0,0.06666666666666667,0.4765000000000001,1.0,11.983530154488982,0.0,0.0,0.0,2.0,0.06666666666666667,0.13333333333333333,0.0,0.0,14.0,2.2064743080103932,15.446428571428571,43.2,9.0,0.0,0.2,0.0,0.13333333333333333,0.4718831168831169,6.0,2.155441004806555,13.133333333333333,28.15,4.0,0.0,0.06666666666666667,0.0,0.06666666666666667,0.5155555555555555,2.0,1.45,22.0,1.1613636363636364,10.0,0.0,3.0,2.6,20.0,1.0675,10.0,0.0,2.0,1.75,22.0,27.327272727272728,6.0,19.325,2.0,2.35,17.0,22.700000000000003,7.0,21.964285714285715
rush_hour_seed1,rush_hour,1,317.25,332.25,141.0,5.520861586138446,13.298936170212766,54.0,0.75,2.0,16.617226199038328,0.0,0.0,0.0,2.0,0.13333333333333333,0.13333333333333333,0.0,0.0,15.0,6.540982995499953,0.0,0.0,0.0,2.0,0.06666666666666667,0.6666666666666666,-0.5333333333333333,-0.8023611111111112,15.0,0.5236705602531742,39.95666666666667,77.5,13.0,0.0,0.13333333333333333,0.0,0.13333333333333333,0.502495726495727,2.0,12.727887898933638,0.0,0.0,0.0,2.0,0.13333333333333333,0.13333333333333333,0.0,0.0,14.0,7.244673433996178,0.0,0.0,0.0,2.0,0.06666666666666667,0.6666666666666666,-0.4666666666666667,-0.25782608695652176,13.0,0.768787902064347,41.73846153846154,78.5,12.0,0.0,0.06666666666666667,0.0,0.13333333333333333,0.6606196581196585,1.0,15.98605488818473,0.0,0.0,0.0,2.0,0.06666666666666667,0.06666666666666667,0.0,0.0,19.0,1.3770634495082126,19.321052631578947,44.95,13.0,0.0,0.26666666666666666,0.0,0.13333333333333333,0.4747368421052632,5.0,2.8222665116081282,11.610000000000001,28.6,3.0,0.0,0.06666666666666667,0.0,0.06666666666666667,0.48316666666666674,1.0,11.975125647042878,0.0,0.0,0.0,2.0,0.06666666666666667,0.13333333333333333,0.0,0.0,14.0,2.1734628354000423,16.089285714285715,44.2,9.0,0.0,0.2,0.0,0.13333333333333333,0.4723160173160174,6.0,2.2747954652807496,13.799999999999999,29.15,4.0,0.0,0.06666666666666667,0.0,0.06666666666666667,0.5199999999999999,2.0,1.95,22.0,1.4272727272727275,9.0,0.0,3.0,2.9333333333333336,20.0,1.2674999999999998,9.0,0.0,2.0,2.25,22.0,28.19090909090909,7.0,17.27857142857143,3.0,1.9000000000000001,17.0,23.476470588235294,7.0,22.821428571428573
rush_hour_seed1,rush_hour,1,318.25,333.25,142.0,5.469912983908431,13.59225352112676,56.0,2.75,2.0,16.646468395907434,0.0,0.0,0.0,1.0,0.13333333333333333,0.13333333333333333,0.0,0.0,16.0,6.882202586705117,0.0,0.0,0.0,1.0,0.13333333333333333,0.6666666666666666,-0.4666666666666667,-0.70875,15.0,0.49105026593048956,40.82333333333334,78.5,13.0,0.0,0.13333333333333333,0.0,0.13333333333333333,0.5038632478632484,2.0,12.703869891897572,0.0,0.0,0.0,1.0,0.13333333333333333,0.06666666666666667,0.0,0.0,14.0,7.380733855341008,0.0,0.0,0.0,1.0,0.13333333333333333,0.6666666666666666,-0.3333333333333333,-0.1721212121212121,14.0,0.6138940929606373,39.614285714285714,79.5,12.0,0.0,0.13333333333333333,0.0,0.13333333333333333,0.46345238095238084,1.0,16.02528614089227,0.0,0.0,0.0,1.0,0.06666666666666667,0.06666666666666667,0.0,0.0,19.0,1.220762861052093,20.047368421052635,45.95,14.0,0.0,0.2,0.0,0.2,0.5281578947368424,5.0,2.7920988479788957,12.24,29.6,4.0,0.0,0.06666666666666667,0.0,0.13333333333333333,0.49183333333333334,1.0,11.98845602620393,0.0,0.0,0.0,1.0,0.06666666666666667,0.06666666666666667,0.0,0.0,14.0,2.0670703783962305,16.732142857142858,45.2,9.0,0.0,0.2,0.0,0.13333333333333333,0.4727489177489178,6.0,2.2375665512466836,14.466666666666667,30.15,4.0,0.0,0.06666666666666667,0.0,0.06666666666666667,0.5244444444444445,3.0,1.6333333333333335,22.0,1.706818181818182,9.0,0.0,3.0,3.266666666666667,21.0,1.4238095238095236,8.0,0.0,2.0,2.75,22.0,29.05454545454546,7.0,17.992857142857144,3.0,2.2333333333333334,17.0,24.3,7.0,23.678571428571427
rush_hour_seed1,rush_hour,1,319.25,334.25,141.0,5.485375155216461,14.09645390070922,59.0,1.75,1.0,16.6127888443172,0.0,0.0,0.0,1.0,0.06666666666666667,0.13333333333333333,0.0,0.0,15.0,6.806210313560743,0.0,0.0,0.0,1.0,0.13333333333333333,0.6666666666666666,-0.3333333333333333,-0.5230434782608696,15.0,0.4764889459851619,41.690000000000005,79.5,13.0,0.0,0.13333333333333333,0.0,0.13333333333333333,0.5052307692307697,2.0,12.714538211763516,0.0,0.0,0.0,1.0,0.13333333333333333,0.06666666666666667,0.0,0.0,13.0,7.463527155578196,0.0,0.0,0.0,1.0,0.13333333333333333,0.7333333333333333,-0.2,-0.0903030303030303,14.0,0.6216056037659051,40.471428571428575,80.5,12.0,0.0,0.13333333333333333,0.0,0.13333333333333333,0.46503968253968303,1.0,16.01280230793691,0.0,0.0,0.0,1.0,0.06666666666666667,0.06666666666666667,0.0,0.0,19.0,1.1105516870126813,20.810526315789474,46.95,15.0,0.0,0.2,0.0,0.26666666666666666,0.533201754385965,5.0,2.7826865378498473,13.040000000000001,30.6,4.0,0.0,0.06666666666666667,0.0,0.13333333333333333,0.5118333333333334,1.0,11.97115349825006,0.0,0.0,0.0,1.0,0.06666666666666667,0.06666666666666667,0.0,0.0,14.0,2.003586460924491,17.389285714285712,46.2,10.0,0.0,0.2,0.0,0.13333333333333333,0.47049783549783536,6.0,2.2178206109188663,15.266666666666666,31.15,5.0,0.0,0.06666666666666667,0.0,0.13333333333333333,0.5377777777777778,3.0,1.9666666666666668,23.0,1.9369565217391302,8.0,0.0,3.0,3.6,22.0,1.606818181818182,8.0,0.0,2.0,3.25,23.0,28.619565217391305,7.0,18.707142857142856,3.0,2.566666666666667,17.0,25.123529411764707,8.0,21.46875
rush_hour_seed1,rush_hour,1,320.25,335.25,141.0,5.255393033816015,14.517375886524823,60.0,0.75,1.0,16.658020582742992,0.0,0.0,0.0,1.0,0.06666666666666667,0.13333333333333333,0.0,0.0,16.0,6.149771205983516,0.0,0.0,0.0,1.0,0.2,0.6,-0.26666666666666666,-0.4407575757575757,15.0,0.5156787282636452,42.556666666666665,80.5,13.0,0.0,0.13333333333333333,0.0,0.13333333333333333,0.5065982905982906,2.0,12.694850424203121,0.0,0.0,0.0,1.0,0.13333333333333333,0.06666666666666667,0.0,0.0,14.0,6.8067974425448545,0.0,0.0,0.0,1.0,0.2,0.6666666666666666,-0.13333333333333333,-0.06301587301587303,14.0,0.6621868755073773,41.32857142857143,81.5,12.0,0.0,0.13333333333333333,0.0,0.13333333333333333,0.4666269841269842,1.0,16.02241789514533,0.0,0.0,0.0,1.0,0.06666666666666667,0.13333333333333333,0.0,0.0,19.0,0.8527095908612443,21.6,47.95,15.0,0.0,0.2,0.0,0.2,0.5381250000000002,5.0,2.768008526075254,13.84,31.6,4.0,0.0,0.06666666666666667,0.0,0.13333333333333333,0.5318333333333333,1.0,11.971876885795501,0.0,0.0,0.0,1.0,0.06666666666666667,0.06666666666666667,0.0,0.0,14.0,1.820989231680186,18.12857142857143,47.2,11.0,0.0,0.2,0.0,0.2,0.4712987012987013,6.0,2.219873676370089,16.099999999999998,32.15,5.0,0.0,0.06666666666666667,0.0,0.13333333333333333,0.5533333333333331,3.0,2.3000000000000003,23.0,2.284782608695652,9.0,0.0,4.0,2.95,22.0,1.8795454545454546,8.0,0.0,2.0,3.75,23.0,29.491304347826084,7.0,19.42142857142857,3.0,2.9,17.0,25.947058823529414,8.0,22.21875
rush_hour_seed1,rush_hour,1,321.25,336.25,142.0,4.973348223184676,13.685563380281689,60.0,11.75,1.0,16.659756668429825,0.0,0.0,0.0,0.0,0.06666666666666667,0.13333333333333333,0.0,0.0,16.0,5.552502046212433,0.01875,0.3,1.0,0.0,0.2,0.6,-0.06666666666666667,-0.2134469696969697,15.0,0.6451465624080035,37.99,76.95,12.0,2.0,0.13333333333333333,0.0,0.06666666666666667,0.14574358974359,2.0,11.299941071531233,0.0,0.0,0.0,0.0,0.13333333333333333,0.06666666666666667,0.0,0.0,14.0,6.032979349345608,0.0071428571428571435,0.1,1.0,0.0,0.2,0.6,0.06666666666666667,0.00047619047619047624,14.0,0.7650937860748348,36.292857142857144,76.7,11.0,2.0,0.13333333333333333,0.0,0.06666666666666667,0.07535714285714287,1.0,16.008539567734662,0.0,0.0,0.0,0.0,0.06666666666666667,0.13333333333333333,0.0,0.0,20.0,0.6619538432774434,21.270000000000003,48.95,15.0,0.0,0.26666666666666666,0.0,0.2,0.46612500000000023,6.0,2.444713421523988,12.200000000000001,32.6,4.0,0.0,0.13333333333333333,0.0,0.13333333333333333,0.3891666666666667,2.0,11.979149680249392,0.0,0.0,0.0,0.0,0.13333333333333333,0.06666666666666667,0.0,0.0,14.0,1.5413677172179774,18.914285714285715,48.2,11.0,0.0,0.2,0.0,0.2,0.47519480519480517,6.0,2.2162357118484635,16.933333333333334,33.15,5.0,0.0,0.06666666666666667,0.0,0.13333333333333333,0.5688888888888889,3.0,0.0,24.0,2.5395833333333333,9.0,0.022222222222222223,4.0,0.0,23.0,2.095652173913044,9.0,0.03888888888888889,3.0,0.0,24.0,23.99791666666667,7.0,20.135714285714283,3.0,0.0,18.0,21.772222222222222,8.0,22.96875
rush_hour_seed1,rush_hour,1,322.25,337.25,143.0,4.842322863770611,10.832517482517483,55.0,10.75,1.0,16.58931113477424,0.0,0.0,0.0,0.0,0.06666666666666667,0.13333333333333333,0.0,0.0,17.0,5.1779095323747235,0.07647058823529412,1.3,1.0,0.0,0.26666666666666666,0.5333333333333333,0.0,-0.10918767507002801,14.0,0.9426506569911727,25.289285714285715,71.45,9.0,2.0,0.13333333333333333,0.06666666666666667,-0.2,-0.7604578754578756,2.0,9.075660516320811,0.0,0.0,0.0,0.0,0.13333333333333333,0.06666666666666667,0.0,0.0,14.0,5.577714554395004,0.07857142857142858,1.1,1.0,0.0,0.2,0.6,0.06666666666666667,0.005238095238095239,13.0,1.0120771180487877,22.45384615384615,68.9,8.0,2.0,0.13333333333333333,0.06666666666666667,-0.2,-0.9058547008547009,1.0,15.944519629895304,0.0,0.0,0.0,0.0,0.06666666666666667,0.13333333333333333,0.0,0.0,20.0,0.5690237513424286,22.055,49.95,16.0,0.0,0.2,0.0,0.26666666666666666,0.5273921568627452,6.0,2.1885857110738853,12.866666666666667,33.6,4.0,0.0,0.13333333333333333,0.0,0.06666666666666667,0.3902777777777778,2.0,12.932834692862816,0.0,0.0,0.0,0.0,0.13333333333333333,0.06666666666666667,0.0,0.0,15.0,1.369604858096183,18.386666666666667,49.2,11.0,0.0,0.2,0.0,0.2,0.46105555555555555,6.0,1.8100314919366947,17.766666666666666,34.15,5.0,0.0,0.06666666666666667,0.0,0.13333333333333333,0.5844444444444444,2.0,0.0,25.0,2.8240000000000003,9.0,0.13333333333333333,3.0,0.0,23.0,2.432608695652174,9.0,0.15000000000000002,2.0,0.0,23.0,20.858695652173914,7.0,20.849999999999998,2.0,0.0,17.0,14.48235294117647,8.0,23.71875
rush_hour_seed1,rush_hour,1,323.25,338.25,145.0,4.715833369725391,9.233448275862068,52.0,9.75,1.0,16.658362291399392,0.0,0.0,0.0,0.0,0.06666666666666667,0.2,0.0,0.0,17.0,4.796929881806119,0.13529411764705881,2.3,1.0,0.0,0.26666666666666666,0.4666666666666667,0.06666666666666667,0.009019607843137255,14.0,1.380268401235224,16.067857142857143,55.15,8.0,2.0,0.13333333333333333,0.06666666666666667,-0.26666666666666666,-1.4367582417582416,2.0,6.820071362261333,0.0,0.0,0.0,0.0,0.13333333333333333,0.06666666666666667,0.0,0.0,15.0,5.196432214698562,0.14,2.1,1.0,0.0,0.26666666666666666,0.5333333333333333,0.06666666666666667,0.009333333333333334,13.0,1.4907289045367695,13.292307692307691,50.8,6.0,2.0,0.13333333333333333,0.06666666666666667,-0.3333333333333333,-1.577735042735043,1.0,16.02301360298655,0.0,0.0,0.0,0.0,0.06666666666666667,0.06666666666666667,0.0,0.0,21.0,0.6257873786120495,21.76666666666667,50.95,16.0,0.0,0.26666666666666666,0.0,0.26666666666666666,0.4611111111111113,6.0,2.0056811213607015,13.533333333333333,34.6,4.0,0.0,0.13333333333333333,0.0,0.06666666666666667,0.3847222222222222,2.0,12.907990654718596,0.0,0.0,0.0,0.0,0.13333333333333333,0.06666666666666667,0.0,0.0,15.0,1.1813877960580286,19.12,50.2,11.0,0.0,0.2,0.0,0.2,0.46549999999999997,7.0,1.5153483347186183,15.942857142857141,35.15,5.0,0.0,0.13333333333333333,0.0,0.13333333333333333,0.42285714285714276,2.0,0.0,25.0,3.2260000000000004,9.0,0.24444444444444446,3.0,0.0,23.0,2.789130434782609,9.0,0.2611111111111111,2.0,0.0,23.0,16.81304347826087,7.0,21.564285714285713,2.0,0.0,18.0,9.405555555555557,8.0,24.46875
rush_hour_seed1,rush_hour,1,324.25,339.25,146.0,4.627732476241572,8.471917808219178,52.0,8.75,1.0,16.56899024309218,0.0,0.0,0.0,0.0,0.06666666666666667,0.13333333333333333,0.0,0.0,18.0,4.465408887040445,0.18333333333333332,3.3,1.0,0.0,0.3333333333333333,0.4,0.06666666666666667,0.012222222222222221,13.0,1.6603697574887943,9.903846153846153,43.4,6.0,2.0,0.06666666666666667,0.13333333333333333,-0.4,-1.725695970695971,2.0,6.264561596971691,0.4,0.8,1.0,0.0,0.06666666666666667,0.06666666666666667,0.06666666666666667,0.02666666666666667,16.0,4.803692491065646,0.19375,3.1,1.0,0.0,0.3333333333333333,0.4666666666666667,0.06666666666666667,0.012916666666666667,13.0,2.1415178474596606,9.76923076923077,41.35,5.0,2.0,0.06666666666666667,0.06666666666666667,-0.4,-1.6794871794871793,1.0,15.943385698709253,0.0,0.0,0.0,0.0,0.06666666666666667,0.06666666666666667,0.0,0.0,21.0,0.7210890583643614,22.564285714285717,51.95,17.0,0.0,0.26666666666666666,0.0,0.3333333333333333,0.46722689075630275,6.0,1.8883992989197234,14.200000000000001,35.6,4.0,0.0,0.13333333333333333,0.0,0.06666666666666667,0.37916666666666665,2.0,11.62251001058988,0.0,0.0,0.0,0.0,0.13333333333333333,0.06666666666666667,0.0,0.0,16.0,1.0846511014956661,18.64375,51.2,12.0,0.0,0.26666666666666666,0.0,0.26666666666666666,0.38930555555555557,7.0,1.3713475878729202,16.657142857142855,36.15,5.0,0.0,0.13333333333333333,0.0,0.13333333333333333,0.43047619047619035,2.0,0.0,25.0,3.6660000000000004,9.0,0.35555555555555557,3.0,0.0,24.0,3.047916666666667,9.0,0.37222222222222223,2.0,0.0,22.0,13.615909090909092,7.0,22.27857142857143,2.0,0.0,18.0,5.786111111111111,8.0,25.21875
rush_hour_seed1,rush_hour,1,325.25,340.25,146.0,4.636789199042827,7.988698630136986,49.0,7.75,2.0,15.234824496073067,0.0,0.0,0.0,0.0,0.13333333333333333,0.13333333333333333,0.0,0.0,19.0,4.145574807253447,0.2263157894736842,4.3,1.0,0.0,0.4,0.4,0.06666666666666667,0.015087719298245613,13.0,2.1186687715314285,6.950000000000001,34.35,5.0,2.0,0.06666666666666667,0.13333333333333333,-0.4666666666666667,-1.9797619047619042,2.0,6.2454587927462875,0.9,1.8,1.0,0.0,0.06666666666666667,0.06666666666666667,0.06666666666666667,0.060000000000000005,16.0,4.463944430873471,0.25625,4.1,1.0,0.0,0.3333333333333333,0.4,0.06666666666666667,0.017083333333333332,12.0,2.252447111973005,4.4875,27.2,3.0,2.0,0.06666666666666667,0.13333333333333333,-0.5333333333333333,-2.0880128205128203,1.0,14.063949253405696,0.0,0.0,0.0,0.0,0.06666666666666667,0.06666666666666667,0.0,0.0,21.0,0.858557075935481,23.373809523809523,52.95,17.0,0.0,0.26666666666666666,0.0,0.3333333333333333,0.4741363211951447,6.0,1.8905804969865425,14.866666666666667,36.6,4.0,0.0,0.13333333333333333,0.0,0.06666666666666667,0.37361111111111106,2.0,9.618319887593149,0.0,0.0,0.0,0.0,0.13333333333333333,0.06666666666666667,0.0,0.0,16.0,1.15295655494965,19.39375,52.2,12.0,0.0,0.26666666666666666,0.0,0.2,0.3915277777777778,7.0,1.3072289792396583,17.37142857142857,37.15,5.0,0.0,0.13333333333333333,0.0,0.06666666666666667,0.4274285714285714,1.0,0.0,25.0,4.128,9.0,0.4666666666666667,2.0,0.0,25.0,3.3160000000000003,9.0,0.5166666666666666,1.0,0.0,22.0,10.084090909090909,7.0,22.99285714285714,1.0,0.0,17.0,3.511764705882353,8.0,25.96875
rush_hour_seed1,rush_hour,1,326.25,341.25,149.0,4.676551125742884,7.4442953020134235,49.0,6.75,2.0,12.817865451942032,0.0,0.0,0.0,0.0,0.13333333333333333,0.13333333333333333,0.0,0.0,19.0,3.8631618447384106,0.33157894736842103,5.3,2.0,0.0,0.4,0.3333333333333333,0.13333333333333333,0.022105263157894735,13.0,2.368764883002621,2.6346153846153846,19.6,3.0,2.0,0.13333333333333333,0.2,-0.6,-2.3245970695970692,3.0,6.5744890281457415,0.9333333333333332,2.8,1.0,0.0,0.13333333333333333,0.06666666666666667,0.06666666666666667,0.062222222222222213,17.0,4.166941030339742,0.3323529411764706,5.1,2.0,0.0,0.4,0.4,0.13333333333333333,0.022156862745098038,12.0,2.680557098674145,0.8208333333333333,9.1,2.0,2.0,0.06666666666666667,0.13333333333333333,-0.6,-2.3888675213675215,2.0,10.290167443375019,0.0,0.0,0.0,0.0,0.13333333333333333,0.06666666666666667,0.0,0.0,21.0,1.0395937684345167,24.202380952380953,53.95,18.0,0.0,0.26666666666666666,0.0,0.3333333333333333,0.47976657329598493,6.0,1.9956944867744015,15.533333333333333,37.6,4.0,0.0,0.06666666666666667,0.0,0.06666666666666667,0.5015555555555555,2.0,7.603039124749026,0.0,0.0,0.0,0.0,0.06666666666666667,0.06666666666666667,0.0,0.0,16.0,1.2752129135520491,20.14375,53.2,12.0,0.0,0.26666666666666666,0.0,0.2,0.3915277777777778,7.0,1.3537228037733566,18.085714285714285,38.15,5.0,0.0,0.13333333333333333,0.0,0.06666666666666667,0.4217142857142857,2.0,0.0,25.0,4.638,9.0,0.6555555555555556,1.0,0.0,25.0,3.7560000000000002,9.0,0.7388888888888888,1.0,0.0,21.0,7.421428571428571,7.0,23.714285714285715,1.0,0.0,16.0,1.6781249999999999,8.0,26.71875
rush_hour_seed1,rush_hour,1,327.25,342.25,148.0,4.661579823106882,7.6300675675675675,50.0,5.75,2.0,10.068830646679015,0.0,0.0,0.0,0.0,0.13333333333333333,0.06666666666666667,0.0,0.0,19.0,3.545108961826966,0.46315789473684216,6.3,3.0,0.0,0.4,0.3333333333333333,0.2,0.030877192982456145,13.0,3.201485166129753,1.2807692307692307,12.3,2.0,2.0,0.13333333333333333,0.2,-0.6666666666666666,-2.4719963369963365,3.0,7.262040535196534,1.2666666666666666,3.8,1.0,0.0,0.13333333333333333,0.06666666666666667,0.06666666666666667,0.08444444444444445,17.0,3.862163473223685,0.48235294117647054,6.1,3.0,0.0,0.4,0.3333333333333333,0.2,0.03215686274509803,12.0,2.8526634997020754,0.14583333333333334,1.75,1.0,2.0,0.13333333333333333,0.2,-0.6666666666666666,-2.4902777777777776,2.0,8.557964297149267,0.0,0.0,0.0,0.0,0.13333333333333333,0.06666666666666667,0.0,0.0,21.0,1.1003837257369156,25.05952380952381,54.95,18.0,0.0,0.2,0.0,0.3333333333333333,0.5517460317460317,6.0,2.0579465959136582,16.2,38.6,4.0,0.0,0.06666666666666667,0.0,0.06666666666666667,0.506,2.0,6.934753952852916,0.35,0.7,1.0,0.0,0.06666666666666667,0.06666666666666667,0.06666666666666667,0.02333333333333333,16.0,1.4091399913803828,20.89375,54.2,12.0,0.0,0.2,0.0,0.2,0.4685576923076924,7.0,1.4724045636547631,18.8,39.15,5.0,0.0,0.06666666666666667,0.0,0.06666666666666667,0.5555555555555556,2.0,0.0,26.0,4.971153846153846,9.0,0.8777777777777778,1.0,0.0,25.0,4.196000000000001,9.0,0.9833333333333333,1.0,0.0,21.0,6.369047619047619,7.0,24.571428571428573,1.0,0.0,15.0,1.0833333333333333,8.0,27.46875
rush_hour_seed1,rush_hour,1,328.25,343.25,147.0,4.5295830676551505,7.884353741496598,50.0,4.75,2.0,7.311711799525397,0.0,0.0,0.0,0.0,0.13333333333333333,0.06666666666666667,0.0,0.0,20.0,3.278344161894746,0.5925,7.3,4.0,0.0,0.4666666666666667,0.26666666666666666,0.26666666666666666,0.0395,12.0,3.7297342547232777,0.0,0.0,0.0,2.0,0.13333333333333333,0.26666666666666666,-0.8,-2.6145238095238095,3.0,7.849686518003541,1.5999999999999999,4.8,1.0,0.0,0.13333333333333333,0.0,0.06666666666666667,0.10666666666666666,18.0,3.606862617989308,0.6222222222222222,7.1,3.0,0.0,0.4666666666666667,0.26666666666666666,0.2,0.04148148148148148,11.0,3.2942554297937576,0.0,0.0,0.0,2.0,0.13333333333333333,0.26666666666666666,-0.7333333333333333,-2.5564102564102567,2.0,7.6461282473390995,0.25,0.5,1.0,0.0,0.13333333333333333,0.06666666666666667,0.06666666666666667,0.016666666666666666,22.0,0.8935731299319144,24.738636363636363,55.95,18.0,0.0,0.26666666666666666,0.0,0.3333333333333333,0.48220538720538714,6.0,2.021968791559065,16.866666666666667,39.6,4.0,0.0,0.06666666666666667,0.0,0.06666666666666667,0.5104444444444446,2.0,6.940427206766326,0.85,1.7,1.0,0.0,0.06666666666666667,0.0,0.06666666666666667,0.056666666666666664,16.0,1.5625522943556704,21.681250000000002,55.2,13.0,0.0,0.2,0.0,0.26666666666666666,0.47490384615384623,7.0,1.6634010894650684,19.514285714285712,40.15,5.0,0.0,0.06666666666666667,0.0,0.06666666666666667,0.5587301587301586,2.0,0.0,26.0,5.509615384615385,10.0,0.99,2.0,0.0,26.0,4.490384615384615,9.0,1.3166666666666667,1.0,0.0,20.0,4.6225000000000005,8.0,22.25,2.0,0.0,16.0,0.209375,8.0,28.331249999999997
rush_hour_seed1,rush_hour,1,329.25,344.25,145.0,4.4325372010144815,8.356896551724137,54.0,3.75,2.0,6.931977688382613,0.45,0.9,1.0,0.0,0.13333333333333333,0.06666666666666667,0.06666666666666667,0.030000000000000002,20.0,3.0131562448548412,0.7925000000000001,8.3,4.0,0.0,0.4666666666666667,0.2,0.26666666666666666,0.052833333333333336,11.0,4.286676203063621,0.0,0.0,0.0,2.0,0.13333333333333333,0.3333333333333333,-0.8,-2.6716666666666664,3.0,7.51673307592291,1.9333333333333333,5.8,1.0,0.0,0.13333333333333333,0.0,0.06666666666666667,0.1288888888888889,18.0,3.315544116789206,0.7888888888888889,8.1,3.0,0.0,0.4666666666666667,0.26666666666666666,0.2,0.052592592592592594,11.0,4.192009004987359,0.0,0.0,0.0,2.0,0.13333333333333333,0.26666666666666666,-0.7333333333333333,-2.612820512820513,2.0,7.6409454110561015,0.75,1.5,1.0,0.0,0.13333333333333333,0.06666666666666667,0.06666666666666667,0.05,22.0,0.7356606131218242,25.6,56.95,19.0,0.0,0.2,0.0,0.4,0.5554385964912281,6.0,2.006615015679729,17.658333333333335,40.6,5.0,0.0,0.06666666666666667,0.0,0.13333333333333333,0.5232222222222224,2.0,6.927825144748204,1.35,2.7,1.0,0.0,0.06666666666666667,0.0,0.06666666666666667,0.09000000000000001,17.0,1.7184298615505835,21.17058823529412,56.2,13.0,0.0,0.26666666666666666,0.0,0.26666666666666666,0.39470588235294124,7.0,1.678540289989346,20.25,41.15,6.0,0.0,0.06666666666666667,0.0,0.13333333333333333,0.5633333333333334,2.0,0.0,27.0,5.855555555555555,10.0,1.2349999999999999,2.0,0.0,26.0,4.967307692307693,9.0,1.6888888888888889,1.0,0.0,20.0,3.8600000000000003,8.0,23.0,2.0,0.0,15.0,0.0,8.0,29.206249999999997
rush_hour_seed1,rush_hour,1,330.25,345.25,144.0,4.299100938076364,8.795833333333333,56.0,2.75,2.0,6.929411032211501,0.95,1.9,1.0,0.0,0.13333333333333333,0.06666666666666667,0.06666666666666667,0.06333333333333332,21.0,2.761847021627045,0.9785714285714286,9.3,5.0,0.0,0.5333333333333333,0.2,0.3333333333333333,0.06523809523809525,11.0,5.3560132360785335,0.0,0.0,0.0,2.0,0.13333333333333333,0.3333333333333333,-0.8666666666666667,-2.730238095238095,3.0,7.213534952534832,2.2666666666666666,6.8,1.0,0.0,0.13333333333333333,0.0,0.06666666666666667,0.1511111111111111,19.0,3.094376598013237,0.913157894736842,9.1,4.0,0.0,0.4666666666666667,0.2,0.26666666666666666,0.06087719298245613,10.0,4.726161363054745,0.0,0.0,0.0,2.0,0.13333333333333333,0.3333333333333333,-0.7333333333333333,-2.6692307692307695,2.0,7.636225423617109,1.25,2.5,1.0,0.0,0.13333333333333333,0.06666666666666667,0.06666666666666667,0.08333333333333333,22.0,0.6118079409254485,26.463636363636365,57.95,19.0,0.0,0.2,0.0,0.4,0.5674003189792665,6.0,2.0003212889585584,18.491666666666667,41.6,5.0,0.0,0.06666666666666667,0.0,0.13333333333333333,0.5387777777777778,2.0,6.940539184269146,1.85,3.7,1.0,0.0,0.06666666666666667,0.0,0.06666666666666667,0.12333333333333334,17.0,1.5858079058153682,21.93529411764706,57.2,13.0,0.0,0.2,0.0,0.26666666666666666,0.4754481792717088,7.0,1.6680021204665822,21.107142857142858,42.15,6.0,0.0,0.06666666666666667,0.0,0.13333333333333333,0.576031746031746,2.0,0.0,27.0,6.4185185185185185,10.0,1.535,2.0,0.0,27.0,5.2666666666666675,10.0,1.92,1.0,0.0,20.0,2.1525,8.0,23.75,2.0,0.0,14.0,0.0,9.0,26.738888888888887
rush_hour_seed1,rush_hour,1,331.25,346.25,146.0,4.315618117711168,9.05890410958904,56.0,1.75,2.0,6.912752247216413,1.45,2.9,1.0,0.0,0.13333333333333333,0.06666666666666667,0.06666666666666667,0.09666666666666666,22.0,2.5524806005321103,1.1613636363636364,10.3,5.0,0.0,0.5333333333333333,0.13333333333333333,0.3333333333333333,0.07742424242424242,10.0,5.874010950367625,0.0,0.0,0.0,2.0,0.13333333333333333,0.4,-0.8666666666666667,-2.7921428571428573,3.0,6.428323999191921,2.6,7.8,1.0,0.0,0.13333333333333333,0.0,0.06666666666666667,0.17333333333333334,20.0,2.9075622019501624,1.0675,10.1,4.0,0.0,0.5333333333333333,0.13333333333333333,0.26666666666666666,0.07116666666666666,10.0,5.7020606906726865,0.0,0.0,0.0,2.0,0.13333333333333333,0.3333333333333333,-0.7333333333333333,-2.7256410256410257,2.0,7.615256943225681,1.75,3.5,1.0,0.0,0.06666666666666667,0.0,0.06666666666666667,0.11666666666666667,22.0,0.5338586158774085,27.327272727272728,58.95,19.0,0.0,0.2,0.0,0.4,0.5793620414673045,6.0,1.9964627061065345,19.325,42.6,5.0,0.0,0.06666666666666667,0.0,0.13333333333333333,0.5543333333333332,2.0,6.168024629367899,2.35,4.7,1.0,0.0,0.06666666666666667,0.0,0.06666666666666667,0.15666666666666668,17.0,1.4146458194855245,22.700000000000003,58.2,13.0,0.0,0.2,0.0,0.26666666666666666,0.48357142857142876,7.0,1.6653799733109598,21.964285714285715,43.15,6.0,0.0,0.06666666666666667,0.0,0.13333333333333333,0.5887301587301589,2.0,0.0,27.0,7.014814814814815,10.0,1.9100000000000001,2.0,0.0,27.0,5.785185185185185,10.0,2.32,1.0,0.0,19.0,1.5842105263157895,8.0,24.5,1.0,0.0,13.0,0.0,9.0,27.516666666666666
rush_hour_seed1,rush_hour,1,332.25,347.25,146.0,4.196224513242943,9.449657534246576,58.0,0.75,2.0,6.940978396124556,1.95,3.9,1.0,0.0,0.06666666666666667,0.06666666666666667,0.06666666666666667,0.13,22.0,2.3714520899578835,1.4272727272727275,11.3,6.0,0.0,0.5333333333333333,0.06666666666666667,0.4,0.09515151515151517,9.0,6.00831304656882,0.0,0.0,0.0,2.0,0.06666666666666667,0.4666666666666667,-0.8666666666666667,-2.6637777777777782,3.0,5.842588767108971,2.9333333333333336,8.8,1.0,0.0,0.06666666666666667,0.0,0.06666666666666667,0.19555555555555557,20.0,2.68419573610064,1.2674999999999998,11.1,4.0,0.0,0.5333333333333333,0.13333333333333333,0.26666666666666666,0.08449999999999999,9.0,6.212134777908253,0.0,0.0,0.0,2.0,0.13333333333333333,0.4,-0.8,-2.782564102564103,2.0,7.645498644441187,2.25,4.5,1.0,0.0,0.06666666666666667,0.0,0.06666666666666667,0.15,22.0,0.501379585855807,28.19090909090909,59.95,19.0,0.0,0.2,0.0,0.4,0.5913237639553429,7.0,2.1040480397707753,17.27857142857143,43.6,5.0,0.0,0.13333333333333333,0.0,0.13333333333333333,0.3779047619047618,3.0,5.038659439025566,1.9000000000000001,5.7,1.0,0.0,0.13333333333333333,0.0,0.06666666666666667,0.12666666666666668,17.0,1.277671585031306,23.476470588235294,59.2,14.0,0.0,0.2,0.0,0.3333333333333333,0.4924789915966386,7.0,1.667887928272976,22.821428571428573,44.15,6.0,0.0,0.06666666666666667,0.0,0.13333333333333333,0.6014285714285716,1.0,0.0,27.0,7.644444444444445,10.0,2.325,1.0,0.0,27.0,6.312962962962962,10.0,2.805,2.0,0.0,19.0,0.47368421052631576,8.0,25.25,1.0,0.0,12.0,0.0,9.0,28.29444444444444
rush_hour_seed1,rush_hour,1,333.25,348.25,146.0,4.137287272025676,9.851712328767123,60.0,2.75,3.0,7.201797040882909,1.6333333333333335,4.9,1.0,0.0,0.13333333333333333,0.06666666666666667,0.06666666666666667,0.1088888888888889,22.0,2.165979903212913,1.706818181818182,12.3,7.0,0.0,0.4666666666666667,0.06666666666666667,0.4666666666666667,0.1137878787878788,9.0,6.584750913569608,0.0,0.0,0.0,1.0,0.06666666666666667,0.4666666666666667,-0.8666666666666667,-2.7215555555555557,3.0,5.482316017736391,3.266666666666667,9.8,1.0,0.0,0.06666666666666667,0.0,0.06666666666666667,0.2177777777777778,21.0,2.5075644089787947,1.4238095238095236,12.1,5.0,0.0,0.5333333333333333,0.06666666666666667,0.3333333333333333,0.0949206349206349,8.0,6.609705947081591,0.0,0.0,0.0,1.0,0.06666666666666667,0.4666666666666667,-0.8,-2.6409523809523807,2.0,7.608777789749026,2.75,5.5,1.0,0.0,0.06666666666666667,0.0,0.06666666666666667,0.18333333333333332,22.0,0.5128856056525192,29.05454545454546,60.95,19.0,0.0,0.2,0.0,0.3333333333333333,0.6004784688995215,7.0,1.9859549713312616,17.992857142857144,44.6,5.0,0.0,0.13333333333333333,0.0,0.06666666666666667,0.38352380952380954,3.0,4.720457407064385,2.2333333333333334,6.7,1.0,0.0,0.13333333333333333,0.0,0.06666666666666667,0.1488888888888889,17.0,1.1636682742921973,24.3,60.2,14.0,0.0,0.2,0.0,0.3333333333333333,0.5045238095238095,7.0,1.6643544351694894,23.678571428571427,45.15,6.0,0.0,0.06666666666666667,0.0,0.13333333333333333,0.614126984126984,1.0,0.0,28.0,8.005357142857143,10.0,2.825,1.0,0.0,28.0,6.630357142857143,10.0,3.3049999999999997,2.0,0.0,19.0,0.0,8.0,26.0,1.0,0.0,13.0,0.0,9.0,29.07222222222222
rush_hour_seed1,rush_hour,1,334.25,349.25,148.0,3.9200679313377775,10.127364864864864,62.0,1.75,3.0,7.698103303803847,1.9666666666666668,5.9,1.0,0.0,0.13333333333333333,0.0,0.06666666666666667,0.13111111111111112,23.0,2.0094995445470745,1.9369565217391302,13.3,7.0,0.0,0.5333333333333333,0.0,0.4666666666666667,0.1291304347826087,8.0,6.769968407151305,0.0,0.0,0.0,1.0,0.06666666666666667,0.5333333333333333,-0.8666666666666667,-2.7793333333333337,3.0,5.325021085482859,3.6,10.8,1.0,0.0,0.06666666666666667,0.0,0.06666666666666667,0.24000000000000002,22.0,2.3363125072494895,1.606818181818182,13.1,6.0,0.0,0.6,0.0,0.4,0.10712121212121213,8.0,6.4197464240039555,0.0,0.0,0.0,1.0,0.06666666666666667,0.4666666666666667,-0.8,-2.6980952380952385,2.0,7.623342925151631,3.25,6.5,1.0,0.0,0.06666666666666667,0.0,0.06666666666666667,0.21666666666666667,23.0,0.45044572787738874,28.619565217391305,61.95,20.0,0.0,0.26666666666666666,0.0,0.3333333333333333,0.520602593440122,7.0,1.9145737881637583,18.707142857142856,45.6,5.0,0.0,0.13333333333333333,0.0,0.06666666666666667,0.37780952380952365,3.0,4.571944587603148,2.566666666666667,7.7,1.0,0.0,0.13333333333333333,0.0,0.06666666666666667,0.17111111111111113,17.0,1.1005950215215108,25.123529411764707,61.2,14.0,0.0,0.2,0.0,0.26666666666666666,0.5156162464985996,8.0,1.5015467828571059,21.46875,46.15,6.0,0.0,0.13333333333333333,0.0,0.06666666666666667,0.4134722222222223,2.0,0.0,28.0,8.673214285714286,10.0,3.38,1.0,0.0,28.0,7.201785714285714,10.0,3.8649999999999998,1.0,0.0,18.0,0.0,8.0,26.75625,1.0,0.0,12.0,0.0,9.0,29.849999999999998
rush_hour_seed1,rush_hour,1,335.25,350.25,149.0,3.737507567382516,10.48255033557047,64.0,0.75,3.0,7.2619389840996975,2.3000000000000003,6.9,1.0,0.0,0.13333333333333333,0.0,0.06666666666666667,0.15333333333333335,23.0,1.832457024746971,2.284782608695652,14.3,8.0,0.0,0.4666666666666667,0.0,0.5333333333333333,0.15231884057971012,9.0,6.1446149247863655,0.0,0.0,0.0,1.0,0.13333333333333333,0.5333333333333333,-0.8666666666666667,-2.837111111111111,4.0,5.588731367138094,2.95,11.8,1.0,0.0,0.13333333333333333,0.0,0.06666666666666667,0.19666666666666668,22.0,2.167554486611561,1.8795454545454546,14.1,6.0,0.0,0.5333333333333333,0.0,0.4,0.1253030303030303,8.0,5.21530196158349,0.0,0.0,0.0,1.0,0.06666666666666667,0.4666666666666667,-0.8,-2.7552380952380955,2.0,6.7785414483409845,3.75,7.5,1.0,0.0,0.06666666666666667,0.0,0.06666666666666667,0.25,23.0,0.4554640166524081,29.491304347826084,62.95,21.0,0.0,0.26666666666666666,0.0,0.4,0.5260869565217389,7.0,1.9023879438225604,19.42142857142857,46.6,5.0,0.0,0.13333333333333333,0.0,0.06666666666666667,0.3720952380952381,3.0,4.653897005324459,2.9,8.7,1.0,0.0,0.13333333333333333,0.0,0.06666666666666667,0.19333333333333333,17.0,0.9711299880339811,25.947058823529414,62.2,14.0,0.0,0.2,0.0,0.2,0.5212324929971989,8.0,1.4248898422472205,22.21875,47.15,6.0,0.0,0.13333333333333333,0.0,0.06666666666666667,0.4079166666666668,2.0,0.0,29.0,9.029310344827588,10.0,3.9899999999999998,1.0,0.0,28.0,7.803571428571429,10.0,4.5200000000000005,1.0,0.0,18.0,0.0,8.0,27.63125,1.0,0.0,12.0,0.0,9.0,30.627777777777776
rush_hour_seed1,rush_hour,1,336.25,351.25,154.0,3.4679501071504433,9.105519480519481,61.0,29.75,3.0,7.131663248468565,0.0,0.0,0.0,2.0,0.13333333333333333,0.0,0.0,0.0,24.0,1.6917325424584477,2.5395833333333333,15.3,9.0,0.0,0.5333333333333333,0.0,0.5333333333333333,0.16805555555555557,9.0,5.263526135260872,0.022222222222222223,0.2,1.0,0.0,0.13333333333333333,0.5333333333333333,-0.7333333333333333,-2.531185185185185,4.0,5.210178708935601,0.0,0.0,0.0,2.0,0.13333333333333333,0.0,0.0,0.0,23.0,1.9985017237901064,2.095652173913044,15.1,7.0,0.0,0.6,0.0,0.4,0.1392339544513458,9.0,4.216543843574873,0.03888888888888889,0.35,1.0,0.0,0.13333333333333333,0.4666666666666667,-0.6666666666666666,-2.416931216931217,3.0,5.282447108717401,0.0,0.0,0.0,2.0,0.13333333333333333,0.0,0.0,0.0,24.0,0.5641264627184644,23.99791666666667,57.25,19.0,2.0,0.26666666666666666,0.0,0.26666666666666666,0.18186111111111103,7.0,1.9357692995567464,20.135714285714283,47.6,5.0,0.0,0.06666666666666667,0.0,0.06666666666666667,0.5290476190476188,3.0,5.022160823205385,0.0,0.0,0.0,2.0,0.06666666666666667,0.0,0.0,0.0,18.0,0.7839965684840802,21.772222222222222,54.35,13.0,2.0,0.26666666666666666,0.0,0.13333333333333333,0.1905291005291005,8.0,1.4161452291786127,22.96875,48.15,6.0,0.0,0.13333333333333333,0.0,0.06666666666666667,0.4023611111111111,2.0,0.0,29.0,9.701724137931036,10.0,4.6899999999999995,1.0,0.0,28.0,8.428571428571429,10.0,5.2299999999999995,1.0,0.0,17.0,0.0,8.0,28.50625,1.0,0.0,12.0,0.0,9.0,31.455555555555552
rush_hour_seed1,rush_hour,1,337.25,352.25,153.0,3.378874623164421,7.782679738562091,58.0,28.75,2.0,9.638585450878265,0.0,0.0,0.0,2.0,0.13333333333333333,0.06666666666666667,0.0,0.0,25.0,1.5599147257557768,2.8240000000000003,16.3,10.0,0.0,0.5333333333333333,0.0,0.6,0.1831686274509804,9.0,4.921326395421817,0.13333333333333333,1.2,1.0,0.0,0.13333333333333333,0.4666666666666667,-0.5333333333333333,-1.6770634920634921,3.0,6.779868122326325,0.0,0.0,0.0,2.0,0.13333333333333333,0.06666666666666667,0.0,0.0,23.0,1.8584779039710586,2.432608695652174,16.1,8.0,0.0,0.6,0.0,0.4666666666666667,0.15693581780538304,9.0,3.8522358868210613,0.15000000000000002,1.35,1.0,0.0,0.13333333333333333,0.4,-0.4666666666666667,-1.4869230769230768,2.0,7.447003286104384,0.0,0.0,0.0,2.0,0.13333333333333333,0.06666666666666667,0.0,0.0,23.0,0.8368272637289319,20.858695652173914,55.05,17.0,2.0,0.26666666666666666,0.06666666666666667,0.06666666666666667,-0.07975362318840572,7.0,2.0411061676717246,20.849999999999998,48.6,5.0,0.0,0.06666666666666667,0.0,0.06666666666666667,0.532222222222222,2.0,7.56578362766896,0.0,0.0,0.0,2.0,0.06666666666666667,0.06666666666666667,0.0,0.0,17.0,0.8682913870524439,14.48235294117647,43.25,10.0,2.0,0.2,0.06666666666666667,-0.06666666666666667,-0.2602875816993464,8.0,1.4259083314980023,23.71875,49.15,6.0,0.0,0.13333333333333333,0.0,0.06666666666666667,0.39680555555555563,2.0,0.0,29.0,10.391379310344828,11.0,4.954545454545454,2.0,0.0,28.0,9.076785714285714,10.0,6.029999999999999,1.0,0.0,17.0,0.0,8.0,29.38125,1.0,0.0,11.0,0.0,9.0,32.34444444444444
rush_hour_seed1,rush_hour,1,338.25,353.25,152.0,3.3644819764779603,6.9213815789473685,56.0,27.75,2.0,9.718118637176186,0.0,0.0,0.0,2.0,0.13333333333333333,0.06666666666666667,0.0,0.0,25.0,1.4565623444572275,3.2260000000000004,17.3,11.0,0.0,0.5333333333333333,0.0,0.6666666666666666,0.20604705882352944,9.0,4.584012297000548,0.24444444444444446,2.2,1.0,0.0,0.13333333333333333,0.4666666666666667,-0.4666666666666667,-1.05489417989418,3.0,7.4822115074171975,0.0,0.0,0.0,2.0,0.13333333333333333,0.06666666666666667,0.0,0.0,23.0,1.6965578996510353,2.789130434782609,17.1,9.0,0.0,0.5333333333333333,0.0,0.5333333333333333,0.17660869565217394,9.0,3.5384279918223402,0.2611111111111111,2.35,1.0,0.0,0.13333333333333333,0.4,-0.3333333333333333,-0.8687464387464386,2.0,8.252237074837899,0.0,0.0,0.0,2.0,0.13333333333333333,0.06666666666666667,0.0,0.0,23.0,1.2545944545054348,16.81304347826087,52.6,15.0,2.0,0.2,0.06666666666666667,-0.06666666666666667,-0.33024154589371996,7.0,2.1056222994060443,21.564285714285713,49.6,5.0,0.0,0.06666666666666667,0.0,0.06666666666666667,0.5353968253968253,2.0,8.260865773691805,0.0,0.0,0.0,2.0,0.06666666666666667,0.06666666666666667,0.0,0.0,18.0,1.2494967337283283,9.405555555555557,37.25,8.0,2.0,0.26666666666666666,0.06666666666666667,-0.2,-0.6476296296296297,8.0,1.5024349688254768,24.46875,50.15,6.0,0.0,0.06666666666666667,0.0,0.06666666666666667,0.5683928571428573,2.0,0.0,29.0,11.1,11.0,5.690909090909091,2.0,0.0,29.0,9.43448275862069,10.0,6.85,1.0,0.0,17.0,0.0,9.0,26.894444444444442,2.0,0.0,10.0,0.0,9.0,33.23333333333333
rush_hour_seed1,rush_hour,1,339.25,354.25,152.0,3.4959693520924477,6.136513157894737,53.0,26.75,2.0,10.229008186271413,0.0,0.0,0.0,2.0,0.13333333333333333,0.06666666666666667,0.0,0.0,25.0,1.3242982920430852,3.6660000000000004,18.3,11.0,0.0,0.4666666666666667,0.0,0.6666666666666666,0.23217777777777782,9.0,4.09127688134936,0.35555555555555557,3.2,1.0,0.0,0.13333333333333333,0.4,-0.3333333333333333,-0.6365527065527065,3.0,8.87426907837345,0.0,0.0,0.0,2.0,0.13333333333333333,0.06666666666666667,-0.06666666666666667,-0.02666666666666667,24.0,1.5807922473962037,3.047916666666667,18.1,9.0,0.0,0.5333333333333333,0.0,0.5333333333333333,0.1902777777777778,9.0,3.310697871226808,0.37222222222222223,3.35,1.0,0.0,0.13333333333333333,0.4,-0.26666666666666666,-0.6264672364672366,2.0,9.77696551656571,0.0,0.0,0.0,2.0,0.13333333333333333,0.06666666666666667,0.0,0.0,22.0,1.3986991116610623,13.615909090909092,45.85,13.0,2.0,0.2,0.13333333333333333,-0.26666666666666666,-0.5965584415584416,7.0,2.047624400207717,22.27857142857143,50.6,5.0,0.0,0.06666666666666667,0.0,0.06666666666666667,0.5385714285714285,2.0,9.074431633193534,0.0,0.0,0.0,2.0,0.06666666666666667,0.06666666666666667,0.0,0.0,18.0,1.8046718355597915,5.786111111111111,29.6,7.0,2.0,0.2,0.06666666666666667,-0.3333333333333333,-0.857175925925926,8.0,1.634559557244958,25.21875,51.15,6.0,0.0,0.06666666666666667,0.0,0.06666666666666667,0.5707738095238096,1.0,0.0,29.0,11.851724137931035,11.0,6.509090909090909,2.0,0.0,30.0,9.788333333333332,11.0,7.045454545454546,1.0,0.0,16.0,0.0,9.0,27.67222222222222,2.0,0.0,10.0,0.0,9.0,34.12222222222222
rush_hour_seed1,rush_hour,1,340.25,355.25,152.0,3.6359846423457927,5.560526315789474,53.0,25.75,1.0,13.554314022182437,0.0,0.0,0.0,2.0,0.06666666666666667,0.13333333333333333,0.0,0.0,25.0,1.1908427849122631,4.128,19.3,12.0,0.0,0.4,0.0,0.7333333333333333,0.2601122807017544,9.0,3.4647665641779124,0.4666666666666667,4.2,1.0,0.0,0.13333333333333333,0.4,-0.26666666666666666,-0.4322222222222223,2.0,11.740761701080022,0.0,0.0,0.0,2.0,0.13333333333333333,0.13333333333333333,-0.06666666666666667,-0.060000000000000005,25.0,1.4536614767304605,3.3160000000000003,19.1,10.0,0.0,0.6,0.0,0.6,0.20398333333333335,9.0,3.1221676969805547,0.5166666666666666,4.35,2.0,0.0,0.13333333333333333,0.3333333333333333,-0.06666666666666667,-0.2647222222222222,1.0,13.750847329424817,0.0,0.0,0.0,2.0,0.06666666666666667,0.06666666666666667,0.0,0.0,22.0,1.73758233703184,10.084090909090909,39.55,11.0,2.0,0.2,0.13333333333333333,-0.4,-0.885981240981241,7.0,2.0134935558570923,22.99285714285714,51.6,5.0,0.0,0.06666666666666667,0.0,0.06666666666666667,0.5417460317460315,1.0,13.585892684186128,0.0,0.0,0.0,2.0,0.06666666666666667,0.13333333333333333,0.0,0.0,17.0,2.278628936155541,3.511764705882353,20.35,6.0,2.0,0.2,0.13333333333333333,-0.4,-1.0587990196078432,8.0,1.7963154245932673,25.96875,52.15,6.0,0.0,0.06666666666666667,0.0,0.06666666666666667,0.573154761904762,1.0,0.0,30.0,12.208333333333334,11.0,7.327272727272727,2.0,0.0,30.0,10.488333333333333,11.0,7.863636363636363,1.0,0.0,16.0,0.0,9.0,28.450000000000003,2.0,0.0,9.0,0.0,9.0,35.011111111111106
rush_hour_seed1,rush_hour,1,341.25,356.25,152.0,3.860967665899429,5.1634868421052635,53.0,24.75,2.0,13.719689049159385,0.0,0.0,0.0,2.0,0.13333333333333333,0.13333333333333333,0.0,0.0,25.0,1.048741202249172,4.638,20.3,13.0,0.0,0.4,0.0,0.7333333333333333,0.28709473684210524,9.0,2.810486600499888,0.6555555555555556,5.2,2.0,0.0,0.06666666666666667,0.3333333333333333,-0.06666666666666667,-0.13193732193732194,1.0,16.647430736362935,0.0,0.0,0.0,2.0,0.06666666666666667,0.2,-0.06666666666666667,-0.062222222222222213,25.0,1.3433029601464548,3.7560000000000002,20.1,11.0,0.0,0.5333333333333333,0.0,0.6,0.22824313725490197,9.0,2.892246191353394,0.7388888888888888,5.35,2.0,0.0,0.13333333333333333,0.3333333333333333,0.0,-0.0054629629629629655,1.0,15.775538073236246,0.0,0.0,0.0,2.0,0.06666666666666667,0.13333333333333333,0.0,0.0,21.0,1.7670857517196399,7.421428571428571,30.65,9.0,2.0,0.2,0.2,-0.6,-1.1187301587301588,7.0,1.9967730465481508,23.714285714285715,52.6,6.0,0.0,0.06666666666666667,0.0,0.13333333333333333,0.5453968253968254,1.0,13.57251905597166,0.0,0.0,0.0,2.0,0.06666666666666667,0.13333333333333333,0.0,0.0,16.0,2.8509230112451585,1.6781249999999999,13.6,4.0,2.0,0.2,0.2,-0.5333333333333333,-1.2310416666666666,8.0,1.7636868308025417,26.71875,53.15,6.0,0.0,0.06666666666666667,0.0,0.06666666666666667,0.5755357142857143,1.0,0.0,30.0,12.981666666666666,11.0,8.145454545454545,2.0,0.0,30.0,11.213333333333333,11.0,8.681818181818182,1.0,0.0,15.0,0.0,9.0,29.227777777777778,2.0,0.0,8.0,0.0,9.0,35.9
rush_hour_seed1,rush_hour,1,342.25,357.25,154.0,4.048480187098207,5.147077922077922,54.0,23.75,2.0,13.715133796751939,0.0,0.0,0.0,2.0,0.13333333333333333,0.13333333333333333,0.0,0.0,26.0,0.9506010187062869,4.971153846153846,21.3,14.0,0.0,0.4666666666666667,0.0,0.7333333333333333,0.3005330634278003,9.0,2.236554616837905,0.8777777777777778,6.2,2.0,0.0,0.06666666666666667,0.3333333333333333,0.0,-0.02686609686609686,1.0,16.631523409977557,0.0,0.0,0.0,2.0,0.06666666666666667,0.2,-0.06666666666666667,-0.08444444444444445,25.0,1.215938260541084,4.196000000000001,21.1,11.0,0.0,0.5333333333333333,0.0,0.5333333333333333,0.24757647058823534,9.0,2.588297681796053,0.9833333333333333,6.35,3.0,0.0,0.06666666666666667,0.26666666666666666,0.13333333333333333,0.055833333333333325,1.0,16.597024695623666,0.0,0.0,0.0,2.0,0.06666666666666667,0.13333333333333333,0.0,0.0,21.0,1.8911616104879014,6.369047619047619,24.8,9.0,2.0,0.26666666666666666,0.26666666666666666,-0.6,-1.246031746031746,7.0,1.5751052892423265,24.571428571428573,53.6,6.0,0.0,0.06666666666666667,0.0,0.13333333333333333,0.5580952380952382,1.0,13.590512518573103,0.0,0.0,0.0,2.0,0.06666666666666667,0.13333333333333333,-0.06666666666666667,-0.02333333333333333,15.0,3.522659773573202,1.0833333333333333,10.2,3.0,2.0,0.2,0.26666666666666666,-0.6,-1.3206944444444446,8.0,1.7442636648113163,27.46875,54.15,6.0,0.0,0.06666666666666667,0.0,0.06666666666666667,0.5779166666666666,1.0,0.0,30.0,13.788333333333332,11.0,8.963636363636363,2.0,0.0,30.0,11.961666666666668,11.0,9.5,2.0,0.0,16.0,0.0,9.0,30.005555555555556,1.0,0.0,8.0,0.0,10.0,33.11
rush_hour_seed1,rush_hour,1,343.25,358.25,159.0,4.2082230247806365,4.919496855345912,52.0,22.75,2.0,13.715993801547189,0.0,0.0,0.0,2.0,0.13333333333333333,0.13333333333333333,0.0,0.0,26.0,0.857107725274038,5.509615384615385,22.3,14.0,0.0,0.4,0.0,0.6666666666666666,0.3278076923076923,10.0,1.8208183173151955,0.99,7.2,2.0,0.0,0.13333333333333333,0.26666666666666666,0.13333333333333333,0.066,2.0,14.302795369206928,0.0,0.0,0.0,2.0,0.13333333333333333,0.2,-0.06666666666666667,-0.10666666666666666,26.0,1.1079809591795553,4.490384615384615,22.1,12.0,0.0,0.5333333333333333,0.0,0.6,0.25787749287749284,9.0,2.2688807662707564,1.3166666666666667,7.35,3.0,0.0,0.06666666666666667,0.2,0.2,0.08777777777777777,1.0,16.594658460751177,0.0,0.0,0.0,2.0,0.06666666666666667,0.13333333333333333,-0.06666666666666667,-0.016666666666666666,20.0,2.0592179365031713,4.6225000000000005,21.7,7.0,2.0,0.2,0.3333333333333333,-0.7333333333333333,-1.3410757575757577,8.0,1.411085302633347,22.25,54.6,6.0,0.0,0.13333333333333333,0.0,0.13333333333333333,0.35888888888888887,2.0,13.040038781347427,0.0,0.0,0.0,2.0,0.13333333333333333,0.13333333333333333,-0.06666666666666667,-0.056666666666666664,16.0,4.058795951941273,0.209375,3.35,1.0,2.0,0.26666666666666666,0.26666666666666666,-0.8,-1.4314583333333333,8.0,1.6260484948527554,28.331249999999997,55.15,7.0,0.0,0.06666666666666667,0.0,0.13333333333333333,0.587797619047619,2.0,0.0,30.0,14.621666666666666,11.0,9.85,1.0,0.0,30.0,12.733333333333333,11.0,10.318181818181818,2.0,0.0,15.0,0.0,9.0,30.783333333333335,1.0,0.0,8.0,0.0,10.0,33.91
rush_hour_seed1,rush_hour,1,344.25,359.25,158.0,4.130640714437404,5.1243670886075945,55.0,21.75,2.0,13.719215818572298,0.0,0.0,0.0,2.0,0.13333333333333333,0.13333333333333333,-0.06666666666666667,-0.030000000000000002,27.0,0.7488740350494995,5.855555555555555,23.3,15.0,0.0,0.4666666666666667,0.0,0.7333333333333333,0.33753703703703697,10.0,1.6425417730087322,1.2349999999999999,8.2,3.0,0.0,0.13333333333333333,0.2,0.2,0.08233333333333333,2.0,14.302668604070787,0.0,0.0,0.0,2.0,0.13333333333333333,0.2,-0.06666666666666667,-0.1288888888888889,26.0,1.0045224252399971,4.967307692307693,23.1,13.0,0.0,0.5333333333333333,0.0,0.6666666666666666,0.2785612535612536,9.0,1.7513261978173906,1.6888888888888889,8.35,4.0,0.0,0.06666666666666667,0.2,0.26666666666666666,0.11259259259259259,1.0,16.64317251257226,0.0,0.0,0.0,2.0,0.06666666666666667,0.13333333333333333,-0.06666666666666667,-0.05,20.0,2.542629728939426,3.8600000000000003,20.75,7.0,2.0,0.2,0.3333333333333333,-0.8,-1.4493333333333334,8.0,1.3195282993350619,23.0,55.6,6.0,0.0,0.13333333333333333,0.0,0.06666666666666667,0.356111111111111,2.0,13.013010659157041,0.0,0.0,0.0,2.0,0.13333333333333333,0.13333333333333333,-0.06666666666666667,-0.09000000000000001,15.0,4.2082093244682515,0.0,0.0,0.0,2.0,0.2,0.3333333333333333,-0.8666666666666667,-1.4113725490196078,8.0,1.216572386850775,29.206249999999997,56.15,7.0,0.0,0.06666666666666667,0.0,0.06666666666666667,0.5970833333333332,2.0,0.0,31.0,14.974193548387097,11.0,10.759090909090908,1.0,0.0,30.0,13.533333333333333,11.0,11.136363636363637,1.0,0.0,14.0,0.0,9.0,31.561111111111114,1.0,0.0,8.0,0.0,10.0,34.709999999999994
rush_hour_seed1,rush_hour,1,345.25,360.25,162.0,4.1513129702280525,5.084876543209877,55.0,20.75,2.0,13.733110937880443,0.0,0.0,0.0,2.0,0.13333333333333333,0.13333333333333333,-0.06666666666666667,-0.06333333333333332,27.0,0.6991421321773871,6.4185185185185185,24.3,16.0,0.0,0.4,0.0,0.7333333333333333,0.362663139329806,10.0,1.5343172032233308,1.535,9.2,3.0,0.0,0.13333333333333333,0.2,0.2,0.10233333333333333,2.0,14.287764204152396,0.0,0.0,0.0,2.0,0.13333333333333333,0.2,-0.06666666666666667,-0.1511111111111111,27.0,0.9087864777480308,5.2666666666666675,24.1,14.0,0.0,0.5333333333333333,0.0,0.6666666666666666,0.290233918128655,10.0,1.3526996460612917,1.92,9.35,4.0,0.0,0.13333333333333333,0.13333333333333333,0.26666666666666666,0.128,1.0,16.669889133393767,0.0,0.0,0.0,2.0,0.06666666666666667,0.13333333333333333,-0.06666666666666667,-0.08333333333333333,20.0,2.7577558120547137,2.1525,16.95,5.0,2.0,0.26666666666666666,0.4,-0.9333333333333333,-1.6207424242424244,8.0,1.279393993085282,23.75,56.6,6.0,0.0,0.13333333333333333,0.0,0.06666666666666667,0.3505555555555555,2.0,13.038388255439674,0.0,0.0,0.0,2.0,0.13333333333333333,0.13333333333333333,-0.06666666666666667,-0.12333333333333334,14.0,4.417804293569793,0.0,0.0,0.0,2.0,0.2,0.4,-0.8666666666666667,-1.4623529411764706,9.0,0.9127095665500087,26.738888888888887,57.15,7.0,0.0,0.13333333333333333,0.0,0.06666666666666667,0.3754497354497353,1.0,0.0,31.0,15.830645161290322,12.0,10.695833333333333,2.0,0.0,30.0,14.361666666666668,11.0,11.954545454545455,1.0,0.0,15.0,0.0,9.0,32.394444444444446,1.0,0.0,8.0,0.0,10.0,35.515
rush_hour_seed1,rush_hour,1,346.25,361.25,161.0,4.14473897971132,5.351863354037267,56.0,19.75,2.0,12.644042203482076,0.0,0.0,0.0,2.0,0.13333333333333333,0.13333333333333333,-0.06666666666666667,-0.09666666666666666,27.0,0.6119795597779285,7.014814814814815,25.3,17.0,0.0,0.3333333333333333,0.0,0.8,0.3902300785634119,10.0,1.4995891711806093,1.9100000000000001,10.2,4.0,0.0,0.13333333333333333,0.13333333333333333,0.26666666666666666,0.12733333333333335,2.0,13.900938943565404,0.0,0.0,0.0,2.0,0.13333333333333333,0.2,-0.06666666666666667,-0.17333333333333334,27.0,0.8584832302220328,5.785185185185185,25.1,14.0,0.0,0.4666666666666667,0.0,0.6666666666666666,0.3145123456790123,10.0,1.2015908007764635,2.32,10.35,4.0,0.0,0.13333333333333333,0.13333333333333333,0.26666666666666666,0.15466666666666665,1.0,16.585826700467617,0.0,0.0,0.0,2.0,0.06666666666666667,0.13333333333333333,-0.06666666666666667,-0.11666666666666667,19.0,2.902934352798582,1.5842105263157895,12.05,4.0,2.0,0.26666666666666666,0.4666666666666667,-1.0,-1.7162041467304625,8.0,1.3157163561334253,24.5,57.6,6.0,0.0,0.13333333333333333,0.0,0.06666666666666667,0.34500000000000003,1.0,12.480424678049218,0.0,0.0,0.0,2.0,0.06666666666666667,0.13333333333333333,-0.06666666666666667,-0.15666666666666668,13.0,4.67156312331067,0.0,0.0,0.0,2.0,0.2,0.4666666666666667,-0.8666666666666667,-1.5133333333333334,9.0,0.8956987184113537,27.516666666666666,58.15,7.0,0.0,0.13333333333333333,0.0,0.06666666666666667,0.37015873015873,1.0,0.0,31.0,16.711290322580645,12.0,11.529166666666667,2.0,0.0,31.0,14.72258064516129,11.0,12.77727272727273,1.0,0.0,14.0,0.0,9.0,33.28333333333333,1.0,0.0,7.0,0.0,10.0,36.415
rush_hour_seed1,rush_hour,1,347.25,362.25,161.0,4.2298744901870045,5.551552795031055,57.0,18.75,1.0,13.875605892557651,0.0,0.0,0.0,2.0,0.06666666666666667,0.13333333333333333,-0.06666666666666667,-0.13,27.0,0.5240638147123261,7.644444444444445,26.3,17.0,0.0,0.3333333333333333,0.0,0.7333333333333333,0.4144781144781145,10.0,1.5117519369785346,2.325,11.2,5.0,0.0,0.13333333333333333,0.06666666666666667,0.3333333333333333,0.155,1.0,11.98703986247303,0.0,0.0,0.0,2.0,0.06666666666666667,0.2,-0.06666666666666667,-0.19555555555555557,27.0,0.7449775429609047,6.312962962962962,26.1,15.0,0.0,0.4666666666666667,0.0,0.7333333333333333,0.33636419753086416,10.0,1.097842033299524,2.805,11.35,5.0,0.0,0.13333333333333333,0.06666666666666667,0.3333333333333333,0.187,2.0,15.223510547596264,0.0,0.0,0.0,2.0,0.13333333333333333,0.13333333333333333,-0.06666666666666667,-0.15,19.0,3.3508756780970748,0.47368421052631576,5.55,2.0,2.0,0.26666666666666666,0.4666666666666667,-1.1333333333333333,-1.8478149920255185,8.0,1.4303415747954538,25.25,58.6,6.0,0.0,0.06666666666666667,0.0,0.06666666666666667,0.5314285714285715,1.0,12.437267359013838,0.0,0.0,0.0,2.0,0.06666666666666667,0.2,-0.06666666666666667,-0.12666666666666668,12.0,5.045582167062601,0.0,0.0,0.0,2.0,0.2,0.5333333333333333,-0.9333333333333333,-1.5650980392156864,9.0,0.9212127219825845,28.29444444444444,59.15,7.0,0.0,0.13333333333333333,0.0,0.06666666666666667,0.3648677248677245,1.0,0.0,31.0,17.62258064516129,12.0,12.362499999999999,2.0,0.0,31.0,15.579032258064515,11.0,13.686363636363637,1.0,0.0,13.0,0.0,9.0,34.172222222222224,1.0,0.0,6.0,0.0,10.0,37.315
rush_hour_seed1,rush_hour,1,348.25,363.25,164.0,4.271167198676242,5.736280487804878,57.0,17.75,1.0,13.856956713695546,0.0,0.0,0.0,2.0,0.06666666666666667,0.2,-0.06666666666666667,-0.1088888888888889,28.0,0.4693906819393749,8.005357142857143,27.3,18.0,0.0,0.4,0.0,0.7333333333333333,0.4199025974025974,10.0,1.5552993933840547,2.825,12.2,5.0,0.0,0.13333333333333333,0.06666666666666667,0.3333333333333333,0.18833333333333335,1.0,11.99489628026029,0.0,0.0,0.0,2.0,0.06666666666666667,0.2,-0.06666666666666667,-0.2177777777777778,28.0,0.6558917905935903,6.630357142857143,27.1,16.0,0.0,0.4666666666666667,0.0,0.7333333333333333,0.3471031746031746,10.0,1.089975755100573,3.3049999999999997,12.35,5.0,0.0,0.13333333333333333,0.0,0.3333333333333333,0.22033333333333333,2.0,14.31891070240162,0.0,0.0,0.0,2.0,0.13333333333333333,0.13333333333333333,-0.06666666666666667,-0.18333333333333332,19.0,3.5333231435088086,0.0,0.0,0.0,2.0,0.3333333333333333,0.5333333333333333,-1.2666666666666666,-1.9369696969696972,8.0,1.6159507435392397,26.0,59.6,6.0,0.0,0.06666666666666667,0.0,0.06666666666666667,0.5338095238095237,1.0,12.482487208950968,0.0,0.0,0.0,2.0,0.06666666666666667,0.2,-0.06666666666666667,-0.1488888888888889,13.0,5.688618673357061,0.0,0.0,0.0,2.0,0.26666666666666666,0.5333333333333333,-0.9333333333333333,-1.62,9.0,1.0176684746053595,29.07222222222222,60.15,7.0,0.0,0.13333333333333333,0.0,0.06666666666666667,0.3595767195767195,1.0,0.0,31.0,18.559677419354838,12.0,13.195833333333333,2.0,0.0,31.0,16.45,12.0,13.379166666666668,1.0,0.0,14.0,0.0,9.0,35.06111111111111,1.0,0.0,6.0,0.0,10.0,38.214999999999996
rush_hour_seed1,rush_hour,1,349.25,364.25,163.0,4.329513099600512,6.13282208588957,61.0,16.75,2.0,13.921303104815074,0.0,0.0,0.0,2.0,0.13333333333333333,0.2,-0.06666666666666667,-0.13111111111111112,28.0,0.4101203251857785,8.673214285714286,28.3,19.0,0.0,0.3333333333333333,0.0,0.8,0.449083850931677,10.0,1.5943713365113448,3.38,13.2,6.0,0.0,0.13333333333333333,0.0,0.4,0.22533333333333333,1.0,11.980502469828352,0.0,0.0,0.0,2.0,0.06666666666666667,0.2,-0.06666666666666667,-0.24000000000000002,28.0,0.5802928172125699,7.201785714285714,28.1,16.0,0.0,0.4,0.0,0.6666666666666666,0.37299783549783544,10.0,1.1363130759750635,3.8649999999999998,13.35,6.0,0.0,0.13333333333333333,0.0,0.4,0.25766666666666665,1.0,13.87683245413704,0.0,0.0,0.0,2.0,0.06666666666666667,0.13333333333333333,-0.06666666666666667,-0.21666666666666667,18.0,3.5776074730791327,0.0,0.0,0.0,2.0,0.26666666666666666,0.6,-1.3333333333333333,-1.9079710144927537,8.0,1.6053711018014292,26.75625,60.6,7.0,0.0,0.06666666666666667,0.0,0.13333333333333333,0.5366071428571431,1.0,12.461289149895943,0.0,0.0,0.0,2.0,0.06666666666666667,0.2,-0.06666666666666667,-0.17111111111111113,12.0,5.95908019241443,0.0,0.0,0.0,2.0,0.26666666666666666,0.6,-0.9333333333333333,-1.6749019607843139,9.0,1.1605669403288532,29.849999999999998,61.15,7.0,0.0,0.06666666666666667,0.0,0.06666666666666667,0.5587499999999999,1.0,0.0,31.0,19.538709677419355,12.0,14.029166666666667,2.0,0.0,31.0,17.346774193548388,12.0,14.2125,1.0,0.0,13.0,0.0,10.0,32.355000000000004,2.0,0.0,5.0,0.0,10.0,39.114999999999995
rush_hour_seed1,rush_hour,1,350.25,365.25,164.0,4.442425123790316,6.476524390243903,64.0,15.75,2.0,14.973953412611273,0.0,0.0,0.0,2.0,0.13333333333333333,0.2,-0.06666666666666667,-0.15333333333333335,29.0,0.36796037871368115,9.029310344827588,29.3,19.0,0.0,0.4,0.0,0.7333333333333333,0.4496351824087957,10.0,1.536218252947082,3.9899999999999998,14.2,7.0,0.0,0.06666666666666667,0.0,0.4666666666666667,0.26599999999999996,1.0,11.997151150696446,0.0,0.0,0.0,2.0,0.06666666666666667,0.26666666666666666,-0.06666666666666667,-0.19666666666666668,28.0,0.4957984199517775,7.803571428571429,29.1,17.0,0.0,0.4,0.0,0.7333333333333333,0.3949350649350649,10.0,1.2282517638839079,4.5200000000000005,14.35,7.0,0.0,0.13333333333333333,0.0,0.4666666666666667,0.30133333333333334,1.0,13.850649557036814,0.0,0.0,0.0,2.0,0.06666666666666667,0.13333333333333333,-0.06666666666666667,-0.25,18.0,3.858570095519334,0.0,0.0,0.0,2.0,0.26666666666666666,0.6,-1.4,-1.966086956521739,8.0,1.6010728895573751,27.63125,61.6,7.0,0.0,0.06666666666666667,0.0,0.13333333333333333,0.5473214285714287,1.0,12.462964533430691,0.0,0.0,0.0,2.0,0.06666666666666667,0.2,-0.06666666666666667,-0.19333333333333333,12.0,6.596706253844079,0.0,0.0,0.0,2.0,0.26666666666666666,0.6,-0.9333333333333333,-1.7298039215686276,9.0,1.360583403202877,30.627777777777776,62.15,7.0,0.0,0.06666666666666667,0.0,0.06666666666666667,0.5606018518518517,1.0,0.0,31.0,20.538709677419355,12.0,14.862499999999999,1.0,0.0,31.0,18.266129032258064,12.0,15.045833333333334,1.0,0.0,13.0,0.0,10.0,33.155,2.0,0.0,5.0,0.0,10.0,40.015
rush_hour_seed1,rush_hour,1,351.25,366.25,164.0,4.530670656652393,6.876219512195123,68.0,14.75,2.0,15.214577664586834,0.0,0.0,0.0,2.0,0.13333333333333333,0.2,0.0,0.0,29.0,0.3216870316110415,9.701724137931036,30.3,20.0,0.0,0.3333333333333333,0.0,0.7333333333333333,0.47747605363984685,10.0,1.3837118189008162,4.6899999999999995,15.2,7.0,0.0,0.06666666666666667,0.0,0.4,0.3111851851851852,1.0,11.983286814952734,0.0,0.0,0.0,2.0,0.06666666666666667,0.26666666666666666,0.0,0.0,28.0,0.4165697910284839,8.428571428571429,30.1,18.0,0.0,0.3333333333333333,0.0,0.7333333333333333,0.4221946169772257,10.0,1.3791441555775743,5.2299999999999995,15.35,8.0,0.0,0.06666666666666667,0.0,0.4666666666666667,0.34607407407407403,1.0,13.826660089909565,0.0,0.0,0.0,2.0,0.06666666666666667,0.2,0.0,0.0,17.0,3.9071867284336634,0.0,0.0,0.0,2.0,0.2,0.6666666666666666,-1.2666666666666666,-1.5998611111111112,8.0,1.60081158597776,28.50625,62.6,7.0,0.0,0.06666666666666667,0.0,0.13333333333333333,0.5580357142857146,1.0,12.490056581178848,0.0,0.0,0.0,2.0,0.06666666666666667,0.2,0.0,0.0,12.0,7.064402276628154,0.0,0.0,0.0,2.0,0.26666666666666666,0.6666666666666666,-0.8666666666666667,-1.4514814814814814,9.0,1.5609810522058238,31.455555555555552,63.15,8.0,0.0,0.06666666666666667,0.0,0.13333333333333333,0.5657870370370368,2.0,0.0,31.0,21.538709677419355,12.0,15.695833333333333,1.0,0.0,31.0,19.219354838709677,12.0,15.879166666666668,1.0,0.0,13.0,0.0,10.0,33.955,1.0,0.0,5.0,0.0,10.0,40.915
rush_hour_seed1,rush_hour,1,352.25,367.25,164.0,4.457154361498707,7.295426829268293,70.0,13.75,2.0,15.244529111779412,0.0,0.0,0.0,2.0,0.13333333333333333,0.13333333333333333,0.0,0.0,29.0,0.2640399022031048,10.391379310344828,31.3,20.0,0.0,0.26666666666666666,0.0,0.6666666666666666,0.5044919540229885,11.0,1.1398881269810852,4.954545454545454,16.2,8.0,0.0,0.13333333333333333,0.0,0.4666666666666667,0.3214141414141414,2.0,12.537209167232934,0.0,0.0,0.0,2.0,0.13333333333333333,0.2,0.0,0.0,28.0,0.3417803142962464,9.076785714285714,31.1,19.0,0.0,0.3333333333333333,0.0,0.7333333333333333,0.44294513457556933,10.0,1.4122004173339109,6.029999999999999,16.35,8.0,0.0,0.06666666666666667,0.0,0.4666666666666667,0.39199999999999996,1.0,13.846251555476337,0.0,0.0,0.0,2.0,0.06666666666666667,0.13333333333333333,0.0,0.0,17.0,3.9781811989354185,0.0,0.0,0.0,2.0,0.26666666666666666,0.6666666666666666,-1.1333333333333333,-1.3905797101449275,8.0,1.5969907220289215,29.38125,63.6,7.0,0.0,0.06666666666666667,0.0,0.13333333333333333,0.5687500000000002,1.0,12.438051421801262,0.0,0.0,0.0,2.0,0.06666666666666667,0.13333333333333333,0.0,0.0,11.0,7.5091387154510265,0.0,0.0,0.0,2.0,0.26666666666666666,0.6666666666666666,-0.6666666666666666,-0.9654901960784313,9.0,1.7071003402396352,32.34444444444444,64.15,8.0,0.0,0.06666666666666667,0.0,0.13333333333333333,0.5750462962962961,2.0,0.0,31.0,22.538709677419355,12.0,16.545833333333334,1.0,0.0,31.0,20.198387096774194,12.0,16.712500000000002,2.0,0.0,13.0,0.0,10.0,34.755,1.0,0.0,4.0,0.0,10.0,41.815
rush_hour_seed1,rush_hour,1,353.25,368.25,165.0,4.39962318682091,7.683333333333334,74.0,12.75,2.0,14.42256699024016,0.0,0.0,0.0,2.0,0.13333333333333333,0.13333333333333333,0.0,0.0,29.0,0.2097700485663084,11.1,32.3,21.0,0.0,0.26666666666666666,0.0,0.6666666666666666,0.5249333333333333,11.0,0.9876026144729914,5.690909090909091,17.2,9.0,0.0,0.13333333333333333,0.0,0.5333333333333333,0.36309764309764314,2.0,12.555290272621402,0.0,0.0,0.0,2.0,0.13333333333333333,0.2,0.0,0.0,29.0,0.3380735853617429,9.43448275862069,32.1,20.0,0.0,0.4,0.0,0.7333333333333333,0.4430234882558721,10.0,1.4011414294273756,6.85,17.35,9.0,0.0,0.06666666666666667,0.0,0.5333333333333333,0.43925925925925924,1.0,13.869338637334295,0.0,0.0,0.0,2.0,0.06666666666666667,0.13333333333333333,0.0,0.0,17.0,4.367124464261359,0.0,0.0,0.0,2.0,0.26666666666666666,0.6666666666666666,-1.0,-1.1208695652173912,9.0,1.2617309979360296,26.894444444444442,64.6,7.0,0.0,0.13333333333333333,0.0,0.13333333333333333,0.35534391534391524,2.0,12.692207749136195,0.0,0.0,0.0,2.0,0.13333333333333333,0.13333333333333333,0.0,0.0,10.0,7.741110000598228,0.0,0.0,0.0,2.0,0.2,0.7333333333333333,-0.5333333333333333,-0.6270370370370372,9.0,1.711681573127789,33.23333333333333,65.15,8.0,0.0,0.06666666666666667,0.0,0.13333333333333333,0.5843055555555552,2.0,0.0,31.0,23.538709677419355,12.0,17.462500000000002,1.0,0.0,31.0,21.198387096774194,12.0,17.545833333333334,2.0,0.0,14.0,0.0,10.0,35.555,1.0,0.0,4.0,0.0,11.0,38.83181818181818
rush_hour_seed1,rush_hour,1,354.25,369.25,166.0,4.299035656755985,8.087951807228915,76.0,11.75,1.0,16.626738543625923,0.0,0.0,0.0,2.0,0.06666666666666667,0.13333333333333333,0.0,0.0,29.0,0.16222004417636005,11.851724137931035,33.3,22.0,0.0,0.26666666666666666,0.0,0.7333333333333333,0.5457149425287356,11.0,0.913383947676381,6.509090909090909,18.2,9.0,0.0,0.13333333333333333,0.0,0.5333333333333333,0.41023569023569023,2.0,12.534462167920744,0.0,0.0,0.0,2.0,0.13333333333333333,0.2,0.0,0.0,30.0,0.28365517900772197,9.788333333333332,33.1,21.0,0.0,0.4,0.0,0.8,0.449361111111111,11.0,1.1449926000122839,7.045454545454546,18.35,9.0,0.0,0.13333333333333333,0.0,0.5333333333333333,0.4448821548821549,1.0,13.83659710914595,0.0,0.0,0.0,2.0,0.06666666666666667,0.13333333333333333,0.0,0.0,16.0,4.531086353049238,0.0,0.0,0.0,2.0,0.26666666666666666,0.6666666666666666,-0.8666666666666667,-0.9077272727272728,9.0,1.1255262770566132,27.67222222222222,65.6,7.0,0.0,0.13333333333333333,0.0,0.13333333333333333,0.3595767195767195,2.0,12.98952599166921,0.0,0.0,0.0,2.0,0.13333333333333333,0.13333333333333333,0.0,0.0,10.0,8.105304660460087,0.0,0.0,0.0,2.0,0.2,0.7333333333333333,-0.4666666666666667,-0.3857407407407408,9.0,1.3917310123643083,34.12222222222222,66.15,8.0,0.0,0.06666666666666667,0.0,0.13333333333333333,0.5935648148148147,2.0,0.0,31.0,24.538709677419355,13.0,16.965384615384615,2.0,0.0,31.0,22.198387096774194,12.0,18.379166666666666,2.0,0.0,14.0,0.06785714285714285,10.0,28.294999999999998,1.0,0.0,4.0,0.0,11.0,32.27272727272727
rush_hour_seed1,rush_hour,1,355.25,370.25,165.0,4.185942355909934,8.600909090909092,77.0,10.75,1.0,16.579889558389784,0.0,0.0,0.0,2.0,0.06666666666666667,0.06666666666666667,0.0,0.0,30.0,0.13855845997072086,12.208333333333334,34.3,23.0,0.0,0.3333333333333333,0.0,0.7333333333333333,0.5386888888888889,11.0,0.9195151790666946,7.327272727272727,19.2,9.0,0.0,0.13333333333333333,0.0,0.5333333333333333,0.4573737373737374,2.0,12.5252057277823,0.0,0.0,0.0,2.0,0.13333333333333333,0.13333333333333333,0.0,0.0,30.0,0.25175257584227745,10.488333333333333,34.1,21.0,0.0,0.3333333333333333,0.0,0.7333333333333333,0.4781555555555555,11.0,1.0394823554296457,7.863636363636363,19.35,9.0,0.0,0.13333333333333333,0.0,0.4666666666666667,0.4897979797979798,1.0,13.84958886971348,0.0,0.0,0.0,2.0,0.06666666666666667,0.06666666666666667,0.0,0.0,16.0,4.979769184672338,0.0,0.0,0.0,2.0,0.26666666666666666,0.6666666666666666,-0.7333333333333333,-0.6722727272727272,9.0,1.0330442962219972,28.450000000000003,66.6,7.0,0.0,0.13333333333333333,0.0,0.13333333333333333,0.3638095238095242,2.0,12.986518700918818,0.0,0.0,0.0,2.0,0.13333333333333333,0.06666666666666667,0.0,0.0,9.0,8.107917446627992,0.0,0.0,0.0,2.0,0.2,0.7333333333333333,-0.4,-0.2341176470588235,9.0,0.9536166333638086,35.011111111111106,67.15,8.0,0.0,0.06666666666666667,0.0,0.13333333333333333,0.6028240740740737,2.0,0.0,31.0,25.538709677419355,13.0,17.81153846153846,2.0,0.0,31.0,23.198387096774194,12.0,19.254166666666666,2.0,0.0,15.0,0.13,9.0,11.372222222222222,1.0,0.0,4.0,0.175,10.0,15.035
rush_hour_seed1,rush_hour,1,356.25,371.25,162.0,4.0629391351665305,9.241358024691358,79.0,9.75,1.0,16.666733796134594,0.0,0.0,0.0,2.0,0.06666666666666667,0.13333333333333333,0.0,0.0,30.0,0.11092194308311293,12.981666666666666,35.3,24.0,0.0,0.3333333333333333,0.0,0.7333333333333333,0.5562444444444444,11.0,1.0229422351674051,8.145454545454545,20.2,9.0,0.0,0.13333333333333333,0.0,0.4666666666666667,0.49932659932659923,2.0,12.533155323492561,0.0,0.0,0.0,2.0,0.13333333333333333,0.06666666666666667,0.0,0.0,30.0,0.2090098522924699,11.213333333333333,35.1,22.0,0.0,0.3333333333333333,0.0,0.7333333333333333,0.4971555555555555,11.0,0.9697371497855541,8.681818181818182,20.35,9.0,0.0,0.13333333333333333,0.0,0.4666666666666667,0.5295286195286195,1.0,13.87763066587504,0.0,0.0,0.0,2.0,0.06666666666666667,0.06666666666666667,0.0,0.0,15.0,5.175152939427308,0.0,0.0,0.0,2.0,0.26666666666666666,0.6666666666666666,-0.6,-0.49476190476190474,9.0,1.0069246795783535,29.227777777777778,67.6,7.0,0.0,0.13333333333333333,0.0,0.06666666666666667,0.3675661375661375,2.0,11.810084711628424,0.0,0.0,0.0,2.0,0.13333333333333333,0.06666666666666667,0.0,0.0,8.0,8.174672219445236,0.0,0.0,0.0,2.0,0.2,0.7333333333333333,-0.26666666666666666,-0.11187499999999999,9.0,0.5766480221982261,35.9,68.15,8.0,0.0,0.06666666666666667,0.0,0.13333333333333333,0.6120833333333332,2.0,0.0,31.0,26.538709677419355,13.0,18.657692307692308,2.0,0.0,31.0,24.198387096774194,12.0,20.170833333333334,2.0,0.3,15.0,0.19666666666666668,9.0,7.066666666666666,1.0,0.0,4.0,0.425,10.0,10.254999999999999
rush_hour_seed1,rush_hour,1,357.25,372.25,162.0,4.015504328873793,9.733024691358025,81.0,8.75,1.0,16.558454788628968,0.0,0.0,0.0,2.0,0.06666666666666667,0.13333333333333333,0.0,0.0,30.0,0.08449978698568557,13.788333333333332,36.3,25.0,0.0,0.26666666666666666,0.0,0.7333333333333333,0.5878119658119658,11.0,1.1791363280849647,8.963636363636363,21.2,9.0,0.0,0.13333333333333333,0.0,0.4666666666666667,0.539057239057239,2.0,11.950598278529448,0.0,0.0,0.0,2.0,0.13333333333333333,0.06666666666666667,0.0,0.0,30.0,0.16516144104224031,11.961666666666668,36.1,23.0,0.0,0.3333333333333333,0.0,0.8,0.5177111111111111,11.0,0.9501436963188012,9.5,21.35,9.0,0.0,0.13333333333333333,0.0,0.4,0.5677777777777778,2.0,13.850731934827635,0.0,0.0,0.0,2.0,0.13333333333333333,0.06666666666666667,0.0,0.0,16.0,5.5808848633245525,0.0,0.0,0.0,2.0,0.26666666666666666,0.6,-0.6,-0.4246031746031746,9.0,1.0577878630479938,30.005555555555556,68.6,7.0,0.0,0.13333333333333333,0.0,0.06666666666666667,0.36227513227513225,1.0,13.487941103302811,0.0,0.0,0.0,2.0,0.06666666666666667,0.06666666666666667,0.0,0.0,8.0,8.42557125832732,0.0,0.0,0.0,2.0,0.2,0.6666666666666666,-0.2,-0.07222222222222222,10.0,0.5351240782333274,33.11,69.15,8.0,0.0,0.13333333333333333,0.0,0.13333333333333333,0.37608333333333327,2.0,0.425,31.0,27.538709677419355,13.0,19.503846153846155,2.0,0.0,31.0,25.198387096774194,13.0,19.465384615384615,2.0,0.8,15.0,0.26333333333333336,9.0,1.4333333333333333,1.0,0.0,5.0,0.54,10.0,3.35
rush_hour_seed1,rush_hour,1,358.25,373.25,161.0,4.000710023756288,10.302173913043479,83.0,7.75,2.0,15.222839328061934,0.0,0.0,0.0,2.0,0.13333333333333333,0.13333333333333333,0.0,0.0,30.0,0.06107159495172566,14.621666666666666,37.3,25.0,0.0,0.26666666666666666,0.0,0.7333333333333333,0.6074700854700854,11.0,1.2631501900407,9.85,22.2,10.0,0.0,0.06666666666666667,0.0,0.5333333333333333,0.5906666666666667,1.0,13.142004655047716,0.0,0.0,0.0,2.0,0.06666666666666667,0.13333333333333333,0.0,0.0,30.0,0.12727809036527302,12.733333333333333,37.1,24.0,0.0,0.26666666666666666,0.0,0.8,0.5495299145299145,11.0,0.979666608195558,10.318181818181818,22.35,9.0,0.0,0.13333333333333333,0.0,0.4,0.6001010101010101,2.0,13.862441392418114,0.0,0.0,0.0,2.0,0.13333333333333333,0.06666666666666667,0.0,0.0,15.0,5.717402706590168,0.0,0.0,0.0,2.0,0.26666666666666666,0.6,-0.4666666666666667,-0.3081666666666667,9.0,1.1759435824913413,30.783333333333335,69.6,7.0,0.0,0.06666666666666667,0.0,0.06666666666666667,0.568888888888889,1.0,13.509049675321375,0.0,0.0,0.0,2.0,0.06666666666666667,0.13333333333333333,0.0,0.0,8.0,8.714003496360139,0.0,0.0,0.0,2.0,0.2,0.7333333333333333,-0.06666666666666667,-0.013958333333333333,10.0,0.5608602593940063,33.91,70.15,8.0,0.0,0.13333333333333333,0.0,0.06666666666666667,0.3719166666666666,2.0,0.925,31.0,28.538709677419355,13.0,20.35,2.0,0.0,31.0,26.198387096774194,13.0,20.31153846153846,2.0,1.3,15.0,0.33,8.0,0.0,1.0,0.0,6.0,0.6166666666666667,9.0,0.0
rush_hour_seed1,rush_hour,1,359.25,374.25,162.0,4.049478705768856,10.75432098765432,84.0,6.75,2.0,14.832140828328033,0.0,0.0,0.0,2.0,0.13333333333333333,0.13333333333333333,0.0,0.0,31.0,0.05379628552536591,14.974193548387097,38.3,26.0,0.0,0.26666666666666666,0.0,0.7333333333333333,0.6079091995221028,11.0,1.2618118500023912,10.759090909090908,23.2,10.0,0.0,0.06666666666666667,0.0,0.4666666666666667,0.6349393939393939,1.0,13.118677574760676,0.0,0.0,0.0,2.0,0.06666666666666667,0.13333333333333333,0.0,0.0,30.0,0.09538274827716627,13.533333333333333,38.1,24.0,0.0,0.26666666666666666,0.0,0.7333333333333333,0.571068376068376,11.0,1.077427730658873,11.136363636363637,23.35,9.0,0.0,0.13333333333333333,0.0,0.3333333333333333,0.6298316498316499,1.0,13.870047438628973,0.0,0.0,0.0,2.0,0.06666666666666667,0.06666666666666667,0.0,0.0,14.0,5.889913466396439,0.0,0.0,0.0,2.0,0.26666666666666666,0.6666666666666666,-0.4666666666666667,-0.25733333333333336,9.0,1.3269407892643583,31.561111111111114,70.6,7.0,0.0,0.06666666666666667,0.0,0.06666666666666667,0.5707407407407409,1.0,13.542359055037315,0.0,0.0,0.0,2.0,0.06666666666666667,0.13333333333333333,0.0,0.0,8.0,9.233864924253124,0.0,0.0,0.0,2.0,0.2,0.6666666666666666,0.0,0.0,10.0,0.6989952920483721,34.709999999999994,71.15,8.0,0.0,0.13333333333333333,0.0,0.06666666666666667,0.36691666666666645,3.0,0.9500000000000001,31.0,29.538709677419355,13.0,21.196153846153848,2.0,0.1,31.0,27.198387096774194,13.0,21.157692307692308,2.0,1.8,15.0,0.39666666666666667,9.0,0.0,2.0,0.0,6.0,0.8416666666666667,9.0,0.0
rush_hour_seed1,rush_hour,1,360.25,375.25,164.0,4.0687882793469505,11.147256097560975,88.0,5.75,1.0,13.762510634130152,0.0,0.0,0.0,2.0,0.06666666666666667,0.13333333333333333,0.0,0.0,31.0,0.03965203418858735,15.830645161290322,39.3,27.0,0.0,0.26666666666666666,0.0,0.7333333333333333,0.6274751095181201,12.0,1.0099089456580024,10.695833333333333,24.2,10.0,0.0,0.13333333333333333,0.0,0.4666666666666667,0.6107222222222222,2.0,13.285303284864689,0.0,0.0,0.0,2.0,0.13333333333333333,0.13333333333333333,0.0,0.0,30.0,0.06912804357972128,14.361666666666668,39.1,25.0,0.0,0.2,0.0,0.7333333333333333,0.6063333333333334,11.0,1.2075622829640427,11.954545454545455,24.35,9.0,0.0,0.06666666666666667,0.0,0.3333333333333333,0.668969696969697,1.0,13.827364292634885,0.0,0.0,0.0,2.0,0.06666666666666667,0.06666666666666667,0.0,0.0,15.0,6.260319473897703,0.0,0.0,0.0,2.0,0.26666666666666666,0.6,-0.3333333333333333,-0.1435,9.0,1.3397791302069393,32.394444444444446,71.6,8.0,0.0,0.06666666666666667,0.0,0.13333333333333333,0.5762962962962964,1.0,13.522710950415284,0.0,0.0,0.0,2.0,0.06666666666666667,0.13333333333333333,0.0,0.0,8.0,9.749132917618851,0.0,0.0,0.0,2.0,0.26666666666666666,0.6666666666666666,0.0,0.0,10.0,0.8762889491814043,35.515,72.15,9.0,0.0,0.06666666666666667,0.0,0.13333333333333333,0.5850740740740742,3.0,1.2833333333333334,31.0,30.538709677419355,13.0,22.042307692307695,2.0,0.6,31.0,28.198387096774194,13.0,22.003846153846155,2.0,2.3,15.0,0.5066666666666667,8.0,0.0,2.0,0.0,6.0,1.175,8.0,0.0
rush_hour_seed1,rush_hour,1,361.25,376.25,163.0,4.014818881002803,11.761042944785276,91.0,4.75,1.0,13.81144635498203,0.0,0.0,0.0,2.0,0.06666666666666667,0.13333333333333333,0.0,0.0,31.0,0.028137676953617102,16.711290322580645,40.3,28.0,0.0,0.26666666666666666,0.0,0.7333333333333333,0.6464317005177219,12.0,0.9202020093241705,11.529166666666667,25.2,10.0,0.0,0.13333333333333333,0.0,0.4,0.6412777777777777,2.0,13.498714035766746,0.0,0.0,0.0,2.0,0.13333333333333333,0.13333333333333333,0.0,0.0,31.0,0.05721110502058806,14.72258064516129,40.1,26.0,0.0,0.26666666666666666,0.0,0.8,0.595826363998407,11.0,1.2706051889396015,12.77727272727273,25.35,10.0,0.0,0.06666666666666667,0.0,0.4,0.6971515151515153,1.0,13.827645616774682,0.0,0.0,0.0,2.0,0.06666666666666667,0.06666666666666667,0.0,0.0,14.0,6.369578852277497,0.0,0.0,0.0,2.0,0.26666666666666666,0.6,-0.26666666666666666,-0.1056140350877193,9.0,1.335092712740838,33.28333333333333,72.6,8.0,0.0,0.06666666666666667,0.0,0.13333333333333333,0.5855555555555554,1.0,13.520052767977987,0.0,0.0,0.0,2.0,0.06666666666666667,0.06666666666666667,0.0,0.0,7.0,10.351385821799521,0.0,0.0,0.0,2.0,0.26666666666666666,0.6666666666666666,0.0,0.0,10.0,1.060563921709326,36.415,73.15,9.0,0.0,0.06666666666666667,0.0,0.13333333333333333,0.5932222222222222,3.0,1.6166666666666665,31.0,31.538709677419355,13.0,22.965384615384615,2.0,1.1,31.0,29.198387096774194,13.0,22.85,2.0,2.8,16.0,0.653125,7.0,0.0,2.0,0.0,6.0,1.5083333333333335,8.0,0.0
rush_hour_seed1,rush_hour,1,362.25,377.25,160.0,3.9691258955979563,12.5553125,93.0,3.75,1.0,13.81428115264774,0.0,0.0,0.0,2.0,0.06666666666666667,0.06666666666666667,0.0,0.0,31.0,0.01816216816164671,17.62258064516129,41.3,29.0,0.0,0.26666666666666666,0.0,0.8,0.6652090800477896,12.0,0.8739369932835426,12.362499999999999,26.2,10.0,0.0,0.13333333333333333,0.0,0.3333333333333333,0.6691666666666666,2.0,13.525459155007347,0.0,0.0,0.0,2.0,0.13333333333333333,0.06666666666666667,0.0,0.0,31.0,0.04498216688840023,15.579032258064515,41.1,27.0,0.0,0.26666666666666666,0.0,0.8,0.6177379530067701,11.0,1.1684084667961059,13.686363636363637,26.35,10.0,0.0,0.06666666666666667,0.0,0.3333333333333333,0.7254242424242425,1.0,13.886373369210633,0.0,0.0,0.0,2.0,0.06666666666666667,0.13333333333333333,0.0,0.0,13.0,6.487084791984003,0.0,0.0,0.0,2.0,0.26666666666666666,0.6666666666666666,-0.13333333333333333,-0.031578947368421054,9.0,1.331998853693567,34.172222222222224,73.6,8.0,0.0,0.06666666666666667,0.0,0.13333333333333333,0.5948148148148149,1.0,13.488462421210652,0.0,0.0,0.0,2.0,0.06666666666666667,0.06666666666666667,0.0,0.0,6.0,10.92973493612107,0.0,0.0,0.0,2.0,0.26666666666666666,0.6666666666666666,0.0,0.0,10.0,1.252015566666703,37.315,74.15,9.0,0.0,0.06666666666666667,0.0,0.13333333333333333,0.6013703703703704,3.0,1.95,31.0,32.538709677419355,14.0,22.182142857142857,3.0,1.0666666666666667,31.0,30.198387096774194,13.0,23.696153846153848,3.0,2.1999999999999997,16.0,0.840625,7.0,0.0,2.0,0.0,6.0,1.8416666666666668,7.0,0.0
rush_hour_seed1,rush_hour,1,363.25,378.25,160.0,3.914690521209441,13.136875,94.0,2.75,1.0,13.7960370114076,0.0,0.0,0.0,2.0,0.06666666666666667,0.06666666666666667,0.0,0.0,31.0,0.011790678482310019,18.559677419354838,42.3,30.0,0.0,0.2,0.0,0.8,0.703621351766513,12.0,0.8611395845878276,13.195833333333333,27.2,10.0,0.0,0.13333333333333333,0.0,0.3333333333333333,0.6913888888888889,2.0,13.506087447843015,0.0,0.0,0.0,2.0,0.13333333333333333,0.06666666666666667,0.0,0.0,31.0,0.033026098056589494,16.45,42.1,27.0,0.0,0.2,0.0,0.7333333333333333,0.6546428571428571,12.0,0.9152680792744441,13.379166666666668,27.35,10.0,0.0,0.13333333333333333,0.0,0.3333333333333333,0.6716111111111113,1.0,13.838204136147397,0.0,0.0,0.0,2.0,0.06666666666666667,0.13333333333333333,0.0,0.0,14.0,6.782927172405286,0.0,0.0,0.0,2.0,0.26666666666666666,0.6,0.0,0.0,9.0,1.1932272440934073,35.06111111111111,74.6,8.0,0.0,0.06666666666666667,0.0,0.13333333333333333,0.604074074074074,1.0,13.50150986102054,0.0,0.0,0.0,2.0,0.06666666666666667,0.06666666666666667,0.0,0.0,6.0,11.105448490474876,0.0,0.0,0.0,2.0,0.2,0.6666666666666666,0.0,0.0,10.0,1.247755603049088,38.214999999999996,75.15,9.0,0.0,0.06666666666666667,0.0,0.13333333333333333,0.6095185185185185,3.0,2.283333333333333,31.0,33.538709677419355,14.0,23.039285714285715,3.0,1.4000000000000001,31.0,31.198387096774194,13.0,24.542307692307695,3.0,2.533333333333333,16.0,1.0843749999999999,6.0,0.0,2.0,0.0,6.0,2.2666666666666666,6.0,0.0
rush_hour_seed1,rush_hour,1,364.25,379.25,160.0,3.8753416411229678,13.7315625,96.0,1.75,1.0,13.764589547865612,0.0,0.0,0.0,2.0,0.06666666666666667,0.13333333333333333,0.0,0.0,31.0,0.007461810120004086,19.538709677419355,43.3,31.0,0.0,0.2,0.0,0.8,0.7243663594470047,12.0,0.8979029816950658,14.029166666666667,28.2,10.0,0.0,0.13333333333333333,0.0,0.26666666666666666,0.7099444444444444,2.0,13.497877146013977,0.0,0.0,0.0,2.0,0.13333333333333333,0.06666666666666667,0.0,0.0,31.0,0.02296972745438124,17.346774193548388,43.1,28.0,0.0,0.2,0.0,0.8,0.6763325652841783,12.0,0.8311729093891201,14.2125,28.35,10.0,0.0,0.13333333333333333,0.0,0.26666666666666666,0.6898333333333333,1.0,13.885887851305306,0.0,0.0,0.0,2.0,0.06666666666666667,0.06666666666666667,0.0,0.0,13.0,6.8922887600812155,0.0,0.0,0.0,2.0,0.26666666666666666,0.6,0.0,0.0,10.0,1.0543430107263074,32.355000000000004,75.6,8.0,0.0,0.13333333333333333,0.0,0.06666666666666667,0.3732500000000002,2.0,12.874490677957066,0.0,0.0,0.0,2.0,0.13333333333333333,0.06666666666666667,0.0,0.0,5.0,11.506940715774963,0.0,0.0,0.0,2.0,0.2,0.6666666666666666,0.0,0.0,10.0,1.251290999512189,39.114999999999995,76.15,9.0,0.0,0.06666666666666667,0.0,0.13333333333333333,0.6176666666666665,3.0,2.6166666666666667,31.0,34.538709677419355,14.0,23.896428571428572,3.0,1.7333333333333334,31.0,32.19838709677419,13.0,25.46153846153846,3.0,2.8666666666666667,17.0,1.2676470588235293,6.0,0.0,2.0,0.075,7.0,2.371428571428571,7.0,0.0
rush_hour_seed1,rush_hour,1,365.25,380.25,162.0,3.974132182493359,14.157716049382717,97.0,0.75,1.0,13.801028007322742,0.0,0.0,0.0,2.0,0.06666666666666667,0.13333333333333333,0.0,0.0,31.0,0.004725731058751883,20.538709677419355,44.3,31.0,0.0,0.13333333333333333,0.0,0.8,0.7672932888394511,12.0,0.9858119144533108,14.862499999999999,29.2,10.0,0.0,0.13333333333333333,0.0,0.2,0.7248333333333332,1.0,13.850748509446857,0.0,0.0,0.0,2.0,0.06666666666666667,0.06666666666666667,0.0,0.0,31.0,0.015514146211131417,18.266129032258064,44.1,29.0,0.0,0.2,0.0,0.8,0.6975038402457757,12.0,0.7876912306311198,15.045833333333334,29.35,10.0,0.0,0.13333333333333333,0.0,0.2,0.7017222222222224,1.0,13.862479212210747,0.0,0.0,0.0,2.0,0.06666666666666667,0.06666666666666667,0.0,0.0,13.0,6.986338741025837,0.0,0.0,0.0,2.0,0.3333333333333333,0.6666666666666666,0.0,0.0,10.0,1.0079044439016136,33.155,76.6,8.0,0.0,0.13333333333333333,0.0,0.06666666666666667,0.36824999999999997,2.0,12.796770689233055,0.0,0.0,0.0,2.0,0.13333333333333333,0.06666666666666667,0.0,0.0,5.0,12.08616195038959,0.0,0.0,0.0,2.0,0.26666666666666666,0.7333333333333333,0.0,0.0,10.0,1.2496997417186602,40.015,77.15,9.0,0.0,0.06666666666666667,0.0,0.13333333333333333,0.6258148148148149,3.0,2.9499999999999997,31.0,35.538709677419355,14.0,24.75357142857143,3.0,2.066666666666667,31.0,33.1983870967742,13.0,26.384615384615383,3.0,3.1999999999999997,17.0,1.561764705882353,5.0,0.0,2.0,0.575,7.0,2.8,6.0,0.0
rush_hour_seed1,rush_hour,1,366.25,381.25,161.0,3.9363140158557695,14.851552795031056,98.0,2.75,2.0,13.84260812680426,0.0,0.0,0.0,1.0,0.13333333333333333,0.13333333333333333,0.0,0.0,31.0,0.0028908014235484265,21.538709677419355,45.3,31.0,0.0,0.13333333333333333,0.0,0.7333333333333333,0.7891323692992213,12.0,1.1157202460073683,15.695833333333333,30.2,10.0,0.0,0.13333333333333333,0.0,0.2,0.7337222222222223,1.0,13.88631418313482,0.0,0.0,0.0,1.0,0.06666666666666667,0.06666666666666667,0.0,0.0,31.0,0.010206149498892444,19.219354838709677,45.1,30.0,0.0,0.2,0.0,0.8,0.7193855606758832,12.0,0.8011098786753118,15.879166666666668,30.35,10.0,0.0,0.13333333333333333,0.0,0.13333333333333333,0.7099444444444446,1.0,13.831986873508432,0.0,0.0,0.0,1.0,0.06666666666666667,0.06666666666666667,0.0,0.0,13.0,7.2388684565363866,0.0,0.0,0.0,1.0,0.3333333333333333,0.6,0.0,0.0,10.0,1.0142175881015099,33.955,77.6,8.0,0.0,0.13333333333333333,0.0,0.06666666666666667,0.3632499999999998,1.0,12.2359491762857,0.0,0.0,0.0,1.0,0.06666666666666667,0.06666666666666667,0.0,0.0,5.0,12.363561656291026,0.0,0.0,0.0,1.0,0.2,0.6666666666666666,0.0,0.0,10.0,1.0025743344325986,40.915,78.15,9.0,0.0,0.06666666666666667,0.0,0.06666666666666667,0.6306296296296298,3.0,3.283333333333333,31.0,36.538709677419355,14.0,25.610714285714288,3.0,2.4,31.0,34.1983870967742,14.0,25.357142857142858,3.0,3.533333333333333,17.0,1.914705882352941,4.0,0.0,2.0,1.075,7.0,3.228571428571428,6.0,0.0
rush_hour_seed1,rush_hour,1,367.25,382.25,161.0,3.8978899504683175,15.463664596273292,100.0,1.75,2.0,13.8079783492432,0.0,0.0,0.0,1.0,0.13333333333333333,0.13333333333333333,0.0,0.0,31.0,0.0017912295322933041,22.538709677419355,46.3,31.0,0.0,0.13333333333333333,0.0,0.7333333333333333,0.8098220244716352,12.0,1.16107674470399,16.545833333333334,31.2,11.0,0.0,0.06666666666666667,0.0,0.2,0.7727525252525254,1.0,13.877407679762692,0.0,0.0,0.0,1.0,0.06666666666666667,0.13333333333333333,0.0,0.0,31.0,0.006599767639402317,20.198387096774194,46.1,31.0,0.0,0.2,0.0,0.8,0.7414400921658987,12.0,0.8613264905425825,16.712500000000002,31.35,10.0,0.0,0.13333333333333333,0.0,0.13333333333333333,0.7121666666666668,2.0,13.216773987654445,0.0,0.0,0.0,1.0,0.13333333333333333,0.06666666666666667,0.0,0.0,13.0,6.904284545107132,0.0,0.0,0.0,1.0,0.3333333333333333,0.6,0.0,0.0,10.0,1.0537013649195075,34.755,78.6,8.0,0.0,0.13333333333333333,0.0,0.06666666666666667,0.35825000000000007,1.0,12.236057964080297,0.0,0.0,0.0,1.0,0.06666666666666667,0.06666666666666667,0.0,0.0,4.0,12.697621792429377,0.0,0.0,0.0,1.0,0.2,0.6666666666666666,0.0,0.0,10.0,0.7028847196454928,41.815,79.15,9.0,0.0,0.06666666666666667,0.0,0.06666666666666667,0.6313703703703705,4.0,2.7125,31.0,37.538709677419355,14.0,26.467857142857145,3.0,2.733333333333333,31.0,35.1983870967742,14.0,26.214285714285715,3.0,3.8666666666666667,17.0,2.2676470588235293,4.0,0.0,2.0,1.575,7.0,3.6785714285714284,5.0,0.0
rush_hour_seed1,rush_hour,1,368.25,383.25,163.0,3.784420248209369,15.887423312883437,100.0,0.75,2.0,13.835571351477554,0.0,0.0,0.0,1.0,0.13333333333333333,0.13333333333333333,0.0,0.0,31.0,0.0010869158834449506,23.538709677419355,47.3,31.0,0.0,0.13333333333333333,0.0,0.6666666666666666,0.8292473118279571,12.0,0.9348752551647278,17.462500000000002,32.2,11.0,0.0,0.06666666666666667,0.0,0.13333333333333333,0.7847727272727274,1.0,13.830306042175508,0.0,0.0,0.0,1.0,0.06666666666666667,0.13333333333333333,0.0,0.0,31.0,0.004248363787052598,21.198387096774194,47.1,31.0,0.0,0.13333333333333333,0.0,0.7333333333333333,0.7842602892102336,12.0,0.9647211365764105,17.545833333333334,32.35,10.0,0.0,0.13333333333333333,0.0,0.06666666666666667,0.7130555555555557,2.0,11.794606844242907,0.0,0.0,0.0,1.0,0.13333333333333333,0.06666666666666667,0.0,0.0,14.0,6.075983640118343,0.0,0.0,0.0,1.0,0.4,0.6,0.0,0.0,10.0,1.1443823539479632,35.555,79.6,8.0,0.0,0.06666666666666667,0.0,0.06666666666666667,0.5773703703703705,1.0,12.229366240521244,0.0,0.0,0.0,1.0,0.06666666666666667,0.13333333333333333,0.0,0.0,4.0,10.829481159124681,0.0,0.0,0.0,1.0,0.2,0.6,0.0,0.0,11.0,0.6117480989830629,38.83181818181818,80.15,9.0,0.0,0.13333333333333333,0.0,0.06666666666666667,0.3732323232323234,4.0,3.0625,31.0,38.538709677419355,14.0,27.325,3.0,3.0666666666666664,31.0,36.1983870967742,14.0,27.071428571428573,3.0,4.2,18.0,2.5166666666666666,4.0,0.0,2.0,2.075,7.0,4.25,5.0,0.0
rush_hour_seed1,rush_hour,1,369.25,384.25,163.0,3.6402313336200245,15.51441717791411,99.0,11.75,2.0,11.846759574587322,0.0,0.0,0.0,0.0,0.13333333333333333,0.06666666666666667,0.0,0.0,31.0,0.0006570114847266186,24.538709677419355,48.3,31.0,0.0,0.13333333333333333,0.0,0.6,0.845799035965888,13.0,0.7917994347684546,16.965384615384615,33.2,11.0,0.0,0.13333333333333333,0.0,0.13333333333333333,0.6970862470862471,2.0,13.05054320669175,0.0,0.0,0.0,0.0,0.13333333333333333,0.13333333333333333,0.0,0.0,31.0,0.0026659476501718336,22.198387096774194,48.1,31.0,0.0,0.06666666666666667,0.0,0.6666666666666666,0.8273369175627241,12.0,1.0876486543712638,18.379166666666666,33.35,10.0,0.0,0.06666666666666667,0.0,0.06666666666666667,0.755580808080808,2.0,9.52690986854119,0.0,0.0,0.0,0.0,0.13333333333333333,0.06666666666666667,0.0,0.0,14.0,5.624205167506509,0.06785714285714285,0.95,1.0,0.0,0.4,0.5333333333333333,0.06666666666666667,0.004523809523809524,10.0,1.312611652762723,28.294999999999998,70.85,7.0,2.0,0.06666666666666667,0.0,0.0,0.041518518518518496,1.0,12.207962866105422,0.0,0.0,0.0,0.0,0.06666666666666667,0.13333333333333333,0.0,0.0,4.0,8.941757168514625,0.0,0.0,0.0,0.0,0.2,0.6,0.0,0.0,11.0,0.6659486318510214,32.27272727272727,77.05,8.0,2.0,0.13333333333333333,0.0,0.0,-0.1232996632996631,4.0,0.0,31.0,37.49677419354839,14.0,28.242857142857144,3.0,0.0,31.0,33.274193548387096,14.0,27.928571428571427,3.0,0.0,18.0,2.9055555555555554,4.0,0.1625,2.0,0.0,8.0,4.21875,5.0,0.05
rush_hour_seed1,rush_hour,1,370.25,385.25,162.0,3.522022124836551,13.758024691358026,95.0,10.75,2.0,9.606017329257934,0.0,0.0,0.0,0.0,0.13333333333333333,0.06666666666666667,0.0,0.0,31.0,0.0003884801810389588,25.538709677419355,49.3,31.0,0.0,0.06666666666666667,0.0,0.5333333333333333,0.8886917562724014,13.0,0.7355352668714766,17.81153846153846,34.2,11.0,0.0,0.13333333333333333,0.0,0.13333333333333333,0.6989510489510489,2.0,13.01275148072013,0.0,0.0,0.0,0.0,0.13333333333333333,0.13333333333333333,0.0,0.0,31.0,0.0016736848463601872,23.198387096774194,49.1,31.0,0.0,0.06666666666666667,0.0,0.6666666666666666,0.8473369175627241,12.0,1.1496926955019626,19.254166666666666,34.35,11.0,0.0,0.06666666666666667,0.0,0.13333333333333333,0.7593686868686869,2.0,7.29241578174004,0.0,0.0,0.0,0.0,0.13333333333333333,0.06666666666666667,0.0,0.0,15.0,5.19901087309558,0.13,1.95,1.0,0.0,0.4666666666666667,0.5333333333333333,0.06666666666666667,0.008666666666666666,9.0,1.7844405038806,11.372222222222222,41.75,4.0,2.0,0.06666666666666667,0.06666666666666667,-0.2,-1.138518518518519,1.0,12.210291143880509,0.0,0.0,0.0,0.0,0.06666666666666667,0.13333333333333333,0.0,0.0,4.0,7.152310586324139,0.175,0.7,1.0,0.0,0.2,0.5333333333333333,0.06666666666666667,0.011666666666666665,10.0,0.9228078392516161,15.035,51.8,5.0,2.0,0.13333333333333333,0.06666666666666667,-0.2,-1.3317407407407404,3.0,0.0,30.0,33.895,14.0,29.171428571428574,2.0,0.0,30.0,31.56,14.0,28.785714285714285,2.0,0.0,18.0,3.302777777777778,5.0,0.32999999999999996,2.0,0.0,8.0,4.71875,5.0,0.25
rush_hour_seed1,rush_hour,1,371.25,386.25,160.0,3.363576500318758,13.9303125,94.0,9.75,2.0,7.354611834951699,0.0,0.0,0.0,0.0,0.13333333333333333,0.06666666666666667,0.0,0.0,31.0,0.00022922130631087008,26.538709677419355,50.3,31.0,0.0,0.06666666666666667,0.0,0.4666666666666667,0.9038028673835127,13.0,0.7213538138857314,18.657692307692308,35.2,11.0,0.0,0.13333333333333333,0.0,0.13333333333333333,0.7008158508158508,2.0,12.474751589306102,0.0,0.0,0.0,0.0,0.13333333333333333,0.13333333333333333,0.0,0.0,31.0,0.0010324609449075168,24.198387096774194,50.1,31.0,0.0,0.06666666666666667,0.0,0.6,0.8656702508960574,12.0,0.9528928538547038,20.170833333333334,35.35,11.0,0.0,0.06666666666666667,0.0,0.13333333333333333,0.7659343434343435,2.0,6.296645490325602,0.3,0.6,1.0,0.0,0.13333333333333333,0.06666666666666667,0.06666666666666667,0.02,15.0,4.827654520609452,0.19666666666666668,2.95,1.0,0.0,0.4666666666666667,0.4666666666666667,0.06666666666666667,0.013111111111111112,9.0,2.227660536606815,7.066666666666666,30.05,3.0,2.0,0.06666666666666667,0.06666666666666667,-0.26666666666666666,-1.4774074074074075,1.0,12.221020699865235,0.0,0.0,0.0,0.0,0.06666666666666667,0.13333333333333333,0.0,0.0,4.0,5.940142071592647,0.425,1.7,1.0,0.0,0.2,0.4666666666666667,0.06666666666666667,0.028333333333333332,10.0,1.4364528940935086,10.254999999999999,42.15,4.0,2.0,0.13333333333333333,0.06666666666666667,-0.26666666666666666,-1.7096666666666667,3.0,0.0,30.0,31.076666666666664,15.0,28.093333333333337,3.0,0.0,30.0,28.926666666666666,14.0,29.642857142857142,2.0,0.0,18.0,3.7472222222222222,5.0,0.53,2.0,0.0,8.0,5.21875,5.0,0.45
rush_hour_seed1,rush_hour,1,372.25,387.25,161.0,3.29692128220216,13.645652173913042,92.0,8.75,2.0,6.92723428395344,0.425,0.85,1.0,0.0,0.13333333333333333,0.06666666666666667,0.06666666666666667,0.028333333333333332,31.0,0.00013472685792217988,27.538709677419355,51.3,31.0,0.0,0.06666666666666667,0.0,0.4,0.9166917562724015,13.0,0.758505156962219,19.503846153846155,36.2,11.0,0.0,0.13333333333333333,0.0,0.13333333333333333,0.7026806526806528,2.0,10.236583731770171,0.0,0.0,0.0,0.0,0.13333333333333333,0.13333333333333333,0.0,0.0,31.0,0.0006410139753187673,25.198387096774194,51.1,31.0,0.0,0.06666666666666667,0.0,0.5333333333333333,0.8824480286738351,13.0,0.731026662275522,19.465384615384615,36.35,11.0,0.0,0.13333333333333333,0.0,0.13333333333333333,0.6643589743589743,2.0,6.291806968712328,0.8,1.6,1.0,0.0,0.06666666666666667,0.06666666666666667,0.06666666666666667,0.05333333333333334,15.0,4.433383296449964,0.26333333333333336,3.95,1.0,0.0,0.4,0.4666666666666667,0.06666666666666667,0.017555555555555557,9.0,2.8169102931390135,1.4333333333333333,12.5,2.0,2.0,0.06666666666666667,0.06666666666666667,-0.3333333333333333,-1.904814814814815,1.0,12.227475665197758,0.0,0.0,0.0,0.0,0.06666666666666667,0.06666666666666667,0.0,0.0,5.0,5.109381275763452,0.54,2.7,1.0,0.0,0.26666666666666666,0.4666666666666667,0.06666666666666667,0.036000000000000004,10.0,2.1773979394819425,3.35,21.45,2.0,2.0,0.06666666666666667,0.06666666666666667,-0.4,-1.9839999999999998,3.0,0.0,30.0,28.33833333333333,15.0,28.96,3.0,0.0,29.0,27.24827586206897,14.0,30.525000000000002,2.0,0.0,18.0,4.230555555555556,5.0,0.73,2.0,0.0,9.0,5.083333333333333,5.0,0.65
rush_hour_seed1,rush_hour,1,373.25,388.25,160.0,3.2326491901179346,13.990937500000001,88.0,7.75,2.0,6.944454772511381,0.925,1.85,1.0,0.0,0.06666666666666667,0.06666666666666667,0.06666666666666667,0.06166666666666667,31.0,7.828906103662935e-05,28.538709677419355,52.3,31.0,0.0,0.06666666666666667,0.0,0.4,0.9278028673835126,13.0,0.8274552250763102,20.35,37.2,11.0,0.0,0.13333333333333333,0.0,0.06666666666666667,0.7000000000000001,2.0,7.999151968801984,0.0,0.0,0.0,0.0,0.13333333333333333,0.06666666666666667,0.0,0.0,31.0,0.00038646682560094424,26.198387096774194,52.1,31.0,0.0,0.06666666666666667,0.0,0.4666666666666667,0.8976702508960575,13.0,0.673256045596542,20.31153846153846,37.35,11.0,0.0,0.13333333333333333,0.0,0.13333333333333333,0.6662237762237762,2.0,6.311563904291099,1.3,2.6,1.0,0.0,0.06666666666666667,0.06666666666666667,0.06666666666666667,0.08666666666666667,15.0,4.041411143279255,0.33,4.95,1.0,0.0,0.4,0.4,0.06666666666666667,0.022000000000000002,8.0,3.024388258719325,0.0,0.0,0.0,2.0,0.06666666666666667,0.13333333333333333,-0.4666666666666667,-2.0522222222222224,1.0,12.219891287374827,0.0,0.0,0.0,0.0,0.06666666666666667,0.06666666666666667,0.0,0.0,6.0,5.181857214395375,0.6166666666666667,3.7,1.0,0.0,0.26666666666666666,0.4,0.06666666666666667,0.04111111111111111,9.0,2.8149266310896035,0.0,0.0,0.0,2.0,0.06666666666666667,0.13333333333333333,-0.5333333333333333,-2.2606666666666664,2.0,0.0,29.0,26.520689655172415,15.0,29.826666666666668,2.0,0.0,28.0,25.508928571428573,14.0,31.45357142857143,2.0,0.0,18.0,4.763888888888889,5.0,0.93,2.0,0.0,9.0,5.566666666666666,5.0,1.05
rush_hour_seed1,rush_hour,1,374.25,389.25,159.0,3.1634583831627885,14.635849056603773,90.0,6.75,3.0,7.248235567983742,0.9500000000000001,2.85,1.0,0.0,0.13333333333333333,0.06666666666666667,0.06666666666666667,0.06333333333333334,31.0,4.501501899976052e-05,29.538709677419355,53.3,31.0,0.0,0.0,0.0,0.3333333333333333,0.9709677419354839,13.0,0.9405367578456979,21.196153846153848,38.2,11.0,0.0,0.13333333333333333,0.0,0.06666666666666667,0.6958041958041961,2.0,6.084501731513542,0.1,0.2,1.0,0.0,0.13333333333333333,0.06666666666666667,0.06666666666666667,0.006666666666666667,31.0,0.00023383348646858007,27.198387096774194,53.1,31.0,0.0,0.06666666666666667,0.0,0.4666666666666667,0.9110035842293908,13.0,0.6581554818028272,21.157692307692308,38.35,11.0,0.0,0.13333333333333333,0.0,0.13333333333333333,0.6680885780885781,2.0,6.300189578091223,1.8,3.6,1.0,0.0,0.06666666666666667,0.0,0.06666666666666667,0.12000000000000001,15.0,3.6659938609091873,0.39666666666666667,5.95,1.0,0.0,0.4,0.3333333333333333,0.06666666666666667,0.026444444444444444,9.0,3.680769556407031,0.0,0.0,0.0,2.0,0.13333333333333333,0.13333333333333333,-0.4666666666666667,-2.104074074074074,2.0,12.268336447160742,0.0,0.0,0.0,0.0,0.13333333333333333,0.06666666666666667,0.0,0.0,6.0,5.5579899747491375,0.8416666666666667,4.7,2.0,0.0,0.26666666666666666,0.4,0.13333333333333333,0.05611111111111111,9.0,3.740685283941341,0.0,0.0,0.0,2.0,0.06666666666666667,0.13333333333333333,-0.5333333333333333,-2.3139999999999996,2.0,0.0,28.0,24.625,15.0,30.693333333333335,2.0,0.0,28.0,22.835714285714285,14.0,32.38214285714286,2.0,0.0,18.0,5.330555555555556,5.0,1.1700000000000002,1.0,0.0,9.0,6.138888888888889,5.0,1.45
rush_hour_seed1,rush_hour,1,375.25,390.25,158.0,3.263464946130552,15.302215189873417,91.0,5.75,3.0,7.584715695834745,1.2833333333333334,3.85,1.0,0.0,0.13333333333333333,0.0,0.06666666666666667,0.08555555555555557,31.0,2.5210462422667345e-05,30.538709677419355,54.3,31.0,0.0,0.0,0.0,0.26666666666666666,0.9805376344086022,13.0,1.0745048475091854,22.042307692307695,39.2,11.0,0.0,0.06666666666666667,0.0,0.06666666666666667,0.7564316239316241,2.0,6.0881455834613964,0.6,1.2,1.0,0.0,0.06666666666666667,0.06666666666666667,0.06666666666666667,0.04,31.0,0.0001396322841688994,28.198387096774194,54.1,31.0,0.0,0.06666666666666667,0.0,0.4,0.9224480286738351,13.0,0.668999927618047,22.003846153846155,39.35,11.0,0.0,0.13333333333333333,0.0,0.13333333333333333,0.66995337995338,2.0,6.320934867965836,2.3,4.6,1.0,0.0,0.06666666666666667,0.0,0.06666666666666667,0.15333333333333332,15.0,3.3285190386512498,0.5066666666666667,6.95,2.0,0.0,0.3333333333333333,0.3333333333333333,0.13333333333333333,0.03377777777777778,8.0,4.225855185537165,0.0,0.0,0.0,2.0,0.13333333333333333,0.2,-0.5333333333333333,-2.1596296296296296,2.0,12.545778603156629,0.0,0.0,0.0,0.0,0.13333333333333333,0.06666666666666667,0.0,0.0,6.0,5.546409865986527,1.175,5.7,2.0,0.0,0.2,0.3333333333333333,0.13333333333333333,0.07833333333333334,8.0,4.4169867963214,0.0,0.0,0.0,2.0,0.06666666666666667,0.2,-0.6,-2.3676666666666666,2.0,0.0,27.0,22.60925925925926,15.0,31.560000000000002,2.0,0.0,27.0,22.666666666666668,15.0,31.09,2.0,0.0,19.0,5.628947368421053,5.0,1.57,1.0,0.0,9.0,6.805555555555555,6.0,1.625
rush_hour_seed1,rush_hour,1,376.25,391.25,157.0,3.281810204230472,15.991082802547771,93.0,4.75,3.0,7.052630324358499,1.6166666666666665,4.85,1.0,0.0,0.13333333333333333,0.0,0.06666666666666667,0.10777777777777776,31.0,1.3691134565796047e-05,31.538709677419355,55.3,31.0,0.0,0.0,0.0,0.2,0.988494623655914,13.0,0.9006947426759223,22.965384615384615,40.2,12.0,0.0,0.06666666666666667,0.0,0.13333333333333333,0.7624145299145298,2.0,6.114512431508287,1.1,2.2,1.0,0.0,0.06666666666666667,0.06666666666666667,0.06666666666666667,0.07333333333333333,31.0,8.132474271239623e-05,29.198387096774194,55.1,31.0,0.0,0.0,0.0,0.3333333333333333,0.9650537634408602,13.0,0.7474001427691495,22.85,40.35,11.0,0.0,0.13333333333333333,0.0,0.06666666666666667,0.6715151515151515,2.0,6.293201559106085,2.8,5.6,1.0,0.0,0.06666666666666667,0.0,0.06666666666666667,0.18666666666666665,16.0,2.9655436155732082,0.653125,7.95,3.0,0.0,0.4,0.26666666666666666,0.2,0.043541666666666666,7.0,4.910651565993567,0.0,0.0,0.0,2.0,0.13333333333333333,0.26666666666666666,-0.5333333333333333,-2.218888888888889,2.0,12.553056987350988,0.0,0.0,0.0,0.0,0.13333333333333333,0.06666666666666667,0.0,0.0,6.0,5.762011138034648,1.5083333333333335,6.7,2.0,0.0,0.2,0.26666666666666666,0.13333333333333333,0.10055555555555556,8.0,5.578688691074189,0.0,0.0,0.0,2.0,0.06666666666666667,0.2,-0.6,-2.4276666666666666,2.0,0.0,26.0,22.292307692307695,15.0,32.42666666666667,1.0,0.0,27.0,19.98888888888889,15.0,31.956666666666667,2.0,0.0,19.0,6.2368421052631575,5.0,2.04,1.0,0.0,9.0,7.472222222222222,6.0,2.125
rush_hour_seed1,rush_hour,1,377.25,392.25,160.0,3.340274776033423,16.2725,93.0,3.75,3.0,6.293874617728644,1.95,5.85,1.0,0.0,0.13333333333333333,0.0,0.06666666666666667,0.13,31.0,7.27689473809266e-06,32.538709677419355,56.3,31.0,0.0,0.0,0.0,0.13333333333333333,0.9944086021505377,14.0,0.6648534565731524,22.182142857142857,41.2,12.0,0.0,0.13333333333333333,0.0,0.13333333333333333,0.6546428571428572,3.0,6.117228412700981,1.0666666666666667,3.2,1.0,0.0,0.13333333333333333,0.06666666666666667,0.06666666666666667,0.07111111111111111,31.0,4.787574653966335e-05,30.198387096774194,56.1,31.0,0.0,0.0,0.0,0.26666666666666666,0.9746236559139786,13.0,0.8649835204065255,23.696153846153848,41.35,11.0,0.0,0.13333333333333333,0.0,0.06666666666666667,0.6673193473193474,3.0,6.338648042023844,2.1999999999999997,6.6,1.0,0.0,0.13333333333333333,0.0,0.06666666666666667,0.14666666666666664,16.0,2.765957444146462,0.840625,8.95,3.0,0.0,0.4,0.2,0.2,0.05604166666666666,7.0,5.9726977509337,0.0,0.0,0.0,2.0,0.13333333333333333,0.26666666666666666,-0.5333333333333333,-2.2781481481481483,2.0,10.66609469430338,0.0,0.0,0.0,0.0,0.13333333333333333,0.06666666666666667,0.0,0.0,6.0,5.867726207797955,1.8416666666666668,7.7,2.0,0.0,0.2,0.2,0.13333333333333333,0.12277777777777779,7.0,5.928418176456014,0.0,0.0,0.0,2.0,0.06666666666666667,0.26666666666666666,-0.6,-2.4876666666666667,2.0,0.0,26.0,19.31923076923077,15.0,33.346666666666664,1.0,0.0,26.0,19.673076923076923,15.0,32.82333333333334,2.0,0.0,20.0,6.5525,5.0,2.64,1.0,0.0,9.0,8.13888888888889,6.0,2.7083333333333335
rush_hour_seed1,rush_hour,1,378.25,393.25,158.0,3.2927914568125494,17.076265822784812,95.0,2.75,3.0,5.44570921505879,2.283333333333333,6.85,1.0,0.0,0.13333333333333333,0.0,0.06666666666666667,0.1522222222222222,31.0,3.523858140880437e-06,33.538709677419355,57.3,31.0,0.0,0.0,0.0,0.06666666666666667,0.9986021505376345,14.0,0.6109793297987819,23.039285714285715,42.2,12.0,0.0,0.13333333333333333,0.0,0.13333333333333333,0.6562301587301588,3.0,6.755393903082243,1.4000000000000001,4.2,1.0,0.0,0.13333333333333333,0.06666666666666667,0.06666666666666667,0.09333333333333334,31.0,2.7357791335063398e-05,31.198387096774194,57.1,31.0,0.0,0.0,0.0,0.26666666666666666,0.983225806451613,13.0,0.9909042373781347,24.542307692307695,42.35,11.0,0.0,0.06666666666666667,0.0,0.06666666666666667,0.7442094017094018,3.0,6.444165140844301,2.533333333333333,7.6,1.0,0.0,0.13333333333333333,0.0,0.06666666666666667,0.1688888888888889,16.0,2.565892692191832,1.0843749999999999,9.95,4.0,0.0,0.3333333333333333,0.2,0.26666666666666666,0.07229166666666666,6.0,6.654209668835062,0.0,0.0,0.0,2.0,0.13333333333333333,0.3333333333333333,-0.5333333333333333,-2.337407407407407,2.0,8.432970285558758,0.0,0.0,0.0,0.0,0.13333333333333333,0.06666666666666667,0.0,0.0,6.0,5.543017265220867,2.2666666666666666,8.7,3.0,0.0,0.2,0.2,0.2,0.1511111111111111,6.0,6.184441590257909,0.0,0.0,0.0,2.0,0.06666666666666667,0.3333333333333333,-0.6,-2.5476666666666663,2.0,0.0,25.0,17.034,15.0,34.28,1.0,0.0,25.0,17.605999999999998,15.0,33.690000000000005,1.0,0.0,20.0,7.2425,5.0,3.2399999999999998,1.0,0.0,9.0,8.805555555555555,6.0,3.375
rush_hour_seed1,rush_hour,1,379.25,394.25,159.0,3.240188616413761,17.57452830188679,98.0,1.75,3.0,4.80075604442592,2.6166666666666667,7.85,1.0,0.0,0.13333333333333333,0.0,0.06666666666666667,0.17444444444444446,31.0,1.5009061192754167e-06,34.538709677419355,58.3,31.0,0.0,0.0,0.0,0.0,1.0,14.0,0.6073552823224401,23.896428571428572,43.2,12.0,0.0,0.13333333333333333,0.0,0.13333333333333333,0.6578174603174604,3.0,7.4366704400968855,1.7333333333333334,5.2,1.0,0.0,0.13333333333333333,0.06666666666666667,0.06666666666666667,0.11555555555555556,31.0,1.5445398641928982e-05,32.19838709677419,58.1,31.0,0.0,0.0,0.0,0.2,0.9901075268817202,13.0,0.9949929229190315,25.46153846153846,43.35,12.0,0.0,0.06666666666666667,0.0,0.13333333333333333,0.7499358974358973,3.0,6.007529758666844,2.8666666666666667,8.6,1.0,0.0,0.13333333333333333,0.0,0.06666666666666667,0.19111111111111112,17.0,2.464242371221234,1.2676470588235293,10.95,5.0,0.0,0.4,0.13333333333333333,0.3333333333333333,0.08450980392156862,6.0,7.6192358759777505,0.0,0.0,0.0,2.0,0.06666666666666667,0.3333333333333333,-0.5333333333333333,-2.1570000000000005,2.0,6.440606974243227,0.075,0.15,1.0,0.0,0.06666666666666667,0.06666666666666667,0.06666666666666667,0.005,7.0,5.321211243870112,2.371428571428571,9.7,3.0,0.0,0.26666666666666666,0.13333333333333333,0.2,0.15809523809523807,7.0,6.834535666586964,0.0,0.0,0.0,2.0,0.13333333333333333,0.3333333333333333,-0.6,-2.6076666666666664,2.0,0.0,24.0,16.43125,15.0,35.21333333333334,1.0,0.0,24.0,15.397916666666667,15.0,34.556666666666665,1.0,0.0,20.0,7.9425,5.0,3.84,1.0,0.0,10.0,8.525,6.0,4.041666666666667
rush_hour_seed1,rush_hour,1,380.25,395.25,158.0,3.228534546395542,18.306012658227846,98.0,0.75,3.0,4.376160093360201,2.9499999999999997,8.85,1.0,0.0,0.13333333333333333,0.0,0.06666666666666667,0.19666666666666666,31.0,6.052779332051041e-07,35.538709677419355,59.3,31.0,0.0,0.0,0.0,0.0,1.0,14.0,0.6253484941364029,24.75357142857143,44.2,12.0,0.0,0.13333333333333333,0.0,0.13333333333333333,0.659404761904762,3.0,7.794370429390611,2.066666666666667,6.2,1.0,0.0,0.13333333333333333,0.0,0.06666666666666667,0.1377777777777778,31.0,8.56340754370202e-06,33.1983870967742,59.1,31.0,0.0,0.0,0.0,0.13333333333333333,0.9954838709677423,13.0,0.7838858938594744,26.384615384615383,44.35,12.0,0.0,0.06666666666666667,0.0,0.13333333333333333,0.7559188034188032,3.0,5.603381081556965,3.1999999999999997,9.6,1.0,0.0,0.13333333333333333,0.0,0.06666666666666667,0.21333333333333332,17.0,2.4563639114890057,1.561764705882353,11.95,5.0,0.0,0.3333333333333333,0.06666666666666667,0.3333333333333333,0.10411764705882352,5.0,8.047750932798223,0.0,0.0,0.0,2.0,0.06666666666666667,0.4,-0.5333333333333333,-2.2103333333333333,2.0,6.43660793701866,0.575,1.15,1.0,0.0,0.06666666666666667,0.06666666666666667,0.06666666666666667,0.03833333333333333,7.0,5.456553245341914,2.8,10.7,3.0,0.0,0.2,0.06666666666666667,0.2,0.18666666666666665,6.0,7.344733565873579,0.0,0.0,0.0,2.0,0.13333333333333333,0.4,-0.6,-2.667666666666667,2.0,0.0,23.0,15.773913043478261,16.0,33.8875,2.0,0.0,24.0,14.145833333333334,15.0,35.42333333333333,1.0,0.0,20.0,8.682500000000001,5.0,4.46,1.0,0.0,10.0,9.125,6.0,4.708333333333333
rush_hour_seed1,rush_hour,1,381.25,396.25,157.0,3.104948823668715,19.053184713375796,99.0,2.75,3.0,4.152923577130622,3.283333333333333,9.85,1.0,0.0,0.06666666666666667,0.0,0.06666666666666667,0.21888888888888888,31.0,0.0,36.538709677419355,60.3,31.0,0.0,0.0,0.0,0.0,1.0,14.0,0.6941220693318184,25.610714285714288,45.2,12.0,0.0,0.13333333333333333,0.0,0.13333333333333333,0.6609920634920636,3.0,7.3182289830416565,2.4,7.2,1.0,0.0,0.13333333333333333,0.0,0.06666666666666667,0.16,31.0,4.4412177480988584e-06,34.1983870967742,60.1,31.0,0.0,0.0,0.0,0.06666666666666667,0.9986021505376347,14.0,0.5889232786262425,25.357142857142858,45.35,12.0,0.0,0.13333333333333333,0.0,0.13333333333333333,0.6318650793650793,3.0,4.871093798200544,3.533333333333333,10.6,1.0,0.0,0.13333333333333333,0.0,0.06666666666666667,0.23555555555555555,17.0,2.3104554056693325,1.914705882352941,12.95,6.0,0.0,0.3333333333333333,0.06666666666666667,0.4,0.1276470588235294,4.0,8.532519761219046,0.0,0.0,0.0,1.0,0.06666666666666667,0.4666666666666667,-0.5333333333333333,-2.2636666666666665,2.0,6.443565886759705,1.075,2.15,1.0,0.0,0.06666666666666667,0.0,0.06666666666666667,0.07166666666666667,7.0,5.681978675415665,3.228571428571428,11.7,3.0,0.0,0.2,0.06666666666666667,0.2,0.2152380952380952,6.0,8.146017621187678,0.0,0.0,0.0,1.0,0.13333333333333333,0.4,-0.6,-2.7276666666666665,2.0,0.0,23.0,12.541304347826086,16.0,34.7625,2.0,0.0,23.0,13.423913043478262,15.0,36.35,1.0,0.0,20.0,9.432500000000001,6.0,4.383333333333334,2.0,0.0,11.0,8.840909090909092,6.0,5.391666666666667
rush_hour_seed1,rush_hour,1,382.25,397.25,156.0,2.97597119954152,19.810897435897434,100.0,1.75,4.0,4.253353262338075,2.7125,10.85,1.0,0.0,0.13333333333333333,0.0,0.06666666666666667,0.18083333333333332,31.0,0.0,37.538709677419355,61.3,31.0,0.0,0.0,0.0,0.0,1.0,14.0,0.8077856700412588,26.467857142857145,46.2,12.0,0.0,0.13333333333333333,0.0,0.06666666666666667,0.661468253968254,3.0,6.407653418228944,2.733333333333333,8.2,1.0,0.0,0.13333333333333333,0.0,0.06666666666666667,0.1822222222222222,31.0,2.211338009214439e-06,35.1983870967742,61.1,31.0,0.0,0.0,0.0,0.0,1.0000000000000002,14.0,0.5548777872052005,26.214285714285715,46.35,12.0,0.0,0.13333333333333333,0.0,0.13333333333333333,0.6334523809523809,3.0,4.357903179271854,3.8666666666666667,11.6,1.0,0.0,0.06666666666666667,0.0,0.06666666666666667,0.2577777777777778,17.0,2.15751471368173,2.2676470588235293,13.95,6.0,0.0,0.26666666666666666,0.0,0.4,0.1511764705882353,4.0,7.795246682511987,0.0,0.0,0.0,1.0,0.06666666666666667,0.4666666666666667,-0.5333333333333333,-2.317,2.0,6.434852952546015,1.575,3.15,1.0,0.0,0.06666666666666667,0.0,0.06666666666666667,0.105,7.0,4.835009648338732,3.6785714285714284,12.7,4.0,0.0,0.2,0.0,0.26666666666666666,0.24523809523809523,5.0,8.688963255224254,0.0,0.0,0.0,1.0,0.13333333333333333,0.4666666666666667,-0.6,-2.7876666666666665,1.0,0.0,22.0,11.602272727272727,16.0,35.6375,2.0,0.0,22.0,10.825000000000001,15.0,37.28333333333333,1.0,0.0,21.0,9.738095238095237,6.0,5.05,2.0,0.0,11.0,9.386363636363637,6.0,6.2250000000000005
rush_hour_seed1,rush_hour,1,383.25,398.25,156.0,2.771956727800862,20.45929487179487,102.0,0.75,4.0,4.694402553952901,3.0625,11.85,2.0,0.0,0.13333333333333333,0.0,0.13333333333333333,0.20416666666666666,31.0,0.0,38.538709677419355,62.3,31.0,0.0,0.0,0.0,0.0,1.0,14.0,0.9416158088365656,27.325,47.2,12.0,0.0,0.13333333333333333,0.0,0.06666666666666667,0.6574999999999999,3.0,5.678724248695153,3.0666666666666664,9.2,1.0,0.0,0.13333333333333333,0.0,0.06666666666666667,0.20444444444444443,31.0,8.982019812165849e-07,36.1983870967742,62.1,31.0,0.0,0.0,0.0,0.0,1.0000000000000002,14.0,0.5493560853045831,27.071428571428573,47.35,12.0,0.0,0.13333333333333333,0.0,0.13333333333333333,0.6350396825396826,3.0,4.066811765515845,4.2,12.6,1.0,0.0,0.06666666666666667,0.0,0.06666666666666667,0.28,18.0,1.8398650473334273,2.5166666666666666,14.95,7.0,0.0,0.26666666666666666,0.0,0.4666666666666667,0.16777777777777778,4.0,5.830048361573633,0.0,0.0,0.0,1.0,0.06666666666666667,0.4666666666666667,-0.5333333333333333,-2.3703333333333334,2.0,6.446219742244965,2.075,4.15,1.0,0.0,0.06666666666666667,0.0,0.06666666666666667,0.13833333333333334,7.0,4.07034749214402,4.25,13.7,4.0,0.0,0.2,0.0,0.26666666666666666,0.2833333333333333,5.0,6.813186049584749,0.0,0.0,0.0,1.0,0.06666666666666667,0.4666666666666667,-0.6,-2.5887878787878784,2.0,0.0,21.0,8.642857142857142,16.0,36.5125,2.0,0.0,22.0,9.377272727272727,15.0,38.21666666666667,2.0,0.0,21.0,10.54047619047619,6.0,5.716666666666666,1.0,0.0,11.0,9.936363636363636,6.0,7.058333333333334
rush_hour_seed1,rush_hour,1,384.25,399.25,155.0,2.5616388467917512,19.788709677419355,97.0,29.75,4.0,5.339826124625693,0.0,0.0,0.0,2.0,0.13333333333333333,0.0,0.0,0.0,31.0,0.022655553753240767,37.49677419354839,59.0,30.0,2.0,0.0,0.0,-0.06666666666666667,0.8638709677419356,14.0,0.8530417510125705,28.242857142857144,48.2,13.0,0.0,0.06666666666666667,0.0,0.13333333333333333,0.7518315018315019,3.0,5.386949377222989,0.0,0.0,0.0,2.0,0.06666666666666667,0.0,0.0,0.0,31.0,0.030703686045306884,33.274193548387096,57.55,29.0,2.0,0.0,0.0,-0.13333333333333333,0.7383870967741935,14.0,0.5944377318610649,27.928571428571427,48.35,12.0,0.0,0.13333333333333333,0.0,0.13333333333333333,0.636626984126984,3.0,4.162000765882014,0.0,0.0,0.0,2.0,0.06666666666666667,0.0,0.0,0.0,18.0,1.6329920643371103,2.9055555555555554,15.95,7.0,0.0,0.26666666666666666,0.0,0.4,0.18917989417989417,4.0,4.689776241652481,0.1625,0.65,1.0,0.0,0.06666666666666667,0.4666666666666667,-0.4,-1.8754999999999997,2.0,6.767191013552288,0.0,0.0,0.0,2.0,0.06666666666666667,0.0,0.0,0.0,8.0,3.3125673862423564,4.21875,14.7,4.0,0.0,0.26666666666666666,0.0,0.26666666666666666,0.28125,5.0,5.11289659666443,0.05,0.25,1.0,0.0,0.06666666666666667,0.4666666666666667,-0.4666666666666667,-2.1481818181818184,2.0,0.0,20.0,7.347499999999999,16.0,37.3875,2.0,0.0,21.0,6.485714285714285,16.0,36.703125,2.0,0.0,21.0,11.385714285714286,6.0,6.383333333333333,1.0,0.0,11.0,10.572727272727272,6.0,7.891666666666667
rush_hour_seed1,rush_hour,1,385.25,400.25,155.0,2.548243324532798,18.54935483870968,93.0,28.75,3.0,7.625486058409751,0.0,0.0,0.0,2.0,0.13333333333333333,0.06666666666666667,0.0,0.0,30.0,0.08906607983190964,33.895,55.7,27.0,2.0,0.0,0.06666666666666667,-0.26666666666666666,0.5570860215053766,14.0,0.6256130130718706,29.171428571428574,49.2,13.0,0.0,0.06666666666666667,0.0,0.13333333333333333,0.7573260073260075,2.0,7.968256505404331,0.0,0.0,0.0,2.0,0.06666666666666667,0.06666666666666667,0.0,0.0,30.0,0.11507255227678238,31.56,52.55,27.0,2.0,0.0,0.06666666666666667,-0.26666666666666666,0.5574408602150537,14.0,0.6772522305648595,28.785714285714285,49.35,12.0,0.0,0.13333333333333333,0.0,0.06666666666666667,0.6354365079365079,2.0,6.5769032975567,0.0,0.0,0.0,2.0,0.06666666666666667,0.06666666666666667,0.0,0.0,18.0,1.4795184839528206,3.302777777777778,16.95,8.0,0.0,0.2,0.0,0.4666666666666667,0.21151851851851855,5.0,4.3741850354143725,0.32999999999999996,1.65,1.0,0.0,0.13333333333333333,0.4,-0.2,-0.7361481481481481,2.0,10.024826594878729,0.0,0.0,0.0,2.0,0.13333333333333333,0.06666666666666667,0.0,0.0,8.0,3.0615589819444127,4.71875,15.7,4.0,0.0,0.26666666666666666,0.0,0.2,0.30291666666666667,5.0,4.295400775196635,0.25,1.25,1.0,0.0,0.06666666666666667,0.4,-0.26666666666666666,-0.9856666666666667,3.0,0.0,20.0,3.6700000000000004,17.0,36.01176470588236,2.0,0.0,20.0,5.17,16.0,37.578125,3.0,0.0,22.0,11.686363636363637,7.0,6.042857142857143,2.0,0.0,12.0,10.283333333333333,7.0,7.478571428571429
rush_hour_seed1,rush_hour,1,386.25,401.25,156.0,2.644059772214367,17.632051282051282,89.0,27.75,3.0,8.267988532230286,0.0,0.0,0.0,2.0,0.13333333333333333,0.06666666666666667,0.0,0.0,30.0,0.27976842881451647,31.076666666666664,53.15,25.0,2.0,0.0,0.06666666666666667,-0.4,0.30253046594982064,15.0,0.48054792850697764,28.093333333333337,50.2,13.0,0.0,0.13333333333333333,0.0,0.13333333333333333,0.6290427350427353,3.0,8.829193569345344,0.0,0.0,0.0,2.0,0.13333333333333333,0.06666666666666667,0.0,0.0,30.0,0.31191776744220284,28.926666666666666,50.85,25.0,2.0,0.0,0.06666666666666667,-0.4,0.31521863799283145,14.0,0.7949467675638189,29.642857142857142,50.35,12.0,0.0,0.13333333333333333,0.0,0.06666666666666667,0.6314682539682539,2.0,7.454551365333919,0.0,0.0,0.0,2.0,0.06666666666666667,0.06666666666666667,-0.06666666666666667,-0.02,18.0,1.3426417330325873,3.7472222222222222,17.95,8.0,0.0,0.2,0.0,0.4666666666666667,0.2367037037037037,5.0,4.0225982297093745,0.53,2.65,1.0,0.0,0.13333333333333333,0.4,-0.13333333333333333,-0.43577777777777776,2.0,10.211296143273735,0.0,0.0,0.0,2.0,0.13333333333333333,0.06666666666666667,0.0,0.0,8.0,2.9843019118973184,5.21875,16.7,4.0,0.0,0.26666666666666666,0.0,0.2,0.31958333333333333,5.0,3.677322754469901,0.45,2.25,1.0,0.0,0.06666666666666667,0.4,-0.2,-0.6536666666666666,3.0,0.0,19.0,1.9657894736842105,17.0,36.83529411764706,2.0,0.0,20.0,3.495,16.0,38.453125,3.0,0.0,22.0,12.504545454545456,7.0,6.614285714285714,2.0,0.0,12.0,10.950000000000001,7.0,8.192857142857143
rush_hour_seed1,rush_hour,1,387.25,402.25,156.0,2.8092777669679965,16.86474358974359,87.0,26.75,3.0,8.794552353145646,0.0,0.0,0.0,2.0,0.13333333333333333,0.06666666666666667,-0.06666666666666667,-0.028333333333333332,30.0,0.5781425445254196,28.33833333333333,51.4,23.0,2.0,0.0,0.06666666666666667,-0.5333333333333333,0.053308243727598396,15.0,0.44342754280627,28.96,51.2,13.0,0.0,0.13333333333333333,0.0,0.13333333333333333,0.6304102564102564,3.0,10.050885086009318,0.0,0.0,0.0,2.0,0.13333333333333333,0.06666666666666667,0.0,0.0,29.0,0.39955738971995286,27.24827586206897,49.2,23.0,2.0,0.0,0.13333333333333333,-0.5333333333333333,0.13665925101965162,14.0,0.9171111931086486,30.525000000000002,51.35,13.0,0.0,0.06666666666666667,0.0,0.13333333333333333,0.7373076923076926,2.0,8.395991780044463,0.0,0.0,0.0,2.0,0.06666666666666667,0.06666666666666667,-0.06666666666666667,-0.05333333333333334,18.0,1.2522967709984312,4.230555555555556,18.95,9.0,0.0,0.2,0.0,0.5333333333333333,0.26448148148148154,5.0,3.721515361385083,0.73,3.65,1.0,0.0,0.13333333333333333,0.4,-0.06666666666666667,-0.04688888888888889,2.0,10.835359674842325,0.0,0.0,0.0,2.0,0.13333333333333333,0.06666666666666667,0.0,0.0,9.0,3.223747049990866,5.083333333333333,17.7,4.0,0.0,0.26666666666666666,0.0,0.2,0.3028888888888889,5.0,3.246108318356866,0.65,3.25,1.0,0.0,0.06666666666666667,0.4,-0.06666666666666667,-0.18000000000000002,3.0,0.0,18.0,0.0,17.0,37.70882352941177,2.0,0.0,19.0,0.0,17.0,37.01470588235294,2.0,0.0,22.0,13.322727272727274,7.0,7.185714285714285,2.0,0.0,12.0,11.616666666666667,7.0,8.907142857142857
rush_hour_seed1,rush_hour,1,388.25,403.25,157.0,3.152460956746158,16.030891719745224,86.0,25.75,2.0,10.640297297826022,0.0,0.0,0.0,2.0,0.13333333333333333,0.13333333333333333,-0.06666666666666667,-0.06166666666666667,29.0,0.7333601574153445,26.520689655172415,50.05,21.0,2.0,0.0,0.13333333333333333,-0.6666666666666666,-0.134534668149796,15.0,0.4455208109614883,29.826666666666668,52.2,13.0,0.0,0.13333333333333333,0.0,0.13333333333333333,0.6317777777777778,2.0,13.497961674911128,0.0,0.0,0.0,2.0,0.13333333333333333,0.13333333333333333,0.0,0.0,28.0,0.47998497867064943,25.508928571428573,48.0,21.0,2.0,0.0,0.2,-0.6666666666666666,-0.04596390168970809,14.0,0.8312541250020942,31.45357142857143,52.35,13.0,0.0,0.06666666666666667,0.0,0.13333333333333333,0.7428021978021978,2.0,11.750345618650627,0.0,0.0,0.0,2.0,0.13333333333333333,0.13333333333333333,-0.06666666666666667,-0.08666666666666667,18.0,1.185986551633687,4.763888888888889,19.95,10.0,0.0,0.2,0.0,0.6,0.29559259259259263,5.0,3.5547331193724547,0.93,4.65,1.0,0.0,0.13333333333333333,0.3333333333333333,0.06666666666666667,0.062000000000000006,2.0,11.88117141361555,0.0,0.0,0.0,2.0,0.13333333333333333,0.06666666666666667,0.0,0.0,9.0,3.6485344852937565,5.566666666666666,18.7,5.0,0.0,0.2,0.0,0.26666666666666666,0.32999999999999996,5.0,2.9489719017804363,1.05,4.25,2.0,0.0,0.06666666666666667,0.3333333333333333,0.13333333333333333,0.07,2.0,0.0,18.0,0.0,17.0,38.59117647058824,2.0,0.0,19.0,0.0,17.0,37.838235294117645,2.0,0.0,23.0,13.536956521739132,7.0,7.871428571428571,2.0,0.0,12.0,12.283333333333333,7.0,9.62142857142857
rush_hour_seed1,rush_hour,1,389.25,404.25,157.0,3.386970773843575,15.330891719745221,85.0,24.75,2.0,11.003353547995482,0.0,0.0,0.0,2.0,0.06666666666666667,0.13333333333333333,-0.06666666666666667,-0.06333333333333334,28.0,0.8937864361581334,24.625,48.75,19.0,2.0,0.0,0.2,-0.8,-0.3275806451612903,15.0,0.48848932508771276,30.693333333333335,53.2,13.0,0.0,0.13333333333333333,0.0,0.13333333333333333,0.6331452991452992,2.0,13.545492868198309,0.0,0.0,0.0,2.0,0.13333333333333333,0.13333333333333333,-0.06666666666666667,-0.006666666666666667,28.0,0.8018239455097463,22.835714285714285,45.4,19.0,2.0,0.0,0.2,-0.8,-0.2908448540706606,14.0,0.6061892119010327,32.38214285714286,53.35,13.0,0.0,0.06666666666666667,0.0,0.13333333333333333,0.7482967032967035,2.0,11.764053231277813,0.0,0.0,0.0,2.0,0.13333333333333333,0.13333333333333333,-0.06666666666666667,-0.12000000000000001,18.0,0.8805407334912323,5.330555555555556,20.95,11.0,0.0,0.2,0.0,0.6666666666666666,0.32892592592592595,5.0,3.4649844424428196,1.1700000000000002,5.65,2.0,0.0,0.06666666666666667,0.3333333333333333,0.13333333333333333,0.07800000000000001,1.0,13.888126829175745,0.0,0.0,0.0,2.0,0.06666666666666667,0.13333333333333333,0.0,0.0,9.0,4.090203322846085,6.138888888888889,19.7,6.0,0.0,0.2,0.0,0.26666666666666666,0.35314814814814816,5.0,2.2472793904381874,1.45,5.25,2.0,0.0,0.06666666666666667,0.3333333333333333,0.13333333333333333,0.09666666666666666,2.0,0.0,17.0,0.0,17.0,39.47352941176471,2.0,0.0,18.0,0.0,17.0,38.68529411764706,2.0,0.0,23.0,14.36304347826087,7.0,8.585714285714285,2.0,0.0,12.0,12.995833333333335,7.0,10.335714285714285
rush_hour_seed1,rush_hour,1,390.25,405.25,161.0,3.6208569725317554,14.583850931677018,83.0,23.75,2.0,12.952626973478111,0.0,0.0,0.0,2.0,0.13333333333333333,0.2,-0.06666666666666667,-0.08555555555555557,27.0,1.0806643086958672,22.60925925925926,46.85,17.0,2.0,0.0,0.26666666666666666,-0.9333333333333333,-0.5286300278773396,15.0,0.5649285057403299,31.560000000000002,54.2,13.0,0.0,0.13333333333333333,0.0,0.13333333333333333,0.6345128205128205,2.0,13.3394576446587,0.0,0.0,0.0,2.0,0.13333333333333333,0.13333333333333333,-0.06666666666666667,-0.04,27.0,0.9501452574162611,22.666666666666668,45.05,18.0,2.0,0.0,0.26666666666666666,-0.8666666666666667,-0.36878136200716843,15.0,0.4428960278730286,31.09,54.35,13.0,0.0,0.13333333333333333,0.0,0.13333333333333333,0.6057435897435897,2.0,11.753076151203443,0.0,0.0,0.0,2.0,0.13333333333333333,0.13333333333333333,-0.06666666666666667,-0.15333333333333332,19.0,0.657512412722494,5.628947368421053,21.95,11.0,0.0,0.26666666666666666,0.0,0.6,0.34148538011695906,5.0,3.129181041754289,1.57,6.65,2.0,0.0,0.06666666666666667,0.26666666666666666,0.13333333333333333,0.10466666666666667,1.0,13.854567360562505,0.0,0.0,0.0,2.0,0.06666666666666667,0.13333333333333333,0.0,0.0,9.0,4.001838731548244,6.805555555555555,20.7,6.0,0.0,0.2,0.0,0.26666666666666666,0.37537037037037035,6.0,1.6682025041830864,1.625,6.25,3.0,0.0,0.13333333333333333,0.26666666666666666,0.2,0.10833333333333334,2.0,0.0,16.0,0.0,17.0,40.35588235294118,2.0,0.0,17.0,0.0,17.0,39.567647058823525,2.0,0.0,23.0,15.219565217391304,7.0,9.299999999999999,2.0,0.0,12.0,13.745833333333335,7.0,11.049999999999999
rush_hour_seed1,rush_hour,1,391.25,406.25,159.0,3.772813598368996,14.426100628930818,82.0,22.75,2.0,13.327966935548867,0.0,0.0,0.0,2.0,0.13333333333333333,0.2,-0.06666666666666667,-0.10777777777777776,26.0,1.2836884875747574,22.292307692307695,46.2,16.0,2.0,0.0,0.3333333333333333,-1.0,-0.616426799007444,15.0,0.6631322990431776,32.42666666666667,55.2,13.0,0.0,0.13333333333333333,0.0,0.06666666666666667,0.630752136752137,1.0,13.188327023269595,0.0,0.0,0.0,2.0,0.06666666666666667,0.13333333333333333,-0.06666666666666667,-0.07333333333333333,27.0,1.3550852511009202,19.98888888888889,43.2,16.0,2.0,0.0,0.26666666666666666,-1.0,-0.6139665471923536,15.0,0.42308287337107686,31.956666666666667,55.35,13.0,0.0,0.13333333333333333,0.0,0.13333333333333333,0.607111111111111,2.0,11.752648079883967,0.0,0.0,0.0,2.0,0.13333333333333333,0.13333333333333333,-0.06666666666666667,-0.18666666666666665,19.0,0.571582413724058,6.2368421052631575,22.95,12.0,0.0,0.2,0.0,0.6,0.37224780701754384,5.0,2.895930902106722,2.04,7.65,3.0,0.0,0.06666666666666667,0.2,0.2,0.136,1.0,13.843755583098392,0.0,0.0,0.0,2.0,0.06666666666666667,0.13333333333333333,0.0,0.0,9.0,3.919418767830773,7.472222222222222,21.7,6.0,0.0,0.2,0.0,0.26666666666666666,0.39759259259259255,6.0,1.5180664231505736,2.125,7.25,3.0,0.0,0.13333333333333333,0.26666666666666666,0.2,0.14166666666666666,2.0,0.0,16.0,0.0,17.0,41.23823529411765,2.0,0.0,17.0,0.0,17.0,40.449999999999996,2.0,0.0,23.0,16.08913043478261,7.0,10.014285714285714,2.0,0.0,12.0,14.495833333333335,7.0,11.764285714285714
rush_hour_seed1,rush_hour,1,392.25,407.25,158.0,3.833313693200188,14.177848101265822,82.0,21.75,2.0,13.345357043791266,0.0,0.0,0.0,2.0,0.13333333333333333,0.2,-0.06666666666666667,-0.13,26.0,1.7270360555414093,19.31923076923077,44.75,14.0,2.0,0.0,0.3333333333333333,-1.1333333333333333,-0.8812985938792389,15.0,0.7719699503018692,33.346666666666664,56.2,14.0,0.0,0.06666666666666667,0.0,0.13333333333333333,0.7443015873015871,1.0,13.25775889707914,0.0,0.0,0.0,2.0,0.06666666666666667,0.2,-0.06666666666666667,-0.07111111111111111,26.0,1.4721629131187284,19.673076923076923,42.85,15.0,2.0,0.0,0.3333333333333333,-1.0666666666666667,-0.7016873449131514,15.0,0.4550044679045525,32.82333333333334,56.35,13.0,0.0,0.13333333333333333,0.0,0.13333333333333333,0.6084786324786327,2.0,11.772107837690584,0.0,0.0,0.0,2.0,0.06666666666666667,0.13333333333333333,-0.06666666666666667,-0.14666666666666664,20.0,0.6444983880081517,6.5525,23.95,13.0,0.0,0.26666666666666666,0.0,0.6666666666666666,0.3807916666666667,5.0,2.7471745808042707,2.64,8.65,3.0,0.0,0.06666666666666667,0.2,0.2,0.17600000000000002,1.0,13.885149881541729,0.0,0.0,0.0,2.0,0.06666666666666667,0.13333333333333333,0.0,0.0,9.0,3.635145912024488,8.13888888888889,22.7,6.0,0.0,0.2,0.0,0.26666666666666666,0.4198148148148148,6.0,1.484820348217415,2.7083333333333335,8.25,4.0,0.0,0.13333333333333333,0.2,0.26666666666666666,0.18055555555555555,2.0,0.0,15.0,0.0,17.0,42.12058823529412,1.0,0.0,16.0,0.0,17.0,41.33235294117647,2.0,0.0,23.0,16.958695652173912,7.0,10.728571428571428,2.0,0.0,12.0,15.245833333333335,7.0,12.478571428571428
rush_hour_seed1,rush_hour,1,393.25,408.25,158.0,3.985244546546317,13.582911392405062,79.0,20.75,2.0,13.346667155599391,0.0,0.0,0.0,2.0,0.13333333333333333,0.2,-0.06666666666666667,-0.1522222222222222,25.0,1.8705326337781651,17.034,42.5,12.0,2.0,0.0,0.4,-1.2666666666666666,-1.1003139784946236,15.0,0.655186826350274,34.28,57.2,14.0,0.0,0.06666666666666667,0.0,0.13333333333333333,0.7493809523809525,1.0,13.181265111831934,0.0,0.0,0.0,2.0,0.06666666666666667,0.2,-0.06666666666666667,-0.09333333333333334,25.0,1.5823728660248955,17.605999999999998,41.15,13.0,2.0,0.0,0.4,-1.2,-0.9061591397849464,15.0,0.5211053194996123,33.690000000000005,57.35,13.0,0.0,0.13333333333333333,0.0,0.13333333333333333,0.609846153846154,1.0,11.970285526053049,0.0,0.0,0.0,2.0,0.06666666666666667,0.2,-0.06666666666666667,-0.1688888888888889,20.0,0.7694852560758977,7.2425,24.95,14.0,0.0,0.26666666666666666,0.0,0.6666666666666666,0.4105416666666667,5.0,2.6613191925045028,3.2399999999999998,9.65,3.0,0.0,0.06666666666666667,0.13333333333333333,0.2,0.216,1.0,13.8418872469489,0.0,0.0,0.0,2.0,0.06666666666666667,0.13333333333333333,0.0,0.0,9.0,3.103073471781004,8.805555555555555,23.7,6.0,0.0,0.2,0.0,0.2,0.43592592592592594,6.0,1.5698971404724136,3.375,9.25,4.0,0.0,0.13333333333333333,0.13333333333333333,0.26666666666666666,0.225,2.0,0.0,14.0,0.0,17.0,43.00294117647059,1.0,0.0,16.0,0.0,17.0,42.21470588235294,2.0,0.0,23.0,17.85,7.0,11.442857142857141,1.0,0.0,12.0,15.995833333333335,7.0,13.200000000000001
rush_hour_seed1,rush_hour,1,394.25,409.25,157.0,4.033042581642307,13.363057324840764,76.0,19.75,2.0,13.33782703556044,0.0,0.0,0.0,2.0,0.13333333333333333,0.2,-0.06666666666666667,-0.17444444444444446,24.0,2.0124305138396865,16.43125,41.55,11.0,2.0,0.0,0.4666666666666667,-1.3333333333333333,-1.2071639784946238,15.0,0.48715627528367655,35.21333333333334,58.2,14.0,0.0,0.06666666666666667,0.0,0.13333333333333333,0.7544603174603177,1.0,13.197928096836419,0.0,0.0,0.0,2.0,0.06666666666666667,0.2,-0.06666666666666667,-0.11555555555555556,24.0,1.6953935934059443,15.397916666666667,40.05,11.0,2.0,0.0,0.4666666666666667,-1.3333333333333333,-1.1200313620071682,15.0,0.6223195031723449,34.556666666666665,58.35,13.0,0.0,0.13333333333333333,0.0,0.06666666666666667,0.6063418803418803,1.0,11.99823664130643,0.0,0.0,0.0,2.0,0.06666666666666667,0.2,-0.06666666666666667,-0.19111111111111112,20.0,0.9274749839218754,7.9425,25.95,14.0,0.0,0.2,0.0,0.6,0.4449901960784314,5.0,2.623578921443136,3.84,10.65,3.0,0.0,0.06666666666666667,0.13333333333333333,0.2,0.256,1.0,13.876169930621982,0.0,0.0,0.0,2.0,0.06666666666666667,0.13333333333333333,-0.06666666666666667,-0.005,10.0,2.7972534233793986,8.525,24.7,6.0,0.0,0.2,0.0,0.2,0.4102380952380953,6.0,1.7381541121187893,4.041666666666667,10.25,4.0,0.0,0.06666666666666667,0.13333333333333333,0.26666666666666666,0.2694444444444445,1.0,0.0,14.0,0.0,17.0,43.885294117647064,1.0,0.0,15.0,0.0,17.0,43.09705882352941,2.0,0.0,23.0,18.76304347826087,7.0,12.157142857142857,1.0,0.0,12.0,16.745833333333334,7.0,14.057142857142859
rush_hour_seed1,rush_hour,1,395.25,410.25,158.0,4.184104418810395,13.23607594936709,76.0,18.75,2.0,13.325863081191603,0.0,0.0,0.0,2.0,0.13333333333333333,0.2,-0.06666666666666667,-0.19666666666666666,23.0,2.1647594025962937,15.773913043478261,41.8,10.0,2.0,0.0,0.5333333333333333,-1.4,-1.3176531089294063,16.0,0.45018939825547977,33.8875,59.2,14.0,0.0,0.13333333333333333,0.0,0.13333333333333333,0.6089285714285715,2.0,13.766292613948584,0.0,0.0,0.0,2.0,0.13333333333333333,0.2,-0.06666666666666667,-0.1377777777777778,24.0,2.0877950167206265,14.145833333333334,39.75,10.0,2.0,0.0,0.4666666666666667,-1.4,-1.2701702508960575,15.0,0.7485835436654766,35.42333333333333,59.35,13.0,0.0,0.13333333333333333,0.0,0.06666666666666667,0.6025811965811966,1.0,11.994860717633273,0.0,0.0,0.0,2.0,0.06666666666666667,0.2,-0.06666666666666667,-0.21333333333333332,20.0,1.1119685992922461,8.682500000000001,26.95,15.0,0.0,0.2,0.0,0.6666666666666666,0.4747156862745099,5.0,2.399807304542175,4.46,11.65,4.0,0.0,0.06666666666666667,0.06666666666666667,0.26666666666666666,0.29733333333333334,1.0,13.86848243914661,0.0,0.0,0.0,2.0,0.06666666666666667,0.13333333333333333,-0.06666666666666667,-0.03833333333333333,10.0,2.5895410292469587,9.125,25.7,6.0,0.0,0.2,0.0,0.2,0.4216666666666667,6.0,2.0117854660235372,4.708333333333333,11.25,4.0,0.0,0.06666666666666667,0.06666666666666667,0.26666666666666666,0.3138888888888889,1.0,0.0,13.0,0.0,17.0,44.82058823529412,1.0,0.0,16.0,0.0,17.0,43.97941176470588,2.0,0.0,23.0,19.67608695652174,7.0,12.87142857142857,1.0,0.0,12.0,17.516666666666666,7.0,14.914285714285715
rush_hour_seed1,rush_hour,1,396.25,411.25,161.0,4.348706436266058,12.690683229813665,75.0,17.75,2.0,13.344262587379019,0.0,0.0,0.0,2.0,0.13333333333333333,0.2,-0.06666666666666667,-0.21888888888888888,23.0,2.5864586727115064,12.541304347826086,40.2,8.0,2.0,0.0,0.5333333333333333,-1.5333333333333334,-1.5998270219728847,16.0,0.44501152524689896,34.7625,60.2,14.0,0.0,0.13333333333333333,0.0,0.13333333333333333,0.6101190476190477,2.0,13.783835395770968,0.0,0.0,0.0,2.0,0.13333333333333333,0.2,-0.06666666666666667,-0.16,23.0,2.2026849608041035,13.423913043478262,39.45,9.0,2.0,0.0,0.5333333333333333,-1.4666666666666666,-1.3849649368863957,15.0,0.8713613932845532,36.35,60.35,14.0,0.0,0.06666666666666667,0.0,0.13333333333333333,0.7328571428571429,1.0,11.976439325180836,0.0,0.0,0.0,2.0,0.06666666666666667,0.2,-0.06666666666666667,-0.23555555555555555,20.0,1.0111603031420202,9.432500000000001,27.95,15.0,0.0,0.2,0.0,0.6,0.501186274509804,6.0,2.1948745320231438,4.383333333333334,12.65,4.0,0.0,0.13333333333333333,0.0,0.26666666666666666,0.29222222222222227,2.0,13.839361461666414,0.0,0.0,0.0,2.0,0.13333333333333333,0.13333333333333333,-0.06666666666666667,-0.07166666666666667,11.0,2.3067795828681805,8.840909090909092,26.7,6.0,0.0,0.26666666666666666,0.0,0.2,0.37415584415584424,6.0,2.2472922403881292,5.391666666666667,12.25,5.0,0.0,0.06666666666666667,0.06666666666666667,0.3333333333333333,0.35944444444444446,1.0,0.0,13.0,0.0,17.0,45.76176470588236,1.0,0.0,15.0,0.0,17.0,44.86176470588235,2.0,0.0,23.0,20.62391304347826,7.0,13.585714285714285,1.0,0.0,12.0,18.3625,7.0,15.771428571428572
rush_hour_seed1,rush_hour,1,397.25,412.25,160.0,4.319242951988809,12.4890625,73.0,16.75,1.0,13.865511972235982,0.0,0.0,0.0,2.0,0.06666666666666667,0.26666666666666666,-0.06666666666666667,-0.18083333333333332,22.0,2.736956992453837,11.602272727272727,40.2,7.0,2.0,0.0,0.6,-1.6,-1.729095796676442,16.0,0.4639756049370094,35.6375,61.2,14.0,0.0,0.13333333333333333,0.0,0.13333333333333333,0.6113095238095239,2.0,13.779978104601504,0.0,0.0,0.0,2.0,0.13333333333333333,0.2,-0.06666666666666667,-0.1822222222222222,22.0,2.326132164285103,10.825000000000001,37.85,7.0,2.0,0.0,0.6,-1.6,-1.6248924731182797,15.0,0.6654735935537487,37.28333333333333,61.35,14.0,0.0,0.06666666666666667,0.0,0.13333333333333333,0.7379365079365078,1.0,11.986874236667063,0.0,0.0,0.0,2.0,0.06666666666666667,0.2,-0.06666666666666667,-0.2577777777777778,21.0,0.7816736035134918,9.738095238095237,28.95,16.0,0.0,0.26666666666666666,0.0,0.6666666666666666,0.4980298786181139,6.0,2.0548392022537896,5.05,13.65,4.0,0.0,0.13333333333333333,0.0,0.26666666666666666,0.33666666666666667,2.0,13.85964892196993,0.0,0.0,0.0,2.0,0.13333333333333333,0.13333333333333333,-0.06666666666666667,-0.105,11.0,2.29135955862489,9.386363636363637,27.7,6.0,0.0,0.26666666666666666,0.0,0.13333333333333333,0.38051948051948054,6.0,2.247019545790951,6.2250000000000005,13.25,5.0,0.0,0.06666666666666667,0.0,0.3333333333333333,0.41500000000000004,1.0,0.0,13.0,0.0,17.0,46.70294117647059,1.0,0.0,14.0,0.0,17.0,45.74411764705882,2.0,0.0,23.0,21.580434782608698,7.0,14.442857142857141,1.0,0.0,12.0,19.279166666666665,7.0,16.62857142857143
rush_hour_seed1,rush_hour,1,398.25,413.25,161.0,4.470951348226513,12.127639751552795,72.0,15.75,2.0,13.84695299314568,0.0,0.0,0.0,2.0,0.13333333333333333,0.26666666666666666,-0.13333333333333333,-0.20416666666666666,21.0,2.883059650025731,8.642857142857142,38.55,5.0,2.0,0.0,0.6666666666666666,-1.7333333333333334,-1.993056835637481,16.0,0.5206971871797156,36.5125,62.2,14.0,0.0,0.13333333333333333,0.0,0.13333333333333333,0.6125000000000003,2.0,13.807545874913112,0.0,0.0,0.0,2.0,0.13333333333333333,0.2,-0.06666666666666667,-0.20444444444444443,22.0,2.753671236213356,9.377272727272727,37.55,6.0,2.0,0.0,0.6,-1.6666666666666667,-1.7880742913000982,15.0,0.4657847000082231,38.21666666666667,62.35,14.0,0.0,0.06666666666666667,0.0,0.13333333333333333,0.743015873015873,2.0,11.98272940118797,0.0,0.0,0.0,2.0,0.13333333333333333,0.2,-0.06666666666666667,-0.28,21.0,0.6933420087494191,10.54047619047619,29.95,17.0,0.0,0.2,0.0,0.6666666666666666,0.5349206349206348,6.0,2.0114408702314672,5.716666666666666,14.65,4.0,0.0,0.13333333333333333,0.0,0.26666666666666666,0.38111111111111107,1.0,13.82658546448336,0.0,0.0,0.0,2.0,0.06666666666666667,0.13333333333333333,-0.06666666666666667,-0.13833333333333334,11.0,2.37829589805191,9.936363636363636,28.7,7.0,0.0,0.26666666666666666,0.0,0.2,0.37909090909090903,6.0,2.2331068767131166,7.058333333333334,14.25,5.0,0.0,0.06666666666666667,0.0,0.3333333333333333,0.47055555555555556,0.0,0.0,12.0,0.0,17.0,47.661764705882355,1.0,0.0,14.0,0.0,17.0,46.6764705882353,1.0,0.0,24.0,21.597916666666666,7.0,15.299999999999999,0.0,0.0,12.0,20.195833333333333,7.0,17.485714285714288
rush_hour_seed1,rush_hour,1,399.25,414.25,161.0,4.536772510924939,11.861180124223603,70.0,14.75,2.0,14.958474262419621,0.0,0.0,0.0,2.0,0.13333333333333333,0.26666666666666666,0.0,0.0,20.0,3.0541466310745387,7.347499999999999,38.3,4.0,2.0,0.0,0.7333333333333333,-1.7333333333333334,-2.009951612903226,16.0,0.5931850638955025,37.3875,63.2,14.0,0.0,0.13333333333333333,0.0,0.06666666666666667,0.6096428571428573,2.0,12.857853045855125,0.0,0.0,0.0,2.0,0.13333333333333333,0.2,0.0,0.0,21.0,2.896022289759468,6.485714285714285,35.8,4.0,2.0,0.0,0.6666666666666666,-1.6666666666666667,-1.7858986175115208,16.0,0.3288348799312747,36.703125,63.35,14.0,0.0,0.13333333333333333,0.0,0.13333333333333333,0.5849702380952382,2.0,11.994525110784451,0.0,0.0,0.0,2.0,0.13333333333333333,0.2,0.0,0.0,21.0,0.6251536737468248,11.385714285714286,30.95,18.0,0.0,0.2,0.0,0.7333333333333333,0.5653439153439154,6.0,2.0566098195851574,6.383333333333333,15.65,4.0,0.0,0.13333333333333333,0.0,0.2,0.4147222222222222,1.0,13.862801125277766,0.0,0.0,0.0,2.0,0.06666666666666667,0.13333333333333333,0.0,0.0,11.0,2.5361043829731518,10.572727272727272,29.7,7.0,0.0,0.2,0.0,0.2,0.42359848484848484,6.0,2.2364618975414157,7.891666666666667,15.25,5.0,0.0,0.06666666666666667,0.0,0.26666666666666666,0.5227777777777778,1.0,0.0,13.0,0.0,17.0,48.661764705882355,1.0,0.0,14.0,0.0,17.0,47.61764705882353,0.0,0.0,24.0,22.514583333333334,7.0,16.157142857142855,0.0,0.0,13.0,19.48846153846154,7.0,18.342857142857145
rush_hour_seed1,rush_hour,1,400.25,415.25,169.0,4.75982407623287,11.037869822485208,68.0,13.75,3.0,14.606549379894743,0.0,0.0,0.0,2.0,0.2,0.2,0.0,0.0,20.0,3.5186936395668718,3.6700000000000004,37.05,2.0,2.0,0.0,0.6666666666666666,-1.6666666666666667,-2.015,17.0,0.7062628055938849,36.01176470588236,64.2,14.0,0.0,0.2,0.0,0.06666666666666667,0.4560224089635855,2.0,13.138174678765134,0.0,0.0,0.0,2.0,0.13333333333333333,0.13333333333333333,0.0,0.0,20.0,3.050216291796147,5.17,35.5,3.0,2.0,0.0,0.6666666666666666,-1.6,-1.7593333333333334,16.0,0.3391509832658821,37.578125,64.35,14.0,0.0,0.13333333333333333,0.0,0.13333333333333333,0.5861607142857144,3.0,12.101591769590742,0.0,0.0,0.0,2.0,0.2,0.13333333333333333,0.0,0.0,22.0,0.6227383136168382,11.686363636363637,31.95,18.0,0.0,0.26666666666666666,0.0,0.6666666666666666,0.558905723905724,7.0,2.2947786653639275,6.042857142857143,16.65,4.0,0.0,0.13333333333333333,0.0,0.2,0.38085714285714284,2.0,13.855817575118273,0.0,0.0,0.0,2.0,0.13333333333333333,0.13333333333333333,0.0,0.0,12.0,2.58996507592932,10.283333333333333,30.7,8.0,0.0,0.26666666666666666,0.0,0.26666666666666666,0.3709722222222222,7.0,2.2970672273819672,7.478571428571429,16.25,5.0,0.0,0.13333333333333333,0.0,0.26666666666666666,0.4819047619047619,1.0,0.0,14.0,0.0,18.0,46.90277777777778,1.0,0.0,13.0,0.0,17.0,48.5735294117647,0.0,0.0,24.0,23.431250000000002,7.0,17.014285714285712,0.0,0.0,13.0,20.334615384615386,7.0,19.2
rush_hour_seed1,rush_hour,1,401.25,416.25,168.0,4.922350991010255,11.064583333333333,66.0,12.75,3.0,14.59232912783798,0.0,0.0,0.0,2.0,0.2,0.2,0.0,0.0,19.0,3.7100450911599716,1.9657894736842105,37.35,1.0,2.0,0.0,0.7333333333333333,-1.6,-1.9407251461988302,17.0,0.7505917474456227,36.83529411764706,65.2,14.0,0.0,0.13333333333333333,0.0,0.06666666666666667,0.5827973856209148,2.0,13.139843221770029,0.0,0.0,0.0,2.0,0.13333333333333333,0.2,0.0,0.0,20.0,3.5196773478033734,3.495,35.55,2.0,2.0,0.0,0.6666666666666666,-1.5333333333333334,-1.6954444444444443,16.0,0.37619327603743813,38.453125,65.35,14.0,0.0,0.13333333333333333,0.0,0.13333333333333333,0.5873511904761906,3.0,12.545492735507894,0.0,0.0,0.0,2.0,0.2,0.13333333333333333,0.0,0.0,22.0,0.7474062185209285,12.504545454545456,32.95,18.0,0.0,0.26666666666666666,0.0,0.6666666666666666,0.5838215488215489,7.0,2.8055657025664593,6.614285714285714,17.65,4.0,0.0,0.13333333333333333,0.0,0.2,0.4056190476190476,2.0,13.874626429754427,0.0,0.0,0.0,2.0,0.13333333333333333,0.13333333333333333,0.0,0.0,12.0,2.838274741641356,10.950000000000001,31.7,8.0,0.0,0.26666666666666666,0.0,0.26666666666666666,0.3820833333333334,7.0,2.2494849708151246,8.192857142857143,17.25,5.0,0.0,0.13333333333333333,0.0,0.26666666666666666,0.5161904761904762,1.0,0.0,14.0,0.0,18.0,47.84722222222222,1.0,0.0,14.0,0.0,18.0,46.81944444444444,0.0,0.0,24.0,24.383333333333336,7.0,17.87142857142857,0.0,0.0,13.0,21.180769230769233,7.0,20.057142857142857
rush_hour_seed1,rush_hour,1,402.25,417.25,164.0,4.805412975552668,11.069817073170732,64.0,11.75,3.0,14.56120362905502,0.0,0.0,0.0,2.0,0.2,0.2,0.0,0.0,18.0,3.924282177454762,0.0,0.0,0.0,2.0,0.0,0.8,-1.5333333333333334,-1.8892222222222221,17.0,0.7123698233621888,37.70882352941177,66.2,15.0,0.0,0.13333333333333333,0.0,0.13333333333333333,0.5832549019607843,2.0,13.14330168620929,0.0,0.0,0.0,2.0,0.13333333333333333,0.2,0.0,0.0,19.0,3.7258335818234154,0.0,0.0,0.0,2.0,0.0,0.6666666666666666,-1.5333333333333334,-1.8165517241379312,17.0,0.5581716979490613,37.01470588235294,66.35,14.0,0.0,0.2,0.0,0.06666666666666667,0.43264705882352933,2.0,12.644211969056688,0.0,0.0,0.0,2.0,0.13333333333333333,0.13333333333333333,0.0,0.0,22.0,0.7590820387058748,13.322727272727274,33.95,18.0,0.0,0.26666666666666666,0.0,0.6,0.6061447811447812,7.0,3.2352872752059514,7.185714285714285,18.65,4.0,0.0,0.13333333333333333,0.0,0.2,0.4303809523809523,2.0,13.874509795318009,0.0,0.0,0.0,2.0,0.13333333333333333,0.13333333333333333,0.0,0.0,12.0,3.1130763971697495,11.616666666666667,32.7,8.0,0.0,0.2,0.0,0.26666666666666666,0.4355555555555556,7.0,2.071930929616757,8.907142857142857,18.25,5.0,0.0,0.13333333333333333,0.0,0.26666666666666666,0.5504761904761905,1.0,0.0,15.0,0.04666666666666666,18.0,44.28055555555555,1.0,0.0,15.0,0.0,18.0,43.24444444444444,0.0,0.0,24.0,25.34166666666667,7.0,18.728571428571428,0.0,0.0,13.0,22.103846153846156,7.0,20.914285714285715
rush_hour_seed1,rush_hour,1,403.25,418.25,165.0,4.908434507515509,11.396969696969697,66.0,10.75,2.0,14.999293333306792,0.0,0.0,0.0,2.0,0.13333333333333333,0.13333333333333333,0.0,0.0,18.0,4.426616171797113,0.0,0.0,0.0,2.0,0.0,0.7333333333333333,-1.4,-1.7680459770114942,17.0,0.6995514178421128,38.59117647058824,67.2,15.0,0.0,0.13333333333333333,0.0,0.13333333333333333,0.5843006535947713,2.0,13.129677190734435,0.0,0.0,0.0,2.0,0.13333333333333333,0.13333333333333333,0.0,0.0,19.0,4.217906685261684,0.0,0.0,0.0,2.0,0.0,0.6,-1.4,-1.7005952380952383,17.0,0.7634359560736855,37.838235294117645,67.35,14.0,0.0,0.2,0.0,0.06666666666666667,0.42564425770308106,2.0,12.514435357904109,0.0,0.0,0.0,2.0,0.13333333333333333,0.13333333333333333,0.0,0.0,23.0,0.6818053851944071,13.536956521739132,34.95,19.0,0.0,0.3333333333333333,0.0,0.6,0.5848711755233496,7.0,3.513275377866704,7.871428571428571,19.65,5.0,0.0,0.13333333333333333,0.0,0.26666666666666666,0.46276190476190476,2.0,13.857538364608772,0.0,0.0,0.0,2.0,0.13333333333333333,0.13333333333333333,0.0,0.0,12.0,2.9237135717965015,12.283333333333333,33.7,8.0,0.0,0.2,0.0,0.2,0.4477777777777778,7.0,1.969934684661818,9.62142857142857,19.25,5.0,0.0,0.13333333333333333,0.0,0.2,0.5714285714285713,1.0,0.0,15.0,0.11333333333333333,17.0,34.59705882352941,1.0,0.0,15.0,0.06333333333333332,17.0,33.26764705882353,0.0,0.0,24.0,26.3,7.0,19.685714285714287,0.0,0.0,13.0,23.02692307692308,7.0,21.900000000000002
rush_hour_seed1,rush_hour,1,404.25,419.25,162.0,4.885493249032859,12.021296296296297,68.0,9.75,2.0,14.99081550263625,0.0,0.0,0.0,2.0,0.13333333333333333,0.13333333333333333,0.0,0.0,17.0,4.643617674055802,0.0,0.0,0.0,2.0,0.0,0.7333333333333333,-1.2666666666666666,-1.6416666666666666,17.0,0.7056976476609202,39.47352941176471,68.2,15.0,0.0,0.13333333333333333,0.0,0.13333333333333333,0.5853464052287582,2.0,13.14162599383191,0.0,0.0,0.0,2.0,0.13333333333333333,0.13333333333333333,0.0,0.0,18.0,4.443249296067643,0.0,0.0,0.0,2.0,0.0,0.6666666666666666,-1.2666666666666666,-1.5223809523809524,17.0,0.9819617309085051,38.68529411764706,68.35,15.0,0.0,0.2,0.0,0.13333333333333333,0.42021008403361343,2.0,12.398989226320364,0.0,0.0,0.0,2.0,0.13333333333333333,0.13333333333333333,0.0,0.0,23.0,0.6746139295758932,14.36304347826087,35.95,19.0,0.0,0.3333333333333333,0.0,0.5333333333333333,0.6021658615136877,7.0,3.7934465884976976,8.585714285714285,20.65,5.0,0.0,0.13333333333333333,0.0,0.2,0.49438095238095237,2.0,13.872855068562204,0.0,0.0,0.0,2.0,0.13333333333333333,0.06666666666666667,0.0,0.0,12.0,2.565057874893463,12.995833333333335,34.7,9.0,0.0,0.2,0.0,0.2,0.4571296296296297,7.0,1.932977178453198,10.335714285714285,20.25,5.0,0.0,0.13333333333333333,0.0,0.2,0.5923809523809525,1.0,0.0,16.0,0.1875,17.0,26.96764705882353,1.0,0.0,16.0,0.121875,17.0,29.74705882352941,1.0,0.0,24.0,27.258333333333336,7.0,20.685714285714287,0.0,0.0,13.0,23.950000000000003,7.0,22.900000000000002
rush_hour_seed1,rush_hour,1,405.25,420.25,158.0,4.7988736565813035,12.760443037974683,69.0,8.75,2.0,14.97547545604268,0.0,0.0,0.0,2.0,0.13333333333333333,0.13333333333333333,0.0,0.0,16.0,4.867529170579859,0.0,0.0,0.0,2.0,0.0,0.7333333333333333,-1.1333333333333333,-1.5072839506172842,17.0,0.7369272111638746,40.35588235294118,69.2,15.0,0.0,0.13333333333333333,0.0,0.13333333333333333,0.5863921568627452,2.0,13.122328450018436,0.0,0.0,0.0,2.0,0.13333333333333333,0.13333333333333333,0.0,0.0,17.0,4.681038992393552,0.0,0.0,0.0,2.0,0.0,0.6666666666666666,-1.2,-1.5111111111111113,17.0,1.165020550149482,39.567647058823525,69.35,15.0,0.0,0.13333333333333333,0.0,0.13333333333333333,0.565176470588235,2.0,12.283683612389913,0.0,0.0,0.0,2.0,0.13333333333333333,0.13333333333333333,0.0,0.0,23.0,0.5574064455655587,15.219565217391304,36.95,20.0,0.0,0.26666666666666666,0.0,0.6,0.6393745232646834,7.0,3.600767026014597,9.299999999999999,21.65,5.0,0.0,0.13333333333333333,0.0,0.2,0.5153333333333332,2.0,13.84812402953161,0.0,0.0,0.0,2.0,0.13333333333333333,0.06666666666666667,0.0,0.0,12.0,2.243549178800017,13.745833333333335,35.7,9.0,0.0,0.2,0.0,0.2,0.4626851851851853,7.0,1.9971523828662556,11.049999999999999,21.25,5.0,0.0,0.06666666666666667,0.0,0.13333333333333333,0.6283333333333333,1.0,0.0,17.0,0.29411764705882354,16.0,20.671875,1.0,0.0,17.0,0.1735294117647059,17.0,22.091176470588238,1.0,0.0,24.0,28.21666666666667,8.0,18.975,0.0,0.0,13.0,24.873076923076926,7.0,23.900000000000002
rush_hour_seed1,rush_hour,1,406.25,421.25,158.0,4.8445484490098245,13.197151898734178,69.0,7.75,2.0,14.956097806002127,0.0,0.0,0.0,2.0,0.13333333333333333,0.13333333333333333,0.0,0.0,16.0,5.380282715045345,0.0,0.0,0.0,2.0,0.0,0.6666666666666666,-1.0666666666666667,-1.4861538461538464,17.0,0.5981238366274383,41.23823529411765,70.2,15.0,0.0,0.13333333333333333,0.0,0.13333333333333333,0.587437908496732,2.0,12.334911771066125,0.0,0.0,0.0,2.0,0.13333333333333333,0.06666666666666667,0.0,0.0,17.0,5.187322525555316,0.0,0.0,0.0,2.0,0.0,0.6666666666666666,-1.0666666666666667,-1.3325925925925928,17.0,1.0897351794794758,40.449999999999996,70.35,15.0,0.0,0.13333333333333333,0.0,0.13333333333333333,0.566222222222222,2.0,12.210302012072288,0.0,0.0,0.0,2.0,0.13333333333333333,0.13333333333333333,0.0,0.0,23.0,0.42610986067826473,16.08913043478261,37.95,20.0,0.0,0.26666666666666666,0.0,0.5333333333333333,0.6568192219679635,7.0,3.1016916839110134,10.014285714285714,22.65,5.0,0.0,0.13333333333333333,0.0,0.13333333333333333,0.5316190476190477,2.0,13.837363566220157,0.0,0.0,0.0,2.0,0.13333333333333333,0.06666666666666667,0.0,0.0,12.0,1.8421197099181628,14.495833333333335,36.7,9.0,0.0,0.2,0.0,0.2,0.46824074074074085,7.0,2.076751391582591,11.764285714285714,22.25,5.0,0.0,0.06666666666666667,0.0,0.13333333333333333,0.6426190476190476,1.0,0.0,17.0,0.4117647058823529,16.0,16.978125000000002,1.0,0.0,17.0,0.2323529411764706,16.0,15.453125,1.0,0.0,24.0,29.175,8.0,19.85,1.0,0.0,13.0,25.79615384615385,7.0,24.900000000000002
rush_hour_seed1,rush_hour,1,407.25,422.25,156.0,4.75543580933048,13.808653846153847,69.0,6.75,2.0,14.951350226605776,0.0,0.0,0.0,2.0,0.13333333333333333,0.13333333333333333,0.0,0.0,15.0,5.601920814449025,0.0,0.0,0.0,2.0,0.0,0.7333333333333333,-0.9333333333333333,-1.2879487179487181,17.0,0.41313714028804316,42.12058823529412,71.2,15.0,0.0,0.13333333333333333,0.0,0.06666666666666667,0.5849281045751639,1.0,11.997929018342402,0.0,0.0,0.0,2.0,0.06666666666666667,0.06666666666666667,0.0,0.0,16.0,5.444492806351239,0.0,0.0,0.0,2.0,0.0,0.6666666666666666,-1.0,-1.3115384615384615,17.0,0.907544726681563,41.33235294117647,71.35,15.0,0.0,0.13333333333333333,0.0,0.13333333333333333,0.5672679738562086,2.0,12.171639541372315,0.0,0.0,0.0,2.0,0.13333333333333333,0.13333333333333333,0.0,0.0,23.0,0.35025066535033494,16.958695652173912,38.95,20.0,0.0,0.2,0.0,0.4666666666666667,0.6937463768115941,7.0,2.6066710169512044,10.728571428571428,23.65,5.0,0.0,0.13333333333333333,0.0,0.13333333333333333,0.5392380952380952,2.0,13.764378449244797,0.0,0.0,0.0,2.0,0.13333333333333333,0.06666666666666667,0.0,0.0,12.0,1.5136651565518042,15.245833333333335,37.7,9.0,0.0,0.2,0.0,0.2,0.4737962962962964,7.0,2.020218483715627,12.478571428571428,23.25,5.0,0.0,0.06666666666666667,0.0,0.06666666666666667,0.6513492063492062,1.0,0.0,18.0,0.5083333333333333,15.0,10.646666666666668,1.0,0.0,18.0,0.30833333333333335,16.0,12.1375,1.0,0.0,24.0,30.133333333333336,8.0,20.725,1.0,0.0,13.0,26.71923076923077,8.0,22.6625
rush_hour_seed1,rush_hour,1,408.25,423.25,154.0,4.647938768664188,14.439610389610388,71.0,5.75,2.0,14.960466807035495,0.0,0.0,0.0,2.0,0.13333333333333333,0.13333333333333333,0.0,0.0,14.0,5.824291199111596,0.0,0.0,0.0,2.0,0.0,0.7333333333333333,-0.8,-1.1356,17.0,0.26146723915745523,43.00294117647059,72.2,15.0,0.0,0.13333333333333333,0.0,0.06666666666666667,0.5815294117647061,1.0,11.995497306394391,0.0,0.0,0.0,2.0,0.06666666666666667,0.06666666666666667,0.0,0.0,16.0,5.911594974435541,0.0,0.0,0.0,2.0,0.0,0.6,-0.8666666666666667,-1.1737333333333333,17.0,0.6418784977192086,42.21470588235294,72.35,15.0,0.0,0.13333333333333333,0.0,0.13333333333333333,0.5683137254901955,2.0,12.131347764561022,0.0,0.0,0.0,2.0,0.13333333333333333,0.06666666666666667,0.0,0.0,23.0,0.31707570705502863,17.85,39.95,21.0,0.0,0.2,0.0,0.4666666666666667,0.7071666666666668,7.0,2.2282793788154307,11.442857142857141,24.65,5.0,0.0,0.13333333333333333,0.0,0.13333333333333333,0.5468571428571427,1.0,13.850407421778655,0.0,0.0,0.0,2.0,0.06666666666666667,0.06666666666666667,0.0,0.0,12.0,1.283104264424183,15.995833333333335,38.7,9.0,0.0,0.2,0.0,0.2,0.479351851851852,7.0,1.997322081441504,13.200000000000001,24.25,6.0,0.0,0.06666666666666667,0.0,0.13333333333333333,0.655,1.0,0.0,18.0,0.675,15.0,5.19,1.0,0.0,19.0,0.3973684210526316,15.0,6.85,1.0,0.0,24.0,31.09166666666667,8.0,21.6,1.0,0.0,13.0,27.642307692307693,8.0,23.5375
rush_hour_seed1,rush_hour,1,409.25,424.25,153.0,4.646089112323452,14.998039215686273,71.0,4.75,1.0,13.829621924345847,0.0,0.0,0.0,2.0,0.06666666666666667,0.13333333333333333,0.0,0.0,14.0,6.276693783978371,0.0,0.0,0.0,2.0,0.0,0.6666666666666666,-0.7333333333333333,-1.0954166666666665,17.0,0.14502918820886077,43.885294117647064,73.2,15.0,0.0,0.13333333333333333,0.0,0.06666666666666667,0.5781307189542484,1.0,11.990434312100987,0.0,0.0,0.0,2.0,0.06666666666666667,0.06666666666666667,0.0,0.0,15.0,6.148727559602075,0.0,0.0,0.0,2.0,0.0,0.6,-0.7333333333333333,-1.0265277777777777,17.0,0.42545134612607194,43.09705882352941,73.35,15.0,0.0,0.13333333333333333,0.0,0.13333333333333333,0.5693594771241829,2.0,12.085551299166433,0.0,0.0,0.0,2.0,0.13333333333333333,0.06666666666666667,0.0,0.0,23.0,0.24733171964744413,18.76304347826087,40.95,21.0,0.0,0.2,0.0,0.4666666666666667,0.7213695652173914,7.0,1.9982831151996947,12.157142857142857,25.65,5.0,0.0,0.13333333333333333,0.0,0.13333333333333333,0.5544761904761905,1.0,13.85135074355756,0.0,0.0,0.0,2.0,0.06666666666666667,0.06666666666666667,0.0,0.0,12.0,0.9921644729918881,16.745833333333334,39.7,9.0,0.0,0.13333333333333333,0.0,0.2,0.5480555555555555,7.0,1.9818349147354224,14.057142857142859,25.25,6.0,0.0,0.06666666666666667,0.0,0.13333333333333333,0.6676984126984128,1.0,0.0,19.0,0.7999999999999999,14.0,3.503571428571429,1.0,0.0,19.0,0.5236842105263159,14.0,2.9642857142857144,1.0,0.0,24.0,32.079166666666666,8.0,22.475,1.0,0.0,13.0,28.565384615384616,8.0,24.4125
rush_hour_seed1,rush_hour,1,410.25,425.25,152.0,4.62973985618672,15.571381578947367,73.0,3.75,1.0,13.85474696818972,0.0,0.0,0.0,2.0,0.06666666666666667,0.13333333333333333,0.0,0.0,13.0,6.482247263759978,0.0,0.0,0.0,2.0,0.0,0.6666666666666666,-0.6666666666666666,-1.0515942028985508,17.0,0.0710844669494015,44.82058823529412,74.2,16.0,0.0,0.06666666666666667,0.0,0.13333333333333333,0.7288725490196076,1.0,11.98017291261116,0.0,0.0,0.0,2.0,0.06666666666666667,0.13333333333333333,0.0,0.0,16.0,6.501469670452966,0.0,0.0,0.0,2.0,0.06666666666666667,0.6,-0.6666666666666666,-0.9430555555555556,17.0,0.2637263578240408,43.97941176470588,74.35,15.0,0.0,0.13333333333333333,0.0,0.13333333333333333,0.5704052287581699,2.0,12.078240277616748,0.0,0.0,0.0,2.0,0.13333333333333333,0.06666666666666667,0.0,0.0,23.0,0.15888122758671866,19.67608695652174,41.95,21.0,0.0,0.2,0.0,0.4,0.7329057971014492,7.0,1.7797372980704085,12.87142857142857,26.65,5.0,0.0,0.13333333333333333,0.0,0.06666666666666667,0.5607619047619046,1.0,13.842995063747512,0.0,0.0,0.0,2.0,0.06666666666666667,0.06666666666666667,0.0,0.0,12.0,0.6900995167702443,17.516666666666666,40.7,10.0,0.0,0.13333333333333333,0.0,0.26666666666666666,0.5594444444444444,7.0,1.6371239952682743,14.914285714285715,26.25,6.0,0.0,0.06666666666666667,0.0,0.13333333333333333,0.6803968253968254,1.0,0.0,20.0,0.96,14.0,0.8785714285714287,1.0,0.0,20.0,0.6475,14.0,1.6500000000000001,1.0,0.0,24.0,33.079166666666666,8.0,23.35,1.0,0.0,13.0,29.48846153846154,8.0,25.2875
rush_hour_seed1,rush_hour,1,411.25,426.25,151.0,4.556978164902919,16.164238410596028,75.0,2.75,1.0,13.869291124000448,0.0,0.0,0.0,2.0,0.06666666666666667,0.13333333333333333,0.0,0.0,13.0,6.63248338875889,0.0,0.0,0.0,2.0,0.06666666666666667,0.7333333333333333,-0.5333333333333333,-0.8360869565217391,17.0,0.03102935493352222,45.76176470588236,75.2,16.0,0.0,0.06666666666666667,0.0,0.13333333333333333,0.7332843137254902,1.0,11.981563978919294,0.0,0.0,0.0,2.0,0.06666666666666667,0.13333333333333333,0.0,0.0,15.0,6.650681776446559,0.0,0.0,0.0,2.0,0.06666666666666667,0.6,-0.6,-0.8949275362318841,17.0,0.14412913904796587,44.86176470588235,75.35,15.0,0.0,0.13333333333333333,0.0,0.06666666666666667,0.5674509803921566,2.0,12.068535236116501,0.0,0.0,0.0,2.0,0.13333333333333333,0.06666666666666667,0.0,0.0,23.0,0.09466560001367677,20.62391304347826,42.95,22.0,0.0,0.2,0.0,0.4666666666666667,0.7460942028985507,7.0,1.292102585554391,13.585714285714285,27.65,5.0,0.0,0.06666666666666667,0.0,0.06666666666666667,0.6134920634920635,1.0,13.88734417050495,0.0,0.0,0.0,2.0,0.06666666666666667,0.13333333333333333,0.0,0.0,12.0,0.4517233522659036,18.3625,41.7,11.0,0.0,0.06666666666666667,0.0,0.3333333333333333,0.6347727272727273,7.0,1.188294905182468,15.771428571428572,27.25,6.0,0.0,0.06666666666666667,0.0,0.06666666666666667,0.6919841269841271,1.0,0.0,20.0,1.1975,13.0,0.0,1.0,0.0,20.0,0.8225,13.0,0.0,1.0,0.0,25.0,32.716,8.0,24.225,1.0,0.0,13.0,30.411538461538463,8.0,26.1625
rush_hour_seed1,rush_hour,1,412.25,427.25,149.0,4.473279187731161,16.891275167785235,76.0,1.75,1.0,12.410151017520162,0.0,0.0,0.0,2.0,0.06666666666666667,0.06666666666666667,0.0,0.0,13.0,6.989657947256802,0.0,0.0,0.0,2.0,0.06666666666666667,0.6666666666666666,-0.4666666666666667,-0.7734848484848484,17.0,0.012595050108848866,46.70294117647059,76.2,16.0,0.0,0.06666666666666667,0.0,0.13333333333333333,0.7376960784313724,1.0,11.977430623923428,0.0,0.0,0.0,2.0,0.06666666666666667,0.13333333333333333,0.0,0.0,14.0,6.828361901350402,0.0,0.0,0.0,2.0,0.06666666666666667,0.6,-0.4666666666666667,-0.7216666666666668,17.0,0.07354206940638588,45.74411764705882,76.35,15.0,0.0,0.13333333333333333,0.0,0.06666666666666667,0.5640522875816993,2.0,10.666534653902058,0.0,0.0,0.0,2.0,0.13333333333333333,0.06666666666666667,0.0,0.0,23.0,0.05108140938573909,21.580434782608698,43.95,22.0,0.0,0.13333333333333333,0.0,0.4,0.789489302967564,7.0,0.8809925822998191,14.442857142857141,28.65,6.0,0.0,0.06666666666666667,0.0,0.13333333333333333,0.6261904761904762,1.0,12.44019669469846,0.0,0.0,0.0,2.0,0.06666666666666667,0.13333333333333333,0.0,0.0,12.0,0.26195802074412833,19.279166666666665,42.7,11.0,0.0,0.06666666666666667,0.0,0.3333333333333333,0.6595202020202019,7.0,0.7966469724266065,16.62857142857143,28.25,6.0,0.0,0.06666666666666667,0.0,0.06666666666666667,0.6935714285714286,1.0,0.0,20.0,1.4475,12.0,0.0,1.0,0.0,21.0,0.9738095238095238,13.0,0.0,1.0,0.0,25.0,33.676,8.0,25.1,1.0,0.0,13.0,31.334615384615386,8.0,27.0375
rush_hour_seed1,rush_hour,1,413.25,428.25,149.0,4.452426213124958,17.409060402684563,78.0,0.75,0.0,0.0,0.0,0.0,0.0,2.0,0.0,0.13333333333333333,0.0,0.0,12.0,7.128065720943248,0.0,0.0,0.0,2.0,0.06666666666666667,0.6666666666666666,-0.3333333333333333,-0.5761904761904761,17.0,0.004898705778366804,47.661764705882355,77.2,17.0,0.0,0.06666666666666667,0.0,0.2,0.7432843137254902,1.0,11.976343722282909,0.0,0.0,0.0,2.0,0.06666666666666667,0.13333333333333333,0.0,0.0,14.0,7.2064521805582284,0.0,0.0,0.0,2.0,0.06666666666666667,0.6,-0.4,-0.6251515151515151,17.0,0.032342277484616225,46.6764705882353,77.35,16.0,0.0,0.13333333333333333,0.0,0.13333333333333333,0.5639869281045752,1.0,10.30511062033745,0.0,0.0,0.0,2.0,0.06666666666666667,0.13333333333333333,0.0,0.0,24.0,0.04939572509115848,21.597916666666666,44.95,22.0,0.0,0.2,0.0,0.3333333333333333,0.7371626984126984,7.0,0.5381106994743865,15.299999999999999,29.65,6.0,0.0,0.06666666666666667,0.0,0.13333333333333333,0.6388888888888888,0.0,0.0,0.0,0.0,0.0,2.0,0.0,0.06666666666666667,0.0,0.0,12.0,0.13455209085127326,20.195833333333333,43.7,11.0,0.0,0.06666666666666667,0.0,0.26666666666666666,0.6839646464646465,7.0,0.4778535048286649,17.485714285714288,29.25,6.0,0.0,0.06666666666666667,0.0,0.06666666666666667,0.6951587301587303,2.0,0.175,21.0,1.6285714285714288,12.0,0.0,1.0,0.0,21.0,1.2,12.0,0.0,1.0,0.0,25.0,34.635999999999996,8.0,25.975,1.0,0.0,14.0,29.95357142857143,8.0,27.9125
rush_hour_seed1,rush_hour,1,414.25,429.25,150.0,4.445112470987599,17.813,78.0,2.75,1.0,13.878763981225202,0.0,0.0,0.0,1.0,0.06666666666666667,0.13333333333333333,0.0,0.0,13.0,7.481257574389583,0.0,0.0,0.0,1.0,0.13333333333333333,0.6,-0.26666666666666666,-0.4898333333333333,17.0,0.001937854305717512,48.661764705882355,78.2,17.0,0.0,0.06666666666666667,0.0,0.2,0.7516176470588235,1.0,10.613942911136828,0.0,0.0,0.0,1.0,0.06666666666666667,0.13333333333333333,0.0,0.0,14.0,7.358040568424312,0.0,0.0,0.0,1.0,0.13333333333333333,0.6,-0.26666666666666666,-0.4323809523809523,17.0,0.013309863072709607,47.61764705882353,78.35,16.0,0.0,0.06666666666666667,0.0,0.13333333333333333,0.7276348039215687,0.0,0.0,0.0,0.0,0.0,1.0,0.0,0.13333333333333333,0.0,0.0,24.0,0.10806891347211589,22.514583333333334,45.95,22.0,0.0,0.2,0.0,0.26666666666666666,0.7419246031746032,7.0,0.28779430586407084,16.157142857142855,30.65,6.0,0.0,0.06666666666666667,0.0,0.13333333333333333,0.6515873015873015,0.0,0.0,0.0,0.0,0.0,1.0,0.0,0.06666666666666667,0.0,0.0,13.0,0.141363166782836,19.48846153846154,44.7,11.0,0.0,0.13333333333333333,0.0,0.26666666666666666,0.5943822843822845,7.0,0.2414251084536066,18.342857142857145,30.25,6.0,0.0,0.06666666666666667,0.0,0.06666666666666667,0.696746031746032,2.0,0.675,22.0,1.8295454545454546,11.0,0.0,1.0,0.0,22.0,1.3795454545454544,11.0,0.0,1.0,0.0,25.0,35.596,8.0,26.85,1.0,0.0,14.0,30.860714285714288,8.0,28.7875
rush_hour_seed1,rush_hour,1,415.25,430.25,151.0,4.396718306254299,18.21324503311258,79.0,1.75,1.0,13.85568675830029,0.0,0.0,0.0,1.0,0.06666666666666667,0.2,0.0,0.0,14.0,6.8648947810922545,0.0,0.0,0.0,1.0,0.2,0.6,-0.13333333333333333,-0.2446666666666667,18.0,0.06565906356927226,46.90277777777778,79.2,17.0,0.0,0.06666666666666667,0.0,0.2,0.7260675381263615,1.0,11.981688748255838,0.0,0.0,0.0,1.0,0.06666666666666667,0.13333333333333333,0.0,0.0,13.0,7.507773173991039,0.0,0.0,0.0,1.0,0.13333333333333333,0.6,-0.2,-0.3446666666666667,17.0,0.0052317729958949845,48.5735294117647,79.35,17.0,0.0,0.06666666666666667,0.0,0.2,0.7330269607843135,0.0,0.0,0.0,0.0,0.0,1.0,0.0,0.2,0.0,0.0,24.0,0.17005625817149547,23.431250000000002,46.95,22.0,0.0,0.13333333333333333,0.0,0.26666666666666666,0.7829924242424243,7.0,0.13104287456782845,17.014285714285712,31.65,6.0,0.0,0.0,0.0,0.13333333333333333,0.7314285714285713,0.0,0.0,0.0,0.0,0.0,1.0,0.0,0.13333333333333333,0.0,0.0,13.0,0.29528839982216937,20.334615384615386,45.7,11.0,0.0,0.06666666666666667,0.0,0.2,0.6700854700854701,7.0,0.10948599847759068,19.2,31.25,6.0,0.0,0.0,0.0,0.06666666666666667,0.7814285714285715,2.0,1.175,22.0,2.147727272727273,12.0,0.0,2.0,0.0,23.0,1.5804347826086957,11.0,0.0,1.0,0.0,25.0,36.556,8.0,27.725,1.0,0.0,14.0,31.789285714285715,8.0,29.6625
rush_hour_seed1,rush_hour,1,416.25,431.25,150.0,4.161077995501248,18.867,80.0,0.75,1.0,13.85339706519735,0.0,0.0,0.0,1.0,0.06666666666666667,0.2,0.0,0.0,14.0,6.126716141683386,0.0,0.0,0.0,1.0,0.2,0.5333333333333333,-0.06666666666666667,-0.13105263157894737,18.0,0.18402680779562203,47.84722222222222,80.2,17.0,0.0,0.06666666666666667,0.0,0.2,0.7341285403050108,1.0,11.991290661573876,0.0,0.0,0.0,1.0,0.06666666666666667,0.13333333333333333,0.0,0.0,14.0,6.769588321014142,0.0,0.0,0.0,1.0,0.2,0.6,-0.13333333333333333,-0.233,18.0,0.0705636334285769,46.81944444444444,80.35,17.0,0.0,0.13333333333333333,0.0,0.2,0.5577546296296295,0.0,0.0,0.0,0.0,0.0,1.0,0.0,0.2,0.0,0.0,24.0,0.23846885987258978,24.383333333333336,47.95,23.0,0.0,0.13333333333333333,0.0,0.3333333333333333,0.791919191919192,7.0,0.05265042662480862,17.87142857142857,32.65,6.0,0.0,0.0,0.0,0.13333333333333333,0.7504761904761904,0.0,0.0,0.0,0.0,0.0,1.0,0.0,0.13333333333333333,0.0,0.0,13.0,0.44232213331415665,21.180769230769233,46.7,11.0,0.0,0.06666666666666667,0.0,0.2,0.6820512820512821,7.0,0.042219359219554047,20.057142857142857,32.25,6.0,0.0,0.0,0.0,0.06666666666666667,0.790952380952381,2.0,1.675,23.0,2.376086956521739,12.0,0.020833333333333332,2.0,0.3,23.0,1.8826086956521737,11.0,0.0,1.0,0.0,25.0,37.516,8.0,28.6,1.0,0.0,14.0,32.71785714285714,8.0,30.5375
rush_hour_seed1,rush_hour,1,417.25,432.25,150.0,4.011115273799908,18.328,80.0,11.75,1.0,13.848357241939521,0.0,0.0,0.0,0.0,0.06666666666666667,0.2,0.0,0.0,15.0,5.564469415491532,0.04666666666666666,0.7,1.0,0.0,0.26666666666666666,0.4666666666666667,0.06666666666666667,0.003111111111111111,18.0,0.3424405726505534,44.28055555555555,76.7,16.0,2.0,0.06666666666666667,0.0,0.06666666666666667,0.43811546840958565,1.0,11.973238894720561,0.0,0.0,0.0,0.0,0.06666666666666667,0.13333333333333333,0.0,0.0,15.0,6.00538347978702,0.0,0.0,0.0,0.0,0.26666666666666666,0.5333333333333333,0.0,0.0,18.0,0.21182411315304486,43.24444444444444,77.3,16.0,2.0,0.06666666666666667,0.0,0.13333333333333333,0.4153159041394332,0.0,0.0,0.0,0.0,0.0,0.0,0.0,0.13333333333333333,0.0,0.0,24.0,0.22281591726880498,25.34166666666667,48.95,23.0,0.0,0.13333333333333333,0.0,0.3333333333333333,0.8012626262626263,7.0,0.019624719881016474,18.728571428571428,33.65,6.0,0.0,0.0,0.0,0.13333333333333333,0.7695238095238095,0.0,0.0,0.0,0.0,0.0,0.0,0.0,0.13333333333333333,0.0,0.0,13.0,0.6128768190183091,22.103846153846156,47.7,12.0,0.0,0.06666666666666667,0.0,0.26666666666666666,0.6991452991452992,7.0,0.015583882630235604,20.914285714285715,33.25,6.0,0.0,0.0,0.0,0.06666666666666667,0.8004761904761906,2.0,0.0,23.0,2.7369565217391307,12.0,0.10416666666666667,2.0,0.0,24.0,2.095833333333333,12.0,0.0375,1.0,0.0,25.0,33.611999999999995,8.0,29.475,1.0,0.0,14.0,29.167857142857144,8.0,31.4125
rush_hour_seed1,rush_hour,1,418.25,433.25,148.0,3.8979672948929647,16.06756756756757,77.0,10.75,1.0,13.860408049924299,0.0,0.0,0.0,0.0,0.06666666666666667,0.13333333333333333,0.0,0.0,15.0,5.149092091631333,0.11333333333333333,1.7,1.0,0.0,0.26666666666666666,0.4666666666666667,0.06666666666666667,0.007555555555555555,17.0,0.5738784585355167,34.59705882352941,71.15,13.0,2.0,0.06666666666666667,0.06666666666666667,-0.13333333333333333,-0.2662745098039219,1.0,11.978772030912806,0.0,0.0,0.0,0.0,0.06666666666666667,0.13333333333333333,0.0,0.0,15.0,5.552732999450717,0.06333333333333332,0.95,1.0,0.0,0.26666666666666666,0.5333333333333333,0.06666666666666667,0.004222222222222222,17.0,0.4126014287231067,33.26764705882353,71.85,13.0,2.0,0.06666666666666667,0.06666666666666667,-0.06666666666666667,-0.30470588235294116,0.0,0.0,0.0,0.0,0.0,0.0,0.0,0.13333333333333333,0.0,0.0,24.0,0.14435567139461583,26.3,49.95,23.0,0.0,0.06666666666666667,0.0,0.26666666666666666,0.8508695652173912,7.0,0.007099946263579809,19.685714285714287,34.65,7.0,0.0,0.0,0.0,0.13333333333333333,0.7876190476190478,0.0,0.0,0.0,0.0,0.0,0.0,0.0,0.13333333333333333,0.0,0.0,13.0,0.7663463172320826,23.02692307692308,48.7,12.0,0.0,0.06666666666666667,0.0,0.26666666666666666,0.7162393162393165,7.0,0.005677743072035079,21.900000000000002,34.25,7.0,0.0,0.0,0.0,0.13333333333333333,0.8185714285714288,1.0,0.0,24.0,2.997916666666667,12.0,0.1875,1.0,0.0,25.0,2.316,12.0,0.12083333333333333,1.0,0.0,24.0,31.195833333333336,8.0,30.35,1.0,0.0,13.0,19.56153846153846,8.0,32.2875
rush_hour_seed1,rush_hour,1,419.25,434.25,149.0,3.891862622709315,15.031879194630873,75.0,9.75,1.0,13.888624479548307,0.0,0.0,0.0,0.0,0.06666666666666667,0.13333333333333333,0.0,0.0,16.0,4.768840801520999,0.1875,2.7,2.0,0.0,0.3333333333333333,0.4,0.13333333333333333,0.0125,17.0,0.9958411348181717,26.96764705882353,69.1,11.0,2.0,0.06666666666666667,0.06666666666666667,-0.26666666666666666,-0.8337254901960786,1.0,11.990005960268899,0.0,0.0,0.0,0.0,0.06666666666666667,0.13333333333333333,0.0,0.0,16.0,5.17145159033576,0.121875,1.95,1.0,0.0,0.3333333333333333,0.4666666666666667,0.06666666666666667,0.008125,17.0,0.7613352898661672,29.74705882352941,70.6,12.0,2.0,0.06666666666666667,0.06666666666666667,-0.2,-0.5958823529411766,1.0,11.979222858343274,0.0,0.0,0.0,0.0,0.06666666666666667,0.13333333333333333,0.0,0.0,24.0,0.08676727791464361,27.258333333333336,50.95,23.0,0.0,0.06666666666666667,0.0,0.26666666666666666,0.8596859903381644,7.0,0.0025998444986756043,20.685714285714287,35.65,7.0,0.0,0.0,0.0,0.13333333333333333,0.8066666666666668,0.0,0.0,0.0,0.0,0.0,0.0,0.0,0.13333333333333333,0.0,0.0,13.0,0.9368956357582203,23.950000000000003,49.7,12.0,0.0,0.06666666666666667,0.0,0.2,0.7302777777777778,7.0,0.0020871657781155904,22.900000000000002,35.25,7.0,0.0,0.0,0.0,0.13333333333333333,0.8376190476190478,1.0,0.0,24.0,3.404166666666667,12.0,0.2708333333333333,1.0,0.0,25.0,2.64,12.0,0.2041666666666667,0.0,0.0,24.0,27.520833333333332,8.0,31.225,1.0,0.0,13.0,13.215384615384616,8.0,33.1625
rush_hour_seed1,rush_hour,1,420.25,435.25,150.0,3.84644785498986,13.559333333333335,71.0,8.75,1.0,13.83544007936027,0.0,0.0,0.0,0.0,0.06666666666666667,0.13333333333333333,0.0,0.0,17.0,4.442067431958076,0.29411764705882354,3.7,2.0,0.0,0.4,0.3333333333333333,0.13333333333333333,0.0196078431372549,16.0,1.232259188520109,20.671875,67.1,9.0,2.0,0.06666666666666667,0.13333333333333333,-0.4,-1.3122671568627453,1.0,11.979347900014837,0.0,0.0,0.0,0.0,0.06666666666666667,0.13333333333333333,0.0,0.0,17.0,4.831852417118014,0.1735294117647059,2.95,1.0,0.0,0.4,0.4,0.06666666666666667,0.011568627450980393,17.0,1.2242852017874535,22.091176470588238,69.1,10.0,2.0,0.06666666666666667,0.06666666666666667,-0.3333333333333333,-1.1650980392156858,1.0,11.990559563131537,0.0,0.0,0.0,0.0,0.06666666666666667,0.13333333333333333,0.0,0.0,24.0,0.04689434501196831,28.21666666666667,51.95,23.0,0.0,0.06666666666666667,0.0,0.2,0.866473429951691,8.0,0.06402397076974642,18.975,36.65,7.0,0.0,0.06666666666666667,0.0,0.13333333333333333,0.6450000000000001,0.0,0.0,0.0,0.0,0.0,0.0,0.0,0.13333333333333333,0.0,0.0,13.0,1.0921578606973592,24.873076923076926,50.7,12.0,0.0,0.06666666666666667,0.0,0.2,0.7418162393162394,7.0,0.0007582471321496254,23.900000000000002,36.25,7.0,0.0,0.0,0.0,0.13333333333333333,0.8566666666666669,1.0,0.0,25.0,3.708,12.0,0.3625,1.0,0.0,25.0,3.002,12.0,0.28750000000000003,0.0,0.0,23.0,25.069565217391304,8.0,32.1,1.0,0.0,13.0,8.203846153846154,8.0,34.0375
rush_hour_seed1,rush_hour,1,421.25,436.25,150.0,3.9062101144435686,12.656666666666666,68.0,7.75,1.0,13.832875633887015,0.0,0.0,0.0,0.0,0.06666666666666667,0.13333333333333333,0.0,0.0,17.0,4.132059124047871,0.4117647058823529,4.7,2.0,0.0,0.4,0.3333333333333333,0.13333333333333333,0.027450980392156862,16.0,1.5320723395786149,16.978125000000002,63.75,8.0,2.0,0.06666666666666667,0.13333333333333333,-0.4666666666666667,-1.6173406862745099,1.0,11.98786762151867,0.0,0.0,0.0,0.0,0.06666666666666667,0.13333333333333333,0.0,0.0,17.0,4.493614596034562,0.2323529411764706,3.95,1.0,0.0,0.4,0.4,0.06666666666666667,0.015490196078431374,16.0,1.5167154117867596,15.453125,60.05,8.0,2.0,0.06666666666666667,0.13333333333333333,-0.4666666666666667,-1.6664583333333332,1.0,11.999450574740768,0.0,0.0,0.0,0.0,0.06666666666666667,0.13333333333333333,0.0,0.0,24.0,0.023794485510298957,29.175,52.95,23.0,0.0,0.06666666666666667,0.0,0.2,0.872391304347826,8.0,0.3148908981235468,19.85,37.65,7.0,0.0,0.06666666666666667,0.0,0.13333333333333333,0.6557142857142858,1.0,10.597157515532276,0.0,0.0,0.0,0.0,0.06666666666666667,0.13333333333333333,0.0,0.0,13.0,1.2548806966711163,25.79615384615385,51.7,12.0,0.0,0.06666666666666667,0.0,0.2,0.7533547008547009,7.0,0.0002729609686882763,24.900000000000002,37.25,7.0,0.0,0.0,0.0,0.13333333333333333,0.8757142857142859,1.0,0.0,25.0,4.166,12.0,0.5291666666666667,1.0,0.0,26.0,3.271153846153846,12.0,0.39999999999999997,0.0,0.0,23.0,21.534782608695654,8.0,32.975,1.0,0.0,12.0,6.591666666666666,8.0,34.9125
rush_hour_seed1,rush_hour,1,422.25,437.25,151.0,3.8324158770701118,11.829470198675496,67.0,6.75,1.0,13.869647733756574,0.0,0.0,0.0,0.0,0.06666666666666667,0.13333333333333333,0.0,0.0,18.0,3.8108487912418423,0.5083333333333333,5.7,3.0,0.0,0.4666666666666667,0.26666666666666666,0.2,0.033888888888888885,15.0,1.6556702837944983,10.646666666666668,47.0,6.0,2.0,0.06666666666666667,0.2,-0.6,-2.098261437908497,1.0,11.97287047383841,0.0,0.0,0.0,0.0,0.06666666666666667,0.06666666666666667,0.0,0.0,18.0,4.208955228847763,0.30833333333333335,4.95,2.0,0.0,0.4666666666666667,0.3333333333333333,0.13333333333333333,0.020555555555555556,16.0,1.8515779713046123,12.1375,52.5,7.0,2.0,0.06666666666666667,0.13333333333333333,-0.5333333333333333,-1.9463235294117645,1.0,11.99525168158114,0.0,0.0,0.0,0.0,0.06666666666666667,0.13333333333333333,0.0,0.0,24.0,0.011464210042318646,30.133333333333336,53.95,23.0,0.0,0.06666666666666667,0.0,0.2,0.8783091787439616,8.0,0.533270902006435,20.725,38.65,7.0,0.0,0.06666666666666667,0.0,0.13333333333333333,0.6664285714285716,1.0,10.576644699201392,0.0,0.0,0.0,0.0,0.06666666666666667,0.13333333333333333,0.0,0.0,13.0,1.0850735215128366,26.71923076923077,52.7,12.0,0.0,0.06666666666666667,0.0,0.2,0.7648931623931623,8.0,0.12890009804728414,22.6625,38.25,7.0,0.0,0.06666666666666667,0.0,0.13333333333333333,0.6789285714285715,1.0,0.0,25.0,4.646,12.0,0.75,1.0,0.0,27.0,3.5425925925925927,12.0,0.5666666666666668,0.0,0.0,22.0,21.004545454545454,8.0,33.85,0.0,0.0,11.0,2.6999999999999997,8.0,35.7875
rush_hour_seed1,rush_hour,1,423.25,438.25,149.0,3.723787511752922,11.18758389261745,63.0,5.75,1.0,13.825530397773255,0.0,0.0,0.0,0.0,0.06666666666666667,0.13333333333333333,0.0,0.0,18.0,3.5353669556877896,0.675,6.7,3.0,0.0,0.4666666666666667,0.2,0.2,0.045000000000000005,15.0,2.2367684377598125,5.19,31.8,4.0,2.0,0.06666666666666667,0.2,-0.7333333333333333,-2.52086274509804,1.0,11.976410090660211,0.0,0.0,0.0,0.0,0.06666666666666667,0.06666666666666667,0.0,0.0,19.0,3.9189436880959048,0.3973684210526316,5.95,2.0,0.0,0.5333333333333333,0.3333333333333333,0.13333333333333333,0.02649122807017544,15.0,1.9574773567010537,6.85,36.35,5.0,2.0,0.06666666666666667,0.2,-0.6666666666666666,-2.357647058823529,1.0,11.997418314639944,0.0,0.0,0.0,0.0,0.06666666666666667,0.13333333333333333,0.0,0.0,24.0,0.0053689663935893904,31.09166666666667,54.95,23.0,0.0,0.06666666666666667,0.0,0.13333333333333333,0.8827777777777778,8.0,0.7946412038347772,21.6,39.65,7.0,0.0,0.06666666666666667,0.0,0.13333333333333333,0.6771428571428574,1.0,10.597047144010835,0.0,0.0,0.0,0.0,0.06666666666666667,0.06666666666666667,0.0,0.0,13.0,0.7705872754461379,27.642307692307693,53.7,12.0,0.0,0.06666666666666667,0.0,0.2,0.7764316239316238,8.0,0.39805781755123976,23.5375,39.25,7.0,0.0,0.06666666666666667,0.0,0.06666666666666667,0.6891666666666667,1.0,0.0,26.0,4.938461538461539,12.0,1.0,1.0,0.0,27.0,3.968518518518519,12.0,0.75,1.0,0.0,21.0,18.19047619047619,8.0,34.78125,0.0,0.0,11.0,0.0,8.0,36.6625
rush_hour_seed1,rush_hour,1,424.25,439.25,148.0,3.7198524417111023,11.027364864864865,63.0,4.75,1.0,13.871348126833327,0.0,0.0,0.0,0.0,0.06666666666666667,0.06666666666666667,0.0,0.0,19.0,3.2339926278580227,0.7999999999999999,7.7,4.0,0.0,0.5333333333333333,0.2,0.26666666666666666,0.05333333333333333,14.0,2.5102612444348944,3.503571428571429,22.85,3.0,2.0,0.06666666666666667,0.26666666666666666,-0.8,-2.692114845938376,1.0,11.98001719839871,0.0,0.0,0.0,0.0,0.06666666666666667,0.06666666666666667,0.0,0.0,19.0,3.663466543540459,0.5236842105263159,6.95,3.0,0.0,0.5333333333333333,0.26666666666666666,0.2,0.03491228070175439,14.0,2.10692817482909,2.9642857142857144,20.4,3.0,2.0,0.06666666666666667,0.26666666666666666,-0.8,-2.675518207282913,1.0,11.99342878122814,0.0,0.0,0.0,0.0,0.06666666666666667,0.13333333333333333,0.0,0.0,24.0,0.0024636602090487825,32.079166666666666,55.95,24.0,0.0,0.06666666666666667,0.0,0.2,0.8877415458937198,8.0,1.0134598814806877,22.475,40.65,7.0,0.0,0.06666666666666667,0.0,0.13333333333333333,0.687857142857143,1.0,10.59709614277625,0.0,0.0,0.0,0.0,0.06666666666666667,0.06666666666666667,0.0,0.0,13.0,0.48712799634966986,28.565384615384616,54.7,12.0,0.0,0.06666666666666667,0.0,0.2,0.7879700854700855,8.0,0.6337260149513999,24.4125,40.25,7.0,0.0,0.06666666666666667,0.0,0.06666666666666667,0.6903571428571429,1.0,0.0,27.0,5.2555555555555555,12.0,1.3041666666666667,1.0,0.0,27.0,4.412962962962963,12.0,1.0,1.0,0.0,22.0,15.781818181818181,8.0,35.78125,0.0,0.0,10.0,0.0,8.0,37.625
rush_hour_seed1,rush_hour,1,425.25,440.25,149.0,3.744160091039896,10.965771812080538,60.0,3.75,1.0,12.076072861482519,0.0,0.0,0.0,0.0,0.06666666666666667,0.06666666666666667,0.0,0.0,20.0,2.9914946680793473,0.96,8.7,4.0,0.0,0.6,0.13333333333333333,0.26666666666666666,0.064,14.0,3.21210553803376,0.8785714285714287,12.3,1.0,2.0,0.06666666666666667,0.26666666666666666,-1.0,-2.929467787114846,1.0,11.996303549821024,0.0,0.0,0.0,0.0,0.06666666666666667,0.06666666666666667,0.0,0.0,20.0,3.4353859681277896,0.6475,7.95,3.0,0.0,0.5333333333333333,0.26666666666666666,0.2,0.043166666666666666,14.0,2.678831770652245,1.6500000000000001,12.85,2.0,2.0,0.06666666666666667,0.26666666666666666,-0.8666666666666667,-2.8219607843137253,1.0,11.989595457245596,0.0,0.0,0.0,0.0,0.06666666666666667,0.13333333333333333,0.0,0.0,24.0,0.0011244537964796315,33.079166666666666,56.95,24.0,0.0,0.06666666666666667,0.0,0.2,0.893538647342995,8.0,1.2391042152317195,23.35,41.65,7.0,0.0,0.06666666666666667,0.0,0.13333333333333333,0.6985714285714287,1.0,10.590720521572916,0.0,0.0,0.0,0.0,0.06666666666666667,0.06666666666666667,0.0,0.0,13.0,0.2610588063503006,29.48846153846154,55.7,12.0,0.0,0.06666666666666667,0.0,0.13333333333333333,0.7981196581196582,8.0,0.8868900480224476,25.2875,41.25,7.0,0.0,0.06666666666666667,0.0,0.06666666666666667,0.6915476190476191,1.0,0.0,27.0,5.774074074074075,12.0,1.6375,1.0,0.0,28.0,4.698214285714286,12.0,1.2833333333333332,1.0,0.0,21.0,12.788095238095238,9.0,32.69444444444444,0.0,0.0,9.0,0.0,8.0,38.625
rush_hour_seed1,rush_hour,1,426.25,441.25,150.0,3.802098269403782,11.045,59.0,2.75,1.0,7.577988593176634,0.0,0.0,0.0,0.0,0.06666666666666667,0.06666666666666667,0.0,0.0,20.0,2.809966435657028,1.1975,9.7,5.0,0.0,0.5333333333333333,0.06666666666666667,0.3333333333333333,0.07983333333333334,13.0,3.512963577393339,0.0,0.0,0.0,2.0,0.06666666666666667,0.3333333333333333,-1.0666666666666667,-3.0507843137254906,1.0,11.974686184327584,0.0,0.0,0.0,0.0,0.06666666666666667,0.06666666666666667,0.0,0.0,20.0,3.1999545471338857,0.8225,8.95,4.0,0.0,0.5333333333333333,0.2,0.26666666666666666,0.05483333333333333,13.0,2.9261767448732554,0.0,0.0,0.0,2.0,0.06666666666666667,0.3333333333333333,-1.0,-2.99078431372549,1.0,11.975235582967288,0.0,0.0,0.0,0.0,0.06666666666666667,0.13333333333333333,0.0,0.0,25.0,0.05291961367276115,32.716,57.95,24.0,0.0,0.13333333333333333,0.0,0.13333333333333333,0.8061391304347827,8.0,1.4865261089997015,24.225,42.65,7.0,0.0,0.06666666666666667,0.0,0.13333333333333333,0.7092857142857144,1.0,10.608055670300205,0.0,0.0,0.0,0.0,0.06666666666666667,0.06666666666666667,0.0,0.0,13.0,0.11542713750116249,30.411538461538463,56.7,12.0,0.0,0.06666666666666667,0.0,0.06666666666666667,0.8032692307692308,8.0,1.1533718653493603,26.1625,42.25,7.0,0.0,0.06666666666666667,0.0,0.06666666666666667,0.6927380952380953,1.0,0.0,27.0,6.322222222222222,12.0,2.0416666666666665,1.0,0.0,28.0,5.1625000000000005,12.0,1.6166666666666665,1.0,0.0,20.0,11.685,9.0,33.583333333333336,1.0,0.0,8.0,0.0,8.0,39.625
rush_hour_seed1,rush_hour,1,427.25,442.25,149.0,3.7931354039455263,11.515100671140939,59.0,1.75,1.0,3.0779885931766393,0.0,0.0,0.0,0.0,0.06666666666666667,0.06666666666666667,0.0,0.0,20.0,2.5687197522316496,1.4475,10.7,5.0,0.0,0.5333333333333333,0.06666666666666667,0.3333333333333333,0.0965,12.0,3.860677913372562,0.0,0.0,0.0,2.0,0.06666666666666667,0.4,-1.0666666666666667,-3.113529411764706,1.0,11.974453639956192,0.0,0.0,0.0,0.0,0.06666666666666667,0.06666666666666667,0.0,0.0,21.0,2.9936734935231057,0.9738095238095238,9.95,4.0,0.0,0.6,0.13333333333333333,0.26666666666666666,0.06492063492063492,13.0,3.6403424512989115,0.0,0.0,0.0,2.0,0.06666666666666667,0.3333333333333333,-1.0,-3.0496078431372546,1.0,11.990713676204905,0.0,0.0,0.0,0.0,0.06666666666666667,0.13333333333333333,0.0,0.0,25.0,0.1465473304263213,33.676,58.95,24.0,0.0,0.13333333333333333,0.0,0.13333333333333333,0.8063710144927536,8.0,1.7257699533386177,25.1,43.65,7.0,0.0,0.06666666666666667,0.0,0.06666666666666667,0.7104761904761907,1.0,10.615229987029856,0.0,0.0,0.0,0.0,0.06666666666666667,0.06666666666666667,0.0,0.0,13.0,0.03920560285809383,31.334615384615386,57.7,12.0,0.0,0.06666666666666667,0.0,0.06666666666666667,0.8036965811965814,8.0,1.4319160220280773,27.0375,43.25,7.0,0.0,0.06666666666666667,0.0,0.06666666666666667,0.6939285714285715,1.0,0.0,28.0,6.632142857142857,12.0,2.475,1.0,0.0,28.0,5.6625000000000005,12.0,2.0083333333333333,1.0,0.0,20.0,7.9350000000000005,9.0,34.47222222222222,1.0,0.0,9.0,0.0,8.0,40.625
rush_hour_seed1,rush_hour,1,428.25,443.25,149.0,3.7017894159610116,11.92013422818792,62.0,0.75,2.0,1.065800371930273,0.175,0.35,1.0,0.0,0.13333333333333333,0.0,0.06666666666666667,0.011666666666666665,21.0,2.3873267141594,1.6285714285714288,11.7,6.0,0.0,0.6,0.0,0.4,0.10857142857142858,12.0,4.627149229931837,0.0,0.0,0.0,2.0,0.06666666666666667,0.4,-1.1333333333333333,-3.177450980392157,1.0,9.763905669369716,0.0,0.0,0.0,0.0,0.06666666666666667,0.06666666666666667,0.0,0.0,21.0,2.7763243118329575,1.2,10.95,5.0,0.0,0.6,0.13333333333333333,0.3333333333333333,0.08,12.0,4.003419706760324,0.0,0.0,0.0,2.0,0.06666666666666667,0.4,-1.0666666666666667,-3.111764705882353,1.0,11.98768663308816,0.0,0.0,0.0,0.0,0.06666666666666667,0.06666666666666667,0.0,0.0,25.0,0.23172242609276097,34.635999999999996,59.95,24.0,0.0,0.06666666666666667,0.0,0.13333333333333333,0.8692055555555552,8.0,1.7326941743084172,25.975,44.65,7.0,0.0,0.06666666666666667,0.0,0.06666666666666667,0.7116666666666668,1.0,10.60934297419892,0.0,0.0,0.0,0.0,0.06666666666666667,0.0,0.0,0.0,14.0,0.09751704278701114,29.95357142857143,58.7,12.0,0.0,0.13333333333333333,0.0,0.06666666666666667,0.6505158730158731,8.0,1.648920352205258,27.9125,44.25,7.0,0.0,0.06666666666666667,0.0,0.06666666666666667,0.6951190476190476,1.0,0.0,28.0,7.196428571428571,12.0,2.975,1.0,0.0,29.0,5.98448275862069,12.0,2.433333333333333,1.0,0.0,19.0,6.631578947368421,9.0,35.361111111111114,1.0,0.0,8.0,0.0,8.0,41.625
rush_hour_seed1,rush_hour,1,429.25,444.25,150.0,3.6863280596666983,12.26,65.0,2.75,2.0,2.070348468901575,0.675,1.35,1.0,0.0,0.06666666666666667,0.0,0.06666666666666667,0.045000000000000005,22.0,2.2252469981744456,1.8295454545454546,12.7,7.0,0.0,0.6,0.0,0.4666666666666667,0.12196969696969698,11.0,4.893229449194215,0.0,0.0,0.0,1.0,0.06666666666666667,0.4666666666666667,-1.1333333333333333,-3.2441176470588236,1.0,5.766896314556525,0.0,0.0,0.0,0.0,0.06666666666666667,0.06666666666666667,0.0,0.0,22.0,2.5669046644028843,1.3795454545454544,11.95,6.0,0.0,0.6,0.06666666666666667,0.4,0.09196969696969697,11.0,4.406754862893463,0.0,0.0,0.0,1.0,0.06666666666666667,0.4666666666666667,-1.0666666666666667,-3.1745098039215685,1.0,11.987341586966068,0.0,0.0,0.0,0.0,0.06666666666666667,0.0,0.0,0.0,25.0,0.19650755215287796,35.596,60.95,24.0,0.0,0.06666666666666667,0.0,0.13333333333333333,0.8720944444444442,8.0,1.7330159732121684,26.85,45.65,7.0,0.0,0.06666666666666667,0.0,0.06666666666666667,0.7128571428571431,1.0,10.591085998244056,0.0,0.0,0.0,0.0,0.06666666666666667,0.0,0.0,0.0,14.0,0.2339015843436318,30.860714285714288,59.7,13.0,0.0,0.06666666666666667,0.0,0.13333333333333333,0.7581501831501832,8.0,1.652277571813293,28.7875,45.25,7.0,0.0,0.06666666666666667,0.0,0.06666666666666667,0.6963095238095237,1.0,0.0,28.0,7.796428571428572,13.0,3.2576923076923077,2.0,0.0,29.0,6.5344827586206895,12.0,2.9333333333333336,1.0,0.0,19.0,3.194736842105263,9.0,36.25,1.0,0.0,7.0,0.0,9.0,37.888888888888886
rush_hour_seed1,rush_hour,1,430.25,445.25,150.0,3.4920027447037842,12.693333333333333,65.0,1.75,2.0,3.0708295349236443,1.175,2.35,1.0,0.0,0.06666666666666667,0.0,0.06666666666666667,0.07833333333333334,22.0,2.0597222356107046,2.147727272727273,13.7,7.0,0.0,0.5333333333333333,0.0,0.4666666666666667,0.1431818181818182,12.0,4.519115635995288,0.0,0.0,0.0,1.0,0.06666666666666667,0.4666666666666667,-1.1333333333333333,-3.126851851851852,2.0,4.0465537576955235,0.0,0.0,0.0,0.0,0.06666666666666667,0.0,0.0,0.0,23.0,2.397238414277662,1.5804347826086957,12.95,6.0,0.0,0.6666666666666666,0.0,0.4,0.10536231884057971,11.0,4.863038913944412,0.0,0.0,0.0,1.0,0.06666666666666667,0.4666666666666667,-1.1333333333333333,-3.2382352941176467,1.0,11.970071346969343,0.0,0.0,0.0,0.0,0.06666666666666667,0.0,0.0,0.0,25.0,0.09761665374956437,36.556,61.95,24.0,0.0,0.06666666666666667,0.0,0.13333333333333333,0.874983333333333,8.0,1.6417092754848726,27.725,46.65,7.0,0.0,0.06666666666666667,0.0,0.06666666666666667,0.7140476190476193,1.0,10.597239093877546,0.0,0.0,0.0,0.0,0.06666666666666667,0.0,0.0,0.0,14.0,0.37475353832883707,31.789285714285715,60.7,13.0,0.0,0.06666666666666667,0.0,0.13333333333333333,0.7636446886446886,8.0,1.6534962964426692,29.6625,46.25,7.0,0.0,0.06666666666666667,0.0,0.06666666666666667,0.6975000000000001,1.0,0.0,28.0,8.403571428571428,13.0,3.7961538461538464,2.0,0.0,30.0,6.88,12.0,3.483333333333333,1.0,0.0,19.0,1.8184210526315787,9.0,37.138888888888886,1.0,0.0,7.0,0.0,9.0,38.77777777777778
rush_hour_seed1,rush_hour,1,431.25,446.25,149.0,3.2468518069976757,13.229530201342282,69.0,0.75,2.0,3.987966101478773,1.675,3.35,1.0,0.0,0.06666666666666667,0.0,0.06666666666666667,0.11166666666666666,23.0,1.9235588752745476,2.376086956521739,14.7,8.0,0.0,0.6,0.0,0.5333333333333333,0.15840579710144928,12.0,4.155485056689144,0.020833333333333332,0.25,1.0,1.0,0.06666666666666667,0.4666666666666667,-1.0666666666666667,-3.1884259259259258,2.0,4.000154721826914,0.3,0.6,1.0,0.0,0.06666666666666667,0.0,0.06666666666666667,0.02,23.0,2.22391847747626,1.8826086956521737,13.95,7.0,0.0,0.6,0.0,0.4666666666666667,0.12550724637681157,11.0,4.234781597206159,0.0,0.0,0.0,1.0,0.0,0.4666666666666667,-1.1333333333333333,-3.121296296296296,1.0,11.970446190533695,0.0,0.0,0.0,0.0,0.06666666666666667,0.0,0.0,0.0,25.0,0.03794379251428121,37.516,62.95,24.0,0.0,0.06666666666666667,0.0,0.06666666666666667,0.8755111111111108,8.0,1.2301226118003377,28.6,47.65,7.0,0.0,0.06666666666666667,0.0,0.06666666666666667,0.7152380952380955,1.0,10.598971689803697,0.0,0.0,0.0,0.0,0.06666666666666667,0.0,0.0,0.0,14.0,0.5259464374545225,32.71785714285714,61.7,13.0,0.0,0.06666666666666667,0.0,0.13333333333333333,0.769139194139194,8.0,1.655551275061533,30.5375,47.25,7.0,0.0,0.06666666666666667,0.0,0.06666666666666667,0.6986904761904763,1.0,0.0,29.0,8.727586206896552,13.0,4.365384615384615,2.0,0.0,30.0,7.4766666666666675,12.0,4.070833333333334,1.0,0.0,19.0,0.781578947368421,9.0,38.02777777777778,1.0,0.0,6.0,0.0,9.0,39.666666666666664
rush_hour_seed1,rush_hour,1,432.25,447.25,149.0,3.081068866810248,12.420805369127518,66.0,29.75,2.0,5.2799275647078,0.0,0.0,0.0,2.0,0.06666666666666667,0.0,0.0,0.0,23.0,1.7812516030203853,2.7369565217391307,15.7,9.0,0.0,0.5333333333333333,0.0,0.5333333333333333,0.1793526570048309,12.0,4.044220973596118,0.10416666666666667,1.25,1.0,0.0,0.06666666666666667,0.4666666666666667,-1.0,-2.9450925925925926,2.0,5.08606211755603,0.0,0.0,0.0,2.0,0.06666666666666667,0.0,0.0,0.0,24.0,2.0583559003574754,2.095833333333333,14.95,7.0,0.0,0.6,0.0,0.4666666666666667,0.13972222222222222,12.0,3.892410939691714,0.0375,0.45,1.0,0.0,0.06666666666666667,0.4666666666666667,-1.0,-2.880462962962963,1.0,11.982779192766175,0.0,0.0,0.0,2.0,0.06666666666666667,0.0,0.0,0.0,25.0,0.05643553215354444,33.611999999999995,56.85,22.0,2.0,0.06666666666666667,0.0,-0.06666666666666667,0.551355555555555,8.0,0.8578187186188045,29.475,48.65,7.0,0.0,0.06666666666666667,0.0,0.06666666666666667,0.7164285714285715,1.0,10.613577481989454,0.0,0.0,0.0,2.0,0.06666666666666667,0.0,0.0,0.0,14.0,0.7126076820387233,29.167857142857144,58.35,12.0,2.0,0.06666666666666667,0.0,0.0,0.4709340659340659,8.0,1.652327899794184,31.4125,48.25,7.0,0.0,0.06666666666666667,0.0,0.06666666666666667,0.6998809523809525,1.0,0.0,29.0,9.348275862068967,13.0,4.980769230769231,1.0,0.0,30.0,8.095,13.0,4.3730769230769235,1.0,0.0,18.0,0.0,9.0,38.916666666666664,1.0,0.0,5.0,0.0,9.0,40.55555555555556
rush_hour_seed1,rush_hour,1,433.25,448.25,150.0,3.016485267436483,10.917666666666667,63.0,28.75,1.0,12.224782587930546,0.0,0.0,0.0,2.0,0.06666666666666667,0.06666666666666667,0.0,0.0,24.0,1.6202318535007476,2.997916666666667,16.7,9.0,0.0,0.6,0.0,0.5333333333333333,0.19230555555555556,12.0,3.9052537174785136,0.1875,2.25,1.0,0.0,0.06666666666666667,0.4,-0.8,-2.293970588235294,1.0,11.01731681954194,0.0,0.0,0.0,2.0,0.06666666666666667,0.06666666666666667,0.0,0.0,25.0,1.9069221345090228,2.316,15.95,8.0,0.0,0.6666666666666666,0.0,0.4666666666666667,0.15017777777777777,12.0,3.7635121915507814,0.12083333333333333,1.45,1.0,0.0,0.06666666666666667,0.4,-0.8,-2.2097875816993464,1.0,10.428422367498374,0.0,0.0,0.0,2.0,0.06666666666666667,0.0,0.0,0.0,24.0,0.13666363844053978,31.195833333333336,54.2,21.0,2.0,0.06666666666666667,0.06666666666666667,-0.13333333333333333,0.32638888888888906,8.0,0.5434638461667816,30.35,49.65,7.0,0.0,0.06666666666666667,0.0,0.0,0.710952380952381,1.0,10.60662503484677,0.0,0.0,0.0,2.0,0.06666666666666667,0.0,0.0,0.0,13.0,1.022815670302853,19.56153846153846,45.35,9.0,2.0,0.06666666666666667,0.06666666666666667,-0.2,-0.23102564102564122,8.0,1.2475836901123833,32.2875,49.25,7.0,0.0,0.06666666666666667,0.0,0.0,0.6925,1.0,0.0,30.0,9.675,13.0,5.623076923076923,1.0,0.0,31.0,8.464516129032257,13.0,5.0346153846153845,1.0,0.0,18.0,0.0,9.0,39.80555555555556,1.0,0.0,5.0,0.0,9.0,41.44444444444444
rush_hour_seed1,rush_hour,1,434.25,449.25,148.0,2.9003381647232183,10.14054054054054,61.0,27.75,1.0,14.335351396046564,0.0,0.0,0.0,2.0,0.06666666666666667,0.06666666666666667,0.0,0.0,24.0,1.513056088275185,3.404166666666667,17.7,10.0,0.0,0.5333333333333333,0.0,0.5333333333333333,0.21444444444444447,12.0,3.379056260027642,0.2708333333333333,3.25,1.0,0.0,0.06666666666666667,0.4,-0.6666666666666666,-1.7797875816993465,1.0,11.016691768428627,0.0,0.0,0.0,2.0,0.06666666666666667,0.06666666666666667,0.0,0.0,25.0,1.7919521205680005,2.64,16.95,9.0,0.0,0.6,0.0,0.5333333333333333,0.167875,12.0,3.6237576005851704,0.2041666666666667,2.45,1.0,0.0,0.06666666666666667,0.4,-0.7333333333333333,-1.9695261437908498,0.0,0.0,0.0,0.0,0.0,2.0,0.0,0.06666666666666667,0.0,0.0,24.0,0.36389766789766237,27.520833333333332,51.75,19.0,2.0,0.06666666666666667,0.06666666666666667,-0.26666666666666666,0.017499999999999717,8.0,0.3009014646942355,31.225,50.65,7.0,0.0,0.06666666666666667,0.0,0.0,0.7026190476190476,1.0,10.61316746531444,0.0,0.0,0.0,2.0,0.06666666666666667,0.0,0.0,0.0,13.0,1.5033112694576816,13.215384615384616,36.05,7.0,2.0,0.06666666666666667,0.06666666666666667,-0.3333333333333333,-0.7156410256410257,8.0,0.7980910952138982,33.1625,50.25,7.0,0.0,0.06666666666666667,0.0,0.0,0.6841666666666666,1.0,0.0,30.0,10.341666666666667,13.0,6.315384615384615,1.0,0.0,31.0,9.116129032258065,13.0,5.7423076923076914,1.0,0.0,17.0,0.0,9.0,40.69444444444444,1.0,0.0,4.0,0.0,9.0,42.333333333333336
rush_hour_seed1,rush_hour,1,435.25,450.25,148.0,2.8532041660343035,9.377702702702702,60.0,26.75,1.0,15.918224927981976,0.0,0.0,0.0,2.0,0.06666666666666667,0.06666666666666667,0.0,0.0,25.0,1.3977890865173672,3.708,18.7,11.0,0.0,0.5333333333333333,0.0,0.6,0.22759215686274512,12.0,2.892221980814107,0.3625,4.25,2.0,0.0,0.06666666666666667,0.3333333333333333,-0.4666666666666667,-1.3539583333333334,1.0,11.007957001033557,0.0,0.0,0.0,2.0,0.06666666666666667,0.06666666666666667,0.0,0.0,25.0,1.632037792869398,3.002,17.95,10.0,0.0,0.5333333333333333,0.0,0.6,0.18856470588235294,12.0,3.470060452446198,0.28750000000000003,3.45,1.0,0.0,0.06666666666666667,0.4,-0.6,-1.453578431372549,0.0,0.0,0.0,0.0,0.0,2.0,0.0,0.06666666666666667,0.0,0.0,23.0,0.47855606059579,25.069565217391304,48.7,17.0,2.0,0.06666666666666667,0.13333333333333333,-0.4,-0.20980676328502432,8.0,0.1450971024677606,32.1,51.65,7.0,0.0,0.0,0.0,0.0,0.875,1.0,10.586854450238574,0.0,0.0,0.0,2.0,0.06666666666666667,0.0,0.0,0.0,13.0,2.0751356417994975,8.203846153846154,31.55,5.0,2.0,0.06666666666666667,0.06666666666666667,-0.4666666666666667,-1.1112820512820514,8.0,0.43284099853385133,34.0375,51.25,7.0,0.0,0.06666666666666667,0.0,0.0,0.6758333333333333,1.0,0.0,30.0,11.038333333333332,13.0,7.0807692307692305,1.0,0.0,31.0,9.793548387096775,13.0,6.511538461538461,1.0,0.0,16.0,0.0,9.0,41.583333333333336,1.0,0.0,3.0,0.0,9.0,43.22222222222222
rush_hour_seed1,rush_hour,1,436.25,451.25,149.0,2.901812752647811,8.84463087248322,59.0,25.75,1.0,15.832388500379059,0.0,0.0,0.0,2.0,0.06666666666666667,0.06666666666666667,0.0,0.0,25.0,1.2860920654974022,4.166,19.7,12.0,0.0,0.5333333333333333,0.0,0.6666666666666666,0.2502823529411765,12.0,2.453266936583337,0.5291666666666667,5.25,2.0,0.0,0.06666666666666667,0.3333333333333333,-0.4,-1.0965972222222224,1.0,11.012887463139688,0.0,0.0,0.0,2.0,0.06666666666666667,0.06666666666666667,0.0,0.0,26.0,1.4872332328803837,3.271153846153846,18.95,10.0,0.0,0.6,0.0,0.6,0.2025867269984917,12.0,3.2685193386810947,0.39999999999999997,4.45,2.0,0.0,0.06666666666666667,0.3333333333333333,-0.4,-1.0035416666666666,0.0,0.0,0.0,0.0,0.0,2.0,0.0,0.06666666666666667,0.0,0.0,23.0,0.8207982697558236,21.534782608695654,47.2,15.0,2.0,0.06666666666666667,0.13333333333333333,-0.5333333333333333,-0.5093478260869565,8.0,0.05974678316468057,32.975,52.65,7.0,0.0,0.0,0.0,0.0,0.875,1.0,10.57426135918166,0.0,0.0,0.0,2.0,0.0,0.0,0.0,0.0,12.0,2.3453427034953065,6.591666666666666,26.25,4.0,2.0,0.06666666666666667,0.13333333333333333,-0.5333333333333333,-1.2802991452991457,8.0,0.18485333104286059,34.9125,52.25,7.0,0.0,0.06666666666666667,0.0,0.0,0.6675,1.0,0.0,31.0,11.388709677419355,13.0,7.8961538461538465,1.0,0.0,31.0,10.498387096774193,13.0,7.342307692307693,1.0,0.0,15.0,0.0,9.0,42.47222222222222,1.0,0.0,3.0,0.0,9.0,44.111111111111114
rush_hour_seed1,rush_hour,1,437.25,452.25,150.0,2.944677903119272,8.51,58.0,24.75,1.0,15.895787958578797,0.0,0.0,0.0,2.0,0.06666666666666667,0.06666666666666667,0.0,0.0,25.0,1.1682504776314393,4.646,20.7,12.0,0.0,0.4666666666666667,0.0,0.6,0.2758444444444444,12.0,2.063775946065347,0.75,6.25,3.0,0.0,0.06666666666666667,0.26666666666666666,-0.2,-0.6597777777777779,1.0,11.024573785630837,0.0,0.0,0.0,2.0,0.06666666666666667,0.06666666666666667,0.0,0.0,27.0,1.3603397675160762,3.5425925925925927,19.95,11.0,0.0,0.6,0.0,0.6,0.21561728395061727,12.0,2.728213468817812,0.5666666666666668,5.45,2.0,0.0,0.06666666666666667,0.3333333333333333,-0.3333333333333333,-0.7713888888888889,0.0,0.0,0.0,0.0,0.0,2.0,0.0,0.06666666666666667,0.0,0.0,22.0,0.9336509871309361,21.004545454545454,46.55,14.0,2.0,0.06666666666666667,0.2,-0.6,-0.6085858585858588,8.0,0.022399460045414054,33.85,53.65,7.0,0.0,0.0,0.0,0.0,0.875,0.0,0.0,0.0,0.0,0.0,2.0,0.0,0.06666666666666667,0.0,0.0,11.0,2.529341380275591,2.6999999999999997,21.0,2.0,2.0,0.06666666666666667,0.2,-0.6666666666666666,-1.6012820512820514,8.0,0.06509500023727482,35.7875,53.25,7.0,0.0,0.0,0.0,0.0,0.875,1.0,0.0,31.0,12.12741935483871,13.0,8.788461538461538,1.0,0.0,31.0,11.225806451612904,13.0,8.246153846153847,1.0,0.0,16.0,0.0,9.0,43.361111111111114,0.0,0.0,2.0,0.0,9.0,45.0
rush_hour_seed1,rush_hour,1,438.25,453.25,152.0,3.1040867376503427,7.961184210526315,58.0,23.75,1.0,15.90587926681492,0.0,0.0,0.0,2.0,0.06666666666666667,0.06666666666666667,0.0,0.0,26.0,1.0774810144431286,4.938461538461539,21.7,13.0,0.0,0.5333333333333333,0.0,0.6666666666666666,0.28423076923076923,12.0,1.7238635952465096,1.0,7.25,3.0,0.0,0.06666666666666667,0.26666666666666666,-0.06666666666666667,-0.2793333333333334,1.0,11.019797539471966,0.0,0.0,0.0,2.0,0.06666666666666667,0.06666666666666667,0.0,0.0,27.0,1.2728848599681342,3.968518518518519,20.95,12.0,0.0,0.5333333333333333,0.0,0.6666666666666666,0.2380766731643925,12.0,2.225818628803744,0.75,6.45,3.0,0.0,0.06666666666666667,0.26666666666666666,-0.13333333333333333,-0.4066666666666666,1.0,11.995766925201751,0.0,0.0,0.0,2.0,0.06666666666666667,0.06666666666666667,0.0,0.0,21.0,1.0292648031562557,18.19047619047619,45.8,12.0,2.0,0.06666666666666667,0.26666666666666666,-0.7333333333333333,-0.8600793650793652,8.0,0.008204512005016895,34.78125,54.65,8.0,0.0,0.0,0.0,0.06666666666666667,0.8787499999999999,0.0,0.0,0.0,0.0,0.0,2.0,0.0,0.06666666666666667,0.0,0.0,11.0,3.1654930769622904,0.0,0.0,0.0,2.0,0.06666666666666667,0.2,-0.8,-1.8428205128205128,8.0,0.018958198719685872,36.6625,54.25,7.0,0.0,0.0,0.0,0.0,0.875,1.0,0.0,31.0,12.869354838709677,13.0,9.711538461538462,1.0,0.0,32.0,11.6109375,13.0,9.169230769230769,0.0,0.0,15.0,0.0,9.0,44.25,0.0,0.0,1.0,0.0,9.0,45.888888888888886
rush_hour_seed1,rush_hour,1,439.25,454.25,153.0,3.1595425437911193,7.994444444444445,60.0,22.75,1.0,15.819057555062356,0.0,0.0,0.0,2.0,0.06666666666666667,0.06666666666666667,0.0,0.0,27.0,0.9828040187014231,5.2555555555555555,22.7,14.0,0.0,0.5333333333333333,0.0,0.6666666666666666,0.29703703703703704,12.0,1.434831128862758,1.3041666666666667,8.25,4.0,0.0,0.06666666666666667,0.2,0.06666666666666667,-0.14662698412698416,1.0,11.011905075680316,0.0,0.0,0.0,2.0,0.06666666666666667,0.06666666666666667,0.0,0.0,27.0,1.1465430304518553,4.412962962962963,21.95,12.0,0.0,0.5333333333333333,0.0,0.6,0.25928525016244314,12.0,1.7981526868850553,1.0,7.45,3.0,0.0,0.06666666666666667,0.2,0.0,-0.13095238095238096,1.0,11.9791832380509,0.0,0.0,0.0,2.0,0.06666666666666667,0.06666666666666667,0.0,0.0,22.0,1.4708707029016777,15.781818181818181,44.8,11.0,2.0,0.13333333333333333,0.26666666666666666,-0.8666666666666667,-1.086489898989899,8.0,0.0030041667886114634,35.78125,55.65,8.0,0.0,0.0,0.0,0.06666666666666667,0.8870833333333332,0.0,0.0,0.0,0.0,0.0,2.0,0.0,0.06666666666666667,0.0,0.0,10.0,3.5588220013176537,0.0,0.0,0.0,2.0,0.06666666666666667,0.26666666666666666,-0.8,-1.9043589743589744,8.0,0.0053269371353434885,37.625,55.25,8.0,0.0,0.0,0.0,0.06666666666666667,0.8808333333333332,1.0,0.0,31.0,13.643548387096773,13.0,10.634615384615385,1.0,0.0,32.0,12.378125,13.0,10.092307692307692,0.0,0.0,14.0,0.0,9.0,45.138888888888886,0.0,0.0,1.0,0.0,9.0,46.77777777777778
rush_hour_seed1,rush_hour,1,440.25,455.25,153.0,3.0800523811245473,7.805882352941176,60.0,21.75,1.0,15.907894766388122,0.0,0.0,0.0,2.0,0.06666666666666667,0.06666666666666667,0.0,0.0,27.0,0.918889181048129,5.774074074074075,23.7,14.0,0.0,0.4666666666666667,0.0,0.6666666666666666,0.3209382716049383,12.0,1.1716481931988203,1.6375,9.25,4.0,0.0,0.06666666666666667,0.2,0.2,0.05059523809523809,1.0,11.012672221014128,0.0,0.0,0.0,2.0,0.06666666666666667,0.06666666666666667,0.0,0.0,28.0,1.0483197186182687,4.698214285714286,22.95,13.0,0.0,0.5333333333333333,0.0,0.6666666666666666,0.2700476190476191,12.0,1.4206315598503512,1.2833333333333332,8.45,4.0,0.0,0.06666666666666667,0.2,0.13333333333333333,-0.02444444444444446,1.0,11.97666736978339,0.0,0.0,0.0,2.0,0.06666666666666667,0.06666666666666667,0.0,0.0,21.0,1.589149785419087,12.788095238095238,42.85,9.0,2.0,0.13333333333333333,0.3333333333333333,-1.0,-1.3527380952380952,9.0,0.04485183493175553,32.69444444444444,56.65,8.0,0.0,0.06666666666666667,0.0,0.06666666666666667,0.6229629629629627,0.0,0.0,0.0,0.0,0.0,2.0,0.0,0.06666666666666667,0.0,0.0,9.0,3.913264442116312,0.0,0.0,0.0,2.0,0.06666666666666667,0.3333333333333333,-0.8,-1.965897435897436,8.0,0.0015187169727132377,38.625,56.25,8.0,0.0,0.0,0.0,0.06666666666666667,0.8891666666666665,1.0,0.0,31.0,14.44032258064516,13.0,11.557692307692308,1.0,0.0,32.0,13.159375,13.0,11.015384615384615,0.0,0.0,14.0,0.0,9.0,46.02777777777778,0.0,0.0,1.0,0.0,9.0,47.666666666666664
rush_hour_seed1,rush_hour,1,441.25,456.25,154.0,3.2118570827533808,7.87077922077922,61.0,20.75,1.0,15.879237590262326,0.0,0.0,0.0,2.0,0.06666666666666667,0.06666666666666667,0.0,0.0,27.0,0.8239746065334264,6.322222222222222,24.7,15.0,0.0,0.4666666666666667,0.0,0.6666666666666666,0.34164814814814815,12.0,0.9563710643154857,2.0416666666666665,10.25,5.0,0.0,0.06666666666666667,0.13333333333333333,0.3333333333333333,0.1361111111111111,1.0,11.012864931117129,0.0,0.0,0.0,2.0,0.06666666666666667,0.06666666666666667,0.0,0.0,28.0,0.9524766852073192,5.1625000000000005,23.95,13.0,0.0,0.5333333333333333,0.0,0.6,0.2893333333333334,12.0,1.1138323405215882,1.6166666666666665,9.45,4.0,0.0,0.06666666666666667,0.13333333333333333,0.26666666666666666,0.10777777777777776,1.0,11.999893003113103,0.0,0.0,0.0,2.0,0.06666666666666667,0.06666666666666667,0.0,0.0,20.0,1.498944399580794,11.685,42.75,8.0,2.0,0.06666666666666667,0.4,-1.0666666666666667,-1.4020666666666666,9.0,0.2463472185422178,33.583333333333336,57.65,8.0,0.0,0.06666666666666667,0.0,0.06666666666666667,0.6238888888888889,1.0,13.99170035968721,0.0,0.0,0.0,2.0,0.06666666666666667,0.06666666666666667,0.0,0.0,8.0,4.289534435947173,0.0,0.0,0.0,2.0,0.06666666666666667,0.4,-0.8,-2.0274358974358977,8.0,0.00042231109713357004,39.625,57.25,8.0,0.0,0.0,0.0,0.06666666666666667,0.8974999999999999,1.0,0.0,31.0,15.261290322580646,13.0,12.48076923076923,1.0,0.0,32.0,13.9640625,13.0,11.938461538461537,0.0,0.0,13.0,0.0,9.0,46.916666666666664,0.0,0.0,2.0,0.0,9.0,48.55555555555556
rush_hour_seed1,rush_hour,1,442.25,457.25,155.0,3.187661065951655,7.690322580645161,62.0,19.75,1.0,11.996522102511953,0.0,0.0,0.0,2.0,0.06666666666666667,0.06666666666666667,0.0,0.0,28.0,0.7310271350728934,6.632142857142857,25.7,15.0,0.0,0.5333333333333333,0.0,0.6666666666666666,0.34564285714285714,12.0,0.7524237581823409,2.475,11.25,6.0,0.0,0.06666666666666667,0.06666666666666667,0.4,0.165,1.0,11.011978062031176,0.0,0.0,0.0,2.0,0.06666666666666667,0.06666666666666667,0.0,0.0,28.0,0.8383595661601647,5.6625000000000005,24.95,14.0,0.0,0.4666666666666667,0.0,0.6666666666666666,0.3125793650793651,12.0,0.8621712499386159,2.0083333333333333,10.45,5.0,0.0,0.06666666666666667,0.13333333333333333,0.3333333333333333,0.1338888888888889,1.0,11.975544382596855,0.0,0.0,0.0,2.0,0.06666666666666667,0.06666666666666667,0.0,0.0,20.0,1.7799281115031946,7.9350000000000005,37.7,6.0,2.0,0.06666666666666667,0.4,-1.2,-1.7160666666666666,9.0,0.43509926872152044,34.47222222222222,58.65,8.0,0.0,0.06666666666666667,0.0,0.06666666666666667,0.6248148148148147,1.0,16.0964048399441,0.0,0.0,0.0,2.0,0.06666666666666667,0.06666666666666667,0.0,0.0,9.0,5.2268541987572545,0.0,0.0,0.0,2.0,0.13333333333333333,0.4,-0.8,-2.088974358974359,8.0,0.00011744647114777855,40.625,58.25,8.0,0.0,0.0,0.0,0.06666666666666667,0.9058333333333333,1.0,0.0,31.0,16.114516129032257,13.0,13.403846153846153,1.0,0.0,32.0,14.8078125,13.0,12.86153846153846,1.0,0.0,13.0,0.0,9.0,47.80555555555556,0.0,0.0,1.0,0.0,9.0,49.44444444444444
rush_hour_seed1,rush_hour,1,443.25,458.25,154.0,3.1248047836769954,7.903896103896104,64.0,18.75,1.0,11.970180947855114,0.0,0.0,0.0,2.0,0.06666666666666667,0.13333333333333333,-0.06666666666666667,-0.011666666666666665,28.0,0.6680057607554074,7.196428571428571,26.7,16.0,0.0,0.4666666666666667,0.0,0.6666666666666666,0.3711904761904761,12.0,0.5829085594967595,2.975,12.25,6.0,0.0,0.06666666666666667,0.06666666666666667,0.4,0.19833333333333333,1.0,11.016333938653897,0.0,0.0,0.0,2.0,0.06666666666666667,0.06666666666666667,0.0,0.0,29.0,0.7479424479415664,5.98448275862069,25.95,15.0,0.0,0.5333333333333333,0.0,0.6666666666666666,0.3189655172413793,12.0,0.6519075501371324,2.433333333333333,11.45,6.0,0.0,0.06666666666666667,0.06666666666666667,0.4,0.1622222222222222,1.0,11.99540277072927,0.0,0.0,0.0,2.0,0.06666666666666667,0.06666666666666667,0.0,0.0,19.0,1.8286291164707178,6.631578947368421,35.5,5.0,2.0,0.06666666666666667,0.4666666666666667,-1.2666666666666666,-1.8669614035087716,9.0,0.6285550317920952,35.361111111111114,59.65,8.0,0.0,0.06666666666666667,0.0,0.06666666666666667,0.6257407407407408,1.0,16.65542219810933,0.0,0.0,0.0,2.0,0.06666666666666667,0.06666666666666667,0.0,0.0,8.0,5.9201014947213,0.0,0.0,0.0,2.0,0.06666666666666667,0.4666666666666667,-0.8,-1.996904761904762,8.0,3.291753835010026e-05,41.625,59.25,8.0,0.0,0.0,0.0,0.06666666666666667,0.9141666666666666,1.0,0.0,31.0,16.991935483870968,13.0,14.326923076923077,0.0,0.0,33.0,15.207575757575759,13.0,13.784615384615384,1.0,0.0,12.0,0.0,9.0,48.69444444444444,0.0,0.0,1.0,0.0,9.0,50.333333333333336
rush_hour_seed1,rush_hour,1,444.25,459.25,157.0,3.2295666307275366,7.728025477707006,65.0,17.75,1.0,11.980615969256032,0.0,0.0,0.0,2.0,0.06666666666666667,0.13333333333333333,-0.06666666666666667,-0.045000000000000005,28.0,0.5900593859521617,7.796428571428572,27.7,17.0,0.0,0.4,0.0,0.6666666666666666,0.39779220779220786,13.0,0.45196296454640084,3.2576923076923077,13.25,7.0,0.0,0.13333333333333333,0.0,0.4666666666666667,0.21717948717948718,2.0,11.082504453826898,0.0,0.0,0.0,2.0,0.13333333333333333,0.06666666666666667,0.0,0.0,29.0,0.6646362422206125,6.5344827586206895,26.95,16.0,0.0,0.4666666666666667,0.0,0.6666666666666666,0.343662486938349,12.0,0.4731149392724833,2.9333333333333336,12.45,6.0,0.0,0.06666666666666667,0.0,0.4,0.19555555555555557,1.0,11.995619895206765,0.0,0.0,0.0,2.0,0.06666666666666667,0.06666666666666667,0.0,0.0,19.0,2.2533183728884225,3.194736842105263,28.85,3.0,2.0,0.06666666666666667,0.4666666666666667,-1.4,-2.1600842105263154,9.0,0.8239636668363414,36.25,60.65,8.0,0.0,0.06666666666666667,0.0,0.06666666666666667,0.6266666666666666,1.0,16.663447801418606,0.0,0.0,0.0,2.0,0.06666666666666667,0.06666666666666667,0.0,0.0,7.0,6.589347777358725,0.0,0.0,0.0,2.0,0.06666666666666667,0.5333333333333333,-0.8666666666666667,-2.0573809523809525,9.0,0.14545357337081266,37.888888888888886,60.25,8.0,0.0,0.06666666666666667,0.0,0.06666666666666667,0.606759259259259,1.0,0.0,31.0,17.89516129032258,14.0,14.160714285714286,1.0,0.0,33.0,16.062121212121212,13.0,14.707692307692307,1.0,0.0,12.0,0.0,9.0,49.583333333333336,0.0,0.0,1.0,0.0,9.0,51.22222222222222
rush_hour_seed1,rush_hour,1,445.25,460.25,157.0,3.3013207853106854,7.965923566878981,67.0,16.75,1.0,11.97927607501857,0.0,0.0,0.0,2.0,0.06666666666666667,0.13333333333333333,-0.06666666666666667,-0.07833333333333334,28.0,0.5036689040076997,8.403571428571428,28.7,17.0,0.0,0.4,0.0,0.6666666666666666,0.417056277056277,13.0,0.4858522443513417,3.7961538461538464,14.25,7.0,0.0,0.06666666666666667,0.0,0.4666666666666667,0.2530769230769231,2.0,11.83283136729834,0.0,0.0,0.0,2.0,0.06666666666666667,0.06666666666666667,0.0,0.0,30.0,0.6172406970013339,6.88,27.95,17.0,0.0,0.4666666666666667,0.0,0.7333333333333333,0.35330434782608694,12.0,0.3375184979024737,3.483333333333333,13.45,7.0,0.0,0.06666666666666667,0.0,0.4666666666666667,0.2322222222222222,1.0,11.988941609971226,0.0,0.0,0.0,2.0,0.06666666666666667,0.06666666666666667,0.0,0.0,19.0,2.7386555770838847,1.8184210526315787,21.7,3.0,2.0,0.06666666666666667,0.4666666666666667,-1.4,-2.315838596491228,9.0,1.0153026670054228,37.138888888888886,61.65,8.0,0.0,0.06666666666666667,0.0,0.06666666666666667,0.6275925925925923,1.0,16.626400634471327,0.0,0.0,0.0,2.0,0.06666666666666667,0.06666666666666667,0.0,0.0,7.0,7.52193372613845,0.0,0.0,0.0,2.0,0.06666666666666667,0.5333333333333333,-0.8666666666666667,-2.119285714285714,9.0,0.36096535738954905,38.77777777777778,61.25,8.0,0.0,0.06666666666666667,0.0,0.06666666666666667,0.6076851851851851,1.0,0.0,31.0,18.82903225806452,14.0,15.017857142857142,1.0,0.0,33.0,16.956060606060603,13.0,15.63076923076923,1.0,0.0,11.0,0.0,10.0,45.505,0.0,0.0,1.0,0.0,9.0,52.111111111111114
rush_hour_seed1,rush_hour,1,446.25,461.25,157.0,3.341531489258747,8.261783439490445,70.0,15.75,1.0,11.985706893035676,0.0,0.0,0.0,2.0,0.06666666666666667,0.13333333333333333,-0.06666666666666667,-0.11166666666666666,29.0,0.44666402427092206,8.727586206896552,29.7,18.0,0.0,0.4,0.0,0.6666666666666666,0.42343328335832087,13.0,0.5257436307085479,4.365384615384615,15.25,8.0,0.0,0.06666666666666667,0.0,0.4666666666666667,0.2896367521367521,2.0,10.511961422422644,0.0,0.0,0.0,2.0,0.06666666666666667,0.06666666666666667,-0.06666666666666667,-0.02,30.0,0.5445269197108636,7.4766666666666675,28.95,18.0,0.0,0.4666666666666667,0.0,0.7333333333333333,0.3729371980676329,12.0,0.2310617071228679,4.070833333333334,14.45,8.0,0.0,0.06666666666666667,0.0,0.5333333333333333,0.2713888888888889,1.0,11.977626990659628,0.0,0.0,0.0,2.0,0.06666666666666667,0.06666666666666667,0.0,0.0,19.0,3.263551407013908,0.781578947368421,13.15,2.0,2.0,0.06666666666666667,0.4666666666666667,-1.4666666666666666,-2.4489614035087715,9.0,1.2057331552025585,38.02777777777778,62.65,8.0,0.0,0.06666666666666667,0.0,0.06666666666666667,0.6285185185185185,1.0,16.60306605531648,0.0,0.0,0.0,2.0,0.06666666666666667,0.06666666666666667,0.0,0.0,6.0,7.946012043585047,0.0,0.0,0.0,2.0,0.06666666666666667,0.6,-0.8666666666666667,-2.181190476190476,9.0,0.5873995963862129,39.666666666666664,62.25,8.0,0.0,0.06666666666666667,0.0,0.06666666666666667,0.6086111111111109,1.0,0.0,31.0,19.79516129032258,14.0,15.892857142857142,1.0,0.0,33.0,17.87272727272727,13.0,16.553846153846152,1.0,0.0,10.0,0.0,10.0,46.405,0.0,0.0,1.0,0.0,9.0,53.03333333333333
rush_hour_seed1,rush_hour,1,447.25,462.25,156.0,3.2519711746302167,8.658974358974358,69.0,14.75,1.0,11.971101899491623,0.0,0.0,0.0,2.0,0.06666666666666667,0.13333333333333333,0.0,0.0,29.0,0.39292805327539776,9.348275862068967,30.7,18.0,0.0,0.4,0.0,0.6,0.4407546226886557,13.0,0.5888688688114573,4.980769230769231,16.25,8.0,0.0,0.06666666666666667,0.0,0.4666666666666667,0.3251068376068376,1.0,12.683287120787497,0.0,0.0,0.0,2.0,0.06666666666666667,0.13333333333333333,0.0,0.0,30.0,0.4671371790429619,8.095,29.95,19.0,0.0,0.4,0.0,0.8,0.3999444444444445,13.0,0.18079108709504027,4.3730769230769235,15.45,8.0,0.0,0.06666666666666667,0.0,0.4666666666666667,0.2890384615384616,1.0,11.976729078807402,0.0,0.0,0.0,2.0,0.06666666666666667,0.06666666666666667,0.0,0.0,18.0,3.5355477883418662,0.0,0.0,0.0,2.0,0.06666666666666667,0.5333333333333333,-1.4666666666666666,-2.2407999999999997,9.0,1.2927401865874448,38.916666666666664,63.65,8.0,0.0,0.06666666666666667,0.0,0.06666666666666667,0.6294444444444441,1.0,16.57138370267302,0.0,0.0,0.0,2.0,0.06666666666666667,0.06666666666666667,0.0,0.0,5.0,8.390372957524324,0.0,0.0,0.0,2.0,0.06666666666666667,0.6666666666666666,-0.8,-1.9445238095238095,9.0,0.8274789725571094,40.55555555555556,63.25,8.0,0.0,0.06666666666666667,0.0,0.06666666666666667,0.6095370370370371,1.0,0.0,31.0,20.779032258064515,14.0,16.821428571428573,1.0,0.0,33.0,18.812121212121212,13.0,17.476923076923075,1.0,0.0,9.0,0.0,10.0,47.305,1.0,0.0,1.0,0.0,9.0,54.03333333333333
rush_hour_seed1,rush_hour,1,448.25,463.25,157.0,3.2742103305085997,9.060191082802548,74.0,13.75,1.0,11.99319504515268,0.0,0.0,0.0,2.0,0.06666666666666667,0.06666666666666667,0.0,0.0,30.0,0.3475315583655211,9.675,31.7,20.0,0.0,0.4,0.0,0.7333333333333333,0.4451388888888889,13.0,0.6671229333672334,5.623076923076923,17.25,9.0,0.0,0.06666666666666667,0.0,0.5333333333333333,0.36237179487179483,1.0,12.649465218827897,0.0,0.0,0.0,2.0,0.06666666666666667,0.06666666666666667,0.0,0.0,31.0,0.39953002069332944,8.464516129032257,30.95,20.0,0.0,0.4,0.0,0.8,0.40990107526881714,13.0,0.2665720752663601,5.0346153846153845,16.45,9.0,0.0,0.06666666666666667,0.0,0.5333333333333333,0.32758547008547007,1.0,11.98602851819247,0.0,0.0,0.0,2.0,0.06666666666666667,0.06666666666666667,0.0,0.0,18.0,4.128806797798585,0.0,0.0,0.0,2.0,0.06666666666666667,0.4666666666666667,-1.4,-2.0797222222222222,9.0,1.2923335596793963,39.80555555555556,64.65,8.0,0.0,0.06666666666666667,0.0,0.06666666666666667,0.6303703703703704,1.0,16.583477890059353,0.0,0.0,0.0,2.0,0.06666666666666667,0.06666666666666667,0.0,0.0,5.0,8.83192866516963,0.0,0.0,0.0,2.0,0.06666666666666667,0.6,-0.6,-1.304102564102564,9.0,1.036928752900677,41.44444444444444,64.25,8.0,0.0,0.06666666666666667,0.0,0.06666666666666667,0.6104629629629628,1.0,0.0,31.0,21.779032258064515,14.0,17.75,1.0,0.0,33.0,19.78181818181818,14.0,17.085714285714285,1.0,0.0,9.0,0.0,10.0,48.205,1.0,0.0,1.0,0.0,9.0,55.03333333333333
rush_hour_seed1,rush_hour,1,449.25,464.25,155.0,3.281059329731893,9.657096774193548,76.0,12.75,1.0,11.998234932634514,0.0,0.0,0.0,2.0,0.06666666666666667,0.06666666666666667,0.0,0.0,30.0,0.30503125987866636,10.341666666666667,32.7,20.0,0.0,0.4,0.0,0.6666666666666666,0.4625,13.0,0.761585673710323,6.315384615384615,18.25,9.0,0.0,0.06666666666666667,0.0,0.5333333333333333,0.40297008547008545,1.0,12.632296176209419,0.0,0.0,0.0,2.0,0.06666666666666667,0.06666666666666667,0.0,0.0,31.0,0.3556677297776194,9.116129032258065,31.95,21.0,0.0,0.4,0.0,0.8,0.431741935483871,13.0,0.36285997585471935,5.7423076923076914,17.45,10.0,0.0,0.06666666666666667,0.0,0.6,0.36920940170940164,1.0,11.996646643735003,0.0,0.0,0.0,2.0,0.06666666666666667,0.0,0.0,0.0,17.0,4.428565002343222,0.0,0.0,0.0,2.0,0.06666666666666667,0.5333333333333333,-1.2666666666666666,-1.8347222222222221,9.0,1.293710079130159,40.69444444444444,65.65,8.0,0.0,0.06666666666666667,0.0,0.06666666666666667,0.6312962962962961,1.0,16.558834536451847,0.0,0.0,0.0,2.0,0.06666666666666667,0.06666666666666667,0.0,0.0,4.0,9.2034162264491,0.0,0.0,0.0,2.0,0.06666666666666667,0.6666666666666666,-0.4666666666666667,-0.8810256410256411,9.0,1.2503698194990431,42.333333333333336,65.25,8.0,0.0,0.06666666666666667,0.0,0.06666666666666667,0.611388888888889,1.0,0.0,31.0,22.779032258064515,14.0,18.678571428571427,1.0,0.0,33.0,20.775757575757577,14.0,17.960714285714285,1.0,0.0,9.0,0.0,10.0,49.105000000000004,1.0,0.0,1.0,0.0,9.0,56.03333333333333
rush_hour_seed1,rush_hour,1,450.25,465.25,154.0,3.32195512379445,10.225324675324675,78.0,11.75,1.0,11.981001718619373,0.0,0.0,0.0,2.0,0.06666666666666667,0.06666666666666667,0.0,0.0,30.0,0.25723774051232173,11.038333333333332,33.7,21.0,0.0,0.3333333333333333,0.0,0.6666666666666666,0.4886888888888888,13.0,0.8661121717324878,7.0807692307692305,19.25,10.0,0.0,0.06666666666666667,0.0,0.5333333333333333,0.4478846153846154,1.0,12.640174476826868,0.0,0.0,0.0,2.0,0.06666666666666667,0.06666666666666667,0.0,0.0,31.0,0.30039257464389174,9.793548387096775,32.95,21.0,0.0,0.4,0.0,0.7333333333333333,0.4527698924731184,13.0,0.4780560722868921,6.511538461538461,18.45,10.0,0.0,0.06666666666666667,0.0,0.6,0.41493589743589737,1.0,11.998825219867285,0.0,0.0,0.0,2.0,0.06666666666666667,0.0,0.0,0.0,16.0,4.684324240275067,0.0,0.0,0.0,2.0,0.06666666666666667,0.5333333333333333,-1.1333333333333333,-1.671304347826087,9.0,1.2942866252097935,41.583333333333336,66.65,8.0,0.0,0.06666666666666667,0.0,0.06666666666666667,0.6322222222222222,1.0,16.660920033179224,0.0,0.0,0.0,2.0,0.06666666666666667,0.06666666666666667,0.0,0.0,3.0,9.663718623673915,0.0,0.0,0.0,2.0,0.06666666666666667,0.7333333333333333,-0.3333333333333333,-0.546923076923077,9.0,1.4670692026947418,43.22222222222222,66.25,8.0,0.0,0.06666666666666667,0.0,0.06666666666666667,0.6123148148148146,1.0,0.0,31.0,23.779032258064515,14.0,19.607142857142858,1.0,0.0,33.0,21.775757575757577,14.0,18.889285714285712,1.0,0.0,10.0,0.04,10.0,41.839999999999996,1.0,0.0,1.0,0.0,9.0,48.00555555555556
rush_hour_seed1,rush_hour,1,451.25,466.25,154.0,3.308043532588752,10.752272727272727,82.0,10.75,1.0,11.983324027026537,0.0,0.0,0.0,2.0,0.06666666666666667,0.06666666666666667,0.0,0.0,31.0,0.21195388069950633,11.388709677419355,34.7,22.0,0.0,0.4,0.0,0.6666666666666666,0.48151397849462363,13.0,0.9416832234632413,7.8961538461538465,20.25,11.0,0.0,0.06666666666666667,0.0,0.6,0.49113247863247866,1.0,12.654151268091589,0.0,0.0,0.0,2.0,0.06666666666666667,0.06666666666666667,0.0,0.0,31.0,0.2436778910551354,10.498387096774193,33.95,22.0,0.0,0.3333333333333333,0.0,0.8,0.4818155500413565,13.0,0.5918664124390043,7.342307692307693,19.45,11.0,0.0,0.06666666666666667,0.0,0.6,0.46282051282051284,1.0,11.997687793790828,0.0,0.0,0.0,2.0,0.06666666666666667,0.0,0.0,0.0,15.0,4.880685809886485,0.0,0.0,0.0,2.0,0.06666666666666667,0.6,-1.0,-1.4356521739130437,9.0,1.0952266811030877,42.47222222222222,67.65,8.0,0.0,0.06666666666666667,0.0,0.06666666666666667,0.633148148148148,1.0,16.590806915890425,0.0,0.0,0.0,2.0,0.06666666666666667,0.06666666666666667,0.0,0.0,3.0,9.93355347093731,0.0,0.0,0.0,2.0,0.06666666666666667,0.6666666666666666,-0.26666666666666666,-0.4394444444444444,9.0,1.4873813878363236,44.111111111111114,67.25,8.0,0.0,0.06666666666666667,0.0,0.06666666666666667,0.6132407407407409,1.0,0.0,31.0,24.779032258064515,14.0,20.535714285714285,1.0,0.0,33.0,22.775757575757577,14.0,19.817857142857143,1.0,0.0,10.0,0.13999999999999999,9.0,22.52777777777778,1.0,0.0,1.0,0.0,9.0,23.33888888888889
rush_hour_seed1,rush_hour,1,456.25,471.25,152.0,3.111022367076594,13.793750000000001,93.0,5.75,1.0,13.50912640894467,0.0,0.0,0.0,2.0,0.06666666666666667,0.06666666666666667,0.0,0.0,31.0,0.06455404166236894,15.261290322580646,39.7,26.0,0.0,0.26666666666666666,0.0,0.7333333333333333,0.5959378733572281,13.0,0.2049414315100141,12.48076923076923,25.25,12.0,0.0,0.06666666666666667,0.0,0.4666666666666667,0.6959401709401709,1.0,12.671209294087092,0.0,0.0,0.0,2.0,0.06666666666666667,0.06666666666666667,0.0,0.0,32.0,0.07785506558561314,13.9640625,38.95,27.0,0.0,0.26666666666666666,0.0,0.9333333333333333,0.5867708333333332,13.0,0.6748403344904441,11.938461538461537,24.45,12.0,0.0,0.06666666666666667,0.0,0.5333333333333333,0.688119658119658,0.0,0.0,0.0,0.0,0.0,2.0,0.0,0.06666666666666667,0.0,0.0,13.0,6.103555020918862,0.0,0.0,0.0,2.0,0.06666666666666667,0.5333333333333333,-0.5333333333333333,-0.779,9.0,0.11777521495072826,46.916666666666664,72.65,8.0,0.0,0.0,0.0,0.0,0.8888888888888886,0.0,0.0,0.0,0.0,0.0,2.0,0.0,0.06666666666666667,0.0,0.0,2.0,12.919837044575756,0.0,0.0,0.0,2.0,0.13333333333333333,0.5333333333333333,0.0,0.0,9.0,0.5198902500934739,48.55555555555556,72.25,8.0,0.0,0.06666666666666667,0.0,0.0,0.5953703703703704,2.0,0.75,31.0,29.779032258064515,14.0,25.178571428571427,1.0,0.0,33.0,27.775757575757577,14.0,24.460714285714285,1.0,0.0,10.0,1.075,7.0,0.0,1.0,0.0,2.0,1.8,7.0,0.0
rush_hour_seed1,rush_hour,1,457.25,472.25,151.0,3.056972953079998,14.503973509933774,94.0,4.75,1.0,13.49120049269341,0.0,0.0,0.0,2.0,0.06666666666666667,0.06666666666666667,0.0,0.0,31.0,0.04582944239172753,16.114516129032257,40.7,27.0,0.0,0.2,0.0,0.8,0.6321582181259601,13.0,0.11595929190151158,13.403846153846153,26.25,12.0,0.0,0.06666666666666667,0.0,0.4,0.7285897435897436,1.0,12.684488113699551,0.0,0.0,0.0,2.0,0.06666666666666667,0.06666666666666667,0.0,0.0,32.0,0.0562162013930531,14.8078125,39.95,27.0,0.0,0.26666666666666666,0.0,0.8666666666666667,0.6096874999999999,13.0,0.49061208348932356,12.86153846153846,25.45,12.0,0.0,0.06666666666666667,0.0,0.4666666666666667,0.7235470085470085,1.0,11.992774273075629,0.0,0.0,0.0,2.0,0.06666666666666667,0.06666666666666667,0.0,0.0,13.0,6.443852394504587,0.0,0.0,0.0,2.0,0.06666666666666667,0.5333333333333333,-0.4,-0.529,9.0,0.05881023310641545,47.80555555555556,73.65,8.0,0.0,0.0,0.0,0.0,0.8888888888888891,0.0,0.0,0.0,0.0,0.0,2.0,0.0,0.06666666666666667,0.0,0.0,1.0,15.917425870904742,0.0,0.0,0.0,2.0,0.06666666666666667,0.6,0.0,0.0,9.0,0.29765507110085815,49.44444444444444,73.25,8.0,0.0,0.06666666666666667,0.0,0.0,0.5879629629629629,2.0,1.25,31.0,30.779032258064515,14.0,26.107142857142858,1.0,0.0,33.0,28.775757575757577,14.0,25.389285714285712,1.0,0.0,10.0,1.455,6.0,0.0,1.0,0.0,2.0,2.3,6.0,0.0
rush_hour_seed1,rush_hour,1,458.25,473.25,150.0,2.891645141642155,15.235333333333335,96.0,3.75,1.0,13.504965090092105,0.0,0.0,0.0,2.0,0.06666666666666667,0.06666666666666667,0.0,0.0,31.0,0.03211391521497222,16.991935483870968,41.7,28.0,0.0,0.2,0.0,0.8,0.6530337941628265,13.0,0.060628634816862086,14.326923076923077,27.25,12.0,0.0,0.06666666666666667,0.0,0.4,0.7567948717948718,0.0,0.0,0.0,0.0,0.0,2.0,0.0,0.06666666666666667,0.0,0.0,33.0,0.04581177935015035,15.207575757575759,40.95,28.0,0.0,0.26666666666666666,0.0,0.8666666666666667,0.6148728665970046,13.0,0.3323775236426769,13.784615384615384,26.45,12.0,0.0,0.06666666666666667,0.0,0.4,0.7567521367521367,1.0,11.982515723097604,0.0,0.0,0.0,2.0,0.06666666666666667,0.06666666666666667,0.0,0.0,12.0,6.578434668020672,0.0,0.0,0.0,2.0,0.06666666666666667,0.5333333333333333,-0.3333333333333333,-0.4421052631578947,9.0,0.02834608873816132,48.69444444444444,74.65,8.0,0.0,0.0,0.0,0.0,0.8888888888888886,0.0,0.0,0.0,0.0,0.0,2.0,0.0,0.06666666666666667,0.0,0.0,1.0,16.574453754221437,0.0,0.0,0.0,2.0,0.06666666666666667,0.5333333333333333,0.0,0.0,9.0,0.1455170474461483,50.333333333333336,74.25,8.0,0.0,0.06666666666666667,0.0,0.0,0.5805555555555557,2.0,1.75,31.0,31.779032258064515,14.0,27.035714285714285,1.0,0.0,33.0,29.775757575757577,14.0,26.317857142857143,1.0,0.45,10.0,1.855,6.0,0.0,1.0,0.0,2.0,2.8,5.0,0.0
rush_hour_seed1,rush_hour,1,459.25,474.25,150.0,2.832081115448574,15.876666666666667,97.0,2.75,1.0,13.512398802866759,0.0,0.0,0.0,2.0,0.06666666666666667,0.06666666666666667,0.0,0.0,31.0,0.02144263474610102,17.89516129032258,42.7,28.0,0.0,0.2,0.0,0.7333333333333333,0.6732488479262673,14.0,0.09992942000154661,14.160714285714286,28.25,12.0,0.0,0.06666666666666667,0.0,0.3333333333333333,0.7268681318681319,1.0,11.51677583498865,0.0,0.0,0.0,2.0,0.06666666666666667,0.13333333333333333,0.0,0.0,33.0,0.035848141950484254,16.062121212121212,41.95,29.0,0.0,0.26666666666666666,0.0,0.8666666666666667,0.6351758969000348,13.0,0.20705887016459196,14.707692307692307,27.45,12.0,0.0,0.06666666666666667,0.0,0.4,0.7849572649572649,1.0,11.975965133607387,0.0,0.0,0.0,2.0,0.06666666666666667,0.06666666666666667,0.0,0.0,12.0,6.863831695556949,0.0,0.0,0.0,2.0,0.06666666666666667,0.5333333333333333,-0.2,-0.21298245614035088,9.0,0.013090989790113859,49.583333333333336,75.65,8.0,0.0,0.0,0.0,0.0,0.8888888888888891,0.0,0.0,0.0,0.0,0.0,2.0,0.0,0.06666666666666667,0.0,0.0,1.0,16.48093660381937,0.0,0.0,0.0,2.0,0.06666666666666667,0.4666666666666667,0.0,0.0,9.0,0.061343613248753606,51.22222222222222,75.25,8.0,0.0,0.0,0.0,0.0,0.8888888888888891,2.0,2.25,31.0,32.77903225806452,15.0,26.15666666666667,2.0,0.0,33.0,30.775757575757577,14.0,27.24642857142857,1.0,1.45,10.0,2.255,5.0,0.0,1.0,0.0,2.0,3.3,5.0,0.0
rush_hour_seed1,rush_hour,1,460.25,475.25,149.0,2.731995610370793,16.649328859060404,100.0,1.75,1.0,13.5269168188079,0.0,0.0,0.0,2.0,0.06666666666666667,0.06666666666666667,0.0,0.0,31.0,0.014280809180936542,18.82903225806452,43.7,29.0,0.0,0.2,0.0,0.8,0.6950307219662061,14.0,0.22720476525689554,15.017857142857142,29.25,12.0,0.0,0.06666666666666667,0.0,0.3333333333333333,0.7481135531135531,1.0,11.48437350765321,0.0,0.0,0.0,2.0,0.06666666666666667,0.13333333333333333,0.0,0.0,33.0,0.02613356085372479,16.956060606060603,42.95,30.0,0.0,0.2,0.0,0.8666666666666667,0.6717373737373736,13.0,0.11705344080283624,15.63076923076923,28.45,12.0,0.0,0.06666666666666667,0.0,0.3333333333333333,0.8098290598290598,1.0,11.975534946690313,0.0,0.0,0.0,2.0,0.06666666666666667,0.06666666666666667,0.0,0.0,11.0,7.051918020154911,0.0,0.0,0.0,2.0,0.06666666666666667,0.6,-0.2,-0.12122807017543859,10.0,0.05652953286148131,45.505,76.65,9.0,0.0,0.06666666666666667,0.0,0.06666666666666667,0.5577407407407411,0.0,0.0,0.0,0.0,0.0,2.0,0.0,0.06666666666666667,0.0,0.0,1.0,16.481840250038893,0.0,0.0,0.0,2.0,0.06666666666666667,0.4666666666666667,0.0,0.0,9.0,0.023432479200900403,52.111111111111114,76.25,8.0,0.0,0.0,0.0,0.0,0.8888888888888891,2.0,2.75,31.0,33.77903225806452,15.0,27.09,2.0,0.05,33.0,31.775757575757574,14.0,28.175,1.0,2.45,10.0,2.745,4.0,0.0,1.0,0.0,2.0,3.8,4.0,0.0
rush_hour_seed1,rush_hour,1,461.25,476.25,149.0,2.854807920853609,17.33221476510067,104.0,0.75,1.0,13.529629010845042,0.0,0.0,0.0,2.0,0.06666666666666667,0.06666666666666667,0.0,0.0,31.0,0.009252219188372275,19.79516129032258,44.7,30.0,0.0,0.13333333333333333,0.0,0.8,0.7378383388950684,14.0,0.36648409262163545,15.892857142857142,30.25,13.0,0.0,0.06666666666666667,0.0,0.3333333333333333,0.7684981684981685,1.0,11.468601736831326,0.0,0.0,0.0,2.0,0.06666666666666667,0.13333333333333333,0.0,0.0,33.0,0.0180712094209318,17.87272727272727,43.95,31.0,0.0,0.2,0.0,0.8666666666666667,0.693070707070707,13.0,0.062103723479933044,16.553846153846152,29.45,12.0,0.0,0.06666666666666667,0.0,0.26666666666666666,0.8322008547008546,1.0,11.977314679152332,0.0,0.0,0.0,2.0,0.06666666666666667,0.06666666666666667,0.0,0.0,10.0,7.36182483715933,0.0,0.0,0.0,2.0,0.06666666666666667,0.6666666666666666,-0.13333333333333333,-0.05210526315789474,10.0,0.27448285921763466,46.405,77.65,9.0,0.0,0.06666666666666667,0.0,0.06666666666666667,0.5584814814814815,0.0,0.0,0.0,0.0,0.0,2.0,0.0,0.06666666666666667,0.0,0.0,1.0,16.49555153069401,0.0,0.0,0.0,2.0,0.06666666666666667,0.4,0.0,0.0,9.0,0.008588249434248614,53.03333333333333,77.25,9.0,0.0,0.0,0.0,0.06666666666666667,0.8911111111111112,2.0,3.25,31.0,34.77903225806451,15.0,28.023333333333333,2.0,0.55,33.0,32.775757575757574,14.0,29.103571428571428,2.0,1.725,10.0,3.245,4.0,0.0,1.0,0.0,2.0,4.3,3.0,0.0
rush_hour_seed1,rush_hour,1,462.25,477.25,149.0,2.934874066186187,18.033557046979865,105.0,2.75,1.0,13.544561305344637,0.0,0.0,0.0,1.0,0.06666666666666667,0.06666666666666667,0.0,0.0,31.0,0.005899344254166202,20.779032258064515,45.7,31.0,0.0,0.13333333333333333,0.0,0.8666666666666667,0.7620504263997032,14.0,0.50420817564143,16.821428571428573,31.25,13.0,0.0,0.06666666666666667,0.0,0.3333333333333333,0.7893772893772896,1.0,11.524588911884777,0.0,0.0,0.0,1.0,0.06666666666666667,0.06666666666666667,0.0,0.0,33.0,0.012000998518481605,18.812121212121212,44.95,31.0,0.0,0.2,0.0,0.8,0.7144747474747475,13.0,0.03018898021578733,17.476923076923075,30.45,12.0,0.0,0.0,0.0,0.26666666666666666,0.8735897435897435,1.0,11.99407043344807,0.0,0.0,0.0,1.0,0.06666666666666667,0.06666666666666667,0.0,0.0,9.0,7.546343636981111,0.0,0.0,0.0,1.0,0.06666666666666667,0.6666666666666666,0.0,0.0,10.0,0.47546727828705543,47.305,78.65,9.0,0.0,0.06666666666666667,0.0,0.06666666666666667,0.5592222222222224,1.0,13.137036575639748,0.0,0.0,0.0,1.0,0.06666666666666667,0.06666666666666667,0.0,0.0,1.0,16.54932580048719,0.0,0.0,0.0,1.0,0.06666666666666667,0.3333333333333333,0.0,0.0,9.0,0.00309128830698928,54.03333333333333,78.25,9.0,0.0,0.0,0.0,0.06666666666666667,0.8985185185185183,2.0,3.75,31.0,35.77903225806451,15.0,28.956666666666667,2.0,1.05,33.0,33.775757575757574,14.0,30.032142857142855,2.0,2.225,11.0,3.4318181818181817,3.0,0.0,1.0,0.85,2.0,4.8,2.0,0.0
rush_hour_seed1,rush_hour,1,463.25,478.25,149.0,2.8981077484159044,18.74496644295302,106.0,1.75,1.0,13.481217201912608,0.0,0.0,0.0,1.0,0.06666666666666667,0.06666666666666667,0.0,0.0,31.0,0.0037537760089662482,21.779032258064515,46.7,31.0,0.0,0.06666666666666667,0.0,0.7333333333333333,0.8069354838709676,14.0,0.6414581402601985,17.75,32.25,13.0,0.0,0.06666666666666667,0.0,0.26666666666666666,0.8084615384615385,1.0,11.49443038180921,0.0,0.0,0.0,1.0,0.06666666666666667,0.06666666666666667,0.0,0.0,33.0,0.007858346627580693,19.78181818181818,45.95,32.0,0.0,0.13333333333333333,0.0,0.8,0.7544868035190616,14.0,0.10816136998562438,17.085714285714285,31.45,12.0,0.0,0.06666666666666667,0.0,0.2,0.8034065934065934,1.0,11.971285027340054,0.0,0.0,0.0,1.0,0.06666666666666667,0.06666666666666667,0.0,0.0,9.0,7.4006760052944855,0.0,0.0,0.0,1.0,0.06666666666666667,0.6666666666666666,0.0,0.0,10.0,0.6572740611867663,48.205,79.65,9.0,0.0,0.06666666666666667,0.0,0.06666666666666667,0.5599629629629628,1.0,13.145541043973887,0.0,0.0,0.0,1.0,0.06666666666666667,0.06666666666666667,0.0,0.0,1.0,16.515977302738815,0.0,0.0,0.0,1.0,0.06666666666666667,0.3333333333333333,0.0,0.0,9.0,0.0011262550492328702,55.03333333333333,79.25,9.0,0.0,0.0,0.0,0.06666666666666667,0.9059259259259259,2.0,4.25,31.0,36.77903225806451,15.0,29.89,2.0,1.55,33.0,34.775757575757574,14.0,31.021428571428572,2.0,2.725,11.0,3.9909090909090907,3.0,0.0,1.0,1.85,2.0,5.3,2.0,0.0
rush_hour_seed1,rush_hour,1,464.25,479.25,147.0,2.7270869724346305,19.72823129251701,108.0,0.75,1.0,13.504905149874343,0.0,0.0,0.0,1.0,0.06666666666666667,0.06666666666666667,0.0,0.0,31.0,0.0023492720115742337,22.779032258064515,47.7,31.0,0.0,0.06666666666666667,0.0,0.7333333333333333,0.8291577060931898,14.0,0.7880578770032899,18.678571428571427,33.25,13.0,0.0,0.06666666666666667,0.0,0.26666666666666666,0.824212454212454,1.0,11.47554727300637,0.0,0.0,0.0,1.0,0.06666666666666667,0.06666666666666667,0.0,0.0,33.0,0.0050580647352741264,20.775757575757577,46.95,33.0,0.0,0.13333333333333333,0.0,0.8,0.7773085695666341,14.0,0.23745652028321426,17.960714285714285,32.45,13.0,0.0,0.06666666666666667,0.0,0.2,0.8145604395604397,1.0,11.980597304468974,0.0,0.0,0.0,1.0,0.06666666666666667,0.06666666666666667,0.0,0.0,9.0,6.135915075013234,0.0,0.0,0.0,1.0,0.06666666666666667,0.6,0.0,0.0,10.0,0.8488754926847,49.105000000000004,80.65,9.0,0.0,0.06666666666666667,0.0,0.06666666666666667,0.560703703703704,1.0,13.113953654025343,0.0,0.0,0.0,1.0,0.06666666666666667,0.06666666666666667,0.0,0.0,1.0,16.486805073728203,0.0,0.0,0.0,1.0,0.06666666666666667,0.26666666666666666,0.0,0.0,9.0,0.0004082613089036316,56.03333333333333,80.25,9.0,0.0,0.0,0.0,0.06666666666666667,0.913333333333333,2.0,4.75,31.0,37.77903225806451,15.0,30.823333333333334,2.0,2.05,33.0,35.775757575757574,15.0,29.886666666666667,2.0,3.225,11.0,4.631818181818182,3.0,0.0,1.0,2.85,2.0,5.8,2.0,0.0
rush_hour_seed1,rush_hour,1,465.25,480.25,148.0,2.7225536843634783,19.22668918918919,107.0,11.75,1.0,13.544368490736765,0.0,0.0,0.0,0.0,0.06666666666666667,0.06666666666666667,0.0,0.0,31.0,0.0014866219275497324,23.779032258064515,48.7,31.0,0.0,0.06666666666666667,0.0,0.6666666666666666,0.8493799283154122,14.0,0.9260757513865517,19.607142857142858,34.25,13.0,0.0,0.06666666666666667,0.0,0.2,0.8350915750915751,1.0,11.471327586100518,0.0,0.0,0.0,0.0,0.06666666666666667,0.06666666666666667,0.0,0.0,33.0,0.0032260527562978218,21.775757575757577,47.95,33.0,0.0,0.13333333333333333,0.0,0.8,0.7988139459107201,14.0,0.37136860153800794,18.889285714285712,33.45,13.0,0.0,0.06666666666666667,0.0,0.2,0.8251831501831501,1.0,11.995507960205432,0.0,0.0,0.0,0.0,0.06666666666666667,0.06666666666666667,0.0,0.0,10.0,5.338555762355211,0.04,0.4,1.0,0.0,0.13333333333333333,0.5333333333333333,0.06666666666666667,0.0026666666666666666,10.0,1.1034528993199242,41.839999999999996,76.2,8.0,2.0,0.06666666666666667,0.0,0.0,0.017111111111110706,1.0,13.124901587413285,0.0,0.0,0.0,0.0,0.06666666666666667,0.06666666666666667,0.0,0.0,1.0,13.526506601487956,0.0,0.0,0.0,0.0,0.06666666666666667,0.2,0.0,0.0,9.0,0.07828537285329655,48.00555555555556,78.0,8.0,2.0,0.0,0.0,0.0,0.3188888888888892,2.0,0.0,31.0,36.7241935483871,15.0,31.756666666666668,2.0,0.0,33.0,34.868181818181824,15.0,30.82,2.0,0.0,11.0,5.359090909090909,4.0,0.225,1.0,0.0,2.0,6.3,2.0,0.2
rush_hour_seed1,rush_hour,1,466.25,481.25,147.0,2.5891442077490736,16.99931972789116,101.0,10.75,1.0,13.513997401581678,0.0,0.0,0.0,0.0,0.06666666666666667,0.06666666666666667,0.0,0.0,31.0,0.000915569106456349,24.779032258064515,49.7,31.0,0.0,0.0,0.0,0.6,0.8926881720430107,14.0,0.8359035709199487,20.535714285714285,35.25,13.0,0.0,0.06666666666666667,0.0,0.13333333333333333,0.8426373626373624,1.0,11.51992267092791,0.0,0.0,0.0,0.0,0.06666666666666667,0.06666666666666667,0.0,0.0,33.0,0.0020259506223102635,22.775757575757577,48.95,33.0,0.0,0.13333333333333333,0.0,0.7333333333333333,0.8184913652655589,14.0,0.5008388416294575,19.817857142857143,34.45,13.0,0.0,0.06666666666666667,0.0,0.13333333333333333,0.8317032967032968,1.0,11.98897632879205,0.0,0.0,0.0,0.0,0.06666666666666667,0.06666666666666667,0.0,0.0,10.0,4.855377047435802,0.13999999999999999,1.4,1.0,0.0,0.13333333333333333,0.4666666666666667,0.06666666666666667,0.009333333333333332,9.0,1.568463115185543,22.52777777777778,63.8,5.0,2.0,0.06666666666666667,0.06666666666666667,-0.2,-1.3296296296296295,1.0,13.156597470800287,0.0,0.0,0.0,0.0,0.06666666666666667,0.06666666666666667,0.0,0.0,1.0,8.033739670048694,0.0,0.0,0.0,0.0,0.06666666666666667,0.2,0.0,0.0,9.0,0.45801180874846836,23.33888888888889,70.1,5.0,2.0,0.06666666666666667,0.06666666666666667,-0.2,-1.384814814814815,1.0,0.0,30.0,32.99833333333333,15.0,32.690000000000005,1.0,0.0,32.0,31.5671875,15.0,31.753333333333334,1.0,0.0,11.0,6.131818181818182,4.0,0.475,0.0,0.0,2.0,6.8,2.0,0.7
rush_hour_seed1,rush_hour,1,467.25,482.25,145.0,2.489072926255969,16.19965517241379,97.0,9.75,1.0,11.505922072825188,0.0,0.0,0.0,0.0,0.06666666666666667,0.06666666666666667,0.0,0.0,31.0,0.0005585333888771948,25.779032258064515,50.7,31.0,0.0,0.0,0.0,0.5333333333333333,0.9101075268817204,14.0,0.6111851762849332,21.464285714285715,36.25,13.0,0.0,0.06666666666666667,0.0,0.06666666666666667,0.8450549450549452,1.0,11.522722673412492,0.0,0.0,0.0,0.0,0.06666666666666667,0.06666666666666667,0.0,0.0,33.0,0.001265573692279462,23.775757575757577,49.95,33.0,0.0,0.13333333333333333,0.0,0.6666666666666666,0.8366634082763116,14.0,0.6354713045455745,20.74642857142857,35.45,13.0,0.0,0.06666666666666667,0.0,0.06666666666666667,0.8333516483516482,1.0,11.975066900155507,0.0,0.0,0.0,0.0,0.06666666666666667,0.06666666666666667,0.0,0.0,10.0,4.428433247517356,0.24,2.4,1.0,0.0,0.06666666666666667,0.4666666666666667,0.06666666666666667,0.016,9.0,2.111579039044752,9.661111111111111,49.7,3.0,2.0,0.06666666666666667,0.06666666666666667,-0.3333333333333333,-2.246666666666667,1.0,13.098760825449961,0.0,0.0,0.0,0.0,0.06666666666666667,0.0,0.0,0.0,1.0,2.53373967004869,0.0,0.0,0.0,0.0,0.06666666666666667,0.13333333333333333,0.0,0.0,9.0,1.2366049374546175,9.433333333333332,49.9,3.0,2.0,0.06666666666666667,0.06666666666666667,-0.3333333333333333,-2.3711111111111114,1.0,0.0,30.0,30.19833333333333,15.0,33.623333333333335,1.0,0.0,32.0,29.1015625,15.0,32.68666666666667,1.0,0.0,11.0,6.95,4.0,0.725,0.0,0.0,2.0,7.3,2.0,1.2
rush_hour_seed1,rush_hour,1,468.25,483.25,144.0,2.509625941720084,16.078472222222224,96.0,8.75,1.0,7.005922072825195,0.0,0.0,0.0,0.0,0.06666666666666667,0.06666666666666667,0.0,0.0,31.0,0.0003421448364430946,26.779032258064515,51.7,31.0,0.0,0.0,0.0,0.5333333333333333,0.9273118279569892,14.0,0.4127551008672223,22.392857142857142,37.25,13.0,0.0,0.06666666666666667,0.0,0.06666666666666667,0.8454212454212454,1.0,11.482331466314928,0.0,0.0,0.0,0.0,0.06666666666666667,0.06666666666666667,0.0,0.0,33.0,0.0007791561040783408,24.775757575757577,50.95,33.0,0.0,0.06666666666666667,0.0,0.6,0.8776546717171718,14.0,0.7814469993204735,21.675,36.45,13.0,0.0,0.06666666666666667,0.0,0.06666666666666667,0.8337179487179488,1.0,11.999001226366964,0.0,0.0,0.0,0.0,0.06666666666666667,0.0,0.0,0.0,10.0,4.034940277679604,0.345,3.4,2.0,0.0,0.06666666666666667,0.4,0.13333333333333333,0.023,9.0,2.819049391149257,4.361111111111111,30.45,2.0,2.0,0.06666666666666667,0.06666666666666667,-0.4,-2.659259259259259,1.0,13.119594447705555,0.0,0.0,0.0,0.0,0.06666666666666667,0.0,0.0,0.0,1.0,0.0,0.6,0.6,1.0,0.0,0.06666666666666667,0.06666666666666667,0.06666666666666667,0.04,8.0,1.889051491346168,0.9125,7.3,1.0,2.0,0.06666666666666667,0.13333333333333333,-0.4666666666666667,-2.998425925925926,2.0,0.0,29.0,28.43103448275862,15.0,34.556666666666665,1.0,0.0,31.0,27.570967741935487,15.0,33.62,1.0,0.0,11.0,7.854545454545455,4.0,0.975,1.0,0.0,3.0,5.2,2.0,1.7
rush_hour_seed1,rush_hour,1,469.25,484.25,143.0,2.5988402403186255,16.515734265734267,93.0,7.75,1.0,2.5059220728251987,0.0,0.0,0.0,0.0,0.06666666666666667,0.06666666666666667,0.0,0.0,31.0,0.00020651778921146826,27.779032258064515,52.7,31.0,0.0,0.0,0.0,0.4666666666666667,0.9423655913978494,14.0,0.24936657398730164,23.321428571428573,38.25,13.0,0.0,0.06666666666666667,0.0,0.06666666666666667,0.8457875457875459,1.0,11.528010936234924,0.0,0.0,0.0,0.0,0.06666666666666667,0.06666666666666667,0.0,0.0,33.0,0.0004747898253523513,25.775757575757577,51.95,33.0,0.0,0.06666666666666667,0.0,0.5333333333333333,0.8931755050505051,14.0,0.9191086348375962,22.603571428571428,37.45,13.0,0.0,0.06666666666666667,0.0,0.06666666666666667,0.834084249084249,1.0,11.973621961434837,0.0,0.0,0.0,0.0,0.06666666666666667,0.0,0.0,0.0,10.0,3.5335842060552074,0.545,4.4,2.0,0.0,0.06666666666666667,0.3333333333333333,0.13333333333333333,0.036333333333333336,8.0,3.430121215078481,0.0,0.0,0.0,2.0,0.06666666666666667,0.13333333333333333,-0.5333333333333333,-3.009259259259259,1.0,13.102663244985404,0.0,0.0,0.0,0.0,0.06666666666666667,0.0,0.0,0.0,1.0,0.0,1.6,1.6,1.0,0.0,0.06666666666666667,0.06666666666666667,0.06666666666666667,0.10666666666666667,8.0,3.1789243919204813,0.0,0.0,0.0,2.0,0.06666666666666667,0.13333333333333333,-0.5333333333333333,-3.1185185185185187,2.0,0.0,29.0,27.42068965517241,15.0,35.49,1.0,0.0,31.0,26.761290322580646,15.0,34.55333333333333,1.0,0.0,11.0,8.763636363636364,4.0,1.225,1.0,0.0,3.0,5.533333333333334,2.0,2.2
rush_hour_seed1,rush_hour,1,470.25,485.25,142.0,2.512584691116265,17.29260563380282,95.0,6.75,2.0,1.981914677515819,0.25,0.5,1.0,0.0,0.13333333333333333,0.06666666666666667,0.06666666666666667,0.016666666666666666,31.0,0.0001222950415037153,28.779032258064515,53.7,31.0,0.0,0.0,0.0,0.4,0.9559139784946236,14.0,0.12800072947359736,24.25,39.25,13.0,0.0,0.06666666666666667,0.0,0.06666666666666667,0.8461538461538461,1.0,11.47839619711841,0.0,0.0,0.0,0.0,0.06666666666666667,0.06666666666666667,0.0,0.0,33.0,0.0002885925990747164,26.775757575757577,52.95,33.0,0.0,0.06666666666666667,0.0,0.5333333333333333,0.9077588383838384,14.0,0.8344584365998665,23.532142857142855,38.45,13.0,0.0,0.06666666666666667,0.0,0.06666666666666667,0.8344505494505493,1.0,10.360725288129272,0.0,0.0,0.0,0.0,0.06666666666666667,0.0,0.0,0.0,10.0,3.0220961716130854,0.775,5.4,3.0,0.0,0.06666666666666667,0.3333333333333333,0.2,0.051666666666666666,8.0,4.191498001959981,0.0,0.0,0.0,2.0,0.06666666666666667,0.13333333333333333,-0.5333333333333333,-3.0685185185185184,1.0,13.141325827134668,0.0,0.0,0.0,0.0,0.06666666666666667,0.0,0.0,0.0,2.0,1.0948351492942316,1.3,2.6,1.0,0.0,0.13333333333333333,0.06666666666666667,0.06666666666666667,0.08666666666666667,7.0,4.233068296730378,0.0,0.0,0.0,2.0,0.06666666666666667,0.2,-0.5333333333333333,-3.1777777777777776,2.0,0.0,28.0,25.516071428571426,15.0,36.42333333333333,1.0,0.0,30.0,25.165000000000003,15.0,35.486666666666665,1.0,0.0,11.0,9.672727272727274,4.0,1.5750000000000002,1.0,0.0,3.0,5.866666666666667,2.0,2.7
rush_hour_seed1,rush_hour,1,471.25,486.25,140.0,2.4607425531915315,18.218214285714286,95.0,5.75,2.0,2.9883042253746708,0.75,1.5,1.0,0.0,0.06666666666666667,0.0,0.06666666666666667,0.05,31.0,7.190929554785327e-05,29.779032258064515,54.7,31.0,0.0,0.0,0.0,0.3333333333333333,0.9678494623655912,14.0,0.05798414427204914,25.178571428571427,40.25,13.0,0.0,0.06666666666666667,0.0,0.06666666666666667,0.8465201465201465,1.0,11.523312525224021,0.0,0.0,0.0,0.0,0.06666666666666667,0.06666666666666667,0.0,0.0,33.0,0.00017235447696911828,27.775757575757577,53.95,33.0,0.0,0.06666666666666667,0.0,0.4,0.9207796717171718,14.0,0.6083000061802171,24.460714285714285,39.45,13.0,0.0,0.06666666666666667,0.0,0.06666666666666667,0.8348168498168499,1.0,6.3655646433084225,0.0,0.0,0.0,0.0,0.06666666666666667,0.0,0.0,0.0,10.0,2.442085987849648,1.075,6.4,3.0,0.0,0.06666666666666667,0.26666666666666666,0.2,0.07166666666666667,7.0,4.570757838160198,0.0,0.0,0.0,2.0,0.06666666666666667,0.2,-0.5333333333333333,-3.1277777777777778,1.0,13.155769300508208,0.0,0.0,0.0,0.0,0.06666666666666667,0.0,0.0,0.0,2.0,2.039556465410871,1.8,3.6,1.0,0.0,0.06666666666666667,0.06666666666666667,0.06666666666666667,0.12000000000000001,7.0,5.8596268740027515,0.0,0.0,0.0,2.0,0.06666666666666667,0.2,-0.5333333333333333,-3.237037037037037,1.0,0.0,28.0,22.705357142857142,15.0,37.35666666666667,1.0,0.0,29.0,23.518965517241377,15.0,36.419999999999995,1.0,0.0,11.0,10.581818181818182,4.0,2.075,1.0,0.0,3.0,6.2,2.0,3.2
rush_hour_seed1,rush_hour,1,472.25,487.25,139.0,2.5252792203943524,19.03848920863309,96.0,4.75,2.0,3.900165592101478,1.25,2.5,1.0,0.0,0.06666666666666667,0.0,0.06666666666666667,0.08333333333333333,31.0,4.2206972169969075e-05,30.779032258064515,55.7,31.0,0.0,0.0,0.0,0.26666666666666666,0.9776344086021506,14.0,0.023091753875835775,26.107142857142858,41.25,13.0,0.0,0.06666666666666667,0.0,0.06666666666666667,0.846886446886447,1.0,11.495180561329319,0.0,0.0,0.0,0.0,0.06666666666666667,0.06666666666666667,0.0,0.0,33.0,0.00010212416968340356,28.775757575757577,54.95,33.0,0.0,0.06666666666666667,0.0,0.4,0.9311963383838384,14.0,0.4118634890673652,25.389285714285712,40.45,13.0,0.0,0.06666666666666667,0.0,0.06666666666666667,0.8351831501831501,1.0,2.365564643308419,0.0,0.0,0.0,0.0,0.0,0.0,0.0,0.0,10.0,1.9047767483164038,1.455,7.4,4.0,0.0,0.06666666666666667,0.26666666666666666,0.26666666666666666,0.097,6.0,5.127957485559258,0.0,0.0,0.0,2.0,0.06666666666666667,0.26666666666666666,-0.5333333333333333,-3.187037037037037,1.0,13.152935470161854,0.0,0.0,0.0,0.0,0.06666666666666667,0.0,0.0,0.0,2.0,3.022290647680066,2.3,4.6,1.0,0.0,0.06666666666666667,0.0,0.06666666666666667,0.15333333333333332,6.0,7.153271819886059,0.0,0.0,0.0,2.0,0.06666666666666667,0.26666666666666666,-0.5333333333333333,-3.2962962962962963,1.0,0.0,27.0,22.416666666666668,15.0,38.29,0.0,0.0,29.0,22.622413793103448,15.0,37.35333333333333,1.0,0.0,11.0,11.490909090909092,4.0,2.725,1.0,0.0,3.0,6.533333333333334,2.0,3.7
rush_hour_seed1,rush_hour,1,473.25,488.25,138.0,2.502986824221151,19.87536231884058,97.0,3.75,2.0,4.871514655780711,1.75,3.5,1.0,0.0,0.06666666666666667,0.0,0.06666666666666667,0.11666666666666667,31.0,2.420525028264499e-05,31.779032258064515,56.7,31.0,0.0,0.0,0.0,0.2,0.9858064516129031,14.0,0.008394526996785454,27.035714285714285,42.25,13.0,0.0,0.06666666666666667,0.0,0.06666666666666667,0.8472527472527472,1.0,8.682535229490052,0.0,0.0,0.0,0.0,0.06666666666666667,0.0,0.0,0.0,33.0,5.9738605390820485e-05,29.775757575757577,55.95,33.0,0.0,0.0,0.0,0.3333333333333333,0.9712121212121212,14.0,0.2472319448675893,26.317857142857143,41.45,13.0,0.0,0.06666666666666667,0.0,0.06666666666666667,0.8355494505494506,1.0,0.0,0.45,0.45,1.0,0.0,0.0,0.0,0.06666666666666667,0.030000000000000002,10.0,1.448879861807002,1.855,8.4,4.0,0.0,0.06666666666666667,0.2,0.26666666666666666,0.12366666666666666,6.0,6.07802454382039,0.0,0.0,0.0,2.0,0.06666666666666667,0.26666666666666666,-0.5333333333333333,-3.246296296296296,1.0,13.159650255654368,0.0,0.0,0.0,0.0,0.06666666666666667,0.0,0.0,0.0,2.0,3.998060859618717,2.8,5.6,1.0,0.0,0.06666666666666667,0.0,0.06666666666666667,0.18666666666666665,5.0,8.039006092693523,0.0,0.0,0.0,2.0,0.06666666666666667,0.3333333333333333,-0.5333333333333333,-3.3555555555555556,1.0,0.0,26.0,20.332692307692305,16.0,36.8125,1.0,0.0,28.0,20.860714285714288,15.0,38.28666666666666,1.0,0.0,11.0,12.4,4.0,3.475,1.0,0.0,3.0,6.866666666666667,3.0,2.8000000000000003
rush_hour_seed1,rush_hour,1,474.25,489.25,139.0,2.498227734201775,20.4363309352518,98.0,2.75,2.0,5.877621967828105,2.25,4.5,1.0,0.0,0.06666666666666667,0.0,0.06666666666666667,0.15,31.0,1.3499595261103252e-05,32.77903225806452,57.7,31.0,0.0,0.0,0.0,0.2,0.9922580645161292,15.0,0.11254945767247113,26.15666666666667,43.25,14.0,0.0,0.06666666666666667,0.0,0.13333333333333333,0.7997301587301588,2.0,6.502637840465718,0.0,0.0,0.0,0.0,0.06666666666666667,0.0,0.0,0.0,33.0,3.437204705133515e-05,30.775757575757577,56.95,33.0,0.0,0.0,0.0,0.26666666666666666,0.980909090909091,14.0,0.12767952420550657,27.24642857142857,42.45,13.0,0.0,0.06666666666666667,0.0,0.06666666666666667,0.8359157509157509,1.0,0.0,1.45,1.45,1.0,0.0,0.0,0.0,0.06666666666666667,0.09666666666666666,10.0,1.0586271188964334,2.255,9.4,4.0,0.0,0.06666666666666667,0.2,0.26666666666666666,0.15033333333333332,5.0,6.475385444189991,0.0,0.0,0.0,2.0,0.06666666666666667,0.3333333333333333,-0.5333333333333333,-3.305555555555556,1.0,9.862857898595443,0.0,0.0,0.0,0.0,0.06666666666666667,0.0,0.0,0.0,2.0,4.936469680878233,3.3,6.6,1.0,0.0,0.06666666666666667,0.0,0.06666666666666667,0.22,5.0,8.934177795289507,0.0,0.0,0.0,2.0,0.06666666666666667,0.3333333333333333,-0.5333333333333333,-3.414814814814815,1.0,0.0,26.0,19.148076923076925,16.0,37.75,1.0,0.0,27.0,18.97407407407407,15.0,39.22,1.0,0.0,11.0,13.30909090909091,4.0,4.2250000000000005,1.0,0.0,3.0,7.2,3.0,3.25
rush_hour_seed1,rush_hour,1,475.25,490.25,137.0,2.3576005550589176,21.457299270072994,100.0,1.75,2.0,5.887212073684303,2.75,5.5,1.0,0.0,0.06666666666666667,0.0,0.06666666666666667,0.18333333333333332,31.0,7.359391958647155e-06,33.77903225806452,58.7,31.0,0.0,0.0,0.0,0.13333333333333333,0.9966666666666666,15.0,0.24593360082047347,27.09,44.25,14.0,0.0,0.06666666666666667,0.0,0.13333333333333333,0.8048095238095239,2.0,5.385485461952672,0.05,0.1,1.0,0.0,0.06666666666666667,0.0,0.06666666666666667,0.0033333333333333335,33.0,1.961423055774842e-05,31.775757575757574,57.95,33.0,0.0,0.0,0.0,0.2,0.9879797979797981,14.0,0.056400216706683236,28.175,43.45,13.0,0.0,0.06666666666666667,0.0,0.06666666666666667,0.8362820512820514,1.0,0.0,2.45,2.45,1.0,0.0,0.0,0.0,0.06666666666666667,0.16333333333333336,10.0,0.7426740100468365,2.745,10.4,5.0,0.0,0.06666666666666667,0.13333333333333333,0.3333333333333333,0.183,4.0,6.780268732929845,0.0,0.0,0.0,2.0,0.0,0.4,-0.6,-3.033666666666667,1.0,5.372074989346624,0.0,0.0,0.0,0.0,0.06666666666666667,0.0,0.0,0.0,2.0,5.995843081520894,3.8,7.6,1.0,0.0,0.06666666666666667,0.0,0.06666666666666667,0.2533333333333333,4.0,9.401211111750715,0.0,0.0,0.0,2.0,0.06666666666666667,0.4,-0.5333333333333333,-3.4740740740740743,1.0,0.0,25.0,18.682000000000002,16.0,38.6875,1.0,0.0,26.0,16.96923076923077,15.0,40.15333333333333,1.0,0.0,12.0,13.033333333333333,4.0,4.9750000000000005,1.0,0.0,3.0,7.633333333333334,3.0,3.9166666666666665
rush_hour_seed1,rush_hour,1,476.25,491.25,137.0,2.3216174345203417,22.187226277372265,100.0,0.75,2.0,5.888468488954339,3.25,6.5,1.0,0.0,0.06666666666666667,0.0,0.06666666666666667,0.21666666666666667,31.0,3.761282819053447e-06,34.77903225806451,59.7,31.0,0.0,0.0,0.0,0.06666666666666667,0.9989247311827955,15.0,0.38083411640210646,28.023333333333333,45.25,14.0,0.0,0.06666666666666667,0.0,0.06666666666666667,0.8086984126984127,2.0,6.363870486616831,0.55,1.1,1.0,0.0,0.06666666666666667,0.0,0.06666666666666667,0.03666666666666667,33.0,1.0854575358068746e-05,32.775757575757574,58.95,33.0,0.0,0.0,0.0,0.13333333333333333,0.9935353535353535,14.0,0.022911976246881075,29.103571428571428,44.45,13.0,0.0,0.06666666666666667,0.0,0.06666666666666667,0.8366483516483517,2.0,0.5106911743265717,1.725,3.45,1.0,0.0,0.06666666666666667,0.0,0.06666666666666667,0.115,10.0,0.4976490642961536,3.245,11.4,5.0,0.0,0.06666666666666667,0.06666666666666667,0.3333333333333333,0.21633333333333335,4.0,7.516625595591885,0.0,0.0,0.0,2.0,0.0,0.4,-0.6,-3.0936666666666666,1.0,0.8761705194696826,0.0,0.0,0.0,0.0,0.06666666666666667,0.0,0.0,0.0,2.0,6.912739722158294,4.3,8.6,1.0,0.0,0.06666666666666667,0.0,0.06666666666666667,0.2866666666666667,3.0,9.92847575279112,0.0,0.0,0.0,2.0,0.06666666666666667,0.4666666666666667,-0.6,-3.5355555555555553,1.0,0.0,25.0,15.716,16.0,39.625,1.0,0.0,26.0,15.846153846153847,15.0,41.086666666666666,1.0,0.0,12.0,13.866666666666667,4.0,5.725,1.0,0.0,3.0,8.3,3.0,4.583333333333333
rush_hour_seed1,rush_hour,1,477.25,492.25,138.0,2.370358109055703,22.759420289855075,102.0,2.75,2.0,5.878821336383215,3.75,7.5,1.0,0.0,0.06666666666666667,0.0,0.06666666666666667,0.25,31.0,1.6966033477438395e-06,35.77903225806451,60.7,31.0,0.0,0.0,0.0,0.0,0.9999999999999998,15.0,0.5125940147161915,28.956666666666667,46.25,14.0,0.0,0.06666666666666667,0.0,0.06666666666666667,0.809015873015873,2.0,6.9197408009157515,1.05,2.1,1.0,0.0,0.06666666666666667,0.0,0.06666666666666667,0.07,33.0,5.64462370559121e-06,33.775757575757574,59.95,33.0,0.0,0.0,0.0,0.13333333333333333,0.9975757575757574,14.0,0.008433599747103277,30.032142857142855,45.45,13.0,0.0,0.06666666666666667,0.0,0.06666666666666667,0.837014652014652,2.0,1.5077264169698885,2.225,4.45,1.0,0.0,0.06666666666666667,0.0,0.06666666666666667,0.14833333333333334,11.0,0.3249544604053096,3.4318181818181817,12.4,6.0,0.0,0.13333333333333333,0.0,0.4,0.2287878787878788,3.0,7.78614641352582,0.0,0.0,0.0,1.0,0.0,0.4666666666666667,-0.6,-3.1536666666666666,1.0,0.0,0.85,0.85,1.0,0.0,0.0,0.0,0.06666666666666667,0.056666666666666664,2.0,6.943835726964753,4.8,9.6,1.0,0.0,0.06666666666666667,0.0,0.06666666666666667,0.32,2.0,10.516799698133676,0.0,0.0,0.0,1.0,0.06666666666666667,0.5333333333333333,-0.6,-3.602222222222222,1.0,0.0,24.0,15.041666666666666,16.0,40.5625,1.0,0.0,25.0,13.664000000000001,15.0,42.019999999999996,1.0,0.0,12.0,14.700000000000001,4.0,6.475,1.0,0.0,3.0,8.966666666666667,3.0,5.25
rush_hour_seed1,rush_hour,1,478.25,493.25,137.0,2.296444034658921,23.677372262773723,104.0,1.75,2.0,5.868140411415468,4.25,8.5,1.0,0.0,0.06666666666666667,0.0,0.06666666666666667,0.2833333333333333,31.0,6.178918921022175e-07,36.77903225806451,61.7,31.0,0.0,0.0,0.0,0.0,0.9999999999999998,15.0,0.6318682181489227,29.89,47.25,14.0,0.0,0.06666666666666667,0.0,0.06666666666666667,0.8093333333333333,2.0,6.940365670555621,1.55,3.1,1.0,0.0,0.06666666666666667,0.0,0.06666666666666667,0.10333333333333333,33.0,2.9558776116890127e-06,34.775757575757574,60.95,33.0,0.0,0.0,0.0,0.06666666666666667,0.9995959595959595,14.0,0.003037087532658012,31.021428571428572,46.45,14.0,0.0,0.0,0.0,0.13333333333333333,0.9290476190476191,2.0,2.4911064154249445,2.725,5.45,1.0,0.0,0.06666666666666667,0.0,0.06666666666666667,0.18166666666666667,11.0,0.37135715862756413,3.9909090909090907,13.4,7.0,0.0,0.13333333333333333,0.0,0.4666666666666667,0.26606060606060605,3.0,5.76871034388067,0.0,0.0,0.0,1.0,0.0,0.4666666666666667,-0.6,-3.2136666666666667,1.0,0.0,1.85,1.85,1.0,0.0,0.0,0.0,0.06666666666666667,0.12333333333333334,2.0,6.932870187106892,5.3,10.6,1.0,0.0,0.06666666666666667,0.0,0.06666666666666667,0.35333333333333333,2.0,9.690322362024776,0.0,0.0,0.0,1.0,0.06666666666666667,0.5333333333333333,-0.6,-3.6688888888888886,1.0,0.0,24.0,11.925000000000002,16.0,41.5,1.0,0.0,25.0,12.442,15.0,43.016666666666666,0.0,0.0,12.0,15.533333333333333,4.0,7.225,1.0,0.0,3.0,9.633333333333335,3.0,5.916666666666667
rush_hour_seed1,rush_hour,1,479.25,494.25,137.0,2.20997350448104,24.43686131386861,105.0,0.75,2.0,5.889013440974039,4.75,9.5,1.0,0.0,0.06666666666666667,0.0,0.06666666666666667,0.31666666666666665,31.0,2.5514764915813766e-07,37.77903225806451,62.7,31.0,0.0,0.0,0.0,0.0,0.9999999999999998,15.0,0.757219567794818,30.823333333333334,48.25,14.0,0.0,0.06666666666666667,0.0,0.06666666666666667,0.8096507936507938,2.0,6.921208437632304,2.05,4.1,1.0,0.0,0.06666666666666667,0.0,0.06666666666666667,0.13666666666666666,33.0,1.3185196893231586e-06,35.775757575757574,61.95,33.0,0.0,0.0,0.0,0.0,0.9999999999999998,15.0,0.14359327613991407,29.886666666666667,47.45,14.0,0.0,0.06666666666666667,0.0,0.06666666666666667,0.7950634920634921,2.0,3.4499577882672705,3.225,6.45,1.0,0.0,0.06666666666666667,0.0,0.06666666666666667,0.215,11.0,0.4508878904300463,4.631818181818182,14.4,8.0,0.0,0.13333333333333333,0.0,0.5333333333333333,0.3087878787878788,3.0,3.1871813875353934,0.0,0.0,0.0,1.0,0.0,0.4666666666666667,-0.6,-3.2736666666666667,1.0,0.0,2.85,2.85,1.0,0.0,0.0,0.0,0.06666666666666667,0.19,2.0,6.931274755164632,5.8,11.6,1.0,0.0,0.06666666666666667,0.0,0.06666666666666667,0.38666666666666666,2.0,7.445395023806231,0.0,0.0,0.0,1.0,0.06666666666666667,0.5333333333333333,-0.6,-3.7355555555555555,1.0,0.0,23.0,11.008695652173914,16.0,42.4375,1.0,0.0,24.0,11.645833333333334,16.0,41.265625,0.0,0.0,12.0,16.366666666666667,4.0,7.975,1.0,0.0,3.0,10.3,3.0,6.583333333333333
rush_hour_seed1,rush_hour,1,480.25,495.25,137.0,2.1809093775335886,24.091970802919707,101.0,29.75,2.0,6.191794046196701,0.0,0.0,0.0,2.0,0.06666666666666667,0.0,0.0,0.0,31.0,0.018331412732926614,36.7241935483871,61.3,30.0,2.0,0.0,0.0,-0.06666666666666667,0.8630107526881723,15.0,0.8117252759010382,31.756666666666668,49.25,14.0,0.0,0.06666666666666667,0.0,0.06666666666666667,0.809968253968254,2.0,7.233696709524977,0.0,0.0,0.0,2.0,0.06666666666666667,0.0,0.0,0.0,33.0,0.02183111367521915,34.868181818181824,58.6,32.0,2.0,0.0,0.0,-0.06666666666666667,0.8728282828282832,15.0,0.28434752615998027,30.82,48.45,14.0,0.0,0.06666666666666667,0.0,0.06666666666666667,0.7953809523809525,2.0,4.638049328952167,0.0,0.0,0.0,2.0,0.06666666666666667,0.0,0.0,0.0,11.0,0.5598608752808739,5.359090909090909,15.4,8.0,0.0,0.06666666666666667,0.0,0.4666666666666667,0.35460606060606065,4.0,2.224070510444909,0.225,0.9,1.0,0.0,0.06666666666666667,0.4666666666666667,-0.4666666666666667,-2.774333333333333,1.0,0.6212424987960627,0.0,0.0,0.0,2.0,0.0,0.0,0.0,0.0,2.0,6.919707481374498,6.3,12.6,1.0,0.0,0.06666666666666667,0.0,0.06666666666666667,0.42,2.0,5.520640026070954,0.2,0.4,1.0,0.0,0.06666666666666667,0.5333333333333333,-0.4666666666666667,-3.187037037037037,0.0,0.0,22.0,9.977272727272727,16.0,43.375,1.0,0.0,23.0,9.076086956521738,16.0,42.203125,1.0,0.0,12.0,17.2,4.0,8.725,0.0,0.0,3.0,10.966666666666667,3.0,7.25
rush_hour_seed1,rush_hour,1,481.25,496.25,136.0,2.240778505129292,22.43455882352941,96.0,28.75,1.0,11.759908322072784,0.0,0.0,0.0,2.0,0.06666666666666667,0.06666666666666667,0.0,0.0,30.0,0.07603012512664767,32.99833333333333,55.75,27.0,2.0,0.0,0.06666666666666667,-0.26666666666666666,0.5479534050179209,15.0,0.6162286528757298,32.690000000000005,50.25,14.0,0.0,0.06666666666666667,0.0,0.06666666666666667,0.8102857142857147,1.0,13.883059933400947,0.0,0.0,0.0,2.0,0.06666666666666667,0.06666666666666667,0.0,0.0,32.0,0.07508626979284226,31.5671875,53.75,29.0,2.0,0.0,0.06666666666666667,-0.26666666666666666,0.5860953282828282,15.0,0.41477673957632893,31.753333333333334,49.45,14.0,0.0,0.06666666666666667,0.0,0.06666666666666667,0.7956984126984127,1.0,10.843314047814795,0.0,0.0,0.0,2.0,0.06666666666666667,0.06666666666666667,0.0,0.0,11.0,0.6855202180412246,6.131818181818182,16.4,9.0,0.0,0.06666666666666667,0.0,0.5333333333333333,0.39945454545454545,4.0,2.171657737699415,0.475,1.9,1.0,0.0,0.06666666666666667,0.4,-0.26666666666666666,-1.470185185185185,0.0,0.0,0.0,0.0,0.0,2.0,0.0,0.06666666666666667,0.0,0.0,2.0,6.940355057488196,6.8,13.6,1.0,0.0,0.06666666666666667,0.0,0.06666666666666667,0.4533333333333333,2.0,4.203577715999309,0.7,1.4,1.0,0.0,0.0,0.4666666666666667,-0.26666666666666666,-1.5092592592592593,0.0,0.0,22.0,6.618181818181819,16.0,44.3125,1.0,0.0,22.0,7.988636363636363,16.0,43.140625,1.0,0.0,12.0,18.1125,4.0,9.475,0.0,0.0,3.0,11.633333333333333,3.0,7.916666666666667
rush_hour_seed1,rush_hour,1,482.25,497.25,135.0,2.317394756065272,21.69037037037037,92.0,27.75,1.0,11.757897576966986,0.0,0.0,0.0,2.0,0.06666666666666667,0.06666666666666667,0.0,0.0,30.0,0.22161958471598925,30.19833333333333,53.05,25.0,2.0,0.0,0.06666666666666667,-0.4,0.29462007168458776,15.0,0.42159337579031303,33.623333333333335,51.25,14.0,0.0,0.06666666666666667,0.0,0.06666666666666667,0.8106031746031747,1.0,13.874008684596047,0.0,0.0,0.0,2.0,0.06666666666666667,0.06666666666666667,0.0,0.0,32.0,0.23179915819717506,29.1015625,51.95,27.0,2.0,0.0,0.06666666666666667,-0.4,0.35505366161616153,15.0,0.5528329220751405,32.68666666666667,50.45,14.0,0.0,0.06666666666666667,0.0,0.06666666666666667,0.7960158730158732,1.0,12.162326108907289,0.0,0.0,0.0,2.0,0.06666666666666667,0.06666666666666667,0.0,0.0,11.0,0.820823779272763,6.95,17.4,9.0,0.0,0.06666666666666667,0.0,0.5333333333333333,0.4473333333333333,4.0,2.278270424593014,0.725,2.9,1.0,0.0,0.06666666666666667,0.4,-0.13333333333333333,-0.5957407407407408,0.0,0.0,0.0,0.0,0.0,2.0,0.0,0.06666666666666667,0.0,0.0,2.0,6.782293571188852,7.3,14.6,1.0,0.0,0.06666666666666667,0.0,0.06666666666666667,0.48666666666666664,2.0,3.0300295249715075,1.2,2.4,1.0,0.0,0.0,0.4666666666666667,-0.13333333333333333,-0.5488888888888889,1.0,0.0,21.0,5.257142857142857,16.0,45.25,1.0,0.0,22.0,4.7749999999999995,16.0,44.078125,1.0,0.0,12.0,19.029166666666665,4.0,10.225,0.0,0.0,4.0,9.225,3.0,8.583333333333334
rush_hour_seed1,rush_hour,1,483.25,498.25,138.0,2.6575763847020926,20.370652173913044,89.0,26.75,2.0,11.793679808411362,0.0,0.0,0.0,2.0,0.13333333333333333,0.06666666666666667,0.0,0.0,29.0,0.2879080127176893,28.43103448275862,51.3,23.0,2.0,0.0,0.13333333333333333,-0.5333333333333333,0.11013348164627364,15.0,0.2592629744488952,34.556666666666665,52.25,14.0,0.0,0.06666666666666667,0.0,0.06666666666666667,0.8109206349206348,1.0,13.841894925512607,0.0,0.0,0.0,2.0,0.06666666666666667,0.06666666666666667,0.0,0.0,31.0,0.3213347507114842,27.570967741935487,49.1,25.0,2.0,0.0,0.13333333333333333,-0.5333333333333333,0.18634734441186065,15.0,0.6864444820036992,33.62,51.45,14.0,0.0,0.06666666666666667,0.0,0.06666666666666667,0.7963333333333331,1.0,12.123016715807314,0.0,0.0,0.0,2.0,0.06666666666666667,0.06666666666666667,0.0,0.0,11.0,0.9726630789950769,7.854545454545455,18.4,10.0,0.0,0.06666666666666667,0.0,0.5333333333333333,0.5006363636363637,4.0,2.4985745545618965,0.975,3.9,1.0,0.0,0.06666666666666667,0.4,-0.06666666666666667,-0.22574074074074071,1.0,13.885724574798951,0.0,0.0,0.0,2.0,0.06666666666666667,0.06666666666666667,0.0,0.0,3.0,5.270998331680018,5.2,15.6,1.0,0.0,0.13333333333333333,0.0,0.0,0.3066666666666667,2.0,2.0237953427193554,1.7,3.4,1.0,0.0,0.0,0.4,0.0,0.0525,1.0,0.0,20.0,1.825,16.0,46.1875,1.0,0.0,21.0,1.657142857142857,16.0,45.015625,1.0,0.0,12.0,19.945833333333333,4.0,10.975,0.0,0.0,4.0,9.725000000000001,3.0,9.25
rush_hour_seed1,rush_hour,1,484.25,499.25,137.0,2.8144782975066756,20.42153284671533,87.0,25.75,2.0,12.892619496976689,0.0,0.0,0.0,2.0,0.13333333333333333,0.06666666666666667,0.0,0.0,29.0,0.5223010863165367,27.42068965517241,50.75,22.0,2.0,0.0,0.13333333333333333,-0.6,-0.023889506859473643,15.0,0.13906457829515398,35.49,53.25,14.0,0.0,0.06666666666666667,0.0,0.06666666666666667,0.8112380952380953,1.0,13.87139528786298,0.0,0.0,0.0,2.0,0.06666666666666667,0.06666666666666667,0.0,0.0,31.0,0.5876734380182708,26.761290322580646,49.05,24.0,2.0,0.0,0.13333333333333333,-0.6,0.06570218312153789,15.0,0.8169251405598709,34.55333333333333,52.45,14.0,0.0,0.06666666666666667,0.0,0.06666666666666667,0.7966507936507933,1.0,12.174764759181706,0.0,0.0,0.0,2.0,0.06666666666666667,0.06666666666666667,0.0,0.0,11.0,1.070513706769509,8.763636363636364,19.4,10.0,0.0,0.06666666666666667,0.0,0.5333333333333333,0.5479090909090909,4.0,2.8311463212355146,1.225,4.9,1.0,0.0,0.06666666666666667,0.3333333333333333,0.06666666666666667,0.08166666666666668,1.0,13.86207731054863,0.0,0.0,0.0,2.0,0.06666666666666667,0.06666666666666667,0.0,0.0,3.0,4.8263481187885295,5.533333333333334,16.6,1.0,0.0,0.13333333333333333,0.0,0.0,0.26222222222222225,2.0,1.2561750292881575,2.2,4.4,1.0,0.0,0.0,0.4,0.06666666666666667,0.14666666666666667,1.0,0.0,19.0,0.0,16.0,47.125,1.0,0.0,21.0,0.0,16.0,45.953125,1.0,0.0,12.0,20.8625,4.0,11.725,0.0,0.0,4.0,10.225000000000001,3.0,9.916666666666666
rush_hour_seed1,rush_hour,1,485.25,500.25,135.0,2.8874037630007936,19.87962962962963,84.0,24.75,2.0,13.21600945148083,0.0,0.0,0.0,2.0,0.06666666666666667,0.06666666666666667,-0.06666666666666667,-0.016666666666666666,28.0,0.608630109542892,25.516071428571426,49.45,20.0,2.0,0.0,0.2,-0.7333333333333333,-0.21753072196620593,15.0,0.0646820658812773,36.42333333333333,54.25,14.0,0.0,0.06666666666666667,0.0,0.06666666666666667,0.8115555555555555,1.0,13.862378029640531,0.0,0.0,0.0,2.0,0.06666666666666667,0.06666666666666667,0.0,0.0,30.0,0.7165212001163874,25.165000000000003,47.5,22.0,2.0,0.0,0.2,-0.7333333333333333,-0.1073838383838383,15.0,0.7583253515735987,35.486666666666665,53.45,14.0,0.0,0.06666666666666667,0.0,0.06666666666666667,0.796968253968254,1.0,12.158634653888582,0.0,0.0,0.0,2.0,0.06666666666666667,0.06666666666666667,0.0,0.0,11.0,1.0694927702851564,9.672727272727274,20.4,10.0,0.0,0.06666666666666667,0.0,0.4666666666666667,0.5931818181818183,4.0,3.2094297539819197,1.5750000000000002,5.9,2.0,0.0,0.06666666666666667,0.3333333333333333,0.13333333333333333,0.10500000000000001,1.0,13.841701031457633,0.0,0.0,0.0,2.0,0.06666666666666667,0.06666666666666667,0.0,0.0,3.0,4.550966995630264,5.866666666666667,17.6,1.0,0.0,0.06666666666666667,0.0,0.0,0.30444444444444446,2.0,0.6976831482218394,2.7,5.4,1.0,0.0,0.0,0.3333333333333333,0.06666666666666667,0.18000000000000002,1.0,0.0,19.0,0.0,16.0,48.0625,1.0,0.0,20.0,0.0,16.0,46.890625,1.0,0.0,12.0,21.77916666666667,5.0,10.17,0.0,0.0,4.0,10.725000000000001,3.0,10.583333333333334
rush_hour_seed1,rush_hour,1,486.25,501.25,135.0,3.1148659758905546,19.067777777777778,80.0,23.75,1.0,14.684593481502564,0.0,0.0,0.0,2.0,0.06666666666666667,0.13333333333333333,-0.06666666666666667,-0.05,28.0,0.9067143299914546,22.705357142857142,47.5,18.0,2.0,0.0,0.2,-0.8666666666666667,-0.47157834101382484,15.0,0.025955889833080333,37.35666666666667,55.25,14.0,0.0,0.06666666666666667,0.0,0.06666666666666667,0.8118730158730162,1.0,13.880145386348014,0.0,0.0,0.0,2.0,0.06666666666666667,0.06666666666666667,0.0,0.0,29.0,0.854638352946319,23.518965517241377,45.0,20.0,2.0,0.0,0.26666666666666666,-0.8666666666666667,-0.28378613723441337,15.0,0.5507931372453269,36.419999999999995,54.45,14.0,0.0,0.06666666666666667,0.0,0.06666666666666667,0.7972857142857139,1.0,12.12920759948989,0.0,0.0,0.0,2.0,0.06666666666666667,0.06666666666666667,0.0,0.0,11.0,1.0686820128010475,10.581818181818182,21.4,10.0,0.0,0.06666666666666667,0.0,0.4666666666666667,0.6337878787878789,4.0,3.1688105087163048,2.075,6.9,2.0,0.0,0.06666666666666667,0.26666666666666666,0.13333333333333333,0.13833333333333334,1.0,13.861974169776078,0.0,0.0,0.0,2.0,0.06666666666666667,0.06666666666666667,0.0,0.0,3.0,4.421589375176059,6.2,18.6,1.0,0.0,0.06666666666666667,0.0,0.0,0.29333333333333333,2.0,0.362494880737777,3.2,6.4,1.0,0.0,0.0,0.3333333333333333,0.06666666666666667,0.21333333333333335,1.0,0.0,18.0,0.0,16.0,49.0,0.0,0.0,19.0,0.0,16.0,47.828125,1.0,0.0,12.0,22.695833333333336,5.0,10.969999999999999,0.0,0.0,4.0,11.225000000000001,3.0,11.25
rush_hour_seed1,rush_hour,1,487.25,502.25,135.0,3.3105043050968233,18.964814814814815,79.0,22.75,1.0,14.697324581387521,0.0,0.0,0.0,2.0,0.06666666666666667,0.13333333333333333,-0.06666666666666667,-0.08333333333333333,27.0,0.9896865624438619,22.416666666666668,46.8,17.0,2.0,0.0,0.26666666666666666,-0.9333333333333333,-0.5574910394265231,15.0,0.00985744578877492,38.29,56.25,14.0,0.0,0.06666666666666667,0.0,0.06666666666666667,0.8121904761904761,0.0,0.0,0.0,0.0,0.0,2.0,0.0,0.06666666666666667,0.0,0.0,29.0,1.255375216276572,22.622413793103448,45.0,19.0,2.0,0.0,0.26666666666666666,-0.9333333333333333,-0.4102229188436086,15.0,0.3669043378062502,37.35333333333333,55.45,14.0,0.0,0.06666666666666667,0.0,0.06666666666666667,0.7976031746031746,1.0,12.175477596000707,0.0,0.0,0.0,2.0,0.06666666666666667,0.06666666666666667,0.0,0.0,11.0,0.8628245524922517,11.490909090909092,22.4,10.0,0.0,0.06666666666666667,0.0,0.4,0.6690606060606061,4.0,3.1493453455798077,2.725,7.9,3.0,0.0,0.06666666666666667,0.2,0.2,0.18166666666666667,1.0,13.838173172136303,0.0,0.0,0.0,2.0,0.06666666666666667,0.06666666666666667,0.0,0.0,3.0,4.337819974897685,6.533333333333334,19.6,1.0,0.0,0.06666666666666667,0.0,0.0,0.28222222222222226,2.0,0.17798793488491382,3.7,7.4,1.0,0.0,0.0,0.26666666666666666,0.06666666666666667,0.24666666666666667,1.0,0.0,18.0,0.0,16.0,49.96875,0.0,0.0,19.0,0.0,16.0,48.765625,1.0,0.0,12.0,23.612499999999997,5.0,11.77,0.0,0.0,4.0,11.725000000000001,3.0,11.916666666666666
rush_hour_seed1,rush_hour,1,488.25,503.25,136.0,3.3542015064636823,18.05404411764706,77.0,21.75,1.0,14.654294547746957,0.0,0.0,0.0,2.0,0.06666666666666667,0.13333333333333333,-0.06666666666666667,-0.11666666666666667,26.0,1.0332390507654154,20.332692307692305,44.8,15.0,2.0,0.0,0.3333333333333333,-1.0666666666666667,-0.7630893300248139,16.0,0.0035345727082876895,36.8125,57.25,16.0,0.0,0.13333333333333333,0.0,0.2,0.6517857142857143,1.0,13.89,0.0,0.0,0.0,2.0,0.06666666666666667,0.06666666666666667,0.0,0.0,28.0,1.3565685554500335,20.860714285714288,43.9,17.0,2.0,0.0,0.3333333333333333,-1.0666666666666667,-0.5943362193362193,15.0,0.2199845084232779,38.28666666666666,56.45,14.0,0.0,0.06666666666666667,0.0,0.06666666666666667,0.7979206349206346,1.0,12.150980782470139,0.0,0.0,0.0,2.0,0.06666666666666667,0.06666666666666667,-0.06666666666666667,-0.030000000000000002,11.0,0.6369425453464876,12.4,23.4,10.0,0.0,0.06666666666666667,0.0,0.4,0.703,4.0,3.138627206705372,3.475,8.9,3.0,0.0,0.06666666666666667,0.2,0.2,0.23166666666666666,1.0,13.848448533568298,0.0,0.0,0.0,2.0,0.06666666666666667,0.06666666666666667,0.0,0.0,3.0,4.089635249146493,6.866666666666667,20.6,1.0,0.0,0.06666666666666667,0.0,0.0,0.27111111111111114,3.0,0.7895041251396148,2.8000000000000003,8.4,1.0,0.0,0.06666666666666667,0.2,0.06666666666666667,0.18666666666666668,1.0,0.0,17.0,0.0,17.0,47.970588235294116,1.0,0.0,18.0,0.0,16.0,49.703125,1.0,0.0,13.0,22.64230769230769,5.0,12.57,1.0,0.0,4.0,12.225000000000001,3.0,12.583333333333334
rush_hour_seed1,rush_hour,1,489.25,504.25,135.0,3.4584971700046934,17.756296296296295,74.0,20.75,1.0,14.730530288583667,0.0,0.0,0.0,2.0,0.06666666666666667,0.13333333333333333,-0.06666666666666667,-0.15,26.0,1.3662725881971096,19.148076923076925,43.8,14.0,2.0,0.0,0.3333333333333333,-1.1333333333333333,-0.9087303556658396,16.0,0.1482339074049532,37.75,58.25,15.0,0.0,0.06666666666666667,0.0,0.06666666666666667,0.7728888888888886,1.0,13.845235357382336,0.0,0.0,0.0,2.0,0.06666666666666667,0.13333333333333333,0.0,0.0,27.0,1.4500275438368053,18.97407407407407,42.55,15.0,2.0,0.0,0.4,-1.2,-0.7867789001122337,15.0,0.11101008036374171,39.22,57.45,14.0,0.0,0.06666666666666667,0.0,0.06666666666666667,0.7982380952380953,1.0,12.15458043837192,0.0,0.0,0.0,2.0,0.06666666666666667,0.06666666666666667,-0.06666666666666667,-0.09666666666666666,11.0,0.44182180893003925,13.30909090909091,24.4,10.0,0.0,0.06666666666666667,0.0,0.4,0.736939393939394,4.0,3.126689976198729,4.2250000000000005,9.9,3.0,0.0,0.06666666666666667,0.13333333333333333,0.2,0.2816666666666667,1.0,13.886583786240081,0.0,0.0,0.0,2.0,0.06666666666666667,0.06666666666666667,0.0,0.0,3.0,3.976618012665952,7.2,21.6,1.0,0.0,0.06666666666666667,0.0,0.0,0.26,3.0,1.3823901768926807,3.25,9.4,2.0,0.0,0.06666666666666667,0.2,0.13333333333333333,0.21666666666666667,1.0,0.0,16.0,0.0,17.0,48.911764705882355,1.0,0.0,17.0,0.0,16.0,50.640625,1.0,0.0,13.0,23.488461538461536,5.0,13.37,1.0,0.0,4.0,12.825000000000001,3.0,13.25
rush_hour_seed1,rush_hour,1,490.25,505.25,135.0,3.5968053816900754,17.33703703703704,72.0,19.75,1.0,14.725983730058253,0.0,0.0,0.0,2.0,0.06666666666666667,0.13333333333333333,-0.06666666666666667,-0.18333333333333332,25.0,1.4920915241660302,18.682000000000002,42.9,13.0,2.0,0.0,0.4,-1.2,-1.006468817204301,16.0,0.26786694141287676,38.6875,59.25,15.0,0.0,0.06666666666666667,0.0,0.06666666666666667,0.7731666666666667,1.0,13.831917433926138,0.0,0.0,0.0,2.0,0.06666666666666667,0.13333333333333333,-0.06666666666666667,-0.0033333333333333335,26.0,1.5543977026508327,16.96923076923077,41.2,13.0,2.0,0.0,0.4666666666666667,-1.3333333333333333,-0.987101787101787,15.0,0.0492674613415417,40.15333333333333,58.45,14.0,0.0,0.06666666666666667,0.0,0.06666666666666667,0.7985555555555552,1.0,12.162185088313125,0.0,0.0,0.0,2.0,0.06666666666666667,0.06666666666666667,-0.06666666666666667,-0.16333333333333336,12.0,0.32428767036751266,13.033333333333333,25.4,10.0,0.0,0.13333333333333333,0.0,0.3333333333333333,0.6858888888888889,4.0,3.125112575257251,4.9750000000000005,10.9,3.0,0.0,0.06666666666666667,0.06666666666666667,0.2,0.3316666666666667,1.0,13.844147960016272,0.0,0.0,0.0,2.0,0.06666666666666667,0.06666666666666667,0.0,0.0,3.0,3.9374460261107753,7.633333333333334,22.6,2.0,0.0,0.06666666666666667,0.0,0.06666666666666667,0.2555555555555556,3.0,2.0138256216560855,3.9166666666666665,10.4,2.0,0.0,0.06666666666666667,0.13333333333333333,0.13333333333333333,0.2611111111111111,1.0,0.0,16.0,0.0,17.0,49.85294117647059,1.0,0.0,16.0,0.0,16.0,51.578125,1.0,0.0,13.0,24.334615384615383,5.0,14.169999999999998,1.0,0.0,4.0,13.575000000000001,3.0,13.916666666666666
rush_hour_seed1,rush_hour,1,491.25,506.25,134.0,3.7428703223848534,17.038432835820895,69.0,18.75,1.0,14.698535823437453,0.0,0.0,0.0,2.0,0.06666666666666667,0.13333333333333333,-0.06666666666666667,-0.21666666666666667,25.0,1.8869380179648656,15.716,41.9,11.0,2.0,0.0,0.4,-1.3333333333333333,-1.2708688172043006,16.0,0.38819505003341265,39.625,60.25,15.0,0.0,0.06666666666666667,0.0,0.06666666666666667,0.7734444444444445,1.0,13.883912698760396,0.0,0.0,0.0,2.0,0.06666666666666667,0.13333333333333333,-0.06666666666666667,-0.03666666666666667,26.0,1.9413253152450733,15.846153846153847,40.85,12.0,2.0,0.0,0.4666666666666667,-1.4,-1.1286402486402485,15.0,0.019421934080436503,41.086666666666666,59.45,14.0,0.0,0.06666666666666667,0.0,0.06666666666666667,0.7988730158730158,1.0,12.16765946197527,0.0,0.0,0.0,2.0,0.0,0.06666666666666667,-0.06666666666666667,-0.115,12.0,0.394362021571059,13.866666666666667,26.4,10.0,0.0,0.13333333333333333,0.0,0.3333333333333333,0.708111111111111,4.0,3.1247666136629824,5.725,11.9,3.0,0.0,0.06666666666666667,0.06666666666666667,0.2,0.38166666666666665,1.0,13.874558689318365,0.0,0.0,0.0,2.0,0.06666666666666667,0.06666666666666667,0.0,0.0,3.0,3.916207286935682,8.3,23.6,2.0,0.0,0.06666666666666667,0.0,0.06666666666666667,0.2666666666666667,3.0,2.608717827039572,4.583333333333333,11.4,2.0,0.0,0.06666666666666667,0.06666666666666667,0.13333333333333333,0.3055555555555555,1.0,0.0,15.0,0.0,17.0,50.794117647058826,1.0,0.0,15.0,0.0,16.0,52.515625,1.0,0.0,13.0,25.215384615384615,5.0,14.969999999999999,1.0,0.0,4.0,14.325000000000001,3.0,14.583333333333334
rush_hour_seed1,rush_hour,1,492.25,507.25,133.0,3.91884554736302,16.743233082706766,66.0,17.75,1.0,14.728304615720242,0.0,0.0,0.0,2.0,0.06666666666666667,0.13333333333333333,-0.06666666666666667,-0.25,24.0,2.027098459646108,15.041666666666666,41.9,10.0,2.0,0.0,0.4666666666666667,-1.4,-1.382491039426523,16.0,0.5032272546063374,40.5625,61.25,15.0,0.0,0.06666666666666667,0.0,0.06666666666666667,0.7737222222222222,1.0,13.886115953963017,0.0,0.0,0.0,2.0,0.06666666666666667,0.13333333333333333,-0.06666666666666667,-0.07,25.0,2.0865261797899417,13.664000000000001,39.55,10.0,2.0,0.0,0.5333333333333333,-1.5333333333333334,-1.3407838383838382,15.0,0.007204982056377868,42.019999999999996,60.45,14.0,0.0,0.06666666666666667,0.0,0.06666666666666667,0.7991904761904761,1.0,12.116609942704379,0.0,0.0,0.0,2.0,0.0,0.06666666666666667,-0.06666666666666667,-0.14833333333333334,12.0,0.4895873536157925,14.700000000000001,27.4,10.0,0.0,0.06666666666666667,0.0,0.26666666666666666,0.7512121212121213,4.0,2.8685610675043067,6.475,12.9,3.0,0.0,0.06666666666666667,0.0,0.2,0.43166666666666664,1.0,13.853572493239772,0.0,0.0,0.0,2.0,0.06666666666666667,0.06666666666666667,-0.06666666666666667,-0.056666666666666664,3.0,3.906268174122966,8.966666666666667,24.6,2.0,0.0,0.06666666666666667,0.0,0.06666666666666667,0.2777777777777778,3.0,3.2152878339514337,5.25,12.4,2.0,0.0,0.06666666666666667,0.0,0.13333333333333333,0.35,1.0,0.0,15.0,0.0,17.0,51.73529411764706,1.0,0.0,15.0,0.0,16.0,53.453125,1.0,0.0,13.0,26.138461538461538,5.0,15.77,1.0,0.0,4.0,15.075000000000001,3.0,15.25
rush_hour_seed1,rush_hour,1,493.25,508.25,131.0,3.9743642509421298,16.553053435114503,64.0,16.75,1.0,14.740124764139832,0.0,0.0,0.0,2.0,0.06666666666666667,0.13333333333333333,-0.06666666666666667,-0.2833333333333333,24.0,2.461773166454079,11.925000000000002,40.0,8.0,2.0,0.0,0.4666666666666667,-1.5333333333333334,-1.6569354838709671,16.0,0.627121089627904,41.5,62.25,15.0,0.0,0.06666666666666667,0.0,0.06666666666666667,0.7739999999999999,1.0,13.86727545279544,0.0,0.0,0.0,2.0,0.06666666666666667,0.13333333333333333,-0.06666666666666667,-0.10333333333333333,25.0,2.4999325018994245,12.442,39.55,9.0,2.0,0.0,0.5333333333333333,-1.6,-1.4889171717171716,15.0,0.0025872753499449766,43.016666666666666,61.45,15.0,0.0,0.06666666666666667,0.0,0.06666666666666667,0.7996825396825396,0.0,0.0,0.0,0.0,0.0,2.0,0.0,0.13333333333333333,-0.06666666666666667,-0.18166666666666667,12.0,0.6096170324649064,15.533333333333333,28.4,10.0,0.0,0.06666666666666667,0.0,0.2,0.7694949494949496,4.0,2.0809111724709544,7.225,13.9,3.0,0.0,0.06666666666666667,0.0,0.2,0.48166666666666663,1.0,13.863310942456593,0.0,0.0,0.0,2.0,0.06666666666666667,0.06666666666666667,-0.06666666666666667,-0.12333333333333334,3.0,3.9087654725017402,9.633333333333335,25.6,2.0,0.0,0.06666666666666667,0.0,0.06666666666666667,0.288888888888889,3.0,3.9032811208899694,5.916666666666667,13.4,2.0,0.0,0.06666666666666667,0.0,0.13333333333333333,0.3944444444444445,1.0,0.0,15.0,0.0,17.0,52.6764705882353,1.0,0.0,14.0,0.0,16.0,54.440625,1.0,0.0,13.0,27.06153846153846,5.0,16.57,1.0,0.0,4.0,15.825000000000001,3.0,16.166666666666668
rush_hour_seed1,rush_hour,1,494.25,509.25,130.0,3.993867811249391,16.545384615384616,62.0,15.75,1.0,14.660001603200168,0.0,0.0,0.0,2.0,0.06666666666666667,0.13333333333333333,-0.06666666666666667,-0.31666666666666665,23.0,2.5853792227958525,11.008695652173914,39.7,7.0,2.0,0.0,0.5333333333333333,-1.6,-1.7846891070593733,16.0,0.7427614656144274,42.4375,63.25,15.0,0.0,0.06666666666666667,0.0,0.06666666666666667,0.7742777777777777,1.0,13.880893756326987,0.0,0.0,0.0,2.0,0.06666666666666667,0.13333333333333333,-0.06666666666666667,-0.13666666666666666,24.0,2.657700175653867,11.645833333333334,38.7,8.0,2.0,0.0,0.6,-1.6666666666666667,-1.6086616161616158,16.0,0.04002342385297639,41.265625,62.45,15.0,0.0,0.06666666666666667,0.0,0.06666666666666667,0.7585972222222223,0.0,0.0,0.0,0.0,0.0,2.0,0.0,0.13333333333333333,-0.06666666666666667,-0.215,12.0,0.7424984018770354,16.366666666666667,29.4,10.0,0.0,0.06666666666666667,0.0,0.13333333333333333,0.7823232323232323,4.0,1.399652204460634,7.975,14.9,3.0,0.0,0.06666666666666667,0.0,0.2,0.5316666666666666,1.0,13.842807205219287,0.0,0.0,0.0,2.0,0.06666666666666667,0.06666666666666667,-0.06666666666666667,-0.19,3.0,3.90617558627887,10.3,26.6,2.0,0.0,0.06666666666666667,0.0,0.06666666666666667,0.30000000000000004,3.0,4.564761195166946,6.583333333333333,14.4,2.0,0.0,0.06666666666666667,0.0,0.13333333333333333,0.4388888888888889,1.0,0.0,15.0,0.0,17.0,53.61764705882353,1.0,0.0,15.0,0.0,16.0,55.440625,1.0,0.0,13.0,27.984615384615385,5.0,17.369999999999997,1.0,0.0,4.0,16.575,4.0,12.875
rush_hour_seed1,rush_hour,1,495.25,510.25,131.0,4.169914860979252,15.980534351145037,59.0,14.75,0.0,0.0,0.0,0.0,0.0,2.0,0.0,0.13333333333333333,0.0,0.0,22.0,2.7108379782643053,9.977272727272727,39.45,6.0,2.0,0.0,0.6,-1.6,-1.7831280547409583,16.0,0.603755685503903,43.375,64.25,15.0,0.0,0.06666666666666667,0.0,0.06666666666666667,0.7745555555555554,1.0,13.82638542693574,0.0,0.0,0.0,2.0,0.06666666666666667,0.13333333333333333,0.0,0.0,23.0,2.8329928081969498,9.076086956521738,38.0,6.0,2.0,0.0,0.6666666666666666,-1.7333333333333334,-1.7194729907773392,16.0,0.18341534839007417,42.203125,63.45,15.0,0.0,0.06666666666666667,0.0,0.06666666666666667,0.758875,1.0,11.719269879813597,0.0,0.0,0.0,2.0,0.06666666666666667,0.13333333333333333,0.0,0.0,12.0,0.8870325338635493,17.2,30.4,10.0,0.0,0.06666666666666667,0.0,0.13333333333333333,0.7893939393939393,4.0,0.8305258348874699,8.725,15.9,3.0,0.0,0.0,0.0,0.13333333333333333,0.5666666666666667,0.0,0.0,0.0,0.0,0.0,2.0,0.0,0.06666666666666667,0.0,0.0,3.0,3.6430929349718695,10.966666666666667,27.6,2.0,0.0,0.06666666666666667,0.0,0.06666666666666667,0.3111111111111111,3.0,4.618022185361428,7.25,15.4,2.0,0.0,0.06666666666666667,0.0,0.06666666666666667,0.47,0.0,0.0,15.0,0.0,17.0,54.55882352941177,1.0,0.0,14.0,0.0,17.0,53.120588235294115,0.0,0.0,13.0,28.907692307692308,5.0,18.169999999999998,1.0,0.0,4.0,17.325,4.0,13.625
rush_hour_seed1,rush_hour,1,498.25,513.25,130.0,4.527332723586592,14.465,50.0,11.75,1.0,13.864436850580388,0.0,0.0,0.0,2.0,0.06666666666666667,0.13333333333333333,0.0,0.0,20.0,3.4463001012974614,1.825,36.5,1.0,2.0,0.0,0.6,-1.4666666666666666,-1.773735632183908,16.0,0.14683402465994616,46.1875,67.25,15.0,0.0,0.06666666666666667,0.0,0.06666666666666667,0.775388888888889,1.0,13.864155242163688,0.0,0.0,0.0,2.0,0.06666666666666667,0.06666666666666667,0.0,0.0,21.0,3.6817579173907404,1.657142857142857,34.8,1.0,2.0,0.0,0.6666666666666666,-1.6,-1.727588325652842,16.0,0.5472021841978996,45.015625,66.45,15.0,0.0,0.06666666666666667,0.0,0.06666666666666667,0.7597083333333335,1.0,11.706046398383856,0.0,0.0,0.0,2.0,0.06666666666666667,0.06666666666666667,0.0,0.0,12.0,0.9802957933439593,19.945833333333333,33.4,11.0,0.0,0.06666666666666667,0.0,0.06666666666666667,0.8060858585858585,4.0,0.07492955679111299,10.975,18.9,3.0,0.0,0.0,0.0,0.13333333333333333,0.6666666666666666,0.0,0.0,0.0,0.0,0.0,2.0,0.0,0.06666666666666667,0.0,0.0,4.0,2.067767949854217,9.725000000000001,30.6,2.0,0.0,0.06666666666666667,0.0,0.06666666666666667,0.30166666666666675,3.0,4.6236838395392,9.25,18.4,2.0,0.0,0.06666666666666667,0.0,0.06666666666666667,0.5033333333333333,1.0,0.0,15.0,0.03333333333333333,17.0,52.544117647058826,1.0,0.0,16.0,0.08125,17.0,51.15294117647059,0.0,0.0,13.0,31.676923076923075,5.0,20.57,1.0,0.0,5.0,15.66,4.0,15.875
rush_hour_seed1,rush_hour,1,499.25,514.25,129.0,4.636099039227457,14.396511627906978,48.0,10.75,1.0,13.849294443395921,0.0,0.0,0.0,2.0,0.06666666666666667,0.13333333333333333,0.0,0.0,19.0,3.613467578626797,0.0,0.0,0.0,2.0,0.0,0.6666666666666666,-1.4666666666666666,-1.828045977011494,16.0,0.06891197385107826,47.125,68.25,15.0,0.0,0.06666666666666667,0.0,0.06666666666666667,0.7756666666666665,1.0,13.826684335003375,0.0,0.0,0.0,2.0,0.06666666666666667,0.06666666666666667,0.0,0.0,21.0,4.145346466194196,0.0,0.0,0.0,2.0,0.0,0.6666666666666666,-1.6,-1.7840860215053764,16.0,0.6637280670587862,45.953125,67.45,15.0,0.0,0.06666666666666667,0.0,0.06666666666666667,0.7599861111111115,1.0,11.759938312538958,0.0,0.0,0.0,2.0,0.06666666666666667,0.06666666666666667,0.0,0.0,12.0,0.8149859295610046,20.8625,34.4,11.0,0.0,0.06666666666666667,0.0,0.06666666666666667,0.8065909090909091,4.0,0.027766146214786545,11.725,19.9,3.0,0.0,0.0,0.0,0.13333333333333333,0.7,0.0,0.0,0.0,0.0,0.0,2.0,0.0,0.06666666666666667,0.0,0.0,4.0,2.108507181571305,10.225000000000001,31.6,2.0,0.0,0.06666666666666667,0.0,0.06666666666666667,0.3127777777777778,3.0,4.617380075386791,9.916666666666666,19.4,2.0,0.0,0.06666666666666667,0.0,0.06666666666666667,0.5144444444444444,1.0,0.0,16.0,0.09375,16.0,42.240625,1.0,0.0,16.0,0.14375,16.0,40.978125,1.0,0.0,13.0,32.599999999999994,5.0,21.369999999999997,1.0,0.0,5.0,16.259999999999998,4.0,16.625
rush_hour_seed1,rush_hour,1,500.25,515.25,128.0,4.607967289563864,14.89140625,49.0,9.75,1.0,13.864000706097578,0.0,0.0,0.0,2.0,0.06666666666666667,0.13333333333333333,0.0,0.0,19.0,4.0965160481685015,0.0,0.0,0.0,2.0,0.0,0.6,-1.3333333333333333,-1.7010714285714283,16.0,0.028225032089848646,48.0625,69.25,15.0,0.0,0.06666666666666667,0.0,0.06666666666666667,0.7759444444444445,1.0,13.453336844578715,0.0,0.0,0.0,2.0,0.06666666666666667,0.06666666666666667,0.0,0.0,20.0,4.396880564962138,0.0,0.0,0.0,2.0,0.0,0.6666666666666666,-1.4666666666666666,-1.6776666666666669,16.0,0.7483113669395091,46.890625,68.45,15.0,0.0,0.06666666666666667,0.0,0.06666666666666667,0.7602638888888891,1.0,11.720959412525932,0.0,0.0,0.0,2.0,0.06666666666666667,0.06666666666666667,0.0,0.0,12.0,0.5686549533924019,21.77916666666667,35.4,11.0,0.0,0.06666666666666667,0.0,0.06666666666666667,0.8070959595959597,5.0,0.11094964801501753,10.17,20.9,4.0,0.0,0.06666666666666667,0.0,0.13333333333333333,0.573,0.0,0.0,0.0,0.0,0.0,2.0,0.0,0.06666666666666667,0.0,0.0,4.0,2.271490370056999,10.725000000000001,32.6,2.0,0.0,0.06666666666666667,0.0,0.06666666666666667,0.32388888888888895,3.0,3.99658342277513,10.583333333333334,20.4,2.0,0.0,0.06666666666666667,0.0,0.06666666666666667,0.5255555555555556,1.0,0.0,17.0,0.14705882352941177,16.0,33.7375,1.0,0.25,17.0,0.1941176470588235,16.0,32.615625,1.0,0.0,13.0,33.52307692307692,5.0,22.169999999999998,1.0,0.0,5.0,16.86,4.0,17.375
rush_hour_seed1,rush_hour,1,501.25,516.25,127.0,4.655611368465898,15.394488188976377,49.0,8.75,1.0,13.841106153950095,0.0,0.0,0.0,2.0,0.06666666666666667,0.06666666666666667,0.0,0.0,18.0,4.319542238248099,0.0,0.0,0.0,2.0,0.0,0.6666666666666666,-1.2,-1.5136904761904761,16.0,0.010795413483777208,49.0,70.25,15.0,0.0,0.06666666666666667,0.0,0.06666666666666667,0.776222222222222,0.0,0.0,0.0,0.0,0.0,2.0,0.0,0.06666666666666667,0.0,0.0,19.0,4.635244266280669,0.0,0.0,0.0,2.0,0.0,0.6666666666666666,-1.3333333333333333,-1.5679310344827584,16.0,0.5504748753830982,47.828125,69.45,15.0,0.0,0.06666666666666667,0.0,0.06666666666666667,0.760541666666667,1.0,11.734498323151435,0.0,0.0,0.0,2.0,0.06666666666666667,0.06666666666666667,0.0,0.0,12.0,0.35622993860549745,22.695833333333336,36.4,11.0,0.0,0.06666666666666667,0.0,0.06666666666666667,0.8076010101010103,5.0,0.5208148455486901,10.969999999999999,21.9,4.0,0.0,0.06666666666666667,0.0,0.13333333333333333,0.593,0.0,0.0,0.0,0.0,0.0,2.0,0.0,0.06666666666666667,0.0,0.0,4.0,2.535788401787566,11.225000000000001,33.6,2.0,0.0,0.06666666666666667,0.0,0.06666666666666667,0.3350000000000001,3.0,2.926099775394942,11.25,21.4,2.0,0.0,0.06666666666666667,0.0,0.06666666666666667,0.5366666666666667,1.0,0.0,17.0,0.20588235294117646,16.0,25.443749999999998,1.0,1.25,17.0,0.2529411764705882,16.0,24.3875,1.0,0.0,14.0,31.985714285714284,5.0,22.97,1.0,0.2,5.0,17.46,4.0,18.125
rush_hour_seed1,rush_hour,1,503.25,518.25,127.0,4.8169955610115025,16.177952755905512,50.0,6.75,1.0,13.889831882613944,0.0,0.0,0.0,2.0,0.06666666666666667,0.06666666666666667,0.0,0.0,17.0,5.026583215912714,0.0,0.0,0.0,2.0,0.0,0.6,-1.0,-1.3555128205128204,17.0,0.04598447218975818,47.970588235294116,72.25,16.0,0.0,0.06666666666666667,0.0,0.0,0.7438725490196078,1.0,14.443948641337458,0.0,0.0,0.0,2.0,0.06666666666666667,0.06666666666666667,0.0,0.0,18.0,5.343796988229782,0.0,0.0,0.0,2.0,0.0,0.6666666666666666,-1.1333333333333333,-1.3907142857142858,16.0,0.22470270635836495,49.703125,71.45,15.0,0.0,0.06666666666666667,0.0,0.06666666666666667,0.7610972222222225,1.0,11.718420237353364,0.0,0.0,0.0,2.0,0.06666666666666667,0.06666666666666667,0.0,0.0,13.0,0.15367088536768017,22.64230769230769,38.4,11.0,0.0,0.13333333333333333,0.0,0.06666666666666667,0.6828205128205126,5.0,1.3046789650709636,12.57,23.9,4.0,0.0,0.06666666666666667,0.0,0.06666666666666667,0.6063333333333334,1.0,14.494122024934738,0.0,0.0,0.0,2.0,0.06666666666666667,0.06666666666666667,0.0,0.0,4.0,3.026087402765633,12.225000000000001,35.6,2.0,0.0,0.06666666666666667,0.0,0.06666666666666667,0.3572222222222223,3.0,1.202829047195878,12.583333333333334,23.4,2.0,0.0,0.0,0.0,0.06666666666666667,0.6522222222222223,1.0,0.0,18.0,0.34444444444444444,15.0,14.546666666666665,2.0,1.625,19.0,0.4368421052631579,14.0,14.185714285714285,1.0,0.0,14.0,33.72857142857143,5.0,24.57,1.0,2.2,5.0,18.67,4.0,19.625
rush_hour_seed1,rush_hour,1,504.25,519.25,125.0,4.9114483581593475,16.84,51.0,5.75,1.0,13.865361676986796,0.0,0.0,0.0,2.0,0.06666666666666667,0.06666666666666667,0.0,0.0,16.0,5.261602153388634,0.0,0.0,0.0,2.0,0.0,0.6666666666666666,-0.9333333333333333,-1.2765384615384616,17.0,0.16625499292797233,48.911764705882355,73.25,16.0,0.0,0.06666666666666667,0.0,0.06666666666666667,0.7441176470588237,1.0,16.373152108870453,0.0,0.0,0.0,2.0,0.06666666666666667,0.06666666666666667,0.0,0.0,17.0,5.579284202667478,0.0,0.0,0.0,2.0,0.0,0.6666666666666666,-1.0,-1.264938271604938,16.0,0.11911639744065096,50.640625,72.45,15.0,0.0,0.06666666666666667,0.0,0.06666666666666667,0.761375,1.0,11.748457747418957,0.0,0.0,0.0,2.0,0.06666666666666667,0.06666666666666667,0.0,0.0,13.0,0.2663839004939288,23.488461538461536,39.4,11.0,0.0,0.13333333333333333,0.0,0.06666666666666667,0.6786247086247084,5.0,1.6885312193442268,13.37,24.9,4.0,0.0,0.06666666666666667,0.0,0.06666666666666667,0.6096666666666667,1.0,14.650905498662322,0.0,0.0,0.0,2.0,0.06666666666666667,0.06666666666666667,0.0,0.0,4.0,3.0038038804327964,12.825000000000001,36.6,3.0,0.0,0.06666666666666667,0.0,0.13333333333333333,0.37500000000000006,3.0,0.6354270716640985,13.25,24.4,2.0,0.0,0.0,0.0,0.0,0.6666666666666666,1.0,0.0,19.0,0.4394736842105263,15.0,10.44,2.0,2.125,19.0,0.5842105263157894,14.0,5.757142857142857,1.0,0.0,14.0,34.65714285714286,5.0,25.39,1.0,3.2,5.0,19.470000000000002,4.0,20.375
rush_hour_seed1,rush_hour,1,505.25,520.25,123.0,4.947235295887041,17.528455284552845,51.0,4.75,1.0,13.83483707715408,0.0,0.0,0.0,2.0,0.06666666666666667,0.06666666666666667,0.0,0.0,16.0,5.756613004608808,0.0,0.0,0.0,2.0,0.0,0.6,-0.8666666666666667,-1.2454666666666667,17.0,0.2824394802192191,49.85294117647059,74.25,16.0,0.0,0.06666666666666667,0.0,0.06666666666666667,0.7443627450980391,1.0,16.508332861954955,0.0,0.0,0.0,2.0,0.06666666666666667,0.06666666666666667,0.0,0.0,16.0,5.822519268938621,0.0,0.0,0.0,2.0,0.0,0.6666666666666666,-0.8666666666666667,-1.1312820512820514,16.0,0.05455109274659318,51.578125,73.45,15.0,0.0,0.06666666666666667,0.0,0.06666666666666667,0.7616527777777781,1.0,11.727788711562113,0.0,0.0,0.0,2.0,0.06666666666666667,0.06666666666666667,0.0,0.0,13.0,0.394381929056471,24.334615384615383,40.4,11.0,0.0,0.06666666666666667,0.0,0.06666666666666667,0.7534188034188033,5.0,2.058414614963158,14.169999999999998,25.9,4.0,0.0,0.06666666666666667,0.0,0.06666666666666667,0.6129999999999998,1.0,14.63195549382019,0.0,0.0,0.0,2.0,0.06666666666666667,0.06666666666666667,0.0,0.0,4.0,2.9936840893140206,13.575000000000001,37.6,3.0,0.0,0.06666666666666667,0.0,0.06666666666666667,0.39611111111111114,3.0,0.2896855354254397,13.916666666666666,25.4,2.0,0.0,0.0,0.0,0.0,0.6666666666666666,1.0,0.0,19.0,0.5973684210526315,14.0,3.9642857142857144,2.0,2.625,20.0,0.7300000000000001,13.0,3.1346153846153846,1.0,0.0,14.0,35.58571428571428,6.0,21.991666666666664,1.0,4.2,5.0,20.27,4.0,21.125
rush_hour_seed1,rush_hour,1,506.25,521.25,122.0,5.045621430450055,18.093852459016393,52.0,3.75,1.0,13.865978318824201,0.0,0.0,0.0,2.0,0.06666666666666667,0.06666666666666667,0.0,0.0,15.0,5.960059613412463,0.0,0.0,0.0,2.0,0.0,0.6666666666666666,-0.7333333333333333,-1.0477333333333332,17.0,0.39285823511133744,50.794117647058826,75.25,16.0,0.0,0.06666666666666667,0.0,0.06666666666666667,0.744607843137255,1.0,16.514126262007892,0.0,0.0,0.0,2.0,0.06666666666666667,0.06666666666666667,0.0,0.0,15.0,6.0380946457082,0.0,0.0,0.0,2.0,0.0,0.7333333333333333,-0.8,-1.0564102564102564,16.0,0.021554736167603818,52.515625,74.45,15.0,0.0,0.06666666666666667,0.0,0.06666666666666667,0.7619305555555556,1.0,11.699484005242645,0.0,0.0,0.0,2.0,0.06666666666666667,0.06666666666666667,0.0,0.0,13.0,0.5454651536145284,25.215384615384615,41.4,12.0,0.0,0.06666666666666667,0.0,0.13333333333333333,0.7565811965811965,5.0,2.4630651823845167,14.969999999999999,26.9,4.0,0.0,0.06666666666666667,0.0,0.06666666666666667,0.6163333333333333,1.0,14.626849970669776,0.0,0.0,0.0,2.0,0.06666666666666667,0.06666666666666667,0.0,0.0,4.0,2.984754121188383,14.325000000000001,38.6,3.0,0.0,0.06666666666666667,0.0,0.06666666666666667,0.40166666666666667,3.0,0.1152197085448985,14.583333333333334,26.4,2.0,0.0,0.0,0.0,0.0,0.6666666666666666,1.0,0.0,20.0,0.7525000000000001,13.0,1.9115384615384616,2.0,3.125,21.0,0.8952380952380953,12.0,0.0,1.0,0.0,14.0,36.51428571428571,6.0,22.825,1.0,5.2,5.0,21.07,4.0,21.875
rush_hour_seed1,rush_hour,1,507.25,522.25,121.0,5.067464444498873,18.673140495867766,52.0,2.75,1.0,13.874898223709316,0.0,0.0,0.0,2.0,0.06666666666666667,0.06666666666666667,0.0,0.0,15.0,6.193081896026539,0.0,0.0,0.0,2.0,0.06666666666666667,0.6666666666666666,-0.6666666666666666,-1.0027777777777778,17.0,0.5033011465119137,51.73529411764706,76.25,16.0,0.0,0.06666666666666667,0.0,0.06666666666666667,0.7448529411764705,1.0,16.458783325167982,0.0,0.0,0.0,2.0,0.06666666666666667,0.06666666666666667,0.0,0.0,15.0,6.428196814993884,0.0,0.0,0.0,2.0,0.0,0.6666666666666666,-0.6666666666666666,-0.9109333333333335,16.0,0.007985958031988469,53.453125,75.45,15.0,0.0,0.06666666666666667,0.0,0.06666666666666667,0.7622083333333336,1.0,11.760371983749152,0.0,0.0,0.0,2.0,0.06666666666666667,0.06666666666666667,0.0,0.0,13.0,0.701385048326937,26.138461538461538,42.4,12.0,0.0,0.06666666666666667,0.0,0.13333333333333333,0.7625641025641025,5.0,2.7704033002998036,15.77,27.9,4.0,0.0,0.06666666666666667,0.0,0.06666666666666667,0.6196666666666667,1.0,14.63188003385189,0.0,0.0,0.0,2.0,0.06666666666666667,0.06666666666666667,0.0,0.0,4.0,2.9814251656949775,15.075000000000001,39.6,3.0,0.0,0.06666666666666667,0.0,0.06666666666666667,0.40722222222222226,3.0,0.04266122552705156,15.25,27.4,2.0,0.0,0.0,0.0,0.0,0.6666666666666666,1.0,0.0,20.0,0.9525,13.0,0.0,2.0,3.625,21.0,1.1333333333333333,12.0,0.0,1.0,0.0,14.0,37.442857142857136,6.0,23.65833333333333,1.0,6.2,5.0,21.869999999999997,4.0,22.625
rush_hour_seed1,rush_hour,1,508.25,523.25,121.0,5.201672483402324,19.115702479338843,54.0,1.75,1.0,13.881671953164041,0.0,0.0,0.0,2.0,0.06666666666666667,0.06666666666666667,0.0,0.0,15.0,6.534439075278173,0.0,0.0,0.0,2.0,0.06666666666666667,0.6666666666666666,-0.5333333333333333,-0.7950000000000002,17.0,0.6207459293776257,52.6764705882353,77.25,16.0,0.0,0.06666666666666667,0.0,0.06666666666666667,0.7450980392156865,1.0,16.511639921697466,0.0,0.0,0.0,2.0,0.06666666666666667,0.06666666666666667,0.0,0.0,14.0,6.6262058453366475,0.0,0.0,0.0,2.0,0.0,0.7333333333333333,-0.6,-0.8294666666666667,16.0,0.0028738496686743138,54.440625,76.45,16.0,0.0,0.06666666666666667,0.0,0.06666666666666667,0.7615972222222221,1.0,11.713805687150977,0.0,0.0,0.0,2.0,0.06666666666666667,0.0,0.0,0.0,13.0,0.8516802410061383,27.06153846153846,43.4,12.0,0.0,0.06666666666666667,0.0,0.13333333333333333,0.7685470085470085,5.0,2.7679889700683207,16.57,28.9,4.0,0.0,0.06666666666666667,0.0,0.06666666666666667,0.623,1.0,14.668271446653932,0.0,0.0,0.0,2.0,0.06666666666666667,0.06666666666666667,0.0,0.0,4.0,2.980739902985001,15.825000000000001,40.6,3.0,0.0,0.06666666666666667,0.0,0.06666666666666667,0.41277777777777774,3.0,0.015401373149494212,16.166666666666668,28.4,3.0,0.0,0.0,0.0,0.06666666666666667,0.6833333333333333,1.0,0.0,20.0,1.1525,12.0,0.0,2.0,4.125,22.0,1.309090909090909,11.0,0.0,1.0,0.0,14.0,38.37142857142857,6.0,24.491666666666664,1.0,7.2,5.0,22.669999999999998,4.0,23.375
rush_hour_seed1,rush_hour,1,509.25,524.25,123.0,5.247215926401124,19.24390243902439,54.0,0.75,1.0,13.059572871189149,0.0,0.0,0.0,2.0,0.06666666666666667,0.06666666666666667,0.0,0.0,15.0,6.680810196452907,0.0,0.0,0.0,2.0,0.13333333333333333,0.6666666666666666,-0.4666666666666667,-0.7339130434782609,17.0,0.595828658966886,53.61764705882353,78.25,16.0,0.0,0.06666666666666667,0.0,0.06666666666666667,0.745343137254902,1.0,16.45304416474202,0.0,0.0,0.0,2.0,0.06666666666666667,0.06666666666666667,0.0,0.0,15.0,6.988628513932406,0.0,0.0,0.0,2.0,0.06666666666666667,0.6666666666666666,-0.5333333333333333,-0.7763888888888889,16.0,0.0010577436735532012,55.440625,77.45,16.0,0.0,0.0,0.0,0.06666666666666667,0.9449999999999998,1.0,10.883776211628074,0.0,0.0,0.0,2.0,0.06666666666666667,0.0,0.0,0.0,13.0,1.0007694752815515,27.984615384615385,44.4,12.0,0.0,0.06666666666666667,0.0,0.13333333333333333,0.7745299145299145,5.0,2.7737889411584478,17.369999999999997,29.9,4.0,0.0,0.06666666666666667,0.0,0.06666666666666667,0.6263333333333332,1.0,14.648964007583736,0.0,0.0,0.0,2.0,0.06666666666666667,0.06666666666666667,0.0,0.0,4.0,2.96927416776748,16.575,41.6,3.0,0.0,0.06666666666666667,0.0,0.06666666666666667,0.4183333333333332,4.0,0.05524720492834567,12.875,29.4,3.0,0.0,0.06666666666666667,0.0,0.06666666666666667,0.41944444444444445,1.0,0.0,21.0,1.3238095238095238,11.0,0.0,2.0,4.625,22.0,1.5590909090909089,11.0,0.0,1.0,0.0,14.0,39.3,6.0,25.325,2.0,4.1,5.0,23.47,4.0,24.125
rush_hour_seed1,rush_hour,1,511.25,526.25,121.0,4.803761587094571,20.454545454545453,54.0,1.75,1.0,13.29710442269899,0.0,0.0,0.0,1.0,0.06666666666666667,0.0,0.0,0.0,14.0,7.079836873384707,0.0,0.0,0.0,1.0,0.13333333333333333,0.6666666666666666,-0.26666666666666666,-0.4412121212121213,17.0,0.2663512069561132,55.5,80.25,16.0,0.0,0.06666666666666667,0.0,0.06666666666666667,0.7458333333333333,1.0,16.485096667530627,0.0,0.0,0.0,1.0,0.06666666666666667,0.06666666666666667,0.0,0.0,15.0,6.222988373532123,0.0,0.0,0.0,1.0,0.13333333333333333,0.6,-0.3333333333333333,-0.5325757575757576,17.0,0.23851115547640647,54.061764705882354,79.45,16.0,0.0,0.06666666666666667,0.0,0.06666666666666667,0.7280759803921569,0.0,0.0,0.0,0.0,0.0,1.0,0.0,0.06666666666666667,0.0,0.0,13.0,0.7648331459663706,29.830769230769228,46.4,12.0,0.0,0.06666666666666667,0.0,0.06666666666666667,0.7812179487179485,5.0,2.7771713146648835,18.97,31.9,4.0,0.0,0.06666666666666667,0.0,0.06666666666666667,0.6329999999999999,1.0,14.66424304676178,0.0,0.0,0.0,1.0,0.06666666666666667,0.0,0.0,0.0,5.0,1.8922742189947321,14.459999999999999,43.6,3.0,0.0,0.13333333333333333,0.0,0.06666666666666667,0.18844444444444441,4.0,0.9342913768067824,14.375,31.4,3.0,0.0,0.06666666666666667,0.0,0.06666666666666667,0.4305555555555555,2.0,0.475,22.0,1.768181818181818,11.0,0.0,2.0,5.625,23.0,2.110869565217391,10.0,0.0,1.0,0.0,14.0,41.15714285714285,6.0,26.991666666666664,2.0,5.1,6.0,20.891666666666666,4.0,25.625
rush_hour_seed1,rush_hour,1,512.25,527.25,122.0,4.589879376391861,20.731967213114757,55.0,0.75,1.0,13.277831733800499,0.0,0.0,0.0,1.0,0.06666666666666667,0.06666666666666667,0.0,0.0,15.0,6.351673175195458,0.0,0.0,0.0,1.0,0.2,0.6,-0.2,-0.3504761904761905,17.0,0.1494142361751726,56.44117647058823,81.25,16.0,0.0,0.06666666666666667,0.0,0.06666666666666667,0.7460784313725488,1.0,15.394293439201721,0.0,0.0,0.0,1.0,0.06666666666666667,0.06666666666666667,0.0,0.0,16.0,5.592068689165987,0.01875,0.3,1.0,1.0,0.2,0.6,-0.13333333333333333,-0.31708333333333333,17.0,0.3660623309803753,55.002941176470586,80.45,16.0,0.0,0.06666666666666667,0.0,0.06666666666666667,0.7283210784313724,0.0,0.0,0.0,0.0,0.0,1.0,0.0,0.06666666666666667,0.0,0.0,13.0,0.5369899858163147,30.75384615384615,47.4,12.0,0.0,0.06666666666666667,0.0,0.06666666666666667,0.7816452991452991,5.0,2.1971096546705158,19.77,32.9,4.0,0.0,0.06666666666666667,0.0,0.06666666666666667,0.6363333333333333,1.0,14.662867647291451,0.0,0.0,0.0,1.0,0.06666666666666667,0.0,0.0,0.0,5.0,1.874028124053114,15.059999999999999,44.6,3.0,0.0,0.06666666666666667,0.0,0.06666666666666667,0.38899999999999996,4.0,1.3686988533569386,15.125,32.4,3.0,0.0,0.06666666666666667,0.0,0.06666666666666667,0.43611111111111106,2.0,0.975,22.0,2.0636363636363635,11.0,0.009090909090909092,2.0,6.125,24.0,2.35625,10.0,0.0,1.0,0.0,14.0,42.08571428571428,6.0,27.825,2.0,5.6,6.0,21.558333333333334,4.0,26.375
rush_hour_seed1,rush_hour,1,513.25,528.25,121.0,4.372102607732841,20.009090909090908,54.0,11.75,1.0,13.298315373989547,0.0,0.0,0.0,0.0,0.06666666666666667,0.06666666666666667,0.0,0.0,15.0,5.7460191034256445,0.03333333333333333,0.5,1.0,0.0,0.2,0.5333333333333333,0.0,-0.11944444444444444,17.0,0.11286069300290925,52.544117647058826,78.1,15.0,2.0,0.06666666666666667,0.0,0.0,0.42377450980392173,1.0,9.913293385134397,0.0,0.0,0.0,0.0,0.06666666666666667,0.06666666666666667,0.0,0.0,16.0,5.25022759701027,0.08125,1.3,1.0,0.0,0.2,0.5333333333333333,0.0,-0.1050595238095238,17.0,0.5309746175985768,51.15294117647059,77.35,15.0,2.0,0.06666666666666667,0.0,0.0,0.40915441176470607,0.0,0.0,0.0,0.0,0.0,0.0,0.0,0.06666666666666667,0.0,0.0,13.0,0.34080611029594926,31.676923076923075,48.4,12.0,0.0,0.06666666666666667,0.0,0.06666666666666667,0.7820726495726494,5.0,1.579974906841573,20.57,33.9,4.0,0.0,0.06666666666666667,0.0,0.06666666666666667,0.6396666666666667,1.0,14.64884670553106,0.0,0.0,0.0,0.0,0.06666666666666667,0.0,0.0,0.0,5.0,1.9035611676709094,15.66,45.6,3.0,0.0,0.06666666666666667,0.0,0.06666666666666667,0.39566666666666656,4.0,1.7827464129535389,15.875,33.4,3.0,0.0,0.06666666666666667,0.0,0.06666666666666667,0.44166666666666665,2.0,0.0,23.0,2.2956521739130435,11.0,0.1,2.0,0.0,24.0,2.6979166666666665,10.0,0.0,1.0,0.0,14.0,38.48571428571428,6.0,28.65833333333333,2.0,0.0,6.0,12.125,4.0,27.125
rush_hour_seed1,rush_hour,1,514.25,529.25,122.0,4.321079281611477,16.506147540983605,48.0,10.75,1.0,13.2695422359356,0.0,0.0,0.0,0.0,0.06666666666666667,0.06666666666666667,0.0,0.0,16.0,5.380129707804631,0.09375,1.5,1.0,0.0,0.26666666666666666,0.4666666666666667,0.06666666666666667,0.00625,16.0,0.18583629338033203,42.240625,73.85,12.0,2.0,0.06666666666666667,0.06666666666666667,-0.2,-0.3256249999999999,1.0,4.414883538108329,0.0,0.0,0.0,0.0,0.06666666666666667,0.06666666666666667,0.0,0.0,16.0,4.8766640172186335,0.14375,2.3,1.0,0.0,0.2,0.5333333333333333,0.06666666666666667,0.009583333333333333,16.0,0.7975911876756473,40.978125,72.7,12.0,2.0,0.06666666666666667,0.06666666666666667,-0.2,-0.3316666666666668,1.0,13.875438831569628,0.0,0.0,0.0,0.0,0.06666666666666667,0.06666666666666667,0.0,0.0,13.0,0.18965831844717249,32.599999999999994,49.4,12.0,0.0,0.06666666666666667,0.0,0.06666666666666667,0.7824999999999995,5.0,1.0306070147837436,21.369999999999997,34.9,4.0,0.0,0.06666666666666667,0.0,0.06666666666666667,0.6429999999999999,1.0,10.21086636589808,0.0,0.0,0.0,0.0,0.06666666666666667,0.0,0.0,0.0,5.0,2.0729332446280155,16.259999999999998,46.6,3.0,0.0,0.06666666666666667,0.0,0.06666666666666667,0.4023333333333331,4.0,2.2100608422379238,16.625,34.4,3.0,0.0,0.06666666666666667,0.0,0.06666666666666667,0.44722222222222224,1.0,0.0,23.0,2.643478260869565,11.0,0.19090909090909092,1.0,0.0,24.0,3.091666666666667,10.0,0.08499999999999999,0.0,0.0,14.0,26.61785714285714,6.0,29.491666666666664,1.0,0.0,5.0,0.0,4.0,27.875
rush_hour_seed1,rush_hour,1,515.25,530.25,123.0,4.211223988331053,14.375203252032518,45.0,9.75,1.0,13.29622926991296,0.0,0.0,0.0,0.0,0.06666666666666667,0.06666666666666667,0.0,0.0,17.0,5.042816120518405,0.14705882352941177,2.5,1.0,0.0,0.3333333333333333,0.4666666666666667,0.06666666666666667,0.00980392156862745,16.0,0.47316478086177916,33.7375,71.65,10.0,2.0,0.06666666666666667,0.06666666666666667,-0.3333333333333333,-0.9550000000000002,1.0,0.0,0.25,0.25,1.0,0.0,0.06666666666666667,0.06666666666666667,0.06666666666666667,0.016666666666666666,17.0,4.531321098672198,0.1941176470588235,3.3,1.0,0.0,0.26666666666666666,0.4666666666666667,0.06666666666666667,0.012941176470588234,16.0,1.2393118856247365,32.615625,70.6,10.0,2.0,0.06666666666666667,0.06666666666666667,-0.3333333333333333,-0.9516666666666665,1.0,13.835165089371149,0.0,0.0,0.0,0.0,0.06666666666666667,0.06666666666666667,0.0,0.0,13.0,0.09102911256189133,33.52307692307692,50.4,12.0,0.0,0.06666666666666667,0.0,0.06666666666666667,0.7829273504273502,5.0,0.5979658431946263,22.169999999999998,35.9,4.0,0.0,0.0,0.0,0.0,0.7999999999999999,1.0,4.714581762345895,0.0,0.0,0.0,0.0,0.06666666666666667,0.0,0.0,0.0,5.0,2.3199013135806323,16.86,47.6,3.0,0.0,0.06666666666666667,0.0,0.06666666666666667,0.40899999999999986,4.0,2.6304804605590166,17.375,35.4,3.0,0.0,0.06666666666666667,0.0,0.06666666666666667,0.4527777777777777,1.0,0.0,24.0,2.902083333333333,11.0,0.2818181818181818,1.0,0.0,25.0,3.3680000000000003,10.0,0.185,0.0,0.0,14.0,19.460714285714285,6.0,30.325,1.0,0.0,5.0,0.0,4.0,28.625
rush_hour_seed1,rush_hour,1,516.25,531.25,123.0,4.135654014477849,12.43089430894309,43.0,8.75,1.0,13.278016160756609,0.0,0.0,0.0,0.0,0.06666666666666667,0.06666666666666667,0.0,0.0,17.0,4.7052862657022665,0.20588235294117646,3.5,1.0,0.0,0.3333333333333333,0.4,0.06666666666666667,0.013725490196078431,16.0,0.9186579469440114,25.443749999999998,68.35,9.0,2.0,0.06666666666666667,0.06666666666666667,-0.4,-1.5704166666666668,1.0,0.0,1.25,1.25,1.0,0.0,0.06666666666666667,0.0,0.06666666666666667,0.08333333333333333,17.0,4.2161092756948335,0.2529411764705882,4.3,1.0,0.0,0.26666666666666666,0.4,0.06666666666666667,0.016862745098039214,16.0,1.501009608266809,24.3875,68.6,8.0,2.0,0.06666666666666667,0.06666666666666667,-0.4666666666666667,-1.5627083333333334,1.0,13.874966394200456,0.0,0.0,0.0,0.0,0.06666666666666667,0.06666666666666667,0.0,0.0,14.0,0.11629981125843687,31.985714285714284,51.4,12.0,0.0,0.13333333333333333,0.0,0.06666666666666667,0.6193253968253966,5.0,0.30192921224152597,22.97,36.9,4.0,0.0,0.0,0.0,0.0,0.8,1.0,0.0,0.2,0.2,1.0,0.0,0.06666666666666667,0.0,0.06666666666666667,0.013333333333333334,5.0,2.6347728916472626,17.46,48.6,3.0,0.0,0.06666666666666667,0.0,0.06666666666666667,0.41566666666666663,4.0,2.9981635129335706,18.125,36.4,3.0,0.0,0.06666666666666667,0.0,0.06666666666666667,0.4583333333333333,1.0,0.0,24.0,3.2916666666666665,11.0,0.3727272727272727,1.0,0.0,25.0,3.804,10.0,0.28500000000000003,0.0,0.0,13.0,13.473076923076924,6.0,31.15833333333333,1.0,0.0,4.0,0.0,5.0,23.5
rush_hour_seed1,rush_hour,1,517.25,532.25,122.0,4.074023233542749,11.75450819672131,42.0,7.75,1.0,13.278712209801682,0.0,0.0,0.0,0.0,0.06666666666666667,0.06666666666666667,0.0,0.0,18.0,4.3809240740196405,0.25,4.5,1.0,0.0,0.4,0.4,0.06666666666666667,0.016666666666666666,15.0,1.148420243051576,23.116666666666667,67.95,8.0,2.0,0.06666666666666667,0.13333333333333333,-0.5333333333333333,-1.790138888888889,1.0,0.0,2.25,2.25,1.0,0.0,0.06666666666666667,0.0,0.06666666666666667,0.15,18.0,3.9056277032805817,0.35,5.3,2.0,0.0,0.3333333333333333,0.4,0.13333333333333333,0.02333333333333333,15.0,1.5757417340172324,21.90666666666667,68.2,7.0,2.0,0.06666666666666667,0.13333333333333333,-0.5333333333333333,-1.790597222222222,1.0,13.868786565929186,0.0,0.0,0.0,0.0,0.06666666666666667,0.06666666666666667,0.0,0.0,14.0,0.2467969389650376,32.84285714285714,52.4,12.0,0.0,0.13333333333333333,0.0,0.06666666666666667,0.6153571428571429,5.0,0.12970000199538653,23.77,37.9,4.0,0.0,0.0,0.0,0.0,0.8,1.0,0.0,1.2,1.2,1.0,0.0,0.06666666666666667,0.0,0.06666666666666667,0.08,5.0,2.818412942705334,18.06,49.6,3.0,0.0,0.06666666666666667,0.0,0.06666666666666667,0.42233333333333317,4.0,2.999084165560779,18.875,37.4,3.0,0.0,0.06666666666666667,0.0,0.06666666666666667,0.4638888888888889,1.0,0.0,25.0,3.572,11.0,0.4636363636363636,1.0,0.0,25.0,4.262,10.0,0.385,0.0,0.0,12.0,6.641666666666667,6.0,31.991666666666664,1.0,0.0,4.0,0.0,5.0,24.28
rush_hour_seed1,rush_hour,1,518.25,533.25,124.0,4.125620264729883,9.706854838709678,41.0,6.75,1.0,13.272913987359292,0.0,0.0,0.0,0.0,0.06666666666666667,0.06666666666666667,0.0,0.0,18.0,4.078712375018146,0.34444444444444444,5.5,2.0,0.0,0.4,0.3333333333333333,0.13333333333333333,0.022962962962962963,15.0,1.4760024417232487,14.546666666666665,66.6,6.0,2.0,0.06666666666666667,0.2,-0.6666666666666666,-2.2282614379084964,2.0,0.725135670649818,1.625,3.25,1.0,0.0,0.06666666666666667,0.0,0.06666666666666667,0.10833333333333334,19.0,3.652062044897492,0.4368421052631579,6.3,2.0,0.0,0.4,0.3333333333333333,0.13333333333333333,0.029122807017543863,14.0,1.732726739196623,14.185714285714285,66.75,5.0,2.0,0.06666666666666667,0.2,-0.6666666666666666,-2.3678273809523813,1.0,13.87596452236874,0.0,0.0,0.0,0.0,0.06666666666666667,0.06666666666666667,0.0,0.0,14.0,0.3768381300756067,33.72857142857143,53.4,13.0,0.0,0.06666666666666667,0.0,0.13333333333333333,0.7390842490842492,5.0,0.05111978322279799,24.57,38.9,4.0,0.0,0.0,0.0,0.0,0.8,1.0,0.0,2.2,2.2,1.0,0.0,0.0,0.0,0.06666666666666667,0.14666666666666667,5.0,2.793953390419076,18.67,50.6,4.0,0.0,0.06666666666666667,0.0,0.13333333333333333,0.4296666666666667,4.0,2.9995927866833516,19.625,38.4,3.0,0.0,0.06666666666666667,0.0,0.06666666666666667,0.4694444444444444,1.0,0.0,25.0,4.012,12.0,0.5708333333333333,2.0,0.0,25.0,4.742,10.0,0.55,1.0,0.0,12.0,3.8125,6.0,32.824999999999996,1.0,0.0,3.0,0.0,5.0,25.080000000000002
rush_hour_seed1,rush_hour,1,519.25,534.25,123.0,4.214202134409241,8.578048780487805,41.0,5.75,1.0,13.298629195909974,0.0,0.0,0.0,0.0,0.06666666666666667,0.06666666666666667,0.0,0.0,19.0,3.7934655738275533,0.4394736842105263,6.5,3.0,0.0,0.4666666666666667,0.26666666666666666,0.2,0.029298245614035087,15.0,2.269772463723693,10.44,58.25,5.0,2.0,0.06666666666666667,0.2,-0.7333333333333333,-2.5647843137254904,2.0,1.76106215303944,2.125,4.25,1.0,0.0,0.06666666666666667,0.0,0.06666666666666667,0.14166666666666666,19.0,3.3945939144479405,0.5842105263157894,7.3,3.0,0.0,0.4,0.26666666666666666,0.2,0.038947368421052626,14.0,2.429477201462594,5.757142857142857,41.85,3.0,2.0,0.06666666666666667,0.2,-0.8,-2.9922321428571426,1.0,13.830107691780432,0.0,0.0,0.0,0.0,0.06666666666666667,0.06666666666666667,0.0,0.0,14.0,0.509209805065707,34.65714285714286,54.4,13.0,0.0,0.06666666666666667,0.0,0.13333333333333333,0.7445787545787549,5.0,0.018610848318452354,25.39,39.9,5.0,0.0,0.0,0.0,0.06666666666666667,0.8013333333333335,1.0,0.0,3.2,3.2,1.0,0.0,0.0,0.0,0.06666666666666667,0.21333333333333335,5.0,2.7781474807464357,19.470000000000002,51.6,4.0,0.0,0.06666666666666667,0.0,0.06666666666666667,0.4430000000000001,4.0,2.993653873364674,20.375,39.4,3.0,0.0,0.06666666666666667,0.0,0.06666666666666667,0.475,1.0,0.0,26.0,4.303846153846154,12.0,0.7374999999999999,1.0,0.0,25.0,5.2620000000000005,10.0,0.75,1.0,0.0,11.0,1.8454545454545452,6.0,33.65833333333333,1.0,0.0,3.0,0.0,5.0,25.880000000000003
rush_hour_seed1,rush_hour,1,520.25,535.25,125.0,4.3717602689849935,7.5812,39.0,4.75,1.0,13.29663856294102,0.0,0.0,0.0,0.0,0.06666666666666667,0.06666666666666667,0.0,0.0,19.0,3.5372222403815705,0.5973684210526315,7.5,3.0,0.0,0.4666666666666667,0.26666666666666666,0.2,0.03982456140350877,14.0,2.7520290895405597,3.9642857142857144,32.65,3.0,2.0,0.06666666666666667,0.26666666666666666,-0.8666666666666667,-3.0592436974789914,2.0,2.7007072027988586,2.625,5.25,1.0,0.0,0.06666666666666667,0.0,0.06666666666666667,0.175,20.0,3.172247787167736,0.7300000000000001,8.3,4.0,0.0,0.4666666666666667,0.2,0.26666666666666666,0.04866666666666667,13.0,2.7409566875423836,3.1346153846153846,27.95,2.0,2.0,0.06666666666666667,0.26666666666666666,-0.8666666666666667,-3.2295673076923075,1.0,13.87554919684073,0.0,0.0,0.0,0.0,0.06666666666666667,0.06666666666666667,0.0,0.0,14.0,0.6532001395428768,35.58571428571428,55.4,13.0,0.0,0.06666666666666667,0.0,0.13333333333333333,0.7500732600732599,6.0,0.10847489638287007,21.991666666666664,40.9,5.0,0.0,0.06666666666666667,0.0,0.06666666666666667,0.5214444444444444,1.0,0.0,4.2,4.2,1.0,0.0,0.0,0.0,0.06666666666666667,0.28,5.0,2.7748072673536957,20.27,52.6,4.0,0.0,0.06666666666666667,0.0,0.06666666666666667,0.44633333333333325,4.0,2.99710808197211,21.125,40.4,3.0,0.0,0.06666666666666667,0.0,0.06666666666666667,0.48055555555555557,1.0,0.0,26.0,4.769230769230769,12.0,0.9874999999999999,1.0,0.0,25.0,5.782,10.0,1.0,1.0,0.0,11.0,0.0,6.0,34.49166666666667,1.0,0.0,2.0,0.0,5.0,26.68
rush_hour_seed1,rush_hour,1,521.25,536.25,125.0,4.4232313356554105,7.2892,38.0,3.75,1.0,13.29842155130676,0.0,0.0,0.0,0.0,0.06666666666666667,0.06666666666666667,0.0,0.0,20.0,3.3038109865971705,0.7525000000000001,8.5,4.0,0.0,0.5333333333333333,0.2,0.26666666666666666,0.05016666666666667,13.0,3.1773085535796706,1.9115384615384616,19.5,2.0,2.0,0.06666666666666667,0.3333333333333333,-0.9333333333333333,-3.258838612368024,2.0,3.6685902554757734,3.125,6.25,1.0,0.0,0.06666666666666667,0.0,0.06666666666666667,0.20833333333333334,21.0,2.9806280498667053,0.8952380952380953,9.3,5.0,0.0,0.5333333333333333,0.13333333333333333,0.3333333333333333,0.059682539682539684,12.0,3.085142229057608,0.0,0.0,0.0,2.0,0.06666666666666667,0.3333333333333333,-1.0,-3.5010416666666666,1.0,13.839145594160073,0.0,0.0,0.0,0.0,0.06666666666666667,0.06666666666666667,0.0,0.0,14.0,0.7895180201436626,36.51428571428571,56.4,13.0,0.0,0.06666666666666667,0.0,0.06666666666666667,0.7532600732600732,6.0,0.5262076786625671,22.825,41.9,5.0,0.0,0.06666666666666667,0.0,0.06666666666666667,0.5236666666666667,1.0,0.0,5.2,5.2,1.0,0.0,0.0,0.0,0.06666666666666667,0.3466666666666667,5.0,2.771859008321375,21.07,53.6,4.0,0.0,0.06666666666666667,0.0,0.06666666666666667,0.4496666666666666,4.0,2.9942518912651575,21.875,41.4,3.0,0.0,0.06666666666666667,0.0,0.06666666666666667,0.48611111111111105,1.0,0.0,26.0,5.273076923076923,12.0,1.2625,1.0,0.0,25.0,6.34,10.0,1.3199999999999998,1.0,0.0,11.0,0.0,6.0,35.324999999999996,1.0,0.0,2.0,0.0,5.0,27.48
rush_hour_seed1,rush_hour,1,522.25,537.25,124.0,4.533682273062576,7.437903225806451,36.0,2.75,1.0,13.28336849911467,0.0,0.0,0.0,0.0,0.06666666666666667,0.06666666666666667,0.0,0.0,20.0,3.069694581470462,0.9525,9.5,4.0,0.0,0.4666666666666667,0.13333333333333333,0.26666666666666666,0.0635,13.0,4.050260169323095,0.0,0.0,0.0,2.0,0.06666666666666667,0.3333333333333333,-1.0666666666666667,-3.449019607843137,2.0,4.569907732844644,3.625,7.25,1.0,0.0,0.06666666666666667,0.0,0.06666666666666667,0.24166666666666667,21.0,2.770507748257091,1.1333333333333333,10.3,5.0,0.0,0.5333333333333333,0.13333333333333333,0.3333333333333333,0.07555555555555556,12.0,3.898252448749661,0.0,0.0,0.0,2.0,0.06666666666666667,0.3333333333333333,-1.0,-3.5635416666666666,1.0,13.880031598040368,0.0,0.0,0.0,0.0,0.06666666666666667,0.06666666666666667,0.0,0.0,14.0,0.8742447254985424,37.442857142857136,57.4,13.0,0.0,0.06666666666666667,0.0,0.06666666666666667,0.7536263736263732,6.0,0.8515522728242915,23.65833333333333,42.9,5.0,0.0,0.06666666666666667,0.0,0.06666666666666667,0.5258888888888887,1.0,0.0,6.2,6.2,1.0,0.0,0.0,0.0,0.06666666666666667,0.41333333333333333,5.0,2.147222829889322,21.869999999999997,54.6,4.0,0.0,0.06666666666666667,0.0,0.06666666666666667,0.45299999999999974,4.0,2.9980566273786824,22.625,42.4,3.0,0.0,0.06666666666666667,0.0,0.06666666666666667,0.49166666666666664,1.0,0.0,27.0,5.596296296296296,12.0,1.6041666666666667,1.0,0.0,25.0,6.936,10.0,1.72,1.0,0.0,10.0,0.0,6.0,36.25,1.0,0.0,1.0,0.0,5.0,28.28
rush_hour_seed1,rush_hour,1,523.25,538.25,124.0,4.551936109328391,7.728225806451612,36.0,1.75,1.0,9.43599913936905,0.0,0.0,0.0,0.0,0.06666666666666667,0.06666666666666667,0.0,0.0,20.0,2.809419414268818,1.1525,10.5,4.0,0.0,0.4666666666666667,0.13333333333333333,0.26666666666666666,0.07683333333333334,12.0,4.352453247898633,0.0,0.0,0.0,2.0,0.06666666666666667,0.4,-1.0666666666666667,-3.5117647058823533,2.0,5.551713485402354,4.125,8.25,1.0,0.0,0.06666666666666667,0.0,0.06666666666666667,0.275,22.0,2.5692746186397946,1.309090909090909,11.3,5.0,0.0,0.6,0.06666666666666667,0.3333333333333333,0.08727272727272727,11.0,4.310216759690312,0.0,0.0,0.0,2.0,0.06666666666666667,0.4,-1.0666666666666667,-3.629375,1.0,13.842225911483402,0.0,0.0,0.0,0.0,0.06666666666666667,0.06666666666666667,0.0,0.0,14.0,0.8285535553071953,38.37142857142857,58.4,13.0,0.0,0.06666666666666667,0.0,0.06666666666666667,0.7539926739926737,6.0,1.2218092000442466,24.491666666666664,43.9,5.0,0.0,0.06666666666666667,0.0,0.06666666666666667,0.5281111111111109,1.0,0.0,7.2,7.2,1.0,0.0,0.0,0.0,0.06666666666666667,0.48000000000000004,5.0,1.5301699303628138,22.669999999999998,55.6,4.0,0.0,0.06666666666666667,0.0,0.06666666666666667,0.45633333333333315,4.0,2.4295095088969534,23.375,43.4,3.0,0.0,0.06666666666666667,0.0,0.0,0.48055555555555546,1.0,0.0,27.0,6.14074074074074,12.0,2.0208333333333335,1.0,0.0,25.0,7.57,10.0,2.12,1.0,0.0,10.0,0.0,6.0,37.25,1.0,0.0,1.0,0.0,5.0,29.080000000000002
rush_hour_seed1,rush_hour,1,524.25,539.25,126.0,4.584824042224544,7.901190476190476,38.0,0.75,1.0,4.935999139369057,0.0,0.0,0.0,0.0,0.06666666666666667,0.06666666666666667,0.0,0.0,21.0,2.578256930549264,1.3238095238095238,11.5,5.0,0.0,0.4666666666666667,0.06666666666666667,0.3333333333333333,0.08825396825396825,11.0,4.5457482923060315,0.0,0.0,0.0,2.0,0.06666666666666667,0.4666666666666667,-1.0666666666666667,-3.574509803921569,2.0,6.524576838106227,4.625,9.25,1.0,0.0,0.06666666666666667,0.0,0.06666666666666667,0.30833333333333335,22.0,2.384567669103399,1.5590909090909089,12.3,6.0,0.0,0.5333333333333333,0.06666666666666667,0.4,0.10393939393939393,11.0,5.129042030407138,0.0,0.0,0.0,2.0,0.06666666666666667,0.4,-1.0666666666666667,-3.6960416666666664,1.0,13.849196658830625,0.0,0.0,0.0,0.0,0.06666666666666667,0.06666666666666667,0.0,0.0,14.0,0.6038377887430846,39.3,59.4,13.0,0.0,0.06666666666666667,0.0,0.06666666666666667,0.7543589743589741,6.0,1.564761422425322,25.325,44.9,5.0,0.0,0.06666666666666667,0.0,0.06666666666666667,0.5303333333333334,2.0,0.6976603787300513,4.1,8.2,1.0,0.0,0.06666666666666667,0.0,0.06666666666666667,0.2733333333333333,5.0,0.9961799184937117,23.47,56.6,4.0,0.0,0.06666666666666667,0.0,0.06666666666666667,0.4596666666666666,4.0,1.7987299355826607,24.125,44.4,3.0,0.0,0.0,0.0,0.0,0.75,2.0,0.0,27.0,6.707407407407407,12.0,2.4375,1.0,0.0,25.0,8.21,10.0,2.57,1.0,0.0,9.0,0.0,6.0,38.25,1.0,0.0,2.0,0.0,5.0,29.880000000000003
rush_hour_seed1,rush_hour,1,525.25,540.25,125.0,4.318395117173002,8.274799999999999,40.0,2.75,2.0,2.117927082358932,0.0,0.0,0.0,0.0,0.13333333333333333,0.0,0.0,0.0,21.0,2.3751901838303215,1.5666666666666667,12.5,6.0,0.0,0.4666666666666667,0.06666666666666667,0.4,0.10444444444444444,11.0,4.956478888277748,0.0,0.0,0.0,1.0,0.06666666666666667,0.4666666666666667,-1.0666666666666667,-3.6372549019607847,2.0,6.926335232119891,5.125,10.25,1.0,0.0,0.06666666666666667,0.0,0.06666666666666667,0.3416666666666667,23.0,2.1854777501440905,1.7826086956521738,13.3,7.0,0.0,0.6,0.0,0.4666666666666667,0.11884057971014492,10.0,5.544219500972025,0.0,0.0,0.0,1.0,0.0,0.4666666666666667,-1.0666666666666667,-3.5413725490196075,1.0,11.40162292663119,0.0,0.0,0.0,0.0,0.06666666666666667,0.0,0.0,0.0,14.0,0.404654039302256,40.22857142857142,60.4,13.0,0.0,0.06666666666666667,0.0,0.06666666666666667,0.7547252747252742,6.0,1.9057015018855716,26.15833333333333,45.9,5.0,0.0,0.06666666666666667,0.0,0.06666666666666667,0.5325555555555556,2.0,1.5543253630508433,4.6,9.2,1.0,0.0,0.06666666666666667,0.0,0.06666666666666667,0.30666666666666664,6.0,0.7706315358818862,20.224999999999998,57.6,4.0,0.0,0.13333333333333333,0.0,0.06666666666666667,0.19333333333333325,4.0,1.255404181624177,24.875,45.4,3.0,0.0,0.0,0.0,0.0,0.75,2.0,0.0,28.0,7.060714285714285,12.0,2.920833333333333,1.0,0.0,26.0,8.544230769230769,10.0,3.07,1.0,0.0,9.0,0.0,7.0,33.642857142857146,1.0,0.0,2.0,0.0,5.0,30.68
rush_hour_seed1,rush_hour,1,526.25,541.25,125.0,4.11950477648563,8.6068,42.0,1.75,2.0,2.7309124533371336,0.475,0.95,1.0,0.0,0.06666666666666667,0.0,0.06666666666666667,0.03166666666666666,22.0,2.178317752059111,1.768181818181818,13.5,6.0,0.0,0.5333333333333333,0.0,0.4,0.11787878787878787,11.0,4.392461892642258,0.0,0.0,0.0,1.0,0.06666666666666667,0.4666666666666667,-1.0666666666666667,-3.7,2.0,6.922531981107896,5.625,11.25,1.0,0.0,0.06666666666666667,0.0,0.06666666666666667,0.375,23.0,2.0379470809605933,2.110869565217391,14.3,8.0,0.0,0.5333333333333333,0.0,0.5333333333333333,0.14072463768115942,10.0,6.045038677093255,0.0,0.0,0.0,1.0,0.06666666666666667,0.5333333333333333,-1.0666666666666667,-3.6041176470588234,1.0,6.913939322178932,0.0,0.0,0.0,0.0,0.06666666666666667,0.0,0.0,0.0,14.0,0.23910702144520865,41.15714285714285,61.4,13.0,0.0,0.06666666666666667,0.0,0.06666666666666667,0.7550915750915749,6.0,2.234301632080031,26.991666666666664,46.9,5.0,0.0,0.06666666666666667,0.0,0.06666666666666667,0.5347777777777777,2.0,2.366545172913861,5.1,10.2,1.0,0.0,0.06666666666666667,0.0,0.06666666666666667,0.33999999999999997,6.0,0.8145192193480316,20.891666666666666,58.6,4.0,0.0,0.06666666666666667,0.0,0.06666666666666667,0.42877777777777776,4.0,0.8063855998140605,25.625,46.4,3.0,0.0,0.0,0.0,0.0,0.75,2.0,0.0,28.0,7.667857142857143,12.0,3.4458333333333333,1.0,0.0,26.0,9.21923076923077,11.0,3.3272727272727276,1.0,0.0,8.0,0.0,7.0,34.5,1.0,0.0,2.0,0.0,5.0,31.48
rush_hour_seed1,rush_hour,1,527.25,542.25,126.0,4.0023707221858125,8.876587301587302,44.0,0.75,2.0,3.5558377026887844,0.975,1.95,1.0,0.0,0.06666666666666667,0.0,0.06666666666666667,0.065,22.0,2.000676354441771,2.0636363636363635,14.5,7.0,0.0,0.4666666666666667,0.0,0.4666666666666667,0.13757575757575757,11.0,3.7944656519683373,0.009090909090909092,0.1,1.0,1.0,0.06666666666666667,0.4666666666666667,-1.0,-3.762139037433155,2.0,6.919847913490958,6.125,12.25,1.0,0.0,0.06666666666666667,0.0,0.06666666666666667,0.4083333333333333,24.0,1.9073759929875898,2.35625,15.3,8.0,0.0,0.5333333333333333,0.0,0.4666666666666667,0.15583333333333335,10.0,5.827889759836184,0.0,0.0,0.0,1.0,0.06666666666666667,0.5333333333333333,-1.0666666666666667,-3.666862745098039,1.0,2.413939322178935,0.0,0.0,0.0,0.0,0.06666666666666667,0.0,0.0,0.0,14.0,0.1239650545054665,42.08571428571428,62.4,13.0,0.0,0.06666666666666667,0.0,0.06666666666666667,0.7554578754578753,6.0,2.6018080929131533,27.825,47.9,5.0,0.0,0.06666666666666667,0.0,0.06666666666666667,0.537,2.0,3.2256168336436795,5.6,11.2,1.0,0.0,0.06666666666666667,0.0,0.06666666666666667,0.3733333333333333,6.0,0.9699726717038725,21.558333333333334,59.6,4.0,0.0,0.06666666666666667,0.0,0.06666666666666667,0.43322222222222234,4.0,0.47501124764142666,26.375,47.4,3.0,0.0,0.0,0.0,0.0,0.75,1.0,0.0,29.0,8.010344827586207,12.0,4.029166666666667,1.0,0.0,26.0,9.932692307692308,11.0,3.909090909090909,1.0,0.0,8.0,0.0,7.0,35.357142857142854,0.0,0.0,1.0,0.0,5.0,32.28
rush_hour_seed1,rush_hour,1,528.25,543.25,124.0,3.713002457748008,8.150403225806452,41.0,29.75,2.0,4.727388927229233,0.0,0.0,0.0,2.0,0.06666666666666667,0.0,0.0,0.0,23.0,1.8689372660793393,2.2956521739130435,15.5,8.0,0.0,0.5333333333333333,0.0,0.4666666666666667,0.15082125603864735,11.0,3.5254160869470614,0.1,1.1,1.0,0.0,0.06666666666666667,0.4666666666666667,-0.9333333333333333,-3.496274509803922,2.0,7.299079189786134,0.0,0.0,0.0,2.0,0.06666666666666667,0.0,0.0,0.0,24.0,1.7569955748957293,2.6979166666666665,16.3,9.0,0.0,0.5333333333333333,0.0,0.5333333333333333,0.17444444444444446,10.0,5.13596936083233,0.0,0.0,0.0,0.0,0.06666666666666667,0.5333333333333333,-1.0,-3.410196078431373,1.0,0.6285115109048539,0.0,0.0,0.0,2.0,0.06666666666666667,0.0,0.0,0.0,14.0,0.10783020739467183,38.48571428571428,60.05,12.0,2.0,0.06666666666666667,0.0,0.0,0.4539194139194137,6.0,2.762475665720807,28.65833333333333,48.9,5.0,0.0,0.06666666666666667,0.0,0.06666666666666667,0.539222222222222,2.0,4.4588898700937705,0.0,0.0,0.0,2.0,0.06666666666666667,0.0,0.0,0.0,6.0,1.3407933754287835,12.125,38.3,3.0,2.0,0.06666666666666667,0.0,0.0,-0.23566666666666666,4.0,0.25668458779177955,27.125,48.4,3.0,0.0,0.0,0.0,0.0,0.75,1.0,0.0,29.0,8.63103448275862,12.0,4.683333333333334,1.0,0.0,26.0,10.682692307692308,11.0,4.545454545454546,1.0,0.0,8.0,0.0,7.0,36.214285714285715,0.0,0.0,1.0,0.0,5.0,33.08
rush_hour_seed1,rush_hour,1,529.25,544.25,124.0,3.7000540341985197,6.443951612903225,37.0,28.75,1.0,10.50939581135152,0.0,0.0,0.0,2.0,0.06666666666666667,0.06666666666666667,0.0,0.0,23.0,1.7106601611317103,2.643478260869565,16.5,8.0,0.0,0.4666666666666667,0.0,0.4666666666666667,0.16998188405797102,11.0,3.2228147470052604,0.19090909090909092,2.1,1.0,0.0,0.06666666666666667,0.4,-0.7333333333333333,-2.8033143939393943,1.0,13.882372953022132,0.0,0.0,0.0,2.0,0.06666666666666667,0.06666666666666667,0.0,0.0,24.0,1.6033733205275025,3.091666666666667,17.3,10.0,0.0,0.5333333333333333,0.0,0.6,0.1965277777777778,10.0,4.744706706475886,0.08499999999999999,0.85,1.0,0.0,0.06666666666666667,0.4666666666666667,-0.7333333333333333,-2.726208333333333,0.0,0.0,0.0,0.0,0.0,2.0,0.0,0.06666666666666667,0.0,0.0,14.0,0.3371953191991675,26.61785714285714,54.9,9.0,2.0,0.13333333333333333,0.06666666666666667,-0.2,-0.3988095238095236,6.0,2.76466844835567,29.491666666666664,49.9,5.0,0.0,0.06666666666666667,0.0,0.06666666666666667,0.5414444444444444,1.0,9.820634082239888,0.0,0.0,0.0,2.0,0.06666666666666667,0.06666666666666667,0.0,0.0,5.0,2.2657515220407576,0.0,0.0,0.0,2.0,0.06666666666666667,0.06666666666666667,-0.2,-1.0839999999999999,4.0,0.128399779316859,27.875,49.4,3.0,0.0,0.0,0.0,0.0,0.75,1.0,0.0,29.0,9.274137931034483,12.0,5.383333333333334,0.0,0.0,27.0,11.04814814814815,11.0,5.263636363636364,1.0,0.0,7.0,0.0,7.0,37.07142857142857,1.0,0.0,1.0,0.0,5.0,33.88
rush_hour_seed1,rush_hour,1,530.25,545.25,125.0,3.6973249662761423,5.8216,36.0,27.75,1.0,11.30040698237415,0.0,0.0,0.0,2.0,0.06666666666666667,0.06666666666666667,0.0,0.0,24.0,1.5802351534016523,2.902083333333333,17.5,9.0,0.0,0.4666666666666667,0.0,0.5333333333333333,0.18366830065359477,11.0,2.896160537783683,0.2818181818181818,3.1,1.0,0.0,0.06666666666666667,0.4,-0.6,-2.2303787878787875,1.0,13.886555698852753,0.0,0.0,0.0,2.0,0.06666666666666667,0.06666666666666667,-0.06666666666666667,-0.016666666666666666,25.0,1.4595716761655106,3.3680000000000003,18.3,10.0,0.0,0.5333333333333333,0.0,0.6,0.2115921568627451,10.0,4.251445184997605,0.185,1.85,1.0,0.0,0.06666666666666667,0.4666666666666667,-0.6,-2.1620416666666666,0.0,0.0,0.0,0.0,0.0,2.0,0.0,0.06666666666666667,0.0,0.0,14.0,0.8690259483332372,19.460714285714285,52.15,7.0,2.0,0.13333333333333333,0.06666666666666667,-0.3333333333333333,-0.9374908424908424,6.0,2.4403383152073594,30.325,50.9,5.0,0.0,0.06666666666666667,0.0,0.06666666666666667,0.5436666666666667,1.0,11.515003154243635,0.0,0.0,0.0,2.0,0.06666666666666667,0.06666666666666667,0.0,0.0,5.0,3.5171513688432414,0.0,0.0,0.0,2.0,0.06666666666666667,0.06666666666666667,-0.2,-1.1239999999999999,4.0,0.06113555486721805,28.625,50.4,3.0,0.0,0.0,0.0,0.0,0.75,1.0,0.0,29.0,9.951724137931036,12.0,6.133333333333333,0.0,0.0,27.0,11.825925925925926,11.0,6.068181818181818,1.0,0.0,6.0,0.0,7.0,37.92857142857143,1.0,0.0,1.0,0.0,5.0,34.68
rush_hour_seed1,rush_hour,1,531.25,546.25,125.0,3.7071435148144842,5.2852,37.0,26.75,1.0,11.310633021618013,0.0,0.0,0.0,2.0,0.06666666666666667,0.06666666666666667,0.0,0.0,24.0,1.4503288281413782,3.2916666666666665,18.5,10.0,0.0,0.4666666666666667,0.0,0.6,0.205718954248366,11.0,2.570664551741551,0.3727272727272727,4.1,1.0,0.0,0.06666666666666667,0.4,-0.5333333333333333,-1.6714015151515151,1.0,13.84497251767316,0.0,0.0,0.0,2.0,0.06666666666666667,0.06666666666666667,-0.06666666666666667,-0.08333333333333333,25.0,1.382392862365291,3.804,19.3,11.0,0.0,0.5333333333333333,0.0,0.6666666666666666,0.23673725490196076,10.0,3.659160080224871,0.28500000000000003,2.85,1.0,0.0,0.06666666666666667,0.4666666666666667,-0.4666666666666667,-1.6068333333333333,0.0,0.0,0.0,0.0,0.0,2.0,0.0,0.06666666666666667,0.0,0.0,13.0,1.2632707992021557,13.473076923076924,50.5,6.0,2.0,0.06666666666666667,0.13333333333333333,-0.4,-1.234175824175824,6.0,1.7614809471109683,31.15833333333333,51.9,5.0,0.0,0.06666666666666667,0.0,0.06666666666666667,0.5458888888888889,1.0,11.998321129311808,0.0,0.0,0.0,2.0,0.06666666666666667,0.06666666666666667,-0.06666666666666667,-0.013333333333333334,4.0,4.897679867967578,0.0,0.0,0.0,2.0,0.06666666666666667,0.13333333333333333,-0.2,-1.1640000000000001,5.0,0.15440279237643595,23.5,51.4,3.0,0.0,0.06666666666666667,0.0,0.0,0.35833333333333334,1.0,0.0,29.0,10.641379310344828,12.0,6.966666666666666,0.0,0.0,27.0,12.627777777777778,11.0,6.886363636363637,1.0,0.0,6.0,0.0,7.0,38.785714285714285,1.0,0.0,1.0,0.0,5.0,35.480000000000004
rush_hour_seed1,rush_hour,1,532.25,547.25,125.0,3.73196641612101,4.7828,38.0,25.75,1.0,11.289050783172023,0.0,0.0,0.0,2.0,0.06666666666666667,0.06666666666666667,0.0,0.0,25.0,1.3224867616331692,3.572,19.5,11.0,0.0,0.4666666666666667,0.0,0.6666666666666666,0.22146666666666667,11.0,2.231520097685591,0.4636363636363636,5.1,1.0,0.0,0.06666666666666667,0.3333333333333333,-0.4666666666666667,-1.51020202020202,1.0,13.847915581086419,0.0,0.0,0.0,2.0,0.06666666666666667,0.06666666666666667,-0.06666666666666667,-0.15,25.0,1.2597254770610715,4.262,20.3,12.0,0.0,0.4666666666666667,0.0,0.6666666666666666,0.2608,10.0,3.092829016081035,0.385,3.85,1.0,0.0,0.06666666666666667,0.4,-0.4,-1.434777777777778,0.0,0.0,0.0,0.0,0.0,2.0,0.0,0.06666666666666667,0.0,0.0,12.0,1.5959467450843203,6.641666666666667,36.95,4.0,2.0,0.06666666666666667,0.2,-0.5333333333333333,-1.7467460317460317,6.0,1.1349456385771344,31.991666666666664,52.9,5.0,0.0,0.06666666666666667,0.0,0.06666666666666667,0.5481111111111109,1.0,11.997811608533375,0.0,0.0,0.0,2.0,0.06666666666666667,0.06666666666666667,-0.06666666666666667,-0.08,4.0,6.065410258164319,0.0,0.0,0.0,2.0,0.06666666666666667,0.13333333333333333,-0.2,-1.204,5.0,0.5665132831043884,24.28,52.4,4.0,0.0,0.06666666666666667,0.0,0.06666666666666667,0.3603333333333334,1.0,0.0,30.0,10.985000000000001,13.0,7.203846153846154,1.0,0.0,27.0,13.453703703703704,11.0,7.7681818181818185,1.0,0.0,5.0,0.0,7.0,39.642857142857146,1.0,0.0,1.0,0.0,5.0,36.28
rush_hour_seed1,rush_hour,1,533.25,548.25,127.0,3.942962043105533,4.718897637795275,39.0,24.75,1.0,11.288618449460955,0.0,0.0,0.0,2.0,0.06666666666666667,0.06666666666666667,0.0,0.0,25.0,1.2314404210165844,4.012,20.5,11.0,0.0,0.4666666666666667,0.0,0.6,0.24450370370370367,12.0,2.1000465647119353,0.5708333333333333,6.1,2.0,0.0,0.06666666666666667,0.26666666666666666,-0.26666666666666666,-0.9317222222222221,2.0,14.09331913857207,0.0,0.0,0.0,2.0,0.06666666666666667,0.06666666666666667,-0.06666666666666667,-0.10833333333333334,25.0,1.103401775103922,4.742,21.3,12.0,0.0,0.4,0.0,0.6666666666666666,0.2870105263157895,10.0,2.572337635102775,0.55,4.85,2.0,0.0,0.06666666666666667,0.3333333333333333,-0.2,-0.909047619047619,1.0,11.972920233593323,0.0,0.0,0.0,2.0,0.06666666666666667,0.06666666666666667,0.0,0.0,12.0,2.3083455377276167,3.8125,27.45,3.0,2.0,0.06666666666666667,0.2,-0.6666666666666666,-1.9944047619047618,6.0,0.6318461411235476,32.824999999999996,53.9,5.0,0.0,0.06666666666666667,0.0,0.06666666666666667,0.550333333333333,1.0,11.983830029612873,0.0,0.0,0.0,2.0,0.06666666666666667,0.06666666666666667,-0.06666666666666667,-0.14666666666666667,3.0,7.359450109996584,0.0,0.0,0.0,2.0,0.06666666666666667,0.2,-0.26666666666666666,-1.2446666666666668,5.0,0.9537564959450758,25.080000000000002,53.4,4.0,0.0,0.06666666666666667,0.0,0.06666666666666667,0.3636666666666668,1.0,0.0,30.0,11.706666666666667,13.0,8.05,1.0,0.0,27.0,14.305555555555555,11.0,8.677272727272728,0.0,0.0,5.0,0.0,7.0,40.5,1.0,0.0,1.0,0.0,5.0,37.08
rush_hour_seed1,rush_hour,1,534.25,549.25,127.0,4.047110200280945,4.814566929133859,40.0,23.75,1.0,11.289556151157484,0.0,0.0,0.0,2.0,0.06666666666666667,0.06666666666666667,0.0,0.0,26.0,1.1503833462718256,4.303846153846154,21.5,12.0,0.0,0.4666666666666667,0.0,0.6,0.2576248313090418,12.0,1.9913646113597452,0.7374999999999999,7.1,2.0,0.0,0.06666666666666667,0.26666666666666666,-0.2,-0.6468333333333333,1.0,16.004601893636583,0.0,0.0,0.0,2.0,0.06666666666666667,0.13333333333333333,-0.06666666666666667,-0.14166666666666666,25.0,0.9482312269413019,5.2620000000000005,22.3,13.0,0.0,0.4,0.0,0.6666666666666666,0.3118526315789474,10.0,2.125937350373393,0.75,5.85,2.0,0.0,0.06666666666666667,0.3333333333333333,-0.06666666666666667,-0.33380952380952383,1.0,11.971887421617284,0.0,0.0,0.0,2.0,0.06666666666666667,0.06666666666666667,0.0,0.0,11.0,2.560650640805887,1.8454545454545452,16.4,2.0,2.0,0.06666666666666667,0.26666666666666666,-0.7333333333333333,-2.1874458874458877,6.0,0.28508021626437147,33.65833333333333,54.9,5.0,0.0,0.06666666666666667,0.0,0.0,0.5512222222222221,1.0,11.979624336089474,0.0,0.0,0.0,2.0,0.06666666666666667,0.06666666666666667,-0.06666666666666667,-0.21333333333333335,3.0,8.394338147928202,0.0,0.0,0.0,2.0,0.06666666666666667,0.2,-0.26666666666666666,-1.2980000000000003,5.0,1.3534401798791114,25.880000000000003,54.4,4.0,0.0,0.06666666666666667,0.0,0.06666666666666667,0.36700000000000016,1.0,0.0,30.0,12.451666666666666,13.0,8.926923076923076,1.0,0.0,27.0,15.194444444444445,11.0,9.586363636363636,0.0,0.0,4.0,0.0,7.0,41.357142857142854,1.0,0.0,1.0,0.0,5.0,37.88
rush_hour_seed1,rush_hour,1,535.25,550.25,126.0,4.175309577536391,5.005952380952381,41.0,22.75,1.0,11.308913472925086,0.0,0.0,0.0,2.0,0.06666666666666667,0.06666666666666667,0.0,0.0,26.0,1.0528546895051991,4.769230769230769,22.5,13.0,0.0,0.4666666666666667,0.0,0.6666666666666666,0.27812415654520917,12.0,1.8912035595400996,0.9874999999999999,8.1,3.0,0.0,0.06666666666666667,0.2,0.0,-0.19845238095238096,1.0,15.987887973017244,0.0,0.0,0.0,2.0,0.06666666666666667,0.13333333333333333,-0.06666666666666667,-0.175,25.0,0.8002498512047893,5.782,23.3,13.0,0.0,0.3333333333333333,0.0,0.6,0.3368,10.0,1.6928322910067812,1.0,6.85,3.0,0.0,0.06666666666666667,0.26666666666666666,0.06666666666666667,-0.1423076923076923,1.0,11.973329201093875,0.0,0.0,0.0,2.0,0.06666666666666667,0.06666666666666667,0.0,0.0,11.0,3.2511173912725706,0.0,0.0,0.0,2.0,0.06666666666666667,0.26666666666666666,-0.8666666666666667,-2.372380952380952,6.0,0.10199808904478526,34.49166666666667,55.9,5.0,0.0,0.0,0.0,0.0,0.8333333333333336,1.0,11.997258286534343,0.0,0.0,0.0,2.0,0.06666666666666667,0.06666666666666667,-0.06666666666666667,-0.28,2.0,9.834357587329022,0.0,0.0,0.0,2.0,0.06666666666666667,0.26666666666666666,-0.26666666666666666,-1.3513333333333333,5.0,1.7497074791713565,26.68,55.4,4.0,0.0,0.06666666666666667,0.0,0.06666666666666667,0.3703333333333333,1.0,0.0,30.0,13.22,13.0,9.850000000000001,1.0,0.0,28.0,15.533928571428572,11.0,10.495454545454546,0.0,0.0,4.0,0.0,7.0,42.214285714285715,1.0,0.0,1.0,0.0,5.0,38.72
rush_hour_seed1,rush_hour,1,536.25,551.25,124.0,4.079352564985156,5.429838709677419,45.0,21.75,1.0,11.288807227976394,0.0,0.0,0.0,2.0,0.06666666666666667,0.06666666666666667,0.0,0.0,26.0,0.9478024518575057,5.273076923076923,23.5,14.0,0.0,0.4,0.0,0.6666666666666666,0.30137179487179483,12.0,1.8294204576199526,1.2625,9.1,4.0,0.0,0.06666666666666667,0.13333333333333333,0.13333333333333333,-0.043269230769230775,1.0,16.042608030556888,0.0,0.0,0.0,2.0,0.06666666666666667,0.13333333333333333,-0.06666666666666667,-0.20833333333333334,25.0,0.6748207485619928,6.34,24.3,14.0,0.0,0.26666666666666666,0.0,0.6,0.36298412698412696,10.0,1.3378161912486826,1.3199999999999998,7.85,4.0,0.0,0.06666666666666667,0.2,0.26666666666666666,0.088,1.0,11.972678290740587,0.0,0.0,0.0,2.0,0.06666666666666667,0.06666666666666667,0.0,0.0,11.0,3.67345941498362,0.0,0.0,0.0,2.0,0.06666666666666667,0.26666666666666666,-0.8666666666666667,-2.434285714285714,6.0,0.030563772466200127,35.324999999999996,56.9,5.0,0.0,0.0,0.0,0.0,0.8333333333333331,1.0,11.99418811514508,0.0,0.0,0.0,2.0,0.06666666666666667,0.06666666666666667,-0.06666666666666667,-0.3466666666666667,2.0,10.60787214482642,0.0,0.0,0.0,2.0,0.06666666666666667,0.26666666666666666,-0.26666666666666666,-1.4046666666666667,5.0,2.1105713556715617,27.48,56.4,4.0,0.0,0.06666666666666667,0.0,0.06666666666666667,0.3736666666666667,0.0,0.0,31.0,13.569354838709678,13.0,10.773076923076925,1.0,0.0,28.0,16.442857142857143,11.0,11.404545454545454,0.0,0.0,3.0,0.0,7.0,43.07142857142857,1.0,0.0,1.0,0.0,5.0,39.72
rush_hour_seed1,rush_hour,1,537.25,552.25,124.0,4.003804208574956,5.805241935483871,48.0,20.75,1.0,11.286441936520168,0.0,0.0,0.0,2.0,0.06666666666666667,0.06666666666666667,0.0,0.0,27.0,0.8639079520252089,5.596296296296296,24.5,14.0,0.0,0.4666666666666667,0.0,0.6666666666666666,0.3095864197530864,12.0,1.7751516775624883,1.6041666666666667,10.1,5.0,0.0,0.06666666666666667,0.13333333333333333,0.3333333333333333,0.10694444444444445,1.0,16.000993086672572,0.0,0.0,0.0,2.0,0.06666666666666667,0.13333333333333333,-0.06666666666666667,-0.24166666666666667,25.0,0.5561200812013619,6.936,25.3,15.0,0.0,0.26666666666666666,0.0,0.6666666666666666,0.3868444444444445,10.0,1.0279827987986245,1.72,8.85,4.0,0.0,0.06666666666666667,0.2,0.26666666666666666,0.11466666666666667,1.0,11.994875557897613,0.0,0.0,0.0,2.0,0.06666666666666667,0.06666666666666667,0.0,0.0,10.0,3.854230344176969,0.0,0.0,0.0,2.0,0.06666666666666667,0.3333333333333333,-0.8666666666666667,-2.496190476190476,6.0,0.008420377384541199,36.25,57.9,6.0,0.0,0.0,0.0,0.06666666666666667,0.8394444444444445,1.0,11.98834895853186,0.0,0.0,0.0,2.0,0.06666666666666667,0.06666666666666667,-0.06666666666666667,-0.41333333333333333,1.0,11.975234952494501,0.0,0.0,0.0,2.0,0.06666666666666667,0.3333333333333333,-0.26666666666666666,-1.4579999999999997,5.0,2.4869564017466965,28.28,57.4,4.0,0.0,0.06666666666666667,0.0,0.06666666666666667,0.37700000000000006,0.0,0.0,31.0,14.37741935483871,13.0,11.696153846153846,1.0,0.0,28.0,17.37142857142857,11.0,12.313636363636363,1.0,0.0,2.0,0.0,7.0,43.92857142857143,1.0,0.0,1.0,0.0,5.0,40.72
rush_hour_seed1,rush_hour,1,538.25,553.25,123.0,3.955016339097676,6.255284552845528,50.0,19.75,1.0,11.302059975207557,0.0,0.0,0.0,2.0,0.06666666666666667,0.06666666666666667,0.0,0.0,27.0,0.779530443251163,6.14074074074074,25.5,15.0,0.0,0.4666666666666667,0.0,0.7333333333333333,0.33254938271604934,12.0,1.751985146946786,2.0208333333333335,11.1,5.0,0.0,0.06666666666666667,0.06666666666666667,0.3333333333333333,0.13472222222222224,1.0,16.02484929134995,0.0,0.0,0.0,2.0,0.06666666666666667,0.13333333333333333,-0.06666666666666667,-0.275,25.0,0.4519529455302464,7.57,26.3,16.0,0.0,0.2,0.0,0.7333333333333333,0.41739393939393943,10.0,0.7680694458174311,2.12,9.85,4.0,0.0,0.06666666666666667,0.13333333333333333,0.26666666666666666,0.14133333333333334,1.0,11.97306451343,0.0,0.0,0.0,2.0,0.06666666666666667,0.06666666666666667,0.0,0.0,10.0,4.4768802675140975,0.0,0.0,0.0,2.0,0.06666666666666667,0.3333333333333333,-0.8666666666666667,-2.558095238095238,6.0,0.002409087307445616,37.25,58.9,6.0,0.0,0.0,0.0,0.06666666666666667,0.8505555555555557,1.0,11.99856557545485,0.0,0.0,0.0,2.0,0.06666666666666667,0.06666666666666667,-0.06666666666666667,-0.48000000000000004,1.0,11.988382314098999,0.0,0.0,0.0,2.0,0.06666666666666667,0.3333333333333333,-0.26666666666666666,-1.5113333333333332,5.0,2.768266328314226,29.080000000000002,58.4,4.0,0.0,0.06666666666666667,0.0,0.06666666666666667,0.38033333333333347,1.0,0.0,31.0,15.216129032258063,13.0,12.61923076923077,1.0,0.0,28.0,18.3,11.0,13.22272727272727,1.0,0.0,2.0,0.0,7.0,44.785714285714285,1.0,0.0,1.0,0.0,6.0,34.766666666666666
rush_hour_seed1,rush_hour,1,539.25,554.25,123.0,3.925383477933344,6.66829268292683,52.0,18.75,2.0,12.0606812894533,0.0,0.0,0.0,2.0,0.13333333333333333,0.06666666666666667,0.0,0.0,27.0,0.6860944787152811,6.707407407407407,26.5,16.0,0.0,0.4,0.0,0.7333333333333333,0.35890652557319225,12.0,1.4423673864169702,2.4375,12.1,5.0,0.0,0.06666666666666667,0.0,0.3333333333333333,0.1625,1.0,15.98286830414012,0.0,0.0,0.0,2.0,0.06666666666666667,0.13333333333333333,-0.06666666666666667,-0.30833333333333335,25.0,0.3595971090012917,8.21,27.3,16.0,0.0,0.2,0.0,0.6666666666666666,0.4433939393939395,10.0,0.5463597811067012,2.57,10.85,5.0,0.0,0.06666666666666667,0.13333333333333333,0.3333333333333333,0.1713333333333333,1.0,11.978141078080517,0.0,0.0,0.0,2.0,0.06666666666666667,0.06666666666666667,0.0,0.0,9.0,4.828375708906067,0.0,0.0,0.0,2.0,0.06666666666666667,0.4,-0.8666666666666667,-2.6199999999999997,6.0,0.0006641409175554242,38.25,59.9,6.0,0.0,0.0,0.0,0.06666666666666667,0.8616666666666667,1.0,11.989936300297268,0.0,0.0,0.0,2.0,0.0,0.06666666666666667,-0.06666666666666667,-0.2733333333333333,2.0,11.988566880746511,0.0,0.0,0.0,2.0,0.13333333333333333,0.3333333333333333,-0.26666666666666666,-1.5646666666666667,5.0,2.776493160626734,29.880000000000003,59.4,4.0,0.0,0.06666666666666667,0.0,0.06666666666666667,0.3836666666666668,1.0,0.0,31.0,16.06290322580645,13.0,13.542307692307693,1.0,0.0,28.0,19.2625,11.0,14.131818181818181,1.0,0.0,1.0,0.0,7.0,45.642857142857146,1.0,0.0,1.0,0.0,6.0,35.6
rush_hour_seed1,rush_hour,1,540.25,555.25,125.0,3.7852391880239096,6.996,55.0,17.75,2.0,12.924708480466432,0.0,0.0,0.0,2.0,0.06666666666666667,0.06666666666666667,0.0,0.0,28.0,0.5984116183077128,7.060714285714285,27.5,17.0,0.0,0.4666666666666667,0.0,0.7333333333333333,0.36626984126984125,12.0,1.0953021681801347,2.920833333333333,13.1,6.0,0.0,0.06666666666666667,0.0,0.4,0.19472222222222219,1.0,16.077435032631456,0.0,0.0,0.0,2.0,0.06666666666666667,0.13333333333333333,-0.06666666666666667,-0.3416666666666667,26.0,0.30311166753876123,8.544230769230769,28.3,17.0,0.0,0.2,0.0,0.6666666666666666,0.45077480490523963,10.0,0.37803230618370776,3.07,11.85,5.0,0.0,0.06666666666666667,0.06666666666666667,0.3333333333333333,0.20466666666666666,1.0,11.990709999860265,0.0,0.0,0.0,2.0,0.06666666666666667,0.06666666666666667,0.0,0.0,9.0,5.646992915854738,0.0,0.0,0.0,2.0,0.06666666666666667,0.4,-0.8666666666666667,-2.6819047619047613,7.0,0.07155463823697798,33.642857142857146,60.9,6.0,0.0,0.06666666666666667,0.0,0.06666666666666667,0.4989682539682543,1.0,11.988742470019497,0.0,0.0,0.0,2.0,0.0,0.06666666666666667,-0.06666666666666667,-0.30666666666666664,2.0,11.975973224564223,0.0,0.0,0.0,2.0,0.06666666666666667,0.3333333333333333,-0.26666666666666666,-1.3483333333333332,5.0,2.773218818606377,30.68,60.4,4.0,0.0,0.06666666666666667,0.0,0.06666666666666667,0.38699999999999996,1.0,0.0,31.0,16.933870967741935,13.0,14.465384615384616,1.0,0.0,28.0,20.226785714285715,11.0,15.04090909090909,1.0,0.0,1.0,0.0,7.0,46.5,0.0,0.0,1.0,0.0,6.0,36.43333333333333
rush_hour_seed1,rush_hour,1,541.25,556.25,125.0,3.725003632009426,7.45,58.0,16.75,2.0,12.92372945666038,0.0,0.0,0.0,2.0,0.06666666666666667,0.06666666666666667,-0.06666666666666667,-0.03166666666666666,28.0,0.5382630808266234,7.667857142857143,28.5,17.0,0.0,0.4,0.0,0.7333333333333333,0.39331168831168833,12.0,0.7932478323853211,3.4458333333333333,14.1,7.0,0.0,0.06666666666666667,0.0,0.4666666666666667,0.22972222222222222,1.0,16.055945235300065,0.0,0.0,0.0,2.0,0.06666666666666667,0.13333333333333333,-0.06666666666666667,-0.375,26.0,0.327484998620562,9.21923076923077,29.3,18.0,0.0,0.2,0.0,0.6666666666666666,0.4738907469342252,11.0,0.3183130524492049,3.3272727272727276,12.85,6.0,0.0,0.06666666666666667,0.0,0.4,0.22181818181818183,1.0,11.975652118159923,0.0,0.0,0.0,2.0,0.06666666666666667,0.06666666666666667,0.0,0.0,8.0,6.125771538691815,0.0,0.0,0.0,2.0,0.06666666666666667,0.4666666666666667,-0.8666666666666667,-2.7438095238095235,7.0,0.37633449862085494,34.5,61.9,6.0,0.0,0.06666666666666667,0.0,0.06666666666666667,0.5005555555555558,1.0,10.257468267163453,0.0,0.0,0.0,2.0,0.0,0.06666666666666667,-0.06666666666666667,-0.33999999999999997,2.0,11.985219165883027,0.0,0.0,0.0,2.0,0.06666666666666667,0.3333333333333333,-0.26666666666666666,-1.3927777777777777,5.0,2.765410961341197,31.48,61.4,4.0,0.0,0.06666666666666667,0.0,0.06666666666666667,0.39033333333333337,1.0,0.0,31.0,17.820967741935487,13.0,15.38846153846154,1.0,0.0,28.0,21.19107142857143,11.0,15.95,1.0,0.0,1.0,0.0,7.0,47.357142857142854,0.0,0.0,1.0,0.0,6.0,37.266666666666666
rush_hour_seed1,rush_hour,1,542.25,557.25,125.0,3.6319882959713436,7.926399999999999,61.0,15.75,1.0,14.6067829814263,0.0,0.0,0.0,2.0,0.06666666666666667,0.13333333333333333,-0.06666666666666667,-0.065,29.0,0.4690137854737117,8.010344827586207,29.5,18.0,0.0,0.4666666666666667,0.0,0.7333333333333333,0.3964472309299896,12.0,0.5428398892104821,4.029166666666667,15.1,7.0,0.0,0.06666666666666667,0.0,0.4,0.2680050505050505,1.0,16.03175258910954,0.0,0.0,0.0,2.0,0.06666666666666667,0.13333333333333333,-0.06666666666666667,-0.4083333333333333,26.0,0.35470782241104143,9.932692307692308,30.3,19.0,0.0,0.13333333333333333,0.0,0.7333333333333333,0.5050961538461539,11.0,0.425272499574,3.909090909090909,13.85,7.0,0.0,0.06666666666666667,0.0,0.4666666666666667,0.2606060606060606,1.0,11.982627838603221,0.0,0.0,0.0,2.0,0.06666666666666667,0.06666666666666667,0.0,0.0,8.0,6.739927774144474,0.0,0.0,0.0,2.0,0.13333333333333333,0.5333333333333333,-0.8666666666666667,-2.8057142857142856,7.0,0.6617663233817057,35.357142857142854,62.9,6.0,0.0,0.06666666666666667,0.0,0.06666666666666667,0.502142857142857,0.0,0.0,0.0,0.0,0.0,2.0,0.0,0.13333333333333333,-0.06666666666666667,-0.3733333333333333,1.0,11.980493137396406,0.0,0.0,0.0,2.0,0.06666666666666667,0.4,-0.26666666666666666,-1.4372222222222222,5.0,2.771878096721699,32.28,62.4,4.0,0.0,0.06666666666666667,0.0,0.06666666666666667,0.3936666666666667,1.0,0.0,31.0,18.741935483870968,13.0,16.31153846153846,1.0,0.0,28.0,22.155357142857145,12.0,15.475,1.0,0.0,1.0,0.0,7.0,48.214285714285715,0.0,0.0,1.0,0.0,6.0,38.1
rush_hour_seed1,rush_hour,1,543.25,558.25,124.0,3.580387694440898,8.493145161290323,63.0,14.75,1.0,14.599919513334365,0.0,0.0,0.0,2.0,0.06666666666666667,0.13333333333333333,0.0,0.0,29.0,0.43319947131951925,8.63103448275862,30.5,18.0,0.0,0.4,0.0,0.6666666666666666,0.42235882058970514,12.0,0.34863262586973737,4.683333333333334,16.1,8.0,0.0,0.06666666666666667,0.0,0.4666666666666667,0.3055555555555556,1.0,12.421408226427433,0.0,0.0,0.0,2.0,0.06666666666666667,0.13333333333333333,0.0,0.0,26.0,0.39822499408652473,10.682692307692308,31.3,20.0,0.0,0.13333333333333333,0.0,0.7333333333333333,0.5323183760683762,11.0,0.5362692306615815,4.545454545454546,14.85,7.0,0.0,0.06666666666666667,0.0,0.4666666666666667,0.30303030303030304,1.0,11.990284504678566,0.0,0.0,0.0,2.0,0.06666666666666667,0.06666666666666667,0.0,0.0,8.0,7.724079443219429,0.0,0.0,0.0,2.0,0.13333333333333333,0.5333333333333333,-0.8,-2.5657142857142854,7.0,0.9525432730595875,36.214285714285715,63.9,6.0,0.0,0.06666666666666667,0.0,0.06666666666666667,0.5037301587301589,0.0,0.0,0.0,0.0,0.0,2.0,0.0,0.13333333333333333,0.0,0.0,1.0,11.9788676755107,0.0,0.0,0.0,2.0,0.06666666666666667,0.4,-0.2,-0.8083333333333333,5.0,2.1119313624869203,33.08,63.4,4.0,0.0,0.06666666666666667,0.0,0.06666666666666667,0.3969999999999999,1.0,0.0,31.0,19.677419354838708,13.0,17.234615384615385,1.0,0.0,28.0,23.119642857142857,12.0,16.391666666666666,1.0,0.0,1.0,0.0,7.0,49.07142857142857,0.0,0.0,1.0,0.0,6.0,38.93333333333333
rush_hour_seed1,rush_hour,1,544.25,559.25,125.0,3.575762357720578,8.949200000000001,67.0,13.75,1.0,14.600225562536002,0.0,0.0,0.0,2.0,0.06666666666666667,0.06666666666666667,0.0,0.0,29.0,0.37546246713677767,9.274137931034483,31.5,19.0,0.0,0.4,0.0,0.7333333333333333,0.44204397801099454,12.0,0.20914089825085602,5.383333333333334,17.1,9.0,0.0,0.06666666666666667,0.0,0.5333333333333333,0.3461616161616162,0.0,0.0,0.0,0.0,0.0,2.0,0.0,0.06666666666666667,0.0,0.0,27.0,0.41553562029720914,11.04814814814815,32.3,21.0,0.0,0.2,0.0,0.7333333333333333,0.5304320987654322,11.0,0.6652321697023994,5.263636363636364,15.85,8.0,0.0,0.06666666666666667,0.0,0.4666666666666667,0.34524242424242424,1.0,11.989105531212408,0.0,0.0,0.0,2.0,0.06666666666666667,0.0,0.0,0.0,7.0,8.287701140440841,0.0,0.0,0.0,2.0,0.06666666666666667,0.5333333333333333,-0.6,-1.7745238095238094,7.0,1.2249774709760595,37.07142857142857,64.9,6.0,0.0,0.06666666666666667,0.0,0.06666666666666667,0.5053174603174604,1.0,14.33108026710898,0.0,0.0,0.0,2.0,0.06666666666666667,0.06666666666666667,0.0,0.0,1.0,11.992726589909289,0.0,0.0,0.0,2.0,0.06666666666666667,0.3333333333333333,0.0,0.0,5.0,1.505366890667792,33.88,64.4,4.0,0.0,0.06666666666666667,0.0,0.06666666666666667,0.4003333333333335,1.0,0.0,31.0,20.64032258064516,13.0,18.157692307692308,0.0,0.0,28.0,24.085714285714285,12.0,17.308333333333334,1.0,0.0,1.0,0.0,7.0,49.99285714285714,0.0,0.0,1.0,0.0,6.0,39.766666666666666
rush_hour_seed1,rush_hour,1,545.25,560.25,122.0,3.3697714929434923,9.730737704918033,69.0,12.75,1.0,14.54227285770777,0.0,0.0,0.0,2.0,0.06666666666666667,0.06666666666666667,0.0,0.0,29.0,0.3164601583310451,9.951724137931036,32.5,20.0,0.0,0.3333333333333333,0.0,0.7333333333333333,0.46997605363984685,12.0,0.12033738218659747,6.133333333333333,18.1,9.0,0.0,0.06666666666666667,0.0,0.5333333333333333,0.39010101010101006,0.0,0.0,0.0,0.0,0.0,2.0,0.0,0.06666666666666667,0.0,0.0,27.0,0.3779004059214492,11.825925925925926,33.3,21.0,0.0,0.13333333333333333,0.0,0.7333333333333333,0.5638617283950617,11.0,0.8318336400577128,6.068181818181818,16.85,9.0,0.0,0.06666666666666667,0.0,0.5333333333333333,0.39221212121212123,1.0,11.978852608138695,0.0,0.0,0.0,2.0,0.06666666666666667,0.0,0.0,0.0,6.0,8.94097394033708,0.0,0.0,0.0,2.0,0.06666666666666667,0.6,-0.4666666666666667,-1.2973809523809523,7.0,1.4948292304912114,37.92857142857143,65.9,6.0,0.0,0.06666666666666667,0.0,0.06666666666666667,0.5069047619047621,1.0,16.267040535937998,0.0,0.0,0.0,2.0,0.06666666666666667,0.06666666666666667,0.0,0.0,1.0,11.99581808351213,0.0,0.0,0.0,2.0,0.06666666666666667,0.3333333333333333,0.0,0.0,5.0,0.9818948725108889,34.68,65.4,4.0,0.0,0.06666666666666667,0.0,0.06666666666666667,0.4036666666666667,1.0,0.0,31.0,21.637096774193548,13.0,19.08076923076923,0.0,0.0,29.0,24.220689655172414,12.0,18.224999999999998,1.0,0.0,1.0,0.0,8.0,44.61875,0.0,0.0,1.0,0.0,6.0,40.6
rush_hour_seed1,rush_hour,1,546.25,561.25,121.0,3.3618899408854634,10.39504132231405,71.0,11.75,1.0,14.580782802105727,0.0,0.0,0.0,2.0,0.06666666666666667,0.06666666666666667,0.0,0.0,29.0,0.2599912518007916,10.641379310344828,33.5,20.0,0.0,0.3333333333333333,0.0,0.6666666666666666,0.48998084291187743,12.0,0.06623462500326745,6.966666666666666,19.1,10.0,0.0,0.06666666666666667,0.0,0.6,0.43959595959595954,0.0,0.0,0.0,0.0,0.0,2.0,0.0,0.06666666666666667,0.0,0.0,27.0,0.3699647112490418,12.627777777777778,34.3,22.0,0.0,0.13333333333333333,0.0,0.7333333333333333,0.5882518518518519,11.0,1.0053140375938288,6.886363636363637,17.85,9.0,0.0,0.06666666666666667,0.0,0.5333333333333333,0.4400909090909091,1.0,11.974736686181277,0.0,0.0,0.0,2.0,0.06666666666666667,0.0,0.0,0.0,6.0,9.728612147725467,0.0,0.0,0.0,2.0,0.06666666666666667,0.5333333333333333,-0.4,-0.8982051282051283,7.0,1.718913676445521,38.785714285714285,66.9,6.0,0.0,0.06666666666666667,0.0,0.06666666666666667,0.5084920634920636,1.0,16.634447276625785,0.0,0.0,0.0,2.0,0.06666666666666667,0.06666666666666667,0.0,0.0,1.0,11.970842387708835,0.0,0.0,0.0,2.0,0.06666666666666667,0.26666666666666666,0.0,0.0,5.0,0.5546953272285342,35.480000000000004,66.4,4.0,0.0,0.0,0.0,0.06666666666666667,0.798666666666667,1.0,0.0,31.0,22.637096774193548,13.0,20.003846153846155,0.0,0.0,29.0,25.186206896551724,12.0,19.141666666666666,1.0,0.0,1.0,0.0,8.0,35.25625,0.0,0.0,1.0,0.0,6.0,27.866666666666664
rush_hour_seed1,rush_hour,1,547.25,562.25,123.0,3.352332023399904,10.81951219512195,75.0,10.75,1.0,14.630188632123948,0.0,0.0,0.0,2.0,0.06666666666666667,0.06666666666666667,0.0,0.0,30.0,0.215785714032025,10.985000000000001,34.5,21.0,0.0,0.3333333333333333,0.0,0.6666666666666666,0.4942000000000001,13.0,0.0839308655430929,7.203846153846154,20.1,11.0,0.0,0.13333333333333333,0.0,0.6666666666666666,0.44934731934731936,1.0,14.44608122069016,0.0,0.0,0.0,2.0,0.06666666666666667,0.06666666666666667,0.0,0.0,27.0,0.396937417488519,13.453703703703704,35.3,23.0,0.0,0.13333333333333333,0.0,0.7333333333333333,0.6127802469135804,11.0,1.1687936975214146,7.7681818181818185,18.85,10.0,0.0,0.06666666666666667,0.0,0.6,0.49221212121212127,1.0,9.411827121726265,0.0,0.0,0.0,2.0,0.06666666666666667,0.0,0.0,0.0,5.0,10.340601924871876,0.0,0.0,0.0,2.0,0.06666666666666667,0.5333333333333333,-0.26666666666666666,-0.44277777777777777,7.0,1.710283452383491,39.642857142857146,67.9,6.0,0.0,0.06666666666666667,0.0,0.06666666666666667,0.5100793650793655,1.0,16.572172839976847,0.0,0.0,0.0,2.0,0.06666666666666667,0.06666666666666667,0.0,0.0,1.0,11.982953298306093,0.0,0.0,0.0,2.0,0.06666666666666667,0.26666666666666666,0.0,0.0,5.0,0.27290123378296083,36.28,67.4,4.0,0.0,0.0,0.0,0.0,0.8,1.0,0.0,31.0,23.637096774193548,14.0,19.442857142857143,1.0,0.0,30.0,25.279999999999998,12.0,20.058333333333334,1.0,0.0,1.0,0.0,7.0,10.3,0.0,0.0,1.0,0.0,5.0,2.44
rush_hour_seed1,rush_hour,1,548.25,563.25,122.0,3.312194856770985,11.52827868852459,76.0,9.75,1.0,14.566902579572828,0.0,0.0,0.0,2.0,0.06666666666666667,0.06666666666666667,0.0,0.0,30.0,0.18624714777297127,11.706666666666667,35.5,22.0,0.0,0.3333333333333333,0.0,0.7333333333333333,0.5129777777777779,13.0,0.2346500190339289,8.05,21.1,11.0,0.0,0.06666666666666667,0.0,0.6,0.49861111111111117,1.0,15.466480324967954,0.0,0.0,0.0,2.0,0.06666666666666667,0.13333333333333333,0.0,0.0,27.0,0.2708212298299242,14.305555555555555,36.3,23.0,0.0,0.13333333333333333,0.0,0.7333333333333333,0.6375703703703705,11.0,1.2570959259765802,8.677272727272728,19.85,10.0,0.0,0.06666666666666667,0.0,0.5333333333333333,0.5418181818181818,0.0,0.0,0.0,0.0,0.0,2.0,0.0,0.06666666666666667,0.0,0.0,5.0,10.677165552914714,0.0,0.0,0.0,2.0,0.06666666666666667,0.5333333333333333,-0.2,-0.25416666666666665,7.0,1.7120777495576094,40.5,68.9,6.0,0.0,0.06666666666666667,0.0,0.06666666666666667,0.5116666666666669,1.0,16.574781167496,0.0,0.0,0.0,2.0,0.06666666666666667,0.06666666666666667,0.0,0.0,1.0,11.987107712652069,0.0,0.0,0.0,2.0,0.06666666666666667,0.2,0.0,0.0,5.0,0.11647865787826188,37.08,68.4,4.0,0.0,0.0,0.0,0.0,0.7999999999999997,1.0,0.0,31.0,24.637096774193548,14.0,20.37142857142857,1.0,0.0,30.0,26.21333333333333,12.0,20.974999999999998,1.0,0.0,1.0,0.0,7.0,0.6357142857142858,0.0,0.0,1.0,0.0,5.0,0.0
rush_hour_seed1,rush_hour,1,549.25,564.25,119.0,3.02850572382604,12.472268907563025,79.0,8.75,1.0,14.54983399660963,0.0,0.0,0.0,2.0,0.06666666666666667,0.06666666666666667,0.0,0.0,30.0,0.1527126282603273,12.451666666666666,36.5,23.0,0.0,0.26666666666666666,0.0,0.7333333333333333,0.5431880341880342,13.0,0.3692749838179511,8.926923076923076,22.1,12.0,0.0,0.06666666666666667,0.0,0.6666666666666666,0.5459615384615384,1.0,15.552413266978416,0.0,0.0,0.0,2.0,0.06666666666666667,0.06666666666666667,0.0,0.0,27.0,0.15778165833811486,15.194444444444445,37.3,24.0,0.0,0.13333333333333333,0.0,0.7333333333333333,0.662162962962963,11.0,1.2575046482135812,9.586363636363636,20.85,10.0,0.0,0.06666666666666667,0.0,0.5333333333333333,0.5890909090909091,0.0,0.0,0.0,0.0,0.0,2.0,0.0,0.06666666666666667,0.0,0.0,4.0,10.734897211533958,0.0,0.0,0.0,2.0,0.06666666666666667,0.5333333333333333,-0.13333333333333333,-0.12303030303030302,7.0,1.718517039166247,41.357142857142854,69.9,6.0,0.0,0.06666666666666667,0.0,0.06666666666666667,0.5132539682539682,1.0,16.59379638296366,0.0,0.0,0.0,2.0,0.06666666666666667,0.06666666666666667,0.0,0.0,1.0,11.980482520018704,0.0,0.0,0.0,2.0,0.06666666666666667,0.2,0.0,0.0,5.0,0.04499701184444057,37.88,69.4,4.0,0.0,0.0,0.0,0.0,0.8,1.0,0.0,31.0,25.637096774193548,14.0,21.3,1.0,0.0,30.0,27.146666666666665,12.0,21.891666666666666,1.0,0.0,1.0,0.0,7.0,0.0,0.0,0.0,1.0,0.0,5.0,0.0
rush_hour_seed1,rush_hour,1,550.25,565.25,119.0,2.8579782535735987,13.144117647058824,82.0,7.75,1.0,13.528496775346516,0.0,0.0,0.0,2.0,0.06666666666666667,0.06666666666666667,0.0,0.0,30.0,0.12131584208553425,13.22,37.5,24.0,0.0,0.26666666666666666,0.0,0.7333333333333333,0.5633846153846155,13.0,0.5089978400915793,9.850000000000001,23.1,12.0,0.0,0.06666666666666667,0.0,0.6,0.5908333333333334,1.0,15.455871933072062,0.0,0.0,0.0,2.0,0.06666666666666667,0.06666666666666667,0.0,0.0,28.0,0.09731869701559571,15.533928571428572,38.3,25.0,0.0,0.2,0.0,0.8,0.6501285714285714,11.0,0.9503665706781438,10.495454545454546,21.85,10.0,0.0,0.06666666666666667,0.0,0.4666666666666667,0.633030303030303,0.0,0.0,0.0,0.0,0.0,2.0,0.0,0.06666666666666667,0.0,0.0,4.0,10.677123649420025,0.0,0.0,0.0,2.0,0.06666666666666667,0.5333333333333333,0.0,0.0,7.0,1.7101768907407189,42.214285714285715,70.9,6.0,0.0,0.06666666666666667,0.0,0.06666666666666667,0.5148412698412699,1.0,16.66979475065321,0.0,0.0,0.0,2.0,0.06666666666666667,0.06666666666666667,0.0,0.0,1.0,11.979830826628023,0.0,0.0,0.0,2.0,0.06666666666666667,0.13333333333333333,0.0,0.0,5.0,0.016580664336729948,38.72,70.4,5.0,0.0,0.0,0.0,0.06666666666666667,0.8026666666666666,1.0,0.0,31.0,26.637096774193548,14.0,22.228571428571428,1.0,0.0,30.0,28.08,12.0,22.808333333333334,1.0,0.0,1.0,0.0,6.0,0.0,1.0,0.0,1.0,0.0,4.0,0.0
rush_hour_seed1,rush_hour,1,551.25,566.25,119.0,2.726298190659708,13.837394957983195,84.0,6.75,0.0,0.0,0.0,0.0,0.0,2.0,0.0,0.06666666666666667,0.0,0.0,31.0,0.11036627629599455,13.569354838709678,38.5,25.0,0.0,0.3333333333333333,0.0,0.7333333333333333,0.5530851943755171,13.0,0.6534853826956216,10.773076923076925,24.1,12.0,0.0,0.06666666666666667,0.0,0.5333333333333333,0.6340384615384617,1.0,15.466274293258044,0.0,0.0,0.0,2.0,0.06666666666666667,0.06666666666666667,0.0,0.0,28.0,0.13228919859573382,16.442857142857143,39.3,26.0,0.0,0.2,0.0,0.8,0.6735238095238095,11.0,0.6758948602955827,11.404545454545454,22.85,10.0,0.0,0.06666666666666667,0.0,0.4,0.6723030303030303,0.0,0.0,0.0,0.0,0.0,2.0,0.0,0.06666666666666667,0.0,0.0,3.0,10.771850168304297,0.0,0.0,0.0,2.0,0.06666666666666667,0.6,0.0,0.0,7.0,1.710314768022075,43.07142857142857,71.9,6.0,0.0,0.06666666666666667,0.0,0.06666666666666667,0.5164285714285716,1.0,16.660490436214957,0.0,0.0,0.0,2.0,0.06666666666666667,0.06666666666666667,0.0,0.0,1.0,11.982395145487972,0.0,0.0,0.0,2.0,0.06666666666666667,0.13333333333333333,0.0,0.0,5.0,0.005950271834440937,39.72,71.4,5.0,0.0,0.0,0.0,0.06666666666666667,0.816,2.0,0.0,31.0,27.637096774193548,14.0,23.157142857142855,1.0,0.0,30.0,29.013333333333332,12.0,23.724999999999998,1.0,0.0,1.0,0.0,6.0,0.0,1.0,0.0,2.0,0.0,4.0,0.0
rush_hour_seed1,rush_hour,1,552.25,567.25,120.0,2.795882267504089,14.422500000000001,85.0,5.75,0.0,0.0,0.0,0.0,0.0,2.0,0.0,0.06666666666666667,0.0,0.0,31.0,0.0905129421485537,14.37741935483871,39.5,26.0,0.0,0.26666666666666666,0.0,0.8,0.5854082039028276,13.0,0.7996732209820615,11.696153846153846,25.1,12.0,0.0,0.06666666666666667,0.0,0.4666666666666667,0.6727991452991453,1.0,15.468373362208906,0.0,0.0,0.0,2.0,0.06666666666666667,0.06666666666666667,0.0,0.0,28.0,0.1836178720455462,17.37142857142857,40.3,26.0,0.0,0.2,0.0,0.7333333333333333,0.695695238095238,11.0,0.43605312370137883,12.313636363636363,23.85,10.0,0.0,0.06666666666666667,0.0,0.4,0.7062424242424241,1.0,12.300438680669092,0.0,0.0,0.0,2.0,0.06666666666666667,0.06666666666666667,0.0,0.0,2.0,10.972723693285248,0.0,0.0,0.0,2.0,0.06666666666666667,0.6,0.0,0.0,7.0,1.4011870695143867,43.92857142857143,72.9,6.0,0.0,0.06666666666666667,0.0,0.0,0.5119047619047621,1.0,16.665967324648054,0.0,0.0,0.0,2.0,0.06666666666666667,0.06666666666666667,0.0,0.0,1.0,11.991492056117858,0.0,0.0,0.0,2.0,0.06666666666666667,0.06666666666666667,0.0,0.0,5.0,0.0021691644906660394,40.72,72.4,5.0,0.0,0.0,0.0,0.06666666666666667,0.8293333333333331,2.0,0.425,31.0,28.637096774193548,14.0,24.085714285714285,1.0,0.0,30.0,29.946666666666665,12.0,24.641666666666666,1.0,0.2,2.0,0.0,5.0,0.0,1.0,0.0,2.0,0.4,3.0,0.0
rush_hour_seed1,rush_hour,1,553.25,568.25,122.0,2.890512435692574,14.882786885245903,85.0,4.75,1.0,13.883334211774637,0.0,0.0,0.0,2.0,0.06666666666666667,0.06666666666666667,0.0,0.0,31.0,0.06983647945592508,15.216129032258063,40.5,26.0,0.0,0.26666666666666666,0.0,0.7333333333333333,0.6050258861011549,13.0,0.9507752004543817,12.61923076923077,26.1,12.0,0.0,0.06666666666666667,0.0,0.4666666666666667,0.7065598290598291,1.0,15.512474894187601,0.0,0.0,0.0,2.0,0.06666666666666667,0.06666666666666667,0.0,0.0,28.0,0.24432744502048762,18.3,41.3,26.0,0.0,0.2,0.0,0.6666666666666666,0.7153333333333334,11.0,0.2482776872250723,13.22272727272727,24.85,10.0,0.0,0.06666666666666667,0.0,0.4,0.7401818181818182,1.0,12.311477503121631,0.0,0.0,0.0,2.0,0.06666666666666667,0.06666666666666667,0.0,0.0,2.0,10.94951714959966,0.0,0.0,0.0,2.0,0.06666666666666667,0.6,0.0,0.0,7.0,0.9853429890086289,44.785714285714285,73.9,6.0,0.0,0.06666666666666667,0.0,0.0,0.5023809523809523,1.0,16.59040221725032,0.0,0.0,0.0,2.0,0.06666666666666667,0.06666666666666667,0.0,0.0,1.0,13.690821454977865,0.0,0.0,0.0,2.0,0.06666666666666667,0.06666666666666667,0.0,0.0,6.0,0.22135103703259262,34.766666666666666,73.4,5.0,0.0,0.06666666666666667,0.0,0.06666666666666667,0.3791111111111109,2.0,0.925,31.0,29.637096774193548,14.0,25.014285714285712,1.0,0.0,30.0,30.883333333333333,12.0,25.558333333333334,1.0,1.2,2.0,0.0,4.0,0.0,1.0,0.0,2.0,0.9,3.0,0.0
rush_hour_seed1,rush_hour,1,554.25,569.25,122.0,2.881985841911241,15.589344262295082,87.0,3.75,1.0,13.85754479676718,0.0,0.0,0.0,2.0,0.06666666666666667,0.13333333333333333,0.0,0.0,31.0,0.05236818882834224,16.06290322580645,41.5,27.0,0.0,0.26666666666666666,0.0,0.7333333333333333,0.6236997212266029,13.0,1.011338347433644,13.542307692307693,27.1,12.0,0.0,0.06666666666666667,0.0,0.4666666666666667,0.7403205128205129,1.0,15.481404339905087,0.0,0.0,0.0,2.0,0.06666666666666667,0.06666666666666667,0.0,0.0,28.0,0.18739869842740733,19.2625,42.3,27.0,0.0,0.2,0.0,0.7333333333333333,0.7368333333333332,11.0,0.12404630576435592,14.131818181818181,25.85,10.0,0.0,0.06666666666666667,0.0,0.3333333333333333,0.7707878787878787,1.0,12.285800494627827,0.0,0.0,0.0,2.0,0.06666666666666667,0.06666666666666667,0.0,0.0,1.0,11.370350146350699,0.0,0.0,0.0,2.0,0.06666666666666667,0.6,0.0,0.0,7.0,0.6243504169995359,45.642857142857146,74.9,6.0,0.0,0.06666666666666667,0.0,0.0,0.49285714285714305,1.0,15.72286205392033,0.0,0.0,0.0,2.0,0.06666666666666667,0.06666666666666667,0.0,0.0,1.0,13.845429271565518,0.0,0.0,0.0,2.0,0.06666666666666667,0.13333333333333333,0.0,0.0,6.0,0.5852949998501317,35.6,74.4,5.0,0.0,0.06666666666666667,0.0,0.06666666666666667,0.38133333333333325,2.0,1.425,31.0,30.637096774193548,14.0,25.942857142857143,1.0,0.0,30.0,31.85,12.0,26.474999999999998,1.0,2.2,2.0,0.0,4.0,0.0,1.0,0.0,2.0,1.4,2.0,0.0
rush_hour_seed1,rush_hour,1,555.25,570.25,122.0,2.8359373073552665,16.302459016393442,87.0,2.75,1.0,13.871186218167423,0.0,0.0,0.0,2.0,0.06666666666666667,0.13333333333333333,0.0,0.0,31.0,0.037604981081985324,16.933870967741935,42.5,27.0,0.0,0.2,0.0,0.6666666666666666,0.65821044546851,13.0,0.8318311995052,14.465384615384616,28.1,12.0,0.0,0.06666666666666667,0.0,0.4,0.7696367521367523,1.0,15.46295574418381,0.0,0.0,0.0,2.0,0.06666666666666667,0.06666666666666667,0.0,0.0,28.0,0.10929760015317531,20.226785714285715,43.3,27.0,0.0,0.13333333333333333,0.0,0.6666666666666666,0.7788369963369964,11.0,0.052694687026740204,15.04090909090909,26.85,10.0,0.0,0.06666666666666667,0.0,0.3333333333333333,0.7980606060606059,1.0,12.325451151949153,0.0,0.0,0.0,2.0,0.06666666666666667,0.06666666666666667,0.0,0.0,1.0,11.540992504612069,0.0,0.0,0.0,2.0,0.06666666666666667,0.6,0.0,0.0,7.0,0.3403797139914441,46.5,75.9,6.0,0.0,0.0,0.0,0.0,0.857142857142857,0.0,0.0,0.0,0.0,0.0,2.0,0.0,0.06666666666666667,0.0,0.0,1.0,13.849826136184857,0.0,0.0,0.0,2.0,0.06666666666666667,0.13333333333333333,0.0,0.0,6.0,0.921938387489525,36.43333333333333,75.4,5.0,0.0,0.06666666666666667,0.0,0.06666666666666667,0.38355555555555537,2.0,1.925,31.0,31.637096774193548,14.0,26.87142857142857,1.0,0.0,31.0,31.7758064516129,12.0,27.391666666666666,1.0,3.2,2.0,0.0,3.0,0.0,1.0,0.0,2.0,1.9,1.0,0.0
rush_hour_seed1,rush_hour,1,556.25,571.25,120.0,2.6366537592732167,17.303333333333335,88.0,1.75,1.0,13.834957282425604,0.0,0.0,0.0,2.0,0.06666666666666667,0.13333333333333333,0.0,0.0,31.0,0.026253914280950443,17.820967741935487,43.5,28.0,0.0,0.2,0.0,0.7333333333333333,0.6768740399385563,13.0,0.5972340820500295,15.38846153846154,29.1,12.0,0.0,0.06666666666666667,0.0,0.3333333333333333,0.7961752136752138,1.0,15.531373892693969,0.0,0.0,0.0,2.0,0.06666666666666667,0.06666666666666667,0.0,0.0,28.0,0.054565968730736006,21.19107142857143,44.3,27.0,0.0,0.13333333333333333,0.0,0.6,0.7981227106227107,11.0,0.020242350278736887,15.95,27.85,10.0,0.0,0.0,0.0,0.26666666666666666,0.8415151515151514,1.0,12.307199356026748,0.0,0.0,0.0,2.0,0.06666666666666667,0.06666666666666667,0.0,0.0,1.0,11.5497385083232,0.0,0.0,0.0,2.0,0.06666666666666667,0.5333333333333333,0.0,0.0,7.0,0.16303000439601115,47.357142857142854,76.9,6.0,0.0,0.0,0.0,0.0,0.857142857142857,0.0,0.0,0.0,0.0,0.0,2.0,0.0,0.06666666666666667,0.0,0.0,1.0,13.84726534731104,0.0,0.0,0.0,2.0,0.06666666666666667,0.13333333333333333,0.0,0.0,6.0,1.2465651715507864,37.266666666666666,76.4,5.0,0.0,0.06666666666666667,0.0,0.06666666666666667,0.38577777777777766,2.0,2.425,31.0,32.63709677419355,14.0,27.8,1.0,0.0,31.0,32.74354838709677,12.0,28.308333333333334,2.0,2.1,2.0,0.35,2.0,0.0,1.0,0.0,2.0,2.4,0.0,0.0
rush_hour_seed1,rush_hour,1,562.25,577.25,118.0,2.246042799621846,17.697881355932203,87.0,10.75,1.0,13.859489864298375,0.0,0.0,0.0,0.0,0.06666666666666667,0.06666666666666667,0.0,0.0,31.0,0.002160146927180029,23.637096774193548,49.5,31.0,0.0,0.06666666666666667,0.0,0.6666666666666666,0.8434731182795698,14.0,0.08173310413506783,19.442857142857143,35.1,13.0,0.0,0.06666666666666667,0.0,0.13333333333333333,0.8159340659340659,1.0,13.012875782581117,0.0,0.0,0.0,0.0,0.06666666666666667,0.06666666666666667,0.0,0.0,30.0,0.17822208831756697,25.279999999999998,50.3,28.0,0.0,0.2,0.0,0.3333333333333333,0.7884197530864195,12.0,0.8153223206601566,20.058333333333334,33.85,11.0,0.0,0.06666666666666667,0.0,0.06666666666666667,0.8193434343434343,1.0,12.292719366131848,0.0,0.0,0.0,0.0,0.06666666666666667,0.06666666666666667,0.0,0.0,1.0,11.548896266884396,0.0,0.0,0.0,0.0,0.06666666666666667,0.3333333333333333,0.0,0.0,7.0,0.9890414005258563,10.3,43.1,3.0,2.0,0.06666666666666667,0.06666666666666667,-0.2,-1.9561904761904763,0.0,0.0,0.0,0.0,0.0,0.0,0.0,0.06666666666666667,0.0,0.0,1.0,13.831324093774892,0.0,0.0,0.0,0.0,0.06666666666666667,0.06666666666666667,0.0,0.0,5.0,3.6436803657294696,2.44,12.2,1.0,2.0,0.06666666666666667,0.06666666666666667,-0.2,-2.2560000000000002,1.0,0.0,30.0,31.956666666666667,15.0,31.146666666666665,1.0,0.0,30.0,31.808333333333334,13.0,31.430769230769233,1.0,0.0,2.0,3.35,1.0,1.35,1.0,0.0,2.0,5.4,1.0,0.0
rush_hour_seed1,rush_hour,1,563.25,578.25,118.0,2.406172365697864,17.72457627118644,84.0,9.75,1.0,13.879319367004792,0.0,0.0,0.0,0.0,0.06666666666666667,0.06666666666666667,0.0,0.0,31.0,0.00136328729349838,24.637096774193548,50.5,31.0,0.0,0.06666666666666667,0.0,0.6,0.8620286738351254,14.0,0.20038806618670701,20.37142857142857,36.1,13.0,0.0,0.06666666666666667,0.0,0.13333333333333333,0.8214285714285713,1.0,13.029759450008001,0.0,0.0,0.0,0.0,0.06666666666666667,0.06666666666666667,0.0,0.0,30.0,0.29332530224117226,26.21333333333333,51.3,28.0,0.0,0.2,0.0,0.3333333333333333,0.7938518518518517,12.0,0.9528662164548652,20.974999999999998,34.85,11.0,0.0,0.06666666666666667,0.0,0.06666666666666667,0.8198484848484847,1.0,12.28878223471277,0.0,0.0,0.0,0.0,0.06666666666666667,0.0,0.0,0.0,1.0,11.583794234119114,0.0,0.0,0.0,0.0,0.06666666666666667,0.3333333333333333,0.0,0.0,7.0,1.9021373041238594,0.6357142857142858,4.45,1.0,2.0,0.06666666666666667,0.06666666666666667,-0.3333333333333333,-2.6576190476190478,0.0,0.0,0.0,0.0,0.0,0.0,0.0,0.06666666666666667,0.0,0.0,1.0,13.836183078452015,0.0,0.0,0.0,0.0,0.06666666666666667,0.06666666666666667,0.0,0.0,5.0,4.017753792635373,0.0,0.0,0.0,2.0,0.06666666666666667,0.06666666666666667,-0.26666666666666666,-2.472,1.0,0.0,30.0,29.261666666666667,15.0,32.02333333333333,1.0,0.0,30.0,28.985,13.0,32.353846153846156,1.0,0.0,2.0,3.85,1.0,2.35,1.0,0.0,2.0,5.9,1.0,0.0
rush_hour_seed1,rush_hour,1,564.25,579.25,117.0,2.376710749443244,18.5474358974359,83.0,8.75,1.0,9.829648929235049,0.0,0.0,0.0,0.0,0.06666666666666667,0.06666666666666667,0.0,0.0,31.0,0.0008549555604782958,25.637096774193548,51.5,31.0,0.0,0.06666666666666667,0.0,0.5333333333333333,0.8790286738351255,14.0,0.32144063825830943,21.3,37.1,13.0,0.0,0.06666666666666667,0.0,0.06666666666666667,0.824871794871795,1.0,13.007435912074593,0.0,0.0,0.0,0.0,0.06666666666666667,0.06666666666666667,0.0,0.0,30.0,0.25067665995346733,27.146666666666665,52.3,28.0,0.0,0.2,0.0,0.26666666666666666,0.7968148148148146,12.0,0.9522738468831685,21.891666666666666,35.85,11.0,0.0,0.06666666666666667,0.0,0.06666666666666667,0.8203535353535353,1.0,12.277142046628786,0.0,0.0,0.0,0.0,0.06666666666666667,0.0,0.0,0.0,1.0,11.546260667525923,0.0,0.0,0.0,0.0,0.06666666666666667,0.26666666666666666,0.0,0.0,7.0,3.190545290182812,0.0,0.0,0.0,2.0,0.06666666666666667,0.06666666666666667,-0.4,-2.757142857142857,0.0,0.0,0.0,0.0,0.0,0.0,0.0,0.06666666666666667,0.0,0.0,1.0,10.095558509641409,0.0,0.0,0.0,0.0,0.06666666666666667,0.06666666666666667,0.0,0.0,5.0,4.326850269941497,0.0,0.0,0.0,2.0,0.06666666666666667,0.06666666666666667,-0.26666666666666666,-2.5253333333333337,1.0,0.0,29.0,27.55,15.0,32.95666666666666,1.0,0.0,29.0,27.113793103448273,13.0,33.276923076923076,1.0,0.0,2.0,4.35,1.0,3.35,0.0,0.0,2.0,6.4,1.0,0.0
rush_hour_seed1,rush_hour,1,565.25,580.25,117.0,2.4130154591768354,19.256837606837607,83.0,7.75,1.0,5.329648929235056,0.0,0.0,0.0,0.0,0.06666666666666667,0.06666666666666667,0.0,0.0,31.0,0.0005362375836218215,26.637096774193548,52.5,31.0,0.0,0.06666666666666667,0.0,0.4666666666666667,0.8944731182795699,14.0,0.4408117118481812,22.228571428571428,38.1,13.0,0.0,0.06666666666666667,0.0,0.06666666666666667,0.8252380952380951,1.0,13.031546723518126,0.0,0.0,0.0,0.0,0.06666666666666667,0.06666666666666667,0.0,0.0,30.0,0.15256424594113707,28.08,53.3,28.0,0.0,0.13333333333333333,0.0,0.2,0.8364047619047618,12.0,0.9526398181715147,22.808333333333334,36.85,11.0,0.0,0.06666666666666667,0.0,0.06666666666666667,0.8208585858585858,1.0,8.311399218218362,0.0,0.0,0.0,0.0,0.06666666666666667,0.0,0.0,0.0,1.0,11.578989464137695,0.0,0.0,0.0,0.0,0.06666666666666667,0.26666666666666666,0.0,0.0,6.0,4.382930192945226,0.0,0.0,0.0,2.0,0.06666666666666667,0.13333333333333333,-0.4,-2.8142857142857145,1.0,12.67771836101827,0.0,0.0,0.0,0.0,0.06666666666666667,0.06666666666666667,0.0,0.0,1.0,5.595558509641416,0.0,0.0,0.0,0.0,0.06666666666666667,0.06666666666666667,0.0,0.0,4.0,4.656346842769866,0.0,0.0,0.0,2.0,0.06666666666666667,0.13333333333333333,-0.3333333333333333,-2.5813333333333333,2.0,0.0,28.0,25.776785714285715,15.0,33.89,1.0,0.0,30.0,23.521666666666665,13.0,34.2,1.0,0.0,3.0,3.233333333333333,2.0,2.175,0.0,0.0,3.0,4.6000000000000005,1.0,0.0
rush_hour_seed1,rush_hour,1,566.25,581.25,118.0,2.327239078860875,19.797033898305088,83.0,6.75,2.0,0.8347003335616977,0.0,0.0,0.0,0.0,0.13333333333333333,0.0,0.0,0.0,31.0,0.00033187702516869504,27.637096774193548,53.5,31.0,0.0,0.0,0.0,0.4,0.9378494623655913,14.0,0.5613793949530004,23.157142857142855,39.1,13.0,0.0,0.06666666666666667,0.0,0.06666666666666667,0.8256043956043954,1.0,13.019782304884007,0.0,0.0,0.0,0.0,0.06666666666666667,0.06666666666666667,0.0,0.0,30.0,0.08355603335265126,29.013333333333332,54.3,28.0,0.0,0.13333333333333333,0.0,0.13333333333333333,0.8380317460317459,12.0,0.7972673102444238,23.724999999999998,37.85,11.0,0.0,0.06666666666666667,0.0,0.06666666666666667,0.8213636363636362,1.0,3.811399218218369,0.0,0.0,0.0,0.0,0.06666666666666667,0.0,0.0,0.0,1.0,11.559119520968517,0.0,0.0,0.0,0.0,0.06666666666666667,0.2,0.0,0.0,6.0,5.998010161980237,0.0,0.0,0.0,2.0,0.06666666666666667,0.13333333333333333,-0.4,-2.8714285714285714,1.0,12.681607170918069,0.0,0.0,0.0,0.0,0.06666666666666667,0.06666666666666667,0.0,0.0,2.0,1.11710109133246,0.0,0.0,0.0,0.0,0.13333333333333333,0.06666666666666667,0.0,0.0,4.0,5.535654873476128,0.0,0.0,0.0,2.0,0.06666666666666667,0.13333333333333333,-0.3333333333333333,-2.648,2.0,0.0,27.0,23.92037037037037,15.0,34.82333333333334,1.0,0.0,29.0,21.596551724137928,13.0,35.12307692307692,1.0,0.0,3.0,3.5666666666666664,2.0,2.675,0.0,0.0,3.0,4.933333333333334,1.0,0.0
rush_hour_seed1,rush_hour,1,567.25,582.25,117.0,2.36682082848656,20.69145299145299,86.0,5.75,2.0,1.5010073071195502,0.425,0.85,1.0,0.0,0.13333333333333333,0.0,0.06666666666666667,0.028333333333333332,31.0,0.00020190396790449334,28.637096774193548,54.5,31.0,0.0,0.0,0.0,0.3333333333333333,0.9506451612903226,14.0,0.6846936465269613,24.085714285714285,40.1,13.0,0.0,0.06666666666666667,0.0,0.06666666666666667,0.825970695970696,1.0,13.032178102503835,0.0,0.0,0.0,0.0,0.06666666666666667,0.06666666666666667,0.0,0.0,30.0,0.03946493485780511,29.946666666666665,55.3,28.0,0.0,0.13333333333333333,0.0,0.13333333333333333,0.8383492063492064,12.0,0.5898131642209703,24.641666666666666,38.85,11.0,0.0,0.06666666666666667,0.0,0.06666666666666667,0.8218686868686869,1.0,0.0,0.2,0.2,1.0,0.0,0.0,0.0,0.06666666666666667,0.013333333333333334,2.0,11.642805130179033,0.0,0.0,0.0,0.0,0.13333333333333333,0.13333333333333333,0.0,0.0,5.0,7.5428503567652125,0.0,0.0,0.0,2.0,0.06666666666666667,0.2,-0.4,-2.928571428571429,1.0,12.687942150785167,0.0,0.0,0.0,0.0,0.06666666666666667,0.06666666666666667,0.0,0.0,2.0,1.6036773248703509,0.4,0.8,1.0,0.0,0.13333333333333333,0.06666666666666667,0.06666666666666667,0.02666666666666667,3.0,6.175026635865319,0.0,0.0,0.0,2.0,0.06666666666666667,0.2,-0.3333333333333333,-2.7146666666666666,2.0,0.0,27.0,21.17222222222222,15.0,35.75666666666667,1.0,0.0,28.0,21.29642857142857,13.0,36.04615384615385,1.0,0.0,3.0,3.9,2.0,3.175,0.0,0.0,3.0,5.266666666666667,1.0,0.0
rush_hour_seed1,rush_hour,1,568.25,583.25,116.0,2.489939790376337,21.612068965517242,87.0,4.75,2.0,2.5098262269865943,0.925,1.85,1.0,0.0,0.06666666666666667,0.0,0.06666666666666667,0.06166666666666667,31.0,0.00012225420714263543,29.637096774193548,55.5,31.0,0.0,0.0,0.0,0.3333333333333333,0.9613978494623656,14.0,0.8040540129495192,25.014285714285712,41.1,13.0,0.0,0.06666666666666667,0.0,0.06666666666666667,0.8263369963369962,1.0,12.982406640792338,0.0,0.0,0.0,0.0,0.06666666666666667,0.06666666666666667,0.0,0.0,30.0,0.016817614563470674,30.883333333333333,56.3,29.0,0.0,0.13333333333333333,0.0,0.2,0.8388888888888888,12.0,0.4073287371820144,25.558333333333334,39.85,11.0,0.0,0.06666666666666667,0.0,0.06666666666666667,0.8223737373737375,1.0,0.0,1.2,1.2,1.0,0.0,0.0,0.0,0.06666666666666667,0.08,2.0,12.155204013307443,0.0,0.0,0.0,0.0,0.13333333333333333,0.13333333333333333,0.0,0.0,4.0,9.021596958549052,0.0,0.0,0.0,2.0,0.06666666666666667,0.26666666666666666,-0.4,-2.9857142857142858,1.0,12.718094387132952,0.0,0.0,0.0,0.0,0.06666666666666667,0.06666666666666667,0.0,0.0,2.0,2.5677568885986513,0.9,1.8,1.0,0.0,0.06666666666666667,0.0,0.06666666666666667,0.060000000000000005,3.0,7.494502578347965,0.0,0.0,0.0,2.0,0.0,0.2,-0.3333333333333333,-2.3177777777777777,1.0,0.0,26.0,20.88269230769231,15.0,36.690000000000005,1.0,0.0,27.0,19.23888888888889,13.0,36.96923076923077,1.0,0.0,3.0,4.233333333333333,2.0,3.675,0.0,0.0,3.0,5.6000000000000005,1.0,0.0
rush_hour_seed1,rush_hour,1,569.25,584.25,116.0,2.582020705320041,22.362068965517242,87.0,3.75,2.0,3.4613156799722913,1.425,2.85,1.0,0.0,0.06666666666666667,0.0,0.06666666666666667,0.095,31.0,7.27735081381503e-05,30.637096774193548,56.5,31.0,0.0,0.0,0.0,0.26666666666666666,0.9716129032258064,14.0,0.8307217155813363,25.942857142857143,42.1,13.0,0.0,0.06666666666666667,0.0,0.06666666666666667,0.8267032967032967,1.0,13.037921898828658,0.0,0.0,0.0,0.0,0.06666666666666667,0.06666666666666667,0.0,0.0,30.0,0.006440475553556709,31.85,57.3,29.0,0.0,0.13333333333333333,0.0,0.13333333333333333,0.8391666666666668,12.0,0.2605104758350157,26.474999999999998,40.85,11.0,0.0,0.06666666666666667,0.0,0.06666666666666667,0.8228787878787878,1.0,0.0,2.2,2.2,1.0,0.0,0.0,0.0,0.06666666666666667,0.14666666666666667,2.0,9.965103034147393,0.0,0.0,0.0,0.0,0.13333333333333333,0.06666666666666667,0.0,0.0,4.0,9.786304171825634,0.0,0.0,0.0,2.0,0.06666666666666667,0.26666666666666666,-0.4,-3.042857142857143,1.0,12.700600811193508,0.0,0.0,0.0,0.0,0.06666666666666667,0.06666666666666667,0.0,0.0,2.0,3.538834080920187,1.4,2.8,1.0,0.0,0.06666666666666667,0.0,0.06666666666666667,0.09333333333333332,2.0,8.2184261810226,0.0,0.0,0.0,2.0,0.0,0.26666666666666666,-0.3333333333333333,-2.3733333333333335,1.0,0.0,26.0,18.040384615384617,15.0,37.623333333333335,1.0,0.0,27.0,18.127777777777776,13.0,37.892307692307696,1.0,0.0,3.0,4.566666666666666,2.0,4.175,0.0,0.0,3.0,5.933333333333334,1.0,0.0
rush_hour_seed1,rush_hour,1,570.25,585.25,116.0,2.4766055452848565,23.116810344827588,88.0,2.75,2.0,4.419808428383668,1.925,3.85,1.0,0.0,0.06666666666666667,0.0,0.06666666666666667,0.12833333333333333,31.0,4.3592049310710536e-05,31.637096774193548,57.5,31.0,0.0,0.0,0.0,0.26666666666666666,0.9802150537634409,14.0,0.6397893628876793,26.87142857142857,43.1,13.0,0.0,0.06666666666666667,0.0,0.06666666666666667,0.8270695970695969,1.0,12.98558271909978,0.0,0.0,0.0,0.0,0.06666666666666667,0.06666666666666667,0.0,0.0,31.0,0.0221481038600369,31.7758064516129,58.3,30.0,0.0,0.2,0.0,0.2,0.7699347158218124,12.0,0.15328857460127687,27.391666666666666,41.85,11.0,0.0,0.06666666666666667,0.0,0.06666666666666667,0.8233838383838384,1.0,0.0,3.2,3.2,1.0,0.0,0.0,0.0,0.06666666666666667,0.21333333333333335,2.0,7.728877984437493,0.0,0.0,0.0,0.0,0.06666666666666667,0.0,0.0,0.0,3.0,10.83526182629341,0.0,0.0,0.0,2.0,0.06666666666666667,0.3333333333333333,-0.4,-3.1,1.0,12.67407989387335,0.0,0.0,0.0,0.0,0.06666666666666667,0.0,0.0,0.0,2.0,4.5669658485200335,1.9,3.8,1.0,0.0,0.06666666666666667,0.0,0.06666666666666667,0.12666666666666665,1.0,8.63679764362834,0.0,0.0,0.0,2.0,0.0,0.3333333333333333,-0.3333333333333333,-2.428888888888889,1.0,0.0,25.0,17.578,15.0,38.556666666666665,1.0,0.0,26.0,15.961538461538462,13.0,38.815384615384616,1.0,0.0,3.0,5.133333333333333,2.0,4.675,1.0,0.0,3.0,6.266666666666667,1.0,0.0
rush_hour_seed1,rush_hour,1,571.25,586.25,116.0,2.431489826081887,23.88146551724138,89.0,1.75,2.0,5.3414063884685845,2.425,4.85,1.0,0.0,0.06666666666666667,0.0,0.06666666666666667,0.16166666666666665,31.0,2.5410709925738593e-05,32.63709677419355,58.5,31.0,0.0,0.0,0.0,0.2,0.987741935483871,14.0,0.4662172113702425,27.8,44.1,13.0,0.0,0.06666666666666667,0.0,0.06666666666666667,0.8274358974358974,1.0,13.007005668592479,0.0,0.0,0.0,0.0,0.06666666666666667,0.06666666666666667,0.0,0.0,31.0,0.10019293417185667,32.74354838709677,59.3,30.0,0.0,0.2,0.0,0.2,0.7701651305683562,12.0,0.08158539079571102,28.308333333333334,42.85,11.0,0.0,0.06666666666666667,0.0,0.06666666666666667,0.823888888888889,2.0,0.6155662801816538,2.1,4.2,1.0,0.0,0.06666666666666667,0.0,0.06666666666666667,0.14,2.0,6.929724296928616,0.35,0.7,1.0,0.0,0.06666666666666667,0.0,0.06666666666666667,0.02333333333333333,2.0,12.337279863472881,0.0,0.0,0.0,2.0,0.06666666666666667,0.4,-0.4,-3.157142857142857,1.0,12.693029672359627,0.0,0.0,0.0,0.0,0.06666666666666667,0.0,0.0,0.0,2.0,5.522235628515474,2.4,4.8,1.0,0.0,0.06666666666666667,0.0,0.06666666666666667,0.16,0.0,0.0,0.0,0.0,0.0,2.0,0.0,0.4,-0.3333333333333333,-2.4844444444444442,1.0,0.0,24.0,15.339583333333332,15.0,39.49,1.0,0.0,25.0,15.378,13.0,39.73846153846154,1.0,0.0,3.0,5.8,2.0,5.175,1.0,0.0,3.0,6.6000000000000005,1.0,0.0
rush_hour_seed1,rush_hour,1,572.25,587.25,115.0,2.285142264003976,24.86304347826087,90.0,0.75,2.0,6.338588733741913,2.925,5.85,1.0,0.0,0.06666666666666667,0.0,0.06666666666666667,0.19499999999999998,31.0,1.4590110370898184e-05,33.63709677419355,59.5,31.0,0.0,0.0,0.0,0.13333333333333333,0.9930107526881723,14.0,0.31829879483110407,28.728571428571428,45.1,13.0,0.0,0.06666666666666667,0.0,0.06666666666666667,0.8278021978021978,1.0,13.02133835217131,0.0,0.0,0.0,0.0,0.06666666666666667,0.06666666666666667,0.0,0.0,31.0,0.102982577000604,33.711290322580645,60.3,30.0,0.0,0.2,0.0,0.2,0.7703955453149,13.0,0.04069724398015677,26.976923076923075,43.85,12.0,0.0,0.06666666666666667,0.0,0.06666666666666667,0.7667948717948717,2.0,1.466349252083967,2.6,5.2,1.0,0.0,0.06666666666666667,0.0,0.06666666666666667,0.17333333333333334,2.0,6.91809799696086,0.85,1.7,1.0,0.0,0.06666666666666667,0.0,0.06666666666666667,0.056666666666666664,2.0,11.972581026862725,0.0,0.0,0.0,2.0,0.06666666666666667,0.4,-0.4,-3.2142857142857144,1.0,12.715472120215928,0.0,0.0,0.0,0.0,0.06666666666666667,0.0,0.0,0.0,2.0,6.460415484139229,2.9,5.8,1.0,0.0,0.06666666666666667,0.0,0.06666666666666667,0.19333333333333333,0.0,0.0,0.0,0.0,0.0,2.0,0.0,0.4,-0.3333333333333333,-2.54,1.0,0.0,23.0,14.704347826086956,15.0,40.42333333333333,1.0,0.0,24.0,12.891666666666667,13.0,40.66153846153846,1.0,0.0,3.0,6.466666666666666,2.0,5.675,1.0,0.0,3.0,7.216666666666668,1.0,0.0
rush_hour_seed1,rush_hour,1,573.25,588.25,114.0,2.222339985736165,25.861842105263158,89.0,2.75,2.0,6.602927986470789,3.425,6.85,1.0,0.0,0.06666666666666667,0.0,0.06666666666666667,0.22833333333333333,31.0,8.273114197587711e-06,34.63709677419355,60.5,31.0,0.0,0.0,0.0,0.13333333333333333,0.9973118279569896,14.0,0.1987821725635402,29.657142857142855,46.1,13.0,0.0,0.06666666666666667,0.0,0.06666666666666667,0.828168498168498,1.0,13.00762312280743,0.0,0.0,0.0,0.0,0.06666666666666667,0.06666666666666667,0.0,0.0,31.0,0.043622573377062226,34.67903225806452,61.3,30.0,0.0,0.2,0.0,0.2,0.770625960061444,13.0,0.1628119247671216,27.823076923076922,44.85,11.0,0.0,0.06666666666666667,0.0,0.0,0.762094017094017,2.0,2.3489206051138916,3.1,6.2,1.0,0.0,0.06666666666666667,0.0,0.06666666666666667,0.20666666666666667,2.0,6.939521646786598,1.35,2.7,1.0,0.0,0.06666666666666667,0.0,0.06666666666666667,0.09000000000000001,1.0,14.170087889199225,0.0,0.0,0.0,1.0,0.06666666666666667,0.4666666666666667,-0.4,-3.2714285714285714,1.0,12.675713301087308,0.0,0.0,0.0,0.0,0.06666666666666667,0.0,0.0,0.0,2.0,6.941355858258904,3.4,6.8,1.0,0.0,0.06666666666666667,0.0,0.06666666666666667,0.22666666666666666,0.0,0.0,0.0,0.0,0.0,1.0,0.0,0.4,-0.3333333333333333,-2.5955555555555554,1.0,0.0,23.0,13.371739130434783,15.0,41.35666666666667,1.0,0.0,24.0,11.572916666666666,14.0,38.614285714285714,1.0,0.0,3.0,7.133333333333333,2.0,6.175,1.0,0.0,3.0,7.883333333333334,1.0,0.0
rush_hour_seed1,rush_hour,1,574.25,589.25,113.0,2.067034985038127,26.878318584070797,89.0,1.75,2.0,6.622341842604259,3.925,7.85,1.0,0.0,0.06666666666666667,0.0,0.06666666666666667,0.26166666666666666,31.0,4.450992575438653e-06,35.63709677419355,61.5,31.0,0.0,0.0,0.0,0.06666666666666667,0.9997849462365593,14.0,0.11475137686356927,30.585714285714285,47.1,13.0,0.0,0.06666666666666667,0.0,0.06666666666666667,0.8285347985347985,1.0,9.893516723618555,0.0,0.0,0.0,0.0,0.06666666666666667,0.0,0.0,0.0,31.0,0.015142539951512584,35.64677419354839,62.3,30.0,0.0,0.2,0.0,0.13333333333333333,0.7707373271889402,13.0,0.2798441823695896,28.66923076923077,45.85,11.0,0.0,0.06666666666666667,0.0,0.0,0.7573931623931623,2.0,3.1792367656202236,3.6,7.2,1.0,0.0,0.06666666666666667,0.0,0.06666666666666667,0.24000000000000002,2.0,6.919472519461997,1.85,3.7,1.0,0.0,0.06666666666666667,0.0,0.06666666666666667,0.12333333333333334,1.0,9.235197837180554,0.0,0.0,0.0,1.0,0.06666666666666667,0.4666666666666667,-0.4666666666666667,-3.3328571428571427,1.0,12.699137955168771,0.0,0.0,0.0,0.0,0.06666666666666667,0.0,0.0,0.0,2.0,6.939823781360756,3.9,7.8,1.0,0.0,0.06666666666666667,0.0,0.06666666666666667,0.26,0.0,0.0,0.0,0.0,0.0,1.0,0.0,0.4,-0.3333333333333333,-2.651111111111111,1.0,0.0,22.0,10.779545454545454,15.0,42.29,1.0,0.0,23.0,8.88913043478261,14.0,39.471428571428575,0.0,0.0,3.0,7.8,2.0,6.675,1.0,0.0,3.0,8.55,1.0,0.55
rush_hour_seed1,rush_hour,1,575.25,590.25,114.0,2.1159515963255338,27.431140350877193,90.0,0.75,2.0,6.609333300331531,4.425,8.85,1.0,0.0,0.06666666666666667,0.0,0.06666666666666667,0.295,31.0,2.182205633382049e-06,36.63709677419355,62.5,31.0,0.0,0.0,0.0,0.0,1.0000000000000002,14.0,0.06061399882403957,31.514285714285712,48.1,13.0,0.0,0.06666666666666667,0.0,0.06666666666666667,0.8289010989010988,1.0,5.402138525180616,0.0,0.0,0.0,0.0,0.06666666666666667,0.0,0.0,0.0,31.0,0.0044631210707826085,36.61451612903225,63.3,30.0,0.0,0.13333333333333333,0.0,0.13333333333333333,0.8262550982573226,13.0,0.4100521643833594,29.584615384615386,46.85,12.0,0.0,0.06666666666666667,0.0,0.06666666666666667,0.7573076923076926,2.0,4.012399905109699,4.1,8.2,1.0,0.0,0.06666666666666667,0.0,0.06666666666666667,0.2733333333333333,2.0,6.943346580556245,2.35,4.7,1.0,0.0,0.06666666666666667,0.0,0.06666666666666667,0.15666666666666668,1.0,3.735795856610143,0.0,0.0,0.0,1.0,0.0,0.4666666666666667,-0.4666666666666667,-2.9745833333333334,1.0,12.71390109920576,0.0,0.0,0.0,0.0,0.06666666666666667,0.0,0.0,0.0,2.0,6.93393981560017,4.4,8.8,1.0,0.0,0.06666666666666667,0.0,0.06666666666666667,0.29333333333333333,1.0,13.72696558456965,0.0,0.0,0.0,1.0,0.06666666666666667,0.4,-0.3333333333333333,-2.7066666666666666,1.0,0.0,21.0,7.954761904761905,15.0,43.223333333333336,0.0,0.0,23.0,7.467391304347826,14.0,40.4,1.0,0.0,3.0,8.466666666666667,2.0,7.175,1.0,0.0,3.0,9.216666666666667,1.0,1.55
rush_hour_seed1,rush_hour,1,576.25,591.25,114.0,2.1214655253166868,26.42763157894737,87.0,29.75,2.0,6.919473581132842,0.0,0.0,0.0,2.0,0.06666666666666667,0.0,0.0,0.0,31.0,0.03542518678299646,33.69516129032258,57.15,29.0,2.0,0.0,0.0,-0.13333333333333333,0.7372043010752688,14.0,0.029519832776628056,32.44285714285714,49.1,13.0,0.0,0.06666666666666667,0.0,0.06666666666666667,0.8292673992673992,1.0,2.47764985824028,0.0,0.0,0.0,2.0,0.06666666666666667,0.0,0.0,0.0,31.0,0.024082774432089806,35.53387096774193,60.0,30.0,2.0,0.13333333333333333,0.0,0.13333333333333333,0.6898442714126806,13.0,0.5393265244293965,30.50769230769231,47.85,12.0,0.0,0.06666666666666667,0.0,0.06666666666666667,0.7577350427350429,2.0,5.200362099946877,0.0,0.0,0.0,2.0,0.06666666666666667,0.0,0.0,0.0,2.0,6.943496640214581,2.85,5.7,1.0,0.0,0.06666666666666667,0.0,0.06666666666666667,0.19,1.0,0.0,0.35,0.35,1.0,0.0,0.0,0.4666666666666667,-0.3333333333333333,-2.3270833333333334,1.0,12.710885217834075,0.0,0.0,0.0,2.0,0.06666666666666667,0.0,0.0,0.0,2.0,6.932568514512969,4.9,9.8,1.0,0.0,0.06666666666666667,0.0,0.06666666666666667,0.3266666666666667,1.0,13.734860671553566,0.0,0.0,0.0,0.0,0.06666666666666667,0.4,-0.26666666666666666,-1.8577777777777775,1.0,0.0,20.0,6.74,16.0,41.449999999999996,1.0,0.0,22.0,4.5613636363636365,14.0,41.32857142857143,1.0,0.0,3.0,9.133333333333333,2.0,7.675,1.0,0.0,3.0,9.883333333333333,1.0,2.55
rush_hour_seed1,rush_hour,1,577.25,592.25,116.0,2.3122381783256816,24.20344827586207,82.0,28.75,1.0,13.239061381043946,0.0,0.0,0.0,2.0,0.06666666666666667,0.06666666666666667,0.0,0.0,30.0,0.12813760363949184,31.956666666666667,53.75,27.0,2.0,0.0,0.06666666666666667,-0.26666666666666666,0.5546379928315412,15.0,0.14327982962302285,31.146666666666665,50.1,13.0,0.0,0.06666666666666667,0.0,0.0,0.7802539682539681,1.0,4.444029171701421,0.0,0.0,0.0,2.0,0.06666666666666667,0.06666666666666667,0.0,0.0,30.0,0.08201921653581662,31.808333333333334,56.2,27.0,2.0,0.06666666666666667,0.06666666666666667,-0.06666666666666667,0.4352222222222224,13.0,0.6657922850881245,31.430769230769233,48.85,12.0,0.0,0.06666666666666667,0.0,0.06666666666666667,0.7581623931623933,1.0,11.523802637813905,0.0,0.0,0.0,2.0,0.06666666666666667,0.06666666666666667,0.0,0.0,2.0,6.114942387986234,3.35,6.7,1.0,0.0,0.06666666666666667,0.0,0.06666666666666667,0.22333333333333333,1.0,0.0,1.35,1.35,1.0,0.0,0.0,0.4,-0.13333333333333333,-0.5966666666666668,1.0,12.6831422366661,0.0,0.0,0.0,2.0,0.06666666666666667,0.0,0.0,0.0,2.0,6.931066103538033,5.4,10.8,1.0,0.0,0.06666666666666667,0.0,0.06666666666666667,0.36000000000000004,1.0,13.68934229494053,0.0,0.0,0.0,0.0,0.06666666666666667,0.3333333333333333,-0.06666666666666667,-0.16266666666666665,1.0,0.0,20.0,5.115,16.0,42.387499999999996,1.0,0.0,21.0,3.4428571428571426,14.0,42.25714285714286,1.0,0.0,3.0,9.799999999999999,2.0,8.175,1.0,0.0,3.0,10.549999999999999,1.0,3.55
rush_hour_seed1,rush_hour,1,578.25,593.25,116.0,2.5127678454357034,23.018965517241377,79.0,27.75,1.0,13.229738585762759,0.0,0.0,0.0,2.0,0.06666666666666667,0.06666666666666667,0.0,0.0,30.0,0.3397429969227322,29.261666666666667,51.5,25.0,2.0,0.0,0.06666666666666667,-0.4,0.3083046594982079,15.0,0.2739410746992619,32.02333333333333,51.1,14.0,0.0,0.06666666666666667,0.0,0.06666666666666667,0.7767936507936509,1.0,6.570743387028476,0.0,0.0,0.0,2.0,0.06666666666666667,0.06666666666666667,0.0,0.0,30.0,0.2553125388448259,28.985,53.7,25.0,2.0,0.06666666666666667,0.06666666666666667,-0.2,0.18477777777777787,13.0,0.7913420370545778,32.353846153846156,49.85,12.0,0.0,0.06666666666666667,0.0,0.06666666666666667,0.7585897435897438,1.0,11.99030790660996,0.0,0.0,0.0,2.0,0.06666666666666667,0.06666666666666667,0.0,0.0,2.0,4.525519974223294,3.85,7.7,1.0,0.0,0.06666666666666667,0.0,0.06666666666666667,0.25666666666666665,1.0,0.0,2.35,2.35,1.0,0.0,0.0,0.4,0.0,0.1142857142857143,1.0,10.301618320155173,0.0,0.0,0.0,2.0,0.06666666666666667,0.0,0.0,0.0,2.0,6.922056014733972,5.9,11.8,1.0,0.0,0.06666666666666667,0.0,0.06666666666666667,0.39333333333333337,1.0,13.67410487042604,0.0,0.0,0.0,0.0,0.06666666666666667,0.3333333333333333,0.0,0.0,0.0,0.0,19.0,3.6184210526315788,16.0,43.324999999999996,1.0,0.0,21.0,1.3166666666666667,14.0,43.18571428571429,1.0,0.0,4.0,7.85,2.0,8.675,1.0,0.0,3.0,11.216666666666667,1.0,4.55
rush_hour_seed1,rush_hour,1,580.25,595.25,120.0,2.99083683073104,20.06833333333333,71.0,25.75,2.0,13.406802875457878,0.0,0.0,0.0,2.0,0.13333333333333333,0.06666666666666667,0.0,0.0,28.0,0.5534238542625644,25.776785714285715,48.3,21.0,2.0,0.0,0.2,-0.6666666666666666,-0.057354070660522186,15.0,0.5109729441848344,33.89,53.1,14.0,0.0,0.06666666666666667,0.0,0.06666666666666667,0.7774285714285715,1.0,10.556611862398595,0.0,0.0,0.0,2.0,0.06666666666666667,0.06666666666666667,0.0,0.0,30.0,0.6662537960530374,23.521666666666665,49.9,21.0,2.0,0.13333333333333333,0.13333333333333333,-0.4666666666666667,-0.30388888888888893,13.0,0.9212719148726909,34.2,51.85,12.0,0.0,0.06666666666666667,0.0,0.06666666666666667,0.7594444444444446,1.0,11.993073840017896,0.0,0.0,0.0,2.0,0.06666666666666667,0.06666666666666667,0.0,0.0,3.0,2.11651720002683,3.233333333333333,9.7,1.0,0.0,0.13333333333333333,0.0,0.06666666666666667,0.21555555555555553,2.0,0.25087081682783485,2.175,4.35,1.0,0.0,0.06666666666666667,0.3333333333333333,0.06666666666666667,0.145,0.0,0.0,0.0,0.0,0.0,2.0,0.0,0.06666666666666667,0.0,0.0,3.0,4.577647924013697,4.6000000000000005,13.8,1.0,0.0,0.13333333333333333,0.0,0.06666666666666667,0.3066666666666667,1.0,13.702162225269518,0.0,0.0,0.0,0.0,0.06666666666666667,0.26666666666666666,0.0,0.0,1.0,0.0,18.0,0.0,16.0,45.199999999999996,1.0,0.0,19.0,0.0,14.0,45.042857142857144,1.0,0.0,4.0,8.85,2.0,9.675,1.0,0.0,4.0,9.4125,1.0,6.55
rush_hour_seed1,rush_hour,1,581.25,596.25,119.0,3.243709427066368,19.176050420168064,67.0,24.75,2.0,13.531473719676182,0.0,0.0,0.0,2.0,0.06666666666666667,0.06666666666666667,0.0,0.0,27.0,0.6539741453796368,23.92037037037037,46.1,19.0,2.0,0.0,0.26666666666666666,-0.8,-0.24778176025487847,15.0,0.649839066176742,34.82333333333334,54.1,14.0,0.0,0.06666666666666667,0.0,0.06666666666666667,0.7777460317460322,1.0,12.743914601340803,0.0,0.0,0.0,2.0,0.06666666666666667,0.06666666666666667,0.0,0.0,29.0,0.7963262484473702,21.596551724137928,48.0,19.0,2.0,0.13333333333333333,0.2,-0.6,-0.4944521072796936,13.0,0.7236007530956191,35.12307692307692,52.85,12.0,0.0,0.06666666666666667,0.0,0.06666666666666667,0.759871794871795,1.0,11.976752331561874,0.0,0.0,0.0,2.0,0.06666666666666667,0.06666666666666667,0.0,0.0,3.0,2.1364897585136764,3.5666666666666664,10.7,1.0,0.0,0.13333333333333333,0.0,0.06666666666666667,0.23777777777777775,2.0,1.3387668162605713,2.675,5.35,1.0,0.0,0.06666666666666667,0.3333333333333333,0.06666666666666667,0.17833333333333332,0.0,0.0,0.0,0.0,0.0,2.0,0.0,0.06666666666666667,0.0,0.0,3.0,4.27551713541916,4.933333333333334,14.8,1.0,0.0,0.06666666666666667,0.0,0.06666666666666667,0.3288888888888889,1.0,13.690735398714702,0.0,0.0,0.0,0.0,0.06666666666666667,0.26666666666666666,0.0,0.0,1.0,0.0,17.0,0.0,16.0,46.137499999999996,1.0,0.0,19.0,0.0,14.0,45.971428571428575,1.0,0.0,4.0,9.35,2.0,10.175,1.0,0.0,4.0,9.9125,1.0,7.55
rush_hour_seed1,rush_hour,1,582.25,597.25,119.0,3.611877026910501,18.544117647058822,64.0,23.75,2.0,12.071587836927938,0.0,0.0,0.0,2.0,0.06666666666666667,0.06666666666666667,-0.06666666666666667,-0.028333333333333332,27.0,1.034505598283545,21.17222222222222,44.7,17.0,2.0,0.0,0.26666666666666666,-0.9333333333333333,-0.49765830346475515,15.0,0.777999894615477,35.75666666666667,55.1,14.0,0.0,0.06666666666666667,0.0,0.06666666666666667,0.7780634920634921,1.0,14.897563771638938,0.0,0.0,0.0,2.0,0.06666666666666667,0.06666666666666667,0.0,0.0,28.0,0.9186390922532965,21.29642857142857,46.95,18.0,2.0,0.13333333333333333,0.26666666666666666,-0.6666666666666666,-0.5766825396825397,13.0,0.5324386937171162,36.04615384615385,53.85,12.0,0.0,0.06666666666666667,0.0,0.06666666666666667,0.7602991452991456,1.0,11.982698986788746,0.0,0.0,0.0,2.0,0.06666666666666667,0.06666666666666667,-0.06666666666666667,-0.013333333333333334,3.0,2.4088295690100083,3.9,11.7,1.0,0.0,0.06666666666666667,0.0,0.06666666666666667,0.26,2.0,2.377861727553347,3.175,6.35,1.0,0.0,0.06666666666666667,0.26666666666666666,0.06666666666666667,0.21166666666666664,0.0,0.0,0.0,0.0,0.0,2.0,0.0,0.06666666666666667,0.0,0.0,3.0,4.1468449657324244,5.266666666666667,15.8,1.0,0.0,0.06666666666666667,0.0,0.0,0.3244444444444444,1.0,13.7273376650792,0.0,0.0,0.0,0.0,0.06666666666666667,0.2,0.0,0.0,1.0,0.0,16.0,0.0,16.0,47.074999999999996,1.0,0.0,18.0,0.0,14.0,46.9,1.0,0.0,4.0,9.85,2.0,10.675,1.0,0.0,4.0,10.4125,2.0,4.275
rush_hour_seed1,rush_hour,1,583.25,598.25,119.0,3.952455660124886,17.90084033613445,61.0,22.75,1.0,13.85969345872756,0.0,0.0,0.0,2.0,0.06666666666666667,0.13333333333333333,-0.06666666666666667,-0.06166666666666667,26.0,1.21413696771518,20.88269230769231,44.3,16.0,2.0,0.0,0.3333333333333333,-1.0,-0.5836269644334159,15.0,0.778751220116137,36.690000000000005,56.1,14.0,0.0,0.06666666666666667,0.0,0.06666666666666667,0.7783809523809528,1.0,16.528703530858397,0.0,0.0,0.0,2.0,0.06666666666666667,0.06666666666666667,0.0,0.0,27.0,1.0409107846064714,19.23888888888889,45.85,16.0,2.0,0.13333333333333333,0.3333333333333333,-0.8666666666666667,-0.7762962962962962,13.0,0.36902765282956046,36.96923076923077,54.85,12.0,0.0,0.06666666666666667,0.0,0.06666666666666667,0.7607264957264958,1.0,11.982689629057422,0.0,0.0,0.0,2.0,0.06666666666666667,0.06666666666666667,-0.06666666666666667,-0.08,3.0,2.903685282409891,4.233333333333333,12.7,1.0,0.0,0.06666666666666667,0.0,0.06666666666666667,0.2822222222222222,2.0,3.3397452546828856,3.675,7.35,1.0,0.0,0.06666666666666667,0.2,0.06666666666666667,0.245,0.0,0.0,0.0,0.0,0.0,2.0,0.0,0.06666666666666667,0.0,0.0,3.0,4.201523561868576,5.6000000000000005,16.8,1.0,0.0,0.06666666666666667,0.0,0.0,0.31333333333333335,1.0,13.731726138490291,0.0,0.0,0.0,0.0,0.06666666666666667,0.2,0.0,0.0,1.0,0.0,16.0,0.0,16.0,48.012499999999996,1.0,0.0,17.0,0.0,14.0,47.82857142857143,1.0,0.0,4.0,10.35,2.0,11.175,0.0,0.0,4.0,10.9125,2.0,4.775
rush_hour_seed1,rush_hour,1,584.25,599.25,117.0,4.043008071080782,17.56666666666667,59.0,21.75,1.0,13.880532013832127,0.0,0.0,0.0,2.0,0.06666666666666667,0.13333333333333333,-0.06666666666666667,-0.095,26.0,1.681355687211345,18.040384615384617,42.6,14.0,2.0,0.0,0.3333333333333333,-1.1333333333333333,-0.8397808105872621,15.0,0.5658517796478366,37.623333333333335,57.1,14.0,0.0,0.06666666666666667,0.0,0.06666666666666667,0.7786984126984128,1.0,16.630528361885936,0.0,0.0,0.0,2.0,0.06666666666666667,0.06666666666666667,0.0,0.0,27.0,1.3954997591333376,18.127777777777776,44.9,16.0,2.0,0.13333333333333333,0.3333333333333333,-0.8666666666666667,-0.914814814814815,13.0,0.23439216859946355,37.892307692307696,55.85,12.0,0.0,0.06666666666666667,0.0,0.06666666666666667,0.7611538461538465,1.0,11.998445409487466,0.0,0.0,0.0,2.0,0.06666666666666667,0.06666666666666667,-0.06666666666666667,-0.14666666666666667,3.0,3.48884860314973,4.566666666666666,13.7,1.0,0.0,0.06666666666666667,0.0,0.06666666666666667,0.3044444444444444,2.0,4.286224748831403,4.175,8.35,1.0,0.0,0.06666666666666667,0.2,0.06666666666666667,0.2783333333333333,0.0,0.0,0.0,0.0,0.0,2.0,0.0,0.06666666666666667,0.0,0.0,3.0,4.337068197777422,5.933333333333334,17.8,1.0,0.0,0.06666666666666667,0.0,0.0,0.3022222222222222,1.0,13.709958935328565,0.0,0.0,0.0,0.0,0.06666666666666667,0.13333333333333333,0.0,0.0,1.0,0.0,15.0,0.0,16.0,48.949999999999996,1.0,0.0,17.0,0.0,14.0,48.75714285714286,1.0,0.0,4.0,10.85,2.0,11.675,0.0,0.0,4.0,11.4125,2.0,5.275
rush_hour_seed1,rush_hour,1,585.25,600.25,117.0,4.287573678517898,16.93119658119658,57.0,20.75,1.0,13.833009034122806,0.0,0.0,0.0,2.0,0.06666666666666667,0.13333333333333333,-0.06666666666666667,-0.12833333333333333,25.0,1.799793244687959,17.578,41.65,13.0,2.0,0.0,0.4,-1.2,-0.9372731182795699,15.0,0.38089876735597633,38.556666666666665,58.1,14.0,0.0,0.06666666666666667,0.0,0.06666666666666667,0.7790158730158729,1.0,16.541664967290252,0.0,0.0,0.0,2.0,0.06666666666666667,0.06666666666666667,0.0,0.0,26.0,1.5097165609113465,15.961538461538462,43.55,14.0,2.0,0.06666666666666667,0.4,-1.0666666666666667,-1.0542845326716292,13.0,0.13646680530100527,38.815384615384616,56.85,12.0,0.0,0.06666666666666667,0.0,0.06666666666666667,0.7615811965811967,1.0,11.996577025777661,0.0,0.0,0.0,2.0,0.06666666666666667,0.06666666666666667,-0.06666666666666667,-0.21333333333333335,3.0,4.130391211988173,5.133333333333333,14.7,2.0,0.0,0.06666666666666667,0.0,0.13333333333333333,0.3422222222222222,2.0,5.26701080639712,4.675,9.35,1.0,0.0,0.06666666666666667,0.13333333333333333,0.06666666666666667,0.31166666666666665,1.0,13.856331914348994,0.0,0.0,0.0,2.0,0.06666666666666667,0.06666666666666667,0.0,0.0,3.0,4.169616722393111,6.266666666666667,18.8,1.0,0.0,0.06666666666666667,0.0,0.0,0.29111111111111115,1.0,13.682803906353461,0.0,0.0,0.0,0.0,0.06666666666666667,0.06666666666666667,0.0,0.0,1.0,0.0,14.0,0.0,16.0,49.887499999999996,1.0,0.0,16.0,0.0,14.0,49.68571428571429,1.0,0.0,4.0,11.487499999999999,3.0,8.116666666666667,0.0,0.0,4.0,12.149999999999999,2.0,5.775
rush_hour_seed1,rush_hour,1,586.25,601.25,116.0,4.412175319630021,16.457758620689653,54.0,19.75,1.0,13.838234535721131,0.0,0.0,0.0,2.0,0.06666666666666667,0.13333333333333333,-0.06666666666666667,-0.16166666666666665,24.0,1.917170227529884,15.339583333333332,39.95,11.0,2.0,0.0,0.4666666666666667,-1.3333333333333333,-1.1531675627240148,15.0,0.2294707129301289,39.49,59.1,14.0,0.0,0.06666666666666667,0.0,0.06666666666666667,0.7793333333333334,1.0,16.583956167812588,0.0,0.0,0.0,2.0,0.06666666666666667,0.06666666666666667,0.0,0.0,25.0,1.6099094190741656,15.378,43.5,13.0,2.0,0.06666666666666667,0.4666666666666667,-1.1333333333333333,-1.1577032258064515,13.0,0.07313481564278125,39.73846153846154,57.85,12.0,0.0,0.06666666666666667,0.0,0.06666666666666667,0.7620085470085473,1.0,11.973393566091545,0.0,0.0,0.0,2.0,0.0,0.06666666666666667,-0.06666666666666667,-0.14,3.0,4.348870164942297,5.8,15.7,2.0,0.0,0.06666666666666667,0.0,0.06666666666666667,0.36333333333333334,2.0,6.204757570155023,5.175,10.35,1.0,0.0,0.06666666666666667,0.06666666666666667,0.06666666666666667,0.345,1.0,13.873125794132939,0.0,0.0,0.0,2.0,0.06666666666666667,0.06666666666666667,0.0,0.0,3.0,4.094746196655322,6.6000000000000005,19.8,1.0,0.0,0.06666666666666667,0.0,0.0,0.2800000000000001,1.0,11.268642558441599,0.0,0.0,0.0,0.0,0.06666666666666667,0.0,0.0,0.0,1.0,0.0,14.0,0.0,16.0,50.824999999999996,1.0,0.0,16.0,0.0,14.0,50.628571428571426,1.0,0.0,4.0,12.237499999999999,3.0,8.6,0.0,0.0,4.0,12.899999999999999,2.0,6.275
rush_hour_seed1,rush_hour,1,587.25,602.25,115.0,4.505270822370183,15.95608695652174,52.0,18.75,1.0,13.857471532810015,0.0,0.0,0.0,2.0,0.06666666666666667,0.13333333333333333,-0.06666666666666667,-0.19499999999999998,23.0,2.0270669467607694,14.704347826086956,39.65,10.0,2.0,0.0,0.5333333333333333,-1.4,-1.2621832632071064,15.0,0.11987168953585793,40.42333333333333,60.1,14.0,0.0,0.06666666666666667,0.0,0.06666666666666667,0.7796507936507936,1.0,16.57763789627248,0.0,0.0,0.0,2.0,0.06666666666666667,0.06666666666666667,0.0,0.0,24.0,1.7057372660515526,12.891666666666667,41.65,11.0,2.0,0.06666666666666667,0.5333333333333333,-1.2666666666666666,-1.3879749103942653,13.0,0.03647727257307608,40.66153846153846,58.85,12.0,0.0,0.0,0.0,0.0,0.9123076923076925,1.0,11.98102202730719,0.0,0.0,0.0,2.0,0.0,0.06666666666666667,-0.06666666666666667,-0.17333333333333334,3.0,4.344785106704525,6.466666666666666,16.7,2.0,0.0,0.06666666666666667,0.0,0.06666666666666667,0.3744444444444444,2.0,6.764105029814232,5.675,11.35,1.0,0.0,0.06666666666666667,0.06666666666666667,0.06666666666666667,0.3783333333333333,1.0,13.842503132555867,0.0,0.0,0.0,2.0,0.06666666666666667,0.06666666666666667,0.0,0.0,3.0,4.063868312573769,7.216666666666668,20.8,2.0,0.0,0.06666666666666667,0.0,0.06666666666666667,0.28777777777777785,1.0,6.783087858969822,0.0,0.0,0.0,0.0,0.06666666666666667,0.0,0.0,0.0,1.0,0.0,14.0,0.0,16.0,51.762499999999996,1.0,0.0,16.0,0.0,14.0,51.628571428571426,1.0,0.0,4.0,12.987499999999999,3.0,9.266666666666667,0.0,0.0,4.0,13.649999999999999,2.0,6.775
rush_hour_seed1,rush_hour,1,588.25,603.25,115.0,4.599868601514405,15.683913043478261,50.0,17.75,1.0,13.876256162336794,0.0,0.0,0.0,2.0,0.06666666666666667,0.13333333333333333,-0.06666666666666667,-0.22833333333333333,23.0,2.462656077243846,13.371739130434783,39.35,9.0,2.0,0.0,0.5333333333333333,-1.4666666666666666,-1.4176905095839178,15.0,0.0535968027155272,41.35666666666667,61.1,14.0,0.0,0.06666666666666667,0.0,0.06666666666666667,0.7799682539682543,1.0,16.56840124505678,0.0,0.0,0.0,2.0,0.06666666666666667,0.06666666666666667,0.0,0.0,24.0,2.1017610849618134,11.572916666666666,41.3,10.0,2.0,0.06666666666666667,0.5333333333333333,-1.3333333333333333,-1.5404077060931902,14.0,0.09372723667172203,38.614285714285714,59.85,12.0,0.0,0.06666666666666667,0.0,0.06666666666666667,0.7194139194139194,1.0,10.739435884379267,0.0,0.0,0.0,2.0,0.0,0.06666666666666667,-0.06666666666666667,-0.20666666666666667,3.0,4.3527615063158285,7.133333333333333,17.7,2.0,0.0,0.06666666666666667,0.0,0.06666666666666667,0.38555555555555554,2.0,6.7667033746271,6.175,12.35,1.0,0.0,0.06666666666666667,0.0,0.06666666666666667,0.4116666666666667,1.0,13.854335258868524,0.0,0.0,0.0,2.0,0.06666666666666667,0.06666666666666667,0.0,0.0,3.0,4.052012861878837,7.883333333333334,21.8,2.0,0.0,0.06666666666666667,0.0,0.06666666666666667,0.2988888888888889,1.0,2.2902707091104126,0.0,0.0,0.0,0.0,0.06666666666666667,0.0,0.0,0.0,1.0,0.0,14.0,0.0,16.0,52.699999999999996,1.0,0.0,16.0,0.0,14.0,52.628571428571426,1.0,0.0,4.0,13.7375,3.0,9.933333333333334,0.0,0.0,4.0,14.4,2.0,7.275
rush_hour_seed1,rush_hour,1,589.25,604.25,113.0,4.649007991328676,14.969026548672566,47.0,16.75,1.0,13.863911518017995,0.0,0.0,0.0,2.0,0.06666666666666667,0.13333333333333333,-0.06666666666666667,-0.26166666666666666,22.0,2.6436422051696518,10.779545454545454,38.05,7.0,2.0,0.0,0.6,-1.6,-1.6571700879765396,15.0,0.020790588471340684,42.29,62.1,14.0,0.0,0.06666666666666667,0.0,0.06666666666666667,0.7802857142857142,1.0,15.309720651889057,0.0,0.0,0.0,2.0,0.06666666666666667,0.06666666666666667,0.0,0.0,23.0,2.2310850291610307,8.88913043478261,39.7,8.0,2.0,0.06666666666666667,0.6,-1.4666666666666666,-1.7838429172510522,14.0,0.2613381582091923,39.471428571428575,60.85,12.0,0.0,0.06666666666666667,0.0,0.06666666666666667,0.7201465201465205,0.0,0.0,0.0,0.0,0.0,2.0,0.0,0.13333333333333333,-0.06666666666666667,-0.24000000000000002,3.0,4.358338765963485,7.8,18.7,2.0,0.0,0.06666666666666667,0.0,0.06666666666666667,0.3966666666666666,2.0,6.779202200490686,6.675,13.35,1.0,0.0,0.06666666666666667,0.0,0.06666666666666667,0.445,1.0,13.835453137377044,0.0,0.0,0.0,2.0,0.06666666666666667,0.06666666666666667,0.0,0.0,3.0,4.054001953830574,8.55,22.8,2.0,0.0,0.06666666666666667,0.0,0.06666666666666667,0.31,1.0,0.0,0.55,0.55,1.0,0.0,0.06666666666666667,0.0,0.06666666666666667,0.03666666666666667,1.0,0.0,13.0,0.0,16.0,53.637499999999996,1.0,0.0,15.0,0.0,15.0,50.05333333333333,0.0,0.0,4.0,14.4875,3.0,10.6,0.0,0.0,4.0,15.15,2.0,7.775
rush_hour_seed1,rush_hour,1,590.25,605.25,112.0,4.7497495104761365,14.479464285714286,45.0,15.75,1.0,13.843765436825343,0.0,0.0,0.0,2.0,0.06666666666666667,0.13333333333333333,-0.06666666666666667,-0.295,21.0,2.838731565387607,7.954761904761905,36.25,5.0,2.0,0.0,0.6666666666666666,-1.7333333333333334,-1.9121556579621097,15.0,0.007793565817544926,43.223333333333336,63.1,14.0,0.0,0.06666666666666667,0.0,0.06666666666666667,0.780603174603175,0.0,0.0,0.0,0.0,0.0,2.0,0.0,0.06666666666666667,0.0,0.0,23.0,2.6631357241592992,7.467391304347826,39.45,7.0,2.0,0.06666666666666667,0.6,-1.5333333333333334,-1.9431416549789617,14.0,0.4049469549747343,40.4,61.85,13.0,0.0,0.06666666666666667,0.0,0.06666666666666667,0.7210256410256408,1.0,11.978414801044856,0.0,0.0,0.0,2.0,0.06666666666666667,0.13333333333333333,-0.06666666666666667,-0.2733333333333333,3.0,4.355029868063953,8.466666666666667,19.7,2.0,0.0,0.06666666666666667,0.0,0.06666666666666667,0.4077777777777778,2.0,6.779089757186298,7.175,14.35,1.0,0.0,0.06666666666666667,0.0,0.06666666666666667,0.47833333333333333,1.0,13.847570222999202,0.0,0.0,0.0,2.0,0.06666666666666667,0.06666666666666667,0.0,0.0,3.0,4.0561683818549605,9.216666666666667,23.8,2.0,0.0,0.06666666666666667,0.0,0.06666666666666667,0.32111111111111107,1.0,0.0,1.55,1.55,1.0,0.0,0.0,0.0,0.06666666666666667,0.10333333333333333,1.0,0.0,13.0,0.0,16.0,54.61875,1.0,0.0,14.0,0.0,15.0,50.986666666666665,0.0,0.0,4.0,15.2375,3.0,11.266666666666667,0.0,0.0,4.0,15.9,2.0,8.275
rush_hour_seed1,rush_hour,1,591.25,606.25,113.0,4.878728890875771,13.733628318584072,43.0,14.75,1.0,13.853648331004662,0.0,0.0,0.0,2.0,0.06666666666666667,0.13333333333333333,0.0,0.0,20.0,3.0326785190816157,6.74,35.5,4.0,2.0,0.0,0.7333333333333333,-1.6666666666666667,-1.797010752688172,16.0,0.026778260013936073,41.449999999999996,64.1,15.0,0.0,0.13333333333333333,0.0,0.13333333333333333,0.6004761904761902,1.0,12.16291801379532,0.0,0.0,0.0,2.0,0.06666666666666667,0.06666666666666667,0.0,0.0,22.0,2.8043632562364667,4.5613636363636365,32.05,5.0,2.0,0.06666666666666667,0.6666666666666666,-1.6666666666666667,-2.0648338220918863,14.0,0.5446160358256668,41.32857142857143,62.85,13.0,0.0,0.06666666666666667,0.0,0.06666666666666667,0.7213919413919413,1.0,11.986322986276354,0.0,0.0,0.0,2.0,0.06666666666666667,0.13333333333333333,0.0,0.0,3.0,4.350626726715652,9.133333333333333,20.7,2.0,0.0,0.06666666666666667,0.0,0.06666666666666667,0.41888888888888887,2.0,6.77228352308011,7.675,15.35,1.0,0.0,0.06666666666666667,0.0,0.0,0.48833333333333334,1.0,13.861385723231361,0.0,0.0,0.0,2.0,0.06666666666666667,0.06666666666666667,0.0,0.0,3.0,4.042981970265787,9.883333333333333,24.8,2.0,0.0,0.06666666666666667,0.0,0.06666666666666667,0.33222222222222214,1.0,0.0,2.55,2.55,1.0,0.0,0.0,0.0,0.06666666666666667,0.16999999999999998,1.0,0.0,13.0,0.0,17.0,52.34705882352941,1.0,0.0,14.0,0.0,15.0,51.92,0.0,0.0,5.0,12.790000000000001,3.0,11.933333333333335,1.0,0.0,4.0,16.65,2.0,8.775
rush_hour_seed1,rush_hour,1,592.25,607.25,112.0,5.067922794937578,13.619196428571428,41.0,13.75,1.0,13.031055695048492,0.0,0.0,0.0,2.0,0.06666666666666667,0.06666666666666667,0.0,0.0,20.0,3.51468121673756,5.115,35.55,3.0,2.0,0.0,0.6666666666666666,-1.6,-1.7894444444444446,16.0,0.15812395920785857,42.387499999999996,65.1,15.0,0.0,0.06666666666666667,0.0,0.13333333333333333,0.7493888888888888,1.0,12.192857281689108,0.0,0.0,0.0,2.0,0.06666666666666667,0.06666666666666667,0.0,0.0,21.0,2.9726890378984647,3.4428571428571426,24.1,4.0,2.0,0.06666666666666667,0.6666666666666666,-1.5333333333333334,-1.891031746031746,14.0,0.7066658448146452,42.25714285714286,63.85,13.0,0.0,0.06666666666666667,0.0,0.06666666666666667,0.7217582417582418,1.0,11.970595687504392,0.0,0.0,0.0,2.0,0.06666666666666667,0.06666666666666667,0.0,0.0,3.0,4.256254125832005,9.799999999999999,21.7,2.0,0.0,0.06666666666666667,0.0,0.06666666666666667,0.42999999999999994,2.0,6.761709157456931,8.175,16.35,1.0,0.0,0.06666666666666667,0.0,0.0,0.45500000000000007,1.0,13.846798635373126,0.0,0.0,0.0,2.0,0.06666666666666667,0.06666666666666667,0.0,0.0,3.0,3.816854946739694,10.549999999999999,25.8,2.0,0.0,0.06666666666666667,0.0,0.06666666666666667,0.3433333333333332,1.0,0.0,3.55,3.55,1.0,0.0,0.0,0.0,0.06666666666666667,0.23666666666666666,0.0,0.0,13.0,0.0,17.0,53.28823529411765,1.0,0.0,14.0,0.0,15.0,52.85333333333334,0.0,0.0,5.0,13.39,3.0,12.600000000000001,1.0,0.0,4.0,17.4,2.0,9.275
rush_hour_seed1,rush_hour,1,593.25,608.25,113.0,5.240647419570861,13.107522123893805,38.0,12.75,0.0,0.0,0.0,0.0,0.0,2.0,0.0,0.06666666666666667,0.0,0.0,19.0,3.7025511545745458,3.6184210526315788,34.85,2.0,2.0,0.0,0.7333333333333333,-1.5333333333333334,-1.7095497076023392,16.0,0.2761655557796932,43.324999999999996,66.1,15.0,0.0,0.06666666666666667,0.0,0.06666666666666667,0.7534444444444441,1.0,12.151975422101136,0.0,0.0,0.0,2.0,0.06666666666666667,0.06666666666666667,0.0,0.0,21.0,3.4493692330422348,1.3166666666666667,17.8,2.0,2.0,0.06666666666666667,0.6666666666666666,-1.5333333333333334,-1.8445555555555555,14.0,0.844293446590452,43.18571428571429,64.85,13.0,0.0,0.06666666666666667,0.0,0.06666666666666667,0.7221245421245422,1.0,11.994415318861138,0.0,0.0,0.0,2.0,0.06666666666666667,0.06666666666666667,0.0,0.0,4.0,3.412173514819564,7.85,22.7,2.0,0.0,0.13333333333333333,0.0,0.06666666666666667,0.26666666666666666,2.0,6.519881480728394,8.675,17.35,1.0,0.0,0.06666666666666667,0.0,0.0,0.42166666666666675,1.0,13.843673317821231,0.0,0.0,0.0,2.0,0.06666666666666667,0.06666666666666667,0.0,0.0,3.0,2.782897058484933,11.216666666666667,26.8,2.0,0.0,0.06666666666666667,0.0,0.06666666666666667,0.35444444444444445,1.0,0.0,4.55,4.55,1.0,0.0,0.0,0.0,0.06666666666666667,0.30333333333333334,1.0,0.0,13.0,0.0,17.0,54.22941176470588,1.0,0.0,15.0,0.006666666666666667,15.0,53.78666666666667,0.0,0.0,5.0,13.99,3.0,13.266666666666667,1.0,0.0,5.0,14.52,2.0,9.775
rush_hour_seed1,rush_hour,1,594.25,609.25,113.0,5.330949089469666,12.651327433628317,35.0,11.75,1.0,13.825098451928934,0.0,0.0,0.0,2.0,0.06666666666666667,0.06666666666666667,0.0,0.0,18.0,3.9058368617314576,0.0,0.0,0.0,2.0,0.0,0.7333333333333333,-1.5333333333333334,-1.8366666666666667,16.0,0.3897969985911493,44.262499999999996,67.1,15.0,0.0,0.06666666666666667,0.0,0.06666666666666667,0.7537222222222222,1.0,12.190979919248536,0.0,0.0,0.0,2.0,0.06666666666666667,0.06666666666666667,0.0,0.0,20.0,3.6464934984367487,0.5425,10.85,1.0,2.0,0.06666666666666667,0.6666666666666666,-1.4666666666666666,-1.771419540229885,14.0,0.9893864727654252,44.114285714285714,65.85,13.0,0.0,0.06666666666666667,0.0,0.06666666666666667,0.7224908424908425,1.0,11.992724796328694,0.0,0.0,0.0,2.0,0.06666666666666667,0.06666666666666667,0.0,0.0,4.0,3.1808605885950865,8.35,23.7,2.0,0.0,0.13333333333333333,0.0,0.06666666666666667,0.26666666666666666,2.0,4.905925779078719,9.175,18.35,1.0,0.0,0.06666666666666667,0.0,0.0,0.3883333333333334,1.0,13.850856189206244,0.0,0.0,0.0,2.0,0.06666666666666667,0.0,0.0,0.0,4.0,2.099854049777718,8.9125,27.8,2.0,0.0,0.13333333333333333,0.0,0.06666666666666667,0.16749999999999995,1.0,0.0,5.55,5.55,1.0,0.0,0.0,0.0,0.06666666666666667,0.37,1.0,0.0,14.0,0.0,17.0,50.34117647058823,1.0,0.0,16.0,0.06875,15.0,49.330000000000005,1.0,0.0,5.0,14.59,3.0,13.933333333333332,1.0,0.0,5.0,15.12,2.0,10.275
rush_hour_seed1,rush_hour,1,595.25,610.25,112.0,5.441325267284658,12.970982142857142,34.0,10.75,1.0,13.846952400150476,0.0,0.0,0.0,2.0,0.06666666666666667,0.13333333333333333,0.0,0.0,18.0,4.423129486563922,0.0,0.0,0.0,2.0,0.0,0.6666666666666666,-1.4,-1.718452380952381,16.0,0.5193563796737356,45.199999999999996,68.1,15.0,0.0,0.06666666666666667,0.0,0.06666666666666667,0.7539999999999997,1.0,12.173149094029837,0.0,0.0,0.0,2.0,0.06666666666666667,0.06666666666666667,0.0,0.0,19.0,3.863736523402327,0.0,0.0,0.0,2.0,0.0,0.7333333333333333,-1.4,-1.568111111111111,14.0,0.8487557220162402,45.042857142857144,66.85,13.0,0.0,0.06666666666666667,0.0,0.06666666666666667,0.7228571428571428,1.0,11.992255124012008,0.0,0.0,0.0,2.0,0.06666666666666667,0.06666666666666667,0.0,0.0,4.0,3.0789337681695406,8.85,24.7,2.0,0.0,0.06666666666666667,0.0,0.06666666666666667,0.37444444444444447,2.0,3.42788233858788,9.675,19.35,1.0,0.0,0.0,0.0,0.0,0.5000000000000001,1.0,13.857894175169058,0.0,0.0,0.0,2.0,0.06666666666666667,0.0,0.0,0.0,4.0,2.0225327005053186,9.4125,28.8,2.0,0.0,0.06666666666666667,0.0,0.06666666666666667,0.32083333333333325,1.0,0.0,6.55,6.55,1.0,0.0,0.0,0.0,0.06666666666666667,0.43666666666666665,1.0,0.0,14.0,0.0071428571428571435,16.0,40.171875,1.0,0.0,16.0,0.13125,14.0,37.542857142857144,1.0,0.0,5.0,15.190000000000001,3.0,14.6,1.0,0.0,5.0,15.719999999999999,2.0,10.775
rush_hour_seed1,rush_hour,1,596.25,611.25,110.0,5.481840266585085,13.51590909090909,34.0,9.75,1.0,13.834867263822817,0.0,0.0,0.0,2.0,0.06666666666666667,0.13333333333333333,0.0,0.0,17.0,4.664386703941136,0.0,0.0,0.0,2.0,0.0,0.6666666666666666,-1.2666666666666666,-1.5946913580246913,16.0,0.6439817348910207,46.137499999999996,69.1,15.0,0.0,0.06666666666666667,0.0,0.06666666666666667,0.7542777777777772,1.0,12.179211270936108,0.0,0.0,0.0,2.0,0.06666666666666667,0.06666666666666667,0.0,0.0,19.0,4.3700141759409705,0.0,0.0,0.0,2.0,0.0,0.6666666666666666,-1.2666666666666666,-1.4397701149425286,14.0,0.5802162611111691,45.971428571428575,67.85,13.0,0.0,0.06666666666666667,0.0,0.06666666666666667,0.7232234432234435,1.0,11.987279006964528,0.0,0.0,0.0,2.0,0.06666666666666667,0.06666666666666667,0.0,0.0,4.0,3.0925758506786876,9.35,25.7,2.0,0.0,0.06666666666666667,0.0,0.06666666666666667,0.38555555555555554,2.0,2.152603715571393,10.175,20.35,1.0,0.0,0.0,0.0,0.0,0.5000000000000001,1.0,13.873528742386261,0.0,0.0,0.0,2.0,0.06666666666666667,0.0,0.0,0.0,4.0,2.1047289186477136,9.9125,29.8,2.0,0.0,0.06666666666666667,0.0,0.06666666666666667,0.33194444444444443,1.0,0.0,7.55,7.55,1.0,0.0,0.0,0.0,0.06666666666666667,0.5033333333333333,1.0,0.0,15.0,0.07333333333333333,16.0,36.290625,1.0,0.0,17.0,0.1823529411764706,14.0,28.014285714285712,1.0,0.0,5.0,15.8,3.0,15.266666666666666,1.0,0.0,5.0,16.32,2.0,11.275
rush_hour_seed1,rush_hour,1,597.25,612.25,110.0,5.571309903922761,13.825,34.0,8.75,1.0,13.846893491056981,0.0,0.0,0.0,2.0,0.06666666666666667,0.13333333333333333,0.0,0.0,16.0,4.896484468055765,0.0,0.0,0.0,2.0,0.0,0.7333333333333333,-1.1333333333333333,-1.4114814814814813,16.0,0.7642654970265065,47.074999999999996,70.1,15.0,0.0,0.06666666666666667,0.0,0.06666666666666667,0.7545555555555552,1.0,12.171864463490243,0.0,0.0,0.0,2.0,0.06666666666666667,0.06666666666666667,0.0,0.0,18.0,4.6395249719040885,0.0,0.0,0.0,2.0,0.0,0.6666666666666666,-1.2,-1.4197619047619048,14.0,0.33727624989002064,46.9,68.85,13.0,0.0,0.06666666666666667,0.0,0.06666666666666667,0.7235897435897433,1.0,11.986559947163332,0.0,0.0,0.0,2.0,0.06666666666666667,0.06666666666666667,0.0,0.0,4.0,3.283524584932572,9.85,26.7,2.0,0.0,0.06666666666666667,0.0,0.06666666666666667,0.3966666666666666,2.0,1.1812400251351034,10.675,21.35,1.0,0.0,0.0,0.0,0.0,0.5000000000000001,1.0,13.210392426925337,0.0,0.0,0.0,2.0,0.06666666666666667,0.0,0.0,0.0,4.0,2.3557712416061443,10.4125,30.8,2.0,0.0,0.06666666666666667,0.0,0.06666666666666667,0.34305555555555556,2.0,0.940491104410351,4.275,8.55,1.0,0.0,0.06666666666666667,0.0,0.06666666666666667,0.28500000000000003,1.0,0.0,16.0,0.13125,16.0,27.971875,1.0,0.0,17.0,0.24117647058823527,14.0,18.635714285714283,1.0,0.0,5.0,16.6,3.0,15.933333333333332,1.0,0.0,5.0,16.919999999999998,2.0,11.775
rush_hour_seed1,rush_hour,1,600.25,615.25,106.0,5.655707470919817,15.32311320754717,36.0,5.75,1.0,13.871367313284427,0.0,0.0,0.0,2.0,0.06666666666666667,0.06666666666666667,0.0,0.0,14.0,5.862871474476296,0.0,0.0,0.0,2.0,0.0,0.7333333333333333,-0.8666666666666667,-1.1718666666666666,16.0,0.23899118610764958,49.887499999999996,73.1,15.0,0.0,0.06666666666666667,0.0,0.06666666666666667,0.7553888888888888,1.0,12.167935807454674,0.0,0.0,0.0,2.0,0.06666666666666667,0.06666666666666667,0.0,0.0,16.0,5.588131693985881,0.0,0.0,0.0,2.0,0.0,0.6666666666666666,-0.9333333333333333,-1.064102564102564,14.0,0.020302136347667924,49.68571428571429,71.85,13.0,0.0,0.06666666666666667,0.0,0.06666666666666667,0.7246886446886449,1.0,11.990168060101569,0.0,0.0,0.0,2.0,0.06666666666666667,0.06666666666666667,0.0,0.0,4.0,3.4355075286083476,11.487499999999999,29.7,3.0,0.0,0.06666666666666667,0.0,0.06666666666666667,0.42361111111111105,3.0,0.3014448596473182,8.116666666666667,24.35,1.0,0.0,0.06666666666666667,0.0,0.0,0.22944444444444448,0.0,0.0,0.0,0.0,0.0,2.0,0.0,0.06666666666666667,0.0,0.0,4.0,3.481707211829674,12.149999999999999,33.8,3.0,0.0,0.06666666666666667,0.0,0.13333333333333333,0.39222222222222214,2.0,3.971779668331594,5.775,11.55,1.0,0.0,0.06666666666666667,0.0,0.06666666666666667,0.385,1.0,0.0,17.0,0.34411764705882353,14.0,8.989285714285714,1.0,0.0,17.0,0.4852941176470588,12.0,3.35,1.0,0.0,5.0,19.0,3.0,17.933333333333334,1.0,0.0,5.0,19.240000000000002,2.0,13.275
rush_hour_seed1,rush_hour,1,601.25,616.25,105.0,5.769296482010081,15.818095238095237,38.0,4.75,1.0,13.8370842217654,0.0,0.0,0.0,2.0,0.06666666666666667,0.06666666666666667,0.0,0.0,14.0,6.335902458029021,0.0,0.0,0.0,2.0,0.0,0.6666666666666666,-0.7333333333333333,-1.0226388888888889,16.0,0.12850644944931777,50.824999999999996,74.1,15.0,0.0,0.06666666666666667,0.0,0.06666666666666667,0.7556666666666663,1.0,12.180394646746613,0.0,0.0,0.0,2.0,0.06666666666666667,0.06666666666666667,0.0,0.0,16.0,6.0302575894558785,0.0,0.0,0.0,2.0,0.0,0.6,-0.8666666666666667,-1.0252000000000001,14.0,0.005654606112028435,50.628571428571426,72.85,14.0,0.0,0.06666666666666667,0.0,0.13333333333333333,0.7260073260073255,1.0,11.983731479952112,0.0,0.0,0.0,2.0,0.06666666666666667,0.06666666666666667,0.0,0.0,4.0,3.4235442652981396,12.237499999999999,30.7,3.0,0.0,0.06666666666666667,0.0,0.06666666666666667,0.4291666666666666,3.0,1.0719023930609333,8.6,25.35,2.0,0.0,0.06666666666666667,0.0,0.06666666666666667,0.22833333333333333,0.0,0.0,0.0,0.0,0.0,2.0,0.0,0.06666666666666667,0.0,0.0,4.0,3.4602604418606497,12.899999999999999,34.8,3.0,0.0,0.06666666666666667,0.0,0.13333333333333333,0.4199999999999999,2.0,4.971465525707336,6.275,12.55,1.0,0.0,0.06666666666666667,0.0,0.06666666666666667,0.41833333333333333,1.0,0.0,18.0,0.4361111111111111,14.0,5.4071428571428575,1.0,0.0,18.0,0.5833333333333334,11.0,0.0,1.0,0.0,5.0,19.8,3.0,18.599999999999998,1.0,0.0,5.0,20.04,2.0,13.775
rush_hour_seed1,rush_hour,1,602.25,617.25,105.0,5.777509495963328,16.18,38.0,3.75,1.0,13.86659789910773,0.0,0.0,0.0,2.0,0.06666666666666667,0.06666666666666667,0.0,0.0,14.0,6.504234809510729,0.0,0.0,0.0,2.0,0.06666666666666667,0.6666666666666666,-0.6666666666666666,-0.9802898550724637,16.0,0.05778086097560223,51.762499999999996,75.1,15.0,0.0,0.06666666666666667,0.0,0.06666666666666667,0.7559444444444442,1.0,12.158280238212361,0.0,0.0,0.0,2.0,0.06666666666666667,0.06666666666666667,0.0,0.0,16.0,6.202348769316765,0.0,0.0,0.0,2.0,0.06666666666666667,0.6,-0.7333333333333333,-0.8594444444444445,14.0,0.0016061035996982552,51.628571428571426,73.85,14.0,0.0,0.06666666666666667,0.0,0.13333333333333333,0.7311355311355309,1.0,11.984611142389475,0.0,0.0,0.0,2.0,0.06666666666666667,0.06666666666666667,0.0,0.0,4.0,3.427841862855265,12.987499999999999,31.7,3.0,0.0,0.06666666666666667,0.0,0.06666666666666667,0.4347222222222222,3.0,1.7375236062504953,9.266666666666667,26.35,2.0,0.0,0.06666666666666667,0.0,0.06666666666666667,0.23944444444444452,0.0,0.0,0.0,0.0,0.0,2.0,0.0,0.06666666666666667,0.0,0.0,4.0,3.463058144479949,13.649999999999999,35.8,3.0,0.0,0.06666666666666667,0.0,0.06666666666666667,0.4288888888888887,2.0,5.962449594857634,6.775,13.55,1.0,0.0,0.06666666666666667,0.0,0.06666666666666667,0.4516666666666667,1.0,0.0,19.0,0.5473684210526316,13.0,0.9769230769230769,1.0,0.0,18.0,0.75,11.0,0.0,1.0,0.0,5.0,20.6,3.0,19.266666666666666,1.0,0.0,5.0,20.84,2.0,14.275
rush_hour_seed1,rush_hour,1,603.25,618.25,104.0,5.818162827330982,16.700961538461538,38.0,2.75,1.0,13.882057927147253,0.0,0.0,0.0,2.0,0.06666666666666667,0.06666666666666667,0.0,0.0,14.0,6.841600539894976,0.0,0.0,0.0,2.0,0.06666666666666667,0.6666666666666666,-0.6,-0.8914492753623189,16.0,0.023558477024239376,52.699999999999996,76.1,15.0,0.0,0.06666666666666667,0.0,0.06666666666666667,0.7562222222222218,1.0,12.15592709973808,0.0,0.0,0.0,2.0,0.06666666666666667,0.06666666666666667,0.0,0.0,16.0,6.517390626881617,0.0,0.0,0.0,2.0,0.06666666666666667,0.6,-0.6666666666666666,-0.7715277777777777,14.0,0.00043477086655099476,52.628571428571426,74.85,14.0,0.0,0.0,0.0,0.13333333333333333,0.9342857142857142,1.0,11.983361821111757,0.0,0.0,0.0,2.0,0.06666666666666667,0.06666666666666667,0.0,0.0,4.0,3.419919211107449,13.7375,32.7,3.0,0.0,0.06666666666666667,0.0,0.06666666666666667,0.4402777777777779,3.0,2.3539399309544584,9.933333333333334,27.35,2.0,0.0,0.06666666666666667,0.0,0.06666666666666667,0.2505555555555556,0.0,0.0,0.0,0.0,0.0,2.0,0.0,0.06666666666666667,0.0,0.0,4.0,3.4654178049357234,14.4,36.8,3.0,0.0,0.06666666666666667,0.0,0.06666666666666667,0.43444444444444447,2.0,6.645878039134946,7.275,14.55,1.0,0.0,0.06666666666666667,0.0,0.06666666666666667,0.48500000000000004,1.0,0.0,19.0,0.718421052631579,12.0,0.0,1.0,0.0,18.0,0.9472222222222223,10.0,0.0,1.0,0.0,5.0,21.4,3.0,19.966666666666665,1.0,0.0,5.0,21.64,3.0,10.166666666666666
rush_hour_seed1,rush_hour,1,605.25,620.25,103.0,5.808583451393432,17.60776699029126,39.0,0.75,1.0,13.872068801017013,0.0,0.0,0.0,2.0,0.06666666666666667,0.06666666666666667,0.0,0.0,13.0,7.088786006237067,0.0,0.0,0.0,2.0,0.13333333333333333,0.6666666666666666,-0.3333333333333333,-0.5303174603174603,16.0,0.0032196025151133225,54.61875,78.1,16.0,0.0,0.06666666666666667,0.0,0.13333333333333333,0.7596944444444441,1.0,10.130279224155283,0.0,0.0,0.0,2.0,0.06666666666666667,0.0,0.0,0.0,14.0,6.8225068028828675,0.0,0.0,0.0,2.0,0.06666666666666667,0.6666666666666666,-0.4666666666666667,-0.49782608695652175,15.0,0.25354417459183093,50.986666666666665,76.85,14.0,0.0,0.06666666666666667,0.0,0.06666666666666667,0.7057777777777777,0.0,0.0,0.0,0.0,0.0,2.0,0.0,0.06666666666666667,0.0,0.0,4.0,1.9969754525469599,15.2375,34.7,3.0,0.0,0.06666666666666667,0.0,0.06666666666666667,0.45138888888888895,3.0,3.8147645746121466,11.266666666666667,29.35,2.0,0.0,0.06666666666666667,0.0,0.06666666666666667,0.27277777777777784,0.0,0.0,0.0,0.0,0.0,2.0,0.0,0.06666666666666667,0.0,0.0,4.0,3.1504099803873302,15.9,38.8,3.0,0.0,0.06666666666666667,0.0,0.06666666666666667,0.4455555555555556,2.0,6.640234345168969,8.275,16.55,1.0,0.0,0.06666666666666667,0.0,0.0,0.44833333333333336,1.0,0.0,21.0,1.0738095238095238,11.0,0.0,1.0,0.4,19.0,1.3657894736842104,10.0,0.0,1.0,0.0,6.0,19.166666666666668,4.0,16.475,1.0,0.45,5.0,23.240000000000002,3.0,11.5
rush_hour_seed1,rush_hour,1,606.25,621.25,105.0,5.775176807670655,17.643809523809523,39.0,2.75,1.0,12.323069999999998,0.0,0.0,0.0,1.0,0.06666666666666667,0.06666666666666667,0.0,0.0,13.0,7.385441468223447,0.0,0.0,0.0,1.0,0.13333333333333333,0.6,-0.26666666666666666,-0.44933333333333336,17.0,0.06682376335491938,52.34705882352941,79.1,16.0,0.0,0.06666666666666667,0.0,0.06666666666666667,0.7264705882352942,1.0,13.452299342733472,0.0,0.0,0.0,1.0,0.06666666666666667,0.06666666666666667,0.0,0.0,14.0,6.9536444551021,0.0,0.0,0.0,1.0,0.13333333333333333,0.6666666666666666,-0.3333333333333333,-0.3040909090909091,15.0,0.3803721473152196,51.92,77.85,14.0,0.0,0.06666666666666667,0.0,0.06666666666666667,0.7060952380952382,0.0,0.0,0.0,0.0,0.0,1.0,0.0,0.06666666666666667,0.0,0.0,5.0,1.5669677061866543,12.790000000000001,35.7,3.0,0.0,0.13333333333333333,0.0,0.06666666666666667,0.24377777777777787,3.0,4.49397780290112,11.933333333333335,30.35,2.0,0.0,0.06666666666666667,0.0,0.06666666666666667,0.283888888888889,1.0,13.873739956583595,0.0,0.0,0.0,1.0,0.06666666666666667,0.06666666666666667,0.0,0.0,4.0,2.3455567724075292,16.65,39.8,3.0,0.0,0.06666666666666667,0.0,0.06666666666666667,0.4511111111111111,2.0,6.649614953971281,8.775,17.55,1.0,0.0,0.06666666666666667,0.0,0.0,0.41500000000000004,1.0,0.0,21.0,1.311904761904762,12.0,0.0,2.0,0.7,19.0,1.6710526315789473,9.0,0.0,1.0,0.4,6.0,19.833333333333332,4.0,17.225,1.0,1.45,5.0,24.04,3.0,12.166666666666666
rush_hour_seed1,rush_hour,1,607.25,622.25,105.0,5.709851636500632,18.015238095238093,39.0,1.75,0.0,0.0,0.0,0.0,0.0,1.0,0.0,0.06666666666666667,0.0,0.0,13.0,7.478645570766658,0.0,0.0,0.0,1.0,0.2,0.6666666666666666,-0.2,-0.341,17.0,0.1836075537706371,53.28823529411765,80.1,16.0,0.0,0.06666666666666667,0.0,0.06666666666666667,0.7267156862745101,1.0,13.484190899853258,0.0,0.0,0.0,1.0,0.06666666666666667,0.06666666666666667,0.0,0.0,14.0,6.4879177622491495,0.0,0.0,0.0,1.0,0.13333333333333333,0.6,-0.26666666666666666,-0.22952380952380952,15.0,0.5108210574051278,52.85333333333334,78.85,14.0,0.0,0.06666666666666667,0.0,0.06666666666666667,0.7064126984126986,0.0,0.0,0.0,0.0,0.0,1.0,0.0,0.06666666666666667,0.0,0.0,5.0,1.5363532407854845,13.39,36.7,3.0,0.0,0.13333333333333333,0.0,0.06666666666666667,0.23933333333333345,3.0,5.211474444217154,12.600000000000001,31.35,2.0,0.0,0.06666666666666667,0.0,0.06666666666666667,0.29500000000000004,1.0,13.875751324165613,0.0,0.0,0.0,1.0,0.06666666666666667,0.06666666666666667,0.0,0.0,4.0,1.6208324808052479,17.4,40.8,3.0,0.0,0.06666666666666667,0.0,0.06666666666666667,0.45666666666666667,2.0,6.642911123801419,9.275,18.55,1.0,0.0,0.06666666666666667,0.0,0.0,0.3816666666666667,2.0,0.0,22.0,1.4863636363636366,11.0,0.0,2.0,1.2,19.0,2.018421052631579,9.0,0.0,1.0,1.4,6.0,20.5,4.0,17.975,1.0,2.45,6.0,20.7,3.0,12.833333333333334
rush_hour_seed1,rush_hour,1,608.25,623.25,106.0,5.569664643295218,18.214150943396227,40.0,0.75,1.0,11.97868725966895,0.0,0.0,0.0,1.0,0.06666666666666667,0.0,0.0,0.0,13.0,7.597288662971026,0.0,0.0,0.0,1.0,0.2,0.6,-0.13333333333333333,-0.2412280701754386,17.0,0.3009217082627942,54.22941176470588,81.1,16.0,0.0,0.06666666666666667,0.0,0.06666666666666667,0.7269607843137256,1.0,13.470698692605495,0.0,0.0,0.0,1.0,0.06666666666666667,0.06666666666666667,0.0,0.0,15.0,5.832632613225451,0.006666666666666667,0.1,1.0,1.0,0.2,0.6,-0.06666666666666667,-0.08733333333333333,15.0,0.6392463129893527,53.78666666666667,79.85,14.0,0.0,0.06666666666666667,0.0,0.06666666666666667,0.7067301587301585,0.0,0.0,0.0,0.0,0.0,1.0,0.0,0.06666666666666667,0.0,0.0,5.0,1.6152236465482974,13.99,37.7,3.0,0.0,0.06666666666666667,0.0,0.06666666666666667,0.4093333333333334,3.0,5.308162203008647,13.266666666666667,32.35,2.0,0.0,0.06666666666666667,0.0,0.06666666666666667,0.3061111111111111,1.0,13.847476541501237,0.0,0.0,0.0,1.0,0.06666666666666667,0.06666666666666667,0.0,0.0,5.0,1.2891717665564792,14.52,41.8,3.0,0.0,0.13333333333333333,0.0,0.06666666666666667,0.22022222222222218,2.0,6.658014723700284,9.775,19.55,1.0,0.0,0.06666666666666667,0.0,0.0,0.3483333333333334,2.0,0.0,22.0,1.7590909090909093,11.0,0.0,2.0,1.7,19.0,2.389473684210526,9.0,0.027777777777777776,1.0,2.4,6.0,21.166666666666668,4.0,18.725,1.0,3.45,6.0,21.366666666666664,3.0,13.5
rush_hour_seed1,rush_hour,1,609.25,624.25,107.0,5.5060996322654425,16.89485981308411,38.0,11.75,1.0,11.980447077224962,0.0,0.0,0.0,0.0,0.06666666666666667,0.06666666666666667,0.0,0.0,14.0,6.799736596544294,0.0,0.0,0.0,0.0,0.26666666666666666,0.5333333333333333,0.0,0.0,17.0,0.44512394441959086,50.34117647058823,76.75,15.0,2.0,0.06666666666666667,0.0,0.0,0.40524509803921566,1.0,13.455379230116158,0.0,0.0,0.0,0.0,0.06666666666666667,0.06666666666666667,0.0,0.0,16.0,5.476959592558587,0.06875,1.1,1.0,0.0,0.26666666666666666,0.5333333333333333,0.0,-0.03158333333333333,15.0,0.8171565369357385,49.330000000000005,76.65,13.0,2.0,0.06666666666666667,0.0,0.0,0.3477142857142861,1.0,15.553944620266558,0.0,0.0,0.0,0.0,0.06666666666666667,0.06666666666666667,0.0,0.0,5.0,1.8091968761525206,14.59,38.7,3.0,0.0,0.06666666666666667,0.0,0.06666666666666667,0.41600000000000004,3.0,5.31001027268392,13.933333333333332,33.35,2.0,0.0,0.06666666666666667,0.0,0.06666666666666667,0.31722222222222207,1.0,13.828568342810032,0.0,0.0,0.0,0.0,0.06666666666666667,0.06666666666666667,0.0,0.0,5.0,1.292984119271757,15.12,42.8,3.0,0.0,0.06666666666666667,0.0,0.06666666666666667,0.41383333333333333,2.0,6.649541157517047,10.275,20.55,1.0,0.0,0.06666666666666667,0.0,0.0,0.31500000000000006,2.0,0.0,23.0,1.9434782608695653,11.0,0.04090909090909091,2.0,0.0,19.0,2.8105263157894735,9.0,0.1388888888888889,1.0,0.0,6.0,12.883333333333335,4.0,19.475,1.0,0.0,6.0,12.4,3.0,14.166666666666666
rush_hour_seed1,rush_hour,1,610.25,625.25,105.0,5.363760729018065,13.242380952380953,33.0,10.75,1.0,11.971063681400846,0.0,0.0,0.0,0.0,0.06666666666666667,0.06666666666666667,0.0,0.0,14.0,6.019082694384158,0.0071428571428571435,0.1,1.0,0.0,0.26666666666666666,0.5333333333333333,0.06666666666666667,0.00047619047619047624,16.0,0.650478505389723,40.171875,73.1,12.0,2.0,0.06666666666666667,0.06666666666666667,-0.2,-0.33520833333333305,1.0,13.49638816017717,0.0,0.0,0.0,0.0,0.06666666666666667,0.06666666666666667,0.0,0.0,16.0,5.143343997939712,0.13125,2.1,1.0,0.0,0.26666666666666666,0.4666666666666667,0.06666666666666667,0.00875,14.0,1.062786977960671,37.542857142857144,71.5,10.0,2.0,0.06666666666666667,0.06666666666666667,-0.2,-0.5,1.0,15.90025264652592,0.0,0.0,0.0,0.0,0.06666666666666667,0.06666666666666667,0.0,0.0,5.0,2.1044976314092816,15.190000000000001,39.7,3.0,0.0,0.06666666666666667,0.0,0.06666666666666667,0.4226666666666668,3.0,5.326924491669814,14.6,34.35,2.0,0.0,0.06666666666666667,0.0,0.06666666666666667,0.32833333333333325,1.0,13.842688022884541,0.0,0.0,0.0,0.0,0.06666666666666667,0.06666666666666667,0.0,0.0,5.0,1.4495331726435516,15.719999999999999,43.8,3.0,0.0,0.06666666666666667,0.0,0.06666666666666667,0.42049999999999993,2.0,5.67834138727728,10.775,21.55,1.0,0.0,0.06666666666666667,0.0,0.0,0.2816666666666667,1.0,0.0,23.0,2.2369565217391307,11.0,0.1318181818181818,1.0,0.0,19.0,3.2578947368421054,9.0,0.25,0.0,0.0,5.0,0.2,4.0,20.225,0.0,0.0,5.0,0.0,3.0,14.833333333333334
rush_hour_seed1,rush_hour,1,611.25,626.25,107.0,5.369578129819625,11.271028037383177,31.0,9.75,1.0,11.996533975903876,0.0,0.0,0.0,0.0,0.06666666666666667,0.06666666666666667,0.0,0.0,15.0,5.602870778900075,0.07333333333333333,1.1,1.0,0.0,0.3333333333333333,0.4666666666666667,0.06666666666666667,0.004888888888888889,16.0,1.0057190230191015,36.290625,71.8,11.0,2.0,0.06666666666666667,0.06666666666666667,-0.26666666666666666,-0.6564583333333331,1.0,13.484713353295476,0.0,0.0,0.0,0.0,0.06666666666666667,0.06666666666666667,0.0,0.0,17.0,4.793523363955452,0.1823529411764706,3.1,1.0,0.0,0.3333333333333333,0.4666666666666667,0.06666666666666667,0.01215686274509804,14.0,1.2099807465312213,28.014285714285712,69.4,8.0,2.0,0.06666666666666667,0.06666666666666667,-0.3333333333333333,-1.1971428571428575,1.0,15.855137013190957,0.0,0.0,0.0,0.0,0.06666666666666667,0.06666666666666667,0.0,0.0,5.0,2.473078836776432,15.8,40.7,4.0,0.0,0.06666666666666667,0.0,0.13333333333333333,0.43000000000000005,3.0,5.312024861947816,15.266666666666666,35.35,2.0,0.0,0.06666666666666667,0.0,0.06666666666666667,0.3394444444444443,1.0,13.88584009852144,0.0,0.0,0.0,0.0,0.06666666666666667,0.06666666666666667,0.0,0.0,5.0,1.7275147805842663,16.32,44.8,3.0,0.0,0.06666666666666667,0.0,0.06666666666666667,0.4271666666666667,2.0,4.110854637786371,11.275,22.55,1.0,0.0,0.06666666666666667,0.0,0.0,0.24833333333333338,1.0,0.0,24.0,2.4645833333333336,11.0,0.22272727272727275,1.0,0.0,19.0,3.7526315789473683,9.0,0.3611111111111111,0.0,0.0,5.0,0.0,4.0,20.975,0.0,0.0,5.0,0.0,3.0,15.5
rush_hour_seed1,rush_hour,1,612.25,627.25,107.0,5.28084652078985,8.91214953271028,27.0,8.75,1.0,11.98686897601001,0.0,0.0,0.0,0.0,0.06666666666666667,0.06666666666666667,0.0,0.0,16.0,5.212809431004976,0.13125,2.1,1.0,0.0,0.4,0.4,0.06666666666666667,0.00875,16.0,1.2776491721483756,27.971875,69.85,9.0,2.0,0.06666666666666667,0.06666666666666667,-0.4,-1.2735416666666663,1.0,13.474534444146455,0.0,0.0,0.0,0.0,0.06666666666666667,0.06666666666666667,0.0,0.0,17.0,4.4652796371213865,0.24117647058823527,4.1,1.0,0.0,0.3333333333333333,0.4,0.06666666666666667,0.016078431372549017,14.0,1.5624203031907313,18.635714285714283,67.85,6.0,2.0,0.06666666666666667,0.06666666666666667,-0.4666666666666667,-1.8842857142857143,1.0,15.944512907469244,0.0,0.0,0.0,0.0,0.06666666666666667,0.06666666666666667,0.0,0.0,5.0,2.7792233877706094,16.6,41.7,4.0,0.0,0.06666666666666667,0.0,0.13333333333333333,0.4500000000000001,3.0,4.120226326950961,15.933333333333332,36.35,2.0,0.0,0.06666666666666667,0.0,0.06666666666666667,0.3505555555555554,1.0,13.826818696050905,0.0,0.0,0.0,0.0,0.06666666666666667,0.06666666666666667,0.0,0.0,5.0,2.071668707288712,16.919999999999998,45.8,3.0,0.0,0.06666666666666667,0.0,0.06666666666666667,0.43383333333333324,2.0,2.7500540666941706,11.775,23.55,1.0,0.0,0.0,0.0,0.0,0.5,1.0,0.0,24.0,2.797916666666667,11.0,0.31363636363636366,1.0,0.0,19.0,4.3,9.0,0.5833333333333334,0.0,0.0,5.0,0.0,4.0,21.725,1.0,0.0,5.0,0.0,3.0,16.166666666666668
rush_hour_seed1,rush_hour,1,613.25,628.25,104.0,5.070961511798084,7.424038461538462,25.0,7.75,1.0,11.994851413783618,0.0,0.0,0.0,0.0,0.06666666666666667,0.06666666666666667,0.0,0.0,16.0,4.846137656274941,0.19375,3.1,1.0,0.0,0.4,0.4,0.06666666666666667,0.012916666666666667,15.0,1.3183263955200883,21.086666666666666,68.0,7.0,2.0,0.06666666666666667,0.13333333333333333,-0.5333333333333333,-1.7950555555555554,1.0,13.469229637891651,0.0,0.0,0.0,0.0,0.06666666666666667,0.06666666666666667,0.0,0.0,17.0,4.1099660801013735,0.3,5.1,1.0,0.0,0.3333333333333333,0.3333333333333333,0.06666666666666667,0.02,13.0,1.701085232235545,15.234615384615385,66.7,5.0,2.0,0.06666666666666667,0.13333333333333333,-0.5333333333333333,-2.172930402930403,1.0,15.908863477238985,0.0,0.0,0.0,0.0,0.06666666666666667,0.06666666666666667,0.0,0.0,5.0,2.7723543665803136,17.4,42.7,4.0,0.0,0.06666666666666667,0.0,0.13333333333333333,0.4699999999999999,3.0,2.814201708152833,16.599999999999998,37.35,2.0,0.0,0.06666666666666667,0.0,0.06666666666666667,0.36166666666666647,1.0,13.833354842204136,0.0,0.0,0.0,0.0,0.06666666666666667,0.0,0.0,0.0,5.0,2.4249046623595505,17.64,46.8,4.0,0.0,0.06666666666666667,0.0,0.13333333333333333,0.44850000000000007,2.0,1.6370033820664447,12.275,24.55,1.0,0.0,0.0,0.0,0.0,0.5,1.0,0.0,25.0,3.0240000000000005,11.0,0.4318181818181818,1.0,0.0,19.0,4.878947368421053,9.0,0.8055555555555556,1.0,0.0,4.0,0.0,4.0,22.475,1.0,0.0,4.0,0.0,3.0,16.833333333333332
rush_hour_seed1,rush_hour,1,614.25,629.25,105.0,5.205189748870975,5.7457142857142856,23.0,6.75,1.0,11.971056446980219,0.0,0.0,0.0,0.0,0.06666666666666667,0.06666666666666667,0.0,0.0,17.0,4.5138963570453825,0.24117647058823527,4.1,1.0,0.0,0.4666666666666667,0.3333333333333333,0.06666666666666667,0.016078431372549017,15.0,1.7087785032672582,16.953333333333333,67.05,6.0,2.0,0.06666666666666667,0.13333333333333333,-0.6,-2.133111111111111,1.0,13.474642178040593,0.0,0.0,0.0,0.0,0.06666666666666667,0.06666666666666667,0.0,0.0,17.0,3.747467650555016,0.36764705882352944,6.1,2.0,0.0,0.3333333333333333,0.3333333333333333,0.13333333333333333,0.02450980392156863,12.0,1.9045429519103492,6.508333333333333,39.9,3.0,2.0,0.06666666666666667,0.2,-0.6666666666666666,-2.816587301587302,1.0,15.854519159691009,0.0,0.0,0.0,0.0,0.06666666666666667,0.06666666666666667,0.0,0.0,5.0,2.76812666040508,18.2,43.7,4.0,0.0,0.06666666666666667,0.0,0.13333333333333333,0.49,3.0,1.6817010104065047,17.266666666666666,38.35,2.0,0.0,0.06666666666666667,0.0,0.06666666666666667,0.37277777777777765,1.0,13.863626410425642,0.0,0.0,0.0,0.0,0.06666666666666667,0.0,0.0,0.0,5.0,2.6584995944644185,18.44,47.8,4.0,0.0,0.06666666666666667,0.0,0.13333333333333333,0.4685000000000001,2.0,0.8384574949332706,12.775,25.55,1.0,0.0,0.0,0.0,0.0,0.5,1.0,0.0,25.0,3.4,11.0,0.6136363636363636,1.0,0.0,19.0,5.5052631578947375,9.0,1.0277777777777777,1.0,0.0,3.0,0.0,4.0,23.225,1.0,0.0,3.0,0.0,3.0,17.5
rush_hour_seed1,rush_hour,1,615.25,630.25,103.0,5.2105264309453165,4.385436893203884,21.0,5.75,1.0,11.974313982368912,0.0,0.0,0.0,0.0,0.06666666666666667,0.06666666666666667,0.0,0.0,17.0,4.186039122879916,0.34411764705882353,5.1,2.0,0.0,0.4666666666666667,0.26666666666666666,0.13333333333333333,0.022941176470588236,14.0,1.876342679468388,8.989285714285714,53.15,4.0,2.0,0.06666666666666667,0.2,-0.7333333333333333,-2.726547619047619,1.0,13.42571428570211,0.0,0.0,0.0,0.0,0.06666666666666667,0.06666666666666667,0.0,0.0,17.0,3.4092256984061864,0.4852941176470588,7.1,2.0,0.0,0.3333333333333333,0.26666666666666666,0.13333333333333333,0.03235294117647059,12.0,2.693462788227458,3.35,26.0,2.0,2.0,0.06666666666666667,0.2,-0.7333333333333333,-3.0890476190476193,1.0,15.937911286418858,0.0,0.0,0.0,0.0,0.06666666666666667,0.06666666666666667,0.0,0.0,5.0,2.768108554297723,19.0,44.7,4.0,0.0,0.06666666666666667,0.0,0.06666666666666667,0.5008333333333334,3.0,0.8581739555257729,17.933333333333334,39.35,2.0,0.0,0.0,0.0,0.06666666666666667,0.6544444444444444,1.0,13.886312530412106,0.0,0.0,0.0,0.0,0.06666666666666667,0.0,0.0,0.0,5.0,2.656293675944071,19.240000000000002,48.8,4.0,0.0,0.06666666666666667,0.0,0.06666666666666667,0.4726666666666669,2.0,0.3670230855039258,13.275,26.55,1.0,0.0,0.0,0.0,0.0,0.5,1.0,0.0,26.0,3.6673076923076926,11.0,0.8136363636363636,1.0,0.0,20.0,5.87,9.0,1.2833333333333334,1.0,0.0,3.0,0.0,4.0,23.975,1.0,0.0,3.0,0.0,3.0,18.166666666666668
rush_hour_seed1,rush_hour,1,616.25,631.25,104.0,5.281123580628892,3.621153846153846,19.0,4.75,1.0,11.974735651428345,0.0,0.0,0.0,0.0,0.06666666666666667,0.06666666666666667,0.0,0.0,18.0,3.901776308774415,0.4361111111111111,6.1,2.0,0.0,0.5333333333333333,0.26666666666666666,0.13333333333333333,0.029074074074074075,14.0,2.5361797688182977,5.4071428571428575,38.15,3.0,2.0,0.06666666666666667,0.2,-0.8,-3.0278571428571426,1.0,13.434841540482491,0.0,0.0,0.0,0.0,0.06666666666666667,0.06666666666666667,0.0,0.0,18.0,3.0962816228060905,0.5833333333333334,8.1,3.0,0.0,0.4,0.26666666666666666,0.2,0.03888888888888889,11.0,3.006079811235426,0.0,0.0,0.0,2.0,0.06666666666666667,0.26666666666666666,-0.9333333333333333,-3.375238095238095,1.0,15.89280214822066,0.0,0.0,0.0,0.0,0.06666666666666667,0.06666666666666667,0.0,0.0,5.0,2.7743489722230508,19.8,45.7,4.0,0.0,0.06666666666666667,0.0,0.06666666666666667,0.5041666666666668,3.0,0.3267747840455502,18.599999999999998,40.35,2.0,0.0,0.0,0.0,0.0,0.6666666666666665,1.0,13.844283934135456,0.0,0.0,0.0,0.0,0.06666666666666667,0.0,0.0,0.0,5.0,2.652838684455779,20.04,49.8,4.0,0.0,0.06666666666666667,0.0,0.06666666666666667,0.47600000000000003,2.0,0.1436865362578945,13.775,27.55,1.0,0.0,0.0,0.0,0.0,0.5,1.0,0.0,27.0,3.95,11.0,1.0863636363636362,1.0,0.0,20.0,6.5200000000000005,9.0,1.6166666666666667,1.0,0.0,2.0,0.0,4.0,24.725,1.0,0.0,2.0,0.0,3.0,18.833333333333332
rush_hour_seed1,rush_hour,1,617.25,632.25,104.0,5.328516824183092,3.1745192307692305,18.0,3.75,1.0,11.982552018491551,0.0,0.0,0.0,0.0,0.06666666666666667,0.06666666666666667,0.0,0.0,19.0,3.66968029013498,0.5473684210526316,7.1,3.0,0.0,0.5333333333333333,0.2,0.2,0.03649122807017544,13.0,2.7464161946378884,0.9769230769230769,12.7,1.0,2.0,0.06666666666666667,0.26666666666666666,-0.9333333333333333,-3.3857051282051276,1.0,13.419923366148621,0.0,0.0,0.0,0.0,0.06666666666666667,0.06666666666666667,0.0,0.0,18.0,2.9082585479149277,0.75,9.1,3.0,0.0,0.3333333333333333,0.2,0.2,0.05,11.0,3.8030086537066676,0.0,0.0,0.0,2.0,0.06666666666666667,0.26666666666666666,-0.9333333333333333,-3.4419047619047616,1.0,15.89294428822917,0.0,0.0,0.0,0.0,0.06666666666666667,0.06666666666666667,0.0,0.0,5.0,2.2640109229560834,20.6,46.7,4.0,0.0,0.06666666666666667,0.0,0.06666666666666667,0.5075000000000002,3.0,0.1045613345022461,19.266666666666666,41.35,2.0,0.0,0.0,0.0,0.0,0.6666666666666665,1.0,11.623504869555921,0.0,0.0,0.0,0.0,0.06666666666666667,0.0,0.0,0.0,5.0,2.645199012797584,20.84,50.8,4.0,0.0,0.06666666666666667,0.0,0.06666666666666667,0.47933333333333344,2.0,0.05314620534426011,14.275,28.55,1.0,0.0,0.0,0.0,0.0,0.5,1.0,0.0,27.0,4.403703703703704,11.0,1.3590909090909091,1.0,0.0,20.0,7.2075000000000005,9.0,2.011111111111111,1.0,0.0,2.0,0.0,4.0,25.475,1.0,0.0,1.0,0.0,3.0,19.5
rush_hour_seed1,rush_hour,1,618.25,633.25,105.0,5.315775804024096,3.202857142857143,22.0,2.75,1.0,11.977323085460812,0.0,0.0,0.0,0.0,0.06666666666666667,0.06666666666666667,0.0,0.0,19.0,3.4142745115154,0.718421052631579,8.1,4.0,0.0,0.5333333333333333,0.2,0.26666666666666666,0.04789473684210526,12.0,2.984733109193099,0.0,0.0,0.0,2.0,0.06666666666666667,0.3333333333333333,-1.0,-3.513333333333333,1.0,8.940228399057037,0.0,0.0,0.0,0.0,0.06666666666666667,0.06666666666666667,0.0,0.0,18.0,2.716080730954486,0.9472222222222223,10.1,4.0,0.0,0.3333333333333333,0.2,0.26666666666666666,0.06314814814814815,10.0,4.170030250637427,0.0,0.0,0.0,2.0,0.06666666666666667,0.3333333333333333,-0.9333333333333333,-3.5085714285714285,1.0,14.515576047283236,0.0,0.0,0.0,0.0,0.06666666666666667,0.06666666666666667,0.0,0.0,5.0,1.6439013192927567,21.4,47.7,4.0,0.0,0.06666666666666667,0.0,0.06666666666666667,0.5108333333333331,3.0,0.030483767971579052,19.966666666666665,42.35,3.0,0.0,0.0,0.0,0.06666666666666667,0.6688888888888888,1.0,7.13212231055936,0.0,0.0,0.0,0.0,0.06666666666666667,0.0,0.0,0.0,5.0,2.6515405557657035,21.64,51.8,4.0,0.0,0.06666666666666667,0.0,0.06666666666666667,0.4826666666666667,3.0,0.01928142660969321,10.166666666666666,29.55,3.0,0.0,0.06666666666666667,0.0,0.13333333333333333,0.19277777777777771,1.0,0.0,27.0,4.885185185185185,11.0,1.6727272727272726,1.0,0.0,20.0,7.925,9.0,2.4555555555555557,1.0,0.0,2.0,0.0,4.0,26.225,1.0,0.0,1.0,0.0,3.0,20.166666666666668
rush_hour_seed1,rush_hour,1,619.25,634.25,107.0,5.1710569206258326,3.3392523364485984,21.0,1.75,1.0,11.977515091511886,0.0,0.0,0.0,0.0,0.06666666666666667,0.06666666666666667,0.0,0.0,20.0,3.1845100998184073,0.8825,9.1,4.0,0.0,0.6,0.13333333333333333,0.26666666666666666,0.05883333333333333,12.0,3.714994492625148,0.0,0.0,0.0,2.0,0.06666666666666667,0.3333333333333333,-1.0,-3.575833333333333,1.0,3.4402283990570317,0.0,0.0,0.0,0.0,0.06666666666666667,0.06666666666666667,0.0,0.0,18.0,2.5140997819012334,1.1694444444444445,11.1,4.0,0.0,0.3333333333333333,0.13333333333333333,0.26666666666666666,0.07796296296296297,10.0,4.574395390566368,0.0,0.0,0.0,2.0,0.06666666666666667,0.4,-0.9333333333333333,-3.3368888888888883,1.0,9.052787538034226,0.0,0.0,0.0,0.0,0.06666666666666667,0.0,0.0,0.0,6.0,1.3457199723913822,18.5,48.7,4.0,0.0,0.13333333333333333,0.0,0.06666666666666667,0.26749999999999996,3.0,0.008408688166495521,20.966666666666665,43.35,3.0,0.0,0.0,0.0,0.06666666666666667,0.691111111111111,1.0,2.6323068481838594,0.0,0.0,0.0,0.0,0.06666666666666667,0.0,0.0,0.0,5.0,2.467426574410979,22.44,52.8,4.0,0.0,0.06666666666666667,0.0,0.06666666666666667,0.48600000000000004,3.0,0.6387513712595576,10.833333333333334,30.55,2.0,0.0,0.06666666666666667,0.0,0.06666666666666667,0.2038888888888889,1.0,0.0,28.0,5.203571428571428,11.0,2.036363636363636,1.0,0.0,21.0,8.278571428571428,9.0,2.9166666666666665,1.0,0.0,2.0,0.0,4.0,26.975,1.0,0.0,1.0,0.0,3.0,20.833333333333332
rush_hour_seed1,rush_hour,1,620.25,635.25,107.0,4.848754456870438,3.5602803738317754,25.0,0.75,1.0,11.97933000153629,0.0,0.0,0.0,0.0,0.06666666666666667,0.06666666666666667,0.0,0.0,21.0,2.975943153157075,1.0738095238095238,10.1,5.0,0.0,0.6,0.06666666666666667,0.3333333333333333,0.07158730158730159,11.0,4.086332102481338,0.0,0.0,0.0,2.0,0.06666666666666667,0.4,-1.0666666666666667,-3.64125,1.0,0.0,0.4,0.4,1.0,0.0,0.06666666666666667,0.06666666666666667,0.06666666666666667,0.02666666666666667,19.0,2.347515113858623,1.3657894736842104,12.1,5.0,0.0,0.4,0.06666666666666667,0.3333333333333333,0.09105263157894736,10.0,5.453866062263132,0.0,0.0,0.0,2.0,0.06666666666666667,0.4,-0.9333333333333333,-3.399111111111111,1.0,3.5605650013444388,0.0,0.0,0.0,0.0,0.06666666666666667,0.0,0.0,0.0,6.0,1.3069913510565057,19.166666666666668,49.7,4.0,0.0,0.13333333333333333,0.0,0.06666666666666667,0.2619444444444445,4.0,0.13097094603516476,16.475,44.35,3.0,0.0,0.06666666666666667,0.0,0.06666666666666667,0.34722222222222227,1.0,0.0,0.45,0.45,1.0,0.0,0.06666666666666667,0.0,0.06666666666666667,0.030000000000000002,5.0,1.8332945584284044,23.240000000000002,53.8,4.0,0.0,0.06666666666666667,0.0,0.06666666666666667,0.48933333333333345,3.0,1.2246543913969932,11.5,31.55,2.0,0.0,0.06666666666666667,0.0,0.06666666666666667,0.21499999999999997,1.0,0.0,28.0,5.703571428571428,12.0,2.2708333333333335,2.0,0.0,21.0,9.04047619047619,10.0,3.125,1.0,0.0,1.0,0.0,4.0,27.725,1.0,0.0,1.0,0.0,3.0,21.5
rush_hour_seed1,rush_hour,1,621.25,636.25,108.0,4.778000170816187,3.7699074074074073,27.0,2.75,1.0,9.761272797468765,0.0,0.0,0.0,0.0,0.06666666666666667,0.06666666666666667,0.0,0.0,21.0,2.7791561728885483,1.311904761904762,11.1,5.0,0.0,0.6,0.06666666666666667,0.3333333333333333,0.08746031746031746,12.0,4.911207486704305,0.0,0.0,0.0,1.0,0.06666666666666667,0.4,-1.0666666666666667,-3.4898039215686274,2.0,0.702935928890698,0.7,1.4,1.0,0.0,0.06666666666666667,0.0,0.06666666666666667,0.04666666666666666,19.0,2.0769720839717216,1.6710526315789473,13.1,6.0,0.0,0.3333333333333333,0.0,0.4,0.11140350877192982,9.0,5.934417329151599,0.0,0.0,0.0,1.0,0.06666666666666667,0.4666666666666667,-0.9333333333333333,-3.4613333333333336,1.0,0.0,0.4,0.4,1.0,0.0,0.06666666666666667,0.0,0.06666666666666667,0.02666666666666667,6.0,1.3580352825393378,19.833333333333332,50.7,4.0,0.0,0.06666666666666667,0.0,0.06666666666666667,0.4695555555555554,4.0,0.6621187334048924,17.225,45.35,3.0,0.0,0.06666666666666667,0.0,0.06666666666666667,0.35277777777777775,1.0,0.0,1.45,1.45,1.0,0.0,0.0,0.0,0.06666666666666667,0.09666666666666666,5.0,1.247605722487867,24.04,54.8,4.0,0.0,0.06666666666666667,0.0,0.06666666666666667,0.4926666666666667,3.0,1.7775796280089304,12.166666666666666,32.55,2.0,0.0,0.06666666666666667,0.0,0.06666666666666667,0.22611111111111104,1.0,0.0,28.0,6.232142857142857,12.0,2.7125,2.0,0.0,21.0,9.859523809523811,10.0,3.625,1.0,0.0,1.0,0.0,4.0,28.475,1.0,0.0,2.0,0.0,3.0,22.166666666666668
rush_hour_seed1,rush_hour,1,622.25,637.25,108.0,4.530745580271865,4.026851851851852,29.0,1.75,2.0,7.715105004180624,0.0,0.0,0.0,0.0,0.13333333333333333,0.0,0.0,0.0,22.0,2.5819855500993656,1.4863636363636366,12.1,6.0,0.0,0.6,0.0,0.4,0.0990909090909091,11.0,5.203160227900008,0.0,0.0,0.0,1.0,0.06666666666666667,0.4666666666666667,-1.0666666666666667,-3.5525490196078433,2.0,1.5472214440729937,1.2,2.4,1.0,0.0,0.06666666666666667,0.0,0.06666666666666667,0.08,19.0,1.841283519328715,2.018421052631579,14.1,7.0,0.0,0.3333333333333333,0.0,0.4666666666666667,0.13456140350877194,9.0,5.388461731053168,0.0,0.0,0.0,1.0,0.06666666666666667,0.4666666666666667,-0.9333333333333333,-3.5235555555555558,1.0,0.0,1.4,1.4,1.0,0.0,0.06666666666666667,0.0,0.06666666666666667,0.09333333333333332,6.0,1.5361395238779127,20.5,51.7,4.0,0.0,0.06666666666666667,0.0,0.06666666666666667,0.474,4.0,1.1388402416632202,17.975,46.35,3.0,0.0,0.06666666666666667,0.0,0.06666666666666667,0.35833333333333334,1.0,0.0,2.45,2.45,1.0,0.0,0.0,0.0,0.06666666666666667,0.16333333333333336,6.0,1.0501601255808521,20.7,55.8,4.0,0.0,0.13333333333333333,0.0,0.06666666666666667,0.22000000000000006,3.0,2.333664662597721,12.833333333333334,33.55,2.0,0.0,0.06666666666666667,0.0,0.06666666666666667,0.23722222222222225,1.0,0.0,29.0,6.548275862068966,12.0,3.2125,2.0,0.0,21.0,10.716666666666667,10.0,4.220000000000001,1.0,0.0,1.0,0.0,4.0,29.225,1.0,0.0,1.0,0.0,3.0,22.833333333333332
rush_hour_seed1,rush_hour,1,623.25,638.25,107.0,4.356960496529336,4.338317757009346,31.0,0.75,2.0,6.662257563670679,0.0,0.0,0.0,0.0,0.06666666666666667,0.0,0.0,0.0,22.0,2.398577374884466,1.7590909090909093,13.1,6.0,0.0,0.6,0.0,0.4,0.11727272727272728,11.0,4.748228725660147,0.0,0.0,0.0,1.0,0.06666666666666667,0.4666666666666667,-1.0666666666666667,-3.6152941176470588,2.0,2.4094623778325968,1.7,3.4,1.0,0.0,0.06666666666666667,0.0,0.06666666666666667,0.11333333333333333,19.0,1.6649820703444747,2.389473684210526,15.1,8.0,0.0,0.26666666666666666,0.0,0.4666666666666667,0.15885380116959064,9.0,4.766393990760589,0.027777777777777776,0.25,1.0,1.0,0.06666666666666667,0.4666666666666667,-0.8666666666666667,-3.583925925925926,1.0,0.0,2.4,2.4,1.0,0.0,0.06666666666666667,0.0,0.06666666666666667,0.16,6.0,1.7799762546449527,21.166666666666668,52.7,4.0,0.0,0.06666666666666667,0.0,0.06666666666666667,0.4784444444444445,4.0,1.6079691061409795,18.725,47.35,3.0,0.0,0.06666666666666667,0.0,0.06666666666666667,0.36388888888888893,1.0,0.0,3.45,3.45,1.0,0.0,0.0,0.0,0.06666666666666667,0.23,6.0,1.0779048556695014,21.366666666666664,56.8,4.0,0.0,0.06666666666666667,0.0,0.06666666666666667,0.45644444444444426,3.0,2.909765698507721,13.5,34.55,2.0,0.0,0.06666666666666667,0.0,0.06666666666666667,0.24833333333333332,1.0,0.0,30.0,6.866666666666666,12.0,3.725,2.0,0.0,21.0,11.614285714285714,10.0,4.91,1.0,0.0,1.0,0.0,4.0,29.975,1.0,0.0,1.0,0.0,3.0,23.5
rush_hour_seed1,rush_hour,1,624.25,639.25,106.0,4.238478081259233,3.5084905660377355,27.0,29.75,2.0,6.4571095390569235,0.0,0.0,0.0,2.0,0.06666666666666667,0.0,0.0,0.0,23.0,2.1966441043928633,1.9434782608695653,14.1,6.0,0.0,0.6,0.0,0.4,0.12956521739130436,11.0,4.425395627249055,0.04090909090909091,0.45,1.0,0.0,0.06666666666666667,0.4666666666666667,-0.9333333333333333,-3.353351158645276,2.0,3.5982031378396164,0.0,0.0,0.0,2.0,0.06666666666666667,0.0,0.0,0.0,19.0,1.5282903869304931,2.8105263157894735,16.1,8.0,0.0,0.2,0.0,0.4666666666666667,0.18278508771929822,9.0,4.516198622413739,0.1388888888888889,1.25,1.0,0.0,0.06666666666666667,0.4666666666666667,-0.8,-3.2794074074074078,1.0,0.7870646021314317,0.0,0.0,0.0,2.0,0.0,0.0,0.0,0.0,6.0,2.203146088456239,12.883333333333335,39.7,3.0,2.0,0.06666666666666667,0.0,0.0,-0.11377777777777769,4.0,2.132023531629429,19.475,48.35,3.0,0.0,0.06666666666666667,0.0,0.06666666666666667,0.36944444444444463,1.0,0.6288520121246948,0.0,0.0,0.0,2.0,0.0,0.0,0.0,0.0,6.0,1.3105615623986189,12.4,37.85,3.0,2.0,0.06666666666666667,0.0,0.0,-0.18133333333333326,3.0,3.4743484974478007,14.166666666666666,35.55,2.0,0.0,0.06666666666666667,0.0,0.06666666666666667,0.25944444444444437,1.0,0.0,30.0,7.433333333333334,12.0,4.308333333333333,1.0,0.0,21.0,12.519047619047617,10.0,5.655,1.0,0.0,1.0,0.0,4.0,30.725,1.0,0.0,1.0,0.0,3.0,24.166666666666668
rush_hour_seed1,rush_hour,1,625.25,640.25,104.0,4.223955400470528,2.3408653846153844,24.0,28.75,1.0,12.379172767217858,0.0,0.0,0.0,2.0,0.06666666666666667,0.06666666666666667,0.0,0.0,23.0,2.036794628550969,2.2369565217391307,15.1,7.0,0.0,0.6,0.0,0.4,0.14865424430641824,11.0,4.1255036809422245,0.1318181818181818,1.45,1.0,0.0,0.06666666666666667,0.4,-0.7333333333333333,-2.6693371212121213,1.0,8.135966454287233,0.0,0.0,0.0,2.0,0.06666666666666667,0.06666666666666667,0.0,0.0,19.0,1.3537282614762791,3.2578947368421054,17.1,9.0,0.0,0.2,0.0,0.5333333333333333,0.20844298245614035,9.0,3.9675614773990144,0.25,2.25,1.0,0.0,0.06666666666666667,0.4,-0.6,-2.4861904761904765,0.0,0.0,0.0,0.0,0.0,2.0,0.0,0.06666666666666667,0.0,0.0,5.0,3.2533626000412945,0.2,1.0,1.0,2.0,0.06666666666666667,0.06666666666666667,-0.13333333333333333,-0.9993333333333335,4.0,2.6448787451847515,20.225,49.35,3.0,0.0,0.06666666666666667,0.0,0.06666666666666667,0.3750000000000001,0.0,0.0,0.0,0.0,0.0,2.0,0.0,0.06666666666666667,0.0,0.0,5.0,2.207116389380566,0.0,0.0,0.0,2.0,0.06666666666666667,0.06666666666666667,-0.2,-1.0479999999999998,3.0,3.9947362823609285,14.833333333333334,36.55,2.0,0.0,0.06666666666666667,0.0,0.06666666666666667,0.27055555555555555,1.0,0.0,30.0,8.025,12.0,4.954166666666667,1.0,0.0,22.0,12.813636363636363,10.0,6.455,0.0,0.0,1.0,0.0,5.0,25.29,1.0,0.0,1.0,0.0,4.0,18.625
rush_hour_seed1,rush_hour,1,626.25,641.25,105.0,4.284695414761678,2.5385714285714287,25.0,27.75,1.0,12.382874689525812,0.0,0.0,0.0,2.0,0.06666666666666667,0.06666666666666667,0.0,0.0,24.0,1.9166029355077205,2.4645833333333336,16.1,8.0,0.0,0.6,0.0,0.4666666666666667,0.15941666666666668,11.0,3.570651940838735,0.22272727272727275,2.45,1.0,0.0,0.06666666666666667,0.4,-0.6666666666666666,-2.404526515151515,1.0,9.828696545848322,0.0,0.0,0.0,2.0,0.06666666666666667,0.06666666666666667,0.0,0.0,19.0,1.0685345178956396,3.7526315789473683,18.1,10.0,0.0,0.13333333333333333,0.0,0.6,0.23801857585139316,9.0,3.3524181020564274,0.3611111111111111,3.25,1.0,0.0,0.06666666666666667,0.4,-0.4666666666666667,-1.8435449735449734,0.0,0.0,0.0,0.0,0.0,2.0,0.0,0.06666666666666667,0.0,0.0,5.0,4.200375153999094,0.0,0.0,0.0,2.0,0.06666666666666667,0.06666666666666667,-0.26666666666666666,-1.0533333333333335,4.0,3.128939855888744,20.975,50.35,3.0,0.0,0.06666666666666667,0.0,0.06666666666666667,0.3805555555555557,0.0,0.0,0.0,0.0,0.0,2.0,0.0,0.06666666666666667,0.0,0.0,5.0,3.548551135404144,0.0,0.0,0.0,2.0,0.06666666666666667,0.06666666666666667,-0.2,-1.088,3.0,3.995060862323212,15.5,37.55,2.0,0.0,0.06666666666666667,0.0,0.06666666666666667,0.2816666666666666,1.0,0.0,30.0,8.65,12.0,5.645833333333333,1.0,0.0,22.0,13.677272727272726,10.0,7.3549999999999995,0.0,0.0,1.0,0.0,5.0,26.089999999999996,0.0,0.0,1.0,0.0,4.0,19.175
rush_hour_seed1,rush_hour,1,627.25,642.25,103.0,4.216401991281566,2.8441747572815532,27.0,26.75,1.0,12.402736820346796,0.0,0.0,0.0,2.0,0.06666666666666667,0.06666666666666667,0.0,0.0,24.0,1.751545185232095,2.797916666666667,17.1,8.0,0.0,0.5333333333333333,0.0,0.4666666666666667,0.17777777777777778,11.0,3.0798908442465347,0.31363636363636366,3.45,1.0,0.0,0.06666666666666667,0.4,-0.5333333333333333,-1.8438825757575759,1.0,11.538619370604088,0.0,0.0,0.0,2.0,0.06666666666666667,0.06666666666666667,0.0,0.0,19.0,0.834836919971318,4.3,19.1,11.0,0.0,0.13333333333333333,0.0,0.6666666666666666,0.27058823529411763,9.0,2.768299245852643,0.5833333333333334,4.25,2.0,0.0,0.06666666666666667,0.4,-0.26666666666666666,-1.2034920634920634,0.0,0.0,0.0,0.0,0.0,2.0,0.0,0.06666666666666667,0.0,0.0,5.0,5.467185282946568,0.0,0.0,0.0,2.0,0.06666666666666667,0.06666666666666667,-0.26666666666666666,-1.1066666666666667,4.0,3.464511107336148,21.725,51.35,3.0,0.0,0.06666666666666667,0.0,0.06666666666666667,0.3861111111111113,1.0,12.53106766292707,0.0,0.0,0.0,2.0,0.06666666666666667,0.06666666666666667,0.0,0.0,5.0,5.291103516567971,0.0,0.0,0.0,2.0,0.06666666666666667,0.06666666666666667,-0.2,-1.128,3.0,3.9975952700315975,16.166666666666668,38.55,2.0,0.0,0.06666666666666667,0.0,0.06666666666666667,0.29277777777777786,1.0,0.0,31.0,8.996774193548386,12.0,6.395833333333333,1.0,0.0,22.0,14.543181818181818,10.0,8.254999999999999,0.0,0.0,1.0,0.0,5.0,26.889999999999997,0.0,0.0,1.0,0.0,4.0,19.925
rush_hour_seed1,rush_hour,1,628.25,643.25,104.0,4.31233268236994,3.083653846153846,29.0,25.75,1.0,12.400023258849867,0.0,0.0,0.0,2.0,0.06666666666666667,0.06666666666666667,0.0,0.0,25.0,1.6330831437069295,3.0240000000000005,18.1,9.0,0.0,0.6,0.0,0.5333333333333333,0.18868333333333337,11.0,2.636369166618382,0.4318181818181818,4.45,2.0,0.0,0.06666666666666667,0.3333333333333333,-0.3333333333333333,-1.3769898989898988,1.0,11.997526550225448,0.0,0.0,0.0,2.0,0.06666666666666667,0.06666666666666667,0.0,0.0,19.0,0.6280125384173316,4.878947368421053,20.1,11.0,0.0,0.13333333333333333,0.0,0.6666666666666666,0.30526315789473685,9.0,2.257210491017871,0.8055555555555556,5.25,2.0,0.0,0.06666666666666667,0.3333333333333333,-0.2,-0.961937321937322,1.0,13.851598914569477,0.0,0.0,0.0,2.0,0.06666666666666667,0.06666666666666667,0.0,0.0,4.0,6.835864536214996,0.0,0.0,0.0,2.0,0.06666666666666667,0.13333333333333333,-0.26666666666666666,-1.16,4.0,3.4602178987203236,22.475,52.35,3.0,0.0,0.06666666666666667,0.0,0.06666666666666667,0.3916666666666669,1.0,12.533806304323933,0.0,0.0,0.0,2.0,0.06666666666666667,0.06666666666666667,0.0,0.0,4.0,6.984008000423285,0.0,0.0,0.0,2.0,0.06666666666666667,0.13333333333333333,-0.26666666666666666,-1.176,3.0,3.995798856620677,16.833333333333332,39.55,2.0,0.0,0.06666666666666667,0.0,0.06666666666666667,0.30388888888888876,1.0,0.0,31.0,9.653225806451612,12.0,7.2250000000000005,1.0,0.0,22.0,15.452272727272726,10.0,9.155,0.0,0.0,0.0,0.0,5.0,27.689999999999998,0.0,0.0,1.0,0.0,4.0,20.675
rush_hour_seed1,rush_hour,1,629.25,644.25,104.0,4.430963918012733,3.375,31.0,24.75,1.0,12.431717292287974,0.0,0.0,0.0,2.0,0.06666666666666667,0.06666666666666667,0.0,0.0,25.0,1.5045581785707696,3.4,19.1,10.0,0.0,0.5333333333333333,0.0,0.6,0.21058823529411763,11.0,2.2388180753083295,0.6136363636363636,5.45,2.0,0.0,0.06666666666666667,0.3333333333333333,-0.26666666666666666,-1.0893131313131312,1.0,11.975714693446644,0.0,0.0,0.0,2.0,0.06666666666666667,0.06666666666666667,0.0,0.0,19.0,0.4556130896036291,5.5052631578947375,21.1,12.0,0.0,0.13333333333333333,0.0,0.6666666666666666,0.34250773993808054,9.0,1.8079061382688957,1.0277777777777777,6.25,2.0,0.0,0.06666666666666667,0.26666666666666666,-0.06666666666666667,-0.36537037037037035,1.0,13.83366291523562,0.0,0.0,0.0,2.0,0.06666666666666667,0.06666666666666667,0.0,0.0,3.0,8.389373201252404,0.0,0.0,0.0,2.0,0.06666666666666667,0.2,-0.26666666666666666,-1.2133333333333334,4.0,3.4571164480998413,23.225,53.35,3.0,0.0,0.06666666666666667,0.0,0.06666666666666667,0.39722222222222237,1.0,12.514201880382588,0.0,0.0,0.0,2.0,0.06666666666666667,0.06666666666666667,0.0,0.0,3.0,8.539555022393989,0.0,0.0,0.0,2.0,0.06666666666666667,0.2,-0.26666666666666666,-1.2293333333333334,3.0,3.995598506783135,17.5,40.55,2.0,0.0,0.06666666666666667,0.0,0.06666666666666667,0.315,1.0,0.0,31.0,10.333870967741936,12.0,8.133333333333333,1.0,0.0,22.0,16.361363636363635,10.0,10.055,0.0,0.0,0.0,0.0,5.0,28.49,0.0,0.0,1.0,0.0,4.0,21.425
rush_hour_seed1,rush_hour,1,630.25,645.25,105.0,4.392816580574286,3.6538095238095236,35.0,23.75,1.0,12.412697897938667,0.0,0.0,0.0,2.0,0.06666666666666667,0.06666666666666667,0.0,0.0,26.0,1.3722362075234673,3.6673076923076926,20.1,11.0,0.0,0.6,0.0,0.6,0.22154600301659128,11.0,1.8815023533545492,0.8136363636363636,6.45,3.0,0.0,0.06666666666666667,0.26666666666666666,-0.06666666666666667,-0.54504329004329,1.0,11.989415375310928,0.0,0.0,0.0,2.0,0.06666666666666667,0.06666666666666667,0.0,0.0,20.0,0.35350024791398577,5.87,22.1,13.0,0.0,0.2,0.0,0.7333333333333333,0.3589803921568627,9.0,1.4043084046910064,1.2833333333333334,7.25,3.0,0.0,0.06666666666666667,0.26666666666666666,0.06666666666666667,-0.13777777777777775,1.0,13.840726952670375,0.0,0.0,0.0,2.0,0.06666666666666667,0.06666666666666667,0.0,0.0,3.0,9.57092946865236,0.0,0.0,0.0,2.0,0.06666666666666667,0.2,-0.26666666666666666,-1.2666666666666666,4.0,3.4661894094423045,23.975,54.35,3.0,0.0,0.06666666666666667,0.0,0.06666666666666667,0.40277777777777785,1.0,12.543394116127146,0.0,0.0,0.0,2.0,0.06666666666666667,0.06666666666666667,0.0,0.0,3.0,9.827103403310675,0.0,0.0,0.0,2.0,0.06666666666666667,0.2,-0.26666666666666666,-1.2826666666666668,3.0,3.9940341645036823,18.166666666666668,41.55,2.0,0.0,0.06666666666666667,0.0,0.06666666666666667,0.3261111111111112,1.0,0.0,32.0,10.6984375,12.0,9.049999999999999,1.0,0.0,22.0,17.295454545454547,10.0,10.955,0.0,0.0,1.0,0.0,5.0,29.29,0.0,0.0,1.0,0.0,4.0,22.175
rush_hour_seed1,rush_hour,1,631.25,646.25,105.0,4.35271026753018,3.9899999999999998,36.0,22.75,1.0,12.381474714798275,0.0,0.0,0.0,2.0,0.06666666666666667,0.06666666666666667,0.0,0.0,27.0,1.267077817975212,3.95,21.1,12.0,0.0,0.6,0.0,0.6666666666666666,0.23425925925925928,11.0,1.5628612822101893,1.0863636363636362,7.45,3.0,0.0,0.06666666666666667,0.26666666666666666,0.0,-0.2880519480519481,1.0,11.976260472319554,0.0,0.0,0.0,2.0,0.06666666666666667,0.06666666666666667,0.0,0.0,20.0,0.37508040153017264,6.5200000000000005,23.1,13.0,0.0,0.13333333333333333,0.0,0.6666666666666666,0.39577777777777784,9.0,1.0689625191894543,1.6166666666666667,8.25,3.0,0.0,0.06666666666666667,0.2,0.2,0.10777777777777778,1.0,13.851318023125641,0.0,0.0,0.0,2.0,0.06666666666666667,0.06666666666666667,0.0,0.0,2.0,10.314466207462182,0.0,0.0,0.0,2.0,0.06666666666666667,0.26666666666666666,-0.26666666666666666,-1.32,4.0,3.4722683755867183,24.725,55.35,3.0,0.0,0.06666666666666667,0.0,0.06666666666666667,0.40833333333333355,1.0,12.509218872173205,0.0,0.0,0.0,2.0,0.06666666666666667,0.06666666666666667,0.0,0.0,2.0,11.41056692645502,0.0,0.0,0.0,2.0,0.06666666666666667,0.26666666666666666,-0.26666666666666666,-1.3359999999999999,3.0,3.992355872765183,18.833333333333332,42.55,2.0,0.0,0.06666666666666667,0.0,0.06666666666666667,0.33722222222222215,1.0,0.0,32.0,11.4125,12.0,9.966666666666667,0.0,0.0,22.0,18.25,10.0,11.855,0.0,0.0,1.0,0.0,5.0,30.089999999999996,0.0,0.0,1.0,0.0,4.0,22.925
rush_hour_seed1,rush_hour,1,632.25,647.25,106.0,4.384877982186093,4.306603773584905,39.0,21.75,1.0,12.39514583184489,0.0,0.0,0.0,2.0,0.06666666666666667,0.06666666666666667,0.0,0.0,27.0,1.1874325138420616,4.403703703703704,22.1,13.0,0.0,0.5333333333333333,0.0,0.6666666666666666,0.25708901884340485,11.0,1.276170119857506,1.3590909090909091,8.45,3.0,0.0,0.06666666666666667,0.2,0.13333333333333333,0.02547785547785548,1.0,11.98849568782607,0.0,0.0,0.0,2.0,0.06666666666666667,0.06666666666666667,0.0,0.0,20.0,0.4037073478478422,7.2075000000000005,24.1,14.0,0.0,0.13333333333333333,0.0,0.7333333333333333,0.43050000000000005,9.0,0.7936333555911755,2.011111111111111,9.25,4.0,0.0,0.06666666666666667,0.2,0.26666666666666666,0.13407407407407407,1.0,13.834185669737636,0.0,0.0,0.0,2.0,0.06666666666666667,0.06666666666666667,0.0,0.0,2.0,11.922110864410596,0.0,0.0,0.0,2.0,0.13333333333333333,0.3333333333333333,-0.26666666666666666,-1.3733333333333335,4.0,3.2061649767188523,25.475,56.35,3.0,0.0,0.06666666666666667,0.0,0.06666666666666667,0.41388888888888903,1.0,12.509245527052535,0.0,0.0,0.0,2.0,0.06666666666666667,0.06666666666666667,0.0,0.0,1.0,13.84942609458114,0.0,0.0,0.0,2.0,0.06666666666666667,0.3333333333333333,-0.26666666666666666,-1.3893333333333333,3.0,3.8606458411259674,19.5,43.55,2.0,0.0,0.06666666666666667,0.0,0.06666666666666667,0.34833333333333333,1.0,0.0,32.0,12.1625,12.0,10.883333333333333,0.0,0.0,22.0,19.204545454545453,10.0,12.754999999999999,1.0,0.0,1.0,0.0,5.0,30.889999999999997,1.0,0.0,1.0,0.0,4.0,23.675
rush_hour_seed1,rush_hour,1,633.25,648.25,105.0,4.265644149962743,4.726666666666667,41.0,20.75,1.0,12.375110589042194,0.0,0.0,0.0,2.0,0.06666666666666667,0.06666666666666667,0.0,0.0,27.0,1.0699826005711706,4.885185185185185,23.1,13.0,0.0,0.5333333333333333,0.0,0.6,0.2777842755035737,11.0,1.0342514254079802,1.6727272727272726,9.45,4.0,0.0,0.06666666666666667,0.13333333333333333,0.26666666666666666,0.11151515151515151,1.0,11.99292177503463,0.0,0.0,0.0,2.0,0.06666666666666667,0.06666666666666667,0.0,0.0,20.0,0.46390285237290607,7.925,25.1,15.0,0.0,0.13333333333333333,0.0,0.7333333333333333,0.4651851851851852,9.0,0.5714324029404165,2.4555555555555557,10.25,4.0,0.0,0.06666666666666667,0.13333333333333333,0.26666666666666666,0.1637037037037037,1.0,13.859866400421598,0.0,0.0,0.0,2.0,0.06666666666666667,0.06666666666666667,0.0,0.0,2.0,12.680932238841603,0.0,0.0,0.0,2.0,0.13333333333333333,0.3333333333333333,-0.26666666666666666,-1.4266666666666665,4.0,2.392192073998472,26.225,57.35,3.0,0.0,0.06666666666666667,0.0,0.0,0.41722222222222244,1.0,12.521459381037838,0.0,0.0,0.0,2.0,0.06666666666666667,0.06666666666666667,0.0,0.0,1.0,13.88181498426362,0.0,0.0,0.0,2.0,0.06666666666666667,0.3333333333333333,-0.26666666666666666,-1.4426666666666668,3.0,2.971814981056268,20.166666666666668,44.55,2.0,0.0,0.0,0.0,-0.06666666666666667,0.6666666666666667,1.0,0.0,32.0,12.94375,12.0,11.799999999999999,0.0,0.0,22.0,20.15909090909091,10.0,13.655000000000001,1.0,0.0,1.0,0.0,5.0,31.689999999999998,1.0,0.0,1.0,0.0,4.0,24.425
rush_hour_seed1,rush_hour,1,634.25,649.25,105.0,4.016724296795094,5.12952380952381,44.0,19.75,1.0,12.434115500153164,0.0,0.0,0.0,2.0,0.06666666666666667,0.06666666666666667,0.0,0.0,28.0,0.9843188816094364,5.203571428571428,24.1,14.0,0.0,0.5333333333333333,0.0,0.6666666666666666,0.28807142857142853,11.0,0.8051442440074091,2.036363636363636,10.45,4.0,0.0,0.06666666666666667,0.13333333333333333,0.26666666666666666,0.13575757575757574,1.0,11.987295777441467,0.0,0.0,0.0,2.0,0.06666666666666667,0.06666666666666667,0.0,0.0,21.0,0.5768156916757491,8.278571428571428,26.1,16.0,0.0,0.2,0.0,0.8,0.47394179894179894,9.0,0.39637693315757144,2.9166666666666665,11.25,5.0,0.0,0.0,0.06666666666666667,0.3333333333333333,0.19444444444444445,1.0,13.836695658386454,0.0,0.0,0.0,2.0,0.06666666666666667,0.06666666666666667,0.0,0.0,2.0,13.462550225512166,0.0,0.0,0.0,2.0,0.06666666666666667,0.3333333333333333,-0.26666666666666666,-1.2333333333333334,4.0,1.6641502712943699,26.975,58.35,3.0,0.0,0.06666666666666667,0.0,0.0,0.4005555555555558,1.0,12.561304705851926,0.0,0.0,0.0,2.0,0.06666666666666667,0.06666666666666667,0.0,0.0,1.0,13.85308201068896,0.0,0.0,0.0,2.0,0.06666666666666667,0.3333333333333333,-0.26666666666666666,-1.496,3.0,2.1626029848215773,20.833333333333332,45.55,2.0,0.0,0.0,0.0,0.0,0.6666666666666665,0.0,0.0,32.0,13.7515625,12.0,12.716666666666667,0.0,0.0,22.0,21.113636363636363,10.0,14.555000000000001,1.0,0.0,1.0,0.0,5.0,32.489999999999995,1.0,0.0,1.0,0.0,4.0,25.174999999999997
rush_hour_seed1,rush_hour,1,635.25,650.25,108.0,4.034765279949959,5.402314814814815,45.0,18.75,1.0,12.374659814045186,0.0,0.0,0.0,2.0,0.06666666666666667,0.06666666666666667,0.0,0.0,28.0,0.8878927961374491,5.703571428571428,25.1,14.0,0.0,0.4666666666666667,0.0,0.6,0.3086507936507937,12.0,0.6267143671193959,2.2708333333333335,11.45,5.0,0.0,0.13333333333333333,0.06666666666666667,0.3333333333333333,0.1513888888888889,2.0,12.020141431886238,0.0,0.0,0.0,2.0,0.13333333333333333,0.06666666666666667,-0.06666666666666667,-0.02666666666666667,21.0,0.7915347001595462,9.04047619047619,27.1,16.0,0.0,0.13333333333333333,0.0,0.7333333333333333,0.5116457811194652,10.0,0.3438623348325095,3.125,12.25,5.0,0.0,0.06666666666666667,0.06666666666666667,0.3333333333333333,0.20833333333333334,1.0,13.873286927090959,0.0,0.0,0.0,2.0,0.06666666666666667,0.06666666666666667,0.0,0.0,1.0,15.607158407451005,0.0,0.0,0.0,2.0,0.06666666666666667,0.4,-0.26666666666666666,-1.277777777777778,4.0,1.046575451657117,27.725,59.35,3.0,0.0,0.0,0.0,0.0,0.75,1.0,12.55592639691311,0.0,0.0,0.0,2.0,0.06666666666666667,0.06666666666666667,-0.06666666666666667,-0.030000000000000002,1.0,13.844014865744393,0.0,0.0,0.0,2.0,0.06666666666666667,0.3333333333333333,-0.26666666666666666,-1.5493333333333335,3.0,1.4698838366488483,21.5,46.55,2.0,0.0,0.0,0.0,0.0,0.6666666666666666,1.0,0.0,32.0,14.5984375,13.0,12.584615384615384,1.0,0.0,23.0,21.108695652173914,10.0,15.455000000000002,1.0,0.0,1.0,0.0,5.0,33.29,1.0,0.0,1.0,0.0,4.0,25.925
rush_hour_seed1,rush_hour,1,636.25,651.25,108.0,3.998579698775114,5.840277777777778,49.0,17.75,1.0,13.121113710744142,0.0,0.0,0.0,2.0,0.06666666666666667,0.06666666666666667,0.0,0.0,28.0,0.7787955085007953,6.232142857142857,26.1,15.0,0.0,0.4666666666666667,0.0,0.6666666666666666,0.328015873015873,12.0,0.6202173745758865,2.7125,12.45,6.0,0.0,0.06666666666666667,0.06666666666666667,0.4,0.18083333333333332,2.0,12.914468782375568,0.0,0.0,0.0,2.0,0.06666666666666667,0.06666666666666667,-0.06666666666666667,-0.04666666666666666,21.0,0.9100269836062764,9.859523809523811,28.1,18.0,0.0,0.13333333333333333,0.0,0.8,0.5458980785296575,10.0,0.4293281604826883,3.625,13.25,5.0,0.0,0.06666666666666667,0.0,0.3333333333333333,0.24166666666666667,1.0,13.83687180477893,0.0,0.0,0.0,2.0,0.06666666666666667,0.06666666666666667,-0.06666666666666667,-0.02666666666666667,1.0,15.62229006951803,0.0,0.0,0.0,2.0,0.06666666666666667,0.4,-0.26666666666666666,-1.3222222222222222,4.0,0.5716971131510017,28.475,60.35,3.0,0.0,0.0,0.0,0.0,0.75,1.0,12.530731482047104,0.0,0.0,0.0,2.0,0.06666666666666667,0.06666666666666667,-0.06666666666666667,-0.09666666666666666,2.0,12.911664247973821,0.0,0.0,0.0,2.0,0.13333333333333333,0.3333333333333333,-0.26666666666666666,-1.6026666666666667,3.0,0.925925049483694,22.166666666666668,47.55,2.0,0.0,0.0,0.0,0.0,0.6666666666666667,1.0,0.0,32.0,15.475,13.0,13.430769230769231,1.0,0.0,23.0,22.02173913043478,11.0,14.868181818181819,1.0,0.0,1.0,0.0,5.0,34.089999999999996,1.0,0.0,1.0,0.0,4.0,26.675
rush_hour_seed1,rush_hour,1,637.25,652.25,108.0,3.858228379498372,6.306481481481482,51.0,16.75,1.0,13.188292042331605,0.0,0.0,0.0,2.0,0.06666666666666667,0.13333333333333333,0.0,0.0,29.0,0.7098632151267302,6.548275862068966,27.1,16.0,0.0,0.4666666666666667,0.0,0.6666666666666666,0.33746081504702197,12.0,0.6465268368111564,3.2125,13.45,6.0,0.0,0.06666666666666667,0.0,0.4,0.21416666666666667,2.0,14.049541352785662,0.0,0.0,0.0,2.0,0.06666666666666667,0.06666666666666667,-0.06666666666666667,-0.08,21.0,0.8321920310643881,10.716666666666667,29.1,18.0,0.0,0.13333333333333333,0.0,0.7333333333333333,0.5798830409356726,10.0,0.5452703265819686,4.220000000000001,14.25,6.0,0.0,0.06666666666666667,0.0,0.4,0.2813333333333334,1.0,13.875747856589733,0.0,0.0,0.0,2.0,0.06666666666666667,0.06666666666666667,-0.06666666666666667,-0.09333333333333332,1.0,15.623815943998634,0.0,0.0,0.0,2.0,0.06666666666666667,0.4,-0.26666666666666666,-1.3666666666666667,4.0,0.26974824034884787,29.225,61.35,3.0,0.0,0.0,0.0,0.0,0.75,1.0,12.52342890208818,0.0,0.0,0.0,2.0,0.06666666666666667,0.06666666666666667,-0.06666666666666667,-0.16333333333333336,1.0,11.980265746840741,0.0,0.0,0.0,2.0,0.06666666666666667,0.4,-0.26666666666666666,-1.38,3.0,0.5300705255862769,22.833333333333332,48.55,2.0,0.0,0.0,0.0,0.0,0.6666666666666665,1.0,0.0,32.0,16.384375,13.0,14.276923076923076,1.0,0.0,24.0,21.979166666666668,11.0,15.686363636363637,1.0,0.0,1.0,0.0,5.0,34.89,1.0,0.0,1.0,0.0,4.0,27.425
rush_hour_seed1,rush_hour,1,638.25,653.25,108.0,3.738566201067086,6.7972222222222225,55.0,15.75,1.0,13.118625472234397,0.0,0.0,0.0,2.0,0.06666666666666667,0.13333333333333333,0.0,0.0,30.0,0.6322472397452513,6.866666666666666,28.1,17.0,0.0,0.5333333333333333,0.0,0.7333333333333333,0.3405050505050505,12.0,0.6992780071944549,3.725,14.45,7.0,0.0,0.06666666666666667,0.0,0.4666666666666667,0.24833333333333335,2.0,13.426248490642285,0.0,0.0,0.0,2.0,0.06666666666666667,0.06666666666666667,-0.06666666666666667,-0.11333333333333333,21.0,0.7837131196301923,11.614285714285714,30.1,19.0,0.0,0.13333333333333333,0.0,0.7333333333333333,0.6149874686716792,10.0,0.6813544909230144,4.91,15.25,7.0,0.0,0.06666666666666667,0.0,0.4,0.3254814814814815,1.0,13.881574154811679,0.0,0.0,0.0,2.0,0.06666666666666667,0.06666666666666667,-0.06666666666666667,-0.16,1.0,15.65352096912393,0.0,0.0,0.0,2.0,0.06666666666666667,0.4,-0.26666666666666666,-1.4111111111111112,4.0,0.11014034694721367,29.975,62.35,3.0,0.0,0.0,0.0,0.0,0.75,1.0,12.521977742671716,0.0,0.0,0.0,2.0,0.06666666666666667,0.06666666666666667,-0.06666666666666667,-0.23,1.0,11.993327159949112,0.0,0.0,0.0,2.0,0.06666666666666667,0.4,-0.26666666666666666,-1.4244444444444442,3.0,0.27653770663823424,23.5,49.55,2.0,0.0,0.0,0.0,0.0,0.6666666666666666,1.0,0.0,32.0,17.321875,13.0,15.184615384615386,1.0,0.0,24.0,22.883333333333336,11.0,16.504545454545454,1.0,0.0,1.0,0.0,5.0,35.69,1.0,0.0,1.0,0.0,4.0,28.175
rush_hour_seed1,rush_hour,1,639.25,654.25,106.0,3.5919402079251554,7.448584905660377,56.0,14.75,1.0,13.158082468749791,0.0,0.0,0.0,2.0,0.06666666666666667,0.13333333333333333,0.0,0.0,30.0,0.5755685609353721,7.433333333333334,29.1,17.0,0.0,0.4666666666666667,0.0,0.7333333333333333,0.36599033816425125,12.0,0.7711681906073987,4.308333333333333,15.45,7.0,0.0,0.06666666666666667,0.0,0.4,0.28449494949494947,1.0,16.647276923727247,0.0,0.0,0.0,2.0,0.06666666666666667,0.13333333333333333,0.0,0.0,21.0,0.777827228921244,12.519047619047617,31.1,19.0,0.0,0.13333333333333333,0.0,0.7333333333333333,0.6472347535505428,10.0,0.8217208056687593,5.655,16.25,8.0,0.0,0.06666666666666667,0.0,0.4666666666666667,0.36774074074074076,1.0,13.852946587159531,0.0,0.0,0.0,2.0,0.06666666666666667,0.06666666666666667,0.0,0.0,1.0,15.61585986742878,0.0,0.0,0.0,2.0,0.06666666666666667,0.4,-0.2,-0.8588888888888889,4.0,0.041477424391278175,30.725,63.35,3.0,0.0,0.0,0.0,0.0,0.75,1.0,12.535769293225584,0.0,0.0,0.0,2.0,0.06666666666666667,0.06666666666666667,0.0,0.0,1.0,11.996852186496834,0.0,0.0,0.0,2.0,0.06666666666666667,0.4,-0.2,-0.8266666666666667,3.0,0.13663063772657166,24.166666666666668,50.55,2.0,0.0,0.0,0.0,0.0,0.6666666666666667,1.0,0.0,32.0,18.284375,13.0,16.107692307692307,1.0,0.0,24.0,23.8,11.0,17.395454545454545,1.0,0.0,1.0,0.0,5.0,36.489999999999995,1.0,0.0,1.0,0.0,4.0,28.925
rush_hour_seed1,rush_hour,1,643.25,658.25,105.0,3.034769696444115,9.89142857142857,67.0,10.75,1.0,13.120105622490703,0.0,0.0,0.0,2.0,0.06666666666666667,0.06666666666666667,0.0,0.0,31.0,0.29550742057781015,9.653225806451612,33.1,21.0,0.0,0.4,0.0,0.8,0.4419483870967741,12.0,1.015357277114923,7.2250000000000005,19.45,10.0,0.0,0.06666666666666667,0.0,0.5333333333333333,0.45287878787878794,1.0,16.597320041351022,0.0,0.0,0.0,2.0,0.06666666666666667,0.06666666666666667,0.0,0.0,22.0,0.36259923797751464,15.452272727272726,35.1,20.0,0.0,0.2,0.0,0.6,0.7048883572567781,10.0,1.2028013823865307,9.155,20.25,9.0,0.0,0.06666666666666667,0.0,0.4666666666666667,0.5566296296296296,0.0,0.0,0.0,0.0,0.0,2.0,0.0,0.06666666666666667,0.0,0.0,0.0,0.0,0.0,0.0,0.0,2.0,0.0,0.26666666666666666,0.0,0.0,5.0,1.3210267462022716,27.689999999999998,67.35,4.0,0.0,0.06666666666666667,0.0,0.06666666666666667,0.3476666666666664,0.0,0.0,0.0,0.0,0.0,2.0,0.0,0.06666666666666667,0.0,0.0,1.0,11.978667937950231,0.0,0.0,0.0,2.0,0.06666666666666667,0.26666666666666666,0.0,0.0,4.0,1.6764203240575681,20.675,54.55,3.0,0.0,0.06666666666666667,0.0,0.06666666666666667,0.25611111111111123,1.0,0.0,32.0,22.26875,13.0,19.799999999999997,1.0,0.0,24.0,27.46666666666667,11.0,21.03181818181818,1.0,0.0,2.0,0.0,4.0,0.0,1.0,0.0,1.0,0.0,3.0,0.0
rush_hour_seed1,rush_hour,1,644.25,659.25,103.0,2.88066040325499,10.743689320388349,69.0,9.75,1.0,13.137486217351466,0.0,0.0,0.0,2.0,0.06666666666666667,0.06666666666666667,0.0,0.0,31.0,0.23713623143231746,10.333870967741936,34.1,22.0,0.0,0.4,0.0,0.8,0.462258064516129,12.0,0.8343745766200886,8.133333333333333,20.45,11.0,0.0,0.06666666666666667,0.0,0.6,0.5013131313131313,1.0,16.574309292700143,0.0,0.0,0.0,2.0,0.06666666666666667,0.06666666666666667,0.0,0.0,22.0,0.4233248721177862,16.361363636363635,36.1,20.0,0.0,0.2,0.0,0.5333333333333333,0.7237400318979265,10.0,1.2013487909449452,10.055,21.25,9.0,0.0,0.06666666666666667,0.0,0.4666666666666667,0.6018148148148147,0.0,0.0,0.0,0.0,0.0,2.0,0.0,0.06666666666666667,0.0,0.0,0.0,0.0,0.0,0.0,0.0,2.0,0.0,0.2,0.0,0.0,5.0,1.703241623587132,28.49,68.35,4.0,0.0,0.06666666666666667,0.0,0.06666666666666667,0.3509999999999998,0.0,0.0,0.0,0.0,0.0,2.0,0.0,0.06666666666666667,0.0,0.0,1.0,11.98841674409341,0.0,0.0,0.0,2.0,0.06666666666666667,0.2,0.0,0.0,4.0,2.2063973136361175,21.425,55.55,3.0,0.0,0.06666666666666667,0.0,0.06666666666666667,0.2616666666666667,1.0,0.0,32.0,23.26875,13.0,20.72307692307692,1.0,0.0,24.0,28.383333333333336,11.0,21.94090909090909,1.0,0.0,2.0,0.0,4.0,0.0,1.0,0.05,1.0,0.0,3.0,0.0
rush_hour_seed1,rush_hour,1,645.25,660.25,104.0,2.839878089632678,11.309134615384616,70.0,8.75,1.0,13.162467273218393,0.0,0.0,0.0,2.0,0.06666666666666667,0.06666666666666667,0.0,0.0,32.0,0.20377019380795375,10.6984375,35.1,22.0,0.0,0.4,0.0,0.7333333333333333,0.4687419871794872,12.0,0.6204990141349491,9.049999999999999,21.45,11.0,0.0,0.06666666666666667,0.0,0.5333333333333333,0.549090909090909,1.0,16.663006856903436,0.0,0.0,0.0,2.0,0.06666666666666667,0.06666666666666667,0.0,0.0,22.0,0.504013598393366,17.295454545454547,37.1,21.0,0.0,0.13333333333333333,0.0,0.5333333333333333,0.7616969696969698,10.0,0.9896079018694508,10.955,22.25,9.0,0.0,0.06666666666666667,0.0,0.4,0.6447777777777778,0.0,0.0,0.0,0.0,0.0,2.0,0.0,0.06666666666666667,0.0,0.0,1.0,11.970159655082972,0.0,0.0,0.0,2.0,0.06666666666666667,0.2,0.0,0.0,5.0,2.078167987414287,29.29,69.35,4.0,0.0,0.06666666666666667,0.0,0.06666666666666667,0.35433333333333317,0.0,0.0,0.0,0.0,0.0,2.0,0.0,0.06666666666666667,0.0,0.0,1.0,11.972949096285738,0.0,0.0,0.0,2.0,0.06666666666666667,0.2,0.0,0.0,4.0,2.680104017596,22.175,56.55,3.0,0.0,0.06666666666666667,0.0,0.06666666666666667,0.2672222222222222,1.0,0.0,32.0,24.26875,13.0,21.646153846153844,1.0,0.0,25.0,28.128,11.0,22.849999999999998,1.0,0.0,2.0,0.0,5.0,0.0,1.0,1.05,1.0,0.0,3.0,0.0
rush_hour_seed1,rush_hour,1,646.25,661.25,103.0,2.684136845566341,12.106796116504855,72.0,7.75,1.0,13.178649169368505,0.0,0.0,0.0,2.0,0.06666666666666667,0.06666666666666667,0.0,0.0,32.0,0.16800817249820704,11.4125,36.1,24.0,0.0,0.3333333333333333,0.0,0.8,0.49749999999999994,12.0,0.4350767203436981,9.966666666666667,22.45,11.0,0.0,0.06666666666666667,0.0,0.5333333333333333,0.592020202020202,0.0,0.0,0.0,0.0,0.0,2.0,0.0,0.06666666666666667,0.0,0.0,22.0,0.4072309583874256,18.25,38.1,21.0,0.0,0.13333333333333333,0.0,0.5333333333333333,0.782,10.0,0.7363011496659457,11.855,23.25,9.0,0.0,0.06666666666666667,0.0,0.4,0.6825555555555556,0.0,0.0,0.0,0.0,0.0,2.0,0.0,0.06666666666666667,0.0,0.0,1.0,11.991811624055263,0.0,0.0,0.0,2.0,0.06666666666666667,0.13333333333333333,0.0,0.0,5.0,2.4793739485655926,30.089999999999996,70.35,4.0,0.0,0.06666666666666667,0.0,0.06666666666666667,0.3576666666666663,0.0,0.0,0.0,0.0,0.0,2.0,0.0,0.06666666666666667,0.0,0.0,1.0,11.98984111516038,0.0,0.0,0.0,2.0,0.06666666666666667,0.13333333333333333,0.0,0.0,4.0,3.1686627895175246,22.925,57.55,3.0,0.0,0.06666666666666667,0.0,0.06666666666666667,0.2727777777777779,1.0,0.0,32.0,25.26875,13.0,22.569230769230767,1.0,0.0,25.0,29.008000000000003,11.0,23.75909090909091,1.0,0.25,2.0,0.5,4.0,0.0,1.0,2.05,1.0,0.0,2.0,0.0
rush_hour_seed1,rush_hour,1,647.25,662.25,105.0,2.9038836652584292,12.561904761904762,72.0,6.75,1.0,13.121557737616657,0.0,0.0,0.0,2.0,0.06666666666666667,0.06666666666666667,0.0,0.0,32.0,0.13054149114556796,12.1625,37.1,24.0,0.0,0.3333333333333333,0.0,0.7333333333333333,0.517253086419753,12.0,0.28214811258998346,10.883333333333333,23.45,11.0,0.0,0.06666666666666667,0.0,0.5333333333333333,0.6349494949494949,0.0,0.0,0.0,0.0,0.0,2.0,0.0,0.06666666666666667,0.0,0.0,22.0,0.27780366098996584,19.204545454545453,39.1,21.0,0.0,0.13333333333333333,0.0,0.4666666666666667,0.7998030303030302,10.0,0.5162432081880273,12.754999999999999,24.25,9.0,0.0,0.06666666666666667,0.0,0.3333333333333333,0.7162592592592592,1.0,13.153161330353695,0.0,0.0,0.0,2.0,0.06666666666666667,0.06666666666666667,0.0,0.0,1.0,11.983601212520153,0.0,0.0,0.0,2.0,0.06666666666666667,0.13333333333333333,0.0,0.0,5.0,2.777421764648961,30.889999999999997,71.35,4.0,0.0,0.06666666666666667,0.0,0.06666666666666667,0.3609999999999997,1.0,14.432254322811962,0.0,0.0,0.0,2.0,0.06666666666666667,0.06666666666666667,0.0,0.0,1.0,11.972058263467625,0.0,0.0,0.0,2.0,0.06666666666666667,0.06666666666666667,0.0,0.0,4.0,3.464976798498928,23.675,58.55,3.0,0.0,0.06666666666666667,0.0,0.06666666666666667,0.2783333333333334,1.0,0.0,32.0,26.26875,13.0,23.49230769230769,1.0,0.0,25.0,29.894000000000002,11.0,24.66818181818182,1.0,1.25,2.0,1.0,3.0,0.0,1.0,3.05,1.0,0.25,3.0,0.0
rush_hour_seed1,rush_hour,1,648.25,663.25,103.0,2.684873107725212,13.514563106796116,73.0,5.75,1.0,12.767341801564037,0.0,0.0,0.0,2.0,0.06666666666666667,0.06666666666666667,0.0,0.0,32.0,0.09781260500135744,12.94375,38.1,25.0,0.0,0.3333333333333333,0.0,0.8,0.5372376543209877,12.0,0.16733444776937786,11.799999999999999,24.45,11.0,0.0,0.06666666666666667,0.0,0.4666666666666667,0.6751515151515152,0.0,0.0,0.0,0.0,0.0,2.0,0.0,0.06666666666666667,0.0,0.0,22.0,0.17147466265749275,20.15909090909091,40.1,21.0,0.0,0.13333333333333333,0.0,0.4,0.8156060606060607,10.0,0.33456787409239375,13.655000000000001,25.25,9.0,0.0,0.06666666666666667,0.0,0.3333333333333333,0.7466296296296296,1.0,13.148670509282027,0.0,0.0,0.0,2.0,0.06666666666666667,0.06666666666666667,0.0,0.0,1.0,11.98678643762134,0.0,0.0,0.0,2.0,0.06666666666666667,0.13333333333333333,0.0,0.0,5.0,2.773745849759707,31.689999999999998,72.35,4.0,0.0,0.06666666666666667,0.0,0.06666666666666667,0.36433333333333306,1.0,16.123839935758326,0.0,0.0,0.0,2.0,0.06666666666666667,0.06666666666666667,0.0,0.0,1.0,11.974605079411994,0.0,0.0,0.0,2.0,0.06666666666666667,0.06666666666666667,0.0,0.0,4.0,3.4723885441127917,24.425,59.55,3.0,0.0,0.06666666666666667,0.0,0.06666666666666667,0.28388888888888886,2.0,0.0,32.0,27.26875,13.0,24.415384615384614,1.0,0.0,25.0,30.814,11.0,25.577272727272728,1.0,2.25,2.0,1.5,3.0,0.0,1.0,4.05,2.0,0.625,2.0,0.0
rush_hour_seed1,rush_hour,1,649.25,664.25,101.0,2.4365319314837453,14.513366336633663,75.0,4.75,0.0,0.0,0.0,0.0,0.0,2.0,0.0,0.06666666666666667,0.0,0.0,32.0,0.07001640028075387,13.7515625,39.1,27.0,0.0,0.26666666666666666,0.0,0.8666666666666667,0.5698660714285715,12.0,0.09115821676972087,12.716666666666667,25.45,11.0,0.0,0.06666666666666667,0.0,0.4666666666666667,0.712020202020202,0.0,0.0,0.0,0.0,0.0,2.0,0.0,0.06666666666666667,0.0,0.0,22.0,0.08964628243871077,21.113636363636363,41.1,21.0,0.0,0.06666666666666667,0.0,0.3333333333333333,0.8556709956709957,10.0,0.19625685796474834,14.555000000000001,26.25,9.0,0.0,0.06666666666666667,0.0,0.26666666666666666,0.7758888888888891,1.0,13.112333935202559,0.0,0.0,0.0,2.0,0.06666666666666667,0.06666666666666667,0.0,0.0,1.0,11.979054662401323,0.0,0.0,0.0,2.0,0.06666666666666667,0.13333333333333333,0.0,0.0,5.0,2.765976053550991,32.489999999999995,73.35,4.0,0.0,0.06666666666666667,0.0,0.06666666666666667,0.36766666666666625,1.0,16.097625321378175,0.0,0.0,0.0,2.0,0.06666666666666667,0.06666666666666667,0.0,0.0,1.0,11.998114685746842,0.0,0.0,0.0,2.0,0.06666666666666667,0.06666666666666667,0.0,0.0,4.0,3.4642001488031355,25.174999999999997,60.55,3.0,0.0,0.06666666666666667,0.0,0.06666666666666667,0.28944444444444434,2.0,0.0,32.0,28.26875,13.0,25.338461538461537,1.0,0.4,25.0,31.754,11.0,26.486363636363635,1.0,3.25,2.0,2.0,2.0,0.0,1.0,5.05,2.0,1.125,1.0,0.0
rush_hour_seed1,rush_hour,1,650.25,665.25,106.0,2.7040943525802517,14.537264150943397,76.0,3.75,1.0,11.889744763099742,0.0,0.0,0.0,2.0,0.06666666666666667,0.06666666666666667,0.0,0.0,32.0,0.04885670123989526,14.5984375,40.1,28.0,0.0,0.26666666666666666,0.0,0.9333333333333333,0.5929910714285713,13.0,0.12314987801379941,12.584615384615384,26.45,11.0,0.0,0.06666666666666667,0.0,0.4,0.68758547008547,1.0,13.87859351253137,0.0,0.0,0.0,2.0,0.06666666666666667,0.13333333333333333,0.0,0.0,23.0,0.06370361982037946,21.108695652173914,42.1,21.0,0.0,0.13333333333333333,0.0,0.3333333333333333,0.8045479641131816,10.0,0.10667575866870002,15.455000000000002,27.25,9.0,0.0,0.0,0.0,0.26666666666666666,0.8220000000000002,1.0,13.1318442507917,0.0,0.0,0.0,2.0,0.06666666666666667,0.06666666666666667,0.0,0.0,1.0,11.978705429784021,0.0,0.0,0.0,2.0,0.06666666666666667,0.06666666666666667,0.0,0.0,5.0,2.7734626012414227,33.29,74.35,4.0,0.0,0.06666666666666667,0.0,0.06666666666666667,0.37099999999999983,1.0,16.118842964981855,0.0,0.0,0.0,2.0,0.06666666666666667,0.06666666666666667,0.0,0.0,1.0,14.076318456912412,0.0,0.0,0.0,2.0,0.06666666666666667,0.06666666666666667,0.0,0.0,4.0,3.4618100924808606,25.925,61.55,3.0,0.0,0.06666666666666667,0.0,0.06666666666666667,0.29500000000000004,2.0,0.0,32.0,29.26875,14.0,24.410714285714285,2.0,0.7,25.0,32.714,11.0,27.4,1.0,4.25,2.0,2.5,1.0,0.0,1.0,6.05,2.0,1.625,1.0,0.0
rush_hour_seed1,rush_hour,1,651.25,666.25,105.0,2.5423568732208355,15.4,77.0,2.75,1.0,11.879867332887525,0.0,0.0,0.0,2.0,0.06666666666666667,0.06666666666666667,0.0,0.0,32.0,0.033078426467604616,15.475,41.1,29.0,0.0,0.26666666666666666,0.0,0.9333333333333333,0.6161904761904763,13.0,0.2571654692050219,13.430769230769231,27.45,11.0,0.0,0.06666666666666667,0.0,0.3333333333333333,0.714551282051282,1.0,13.873107218141667,0.0,0.0,0.0,2.0,0.06666666666666667,0.13333333333333333,0.0,0.0,23.0,0.13646891574509923,22.02173913043478,43.1,21.0,0.0,0.13333333333333333,0.0,0.2,0.810814354727398,11.0,0.24706327006103432,14.868181818181819,28.25,9.0,0.0,0.06666666666666667,0.0,0.26666666666666666,0.7495454545454546,1.0,13.115282148925116,0.0,0.0,0.0,2.0,0.06666666666666667,0.06666666666666667,0.0,0.0,1.0,11.982264252710156,0.0,0.0,0.0,2.0,0.06666666666666667,0.06666666666666667,0.0,0.0,5.0,2.766715391652659,34.089999999999996,75.35,4.0,0.0,0.06666666666666667,0.0,0.06666666666666667,0.374333333333333,1.0,16.126807629005228,0.0,0.0,0.0,2.0,0.06666666666666667,0.06666666666666667,0.0,0.0,1.0,15.556722545462133,0.0,0.0,0.0,2.0,0.06666666666666667,0.13333333333333333,0.0,0.0,4.0,3.46763524329096,26.675,62.55,3.0,0.0,0.06666666666666667,0.0,0.06666666666666667,0.3005555555555555,2.0,0.475,32.0,30.26875,14.0,25.339285714285715,2.0,1.2,25.0,33.674,12.0,26.03333333333333,2.0,2.625,2.0,3.0,1.0,0.0,1.0,7.05,2.0,2.125,1.0,0.0
rush_hour_seed1,rush_hour,1,652.25,667.25,105.0,2.4423471398681813,16.134285714285713,78.0,1.75,1.0,11.883542499374753,0.0,0.0,0.0,2.0,0.06666666666666667,0.06666666666666667,0.0,0.0,32.0,0.022152512562134324,16.384375,42.1,30.0,0.0,0.2,0.0,0.9333333333333333,0.6557399425287355,13.0,0.3874269355233251,14.276923076923076,28.45,11.0,0.0,0.06666666666666667,0.0,0.3333333333333333,0.737628205128205,1.0,13.863074087281712,0.0,0.0,0.0,2.0,0.06666666666666667,0.13333333333333333,0.0,0.0,24.0,0.2405938409097429,21.979166666666668,44.1,21.0,0.0,0.2,0.0,0.2,0.7508333333333334,11.0,0.3928058000422616,15.686363636363637,29.25,9.0,0.0,0.06666666666666667,0.0,0.2,0.7644242424242425,1.0,13.147418848839814,0.0,0.0,0.0,2.0,0.06666666666666667,0.06666666666666667,0.0,0.0,1.0,11.984540451199281,0.0,0.0,0.0,2.0,0.06666666666666667,0.06666666666666667,0.0,0.0,5.0,2.220207351215571,34.89,76.35,4.0,0.0,0.06666666666666667,0.0,0.06666666666666667,0.3776666666666666,1.0,16.08650910361222,0.0,0.0,0.0,2.0,0.06666666666666667,0.06666666666666667,0.0,0.0,1.0,15.54673405852023,0.0,0.0,0.0,2.0,0.06666666666666667,0.06666666666666667,0.0,0.0,4.0,3.0632752816896898,27.425,63.55,3.0,0.0,0.06666666666666667,0.0,0.06666666666666667,0.3061111111111112,2.0,0.975,32.0,31.26875,14.0,26.267857142857142,2.0,1.7,25.0,34.634,12.0,26.95,2.0,3.125,2.0,3.5,1.0,0.0,1.0,8.05,2.0,2.625,1.0,0.0
rush_hour_seed1,rush_hour,1,653.25,668.25,103.0,2.2659310593443256,17.219417475728154,80.0,0.75,1.0,11.899885888844883,0.0,0.0,0.0,2.0,0.06666666666666667,0.06666666666666667,0.0,0.0,32.0,0.014362062135999155,17.321875,43.1,30.0,0.0,0.13333333333333333,0.0,0.8666666666666667,0.6970138888888887,13.0,0.5435277752895783,15.184615384615386,29.45,12.0,0.0,0.06666666666666667,0.0,0.3333333333333333,0.7639743589743591,1.0,13.882455265093595,0.0,0.0,0.0,2.0,0.06666666666666667,0.13333333333333333,0.0,0.0,24.0,0.42465099658531713,22.883333333333336,45.1,22.0,0.0,0.2,0.0,0.2,0.7512698412698415,11.0,0.5572718019891079,16.504545454545454,30.25,9.0,0.0,0.06666666666666667,0.0,0.13333333333333333,0.772969696969697,1.0,13.144286757948802,0.0,0.0,0.0,2.0,0.06666666666666667,0.06666666666666667,0.0,0.0,1.0,11.971075973566622,0.0,0.0,0.0,2.0,0.06666666666666667,0.06666666666666667,0.0,0.0,5.0,1.6027098334269916,35.69,77.35,4.0,0.0,0.06666666666666667,0.0,0.06666666666666667,0.38099999999999973,1.0,16.12802905361465,0.0,0.0,0.0,2.0,0.06666666666666667,0.06666666666666667,0.0,0.0,1.0,15.617744947133989,0.0,0.0,0.0,2.0,0.06666666666666667,0.06666666666666667,0.0,0.0,4.0,2.2697082769171,28.175,64.55,3.0,0.0,0.06666666666666667,0.0,0.06666666666666667,0.3116666666666667,2.0,1.475,32.0,32.26875,14.0,27.196428571428573,2.0,2.2,25.0,35.594,12.0,27.866666666666664,2.0,3.625,2.0,4.0,1.0,0.0,2.0,4.525,2.0,3.125,1.0,0.0
rush_hour_seed1,rush_hour,1,654.25,669.25,102.0,2.173907539225468,18.188235294117646,82.0,2.75,1.0,11.883422323796122,0.0,0.0,0.0,1.0,0.06666666666666667,0.06666666666666667,0.0,0.0,32.0,0.009071630934138014,18.284375,44.1,31.0,0.0,0.13333333333333333,0.0,0.9333333333333333,0.7234027777777778,13.0,0.6970022546921254,16.107692307692307,30.45,12.0,0.0,0.06666666666666667,0.0,0.3333333333333333,0.7866239316239316,1.0,13.882211750689894,0.0,0.0,0.0,1.0,0.06666666666666667,0.06666666666666667,0.0,0.0,24.0,0.6063004591614072,23.8,46.1,22.0,0.0,0.2,0.0,0.2,0.7520634920634922,11.0,0.7245161067158213,17.395454545454545,31.25,10.0,0.0,0.06666666666666667,0.0,0.13333333333333333,0.7826969696969696,1.0,13.144718672269018,0.0,0.0,0.0,1.0,0.06666666666666667,0.06666666666666667,0.0,0.0,1.0,11.971654026175383,0.0,0.0,0.0,1.0,0.06666666666666667,0.06666666666666667,0.0,0.0,5.0,1.0613899586144877,36.489999999999995,78.35,4.0,0.0,0.06666666666666667,0.0,0.06666666666666667,0.3843333333333329,1.0,16.135445004129025,0.0,0.0,0.0,1.0,0.06666666666666667,0.06666666666666667,0.0,0.0,1.0,15.551332725866171,0.0,0.0,0.0,1.0,0.06666666666666667,0.06666666666666667,0.0,0.0,4.0,1.557866907450196,28.925,65.55,3.0,0.0,0.06666666666666667,0.0,0.06666666666666667,0.3172222222222222,2.0,1.975,32.0,33.26875,14.0,28.125,2.0,2.7,25.0,36.554,12.0,28.78333333333333,2.0,4.125,2.0,4.5,1.0,0.0,2.0,5.025,2.0,3.625,1.0,0.0
rush_hour_seed1,rush_hour,1,655.25,670.25,101.0,2.0955629786027736,19.185148514851484,83.0,1.75,1.0,11.895636146771876,0.0,0.0,0.0,1.0,0.06666666666666667,0.06666666666666667,0.0,0.0,32.0,0.005734337307206931,19.26875,45.1,32.0,0.0,0.13333333333333333,0.0,0.9333333333333333,0.7495833333333334,13.0,0.847950742615451,17.03076923076923,31.45,12.0,0.0,0.06666666666666667,0.0,0.26666666666666666,0.8051068376068377,1.0,13.873792625629576,0.0,0.0,0.0,1.0,0.06666666666666667,0.06666666666666667,0.0,0.0,24.0,0.7890529313922454,24.71666666666667,47.1,22.0,0.0,0.13333333333333333,0.0,0.2,0.7935353535353538,11.0,0.9198478119771806,18.304545454545455,32.25,10.0,0.0,0.06666666666666667,0.0,0.13333333333333333,0.789969696969697,1.0,13.127554238208331,0.0,0.0,0.0,1.0,0.06666666666666667,0.0,0.0,0.0,1.0,11.970731396432965,0.0,0.0,0.0,1.0,0.06666666666666667,0.06666666666666667,0.0,0.0,5.0,0.6234908136871697,37.29,79.35,4.0,0.0,0.0,0.0,0.0,0.8,1.0,16.166376548272734,0.0,0.0,0.0,1.0,0.06666666666666667,0.06666666666666667,0.0,0.0,1.0,15.557350206559928,0.0,0.0,0.0,1.0,0.06666666666666667,0.06666666666666667,0.0,0.0,4.0,0.9522441564729169,29.675,66.55,3.0,0.0,0.0,0.0,0.06666666666666667,0.7366666666666667,2.0,2.475,32.0,34.26875,14.0,29.053571428571427,2.0,3.2,26.0,36.07115384615385,12.0,29.7,2.0,4.625,3.0,3.3333333333333335,1.0,0.0,2.0,5.525,2.0,4.125,1.0,0.0
rush_hour_seed1,rush_hour,1,656.25,671.25,100.0,1.9858052837590154,20.207,83.0,0.75,1.0,11.891538578723711,0.0,0.0,0.0,1.0,0.06666666666666667,0.06666666666666667,0.0,0.0,32.0,0.003599658548306694,20.26875,46.1,32.0,0.0,0.13333333333333333,0.0,0.8666666666666667,0.7745833333333334,13.0,0.9975628419132746,17.953846153846154,32.45,12.0,0.0,0.06666666666666667,0.0,0.2,0.8205341880341881,1.0,13.86900965613313,0.0,0.0,0.0,1.0,0.06666666666666667,0.06666666666666667,0.0,0.0,24.0,0.7184483023262245,25.633333333333336,48.1,22.0,0.0,0.13333333333333333,0.0,0.2,0.7970707070707074,11.0,1.104744839067106,19.213636363636365,33.25,10.0,0.0,0.06666666666666667,0.0,0.06666666666666667,0.7905757575757576,1.0,13.162474667192663,0.0,0.0,0.0,1.0,0.06666666666666667,0.0,0.0,0.0,1.0,11.978240178956185,0.0,0.0,0.0,1.0,0.06666666666666667,0.06666666666666667,0.0,0.0,5.0,0.3133324619933179,38.089999999999996,80.35,4.0,0.0,0.0,0.0,0.0,0.8,1.0,16.109981976204725,0.0,0.0,0.0,1.0,0.06666666666666667,0.0,0.0,0.0,1.0,15.542785984153332,0.0,0.0,0.0,1.0,0.06666666666666667,0.06666666666666667,0.0,0.0,4.0,0.5022894029775746,30.425,67.55,3.0,0.0,0.0,0.0,0.0,0.75,2.0,2.975,32.0,35.26875,14.0,29.982142857142858,2.0,3.7,26.0,36.99423076923077,12.0,30.616666666666664,2.0,5.125,3.0,3.6666666666666665,1.0,0.0,2.0,6.025,2.0,4.625,1.0,0.0
rush_hour_seed1,rush_hour,1,657.25,672.25,99.0,1.7594192550291814,19.735353535353536,81.0,11.75,1.0,11.901396354127364,0.0,0.0,0.0,0.0,0.06666666666666667,0.06666666666666667,0.0,0.0,32.0,0.002221864676296115,21.26875,47.1,32.0,0.0,0.06666666666666667,0.0,0.8,0.8181317204301076,13.0,1.0114966376515695,18.876923076923077,33.45,12.0,0.0,0.06666666666666667,0.0,0.2,0.8320726495726497,1.0,13.885945208074991,0.0,0.0,0.0,0.0,0.06666666666666667,0.06666666666666667,0.0,0.0,24.0,0.5162484724833499,26.55,49.1,22.0,0.0,0.13333333333333333,0.0,0.13333333333333333,0.8004545454545455,11.0,1.296303294118742,20.12272727272727,34.25,10.0,0.0,0.06666666666666667,0.0,0.06666666666666667,0.7911818181818181,1.0,13.140517562640825,0.0,0.0,0.0,0.0,0.06666666666666667,0.0,0.0,0.0,2.0,12.009618080731599,0.0,0.0,0.0,0.0,0.13333333333333333,0.06666666666666667,0.0,0.0,5.0,0.3061989645493496,22.62,56.45,3.0,2.0,0.0,0.0,-0.06666666666666667,-0.2846666666666664,1.0,10.937362986143388,0.0,0.0,0.0,0.0,0.06666666666666667,0.0,0.0,0.0,1.0,15.61931167131144,0.0,0.0,0.0,0.0,0.06666666666666667,0.06666666666666667,0.0,0.0,4.0,0.4090385440657234,14.037500000000001,39.95,2.0,2.0,0.0,0.0,-0.06666666666666667,-0.39249999999999996,2.0,0.0,32.0,34.328125,14.0,30.910714285714285,2.0,0.0,27.0,34.138888888888886,12.0,31.53333333333333,2.0,0.0,3.0,4.0,1.0,0.0,2.0,0.0,2.0,5.125,1.0,0.0
rush_hour_seed1,rush_hour,1,658.25,673.25,99.0,1.700622801500891,18.793434343434342,76.0,10.75,1.0,11.882342718895679,0.0,0.0,0.0,0.0,0.06666666666666667,0.06666666666666667,0.0,0.0,32.0,0.0013481040872616458,22.26875,48.1,32.0,0.0,0.06666666666666667,0.0,0.7333333333333333,0.8410349462365593,13.0,0.7736026202794799,19.799999999999997,34.45,12.0,0.0,0.06666666666666667,0.0,0.13333333333333333,0.838333333333333,1.0,13.847135803927667,0.0,0.0,0.0,0.0,0.06666666666666667,0.06666666666666667,0.0,0.0,24.0,0.3448334914226425,27.46666666666667,50.1,22.0,0.0,0.13333333333333333,0.0,0.13333333333333333,0.8009595959595962,11.0,1.3668659704838446,21.03181818181818,35.25,10.0,0.0,0.06666666666666667,0.0,0.06666666666666667,0.7917878787878788,1.0,12.552003383696588,0.0,0.0,0.0,0.0,0.06666666666666667,0.0,0.0,0.0,2.0,11.029678952993857,0.0,0.0,0.0,0.0,0.13333333333333333,0.0,0.0,0.0,4.0,0.769279990958377,0.0,0.0,0.0,2.0,0.0,0.06666666666666667,-0.26666666666666666,-1.8459999999999999,1.0,5.4384037404394245,0.0,0.0,0.0,0.0,0.06666666666666667,0.0,0.0,0.0,1.0,15.633467285165967,0.0,0.0,0.0,0.0,0.06666666666666667,0.06666666666666667,0.0,0.0,3.0,0.8841713164372124,0.0,0.0,0.0,2.0,0.0,0.06666666666666667,-0.2,-1.3783333333333334,1.0,0.0,31.0,30.933870967741935,14.0,31.839285714285715,1.0,0.0,26.0,29.748076923076926,12.0,32.449999999999996,1.0,0.0,3.0,4.333333333333333,1.0,0.0,1.0,0.0,2.0,5.625,1.0,0.0
rush_hour_seed1,rush_hour,1,659.25,674.25,98.0,1.4411148292326432,19.761224489795918,77.0,9.75,1.0,11.888825859476501,0.0,0.0,0.0,0.0,0.06666666666666667,0.06666666666666667,0.0,0.0,32.0,0.0008219152551901833,23.26875,49.1,32.0,0.0,0.06666666666666667,0.0,0.6666666666666666,0.8623252688172044,13.0,0.5412774054106486,20.72307692307692,35.45,12.0,0.0,0.06666666666666667,0.0,0.06666666666666667,0.8393162393162392,1.0,13.838173074567457,0.0,0.0,0.0,0.0,0.06666666666666667,0.06666666666666667,0.0,0.0,24.0,0.2090831901238309,28.383333333333336,51.1,22.0,0.0,0.13333333333333333,0.0,0.13333333333333333,0.8014646464646468,11.0,1.1518357414078448,21.94090909090909,36.25,10.0,0.0,0.06666666666666667,0.0,0.06666666666666667,0.7923939393939394,1.0,8.060839748992164,0.0,0.0,0.0,0.0,0.06666666666666667,0.0,0.0,0.0,2.0,9.029682039031766,0.0,0.0,0.0,0.0,0.13333333333333333,0.0,0.0,0.0,4.0,1.9778669194895884,0.0,0.0,0.0,2.0,0.0,0.06666666666666667,-0.26666666666666666,-1.8993333333333333,1.0,0.0003845433131178957,0.05,0.05,1.0,0.0,0.06666666666666667,0.0,0.06666666666666667,0.0033333333333333335,1.0,15.143333679734079,0.0,0.0,0.0,0.0,0.06666666666666667,0.06666666666666667,0.0,0.0,3.0,2.1834785183133225,0.0,0.0,0.0,2.0,0.0,0.06666666666666667,-0.2,-1.4283333333333335,1.0,0.0,31.0,28.383870967741935,14.0,32.767857142857146,1.0,0.0,26.0,26.375,12.0,33.36666666666667,1.0,0.0,3.0,4.666666666666667,1.0,0.0,1.0,0.0,2.0,6.125,1.0,0.0
rush_hour_seed1,rush_hour,1,660.25,675.25,100.0,1.381581387301389,20.136,77.0,8.75,1.0,11.89864166305183,0.0,0.0,0.0,0.0,0.06666666666666667,0.06666666666666667,0.0,0.0,32.0,0.0004965474787171296,24.26875,50.1,32.0,0.0,0.0,0.0,0.6666666666666666,0.9046875,13.0,0.34416626030943254,21.646153846153844,36.45,12.0,0.0,0.06666666666666667,0.0,0.06666666666666667,0.8397435897435896,1.0,13.867682236683322,0.0,0.0,0.0,0.0,0.06666666666666667,0.06666666666666667,0.0,0.0,25.0,0.12936148176144555,28.128,52.1,22.0,0.0,0.2,0.0,0.06666666666666667,0.7221696969696969,11.0,0.7860073962118282,22.849999999999998,37.25,10.0,0.0,0.06666666666666667,0.0,0.06666666666666667,0.7929999999999998,1.0,3.56083974899217,0.0,0.0,0.0,0.0,0.06666666666666667,0.0,0.0,0.0,2.0,7.029608270727419,0.0,0.0,0.0,0.0,0.06666666666666667,0.0,0.0,0.0,5.0,3.631542658366989,0.0,0.0,0.0,2.0,0.06666666666666667,0.06666666666666667,-0.26666666666666666,-1.9526666666666666,1.0,0.0,1.05,1.05,1.0,0.0,0.06666666666666667,0.0,0.06666666666666667,0.07,1.0,9.68343606262898,0.0,0.0,0.0,0.0,0.06666666666666667,0.06666666666666667,0.0,0.0,3.0,3.8096939525657008,0.0,0.0,0.0,2.0,0.0,0.06666666666666667,-0.2,-1.4783333333333333,1.0,0.0,30.0,26.848333333333336,14.0,33.69642857142857,1.0,0.0,25.0,23.964000000000002,12.0,34.28333333333333,1.0,0.0,3.0,5.233333333333333,1.0,0.0,1.0,0.0,2.0,6.625,1.0,0.0
rush_hour_seed1,rush_hour,1,661.25,676.25,100.0,1.4047807107017831,20.918499999999998,79.0,7.75,1.0,11.90501620336451,0.0,0.0,0.0,0.0,0.06666666666666667,0.06666666666666667,0.0,0.0,32.0,0.00029493798699077475,25.26875,51.1,32.0,0.0,0.0,0.0,0.5333333333333333,0.9237500000000001,13.0,0.19478717754887992,22.569230769230767,37.45,12.0,0.0,0.06666666666666667,0.0,0.06666666666666667,0.8401709401709401,1.0,11.844823770786093,0.0,0.0,0.0,0.0,0.06666666666666667,0.0,0.0,0.0,25.0,0.14158364960520217,29.008000000000003,53.1,22.0,0.0,0.2,0.0,0.06666666666666667,0.7172000000000002,11.0,0.47693117591070777,23.75909090909091,38.25,10.0,0.0,0.06666666666666667,0.0,0.06666666666666667,0.7936060606060608,1.0,0.0,0.25,0.25,1.0,0.0,0.06666666666666667,0.0,0.06666666666666667,0.016666666666666666,2.0,6.919546150509269,0.5,1.0,1.0,0.0,0.06666666666666667,0.0,0.06666666666666667,0.03333333333333333,4.0,4.99886306209525,0.0,0.0,0.0,2.0,0.06666666666666667,0.13333333333333333,-0.26666666666666666,-2.006,1.0,0.0,2.05,2.05,1.0,0.0,0.06666666666666667,0.0,0.06666666666666667,0.13666666666666666,1.0,4.187002019122152,0.0,0.0,0.0,0.0,0.06666666666666667,0.06666666666666667,0.0,0.0,2.0,4.742743394566995,0.0,0.0,0.0,2.0,0.0,0.13333333333333333,-0.2,-1.5283333333333333,0.0,0.0,30.0,26.033333333333335,14.0,34.625,1.0,0.0,25.0,20.568,12.0,35.199999999999996,1.0,0.0,3.0,5.8999999999999995,1.0,0.05,1.0,0.0,2.0,7.125,1.0,0.0
rush_hour_seed1,rush_hour,1,662.25,677.25,101.0,1.525847424737039,21.497524752475247,81.0,6.75,1.0,11.903514478982116,0.0,0.0,0.0,0.0,0.06666666666666667,0.06666666666666667,0.0,0.0,32.0,0.0001729597638074646,26.26875,52.1,32.0,0.0,0.0,0.0,0.5333333333333333,0.9404166666666668,13.0,0.09305505426065154,23.49230769230769,38.45,12.0,0.0,0.06666666666666667,0.0,0.06666666666666667,0.8405982905982905,1.0,7.351201885910594,0.0,0.0,0.0,0.0,0.06666666666666667,0.0,0.0,0.0,25.0,0.18507917855512626,29.894000000000002,54.1,23.0,0.0,0.2,0.0,0.13333333333333333,0.7126303030303033,11.0,0.24342877207727887,24.66818181818182,39.25,10.0,0.0,0.06666666666666667,0.0,0.06666666666666667,0.7942121212121215,1.0,0.0,1.25,1.25,1.0,0.0,0.0,0.0,0.06666666666666667,0.08333333333333333,2.0,6.919590165696572,1.0,2.0,1.0,0.0,0.06666666666666667,0.0,0.06666666666666667,0.06666666666666667,3.0,6.319105118931767,0.0,0.0,0.0,2.0,0.06666666666666667,0.2,-0.26666666666666666,-2.059333333333333,1.0,0.0,3.05,3.05,1.0,0.0,0.0,0.0,0.06666666666666667,0.2033333333333333,1.0,0.0,0.25,0.25,1.0,0.0,0.06666666666666667,0.06666666666666667,0.06666666666666667,0.016666666666666666,3.0,6.475762270445299,0.0,0.0,0.0,2.0,0.06666666666666667,0.13333333333333333,-0.2,-1.5783333333333334,1.0,0.0,29.0,24.42241379310345,14.0,35.55357142857143,1.0,0.0,24.0,17.912499999999998,12.0,36.11666666666667,1.0,0.0,3.0,6.566666666666666,1.0,1.05,1.0,0.0,3.0,5.083333333333333,1.0,0.0
rush_hour_seed1,rush_hour,1,663.25,678.25,103.0,1.690242701754655,21.866504854368934,81.0,5.75,2.0,8.69734229092454,0.0,0.0,0.0,0.0,0.13333333333333333,0.06666666666666667,0.0,0.0,32.0,0.00010172159287875328,27.26875,53.1,32.0,0.0,0.0,0.0,0.4666666666666667,0.9550000000000001,13.0,0.038703591578422215,24.415384615384614,39.45,12.0,0.0,0.06666666666666667,0.0,0.06666666666666667,0.841025641025641,1.0,2.8512018859105988,0.0,0.0,0.0,0.0,0.06666666666666667,0.0,0.0,0.0,25.0,0.2346272780688107,30.814,55.1,23.0,0.0,0.2,0.0,0.13333333333333333,0.7103272727272727,11.0,0.09553831595378552,25.577272727272728,40.25,10.0,0.0,0.06666666666666667,0.0,0.06666666666666667,0.7948181818181818,1.0,0.0,2.25,2.25,1.0,0.0,0.0,0.0,0.06666666666666667,0.15,2.0,6.922430087255198,1.5,3.0,1.0,0.0,0.06666666666666667,0.0,0.06666666666666667,0.1,3.0,8.090188724759887,0.0,0.0,0.0,2.0,0.06666666666666667,0.2,-0.26666666666666666,-2.1126666666666667,1.0,0.0,4.05,4.05,1.0,0.0,0.0,0.0,0.06666666666666667,0.26999999999999996,2.0,0.09801849381500169,0.625,1.25,1.0,0.0,0.13333333333333333,0.06666666666666667,0.06666666666666667,0.041666666666666664,2.0,7.967269688292168,0.0,0.0,0.0,2.0,0.06666666666666667,0.2,-0.2,-1.6283333333333334,1.0,0.0,28.0,22.70357142857143,14.0,36.528571428571425,1.0,0.0,23.0,17.13478260869565,12.0,37.03333333333333,1.0,0.0,3.0,7.233333333333333,1.0,2.05,1.0,0.0,3.0,5.416666666666667,1.0,0.0
rush_hour_seed1,rush_hour,1,664.25,679.25,103.0,1.8468978716818019,22.661650485436894,83.0,4.75,2.0,7.743277214961449,0.0,0.0,0.0,0.0,0.13333333333333333,0.0,0.0,0.0,32.0,5.827698208422259e-05,28.26875,54.1,32.0,0.0,0.0,0.0,0.3333333333333333,0.9678125000000001,13.0,0.014745822959803024,25.338461538461537,40.45,12.0,0.0,0.06666666666666667,0.0,0.06666666666666667,0.8414529914529914,1.0,0.0,0.4,0.4,1.0,0.0,0.06666666666666667,0.0,0.06666666666666667,0.02666666666666667,25.0,0.2957527843109773,31.754,56.1,24.0,0.0,0.2,0.0,0.2,0.7093575757575759,11.0,0.03154515153080006,26.486363636363635,41.25,10.0,0.0,0.06666666666666667,0.0,0.06666666666666667,0.7954242424242423,1.0,0.0,3.25,3.25,1.0,0.0,0.0,0.0,0.06666666666666667,0.21666666666666667,2.0,6.917402071946417,2.0,4.0,1.0,0.0,0.06666666666666667,0.0,0.06666666666666667,0.13333333333333333,2.0,9.843481064089545,0.0,0.0,0.0,2.0,0.06666666666666667,0.26666666666666666,-0.26666666666666666,-2.1659999999999995,1.0,0.0,5.05,5.05,1.0,0.0,0.0,0.0,0.06666666666666667,0.33666666666666667,2.0,1.0005388639561295,1.125,2.25,1.0,0.0,0.13333333333333333,0.06666666666666667,0.06666666666666667,0.075,1.0,10.509335955686083,0.0,0.0,0.0,2.0,0.06666666666666667,0.26666666666666666,-0.2,-1.6783333333333332,1.0,0.0,27.0,22.55185185185185,15.0,35.026666666666664,1.0,0.0,23.0,13.565217391304348,12.0,37.949999999999996,1.0,0.0,3.0,7.8999999999999995,1.0,3.05,1.0,0.0,3.0,5.75,1.0,0.8
rush_hour_seed1,rush_hour,1,665.25,680.25,104.0,1.8577646467889048,23.24567307692308,85.0,3.75,2.0,6.866801173227209,0.0,0.0,0.0,0.0,0.06666666666666667,0.0,0.0,0.0,32.0,3.281088806829777e-05,29.26875,55.1,32.0,0.0,0.0,0.0,0.26666666666666666,0.9780208333333335,14.0,0.14829388369310842,24.410714285714285,41.45,13.0,0.0,0.06666666666666667,0.0,0.13333333333333333,0.7884065934065934,2.0,1.0008941133303508,0.7,1.4,1.0,0.0,0.06666666666666667,0.0,0.06666666666666667,0.04666666666666666,25.0,0.30767054188323484,32.714,57.1,24.0,0.0,0.13333333333333333,0.0,0.2,0.773686956521739,11.0,0.009044338065605456,27.4,42.25,11.0,0.0,0.06666666666666667,0.0,0.13333333333333333,0.7963333333333331,1.0,0.0,4.25,4.25,1.0,0.0,0.0,0.0,0.06666666666666667,0.2833333333333333,2.0,6.943727366826497,2.5,5.0,1.0,0.0,0.06666666666666667,0.0,0.06666666666666667,0.16666666666666666,1.0,12.969362161734514,0.0,0.0,0.0,2.0,0.06666666666666667,0.3333333333333333,-0.26666666666666666,-2.219333333333333,1.0,0.0,6.05,6.05,1.0,0.0,0.0,0.0,0.06666666666666667,0.4033333333333333,2.0,1.8483000796738953,1.625,3.25,1.0,0.0,0.06666666666666667,0.0,0.06666666666666667,0.10833333333333334,1.0,11.925030066340828,0.0,0.0,0.0,2.0,0.06666666666666667,0.26666666666666666,-0.2,-1.7283333333333333,1.0,0.0,27.0,19.951851851851853,15.0,35.96,1.0,0.0,23.0,11.984782608695651,12.0,38.86666666666667,0.0,0.0,3.0,8.566666666666666,2.0,2.025,1.0,0.0,3.0,6.083333333333333,1.0,1.8
rush_hour_seed1,rush_hour,1,666.25,681.25,106.0,1.9313818158194689,23.617924528301888,86.0,2.75,2.0,7.689476523432723,0.475,0.95,1.0,0.0,0.06666666666666667,0.0,0.06666666666666667,0.03166666666666666,32.0,1.8286654254936395e-05,30.26875,56.1,32.0,0.0,0.0,0.0,0.2,0.9862500000000001,14.0,0.30679390343414875,25.339285714285715,42.45,13.0,0.0,0.06666666666666667,0.0,0.13333333333333333,0.793901098901099,2.0,2.172438052489229,1.2,2.4,1.0,0.0,0.06666666666666667,0.0,0.06666666666666667,0.08,25.0,0.21667292423772813,33.674,58.1,24.0,0.0,0.13333333333333333,0.0,0.2,0.7768173913043479,12.0,0.02377747255998544,26.03333333333333,43.25,11.0,0.0,0.06666666666666667,0.0,0.13333333333333333,0.7443434343434342,2.0,1.2593345583278563,2.625,5.25,1.0,0.0,0.06666666666666667,0.0,0.06666666666666667,0.175,2.0,6.926664665933349,3.0,6.0,1.0,0.0,0.06666666666666667,0.0,0.06666666666666667,0.2,1.0,13.88158974456368,0.0,0.0,0.0,2.0,0.06666666666666667,0.3333333333333333,-0.26666666666666666,-2.2726666666666664,1.0,0.0,7.05,7.05,1.0,0.0,0.0,0.0,0.06666666666666667,0.47,2.0,2.692667761755539,2.125,4.25,1.0,0.0,0.06666666666666667,0.0,0.06666666666666667,0.14166666666666666,1.0,11.947477884085515,0.0,0.0,0.0,2.0,0.06666666666666667,0.26666666666666666,-0.2,-1.7783333333333333,1.0,0.0,26.0,19.676923076923078,15.0,36.89333333333333,1.0,0.0,22.0,8.838636363636363,12.0,39.78333333333333,0.0,0.0,3.0,9.233333333333333,2.0,2.525,1.0,0.0,3.0,6.416666666666667,1.0,2.8
rush_hour_seed1,rush_hour,1,667.25,682.25,106.0,2.01725376507111,24.42924528301887,86.0,1.75,2.0,8.146062011559563,0.975,1.95,1.0,0.0,0.06666666666666667,0.0,0.06666666666666667,0.065,32.0,9.629772720939754e-06,31.26875,57.1,32.0,0.0,0.0,0.0,0.13333333333333333,0.9922916666666668,14.0,0.45954933564045497,26.267857142857142,43.45,13.0,0.0,0.06666666666666667,0.0,0.13333333333333333,0.7993956043956044,2.0,3.185589227595175,1.7,3.4,1.0,0.0,0.06666666666666667,0.0,0.06666666666666667,0.11333333333333333,25.0,0.14161311123604253,34.634,59.1,24.0,0.0,0.06666666666666667,0.0,0.2,0.8436555555555555,12.0,0.20464805242480089,26.95,44.25,11.0,0.0,0.06666666666666667,0.0,0.13333333333333333,0.7509090909090907,2.0,2.318841805625514,3.125,6.25,1.0,0.0,0.06666666666666667,0.0,0.06666666666666667,0.20833333333333334,2.0,6.077135770214697,3.5,7.0,1.0,0.0,0.06666666666666667,0.0,0.06666666666666667,0.23333333333333334,1.0,13.842388025184627,0.0,0.0,0.0,2.0,0.06666666666666667,0.3333333333333333,-0.26666666666666666,-2.326,1.0,0.0,8.05,8.05,1.0,0.0,0.0,0.0,0.06666666666666667,0.5366666666666667,2.0,3.53873773040216,2.625,5.25,1.0,0.0,0.06666666666666667,0.0,0.06666666666666667,0.175,1.0,11.94996265146778,0.0,0.0,0.0,2.0,0.06666666666666667,0.26666666666666666,-0.2,-1.8283333333333334,1.0,0.0,26.0,17.003846153846155,15.0,37.82666666666667,1.0,0.0,21.0,5.621428571428571,13.0,37.607692307692304,0.0,0.0,3.0,9.9,2.0,3.025,1.0,0.0,3.0,6.75,1.0,3.8
rush_hour_seed1,rush_hour,1,668.25,683.25,107.0,2.071847789982926,25.00467289719626,86.0,0.75,2.0,8.156604582849027,1.475,2.95,1.0,0.0,0.06666666666666667,0.0,0.06666666666666667,0.09833333333333334,32.0,4.885271016400235e-06,32.26875,58.1,32.0,0.0,0.0,0.0,0.13333333333333333,0.9964583333333332,14.0,0.6085609571466576,27.196428571428573,44.45,13.0,0.0,0.06666666666666667,0.0,0.06666666666666667,0.8007875457875459,2.0,4.165704572100933,2.2,4.4,1.0,0.0,0.06666666666666667,0.0,0.06666666666666667,0.14666666666666667,25.0,0.08442760847376364,35.594,60.1,24.0,0.0,0.06666666666666667,0.0,0.13333333333333333,0.8473777777777777,12.0,0.37239783812827304,27.866666666666664,45.25,11.0,0.0,0.06666666666666667,0.0,0.13333333333333333,0.7574747474747473,2.0,3.3004115522390167,3.625,7.25,1.0,0.0,0.06666666666666667,0.0,0.06666666666666667,0.24166666666666667,2.0,4.489607225703916,4.0,8.0,1.0,0.0,0.06666666666666667,0.0,0.06666666666666667,0.26666666666666666,1.0,13.861640619728714,0.0,0.0,0.0,2.0,0.06666666666666667,0.3333333333333333,-0.26666666666666666,-2.3793333333333333,2.0,0.8781249180220149,4.525,9.05,1.0,0.0,0.06666666666666667,0.0,0.06666666666666667,0.3016666666666667,2.0,4.412105372100726,3.125,6.25,1.0,0.0,0.06666666666666667,0.0,0.06666666666666667,0.20833333333333334,1.0,11.925282776717927,0.0,0.0,0.0,2.0,0.06666666666666667,0.26666666666666666,-0.2,-1.8783333333333334,1.0,0.0,25.0,14.934000000000001,15.0,38.76,1.0,0.0,21.0,2.657142857142857,13.0,38.53076923076923,0.0,0.0,4.0,7.925,2.0,3.525,1.0,0.0,3.0,7.083333333333333,1.0,4.8
rush_hour_seed1,rush_hour,1,669.25,684.25,106.0,2.063588779618338,26.05188679245283,86.0,2.75,2.0,8.139444021812709,1.975,3.95,1.0,0.0,0.06666666666666667,0.0,0.06666666666666667,0.13166666666666668,32.0,2.242782809238469e-06,33.26875,59.1,32.0,0.0,0.0,0.0,0.06666666666666667,0.9989583333333331,14.0,0.7805946273034047,28.125,45.45,13.0,0.0,0.06666666666666667,0.0,0.06666666666666667,0.8011538461538462,2.0,5.20131877181567,2.7,5.4,1.0,0.0,0.06666666666666667,0.0,0.06666666666666667,0.18000000000000002,25.0,0.04638646328763338,36.554,61.1,24.0,0.0,0.06666666666666667,0.0,0.13333333333333333,0.8502666666666667,12.0,0.5278596371868284,28.78333333333333,46.25,11.0,0.0,0.06666666666666667,0.0,0.06666666666666667,0.7591919191919191,2.0,4.415857298984932,4.125,8.25,1.0,0.0,0.06666666666666667,0.0,0.06666666666666667,0.275,2.0,3.058976754549466,4.5,9.0,1.0,0.0,0.06666666666666667,0.0,0.06666666666666667,0.3,1.0,13.833094594751019,0.0,0.0,0.0,1.0,0.06666666666666667,0.3333333333333333,-0.26666666666666666,-2.4326666666666665,2.0,1.7947299743539786,5.025,10.05,1.0,0.0,0.06666666666666667,0.0,0.06666666666666667,0.335,2.0,5.261890688789663,3.625,7.25,1.0,0.0,0.06666666666666667,0.0,0.06666666666666667,0.24166666666666667,1.0,11.902292108134265,0.0,0.0,0.0,1.0,0.06666666666666667,0.26666666666666666,-0.2,-1.9283333333333335,1.0,0.0,24.0,14.34375,15.0,39.693333333333335,1.0,0.0,20.0,1.9324999999999999,13.0,39.45384615384615,0.0,0.0,4.0,8.425,2.0,4.025,0.0,0.0,3.0,7.416666666666667,2.0,2.9
rush_hour_seed1,rush_hour,1,670.25,685.25,108.0,2.1418697346962676,26.36574074074074,86.0,1.75,2.0,8.160814897094921,2.475,4.95,1.0,0.0,0.06666666666666667,0.0,0.06666666666666667,0.165,32.0,1.0032514454764579e-06,34.26875,60.1,32.0,0.0,0.0,0.0,0.0,0.9999999999999998,14.0,0.9438792267819043,29.053571428571427,46.45,13.0,0.0,0.06666666666666667,0.0,0.06666666666666667,0.8015201465201465,2.0,6.189199409321695,3.2,6.4,1.0,0.0,0.06666666666666667,0.0,0.06666666666666667,0.21333333333333335,26.0,0.042748391988365504,36.07115384615385,62.1,24.0,0.0,0.13333333333333333,0.0,0.13333333333333333,0.7569658119658119,12.0,0.6895696392281704,29.7,47.25,11.0,0.0,0.06666666666666667,0.0,0.06666666666666667,0.7596969696969696,2.0,5.396048809403363,4.625,9.25,1.0,0.0,0.06666666666666667,0.0,0.06666666666666667,0.30833333333333335,3.0,2.1216858076905916,3.3333333333333335,10.0,1.0,0.0,0.13333333333333333,0.0,0.06666666666666667,0.22222222222222224,1.0,13.832939118637006,0.0,0.0,0.0,1.0,0.06666666666666667,0.3333333333333333,-0.26666666666666666,-2.4859999999999998,2.0,2.8503844646541987,5.525,11.05,1.0,0.0,0.06666666666666667,0.0,0.06666666666666667,0.36833333333333335,2.0,5.990426407211926,4.125,8.25,1.0,0.0,0.06666666666666667,0.0,0.06666666666666667,0.275,1.0,11.927780822271147,0.0,0.0,0.0,1.0,0.06666666666666667,0.26666666666666666,-0.2,-1.9783333333333333,1.0,0.0,24.0,11.475,15.0,40.626666666666665,1.0,0.0,19.0,1.1131578947368421,13.0,40.37692307692308,1.0,0.0,4.0,8.925,2.0,4.525,0.0,0.0,3.0,7.75,2.0,3.4
rush_hour_seed1,rush_hour,1,671.25,686.25,108.0,2.247609440933437,27.162037037037038,86.0,0.75,2.0,8.11953450996715,2.975,5.95,1.0,0.0,0.06666666666666667,0.0,0.06666666666666667,0.19833333333333333,32.0,3.1386380527746366e-07,35.26875,61.1,32.0,0.0,0.0,0.0,0.0,0.9999999999999998,14.0,1.0107470141323758,29.982142857142858,47.45,13.0,0.0,0.06666666666666667,0.0,0.06666666666666667,0.801886446886447,2.0,7.249728899997473,3.7,7.4,1.0,0.0,0.06666666666666667,0.0,0.06666666666666667,0.24666666666666667,26.0,0.11466727096016617,36.99423076923077,63.1,24.0,0.0,0.13333333333333333,0.0,0.13333333333333333,0.7573931623931621,12.0,0.8531646457333797,30.616666666666664,48.25,11.0,0.0,0.06666666666666667,0.0,0.06666666666666667,0.7602020202020199,2.0,6.427634150543993,5.125,10.25,1.0,0.0,0.06666666666666667,0.0,0.06666666666666667,0.3416666666666667,3.0,2.191073866557819,3.6666666666666665,11.0,1.0,0.0,0.13333333333333333,0.0,0.06666666666666667,0.24444444444444444,1.0,13.853902468335583,0.0,0.0,0.0,1.0,0.06666666666666667,0.3333333333333333,-0.26666666666666666,-2.539333333333333,2.0,3.7750330072871283,6.025,12.05,1.0,0.0,0.06666666666666667,0.0,0.06666666666666667,0.40166666666666667,2.0,5.999096826463938,4.625,9.25,1.0,0.0,0.06666666666666667,0.0,0.06666666666666667,0.30833333333333335,1.0,11.919556437936976,0.0,0.0,0.0,1.0,0.06666666666666667,0.26666666666666666,-0.2,-2.0283333333333333,1.0,0.0,23.0,10.626086956521739,15.0,41.559999999999995,1.0,0.0,19.0,0.23684210526315788,13.0,41.3,1.0,0.0,4.0,9.425,2.0,5.025,0.0,0.0,3.0,8.083333333333334,2.0,3.9
rush_hour_seed1,rush_hour,1,672.25,687.25,109.0,2.336326651704808,26.1802752293578,80.0,29.75,2.0,7.75204106745258,0.0,0.0,0.0,2.0,0.06666666666666667,0.0,0.0,0.0,32.0,0.022102145854304117,34.328125,57.75,31.0,2.0,0.0,0.0,-0.06666666666666667,0.870625,14.0,0.7186386698695254,30.910714285714285,48.45,13.0,0.0,0.06666666666666667,0.0,0.06666666666666667,0.8022527472527472,2.0,8.58794312162091,0.0,0.0,0.0,2.0,0.06666666666666667,0.0,0.0,0.0,27.0,0.284670001213722,34.138888888888886,58.15,23.0,2.0,0.2,0.0,0.06666666666666667,0.5059259259259257,12.0,1.0130106498227265,31.53333333333333,49.25,11.0,0.0,0.06666666666666667,0.0,0.06666666666666667,0.7607070707070707,2.0,7.734244503202476,0.0,0.0,0.0,2.0,0.06666666666666667,0.0,0.0,0.0,3.0,2.5608343205450006,4.0,12.0,1.0,0.0,0.06666666666666667,0.0,0.06666666666666667,0.26666666666666666,1.0,13.847325744862902,0.0,0.0,0.0,0.0,0.06666666666666667,0.3333333333333333,-0.2,-1.508,2.0,5.120663505309313,0.0,0.0,0.0,2.0,0.06666666666666667,0.0,0.0,0.0,2.0,5.992653393067886,5.125,10.25,1.0,0.0,0.06666666666666667,0.0,0.06666666666666667,0.3416666666666667,1.0,11.94470890973475,0.0,0.0,0.0,0.0,0.06666666666666667,0.26666666666666666,-0.13333333333333333,-0.9358333333333334,1.0,0.0,22.0,7.9340909090909095,15.0,42.49333333333333,1.0,0.0,18.0,0.0,13.0,42.223076923076924,1.0,0.0,4.0,9.925,2.0,5.525,0.0,0.0,3.0,8.633333333333333,2.0,4.4
rush_hour_seed1,rush_hour,1,673.25,688.25,109.0,2.5516689218656343,23.777981651376148,75.0,28.75,1.0,11.444865223925223,0.0,0.0,0.0,2.0,0.06666666666666667,0.06666666666666667,0.0,0.0,31.0,0.08066825568055927,30.933870967741935,53.9,28.0,2.0,0.0,0.06666666666666667,-0.26666666666666666,0.5776747311827957,14.0,0.4595166282999935,31.839285714285715,49.45,13.0,0.0,0.06666666666666667,0.0,0.06666666666666667,0.8026190476190479,1.0,16.597406561866404,0.0,0.0,0.0,2.0,0.06666666666666667,0.06666666666666667,0.0,0.0,26.0,0.5465729778809613,29.748076923076926,53.9,21.0,2.0,0.2,0.06666666666666667,-0.06666666666666667,0.15209401709401718,12.0,1.1525108884850246,32.449999999999996,50.25,11.0,0.0,0.06666666666666667,0.0,0.06666666666666667,0.761212121212121,1.0,16.669750628758223,0.0,0.0,0.0,2.0,0.06666666666666667,0.06666666666666667,0.0,0.0,3.0,3.0993512293184664,4.333333333333333,13.0,1.0,0.0,0.06666666666666667,0.0,0.06666666666666667,0.28888888888888886,1.0,13.480398617732998,0.0,0.0,0.0,0.0,0.06666666666666667,0.26666666666666666,0.0,0.0,1.0,11.55157789518535,0.0,0.0,0.0,2.0,0.06666666666666667,0.06666666666666667,0.0,0.0,2.0,5.99176405129605,5.625,11.25,1.0,0.0,0.06666666666666667,0.0,0.06666666666666667,0.375,1.0,11.915228199311663,0.0,0.0,0.0,0.0,0.06666666666666667,0.2,0.0,0.0,1.0,0.0,21.0,4.9714285714285715,15.0,43.42666666666666,1.0,0.0,18.0,0.0,13.0,43.146153846153844,1.0,0.0,4.0,10.675,2.0,6.025,1.0,0.0,3.0,9.299999999999999,2.0,4.9
rush_hour_seed1,rush_hour,1,674.25,689.25,108.0,2.6087866170502823,22.69490740740741,71.0,27.75,1.0,9.079979454561396,0.0,0.0,0.0,2.0,0.06666666666666667,0.06666666666666667,0.0,0.0,31.0,0.2540165994325421,28.383870967741935,49.75,26.0,2.0,0.0,0.06666666666666667,-0.4,0.3410080645161289,14.0,0.24955798656015227,32.767857142857146,50.45,13.0,0.0,0.06666666666666667,0.0,0.06666666666666667,0.8029853479853484,1.0,16.586524770777675,0.0,0.0,0.0,2.0,0.06666666666666667,0.06666666666666667,0.0,0.0,26.0,0.8954061249340063,26.375,52.6,19.0,2.0,0.2,0.06666666666666667,-0.2,-0.13388888888888908,12.0,1.0795797131990106,33.36666666666667,51.25,11.0,0.0,0.06666666666666667,0.0,0.06666666666666667,0.7617171717171717,1.0,16.57023803270236,0.0,0.0,0.0,2.0,0.06666666666666667,0.06666666666666667,0.0,0.0,3.0,3.7741278853252216,4.666666666666667,14.0,1.0,0.0,0.06666666666666667,0.0,0.06666666666666667,0.3111111111111111,1.0,8.984754884015297,0.0,0.0,0.0,0.0,0.06666666666666667,0.26666666666666666,0.0,0.0,1.0,13.38818462124622,0.0,0.0,0.0,2.0,0.06666666666666667,0.06666666666666667,-0.06666666666666667,-0.0033333333333333335,2.0,5.994819292395841,6.125,12.25,1.0,0.0,0.06666666666666667,0.0,0.06666666666666667,0.4083333333333333,1.0,11.902116541040726,0.0,0.0,0.0,0.0,0.06666666666666667,0.2,0.0,0.0,1.0,0.0,21.0,3.3476190476190473,15.0,44.36,1.0,0.0,18.0,0.0,13.0,44.06923076923077,1.0,0.0,4.0,11.425,2.0,6.525,1.0,0.0,3.0,9.966666666666667,2.0,5.4
rush_hour_seed1,rush_hour,1,675.25,690.25,108.0,2.7524835122925775,21.450462962962963,68.0,26.75,1.0,7.989266928873513,0.0,0.0,0.0,2.0,0.06666666666666667,0.06666666666666667,0.0,0.0,30.0,0.34344826004042,26.848333333333336,47.45,24.0,2.0,0.0,0.13333333333333333,-0.5333333333333333,0.17197222222222236,14.0,0.11107443190284749,33.69642857142857,51.45,13.0,0.0,0.06666666666666667,0.0,0.06666666666666667,0.8033516483516484,1.0,16.587470186222347,0.0,0.0,0.0,2.0,0.06666666666666667,0.06666666666666667,0.0,0.0,25.0,0.8750823411878308,23.964000000000002,50.5,17.0,2.0,0.13333333333333333,0.13333333333333333,-0.3333333333333333,-0.27759999999999985,12.0,0.8054011133567651,34.28333333333333,52.25,11.0,0.0,0.06666666666666667,0.0,0.06666666666666667,0.7622222222222222,1.0,16.61465600216389,0.0,0.0,0.0,2.0,0.06666666666666667,0.06666666666666667,0.0,0.0,3.0,4.3881057955715965,5.233333333333333,15.0,2.0,0.0,0.06666666666666667,0.0,0.13333333333333333,0.3488888888888889,1.0,4.495088318094117,0.0,0.0,0.0,0.0,0.0,0.26666666666666666,0.0,0.0,1.0,13.860088686677628,0.0,0.0,0.0,2.0,0.06666666666666667,0.06666666666666667,-0.06666666666666667,-0.07,2.0,5.9976945728401185,6.625,13.25,1.0,0.0,0.06666666666666667,0.0,0.06666666666666667,0.44166666666666665,1.0,11.955021989221118,0.0,0.0,0.0,0.0,0.06666666666666667,0.2,0.0,0.0,0.0,0.0,20.0,0.0,15.0,45.29333333333333,1.0,0.0,18.0,0.0,13.0,44.99230769230769,1.0,0.0,4.0,12.175,2.0,7.025,1.0,0.0,3.0,10.633333333333333,2.0,5.9
rush_hour_seed1,rush_hour,1,676.25,691.25,107.0,2.850259981729016,20.88177570093458,66.0,25.75,0.0,0.0,0.0,0.0,0.0,2.0,0.0,0.06666666666666667,0.0,0.0,30.0,0.6313116122714914,26.033333333333335,47.4,23.0,2.0,0.0,0.13333333333333333,-0.6,0.05097222222222229,14.0,0.03876035762185194,34.625,52.45,13.0,0.0,0.06666666666666667,0.0,0.06666666666666667,0.8037179487179489,1.0,16.560954047292473,0.0,0.0,0.0,2.0,0.06666666666666667,0.06666666666666667,0.0,0.0,25.0,1.0559402285325117,20.568,49.4,15.0,2.0,0.13333333333333333,0.13333333333333333,-0.4666666666666667,-0.5626666666666668,12.0,0.5597262998995978,35.199999999999996,53.25,11.0,0.0,0.06666666666666667,0.0,0.06666666666666667,0.7627272727272723,1.0,16.587017782129347,0.0,0.0,0.0,2.0,0.06666666666666667,0.06666666666666667,-0.06666666666666667,-0.016666666666666666,3.0,5.045530627924891,5.8999999999999995,16.0,2.0,0.0,0.06666666666666667,0.0,0.06666666666666667,0.36,1.0,0.01316591930792598,0.05,0.05,1.0,0.0,0.0,0.2,0.06666666666666667,0.0033333333333333335,1.0,13.862137846939731,0.0,0.0,0.0,2.0,0.06666666666666667,0.06666666666666667,-0.06666666666666667,-0.13666666666666666,2.0,5.990535375361796,7.125,14.25,1.0,0.0,0.06666666666666667,0.0,0.06666666666666667,0.475,1.0,10.144507606948224,0.0,0.0,0.0,0.0,0.06666666666666667,0.13333333333333333,0.0,0.0,1.0,0.0,19.0,0.0,15.0,46.22666666666667,1.0,0.0,17.0,0.0,13.0,45.91538461538461,1.0,0.0,4.0,12.925,2.0,7.525,1.0,0.0,4.0,8.475,2.0,6.4
rush_hour_seed1,rush_hour,1,677.25,692.25,109.0,3.245371040794692,19.31467889908257,62.0,24.75,1.0,13.537006813213596,0.0,0.0,0.0,2.0,0.06666666666666667,0.06666666666666667,0.0,0.0,29.0,0.7423343961703778,24.42241379310345,46.3,21.0,2.0,0.0,0.2,-0.7333333333333333,-0.12308908045977016,14.0,0.011300900795223398,35.55357142857143,53.45,13.0,0.0,0.06666666666666667,0.0,0.06666666666666667,0.8040842490842494,1.0,16.663140667907896,0.0,0.0,0.0,2.0,0.06666666666666667,0.06666666666666667,0.0,0.0,24.0,1.1144860892131103,17.912499999999998,47.8,13.0,2.0,0.13333333333333333,0.2,-0.6666666666666666,-0.798766666666667,12.0,0.3508611497489473,36.11666666666667,54.25,11.0,0.0,0.06666666666666667,0.0,0.06666666666666667,0.763232323232323,1.0,16.637436533518137,0.0,0.0,0.0,2.0,0.06666666666666667,0.06666666666666667,-0.06666666666666667,-0.08333333333333333,3.0,5.536078487686328,6.566666666666666,17.0,2.0,0.0,0.06666666666666667,0.0,0.06666666666666667,0.3711111111111111,1.0,0.0,1.05,1.05,1.0,0.0,0.0,0.13333333333333333,0.06666666666666667,0.07,1.0,13.887669049107936,0.0,0.0,0.0,2.0,0.06666666666666667,0.06666666666666667,-0.06666666666666667,-0.2033333333333333,3.0,6.1418809004131845,5.083333333333333,15.25,1.0,0.0,0.13333333333333333,0.0,0.0,0.3222222222222222,1.0,5.655280824844709,0.0,0.0,0.0,0.0,0.0,0.13333333333333333,0.0,0.0,1.0,0.0,19.0,0.0,15.0,47.16,1.0,0.0,17.0,0.0,13.0,46.83846153846154,1.0,0.0,4.0,13.675,2.0,8.025,1.0,0.0,4.0,8.975,2.0,6.9
rush_hour_seed1,rush_hour,1,678.25,693.25,107.0,3.389579585640978,18.930841121495327,60.0,23.75,1.0,13.49909098049546,0.0,0.0,0.0,2.0,0.06666666666666667,0.13333333333333333,0.0,0.0,28.0,0.8546542667228004,22.70357142857143,44.8,19.0,2.0,0.0,0.26666666666666666,-0.8666666666666667,-0.3043452380952381,14.0,0.003155191380190597,36.528571428571425,54.45,14.0,0.0,0.06666666666666667,0.0,0.13333333333333333,0.8075457875457874,1.0,15.902742937367647,0.0,0.0,0.0,2.0,0.06666666666666667,0.06666666666666667,0.0,0.0,23.0,1.224515433166377,17.13478260869565,46.75,12.0,2.0,0.13333333333333333,0.26666666666666666,-0.7333333333333333,-0.9119478260869566,12.0,0.19298485845506186,37.03333333333333,55.25,11.0,0.0,0.06666666666666667,0.0,0.06666666666666667,0.7637373737373736,1.0,16.641804377667608,0.0,0.0,0.0,2.0,0.06666666666666667,0.06666666666666667,-0.06666666666666667,-0.15,3.0,5.5406557432587284,7.233333333333333,18.0,2.0,0.0,0.06666666666666667,0.0,0.06666666666666667,0.38222222222222224,1.0,0.0,2.05,2.05,1.0,0.0,0.0,0.13333333333333333,0.06666666666666667,0.13666666666666666,1.0,13.82768755075056,0.0,0.0,0.0,2.0,0.06666666666666667,0.06666666666666667,-0.06666666666666667,-0.26999999999999996,3.0,6.142273891950306,5.416666666666667,16.25,1.0,0.0,0.06666666666666667,0.0,0.0,0.3194444444444445,1.0,1.155857651772807,0.0,0.0,0.0,0.0,0.0,0.06666666666666667,0.0,0.0,1.0,0.0,18.0,0.0,15.0,48.093333333333334,1.0,0.0,16.0,0.0,13.0,47.76153846153846,1.0,0.0,4.0,14.425,2.0,8.525,1.0,0.0,4.0,9.475,2.0,7.4
rush_hour_seed1,rush_hour,1,679.25,694.25,108.0,3.5866183702225585,18.02314814814815,59.0,22.75,1.0,13.500095073378546,0.0,0.0,0.0,2.0,0.06666666666666667,0.13333333333333333,0.0,0.0,27.0,0.9668642011055162,22.55185185185185,43.8,18.0,2.0,0.0,0.3333333333333333,-0.9333333333333333,-0.38112654320987666,15.0,0.0009070905176771649,35.026666666666664,55.45,15.0,0.0,0.13333333333333333,0.0,0.2,0.6458803418803417,1.0,12.0,0.0,0.0,0.0,2.0,0.06666666666666667,0.06666666666666667,-0.06666666666666667,-0.02666666666666667,23.0,1.6835364587566204,13.565217391304348,45.35,10.0,2.0,0.13333333333333333,0.26666666666666666,-0.9333333333333333,-1.212585507246377,12.0,0.09242876744926304,37.949999999999996,56.25,11.0,0.0,0.06666666666666667,0.0,0.06666666666666667,0.7642424242424241,1.0,14.47472990121929,0.0,0.0,0.0,2.0,0.06666666666666667,0.06666666666666667,-0.06666666666666667,-0.21666666666666667,3.0,5.541000376792234,7.8999999999999995,19.0,2.0,0.0,0.06666666666666667,0.0,0.06666666666666667,0.3933333333333333,1.0,0.0,3.05,3.05,1.0,0.0,0.0,0.06666666666666667,0.06666666666666667,0.2033333333333333,1.0,13.884876340980409,0.0,0.0,0.0,2.0,0.06666666666666667,0.06666666666666667,-0.06666666666666667,-0.33666666666666667,3.0,5.864753159867195,5.75,17.25,1.0,0.0,0.06666666666666667,0.0,0.0,0.30833333333333335,1.0,0.0,0.8,0.8,1.0,0.0,0.0,0.0,0.06666666666666667,0.05333333333333334,1.0,0.0,18.0,0.0,16.0,46.01875,1.0,0.0,15.0,0.0,13.0,48.684615384615384,1.0,0.0,4.0,15.175,2.0,9.025,1.0,0.0,4.0,9.975,2.0,7.9
rush_hour_seed1,rush_hour,1,680.25,695.25,110.0,3.75675020703931,16.999545454545455,55.0,21.75,1.0,13.516524542681074,0.0,0.0,0.0,2.0,0.06666666666666667,0.13333333333333333,0.0,0.0,27.0,1.3270580006510349,19.951851851851853,42.1,16.0,2.0,0.0,0.3333333333333333,-1.0666666666666667,-0.6211265432098766,15.0,0.15527966094959295,35.96,56.45,14.0,0.0,0.06666666666666667,0.0,0.06666666666666667,0.769952380952381,1.0,11.980967011519242,0.0,0.0,0.0,2.0,0.06666666666666667,0.13333333333333333,-0.06666666666666667,-0.04666666666666666,23.0,1.8656174575666586,11.984782608695651,44.95,9.0,2.0,0.2,0.3333333333333333,-1.0,-1.3819478260869564,12.0,0.03804834907823752,38.86666666666667,57.25,11.0,0.0,0.06666666666666667,0.0,0.0,0.7644444444444446,0.0,0.0,0.0,0.0,0.0,2.0,0.0,0.06666666666666667,-0.06666666666666667,-0.2833333333333333,3.0,5.5213543883378415,8.566666666666666,20.0,2.0,0.0,0.06666666666666667,0.0,0.06666666666666667,0.40444444444444444,2.0,0.25431430819484285,2.025,4.05,1.0,0.0,0.06666666666666667,0.0,0.06666666666666667,0.13499999999999998,1.0,13.8831103250233,0.0,0.0,0.0,2.0,0.06666666666666667,0.06666666666666667,-0.06666666666666667,-0.4033333333333333,3.0,5.667529719653309,6.083333333333333,18.25,1.0,0.0,0.06666666666666667,0.0,0.0,0.2972222222222222,1.0,0.0,1.8,1.8,1.0,0.0,0.0,0.0,0.06666666666666667,0.12000000000000001,1.0,0.0,17.0,0.0,16.0,46.95625,1.0,0.0,14.0,0.0,13.0,49.607692307692304,1.0,0.0,4.0,15.925,2.0,9.525,1.0,0.0,4.0,10.475,2.0,8.4
rush_hour_seed1,rush_hour,1,681.25,696.25,108.0,3.837322480168045,16.589351851851852,53.0,20.75,1.0,13.53780792984566,0.0,0.0,0.0,2.0,0.06666666666666667,0.13333333333333333,-0.06666666666666667,-0.03166666666666666,26.0,1.439894140261344,19.676923076923078,41.75,15.0,2.0,0.0,0.4,-1.1333333333333333,-0.7061217948717948,15.0,0.2815468689581968,36.89333333333333,57.45,14.0,0.0,0.06666666666666667,0.0,0.06666666666666667,0.770269841269841,1.0,11.9819633491477,0.0,0.0,0.0,2.0,0.06666666666666667,0.13333333333333333,-0.06666666666666667,-0.08,22.0,2.115364781065802,8.838636363636363,43.85,8.0,2.0,0.2,0.4,-1.0666666666666667,-1.6556909090909093,12.0,0.014162189648820421,39.78333333333333,58.25,11.0,0.0,0.0,0.0,0.0,0.9166666666666666,0.0,0.0,0.0,0.0,0.0,2.0,0.0,0.13333333333333333,-0.06666666666666667,-0.175,3.0,4.274887589991061,9.233333333333333,21.0,2.0,0.0,0.06666666666666667,0.0,0.06666666666666667,0.4155555555555555,2.0,1.3818777748239466,2.525,5.05,1.0,0.0,0.06666666666666667,0.0,0.06666666666666667,0.16833333333333333,1.0,13.82766376624466,0.0,0.0,0.0,2.0,0.06666666666666667,0.06666666666666667,-0.06666666666666667,-0.47,3.0,5.1860950596620095,6.416666666666667,19.25,1.0,0.0,0.06666666666666667,0.0,0.0,0.28611111111111115,1.0,0.0,2.8,2.8,1.0,0.0,0.0,0.0,0.06666666666666667,0.18666666666666665,1.0,0.0,16.0,0.0,16.0,47.89375,1.0,0.0,14.0,0.0,13.0,50.58461538461539,1.0,0.0,5.0,13.34,2.0,10.025,1.0,0.0,4.0,10.975,2.0,8.9
rush_hour_seed1,rush_hour,1,682.25,697.25,108.0,4.000324464776323,15.520833333333334,51.0,19.75,1.0,13.538162466532452,0.0,0.0,0.0,2.0,0.06666666666666667,0.13333333333333333,-0.06666666666666667,-0.065,26.0,1.830418788459698,17.003846153846155,40.4,13.0,2.0,0.0,0.4,-1.2666666666666666,-0.9509935897435897,15.0,0.4098019354286737,37.82666666666667,58.45,14.0,0.0,0.06666666666666667,0.0,0.06666666666666667,0.7705873015873017,1.0,11.999482284556143,0.0,0.0,0.0,2.0,0.06666666666666667,0.13333333333333333,-0.06666666666666667,-0.11333333333333333,21.0,2.383676727658853,5.621428571428571,37.55,7.0,2.0,0.2,0.4666666666666667,-1.1333333333333333,-1.9341714285714287,13.0,0.10307931319788571,37.607692307692304,59.25,12.0,0.0,0.06666666666666667,0.0,0.06666666666666667,0.7105128205128203,0.0,0.0,0.0,0.0,0.0,2.0,0.0,0.13333333333333333,-0.06666666666666667,-0.20833333333333334,3.0,2.9657272815807345,9.9,22.0,2.0,0.0,0.06666666666666667,0.0,0.06666666666666667,0.4266666666666667,2.0,2.456249171505472,3.025,6.05,1.0,0.0,0.06666666666666667,0.0,0.06666666666666667,0.20166666666666666,1.0,13.854000216760905,0.0,0.0,0.0,2.0,0.06666666666666667,0.06666666666666667,-0.06666666666666667,-0.5366666666666667,3.0,4.713873148325588,6.75,20.25,1.0,0.0,0.06666666666666667,0.0,0.0,0.275,1.0,0.0,3.8,3.8,1.0,0.0,0.0,0.0,0.06666666666666667,0.2533333333333333,1.0,0.0,17.0,0.0,16.0,48.83125,1.0,0.0,13.0,0.0,13.0,51.58461538461539,1.0,0.0,5.0,13.940000000000001,2.0,10.525,1.0,0.0,4.0,11.475,2.0,9.4
rush_hour_seed1,rush_hour,1,683.25,698.25,108.0,4.129132794190358,14.594907407407407,47.0,18.75,1.0,13.481186326942773,0.0,0.0,0.0,2.0,0.06666666666666667,0.13333333333333333,-0.06666666666666667,-0.09833333333333334,25.0,1.9569235583086972,14.934000000000001,39.1,11.0,2.0,0.0,0.4666666666666667,-1.4,-1.1556499999999998,15.0,0.5367185158637067,38.76,59.45,14.0,0.0,0.06666666666666667,0.0,0.06666666666666667,0.7709047619047616,1.0,11.973237658347934,0.0,0.0,0.0,2.0,0.06666666666666667,0.13333333333333333,-0.06666666666666667,-0.14666666666666667,21.0,2.8414805221450954,2.657142857142857,21.15,5.0,2.0,0.2,0.4666666666666667,-1.2666666666666666,-2.195790476190476,13.0,0.2730410766102317,38.53076923076923,60.25,12.0,0.0,0.06666666666666667,0.0,0.06666666666666667,0.7109401709401711,0.0,0.0,0.0,0.0,0.0,2.0,0.0,0.13333333333333333,-0.06666666666666667,-0.24166666666666667,4.0,2.037562108377883,7.925,23.0,2.0,0.0,0.13333333333333333,0.0,0.06666666666666667,0.26166666666666666,2.0,3.3969645557815884,3.525,7.05,1.0,0.0,0.06666666666666667,0.0,0.06666666666666667,0.235,1.0,11.658138464510085,0.0,0.0,0.0,2.0,0.0,0.06666666666666667,-0.06666666666666667,-0.3016666666666667,3.0,4.384882757089646,7.083333333333333,21.25,1.0,0.0,0.06666666666666667,0.0,0.0,0.2638888888888889,1.0,0.0,4.8,4.8,1.0,0.0,0.0,0.0,0.06666666666666667,0.32,1.0,0.0,16.0,0.0,16.0,49.76875,1.0,0.0,12.0,0.0,14.0,48.82857142857143,1.0,0.0,5.0,14.540000000000001,2.0,11.025,1.0,0.0,4.0,12.225,2.0,9.9
rush_hour_seed1,rush_hour,1,684.25,699.25,109.0,4.3289134924018695,14.321100917431192,45.0,17.75,1.0,13.50098728067511,0.0,0.0,0.0,2.0,0.06666666666666667,0.13333333333333333,-0.06666666666666667,-0.13166666666666668,24.0,2.08021229649111,14.34375,38.75,10.0,2.0,0.0,0.5333333333333333,-1.4666666666666666,-1.2616666666666665,15.0,0.658011961893921,39.693333333333335,60.45,14.0,0.0,0.06666666666666667,0.0,0.06666666666666667,0.7712222222222224,1.0,11.980178272405174,0.0,0.0,0.0,2.0,0.06666666666666667,0.13333333333333333,-0.06666666666666667,-0.18000000000000002,20.0,2.9388463950810766,1.9324999999999999,20.5,4.0,2.0,0.2,0.5333333333333333,-1.3333333333333333,-2.3081000000000005,13.0,0.42329680285077526,39.45384615384615,61.25,12.0,0.0,0.06666666666666667,0.0,0.06666666666666667,0.7113675213675212,0.0,0.0,0.0,0.0,0.0,2.0,0.0,0.13333333333333333,-0.06666666666666667,-0.275,4.0,1.8415562740608937,8.425,24.0,2.0,0.0,0.13333333333333333,0.0,0.06666666666666667,0.2616666666666667,2.0,4.357396866605989,4.025,8.05,1.0,0.0,0.06666666666666667,0.0,0.06666666666666667,0.26833333333333337,0.0,0.0,0.0,0.0,0.0,2.0,0.0,0.13333333333333333,-0.06666666666666667,-0.335,3.0,4.189935091061385,7.416666666666667,22.25,1.0,0.0,0.06666666666666667,0.0,0.0,0.2527777777777778,2.0,0.6836960348331994,2.9,5.8,1.0,0.0,0.06666666666666667,0.0,0.06666666666666667,0.19333333333333333,1.0,0.0,15.0,0.0,16.0,50.70625,1.0,0.0,12.0,0.0,14.0,49.75714285714286,0.0,0.0,5.0,15.14,2.0,11.525,1.0,0.0,4.0,12.975,2.0,10.4
rush_hour_seed1,rush_hour,1,685.25,700.25,110.0,4.6812713904531895,13.687727272727274,42.0,16.75,1.0,13.534420951567956,0.0,0.0,0.0,2.0,0.06666666666666667,0.13333333333333333,-0.06666666666666667,-0.165,24.0,2.5067280877894587,11.475,38.0,8.0,2.0,0.0,0.5333333333333333,-1.6,-1.519583333333333,15.0,0.7955408945372819,40.626666666666665,61.45,14.0,0.0,0.06666666666666667,0.0,0.06666666666666667,0.7715396825396825,1.0,11.98241286544595,0.0,0.0,0.0,2.0,0.06666666666666667,0.13333333333333333,-0.06666666666666667,-0.21333333333333335,19.0,3.0927568079514867,1.1131578947368421,12.65,3.0,2.0,0.13333333333333333,0.6,-1.4,-2.3305330634278003,13.0,0.5811251215279242,40.37692307692308,62.25,12.0,0.0,0.06666666666666667,0.0,0.06666666666666667,0.7117948717948719,1.0,11.983766897656023,0.0,0.0,0.0,2.0,0.06666666666666667,0.13333333333333333,-0.06666666666666667,-0.30833333333333335,4.0,1.9222756019347271,8.925,25.0,2.0,0.0,0.06666666666666667,0.0,0.06666666666666667,0.37277777777777776,2.0,5.284913522094869,4.525,9.05,1.0,0.0,0.06666666666666667,0.0,0.06666666666666667,0.3016666666666667,0.0,0.0,0.0,0.0,0.0,2.0,0.0,0.13333333333333333,-0.06666666666666667,-0.36833333333333335,3.0,4.094275227831351,7.75,23.25,1.0,0.0,0.06666666666666667,0.0,0.0,0.24166666666666667,2.0,1.7112375878723027,3.4,6.8,1.0,0.0,0.06666666666666667,0.0,0.06666666666666667,0.22666666666666666,1.0,0.0,15.0,0.0,16.0,51.64375,1.0,0.0,11.0,0.0,14.0,50.68571428571429,0.0,0.0,5.0,15.74,2.0,12.025,1.0,0.0,4.0,13.725,2.0,10.9
rush_hour_seed1,rush_hour,1,686.25,701.25,110.0,4.952092115943484,13.536363636363637,39.0,15.75,1.0,13.504051016077067,0.0,0.0,0.0,2.0,0.06666666666666667,0.13333333333333333,-0.06666666666666667,-0.19833333333333333,23.0,2.6754916273904525,10.626086956521739,37.75,7.0,2.0,0.0,0.6,-1.6666666666666667,-1.6428442028985506,15.0,0.7661896914107373,41.559999999999995,62.45,14.0,0.0,0.06666666666666667,0.0,0.06666666666666667,0.7718571428571425,1.0,11.997057733302936,0.0,0.0,0.0,2.0,0.06666666666666667,0.13333333333333333,-0.06666666666666667,-0.24666666666666667,19.0,3.579644274524552,0.23684210526315788,4.5,1.0,2.0,0.13333333333333333,0.6,-1.5333333333333334,-2.450492577597841,13.0,0.7405806106557222,41.3,63.25,12.0,0.0,0.06666666666666667,0.0,0.06666666666666667,0.7122222222222222,1.0,11.996254629883914,0.0,0.0,0.0,2.0,0.06666666666666667,0.13333333333333333,-0.06666666666666667,-0.3416666666666667,4.0,2.2294478952145,9.425,26.0,2.0,0.0,0.06666666666666667,0.0,0.06666666666666667,0.383888888888889,2.0,5.930613048272583,5.025,10.05,1.0,0.0,0.06666666666666667,0.0,0.06666666666666667,0.335,0.0,0.0,0.0,0.0,0.0,2.0,0.0,0.13333333333333333,-0.06666666666666667,-0.40166666666666667,3.0,4.036813296206117,8.083333333333334,24.25,1.0,0.0,0.06666666666666667,0.0,0.0,0.2305555555555556,2.0,2.6807168487971564,3.9,7.8,1.0,0.0,0.06666666666666667,0.0,0.06666666666666667,0.26,1.0,0.0,15.0,0.0,16.0,52.58125,1.0,0.0,10.0,0.0,14.0,51.614285714285714,0.0,0.0,5.0,16.34,2.0,12.525,0.0,0.0,4.0,14.475,2.0,11.4
rush_hour_seed1,rush_hour,1,687.25,702.25,110.0,5.212029073390342,13.148181818181818,37.0,14.75,1.0,13.477651372094773,0.0,0.0,0.0,2.0,0.06666666666666667,0.13333333333333333,0.0,0.0,22.0,2.859272549565019,7.9340909090909095,37.1,5.0,2.0,0.0,0.6666666666666666,-1.7333333333333334,-1.7596022727272727,15.0,0.5564714593959601,42.49333333333333,63.45,14.0,0.0,0.06666666666666667,0.0,0.06666666666666667,0.7721746031746032,1.0,11.97307862129761,0.0,0.0,0.0,2.0,0.06666666666666667,0.13333333333333333,0.0,0.0,18.0,3.810150674562438,0.0,0.0,0.0,2.0,0.06666666666666667,0.6666666666666666,-1.5333333333333334,-2.2759259259259257,13.0,0.905936880388068,42.223076923076924,64.25,12.0,0.0,0.06666666666666667,0.0,0.06666666666666667,0.7126495726495728,1.0,11.992263413784094,0.0,0.0,0.0,2.0,0.06666666666666667,0.13333333333333333,0.0,0.0,4.0,2.60591616849442,9.925,27.0,2.0,0.0,0.06666666666666667,0.0,0.06666666666666667,0.3950000000000001,2.0,5.952029163269702,5.525,11.05,1.0,0.0,0.06666666666666667,0.0,0.06666666666666667,0.36833333333333335,0.0,0.0,0.0,0.0,0.0,2.0,0.0,0.13333333333333333,0.0,0.0,3.0,4.017209527655518,8.633333333333333,25.25,2.0,0.0,0.06666666666666667,0.0,0.06666666666666667,0.23388888888888887,2.0,3.6777599806187107,4.4,8.8,1.0,0.0,0.06666666666666667,0.0,0.06666666666666667,0.29333333333333333,1.0,0.0,14.0,0.0,16.0,53.51875,1.0,0.0,9.0,0.0,14.0,52.542857142857144,0.0,0.0,5.0,16.94,2.0,13.275,0.0,0.0,4.0,15.225,2.0,11.9
rush_hour_seed1,rush_hour,1,688.25,703.25,111.0,5.4372879011208415,12.695045045045045,36.0,13.75,1.0,13.483315864698163,0.0,0.0,0.0,2.0,0.06666666666666667,0.06666666666666667,0.0,0.0,21.0,3.0698793501572914,4.9714285714285715,36.1,3.0,2.0,0.0,0.6666666666666666,-1.6666666666666667,-1.7308294930875576,15.0,0.37299558677085226,43.42666666666666,64.45,14.0,0.0,0.06666666666666667,0.0,0.06666666666666667,0.7724920634920631,1.0,11.99959683044348,0.0,0.0,0.0,2.0,0.06666666666666667,0.06666666666666667,0.0,0.0,18.0,4.083001081490569,0.0,0.0,0.0,2.0,0.13333333333333333,0.6666666666666666,-1.4,-1.9832051282051284,13.0,1.0921333093110024,43.146153846153844,65.25,12.0,0.0,0.06666666666666667,0.0,0.06666666666666667,0.7130769230769232,1.0,11.993009660986719,0.0,0.0,0.0,2.0,0.06666666666666667,0.06666666666666667,0.0,0.0,4.0,3.005693294041976,10.675,28.0,3.0,0.0,0.06666666666666667,0.0,0.13333333333333333,0.42277777777777786,2.0,5.948365408087059,6.025,12.05,1.0,0.0,0.06666666666666667,0.0,0.06666666666666667,0.40166666666666667,1.0,13.84661025926238,0.0,0.0,0.0,2.0,0.06666666666666667,0.06666666666666667,0.0,0.0,3.0,3.99983994427136,9.299999999999999,26.25,2.0,0.0,0.06666666666666667,0.0,0.06666666666666667,0.24499999999999994,2.0,4.711921179744526,4.9,9.8,1.0,0.0,0.06666666666666667,0.0,0.06666666666666667,0.3266666666666667,1.0,0.0,15.0,0.0,16.0,54.45625,1.0,0.0,9.0,0.0,14.0,53.471428571428575,0.0,0.0,5.0,17.65,2.0,14.275,0.0,0.0,4.0,15.975,2.0,12.4
rush_hour_seed1,rush_hour,1,689.25,704.25,110.0,5.545801572155608,12.800454545454546,35.0,12.75,1.0,13.332585517898881,0.0,0.0,0.0,2.0,0.06666666666666667,0.06666666666666667,0.0,0.0,21.0,3.564824209132341,3.3476190476190473,35.8,2.0,2.0,0.0,0.6666666666666666,-1.6,-1.6690834613415257,15.0,0.22034735124449573,44.36,65.45,14.0,0.0,0.06666666666666667,0.0,0.06666666666666667,0.7728095238095236,1.0,11.992045834818855,0.0,0.0,0.0,2.0,0.06666666666666667,0.06666666666666667,0.0,0.0,18.0,4.760862176128791,0.0,0.0,0.0,2.0,0.13333333333333333,0.6666666666666666,-1.2666666666666666,-1.7583333333333333,13.0,1.0840698579361836,44.06923076923077,66.25,12.0,0.0,0.06666666666666667,0.0,0.06666666666666667,0.7135042735042736,1.0,11.980959801189602,0.0,0.0,0.0,2.0,0.06666666666666667,0.06666666666666667,0.0,0.0,4.0,3.007744235850558,11.425,29.0,3.0,0.0,0.06666666666666667,0.0,0.13333333333333333,0.4505555555555556,2.0,5.933827239903997,6.525,13.05,1.0,0.0,0.06666666666666667,0.0,0.06666666666666667,0.435,1.0,13.862647031199886,0.0,0.0,0.0,2.0,0.06666666666666667,0.06666666666666667,0.0,0.0,3.0,3.13807188701529,9.966666666666667,27.25,2.0,0.0,0.06666666666666667,0.0,0.06666666666666667,0.2561111111111111,2.0,5.649929191085396,5.4,10.8,1.0,0.0,0.06666666666666667,0.0,0.06666666666666667,0.36000000000000004,0.0,0.0,15.0,0.02,16.0,55.39375,1.0,0.0,9.0,0.0,14.0,54.4,0.0,0.0,5.0,18.45,2.0,15.275,0.0,0.0,4.0,16.725,2.0,12.9
rush_hour_seed1,rush_hour,1,690.25,705.25,110.0,5.590768281367825,12.461363636363636,33.0,11.75,0.0,0.0,0.0,0.0,0.0,2.0,0.0,0.06666666666666667,0.0,0.0,20.0,3.8062941570318265,0.0,0.0,0.0,2.0,0.0,0.6666666666666666,-1.6,-1.789888888888889,15.0,0.11398927708897981,45.29333333333333,66.45,14.0,0.0,0.06666666666666667,0.0,0.06666666666666667,0.773126984126984,1.0,11.981139890975319,0.0,0.0,0.0,2.0,0.06666666666666667,0.06666666666666667,0.0,0.0,18.0,5.014855808033365,0.0,0.0,0.0,2.0,0.2,0.6666666666666666,-1.1333333333333333,-1.5976000000000001,13.0,0.7643479142569998,44.99230769230769,67.25,12.0,0.0,0.06666666666666667,0.0,0.06666666666666667,0.7139316239316239,1.0,11.981680695649702,0.0,0.0,0.0,2.0,0.06666666666666667,0.06666666666666667,0.0,0.0,4.0,2.993786936542122,12.175,30.0,3.0,0.0,0.06666666666666667,0.0,0.06666666666666667,0.46277777777777784,2.0,5.924387308539965,7.025,14.05,1.0,0.0,0.06666666666666667,0.0,0.06666666666666667,0.4683333333333334,1.0,13.840633741673082,0.0,0.0,0.0,2.0,0.06666666666666667,0.06666666666666667,0.0,0.0,3.0,2.3093857694349533,10.633333333333333,28.25,2.0,0.0,0.06666666666666667,0.0,0.06666666666666667,0.2672222222222222,2.0,6.551110860777531,5.9,11.8,1.0,0.0,0.06666666666666667,0.0,0.06666666666666667,0.39333333333333337,0.0,0.0,16.0,0.08125,16.0,51.240625,1.0,0.0,9.0,0.044444444444444446,14.0,49.45357142857143,0.0,0.0,5.0,19.25,2.0,16.275,0.0,0.0,4.0,17.475,2.0,13.700000000000001
rush_hour_seed1,rush_hour,1,691.25,706.25,111.0,5.691532789945294,12.646396396396396,33.0,10.75,1.0,13.869487432305469,0.0,0.0,0.0,2.0,0.06666666666666667,0.0,0.0,0.0,19.0,4.0732376834839785,0.0,0.0,0.0,2.0,0.0,0.7333333333333333,-1.5333333333333334,-1.7355555555555557,15.0,0.050617410797583126,46.22666666666667,67.45,14.0,0.0,0.06666666666666667,0.0,0.06666666666666667,0.7734444444444445,1.0,11.994987174554263,0.0,0.0,0.0,2.0,0.06666666666666667,0.06666666666666667,0.0,0.0,17.0,5.1215023752197375,0.0,0.0,0.0,2.0,0.2,0.7333333333333333,-1.0,-1.3712000000000002,13.0,0.4929477893223314,45.91538461538461,68.25,12.0,0.0,0.06666666666666667,0.0,0.06666666666666667,0.7143589743589743,1.0,11.97036284533795,0.0,0.0,0.0,2.0,0.06666666666666667,0.06666666666666667,0.0,0.0,4.0,3.005007912095567,12.925,31.0,3.0,0.0,0.06666666666666667,0.0,0.06666666666666667,0.46833333333333343,2.0,5.950860888073015,7.525,15.05,1.0,0.0,0.06666666666666667,0.0,0.0,0.49833333333333335,1.0,13.82575174222584,0.0,0.0,0.0,2.0,0.06666666666666667,0.06666666666666667,0.0,0.0,4.0,1.8331686165189298,8.475,29.25,2.0,0.0,0.13333333333333333,0.0,0.06666666666666667,0.08999999999999998,2.0,6.535506331257617,6.4,12.8,1.0,0.0,0.06666666666666667,0.0,0.06666666666666667,0.4266666666666667,0.0,0.0,17.0,0.13529411764705881,15.0,40.39333333333333,1.0,0.0,9.0,0.15555555555555556,13.0,36.42307692307692,0.0,0.0,5.0,20.05,2.0,17.275,0.0,0.0,4.0,18.225,2.0,14.700000000000001
rush_hour_seed1,rush_hour,1,692.25,707.25,110.0,5.744819282057008,13.061363636363636,33.0,9.75,1.0,13.835565427207621,0.0,0.0,0.0,2.0,0.06666666666666667,0.06666666666666667,0.0,0.0,19.0,4.618959216257153,0.0,0.0,0.0,2.0,0.0,0.6666666666666666,-1.4,-1.6281609195402298,15.0,0.020000524787931843,47.16,68.45,14.0,0.0,0.06666666666666667,0.0,0.06666666666666667,0.7737619047619044,1.0,11.983265912637581,0.0,0.0,0.0,2.0,0.06666666666666667,0.06666666666666667,0.0,0.0,17.0,5.4908155299029415,0.0,0.0,0.0,2.0,0.2,0.6666666666666666,-0.8666666666666667,-1.1941666666666666,13.0,0.2620966881730108,46.83846153846154,69.25,12.0,0.0,0.06666666666666667,0.0,0.06666666666666667,0.7147863247863246,1.0,11.972298141396605,0.0,0.0,0.0,2.0,0.06666666666666667,0.06666666666666667,0.0,0.0,4.0,3.000782000025156,13.675,32.0,3.0,0.0,0.06666666666666667,0.0,0.06666666666666667,0.47388888888888897,2.0,5.942715314856407,8.025,16.05,1.0,0.0,0.06666666666666667,0.0,0.0,0.465,1.0,13.870684904142982,0.0,0.0,0.0,2.0,0.06666666666666667,0.06666666666666667,0.0,0.0,4.0,1.8254593433077644,8.975,30.25,2.0,0.0,0.06666666666666667,0.0,0.06666666666666667,0.2594444444444444,2.0,6.536846521753446,6.9,13.8,1.0,0.0,0.06666666666666667,0.0,0.06666666666666667,0.46,0.0,0.0,17.0,0.1941176470588235,15.0,31.516666666666666,1.0,0.0,9.0,0.26666666666666666,13.0,31.48846153846154,0.0,0.0,5.0,20.85,2.0,18.275,0.0,0.0,4.0,18.975,2.0,15.700000000000001
rush_hour_seed1,rush_hour,1,693.25,708.25,107.0,5.739464946277988,13.735981308411215,33.0,8.75,1.0,13.83812759295688,0.0,0.0,0.0,2.0,0.06666666666666667,0.06666666666666667,0.0,0.0,18.0,4.9115557980815465,0.0,0.0,0.0,2.0,0.0,0.6666666666666666,-1.2666666666666666,-1.5135714285714286,15.0,0.0074712967798871545,48.093333333333334,69.45,14.0,0.0,0.06666666666666667,0.0,0.0,0.7709841269841272,1.0,11.90920618409026,0.0,0.0,0.0,2.0,0.06666666666666667,0.06666666666666667,0.0,0.0,16.0,5.680330544456113,0.0,0.0,0.0,2.0,0.2,0.6666666666666666,-0.8,-1.14231884057971,13.0,0.1149917934182113,47.76153846153846,70.25,12.0,0.0,0.06666666666666667,0.0,0.06666666666666667,0.7152136752136751,1.0,11.977626021599862,0.0,0.0,0.0,2.0,0.06666666666666667,0.06666666666666667,0.0,0.0,4.0,3.0042025653993103,14.425,33.0,3.0,0.0,0.06666666666666667,0.0,0.06666666666666667,0.4794444444444445,2.0,5.933536017233067,8.525,17.05,1.0,0.0,0.06666666666666667,0.0,0.0,0.4316666666666667,1.0,13.850994166051969,0.0,0.0,0.0,2.0,0.06666666666666667,0.06666666666666667,0.0,0.0,4.0,1.9212017157550492,9.475,31.25,2.0,0.0,0.06666666666666667,0.0,0.06666666666666667,0.2705555555555555,2.0,6.5509826508501785,7.4,14.8,1.0,0.0,0.06666666666666667,0.0,0.06666666666666667,0.49333333333333335,0.0,0.0,18.0,0.23888888888888887,15.0,27.490000000000002,1.0,0.3,9.0,0.37777777777777777,12.0,22.875,0.0,0.0,5.0,21.65,2.0,19.275,0.0,0.0,4.0,19.725,2.0,16.7
rush_hour_seed1,rush_hour,1,694.25,709.25,107.0,5.8160048617918925,14.052803738317758,34.0,7.75,1.0,13.855608068943257,0.0,0.0,0.0,2.0,0.06666666666666667,0.06666666666666667,0.0,0.0,18.0,5.461840070342051,0.0,0.0,0.0,2.0,0.0,0.6,-1.2,-1.5034567901234568,16.0,0.04873859117980288,46.01875,70.45,15.0,0.0,0.06666666666666667,0.0,0.0,0.7328055555555556,1.0,13.870793460886926,0.0,0.0,0.0,2.0,0.06666666666666667,0.06666666666666667,0.0,0.0,15.0,5.9046187792257365,0.0,0.0,0.0,2.0,0.2,0.7333333333333333,-0.6666666666666666,-0.9043478260869565,13.0,0.03910384878753223,48.684615384615384,71.25,12.0,0.0,0.06666666666666667,0.0,0.06666666666666667,0.7156410256410258,1.0,11.9907416412374,0.0,0.0,0.0,2.0,0.06666666666666667,0.06666666666666667,0.0,0.0,4.0,2.9955772507124694,15.175,34.0,3.0,0.0,0.06666666666666667,0.0,0.06666666666666667,0.4850000000000001,2.0,5.952160029076415,9.025,18.05,1.0,0.0,0.06666666666666667,0.0,0.0,0.3983333333333334,1.0,13.853945555657848,0.0,0.0,0.0,2.0,0.06666666666666667,0.06666666666666667,0.0,0.0,4.0,2.141889687493036,9.975,32.25,2.0,0.0,0.06666666666666667,0.0,0.06666666666666667,0.2816666666666666,2.0,6.557624341409515,7.9,15.8,1.0,0.0,0.06666666666666667,0.0,0.0,0.4733333333333334,0.0,0.0,19.0,0.31842105263157894,14.0,20.235714285714288,1.0,1.3,9.0,0.49444444444444446,12.0,11.754166666666665,0.0,0.0,5.0,22.45,2.0,20.275,0.0,0.0,4.0,20.475,2.0,17.7
rush_hour_seed1,rush_hour,1,695.25,710.25,105.0,5.905987290013091,14.644285714285715,34.0,6.75,1.0,13.840079421462725,0.0,0.0,0.0,2.0,0.06666666666666667,0.06666666666666667,0.0,0.0,17.0,5.764951563509736,0.0,0.0,0.0,2.0,0.0,0.6666666666666666,-1.0666666666666667,-1.3301234567901234,16.0,0.18136112004967936,46.95625,71.45,15.0,0.0,0.06666666666666667,0.0,0.06666666666666667,0.7330833333333331,1.0,13.853864303495502,0.0,0.0,0.0,2.0,0.06666666666666667,0.06666666666666667,0.0,0.0,14.0,6.10945176242912,0.0,0.0,0.0,2.0,0.13333333333333333,0.7333333333333333,-0.6,-0.7989855072463767,13.0,0.011629157564101635,49.607692307692304,72.25,12.0,0.0,0.06666666666666667,0.0,0.06666666666666667,0.7160683760683758,1.0,11.993181256307288,0.0,0.0,0.0,2.0,0.06666666666666667,0.0,0.0,0.0,4.0,2.993369983643853,15.925,35.0,3.0,0.0,0.06666666666666667,0.0,0.06666666666666667,0.49055555555555563,2.0,4.808876793799639,9.525,19.05,1.0,0.0,0.0,0.0,0.0,0.5,1.0,13.83463771835086,0.0,0.0,0.0,2.0,0.06666666666666667,0.06666666666666667,0.0,0.0,4.0,2.4430193903675637,10.475,33.25,2.0,0.0,0.06666666666666667,0.0,0.06666666666666667,0.29277777777777775,2.0,6.543483442555276,8.4,16.8,1.0,0.0,0.06666666666666667,0.0,0.0,0.44000000000000006,0.0,0.0,19.0,0.42368421052631583,13.0,11.957692307692307,1.0,2.3,9.0,0.7166666666666667,12.0,7.354166666666667,0.0,0.0,5.0,23.25,2.0,21.275,0.0,0.0,4.0,21.225,2.0,18.7
rush_hour_seed1,rush_hour,1,696.25,711.25,105.0,6.03314373541967,14.974761904761904,35.0,5.75,1.0,13.867419551643543,0.0,0.0,0.0,2.0,0.06666666666666667,0.06666666666666667,0.0,0.0,16.0,6.04350036910852,0.0,0.0,0.0,2.0,0.0,0.6666666666666666,-1.0,-1.311794871794872,16.0,0.2979611905628081,47.89375,72.45,15.0,0.0,0.06666666666666667,0.0,0.06666666666666667,0.7333611111111111,1.0,13.888170908954926,0.0,0.0,0.0,2.0,0.06666666666666667,0.06666666666666667,0.0,0.0,14.0,6.5866379780578,0.0,0.0,0.0,2.0,0.13333333333333333,0.6666666666666666,-0.5333333333333333,-0.5892424242424242,13.0,0.003300665479888485,50.58461538461539,73.25,13.0,0.0,0.06666666666666667,0.0,0.13333333333333333,0.7200854700854705,1.0,11.979718571472914,0.0,0.0,0.0,2.0,0.06666666666666667,0.0,0.0,0.0,5.0,2.6139192091575025,13.34,36.0,3.0,0.0,0.13333333333333333,0.0,0.06666666666666667,0.27377777777777784,2.0,3.3512520405621005,10.025,20.05,1.0,0.0,0.0,0.0,0.0,0.5,1.0,13.853114326422801,0.0,0.0,0.0,2.0,0.06666666666666667,0.06666666666666667,0.0,0.0,4.0,2.818118442298392,10.975,34.25,2.0,0.0,0.06666666666666667,0.0,0.06666666666666667,0.3038888888888888,2.0,6.564031563855802,8.9,17.8,1.0,0.0,0.06666666666666667,0.0,0.0,0.4066666666666667,0.0,0.0,20.0,0.53,13.0,7.81923076923077,1.0,3.3,9.0,0.9944444444444444,11.0,1.45,0.0,0.0,5.0,24.05,2.0,22.275,0.0,0.0,4.0,21.975,2.0,19.7
rush_hour_seed1,rush_hour,1,697.25,712.25,105.0,6.14444401191053,15.308095238095238,35.0,4.75,1.0,13.830666341629113,0.0,0.0,0.0,2.0,0.06666666666666667,0.06666666666666667,0.0,0.0,17.0,6.506185828765375,0.0,0.0,0.0,2.0,0.06666666666666667,0.6666666666666666,-0.8666666666666667,-1.1335897435897437,16.0,0.42240909367041185,48.83125,73.45,15.0,0.0,0.06666666666666667,0.0,0.06666666666666667,0.7336388888888886,1.0,13.828449184856145,0.0,0.0,0.0,2.0,0.06666666666666667,0.06666666666666667,0.0,0.0,13.0,6.845048648279653,0.0,0.0,0.0,2.0,0.13333333333333333,0.6666666666666666,-0.4666666666666667,-0.37476190476190474,13.0,0.0009034226948332578,51.58461538461539,74.25,13.0,0.0,0.0,0.0,0.06666666666666667,0.9317948717948724,1.0,11.988236944705713,0.0,0.0,0.0,2.0,0.06666666666666667,0.0,0.0,0.0,5.0,2.4225222489185754,13.940000000000001,37.0,3.0,0.0,0.13333333333333333,0.0,0.06666666666666667,0.26933333333333337,2.0,2.0963118833336205,10.525,21.05,1.0,0.0,0.0,0.0,0.0,0.5,1.0,13.863658716155916,0.0,0.0,0.0,2.0,0.06666666666666667,0.06666666666666667,0.0,0.0,4.0,3.0186921895520564,11.475,35.25,2.0,0.0,0.06666666666666667,0.0,0.06666666666666667,0.315,2.0,6.285328554110008,9.4,18.8,1.0,0.0,0.06666666666666667,0.0,0.0,0.37333333333333335,0.0,0.0,21.0,0.680952380952381,12.0,1.9708333333333332,1.0,4.3,9.0,1.3277777777777777,10.0,0.0,0.0,0.0,5.0,24.85,2.0,23.275,0.0,0.0,4.0,22.75,2.0,20.7
rush_hour_seed1,rush_hour,1,698.25,713.25,104.0,6.0831244354206815,15.801442307692307,36.0,3.75,1.0,13.885547638427234,0.0,0.0,0.0,2.0,0.06666666666666667,0.06666666666666667,0.0,0.0,16.0,6.694085844024056,0.0,0.0,0.0,2.0,0.06666666666666667,0.6666666666666666,-0.7333333333333333,-0.9956,16.0,0.5379352549526311,49.76875,74.45,15.0,0.0,0.06666666666666667,0.0,0.06666666666666667,0.7339166666666667,1.0,13.855231899440987,0.0,0.0,0.0,2.0,0.06666666666666667,0.06666666666666667,0.0,0.0,12.0,7.053874060867419,0.0,0.0,0.0,2.0,0.13333333333333333,0.7333333333333333,-0.3333333333333333,-0.17714285714285713,14.0,0.15648356038814046,48.82857142857143,75.25,13.0,0.0,0.06666666666666667,0.0,0.06666666666666667,0.6865201465201466,1.0,11.975993382814341,0.0,0.0,0.0,2.0,0.06666666666666667,0.0,0.0,0.0,5.0,2.2964575196100645,14.540000000000001,38.0,3.0,0.0,0.06666666666666667,0.0,0.06666666666666667,0.44100000000000006,2.0,1.143668870243065,11.025,22.05,1.0,0.0,0.0,0.0,0.0,0.5,1.0,13.836462350725197,0.0,0.0,0.0,2.0,0.06666666666666667,0.06666666666666667,0.0,0.0,4.0,3.0089420709318544,12.225,36.25,3.0,0.0,0.06666666666666667,0.0,0.13333333333333333,0.3427777777777778,2.0,4.653640188721548,9.9,19.8,1.0,0.0,0.06666666666666667,0.0,0.0,0.34,0.0,0.0,21.0,0.8880952380952382,12.0,0.4791666666666667,1.0,5.3,9.0,1.661111111111111,10.0,0.0,0.0,0.0,5.0,25.65,2.0,24.275,0.0,0.0,4.0,23.75,2.0,21.7
rush_hour_seed1,rush_hour,1,700.25,715.25,101.0,6.157844464713912,16.983663366336632,36.0,1.75,1.0,13.863959090964636,0.0,0.0,0.0,2.0,0.06666666666666667,0.06666666666666667,0.0,0.0,15.0,7.3092020883495215,0.0,0.0,0.0,2.0,0.06666666666666667,0.6666666666666666,-0.5333333333333333,-0.765,16.0,0.7485950988218241,51.64375,76.45,15.0,0.0,0.06666666666666667,0.0,0.06666666666666667,0.7344722222222221,1.0,13.834693938482088,0.0,0.0,0.0,2.0,0.06666666666666667,0.06666666666666667,0.0,0.0,11.0,7.699444351478736,0.0,0.0,0.0,2.0,0.13333333333333333,0.6666666666666666,-0.2,-0.07421052631578948,14.0,0.4340509710307547,50.68571428571429,77.25,13.0,0.0,0.06666666666666667,0.0,0.06666666666666667,0.6872527472527475,0.0,0.0,0.0,0.0,0.0,2.0,0.0,0.06666666666666667,0.0,0.0,5.0,2.4544834114326983,15.74,40.0,3.0,0.0,0.06666666666666667,0.0,0.06666666666666667,0.4543333333333333,2.0,0.22280961562622026,12.025,24.05,1.0,0.0,0.0,0.0,0.0,0.5,1.0,13.873900463372703,0.0,0.0,0.0,2.0,0.06666666666666667,0.0,0.0,0.0,4.0,2.9976268216250137,13.725,38.25,3.0,0.0,0.06666666666666667,0.0,0.13333333333333333,0.3983333333333333,2.0,1.9855107968055434,10.9,21.8,1.0,0.0,0.0,0.0,0.0,0.5,0.0,0.0,22.0,1.3250000000000002,10.0,0.0,1.0,7.3,9.0,2.477777777777778,9.0,0.0,0.0,0.0,5.0,27.52,2.0,26.275,0.0,0.0,4.0,25.75,2.0,23.7
rush_hour_seed1,rush_hour,1,703.25,718.25,99.0,5.935506760739665,18.43838383838384,38.0,1.75,1.0,12.25782,0.0,0.0,0.0,1.0,0.06666666666666667,0.06666666666666667,0.0,0.0,15.0,6.747465244498224,0.0,0.0,0.0,1.0,0.2,0.6,-0.2,-0.33142857142857146,16.0,0.22400232385343682,54.45625,79.45,15.0,0.0,0.06666666666666667,0.0,0.06666666666666667,0.7353055555555557,1.0,13.86784436187125,0.0,0.0,0.0,1.0,0.06666666666666667,0.06666666666666667,0.0,0.0,9.0,7.714209227795668,0.0,0.0,0.0,1.0,0.06666666666666667,0.6666666666666666,0.0,0.0,14.0,0.8967705824541431,53.471428571428575,80.25,13.0,0.0,0.06666666666666667,0.0,0.06666666666666667,0.6883516483516487,0.0,0.0,0.0,0.0,0.0,1.0,0.0,0.06666666666666667,0.0,0.0,5.0,2.7797200023618744,17.65,43.0,4.0,0.0,0.06666666666666667,0.0,0.06666666666666667,0.46499999999999986,2.0,0.011218303574334782,14.275,27.05,2.0,0.0,0.0,0.0,0.06666666666666667,0.55,0.0,0.0,0.0,0.0,0.0,1.0,0.0,0.06666666666666667,0.0,0.0,4.0,2.936900381479495,15.975,41.25,3.0,0.0,0.06666666666666667,0.0,0.06666666666666667,0.44500000000000006,2.0,0.20486819925813507,12.4,24.8,1.0,0.0,0.0,0.0,0.0,0.5,0.0,0.0,23.0,2.241304347826087,9.0,0.0,1.0,10.3,9.0,4.272222222222222,7.0,0.0,0.0,0.0,5.0,30.52,2.0,29.275,0.0,0.0,4.0,28.75,2.0,26.7
rush_hour_seed1,rush_hour,1,704.25,719.25,97.0,5.558641204852597,19.21340206185567,39.0,0.75,0.0,0.0,0.0,0.0,0.0,1.0,0.0,0.06666666666666667,0.0,0.0,15.0,6.057438493441411,0.02,0.3,1.0,1.0,0.2,0.6,-0.06666666666666667,-0.2218412698412698,16.0,0.11798978201210489,55.39375,80.45,15.0,0.0,0.06666666666666667,0.0,0.06666666666666667,0.7355833333333331,1.0,13.837121400595644,0.0,0.0,0.0,1.0,0.06666666666666667,0.06666666666666667,0.0,0.0,9.0,6.480711976633956,0.0,0.0,0.0,1.0,0.06666666666666667,0.6666666666666666,0.0,0.0,14.0,1.0545474890248894,54.4,81.25,13.0,0.0,0.06666666666666667,0.0,0.06666666666666667,0.6887179487179486,0.0,0.0,0.0,0.0,0.0,1.0,0.0,0.06666666666666667,0.0,0.0,5.0,2.769705545622993,18.45,44.0,4.0,0.0,0.06666666666666667,0.0,0.06666666666666667,0.4683333333333332,2.0,0.004012635321488265,15.275,28.05,2.0,0.0,0.0,0.0,0.06666666666666667,0.5833333333333334,0.0,0.0,0.0,0.0,0.0,1.0,0.0,0.06666666666666667,0.0,0.0,4.0,2.2630617396230526,16.725,42.25,3.0,0.0,0.06666666666666667,0.0,0.06666666666666667,0.45055555555555565,2.0,0.07719291032428996,12.9,25.8,1.0,0.0,0.0,0.0,0.0,0.5,0.0,0.0,24.0,2.527083333333333,9.0,0.0,1.0,11.3,9.0,5.033333333333333,7.0,0.0,0.0,0.0,5.0,31.52,2.0,30.275,0.0,0.0,4.0,29.75,2.0,27.7
rush_hour_seed1,rush_hour,1,706.25,721.25,96.0,5.041204233088877,13.752083333333333,33.0,10.75,0.0,0.0,0.0,0.0,0.0,0.0,0.0,0.06666666666666667,0.0,0.0,17.0,5.195499091574366,0.13529411764705881,2.3,1.0,0.0,0.3333333333333333,0.4666666666666667,0.06666666666666667,0.009019607843137255,15.0,0.1786176006484458,40.39333333333333,71.85,11.0,2.0,0.06666666666666667,0.06666666666666667,-0.2,-0.38888888888888906,1.0,7.809545724093409,0.0,0.0,0.0,0.0,0.06666666666666667,0.06666666666666667,0.0,0.0,9.0,4.7220946508708055,0.15555555555555556,1.4,1.0,0.0,0.0,0.5333333333333333,0.06666666666666667,0.01037037037037037,13.0,0.7408255552037002,36.42307692307692,72.15,9.0,2.0,0.06666666666666667,0.06666666666666667,-0.2,-0.6328205128205127,0.0,0.0,0.0,0.0,0.0,0.0,0.0,0.06666666666666667,0.0,0.0,5.0,2.7002959626664937,20.05,46.0,4.0,0.0,0.06666666666666667,0.0,0.06666666666666667,0.475,2.0,0.0005311595018935668,17.275,30.05,2.0,0.0,0.0,0.0,0.06666666666666667,0.6499999999999999,0.0,0.0,0.0,0.0,0.0,0.0,0.0,0.06666666666666667,0.0,0.0,4.0,1.1326956485274464,18.225,44.25,3.0,0.0,0.0,0.0,0.06666666666666667,0.6500000000000001,2.0,0.010025215149752511,14.700000000000001,27.8,2.0,0.0,0.0,0.0,0.06666666666666667,0.5533333333333333,0.0,0.0,25.0,3.2439999999999998,9.0,0.2,0.0,0.0,9.0,6.805555555555555,7.0,0.2642857142857143,0.0,0.0,4.0,1.8375,2.0,32.275,0.0,0.0,3.0,0.0,2.0,29.7
rush_hour_seed1,rush_hour,1,707.25,722.25,94.0,4.803675365616585,12.084042553191491,30.0,9.75,0.0,0.0,0.0,0.0,0.0,0.0,0.0,0.06666666666666667,0.0,0.0,17.0,4.770641147940075,0.1941176470588235,3.3,1.0,0.0,0.3333333333333333,0.4666666666666667,0.06666666666666667,0.012941176470588234,15.0,0.4879184981353041,31.516666666666666,69.15,9.0,2.0,0.06666666666666667,0.06666666666666667,-0.3333333333333333,-1.0428888888888888,1.0,3.3095457240934145,0.0,0.0,0.0,0.0,0.06666666666666667,0.06666666666666667,0.0,0.0,9.0,4.031317859105998,0.26666666666666666,2.4,1.0,0.0,0.0,0.5333333333333333,0.06666666666666667,0.017777777777777778,13.0,0.8436913589521994,31.48846153846154,70.95,8.0,2.0,0.06666666666666667,0.06666666666666667,-0.26666666666666666,-1.0233333333333332,0.0,0.0,0.0,0.0,0.0,0.0,0.0,0.06666666666666667,0.0,0.0,5.0,2.041053286533133,20.85,47.0,4.0,0.0,0.06666666666666667,0.0,0.06666666666666667,0.4783333333333334,2.0,0.00019674543840700616,18.275,31.05,2.0,0.0,0.0,0.0,0.06666666666666667,0.6833333333333332,0.0,0.0,0.0,0.0,0.0,0.0,0.0,0.06666666666666667,0.0,0.0,4.0,0.7133220272202804,18.975,45.25,3.0,0.0,0.0,0.0,0.06666666666666667,0.6666666666666667,2.0,0.003647812007997618,15.700000000000001,28.8,2.0,0.0,0.0,0.0,0.06666666666666667,0.5866666666666667,0.0,0.0,25.0,3.6839999999999997,9.0,0.3111111111111111,0.0,0.0,9.0,7.805555555555555,7.0,0.40714285714285714,0.0,0.0,4.0,0.0,2.0,33.275,0.0,0.0,3.0,0.0,2.0,30.7
rush_hour_seed1,rush_hour,1,708.25,723.25,94.0,4.707724638373158,10.14840425531915,29.0,8.75,0.0,0.0,0.0,0.0,0.0,0.0,0.0,0.06666666666666667,0.0,0.0,18.0,4.405559262818044,0.23888888888888887,4.3,1.0,0.0,0.4,0.4,0.06666666666666667,0.015925925925925923,15.0,0.9682656413960701,27.490000000000002,68.75,9.0,2.0,0.06666666666666667,0.06666666666666667,-0.3333333333333333,-1.3735555555555554,1.0,0.0,0.3,0.3,1.0,0.0,0.06666666666666667,0.06666666666666667,0.06666666666666667,0.02,9.0,3.4080038083892545,0.37777777777777777,3.4,1.0,0.0,0.0,0.4666666666666667,0.06666666666666667,0.025185185185185185,12.0,0.811310062465331,22.875,69.45,6.0,2.0,0.06666666666666667,0.13333333333333333,-0.4,-1.6591025641025638,0.0,0.0,0.0,0.0,0.0,0.0,0.0,0.06666666666666667,0.0,0.0,5.0,1.4450411129936083,21.65,48.0,4.0,0.0,0.06666666666666667,0.0,0.06666666666666667,0.4816666666666665,2.0,7.134937925402974e-05,19.275,32.05,2.0,0.0,0.0,0.0,0.06666666666666667,0.7166666666666666,0.0,0.0,0.0,0.0,0.0,0.0,0.0,0.06666666666666667,0.0,0.0,4.0,0.41041907488301554,19.725,46.25,3.0,0.0,0.0,0.0,0.06666666666666667,0.6833333333333335,2.0,0.0013331436080263005,16.7,29.8,2.0,0.0,0.0,0.0,0.06666666666666667,0.6199999999999999,0.0,0.0,25.0,4.16,9.0,0.4222222222222222,0.0,0.0,9.0,8.805555555555555,7.0,0.55,0.0,0.0,4.0,0.0,2.0,34.275,0.0,0.0,3.0,0.0,2.0,31.7
rush_hour_seed1,rush_hour,1,709.25,724.25,93.0,4.5523551095019625,7.594086021505376,27.0,7.75,0.0,0.0,0.0,0.0,0.0,0.0,0.0,0.06666666666666667,0.0,0.0,19.0,4.0381689868872455,0.31842105263157894,5.3,2.0,0.0,0.4666666666666667,0.4,0.13333333333333333,0.021228070175438596,14.0,1.2029798169699075,20.235714285714288,66.95,7.0,2.0,0.0,0.13333333333333333,-0.5333333333333333,-1.7188690476190474,1.0,0.0,1.3,1.3,1.0,0.0,0.0,0.0,0.06666666666666667,0.08666666666666667,9.0,2.8035265846866455,0.49444444444444446,4.4,2.0,0.0,0.0,0.4,0.13333333333333333,0.032962962962962965,12.0,1.2678187561916139,11.754166666666665,55.8,4.0,2.0,0.06666666666666667,0.13333333333333333,-0.5333333333333333,-2.4620299145299147,0.0,0.0,0.0,0.0,0.0,0.0,0.0,0.06666666666666667,0.0,0.0,5.0,0.923860592614907,22.45,49.0,4.0,0.0,0.06666666666666667,0.0,0.06666666666666667,0.48499999999999993,2.0,2.5538022450401088e-05,20.275,33.05,2.0,0.0,0.0,0.0,0.06666666666666667,0.7499999999999999,0.0,0.0,0.0,0.0,0.0,0.0,0.0,0.06666666666666667,0.0,0.0,4.0,0.21580065993002784,20.475,47.25,3.0,0.0,0.0,0.0,0.06666666666666667,0.7000000000000001,2.0,0.0004798998856502102,17.7,30.8,2.0,0.0,0.0,0.0,0.06666666666666667,0.6533333333333332,0.0,0.0,26.0,4.492307692307692,9.0,0.6111111111111112,0.0,0.0,9.0,9.805555555555555,7.0,0.7928571428571428,0.0,0.0,3.0,0.0,2.0,35.275,0.0,0.0,2.0,0.0,2.0,32.7
rush_hour_seed1,rush_hour,1,710.25,725.25,91.0,4.4802266625759835,5.951648351648352,24.0,6.75,0.0,0.0,0.0,0.0,0.0,0.0,0.0,0.06666666666666667,0.0,0.0,19.0,3.723164622815348,0.42368421052631583,6.3,2.0,0.0,0.4666666666666667,0.3333333333333333,0.13333333333333333,0.028245614035087723,13.0,1.4394306265263799,11.957692307692307,57.8,5.0,2.0,0.0,0.2,-0.6666666666666666,-2.3332371794871793,1.0,0.0,2.3,2.3,1.0,0.0,0.0,0.0,0.06666666666666667,0.15333333333333332,9.0,2.274042857776849,0.7166666666666667,5.4,2.0,0.0,0.0,0.3333333333333333,0.13333333333333333,0.04777777777777778,12.0,1.94382202576121,7.354166666666667,45.05,3.0,2.0,0.06666666666666667,0.13333333333333333,-0.6,-2.8169017094017095,0.0,0.0,0.0,0.0,0.0,0.0,0.0,0.06666666666666667,0.0,0.0,5.0,0.5198887242691247,23.25,50.0,4.0,0.0,0.06666666666666667,0.0,0.06666666666666667,0.4883333333333333,2.0,9.247165544515517e-06,21.275,34.05,2.0,0.0,0.0,0.0,0.06666666666666667,0.7833333333333332,0.0,0.0,0.0,0.0,0.0,0.0,0.0,0.06666666666666667,0.0,0.0,4.0,0.10609245999775381,21.225,48.25,3.0,0.0,0.0,0.0,0.06666666666666667,0.7166666666666668,2.0,0.0001741380429095867,18.7,31.8,2.0,0.0,0.0,0.0,0.06666666666666667,0.6866666666666666,0.0,0.0,27.0,4.818518518518518,9.0,0.8333333333333334,0.0,0.0,9.0,10.805555555555555,7.0,1.0785714285714285,0.0,0.0,2.0,0.0,2.0,36.275,0.0,0.0,2.0,0.0,2.0,33.7
rush_hour_seed1,rush_hour,1,711.25,726.25,91.0,4.588307768694941,4.753296703296703,24.0,5.75,0.0,0.0,0.0,0.0,0.0,0.0,0.0,0.06666666666666667,0.0,0.0,20.0,3.453316107882819,0.53,7.3,3.0,0.0,0.5333333333333333,0.26666666666666666,0.2,0.035333333333333335,13.0,2.2080374461272245,7.81923076923077,46.35,4.0,2.0,0.0,0.2,-0.7333333333333333,-2.671634615384615,1.0,0.0,3.3,3.3,1.0,0.0,0.0,0.0,0.06666666666666667,0.22,9.0,1.794611028218397,0.9944444444444444,6.4,3.0,0.0,0.0,0.3333333333333333,0.2,0.06629629629629628,11.0,2.3185622825857752,1.45,15.7,2.0,2.0,0.06666666666666667,0.2,-0.7333333333333333,-3.275641025641026,0.0,0.0,0.0,0.0,0.0,0.0,0.0,0.06666666666666667,0.0,0.0,5.0,0.2499966089776681,24.05,51.0,4.0,0.0,0.0,0.0,0.06666666666666667,0.7140000000000001,2.0,3.4194346896391043e-06,22.275,35.05,2.0,0.0,0.0,0.0,0.06666666666666667,0.8166666666666665,0.0,0.0,0.0,0.0,0.0,0.0,0.0,0.06666666666666667,0.0,0.0,4.0,0.050651880653052955,21.975,49.25,3.0,0.0,0.0,0.0,0.06666666666666667,0.7333333333333335,2.0,6.31102708940807e-05,19.7,32.8,2.0,0.0,0.0,0.0,0.06666666666666667,0.72,0.0,0.0,27.0,5.337037037037037,9.0,1.1166666666666667,0.0,0.0,9.0,11.805555555555555,7.0,1.3642857142857143,0.0,0.0,2.0,0.0,2.0,37.275,0.0,0.0,1.0,0.0,2.0,34.7
rush_hour_seed1,rush_hour,1,712.25,727.25,91.0,4.674949373226841,3.9274725274725273,22.0,4.75,0.0,0.0,0.0,0.0,0.0,0.0,0.0,0.06666666666666667,0.0,0.0,21.0,3.1746098322618326,0.680952380952381,8.3,4.0,0.0,0.5333333333333333,0.26666666666666666,0.26666666666666666,0.0453968253968254,12.0,2.598001075357653,1.9708333333333332,18.9,2.0,2.0,0.0,0.26666666666666666,-0.8666666666666667,-3.1240277777777776,1.0,0.0,4.3,4.3,1.0,0.0,0.0,0.0,0.06666666666666667,0.2866666666666667,9.0,1.3855380022004367,1.3277777777777777,7.4,3.0,0.0,0.0,0.26666666666666666,0.2,0.08851851851851851,10.0,2.759820907341905,0.0,0.0,0.0,2.0,0.06666666666666667,0.26666666666666666,-0.8666666666666667,-3.438974358974359,0.0,0.0,0.0,0.0,0.0,0.0,0.0,0.06666666666666667,0.0,0.0,5.0,0.10602731363037717,24.85,52.0,4.0,0.0,0.0,0.0,0.06666666666666667,0.7273333333333334,2.0,0.0,23.275,36.05,2.0,0.0,0.0,0.0,0.06666666666666667,0.8499999999999999,0.0,0.0,0.0,0.0,0.0,0.0,0.0,0.06666666666666667,0.0,0.0,4.0,0.02305298223503737,22.75,50.25,4.0,0.0,0.0,0.0,0.13333333333333333,0.7516666666666667,2.0,2.3123154537596812e-05,20.7,33.8,2.0,0.0,0.0,0.0,0.06666666666666667,0.7533333333333333,0.0,0.0,27.0,5.887037037037037,9.0,1.4777777777777779,0.0,0.0,9.0,12.805555555555555,7.0,1.7214285714285715,0.0,0.0,1.0,0.0,2.0,38.275,0.0,0.0,1.0,0.0,2.0,35.7
rush_hour_seed1,rush_hour,1,713.25,728.25,90.0,4.848434741441281,3.9983333333333335,22.0,3.75,0.0,0.0,0.0,0.0,0.0,0.0,0.0,0.06666666666666667,0.0,0.0,21.0,2.9525346182721073,0.8880952380952382,9.3,5.0,0.0,0.5333333333333333,0.2,0.3333333333333333,0.059206349206349214,12.0,3.3937113906632015,0.4791666666666667,5.75,1.0,2.0,0.0,0.26666666666666666,-0.9333333333333333,-3.285972222222222,1.0,0.0,5.3,5.3,1.0,0.0,0.0,0.0,0.06666666666666667,0.35333333333333333,9.0,1.0228591668767792,1.661111111111111,8.4,3.0,0.0,0.0,0.2,0.2,0.11074074074074074,10.0,3.8590483874123493,0.0,0.0,0.0,2.0,0.0,0.26666666666666666,-0.8666666666666667,-3.2552380952380955,0.0,0.0,0.0,0.0,0.0,0.0,0.0,0.06666666666666667,0.0,0.0,5.0,0.0411813052429922,25.65,53.0,4.0,0.0,0.0,0.0,0.06666666666666667,0.7406666666666665,2.0,0.0,24.275,37.05,2.0,0.0,0.0,0.0,0.06666666666666667,0.8833333333333332,0.0,0.0,0.0,0.0,0.0,0.0,0.0,0.06666666666666667,0.0,0.0,4.0,0.010594025562594188,23.75,51.25,4.0,0.0,0.0,0.0,0.06666666666666667,0.7683333333333333,2.0,8.530670130879e-06,21.7,34.8,2.0,0.0,0.0,0.0,0.06666666666666667,0.7866666666666666,0.0,0.0,28.0,6.2124999999999995,9.0,1.9222222222222223,0.0,0.0,9.0,13.805555555555555,7.0,2.1928571428571426,0.0,0.0,1.0,0.0,2.0,39.275,0.0,0.0,0.0,0.0,2.0,36.7
