run_id,scenario_name,seed,simulation_time,target_time,total_vehicle_count,average_speed,average_waiting_time,stopped_vehicle_count,seconds_until_next_signal_switch,N_in_0__vehicle_count,N_in_0__average_speed,N_in_0__average_waiting_time,N_in_0__max_waiting_time,N_in_0__stopped_vehicle_count,N_in_0__current_signal_state,N_in_0__arrival_rate,N_in_0__departure_rate,N_in_0__stopped_vehicle_count_trend,N_in_0__waiting_time_trend,N_in_1__vehicle_count,N_in_1__average_speed,N_in_1__average_waiting_time,N_in_1__max_waiting_time,N_in_1__stopped_vehicle_count,N_in_1__current_signal_state,N_in_1__arrival_rate,N_in_1__departure_rate,N_in_1__stopped_vehicle_count_trend,N_in_1__waiting_time_trend,N_in_2__vehicle_count,N_in_2__average_speed,N_in_2__average_waiting_time,N_in_2__max_waiting_time,N_in_2__stopped_vehicle_count,N_in_2__current_signal_state,N_in_2__arrival_rate,N_in_2__departure_rate,N_in_2__stopped_vehicle_count_trend,N_in_2__waiting_time_trend,S_in_0__vehicle_count,S_in_0__average_speed,S_in_0__average_waiting_time,S_in_0__max_waiting_time,S_in_0__stopped_vehicle_count,S_in_0__current_signal_state,S_in_0__arrival_rate,S_in_0__departure_rate,S_in_0__stopped_vehicle_count_trend,S_in_0__waiting_time_trend,S_in_1__vehicle_count,S_in_1__average_speed,S_in_1__average_waiting_time,S_in_1__max_waiting_time,S_in_1__stopped_vehicle_count,S_in_1__current_signal_state,S_in_1__arrival_rate,S_in_1__departure_rate,S_in_1__stopped_vehicle_count_trend,S_in_1__waiting_time_trend,S_in_2__vehicle_count,S_in_2__average_speed,S_in_2__average_waiting_time,S_in_2__max_waiting_time,S_in_2__stopped_vehicle_count,S_in_2__current_signal_state,S_in_2__arrival_rate,S_in_2__departure_rate,S_in_2__stopped_vehicle_count_trend,S_in_2__waiting_time_trend,E_in_0__vehicle_count,E_in_0__average_speed,E_in_0__average_waiting_time,E_in_0__max_waiting_time,E_in_0__stopped_vehicle_count,E_in_0__current_signal_state,E_in_0__arrival_rate,E_in_0__departure_rate,E_in_0__stopped_vehicle_count_trend,E_in_0__waiting_time_trend,E_in_1__vehicle_count,E_in_1__average_speed,E_in_1__average_waiting_time,E_in_1__max_waiting_time,E_in_1__stopped_vehicle_count,E_in_1__current_signal_state,E_in_1__arrival_rate,E_in_1__departure_rate,E_in_1__stopped_vehicle_count_trend,E_in_1__waiting_time_trend,E_in_2__vehicle_count,E_in_2__average_speed,E_in_2__average_waiting_time,E_in_2__max_waiting_time,E_in_2__stopped_vehicle_count,E_in_2__current_signal_state,E_in_2__arrival_rate,E_in_2__departure_rate,E_in_2__stopped_vehicle_count_trend,E_in_2__waiting_time_trend,W_in_0__vehicle_count,W_in_0__average_speed,W_in_0__average_waiting_time,W_in_0__max_waiting_time,W_in_0__stopped_vehicle_count,W_in_0__current_signal_state,W_in_0__arrival_rate,W_in_0__departure_rate,W_in_0__stopped_vehicle_count_trend,W_in_0__waiting_time_trend,W_in_1__vehicle_count,W_in_1__average_speed,W_in_1__average_waiting_time,W_in_1__max_waiting_time,W_in_1__stopped_vehicle_count,W_in_1__current_signal_state,W_in_1__arrival_rate,W_in_1__departure_rate,W_in_1__stopped_vehicle_count_trend,W_in_1__waiting_time_trend,W_in_2__vehicle_count,W_in_2__average_speed,W_in_2__average_waiting_time,W_in_2__max_waiting_time,W_in_2__stopped_vehicle_count,W_in_2__current_signal_state,W_in_2__arrival_rate,W_in_2__departure_rate,W_in_2__stopped_vehicle_count_trend,W_in_2__waiting_time_trend,N_in_0__target__vehicle_count,N_in_0__target__average_waiting_time,N_in_1__target__vehicle_count,N_in_1__target__average_waiting_time,N_in_2__target__vehicle_count,N_in_2__target__average_waiting_time,S_in_0__target__vehicle_count,S_in_0__target__average_waiting_time,S_in_1__target__vehicle_count,S_in_1__target__average_waiting_time,S_in_2__target__vehicle_count,S_in_2__target__average_waiting_time,E_in_0__target__vehicle_count,E_in_0__target__average_waiting_time,E_in_1__target__vehicle_count,E_in_1__target__average_waiting_time,E_in_2__target__vehicle_count,E_in_2__target__average_waiting_time,W_in_0__target__vehicle_count,W_in_0__target__average_waiting_time,W_in_1__target__vehicle_count,W_in_1__target__average_waiting_time,W_in_2__target__vehicle_count,W_in_2__target__average_waiting_time
west_heavy_seed1,west_heavy,1,0.05,15.15,12.0,13.391500500000001,0.0,0.0,29.95,1.0,12.0,0.0,0.0,0.0,2.0,0.0,0.0,0.0,0.0,1.0,13.677483,0.0,0.0,0.0,2.0,0.0,0.0,0.0,0.0,1.0,13.89,0.0,0.0,0.0,0.0,0.0,0.0,0.0,0.0,1.0,13.89,0.0,0.0,0.0,2.0,0.0,0.0,0.0,0.0,1.0,13.89,0.0,0.0,0.0,2.0,0.0,0.0,0.0,0.0,1.0,11.964846000000001,0.0,0.0,0.0,0.0,0.0,0.0,0.0,0.0,1.0,13.89,0.0,0.0,0.0,2.0,0.0,0.0,0.0,0.0,1.0,13.576086000000002,0.0,0.0,0.0,0.0,0.0,0.0,0.0,0.0,1.0,12.300984000000001,0.0,0.0,0.0,0.0,0.0,0.0,0.0,0.0,1.0,13.838607,0.0,0.0,0.0,2.0,0.0,0.0,0.0,0.0,1.0,13.89,0.0,0.0,0.0,0.0,0.0,0.0,0.0,0.0,1.0,13.89,0.0,0.0,0.0,0.0,0.0,0.0,0.0,0.0,4.0,0.0,3.0,0.0,5.0,0.22000000000000003,3.0,0.0,3.0,0.0,5.0,0.0,3.0,0.0,5.0,0.16999999999999998,5.0,0.0,3.0,0.0,5.0,0.62,5.0,0.22000000000000003
west_heavy_seed1,west_heavy,1,2.1,17.2,32.0,12.880390869104087,0.0,0.0,27.9,2.0,12.017759727705169,0.0,0.0,0.0,2.0,0.0,0.0,0.0,0.0,2.0,13.071890385733854,0.0,0.0,0.0,2.0,0.0,0.0,0.0,0.0,3.0,12.945186319854384,0.0,0.0,0.0,0.0,0.0,0.0,0.0,0.0,3.0,12.946072921215203,0.0,0.0,0.0,2.0,0.0,0.0,0.0,0.0,3.0,13.60102743602362,0.0,0.0,0.0,2.0,0.0,0.0,0.0,0.0,2.0,12.004040544570056,0.0,0.0,0.0,0.0,0.0,0.0,0.0,0.0,3.0,12.074559486910685,0.0,0.0,0.0,2.0,0.0,0.0,0.0,0.0,3.0,12.733307525047062,0.0,0.0,0.0,0.0,0.0,0.0,0.0,0.0,2.0,12.268233399252264,0.0,0.0,0.0,0.0,0.0,0.0,0.0,0.0,3.0,12.507011112025216,0.0,0.0,0.0,2.0,0.0,0.0,0.0,0.0,3.0,14.752532304616885,0.0,0.0,0.0,0.0,0.0,0.0,0.0,0.0,3.0,12.923189459909642,0.0,0.0,0.0,0.0,0.0,0.0,0.0,0.0,3.0,0.0,3.0,0.0,5.0,0.63,3.0,0.0,3.0,0.0,5.0,0.24,3.0,0.0,5.0,0.58,5.0,0.33999999999999997,4.0,0.0,6.0,1.0083333333333335,6.0,0.6083333333333333
west_heavy_seed1,west_heavy,1,3.1,18.2,36.0,12.677619247162504,0.0,0.0,26.9,3.0,11.681985527524839,0.0,0.0,0.0,2.0,0.0,0.0,0.0,0.0,3.0,12.42057434308447,0.0,0.0,0.0,2.0,0.0,0.0,0.0,0.0,3.0,12.945396939766562,0.0,0.0,0.0,0.0,0.0,0.0,0.0,0.0,3.0,12.950536723785092,0.0,0.0,0.0,2.0,0.0,0.0,0.0,0.0,3.0,13.592259906702404,0.0,0.0,0.0,2.0,0.0,0.0,0.0,0.0,3.0,11.697961773502998,0.0,0.0,0.0,0.0,0.0,0.0,0.0,0.0,3.0,12.08700712750771,0.0,0.0,0.0,2.0,0.0,0.0,0.0,0.0,3.0,12.72975175774038,0.0,0.0,0.0,0.0,0.0,0.0,0.0,0.0,3.0,11.8469946775897,0.0,0.0,0.0,0.0,0.0,0.0,0.0,0.0,3.0,12.514409094526172,0.0,0.0,0.0,2.0,0.0,0.0,0.0,0.0,3.0,14.710685399090336,0.0,0.0,0.0,0.0,0.0,0.0,0.0,0.0,3.0,12.953867695129384,0.0,0.0,0.0,0.0,0.0,0.0,0.0,0.0,3.0,0.0,2.0,0.0,5.0,0.9200000000000002,2.0,0.0,2.0,0.0,5.0,0.44000000000000006,3.0,0.0,5.0,0.82,5.0,0.56,3.0,0.0,6.0,1.3416666666666668,6.0,0.9416666666666668
west_heavy_seed1,west_heavy,1,4.15,19.2,36.0,12.684630698270759,0.0,0.0,25.85,3.0,11.70582233939516,0.0,0.0,0.0,2.0,0.0,0.0,0.0,0.0,3.0,12.402568895561423,0.0,0.0,0.0,2.0,0.0,0.0,0.0,0.0,3.0,12.965131847566,0.0,0.0,0.0,0.0,0.0,0.0,0.0,0.0,3.0,12.947989402005225,0.0,0.0,0.0,2.0,0.0,0.0,0.0,0.0,3.0,13.582959081717496,0.0,0.0,0.0,2.0,0.0,0.0,0.0,0.0,3.0,11.690373833453634,0.0,0.0,0.0,0.0,0.0,0.0,0.0,0.0,3.0,12.12435957648921,0.0,0.0,0.0,2.0,0.0,0.0,0.0,0.0,3.0,12.736446827529925,0.0,0.0,0.0,0.0,0.0,0.0,0.0,0.0,3.0,11.907541792546397,0.0,0.0,0.0,0.0,0.0,0.0,0.0,0.0,3.0,12.49313504718125,0.0,0.0,0.0,2.0,0.0,0.0,0.0,0.0,3.0,14.737640278957016,0.0,0.0,0.0,0.0,0.0,0.0,0.0,0.0,3.0,12.921599456846367,0.0,0.0,0.0,0.0,0.0,0.0,0.0,0.0,2.0,0.0,2.0,0.0,5.0,1.32,2.0,0.0,2.0,0.0,5.0,0.64,3.0,0.0,5.0,1.2200000000000002,5.0,0.9600000000000002,3.0,0.0,6.0,1.675,6.0,1.2750000000000001
west_heavy_seed1,west_heavy,1,5.15,20.2,38.0,12.655304214434588,0.0,0.0,24.85,3.0,11.686447454291516,0.0,0.0,0.0,2.0,0.0,0.0,0.0,0.0,3.0,12.420336851073698,0.0,0.0,0.0,2.0,0.0,0.0,0.0,0.0,3.0,12.931363037431778,0.0,0.0,0.0,0.0,0.0,0.0,0.0,0.0,3.0,12.92417650444804,0.0,0.0,0.0,2.0,0.0,0.0,0.0,0.0,4.0,13.30723532714756,0.0,0.0,0.0,2.0,0.0,0.0,0.0,0.0,3.0,11.672261152361619,0.0,0.0,0.0,0.0,0.0,0.0,0.0,0.0,3.0,12.077238700287076,0.0,0.0,0.0,2.0,0.0,0.0,0.0,0.0,3.0,12.704838627439685,0.0,0.0,0.0,0.0,0.0,0.0,0.0,0.0,3.0,11.868393549568529,0.0,0.0,0.0,0.0,0.0,0.0,0.0,0.0,3.0,12.504291269088215,0.0,0.0,0.0,2.0,0.0,0.0,0.0,0.0,4.0,14.143755583435592,0.0,0.0,0.0,0.0,0.0,0.0,0.0,0.0,3.0,12.90985168940376,0.0,0.0,0.0,0.0,0.0,0.0,0.0,0.0,2.0,0.0,1.0,0.0,5.0,1.7200000000000002,2.0,0.0,1.0,0.0,5.0,0.9800000000000001,3.0,0.0,5.0,1.6200000000000003,5.0,1.36,3.0,0.0,6.0,2.0083333333333333,6.0,1.6083333333333334
west_heavy_seed1,west_heavy,1,6.15,21.2,48.0,12.518215492048292,0.0,0.0,23.85,4.0,11.69381457442404,0.0,0.0,0.0,2.0,0.0,0.0,0.0,0.0,4.0,12.341565896469312,0.0,0.0,0.0,2.0,0.0,0.0,0.0,0.0,4.0,12.761732172628589,0.0,0.0,0.0,0.0,0.0,0.0,0.0,0.0,4.0,12.752791563191467,0.0,0.0,0.0,2.0,0.0,0.0,0.0,0.0,4.0,13.254855150629954,0.0,0.0,0.0,2.0,0.0,0.0,0.0,0.0,4.0,11.661313089209763,0.0,0.0,0.0,0.0,0.0,0.0,0.0,0.0,4.0,12.083170951917538,0.0,0.0,0.0,2.0,0.0,0.0,0.0,0.0,4.0,12.565277742486423,0.0,0.0,0.0,0.0,0.0,0.0,0.0,0.0,4.0,11.838612668871589,0.0,0.0,0.0,0.0,0.0,0.0,0.0,0.0,4.0,12.442087317370524,0.0,0.0,0.0,2.0,0.0,0.0,0.0,0.0,4.0,14.073423460949995,0.0,0.0,0.0,0.0,0.0,0.0,0.0,0.0,4.0,12.749941316430306,0.0,0.0,0.0,0.0,0.0,0.0,0.0,0.0,1.0,0.0,1.0,0.0,5.0,2.12,1.0,0.0,1.0,0.0,5.0,1.3800000000000001,3.0,0.0,5.0,2.0200000000000005,5.0,1.7600000000000002,2.0,0.0,6.0,2.341666666666667,6.0,1.9416666666666667
west_heavy_seed1,west_heavy,1,7.15,22.2,50.0,12.411698754825807,0.0,0.0,22.85,4.0,11.666750641994469,0.0,0.0,0.0,2.0,0.0,0.0,0.0,0.0,4.0,12.312048476701815,0.0,0.0,0.0,2.0,0.0,0.0,0.0,0.0,4.0,12.68990379701319,0.0,0.0,0.0,0.0,0.0,0.0,0.0,0.0,4.0,12.714819400750926,0.0,0.0,0.0,2.0,0.0,0.0,0.0,0.0,5.0,12.775286265238325,0.0,0.0,0.0,2.0,0.0,0.0,0.0,0.0,4.0,11.640700653869555,0.0,0.0,0.0,0.0,0.0,0.0,0.0,0.0,4.0,11.87812710888597,0.0,0.0,0.0,2.0,0.0,0.0,0.0,0.0,4.0,12.551930433316002,0.0,0.0,0.0,0.0,0.0,0.0,0.0,0.0,4.0,11.804912839548122,0.0,0.0,0.0,0.0,0.0,0.0,0.0,0.0,4.0,12.379182268638996,0.0,0.0,0.0,2.0,0.0,0.0,0.0,0.0,5.0,13.454850950232958,0.0,0.0,0.0,0.0,0.0,0.0,0.0,0.0,4.0,12.72018729526442,0.0,0.0,0.0,0.0,0.0,0.0,0.0,0.0,1.0,0.0,1.0,0.0,5.0,2.5200000000000005,1.0,0.0,1.0,0.0,5.0,1.78,2.0,0.0,5.0,2.4200000000000004,5.0,2.16,2.0,0.0,6.0,2.7083333333333335,6.0,2.275
west_heavy_seed1,west_heavy,1,8.15,23.2,59.0,12.170196196218685,0.0,0.0,21.85,5.0,11.504803431897043,0.0,0.0,0.0,2.0,0.0,0.0,0.0,0.0,5.0,12.030211921454534,0.0,0.0,0.0,2.0,0.0,0.0,0.0,0.0,5.0,12.332968590581306,0.0,0.0,0.0,0.0,0.0,0.0,0.0,0.0,5.0,12.359354667687255,0.0,0.0,0.0,2.0,0.0,0.0,0.0,0.0,5.0,12.738234644728045,0.0,0.0,0.0,2.0,0.0,0.0,0.0,0.0,5.0,11.522156412317473,0.0,0.0,0.0,0.0,0.0,0.0,0.0,0.0,4.0,11.743518754863118,0.0,0.0,0.0,2.0,0.0,0.0,0.0,0.0,5.0,12.207301194979747,0.0,0.0,0.0,0.0,0.0,0.0,0.0,0.0,5.0,11.677435094027423,0.0,0.0,0.0,0.0,0.0,0.0,0.0,0.0,5.0,12.093822602132903,0.0,0.0,0.0,2.0,0.0,0.0,0.0,0.0,5.0,13.4075298777266,0.0,0.0,0.0,0.0,0.0,0.0,0.0,0.0,5.0,12.339681673957653,0.0,0.0,0.0,0.0,0.0,0.0,0.0,0.0,0.0,0.0,0.0,0.0,5.0,3.0700000000000003,1.0,0.0,0.0,0.0,5.0,2.18,2.0,0.0,5.0,2.95,5.0,2.62,2.0,0.0,6.0,3.2083333333333335,6.0,2.7416666666666667
west_heavy_seed1,west_heavy,1,9.15,24.2,60.0,12.11208692292057,0.0,0.0,20.85,5.0,11.500669459432373,0.0,0.0,0.0,2.0,0.0,0.0,0.0,0.0,5.0,11.995274049713917,0.0,0.0,0.0,2.0,0.0,0.0,0.0,0.0,5.0,12.32685337898879,0.0,0.0,0.0,0.0,0.0,0.0,0.0,0.0,5.0,12.325745215190231,0.0,0.0,0.0,2.0,0.0,0.0,0.0,0.0,5.0,12.716868977307673,0.0,0.0,0.0,2.0,0.0,0.0,0.0,0.0,5.0,11.498932837777392,0.0,0.0,0.0,0.0,0.0,0.0,0.0,0.0,5.0,11.490831884667175,0.0,0.0,0.0,2.0,0.0,0.0,0.0,0.0,5.0,12.189512907372976,0.0,0.0,0.0,0.0,0.0,0.0,0.0,0.0,5.0,11.63642817025517,0.0,0.0,0.0,0.0,0.0,0.0,0.0,0.0,5.0,12.060891844426726,0.0,0.0,0.0,2.0,0.0,0.0,0.0,0.0,5.0,13.274165555966212,0.0,0.0,0.0,0.0,0.0,0.0,0.0,0.0,5.0,12.328868793948203,0.0,0.0,0.0,0.0,0.0,0.0,0.0,0.0,0.0,0.0,0.0,0.0,5.0,3.6700000000000004,0.0,0.0,0.0,0.0,5.0,2.76,2.0,0.0,5.0,3.55,5.0,3.2199999999999998,1.0,0.0,6.0,3.7083333333333335,6.0,3.2416666666666667
west_heavy_seed1,west_heavy,1,10.15,25.2,60.0,11.916216284083585,0.0,0.0,19.85,5.0,11.490783992292672,0.0,0.0,0.0,2.0,0.0,0.0,0.0,0.0,5.0,11.98732764398914,0.0,0.0,0.0,2.0,0.0,0.0,0.0,0.0,5.0,12.282397116071742,0.0,0.0,0.0,0.0,0.0,0.0,0.0,0.0,5.0,12.291056455330638,0.0,0.0,0.0,2.0,0.0,0.0,0.0,0.0,5.0,12.684707269112717,0.0,0.0,0.0,2.0,0.0,0.0,0.0,0.0,5.0,11.482354728515265,0.0,0.0,0.0,0.0,0.0,0.0,0.0,0.0,5.0,11.318715156549843,0.0,0.0,0.0,2.0,0.0,0.0,0.0,0.0,5.0,12.166566030254168,0.0,0.0,0.0,0.0,0.0,0.0,0.0,0.0,5.0,11.611738139643894,0.0,0.0,0.0,0.0,0.0,0.0,0.0,0.0,5.0,12.028762375085346,0.0,0.0,0.0,2.0,0.0,0.0,0.0,0.0,5.0,11.352812765701154,0.0,0.0,0.0,0.0,0.0,0.0,0.0,0.0,5.0,12.297373736456445,0.0,0.0,0.0,0.0,0.0,0.0,0.0,0.0,0.0,0.0,0.0,0.0,5.0,4.2700000000000005,0.0,0.0,0.0,0.0,5.0,3.3600000000000003,1.0,0.0,5.0,4.15,5.0,3.8199999999999994,1.0,0.0,6.0,4.2250000000000005,6.0,3.7416666666666667
west_heavy_seed1,west_heavy,1,11.15,26.2,60.0,11.699788235125935,0.0,0.0,18.85,5.0,11.473330376849816,0.0,0.0,0.0,2.0,0.0,0.0,0.0,0.0,5.0,11.944572805183324,0.0,0.0,0.0,2.0,0.0,0.0,0.0,0.0,5.0,12.064285790548173,0.0,0.0,0.0,0.0,0.0,0.0,0.0,0.0,5.0,12.270403361062154,0.0,0.0,0.0,2.0,0.0,0.0,0.0,0.0,4.0,11.878330058993644,0.0,0.0,0.0,2.0,0.0,0.0,0.0,0.0,5.0,11.458207130370136,0.0,0.0,0.0,0.0,0.0,0.0,0.0,0.0,5.0,11.204423584370597,0.0,0.0,0.0,2.0,0.0,0.0,0.0,0.0,5.0,12.135643113520919,0.0,0.0,0.0,0.0,0.0,0.0,0.0,0.0,5.0,11.614000706875668,0.0,0.0,0.0,0.0,0.0,0.0,0.0,0.0,5.0,12.003806106630078,0.0,0.0,0.0,2.0,0.0,0.0,0.0,0.0,5.0,9.500571508857574,0.0,0.0,0.0,0.0,0.0,0.0,0.0,0.0,5.0,12.05506217586668,0.0,0.0,0.0,0.0,0.0,0.0,0.0,0.0,0.0,0.0,0.0,0.0,5.0,5.0200000000000005,0.0,0.0,0.0,0.0,5.0,3.96,1.0,0.0,5.0,4.869999999999999,5.0,4.47,1.0,0.0,6.0,4.891666666666667,6.0,4.366666666666666
west_heavy_seed1,west_heavy,1,12.15,27.2,60.0,11.113171855439283,0.0016666666666666668,1.0,17.85,5.0,11.468950605909507,0.0,0.0,0.0,2.0,0.0,0.0,0.0,0.0,5.0,11.944130256377802,0.0,0.0,0.0,2.0,0.0,0.0,0.0,0.0,5.0,10.479702472357655,0.0,0.0,0.0,0.0,0.0,0.0,0.0,0.0,5.0,12.035119423505748,0.0,0.0,0.0,2.0,0.0,0.0,0.0,0.0,4.0,11.859481405756185,0.0,0.0,0.0,2.0,0.0,0.0,0.0,0.0,5.0,11.467542504794821,0.0,0.0,0.0,0.0,0.0,0.0,0.0,0.0,5.0,10.77526190842208,0.0,0.0,0.0,2.0,0.0,0.0,0.0,0.0,5.0,10.856219123744719,0.0,0.0,0.0,0.0,0.0,0.0,0.0,0.0,5.0,11.61750090534984,0.0,0.0,0.0,0.0,0.0,0.0,0.0,0.0,5.0,11.798540741452921,0.0,0.0,0.0,2.0,0.0,0.0,0.0,0.0,5.0,7.8098260981510865,0.02,0.1,1.0,0.0,0.0,0.0,0.0,0.0,5.0,10.451342098463776,0.0,0.0,0.0,0.0,0.0,0.0,0.0,0.0,0.0,0.0,0.0,0.0,5.0,5.82,0.0,0.0,0.0,0.0,5.0,4.75,1.0,0.0,5.0,5.67,5.0,5.27,1.0,0.0,6.0,5.558333333333334,6.0,5.033333333333333
west_heavy_seed1,west_heavy,1,13.15,28.2,60.0,10.407369609335838,0.018333333333333333,1.0,16.85,5.0,11.472970134491389,0.0,0.0,0.0,2.0,0.0,0.0,0.0,0.0,4.0,11.512527912186844,0.0,0.0,0.0,2.0,0.0,0.0,0.0,0.0,5.0,8.937625867838502,0.0,0.0,0.0,0.0,0.0,0.0,0.0,0.0,4.0,11.206757746018907,0.0,0.0,0.0,2.0,0.0,0.0,0.0,0.0,4.0,11.838746539476496,0.0,0.0,0.0,2.0,0.0,0.0,0.0,0.0,5.0,11.324439641673639,0.0,0.0,0.0,0.0,0.0,0.0,0.0,0.0,4.0,9.59224566390126,0.0,0.0,0.0,2.0,0.0,0.0,0.0,0.0,5.0,9.30880851674617,0.0,0.0,0.0,0.0,0.0,0.0,0.0,0.0,5.0,11.045820663580182,0.0,0.0,0.0,0.0,0.0,0.0,0.0,0.0,4.0,11.508875618185886,0.0,0.0,0.0,2.0,0.0,0.0,0.0,0.0,5.0,7.26665934660095,0.22000000000000003,1.1,1.0,0.0,0.0,0.0,0.0,0.0,5.0,8.866755542631719,0.0,0.0,0.0,0.0,0.0,0.0,0.0,0.0,0.0,0.0,0.0,0.0,5.0,6.62,0.0,0.0,0.0,0.0,5.0,5.55,0.0,0.0,5.0,6.470000000000001,5.0,6.069999999999999,1.0,0.0,7.0,5.335714285714286,7.0,4.885714285714286
west_heavy_seed1,west_heavy,1,14.15,29.2,60.0,9.715019180562463,0.03833333333333334,3.0,15.85,5.0,11.331033753028601,0.0,0.0,0.0,2.0,0.0,0.0,0.0,0.0,4.0,11.49068487401519,0.0,0.0,0.0,2.0,0.0,0.0,0.0,0.0,5.0,7.503764850860728,0.02,0.1,1.0,0.0,0.0,0.0,0.0,0.0,3.0,11.144254207369654,0.0,0.0,0.0,2.0,0.0,0.0,0.0,0.0,3.0,11.148541839026898,0.0,0.0,0.0,2.0,0.0,0.0,0.0,0.0,5.0,9.939445973996373,0.0,0.0,0.0,0.0,0.0,0.0,0.0,0.0,4.0,9.468857833493853,0.0,0.0,0.0,2.0,0.0,0.0,0.0,0.0,5.0,7.810672960406025,0.0,0.0,0.0,0.0,0.0,0.0,0.0,0.0,5.0,9.45792174493877,0.0,0.0,0.0,0.0,0.0,0.0,0.0,0.0,4.0,11.402120081917673,0.0,0.0,0.0,2.0,0.0,0.0,0.0,0.0,5.0,6.910108773228427,0.42000000000000004,2.1,1.0,0.0,0.0,0.0,0.0,0.0,5.0,7.38854639012132,0.02,0.1,1.0,0.0,0.0,0.0,0.0,0.0,0.0,0.0,0.0,0.0,5.0,7.540000000000001,0.0,0.0,0.0,0.0,5.0,6.35,0.0,0.0,5.0,7.359999999999999,5.0,6.889999999999999,1.0,0.0,7.0,6.042857142857143,7.0,5.535714285714286
west_heavy_seed1,west_heavy,1,15.15,30.2,60.0,8.905393328336357,0.10250000000000001,4.0,14.85,4.0,10.857706729369763,0.0,0.0,0.0,2.0,0.26666666666666666,0.06666666666666667,0.0,0.0,3.0,11.147782371822393,0.0,0.0,0.0,2.0,0.2,0.06666666666666667,0.0,0.0,5.0,6.26760013770257,0.22000000000000003,1.1,1.0,0.0,0.26666666666666666,0.0,0.06666666666666667,0.014666666666666668,3.0,11.120264919872902,0.0,0.0,0.0,2.0,0.2,0.06666666666666667,0.0,0.0,3.0,11.149610113486924,0.0,0.0,0.0,2.0,0.2,0.06666666666666667,0.0,0.0,5.0,8.084880019145373,0.0,0.0,0.0,0.0,0.26666666666666666,0.0,0.0,0.0,3.0,8.907864437299558,0.0,0.0,0.0,2.0,0.2,0.06666666666666667,0.0,0.0,5.0,6.449672850984062,0.16999999999999998,0.85,1.0,0.0,0.26666666666666666,0.0,0.06666666666666667,0.011333333333333332,5.0,7.529597712553192,0.0,0.0,0.0,0.0,0.26666666666666666,0.0,0.0,0.0,3.0,11.067962654915435,0.0,0.0,0.0,2.0,0.2,0.06666666666666667,0.0,0.0,5.0,5.719920514423508,0.62,3.1,1.0,0.0,0.26666666666666666,0.0,0.06666666666666667,0.04133333333333333,5.0,6.235887015710466,0.22000000000000003,1.1,1.0,0.0,0.26666666666666666,0.0,0.06666666666666667,0.014666666666666668,0.0,0.0,0.0,0.0,5.0,8.54,0.0,0.0,0.0,0.0,5.0,7.32,0.0,0.0,5.0,8.36,5.0,7.889999999999999,1.0,0.0,7.0,6.757142857142857,7.0,6.25
west_heavy_seed1,west_heavy,1,16.2,31.2,63.0,8.29177283107444,0.17857142857142858,6.0,13.8,3.0,11.097116443818704,0.0,0.0,0.0,2.0,0.2,0.13333333333333333,0.0,0.0,3.0,11.11246207727416,0.0,0.0,0.0,2.0,0.2,0.13333333333333333,0.0,0.0,5.0,4.997434627072729,0.43,2.15,1.0,0.0,0.2,0.0,0.06666666666666667,0.028666666666666667,3.0,11.127477042362209,0.0,0.0,0.0,2.0,0.2,0.13333333333333333,0.0,0.0,3.0,11.106606380015366,0.0,0.0,0.0,2.0,0.2,0.13333333333333333,0.0,0.0,5.0,5.931665451581578,0.04,0.2,1.0,0.0,0.2,0.0,0.06666666666666667,0.0026666666666666666,3.0,8.800948831834404,0.0,0.0,0.0,2.0,0.2,0.13333333333333333,0.0,0.0,5.0,5.124049471408591,0.38,1.9,1.0,0.0,0.2,0.0,0.06666666666666667,0.025333333333333333,5.0,5.655094503522043,0.13999999999999999,0.7,1.0,0.0,0.2,0.0,0.06666666666666667,0.009333333333333332,4.0,11.465138627714918,0.0,0.0,0.0,2.0,0.26666666666666666,0.13333333333333333,0.0,0.0,6.0,4.989706033989267,0.6916666666666668,4.15,1.0,0.0,0.3333333333333333,0.0,0.06666666666666667,0.04611111111111112,6.0,5.394034341501853,0.35833333333333334,2.15,1.0,0.0,0.26666666666666666,0.0,0.06666666666666667,0.02388888888888889,0.0,0.0,0.0,0.0,5.0,9.54,0.0,0.0,0.0,0.0,5.0,8.32,0.0,0.0,5.0,9.36,5.0,8.89,2.0,0.0,8.0,6.6187499999999995,8.0,6.09375
west_heavy_seed1,west_heavy,1,17.2,32.2,63.0,7.964492426341459,0.29603174603174603,8.0,12.8,3.0,11.099243141993057,0.0,0.0,0.0,2.0,0.2,0.13333333333333333,0.0,0.0,3.0,11.128725905131917,0.0,0.0,0.0,2.0,0.13333333333333333,0.13333333333333333,0.0,0.0,5.0,3.9577452093997865,0.63,3.15,1.0,0.0,0.13333333333333333,0.0,0.06666666666666667,0.042,3.0,11.129503861226118,0.0,0.0,0.0,2.0,0.13333333333333333,0.13333333333333333,0.0,0.0,3.0,11.108941812669073,0.0,0.0,0.0,2.0,0.13333333333333333,0.13333333333333333,0.0,0.0,5.0,4.709472290835306,0.24,1.2,1.0,0.0,0.2,0.0,0.06666666666666667,0.016,3.0,8.746099648831528,0.0,0.0,0.0,2.0,0.13333333333333333,0.13333333333333333,0.0,0.0,5.0,4.05462046249997,0.58,2.9,1.0,0.0,0.13333333333333333,0.0,0.06666666666666667,0.03866666666666666,5.0,4.441374475679349,0.33999999999999997,1.7,1.0,0.0,0.2,0.0,0.06666666666666667,0.022666666666666665,4.0,11.75635612064496,0.0,0.0,0.0,2.0,0.2,0.13333333333333333,0.0,0.0,6.0,4.547584427803438,1.0083333333333335,5.15,2.0,0.0,0.2,0.0,0.13333333333333333,0.06722222222222224,6.0,4.8691131567311405,0.6083333333333333,3.15,2.0,0.0,0.2,0.0,0.13333333333333333,0.04055555555555555,0.0,0.0,0.0,0.0,5.0,10.54,0.0,0.0,0.0,0.0,5.0,9.32,0.0,0.0,5.0,10.36,5.0,9.89,2.0,0.0,8.0,7.3687499999999995,8.0,6.75
west_heavy_seed1,west_heavy,1,18.2,33.2,63.0,7.487850546085279,0.43492063492063493,11.0,11.8,3.0,11.102618969604459,0.0,0.0,0.0,2.0,0.13333333333333333,0.13333333333333333,0.0,0.0,2.0,11.12699888072936,0.0,0.0,0.0,2.0,0.13333333333333333,0.2,0.0,0.0,5.0,3.0624529476853186,0.9200000000000002,4.15,2.0,0.0,0.13333333333333333,0.0,0.13333333333333333,0.061333333333333344,2.0,9.685198440548817,0.0,0.0,0.0,2.0,0.13333333333333333,0.2,0.0,0.0,2.0,11.113460143225126,0.0,0.0,0.0,2.0,0.13333333333333333,0.2,0.0,0.0,5.0,3.6796093524129696,0.44000000000000006,2.2,1.0,0.0,0.13333333333333333,0.0,0.06666666666666667,0.029333333333333336,3.0,8.711173519483127,0.0,0.0,0.0,2.0,0.13333333333333333,0.13333333333333333,0.0,0.0,5.0,3.158094148121369,0.82,3.9,2.0,0.0,0.13333333333333333,0.0,0.13333333333333333,0.05466666666666666,5.0,3.456506802239276,0.56,2.7,2.0,0.0,0.13333333333333333,0.0,0.13333333333333333,0.037333333333333336,3.0,11.102556965702549,0.0,0.0,0.0,2.0,0.2,0.2,0.0,0.0,6.0,4.156869643917168,1.3416666666666668,6.15,2.0,0.0,0.2,0.0,0.13333333333333333,0.08944444444444445,6.0,4.446565118251457,0.9416666666666668,4.15,2.0,0.0,0.2,0.0,0.13333333333333333,0.06277777777777778,0.0,0.0,0.0,0.0,5.0,7.709999999999999,0.0,0.0,0.0,0.0,5.0,6.88,0.0,0.0,5.0,11.36,5.0,10.89,2.0,0.0,8.0,8.11875,8.0,7.5
west_heavy_seed1,west_heavy,1,19.2,34.2,63.0,7.219171795642219,0.6095238095238095,11.0,10.8,2.0,11.107059640979106,0.0,0.0,0.0,2.0,0.13333333333333333,0.2,0.0,0.0,2.0,11.119096646685502,0.0,0.0,0.0,2.0,0.13333333333333333,0.2,0.0,0.0,5.0,2.312974183857044,1.32,5.15,2.0,0.0,0.13333333333333333,0.0,0.13333333333333333,0.08800000000000001,2.0,9.395509950629705,0.0,0.0,0.0,2.0,0.13333333333333333,0.2,0.0,0.0,2.0,11.114227059420593,0.0,0.0,0.0,2.0,0.13333333333333333,0.2,0.0,0.0,5.0,2.8213306064511725,0.64,3.2,1.0,0.0,0.13333333333333333,0.0,0.06666666666666667,0.042666666666666665,3.0,8.668322949942613,0.0,0.0,0.0,2.0,0.13333333333333333,0.13333333333333333,0.0,0.0,5.0,2.396599031217851,1.2200000000000002,4.9,2.0,0.0,0.13333333333333333,0.0,0.13333333333333333,0.08133333333333334,5.0,2.6442207021118582,0.9600000000000002,3.7,2.0,0.0,0.13333333333333333,0.0,0.13333333333333333,0.06400000000000002,3.0,10.807672616782503,0.0,0.0,0.0,2.0,0.2,0.2,0.0,0.0,6.0,3.9211339329733748,1.675,7.15,2.0,0.0,0.2,0.0,0.13333333333333333,0.11166666666666666,6.0,4.1772698906133625,1.2750000000000001,5.15,2.0,0.0,0.2,0.0,0.13333333333333333,0.085,0.0,0.0,0.0,0.0,4.0,1.4,0.0,0.0,0.0,0.0,4.0,3.2,0.0,0.0,5.0,12.36,5.0,11.89,2.0,0.0,8.0,8.86875,8.0,8.25
west_heavy_seed1,west_heavy,1,20.2,35.2,63.0,6.934230748601741,0.7952380952380953,12.0,9.8,2.0,11.098275607825116,0.0,0.0,0.0,2.0,0.13333333333333333,0.2,0.0,0.0,1.0,11.099091001073829,0.0,0.0,0.0,2.0,0.06666666666666667,0.2,0.0,0.0,5.0,1.7011400063344777,1.7200000000000002,6.15,2.0,0.0,0.06666666666666667,0.0,0.13333333333333333,0.11466666666666668,2.0,9.157316027896474,0.0,0.0,0.0,2.0,0.06666666666666667,0.2,0.0,0.0,1.0,11.094450520346872,0.0,0.0,0.0,2.0,0.06666666666666667,0.26666666666666666,0.0,0.0,5.0,2.114030453615477,0.9800000000000001,4.2,2.0,0.0,0.13333333333333333,0.0,0.13333333333333333,0.06533333333333334,3.0,8.623214376578195,0.0,0.0,0.0,2.0,0.13333333333333333,0.13333333333333333,0.0,0.0,5.0,1.763147167158036,1.6200000000000003,5.9,2.0,0.0,0.13333333333333333,0.0,0.13333333333333333,0.10800000000000003,5.0,1.9758576174933153,1.36,4.7,2.0,0.0,0.13333333333333333,0.0,0.13333333333333333,0.09066666666666667,3.0,10.651617270879429,0.0,0.0,0.0,2.0,0.2,0.2,0.0,0.0,6.0,3.7678171828362577,2.0083333333333333,8.15,2.0,0.0,0.13333333333333333,0.0,0.13333333333333333,0.1338888888888889,6.0,3.7136680450303103,1.6083333333333334,6.15,2.0,0.0,0.13333333333333333,0.0,0.13333333333333333,0.10722222222222223,0.0,0.0,0.0,0.0,4.0,0.0,0.0,0.0,0.0,0.0,4.0,0.0,0.0,0.0,5.0,13.36,5.0,12.89,2.0,0.0,8.0,9.61875,8.0,9.0
west_heavy_seed1,west_heavy,1,21.2,36.2,63.0,6.7130060291911375,0.9857142857142858,12.0,8.8,1.0,10.854079993052949,0.0,0.0,0.0,2.0,0.06666666666666667,0.26666666666666666,0.0,0.0,1.0,11.10256174295675,0.0,0.0,0.0,2.0,0.06666666666666667,0.26666666666666666,0.0,0.0,5.0,1.2021694259876328,2.12,7.15,2.0,0.0,0.06666666666666667,0.0,0.13333333333333333,0.14133333333333334,1.0,9.41468290228846,0.0,0.0,0.0,2.0,0.06666666666666667,0.26666666666666666,0.0,0.0,1.0,11.099453619448468,0.0,0.0,0.0,2.0,0.06666666666666667,0.26666666666666666,0.0,0.0,5.0,1.5368540572058245,1.3800000000000001,5.2,2.0,0.0,0.06666666666666667,0.0,0.13333333333333333,0.09200000000000001,3.0,8.61345135125219,0.0,0.0,0.0,2.0,0.06666666666666667,0.13333333333333333,0.0,0.0,5.0,1.2525005022927904,2.0200000000000005,6.9,2.0,0.0,0.06666666666666667,0.0,0.13333333333333333,0.13466666666666668,5.0,1.424292012330659,1.7600000000000002,5.7,2.0,0.0,0.06666666666666667,0.0,0.13333333333333333,0.11733333333333335,2.0,11.49339638072274,0.0,0.0,0.0,2.0,0.13333333333333333,0.26666666666666666,0.0,0.0,6.0,3.6328393730422115,2.341666666666667,9.15,2.0,0.0,0.13333333333333333,0.0,0.13333333333333333,0.15611111111111112,6.0,3.3058458739124084,1.9416666666666667,7.15,2.0,0.0,0.13333333333333333,0.0,0.13333333333333333,0.12944444444444445,0.0,0.0,0.0,0.0,3.0,0.0,0.0,0.0,0.0,0.0,3.0,0.0,0.0,0.0,5.0,14.36,5.0,13.89,2.0,0.0,8.0,10.36875,8.0,9.75
west_heavy_seed1,west_heavy,1,22.2,37.2,63.0,6.521892140866682,1.1793650793650794,13.0,7.800000000000001,1.0,10.822378857556142,0.0,0.0,0.0,2.0,0.06666666666666667,0.26666666666666666,0.0,0.0,1.0,11.097913195369765,0.0,0.0,0.0,2.0,0.06666666666666667,0.26666666666666666,0.0,0.0,5.0,0.8180633540566518,2.5200000000000005,8.15,2.0,0.0,0.0,0.0,0.13333333333333333,0.16800000000000004,1.0,9.820856376606713,0.0,0.0,0.0,2.0,0.0,0.26666666666666666,0.0,0.0,1.0,11.104135351479053,0.0,0.0,0.0,2.0,0.0,0.26666666666666666,0.0,0.0,5.0,1.0797843792446655,1.78,6.2,2.0,0.0,0.06666666666666667,0.0,0.13333333333333333,0.11866666666666667,2.0,7.5622036728320285,0.0,0.0,0.0,2.0,0.06666666666666667,0.2,0.0,0.0,5.0,0.856599598776404,2.4200000000000004,7.9,2.0,0.0,0.06666666666666667,0.0,0.13333333333333333,0.16133333333333336,5.0,0.9848744942486329,2.16,6.7,2.0,0.0,0.06666666666666667,0.0,0.13333333333333333,0.14400000000000002,2.0,11.64061311656917,0.0,0.0,0.0,2.0,0.13333333333333333,0.26666666666666666,0.0,0.0,6.0,3.354033445579986,2.7083333333333335,10.15,3.0,0.0,0.06666666666666667,0.0,0.2,0.18055555555555555,6.0,2.985981839598864,2.275,8.15,2.0,0.0,0.06666666666666667,0.0,0.13333333333333333,0.15166666666666667,0.0,0.0,0.0,0.0,3.0,0.0,0.0,0.0,0.0,0.0,3.0,0.0,0.0,0.0,5.0,15.36,5.0,14.89,2.0,0.0,8.0,11.118749999999999,8.0,10.5
west_heavy_seed1,west_heavy,1,23.2,38.2,63.0,6.40538049929999,1.4253968253968254,17.0,6.800000000000001,0.0,0.0,0.0,0.0,0.0,2.0,0.0,0.3333333333333333,0.0,0.0,0.0,0.0,0.0,0.0,0.0,2.0,0.0,0.3333333333333333,0.0,0.0,5.0,0.5295871150578619,3.0700000000000003,9.15,3.0,0.0,0.0,0.0,0.2,0.2046666666666667,1.0,10.199775502050004,0.0,0.0,0.0,2.0,0.0,0.26666666666666666,0.0,0.0,0.0,0.0,0.0,0.0,0.0,2.0,0.0,0.3333333333333333,0.0,0.0,5.0,0.7255001483236465,2.18,7.2,2.0,0.0,0.0,0.0,0.13333333333333333,0.14533333333333334,2.0,7.276400660123669,0.0,0.0,0.0,2.0,0.06666666666666667,0.2,0.0,0.0,5.0,0.5562352306283505,2.95,8.9,3.0,0.0,0.0,0.0,0.2,0.19666666666666668,5.0,0.652490265128278,2.62,7.7,3.0,0.0,0.0,0.0,0.2,0.17466666666666666,2.0,11.906813131173305,0.0,0.0,0.0,2.0,0.06666666666666667,0.26666666666666666,0.0,0.0,6.0,2.9026102197891466,3.2083333333333335,11.15,3.0,0.0,0.06666666666666667,0.0,0.2,0.2138888888888889,6.0,2.7384480103910076,2.7416666666666667,9.15,3.0,0.0,0.06666666666666667,0.0,0.2,0.1827777777777778,0.0,0.0,0.0,0.0,2.0,0.0,0.0,0.0,0.0,0.0,2.0,0.0,0.0,0.0,5.0,16.36,5.0,15.89,2.0,0.0,8.0,11.868749999999999,8.0,11.25
west_heavy_seed1,west_heavy,1,24.2,39.2,63.0,6.19765480278345,1.7095238095238097,18.0,5.800000000000001,0.0,0.0,0.0,0.0,0.0,2.0,0.0,0.3333333333333333,0.0,0.0,0.0,0.0,0.0,0.0,0.0,2.0,0.0,0.3333333333333333,0.0,0.0,5.0,0.3254034320827818,3.6700000000000004,10.15,3.0,0.0,0.0,0.0,0.2,0.2446666666666667,0.0,0.0,0.0,0.0,0.0,2.0,0.0,0.3333333333333333,0.0,0.0,0.0,0.0,0.0,0.0,0.0,2.0,0.0,0.3333333333333333,0.0,0.0,5.0,0.46372045058407857,2.76,8.2,3.0,0.0,0.0,0.0,0.2,0.184,2.0,7.0458493867449015,0.0,0.0,0.0,2.0,0.0,0.2,0.0,0.0,5.0,0.34243719189831434,3.55,9.9,3.0,0.0,0.0,0.0,0.2,0.23666666666666666,5.0,0.41170636793578846,3.2199999999999998,8.7,3.0,0.0,0.0,0.0,0.2,0.21466666666666664,1.0,13.834415200438817,0.0,0.0,0.0,2.0,0.06666666666666667,0.3333333333333333,0.0,0.0,6.0,2.1330997682457675,3.7083333333333335,12.15,3.0,0.0,0.06666666666666667,0.0,0.2,0.24722222222222223,6.0,2.237637112433449,3.2416666666666667,10.15,3.0,0.0,0.06666666666666667,0.0,0.2,0.21611111111111111,0.0,0.0,0.0,0.0,2.0,0.0,0.0,0.0,0.0,0.0,2.0,0.0,0.0,0.0,5.0,17.36,5.0,16.89,2.0,0.0,8.0,12.618749999999999,8.0,12.0
west_heavy_seed1,west_heavy,1,25.2,40.2,62.0,5.867128174167496,2.029032258064516,19.0,4.800000000000001,0.0,0.0,0.0,0.0,0.0,2.0,0.0,0.3333333333333333,0.0,0.0,0.0,0.0,0.0,0.0,0.0,2.0,0.0,0.3333333333333333,0.0,0.0,5.0,0.19004244822622324,4.2700000000000005,11.15,3.0,0.0,0.0,0.0,0.2,0.2846666666666667,0.0,0.0,0.0,0.0,0.0,2.0,0.0,0.3333333333333333,0.0,0.0,0.0,0.0,0.0,0.0,0.0,2.0,0.0,0.3333333333333333,0.0,0.0,5.0,0.28133338059547636,3.3600000000000003,9.2,3.0,0.0,0.0,0.0,0.2,0.22400000000000003,1.0,7.075975379810984,0.0,0.0,0.0,2.0,0.0,0.26666666666666666,0.0,0.0,5.0,0.20078853606508645,4.15,10.9,3.0,0.0,0.0,0.0,0.2,0.27666666666666667,5.0,0.24769345299694856,3.8199999999999994,9.7,3.0,0.0,0.0,0.0,0.2,0.25466666666666665,1.0,13.83523265046184,0.0,0.0,0.0,2.0,0.06666666666666667,0.3333333333333333,0.0,0.0,6.0,1.442998687023506,4.2250000000000005,13.15,4.0,0.0,0.06666666666666667,0.0,0.26666666666666666,0.2816666666666667,6.0,1.6352998957765106,3.7416666666666667,11.15,3.0,0.0,0.06666666666666667,0.0,0.2,0.24944444444444444,0.0,0.0,0.0,0.0,1.0,0.0,0.0,0.0,0.0,0.0,1.0,0.0,0.0,0.0,5.0,18.36,5.0,17.89,2.0,0.0,8.0,13.368749999999999,8.0,12.75
west_heavy_seed1,west_heavy,1,26.2,41.2,62.0,5.768376775932296,2.3733870967741937,23.0,3.8000000000000007,0.0,0.0,0.0,0.0,0.0,2.0,0.0,0.3333333333333333,0.0,0.0,0.0,0.0,0.0,0.0,0.0,2.0,0.0,0.3333333333333333,0.0,0.0,5.0,0.10523296039335257,5.0200000000000005,12.15,4.0,0.0,0.0,0.0,0.26666666666666666,0.3346666666666667,0.0,0.0,0.0,0.0,0.0,2.0,0.0,0.3333333333333333,0.0,0.0,0.0,0.0,0.0,0.0,0.0,2.0,0.0,0.26666666666666666,0.0,0.0,5.0,0.16290764384586692,3.96,10.2,3.0,0.0,0.0,0.0,0.2,0.264,1.0,7.083873078289387,0.0,0.0,0.0,2.0,0.0,0.26666666666666666,0.0,0.0,5.0,0.1122487929699296,4.869999999999999,11.9,4.0,0.0,0.0,0.0,0.26666666666666666,0.3246666666666666,5.0,0.13893684584534016,4.47,10.7,4.0,0.0,0.0,0.0,0.26666666666666666,0.298,1.0,13.845194933688036,0.0,0.0,0.0,2.0,0.06666666666666667,0.3333333333333333,0.0,0.0,6.0,0.8864573595026463,4.891666666666667,14.15,4.0,0.0,0.06666666666666667,0.0,0.26666666666666666,0.32611111111111113,6.0,1.1350421969473017,4.366666666666666,12.15,4.0,0.0,0.06666666666666667,0.0,0.26666666666666666,0.2911111111111111,0.0,0.0,0.0,0.0,1.0,0.0,0.0,0.0,0.0,0.0,1.0,0.0,0.0,0.0,5.0,19.36,5.0,18.89,2.0,0.35,8.0,14.11875,8.0,13.5
west_heavy_seed1,west_heavy,1,27.2,42.2,62.0,5.73366219666705,2.759677419354839,24.0,2.8000000000000007,0.0,0.0,0.0,0.0,0.0,2.0,0.0,0.3333333333333333,0.0,0.0,0.0,0.0,0.0,0.0,0.0,2.0,0.0,0.3333333333333333,0.0,0.0,5.0,0.05595572081868644,5.82,13.15,4.0,0.0,0.0,0.0,0.26666666666666666,0.388,0.0,0.0,0.0,0.0,0.0,2.0,0.0,0.3333333333333333,0.0,0.0,0.0,0.0,0.0,0.0,0.0,2.0,0.0,0.26666666666666666,0.0,0.0,5.0,0.08876022117477278,4.75,11.2,4.0,0.0,0.0,0.0,0.26666666666666666,0.31666666666666665,1.0,7.443246122679302,0.0,0.0,0.0,2.0,0.0,0.26666666666666666,0.0,0.0,5.0,0.06038154861843385,5.67,12.9,4.0,0.0,0.0,0.0,0.26666666666666666,0.378,5.0,0.0758079145785873,5.27,11.7,4.0,0.0,0.0,0.0,0.26666666666666666,0.35133333333333333,1.0,13.835120335175889,0.0,0.0,0.0,2.0,0.06666666666666667,0.3333333333333333,0.0,0.0,6.0,0.46116241220660115,5.558333333333334,15.15,4.0,0.0,0.06666666666666667,0.0,0.2,0.3685555555555556,6.0,0.7182539937175988,5.033333333333333,13.15,4.0,0.0,0.06666666666666667,0.0,0.26666666666666666,0.33555555555555555,0.0,0.0,0.0,0.0,1.0,0.0,0.0,0.0,0.0,0.0,1.0,0.0,0.0,0.0,5.0,20.36,5.0,19.89,2.0,0.85,8.0,14.86875,8.0,14.25
west_heavy_seed1,west_heavy,1,28.2,43.2,62.0,5.194983096149458,3.146774193548387,24.0,1.8000000000000007,0.0,0.0,0.0,0.0,0.0,2.0,0.0,0.3333333333333333,0.0,0.0,0.0,0.0,0.0,0.0,0.0,2.0,0.0,0.26666666666666666,0.0,0.0,5.0,0.029660563841025094,6.62,14.15,4.0,0.0,0.0,0.0,0.26666666666666666,0.44133333333333336,0.0,0.0,0.0,0.0,0.0,2.0,0.0,0.26666666666666666,0.0,0.0,0.0,0.0,0.0,0.0,0.0,2.0,0.0,0.26666666666666666,0.0,0.0,5.0,0.04732932240179026,5.55,12.2,4.0,0.0,0.0,0.0,0.26666666666666666,0.37,0.0,0.0,0.0,0.0,0.0,2.0,0.0,0.26666666666666666,0.0,0.0,5.0,0.031587766961525314,6.470000000000001,13.9,4.0,0.0,0.0,0.0,0.26666666666666666,0.4313333333333334,5.0,0.0406179203140288,6.069999999999999,12.7,4.0,0.0,0.0,0.0,0.26666666666666666,0.4046666666666666,1.0,10.949730276774595,0.0,0.0,0.0,2.0,0.06666666666666667,0.26666666666666666,0.0,0.0,7.0,0.22674815686726935,5.335714285714286,16.15,4.0,0.0,0.13333333333333333,0.0,0.2,0.34038095238095245,7.0,0.4239104336477865,4.885714285714286,14.15,4.0,0.0,0.13333333333333333,0.0,0.26666666666666666,0.32571428571428573,0.0,0.0,0.0,0.0,1.0,0.0,0.0,0.0,0.0,0.0,1.0,0.0,0.0,0.0,5.0,21.36,5.0,20.89,2.0,1.35,8.0,15.61875,8.0,15.0
west_heavy_seed1,west_heavy,1,29.2,44.2,60.0,5.013433630078221,3.6958333333333333,29.0,0.8000000000000007,0.0,0.0,0.0,0.0,0.0,2.0,0.0,0.3333333333333333,0.0,0.0,0.0,0.0,0.0,0.0,0.0,2.0,0.0,0.26666666666666666,0.0,0.0,5.0,0.01501597618439746,7.540000000000001,15.15,5.0,0.0,0.0,0.0,0.26666666666666666,0.5006666666666667,0.0,0.0,0.0,0.0,0.0,2.0,0.0,0.2,0.0,0.0,0.0,0.0,0.0,0.0,0.0,2.0,0.0,0.2,0.0,0.0,5.0,0.024618628428317,6.35,13.2,4.0,0.0,0.0,0.0,0.26666666666666666,0.4233333333333333,0.0,0.0,0.0,0.0,0.0,2.0,0.0,0.2,0.0,0.0,5.0,0.01610942948495004,7.359999999999999,14.9,5.0,0.0,0.0,0.0,0.3333333333333333,0.49066666666666664,5.0,0.020795600000285346,6.889999999999999,13.7,5.0,0.0,0.0,0.0,0.3333333333333333,0.45933333333333326,1.0,13.959375312739862,0.0,0.0,0.0,2.0,0.06666666666666667,0.26666666666666666,0.0,0.0,7.0,0.5273440640485979,6.042857142857143,17.15,5.0,0.0,0.13333333333333333,0.0,0.26666666666666666,0.3741904761904762,7.0,0.6690176507922487,5.535714285714286,15.15,5.0,0.0,0.13333333333333333,0.0,0.26666666666666666,0.367047619047619,0.0,0.0,0.0,0.0,0.0,0.0,0.0,0.0,0.0,0.0,0.0,0.0,0.0,0.0,5.0,22.36,5.0,21.89,2.0,1.85,8.0,16.40625,8.0,15.8
west_heavy_seed1,west_heavy,1,30.2,45.2,58.0,4.820317021476069,4.337931034482758,30.0,2.8000000000000007,0.0,0.0,0.0,0.0,0.0,1.0,0.0,0.26666666666666666,0.0,0.0,0.0,0.0,0.0,0.0,0.0,1.0,0.0,0.2,0.0,0.0,5.0,0.007635151873840435,8.54,16.15,5.0,0.0,0.0,0.0,0.26666666666666666,0.5539999999999999,0.0,0.0,0.0,0.0,0.0,1.0,0.0,0.2,0.0,0.0,0.0,0.0,0.0,0.0,0.0,1.0,0.0,0.2,0.0,0.0,5.0,0.012663800929978519,7.32,14.2,5.0,0.0,0.0,0.0,0.3333333333333333,0.48800000000000004,0.0,0.0,0.0,0.0,0.0,1.0,0.0,0.2,0.0,0.0,5.0,0.008147650696004404,8.36,15.9,5.0,0.0,0.0,0.0,0.26666666666666666,0.5453333333333333,5.0,0.010547745241900964,7.889999999999999,14.7,5.0,0.0,0.0,0.0,0.3333333333333333,0.5259999999999999,1.0,16.47584191869329,0.0,0.0,0.0,1.0,0.06666666666666667,0.2,0.0,0.0,7.0,0.8657621864759824,6.757142857142857,18.15,5.0,0.0,0.13333333333333333,0.0,0.26666666666666666,0.4084761904761905,7.0,0.9219313835429339,6.25,16.15,5.0,0.0,0.13333333333333333,0.0,0.26666666666666666,0.4013333333333333,0.0,0.0,0.0,0.0,0.0,0.0,0.0,0.0,0.0,0.0,0.0,0.0,0.0,0.0,5.0,23.36,5.0,22.89,2.0,2.35,8.0,17.28125,8.0,16.675
west_heavy_seed1,west_heavy,1,31.2,46.2,61.0,5.0143162309878875,4.627049180327869,31.0,1.8000000000000007,0.0,0.0,0.0,0.0,0.0,1.0,0.0,0.2,0.0,0.0,0.0,0.0,0.0,0.0,0.0,1.0,0.0,0.2,0.0,0.0,5.0,0.0038693234505832773,9.54,17.15,5.0,0.0,0.0,0.0,0.26666666666666666,0.6073333333333333,0.0,0.0,0.0,0.0,0.0,1.0,0.0,0.2,0.0,0.0,0.0,0.0,0.0,0.0,0.0,1.0,0.0,0.2,0.0,0.0,5.0,0.006416148959078183,8.32,15.2,5.0,0.0,0.0,0.0,0.26666666666666666,0.552,0.0,0.0,0.0,0.0,0.0,1.0,0.0,0.2,0.0,0.0,5.0,0.004107138158997435,9.36,16.9,5.0,0.0,0.0,0.0,0.26666666666666666,0.5986666666666666,5.0,0.005359265407029452,8.89,15.7,5.0,0.0,0.0,0.0,0.26666666666666666,0.5833333333333334,2.0,15.132218036455926,0.0,0.0,0.0,1.0,0.13333333333333333,0.26666666666666666,0.0,0.0,8.0,1.3055586828782795,6.6187499999999995,19.15,6.0,0.0,0.13333333333333333,0.0,0.3333333333333333,0.3951388888888889,8.0,1.3834695597635343,6.09375,17.15,5.0,0.0,0.13333333333333333,0.0,0.26666666666666666,0.3823611111111111,0.0,0.0,0.0,0.0,0.0,0.0,0.0,0.0,0.0,0.0,0.0,0.0,0.0,0.0,5.0,24.36,5.0,23.89,3.0,1.9000000000000001,9.0,16.13888888888889,9.0,15.600000000000001
west_heavy_seed1,west_heavy,1,32.2,47.2,59.0,4.970796318988201,5.313559322033898,32.0,0.7999999999999972,0.0,0.0,0.0,0.0,0.0,1.0,0.0,0.19999999999999996,0.0,0.0,0.0,0.0,0.0,0.0,0.0,1.0,0.0,0.19999999999999996,0.0,0.0,5.0,0.0019229350009767536,10.54,18.15,5.0,0.0,0.0,0.0,0.2666666666666666,0.6606666666666664,0.0,0.0,0.0,0.0,0.0,1.0,0.0,0.19999999999999996,0.0,0.0,0.0,0.0,0.0,0.0,0.0,1.0,0.0,0.19999999999999996,0.0,0.0,5.0,0.0031924286140368545,9.32,16.2,5.0,0.0,0.0,0.0,0.2666666666666666,0.6053333333333332,0.0,0.0,0.0,0.0,0.0,1.0,0.0,0.19999999999999996,0.0,0.0,5.0,0.0020849469483198127,10.36,17.9,5.0,0.0,0.0,0.0,0.2666666666666666,0.6519999999999998,5.0,0.002694228032725555,9.89,16.7,5.0,0.0,0.0,0.0,0.2666666666666666,0.6366666666666666,2.0,15.142255087751671,0.0,0.0,0.0,1.0,0.1333333333333333,0.2666666666666666,0.0,0.0,8.0,1.7982151180852193,7.3687499999999995,20.15,6.0,0.0,0.1333333333333333,0.0,0.2666666666666666,0.4240277777777776,8.0,1.9222524073327925,6.75,18.15,6.0,0.0,0.1333333333333333,0.0,0.2666666666666666,0.40944444444444433,0.0,0.0,0.0,0.0,0.0,0.0,0.0,0.0,0.0,0.0,0.0,0.0,0.0,0.0,5.0,25.36,5.0,24.89,3.0,2.2333333333333334,9.0,16.916666666666668,9.0,16.438888888888886
west_heavy_seed1,west_heavy,1,33.2,48.2,57.0,4.9031534612364895,5.423684210526315,30.0,11.799999999999997,0.0,0.0,0.0,0.0,0.0,0.0,0.0,0.19999999999999996,0.0,0.0,0.0,0.0,0.0,0.0,0.0,0.0,0.0,0.1333333333333333,0.0,0.0,5.0,0.11248152335720567,7.709999999999999,15.45,4.0,2.0,0.0,0.0,0.1333333333333333,0.4526666666666665,0.0,0.0,0.0,0.0,0.0,0.0,0.0,0.1333333333333333,0.0,0.0,0.0,0.0,0.0,0.0,0.0,0.0,0.0,0.1333333333333333,0.0,0.0,5.0,0.08790401882307118,6.88,13.7,4.0,2.0,0.0,0.0,0.19999999999999996,0.4293333333333332,0.0,0.0,0.0,0.0,0.0,0.0,0.0,0.19999999999999996,0.0,0.0,5.0,0.0010537987492735307,11.36,18.9,5.0,0.0,0.0,0.0,0.19999999999999996,0.7026666666666664,5.0,0.0013427149018742344,10.89,17.7,5.0,0.0,0.0,0.0,0.19999999999999996,0.6886666666666665,2.0,15.113179488817531,0.0,0.0,0.0,0.0,0.1333333333333333,0.19999999999999996,0.0,0.0,8.0,2.319304623125691,8.11875,21.15,6.0,0.0,0.1333333333333333,0.0,0.2666666666666666,0.45180555555555546,8.0,2.510639792263959,7.5,19.15,6.0,0.0,0.1333333333333333,0.0,0.2666666666666666,0.4372222222222221,0.0,0.0,0.0,0.0,0.0,0.0,0.0,0.0,0.0,0.0,0.0,0.0,0.0,0.0,5.0,19.580000000000002,5.0,25.890000000000004,3.0,0.0,9.0,13.677777777777777,9.0,17.327777777777776
west_heavy_seed1,west_heavy,1,34.2,49.2,57.0,5.222147696695639,4.852631578947368,25.0,10.799999999999997,0.0,0.0,0.0,0.0,0.0,0.0,0.0,0.1333333333333333,0.0,0.0,0.0,0.0,0.0,0.0,0.0,0.0,0.0,0.1333333333333333,0.0,0.0,4.0,0.6131488225515129,1.4,5.6,1.0,2.0,0.0,0.06666666666666665,-0.06666666666666665,0.005333333333333322,0.0,0.0,0.0,0.0,0.0,0.0,0.0,0.1333333333333333,0.0,0.0,0.0,0.0,0.0,0.0,0.0,0.0,0.0,0.1333333333333333,0.0,0.0,4.0,0.4598780128412202,3.2,7.95,2.0,2.0,0.0,0.06666666666666665,0.06666666666666665,0.17066666666666663,0.0,0.0,0.0,0.0,0.0,0.0,0.0,0.19999999999999996,0.0,0.0,5.0,0.000524423262698271,12.36,19.9,5.0,0.0,0.0,0.0,0.19999999999999996,0.7426666666666664,5.0,0.0006696829043973389,11.89,18.7,5.0,0.0,0.0,0.0,0.19999999999999996,0.7286666666666665,2.0,15.15375185308036,0.0,0.0,0.0,0.0,0.1333333333333333,0.19999999999999996,0.0,0.0,8.0,2.845244764438817,8.86875,22.15,6.0,0.0,0.1333333333333333,0.0,0.2666666666666666,0.47958333333333325,8.0,3.107519337139234,8.25,20.15,6.0,0.0,0.1333333333333333,0.0,0.2666666666666666,0.46499999999999986,0.0,0.0,0.0,0.0,0.0,0.0,0.0,0.0,0.0,0.0,0.0,0.0,0.0,0.0,4.0,5.1125,5.0,26.890000000000004,2.0,0.0,8.0,5.6125,9.0,18.216666666666665
west_heavy_seed1,west_heavy,1,35.2,50.2,57.0,5.521672128075089,4.91578947368421,22.0,9.799999999999997,0.0,0.0,0.0,0.0,0.0,0.0,0.0,0.1333333333333333,0.0,0.0,0.0,0.0,0.0,0.0,0.0,0.0,0.0,0.06666666666666665,0.0,0.0,4.0,1.6991426480136225,0.0,0.0,0.0,2.0,0.0,0.06666666666666665,-0.1333333333333333,-0.11466666666666665,0.0,0.0,0.0,0.0,0.0,0.0,0.0,0.1333333333333333,0.0,0.0,0.0,0.0,0.0,0.0,0.0,0.0,0.0,0.06666666666666665,0.0,0.0,4.0,1.413837767391775,0.0,0.0,0.0,2.0,0.0,0.06666666666666665,-0.1333333333333333,-0.06533333333333333,0.0,0.0,0.0,0.0,0.0,0.0,0.0,0.19999999999999996,0.0,0.0,5.0,0.0002609114224945368,13.36,20.9,5.0,0.0,0.0,0.0,0.19999999999999996,0.7826666666666664,5.0,0.0003343267913648865,12.89,19.7,5.0,0.0,0.0,0.0,0.19999999999999996,0.7686666666666666,2.0,15.08150409039274,0.0,0.0,0.0,0.0,0.1333333333333333,0.19999999999999996,0.0,0.0,8.0,3.1809474617075626,9.61875,23.15,6.0,0.0,0.1333333333333333,0.0,0.2666666666666666,0.507361111111111,8.0,3.4202174091544912,9.0,21.15,6.0,0.0,0.1333333333333333,0.0,0.2666666666666666,0.49277777777777765,0.0,0.0,0.0,0.0,0.0,0.0,0.0,0.0,0.0,0.0,0.0,0.0,0.0,0.0,4.0,0.0,5.0,27.890000000000004,2.0,0.0,8.0,0.7875,9.0,19.105555555555554
west_heavy_seed1,west_heavy,1,36.2,51.2,57.0,5.809586220056312,5.301754385964912,22.0,8.799999999999997,0.0,0.0,0.0,0.0,0.0,0.0,0.0,0.06666666666666665,0.0,0.0,0.0,0.0,0.0,0.0,0.0,0.0,0.0,0.06666666666666665,0.0,0.0,3.0,1.9385724866533167,0.0,0.0,0.0,2.0,0.0,0.1333333333333333,-0.1333333333333333,-0.1413333333333333,0.0,0.0,0.0,0.0,0.0,0.0,0.0,0.06666666666666665,0.0,0.0,0.0,0.0,0.0,0.0,0.0,0.0,0.0,0.06666666666666665,0.0,0.0,3.0,1.8443388330431993,0.0,0.0,0.0,2.0,0.0,0.1333333333333333,-0.1333333333333333,-0.09199999999999998,0.0,0.0,0.0,0.0,0.0,0.0,0.0,0.19999999999999996,0.0,0.0,5.0,0.00012858191499937657,14.36,21.9,5.0,0.0,0.0,0.0,0.19999999999999996,0.8226666666666664,5.0,0.00016705521189365274,13.89,20.7,5.0,0.0,0.0,0.0,0.19999999999999996,0.8086666666666665,2.0,15.163815389471429,0.0,0.0,0.0,0.0,0.1333333333333333,0.1333333333333333,0.0,0.0,8.0,3.3788387077718967,10.36875,24.15,6.0,0.0,0.1333333333333333,0.0,0.2666666666666666,0.5351388888888888,8.0,3.6750422749635776,9.75,22.15,6.0,0.0,0.1333333333333333,0.0,0.2666666666666666,0.5205555555555554,0.0,0.0,0.0,0.0,0.0,0.0,0.0,0.0,0.0,0.0,0.0,0.0,0.0,0.0,3.0,0.0,5.0,28.890000000000004,1.0,0.0,7.0,0.0,9.0,19.994444444444444
west_heavy_seed1,west_heavy,1,37.2,52.2,55.0,5.834673003305423,5.8945454545454545,22.0,7.799999999999997,0.0,0.0,0.0,0.0,0.0,0.0,0.0,0.06666666666666665,0.0,0.0,0.0,0.0,0.0,0.0,0.0,0.0,0.0,0.06666666666666665,0.0,0.0,3.0,2.9562266526343435,0.0,0.0,0.0,2.0,0.0,0.1333333333333333,-0.1333333333333333,-0.16799999999999998,0.0,0.0,0.0,0.0,0.0,0.0,0.0,0.06666666666666665,0.0,0.0,0.0,0.0,0.0,0.0,0.0,0.0,0.0,0.06666666666666665,0.0,0.0,3.0,2.7486902803046154,0.0,0.0,0.0,2.0,0.0,0.1333333333333333,-0.1333333333333333,-0.11866666666666664,0.0,0.0,0.0,0.0,0.0,0.0,0.0,0.1333333333333333,0.0,0.0,5.0,6.388843726751959e-05,15.36,22.9,5.0,0.0,0.0,0.0,0.19999999999999996,0.8626666666666665,5.0,8.276380678448572e-05,14.89,21.7,5.0,0.0,0.0,0.0,0.19999999999999996,0.8486666666666665,2.0,15.115692646616207,0.0,0.0,0.0,0.0,0.1333333333333333,0.1333333333333333,0.0,0.0,8.0,3.330376196484761,11.118749999999999,25.15,6.0,0.0,0.1333333333333333,0.0,0.19999999999999996,0.5606944444444442,8.0,3.634661946334069,10.5,23.15,6.0,0.0,0.1333333333333333,0.0,0.2666666666666666,0.5483333333333332,0.0,0.0,0.0,0.0,0.0,0.0,0.0,0.0,0.0,0.0,0.0,0.0,0.0,0.0,3.0,0.0,5.0,29.890000000000004,1.0,0.0,7.0,0.0,9.0,20.883333333333333
west_heavy_seed1,west_heavy,1,62.2,77.2,48.0,8.148565582521409,9.737499999999999,13.0,15.799999999999997,1.0,12.529030604598958,0.0,0.0,0.0,2.0,0.06666666666666667,0.0,0.0,0.0,1.0,11.999894395843148,0.0,0.0,0.0,0.0,0.06666666666666667,0.0,0.0,0.0,1.0,15.73490300992877,0.0,0.0,0.0,0.0,0.06666666666666667,0.0,0.0,0.0,1.0,12.585155994706339,0.0,0.0,0.0,2.0,0.06666666666666667,0.0,0.0,0.0,1.0,13.864808806083166,0.0,0.0,0.0,0.0,0.06666666666666667,0.0,0.0,0.0,1.0,11.011305554346167,0.0,0.0,0.0,0.0,0.06666666666666667,0.0,0.0,0.0,1.0,11.145833923522856,0.0,0.0,0.0,2.0,0.06666666666666667,0.0,0.0,0.0,1.0,11.995153207413386,0.0,0.0,0.0,2.0,0.06666666666666667,0.3333333333333333,-0.3333333333333333,-1.6906666666666665,6.0,0.31903730178699446,33.24166666666667,46.7,5.0,0.0,0.06666666666666667,0.0,0.0,0.5567777777777778,3.0,13.034475687590344,0.0,0.0,0.0,2.0,0.13333333333333333,0.13333333333333333,-0.06666666666666667,-0.1488888888888889,4.0,8.917997179128637,0.0,0.0,0.0,2.0,0.13333333333333333,0.4666666666666667,-0.4666666666666667,-1.1277777777777778,11.0,1.840217141472021,24.35909090909091,48.15,8.0,0.0,0.13333333333333333,0.0,0.0,0.5280134680134682,0.0,0.0,1.0,0.0,1.0,3.8,0.0,0.0,1.0,1.8,1.0,0.0,0.0,0.0,0.0,0.0,6.0,45.74166666666667,1.0,0.0,1.0,0.0,12.0,33.93333333333333
west_heavy_seed1,west_heavy,1,63.2,78.2,47.0,8.198862715328813,10.22127659574468,13.0,14.799999999999997,1.0,12.523668201500698,0.0,0.0,0.0,2.0,0.06666666666666667,0.0,0.0,0.0,1.0,11.99448479312472,0.0,0.0,0.0,0.0,0.06666666666666667,0.0,0.0,0.0,1.0,16.637322963871064,0.0,0.0,0.0,0.0,0.06666666666666667,0.0,0.0,0.0,1.0,12.57194314834128,0.0,0.0,0.0,2.0,0.06666666666666667,0.0,0.0,0.0,1.0,13.86168343070429,0.0,0.0,0.0,0.0,0.06666666666666667,0.0,0.0,0.0,1.0,11.029641181157189,0.0,0.0,0.0,0.0,0.06666666666666667,0.0,0.0,0.0,1.0,11.130781915168752,0.0,0.0,0.0,2.0,0.06666666666666667,0.0,0.0,0.0,1.0,11.980177086959593,0.0,0.0,0.0,2.0,0.06666666666666667,0.3333333333333333,-0.26666666666666666,-1.3053333333333335,6.0,0.6537975995772415,34.074999999999996,47.7,5.0,0.0,0.06666666666666667,0.0,0.0,0.5456666666666661,3.0,13.013230076442099,0.0,0.0,0.0,2.0,0.13333333333333333,0.13333333333333333,0.0,0.0,4.0,9.681012080087033,0.0,0.0,0.0,2.0,0.13333333333333333,0.4666666666666667,-0.4,-0.9118518518518518,11.0,1.963702506092641,25.086363636363636,49.15,8.0,0.0,0.13333333333333333,0.0,0.0,0.5172390572390574,0.0,0.0,1.0,0.9,1.0,4.8,0.0,0.0,1.0,2.8,1.0,0.0,0.0,0.0,0.0,0.0,6.0,46.574999999999996,1.0,0.0,1.0,0.0,12.0,34.85
west_heavy_seed1,west_heavy,1,64.2,79.2,45.0,8.201728905416653,10.964444444444444,13.0,13.799999999999997,1.0,12.510785772174279,0.0,0.0,0.0,2.0,0.06666666666666667,0.0,0.0,0.0,1.0,11.98240135225933,0.0,0.0,0.0,0.0,0.06666666666666667,0.0,0.0,0.0,1.0,16.561570462618025,0.0,0.0,0.0,0.0,0.06666666666666667,0.0,0.0,0.0,1.0,12.529560731987486,0.0,0.0,0.0,2.0,0.06666666666666667,0.0,0.0,0.0,1.0,13.836883706513326,0.0,0.0,0.0,0.0,0.06666666666666667,0.0,0.0,0.0,1.0,11.014700594001901,0.0,0.0,0.0,0.0,0.06666666666666667,0.0,0.0,0.0,1.0,11.12662812930486,0.0,0.0,0.0,2.0,0.06666666666666667,0.0,0.0,0.0,1.0,11.980338792346883,0.0,0.0,0.0,2.0,0.06666666666666667,0.26666666666666666,-0.06666666666666667,-0.3408333333333333,6.0,0.9694958984372718,34.90833333333333,48.7,5.0,0.0,0.06666666666666667,0.0,0.0,0.5345555555555551,2.0,13.526567819286944,0.0,0.0,0.0,2.0,0.13333333333333333,0.13333333333333333,0.0,0.0,3.0,10.92342835543157,0.0,0.0,0.0,2.0,0.13333333333333333,0.4666666666666667,-0.2,-0.37416666666666665,11.0,2.1077916947171818,25.813636363636363,50.15,8.0,0.0,0.13333333333333333,0.0,0.0,0.5064646464646465,0.0,0.0,1.0,1.9,1.0,5.8,0.0,0.0,1.0,3.8,1.0,0.9,0.0,0.0,0.0,0.0,6.0,47.40833333333333,1.0,0.0,1.0,0.0,12.0,35.766666666666666
west_heavy_seed1,west_heavy,1,65.2,80.2,44.0,8.028021532347282,11.509090909090908,13.0,12.799999999999997,1.0,12.557855301151433,0.0,0.0,0.0,2.0,0.06666666666666667,0.0,0.0,0.0,1.0,11.999904975299723,0.0,0.0,0.0,0.0,0.06666666666666667,0.0,0.0,0.0,1.0,16.65490625099093,0.0,0.0,0.0,0.0,0.06666666666666667,0.0,0.0,0.0,1.0,12.534185645342122,0.0,0.0,0.0,2.0,0.06666666666666667,0.0,0.0,0.0,1.0,13.850040795272216,0.0,0.0,0.0,0.0,0.06666666666666667,0.0,0.0,0.0,1.0,11.00909962967386,0.0,0.0,0.0,0.0,0.06666666666666667,0.0,0.0,0.0,1.0,11.137530147498016,0.0,0.0,0.0,2.0,0.06666666666666667,0.0,0.0,0.0,1.0,11.980928188206162,0.0,0.0,0.0,2.0,0.06666666666666667,0.26666666666666666,0.0,0.0,6.0,1.286105497569867,35.74166666666667,49.7,5.0,0.0,0.06666666666666667,0.0,0.0,0.5234444444444442,2.0,13.544548148974767,0.0,0.0,0.0,2.0,0.13333333333333333,0.13333333333333333,0.0,0.0,3.0,11.073756819244585,0.0,0.0,0.0,2.0,0.13333333333333333,0.4666666666666667,-0.06666666666666667,-0.0525,11.0,1.8303521883684082,26.54090909090909,51.15,8.0,0.0,0.13333333333333333,0.0,0.0,0.4956902356902357,0.0,0.0,1.0,2.9,1.0,6.8,0.0,0.0,1.0,4.8,1.0,1.9,0.0,0.0,0.0,0.0,6.0,48.31666666666666,1.0,0.0,1.0,0.0,12.0,36.68333333333333
west_heavy_seed1,west_heavy,1,66.2,81.2,44.0,8.042295527345182,11.820454545454545,14.0,11.799999999999997,1.0,12.51916075935602,0.0,0.0,0.0,2.0,0.06666666666666667,0.0,0.0,0.0,1.0,11.97598227005219,0.0,0.0,0.0,0.0,0.06666666666666667,0.0,0.0,0.0,1.0,16.573867513485254,0.0,0.0,0.0,0.0,0.06666666666666667,0.0,0.0,0.0,1.0,12.564735170602116,0.0,0.0,0.0,2.0,0.06666666666666667,0.0,0.0,0.0,1.0,13.837766607570229,0.0,0.0,0.0,0.0,0.06666666666666667,0.0,0.0,0.0,1.0,10.992048329103259,0.0,0.0,0.0,0.0,0.06666666666666667,0.0,0.0,0.0,1.0,11.138220874685336,0.0,0.0,0.0,2.0,0.06666666666666667,0.0,0.0,0.0,1.0,11.995792735065333,0.0,0.0,0.0,2.0,0.06666666666666667,0.2,0.0,0.0,6.0,1.620876084239586,36.574999999999996,50.7,5.0,0.0,0.06666666666666667,0.0,0.0,0.5123333333333328,2.0,13.532453357233075,0.0,0.0,0.0,2.0,0.13333333333333333,0.06666666666666667,0.0,0.0,2.0,12.062388620431577,0.0,0.0,0.0,2.0,0.13333333333333333,0.4666666666666667,0.0,0.0,11.0,1.6229427678172008,27.33181818181818,52.15,9.0,0.0,0.13333333333333333,0.0,0.06666666666666667,0.489158249158249,0.0,0.0,1.0,3.9,1.0,7.8,0.0,0.0,1.0,5.8,1.0,2.9,0.0,0.0,0.0,0.0,6.0,38.36666666666667,1.0,0.0,1.0,0.0,12.0,32.00416666666667
west_heavy_seed1,west_heavy,1,67.2,82.2,42.0,7.771430507774376,12.716666666666667,14.0,10.799999999999997,1.0,12.511602865383177,0.0,0.0,0.0,2.0,0.06666666666666667,0.0,0.0,0.0,1.0,11.998889060094953,0.0,0.0,0.0,0.0,0.06666666666666667,0.0,0.0,0.0,1.0,16.606986816626044,0.0,0.0,0.0,0.0,0.06666666666666667,0.0,0.0,0.0,1.0,12.573828508642519,0.0,0.0,0.0,2.0,0.06666666666666667,0.0,0.0,0.0,1.0,13.853047298638849,0.0,0.0,0.0,0.0,0.06666666666666667,0.0,0.0,0.0,1.0,10.999833439169437,0.0,0.0,0.0,0.0,0.06666666666666667,0.0,0.0,0.0,1.0,11.1292816160312,0.0,0.0,0.0,2.0,0.06666666666666667,0.0,0.0,0.0,1.0,11.995431284105871,0.0,0.0,0.0,2.0,0.06666666666666667,0.2,0.0,0.0,6.0,1.9482815081913507,37.40833333333333,51.7,5.0,0.0,0.06666666666666667,0.0,0.0,0.5012222222222218,2.0,13.550539382292415,0.0,0.0,0.0,2.0,0.13333333333333333,0.06666666666666667,0.0,0.0,2.0,12.065832110367756,0.0,0.0,0.0,2.0,0.13333333333333333,0.4666666666666667,0.0,0.0,11.0,1.4903271613000355,28.15,53.15,9.0,0.0,0.13333333333333333,0.0,0.06666666666666667,0.4844444444444444,0.0,0.0,1.0,4.9,1.0,8.8,0.0,0.0,1.0,6.8,1.0,3.9,0.0,0.0,0.0,0.0,5.0,11.110000000000001,1.0,0.0,1.0,0.0,11.0,19.272727272727273
west_heavy_seed1,west_heavy,1,68.2,83.2,41.0,7.7077117054296185,13.36829268292683,14.0,9.799999999999997,1.0,12.558019172453934,0.0,0.0,0.0,2.0,0.06666666666666667,0.0,0.0,0.0,1.0,11.987542470116168,0.0,0.0,0.0,0.0,0.06666666666666667,0.0,0.0,0.0,1.0,16.558803372338417,0.0,0.0,0.0,0.0,0.06666666666666667,0.0,0.0,0.0,1.0,12.527313617825758,0.0,0.0,0.0,2.0,0.06666666666666667,0.0,0.0,0.0,1.0,13.870997281175805,0.0,0.0,0.0,0.0,0.06666666666666667,0.0,0.0,0.0,1.0,11.016954631737885,0.0,0.0,0.0,0.0,0.06666666666666667,0.0,0.0,0.0,1.0,11.149498074862183,0.0,0.0,0.0,2.0,0.06666666666666667,0.0,0.0,0.0,1.0,11.991021451195701,0.0,0.0,0.0,2.0,0.06666666666666667,0.13333333333333333,0.0,0.0,6.0,2.2639949642234525,38.24166666666667,52.7,5.0,0.0,0.06666666666666667,0.0,0.0,0.4901111111111109,2.0,13.546915902300496,0.0,0.0,0.0,2.0,0.13333333333333333,0.06666666666666667,0.0,0.0,2.0,12.064465549579047,0.0,0.0,0.0,2.0,0.13333333333333333,0.4,0.0,0.0,11.0,1.3593977046265484,28.968181818181815,54.15,9.0,0.0,0.13333333333333333,0.0,0.06666666666666667,0.4797306397306395,0.0,0.0,1.0,5.9,1.0,9.8,0.0,0.0,1.0,7.8,1.0,4.9,0.0,0.0,0.0,0.0,5.0,0.0,1.0,0.0,1.0,0.0,11.0,10.29090909090909
west_heavy_seed1,west_heavy,1,69.2,84.2,40.0,7.511197241390053,14.0525,14.0,8.799999999999997,1.0,12.555507333341668,0.0,0.0,0.0,2.0,0.06666666666666667,0.0,0.0,0.0,1.0,11.998839071437251,0.0,0.0,0.0,0.0,0.06666666666666667,0.0,0.0,0.0,1.0,16.616707825843246,0.0,0.0,0.0,0.0,0.06666666666666667,0.0,0.0,0.0,1.0,12.524487299402727,0.0,0.0,0.0,2.0,0.06666666666666667,0.0,0.0,0.0,1.0,13.852735293402803,0.0,0.0,0.0,0.0,0.06666666666666667,0.0,0.0,0.0,1.0,10.999040703348568,0.0,0.0,0.0,0.0,0.06666666666666667,0.0,0.0,0.0,1.0,11.126685521243614,0.0,0.0,0.0,2.0,0.06666666666666667,0.0,0.0,0.0,1.0,11.989194917650893,0.0,0.0,0.0,2.0,0.06666666666666667,0.13333333333333333,0.0,0.0,6.0,2.3070868304812273,39.074999999999996,53.7,5.0,0.0,0.06666666666666667,0.0,0.0,0.4789999999999994,2.0,12.934009036622044,0.0,0.0,0.0,2.0,0.13333333333333333,0.06666666666666667,0.0,0.0,2.0,12.078737702433527,0.0,0.0,0.0,2.0,0.13333333333333333,0.4,0.0,0.0,11.0,1.2843550678943405,29.786363636363635,55.15,9.0,0.0,0.13333333333333333,0.0,0.06666666666666667,0.47501683501683495,0.0,0.0,1.0,6.9,1.0,10.8,0.0,0.0,1.0,8.8,1.0,5.9,0.0,0.0,0.0,0.0,4.0,0.0,1.0,0.0,1.0,0.0,10.0,4.025
west_heavy_seed1,west_heavy,1,70.2,85.2,40.0,7.393514804765532,14.415000000000001,15.0,7.799999999999997,1.0,12.531123309714168,0.0,0.0,0.0,2.0,0.06666666666666667,0.0,0.0,0.0,1.0,11.994459435255267,0.0,0.0,0.0,0.0,0.06666666666666667,0.0,0.0,0.0,1.0,16.614798599772158,0.0,0.0,0.0,0.0,0.06666666666666667,0.0,0.0,0.0,1.0,12.54415675828398,0.0,0.0,0.0,2.0,0.06666666666666667,0.0,0.0,0.0,1.0,13.88550028229016,0.0,0.0,0.0,0.0,0.06666666666666667,0.0,0.0,0.0,1.0,10.994930328614995,0.0,0.0,0.0,0.0,0.06666666666666667,0.0,0.0,0.0,1.0,11.150327714464636,0.0,0.0,0.0,2.0,0.06666666666666667,0.0,0.0,0.0,1.0,11.997955649758223,0.0,0.0,0.0,2.0,0.06666666666666667,0.06666666666666667,0.0,0.0,6.0,2.306783255665602,39.90833333333333,54.7,5.0,0.0,0.06666666666666667,0.0,0.0,0.46788888888888874,1.0,13.881207119445317,0.0,0.0,0.0,2.0,0.06666666666666667,0.06666666666666667,0.0,0.0,2.0,12.086948723306687,0.0,0.0,0.0,2.0,0.13333333333333333,0.3333333333333333,0.0,0.0,11.0,1.0199311459712583,30.65,56.15,10.0,0.0,0.13333333333333333,0.0,0.13333333333333333,0.47333333333333344,0.0,0.0,1.0,7.9,1.0,11.8,0.0,0.0,1.0,9.8,1.0,6.9,0.0,0.0,0.0,0.0,4.0,0.0,2.0,0.0,2.0,0.0,11.0,2.140909090909091
west_heavy_seed1,west_heavy,1,71.2,86.2,40.0,7.211999814141737,14.790000000000001,15.0,6.799999999999997,1.0,12.550907190290893,0.0,0.0,0.0,2.0,0.06666666666666667,0.0,0.0,0.0,1.0,11.97158617429901,0.0,0.0,0.0,0.0,0.06666666666666667,0.0,0.0,0.0,1.0,12.280487704174833,0.0,0.0,0.0,0.0,0.06666666666666667,0.0,0.0,0.0,1.0,12.566062558194872,0.0,0.0,0.0,2.0,0.06666666666666667,0.0,0.0,0.0,1.0,13.885745829809458,0.0,0.0,0.0,0.0,0.06666666666666667,0.0,0.0,0.0,1.0,10.986454557568054,0.0,0.0,0.0,0.0,0.06666666666666667,0.0,0.0,0.0,1.0,11.131903873749085,0.0,0.0,0.0,2.0,0.06666666666666667,0.0,0.0,0.0,1.0,11.99333735615015,0.0,0.0,0.0,2.0,0.06666666666666667,0.06666666666666667,0.0,0.0,6.0,2.306523417584443,40.74166666666667,55.7,5.0,0.0,0.06666666666666667,0.0,0.0,0.4567777777777778,1.0,13.85236317914445,0.0,0.0,0.0,2.0,0.06666666666666667,0.06666666666666667,0.0,0.0,2.0,12.06228678621705,0.0,0.0,0.0,2.0,0.13333333333333333,0.3333333333333333,0.0,0.0,11.0,0.732677775338841,31.55909090909091,57.15,10.0,0.0,0.13333333333333333,0.0,0.13333333333333333,0.4746801346801348,0.0,0.0,1.0,8.9,1.0,12.8,0.0,0.0,1.0,10.8,1.0,7.9,0.0,0.0,0.0,0.0,3.0,0.0,2.0,0.0,2.0,0.0,10.0,0.0
west_heavy_seed1,west_heavy,1,72.2,87.2,40.0,6.991596329559499,15.165000000000001,15.0,5.799999999999997,1.0,12.510264763181478,0.0,0.0,0.0,2.0,0.06666666666666667,0.0,0.0,0.0,1.0,11.976959208548069,0.0,0.0,0.0,0.0,0.06666666666666667,0.0,0.0,0.0,1.0,6.785252543660858,0.0,0.0,0.0,0.0,0.06666666666666667,0.0,0.0,0.0,1.0,12.541423070499922,0.0,0.0,0.0,2.0,0.06666666666666667,0.0,0.0,0.0,1.0,13.832985262556468,0.0,0.0,0.0,0.0,0.06666666666666667,0.0,0.0,0.0,1.0,11.001536419719908,0.0,0.0,0.0,0.0,0.06666666666666667,0.0,0.0,0.0,1.0,11.13747957968573,0.0,0.0,0.0,2.0,0.06666666666666667,0.0,0.0,0.0,1.0,11.975946916176472,0.0,0.0,0.0,2.0,0.06666666666666667,0.06666666666666667,0.0,0.0,6.0,2.1665071786517918,41.574999999999996,56.7,5.0,0.0,0.06666666666666667,0.0,0.0,0.4456666666666663,1.0,13.84149169843062,0.0,0.0,0.0,2.0,0.06666666666666667,0.13333333333333333,0.0,0.0,2.0,11.79916242499895,0.0,0.0,0.0,2.0,0.06666666666666667,0.3333333333333333,0.0,0.0,11.0,0.48962823649162407,32.46818181818182,58.15,10.0,0.0,0.06666666666666667,0.0,0.13333333333333333,0.644878787878788,0.0,0.0,1.0,9.9,1.0,13.8,0.0,0.0,1.0,11.8,1.0,8.9,0.0,0.0,0.0,0.0,3.0,0.0,2.0,0.0,2.0,0.0,10.0,0.0
west_heavy_seed1,west_heavy,1,73.2,88.2,40.0,6.6759112607341695,15.540000000000001,15.0,4.799999999999997,1.0,12.546075496060222,0.0,0.0,0.0,2.0,0.06666666666666667,0.0,0.0,0.0,1.0,11.98955911239842,0.0,0.0,0.0,0.0,0.06666666666666667,0.0,0.0,0.0,1.0,1.3126950117699687,0.0,0.0,0.0,0.0,0.06666666666666667,0.0,0.0,0.0,1.0,12.552785819233877,0.0,0.0,0.0,2.0,0.06666666666666667,0.0,0.0,0.0,1.0,10.042933549086138,0.0,0.0,0.0,0.0,0.06666666666666667,0.0,0.0,0.0,1.0,10.98339886850094,0.0,0.0,0.0,0.0,0.06666666666666667,0.0,0.0,0.0,1.0,11.136384349709385,0.0,0.0,0.0,2.0,0.06666666666666667,0.0,0.0,0.0,1.0,11.971846233517862,0.0,0.0,0.0,2.0,0.06666666666666667,0.06666666666666667,0.0,0.0,6.0,1.6243435193669027,42.40833333333333,57.7,5.0,0.0,0.06666666666666667,0.0,0.0,0.4345555555555554,1.0,13.880553863744717,0.0,0.0,0.0,2.0,0.06666666666666667,0.13333333333333333,0.0,0.0,2.0,11.541830264772592,0.0,0.0,0.0,2.0,0.06666666666666667,0.3333333333333333,0.0,0.0,11.0,0.2883415767401617,33.377272727272725,59.15,10.0,0.0,0.06666666666666667,0.0,0.13333333333333333,0.652151515151515,0.0,0.0,1.0,10.9,1.0,14.8,0.0,0.0,1.0,12.8,1.0,9.9,0.0,0.0,0.0,0.0,2.0,0.0,2.0,0.0,2.0,0.0,9.0,0.0
west_heavy_seed1,west_heavy,1,74.2,89.2,40.0,6.339945893216742,15.934999999999999,16.0,3.799999999999997,1.0,12.556834660625466,0.0,0.0,0.0,2.0,0.06666666666666667,0.0,0.0,0.0,1.0,11.992407072207424,0.0,0.0,0.0,0.0,0.06666666666666667,0.0,0.0,0.0,1.0,0.0,0.8,0.8,1.0,0.0,0.06666666666666667,0.0,0.06666666666666667,0.05333333333333334,1.0,12.567133082325354,0.0,0.0,0.0,2.0,0.06666666666666667,0.0,0.0,0.0,1.0,5.558550319764468,0.0,0.0,0.0,0.0,0.06666666666666667,0.0,0.0,0.0,1.0,11.021398903934736,0.0,0.0,0.0,0.0,0.06666666666666667,0.0,0.0,0.0,1.0,11.143907321334824,0.0,0.0,0.0,2.0,0.06666666666666667,0.0,0.0,0.0,1.0,11.997205669165123,0.0,0.0,0.0,2.0,0.06666666666666667,0.0,0.0,0.0,6.0,1.1362842581505186,43.24166666666667,58.7,5.0,0.0,0.06666666666666667,0.0,0.0,0.42344444444444446,0.0,0.0,0.0,0.0,0.0,2.0,0.0,0.13333333333333333,0.0,0.0,1.0,12.021536046056507,0.0,0.0,0.0,2.0,0.06666666666666667,0.3333333333333333,0.0,0.0,11.0,0.14654548139336254,34.28636363636363,60.15,10.0,0.0,0.06666666666666667,0.0,0.13333333333333333,0.6594242424242421,0.0,0.0,1.0,11.9,1.0,15.8,0.0,0.0,1.0,13.8,1.0,10.9,0.0,0.0,0.0,0.0,2.0,0.0,2.0,0.0,2.0,0.0,9.0,0.0
west_heavy_seed1,west_heavy,1,75.2,90.2,38.0,5.697968469349919,17.19473684210526,16.0,2.799999999999997,1.0,10.140570734168762,0.0,0.0,0.0,2.0,0.06666666666666667,0.0,0.0,0.0,1.0,8.561659878610053,0.0,0.0,0.0,0.0,0.06666666666666667,0.0,0.0,0.0,1.0,0.0,1.8,1.8,1.0,0.0,0.06666666666666667,0.0,0.06666666666666667,0.12000000000000001,1.0,9.9691046002444,0.0,0.0,0.0,2.0,0.06666666666666667,0.0,0.0,0.0,1.0,1.0629259820597832,0.0,0.0,0.0,0.0,0.06666666666666667,0.0,0.0,0.0,1.0,10.98805396407492,0.0,0.0,0.0,0.0,0.06666666666666667,0.0,0.0,0.0,1.0,11.12663413821441,0.0,0.0,0.0,2.0,0.06666666666666667,0.0,0.0,0.0,1.0,11.980704256121534,0.0,0.0,0.0,2.0,0.06666666666666667,0.0,0.0,0.0,6.0,0.7165683049806052,44.074999999999996,59.7,5.0,0.0,0.06666666666666667,0.0,0.0,0.412333333333333,0.0,0.0,0.0,0.0,0.0,2.0,0.0,0.13333333333333333,0.0,0.0,0.0,0.0,0.0,0.0,0.0,2.0,0.0,0.3333333333333333,0.0,0.0,11.0,0.0639118661880375,35.195454545454545,61.15,10.0,0.0,0.06666666666666667,0.0,0.13333333333333333,0.6666969696969697,0.0,0.0,1.0,12.9,1.0,16.8,0.0,0.0,1.0,14.8,1.0,11.9,0.0,0.0,0.0,0.0,2.0,0.0,2.0,0.0,2.0,0.0,9.0,0.0
west_heavy_seed1,west_heavy,1,77.2,92.2,39.0,5.114491815996841,17.621794871794872,18.0,0.7999999999999972,0.0,0.0,0.0,0.0,0.0,2.0,0.0,0.06666666666666667,0.0,0.0,1.0,0.5668868033403214,0.0,0.0,0.0,0.0,0.0,0.0,0.0,0.0,1.0,0.0,3.8,3.8,1.0,0.0,0.0,0.0,0.06666666666666667,0.2533333333333333,0.0,0.0,0.0,0.0,0.0,2.0,0.0,0.06666666666666667,0.0,0.0,1.0,0.0,1.8,1.8,1.0,0.0,0.0,0.0,0.06666666666666667,0.12000000000000001,1.0,5.186584121039903,0.0,0.0,0.0,0.0,0.0,0.0,0.0,0.0,0.0,0.0,0.0,0.0,0.0,2.0,0.0,0.06666666666666667,0.0,0.0,0.0,0.0,0.0,0.0,0.0,2.0,0.0,0.06666666666666667,0.0,0.0,6.0,0.18661357535646705,45.74166666666667,61.7,5.0,0.0,0.0,0.0,0.0,0.8333333333333334,1.0,13.255651742633079,0.0,0.0,0.0,2.0,0.06666666666666667,0.2,0.0,0.0,1.0,13.245159647973397,0.0,0.0,0.0,2.0,0.06666666666666667,0.26666666666666666,0.0,0.0,12.0,0.1337633245166512,33.93333333333333,63.15,11.0,0.0,0.06666666666666667,0.0,0.2,0.638282828282828,0.0,0.0,1.0,14.9,1.0,18.8,0.0,0.0,1.0,16.8,1.0,13.9,0.0,0.0,0.0,0.0,1.0,0.0,3.0,0.3333333333333333,3.0,0.3333333333333333,9.0,0.0
west_heavy_seed1,west_heavy,1,78.2,93.2,39.0,5.094585946176385,18.106410256410257,19.0,2.799999999999997,0.0,0.0,0.0,0.0,0.0,1.0,0.0,0.06666666666666667,0.0,0.0,1.0,0.0,0.9,0.9,1.0,0.0,0.0,0.0,0.06666666666666667,0.060000000000000005,1.0,0.0,4.8,4.8,1.0,0.0,0.0,0.0,0.06666666666666667,0.32,0.0,0.0,0.0,0.0,0.0,1.0,0.0,0.06666666666666667,0.0,0.0,1.0,0.0,2.8,2.8,1.0,0.0,0.0,0.0,0.06666666666666667,0.18666666666666665,1.0,0.6902866953395779,0.0,0.0,0.0,0.0,0.0,0.0,0.0,0.0,0.0,0.0,0.0,0.0,0.0,1.0,0.0,0.06666666666666667,0.0,0.0,0.0,0.0,0.0,0.0,0.0,1.0,0.0,0.06666666666666667,0.0,0.0,6.0,0.07766422737846129,46.574999999999996,62.7,5.0,0.0,0.0,0.0,0.0,0.8333333333333334,1.0,13.244821339099314,0.0,0.0,0.0,1.0,0.06666666666666667,0.2,0.0,0.0,1.0,13.20815873971782,0.0,0.0,0.0,1.0,0.06666666666666667,0.26666666666666666,0.0,0.0,12.0,0.3017013758610137,34.85,64.15,11.0,0.0,0.06666666666666667,0.0,0.2,0.650909090909091,0.0,0.0,1.0,15.9,1.0,19.8,0.0,0.0,1.0,17.8,1.0,14.9,0.0,0.0,0.0,0.0,1.0,0.0,3.0,0.6666666666666666,3.0,0.6666666666666666,9.0,0.0
west_heavy_seed1,west_heavy,1,79.2,94.2,39.0,5.225806089725068,18.616666666666667,20.0,1.7999999999999972,0.0,0.0,0.0,0.0,0.0,1.0,0.0,0.06666666666666667,0.0,0.0,1.0,0.0,1.9,1.9,1.0,0.0,0.0,0.0,0.06666666666666667,0.12666666666666665,1.0,0.0,5.8,5.8,1.0,0.0,0.0,0.0,0.06666666666666667,0.38666666666666666,0.0,0.0,0.0,0.0,0.0,1.0,0.0,0.06666666666666667,0.0,0.0,1.0,0.0,3.8,3.8,1.0,0.0,0.0,0.0,0.06666666666666667,0.2533333333333333,1.0,0.0,0.9,0.9,1.0,0.0,0.0,0.0,0.06666666666666667,0.060000000000000005,0.0,0.0,0.0,0.0,0.0,1.0,0.0,0.06666666666666667,0.0,0.0,0.0,0.0,0.0,0.0,0.0,1.0,0.0,0.06666666666666667,0.0,0.0,6.0,0.029826569314895014,47.40833333333333,63.7,5.0,0.0,0.0,0.0,0.0,0.8333333333333334,1.0,13.249451568344254,0.0,0.0,0.0,1.0,0.06666666666666667,0.13333333333333333,0.0,0.0,1.0,13.240599281003142,0.0,0.0,0.0,1.0,0.06666666666666667,0.2,0.0,0.0,12.0,0.4817206545151904,35.766666666666666,65.15,11.0,0.0,0.06666666666666667,0.0,0.2,0.6635353535353535,0.0,0.0,1.0,16.9,1.0,20.8,0.0,0.0,1.0,18.8,1.0,15.9,0.0,0.0,0.0,0.0,0.0,0.0,3.0,1.0,3.0,1.0,8.0,0.0
west_heavy_seed1,west_heavy,1,80.2,95.2,37.0,5.095873932205026,20.175675675675677,21.0,0.7999999999999972,0.0,0.0,0.0,0.0,0.0,1.0,0.0,0.06666666666666667,0.0,0.0,1.0,0.0,2.9,2.9,1.0,0.0,0.0,0.0,0.06666666666666667,0.19333333333333333,1.0,0.0,6.8,6.8,1.0,0.0,0.0,0.0,0.06666666666666667,0.4533333333333333,0.0,0.0,0.0,0.0,0.0,1.0,0.0,0.06666666666666667,0.0,0.0,1.0,0.0,4.8,4.8,1.0,0.0,0.0,0.0,0.06666666666666667,0.32,1.0,0.0,1.9,1.9,1.0,0.0,0.0,0.0,0.06666666666666667,0.12666666666666665,0.0,0.0,0.0,0.0,0.0,1.0,0.0,0.06666666666666667,0.0,0.0,0.0,0.0,0.0,0.0,0.0,1.0,0.0,0.06666666666666667,0.0,0.0,6.0,0.010817386620032803,48.31666666666666,64.7,6.0,0.0,0.0,0.0,0.06666666666666667,0.838333333333333,1.0,13.209788243205864,0.0,0.0,0.0,1.0,0.06666666666666667,0.13333333333333333,0.0,0.0,1.0,13.236618054095798,0.0,0.0,0.0,1.0,0.06666666666666667,0.2,0.0,0.0,12.0,0.6522112336422936,36.68333333333333,66.15,11.0,0.0,0.06666666666666667,0.0,0.2,0.6761616161616161,0.0,0.0,1.0,17.9,1.0,21.8,0.0,0.0,1.0,19.8,1.0,16.9,0.0,0.0,0.0,0.0,0.0,0.0,3.0,1.3333333333333333,3.0,1.3333333333333333,8.0,0.0
west_heavy_seed1,west_heavy,1,81.2,96.2,36.0,5.102924724127294,17.629166666666666,19.0,11.799999999999997,0.0,0.0,0.0,0.0,0.0,0.0,0.0,0.06666666666666667,0.0,0.0,1.0,0.0,3.9,3.9,1.0,0.0,0.0,0.0,0.06666666666666667,0.26,1.0,0.0,7.8,7.8,1.0,0.0,0.0,0.0,0.06666666666666667,0.52,0.0,0.0,0.0,0.0,0.0,0.0,0.0,0.06666666666666667,0.0,0.0,1.0,0.0,5.8,5.8,1.0,0.0,0.0,0.0,0.06666666666666667,0.38666666666666666,1.0,0.0,2.9,2.9,1.0,0.0,0.0,0.0,0.06666666666666667,0.19333333333333333,0.0,0.0,0.0,0.0,0.0,0.0,0.0,0.06666666666666667,0.0,0.0,0.0,0.0,0.0,0.0,0.0,0.0,0.0,0.06666666666666667,0.0,0.0,6.0,0.09946833194229338,38.36666666666667,63.1,5.0,2.0,0.0,0.0,0.0,0.11944444444444476,1.0,13.23726286976237,0.0,0.0,0.0,0.0,0.06666666666666667,0.13333333333333333,0.0,0.0,1.0,13.221632454771225,0.0,0.0,0.0,0.0,0.06666666666666667,0.13333333333333333,0.0,0.0,12.0,0.8945922264503327,32.00416666666667,64.5,10.0,2.0,0.06666666666666667,0.0,0.06666666666666667,0.3114898989898994,0.0,0.0,1.0,0.0,1.0,22.8,0.0,0.0,1.0,0.0,1.0,17.9,0.0,0.0,0.0,0.0,0.0,0.0,3.0,0.0,3.0,1.6666666666666667,8.0,0.05625
west_heavy_seed1,west_heavy,1,82.2,97.2,34.0,5.001397109684498,8.586764705882352,13.0,10.799999999999997,0.0,0.0,0.0,0.0,0.0,0.0,0.0,0.06666666666666667,0.0,0.0,1.0,0.0,4.9,4.9,1.0,0.0,0.0,0.0,0.06666666666666667,0.3266666666666667,1.0,0.0,8.8,8.8,1.0,0.0,0.0,0.0,0.06666666666666667,0.5866666666666667,0.0,0.0,0.0,0.0,0.0,0.0,0.0,0.06666666666666667,0.0,0.0,1.0,0.0,6.8,6.8,1.0,0.0,0.0,0.0,0.06666666666666667,0.4533333333333333,1.0,0.0,3.9,3.9,1.0,0.0,0.0,0.0,0.06666666666666667,0.26,0.0,0.0,0.0,0.0,0.0,0.0,0.0,0.06666666666666667,0.0,0.0,0.0,0.0,0.0,0.0,0.0,0.0,0.0,0.06666666666666667,0.0,0.0,5.0,0.5438471522536352,11.110000000000001,53.1,2.0,2.0,0.0,0.06666666666666667,-0.2,-1.7532222222222222,1.0,13.24802117165981,0.0,0.0,0.0,0.0,0.06666666666666667,0.13333333333333333,0.0,0.0,1.0,13.188603582216802,0.0,0.0,0.0,0.0,0.06666666666666667,0.13333333333333333,0.0,0.0,11.0,1.3558847372100842,19.272727272727273,53.55,7.0,2.0,0.06666666666666667,0.06666666666666667,-0.13333333333333333,-0.5918181818181817,0.0,0.0,0.0,0.0,1.0,23.8,0.0,0.0,0.0,0.0,1.0,18.9,0.0,0.0,0.0,0.0,0.0,0.0,2.0,0.0,3.0,2.0,8.0,0.18125
west_heavy_seed1,west_heavy,1,83.2,98.2,34.0,5.435289738356804,4.164705882352941,9.0,9.799999999999997,0.0,0.0,0.0,0.0,0.0,0.0,0.0,0.06666666666666667,0.0,0.0,1.0,0.0,5.9,5.9,1.0,0.0,0.0,0.0,0.06666666666666667,0.39333333333333337,1.0,0.0,9.8,9.8,1.0,0.0,0.0,0.0,0.06666666666666667,0.6533333333333334,0.0,0.0,0.0,0.0,0.0,0.0,0.0,0.06666666666666667,0.0,0.0,1.0,0.0,7.8,7.8,1.0,0.0,0.0,0.0,0.06666666666666667,0.52,1.0,0.0,4.9,4.9,1.0,0.0,0.0,0.0,0.06666666666666667,0.3266666666666667,0.0,0.0,0.0,0.0,0.0,0.0,0.0,0.06666666666666667,0.0,0.0,0.0,0.0,0.0,0.0,0.0,0.0,0.0,0.06666666666666667,0.0,0.0,5.0,1.4344215179184832,0.0,0.0,0.0,2.0,0.0,0.06666666666666667,-0.3333333333333333,-2.5494444444444446,1.0,13.233732785804776,0.0,0.0,0.0,0.0,0.06666666666666667,0.13333333333333333,0.0,0.0,1.0,13.235594090871656,0.0,0.0,0.0,0.0,0.06666666666666667,0.13333333333333333,0.0,0.0,11.0,1.9383681763422915,10.29090909090909,39.4,5.0,2.0,0.06666666666666667,0.06666666666666667,-0.26666666666666666,-1.2451515151515151,0.0,0.0,0.0,0.0,1.0,24.8,0.0,0.0,0.0,0.0,1.0,19.9,0.0,0.0,0.0,0.0,0.0,0.0,2.0,0.0,3.0,2.433333333333333,8.0,0.30625
west_heavy_seed1,west_heavy,1,84.2,99.2,34.0,5.920486554582933,2.136764705882353,7.0,8.799999999999997,0.0,0.0,0.0,0.0,0.0,0.0,0.0,0.06666666666666667,0.0,0.0,1.0,0.0,6.9,6.9,1.0,0.0,0.0,0.0,0.06666666666666667,0.46,1.0,0.0,10.8,10.8,1.0,0.0,0.0,0.0,0.06666666666666667,0.7200000000000001,0.0,0.0,0.0,0.0,0.0,0.0,0.0,0.06666666666666667,0.0,0.0,1.0,0.0,8.8,8.8,1.0,0.0,0.0,0.0,0.06666666666666667,0.5866666666666667,1.0,0.0,5.9,5.9,1.0,0.0,0.0,0.0,0.06666666666666667,0.39333333333333337,0.0,0.0,0.0,0.0,0.0,0.0,0.0,0.06666666666666667,0.0,0.0,0.0,0.0,0.0,0.0,0.0,0.0,0.0,0.06666666666666667,0.0,0.0,4.0,1.6792603151973058,0.0,0.0,0.0,2.0,0.0,0.13333333333333333,-0.3333333333333333,-2.6049999999999995,1.0,13.223457403472738,0.0,0.0,0.0,0.0,0.06666666666666667,0.13333333333333333,0.0,0.0,1.0,13.220509691566605,0.0,0.0,0.0,0.0,0.06666666666666667,0.13333333333333333,0.0,0.0,10.0,2.313377375011252,4.025,18.7,3.0,2.0,0.06666666666666667,0.13333333333333333,-0.4,-1.7174242424242423,0.0,0.0,0.0,0.0,1.0,25.8,0.0,0.0,0.0,0.0,1.0,20.9,0.0,0.0,0.0,0.0,0.0,0.0,1.0,0.0,3.0,3.1,8.0,0.4625
west_heavy_seed1,west_heavy,1,85.2,100.2,36.0,6.579013825259397,1.6652777777777779,6.0,7.799999999999997,0.0,0.0,0.0,0.0,0.0,0.0,0.0,0.06666666666666667,0.0,0.0,1.0,0.0,7.9,7.9,1.0,0.0,0.0,0.0,0.06666666666666667,0.5266666666666667,1.0,0.0,11.8,11.8,1.0,0.0,0.0,0.0,0.06666666666666667,0.7866666666666667,0.0,0.0,0.0,0.0,0.0,0.0,0.0,0.06666666666666667,0.0,0.0,1.0,0.0,9.8,9.8,1.0,0.0,0.0,0.0,0.06666666666666667,0.6533333333333334,1.0,0.0,6.9,6.9,1.0,0.0,0.0,0.0,0.06666666666666667,0.46,0.0,0.0,0.0,0.0,0.0,0.0,0.0,0.06666666666666667,0.0,0.0,0.0,0.0,0.0,0.0,0.0,0.0,0.0,0.06666666666666667,0.0,0.0,4.0,2.569637077728184,0.0,0.0,0.0,2.0,0.0,0.13333333333333333,-0.3333333333333333,-2.6605555555555553,2.0,13.84856621460941,0.0,0.0,0.0,0.0,0.13333333333333333,0.06666666666666667,0.0,0.0,2.0,14.084533837336615,0.0,0.0,0.0,0.0,0.13333333333333333,0.13333333333333333,0.0,0.0,11.0,2.5857581231852285,2.140909090909091,15.5,2.0,2.0,0.13333333333333333,0.13333333333333333,-0.5333333333333333,-1.9006060606060606,0.0,0.0,0.0,0.0,1.0,26.8,0.0,0.0,0.0,0.0,1.0,21.9,0.0,0.0,0.0,0.0,0.0,0.0,1.0,0.0,3.0,3.766666666666667,8.0,0.7125
west_heavy_seed1,west_heavy,1,86.2,101.2,34.0,6.698615110688225,1.1882352941176473,4.0,6.799999999999997,0.0,0.0,0.0,0.0,0.0,0.0,0.0,0.06666666666666667,0.0,0.0,1.0,0.0,8.9,8.9,1.0,0.0,0.0,0.0,0.06666666666666667,0.5933333333333334,1.0,0.0,12.8,12.8,1.0,0.0,0.0,0.0,0.06666666666666667,0.8533333333333334,0.0,0.0,0.0,0.0,0.0,0.0,0.0,0.06666666666666667,0.0,0.0,1.0,0.0,10.8,10.8,1.0,0.0,0.0,0.0,0.06666666666666667,0.7200000000000001,1.0,0.0,7.9,7.9,1.0,0.0,0.0,0.0,0.06666666666666667,0.5266666666666667,0.0,0.0,0.0,0.0,0.0,0.0,0.0,0.06666666666666667,0.0,0.0,0.0,0.0,0.0,0.0,0.0,0.0,0.0,0.06666666666666667,0.0,0.0,3.0,2.9340680268259045,0.0,0.0,0.0,2.0,0.0,0.2,-0.3333333333333333,-2.716111111111111,2.0,13.848151098829796,0.0,0.0,0.0,0.0,0.13333333333333333,0.06666666666666667,0.0,0.0,2.0,15.177636711353882,0.0,0.0,0.0,0.0,0.13333333333333333,0.13333333333333333,0.0,0.0,10.0,2.7283570513139908,0.0,0.0,0.0,2.0,0.13333333333333333,0.2,-0.6666666666666666,-2.103939393939394,0.0,0.0,0.0,0.0,1.0,27.8,0.0,0.0,0.0,0.0,1.0,22.9,0.0,0.0,0.0,0.0,0.0,0.0,1.0,0.0,3.0,4.433333333333334,8.0,0.9625
west_heavy_seed1,west_heavy,1,87.2,102.2,34.0,7.191419863523661,1.3058823529411767,4.0,5.799999999999997,0.0,0.0,0.0,0.0,0.0,0.0,0.0,0.06666666666666667,0.0,0.0,1.0,0.0,9.9,9.9,1.0,0.0,0.0,0.0,0.06666666666666667,0.66,1.0,0.0,13.8,13.8,1.0,0.0,0.0,0.0,0.06666666666666667,0.92,0.0,0.0,0.0,0.0,0.0,0.0,0.0,0.06666666666666667,0.0,0.0,1.0,0.0,11.8,11.8,1.0,0.0,0.0,0.0,0.06666666666666667,0.7866666666666667,1.0,0.0,8.9,8.9,1.0,0.0,0.0,0.0,0.06666666666666667,0.5933333333333334,0.0,0.0,0.0,0.0,0.0,0.0,0.0,0.06666666666666667,0.0,0.0,0.0,0.0,0.0,0.0,0.0,0.0,0.0,0.06666666666666667,0.0,0.0,3.0,3.7930602360234196,0.0,0.0,0.0,2.0,0.0,0.2,-0.3333333333333333,-2.7716666666666665,2.0,13.852688331522614,0.0,0.0,0.0,0.0,0.13333333333333333,0.06666666666666667,0.0,0.0,2.0,15.72533025830573,0.0,0.0,0.0,0.0,0.13333333333333333,0.13333333333333333,0.0,0.0,10.0,3.134853197518207,0.0,0.0,0.0,2.0,0.13333333333333333,0.2,-0.6666666666666666,-2.1645454545454546,0.0,0.0,0.0,0.0,1.0,28.8,0.0,0.0,0.0,0.0,1.0,23.9,0.0,0.0,0.0,0.0,0.0,0.0,1.0,0.0,3.0,5.1000000000000005,8.0,1.2125
west_heavy_seed1,west_heavy,1,88.2,103.2,34.0,7.631074632416486,1.4235294117647062,4.0,4.799999999999997,0.0,0.0,0.0,0.0,0.0,0.0,0.0,0.06666666666666667,0.0,0.0,1.0,0.0,10.9,10.9,1.0,0.0,0.0,0.0,0.06666666666666667,0.7266666666666667,1.0,0.0,14.8,14.8,1.0,0.0,0.0,0.0,0.06666666666666667,0.9866666666666667,0.0,0.0,0.0,0.0,0.0,0.0,0.0,0.06666666666666667,0.0,0.0,1.0,0.0,12.8,12.8,1.0,0.0,0.0,0.0,0.06666666666666667,0.8533333333333334,1.0,0.0,9.9,9.9,1.0,0.0,0.0,0.0,0.06666666666666667,0.66,0.0,0.0,0.0,0.0,0.0,0.0,0.0,0.06666666666666667,0.0,0.0,0.0,0.0,0.0,0.0,0.0,0.0,0.0,0.06666666666666667,0.0,0.0,2.0,4.016938249577017,0.0,0.0,0.0,2.0,0.0,0.26666666666666666,-0.3333333333333333,-2.8272222222222223,2.0,13.813837207500576,0.0,0.0,0.0,0.0,0.13333333333333333,0.06666666666666667,0.0,0.0,2.0,15.7608974750984,0.0,0.0,0.0,0.0,0.13333333333333333,0.13333333333333333,0.0,0.0,9.0,3.4655382344751198,0.0,0.0,0.0,2.0,0.13333333333333333,0.26666666666666666,-0.6666666666666666,-2.225151515151515,0.0,0.0,0.0,0.0,1.0,29.8,0.0,0.0,0.0,0.0,1.0,24.9,0.0,0.0,0.0,0.0,0.0,0.0,1.0,0.0,3.0,5.766666666666667,8.0,1.54375
west_heavy_seed1,west_heavy,1,89.2,104.2,34.0,7.784673451556527,1.5411764705882354,4.0,3.799999999999997,0.0,0.0,0.0,0.0,0.0,0.0,0.0,0.06666666666666667,0.0,0.0,1.0,0.0,11.9,11.9,1.0,0.0,0.0,0.0,0.06666666666666667,0.7933333333333333,1.0,0.0,15.8,15.8,1.0,0.0,0.0,0.0,0.0,1.0,0.0,0.0,0.0,0.0,0.0,0.0,0.0,0.06666666666666667,0.0,0.0,1.0,0.0,13.8,13.8,1.0,0.0,0.0,0.0,0.06666666666666667,0.92,1.0,0.0,10.9,10.9,1.0,0.0,0.0,0.0,0.06666666666666667,0.7266666666666667,0.0,0.0,0.0,0.0,0.0,0.0,0.0,0.06666666666666667,0.0,0.0,0.0,0.0,0.0,0.0,0.0,0.0,0.0,0.06666666666666667,0.0,0.0,2.0,4.805451623616975,0.0,0.0,0.0,2.0,0.0,0.26666666666666666,-0.3333333333333333,-2.8827777777777777,2.0,11.843399737736775,0.0,0.0,0.0,0.0,0.13333333333333333,0.0,0.0,0.0,2.0,13.778312930332149,0.0,0.0,0.0,0.0,0.13333333333333333,0.06666666666666667,0.0,0.0,9.0,4.191480326792591,0.0,0.0,0.0,2.0,0.13333333333333333,0.26666666666666666,-0.6666666666666666,-2.2857575757575757,0.0,0.0,0.0,0.0,1.0,30.8,0.0,0.0,0.0,0.0,1.0,25.9,0.0,0.0,0.0,0.0,0.0,0.0,1.0,0.0,3.0,6.433333333333334,8.0,2.01875
west_heavy_seed1,west_heavy,1,90.2,105.2,33.0,7.687223749068278,1.7090909090909092,4.0,2.799999999999997,0.0,0.0,0.0,0.0,0.0,0.0,0.0,0.06666666666666667,0.0,0.0,1.0,0.0,12.9,12.9,1.0,0.0,0.0,0.0,0.06666666666666667,0.86,1.0,0.0,16.8,16.8,1.0,0.0,0.0,0.0,0.0,1.0,0.0,0.0,0.0,0.0,0.0,0.0,0.0,0.06666666666666667,0.0,0.0,1.0,0.0,14.8,14.8,1.0,0.0,0.0,0.0,0.06666666666666667,0.9866666666666667,1.0,0.0,11.9,11.9,1.0,0.0,0.0,0.0,0.06666666666666667,0.7933333333333333,0.0,0.0,0.0,0.0,0.0,0.0,0.0,0.06666666666666667,0.0,0.0,0.0,0.0,0.0,0.0,0.0,0.0,0.0,0.06666666666666667,0.0,0.0,2.0,5.635805172294014,0.0,0.0,0.0,2.0,0.0,0.26666666666666666,-0.3333333333333333,-2.938333333333333,2.0,9.60536082267399,0.0,0.0,0.0,0.0,0.13333333333333333,0.0,0.0,0.0,2.0,11.505459486061294,0.0,0.0,0.0,0.0,0.13333333333333333,0.0,0.0,0.0,9.0,4.844828609441916,0.0,0.0,0.0,2.0,0.13333333333333333,0.26666666666666666,-0.6666666666666666,-2.346363636363636,0.0,0.0,0.0,0.0,1.0,31.8,0.0,0.0,0.0,0.0,1.0,26.9,0.0,0.0,0.0,0.0,0.0,0.0,1.0,0.0,3.0,7.1000000000000005,8.0,2.53125
west_heavy_seed1,west_heavy,1,113.2,128.25,38.0,7.078030185457585,4.973684210526316,13.0,12.799999999999997,1.0,12.63852724189195,0.0,0.0,0.0,2.0,0.06666666666666667,0.0,0.0,0.0,1.0,13.438603755399273,0.0,0.0,0.0,2.0,0.06666666666666667,0.0,0.0,0.0,2.0,0.9660822004585667,19.9,39.8,1.0,0.0,0.06666666666666667,0.0,0.0,-0.3266666666666668,1.0,15.628067746628085,0.0,0.0,0.0,2.0,0.06666666666666667,0.0,0.0,0.0,1.0,13.760394733041311,0.0,0.0,0.0,2.0,0.06666666666666667,0.0,0.0,0.0,2.0,1.3300315966689864,17.45,34.9,1.0,0.0,0.06666666666666667,0.0,0.0,-0.16333333333333327,1.0,15.485108533853976,0.0,0.0,0.0,2.0,0.06666666666666667,0.0,0.0,0.0,1.0,13.978282062920142,0.0,0.0,0.0,0.0,0.06666666666666667,0.0,0.0,0.0,1.0,14.755899574023424,0.0,0.0,0.0,0.0,0.06666666666666667,0.0,0.0,0.0,3.0,8.092972103680445,0.0,0.0,0.0,2.0,0.2,0.13333333333333333,0.0,0.0,6.0,4.286957299319307,6.408333333333334,22.0,3.0,0.0,0.2,0.0,0.06666666666666667,0.26500000000000007,11.0,1.9250002493983898,6.895454545454545,17.45,8.0,0.0,0.2,0.0,0.4666666666666667,0.43928030303030297,1.0,0.0,1.0,0.0,3.0,18.283333333333335,1.0,0.0,1.0,0.0,3.0,16.650000000000002,1.0,0.0,2.0,0.95,2.0,1.25,4.0,0.0,7.0,11.942857142857141,12.0,16.445833333333333
west_heavy_seed1,west_heavy,1,114.2,129.25,36.0,7.1147139818796745,5.611111111111111,13.0,11.799999999999997,1.0,12.654860232316658,0.0,0.0,0.0,2.0,0.06666666666666667,0.0,0.0,0.0,1.0,13.469069783461899,0.0,0.0,0.0,2.0,0.06666666666666667,0.0,0.0,0.0,2.0,2.040887816018247,20.4,40.8,1.0,0.0,0.06666666666666667,0.0,0.0,-0.36000000000000015,1.0,16.014878170795765,0.0,0.0,0.0,2.0,0.06666666666666667,0.0,0.0,0.0,1.0,13.740010747629702,0.0,0.0,0.0,2.0,0.06666666666666667,0.0,0.0,0.0,2.0,2.5260384178569875,17.95,35.9,1.0,0.0,0.06666666666666667,0.0,0.0,-0.19666666666666663,1.0,15.485821841713818,0.0,0.0,0.0,2.0,0.06666666666666667,0.0,0.0,0.0,1.0,14.01711593903844,0.0,0.0,0.0,0.0,0.06666666666666667,0.0,0.0,0.0,1.0,14.80548678681509,0.0,0.0,0.0,0.0,0.06666666666666667,0.0,0.0,0.0,3.0,8.811485060428842,0.0,0.0,0.0,2.0,0.2,0.06666666666666667,0.0,0.0,6.0,4.819420710555461,6.908333333333334,23.0,3.0,0.0,0.2,0.0,0.06666666666666667,0.25388888888888894,11.0,2.3030497370009666,7.622727272727272,18.45,8.0,0.0,0.2,0.0,0.4,0.4773484848484848,1.0,0.0,1.0,0.0,3.0,0.0,1.0,0.0,1.0,0.0,3.0,0.0,1.0,0.0,2.0,1.45,2.0,1.75,4.0,0.0,7.0,12.485714285714284,12.0,17.195833333333333
west_heavy_seed1,west_heavy,1,115.2,130.25,35.0,7.353943552432811,6.142857142857143,13.0,10.799999999999997,1.0,12.642993803958177,0.0,0.0,0.0,2.0,0.06666666666666667,0.0,0.0,0.0,1.0,13.417023242097036,0.0,0.0,0.0,2.0,0.06666666666666667,0.0,0.0,0.0,2.0,3.1583092643039348,20.9,41.8,1.0,0.0,0.06666666666666667,0.0,0.0,-0.3933333333333335,1.0,16.068095216610725,0.0,0.0,0.0,2.0,0.06666666666666667,0.0,0.0,0.0,1.0,13.702724790388736,0.0,0.0,0.0,2.0,0.06666666666666667,0.0,0.0,0.0,2.0,3.5241817310690746,18.45,36.9,1.0,0.0,0.06666666666666667,0.0,0.0,-0.22999999999999995,1.0,15.43119898077644,0.0,0.0,0.0,2.0,0.06666666666666667,0.0,0.0,0.0,1.0,14.058274884017983,0.0,0.0,0.0,0.0,0.06666666666666667,0.0,0.0,0.0,1.0,14.829008151255765,0.0,0.0,0.0,0.0,0.06666666666666667,0.0,0.0,0.0,3.0,9.59447287343355,0.0,0.0,0.0,2.0,0.2,0.06666666666666667,0.0,0.0,6.0,5.2126159908229255,7.408333333333334,24.0,3.0,0.0,0.2,0.0,0.06666666666666667,0.24277777777777781,11.0,2.6922352146301205,8.35,19.45,8.0,0.0,0.2,0.0,0.4,0.5091666666666667,1.0,0.0,1.0,0.0,2.0,0.0,1.0,0.0,1.0,0.0,2.0,0.0,1.0,0.0,2.0,1.95,2.0,2.25,4.0,0.15,7.0,13.057142857142855,12.0,17.945833333333333
west_heavy_seed1,west_heavy,1,116.2,131.25,33.0,7.21084651342859,6.909090909090909,13.0,9.799999999999997,1.0,12.649867579792396,0.0,0.0,0.0,2.0,0.06666666666666667,0.0,0.0,0.0,1.0,13.458128881048099,0.0,0.0,0.0,2.0,0.06666666666666667,0.0,0.0,0.0,2.0,4.317781424078908,21.4,42.8,1.0,0.0,0.06666666666666667,0.0,0.0,-0.4266666666666668,1.0,16.09188618572478,0.0,0.0,0.0,2.0,0.06666666666666667,0.0,0.0,0.0,1.0,13.69893963805588,0.0,0.0,0.0,2.0,0.06666666666666667,0.0,0.0,0.0,2.0,4.721452097583764,18.95,37.9,1.0,0.0,0.06666666666666667,0.0,0.0,-0.2633333333333333,1.0,15.481256183551936,0.0,0.0,0.0,2.0,0.06666666666666667,0.0,0.0,0.0,1.0,14.018642631276842,0.0,0.0,0.0,0.0,0.06666666666666667,0.0,0.0,0.0,1.0,14.774612422596183,0.0,0.0,0.0,0.0,0.06666666666666667,0.0,0.0,0.0,3.0,9.238678588749751,0.0,0.0,0.0,2.0,0.2,0.06666666666666667,0.0,0.0,6.0,5.583685282606132,7.908333333333334,25.0,3.0,0.0,0.2,0.0,0.06666666666666667,0.23166666666666672,11.0,2.97019098201896,9.077272727272726,20.45,8.0,0.0,0.2,0.0,0.4,0.5409848484848484,1.0,0.0,1.0,0.0,2.0,0.0,1.0,0.0,1.0,0.0,2.0,0.0,1.0,0.0,2.0,2.45,2.0,2.75,4.0,0.4,7.0,13.728571428571428,12.0,18.779166666666665
west_heavy_seed1,west_heavy,1,117.2,132.25,33.0,7.413948886468047,7.303030303030303,13.0,8.799999999999997,1.0,12.66178852560255,0.0,0.0,0.0,2.0,0.06666666666666667,0.0,0.0,0.0,1.0,13.438065130389914,0.0,0.0,0.0,2.0,0.06666666666666667,0.0,0.0,0.0,2.0,5.454455663285041,21.9,43.8,1.0,0.0,0.06666666666666667,0.0,0.0,-0.46000000000000013,1.0,16.06322387224927,0.0,0.0,0.0,2.0,0.06666666666666667,0.0,0.0,0.0,1.0,13.747361190546789,0.0,0.0,0.0,2.0,0.06666666666666667,0.0,0.0,0.0,2.0,5.793012731712929,19.45,38.9,1.0,0.0,0.06666666666666667,0.0,0.0,-0.29666666666666663,1.0,15.514451271236952,0.0,0.0,0.0,2.0,0.06666666666666667,0.0,0.0,0.0,1.0,14.067349303769978,0.0,0.0,0.0,0.0,0.06666666666666667,0.0,0.0,0.0,1.0,14.832992088755345,0.0,0.0,0.0,0.0,0.06666666666666667,0.0,0.0,0.0,3.0,8.764949293124708,0.0,0.0,0.0,2.0,0.2,0.06666666666666667,0.0,0.0,6.0,5.740825581730072,8.408333333333333,26.0,3.0,0.0,0.2,0.0,0.06666666666666667,0.2205555555555555,11.0,3.202999319733432,9.804545454545455,21.45,8.0,0.0,0.2,0.0,0.4,0.5728030303030303,1.0,0.0,1.0,0.0,1.0,0.0,1.0,0.0,1.0,0.0,1.0,0.0,1.0,0.0,2.0,2.95,2.0,3.25,4.0,0.65,7.0,14.442857142857141,12.0,19.695833333333333
west_heavy_seed1,west_heavy,1,118.2,133.25,32.0,7.388512400591598,7.9375,13.0,7.799999999999997,1.0,12.673374071207597,0.0,0.0,0.0,2.0,0.06666666666666667,0.0,0.0,0.0,1.0,13.466194751441167,0.0,0.0,0.0,2.0,0.06666666666666667,0.0,0.0,0.0,2.0,6.190884132113032,22.4,44.8,1.0,0.0,0.06666666666666667,0.0,0.0,-0.49333333333333346,1.0,16.016443905142857,0.0,0.0,0.0,2.0,0.06666666666666667,0.0,0.0,0.0,1.0,13.706362085876306,0.0,0.0,0.0,2.0,0.06666666666666667,0.0,0.0,0.0,2.0,7.107091067679039,19.95,39.9,1.0,0.0,0.06666666666666667,0.0,0.0,-0.32999999999999996,1.0,15.461307727472935,0.0,0.0,0.0,2.0,0.06666666666666667,0.0,0.0,0.0,1.0,13.98737326094425,0.0,0.0,0.0,0.0,0.06666666666666667,0.0,0.0,0.0,1.0,14.78059065556059,0.0,0.0,0.0,0.0,0.06666666666666667,0.0,0.0,0.0,3.0,8.392938396227299,0.0,0.0,0.0,2.0,0.2,0.06666666666666667,0.0,0.0,6.0,5.75088238300301,8.908333333333333,27.0,3.0,0.0,0.2,0.0,0.06666666666666667,0.20944444444444443,11.0,3.2887671451418607,10.531818181818181,22.45,8.0,0.0,0.2,0.0,0.3333333333333333,0.5992045454545455,1.0,0.0,1.0,0.0,1.0,0.0,1.0,0.0,1.0,0.0,1.0,0.0,1.0,0.0,2.0,3.45,2.0,3.75,4.0,0.9,7.0,15.25,12.0,20.6125
west_heavy_seed1,west_heavy,1,119.2,134.25,32.0,7.424895336841455,8.34375,13.0,6.799999999999997,1.0,12.650815684157193,0.0,0.0,0.0,2.0,0.06666666666666667,0.0,0.0,0.0,1.0,13.445275119889216,0.0,0.0,0.0,2.0,0.06666666666666667,0.0,0.0,0.0,2.0,6.183300967154749,22.9,45.8,1.0,0.0,0.06666666666666667,0.0,0.0,-0.5266666666666668,1.0,16.08157684188851,0.0,0.0,0.0,2.0,0.06666666666666667,0.0,0.0,0.0,1.0,13.794203335215123,0.0,0.0,0.0,2.0,0.06666666666666667,0.0,0.0,0.0,2.0,8.482916998051103,20.45,40.9,1.0,0.0,0.06666666666666667,0.0,0.0,-0.3633333333333333,1.0,15.488055248690848,0.0,0.0,0.0,2.0,0.06666666666666667,0.0,0.0,0.0,1.0,14.019911566134642,0.0,0.0,0.0,0.0,0.06666666666666667,0.0,0.0,0.0,1.0,14.819515474986037,0.0,0.0,0.0,0.0,0.06666666666666667,0.0,0.0,0.0,3.0,8.116688705280781,0.0,0.0,0.0,2.0,0.2,0.06666666666666667,0.0,0.0,6.0,5.755984392479952,9.408333333333333,28.0,3.0,0.0,0.2,0.0,0.06666666666666667,0.1983333333333333,11.0,3.202898459863252,11.259090909090908,23.45,8.0,0.0,0.2,0.0,0.26666666666666666,0.6160227272727271,1.0,0.0,1.0,0.0,1.0,0.0,1.0,0.0,1.0,0.0,1.0,0.0,1.0,0.0,2.0,3.95,2.0,4.25,4.0,1.2625,7.0,16.107142857142858,12.0,21.52916666666667
west_heavy_seed1,west_heavy,1,120.2,135.25,31.0,7.109780207707204,9.03225806451613,13.0,5.799999999999997,1.0,12.633924177567243,0.0,0.0,0.0,2.0,0.06666666666666667,0.0,0.0,0.0,1.0,13.446705808091597,0.0,0.0,0.0,2.0,0.06666666666666667,0.0,0.0,0.0,2.0,6.189468874394618,23.4,46.8,1.0,0.0,0.06666666666666667,0.0,0.0,-0.5600000000000002,1.0,16.01681357467363,0.0,0.0,0.0,2.0,0.06666666666666667,0.0,0.0,0.0,1.0,13.796917373340827,0.0,0.0,0.0,2.0,0.06666666666666667,0.0,0.0,0.0,2.0,9.67199321463512,20.95,41.9,1.0,0.0,0.06666666666666667,0.0,0.0,-0.3966666666666666,1.0,15.466795433837301,0.0,0.0,0.0,2.0,0.06666666666666667,0.0,0.0,0.0,1.0,14.009906699485246,0.0,0.0,0.0,0.0,0.06666666666666667,0.0,0.0,0.0,1.0,14.77271222151372,0.0,0.0,0.0,0.0,0.06666666666666667,0.0,0.0,0.0,3.0,7.9312841766965905,0.0,0.0,0.0,2.0,0.2,0.06666666666666667,0.0,0.0,6.0,5.773648894883498,9.908333333333333,29.0,3.0,0.0,0.2,0.0,0.06666666666666667,0.18722222222222218,11.0,2.736431006633048,11.986363636363636,24.45,8.0,0.0,0.2,0.0,0.2,0.6303409090909091,1.0,0.0,1.0,0.0,1.0,0.0,1.0,0.0,1.0,0.0,1.0,0.0,1.0,0.0,2.0,4.45,2.0,4.75,4.0,1.7625,7.0,16.964285714285715,12.0,22.445833333333336
west_heavy_seed1,west_heavy,1,121.2,136.25,31.0,6.816928314968029,9.451612903225806,13.0,4.799999999999997,1.0,12.63947510276246,0.0,0.0,0.0,2.0,0.06666666666666667,0.0,0.0,0.0,1.0,13.433632420848742,0.0,0.0,0.0,2.0,0.06666666666666667,0.0,0.0,0.0,2.0,6.183772554412209,23.9,47.8,1.0,0.0,0.06666666666666667,0.0,0.0,-0.5933333333333333,1.0,16.009278710943672,0.0,0.0,0.0,2.0,0.06666666666666667,0.0,0.0,0.0,1.0,13.7765003734776,0.0,0.0,0.0,2.0,0.06666666666666667,0.0,0.0,0.0,2.0,9.653393883741986,21.45,42.9,1.0,0.0,0.06666666666666667,0.0,0.0,-0.42999999999999994,1.0,15.464699476451692,0.0,0.0,0.0,2.0,0.06666666666666667,0.0,0.0,0.0,1.0,13.972350076414978,0.0,0.0,0.0,0.0,0.06666666666666667,0.0,0.0,0.0,1.0,14.844132043310891,0.0,0.0,0.0,0.0,0.06666666666666667,0.0,0.0,0.0,3.0,7.786846435504863,0.0,0.0,0.0,2.0,0.13333333333333333,0.0,0.0,0.0,6.0,5.39527059371106,10.408333333333333,30.0,3.0,0.0,0.13333333333333333,0.0,0.06666666666666667,0.3055555555555555,11.0,2.1616558013372287,12.713636363636363,25.45,8.0,0.0,0.13333333333333333,0.0,0.2,0.6605387205387205,1.0,0.0,1.0,0.0,1.0,0.0,1.0,0.0,1.0,0.0,1.0,0.0,1.0,0.0,2.0,4.95,2.0,5.25,4.0,2.5,7.0,17.821428571428573,12.0,23.3625
west_heavy_seed1,west_heavy,1,122.2,137.25,31.0,6.464033560603849,9.870967741935484,13.0,3.799999999999997,1.0,12.650238700407327,0.0,0.0,0.0,2.0,0.06666666666666667,0.0,0.0,0.0,1.0,13.452251039132163,0.0,0.0,0.0,2.0,0.06666666666666667,0.0,0.0,0.0,2.0,6.19779995526439,24.4,48.8,1.0,0.0,0.06666666666666667,0.0,0.0,-0.6266666666666666,1.0,16.008021816487215,0.0,0.0,0.0,2.0,0.06666666666666667,0.0,0.0,0.0,1.0,13.736640929271951,0.0,0.0,0.0,2.0,0.06666666666666667,0.0,0.0,0.0,2.0,9.707741652414844,21.95,43.9,1.0,0.0,0.06666666666666667,0.0,0.0,-0.46333333333333326,1.0,15.490082365645408,0.0,0.0,0.0,2.0,0.06666666666666667,0.0,0.0,0.0,1.0,13.965516128616972,0.0,0.0,0.0,0.0,0.06666666666666667,0.0,0.0,0.0,1.0,14.83640114778209,0.0,0.0,0.0,0.0,0.06666666666666667,0.0,0.0,0.0,3.0,7.66251714293028,0.0,0.0,0.0,2.0,0.13333333333333333,0.0,0.0,0.0,6.0,4.539519095742832,10.908333333333333,31.0,3.0,0.0,0.13333333333333333,0.0,0.06666666666666667,0.3055555555555555,11.0,1.6554671847972637,13.44090909090909,26.45,8.0,0.0,0.13333333333333333,0.0,0.13333333333333333,0.6653198653198653,1.0,0.55,1.0,0.1,0.0,0.0,1.0,0.0,1.0,0.0,1.0,0.0,1.0,0.0,2.0,5.45,2.0,5.75,4.0,3.25,7.0,18.678571428571427,12.0,24.27916666666667
west_heavy_seed1,west_heavy,1,123.2,138.25,43.0,7.137498805767347,7.4186046511627906,13.0,2.799999999999997,2.0,13.083112764980765,0.0,0.0,0.0,2.0,0.13333333333333333,0.0,0.0,0.0,2.0,13.379392652641123,0.0,0.0,0.0,2.0,0.13333333333333333,0.0,0.0,0.0,3.0,6.4753559935750635,16.599999999999998,49.8,1.0,0.0,0.13333333333333333,0.0,0.0,-1.2133333333333334,2.0,13.014500076811164,0.0,0.0,0.0,2.0,0.13333333333333333,0.0,0.0,0.0,2.0,12.733390996963456,0.0,0.0,0.0,2.0,0.13333333333333333,0.0,0.0,0.0,3.0,9.399015552744574,14.966666666666667,44.9,1.0,0.0,0.13333333333333333,0.0,0.0,-0.9955555555555554,2.0,13.697398495945206,0.0,0.0,0.0,2.0,0.13333333333333333,0.0,0.0,0.0,2.0,14.533411580398313,0.0,0.0,0.0,0.0,0.13333333333333333,0.0,0.0,0.0,2.0,12.016522323554668,0.0,0.0,0.0,0.0,0.13333333333333333,0.0,0.0,0.0,4.0,7.954455444571506,0.0,0.0,0.0,2.0,0.13333333333333333,0.0,0.0,0.0,7.0,3.7829849053196924,9.778571428571428,32.0,3.0,0.0,0.13333333333333333,0.0,0.06666666666666667,0.2879047619047619,12.0,1.3395966759103126,12.987499999999999,27.45,8.0,0.0,0.2,0.0,0.06666666666666667,0.5850925925925926,1.0,1.55,1.0,1.1,0.0,0.0,1.0,0.0,1.0,0.0,0.0,0.0,1.0,0.0,2.0,6.075,2.0,6.25,5.0,3.21,8.0,17.09375,13.0,23.25769230769231
west_heavy_seed1,west_heavy,1,124.2,139.25,43.0,6.723586140908309,7.72093023255814,13.0,1.7999999999999972,2.0,13.26145017257787,0.0,0.0,0.0,2.0,0.13333333333333333,0.0,0.0,0.0,2.0,13.363784279042576,0.0,0.0,0.0,2.0,0.13333333333333333,0.0,0.0,0.0,3.0,7.1385351425297925,16.933333333333334,50.8,1.0,0.0,0.13333333333333333,0.0,0.0,-1.2577777777777777,1.0,11.984398601548746,0.0,0.0,0.0,2.0,0.06666666666666667,0.0,0.0,0.0,2.0,12.73849818560618,0.0,0.0,0.0,2.0,0.13333333333333333,0.0,0.0,0.0,3.0,8.265700750019308,15.299999999999999,45.9,1.0,0.0,0.13333333333333333,0.0,0.0,-1.04,1.0,11.990653902366757,0.0,0.0,0.0,2.0,0.06666666666666667,0.0,0.0,0.0,2.0,13.330263162268785,0.0,0.0,0.0,0.0,0.13333333333333333,0.0,0.0,0.0,2.0,9.535349482015985,0.0,0.0,0.0,0.0,0.13333333333333333,0.0,0.0,0.0,4.0,8.44086961377553,0.0,0.0,0.0,2.0,0.13333333333333333,0.0,0.0,0.0,7.0,3.3222506895485107,10.207142857142857,33.0,3.0,0.0,0.13333333333333333,0.0,0.06666666666666667,0.2898095238095238,12.0,1.1776972455216341,13.654166666666667,28.45,8.0,0.0,0.13333333333333333,0.0,0.06666666666666667,0.6109444444444444,1.0,2.55,1.0,2.1,0.0,0.0,1.0,0.65,1.0,0.4,0.0,0.0,1.0,0.65,2.0,7.075,2.0,6.75,5.0,4.01,8.0,17.9625,13.0,24.11923076923077
west_heavy_seed1,west_heavy,1,125.2,140.25,43.0,6.3916542265318625,8.023255813953488,13.0,0.7999999999999972,2.0,13.26099511642242,0.0,0.0,0.0,2.0,0.13333333333333333,0.0,0.0,0.0,2.0,13.383969562748286,0.0,0.0,0.0,2.0,0.13333333333333333,0.0,0.0,0.0,3.0,7.758098157459602,17.266666666666666,51.8,1.0,0.0,0.13333333333333333,0.0,0.0,-1.3022222222222222,1.0,11.974840567598585,0.0,0.0,0.0,2.0,0.06666666666666667,0.0,0.0,0.0,2.0,12.75275407449491,0.0,0.0,0.0,2.0,0.13333333333333333,0.0,0.0,0.0,3.0,6.742560286126358,15.633333333333333,46.9,1.0,0.0,0.13333333333333333,0.0,0.0,-1.0844444444444443,1.0,11.992780556967482,0.0,0.0,0.0,2.0,0.06666666666666667,0.0,0.0,0.0,2.0,10.846725857034786,0.0,0.0,0.0,0.0,0.13333333333333333,0.0,0.0,0.0,2.0,7.037627442175575,0.0,0.0,0.0,0.0,0.13333333333333333,0.0,0.0,0.0,4.0,8.993281907962913,0.0,0.0,0.0,2.0,0.13333333333333333,0.0,0.0,0.0,7.0,2.9496911509937207,10.635714285714286,34.0,3.0,0.0,0.13333333333333333,0.0,0.06666666666666667,0.29171428571428576,12.0,1.0763340285186027,14.320833333333333,29.45,8.0,0.0,0.13333333333333333,0.0,0.06666666666666667,0.6087222222222223,1.0,3.55,1.0,3.1,0.0,0.0,1.0,1.65,1.0,1.4,0.0,0.0,1.0,1.65,2.0,8.075,2.0,7.25,5.0,4.8100000000000005,8.0,18.8375,13.0,25.042307692307695
west_heavy_seed1,west_heavy,1,126.2,141.25,43.0,6.1683789415352575,8.336046511627906,14.0,2.799999999999997,2.0,12.304298164930762,0.0,0.0,0.0,1.0,0.13333333333333333,0.0,0.0,0.0,1.0,13.303682461157896,0.0,0.0,0.0,1.0,0.06666666666666667,0.0,0.0,0.0,3.0,8.39373721854083,17.599999999999998,52.8,1.0,0.0,0.13333333333333333,0.0,0.0,-1.3466666666666667,1.0,11.976957764422986,0.0,0.0,0.0,1.0,0.06666666666666667,0.0,0.0,0.0,1.0,11.75633079381885,0.0,0.0,0.0,1.0,0.06666666666666667,0.0,0.0,0.0,3.0,5.4693052008054615,15.966666666666667,47.9,1.0,0.0,0.13333333333333333,0.0,0.0,-1.1288888888888886,1.0,11.986925277686678,0.0,0.0,0.0,1.0,0.06666666666666667,0.0,0.0,0.0,2.0,8.323830994505894,0.0,0.0,0.0,0.0,0.13333333333333333,0.0,0.0,0.0,2.0,5.511808872831713,0.225,0.45,1.0,0.0,0.13333333333333333,0.0,0.06666666666666667,0.015000000000000001,4.0,9.54876369694902,0.0,0.0,0.0,1.0,0.13333333333333333,0.0,0.0,0.0,7.0,2.694460675783745,11.064285714285715,35.0,3.0,0.0,0.13333333333333333,0.0,0.06666666666666667,0.2936190476190477,12.0,1.0509222927190598,14.987499999999999,30.45,8.0,0.0,0.13333333333333333,0.0,0.0,0.6001666666666665,1.0,4.55,1.0,4.1,0.0,0.0,1.0,2.65,1.0,2.4,0.0,0.0,1.0,2.65,2.0,9.075,2.0,7.75,6.0,4.675,9.0,17.522222222222222,14.0,24.110714285714288
west_heavy_seed1,west_heavy,1,127.2,142.25,43.0,6.1506189472883115,8.682558139534883,16.0,1.7999999999999972,1.0,13.877268162549008,0.0,0.0,0.0,1.0,0.06666666666666667,0.0,0.0,0.0,1.0,13.258274748061542,0.0,0.0,0.0,1.0,0.06666666666666667,0.0,0.0,0.0,3.0,7.988474349391493,17.933333333333334,53.8,1.0,0.0,0.13333333333333333,0.0,0.0,-1.391111111111111,1.0,11.98964350145543,0.0,0.0,0.0,1.0,0.06666666666666667,0.0,0.0,0.0,1.0,11.746210976778455,0.0,0.0,0.0,1.0,0.06666666666666667,0.0,0.0,0.0,3.0,4.551836583551569,16.3,48.9,1.0,0.0,0.13333333333333333,0.0,0.0,-1.1733333333333331,1.0,11.986874119739515,0.0,0.0,0.0,1.0,0.06666666666666667,0.0,0.0,0.0,2.0,7.887581620895506,0.425,0.85,1.0,0.0,0.13333333333333333,0.0,0.06666666666666667,0.028333333333333332,2.0,5.521152656605661,0.725,1.45,1.0,0.0,0.13333333333333333,0.0,0.06666666666666667,0.04833333333333333,4.0,9.799249195802096,0.0,0.0,0.0,1.0,0.13333333333333333,0.0,0.0,0.0,7.0,2.58954232914111,11.492857142857144,36.0,3.0,0.0,0.13333333333333333,0.0,0.0,0.2935238095238095,12.0,1.0624954014857197,15.658333333333333,31.45,9.0,0.0,0.13333333333333333,0.0,0.06666666666666667,0.5915555555555556,1.0,5.55,1.0,5.1,0.0,0.0,1.0,3.65,1.0,3.4,0.0,0.0,1.0,3.65,2.0,10.075,2.0,8.25,6.0,5.341666666666666,9.0,18.299999999999997,14.0,24.967857142857145
west_heavy_seed1,west_heavy,1,128.25,143.25,43.0,6.01057322817309,9.073255813953487,16.0,0.75,1.0,13.875122944146861,0.0,0.0,0.0,1.0,0.06666666666666667,0.06666666666666667,0.0,0.0,1.0,13.24870713661121,0.0,0.0,0.0,1.0,0.06666666666666667,0.06666666666666667,0.0,0.0,3.0,6.9321478195765,18.283333333333335,54.85,1.0,0.0,0.06666666666666667,0.0,0.0,-0.10944444444444439,1.0,11.99720537471585,0.0,0.0,0.0,1.0,0.06666666666666667,0.06666666666666667,0.0,0.0,1.0,11.741439798094722,0.0,0.0,0.0,1.0,0.06666666666666667,0.06666666666666667,0.0,0.0,3.0,4.124070540846533,16.650000000000002,49.95,1.0,0.0,0.06666666666666667,0.0,0.0,-0.05499999999999995,1.0,11.992415671600028,0.0,0.0,0.0,1.0,0.06666666666666667,0.06666666666666667,0.0,0.0,2.0,7.874052894628808,0.95,1.9,1.0,0.0,0.06666666666666667,0.0,0.06666666666666667,0.06333333333333332,2.0,5.515620128632251,1.25,2.5,1.0,0.0,0.06666666666666667,0.0,0.06666666666666667,0.08333333333333333,4.0,8.971008553797144,0.0,0.0,0.0,1.0,0.06666666666666667,0.0,0.0,0.0,7.0,2.5857427455086426,11.942857142857141,37.05,3.0,0.0,0.06666666666666667,0.0,0.0,0.3673015873015872,12.0,1.1344367987018458,16.445833333333333,32.5,9.0,0.0,0.06666666666666667,0.0,0.06666666666666667,0.6342676767676767,1.0,6.55,1.0,6.1,0.0,0.0,1.0,4.65,1.0,4.4,0.0,0.0,1.0,4.65,2.0,11.075,2.0,8.75,6.0,6.008333333333333,9.0,19.077777777777776,14.0,25.825
west_heavy_seed1,west_heavy,1,129.25,144.25,43.0,5.834656760499349,6.980232558139535,15.0,11.75,1.0,13.87751999336877,0.0,0.0,0.0,0.0,0.06666666666666667,0.06666666666666667,0.0,0.0,1.0,13.248445610063374,0.0,0.0,0.0,0.0,0.06666666666666667,0.06666666666666667,0.0,0.0,3.0,6.348606104164823,0.0,0.0,0.0,2.0,0.06666666666666667,0.0,-0.06666666666666667,-1.3616666666666668,1.0,11.994887954054866,0.0,0.0,0.0,0.0,0.06666666666666667,0.06666666666666667,0.0,0.0,1.0,11.740292112470996,0.0,0.0,0.0,0.0,0.06666666666666667,0.06666666666666667,0.0,0.0,3.0,4.269266462296631,0.0,0.0,0.0,2.0,0.06666666666666667,0.0,-0.06666666666666667,-1.1983333333333335,1.0,11.971075639324262,0.0,0.0,0.0,0.0,0.06666666666666667,0.06666666666666667,0.0,0.0,2.0,7.887773854908735,1.45,2.9,1.0,0.0,0.06666666666666667,0.0,0.06666666666666667,0.09666666666666666,2.0,5.525309319767364,1.75,3.5,1.0,0.0,0.06666666666666667,0.0,0.06666666666666667,0.11666666666666667,4.0,6.998975295810496,0.0,0.0,0.0,0.0,0.06666666666666667,0.0,0.0,0.0,7.0,2.5523686851805154,12.485714285714284,38.05,4.0,0.0,0.06666666666666667,0.0,0.06666666666666667,0.37015873015873,12.0,1.2042117175741545,17.195833333333333,33.5,9.0,0.0,0.06666666666666667,0.0,0.06666666666666667,0.6357828282828282,1.0,0.0,1.0,7.1,0.0,0.0,1.0,0.0,1.0,5.4,0.0,0.0,1.0,0.0,2.0,0.0,2.0,9.425,6.0,4.241666666666666,9.0,8.81111111111111,14.0,26.682142857142857
west_heavy_seed1,west_heavy,1,130.25,145.25,43.0,5.871334880088336,7.343023255813954,16.0,10.75,1.0,13.840103561496363,0.0,0.0,0.0,0.0,0.06666666666666667,0.06666666666666667,0.0,0.0,1.0,13.306472530265328,0.0,0.0,0.0,0.0,0.06666666666666667,0.06666666666666667,0.0,0.0,2.0,8.847731387994585,0.0,0.0,0.0,2.0,0.06666666666666667,0.06666666666666667,-0.06666666666666667,-1.395,1.0,11.98224969272269,0.0,0.0,0.0,0.0,0.06666666666666667,0.06666666666666667,0.0,0.0,1.0,11.749537546569407,0.0,0.0,0.0,0.0,0.06666666666666667,0.06666666666666667,0.0,0.0,2.0,6.943857280673138,0.0,0.0,0.0,2.0,0.06666666666666667,0.06666666666666667,-0.06666666666666667,-1.2316666666666667,1.0,11.991031671173404,0.0,0.0,0.0,0.0,0.06666666666666667,0.06666666666666667,0.0,0.0,2.0,7.892327324721233,1.95,3.9,1.0,0.0,0.06666666666666667,0.0,0.06666666666666667,0.13,2.0,5.515883136335721,2.25,4.5,1.0,0.0,0.06666666666666667,0.0,0.06666666666666667,0.15,4.0,5.7027267538008,0.15,0.6,1.0,0.0,0.06666666666666667,0.0,0.06666666666666667,0.01,7.0,2.447262462565891,13.057142857142855,39.05,4.0,0.0,0.06666666666666667,0.0,0.06666666666666667,0.37492063492063477,12.0,1.1761149065559076,17.945833333333333,34.5,9.0,0.0,0.06666666666666667,0.0,0.06666666666666667,0.6372979797979798,0.0,0.0,1.0,8.1,0.0,0.0,0.0,0.0,1.0,6.4,0.0,0.0,0.0,0.0,1.0,0.0,2.0,10.425,5.0,0.0,8.0,4.2875,14.0,27.539285714285715
west_heavy_seed1,west_heavy,1,131.25,146.25,43.0,5.913080838446021,7.754651162790697,19.0,9.75,1.0,13.87278610563255,0.0,0.0,0.0,0.0,0.06666666666666667,0.06666666666666667,0.0,0.0,1.0,13.297009654150335,0.0,0.0,0.0,0.0,0.06666666666666667,0.06666666666666667,0.0,0.0,2.0,9.294310448674112,0.0,0.0,0.0,2.0,0.06666666666666667,0.06666666666666667,-0.06666666666666667,-1.4283333333333335,1.0,11.994833526082802,0.0,0.0,0.0,0.0,0.06666666666666667,0.06666666666666667,0.0,0.0,1.0,11.75469134956358,0.0,0.0,0.0,0.0,0.06666666666666667,0.06666666666666667,0.0,0.0,2.0,7.805422421669873,0.0,0.0,0.0,2.0,0.06666666666666667,0.06666666666666667,-0.06666666666666667,-1.2650000000000001,1.0,11.977755731900688,0.0,0.0,0.0,0.0,0.06666666666666667,0.06666666666666667,0.0,0.0,2.0,7.866927527849764,2.45,4.9,1.0,0.0,0.06666666666666667,0.0,0.06666666666666667,0.16333333333333336,2.0,5.51455658719871,2.75,5.5,1.0,0.0,0.06666666666666667,0.0,0.06666666666666667,0.18333333333333332,4.0,4.58520024822735,0.4,1.6,1.0,0.0,0.06666666666666667,0.0,0.06666666666666667,0.02666666666666667,7.0,2.376846833827645,13.728571428571428,40.05,5.0,0.0,0.06666666666666667,0.0,0.13333333333333333,0.3863492063492063,12.0,1.1611222159955077,18.779166666666665,35.5,11.0,0.0,0.06666666666666667,0.0,0.2,0.6443686868686868,0.0,0.0,1.0,9.1,0.0,0.0,0.0,0.0,1.0,7.4,0.0,0.0,0.0,0.0,1.0,0.0,2.0,11.425,5.0,0.0,8.0,0.99375,14.0,28.396428571428572
west_heavy_seed1,west_heavy,1,132.25,147.25,43.0,5.713010343607339,8.196511627906977,19.0,8.75,1.0,13.850229227242526,0.0,0.0,0.0,0.0,0.06666666666666667,0.06666666666666667,0.0,0.0,1.0,13.29124911315319,0.0,0.0,0.0,0.0,0.06666666666666667,0.06666666666666667,0.0,0.0,1.0,13.853198576492723,0.0,0.0,0.0,2.0,0.06666666666666667,0.13333333333333333,-0.06666666666666667,-1.4616666666666667,1.0,11.97840035556117,0.0,0.0,0.0,0.0,0.06666666666666667,0.06666666666666667,0.0,0.0,1.0,11.762833713805229,0.0,0.0,0.0,0.0,0.06666666666666667,0.06666666666666667,0.0,0.0,1.0,11.97509600551799,0.0,0.0,0.0,2.0,0.06666666666666667,0.13333333333333333,-0.06666666666666667,-1.2983333333333333,1.0,11.987189184820744,0.0,0.0,0.0,0.0,0.06666666666666667,0.06666666666666667,0.0,0.0,2.0,5.86710444786629,2.95,5.9,1.0,0.0,0.06666666666666667,0.0,0.06666666666666667,0.19666666666666668,2.0,5.5119762204167975,3.25,6.5,1.0,0.0,0.06666666666666667,0.0,0.06666666666666667,0.21666666666666667,4.0,3.252087838024273,0.65,2.6,1.0,0.0,0.06666666666666667,0.0,0.06666666666666667,0.043333333333333335,7.0,1.8694095750716173,14.442857142857141,41.05,5.0,0.0,0.06666666666666667,0.0,0.13333333333333333,0.4006349206349205,12.0,0.8809789393345505,19.695833333333333,36.5,11.0,0.0,0.06666666666666667,0.0,0.2,0.6569949494949494,0.0,0.0,1.0,10.1,0.0,0.0,0.0,0.0,1.0,8.4,0.0,0.0,0.0,0.0,0.0,0.0,2.0,12.425,5.0,0.0,7.0,0.0,14.0,29.25357142857143
west_heavy_seed1,west_heavy,1,133.25,148.25,43.0,5.535478224493,8.653488372093024,20.0,7.75,1.0,13.873228790058057,0.0,0.0,0.0,0.0,0.06666666666666667,0.06666666666666667,0.0,0.0,1.0,13.255944413894778,0.0,0.0,0.0,0.0,0.06666666666666667,0.06666666666666667,0.0,0.0,1.0,13.85616070855409,0.0,0.0,0.0,2.0,0.06666666666666667,0.13333333333333333,-0.06666666666666667,-1.495,1.0,11.987406350153032,0.0,0.0,0.0,0.0,0.06666666666666667,0.06666666666666667,0.0,0.0,1.0,11.750616690451205,0.0,0.0,0.0,0.0,0.06666666666666667,0.06666666666666667,0.0,0.0,1.0,11.976203308934346,0.0,0.0,0.0,2.0,0.06666666666666667,0.13333333333333333,-0.06666666666666667,-1.3316666666666668,1.0,11.970283748265356,0.0,0.0,0.0,0.0,0.06666666666666667,0.06666666666666667,0.0,0.0,2.0,3.943322028211251,3.45,6.9,1.0,0.0,0.06666666666666667,0.0,0.06666666666666667,0.23,2.0,5.5112202710005995,3.75,7.5,1.0,0.0,0.06666666666666667,0.0,0.06666666666666667,0.25,4.0,2.1162932047056255,0.9,3.6,1.0,0.0,0.06666666666666667,0.0,0.06666666666666667,0.060000000000000005,7.0,1.2960114324367462,15.25,42.05,6.0,0.0,0.06666666666666667,0.0,0.2,0.4211111111111111,12.0,0.6292304651050761,20.6125,37.5,11.0,0.0,0.06666666666666667,0.0,0.2,0.6696212121212122,0.0,0.0,1.0,11.1,0.0,0.0,0.0,0.0,1.0,9.4,0.0,0.0,0.0,0.0,0.0,0.0,2.0,13.425,4.0,0.0,7.0,0.0,14.0,30.110714285714288
west_heavy_seed1,west_heavy,1,134.25,149.25,43.0,5.358147566984091,9.12906976744186,21.0,6.75,1.0,11.305401797225098,0.0,0.0,0.0,0.0,0.06666666666666667,0.06666666666666667,0.0,0.0,1.0,13.290273215653597,0.0,0.0,0.0,0.0,0.06666666666666667,0.06666666666666667,0.0,0.0,1.0,13.82604598065489,0.0,0.0,0.0,2.0,0.06666666666666667,0.13333333333333333,-0.06666666666666667,-1.5283333333333333,1.0,11.980769498872105,0.0,0.0,0.0,0.0,0.06666666666666667,0.06666666666666667,0.0,0.0,1.0,11.735560400027241,0.0,0.0,0.0,0.0,0.06666666666666667,0.06666666666666667,0.0,0.0,1.0,11.999967190206517,0.0,0.0,0.0,2.0,0.06666666666666667,0.13333333333333333,-0.06666666666666667,-1.365,1.0,11.980597592995036,0.0,0.0,0.0,0.0,0.06666666666666667,0.06666666666666667,0.0,0.0,2.0,2.2941525320683627,3.95,7.9,1.0,0.0,0.06666666666666667,0.0,0.06666666666666667,0.26333333333333336,2.0,5.513836544098992,4.25,8.5,1.0,0.0,0.06666666666666667,0.0,0.06666666666666667,0.2833333333333333,4.0,1.2428847384166826,1.2625,4.6,2.0,0.0,0.06666666666666667,0.0,0.13333333333333333,0.08416666666666667,7.0,0.7907337540502711,16.107142857142858,43.05,6.0,0.0,0.06666666666666667,0.0,0.2,0.44492063492063494,12.0,0.40477375298840057,21.52916666666667,38.5,11.0,0.0,0.06666666666666667,0.0,0.2,0.6822474747474749,0.0,0.0,1.0,12.1,0.0,0.0,0.0,0.0,1.0,10.4,0.0,0.0,0.0,0.0,0.0,0.0,2.0,14.425,4.0,0.0,6.0,0.0,14.0,30.967857142857145
west_heavy_seed1,west_heavy,1,135.25,150.25,43.0,5.028341922817424,9.617441860465117,21.0,5.75,1.0,6.805401797225105,0.0,0.0,0.0,0.0,0.06666666666666667,0.06666666666666667,0.0,0.0,1.0,8.840440416317898,0.0,0.0,0.0,0.0,0.06666666666666667,0.06666666666666667,0.0,0.0,1.0,13.874475033257623,0.0,0.0,0.0,2.0,0.06666666666666667,0.13333333333333333,-0.06666666666666667,-1.5616666666666668,1.0,11.975725222248585,0.0,0.0,0.0,0.0,0.06666666666666667,0.06666666666666667,0.0,0.0,1.0,11.757156292076614,0.0,0.0,0.0,0.0,0.06666666666666667,0.06666666666666667,0.0,0.0,1.0,11.995950157342014,0.0,0.0,0.0,2.0,0.06666666666666667,0.13333333333333333,-0.06666666666666667,-1.3983333333333334,1.0,11.99367907110136,0.0,0.0,0.0,0.0,0.06666666666666667,0.06666666666666667,0.0,0.0,2.0,1.0991000628480343,4.45,8.9,1.0,0.0,0.06666666666666667,0.0,0.06666666666666667,0.2966666666666667,2.0,5.524265394498322,4.75,9.5,1.0,0.0,0.06666666666666667,0.0,0.06666666666666667,0.31666666666666665,4.0,0.6177299559805821,1.7625,5.6,2.0,0.0,0.06666666666666667,0.0,0.13333333333333333,0.1175,7.0,0.4163785638448178,16.964285714285715,44.05,6.0,0.0,0.06666666666666667,0.0,0.2,0.4687301587301588,12.0,0.23082001871934663,22.445833333333336,39.5,11.0,0.0,0.06666666666666667,0.0,0.2,0.6948737373737376,0.0,0.0,1.0,13.1,0.0,0.0,0.0,0.0,1.0,11.4,0.0,0.0,0.0,0.0,0.0,0.0,2.0,15.425,3.0,0.0,6.0,0.0,14.0,31.825
west_heavy_seed1,west_heavy,1,136.25,151.25,43.0,4.569617376076431,10.127906976744185,22.0,4.75,1.0,2.305401797225109,0.0,0.0,0.0,0.0,0.06666666666666667,0.06666666666666667,0.0,0.0,1.0,4.343108686450476,0.0,0.0,0.0,0.0,0.06666666666666667,0.06666666666666667,0.0,0.0,1.0,13.864545377222822,0.0,0.0,0.0,2.0,0.06666666666666667,0.13333333333333333,-0.06666666666666667,-1.595,1.0,9.559350828961946,0.0,0.0,0.0,0.0,0.06666666666666667,0.06666666666666667,0.0,0.0,1.0,10.597210406283233,0.0,0.0,0.0,0.0,0.06666666666666667,0.06666666666666667,0.0,0.0,1.0,11.999248686914799,0.0,0.0,0.0,2.0,0.06666666666666667,0.13333333333333333,-0.06666666666666667,-1.4316666666666669,1.0,9.561387117612485,0.0,0.0,0.0,0.0,0.06666666666666667,0.06666666666666667,0.0,0.0,2.0,0.4257695617134701,4.95,9.9,1.0,0.0,0.06666666666666667,0.0,0.06666666666666667,0.33,2.0,4.256937587250894,5.25,10.5,1.0,0.0,0.06666666666666667,0.0,0.06666666666666667,0.35,4.0,0.24740506825317493,2.5,6.6,3.0,0.0,0.06666666666666667,0.0,0.2,0.16666666666666666,7.0,0.1709020291766782,17.821428571428573,45.05,6.0,0.0,0.06666666666666667,0.0,0.2,0.4925396825396826,12.0,0.1142681748640884,23.3625,40.5,11.0,0.0,0.06666666666666667,0.0,0.2,0.7075,0.0,0.0,1.0,14.1,0.0,0.0,0.0,0.0,1.0,12.4,0.0,0.0,0.0,0.0,0.0,0.0,2.0,16.425,2.0,0.0,5.0,0.0,14.0,32.68214285714286
west_heavy_seed1,west_heavy,1,137.25,152.25,42.0,3.7346620081977697,10.908333333333333,24.0,3.75,1.0,0.0,0.55,0.55,1.0,0.0,0.06666666666666667,0.06666666666666667,0.06666666666666667,0.03666666666666667,1.0,0.001288701029945568,0.1,0.1,1.0,0.0,0.06666666666666667,0.06666666666666667,0.06666666666666667,0.006666666666666667,0.0,0.0,0.0,0.0,0.0,2.0,0.0,0.13333333333333333,-0.06666666666666667,-1.6283333333333334,1.0,5.562897395315717,0.0,0.0,0.0,0.0,0.06666666666666667,0.06666666666666667,0.0,0.0,1.0,6.602565505508347,0.0,0.0,0.0,0.0,0.06666666666666667,0.06666666666666667,0.0,0.0,1.0,11.991801031802316,0.0,0.0,0.0,2.0,0.06666666666666667,0.13333333333333333,-0.06666666666666667,-1.465,1.0,5.561886171112451,0.0,0.0,0.0,0.0,0.06666666666666667,0.06666666666666667,0.0,0.0,2.0,0.13349778525520195,5.45,10.9,1.0,0.0,0.06666666666666667,0.0,0.06666666666666667,0.36333333333333334,2.0,3.079918547996911,5.75,11.5,1.0,0.0,0.06666666666666667,0.0,0.06666666666666667,0.38333333333333336,4.0,0.0848580102113269,3.25,7.6,3.0,0.0,0.06666666666666667,0.0,0.2,0.21666666666666667,7.0,0.05592462137255551,18.678571428571427,46.05,6.0,0.0,0.06666666666666667,0.0,0.2,0.5163492063492063,12.0,0.049062446231246726,24.27916666666667,41.5,11.0,0.0,0.06666666666666667,0.0,0.2,0.7201262626262628,0.0,0.0,1.0,15.1,0.0,0.0,0.0,0.0,1.0,13.4,0.0,0.0,0.0,0.0,0.0,0.0,2.0,17.425,2.0,0.0,4.0,0.0,14.0,33.53928571428572
west_heavy_seed1,west_heavy,1,138.25,153.25,44.0,2.925776727374203,10.964772727272727,26.0,2.75,1.0,0.0,1.55,1.55,1.0,0.0,0.0,0.06666666666666667,0.06666666666666667,0.10333333333333333,1.0,0.0,1.1,1.1,1.0,0.0,0.0,0.06666666666666667,0.06666666666666667,0.07333333333333333,0.0,0.0,0.0,0.0,0.0,2.0,0.0,0.2,-0.06666666666666667,-1.1077777777777778,1.0,1.567046039985242,0.0,0.0,0.0,0.0,0.0,0.06666666666666667,0.0,0.0,1.0,2.6052983389627844,0.0,0.0,0.0,0.0,0.0,0.06666666666666667,0.0,0.0,0.0,0.0,0.0,0.0,0.0,2.0,0.0,0.2,-0.06666666666666667,-0.9988888888888889,1.0,1.5644549692727818,0.0,0.0,0.0,0.0,0.0,0.06666666666666667,0.0,0.0,2.0,0.037152459845747686,6.075,11.9,2.0,0.0,0.0,0.0,0.13333333333333333,0.405,2.0,2.074333865084672,6.25,12.5,1.0,0.0,0.0,0.0,0.06666666666666667,0.4166666666666667,5.0,0.1749589512884775,3.21,8.6,4.0,0.0,0.06666666666666667,0.0,0.26666666666666666,0.214,8.0,0.09413100079073253,17.09375,47.05,6.0,0.0,0.06666666666666667,0.0,0.2,0.48625000000000007,13.0,0.07766218388481029,23.25769230769231,42.5,11.0,0.0,0.06666666666666667,0.0,0.2,0.682457264957265,0.0,0.0,1.0,16.1,0.0,0.0,0.0,0.0,1.0,14.4,0.0,0.0,0.0,0.0,0.0,0.0,2.0,18.425,2.0,0.0,4.0,0.0,14.0,34.42142857142857
west_heavy_seed1,west_heavy,1,139.25,154.25,44.0,2.9138780374844986,11.620454545454546,31.0,1.75,1.0,0.0,2.55,2.55,1.0,0.0,0.0,0.06666666666666667,0.06666666666666667,0.16999999999999998,1.0,0.0,2.1,2.1,1.0,0.0,0.0,0.06666666666666667,0.06666666666666667,0.14,0.0,0.0,0.0,0.0,0.0,2.0,0.0,0.2,-0.06666666666666667,-1.13,1.0,0.0,0.65,0.65,1.0,0.0,0.0,0.0,0.06666666666666667,0.043333333333333335,1.0,0.0,0.4,0.4,1.0,0.0,0.0,0.06666666666666667,0.06666666666666667,0.02666666666666667,0.0,0.0,0.0,0.0,0.0,2.0,0.0,0.2,-0.06666666666666667,-1.0211111111111113,1.0,0.0,0.65,0.65,1.0,0.0,0.0,0.0,0.06666666666666667,0.043333333333333335,2.0,0.010359019532203952,7.075,12.9,2.0,0.0,0.0,0.0,0.13333333333333333,0.4716666666666667,2.0,1.277819480518308,6.75,13.5,1.0,0.0,0.0,0.0,0.06666666666666667,0.45,5.0,0.659749453239086,4.01,9.6,4.0,0.0,0.06666666666666667,0.0,0.26666666666666666,0.2673333333333333,8.0,0.3488693892366806,17.9625,48.05,7.0,0.0,0.06666666666666667,0.0,0.26666666666666666,0.5155952380952381,13.0,0.25009253793266983,24.11923076923077,43.5,12.0,0.0,0.06666666666666667,0.0,0.26666666666666666,0.6954487179487181,0.0,0.0,1.0,17.1,0.0,0.0,0.0,0.0,1.0,15.4,0.0,0.0,0.0,0.0,0.0,0.0,2.0,19.425,2.0,0.0,4.0,0.0,15.0,32.99333333333333
west_heavy_seed1,west_heavy,1,140.25,155.25,44.0,3.0326128084278396,12.325,31.0,0.75,1.0,0.0,3.55,3.55,1.0,0.0,0.0,0.06666666666666667,0.06666666666666667,0.23666666666666666,1.0,0.0,3.1,3.1,1.0,0.0,0.0,0.06666666666666667,0.06666666666666667,0.20666666666666667,0.0,0.0,0.0,0.0,0.0,2.0,0.0,0.2,-0.06666666666666667,-1.1522222222222223,1.0,0.0,1.65,1.65,1.0,0.0,0.0,0.0,0.06666666666666667,0.11,1.0,0.0,1.4,1.4,1.0,0.0,0.0,0.06666666666666667,0.06666666666666667,0.09333333333333332,0.0,0.0,0.0,0.0,0.0,2.0,0.0,0.2,-0.06666666666666667,-1.0433333333333334,1.0,0.0,1.65,1.65,1.0,0.0,0.0,0.0,0.06666666666666667,0.11,2.0,0.0029601265604977498,8.075,13.9,2.0,0.0,0.0,0.0,0.13333333333333333,0.5383333333333333,2.0,0.71943859010422,7.25,14.5,1.0,0.0,0.0,0.0,0.06666666666666667,0.48333333333333334,5.0,1.0536199499870962,4.8100000000000005,10.6,4.0,0.0,0.06666666666666667,0.0,0.26666666666666666,0.3206666666666667,8.0,0.5915881532608102,18.8375,49.05,7.0,0.0,0.06666666666666667,0.0,0.26666666666666666,0.5453571428571428,13.0,0.41281777781595763,25.042307692307695,44.5,12.0,0.0,0.06666666666666667,0.0,0.26666666666666666,0.7125427350427352,0.0,0.0,1.0,18.1,0.0,0.0,0.0,0.0,1.0,16.4,0.0,0.0,0.0,0.0,0.0,0.0,2.0,20.425,2.0,0.0,3.0,0.0,15.0,33.92333333333333
west_heavy_seed1,west_heavy,1,141.25,156.25,47.0,3.1350483686257733,12.197872340425532,31.0,2.75,1.0,0.0,4.55,4.55,1.0,0.0,0.0,0.06666666666666667,0.06666666666666667,0.30333333333333334,1.0,0.0,4.1,4.1,1.0,0.0,0.0,0.0,0.06666666666666667,0.2733333333333333,0.0,0.0,0.0,0.0,0.0,1.0,0.0,0.2,-0.06666666666666667,-1.1744444444444444,1.0,0.0,2.65,2.65,1.0,0.0,0.0,0.0,0.06666666666666667,0.17666666666666667,1.0,0.0,2.4,2.4,1.0,0.0,0.0,0.0,0.06666666666666667,0.16,0.0,0.0,0.0,0.0,0.0,1.0,0.0,0.2,-0.06666666666666667,-1.0655555555555556,1.0,0.0,2.65,2.65,1.0,0.0,0.0,0.0,0.06666666666666667,0.17666666666666667,2.0,0.0008181931415751827,9.075,14.9,2.0,0.0,0.0,0.0,0.13333333333333333,0.605,2.0,0.3752643135618393,7.75,15.5,1.0,0.0,0.0,0.0,0.0,0.5,6.0,1.6530792084834298,4.675,11.6,4.0,0.0,0.13333333333333333,0.0,0.26666666666666666,0.31166666666666665,9.0,1.0764378262682845,17.522222222222222,50.05,7.0,0.0,0.13333333333333333,0.0,0.26666666666666666,0.4291005291005291,14.0,0.7338100561063267,24.110714285714288,45.5,12.0,0.0,0.13333333333333333,0.0,0.26666666666666666,0.6059920634920636,0.0,0.0,1.0,19.1,0.0,0.0,0.0,0.0,1.0,17.4,0.0,0.0,0.0,0.0,0.0,0.0,2.0,21.425,1.0,0.0,3.0,0.0,15.0,34.85666666666667
west_heavy_seed1,west_heavy,1,142.25,157.25,45.0,2.96431391747151,13.428888888888888,31.0,1.75,1.0,0.0,5.55,5.55,1.0,0.0,0.0,0.0,0.06666666666666667,0.37,1.0,0.0,5.1,5.1,1.0,0.0,0.0,0.0,0.06666666666666667,0.33999999999999997,0.0,0.0,0.0,0.0,0.0,1.0,0.0,0.2,-0.06666666666666667,-1.1966666666666665,1.0,0.0,3.65,3.65,1.0,0.0,0.0,0.0,0.06666666666666667,0.24333333333333332,1.0,0.0,3.4,3.4,1.0,0.0,0.0,0.0,0.06666666666666667,0.22666666666666666,0.0,0.0,0.0,0.0,0.0,1.0,0.0,0.2,-0.06666666666666667,-1.0877777777777777,1.0,0.0,3.65,3.65,1.0,0.0,0.0,0.0,0.06666666666666667,0.24333333333333332,2.0,0.00023665982415288514,10.075,15.9,2.0,0.0,0.0,0.0,0.06666666666666667,0.6416666666666667,2.0,0.18470857856062686,8.25,16.5,1.0,0.0,0.0,0.0,0.0,0.5,6.0,2.4386142612064234,5.341666666666666,12.6,4.0,0.0,0.13333333333333333,0.0,0.26666666666666666,0.35611111111111104,9.0,1.5866732000115698,18.299999999999997,51.05,7.0,0.0,0.13333333333333333,0.0,0.26666666666666666,0.4523809523809522,14.0,1.0509546640287593,24.967857142857145,46.5,12.0,0.0,0.13333333333333333,0.0,0.2,0.6181349206349208,0.0,0.0,1.0,20.1,0.0,0.0,0.0,0.0,1.0,18.4,0.0,0.0,0.0,0.0,0.0,0.0,2.0,22.425,1.0,0.0,2.0,0.0,15.0,35.79
west_heavy_seed1,west_heavy,1,143.25,158.25,44.0,3.0422828619473985,14.438636363636363,31.0,0.75,1.0,0.0,6.55,6.55,1.0,0.0,0.0,0.0,0.06666666666666667,0.43666666666666665,1.0,0.0,6.1,6.1,1.0,0.0,0.0,0.0,0.06666666666666667,0.4066666666666666,0.0,0.0,0.0,0.0,0.0,1.0,0.0,0.2,-0.06666666666666667,-1.218888888888889,1.0,0.0,4.65,4.65,1.0,0.0,0.0,0.0,0.06666666666666667,0.31,1.0,0.0,4.4,4.4,1.0,0.0,0.0,0.0,0.06666666666666667,0.29333333333333333,0.0,0.0,0.0,0.0,0.0,1.0,0.0,0.2,-0.06666666666666667,-1.11,1.0,0.0,4.65,4.65,1.0,0.0,0.0,0.0,0.06666666666666667,0.31,2.0,6.520829851787961e-05,11.075,16.9,2.0,0.0,0.0,0.0,0.06666666666666667,0.675,2.0,0.08630416899128655,8.75,17.5,1.0,0.0,0.0,0.0,0.0,0.5,6.0,3.1796201069449186,6.008333333333333,13.6,4.0,0.0,0.13333333333333333,0.0,0.26666666666666666,0.4005555555555555,9.0,2.0528475462118387,19.077777777777776,52.05,7.0,0.0,0.13333333333333333,0.0,0.26666666666666666,0.4756613756613756,14.0,1.377752081532549,25.825,47.5,12.0,0.0,0.13333333333333333,0.0,0.2,0.6252777777777777,0.0,0.0,1.0,21.1,0.0,0.0,0.0,0.0,1.0,19.4,0.0,0.0,0.0,0.0,0.0,0.0,2.0,23.425,1.0,0.0,1.0,0.0,15.0,36.723333333333336
west_heavy_seed1,west_heavy,1,144.25,159.25,44.0,3.434996238710602,11.582954545454545,24.0,29.75,1.0,0.6177144407218998,0.0,0.0,0.0,2.0,0.0,0.0,0.0,0.0,1.0,0.0,7.1,7.1,1.0,0.0,0.0,0.0,0.06666666666666667,0.47333333333333333,0.0,0.0,0.0,0.0,0.0,0.0,0.0,0.2,0.0,0.0,1.0,0.4908575109414599,0.0,0.0,0.0,2.0,0.0,0.0,0.0,0.0,1.0,0.0,5.4,5.4,1.0,0.0,0.0,0.0,0.06666666666666667,0.36000000000000004,0.0,0.0,0.0,0.0,0.0,0.0,0.0,0.2,0.0,0.0,1.0,0.49228145742878965,0.0,0.0,0.0,2.0,0.0,0.0,0.0,0.0,2.0,0.49043431492953293,0.0,0.0,0.0,2.0,0.0,0.0,-0.06666666666666667,-0.09666666666666666,2.0,0.039566048026358235,9.425,18.5,2.0,0.0,0.0,0.0,0.06666666666666667,0.5116666666666667,6.0,3.9980485452009398,4.241666666666666,10.45,3.0,2.0,0.13333333333333333,0.0,0.2,0.28277777777777774,9.0,2.617670772177094,8.81111111111111,32.2,5.0,2.0,0.13333333333333333,0.0,0.06666666666666667,-0.24497354497354493,14.0,1.721299289223147,26.682142857142857,48.5,12.0,0.0,0.13333333333333333,0.0,0.2,0.6324206349206349,0.0,0.0,1.0,22.1,0.0,0.0,0.0,0.0,1.0,20.4,0.0,0.0,0.0,0.0,0.0,0.0,2.0,24.425,1.0,0.0,1.0,0.0,15.0,37.656666666666666
west_heavy_seed1,west_heavy,1,145.25,160.25,44.0,4.066941925361453,10.345454545454546,19.0,28.75,0.0,0.0,0.0,0.0,0.0,2.0,0.0,0.06666666666666667,0.0,0.0,1.0,0.0,8.1,8.1,1.0,0.0,0.0,0.0,0.06666666666666667,0.5399999999999999,0.0,0.0,0.0,0.0,0.0,0.0,0.0,0.13333333333333333,0.0,0.0,0.0,0.0,0.0,0.0,0.0,2.0,0.0,0.06666666666666667,0.0,0.0,1.0,0.0,6.4,6.4,1.0,0.0,0.0,0.0,0.06666666666666667,0.4266666666666667,0.0,0.0,0.0,0.0,0.0,0.0,0.0,0.13333333333333333,0.0,0.0,0.0,0.0,0.0,0.0,0.0,2.0,0.0,0.06666666666666667,0.0,0.0,1.0,2.287430197451747,0.0,0.0,0.0,2.0,0.0,0.06666666666666667,-0.06666666666666667,-0.13,2.0,0.018248089454171074,10.425,19.5,2.0,0.0,0.0,0.0,0.06666666666666667,0.545,5.0,5.490716359164558,0.0,0.0,0.0,2.0,0.13333333333333333,0.06666666666666667,-0.06666666666666667,-0.01,8.0,3.504898522058306,4.2875,14.7,3.0,2.0,0.13333333333333333,0.06666666666666667,-0.06666666666666667,-0.584642857142857,14.0,2.047353220043867,27.539285714285715,49.5,12.0,0.0,0.13333333333333333,0.0,0.2,0.6395634920634922,0.0,0.0,1.0,23.1,0.0,0.0,0.0,0.0,1.0,21.4,0.0,0.0,0.0,0.0,0.0,0.0,2.0,25.425,1.0,0.0,1.0,0.0,15.0,38.59
west_heavy_seed1,west_heavy,1,146.25,161.25,43.0,4.425586199860447,10.345348837209302,17.0,27.75,0.0,0.0,0.0,0.0,0.0,2.0,0.0,0.06666666666666667,0.0,0.0,1.0,0.0,9.1,9.1,1.0,0.0,0.0,0.0,0.06666666666666667,0.6066666666666667,0.0,0.0,0.0,0.0,0.0,0.0,0.0,0.13333333333333333,0.0,0.0,0.0,0.0,0.0,0.0,0.0,2.0,0.0,0.06666666666666667,0.0,0.0,1.0,0.0,7.4,7.4,1.0,0.0,0.0,0.0,0.06666666666666667,0.49333333333333335,0.0,0.0,0.0,0.0,0.0,0.0,0.0,0.13333333333333333,0.0,0.0,0.0,0.0,0.0,0.0,0.0,2.0,0.0,0.06666666666666667,0.0,0.0,1.0,4.3038729731250385,0.0,0.0,0.0,2.0,0.0,0.06666666666666667,-0.06666666666666667,-0.16333333333333336,2.0,0.008298154664202436,11.425,20.5,2.0,0.0,0.0,0.0,0.06666666666666667,0.5783333333333334,5.0,6.54536075433497,0.0,0.0,0.0,2.0,0.13333333333333333,0.06666666666666667,-0.06666666666666667,-0.02666666666666667,8.0,4.398653790751106,0.99375,7.95,1.0,2.0,0.13333333333333333,0.06666666666666667,-0.26666666666666666,-0.8489880952380952,14.0,2.2216255483019425,28.396428571428572,50.5,12.0,0.0,0.13333333333333333,0.0,0.06666666666666667,0.6411507936507939,0.0,0.0,1.0,24.1,0.0,0.0,0.0,0.0,1.0,22.4,0.0,0.0,0.0,0.0,0.0,0.0,2.0,26.425,1.0,0.0,1.0,0.0,15.0,39.52333333333333
west_heavy_seed1,west_heavy,1,147.25,162.25,43.0,4.866927100631748,10.532558139534883,16.0,26.75,0.0,0.0,0.0,0.0,0.0,2.0,0.0,0.06666666666666667,0.0,0.0,1.0,0.0,10.1,10.1,1.0,0.0,0.0,0.0,0.06666666666666667,0.6733333333333333,0.0,0.0,0.0,0.0,0.0,0.0,0.0,0.06666666666666667,0.0,0.0,0.0,0.0,0.0,0.0,0.0,2.0,0.0,0.06666666666666667,0.0,0.0,1.0,0.0,8.4,8.4,1.0,0.0,0.0,0.0,0.06666666666666667,0.56,0.0,0.0,0.0,0.0,0.0,0.0,0.0,0.06666666666666667,0.0,0.0,0.0,0.0,0.0,0.0,0.0,2.0,0.0,0.06666666666666667,0.0,0.0,0.0,0.0,0.0,0.0,0.0,2.0,0.0,0.13333333333333333,-0.06666666666666667,-0.19666666666666668,2.0,0.0038335179056374507,12.425,21.5,2.0,0.0,0.0,0.0,0.06666666666666667,0.6116666666666667,5.0,7.137037390122306,0.0,0.0,0.0,2.0,0.13333333333333333,0.06666666666666667,-0.06666666666666667,-0.043333333333333335,7.0,5.112786975954621,0.0,0.0,0.0,2.0,0.13333333333333333,0.13333333333333333,-0.3333333333333333,-0.9628571428571427,14.0,1.9732291120474243,29.25357142857143,51.5,12.0,0.0,0.13333333333333333,0.0,0.06666666666666667,0.6371825396825398,0.0,0.0,1.0,25.1,0.0,0.0,0.0,0.0,1.0,23.4,0.0,0.0,0.0,0.0,0.0,0.0,2.0,27.425,1.0,0.0,1.0,0.0,15.0,40.45666666666667
west_heavy_seed1,west_heavy,1,148.25,163.25,43.0,5.2174301155195915,10.904651162790698,16.0,25.75,0.0,0.0,0.0,0.0,0.0,2.0,0.0,0.06666666666666667,0.0,0.0,1.0,0.0,11.1,11.1,1.0,0.0,0.0,0.0,0.06666666666666667,0.74,0.0,0.0,0.0,0.0,0.0,0.0,0.0,0.06666666666666667,0.0,0.0,0.0,0.0,0.0,0.0,0.0,2.0,0.0,0.06666666666666667,0.0,0.0,1.0,0.0,9.4,9.4,1.0,0.0,0.0,0.0,0.06666666666666667,0.6266666666666667,0.0,0.0,0.0,0.0,0.0,0.0,0.0,0.06666666666666667,0.0,0.0,0.0,0.0,0.0,0.0,0.0,2.0,0.0,0.06666666666666667,0.0,0.0,0.0,0.0,0.0,0.0,0.0,2.0,0.0,0.13333333333333333,-0.06666666666666667,-0.23,2.0,0.0017594766657481119,13.425,22.5,2.0,0.0,0.0,0.0,0.06666666666666667,0.645,4.0,8.580576478922096,0.0,0.0,0.0,2.0,0.13333333333333333,0.13333333333333333,-0.06666666666666667,-0.060000000000000005,7.0,5.805740895032499,0.0,0.0,0.0,2.0,0.13333333333333333,0.13333333333333333,-0.4,-1.0166666666666666,14.0,1.438142764091003,30.110714285714288,52.5,12.0,0.0,0.13333333333333333,0.0,0.06666666666666667,0.6332142857142858,0.0,0.0,1.0,26.1,0.0,0.0,0.0,0.0,1.0,24.4,0.0,0.0,0.0,0.0,0.0,0.0,2.0,28.425,1.0,0.0,1.0,0.0,15.0,41.39
west_heavy_seed1,west_heavy,1,149.25,164.25,43.0,5.564882584344347,11.27674418604651,16.0,24.75,0.0,0.0,0.0,0.0,0.0,2.0,0.0,0.06666666666666667,0.0,0.0,1.0,0.0,12.1,12.1,1.0,0.0,0.0,0.0,0.06666666666666667,0.8066666666666666,0.0,0.0,0.0,0.0,0.0,0.0,0.0,0.06666666666666667,0.0,0.0,0.0,0.0,0.0,0.0,0.0,2.0,0.0,0.06666666666666667,0.0,0.0,1.0,0.0,10.4,10.4,1.0,0.0,0.0,0.0,0.06666666666666667,0.6933333333333334,0.0,0.0,0.0,0.0,0.0,0.0,0.0,0.06666666666666667,0.0,0.0,0.0,0.0,0.0,0.0,0.0,2.0,0.0,0.06666666666666667,0.0,0.0,0.0,0.0,0.0,0.0,0.0,2.0,0.0,0.13333333333333333,-0.06666666666666667,-0.26333333333333336,2.0,0.0008062504385017274,14.425,23.5,2.0,0.0,0.0,0.0,0.06666666666666667,0.6783333333333333,4.0,8.941355978453899,0.0,0.0,0.0,2.0,0.13333333333333333,0.13333333333333333,-0.13333333333333333,-0.08416666666666667,6.0,6.570629943057977,0.0,0.0,0.0,2.0,0.13333333333333333,0.2,-0.4,-1.0738095238095238,14.0,0.9618044861727382,30.967857142857145,53.5,12.0,0.0,0.13333333333333333,0.0,0.06666666666666667,0.6292460317460318,0.0,0.0,1.0,27.1,0.0,0.0,0.0,0.0,1.0,25.4,0.0,0.0,0.0,0.0,0.0,0.0,2.0,29.425,1.0,0.0,1.0,0.0,15.0,42.32333333333334
west_heavy_seed1,west_heavy,1,150.25,165.25,43.0,5.827009676339847,11.648837209302325,16.0,23.75,0.0,0.0,0.0,0.0,0.0,2.0,0.0,0.06666666666666667,0.0,0.0,1.0,0.0,13.1,13.1,1.0,0.0,0.0,0.0,0.06666666666666667,0.8733333333333333,0.0,0.0,0.0,0.0,0.0,0.0,0.0,0.06666666666666667,0.0,0.0,0.0,0.0,0.0,0.0,0.0,2.0,0.0,0.06666666666666667,0.0,0.0,1.0,0.0,11.4,11.4,1.0,0.0,0.0,0.0,0.06666666666666667,0.76,0.0,0.0,0.0,0.0,0.0,0.0,0.0,0.06666666666666667,0.0,0.0,0.0,0.0,0.0,0.0,0.0,2.0,0.0,0.06666666666666667,0.0,0.0,0.0,0.0,0.0,0.0,0.0,2.0,0.0,0.13333333333333333,-0.06666666666666667,-0.2966666666666667,2.0,0.00036969237178205753,15.425,24.5,2.0,0.0,0.0,0.0,0.06666666666666667,0.7116666666666667,3.0,10.5628954178506,0.0,0.0,0.0,2.0,0.13333333333333333,0.2,-0.13333333333333333,-0.1175,6.0,6.916697952352078,0.0,0.0,0.0,2.0,0.13333333333333333,0.2,-0.4,-1.130952380952381,14.0,0.5815687543529641,31.825,54.5,12.0,0.0,0.13333333333333333,0.0,0.06666666666666667,0.6252777777777775,0.0,0.0,1.0,28.1,0.0,0.0,0.0,0.0,1.0,26.4,0.0,0.0,0.0,0.0,0.0,0.0,2.0,30.425,1.0,0.0,1.0,0.0,15.0,43.25666666666667
west_heavy_seed1,west_heavy,1,151.25,166.25,42.0,5.890056535107209,12.307142857142857,16.0,22.75,0.0,0.0,0.0,0.0,0.0,2.0,0.0,0.06666666666666667,0.0,0.0,1.0,0.0,14.1,14.1,1.0,0.0,0.0,0.0,0.06666666666666667,0.94,0.0,0.0,0.0,0.0,0.0,0.0,0.0,0.06666666666666667,0.0,0.0,0.0,0.0,0.0,0.0,0.0,2.0,0.0,0.06666666666666667,0.0,0.0,1.0,0.0,12.4,12.4,1.0,0.0,0.0,0.0,0.06666666666666667,0.8266666666666667,0.0,0.0,0.0,0.0,0.0,0.0,0.0,0.06666666666666667,0.0,0.0,0.0,0.0,0.0,0.0,0.0,2.0,0.0,0.06666666666666667,0.0,0.0,0.0,0.0,0.0,0.0,0.0,2.0,0.0,0.13333333333333333,-0.06666666666666667,-0.33,2.0,0.0001703661461962409,16.425,25.5,2.0,0.0,0.0,0.0,0.06666666666666667,0.745,2.0,13.622389839640363,0.0,0.0,0.0,2.0,0.13333333333333333,0.26666666666666666,-0.2,-0.16666666666666666,5.0,7.055479914413899,0.0,0.0,0.0,2.0,0.13333333333333333,0.26666666666666666,-0.4,-1.188095238095238,14.0,0.29671646436971616,32.68214285714286,55.5,12.0,0.0,0.13333333333333333,0.0,0.06666666666666667,0.6213095238095238,0.0,0.0,1.0,29.1,0.0,0.0,0.0,0.0,1.0,27.4,0.0,0.0,0.0,0.0,0.0,0.0,2.0,31.425,0.0,0.0,1.0,0.0,15.0,44.190000000000005
west_heavy_seed1,west_heavy,1,184.25,199.25,38.0,6.297904078276774,2.5289473684210524,3.0,4.75,1.0,13.835174722610974,0.0,0.0,0.0,0.0,0.06666666666666667,0.0,0.0,0.0,2.0,0.3229036482626596,23.55,47.1,1.0,0.0,0.06666666666666667,0.0,0.0,-0.5700000000000001,1.0,13.829514607121236,0.0,0.0,0.0,0.0,0.06666666666666667,0.0,0.0,0.0,1.0,11.625452799109045,0.0,0.0,0.0,0.0,0.06666666666666667,0.0,0.0,0.0,2.0,0.37010715579993086,22.7,45.4,1.0,0.0,0.06666666666666667,0.0,0.0,-0.5133333333333333,1.0,14.537915819570422,0.0,0.0,0.0,0.0,0.06666666666666667,0.0,0.0,0.0,1.0,13.324718246897213,0.0,0.0,0.0,0.0,0.06666666666666667,0.0,0.0,0.0,1.0,13.015684420189324,0.0,0.0,0.0,0.0,0.06666666666666667,0.0,0.0,0.0,1.0,13.383459128413364,0.0,0.0,0.0,2.0,0.06666666666666667,0.13333333333333333,-0.13333333333333333,-2.295,3.0,3.485611631374132,0.0,0.0,0.0,0.0,0.13333333333333333,0.0,0.0,0.0,3.0,1.1382151604460766,1.2,3.6,1.0,0.0,0.13333333333333333,0.0,0.06666666666666667,0.08,13.0,2.5334031638211862,0.0,0.0,0.0,2.0,0.13333333333333333,0.3333333333333333,-1.0,-2.937291666666667,0.0,0.0,1.0,0.0,1.0,1.25,0.0,0.0,0.0,0.0,1.0,2.15,0.0,0.0,1.0,0.55,1.0,0.9,1.0,0.0,4.0,7.65,11.0,1.1818181818181819
west_heavy_seed1,west_heavy,1,185.25,200.25,38.0,6.834318247027034,2.626315789473684,4.0,3.75,1.0,13.837613415659872,0.0,0.0,0.0,0.0,0.06666666666666667,0.0,0.0,0.0,2.0,1.363469293730424,24.05,48.1,1.0,0.0,0.06666666666666667,0.0,0.0,-0.6033333333333334,1.0,13.826769441687503,0.0,0.0,0.0,0.0,0.06666666666666667,0.0,0.0,0.0,1.0,11.635458250866506,0.0,0.0,0.0,0.0,0.06666666666666667,0.0,0.0,0.0,2.0,1.6428092219949206,23.2,46.4,1.0,0.0,0.06666666666666667,0.0,0.0,-0.5466666666666666,1.0,14.692571358158322,0.0,0.0,0.0,0.0,0.06666666666666667,0.0,0.0,0.0,1.0,13.301700209503291,0.0,0.0,0.0,0.0,0.06666666666666667,0.0,0.0,0.0,1.0,13.01682079458839,0.0,0.0,0.0,0.0,0.06666666666666667,0.0,0.0,0.0,1.0,13.39147874576693,0.0,0.0,0.0,2.0,0.06666666666666667,0.13333333333333333,-0.13333333333333333,-2.3616666666666664,3.0,2.887306097250985,0.2333333333333333,0.7,1.0,0.0,0.06666666666666667,0.0,0.06666666666666667,0.015555555555555553,3.0,1.5706165759772128,1.5333333333333332,4.6,1.0,0.0,0.06666666666666667,0.0,0.06666666666666667,0.10222222222222221,13.0,3.398992960091675,0.0,0.0,0.0,2.0,0.13333333333333333,0.3333333333333333,-1.0,-2.999791666666667,0.0,0.0,0.0,0.0,1.0,2.25,0.0,0.0,0.0,0.0,1.0,3.15,0.0,0.0,1.0,1.55,1.0,1.9,2.0,0.0,5.0,6.5200000000000005,12.0,1.4166666666666667
west_heavy_seed1,west_heavy,1,186.25,201.25,38.0,7.34890271443453,2.731578947368421,4.0,2.75,1.0,13.837532425239916,0.0,0.0,0.0,0.0,0.06666666666666667,0.0,0.0,0.0,2.0,2.3289721161353834,24.55,49.1,1.0,0.0,0.06666666666666667,0.0,0.0,-0.6366666666666667,1.0,13.832915081756656,0.0,0.0,0.0,0.0,0.06666666666666667,0.0,0.0,0.0,1.0,11.632374351569453,0.0,0.0,0.0,0.0,0.06666666666666667,0.0,0.0,0.0,2.0,2.7483316512488294,23.7,47.4,1.0,0.0,0.06666666666666667,0.0,0.0,-0.58,1.0,14.670774343869716,0.0,0.0,0.0,0.0,0.06666666666666667,0.0,0.0,0.0,1.0,13.319714517755896,0.0,0.0,0.0,0.0,0.06666666666666667,0.0,0.0,0.0,1.0,13.008840728272887,0.0,0.0,0.0,0.0,0.06666666666666667,0.0,0.0,0.0,1.0,13.43710467785901,0.0,0.0,0.0,2.0,0.06666666666666667,0.13333333333333333,-0.13333333333333333,-2.4283333333333332,3.0,3.075369453171056,0.5666666666666667,1.7,1.0,0.0,0.06666666666666667,0.0,0.06666666666666667,0.03777777777777778,3.0,2.1232458351290555,1.8666666666666665,5.6,1.0,0.0,0.06666666666666667,0.0,0.06666666666666667,0.12444444444444443,12.0,3.860293805064307,0.0,0.0,0.0,2.0,0.06666666666666667,0.4,-1.0,-2.882156862745098,0.0,0.0,0.0,0.0,1.0,3.25,0.0,0.0,0.0,0.0,1.0,4.15,0.0,0.0,1.0,2.55,1.0,2.9,2.0,0.0,5.0,6.92,12.0,1.8416666666666668
west_heavy_seed1,west_heavy,1,187.25,202.25,37.0,7.75054194944025,2.9135135135135135,4.0,1.75,1.0,13.869035362186843,0.0,0.0,0.0,0.0,0.06666666666666667,0.0,0.0,0.0,2.0,3.295841854825821,25.05,50.1,1.0,0.0,0.06666666666666667,0.0,0.0,-0.67,1.0,13.83906642248272,0.0,0.0,0.0,0.0,0.06666666666666667,0.0,0.0,0.0,1.0,11.641472960975953,0.0,0.0,0.0,0.0,0.06666666666666667,0.0,0.0,0.0,2.0,3.758967476806466,24.2,48.4,1.0,0.0,0.06666666666666667,0.0,0.0,-0.6133333333333333,1.0,14.742535893726231,0.0,0.0,0.0,0.0,0.06666666666666667,0.0,0.0,0.0,1.0,13.288025113866428,0.0,0.0,0.0,0.0,0.06666666666666667,0.0,0.0,0.0,1.0,12.988811235282308,0.0,0.0,0.0,0.0,0.06666666666666667,0.0,0.0,0.0,1.0,13.410092502552565,0.0,0.0,0.0,2.0,0.06666666666666667,0.13333333333333333,-0.13333333333333333,-2.4949999999999997,3.0,3.5389815334569588,0.9,2.7,1.0,0.0,0.06666666666666667,0.0,0.06666666666666667,0.060000000000000005,3.0,2.6994640490421156,2.1999999999999997,6.6,1.0,0.0,0.06666666666666667,0.0,0.06666666666666667,0.14666666666666664,11.0,4.391077269045339,0.0,0.0,0.0,2.0,0.06666666666666667,0.4666666666666667,-1.0,-2.9409803921568627,0.0,0.0,0.0,0.0,1.0,4.25,0.0,0.0,0.0,0.0,1.0,5.15,0.0,0.0,1.0,3.55,1.0,3.9,2.0,0.0,5.0,7.4,12.0,2.341666666666667
west_heavy_seed1,west_heavy,1,188.25,203.25,37.0,8.293575480556388,3.054054054054054,6.0,0.75,1.0,13.84058003340615,0.0,0.0,0.0,0.0,0.06666666666666667,0.0,0.0,0.0,2.0,4.276850248544334,25.55,51.1,1.0,0.0,0.06666666666666667,0.0,0.0,-0.7033333333333334,1.0,13.831831411484163,0.0,0.0,0.0,0.0,0.06666666666666667,0.0,0.0,0.0,1.0,11.629794220939512,0.0,0.0,0.0,0.0,0.06666666666666667,0.0,0.0,0.0,2.0,4.691470759075931,24.7,49.4,1.0,0.0,0.06666666666666667,0.0,0.0,-0.6466666666666666,1.0,14.742405780497075,0.0,0.0,0.0,0.0,0.06666666666666667,0.0,0.0,0.0,1.0,13.336440188078672,0.0,0.0,0.0,0.0,0.06666666666666667,0.0,0.0,0.0,1.0,12.966430484791022,0.0,0.0,0.0,0.0,0.06666666666666667,0.0,0.0,0.0,1.0,13.412717741210495,0.0,0.0,0.0,2.0,0.06666666666666667,0.13333333333333333,-0.13333333333333333,-2.5616666666666665,3.0,4.173225283170743,1.3,3.7,2.0,0.0,0.06666666666666667,0.0,0.13333333333333333,0.08666666666666667,3.0,3.452679192817827,2.8666666666666667,7.6,2.0,0.0,0.06666666666666667,0.0,0.13333333333333333,0.19111111111111112,10.0,5.008469208867491,0.0,0.0,0.0,2.0,0.06666666666666667,0.5333333333333333,-1.0,-2.9998039215686276,0.0,0.0,0.0,0.0,1.0,5.25,0.0,0.0,0.0,0.0,1.0,6.15,0.0,0.0,1.0,4.55,1.0,4.9,2.0,0.0,5.0,8.0,12.0,2.8833333333333333
west_heavy_seed1,west_heavy,1,189.25,204.25,37.0,8.803530383129651,3.2162162162162162,6.0,2.75,1.0,13.858171666126001,0.0,0.0,0.0,0.0,0.06666666666666667,0.0,0.0,0.0,2.0,5.288725352337331,26.05,52.1,1.0,0.0,0.06666666666666667,0.0,0.0,-0.7366666666666667,1.0,13.879014674801148,0.0,0.0,0.0,0.0,0.06666666666666667,0.0,0.0,0.0,1.0,11.630215429489036,0.0,0.0,0.0,0.0,0.06666666666666667,0.0,0.0,0.0,2.0,5.692488042388909,25.2,50.4,1.0,0.0,0.06666666666666667,0.0,0.0,-0.6799999999999999,1.0,14.681868568188579,0.0,0.0,0.0,0.0,0.06666666666666667,0.0,0.0,0.0,1.0,13.286105096769283,0.0,0.0,0.0,0.0,0.06666666666666667,0.0,0.0,0.0,1.0,13.027648620969819,0.0,0.0,0.0,0.0,0.06666666666666667,0.0,0.0,0.0,1.0,13.39573300042028,0.0,0.0,0.0,1.0,0.06666666666666667,0.13333333333333333,-0.13333333333333333,-2.628333333333333,3.0,4.634556155871713,1.9666666666666668,4.7,2.0,0.0,0.06666666666666667,0.0,0.13333333333333333,0.13111111111111112,3.0,4.085474868407792,3.533333333333333,8.6,2.0,0.0,0.06666666666666667,0.0,0.13333333333333333,0.23555555555555555,10.0,5.9959015083451845,0.0,0.0,0.0,1.0,0.06666666666666667,0.5333333333333333,-1.0,-3.0586274509803926,0.0,0.0,0.0,0.0,1.0,6.25,0.0,0.0,0.0,0.0,1.0,7.15,0.0,0.0,1.0,5.55,1.0,5.9,2.0,0.0,5.0,8.6,12.0,3.466666666666667
west_heavy_seed1,west_heavy,1,190.25,205.25,37.0,8.872167265188384,3.3783783783783785,6.0,1.75,1.0,13.881367384650511,0.0,0.0,0.0,0.0,0.06666666666666667,0.0,0.0,0.0,2.0,6.27816971062565,26.55,53.1,1.0,0.0,0.06666666666666667,0.0,0.0,-0.77,1.0,13.856512805626263,0.0,0.0,0.0,0.0,0.06666666666666667,0.0,0.0,0.0,1.0,11.63316100980621,0.0,0.0,0.0,0.0,0.06666666666666667,0.0,0.0,0.0,2.0,6.72979969298547,25.7,51.4,1.0,0.0,0.06666666666666667,0.0,0.0,-0.7133333333333333,1.0,14.735347952227176,0.0,0.0,0.0,0.0,0.06666666666666667,0.0,0.0,0.0,1.0,13.340820318226001,0.0,0.0,0.0,0.0,0.06666666666666667,0.0,0.0,0.0,1.0,13.013367546331107,0.0,0.0,0.0,0.0,0.06666666666666667,0.0,0.0,0.0,1.0,13.412716106315624,0.0,0.0,0.0,1.0,0.06666666666666667,0.13333333333333333,-0.13333333333333333,-2.695,3.0,4.624348715575992,2.6333333333333333,5.7,2.0,0.0,0.06666666666666667,0.0,0.13333333333333333,0.17555555555555555,3.0,4.746373163535925,4.2,9.6,2.0,0.0,0.06666666666666667,0.0,0.13333333333333333,0.28,10.0,5.496318102929569,0.0,0.0,0.0,1.0,0.06666666666666667,0.5333333333333333,-1.0,-3.117450980392157,0.0,0.0,0.0,0.0,1.0,7.25,0.0,0.0,0.0,0.0,1.0,8.15,0.0,0.0,1.0,6.55,1.0,6.9,2.0,0.0,5.0,9.2,12.0,4.066666666666667
west_heavy_seed1,west_heavy,1,191.25,206.25,37.0,8.791610634112367,3.541891891891892,7.0,0.75,1.0,13.844918150911107,0.0,0.0,0.0,0.0,0.06666666666666667,0.0,0.0,0.0,2.0,6.941624794038362,27.05,54.1,1.0,0.0,0.06666666666666667,0.0,0.0,-0.8033333333333333,1.0,13.869961219324033,0.0,0.0,0.0,0.0,0.06666666666666667,0.0,0.0,0.0,1.0,11.592775117433632,0.0,0.0,0.0,0.0,0.06666666666666667,0.0,0.0,0.0,2.0,7.812170883226077,26.2,52.4,1.0,0.0,0.06666666666666667,0.0,0.0,-0.7466666666666666,1.0,14.75053041078809,0.0,0.0,0.0,0.0,0.06666666666666667,0.0,0.0,0.0,1.0,13.34111526326113,0.0,0.0,0.0,0.0,0.06666666666666667,0.0,0.0,0.0,1.0,12.984813443161517,0.0,0.0,0.0,0.0,0.06666666666666667,0.0,0.0,0.0,1.0,13.389634741973845,0.0,0.0,0.0,1.0,0.06666666666666667,0.13333333333333333,-0.13333333333333333,-2.7616666666666663,3.0,4.614216164542781,3.3000000000000003,6.7,2.0,0.0,0.06666666666666667,0.0,0.13333333333333333,0.22000000000000003,3.0,5.466006846889818,4.866666666666666,10.6,2.0,0.0,0.06666666666666667,0.0,0.13333333333333333,0.3244444444444444,10.0,4.543298381184227,0.005,0.05,1.0,1.0,0.06666666666666667,0.5333333333333333,-0.9333333333333333,-3.1759411764705883,0.0,0.0,0.0,0.0,1.0,8.25,0.0,0.0,0.0,0.0,1.0,9.15,0.0,0.0,1.0,7.55,1.0,7.9,2.0,0.0,5.0,9.8,12.0,4.733333333333333
west_heavy_seed1,west_heavy,1,192.25,207.25,37.0,8.718995033692222,0.5905405405405406,4.0,29.75,1.0,13.87097123727086,0.0,0.0,0.0,2.0,0.06666666666666667,0.0,0.0,0.0,2.0,7.235230908269477,0.0,0.0,0.0,2.0,0.06666666666666667,0.0,-0.06666666666666667,-2.6733333333333333,1.0,13.876193319086452,0.0,0.0,0.0,0.0,0.06666666666666667,0.0,0.0,0.0,1.0,11.613812485776144,0.0,0.0,0.0,2.0,0.06666666666666667,0.0,0.0,0.0,2.0,8.556566757216766,0.0,0.0,0.0,2.0,0.06666666666666667,0.0,-0.06666666666666667,-2.56,1.0,14.699027602075667,0.0,0.0,0.0,0.0,0.06666666666666667,0.0,0.0,0.0,1.0,13.33169252442964,0.0,0.0,0.0,2.0,0.06666666666666667,0.0,0.0,0.0,1.0,13.016563682217352,0.0,0.0,0.0,0.0,0.06666666666666667,0.0,0.0,0.0,1.0,13.413429220011007,0.0,0.0,0.0,0.0,0.06666666666666667,0.13333333333333333,-0.06666666666666667,-1.1116666666666668,3.0,4.8066505310619085,1.4000000000000001,4.2,1.0,2.0,0.06666666666666667,0.0,0.06666666666666667,0.09333333333333334,3.0,5.524443689377271,5.533333333333334,11.6,2.0,0.0,0.06666666666666667,0.0,0.13333333333333333,0.36888888888888893,10.0,3.9073149413368617,0.10500000000000001,1.05,1.0,0.0,0.06666666666666667,0.5333333333333333,-0.8,-2.60143137254902,0.0,0.0,0.0,0.0,1.0,9.25,0.0,0.0,0.0,0.0,1.0,10.15,0.0,0.0,1.0,8.55,1.0,8.9,2.0,0.0,5.0,10.4,12.0,5.4624999999999995
west_heavy_seed1,west_heavy,1,193.25,208.25,36.0,8.539108849975435,0.5736111111111111,3.0,28.75,1.0,13.889809197380673,0.0,0.0,0.0,2.0,0.06666666666666667,0.0,0.0,0.0,1.0,13.862176512200385,0.0,0.0,0.0,2.0,0.06666666666666667,0.06666666666666667,-0.06666666666666667,-2.74,1.0,13.877696777447127,0.0,0.0,0.0,0.0,0.06666666666666667,0.0,0.0,0.0,1.0,11.62923381411005,0.0,0.0,0.0,2.0,0.06666666666666667,0.0,0.0,0.0,1.0,16.594124481260778,0.0,0.0,0.0,2.0,0.06666666666666667,0.06666666666666667,-0.06666666666666667,-2.6266666666666665,1.0,14.705399852915734,0.0,0.0,0.0,0.0,0.06666666666666667,0.0,0.0,0.0,1.0,13.299858575602524,0.0,0.0,0.0,2.0,0.06666666666666667,0.0,0.0,0.0,1.0,12.967221507322943,0.0,0.0,0.0,0.0,0.06666666666666667,0.0,0.0,0.0,1.0,13.398805179530303,0.0,0.0,0.0,0.0,0.06666666666666667,0.06666666666666667,0.0,0.0,2.0,7.592764545676071,0.0,0.0,0.0,2.0,0.06666666666666667,0.06666666666666667,0.0,0.0,3.0,5.530611587116343,6.2,12.6,2.0,0.0,0.06666666666666667,0.0,0.13333333333333333,0.41333333333333333,10.0,3.2964516398127963,0.205,2.05,1.0,0.0,0.06666666666666667,0.4666666666666667,-0.6666666666666666,-2.1846666666666668,0.0,0.0,0.0,0.0,1.0,10.25,0.0,0.0,0.0,0.0,1.0,11.15,0.0,0.0,1.0,9.55,1.0,9.9,2.0,0.0,5.0,11.0,12.0,6.266666666666667
west_heavy_seed1,west_heavy,1,194.25,209.25,36.0,8.593851725964841,0.6569444444444444,3.0,27.75,1.0,13.887263840698871,0.0,0.0,0.0,2.0,0.06666666666666667,0.0,0.0,0.0,1.0,13.83864329277887,0.0,0.0,0.0,2.0,0.06666666666666667,0.06666666666666667,-0.06666666666666667,-2.8066666666666666,1.0,13.84306109915022,0.0,0.0,0.0,0.0,0.06666666666666667,0.0,0.0,0.0,1.0,11.598719700726216,0.0,0.0,0.0,2.0,0.06666666666666667,0.0,0.0,0.0,1.0,16.56527639964223,0.0,0.0,0.0,2.0,0.06666666666666667,0.06666666666666667,-0.06666666666666667,-2.6933333333333334,1.0,14.672889367139966,0.0,0.0,0.0,0.0,0.06666666666666667,0.0,0.0,0.0,1.0,13.34309172397316,0.0,0.0,0.0,2.0,0.06666666666666667,0.0,0.0,0.0,1.0,12.98528459986203,0.0,0.0,0.0,0.0,0.06666666666666667,0.0,0.0,0.0,1.0,13.408251575893503,0.0,0.0,0.0,0.0,0.06666666666666667,0.06666666666666667,0.0,0.0,2.0,8.434523350902708,0.0,0.0,0.0,2.0,0.06666666666666667,0.06666666666666667,0.0,0.0,3.0,5.550014232046063,6.866666666666667,13.6,2.0,0.0,0.06666666666666667,0.0,0.13333333333333333,0.4577777777777778,10.0,2.7493182068656217,0.305,3.05,1.0,0.0,0.06666666666666667,0.4666666666666667,-0.4666666666666667,-1.31175,0.0,0.0,0.0,0.0,1.0,11.25,0.0,0.0,0.0,0.0,1.0,12.15,0.0,0.0,1.0,10.55,1.0,10.9,2.0,0.0,5.0,11.6,12.0,7.1000000000000005
west_heavy_seed1,west_heavy,1,195.25,210.25,34.0,8.06187828051039,0.7838235294117647,3.0,26.75,1.0,13.878113338862313,0.0,0.0,0.0,2.0,0.06666666666666667,0.0,0.0,0.0,1.0,13.840053680086276,0.0,0.0,0.0,2.0,0.06666666666666667,0.06666666666666667,-0.06666666666666667,-2.8733333333333335,1.0,12.50819219513885,0.0,0.0,0.0,0.0,0.06666666666666667,0.0,0.0,0.0,1.0,11.579164050159745,0.0,0.0,0.0,2.0,0.06666666666666667,0.0,0.0,0.0,1.0,16.639092294748874,0.0,0.0,0.0,2.0,0.06666666666666667,0.06666666666666667,-0.06666666666666667,-2.76,1.0,10.293014123841106,0.0,0.0,0.0,0.0,0.06666666666666667,0.0,0.0,0.0,1.0,13.34093688139645,0.0,0.0,0.0,2.0,0.06666666666666667,0.0,0.0,0.0,1.0,12.971636458485124,0.0,0.0,0.0,0.0,0.06666666666666667,0.0,0.0,0.0,1.0,13.409783554065056,0.0,0.0,0.0,0.0,0.06666666666666667,0.0,0.0,0.0,1.0,13.867334828348831,0.0,0.0,0.0,2.0,0.06666666666666667,0.13333333333333333,0.0,0.0,3.0,5.071909126702019,7.533333333333334,14.6,2.0,0.0,0.06666666666666667,0.0,0.13333333333333333,0.5022222222222222,10.0,2.248839986668884,0.40499999999999997,4.05,1.0,0.0,0.06666666666666667,0.4,-0.4,-1.1183333333333332,0.0,0.0,0.0,0.0,1.0,12.25,0.0,0.0,0.0,0.0,1.0,13.15,0.0,0.0,1.0,11.55,1.0,11.9,1.0,0.0,5.0,12.2,12.0,7.933333333333334
west_heavy_seed1,west_heavy,1,196.25,211.25,34.0,7.553544947658216,0.8720588235294118,3.0,25.75,1.0,13.517792302113659,0.0,0.0,0.0,2.0,0.06666666666666667,0.0,0.0,0.0,1.0,13.835888822406996,0.0,0.0,0.0,2.0,0.06666666666666667,0.06666666666666667,-0.06666666666666667,-2.94,1.0,8.017943282849986,0.0,0.0,0.0,0.0,0.06666666666666667,0.0,0.0,0.0,1.0,11.59666713433224,0.0,0.0,0.0,2.0,0.06666666666666667,0.0,0.0,0.0,1.0,16.615737897545102,0.0,0.0,0.0,2.0,0.06666666666666667,0.06666666666666667,-0.06666666666666667,-2.8266666666666667,1.0,4.797028377681695,0.0,0.0,0.0,0.0,0.06666666666666667,0.0,0.0,0.0,1.0,13.290178662623042,0.0,0.0,0.0,2.0,0.06666666666666667,0.0,0.0,0.0,1.0,11.31255954385806,0.0,0.0,0.0,0.0,0.06666666666666667,0.0,0.0,0.0,1.0,9.66498677293078,0.0,0.0,0.0,0.0,0.06666666666666667,0.0,0.0,0.0,1.0,13.61292973887607,0.0,0.0,0.0,2.0,0.06666666666666667,0.13333333333333333,0.0,0.0,3.0,3.691291998820074,8.200000000000001,15.6,2.0,0.0,0.06666666666666667,0.0,0.06666666666666667,0.5266666666666667,10.0,1.8244980149700059,0.505,5.05,1.0,0.0,0.06666666666666667,0.4,-0.26666666666666666,-0.6761111111111112,0.0,0.0,0.0,0.0,1.0,13.25,0.0,0.0,0.0,0.0,1.0,14.15,0.0,0.0,1.0,12.55,1.0,12.9,2.0,0.0,6.0,10.666666666666666,13.0,8.092307692307692
west_heavy_seed1,west_heavy,1,199.25,214.25,37.0,6.555166881768832,1.3094594594594595,10.0,22.75,0.0,0.0,0.0,0.0,0.0,2.0,0.0,0.06666666666666667,0.0,0.0,1.0,13.869019687684487,0.0,0.0,0.0,2.0,0.0,0.06666666666666667,-0.06666666666666667,-1.57,1.0,0.0,1.25,1.25,1.0,0.0,0.0,0.0,0.06666666666666667,0.08333333333333333,0.0,0.0,0.0,0.0,0.0,2.0,0.0,0.06666666666666667,0.0,0.0,0.0,0.0,0.0,0.0,0.0,2.0,0.0,0.13333333333333333,-0.06666666666666667,-1.5133333333333332,1.0,0.0,2.15,2.15,1.0,0.0,0.0,0.0,0.06666666666666667,0.14333333333333334,0.0,0.0,0.0,0.0,0.0,2.0,0.0,0.06666666666666667,0.0,0.0,1.0,0.0,0.55,0.55,1.0,0.0,0.0,0.0,0.06666666666666667,0.03666666666666667,1.0,0.0,0.9,0.9,1.0,0.0,0.0,0.0,0.06666666666666667,0.060000000000000005,1.0,13.707490940679536,0.0,0.0,0.0,2.0,0.06666666666666667,0.2,0.0,0.0,4.0,2.709420025687718,7.65,18.6,2.0,0.0,0.06666666666666667,0.0,0.06666666666666667,0.43,11.0,1.4952899810261442,1.1818181818181819,8.05,4.0,0.0,0.06666666666666667,0.2,0.26666666666666666,0.0787878787878788,0.0,0.0,0.0,0.0,1.0,16.25,0.0,0.0,0.0,0.0,1.0,17.15,0.0,0.0,1.0,15.55,1.0,15.9,2.0,0.0,7.0,10.542857142857143,13.0,10.596153846153847
west_heavy_seed1,west_heavy,1,200.25,215.25,40.0,6.659189866050838,1.4612500000000002,10.0,21.75,0.0,0.0,0.0,0.0,0.0,2.0,0.0,0.06666666666666667,0.0,0.0,0.0,0.0,0.0,0.0,0.0,2.0,0.0,0.13333333333333333,-0.06666666666666667,-1.6033333333333333,1.0,0.0,2.25,2.25,1.0,0.0,0.0,0.0,0.06666666666666667,0.15,0.0,0.0,0.0,0.0,0.0,2.0,0.0,0.06666666666666667,0.0,0.0,0.0,0.0,0.0,0.0,0.0,2.0,0.0,0.13333333333333333,-0.06666666666666667,-1.5466666666666666,1.0,0.0,3.15,3.15,1.0,0.0,0.0,0.0,0.06666666666666667,0.21,0.0,0.0,0.0,0.0,0.0,2.0,0.0,0.06666666666666667,0.0,0.0,1.0,0.0,1.55,1.55,1.0,0.0,0.0,0.0,0.06666666666666667,0.10333333333333333,1.0,0.0,1.9,1.9,1.0,0.0,0.0,0.0,0.06666666666666667,0.12666666666666665,2.0,13.349401399109201,0.0,0.0,0.0,2.0,0.13333333333333333,0.2,-0.06666666666666667,-0.015555555555555553,5.0,3.3436329438640464,6.5200000000000005,19.6,2.0,0.0,0.13333333333333333,0.0,0.06666666666666667,0.3324444444444445,12.0,1.6518337301260912,1.4166666666666667,9.05,4.0,0.0,0.13333333333333333,0.2,0.26666666666666666,0.09444444444444446,0.0,0.0,0.0,0.0,1.0,17.25,0.0,0.0,0.0,0.0,1.0,18.15,0.0,0.0,1.0,16.55,1.0,16.9,3.0,0.0,7.0,11.114285714285714,14.0,10.625
west_heavy_seed1,west_heavy,1,201.25,216.25,38.0,6.775014414999132,1.8302631578947368,12.0,20.75,0.0,0.0,0.0,0.0,0.0,2.0,0.0,0.06666666666666667,0.0,0.0,0.0,0.0,0.0,0.0,0.0,2.0,0.0,0.13333333333333333,-0.06666666666666667,-1.6366666666666667,1.0,0.0,3.25,3.25,1.0,0.0,0.0,0.0,0.06666666666666667,0.21666666666666667,0.0,0.0,0.0,0.0,0.0,2.0,0.0,0.06666666666666667,0.0,0.0,0.0,0.0,0.0,0.0,0.0,2.0,0.0,0.13333333333333333,-0.06666666666666667,-1.5799999999999998,1.0,0.0,4.15,4.15,1.0,0.0,0.0,0.0,0.06666666666666667,0.27666666666666667,0.0,0.0,0.0,0.0,0.0,2.0,0.0,0.06666666666666667,0.0,0.0,1.0,0.0,2.55,2.55,1.0,0.0,0.0,0.0,0.06666666666666667,0.16999999999999998,1.0,0.0,2.9,2.9,1.0,0.0,0.0,0.0,0.06666666666666667,0.19333333333333333,2.0,13.370707940202012,0.0,0.0,0.0,2.0,0.13333333333333333,0.2,-0.06666666666666667,-0.03777777777777778,5.0,4.1459549328218674,6.92,20.6,2.0,0.0,0.13333333333333333,0.0,0.06666666666666667,0.3368888888888889,12.0,1.8473949260050777,1.8416666666666668,10.05,6.0,0.0,0.13333333333333333,0.13333333333333333,0.4,0.12277777777777779,0.0,0.0,0.0,0.0,1.0,18.25,0.0,0.0,0.0,0.0,1.0,19.15,0.0,0.0,1.0,17.55,1.0,17.9,3.0,0.0,7.0,11.685714285714285,14.0,11.410714285714286
west_heavy_seed1,west_heavy,1,202.25,217.25,37.0,6.880274004224861,2.214864864864865,13.0,19.75,0.0,0.0,0.0,0.0,0.0,2.0,0.0,0.06666666666666667,0.0,0.0,0.0,0.0,0.0,0.0,0.0,2.0,0.0,0.13333333333333333,-0.06666666666666667,-1.6700000000000002,1.0,0.0,4.25,4.25,1.0,0.0,0.0,0.0,0.06666666666666667,0.2833333333333333,0.0,0.0,0.0,0.0,0.0,2.0,0.0,0.06666666666666667,0.0,0.0,0.0,0.0,0.0,0.0,0.0,2.0,0.0,0.13333333333333333,-0.06666666666666667,-1.6133333333333333,1.0,0.0,5.15,5.15,1.0,0.0,0.0,0.0,0.06666666666666667,0.3433333333333334,0.0,0.0,0.0,0.0,0.0,2.0,0.0,0.06666666666666667,0.0,0.0,1.0,0.0,3.55,3.55,1.0,0.0,0.0,0.0,0.06666666666666667,0.23666666666666666,1.0,0.0,3.9,3.9,1.0,0.0,0.0,0.0,0.06666666666666667,0.26,2.0,13.343736738942718,0.0,0.0,0.0,2.0,0.13333333333333333,0.2,-0.06666666666666667,-0.060000000000000005,5.0,5.022643369235298,7.4,21.6,3.0,0.0,0.13333333333333333,0.0,0.13333333333333333,0.34666666666666673,12.0,2.0832252724861946,2.341666666666667,11.05,6.0,0.0,0.13333333333333333,0.06666666666666667,0.4,0.15611111111111112,0.0,0.0,0.0,0.0,1.0,19.25,0.0,0.0,0.0,0.0,1.0,20.15,0.0,0.0,1.0,18.55,1.0,18.9,3.0,0.0,8.0,10.725,14.0,12.196428571428571
west_heavy_seed1,west_heavy,1,203.25,218.25,36.0,6.8448028159382375,2.651388888888889,14.0,18.75,0.0,0.0,0.0,0.0,0.0,2.0,0.0,0.06666666666666667,0.0,0.0,0.0,0.0,0.0,0.0,0.0,2.0,0.0,0.13333333333333333,-0.06666666666666667,-1.7033333333333334,1.0,0.0,5.25,5.25,1.0,0.0,0.0,0.0,0.06666666666666667,0.35,0.0,0.0,0.0,0.0,0.0,2.0,0.0,0.06666666666666667,0.0,0.0,0.0,0.0,0.0,0.0,0.0,2.0,0.0,0.13333333333333333,-0.06666666666666667,-1.6466666666666667,1.0,0.0,6.15,6.15,1.0,0.0,0.0,0.0,0.06666666666666667,0.41000000000000003,0.0,0.0,0.0,0.0,0.0,2.0,0.0,0.06666666666666667,0.0,0.0,1.0,0.0,4.55,4.55,1.0,0.0,0.0,0.0,0.06666666666666667,0.30333333333333334,1.0,0.0,4.9,4.9,1.0,0.0,0.0,0.0,0.06666666666666667,0.3266666666666667,2.0,13.348687202124314,0.0,0.0,0.0,2.0,0.13333333333333333,0.2,-0.13333333333333333,-0.08666666666666667,5.0,5.442825101386119,8.0,22.6,3.0,0.0,0.13333333333333333,0.0,0.06666666666666667,0.3422222222222222,12.0,2.1578454218616003,2.8833333333333333,12.05,7.0,0.0,0.13333333333333333,0.0,0.4666666666666667,0.1922222222222222,0.0,0.0,0.0,0.0,1.0,20.25,0.0,0.0,0.0,0.0,1.0,21.15,0.0,0.0,1.0,19.55,1.0,19.9,3.0,0.0,8.0,11.25,14.0,13.010714285714286
west_heavy_seed1,west_heavy,1,204.25,219.25,35.0,6.729635391676429,3.1271428571428572,14.0,17.75,0.0,0.0,0.0,0.0,0.0,2.0,0.0,0.06666666666666667,0.0,0.0,0.0,0.0,0.0,0.0,0.0,2.0,0.0,0.13333333333333333,-0.06666666666666667,-1.7366666666666668,1.0,0.0,6.25,6.25,1.0,0.0,0.0,0.0,0.06666666666666667,0.4166666666666667,0.0,0.0,0.0,0.0,0.0,2.0,0.0,0.06666666666666667,0.0,0.0,0.0,0.0,0.0,0.0,0.0,2.0,0.0,0.13333333333333333,-0.06666666666666667,-1.68,1.0,0.0,7.15,7.15,1.0,0.0,0.0,0.0,0.06666666666666667,0.4766666666666667,0.0,0.0,0.0,0.0,0.0,2.0,0.0,0.06666666666666667,0.0,0.0,1.0,0.0,5.55,5.55,1.0,0.0,0.0,0.0,0.06666666666666667,0.37,1.0,0.0,5.9,5.9,1.0,0.0,0.0,0.0,0.06666666666666667,0.39333333333333337,2.0,13.353854877864864,0.0,0.0,0.0,2.0,0.13333333333333333,0.2,-0.13333333333333333,-0.13111111111111112,5.0,5.81965381359092,8.6,23.6,3.0,0.0,0.13333333333333333,0.0,0.06666666666666667,0.3377777777777778,12.0,2.22762585077068,3.466666666666667,13.05,7.0,0.0,0.13333333333333333,0.0,0.4666666666666667,0.23111111111111113,0.0,0.0,0.0,0.0,1.0,21.25,0.0,0.0,0.0,0.0,1.0,22.15,0.0,0.0,1.0,20.55,1.0,20.9,3.0,0.0,8.0,11.875,15.0,12.943333333333333
west_heavy_seed1,west_heavy,1,205.25,220.25,34.0,6.468698618509675,3.636764705882353,15.0,16.75,0.0,0.0,0.0,0.0,0.0,2.0,0.0,0.06666666666666667,0.0,0.0,0.0,0.0,0.0,0.0,0.0,2.0,0.0,0.13333333333333333,-0.06666666666666667,-1.77,1.0,0.0,7.25,7.25,1.0,0.0,0.0,0.0,0.06666666666666667,0.48333333333333334,0.0,0.0,0.0,0.0,0.0,2.0,0.0,0.06666666666666667,0.0,0.0,0.0,0.0,0.0,0.0,0.0,2.0,0.0,0.13333333333333333,-0.06666666666666667,-1.7133333333333334,1.0,0.0,8.15,8.15,1.0,0.0,0.0,0.0,0.06666666666666667,0.5433333333333333,0.0,0.0,0.0,0.0,0.0,2.0,0.0,0.06666666666666667,0.0,0.0,1.0,0.0,6.55,6.55,1.0,0.0,0.0,0.0,0.06666666666666667,0.43666666666666665,1.0,0.0,6.9,6.9,1.0,0.0,0.0,0.0,0.06666666666666667,0.46,2.0,13.348992786214957,0.0,0.0,0.0,2.0,0.13333333333333333,0.2,-0.13333333333333333,-0.17555555555555555,5.0,6.101232876529698,9.2,24.6,3.0,0.0,0.13333333333333333,0.0,0.06666666666666667,0.33333333333333326,12.0,2.0957223720663487,4.066666666666667,14.05,8.0,0.0,0.13333333333333333,0.0,0.5333333333333333,0.27111111111111114,0.0,0.0,0.0,0.0,1.0,22.25,0.0,0.0,0.0,0.0,1.0,23.15,0.0,0.0,1.0,21.55,1.0,21.9,3.0,0.0,8.0,12.5,15.0,13.743333333333334
west_heavy_seed1,west_heavy,1,206.25,221.25,34.0,6.36102282359306,4.077941176470588,15.0,15.75,0.0,0.0,0.0,0.0,0.0,2.0,0.0,0.06666666666666667,0.0,0.0,0.0,0.0,0.0,0.0,0.0,2.0,0.0,0.13333333333333333,-0.06666666666666667,-1.8033333333333335,1.0,0.0,8.25,8.25,1.0,0.0,0.0,0.0,0.06666666666666667,0.55,0.0,0.0,0.0,0.0,0.0,2.0,0.0,0.06666666666666667,0.0,0.0,0.0,0.0,0.0,0.0,0.0,2.0,0.0,0.13333333333333333,-0.06666666666666667,-1.7466666666666666,1.0,0.0,9.15,9.15,1.0,0.0,0.0,0.0,0.06666666666666667,0.61,0.0,0.0,0.0,0.0,0.0,2.0,0.0,0.06666666666666667,0.0,0.0,1.0,0.0,7.55,7.55,1.0,0.0,0.0,0.0,0.06666666666666667,0.5033333333333333,1.0,0.0,7.9,7.9,1.0,0.0,0.0,0.0,0.06666666666666667,0.5266666666666667,2.0,13.35617458431182,0.0,0.0,0.0,2.0,0.13333333333333333,0.2,-0.13333333333333333,-0.22000000000000003,5.0,6.079204511202655,9.8,25.6,3.0,0.0,0.13333333333333333,0.0,0.06666666666666667,0.32888888888888895,12.0,1.812608246094188,4.733333333333333,15.05,8.0,0.0,0.13333333333333333,0.0,0.4666666666666667,0.31522222222222224,0.0,0.0,0.0,0.0,1.0,23.25,0.0,0.0,0.0,0.0,1.0,24.15,0.0,0.0,1.0,22.55,1.0,22.9,3.0,0.0,8.0,13.125,15.0,14.543333333333333
west_heavy_seed1,west_heavy,1,207.25,222.25,34.0,6.142024350405108,4.541176470588235,16.0,14.75,0.0,0.0,0.0,0.0,0.0,2.0,0.0,0.06666666666666667,0.0,0.0,0.0,0.0,0.0,0.0,0.0,2.0,0.0,0.13333333333333333,0.0,0.0,1.0,0.0,9.25,9.25,1.0,0.0,0.0,0.0,0.06666666666666667,0.6166666666666667,0.0,0.0,0.0,0.0,0.0,2.0,0.0,0.06666666666666667,0.0,0.0,0.0,0.0,0.0,0.0,0.0,2.0,0.0,0.13333333333333333,0.0,0.0,1.0,0.0,10.15,10.15,1.0,0.0,0.0,0.0,0.06666666666666667,0.6766666666666666,0.0,0.0,0.0,0.0,0.0,2.0,0.0,0.06666666666666667,0.0,0.0,1.0,0.0,8.55,8.55,1.0,0.0,0.0,0.0,0.06666666666666667,0.5700000000000001,1.0,0.0,8.9,8.9,1.0,0.0,0.0,0.0,0.06666666666666667,0.5933333333333334,2.0,13.358876200827808,0.0,0.0,0.0,2.0,0.13333333333333333,0.2,-0.06666666666666667,-0.09333333333333334,5.0,5.332020647804759,10.4,26.6,3.0,0.0,0.13333333333333333,0.0,0.06666666666666667,0.3244444444444444,12.0,1.5246239554110836,5.4624999999999995,16.05,9.0,0.0,0.13333333333333333,0.0,0.5333333333333333,0.3571666666666666,0.0,0.0,0.0,0.0,1.0,24.25,0.0,0.0,0.0,0.0,1.0,25.15,0.0,0.0,1.0,23.55,1.0,23.9,3.0,0.0,8.0,13.75,15.0,15.343333333333334
west_heavy_seed1,west_heavy,1,208.25,223.25,33.0,5.791003340713355,5.183333333333334,17.0,13.75,0.0,0.0,0.0,0.0,0.0,2.0,0.0,0.06666666666666667,0.0,0.0,0.0,0.0,0.0,0.0,0.0,2.0,0.0,0.06666666666666667,0.0,0.0,1.0,0.0,10.25,10.25,1.0,0.0,0.0,0.0,0.06666666666666667,0.6833333333333333,0.0,0.0,0.0,0.0,0.0,2.0,0.0,0.06666666666666667,0.0,0.0,0.0,0.0,0.0,0.0,0.0,2.0,0.0,0.06666666666666667,0.0,0.0,1.0,0.0,11.15,11.15,1.0,0.0,0.0,0.0,0.06666666666666667,0.7433333333333334,0.0,0.0,0.0,0.0,0.0,2.0,0.0,0.06666666666666667,0.0,0.0,1.0,0.0,9.55,9.55,1.0,0.0,0.0,0.0,0.06666666666666667,0.6366666666666667,1.0,0.0,9.9,9.9,1.0,0.0,0.0,0.0,0.06666666666666667,0.66,2.0,13.379350461461852,0.0,0.0,0.0,2.0,0.13333333333333333,0.13333333333333333,0.0,0.0,5.0,4.592647696440138,11.0,27.6,3.0,0.0,0.13333333333333333,0.0,0.06666666666666667,0.32,12.0,1.2949895652636239,6.266666666666667,17.05,10.0,0.0,0.13333333333333333,0.0,0.6,0.4041111111111111,0.0,0.0,0.0,0.0,1.0,25.25,0.0,0.0,0.0,0.0,1.0,26.15,0.0,0.0,1.0,24.55,1.0,24.9,3.0,0.0,8.0,14.375,15.0,16.143333333333334
west_heavy_seed1,west_heavy,1,209.25,224.25,33.0,5.53933032755561,5.698484848484849,17.0,12.75,0.0,0.0,0.0,0.0,0.0,2.0,0.0,0.06666666666666667,0.0,0.0,0.0,0.0,0.0,0.0,0.0,2.0,0.0,0.06666666666666667,0.0,0.0,1.0,0.0,11.25,11.25,1.0,0.0,0.0,0.0,0.06666666666666667,0.75,0.0,0.0,0.0,0.0,0.0,2.0,0.0,0.06666666666666667,0.0,0.0,0.0,0.0,0.0,0.0,0.0,2.0,0.0,0.06666666666666667,0.0,0.0,1.0,0.0,12.15,12.15,1.0,0.0,0.0,0.0,0.06666666666666667,0.81,0.0,0.0,0.0,0.0,0.0,2.0,0.0,0.06666666666666667,0.0,0.0,1.0,0.0,10.55,10.55,1.0,0.0,0.0,0.0,0.06666666666666667,0.7033333333333334,1.0,0.0,10.9,10.9,1.0,0.0,0.0,0.0,0.06666666666666667,0.7266666666666667,2.0,12.692900878647386,0.0,0.0,0.0,2.0,0.13333333333333333,0.13333333333333333,0.0,0.0,5.0,3.9145928164076045,11.6,28.6,3.0,0.0,0.13333333333333333,0.0,0.06666666666666667,0.3155555555555555,12.0,1.0082046820574024,7.1000000000000005,18.05,10.0,0.0,0.13333333333333333,0.0,0.6,0.45300000000000007,0.0,0.0,0.0,0.0,1.0,26.25,0.0,0.0,0.0,0.0,1.0,27.15,0.0,0.0,1.0,25.55,1.0,25.9,3.0,0.0,8.0,15.0,15.0,16.943333333333335
west_heavy_seed1,west_heavy,1,210.25,225.25,33.0,5.254094711644156,6.213636363636364,17.0,11.75,0.0,0.0,0.0,0.0,0.0,2.0,0.0,0.06666666666666667,0.0,0.0,0.0,0.0,0.0,0.0,0.0,2.0,0.0,0.06666666666666667,0.0,0.0,1.0,0.0,12.25,12.25,1.0,0.0,0.0,0.0,0.06666666666666667,0.8166666666666667,0.0,0.0,0.0,0.0,0.0,2.0,0.0,0.06666666666666667,0.0,0.0,0.0,0.0,0.0,0.0,0.0,2.0,0.0,0.06666666666666667,0.0,0.0,1.0,0.0,13.15,13.15,1.0,0.0,0.0,0.0,0.06666666666666667,0.8766666666666667,0.0,0.0,0.0,0.0,0.0,2.0,0.0,0.06666666666666667,0.0,0.0,1.0,0.0,11.55,11.55,1.0,0.0,0.0,0.0,0.06666666666666667,0.77,1.0,0.0,11.9,11.9,1.0,0.0,0.0,0.0,0.06666666666666667,0.7933333333333333,1.0,12.987398940746543,0.0,0.0,0.0,2.0,0.06666666666666667,0.06666666666666667,0.0,0.0,5.0,3.197498993726417,12.2,29.6,3.0,0.0,0.13333333333333333,0.0,0.06666666666666667,0.311111111111111,12.0,0.7261068188945482,7.933333333333334,19.05,10.0,0.0,0.13333333333333333,0.0,0.6,0.5018888888888889,1.0,0.0,1.0,0.0,2.0,0.0,1.0,0.0,1.0,0.0,2.0,0.0,1.0,0.0,2.0,13.275,2.0,13.45,4.0,0.0,9.0,13.88888888888889,16.0,16.634375
west_heavy_seed1,west_heavy,1,211.25,226.25,36.0,5.052144428255788,6.168055555555556,17.0,10.75,0.0,0.0,0.0,0.0,0.0,2.0,0.0,0.06666666666666667,0.0,0.0,0.0,0.0,0.0,0.0,0.0,2.0,0.0,0.06666666666666667,0.0,0.0,1.0,0.0,13.25,13.25,1.0,0.0,0.0,0.0,0.06666666666666667,0.8833333333333333,0.0,0.0,0.0,0.0,0.0,2.0,0.0,0.06666666666666667,0.0,0.0,0.0,0.0,0.0,0.0,0.0,2.0,0.0,0.06666666666666667,0.0,0.0,1.0,0.0,14.15,14.15,1.0,0.0,0.0,0.0,0.06666666666666667,0.9433333333333334,0.0,0.0,0.0,0.0,0.0,2.0,0.0,0.06666666666666667,0.0,0.0,1.0,0.0,12.55,12.55,1.0,0.0,0.0,0.0,0.06666666666666667,0.8366666666666667,1.0,0.0,12.9,12.9,1.0,0.0,0.0,0.0,0.06666666666666667,0.86,2.0,12.041343364578491,0.0,0.0,0.0,2.0,0.13333333333333333,0.06666666666666667,0.0,0.0,6.0,2.4442083905355596,10.666666666666666,30.6,3.0,0.0,0.2,0.0,0.06666666666666667,0.16444444444444434,13.0,0.5642590267869331,8.092307692307692,20.05,10.0,0.0,0.2,0.0,0.6,0.5058205128205128,1.0,0.0,1.0,0.0,1.0,0.0,1.0,0.0,1.0,0.0,1.0,0.0,1.0,0.0,2.0,13.775,2.0,13.95,4.0,0.0,9.0,14.444444444444445,16.0,17.384375
west_heavy_seed1,west_heavy,1,225.25,240.25,43.0,4.62270104823848,10.33953488372093,19.0,11.75,1.0,12.361392058635072,0.0,0.0,0.0,0.0,0.06666666666666667,0.0,0.0,0.0,1.0,12.69890308648875,0.0,0.0,0.0,0.0,0.06666666666666667,0.0,0.0,0.0,2.0,1.0787161913358405,0.0,0.0,0.0,2.0,0.06666666666666667,0.0,-0.06666666666666667,-0.8166666666666667,1.0,14.242294368362064,0.0,0.0,0.0,0.0,0.06666666666666667,0.0,0.0,0.0,1.0,13.758317629507921,0.0,0.0,0.0,0.0,0.06666666666666667,0.0,0.0,0.0,2.0,1.0365611507128263,0.0,0.0,0.0,2.0,0.06666666666666667,0.0,-0.06666666666666667,-0.8766666666666667,1.0,13.032296570072932,0.0,0.0,0.0,0.0,0.06666666666666667,0.0,0.0,0.0,2.0,0.7674497721601508,13.275,26.55,1.0,0.0,0.06666666666666667,0.0,0.0,0.11499999999999998,2.0,0.6557511034489866,13.45,26.9,1.0,0.0,0.06666666666666667,0.0,0.0,0.10333333333333326,4.0,11.341920712490799,0.0,0.0,0.0,0.0,0.26666666666666666,0.06666666666666667,0.0,0.0,9.0,4.35670490505436,13.88888888888889,44.6,5.0,0.0,0.26666666666666666,0.0,0.13333333333333333,0.11259259259259266,16.0,1.7501764898309309,16.634375,34.05,12.0,0.0,0.26666666666666666,0.0,0.13333333333333333,0.5800694444444443,1.0,0.0,1.0,0.35,0.0,0.0,1.0,0.0,1.0,1.3,1.0,0.0,1.0,0.0,2.0,0.0,2.0,20.95,5.0,2.24,10.0,15.444999999999999,17.0,27.426470588235293
west_heavy_seed1,west_heavy,1,226.25,241.25,43.0,4.799515922892837,10.781395348837208,19.0,10.75,1.0,12.360724441591591,0.0,0.0,0.0,0.0,0.06666666666666667,0.0,0.0,0.0,1.0,12.757734172354136,0.0,0.0,0.0,0.0,0.06666666666666667,0.0,0.0,0.0,1.0,4.214343184980166,0.0,0.0,0.0,2.0,0.06666666666666667,0.06666666666666667,-0.06666666666666667,-0.8833333333333333,1.0,14.260556500257236,0.0,0.0,0.0,0.0,0.06666666666666667,0.0,0.0,0.0,1.0,13.765904359110111,0.0,0.0,0.0,0.0,0.06666666666666667,0.0,0.0,0.0,1.0,4.0858564775777495,0.0,0.0,0.0,2.0,0.06666666666666667,0.06666666666666667,-0.06666666666666667,-0.9433333333333334,1.0,13.0846036757811,0.0,0.0,0.0,0.0,0.06666666666666667,0.0,0.0,0.0,2.0,2.2274127841053266,13.775,27.55,1.0,0.0,0.06666666666666667,0.0,0.0,0.08166666666666664,2.0,2.1082473157054764,13.95,27.9,1.0,0.0,0.06666666666666667,0.0,0.0,0.06999999999999992,4.0,9.874950853775685,0.0,0.0,0.0,0.0,0.2,0.06666666666666667,0.0,0.0,9.0,4.110334479115995,14.444444444444445,45.6,5.0,0.0,0.2,0.0,0.13333333333333333,0.2518518518518519,16.0,1.7333293026988026,17.384375,35.05,12.0,0.0,0.2,0.0,0.13333333333333333,0.6194711538461538,0.0,0.0,1.0,1.35,0.0,0.0,0.0,0.0,1.0,2.3,1.0,0.15,0.0,0.0,1.0,0.0,2.0,21.45,4.0,0.0,9.0,4.472222222222222,17.0,28.36764705882353
west_heavy_seed1,west_heavy,1,227.25,242.25,43.0,4.802203078810975,11.223255813953488,19.0,9.75,1.0,12.330692727189453,0.0,0.0,0.0,0.0,0.06666666666666667,0.0,0.0,0.0,1.0,12.753258298359029,0.0,0.0,0.0,0.0,0.06666666666666667,0.0,0.0,0.0,1.0,6.425360187476569,0.0,0.0,0.0,2.0,0.06666666666666667,0.06666666666666667,-0.06666666666666667,-0.95,1.0,14.234963091354594,0.0,0.0,0.0,0.0,0.06666666666666667,0.0,0.0,0.0,1.0,13.756061725418961,0.0,0.0,0.0,0.0,0.06666666666666667,0.0,0.0,0.0,1.0,6.471798699929188,0.0,0.0,0.0,2.0,0.06666666666666667,0.06666666666666667,-0.06666666666666667,-1.01,1.0,13.049681812201444,0.0,0.0,0.0,0.0,0.06666666666666667,0.0,0.0,0.0,2.0,3.58657964575132,14.275,28.55,1.0,0.0,0.06666666666666667,0.0,0.0,0.04833333333333331,2.0,3.316928387670732,14.45,28.9,1.0,0.0,0.06666666666666667,0.0,0.0,0.0366666666666666,4.0,7.881113264494141,0.0,0.0,0.0,0.0,0.2,0.06666666666666667,0.0,0.0,9.0,3.7478916349166216,15.0,46.6,5.0,0.0,0.2,0.0,0.13333333333333333,0.2555555555555556,16.0,1.5899285039246214,18.134375,36.05,12.0,0.0,0.2,0.0,0.06666666666666667,0.6153685897435897,0.0,0.0,1.0,2.35,0.0,0.0,0.0,0.0,1.0,3.3,1.0,1.15,0.0,0.0,1.0,0.0,2.0,21.95,4.0,0.0,9.0,1.2444444444444445,17.0,29.308823529411764
west_heavy_seed1,west_heavy,1,228.25,243.25,43.0,4.860421173062157,11.672093023255814,20.0,8.75,1.0,12.34347830151202,0.0,0.0,0.0,0.0,0.06666666666666667,0.0,0.0,0.0,1.0,12.709975494726711,0.0,0.0,0.0,0.0,0.06666666666666667,0.0,0.0,0.0,1.0,8.88215738993227,0.0,0.0,0.0,2.0,0.06666666666666667,0.06666666666666667,-0.06666666666666667,-1.0166666666666666,1.0,14.294853286254229,0.0,0.0,0.0,0.0,0.06666666666666667,0.0,0.0,0.0,1.0,13.688856645542376,0.0,0.0,0.0,0.0,0.06666666666666667,0.0,0.0,0.0,1.0,9.29185096556,0.0,0.0,0.0,2.0,0.06666666666666667,0.06666666666666667,-0.06666666666666667,-1.0766666666666667,1.0,13.001571384755943,0.0,0.0,0.0,0.0,0.06666666666666667,0.0,0.0,0.0,2.0,4.5442824881519694,14.775,29.55,1.0,0.0,0.06666666666666667,0.0,0.0,0.014999999999999977,2.0,4.528002150185595,14.95,29.9,1.0,0.0,0.06666666666666667,0.0,0.0,0.0033333333333332624,4.0,6.266161920692066,0.075,0.3,1.0,0.0,0.2,0.0,0.06666666666666667,0.005,9.0,3.4432739520427873,15.555555555555555,47.6,5.0,0.0,0.2,0.0,0.13333333333333333,0.2592592592592593,16.0,1.4781813880499797,18.884375,37.05,12.0,0.0,0.2,0.0,0.06666666666666667,0.6089583333333333,0.0,0.0,1.0,3.35,0.0,0.0,0.0,0.0,1.0,4.3,1.0,2.15,0.0,0.0,0.0,0.0,2.0,22.45,4.0,0.0,8.0,0.2375,17.0,30.25
west_heavy_seed1,west_heavy,1,229.25,244.25,42.0,4.799824528598066,12.426190476190476,20.0,7.75,1.0,12.328057522008137,0.0,0.0,0.0,0.0,0.06666666666666667,0.0,0.0,0.0,1.0,12.723260474262675,0.0,0.0,0.0,0.0,0.06666666666666667,0.0,0.0,0.0,1.0,11.367648499354813,0.0,0.0,0.0,2.0,0.06666666666666667,0.06666666666666667,-0.06666666666666667,-1.0833333333333333,1.0,14.204475315754545,0.0,0.0,0.0,0.0,0.06666666666666667,0.0,0.0,0.0,1.0,13.733267092903091,0.0,0.0,0.0,0.0,0.06666666666666667,0.0,0.0,0.0,1.0,11.740058152058927,0.0,0.0,0.0,2.0,0.06666666666666667,0.06666666666666667,-0.06666666666666667,-1.1433333333333333,1.0,13.026692095876488,0.0,0.0,0.0,0.0,0.06666666666666667,0.0,0.0,0.0,2.0,5.558816015270363,15.275,30.55,1.0,0.0,0.06666666666666667,0.0,0.0,-0.018333333333333358,2.0,5.816071484081297,15.45,30.9,1.0,0.0,0.06666666666666667,0.0,0.0,-0.030000000000000072,4.0,5.4733135848234955,0.325,1.3,1.0,0.0,0.13333333333333333,0.0,0.06666666666666667,0.021666666666666667,9.0,3.0337163618068828,16.11111111111111,48.6,5.0,0.0,0.13333333333333333,0.0,0.06666666666666667,0.3712169312169312,16.0,1.4098291496570021,19.634375,38.05,12.0,0.0,0.2,0.0,0.06666666666666667,0.6025480769230768,0.0,0.0,1.0,4.35,0.0,0.0,0.0,0.0,1.0,5.3,1.0,3.15,0.0,0.0,0.0,0.0,2.0,23.275,3.0,0.0,7.0,0.0,17.0,31.211764705882356
west_heavy_seed1,west_heavy,1,230.25,245.25,45.0,4.880184102064339,12.042222222222222,20.0,6.75,1.0,12.316664891704859,0.0,0.0,0.0,0.0,0.06666666666666667,0.0,0.0,0.0,1.0,12.656190431648316,0.0,0.0,0.0,0.0,0.06666666666666667,0.0,0.0,0.0,1.0,14.172817015596195,0.0,0.0,0.0,2.0,0.06666666666666667,0.06666666666666667,-0.06666666666666667,-1.15,1.0,14.267365638480998,0.0,0.0,0.0,0.0,0.06666666666666667,0.0,0.0,0.0,1.0,13.693338773257977,0.0,0.0,0.0,0.0,0.06666666666666667,0.0,0.0,0.0,1.0,14.205597919228333,0.0,0.0,0.0,2.0,0.06666666666666667,0.06666666666666667,-0.06666666666666667,-1.21,1.0,13.052433768303882,0.0,0.0,0.0,0.0,0.06666666666666667,0.0,0.0,0.0,2.0,6.79405460565474,15.775,31.55,1.0,0.0,0.06666666666666667,0.0,0.0,-0.05166666666666669,2.0,6.935164923374513,15.95,31.9,1.0,0.0,0.06666666666666667,0.0,0.0,-0.06333333333333328,5.0,5.025770864442633,0.45999999999999996,2.3,1.0,0.0,0.13333333333333333,0.0,0.06666666666666667,0.030666666666666665,10.0,2.689890809923252,15.0,49.6,5.0,0.0,0.2,0.0,0.06666666666666667,0.2590476190476191,17.0,1.4014847117846174,19.185294117647057,39.05,12.0,0.0,0.2,0.0,0.06666666666666667,0.5706862745098038,0.0,0.0,1.0,5.35,0.0,0.0,0.0,0.0,1.0,6.3,1.0,4.15,0.0,0.0,0.0,0.0,2.0,24.275,4.0,0.0,8.0,0.0,18.0,30.422222222222224
west_heavy_seed1,west_heavy,1,231.25,246.25,45.0,5.018897324348899,12.503333333333332,21.0,5.75,1.0,12.354253029629529,0.0,0.0,0.0,0.0,0.06666666666666667,0.0,0.0,0.0,1.0,12.74141380611403,0.0,0.0,0.0,0.0,0.06666666666666667,0.0,0.0,0.0,1.0,16.55160556997755,0.0,0.0,0.0,2.0,0.06666666666666667,0.06666666666666667,-0.06666666666666667,-1.2166666666666666,1.0,14.294877900226284,0.0,0.0,0.0,0.0,0.06666666666666667,0.0,0.0,0.0,1.0,13.742469917020474,0.0,0.0,0.0,0.0,0.06666666666666667,0.0,0.0,0.0,1.0,14.412776620086019,0.0,0.0,0.0,2.0,0.06666666666666667,0.06666666666666667,-0.06666666666666667,-1.2766666666666666,1.0,13.084891335629209,0.0,0.0,0.0,0.0,0.06666666666666667,0.0,0.0,0.0,2.0,8.13583987419693,16.275,32.55,1.0,0.0,0.06666666666666667,0.0,0.0,-0.08500000000000014,2.0,7.33095257918999,16.45,32.9,1.0,0.0,0.06666666666666667,0.0,0.0,-0.09666666666666662,5.0,5.057848575211392,0.6599999999999999,3.3,1.0,0.0,0.13333333333333333,0.0,0.06666666666666667,0.044,10.0,2.574656497844849,15.5,50.6,5.0,0.0,0.2,0.0,0.06666666666666667,0.25428571428571434,17.0,1.2128867338031435,19.935294117647057,40.05,13.0,0.0,0.2,0.0,0.13333333333333333,0.5683053221288514,1.0,0.0,2.0,3.175,1.0,0.0,1.0,0.0,2.0,3.65,2.0,2.575,1.0,0.0,1.0,0.0,3.0,16.849999999999998,4.0,0.0,7.0,0.0,18.0,31.366666666666667
west_heavy_seed1,west_heavy,1,232.25,247.25,45.0,5.086886017154636,12.969999999999999,21.0,4.75,1.0,12.332586272111104,0.0,0.0,0.0,0.0,0.06666666666666667,0.0,0.0,0.0,1.0,12.677751734282971,0.0,0.0,0.0,0.0,0.06666666666666667,0.0,0.0,0.0,1.0,19.00735804017694,0.0,0.0,0.0,2.0,0.06666666666666667,0.06666666666666667,-0.06666666666666667,-1.2833333333333334,1.0,14.280946743740943,0.0,0.0,0.0,0.0,0.06666666666666667,0.0,0.0,0.0,1.0,13.766308985277258,0.0,0.0,0.0,0.0,0.06666666666666667,0.0,0.0,0.0,1.0,14.393842348027478,0.0,0.0,0.0,2.0,0.06666666666666667,0.06666666666666667,-0.06666666666666667,-1.3433333333333333,1.0,13.03647630988532,0.0,0.0,0.0,0.0,0.06666666666666667,0.0,0.0,0.0,2.0,8.593763302890023,16.775,33.55,1.0,0.0,0.06666666666666667,0.0,0.0,-0.11833333333333347,2.0,7.366400048572188,16.95,33.9,1.0,0.0,0.06666666666666667,0.0,0.0,-0.12999999999999995,5.0,5.185244606171926,0.86,4.3,1.0,0.0,0.13333333333333333,0.0,0.06666666666666667,0.05733333333333333,10.0,2.5244827732292423,16.0,51.6,5.0,0.0,0.13333333333333333,0.0,0.06666666666666667,0.3516666666666667,17.0,1.0437486116340975,20.7,41.05,13.0,0.0,0.2,0.0,0.13333333333333333,0.5669047619047619,1.0,0.0,2.0,3.675,1.0,0.0,1.0,0.0,2.0,4.15,2.0,3.075,1.0,0.0,1.0,0.0,3.0,17.516666666666666,4.0,0.0,6.0,0.0,18.0,32.31111111111111
west_heavy_seed1,west_heavy,1,233.25,248.25,45.0,5.062052348517245,13.453333333333333,22.0,3.75,1.0,12.311193121150078,0.0,0.0,0.0,0.0,0.06666666666666667,0.0,0.0,0.0,1.0,12.696752622711388,0.0,0.0,0.0,0.0,0.06666666666666667,0.0,0.0,0.0,1.0,19.31909834670017,0.0,0.0,0.0,2.0,0.06666666666666667,0.06666666666666667,-0.06666666666666667,-1.35,1.0,14.292143834133176,0.0,0.0,0.0,0.0,0.06666666666666667,0.0,0.0,0.0,1.0,13.74741906946799,0.0,0.0,0.0,0.0,0.06666666666666667,0.0,0.0,0.0,1.0,14.357884449797652,0.0,0.0,0.0,2.0,0.06666666666666667,0.06666666666666667,-0.06666666666666667,-1.41,1.0,13.028467157568366,0.0,0.0,0.0,0.0,0.06666666666666667,0.0,0.0,0.0,2.0,8.582222408166002,17.275,34.55,1.0,0.0,0.06666666666666667,0.0,0.0,-0.1516666666666668,2.0,7.37728307790597,17.45,34.9,1.0,0.0,0.06666666666666667,0.0,0.0,-0.16333333333333327,5.0,5.312984363892955,1.06,5.3,1.0,0.0,0.13333333333333333,0.0,0.06666666666666667,0.07066666666666667,10.0,2.523957120055173,16.575,52.6,6.0,0.0,0.13333333333333333,0.0,0.06666666666666667,0.3549999999999999,17.0,0.9231187533858148,21.46470588235294,42.05,13.0,0.0,0.2,0.0,0.06666666666666667,0.5635994397759103,1.0,0.0,2.0,4.175,1.0,0.0,1.0,0.0,2.0,4.65,2.0,3.575,1.0,0.0,1.0,0.0,3.0,18.183333333333334,3.0,0.0,6.0,0.0,18.0,33.25555555555556
west_heavy_seed1,west_heavy,1,234.25,249.25,45.0,4.935531662314236,13.95111111111111,23.0,2.75,1.0,12.324619602320658,0.0,0.0,0.0,0.0,0.06666666666666667,0.0,0.0,0.0,1.0,12.660369169320361,0.0,0.0,0.0,0.0,0.06666666666666667,0.0,0.0,0.0,1.0,19.32378810472272,0.0,0.0,0.0,2.0,0.06666666666666667,0.06666666666666667,-0.06666666666666667,-1.4166666666666667,1.0,14.213420028837874,0.0,0.0,0.0,0.0,0.06666666666666667,0.0,0.0,0.0,1.0,13.699612506122042,0.0,0.0,0.0,0.0,0.06666666666666667,0.0,0.0,0.0,1.0,14.324342733375465,0.0,0.0,0.0,2.0,0.06666666666666667,0.06666666666666667,-0.06666666666666667,-1.4766666666666666,1.0,13.081261350764244,0.0,0.0,0.0,0.0,0.06666666666666667,0.0,0.0,0.0,2.0,8.58094358197497,17.775,35.55,1.0,0.0,0.06666666666666667,0.0,0.0,-0.18500000000000014,2.0,7.374176120138811,17.95,35.9,1.0,0.0,0.06666666666666667,0.0,0.0,-0.19666666666666663,5.0,4.903303824924505,1.34,6.3,2.0,0.0,0.13333333333333333,0.0,0.13333333333333333,0.08933333333333333,10.0,2.2945540233961306,17.175,53.6,6.0,0.0,0.13333333333333333,0.0,0.06666666666666667,0.3533333333333334,17.0,0.8567995441724349,22.22941176470588,43.05,13.0,0.0,0.13333333333333333,0.0,0.06666666666666667,0.6190718954248364,1.0,0.0,2.0,4.675,1.0,0.0,1.0,0.0,2.0,5.15,2.0,4.075,1.0,0.0,1.0,0.0,3.0,18.849999999999998,2.0,0.0,6.0,0.0,18.0,34.2
west_heavy_seed1,west_heavy,1,235.25,250.25,45.0,4.8217423081589645,14.46888888888889,24.0,1.75,1.0,12.316686422688829,0.0,0.0,0.0,0.0,0.06666666666666667,0.0,0.0,0.0,1.0,12.736725786865605,0.0,0.0,0.0,0.0,0.06666666666666667,0.0,0.0,0.0,1.0,19.177180705425773,0.0,0.0,0.0,2.0,0.06666666666666667,0.06666666666666667,-0.06666666666666667,-1.4833333333333334,1.0,14.210860267176768,0.0,0.0,0.0,0.0,0.06666666666666667,0.0,0.0,0.0,1.0,13.758341875182644,0.0,0.0,0.0,0.0,0.06666666666666667,0.0,0.0,0.0,1.0,14.341069484368868,0.0,0.0,0.0,2.0,0.06666666666666667,0.06666666666666667,-0.06666666666666667,-1.5433333333333332,1.0,13.036442263149938,0.0,0.0,0.0,0.0,0.06666666666666667,0.0,0.0,0.0,2.0,8.660095559661356,18.275,36.55,1.0,0.0,0.06666666666666667,0.0,0.0,-0.21833333333333346,2.0,7.37483440624733,18.45,36.9,1.0,0.0,0.06666666666666667,0.0,0.0,-0.22999999999999995,5.0,4.2091309096795415,1.7399999999999998,7.3,2.0,0.0,0.13333333333333333,0.0,0.13333333333333333,0.11599999999999998,10.0,2.1362477607403503,17.775,54.6,6.0,0.0,0.13333333333333333,0.0,0.06666666666666667,0.35166666666666657,17.0,0.8462611627786056,23.011764705882353,44.05,14.0,0.0,0.13333333333333333,0.0,0.13333333333333333,0.6178954248366012,1.0,0.0,2.0,5.175,1.0,0.0,1.0,0.0,2.0,5.65,2.0,4.575,1.0,0.0,1.0,0.0,3.0,19.516666666666666,2.0,0.0,5.0,0.0,18.0,35.144444444444446
west_heavy_seed1,west_heavy,1,236.25,251.25,45.0,4.606877169076019,15.015555555555554,26.0,0.75,1.0,12.342670171184407,0.0,0.0,0.0,0.0,0.06666666666666667,0.0,0.0,0.0,1.0,12.653964301874545,0.0,0.0,0.0,0.0,0.06666666666666667,0.0,0.0,0.0,1.0,19.18387592954361,0.0,0.0,0.0,2.0,0.06666666666666667,0.06666666666666667,-0.06666666666666667,-1.55,1.0,11.785990621205643,0.0,0.0,0.0,0.0,0.06666666666666667,0.0,0.0,0.0,1.0,13.714758389353932,0.0,0.0,0.0,0.0,0.06666666666666667,0.0,0.0,0.0,1.0,14.425719927142577,0.0,0.0,0.0,2.0,0.06666666666666667,0.06666666666666667,-0.06666666666666667,-1.6099999999999999,1.0,13.091119533521406,0.0,0.0,0.0,0.0,0.06666666666666667,0.0,0.0,0.0,2.0,7.875889579528746,18.775,37.55,1.0,0.0,0.06666666666666667,0.0,0.0,-0.2516666666666668,2.0,7.372404900021586,18.95,37.9,1.0,0.0,0.06666666666666667,0.0,0.0,-0.2633333333333333,5.0,3.623950857295431,2.24,8.3,3.0,0.0,0.13333333333333333,0.0,0.2,0.14933333333333335,10.0,1.8844255962072445,18.384999999999998,55.6,7.0,0.0,0.13333333333333333,0.0,0.13333333333333333,0.3506666666666665,17.0,0.8280036965909496,23.83529411764706,45.05,14.0,0.0,0.13333333333333333,0.0,0.13333333333333333,0.6194640522875817,1.0,0.0,2.0,5.675,1.0,0.0,1.0,0.0,2.0,6.15,2.0,5.075,1.0,0.0,1.0,0.0,3.0,20.183333333333334,1.0,0.0,4.0,0.0,18.0,36.08888888888889
west_heavy_seed1,west_heavy,1,237.25,252.25,45.0,4.041380048552345,15.602222222222222,27.0,2.75,1.0,12.325974174117611,0.0,0.0,0.0,0.0,0.06666666666666667,0.0,0.0,0.0,1.0,12.683452319732783,0.0,0.0,0.0,0.0,0.06666666666666667,0.0,0.0,0.0,1.0,19.329324,0.0,0.0,0.0,1.0,0.06666666666666667,0.06666666666666667,-0.06666666666666667,-1.6166666666666667,1.0,6.785990621205643,0.0,0.0,0.0,0.0,0.06666666666666667,0.0,0.0,0.0,1.0,8.832245088590648,0.0,0.0,0.0,0.0,0.06666666666666667,0.0,0.0,0.0,1.0,14.328799341838543,0.0,0.0,0.0,1.0,0.06666666666666667,0.06666666666666667,-0.06666666666666667,-1.6766666666666665,1.0,11.825372069327168,0.0,0.0,0.0,0.0,0.06666666666666667,0.0,0.0,0.0,2.0,5.519914897372144,19.275,38.55,1.0,0.0,0.06666666666666667,0.0,0.0,-0.28500000000000014,2.0,6.632779499649635,19.45,38.9,1.0,0.0,0.06666666666666667,0.0,0.0,-0.29666666666666663,5.0,3.1764656291458615,2.8400000000000003,9.3,3.0,0.0,0.13333333333333333,0.0,0.2,0.18933333333333335,10.0,1.6653617360906974,19.085,56.6,7.0,0.0,0.13333333333333333,0.0,0.13333333333333333,0.35566666666666674,17.0,0.6067317937542501,24.68235294117647,46.05,15.0,0.0,0.13333333333333333,0.0,0.2,0.6226013071895425,1.0,0.0,2.0,6.175,1.0,0.0,1.0,0.0,2.0,6.65,2.0,5.575,1.0,0.0,1.0,0.0,3.0,20.849999999999998,1.0,0.0,4.0,0.0,18.0,37.03333333333333
west_heavy_seed1,west_heavy,1,238.25,253.25,45.0,3.223862527103804,16.206666666666667,28.0,1.75,1.0,9.9354279156642,0.0,0.0,0.0,0.0,0.06666666666666667,0.0,0.0,0.0,1.0,8.454861587236527,0.0,0.0,0.0,0.0,0.06666666666666667,0.0,0.0,0.0,0.0,0.0,0.0,0.0,0.0,1.0,0.0,0.06666666666666667,-0.06666666666666667,-1.6833333333333333,1.0,1.786782212024339,0.0,0.0,0.0,0.0,0.06666666666666667,0.0,0.0,0.0,1.0,3.832245088590648,0.0,0.0,0.0,0.0,0.06666666666666667,0.0,0.0,0.0,1.0,14.283401368093092,0.0,0.0,0.0,1.0,0.06666666666666667,0.06666666666666667,-0.06666666666666667,-1.7433333333333332,1.0,6.825372069327168,0.0,0.0,0.0,0.0,0.06666666666666667,0.0,0.0,0.0,2.0,3.3226940351922742,19.775,39.55,1.0,0.0,0.06666666666666667,0.0,0.0,-0.31833333333333347,2.0,4.792314430720594,19.95,39.9,1.0,0.0,0.06666666666666667,0.0,0.0,-0.32999999999999996,5.0,2.928732575473642,3.4400000000000004,10.3,3.0,0.0,0.13333333333333333,0.0,0.2,0.22933333333333336,10.0,1.5083308907975017,19.805,57.6,8.0,0.0,0.13333333333333333,0.0,0.2,0.362,17.0,0.41967034853666235,25.564705882352943,47.05,15.0,0.0,0.13333333333333333,0.0,0.2,0.6280915032679739,1.0,0.0,2.0,6.675,1.0,0.0,1.0,0.0,2.0,7.15,2.0,6.075,1.0,0.0,1.0,0.0,3.0,21.516666666666666,2.0,0.0,5.0,0.0,19.0,35.97894736842105
west_heavy_seed1,west_heavy,1,239.25,254.25,45.0,2.372453223445966,16.865555555555556,31.0,0.75,1.0,5.4354279156642065,0.0,0.0,0.0,0.0,0.06666666666666667,0.0,0.0,0.0,1.0,3.4707937975515173,0.0,0.0,0.0,0.0,0.06666666666666667,0.0,0.0,0.0,0.0,0.0,0.0,0.0,0.0,1.0,0.0,0.06666666666666667,-0.06666666666666667,-1.75,1.0,0.0,0.7,0.7,1.0,0.0,0.06666666666666667,0.0,0.06666666666666667,0.04666666666666666,1.0,0.0,0.3,0.3,1.0,0.0,0.06666666666666667,0.0,0.06666666666666667,0.02,1.0,9.348751474482643,0.0,0.0,0.0,1.0,0.06666666666666667,0.06666666666666667,-0.06666666666666667,-1.8099999999999998,1.0,1.8329032274481516,0.0,0.0,0.0,0.0,0.06666666666666667,0.0,0.0,0.0,2.0,1.6382229262382366,20.275,40.55,1.0,0.0,0.06666666666666667,0.0,0.0,-0.3516666666666668,2.0,3.114733887953852,20.45,40.9,1.0,0.0,0.06666666666666667,0.0,0.0,-0.3633333333333333,5.0,2.819042201191448,4.040000000000001,11.3,3.0,0.0,0.13333333333333333,0.0,0.2,0.26933333333333337,10.0,1.1457620358374272,20.605,58.6,8.0,0.0,0.13333333333333333,0.0,0.2,0.3736666666666667,17.0,0.26612519561444814,26.485294117647058,48.05,16.0,0.0,0.13333333333333333,0.0,0.26666666666666666,0.6361307189542482,1.0,0.0,2.0,7.175,1.0,0.0,1.0,0.0,2.0,7.65,2.0,6.575,1.0,0.0,1.0,0.0,3.0,22.183333333333334,2.0,0.0,4.0,0.0,19.0,36.873684210526314
west_heavy_seed1,west_heavy,1,240.25,255.25,45.0,1.8749547535061413,15.010000000000002,29.0,29.75,1.0,2.6346643960301797,0.0,0.0,0.0,2.0,0.0,0.0,0.0,0.0,1.0,0.0,0.35,0.35,1.0,0.0,0.0,0.0,0.06666666666666667,0.02333333333333333,0.0,0.0,0.0,0.0,0.0,0.0,0.0,0.13333333333333333,0.0,0.0,1.0,0.8525436713397317,0.0,0.0,0.0,2.0,0.0,0.0,0.0,0.0,1.0,0.0,1.3,1.3,1.0,0.0,0.0,0.0,0.06666666666666667,0.08666666666666667,1.0,4.354464803015638,0.0,0.0,0.0,0.0,0.0,0.06666666666666667,0.0,0.0,1.0,0.8128359153323657,0.0,0.0,0.0,2.0,0.0,0.0,0.0,0.0,2.0,0.8933009925707805,0.0,0.0,0.0,2.0,0.0,0.0,-0.06666666666666667,-0.885,2.0,1.7376503807534114,20.95,41.9,1.0,0.0,0.0,0.0,0.0,0.5,5.0,2.2276077583730096,2.24,6.4,3.0,2.0,0.06666666666666667,0.0,0.2,0.14933333333333335,10.0,0.8995421745696696,15.444999999999999,53.0,7.0,2.0,0.06666666666666667,0.0,0.13333333333333333,0.10374074074074062,17.0,0.15064520607774096,27.426470588235293,49.05,16.0,0.0,0.06666666666666667,0.0,0.26666666666666666,0.7194730392156863,1.0,0.0,2.0,7.675,1.0,0.0,1.0,0.0,2.0,8.15,2.0,7.075,1.0,0.0,1.0,0.0,3.0,22.849999999999998,2.0,0.0,3.0,0.0,19.0,37.76842105263158
west_heavy_seed1,west_heavy,1,241.25,256.25,45.0,1.9954932911310328,12.648888888888889,24.0,28.75,0.0,0.0,0.0,0.0,0.0,2.0,0.0,0.06666666666666667,0.0,0.0,1.0,0.0,1.35,1.35,1.0,0.0,0.0,0.0,0.06666666666666667,0.09000000000000001,0.0,0.0,0.0,0.0,0.0,0.0,0.0,0.06666666666666667,0.0,0.0,0.0,0.0,0.0,0.0,0.0,2.0,0.0,0.06666666666666667,0.0,0.0,1.0,0.0,2.3,2.3,1.0,0.0,0.0,0.0,0.06666666666666667,0.15333333333333332,1.0,0.0,0.15,0.15,1.0,0.0,0.0,0.0,0.06666666666666667,0.01,0.0,0.0,0.0,0.0,0.0,2.0,0.0,0.06666666666666667,0.0,0.0,1.0,2.118806566565781,0.0,0.0,0.0,2.0,0.0,0.06666666666666667,-0.06666666666666667,-0.9183333333333333,2.0,0.7649707386195137,21.45,42.9,1.0,0.0,0.0,0.0,0.0,0.5,4.0,2.2061420427953675,0.0,0.0,0.0,2.0,0.06666666666666667,0.06666666666666667,0.0,0.0,9.0,0.9271172914830212,4.472222222222222,23.2,4.0,2.0,0.06666666666666667,0.06666666666666667,-0.06666666666666667,-0.6648148148148147,17.0,0.071787321702289,28.36764705882353,50.05,16.0,0.0,0.06666666666666667,0.0,0.26666666666666666,0.732218137254902,1.0,0.0,2.0,8.175,1.0,0.0,1.0,0.0,2.0,8.65,2.0,7.575,1.0,0.0,1.0,0.0,3.0,23.516666666666666,2.0,0.0,2.0,0.0,19.0,38.66315789473684
west_heavy_seed1,west_heavy,1,242.25,257.25,45.0,2.340653538315002,12.447777777777777,23.0,27.75,0.0,0.0,0.0,0.0,0.0,2.0,0.0,0.06666666666666667,0.0,0.0,1.0,0.0,2.35,2.35,1.0,0.0,0.0,0.0,0.06666666666666667,0.15666666666666668,0.0,0.0,0.0,0.0,0.0,0.0,0.0,0.06666666666666667,0.0,0.0,0.0,0.0,0.0,0.0,0.0,2.0,0.0,0.06666666666666667,0.0,0.0,1.0,0.0,3.3,3.3,1.0,0.0,0.0,0.0,0.06666666666666667,0.22,1.0,0.0,1.15,1.15,1.0,0.0,0.0,0.0,0.06666666666666667,0.07666666666666666,0.0,0.0,0.0,0.0,0.0,2.0,0.0,0.06666666666666667,0.0,0.0,1.0,3.725251081007717,0.0,0.0,0.0,2.0,0.0,0.06666666666666667,-0.06666666666666667,-0.9516666666666667,2.0,0.27643715359632676,21.95,43.9,1.0,0.0,0.0,0.0,0.0,0.5,4.0,2.155093947552566,0.0,0.0,0.0,2.0,0.06666666666666667,0.06666666666666667,0.0,0.0,9.0,1.3235268861289735,1.2444444444444445,6.1,3.0,2.0,0.06666666666666667,0.06666666666666667,-0.13333333333333333,-0.9170370370370371,17.0,0.030122399327922458,29.308823529411764,51.05,16.0,0.0,0.06666666666666667,0.0,0.26666666666666666,0.7449632352941177,1.0,0.0,2.0,8.675,1.0,0.0,1.0,0.0,2.0,9.15,2.0,8.075,1.0,0.0,1.0,0.0,3.0,24.183333333333334,2.0,0.0,2.0,0.0,19.0,39.55789473684211
west_heavy_seed1,west_heavy,1,243.25,258.25,44.0,2.5417477419124554,12.973863636363637,21.0,26.75,0.0,0.0,0.0,0.0,0.0,2.0,0.0,0.06666666666666667,0.0,0.0,1.0,0.0,3.35,3.35,1.0,0.0,0.0,0.0,0.06666666666666667,0.22333333333333333,0.0,0.0,0.0,0.0,0.0,0.0,0.0,0.06666666666666667,0.0,0.0,0.0,0.0,0.0,0.0,0.0,2.0,0.0,0.06666666666666667,0.0,0.0,1.0,0.0,4.3,4.3,1.0,0.0,0.0,0.0,0.06666666666666667,0.2866666666666667,1.0,0.0,2.15,2.15,1.0,0.0,0.0,0.0,0.06666666666666667,0.14333333333333334,0.0,0.0,0.0,0.0,0.0,2.0,0.0,0.06666666666666667,0.0,0.0,0.0,0.0,0.0,0.0,0.0,2.0,0.0,0.13333333333333333,-0.06666666666666667,-0.985,2.0,0.08027844052416297,22.45,44.9,1.0,0.0,0.0,0.0,0.0,0.5,4.0,2.445483933905839,0.0,0.0,0.0,2.0,0.06666666666666667,0.06666666666666667,-0.06666666666666667,-0.005,8.0,1.6204823152731176,0.2375,1.9,1.0,2.0,0.06666666666666667,0.13333333333333333,-0.26666666666666666,-1.0212037037037036,17.0,0.011812209602192784,30.25,52.05,16.0,0.0,0.06666666666666667,0.0,0.26666666666666666,0.7577083333333334,1.0,0.0,2.0,9.175,1.0,0.95,0.0,0.0,2.0,9.65,2.0,8.575,1.0,0.0,0.0,0.0,3.0,24.849999999999998,2.0,0.0,2.0,0.0,19.0,40.45263157894737
west_heavy_seed1,west_heavy,1,244.25,259.25,43.0,2.8287630847949345,13.719767441860466,22.0,25.75,0.0,0.0,0.0,0.0,0.0,2.0,0.0,0.06666666666666667,0.0,0.0,1.0,0.0,4.35,4.35,1.0,0.0,0.0,0.0,0.06666666666666667,0.29,0.0,0.0,0.0,0.0,0.0,0.0,0.0,0.06666666666666667,0.0,0.0,0.0,0.0,0.0,0.0,0.0,2.0,0.0,0.06666666666666667,0.0,0.0,1.0,0.0,5.3,5.3,1.0,0.0,0.0,0.0,0.06666666666666667,0.35333333333333333,1.0,0.0,3.15,3.15,1.0,0.0,0.0,0.0,0.06666666666666667,0.21,0.0,0.0,0.0,0.0,0.0,2.0,0.0,0.06666666666666667,0.0,0.0,0.0,0.0,0.0,0.0,0.0,2.0,0.0,0.13333333333333333,-0.06666666666666667,-1.0183333333333333,2.0,0.022913695094258217,23.275,45.9,2.0,0.0,0.0,0.0,0.06666666666666667,0.5216666666666666,3.0,2.769258395038806,0.0,0.0,0.0,2.0,0.06666666666666667,0.13333333333333333,-0.06666666666666667,-0.021666666666666667,7.0,2.0276920460933012,0.0,0.0,0.0,2.0,0.06666666666666667,0.2,-0.3333333333333333,-1.074074074074074,17.0,0.0042848203899520185,31.211764705882356,53.05,17.0,0.0,0.06666666666666667,0.0,0.3333333333333333,0.7718259803921571,0.0,0.0,2.0,9.675,1.0,1.95,0.0,0.0,2.0,10.15,2.0,9.075,1.0,0.0,0.0,0.0,3.0,25.516666666666666,2.0,0.0,2.0,0.0,19.0,41.35
west_heavy_seed1,west_heavy,1,245.25,260.25,46.0,3.4038115901741377,13.303260869565218,23.0,24.75,0.0,0.0,0.0,0.0,0.0,2.0,0.0,0.06666666666666667,0.0,0.0,1.0,0.0,5.35,5.35,1.0,0.0,0.0,0.0,0.06666666666666667,0.35666666666666663,0.0,0.0,0.0,0.0,0.0,0.0,0.0,0.06666666666666667,0.0,0.0,0.0,0.0,0.0,0.0,0.0,2.0,0.0,0.06666666666666667,0.0,0.0,1.0,0.0,6.3,6.3,1.0,0.0,0.0,0.0,0.06666666666666667,0.42,1.0,0.0,4.15,4.15,1.0,0.0,0.0,0.0,0.06666666666666667,0.27666666666666667,0.0,0.0,0.0,0.0,0.0,2.0,0.0,0.06666666666666667,0.0,0.0,0.0,0.0,0.0,0.0,0.0,2.0,0.0,0.13333333333333333,-0.06666666666666667,-1.0516666666666667,2.0,0.006303750303516745,24.275,46.9,2.0,0.0,0.0,0.0,0.06666666666666667,0.5549999999999999,4.0,3.5290673653162496,0.0,0.0,0.0,2.0,0.06666666666666667,0.13333333333333333,-0.06666666666666667,-0.030666666666666665,8.0,3.0534154127981004,0.0,0.0,0.0,2.0,0.06666666666666667,0.2,-0.3333333333333333,-1.0,18.0,0.0015967669503720494,30.422222222222224,54.05,18.0,0.0,0.06666666666666667,0.0,0.4,0.7491285403050111,0.0,0.0,2.0,10.175,1.0,2.95,0.0,0.0,2.0,10.65,2.0,9.575,0.0,0.0,0.0,0.0,3.0,26.183333333333334,1.0,0.0,2.0,0.0,19.0,42.29736842105263
west_heavy_seed1,west_heavy,1,246.25,261.25,55.0,4.824120557590106,11.526363636363637,22.0,23.75,1.0,12.99571878166583,0.0,0.0,0.0,2.0,0.06666666666666667,0.06666666666666667,0.0,0.0,2.0,1.108098907147173,3.175,6.35,1.0,0.0,0.06666666666666667,0.0,0.06666666666666667,0.21166666666666664,1.0,15.849793446790429,0.0,0.0,0.0,0.0,0.06666666666666667,0.06666666666666667,0.0,0.0,1.0,13.862163418255514,0.0,0.0,0.0,2.0,0.06666666666666667,0.06666666666666667,0.0,0.0,2.0,0.882484859024491,3.65,7.3,1.0,0.0,0.06666666666666667,0.0,0.06666666666666667,0.24333333333333332,2.0,1.1013058548367245,2.575,5.15,1.0,0.0,0.06666666666666667,0.0,0.06666666666666667,0.1716666666666667,1.0,11.972656192292925,0.0,0.0,0.0,2.0,0.06666666666666667,0.06666666666666667,0.0,0.0,1.0,13.86114458559081,0.0,0.0,0.0,2.0,0.06666666666666667,0.13333333333333333,-0.06666666666666667,-1.085,3.0,0.87193432855268,16.849999999999998,47.9,2.0,0.0,0.06666666666666667,0.0,0.06666666666666667,0.02666666666666657,4.0,4.675757708688131,0.0,0.0,0.0,2.0,0.06666666666666667,0.13333333333333333,-0.06666666666666667,-0.044,7.0,3.6251931407710534,0.0,0.0,0.0,2.0,0.06666666666666667,0.26666666666666666,-0.3333333333333333,-1.0333333333333334,18.0,0.12294418991790194,31.366666666666667,55.05,17.0,0.0,0.06666666666666667,0.0,0.26666666666666666,0.762091503267974,0.0,0.0,2.0,10.675,1.0,3.95,0.0,0.0,2.0,11.15,2.0,10.075,0.0,0.0,0.0,0.0,3.0,26.849999999999998,2.0,0.0,2.0,0.0,20.0,41.082499999999996
west_heavy_seed1,west_heavy,1,247.25,262.25,55.0,5.447460221472593,11.926363636363638,22.0,22.75,1.0,12.970482614368132,0.0,0.0,0.0,2.0,0.06666666666666667,0.06666666666666667,0.0,0.0,2.0,2.137426078945587,3.675,7.35,1.0,0.0,0.06666666666666667,0.0,0.06666666666666667,0.245,1.0,16.627447396606208,0.0,0.0,0.0,0.0,0.06666666666666667,0.06666666666666667,0.0,0.0,1.0,13.848964556970168,0.0,0.0,0.0,2.0,0.06666666666666667,0.06666666666666667,0.0,0.0,2.0,1.7134386471506622,4.15,8.3,1.0,0.0,0.06666666666666667,0.0,0.06666666666666667,0.27666666666666667,2.0,2.0398485789469816,3.075,6.15,1.0,0.0,0.06666666666666667,0.0,0.06666666666666667,0.20500000000000002,1.0,11.998496717093513,0.0,0.0,0.0,2.0,0.06666666666666667,0.06666666666666667,0.0,0.0,1.0,13.826682294683998,0.0,0.0,0.0,2.0,0.06666666666666667,0.13333333333333333,-0.06666666666666667,-1.1183333333333332,3.0,1.567485081636496,17.516666666666666,48.9,2.0,0.0,0.06666666666666667,0.0,0.06666666666666667,0.037777777777777764,4.0,5.895038013828991,0.0,0.0,0.0,2.0,0.06666666666666667,0.13333333333333333,-0.06666666666666667,-0.05733333333333333,6.0,4.0219285262561035,0.0,0.0,0.0,2.0,0.06666666666666667,0.3333333333333333,-0.3333333333333333,-1.0666666666666667,18.0,0.22707805839567013,32.31111111111111,56.05,17.0,0.0,0.06666666666666667,0.0,0.26666666666666666,0.774074074074074,0.0,0.0,2.0,11.175,1.0,4.95,0.0,0.0,2.0,11.65,2.0,10.575,0.0,0.0,0.0,0.0,3.0,27.516666666666666,2.0,0.0,2.0,0.0,20.0,41.9825
west_heavy_seed1,west_heavy,1,248.25,263.25,55.0,5.9441370067826105,12.326363636363638,22.0,21.75,1.0,13.009373006211293,0.0,0.0,0.0,2.0,0.06666666666666667,0.06666666666666667,0.0,0.0,2.0,3.124970250009514,4.175,8.35,1.0,0.0,0.06666666666666667,0.0,0.06666666666666667,0.2783333333333333,1.0,16.620661978323014,0.0,0.0,0.0,0.0,0.06666666666666667,0.06666666666666667,0.0,0.0,1.0,13.85036709280801,0.0,0.0,0.0,2.0,0.06666666666666667,0.06666666666666667,0.0,0.0,2.0,2.5700879936489676,4.65,9.3,1.0,0.0,0.06666666666666667,0.0,0.06666666666666667,0.31,2.0,2.960843446210924,3.575,7.15,1.0,0.0,0.06666666666666667,0.0,0.06666666666666667,0.23833333333333334,1.0,11.983371242238208,0.0,0.0,0.0,2.0,0.06666666666666667,0.06666666666666667,0.0,0.0,1.0,13.855711144291563,0.0,0.0,0.0,2.0,0.06666666666666667,0.13333333333333333,-0.06666666666666667,-1.1516666666666666,3.0,2.321776728813013,18.183333333333334,49.9,2.0,0.0,0.06666666666666667,0.0,0.06666666666666667,0.048888888888888954,3.0,7.130545913573912,0.0,0.0,0.0,2.0,0.06666666666666667,0.2,-0.06666666666666667,-0.07066666666666667,6.0,5.1399557570722125,0.0,0.0,0.0,2.0,0.06666666666666667,0.3333333333333333,-0.4,-1.105,18.0,0.33918982857716684,33.25555555555556,57.05,17.0,0.0,0.06666666666666667,0.0,0.26666666666666666,0.7860566448801746,0.0,0.0,2.0,11.675,1.0,5.95,0.0,0.0,2.0,12.15,2.0,11.075,0.0,0.0,0.0,0.0,3.0,28.183333333333337,2.0,0.0,2.0,0.0,20.0,42.8825
west_heavy_seed1,west_heavy,1,249.25,264.25,54.0,6.165937125651965,12.962037037037037,22.0,20.75,1.0,12.99605043596884,0.0,0.0,0.0,2.0,0.06666666666666667,0.06666666666666667,0.0,0.0,2.0,4.117672306947365,4.675,9.35,1.0,0.0,0.06666666666666667,0.0,0.06666666666666667,0.31166666666666665,1.0,16.558469783470038,0.0,0.0,0.0,0.0,0.06666666666666667,0.06666666666666667,0.0,0.0,1.0,13.876388734667563,0.0,0.0,0.0,2.0,0.06666666666666667,0.06666666666666667,0.0,0.0,2.0,3.375949691306929,5.15,10.3,1.0,0.0,0.06666666666666667,0.0,0.06666666666666667,0.3433333333333334,2.0,3.99891462193263,4.075,8.15,1.0,0.0,0.06666666666666667,0.0,0.06666666666666667,0.27166666666666667,1.0,11.993871753970161,0.0,0.0,0.0,2.0,0.06666666666666667,0.06666666666666667,0.0,0.0,1.0,13.838342375007924,0.0,0.0,0.0,2.0,0.06666666666666667,0.13333333333333333,-0.06666666666666667,-1.1849999999999998,3.0,3.0627859208750405,18.849999999999998,50.9,2.0,0.0,0.06666666666666667,0.0,0.06666666666666667,0.05999999999999991,2.0,8.934232540806363,0.0,0.0,0.0,2.0,0.06666666666666667,0.26666666666666666,-0.13333333333333333,-0.08933333333333333,6.0,6.325975969212355,0.0,0.0,0.0,2.0,0.06666666666666667,0.3333333333333333,-0.4,-1.145,18.0,0.44486357771179946,34.2,58.05,17.0,0.0,0.06666666666666667,0.0,0.26666666666666666,0.7980392156862749,0.0,0.0,2.0,12.175,1.0,6.95,0.0,0.0,2.0,12.65,2.0,11.575,0.0,0.0,0.0,0.0,3.0,29.033333333333335,1.0,0.0,1.0,0.0,20.0,43.7825
west_heavy_seed1,west_heavy,1,250.25,265.25,54.0,6.620412974828103,13.369444444444445,22.0,19.75,1.0,13.000427475649097,0.0,0.0,0.0,2.0,0.06666666666666667,0.06666666666666667,0.0,0.0,2.0,5.007349659552875,5.175,10.35,1.0,0.0,0.06666666666666667,0.0,0.06666666666666667,0.345,1.0,16.63097727327049,0.0,0.0,0.0,0.0,0.06666666666666667,0.06666666666666667,0.0,0.0,1.0,13.883410235854099,0.0,0.0,0.0,2.0,0.06666666666666667,0.06666666666666667,0.0,0.0,2.0,4.206089051735947,5.65,11.3,1.0,0.0,0.06666666666666667,0.0,0.06666666666666667,0.3766666666666667,2.0,5.023535938630087,4.575,9.15,1.0,0.0,0.06666666666666667,0.0,0.06666666666666667,0.305,1.0,11.986815067282878,0.0,0.0,0.0,2.0,0.06666666666666667,0.06666666666666667,0.0,0.0,1.0,13.826727601966123,0.0,0.0,0.0,2.0,0.06666666666666667,0.13333333333333333,-0.06666666666666667,-1.2183333333333333,3.0,3.781241001118253,19.516666666666666,51.9,2.0,0.0,0.06666666666666667,0.0,0.06666666666666667,0.0711111111111111,2.0,10.436027746584646,0.0,0.0,0.0,2.0,0.06666666666666667,0.26666666666666666,-0.13333333333333333,-0.11599999999999998,5.0,7.2699324664211105,0.0,0.0,0.0,2.0,0.06666666666666667,0.4,-0.4,-1.1849999999999998,18.0,0.5567216523123796,35.144444444444446,59.05,17.0,0.0,0.06666666666666667,0.0,0.2,0.8088453159041396,0.0,0.0,2.0,12.675,1.0,7.95,0.0,0.0,2.0,13.15,2.0,12.075,0.0,0.0,0.0,0.0,3.0,30.033333333333335,1.0,0.0,1.0,0.0,20.0,44.6825
west_heavy_seed1,west_heavy,1,251.25,266.25,54.0,6.977014102690149,13.776851851851852,22.0,18.75,1.0,12.955995893357953,0.0,0.0,0.0,2.0,0.06666666666666667,0.06666666666666667,0.0,0.0,2.0,5.934366852577979,5.675,11.35,1.0,0.0,0.06666666666666667,0.0,0.06666666666666667,0.3783333333333333,1.0,16.589045456521216,0.0,0.0,0.0,0.0,0.06666666666666667,0.06666666666666667,0.0,0.0,1.0,13.87653818519786,0.0,0.0,0.0,2.0,0.06666666666666667,0.06666666666666667,0.0,0.0,2.0,5.063940225511215,6.15,12.3,1.0,0.0,0.06666666666666667,0.0,0.06666666666666667,0.41000000000000003,2.0,6.054203501074091,5.075,10.15,1.0,0.0,0.06666666666666667,0.0,0.06666666666666667,0.3383333333333333,1.0,11.993284044731409,0.0,0.0,0.0,2.0,0.06666666666666667,0.06666666666666667,0.0,0.0,1.0,13.830403411721345,0.0,0.0,0.0,2.0,0.06666666666666667,0.13333333333333333,-0.06666666666666667,-1.2516666666666665,3.0,4.435904138596794,20.183333333333334,52.9,2.0,0.0,0.06666666666666667,0.0,0.06666666666666667,0.08222222222222228,1.0,13.841873006422539,0.0,0.0,0.0,2.0,0.06666666666666667,0.3333333333333333,-0.2,-0.14933333333333335,4.0,8.185005099559525,0.0,0.0,0.0,2.0,0.06666666666666667,0.4666666666666667,-0.4666666666666667,-1.2256666666666665,18.0,0.6661949593227752,36.08888888888889,60.05,17.0,0.0,0.06666666666666667,0.0,0.2,0.8169063180827886,0.0,0.0,2.0,13.25,1.0,8.95,0.0,0.0,2.0,13.65,2.0,12.649999999999999,0.0,0.0,0.0,0.0,3.0,31.033333333333335,1.0,0.0,1.0,0.0,20.0,45.595
west_heavy_seed1,west_heavy,1,252.25,267.25,54.0,7.219068000987966,14.18425925925926,22.0,17.75,1.0,12.949851092529183,0.0,0.0,0.0,2.0,0.06666666666666667,0.06666666666666667,0.0,0.0,2.0,6.901038145052481,6.175,12.35,1.0,0.0,0.06666666666666667,0.0,0.06666666666666667,0.4116666666666667,1.0,16.61695424808562,0.0,0.0,0.0,0.0,0.06666666666666667,0.06666666666666667,0.0,0.0,1.0,13.83311261331197,0.0,0.0,0.0,2.0,0.06666666666666667,0.06666666666666667,0.0,0.0,2.0,5.827475932519438,6.65,13.3,1.0,0.0,0.06666666666666667,0.0,0.06666666666666667,0.44333333333333336,2.0,6.916781661298592,5.575,11.15,1.0,0.0,0.06666666666666667,0.0,0.06666666666666667,0.3716666666666667,1.0,11.976171336227562,0.0,0.0,0.0,2.0,0.06666666666666667,0.06666666666666667,0.0,0.0,1.0,13.859812503010035,0.0,0.0,0.0,2.0,0.06666666666666667,0.13333333333333333,-0.06666666666666667,-1.285,3.0,5.089494187501544,20.849999999999998,53.9,2.0,0.0,0.06666666666666667,0.0,0.06666666666666667,0.09333333333333324,1.0,13.841038287712728,0.0,0.0,0.0,2.0,0.06666666666666667,0.3333333333333333,-0.2,-0.18933333333333335,4.0,8.93821419945397,0.0,0.0,0.0,2.0,0.06666666666666667,0.4666666666666667,-0.4666666666666667,-1.2723333333333333,18.0,0.6119989766328403,37.03333333333333,61.05,17.0,0.0,0.06666666666666667,0.0,0.13333333333333333,0.8233986928104573,0.0,0.0,2.0,14.25,1.0,9.95,0.0,0.0,2.0,14.15,2.0,13.649999999999999,0.0,0.0,0.0,0.0,3.0,32.03333333333334,1.0,0.0,1.0,0.0,20.0,46.545
west_heavy_seed1,west_heavy,1,253.25,268.25,57.0,7.359894383670009,13.823684210526316,22.0,16.75,1.0,12.994817542735886,0.0,0.0,0.0,2.0,0.06666666666666667,0.06666666666666667,0.0,0.0,2.0,6.918698593694717,6.675,13.35,1.0,0.0,0.06666666666666667,0.0,0.06666666666666667,0.445,1.0,16.613814182631675,0.0,0.0,0.0,0.0,0.06666666666666667,0.0,0.0,0.0,1.0,13.827215621611105,0.0,0.0,0.0,2.0,0.06666666666666667,0.06666666666666667,0.0,0.0,2.0,5.835188818855232,7.15,14.3,1.0,0.0,0.06666666666666667,0.0,0.06666666666666667,0.4766666666666667,2.0,6.9280899169621994,6.075,12.15,1.0,0.0,0.06666666666666667,0.0,0.06666666666666667,0.405,1.0,11.991487386566586,0.0,0.0,0.0,2.0,0.06666666666666667,0.06666666666666667,0.0,0.0,1.0,13.864931202136214,0.0,0.0,0.0,2.0,0.06666666666666667,0.13333333333333333,-0.06666666666666667,-1.3183333333333331,3.0,5.180645413296283,21.516666666666666,54.9,2.0,0.0,0.06666666666666667,0.0,0.06666666666666667,0.10444444444444442,2.0,14.248460355009886,0.0,0.0,0.0,2.0,0.13333333333333333,0.3333333333333333,-0.2,-0.22933333333333336,5.0,9.786338955186945,0.0,0.0,0.0,2.0,0.13333333333333333,0.4666666666666667,-0.5333333333333333,-1.3203333333333334,19.0,0.48239790444824765,35.97894736842105,62.05,17.0,0.0,0.13333333333333333,0.0,0.13333333333333333,0.6942827657378741,0.0,0.0,2.0,15.25,1.0,10.95,0.0,0.0,2.0,14.65,2.0,14.649999999999999,0.0,0.0,0.0,0.0,3.0,33.03333333333334,1.0,0.0,1.0,0.0,20.0,47.495
west_heavy_seed1,west_heavy,1,254.25,269.25,57.0,7.478682283328398,14.209649122807019,22.0,15.75,1.0,12.944706487686538,0.0,0.0,0.0,2.0,0.06666666666666667,0.06666666666666667,0.0,0.0,2.0,6.939269049664727,7.175,14.35,1.0,0.0,0.06666666666666667,0.0,0.06666666666666667,0.47833333333333333,1.0,16.592254959244283,0.0,0.0,0.0,0.0,0.06666666666666667,0.0,0.0,0.0,1.0,13.843027439381695,0.0,0.0,0.0,2.0,0.06666666666666667,0.06666666666666667,-0.06666666666666667,-0.04666666666666666,2.0,5.823280292138944,7.65,15.3,1.0,0.0,0.06666666666666667,0.0,0.0,0.49000000000000005,2.0,6.9444120714615565,6.575,13.15,1.0,0.0,0.06666666666666667,0.0,0.06666666666666667,0.43833333333333335,1.0,11.975250965610613,0.0,0.0,0.0,2.0,0.06666666666666667,0.06666666666666667,0.0,0.0,1.0,13.830587538192049,0.0,0.0,0.0,2.0,0.06666666666666667,0.13333333333333333,-0.06666666666666667,-1.3516666666666666,3.0,5.186213446849943,22.183333333333334,55.9,2.0,0.0,0.06666666666666667,0.0,0.06666666666666667,0.11555555555555562,2.0,15.138590330878426,0.0,0.0,0.0,2.0,0.13333333333333333,0.3333333333333333,-0.2,-0.26933333333333337,4.0,10.797244779128697,0.0,0.0,0.0,2.0,0.13333333333333333,0.5333333333333333,-0.5333333333333333,-1.3736666666666666,19.0,0.46586793789323194,36.873684210526314,63.05,17.0,0.0,0.13333333333333333,0.0,0.06666666666666667,0.6925593395252837,0.0,0.0,2.0,16.25,1.0,11.95,0.0,0.0,2.0,15.175,2.0,15.649999999999999,0.0,0.0,0.0,0.0,3.0,34.03333333333334,1.0,0.0,1.0,0.0,20.0,48.445
west_heavy_seed1,west_heavy,1,255.25,270.25,57.0,7.47375196665039,14.59561403508772,22.0,14.75,1.0,12.959504093351473,0.0,0.0,0.0,2.0,0.06666666666666667,0.06666666666666667,0.0,0.0,2.0,6.944277533860878,7.675,15.35,1.0,0.0,0.06666666666666667,0.0,0.0,0.48833333333333334,1.0,11.496777505833498,0.0,0.0,0.0,0.0,0.06666666666666667,0.0,0.0,0.0,1.0,13.858232529138913,0.0,0.0,0.0,2.0,0.06666666666666667,0.06666666666666667,0.0,0.0,2.0,5.832724758663235,8.15,16.3,1.0,0.0,0.06666666666666667,0.0,0.0,0.4566666666666667,2.0,6.91955807472521,7.075,14.15,1.0,0.0,0.06666666666666667,0.0,0.06666666666666667,0.4716666666666667,1.0,11.97333248366369,0.0,0.0,0.0,2.0,0.06666666666666667,0.06666666666666667,0.0,0.0,1.0,13.841955694437493,0.0,0.0,0.0,2.0,0.06666666666666667,0.13333333333333333,0.0,0.0,3.0,5.181006677066893,22.849999999999998,56.9,2.0,0.0,0.06666666666666667,0.0,0.06666666666666667,0.12666666666666657,2.0,15.17693324899584,0.0,0.0,0.0,2.0,0.13333333333333333,0.3333333333333333,-0.2,-0.14933333333333335,3.0,12.344600399815398,0.0,0.0,0.0,2.0,0.13333333333333333,0.6,-0.4666666666666667,-1.0296666666666665,19.0,0.4703835555395555,37.76842105263158,64.05,17.0,0.0,0.13333333333333333,0.0,0.06666666666666667,0.6894633642930859,0.0,0.0,2.0,17.25,1.0,12.95,0.0,0.0,2.0,16.175,2.0,16.65,0.0,0.0,0.0,0.0,3.0,35.03333333333334,1.0,0.0,1.0,0.0,20.0,49.394999999999996
west_heavy_seed1,west_heavy,1,256.25,271.25,57.0,7.4494231997713625,14.981578947368423,22.0,13.75,1.0,13.004223239315372,0.0,0.0,0.0,2.0,0.06666666666666667,0.0,0.0,0.0,2.0,6.941242212975049,8.175,16.35,1.0,0.0,0.06666666666666667,0.0,0.0,0.45500000000000007,1.0,5.997888962020943,0.0,0.0,0.0,0.0,0.06666666666666667,0.0,0.0,0.0,1.0,13.850596007419519,0.0,0.0,0.0,2.0,0.06666666666666667,0.0,0.0,0.0,2.0,5.826399277029114,8.65,17.3,1.0,0.0,0.06666666666666667,0.0,0.0,0.4233333333333334,2.0,6.921200513708754,7.575,15.15,1.0,0.0,0.06666666666666667,0.0,0.0,0.495,1.0,11.989078183807433,0.0,0.0,0.0,2.0,0.06666666666666667,0.0,0.0,0.0,1.0,13.866961431893287,0.0,0.0,0.0,2.0,0.06666666666666667,0.06666666666666667,0.0,0.0,3.0,5.180698956492653,23.516666666666666,57.9,2.0,0.0,0.06666666666666667,0.0,0.06666666666666667,0.13777777777777775,2.0,15.140831443140552,0.0,0.0,0.0,2.0,0.13333333333333333,0.26666666666666666,0.0,0.0,2.0,14.964207856571146,0.0,0.0,0.0,2.0,0.13333333333333333,0.6,-0.26666666666666666,-0.29814814814814816,19.0,0.5055094611289119,38.66315789473684,65.05,17.0,0.0,0.13333333333333333,0.0,0.06666666666666667,0.6863673890608875,0.0,0.0,2.0,18.25,1.0,13.95,0.0,0.0,2.0,17.174999999999997,2.0,17.65,0.0,0.0,0.0,0.0,3.0,36.03333333333334,1.0,0.0,0.0,0.0,20.0,50.345
west_heavy_seed1,west_heavy,1,257.25,272.25,55.0,7.088368828133488,15.926363636363638,22.0,12.75,1.0,12.970290328314926,0.0,0.0,0.0,2.0,0.06666666666666667,0.0,0.0,0.0,2.0,6.914484424589318,8.675,17.35,1.0,0.0,0.06666666666666667,0.0,0.0,0.42166666666666675,1.0,0.5062217251781486,0.0,0.0,0.0,0.0,0.06666666666666667,0.0,0.0,0.0,1.0,13.525798511225133,0.0,0.0,0.0,2.0,0.06666666666666667,0.0,0.0,0.0,2.0,5.828962878349258,9.15,18.3,1.0,0.0,0.06666666666666667,0.0,0.0,0.39,2.0,6.922320079070633,8.075,16.15,1.0,0.0,0.06666666666666667,0.0,0.0,0.4616666666666666,1.0,11.982786426851526,0.0,0.0,0.0,2.0,0.06666666666666667,0.0,0.0,0.0,1.0,13.882010909224627,0.0,0.0,0.0,2.0,0.06666666666666667,0.06666666666666667,0.0,0.0,3.0,4.842778031328579,24.183333333333334,58.9,2.0,0.0,0.06666666666666667,0.0,0.06666666666666667,0.14888888888888896,2.0,15.197231695561124,0.0,0.0,0.0,2.0,0.13333333333333333,0.26666666666666666,0.0,0.0,2.0,14.945192281515766,0.0,0.0,0.0,2.0,0.13333333333333333,0.6,-0.2,-0.08296296296296296,19.0,0.5783755088121636,39.55789473684211,66.05,17.0,0.0,0.13333333333333333,0.0,0.06666666666666667,0.6832714138286896,0.0,0.0,2.0,19.25,1.0,14.95,0.0,0.0,2.0,18.174999999999997,2.0,18.65,0.0,0.0,0.0,0.0,3.0,37.03333333333334,1.0,0.0,0.0,0.0,20.0,51.295
west_heavy_seed1,west_heavy,1,261.25,276.25,53.0,5.933321017149009,18.300943396226415,24.0,8.75,0.0,0.0,0.0,0.0,0.0,2.0,0.0,0.06666666666666667,0.0,0.0,2.0,2.508044494200284,10.675,21.35,1.0,0.0,0.0,0.0,0.0,0.5000000000000001,1.0,0.0,3.95,3.95,1.0,0.0,0.0,0.0,0.06666666666666667,0.26333333333333336,0.0,0.0,0.0,0.0,0.0,2.0,0.0,0.06666666666666667,0.0,0.0,2.0,4.642292148769424,11.15,22.3,1.0,0.0,0.0,0.0,0.0,0.5,2.0,2.546689958292247,10.075,20.15,1.0,0.0,0.0,0.0,0.0,0.49999999999999994,0.0,0.0,0.0,0.0,0.0,2.0,0.0,0.06666666666666667,0.0,0.0,0.0,0.0,0.0,0.0,0.0,2.0,0.0,0.06666666666666667,0.0,0.0,3.0,0.5569086457871598,26.849999999999998,62.9,2.0,0.0,0.0,0.0,0.0,0.6666666666666666,2.0,14.568872212695844,0.0,0.0,0.0,2.0,0.13333333333333333,0.26666666666666666,0.0,0.0,2.0,16.568762923040197,0.0,0.0,0.0,2.0,0.13333333333333333,0.4666666666666667,0.0,0.0,20.0,0.33432025977573393,41.082499999999996,70.05,18.0,0.0,0.13333333333333333,0.0,0.06666666666666667,0.647722222222222,0.0,0.0,2.0,23.25,1.0,18.95,0.0,0.0,2.0,22.174999999999997,2.0,22.65,0.0,0.0,0.0,0.0,1.0,0.0,2.0,0.325,1.0,0.0,20.0,27.95
west_heavy_seed1,west_heavy,1,262.25,277.25,52.0,5.704008679559752,19.114423076923078,24.0,7.75,0.0,0.0,0.0,0.0,0.0,2.0,0.0,0.06666666666666667,0.0,0.0,2.0,1.4248945651609963,11.175,22.35,1.0,0.0,0.0,0.0,0.0,0.5000000000000001,1.0,0.0,4.95,4.95,1.0,0.0,0.0,0.0,0.06666666666666667,0.33,0.0,0.0,0.0,0.0,0.0,2.0,0.0,0.06666666666666667,0.0,0.0,2.0,3.4048746561738645,11.65,23.3,1.0,0.0,0.0,0.0,0.0,0.5,2.0,1.4765381421959285,10.575,21.15,1.0,0.0,0.0,0.0,0.0,0.49999999999999994,0.0,0.0,0.0,0.0,0.0,2.0,0.0,0.06666666666666667,0.0,0.0,0.0,0.0,0.0,0.0,0.0,2.0,0.0,0.06666666666666667,0.0,0.0,3.0,0.19490276057632305,27.516666666666666,63.9,2.0,0.0,0.0,0.0,0.0,0.6666666666666666,2.0,14.567983063257255,0.0,0.0,0.0,2.0,0.13333333333333333,0.26666666666666666,0.0,0.0,2.0,16.618210819314818,0.0,0.0,0.0,2.0,0.13333333333333333,0.4,0.0,0.0,20.0,0.32864051962430135,41.9825,71.05,18.0,0.0,0.13333333333333333,0.0,0.06666666666666667,0.6447592592592595,0.0,0.0,2.0,24.25,1.0,19.95,0.0,0.0,2.0,23.174999999999997,2.0,23.65,0.0,0.0,0.0,0.0,0.0,0.0,2.0,0.825,1.0,0.0,19.0,22.58157894736842
west_heavy_seed1,west_heavy,1,263.25,278.25,50.0,5.366035336162679,20.359,24.0,6.75,0.0,0.0,0.0,0.0,0.0,2.0,0.0,0.06666666666666667,0.0,0.0,2.0,0.7169867336812682,11.675,23.35,1.0,0.0,0.0,0.0,0.0,0.5000000000000001,1.0,0.0,5.95,5.95,1.0,0.0,0.0,0.0,0.06666666666666667,0.39666666666666667,0.0,0.0,0.0,0.0,0.0,2.0,0.0,0.06666666666666667,0.0,0.0,2.0,2.350870334507239,12.15,24.3,1.0,0.0,0.0,0.0,0.0,0.5,2.0,0.727070528360108,11.075,22.15,1.0,0.0,0.0,0.0,0.0,0.49999999999999994,0.0,0.0,0.0,0.0,0.0,2.0,0.0,0.06666666666666667,0.0,0.0,0.0,0.0,0.0,0.0,0.0,2.0,0.0,0.06666666666666667,0.0,0.0,3.0,0.057744324133513686,28.183333333333337,64.9,2.0,0.0,0.0,0.0,0.0,0.6666666666666669,2.0,13.930337489952237,0.0,0.0,0.0,2.0,0.13333333333333333,0.2,0.0,0.0,2.0,16.665682331381834,0.0,0.0,0.0,2.0,0.13333333333333333,0.4,0.0,0.0,20.0,0.34916408260708387,42.8825,72.05,18.0,0.0,0.13333333333333333,0.0,0.06666666666666667,0.641796296296296,0.0,0.0,2.0,25.25,1.0,20.95,0.0,0.0,2.0,24.174999999999997,2.0,24.65,0.0,0.0,0.0,0.0,0.0,0.0,2.0,1.325,1.0,0.0,19.0,15.939473684210528
west_heavy_seed1,west_heavy,1,264.25,279.25,49.0,5.1633881435647035,21.275510204081634,25.0,5.75,0.0,0.0,0.0,0.0,0.0,2.0,0.0,0.06666666666666667,0.0,0.0,2.0,0.3081027533205397,12.175,24.35,1.0,0.0,0.0,0.0,0.0,0.5000000000000001,1.0,0.0,6.95,6.95,1.0,0.0,0.0,0.0,0.06666666666666667,0.4633333333333333,0.0,0.0,0.0,0.0,0.0,2.0,0.0,0.06666666666666667,0.0,0.0,2.0,1.4849445360425062,12.65,25.3,1.0,0.0,0.0,0.0,0.0,0.5,2.0,0.31921824256888215,11.575,23.15,1.0,0.0,0.0,0.0,0.0,0.49999999999999994,0.0,0.0,0.0,0.0,0.0,2.0,0.0,0.06666666666666667,0.0,0.0,0.0,0.0,0.0,0.0,0.0,2.0,0.0,0.06666666666666667,0.0,0.0,3.0,0.016224137379149618,29.033333333333335,65.9,3.0,0.0,0.0,0.0,0.06666666666666667,0.6788888888888891,1.0,12.694323515778946,0.0,0.0,0.0,2.0,0.06666666666666667,0.13333333333333333,0.0,0.0,1.0,16.664692943166944,0.0,0.0,0.0,2.0,0.06666666666666667,0.4,0.0,0.0,20.0,0.41495723736197104,43.7825,73.05,18.0,0.0,0.13333333333333333,0.0,0.06666666666666667,0.638833333333333,0.0,0.0,2.0,26.25,1.0,21.95,0.0,0.0,2.0,25.174999999999997,2.0,25.65,0.0,0.0,0.0,0.0,0.0,0.0,2.0,1.825,1.0,0.0,18.0,13.913888888888888
west_heavy_seed1,west_heavy,1,265.25,280.25,48.0,5.075240664250548,22.239583333333332,25.0,4.75,0.0,0.0,0.0,0.0,0.0,2.0,0.0,0.06666666666666667,0.0,0.0,2.0,0.11924406489877142,12.675,25.35,1.0,0.0,0.0,0.0,0.0,0.5000000000000001,1.0,0.0,7.95,7.95,1.0,0.0,0.0,0.0,0.06666666666666667,0.53,0.0,0.0,0.0,0.0,0.0,2.0,0.0,0.06666666666666667,0.0,0.0,2.0,0.8615091602474026,13.15,26.3,1.0,0.0,0.0,0.0,0.0,0.5,2.0,0.12280024783727572,12.075,24.15,1.0,0.0,0.0,0.0,0.0,0.49999999999999994,0.0,0.0,0.0,0.0,0.0,2.0,0.0,0.06666666666666667,0.0,0.0,0.0,0.0,0.0,0.0,0.0,2.0,0.0,0.06666666666666667,0.0,0.0,3.0,0.00463651442548921,30.033333333333335,66.9,3.0,0.0,0.0,0.0,0.06666666666666667,0.7011111111111112,1.0,12.67806149773982,0.0,0.0,0.0,2.0,0.06666666666666667,0.13333333333333333,0.0,0.0,1.0,16.66404949751124,0.0,0.0,0.0,2.0,0.06666666666666667,0.3333333333333333,0.0,0.0,20.0,0.4899971355411581,44.6825,74.05,18.0,0.0,0.13333333333333333,0.0,0.06666666666666667,0.6358703703703701,0.0,0.0,2.0,27.25,1.0,22.95,0.0,0.0,2.0,26.174999999999997,2.0,26.65,0.0,0.0,0.0,0.0,0.0,0.0,2.0,2.325,1.0,0.0,18.0,11.594444444444443
west_heavy_seed1,west_heavy,1,266.25,281.25,48.0,5.142281068009631,22.771874999999998,28.0,3.75,0.0,0.0,0.0,0.0,0.0,2.0,0.0,0.06666666666666667,0.0,0.0,2.0,0.043246703725257504,13.25,26.35,2.0,0.0,0.0,0.0,0.06666666666666667,0.505,1.0,0.0,8.95,8.95,1.0,0.0,0.0,0.0,0.06666666666666667,0.5966666666666666,0.0,0.0,0.0,0.0,0.0,2.0,0.0,0.06666666666666667,0.0,0.0,2.0,0.45899412274680784,13.65,27.3,1.0,0.0,0.0,0.0,0.0,0.5,2.0,0.044859450141748206,12.649999999999999,25.15,2.0,0.0,0.0,0.0,0.06666666666666667,0.5049999999999999,0.0,0.0,0.0,0.0,0.0,2.0,0.0,0.06666666666666667,0.0,0.0,0.0,0.0,0.0,0.0,0.0,2.0,0.0,0.06666666666666667,0.0,0.0,3.0,0.0012954312836065075,31.033333333333335,67.9,3.0,0.0,0.0,0.0,0.06666666666666667,0.7233333333333334,1.0,12.661587902105952,0.0,0.0,0.0,2.0,0.06666666666666667,0.06666666666666667,0.0,0.0,1.0,16.586352291915567,0.0,0.0,0.0,2.0,0.06666666666666667,0.26666666666666666,0.0,0.0,20.0,0.5867735048850871,45.595,75.05,19.0,0.0,0.13333333333333333,0.0,0.13333333333333333,0.6337407407407407,0.0,0.0,2.0,28.25,1.0,23.95,0.0,0.0,2.0,27.174999999999997,2.0,27.65,0.0,0.0,0.0,0.0,0.0,0.0,3.0,1.8833333333333335,2.0,0.0,18.0,9.411111111111111
west_heavy_seed1,west_heavy,1,267.25,282.25,47.0,4.974657369810847,23.852127659574467,28.0,2.75,0.0,0.0,0.0,0.0,0.0,2.0,0.0,0.06666666666666667,0.0,0.0,2.0,0.015589414906810359,14.25,27.35,2.0,0.0,0.0,0.0,0.06666666666666667,0.5383333333333333,1.0,0.0,9.95,9.95,1.0,0.0,0.0,0.0,0.06666666666666667,0.6633333333333333,0.0,0.0,0.0,0.0,0.0,2.0,0.0,0.06666666666666667,0.0,0.0,2.0,0.2274990296169495,14.15,28.3,1.0,0.0,0.0,0.0,0.0,0.5,2.0,0.016402744363618972,13.649999999999999,26.15,2.0,0.0,0.0,0.0,0.06666666666666667,0.5383333333333333,0.0,0.0,0.0,0.0,0.0,2.0,0.0,0.06666666666666667,0.0,0.0,0.0,0.0,0.0,0.0,0.0,2.0,0.0,0.06666666666666667,0.0,0.0,3.0,0.0003599696846141268,32.03333333333334,68.9,3.0,0.0,0.0,0.0,0.06666666666666667,0.7455555555555561,1.0,12.673245436725978,0.0,0.0,0.0,2.0,0.06666666666666667,0.06666666666666667,0.0,0.0,1.0,16.63613069614768,0.0,0.0,0.0,2.0,0.06666666666666667,0.26666666666666666,0.0,0.0,20.0,0.4520186542318494,46.545,76.05,19.0,0.0,0.13333333333333333,0.0,0.13333333333333333,0.6341111111111114,0.0,0.0,2.0,29.25,1.0,24.95,0.0,0.0,2.0,28.174999999999997,2.0,28.65,0.0,0.0,0.0,0.0,0.0,0.0,3.0,2.216666666666667,2.0,0.0,17.0,5.079411764705882
west_heavy_seed1,west_heavy,1,268.25,283.25,46.0,4.703307143836531,24.979347826086954,28.0,1.75,0.0,0.0,0.0,0.0,0.0,2.0,0.0,0.06666666666666667,0.0,0.0,2.0,0.005776395827989008,15.25,28.35,2.0,0.0,0.0,0.0,0.06666666666666667,0.5716666666666667,1.0,0.0,10.95,10.95,1.0,0.0,0.0,0.0,0.06666666666666667,0.73,0.0,0.0,0.0,0.0,0.0,2.0,0.0,0.06666666666666667,0.0,0.0,2.0,0.10769016992149162,14.65,29.3,1.0,0.0,0.0,0.0,0.0,0.5,2.0,0.005937429132245237,14.649999999999999,27.15,2.0,0.0,0.0,0.0,0.06666666666666667,0.5716666666666667,0.0,0.0,0.0,0.0,0.0,2.0,0.0,0.06666666666666667,0.0,0.0,0.0,0.0,0.0,0.0,0.0,2.0,0.0,0.06666666666666667,0.0,0.0,3.0,0.00010469311520618894,33.03333333333334,69.9,3.0,0.0,0.0,0.0,0.06666666666666667,0.7677777777777782,1.0,12.65811887526985,0.0,0.0,0.0,2.0,0.06666666666666667,0.13333333333333333,0.0,0.0,1.0,16.653397032823417,0.0,0.0,0.0,2.0,0.06666666666666667,0.3333333333333333,0.0,0.0,20.0,0.306766051111553,47.495,77.05,19.0,0.0,0.06666666666666667,0.0,0.13333333333333333,0.7677368421052629,0.0,0.0,2.0,30.25,1.0,25.95,0.0,0.0,2.0,29.174999999999997,2.0,29.65,0.0,0.0,0.0,0.0,0.0,0.0,3.0,2.5500000000000003,3.0,0.0,17.0,3.0
west_heavy_seed1,west_heavy,1,269.25,284.25,45.0,4.439084229285229,26.157777777777774,29.0,0.75,0.0,0.0,0.0,0.0,0.0,2.0,0.0,0.06666666666666667,0.0,0.0,2.0,0.002071859013290939,16.25,29.35,2.0,0.0,0.0,0.0,0.06666666666666667,0.605,1.0,0.0,11.95,11.95,1.0,0.0,0.0,0.0,0.06666666666666667,0.7966666666666666,0.0,0.0,0.0,0.0,0.0,2.0,0.0,0.06666666666666667,0.0,0.0,2.0,0.04997717435338059,15.175,30.3,2.0,0.0,0.0,0.0,0.06666666666666667,0.5016666666666667,2.0,0.002146906016659541,15.649999999999999,28.15,2.0,0.0,0.0,0.0,0.06666666666666667,0.605,0.0,0.0,0.0,0.0,0.0,2.0,0.0,0.06666666666666667,0.0,0.0,0.0,0.0,0.0,0.0,0.0,2.0,0.0,0.06666666666666667,0.0,0.0,3.0,2.875438402287604e-05,34.03333333333334,70.9,3.0,0.0,0.0,0.0,0.06666666666666667,0.7900000000000004,1.0,12.700269358280186,0.0,0.0,0.0,2.0,0.06666666666666667,0.13333333333333333,0.0,0.0,1.0,16.574902039416138,0.0,0.0,0.0,2.0,0.06666666666666667,0.26666666666666666,0.0,0.0,20.0,0.18793359357640832,48.445,78.05,19.0,0.0,0.06666666666666667,0.0,0.13333333333333333,0.7714210526315791,0.0,0.0,2.0,31.25,1.0,26.95,0.0,0.0,2.0,30.174999999999997,2.0,30.65,0.0,0.0,0.0,0.0,0.0,0.0,4.0,2.1625,3.0,0.0,17.0,0.6294117647058823
west_heavy_seed1,west_heavy,1,270.25,285.25,44.0,4.236350997046742,27.411363636363635,29.0,2.75,0.0,0.0,0.0,0.0,0.0,1.0,0.0,0.06666666666666667,0.0,0.0,2.0,0.0007462770440601306,17.25,30.35,2.0,0.0,0.0,0.0,0.06666666666666667,0.6383333333333333,1.0,0.0,12.95,12.95,1.0,0.0,0.0,0.0,0.06666666666666667,0.8633333333333333,0.0,0.0,0.0,0.0,0.0,1.0,0.0,0.06666666666666667,0.0,0.0,2.0,0.022769676300355538,16.175,31.3,2.0,0.0,0.0,0.0,0.06666666666666667,0.535,2.0,0.0007865290586606333,16.65,29.15,2.0,0.0,0.0,0.0,0.06666666666666667,0.6383333333333333,0.0,0.0,0.0,0.0,0.0,1.0,0.0,0.06666666666666667,0.0,0.0,0.0,0.0,0.0,0.0,0.0,1.0,0.0,0.06666666666666667,0.0,0.0,3.0,8.254642655219738e-06,35.03333333333334,71.9,3.0,0.0,0.0,0.0,0.06666666666666667,0.8122222222222227,1.0,12.65832769608691,0.0,0.0,0.0,1.0,0.06666666666666667,0.13333333333333333,0.0,0.0,1.0,16.67,0.0,0.0,0.0,1.0,0.06666666666666667,0.2,0.0,0.0,20.0,0.09932273445541269,49.394999999999996,79.05,19.0,0.0,0.06666666666666667,0.0,0.13333333333333333,0.7751052631578943,0.0,0.0,2.0,32.25,1.0,27.95,0.0,0.0,2.0,31.174999999999997,2.0,31.65,0.0,0.0,0.0,0.0,0.0,0.0,4.0,2.4125,3.0,0.0,16.0,0.0
west_heavy_seed1,west_heavy,1,271.25,286.25,44.0,4.265658219699033,28.07045454545454,29.0,1.75,0.0,0.0,0.0,0.0,0.0,1.0,0.0,0.06666666666666667,0.0,0.0,2.0,0.0002764360760924731,18.25,31.35,2.0,0.0,0.0,0.0,0.06666666666666667,0.6716666666666666,1.0,0.0,13.95,13.95,1.0,0.0,0.0,0.0,0.06666666666666667,0.9299999999999999,0.0,0.0,0.0,0.0,0.0,1.0,0.0,0.06666666666666667,0.0,0.0,2.0,0.010457594975332971,17.174999999999997,32.3,2.0,0.0,0.0,0.0,0.06666666666666667,0.5683333333333331,2.0,0.00028471761460226907,17.65,30.15,2.0,0.0,0.0,0.0,0.06666666666666667,0.6716666666666666,0.0,0.0,0.0,0.0,0.0,1.0,0.0,0.06666666666666667,0.0,0.0,0.0,0.0,0.0,0.0,0.0,1.0,0.0,0.06666666666666667,0.0,0.0,3.0,2.273765781493296e-06,36.03333333333334,72.9,3.0,0.0,0.0,0.0,0.06666666666666667,0.8344444444444449,1.0,12.693498436650101,0.0,0.0,0.0,1.0,0.06666666666666667,0.13333333333333333,0.0,0.0,0.0,0.0,0.0,0.0,0.0,1.0,0.0,0.13333333333333333,0.0,0.0,20.0,0.04590136179065034,50.345,80.05,19.0,0.0,0.06666666666666667,0.0,0.13333333333333333,0.7787894736842105,0.0,0.0,2.0,33.25,1.0,28.95,0.0,0.0,2.0,32.175,2.0,32.65,0.0,0.0,0.0,0.0,0.0,0.0,4.0,2.6625,3.0,0.0,16.0,0.0
west_heavy_seed1,west_heavy,1,272.25,287.25,43.0,4.12426240565726,29.397674418604648,29.0,0.75,0.0,0.0,0.0,0.0,0.0,1.0,0.0,0.06666666666666667,0.0,0.0,2.0,9.967884931130457e-05,19.25,32.35,2.0,0.0,0.0,0.0,0.06666666666666667,0.705,1.0,0.0,14.95,14.95,1.0,0.0,0.0,0.0,0.06666666666666667,0.9966666666666666,0.0,0.0,0.0,0.0,0.0,1.0,0.0,0.06666666666666667,0.0,0.0,2.0,0.004779184177572373,18.174999999999997,33.3,2.0,0.0,0.0,0.0,0.06666666666666667,0.6016666666666665,2.0,0.00010195436903754989,18.65,31.15,2.0,0.0,0.0,0.0,0.06666666666666667,0.705,0.0,0.0,0.0,0.0,0.0,1.0,0.0,0.06666666666666667,0.0,0.0,0.0,0.0,0.0,0.0,0.0,1.0,0.0,0.06666666666666667,0.0,0.0,3.0,0.0,37.03333333333334,73.9,3.0,0.0,0.0,0.0,0.06666666666666667,0.856666666666667,1.0,12.690681081031055,0.0,0.0,0.0,1.0,0.06666666666666667,0.13333333333333333,0.0,0.0,0.0,0.0,0.0,0.0,0.0,1.0,0.0,0.13333333333333333,0.0,0.0,20.0,0.018233798507179662,51.295,81.05,19.0,0.0,0.06666666666666667,0.0,0.13333333333333333,0.7824736842105262,0.0,0.0,2.0,34.25,1.0,29.95,0.0,0.0,2.0,33.175,2.0,33.65,0.0,0.0,0.0,0.0,0.0,0.0,4.0,2.9125,3.0,0.0,16.0,0.0
west_heavy_seed1,west_heavy,1,307.25,322.25,43.0,4.794150939021302,6.675581395348837,17.0,10.75,1.0,13.865790099168663,0.0,0.0,0.0,2.0,0.06666666666666667,0.0,0.0,0.0,1.0,11.98906528161373,0.0,0.0,0.0,2.0,0.06666666666666667,0.0,0.0,0.0,2.0,0.9197911240454775,24.975,49.95,1.0,0.0,0.06666666666666667,0.0,0.0,-0.6650000000000001,1.0,15.23105016999692,0.0,0.0,0.0,2.0,0.06666666666666667,0.0,0.0,0.0,1.0,12.8460156339564,0.0,0.0,0.0,2.0,0.06666666666666667,0.0,0.0,0.0,3.0,0.5276479058919868,35.76666666666667,66.15,2.0,0.0,0.06666666666666667,0.0,0.0,-0.1922222222222217,1.0,12.383575461808679,0.0,0.0,0.0,2.0,0.06666666666666667,0.0,0.0,0.0,1.0,11.974278647541068,0.0,0.0,0.0,0.0,0.06666666666666667,0.0,0.0,0.0,1.0,12.659805582165717,0.0,0.0,0.0,0.0,0.06666666666666667,0.0,0.0,0.0,1.0,15.233956996679309,0.0,0.0,0.0,2.0,0.06666666666666667,0.26666666666666666,0.0,0.0,5.0,0.6867239970859607,6.37,17.35,3.0,0.0,0.06666666666666667,0.0,0.13333333333333333,0.3855,18.0,0.32405090807917475,5.441666666666666,19.4,11.0,0.0,0.06666666666666667,0.0,0.6,0.3433660130718954,0.0,0.0,1.0,0.0,1.0,0.0,0.0,0.0,1.0,0.8,2.0,0.0,1.0,0.35,1.0,0.0,1.0,0.6,3.0,0.0,8.0,11.075,21.0,15.795238095238094
west_heavy_seed1,west_heavy,1,308.25,323.25,42.0,4.8060606759670295,7.253571428571429,18.0,9.75,1.0,13.847447199717863,0.0,0.0,0.0,2.0,0.06666666666666667,0.0,0.0,0.0,1.0,11.981155320382676,0.0,0.0,0.0,2.0,0.06666666666666667,0.0,0.0,0.0,2.0,2.0350878175123617,25.475,50.95,1.0,0.0,0.06666666666666667,0.0,0.0,-0.6983333333333335,1.0,15.624860886661082,0.0,0.0,0.0,2.0,0.06666666666666667,0.0,0.0,0.0,1.0,12.843685510076453,0.0,0.0,0.0,2.0,0.06666666666666667,0.0,0.0,0.0,3.0,1.2177894371245452,36.43333333333334,67.15,2.0,0.0,0.06666666666666667,0.0,0.0,-0.2144444444444441,1.0,12.413404759746363,0.0,0.0,0.0,2.0,0.06666666666666667,0.0,0.0,0.0,1.0,11.983172391992994,0.0,0.0,0.0,0.0,0.06666666666666667,0.0,0.0,0.0,1.0,12.600577996248612,0.0,0.0,0.0,0.0,0.06666666666666667,0.0,0.0,0.0,1.0,16.596799690317365,0.0,0.0,0.0,2.0,0.06666666666666667,0.2,0.0,0.0,5.0,1.019276155075463,6.970000000000001,18.35,3.0,0.0,0.06666666666666667,0.0,0.13333333333333333,0.4088333333333333,18.0,0.3730270771440323,6.086111111111111,20.4,12.0,0.0,0.06666666666666667,0.0,0.6,0.37828976034858386,0.0,0.0,1.0,0.75,1.0,0.0,0.0,0.0,1.0,1.8,2.0,0.0,1.0,1.35,1.0,0.75,1.0,1.6,3.0,0.21666666666666667,8.0,11.575,21.0,16.7
west_heavy_seed1,west_heavy,1,309.25,324.25,45.0,5.009087200728587,7.175555555555556,19.0,8.75,1.0,13.858698868099601,0.0,0.0,0.0,2.0,0.06666666666666667,0.0,0.0,0.0,1.0,11.97637094882084,0.0,0.0,0.0,2.0,0.06666666666666667,0.0,0.0,0.0,2.0,3.0776982355489424,25.975,51.95,1.0,0.0,0.06666666666666667,0.0,0.0,-0.7316666666666668,1.0,15.621676854105413,0.0,0.0,0.0,2.0,0.06666666666666667,0.0,0.0,0.0,1.0,12.841727925553556,0.0,0.0,0.0,2.0,0.06666666666666667,0.0,0.0,0.0,3.0,1.8395424223033479,37.1,68.15,2.0,0.0,0.06666666666666667,0.0,0.0,-0.23666666666666647,1.0,12.416561225338693,0.0,0.0,0.0,2.0,0.06666666666666667,0.0,0.0,0.0,1.0,11.976156964462715,0.0,0.0,0.0,0.0,0.06666666666666667,0.0,0.0,0.0,1.0,12.631869150126585,0.0,0.0,0.0,0.0,0.06666666666666667,0.0,0.0,0.0,2.0,15.464199363451415,0.0,0.0,0.0,2.0,0.13333333333333333,0.2,0.0,0.0,6.0,1.4350603189001638,6.308333333333334,19.35,3.0,0.0,0.13333333333333333,0.0,0.13333333333333333,0.34805555555555556,19.0,0.4517775444821115,6.410526315789474,21.4,13.0,0.0,0.13333333333333333,0.0,0.6666666666666666,0.3881527347781218,0.0,0.0,1.0,1.75,0.0,0.0,0.0,0.0,1.0,2.8,1.0,0.0,1.0,2.35,1.0,1.75,1.0,2.6,3.0,0.5499999999999999,8.0,12.1375,21.0,17.604761904761904
west_heavy_seed1,west_heavy,1,310.25,325.25,43.0,4.941027203936279,7.951162790697675,19.0,7.75,1.0,13.848293112087996,0.0,0.0,0.0,2.0,0.06666666666666667,0.0,0.0,0.0,1.0,11.986166592256632,0.0,0.0,0.0,2.0,0.06666666666666667,0.0,0.0,0.0,2.0,4.136266462627709,26.475,52.95,1.0,0.0,0.06666666666666667,0.0,0.0,-0.7650000000000001,1.0,15.604170220238833,0.0,0.0,0.0,2.0,0.06666666666666667,0.0,0.0,0.0,1.0,12.864022598954021,0.0,0.0,0.0,2.0,0.06666666666666667,0.0,0.0,0.0,3.0,2.4934885625841945,37.76666666666667,69.15,2.0,0.0,0.06666666666666667,0.0,0.0,-0.2588888888888884,1.0,12.400762479477882,0.0,0.0,0.0,2.0,0.06666666666666667,0.0,0.0,0.0,1.0,11.997425370756536,0.0,0.0,0.0,0.0,0.06666666666666667,0.0,0.0,0.0,1.0,12.636800444138935,0.0,0.0,0.0,0.0,0.06666666666666667,0.0,0.0,0.0,2.0,15.474712433489703,0.0,0.0,0.0,2.0,0.13333333333333333,0.13333333333333333,0.0,0.0,6.0,2.1842012890983464,6.808333333333334,20.35,3.0,0.0,0.13333333333333333,0.0,0.13333333333333333,0.3647222222222222,19.0,0.683612844622755,7.094736842105264,22.4,13.0,0.0,0.13333333333333333,0.0,0.6,0.41925696594427253,0.0,0.0,1.0,2.75,0.0,0.0,0.0,0.0,1.0,3.8,1.0,0.0,1.0,3.35,1.0,2.75,1.0,3.6,3.0,0.8833333333333333,8.0,12.7625,21.0,18.50952380952381
west_heavy_seed1,west_heavy,1,311.25,326.25,41.0,4.867457806371819,8.84390243902439,21.0,6.75,1.0,13.846907351568808,0.0,0.0,0.0,2.0,0.06666666666666667,0.0,0.0,0.0,1.0,11.973155602442567,0.0,0.0,0.0,2.0,0.06666666666666667,0.0,0.0,0.0,2.0,5.192038925630882,26.975,53.95,1.0,0.0,0.06666666666666667,0.0,0.0,-0.7983333333333335,1.0,15.684087175691246,0.0,0.0,0.0,2.0,0.06666666666666667,0.0,0.0,0.0,1.0,12.857185584260721,0.0,0.0,0.0,2.0,0.06666666666666667,0.0,0.0,0.0,3.0,3.1163048010344743,38.43333333333334,70.15,2.0,0.0,0.06666666666666667,0.0,0.0,-0.28111111111111076,1.0,12.366065736689226,0.0,0.0,0.0,2.0,0.06666666666666667,0.0,0.0,0.0,1.0,11.987068589043337,0.0,0.0,0.0,0.0,0.06666666666666667,0.0,0.0,0.0,1.0,12.602425750547553,0.0,0.0,0.0,0.0,0.06666666666666667,0.0,0.0,0.0,2.0,15.40698126453146,0.0,0.0,0.0,2.0,0.13333333333333333,0.13333333333333333,0.0,0.0,6.0,2.947635518838405,7.433333333333334,21.35,4.0,0.0,0.13333333333333333,0.0,0.13333333333333333,0.38888888888888895,19.0,0.8932809237412027,7.828947368421052,23.4,14.0,0.0,0.13333333333333333,0.0,0.6666666666666666,0.4525180598555211,0.0,0.0,1.0,3.75,0.0,0.0,0.0,0.0,1.0,4.8,0.0,0.0,1.0,4.35,1.0,3.75,1.0,4.6,3.0,1.2166666666666666,8.0,13.39375,21.0,19.414285714285715
west_heavy_seed1,west_heavy,1,312.25,327.25,41.0,5.1727165313083185,9.371951219512194,22.0,5.75,1.0,13.880908873217415,0.0,0.0,0.0,2.0,0.06666666666666667,0.0,0.0,0.0,1.0,11.979575757107233,0.0,0.0,0.0,2.0,0.06666666666666667,0.0,0.0,0.0,2.0,6.169377594565885,27.475,54.95,1.0,0.0,0.06666666666666667,0.0,0.0,-0.8316666666666668,1.0,15.643642761090517,0.0,0.0,0.0,2.0,0.06666666666666667,0.0,0.0,0.0,1.0,12.863435537033352,0.0,0.0,0.0,2.0,0.06666666666666667,0.0,0.0,0.0,3.0,3.7610077688860577,39.1,71.15,2.0,0.0,0.06666666666666667,0.0,0.0,-0.3033333333333331,1.0,12.393359445241831,0.0,0.0,0.0,2.0,0.06666666666666667,0.0,0.0,0.0,1.0,11.996438837265595,0.0,0.0,0.0,0.0,0.06666666666666667,0.0,0.0,0.0,1.0,12.622093197788343,0.0,0.0,0.0,0.0,0.06666666666666667,0.0,0.0,0.0,2.0,15.504804166162643,0.0,0.0,0.0,2.0,0.13333333333333333,0.13333333333333333,0.0,0.0,6.0,3.704693424123899,8.1,22.35,4.0,0.0,0.13333333333333333,0.0,0.13333333333333333,0.4,19.0,1.110113804873394,8.6,24.4,15.0,0.0,0.13333333333333333,0.0,0.7333333333333333,0.48823529411764705,0.0,0.0,1.0,4.75,0.0,0.0,0.0,0.0,1.0,5.8,0.0,0.0,1.0,5.35,1.0,4.75,1.0,5.6,3.0,1.55,8.0,14.14375,21.0,20.31904761904762
west_heavy_seed1,west_heavy,1,313.25,328.25,41.0,5.355332110570422,9.908536585365853,22.0,4.75,1.0,13.839434158083751,0.0,0.0,0.0,2.0,0.06666666666666667,0.0,0.0,0.0,1.0,11.983860147229862,0.0,0.0,0.0,2.0,0.06666666666666667,0.0,0.0,0.0,2.0,7.109114322820592,27.975,55.95,1.0,0.0,0.06666666666666667,0.0,0.0,-0.8650000000000001,1.0,15.626715765094131,0.0,0.0,0.0,2.0,0.06666666666666667,0.0,0.0,0.0,1.0,12.818806281411659,0.0,0.0,0.0,2.0,0.06666666666666667,0.0,0.0,0.0,3.0,4.429504562303014,39.76666666666667,72.15,2.0,0.0,0.06666666666666667,0.0,0.0,-0.32555555555555504,1.0,12.403114622650056,0.0,0.0,0.0,2.0,0.06666666666666667,0.0,0.0,0.0,1.0,11.99791283441009,0.0,0.0,0.0,0.0,0.06666666666666667,0.0,0.0,0.0,1.0,12.632457805399318,0.0,0.0,0.0,0.0,0.06666666666666667,0.0,0.0,0.0,2.0,15.493038860461697,0.0,0.0,0.0,2.0,0.13333333333333333,0.13333333333333333,0.0,0.0,6.0,4.3755236734554765,8.766666666666667,23.35,4.0,0.0,0.13333333333333333,0.0,0.13333333333333333,0.4111111111111112,19.0,1.102818553909989,9.389473684210527,25.4,15.0,0.0,0.13333333333333333,0.0,0.6666666666666666,0.5212590299277606,0.0,0.0,1.0,5.75,0.0,0.0,0.0,0.0,1.0,6.8,0.0,0.0,1.0,6.35,1.0,5.75,1.0,6.6,3.0,1.8833333333333335,8.0,14.893749999999999,21.0,21.223809523809525
west_heavy_seed1,west_heavy,1,314.25,329.25,41.0,5.370000959560207,10.459756097560977,23.0,3.75,1.0,13.854612044203096,0.0,0.0,0.0,2.0,0.06666666666666667,0.0,0.0,0.0,1.0,11.996173136550933,0.0,0.0,0.0,2.0,0.06666666666666667,0.0,0.0,0.0,2.0,7.940474093053564,28.475,56.95,1.0,0.0,0.06666666666666667,0.0,0.0,-0.8983333333333334,1.0,15.58697813733828,0.0,0.0,0.0,2.0,0.06666666666666667,0.0,0.0,0.0,1.0,12.84892797180974,0.0,0.0,0.0,2.0,0.06666666666666667,0.0,0.0,0.0,3.0,4.622294377957005,40.43333333333334,73.15,2.0,0.0,0.06666666666666667,0.0,0.0,-0.3477777777777774,1.0,12.411277674787298,0.0,0.0,0.0,2.0,0.06666666666666667,0.0,0.0,0.0,1.0,11.989809968245682,0.0,0.0,0.0,0.0,0.06666666666666667,0.0,0.0,0.0,1.0,12.656231061160797,0.0,0.0,0.0,0.0,0.06666666666666667,0.0,0.0,0.0,2.0,15.470464034900498,0.0,0.0,0.0,2.0,0.13333333333333333,0.13333333333333333,0.0,0.0,6.0,4.748080283469629,9.433333333333334,24.35,4.0,0.0,0.13333333333333333,0.0,0.13333333333333333,0.4222222222222223,19.0,0.9053347633519271,10.210526315789474,26.4,16.0,0.0,0.13333333333333333,0.0,0.6666666666666666,0.5556037151702786,0.0,0.0,1.0,6.75,0.0,0.0,0.0,0.0,1.0,7.8,0.0,0.0,1.0,7.35,1.0,6.75,1.0,7.6,3.0,2.216666666666667,8.0,15.643749999999999,21.0,22.128571428571426
west_heavy_seed1,west_heavy,1,315.25,330.25,41.0,5.272417935687037,11.020731707317074,23.0,2.75,1.0,13.858661158762407,0.0,0.0,0.0,2.0,0.06666666666666667,0.0,0.0,0.0,1.0,11.988579355466646,0.0,0.0,0.0,2.0,0.06666666666666667,0.0,0.0,0.0,2.0,7.918992492085398,28.975,57.95,1.0,0.0,0.06666666666666667,0.0,0.0,-0.9316666666666668,1.0,15.640106362404048,0.0,0.0,0.0,2.0,0.06666666666666667,0.0,0.0,0.0,1.0,12.833141179608052,0.0,0.0,0.0,2.0,0.06666666666666667,0.0,0.0,0.0,3.0,4.615785871482221,41.1,74.15,2.0,0.0,0.06666666666666667,0.0,0.0,-0.36999999999999983,1.0,12.366714768916454,0.0,0.0,0.0,2.0,0.06666666666666667,0.0,0.0,0.0,1.0,11.970654456184711,0.0,0.0,0.0,0.0,0.06666666666666667,0.0,0.0,0.0,1.0,12.647664200720609,0.0,0.0,0.0,0.0,0.06666666666666667,0.0,0.0,0.0,2.0,15.423534019274076,0.0,0.0,0.0,2.0,0.13333333333333333,0.06666666666666667,0.0,0.0,6.0,4.9479461934676925,10.1,25.35,4.0,0.0,0.13333333333333333,0.0,0.13333333333333333,0.43333333333333335,19.0,0.6463520616995947,11.052631578947368,27.4,16.0,0.0,0.13333333333333333,0.0,0.6666666666666666,0.5882146542827658,0.0,0.0,1.0,7.75,0.0,0.0,0.0,0.0,1.0,8.8,0.0,0.0,1.0,8.35,1.0,7.75,1.0,8.6,3.0,2.5500000000000003,8.0,16.39375,21.0,23.03333333333333
west_heavy_seed1,west_heavy,1,316.25,331.25,44.0,5.208973970876244,10.810227272727273,24.0,1.75,1.0,13.849296996530612,0.0,0.0,0.0,2.0,0.06666666666666667,0.0,0.0,0.0,1.0,11.973844239937607,0.0,0.0,0.0,2.0,0.06666666666666667,0.0,0.0,0.0,2.0,7.934371314270496,29.475,58.95,1.0,0.0,0.06666666666666667,0.0,0.0,-0.9650000000000001,1.0,15.691683008754373,0.0,0.0,0.0,2.0,0.06666666666666667,0.0,0.0,0.0,1.0,12.841313439780484,0.0,0.0,0.0,2.0,0.06666666666666667,0.0,0.0,0.0,3.0,4.616950473111744,41.76666666666667,75.15,2.0,0.0,0.06666666666666667,0.0,0.0,-0.3922222222222217,1.0,12.38989928344413,0.0,0.0,0.0,2.0,0.06666666666666667,0.0,0.0,0.0,1.0,11.995333654386922,0.0,0.0,0.0,0.0,0.06666666666666667,0.0,0.0,0.0,1.0,12.640618715002201,0.0,0.0,0.0,0.0,0.06666666666666667,0.0,0.0,0.0,3.0,14.035330458137532,0.0,0.0,0.0,2.0,0.2,0.06666666666666667,0.0,0.0,7.0,4.98459692251945,9.228571428571428,26.35,4.0,0.0,0.2,0.0,0.13333333333333333,0.3419047619047619,20.0,0.4357699413987371,11.34,28.4,17.0,0.0,0.2,0.0,0.6666666666666666,0.5830588235294117,0.0,0.0,1.0,8.75,0.0,0.0,0.0,0.0,1.0,9.8,0.0,0.0,1.0,9.35,1.0,8.75,1.0,9.6,3.0,2.8833333333333333,8.0,17.14375,21.0,23.942857142857143
west_heavy_seed1,west_heavy,1,317.25,332.25,44.0,5.079364479883011,11.35568181818182,24.0,0.75,1.0,13.85342666714918,0.0,0.0,0.0,2.0,0.06666666666666667,0.0,0.0,0.0,1.0,11.991963834639172,0.0,0.0,0.0,2.0,0.06666666666666667,0.0,0.0,0.0,2.0,7.930087442362756,29.975,59.95,1.0,0.0,0.06666666666666667,0.0,0.0,-0.9983333333333334,1.0,15.062537953950438,0.0,0.0,0.0,2.0,0.06666666666666667,0.0,0.0,0.0,1.0,12.810986654932481,0.0,0.0,0.0,2.0,0.06666666666666667,0.0,0.0,0.0,3.0,4.621351863803575,42.43333333333334,76.15,2.0,0.0,0.06666666666666667,0.0,0.0,-0.4144444444444441,1.0,12.365864264999137,0.0,0.0,0.0,2.0,0.06666666666666667,0.0,0.0,0.0,1.0,11.983596951097716,0.0,0.0,0.0,0.0,0.06666666666666667,0.0,0.0,0.0,1.0,12.626685341465054,0.0,0.0,0.0,0.0,0.06666666666666667,0.0,0.0,0.0,2.0,12.691968107572487,0.0,0.0,0.0,2.0,0.13333333333333333,0.06666666666666667,0.0,0.0,7.0,5.137988612451987,9.799999999999999,27.35,4.0,0.0,0.2,0.0,0.13333333333333333,0.3466666666666666,20.0,0.3355751112653841,12.190000000000001,29.4,17.0,0.0,0.2,0.0,0.6666666666666666,0.6122745098039216,0.0,0.0,1.0,9.75,0.0,0.0,0.0,0.0,1.0,10.8,0.0,0.0,1.0,10.35,1.0,9.75,1.0,10.6,3.0,3.216666666666667,8.0,17.89375,21.0,24.895238095238092
west_heavy_seed1,west_heavy,1,322.25,337.25,45.0,2.549880150163708,9.37888888888889,26.0,10.75,0.0,0.0,0.0,0.0,0.0,0.0,0.0,0.06666666666666667,0.0,0.0,1.0,1.1667439131374535,0.0,0.0,0.0,0.0,0.0,0.0,0.0,0.0,1.0,4.1585466984294115,0.0,0.0,0.0,2.0,0.0,0.06666666666666667,-0.06666666666666667,-1.665,0.0,0.0,0.0,0.0,0.0,0.0,0.0,0.06666666666666667,0.0,0.0,1.0,0.0,0.8,0.8,1.0,0.0,0.0,0.0,0.06666666666666667,0.05333333333333334,2.0,3.603105648662104,0.0,0.0,0.0,2.0,0.0,0.06666666666666667,-0.13333333333333333,-2.384444444444445,1.0,0.0,0.35,0.35,1.0,0.0,0.0,0.0,0.06666666666666667,0.02333333333333333,1.0,1.167915866409272,0.0,0.0,0.0,0.0,0.0,0.0,0.0,0.0,1.0,0.0,0.6,0.6,1.0,0.0,0.0,0.0,0.06666666666666667,0.04,3.0,7.25686325388407,0.0,0.0,0.0,0.0,0.2,0.06666666666666667,0.0,0.0,8.0,2.3759482783983175,11.075,32.35,4.0,0.0,0.2,0.0,0.06666666666666667,0.3136666666666666,21.0,0.39826012635623265,15.795238095238094,34.4,19.0,0.0,0.2,0.0,0.5333333333333333,0.6902380952380952,1.0,0.0,2.0,7.375,1.0,0.0,1.0,0.0,2.0,7.9,1.0,0.0,1.0,0.0,1.0,0.0,2.0,7.8,3.0,0.0,8.0,3.29375,22.0,28.49090909090909
west_heavy_seed1,west_heavy,1,323.25,338.25,45.0,2.7184108699413203,10.004444444444443,29.0,9.75,0.0,0.0,0.0,0.0,0.0,0.0,0.0,0.06666666666666667,0.0,0.0,1.0,0.0,0.75,0.75,1.0,0.0,0.0,0.0,0.06666666666666667,0.05,1.0,4.9098788092067025,0.0,0.0,0.0,2.0,0.0,0.06666666666666667,-0.06666666666666667,-1.6983333333333335,0.0,0.0,0.0,0.0,0.0,0.0,0.0,0.06666666666666667,0.0,0.0,1.0,0.0,1.8,1.8,1.0,0.0,0.0,0.0,0.06666666666666667,0.12000000000000001,2.0,4.5151868949743665,0.0,0.0,0.0,2.0,0.0,0.06666666666666667,-0.13333333333333333,-2.4288888888888893,1.0,0.0,1.35,1.35,1.0,0.0,0.0,0.0,0.06666666666666667,0.09000000000000001,1.0,0.0,0.75,0.75,1.0,0.0,0.0,0.0,0.06666666666666667,0.05,1.0,0.0,1.6,1.6,1.0,0.0,0.0,0.0,0.06666666666666667,0.10666666666666667,3.0,7.065455282997301,0.21666666666666667,0.65,1.0,0.0,0.2,0.06666666666666667,0.06666666666666667,0.014444444444444446,8.0,2.2585646333624325,11.575,33.35,4.0,0.0,0.2,0.0,0.06666666666666667,0.3069999999999999,21.0,0.5523964010266064,16.7,35.4,19.0,0.0,0.2,0.0,0.4666666666666667,0.7075925925925924,1.0,0.0,2.0,7.875,1.0,0.0,1.0,0.0,2.0,8.4,1.0,0.0,1.0,0.0,1.0,0.0,2.0,8.3,3.0,0.0,8.0,0.35,22.0,29.44545454545454
west_heavy_seed1,west_heavy,1,324.25,339.25,45.0,3.0107767667878784,10.66,30.0,8.75,0.0,0.0,0.0,0.0,0.0,0.0,0.0,0.06666666666666667,0.0,0.0,1.0,0.0,1.75,1.75,1.0,0.0,0.0,0.0,0.06666666666666667,0.11666666666666667,0.0,0.0,0.0,0.0,0.0,2.0,0.0,0.13333333333333333,-0.06666666666666667,-1.7316666666666667,0.0,0.0,0.0,0.0,0.0,0.0,0.0,0.06666666666666667,0.0,0.0,1.0,0.0,2.8,2.8,1.0,0.0,0.0,0.0,0.06666666666666667,0.18666666666666665,1.0,5.755198878410508,0.0,0.0,0.0,2.0,0.0,0.13333333333333333,-0.13333333333333333,-2.4733333333333336,1.0,0.0,2.35,2.35,1.0,0.0,0.0,0.0,0.06666666666666667,0.15666666666666668,1.0,0.0,1.75,1.75,1.0,0.0,0.0,0.0,0.06666666666666667,0.11666666666666667,1.0,0.0,2.6,2.6,1.0,0.0,0.0,0.0,0.06666666666666667,0.17333333333333334,3.0,7.631548018988801,0.5499999999999999,1.65,1.0,0.0,0.13333333333333333,0.06666666666666667,0.06666666666666667,0.03666666666666666,8.0,2.2940678920335307,12.1375,34.35,5.0,0.0,0.13333333333333333,0.0,0.13333333333333333,0.3886111111111111,21.0,0.6748048907294748,17.604761904761904,36.4,19.0,0.0,0.13333333333333333,0.0,0.4,0.7462823725981621,1.0,0.0,2.0,8.375,1.0,0.0,1.0,0.0,2.0,8.9,1.0,0.0,1.0,0.0,1.0,0.0,2.0,8.8,3.0,0.0,8.0,0.0,23.0,29.078260869565216
west_heavy_seed1,west_heavy,1,325.25,340.25,45.0,3.2461023356731245,11.326666666666666,30.0,7.75,0.0,0.0,0.0,0.0,0.0,0.0,0.0,0.06666666666666667,0.0,0.0,1.0,0.0,2.75,2.75,1.0,0.0,0.0,0.0,0.06666666666666667,0.18333333333333332,0.0,0.0,0.0,0.0,0.0,2.0,0.0,0.13333333333333333,-0.06666666666666667,-1.7650000000000001,0.0,0.0,0.0,0.0,0.0,0.0,0.0,0.06666666666666667,0.0,0.0,1.0,0.0,3.8,3.8,1.0,0.0,0.0,0.0,0.06666666666666667,0.2533333333333333,1.0,7.179928315805967,0.0,0.0,0.0,2.0,0.0,0.13333333333333333,-0.13333333333333333,-2.5177777777777783,1.0,0.0,3.35,3.35,1.0,0.0,0.0,0.0,0.06666666666666667,0.22333333333333333,1.0,0.0,2.75,2.75,1.0,0.0,0.0,0.0,0.06666666666666667,0.18333333333333332,1.0,0.0,3.6,3.6,1.0,0.0,0.0,0.0,0.06666666666666667,0.24000000000000002,3.0,7.689777526660667,0.8833333333333333,2.65,1.0,0.0,0.13333333333333333,0.06666666666666667,0.06666666666666667,0.058888888888888886,8.0,2.423204441794954,12.7625,35.35,5.0,0.0,0.13333333333333333,0.0,0.13333333333333333,0.3969444444444444,21.0,0.6521485156276917,18.50952380952381,37.4,19.0,0.0,0.13333333333333333,0.0,0.4,0.7609857978279031,1.0,0.0,2.0,8.875,1.0,0.0,1.0,0.0,2.0,9.4,1.0,0.0,1.0,0.0,1.0,0.0,2.0,9.3,3.0,0.0,8.0,0.0,23.0,29.991304347826084
west_heavy_seed1,west_heavy,1,326.25,341.25,45.0,3.4968115191941713,11.994444444444444,31.0,6.75,0.0,0.0,0.0,0.0,0.0,0.0,0.0,0.06666666666666667,0.0,0.0,1.0,0.0,3.75,3.75,1.0,0.0,0.0,0.0,0.06666666666666667,0.25,0.0,0.0,0.0,0.0,0.0,2.0,0.0,0.13333333333333333,-0.06666666666666667,-1.7983333333333333,0.0,0.0,0.0,0.0,0.0,0.0,0.0,0.06666666666666667,0.0,0.0,1.0,0.0,4.8,4.8,1.0,0.0,0.0,0.0,0.06666666666666667,0.32,0.0,0.0,0.0,0.0,0.0,2.0,0.0,0.2,-0.13333333333333333,-2.5622222222222226,1.0,0.0,4.35,4.35,1.0,0.0,0.0,0.0,0.06666666666666667,0.29,1.0,0.0,3.75,3.75,1.0,0.0,0.0,0.0,0.06666666666666667,0.25,1.0,0.0,4.6,4.6,1.0,0.0,0.0,0.0,0.06666666666666667,0.30666666666666664,3.0,7.6958988336043745,1.2166666666666666,3.65,1.0,0.0,0.13333333333333333,0.06666666666666667,0.06666666666666667,0.0811111111111111,8.0,2.6059115978984733,13.39375,36.35,6.0,0.0,0.13333333333333333,0.0,0.13333333333333333,0.39736111111111116,21.0,0.6430266970150158,19.414285714285715,38.4,19.0,0.0,0.13333333333333333,0.0,0.3333333333333333,0.7723558897243109,1.0,0.0,2.0,9.375,1.0,0.0,1.0,0.0,2.0,9.9,1.0,0.0,1.0,0.0,1.0,0.0,2.0,9.8,2.0,0.0,8.0,0.0,23.0,30.904347826086955
west_heavy_seed1,west_heavy,1,327.25,342.25,45.0,3.693315421593454,12.683333333333334,31.0,5.75,0.0,0.0,0.0,0.0,0.0,0.0,0.0,0.06666666666666667,0.0,0.0,1.0,0.0,4.75,4.75,1.0,0.0,0.0,0.0,0.06666666666666667,0.31666666666666665,0.0,0.0,0.0,0.0,0.0,2.0,0.0,0.13333333333333333,-0.06666666666666667,-1.8316666666666668,0.0,0.0,0.0,0.0,0.0,0.0,0.0,0.06666666666666667,0.0,0.0,1.0,0.0,5.8,5.8,1.0,0.0,0.0,0.0,0.06666666666666667,0.38666666666666666,0.0,0.0,0.0,0.0,0.0,2.0,0.0,0.2,-0.13333333333333333,-2.606666666666667,1.0,0.0,5.35,5.35,1.0,0.0,0.0,0.0,0.06666666666666667,0.35666666666666663,1.0,0.0,4.75,4.75,1.0,0.0,0.0,0.0,0.06666666666666667,0.31666666666666665,1.0,0.0,5.6,5.6,1.0,0.0,0.0,0.0,0.06666666666666667,0.3733333333333333,3.0,7.676525952259389,1.55,4.65,1.0,0.0,0.13333333333333333,0.06666666666666667,0.06666666666666667,0.10333333333333333,8.0,2.8042226080718704,14.14375,37.35,6.0,0.0,0.13333333333333333,0.0,0.13333333333333333,0.40291666666666676,21.0,0.5685026981013922,20.31904761904762,39.4,19.0,0.0,0.13333333333333333,0.0,0.26666666666666666,0.7812698412698413,1.0,0.0,2.0,9.875,1.0,0.0,1.0,0.0,2.0,10.4,1.0,0.0,1.0,0.0,1.0,0.0,2.0,10.3,2.0,0.0,7.0,0.0,23.0,31.817391304347826
west_heavy_seed1,west_heavy,1,328.25,343.25,45.0,3.756491645996009,13.372222222222222,31.0,4.75,0.0,0.0,0.0,0.0,0.0,0.0,0.0,0.06666666666666667,0.0,0.0,1.0,0.0,5.75,5.75,1.0,0.0,0.0,0.0,0.06666666666666667,0.38333333333333336,0.0,0.0,0.0,0.0,0.0,2.0,0.0,0.13333333333333333,-0.06666666666666667,-1.865,0.0,0.0,0.0,0.0,0.0,0.0,0.0,0.06666666666666667,0.0,0.0,1.0,0.0,6.8,6.8,1.0,0.0,0.0,0.0,0.06666666666666667,0.4533333333333333,0.0,0.0,0.0,0.0,0.0,2.0,0.0,0.2,-0.13333333333333333,-2.6511111111111116,1.0,0.0,6.35,6.35,1.0,0.0,0.0,0.0,0.06666666666666667,0.4233333333333333,1.0,0.0,5.75,5.75,1.0,0.0,0.0,0.0,0.06666666666666667,0.38333333333333336,1.0,0.0,6.6,6.6,1.0,0.0,0.0,0.0,0.06666666666666667,0.44,3.0,7.686089999571287,1.8833333333333335,5.65,1.0,0.0,0.13333333333333333,0.06666666666666667,0.06666666666666667,0.12555555555555556,8.0,2.6768478572027457,14.893749999999999,38.35,6.0,0.0,0.13333333333333333,0.0,0.13333333333333333,0.40847222222222207,21.0,0.3732637458722385,21.223809523809525,40.4,19.0,0.0,0.13333333333333333,0.0,0.26666666666666666,0.7889557226399332,1.0,0.0,2.0,10.375,1.0,0.0,1.0,0.0,2.0,10.9,1.0,0.0,1.0,0.0,1.0,0.0,2.0,10.8,2.0,0.0,7.0,0.0,23.0,32.7304347826087
west_heavy_seed1,west_heavy,1,329.25,344.25,45.0,3.684412801512933,14.061111111111112,31.0,3.75,0.0,0.0,0.0,0.0,0.0,0.0,0.0,0.06666666666666667,0.0,0.0,1.0,0.0,6.75,6.75,1.0,0.0,0.0,0.0,0.06666666666666667,0.45,0.0,0.0,0.0,0.0,0.0,2.0,0.0,0.13333333333333333,-0.06666666666666667,-1.8983333333333334,0.0,0.0,0.0,0.0,0.0,0.0,0.0,0.06666666666666667,0.0,0.0,1.0,0.0,7.8,7.8,1.0,0.0,0.0,0.0,0.06666666666666667,0.52,0.0,0.0,0.0,0.0,0.0,2.0,0.0,0.2,-0.13333333333333333,-2.695555555555556,1.0,0.0,7.35,7.35,1.0,0.0,0.0,0.0,0.06666666666666667,0.49,1.0,0.0,6.75,6.75,1.0,0.0,0.0,0.0,0.06666666666666667,0.45,1.0,0.0,7.6,7.6,1.0,0.0,0.0,0.0,0.06666666666666667,0.5066666666666666,3.0,7.61922907061765,2.216666666666667,6.65,1.0,0.0,0.13333333333333333,0.06666666666666667,0.06666666666666667,0.14777777777777779,8.0,2.345837637201441,15.643749999999999,39.35,6.0,0.0,0.13333333333333333,0.0,0.13333333333333333,0.4140277777777777,21.0,0.21665664685548108,22.128571428571426,41.4,19.0,0.0,0.13333333333333333,0.0,0.2,0.7945363408521301,1.0,0.0,2.0,10.875,1.0,0.0,1.0,0.0,2.0,11.4,1.0,0.0,1.0,0.0,1.0,0.0,2.0,11.3,2.0,0.0,7.0,0.0,23.0,33.643478260869564
west_heavy_seed1,west_heavy,1,330.25,345.25,44.0,3.2299444458183264,15.085227272727273,31.0,2.75,0.0,0.0,0.0,0.0,0.0,0.0,0.0,0.06666666666666667,0.0,0.0,1.0,0.0,7.75,7.75,1.0,0.0,0.0,0.0,0.06666666666666667,0.5166666666666667,0.0,0.0,0.0,0.0,0.0,2.0,0.0,0.13333333333333333,-0.06666666666666667,-1.9316666666666669,0.0,0.0,0.0,0.0,0.0,0.0,0.0,0.06666666666666667,0.0,0.0,1.0,0.0,8.8,8.8,1.0,0.0,0.0,0.0,0.06666666666666667,0.5866666666666667,0.0,0.0,0.0,0.0,0.0,2.0,0.0,0.2,-0.13333333333333333,-2.74,1.0,0.0,8.35,8.35,1.0,0.0,0.0,0.0,0.06666666666666667,0.5566666666666666,1.0,0.0,7.75,7.75,1.0,0.0,0.0,0.0,0.06666666666666667,0.5166666666666667,1.0,0.0,8.6,8.6,1.0,0.0,0.0,0.0,0.06666666666666667,0.5733333333333334,3.0,6.712588078263913,2.5500000000000003,7.65,1.0,0.0,0.13333333333333333,0.06666666666666667,0.06666666666666667,0.17,8.0,2.062369252389663,16.39375,40.35,6.0,0.0,0.13333333333333333,0.0,0.13333333333333333,0.4195833333333334,21.0,0.10631350436720503,23.03333333333333,42.4,19.0,0.0,0.13333333333333333,0.0,0.2,0.7987134502923976,1.0,0.0,2.0,11.375,1.0,0.0,1.0,0.0,2.0,11.9,1.0,0.0,1.0,0.0,1.0,0.0,2.0,11.8,2.0,0.0,6.0,0.0,23.0,34.55652173913043
west_heavy_seed1,west_heavy,1,331.25,346.25,44.0,3.1096821911667463,15.792045454545455,32.0,1.75,0.0,0.0,0.0,0.0,0.0,0.0,0.0,0.06666666666666667,0.0,0.0,1.0,0.0,8.75,8.75,1.0,0.0,0.0,0.0,0.06666666666666667,0.5833333333333334,0.0,0.0,0.0,0.0,0.0,2.0,0.0,0.13333333333333333,-0.06666666666666667,-1.965,0.0,0.0,0.0,0.0,0.0,0.0,0.0,0.06666666666666667,0.0,0.0,1.0,0.0,9.8,9.8,1.0,0.0,0.0,0.0,0.06666666666666667,0.6533333333333334,0.0,0.0,0.0,0.0,0.0,2.0,0.0,0.2,-0.13333333333333333,-2.784444444444445,1.0,0.0,9.35,9.35,1.0,0.0,0.0,0.0,0.06666666666666667,0.6233333333333333,1.0,0.0,8.75,8.75,1.0,0.0,0.0,0.0,0.06666666666666667,0.5833333333333334,1.0,0.0,9.6,9.6,1.0,0.0,0.0,0.0,0.06666666666666667,0.64,3.0,5.887942089686709,2.8833333333333333,8.65,1.0,0.0,0.06666666666666667,0.06666666666666667,0.06666666666666667,0.1922222222222222,8.0,1.8319278702443667,17.14375,41.35,6.0,0.0,0.06666666666666667,0.0,0.13333333333333333,0.5276785714285716,21.0,0.045660526573913056,23.942857142857143,43.4,20.0,0.0,0.06666666666666667,0.0,0.2,0.8401904761904763,1.0,0.0,2.0,11.875,1.0,0.0,1.0,0.0,2.0,12.4,1.0,0.0,1.0,0.0,1.0,0.0,2.0,12.3,2.0,0.0,6.0,0.0,23.0,35.4695652173913
west_heavy_seed1,west_heavy,1,332.25,347.25,43.0,2.722408080925311,16.903488372093022,32.0,0.75,0.0,0.0,0.0,0.0,0.0,0.0,0.0,0.06666666666666667,0.0,0.0,1.0,0.0,9.75,9.75,1.0,0.0,0.0,0.0,0.06666666666666667,0.65,0.0,0.0,0.0,0.0,0.0,2.0,0.0,0.13333333333333333,-0.06666666666666667,-1.9983333333333335,0.0,0.0,0.0,0.0,0.0,0.0,0.0,0.06666666666666667,0.0,0.0,1.0,0.0,10.8,10.8,1.0,0.0,0.0,0.0,0.06666666666666667,0.7200000000000001,0.0,0.0,0.0,0.0,0.0,2.0,0.0,0.2,-0.13333333333333333,-2.8288888888888892,1.0,0.0,10.35,10.35,1.0,0.0,0.0,0.0,0.06666666666666667,0.69,1.0,0.0,9.75,9.75,1.0,0.0,0.0,0.0,0.06666666666666667,0.65,1.0,0.0,10.6,10.6,1.0,0.0,0.0,0.0,0.06666666666666667,0.7066666666666667,3.0,5.199627390905302,3.216666666666667,9.65,1.0,0.0,0.06666666666666667,0.0,0.06666666666666667,0.21444444444444447,8.0,1.6569257648371543,17.89375,42.35,6.0,0.0,0.06666666666666667,0.0,0.13333333333333333,0.5395833333333334,21.0,0.016150567583866692,24.895238095238092,44.4,20.0,0.0,0.06666666666666667,0.0,0.2,0.8470158730158727,1.0,0.0,2.0,12.375,1.0,0.0,1.0,0.0,2.0,12.9,1.0,0.0,1.0,0.0,1.0,0.0,2.0,12.8,2.0,0.0,5.0,0.0,23.0,36.38260869565217
west_heavy_seed1,west_heavy,1,337.25,352.25,54.0,3.3210909722481734,12.95,30.0,28.75,1.0,13.89,0.0,0.0,0.0,2.0,0.06666666666666667,0.0,0.0,0.0,2.0,0.0,7.375,14.75,2.0,0.0,0.06666666666666667,0.0,0.13333333333333333,0.49166666666666664,1.0,11.123111999999999,0.0,0.0,0.0,0.0,0.06666666666666667,0.06666666666666667,0.0,0.0,1.0,13.13994,0.0,0.0,0.0,2.0,0.06666666666666667,0.0,0.0,0.0,2.0,0.0,7.9,15.8,2.0,0.0,0.06666666666666667,0.0,0.06666666666666667,0.4733333333333334,1.0,13.89,0.0,0.0,0.0,0.0,0.06666666666666667,0.13333333333333333,0.0,0.0,1.0,13.89,0.0,0.0,0.0,2.0,0.06666666666666667,0.06666666666666667,-0.06666666666666667,-0.02333333333333333,1.0,13.89,0.0,0.0,0.0,2.0,0.06666666666666667,0.06666666666666667,0.0,0.0,2.0,0.0,7.8,15.6,2.0,0.0,0.06666666666666667,0.0,0.06666666666666667,0.48000000000000004,3.0,2.623482299643686,0.0,0.0,0.0,2.0,0.06666666666666667,0.06666666666666667,0.0,0.0,8.0,0.6572881072200897,3.29375,13.5,3.0,2.0,0.06666666666666667,0.06666666666666667,-0.06666666666666667,-0.5187499999999999,22.0,0.00712129686679186,28.49090909090909,49.4,21.0,0.0,0.06666666666666667,0.0,0.13333333333333333,0.8463780663780663,0.0,0.0,2.0,14.875,1.0,0.0,0.0,0.0,2.0,15.4,1.0,1.75,0.0,0.0,0.0,0.0,2.0,15.3,2.0,0.0,2.0,0.0,23.0,41.24782608695652
west_heavy_seed1,west_heavy,1,338.25,353.25,53.0,3.743984157144985,13.202830188679245,25.0,27.75,1.0,16.30931748498459,0.0,0.0,0.0,2.0,0.06666666666666667,0.0,0.0,0.0,2.0,1.754256962911609,7.875,15.75,1.0,0.0,0.06666666666666667,0.0,0.0,0.475,1.0,11.028735569155577,0.0,0.0,0.0,0.0,0.06666666666666667,0.06666666666666667,0.0,0.0,1.0,13.119168420675498,0.0,0.0,0.0,2.0,0.06666666666666667,0.0,0.0,0.0,2.0,1.744651178069914,8.4,16.8,1.0,0.0,0.06666666666666667,0.0,0.0,0.44000000000000006,1.0,14.928676148829588,0.0,0.0,0.0,0.0,0.06666666666666667,0.13333333333333333,0.0,0.0,1.0,16.552875985858275,0.0,0.0,0.0,2.0,0.06666666666666667,0.06666666666666667,-0.06666666666666667,-0.09000000000000001,1.0,14.86609195994736,0.0,0.0,0.0,2.0,0.06666666666666667,0.06666666666666667,-0.06666666666666667,-0.05,2.0,1.5107834935671507,8.3,16.6,1.0,0.0,0.06666666666666667,0.0,0.0,0.4466666666666667,3.0,3.5540199846433445,0.0,0.0,0.0,2.0,0.06666666666666667,0.06666666666666667,-0.06666666666666667,-0.014444444444444446,8.0,1.2809612766716254,0.35,2.8,1.0,2.0,0.06666666666666667,0.06666666666666667,-0.2,-0.7483333333333333,22.0,0.13076814187932706,29.44545454545454,50.4,21.0,0.0,0.06666666666666667,0.0,0.13333333333333333,0.8496969696969695,0.0,0.0,2.0,15.375,1.0,0.0,0.0,0.0,2.0,15.9,1.0,2.75,0.0,0.0,0.0,0.0,2.0,15.8,2.0,0.0,3.0,0.0,24.0,40.487500000000004
west_heavy_seed1,west_heavy,1,339.25,354.25,55.0,4.010809895545525,13.10818181818182,24.0,26.75,1.0,16.339896595536214,0.0,0.0,0.0,2.0,0.06666666666666667,0.0,0.0,0.0,2.0,2.9438349274533104,8.375,16.75,1.0,0.0,0.06666666666666667,0.0,0.0,0.44166666666666665,1.0,11.050106239966151,0.0,0.0,0.0,0.0,0.06666666666666667,0.0,0.0,0.0,1.0,13.035206839375252,0.0,0.0,0.0,2.0,0.06666666666666667,0.0,0.0,0.0,2.0,2.826144701724856,8.9,17.8,1.0,0.0,0.06666666666666667,0.0,0.0,0.4066666666666667,1.0,14.897387397231839,0.0,0.0,0.0,0.0,0.06666666666666667,0.06666666666666667,0.0,0.0,1.0,16.568761044711575,0.0,0.0,0.0,2.0,0.06666666666666667,0.06666666666666667,-0.06666666666666667,-0.15666666666666668,1.0,14.922933211109473,0.0,0.0,0.0,2.0,0.06666666666666667,0.06666666666666667,-0.06666666666666667,-0.11666666666666667,2.0,2.6864407849224796,8.8,17.6,1.0,0.0,0.06666666666666667,0.0,0.0,0.4133333333333334,3.0,5.133852103279625,0.0,0.0,0.0,2.0,0.13333333333333333,0.13333333333333333,-0.06666666666666667,-0.03666666666666666,8.0,1.7563473674337715,0.0,0.0,0.0,2.0,0.13333333333333333,0.13333333333333333,-0.3333333333333333,-0.8091666666666666,23.0,0.2845544996079732,29.078260869565216,51.4,21.0,0.0,0.13333333333333333,0.0,0.13333333333333333,0.7648999309868875,0.0,0.0,2.0,15.875,1.0,0.05,0.0,0.0,2.0,16.599999999999998,1.0,3.75,0.0,0.0,0.0,0.0,2.0,16.3,1.0,0.0,2.0,0.0,24.0,41.44583333333333
west_heavy_seed1,west_heavy,1,340.25,355.25,54.0,4.4359127621094965,13.795370370370371,24.0,25.75,1.0,16.33931414871821,0.0,0.0,0.0,2.0,0.06666666666666667,0.0,0.0,0.0,2.0,4.188315875724193,8.875,17.75,1.0,0.0,0.06666666666666667,0.0,0.0,0.4083333333333333,1.0,11.052421556147781,0.0,0.0,0.0,0.0,0.06666666666666667,0.0,0.0,0.0,1.0,13.086453708030106,0.0,0.0,0.0,2.0,0.06666666666666667,0.0,0.0,0.0,2.0,3.984890396908607,9.4,18.8,1.0,0.0,0.06666666666666667,0.0,0.0,0.37333333333333335,1.0,14.932033002754514,0.0,0.0,0.0,0.0,0.06666666666666667,0.06666666666666667,0.0,0.0,1.0,16.637342155152,0.0,0.0,0.0,2.0,0.06666666666666667,0.06666666666666667,-0.06666666666666667,-0.22333333333333333,1.0,14.960267245515123,0.0,0.0,0.0,2.0,0.06666666666666667,0.06666666666666667,-0.06666666666666667,-0.18333333333333332,2.0,3.886182552592388,9.3,18.6,1.0,0.0,0.06666666666666667,0.0,0.0,0.38000000000000006,3.0,6.62090122658056,0.0,0.0,0.0,2.0,0.13333333333333333,0.13333333333333333,-0.06666666666666667,-0.058888888888888886,8.0,2.7110676957727464,0.0,0.0,0.0,2.0,0.13333333333333333,0.13333333333333333,-0.3333333333333333,-0.8508333333333333,23.0,0.47430717305417164,29.991304347826084,52.4,21.0,0.0,0.13333333333333333,0.0,0.13333333333333333,0.7654520358868183,0.0,0.0,2.0,16.6,1.0,1.05,0.0,0.0,2.0,17.599999999999998,1.0,4.75,0.0,0.0,0.0,0.0,2.0,16.8,1.0,0.0,1.0,0.0,24.0,42.40416666666667
west_heavy_seed1,west_heavy,1,341.25,356.25,53.0,4.941200803913353,14.508490566037736,24.0,24.75,1.0,16.359329730964912,0.0,0.0,0.0,2.0,0.06666666666666667,0.0,0.0,0.0,2.0,5.5921596604440245,9.375,18.75,1.0,0.0,0.06666666666666667,0.0,0.0,0.375,1.0,11.109612017233191,0.0,0.0,0.0,0.0,0.06666666666666667,0.0,0.0,0.0,1.0,13.105559377526454,0.0,0.0,0.0,2.0,0.06666666666666667,0.0,0.0,0.0,2.0,5.280542540777584,9.9,19.8,1.0,0.0,0.06666666666666667,0.0,0.0,0.34,1.0,14.954490938386487,0.0,0.0,0.0,0.0,0.06666666666666667,0.0,0.0,0.0,1.0,16.62234308662941,0.0,0.0,0.0,2.0,0.06666666666666667,0.06666666666666667,-0.06666666666666667,-0.29,1.0,14.929557577800576,0.0,0.0,0.0,2.0,0.06666666666666667,0.06666666666666667,-0.06666666666666667,-0.25,2.0,5.049955763803475,9.8,19.6,1.0,0.0,0.06666666666666667,0.0,0.0,0.34666666666666673,2.0,9.993063060965111,0.0,0.0,0.0,2.0,0.13333333333333333,0.2,-0.06666666666666667,-0.0811111111111111,8.0,3.6725239336571365,0.0,0.0,0.0,2.0,0.13333333333333333,0.13333333333333333,-0.4,-0.8929166666666667,23.0,0.6639341897366707,30.904347826086955,53.4,21.0,0.0,0.13333333333333333,0.0,0.13333333333333333,0.7660041407867494,0.0,0.0,2.0,17.6,1.0,2.05,0.0,0.0,2.0,18.599999999999998,1.0,5.75,0.0,0.0,0.0,0.0,2.0,17.3,1.0,0.0,1.0,0.0,24.0,43.362500000000004
west_heavy_seed1,west_heavy,1,342.25,357.25,52.0,5.361770130442774,15.249038461538463,24.0,23.75,1.0,16.32496174789844,0.0,0.0,0.0,2.0,0.06666666666666667,0.0,0.0,0.0,2.0,6.766777663321604,9.875,19.75,1.0,0.0,0.06666666666666667,0.0,0.0,0.3416666666666667,1.0,11.119394034903996,0.0,0.0,0.0,0.0,0.06666666666666667,0.0,0.0,0.0,1.0,13.053530202358317,0.0,0.0,0.0,2.0,0.06666666666666667,0.0,0.0,0.0,2.0,6.42068503678375,10.4,20.8,1.0,0.0,0.06666666666666667,0.0,0.0,0.3066666666666667,1.0,14.865655114409353,0.0,0.0,0.0,0.0,0.06666666666666667,0.0,0.0,0.0,1.0,16.60682868914446,0.0,0.0,0.0,2.0,0.06666666666666667,0.06666666666666667,-0.06666666666666667,-0.35666666666666663,1.0,14.937973381149922,0.0,0.0,0.0,2.0,0.06666666666666667,0.06666666666666667,-0.06666666666666667,-0.31666666666666665,2.0,5.732869876464901,10.3,20.6,1.0,0.0,0.06666666666666667,0.0,0.0,0.3133333333333334,2.0,11.975372181581093,0.0,0.0,0.0,2.0,0.13333333333333333,0.2,-0.06666666666666667,-0.10333333333333333,7.0,4.661729286900142,0.0,0.0,0.0,2.0,0.13333333333333333,0.2,-0.4,-0.9429166666666667,23.0,0.7839455693911788,31.817391304347826,54.4,21.0,0.0,0.13333333333333333,0.0,0.13333333333333333,0.7665562456866805,0.0,0.0,2.0,18.6,1.0,3.05,0.0,0.0,2.0,19.599999999999998,1.0,6.75,0.0,0.0,0.0,0.0,2.0,17.8,1.0,0.0,1.0,0.0,24.0,44.32083333333333
west_heavy_seed1,west_heavy,1,343.25,358.25,52.0,5.66316630159133,15.710576923076925,24.0,22.75,1.0,16.334248447290104,0.0,0.0,0.0,2.0,0.06666666666666667,0.0,0.0,0.0,2.0,7.361973600106156,10.375,20.75,1.0,0.0,0.06666666666666667,0.0,0.0,0.30833333333333335,1.0,11.101094732212403,0.0,0.0,0.0,0.0,0.06666666666666667,0.0,0.0,0.0,1.0,13.119635637709228,0.0,0.0,0.0,2.0,0.06666666666666667,0.0,0.0,0.0,2.0,7.6594736876553045,10.9,21.8,1.0,0.0,0.06666666666666667,0.0,0.0,0.2733333333333334,1.0,14.95266793804786,0.0,0.0,0.0,0.0,0.06666666666666667,0.0,0.0,0.0,1.0,16.608995697869688,0.0,0.0,0.0,2.0,0.06666666666666667,0.06666666666666667,-0.06666666666666667,-0.4233333333333333,1.0,14.912211034272904,0.0,0.0,0.0,2.0,0.06666666666666667,0.06666666666666667,-0.06666666666666667,-0.38333333333333336,2.0,5.718965923743161,10.8,21.6,1.0,0.0,0.06666666666666667,0.0,0.0,0.2800000000000001,2.0,12.975899930366928,0.0,0.0,0.0,2.0,0.13333333333333333,0.2,-0.06666666666666667,-0.12555555555555556,7.0,5.75270250010083,0.0,0.0,0.0,2.0,0.13333333333333333,0.2,-0.4,-0.9929166666666666,23.0,0.5817185031224799,32.7304347826087,55.4,21.0,0.0,0.13333333333333333,0.0,0.13333333333333333,0.7671083505866114,0.0,0.0,2.0,19.6,1.0,4.05,0.0,0.0,2.0,20.599999999999998,1.0,7.75,0.0,0.0,0.0,0.0,2.0,18.325,1.0,0.0,1.0,0.0,24.0,45.27916666666667
west_heavy_seed1,west_heavy,1,344.25,359.25,52.0,5.784896249805819,16.172115384615385,24.0,21.75,1.0,16.37486540965498,0.0,0.0,0.0,2.0,0.06666666666666667,0.0,0.0,0.0,2.0,7.404641218536608,10.875,21.75,1.0,0.0,0.06666666666666667,0.0,0.0,0.275,1.0,11.11338507508746,0.0,0.0,0.0,0.0,0.06666666666666667,0.0,0.0,0.0,1.0,13.041347248042523,0.0,0.0,0.0,2.0,0.06666666666666667,0.0,0.0,0.0,2.0,8.977289619527541,11.4,22.8,1.0,0.0,0.06666666666666667,0.0,0.0,0.24000000000000005,1.0,14.954326723296733,0.0,0.0,0.0,0.0,0.06666666666666667,0.0,0.0,0.0,1.0,16.581511204643178,0.0,0.0,0.0,2.0,0.06666666666666667,0.06666666666666667,-0.06666666666666667,-0.49,1.0,14.878325294257946,0.0,0.0,0.0,2.0,0.06666666666666667,0.06666666666666667,-0.06666666666666667,-0.45,2.0,5.741059583988462,11.3,22.6,1.0,0.0,0.06666666666666667,0.0,0.0,0.24666666666666673,2.0,13.124062372778,0.0,0.0,0.0,2.0,0.13333333333333333,0.2,-0.06666666666666667,-0.14777777777777779,7.0,6.460755280683139,0.0,0.0,0.0,2.0,0.13333333333333333,0.2,-0.4,-1.0429166666666665,23.0,0.38053672618277806,33.643478260869564,56.4,21.0,0.0,0.13333333333333333,0.0,0.13333333333333333,0.7676604554865425,0.0,0.0,2.0,20.6,1.0,5.05,0.0,0.0,2.0,21.599999999999998,1.0,8.75,0.0,0.0,0.0,0.0,2.0,19.325,1.0,0.0,1.0,0.0,24.0,46.237500000000004
west_heavy_seed1,west_heavy,1,345.25,360.25,52.0,5.875320342522181,16.633653846153848,24.0,20.75,1.0,16.399250386774025,0.0,0.0,0.0,2.0,0.06666666666666667,0.0,0.0,0.0,2.0,7.3522565847877,11.375,22.75,1.0,0.0,0.06666666666666667,0.0,0.0,0.24166666666666667,1.0,11.047653308147598,0.0,0.0,0.0,0.0,0.06666666666666667,0.0,0.0,0.0,1.0,13.04578611674887,0.0,0.0,0.0,2.0,0.06666666666666667,0.0,0.0,0.0,2.0,9.390569802328852,11.9,23.8,1.0,0.0,0.06666666666666667,0.0,0.0,0.20666666666666664,1.0,14.901781501713748,0.0,0.0,0.0,0.0,0.06666666666666667,0.0,0.0,0.0,1.0,16.668867066309325,0.0,0.0,0.0,2.0,0.06666666666666667,0.06666666666666667,-0.06666666666666667,-0.5566666666666666,1.0,14.947372220833193,0.0,0.0,0.0,2.0,0.06666666666666667,0.06666666666666667,-0.06666666666666667,-0.5166666666666667,2.0,5.70866571853352,11.8,23.6,1.0,0.0,0.06666666666666667,0.0,0.0,0.2133333333333334,2.0,13.188102318152977,0.0,0.0,0.0,2.0,0.13333333333333333,0.2,-0.06666666666666667,-0.17,6.0,7.185573441235083,0.0,0.0,0.0,2.0,0.13333333333333333,0.26666666666666666,-0.4,-1.0929166666666668,23.0,0.2293823397878127,34.55652173913043,57.4,21.0,0.0,0.13333333333333333,0.0,0.13333333333333333,0.7682125603864733,0.0,0.0,2.0,21.6,1.0,6.05,0.0,0.0,2.0,22.599999999999998,1.0,9.75,0.0,0.0,0.0,0.0,2.0,20.325,1.0,0.0,1.0,0.0,24.0,47.19583333333333
west_heavy_seed1,west_heavy,1,346.25,361.25,52.0,5.951512363738053,17.095192307692308,24.0,19.75,1.0,16.395484959336414,0.0,0.0,0.0,2.0,0.06666666666666667,0.0,0.0,0.0,2.0,7.339044687035452,11.875,23.75,1.0,0.0,0.06666666666666667,0.0,0.0,0.20833333333333334,1.0,11.070749312369188,0.0,0.0,0.0,0.0,0.06666666666666667,0.0,0.0,0.0,1.0,13.037933647480616,0.0,0.0,0.0,2.0,0.06666666666666667,0.0,0.0,0.0,2.0,9.32400300304204,12.4,24.8,1.0,0.0,0.06666666666666667,0.0,0.0,0.1733333333333333,1.0,14.958377135641246,0.0,0.0,0.0,0.0,0.06666666666666667,0.0,0.0,0.0,1.0,16.61186867256416,0.0,0.0,0.0,2.0,0.06666666666666667,0.06666666666666667,-0.06666666666666667,-0.6233333333333333,1.0,14.880029300625308,0.0,0.0,0.0,2.0,0.06666666666666667,0.06666666666666667,-0.06666666666666667,-0.5833333333333334,2.0,5.74918122927258,12.3,24.6,1.0,0.0,0.06666666666666667,0.0,0.0,0.18000000000000008,2.0,13.25509137281124,0.0,0.0,0.0,2.0,0.13333333333333333,0.2,-0.06666666666666667,-0.1922222222222222,6.0,7.6913818953418485,0.0,0.0,0.0,2.0,0.13333333333333333,0.26666666666666666,-0.4,-1.1429166666666668,23.0,0.1272831243468356,35.4695652173913,58.4,21.0,0.0,0.13333333333333333,0.0,0.06666666666666667,0.7684472049689437,0.0,0.0,2.0,22.6,1.0,7.05,0.0,0.0,2.0,23.599999999999998,1.0,10.75,0.0,0.0,0.0,0.0,2.0,21.325,1.0,0.0,1.0,0.0,24.0,48.15416666666667
west_heavy_seed1,west_heavy,1,347.25,362.25,52.0,6.023553054020651,17.55673076923077,24.0,18.75,1.0,16.351531201939746,0.0,0.0,0.0,2.0,0.06666666666666667,0.0,0.0,0.0,2.0,7.380911392351337,12.375,24.75,1.0,0.0,0.06666666666666667,0.0,0.0,0.175,1.0,11.037323133081697,0.0,0.0,0.0,0.0,0.06666666666666667,0.0,0.0,0.0,1.0,13.076073001812267,0.0,0.0,0.0,2.0,0.06666666666666667,0.0,0.0,0.0,2.0,9.360708495704072,12.9,25.8,1.0,0.0,0.06666666666666667,0.0,0.0,0.13999999999999999,1.0,14.936482055487184,0.0,0.0,0.0,0.0,0.06666666666666667,0.0,0.0,0.0,1.0,16.651385019535475,0.0,0.0,0.0,2.0,0.06666666666666667,0.06666666666666667,-0.06666666666666667,-0.69,1.0,14.895203981970543,0.0,0.0,0.0,2.0,0.06666666666666667,0.06666666666666667,-0.06666666666666667,-0.65,2.0,5.720389649875068,12.8,25.6,1.0,0.0,0.06666666666666667,0.0,0.0,0.14666666666666675,2.0,13.328849638355273,0.0,0.0,0.0,2.0,0.13333333333333333,0.2,-0.06666666666666667,-0.21444444444444447,5.0,8.436608840634175,0.0,0.0,0.0,2.0,0.13333333333333333,0.3333333333333333,-0.4,-1.1929166666666666,23.0,0.06364016033675811,36.38260869565217,59.4,21.0,0.0,0.13333333333333333,0.0,0.06666666666666667,0.765824706694272,0.0,0.0,2.0,23.6,1.0,8.05,0.0,0.0,2.0,24.599999999999998,1.0,11.75,0.0,0.0,0.0,0.0,2.0,22.325,1.0,0.0,1.0,0.0,24.0,49.112500000000004
west_heavy_seed1,west_heavy,1,352.25,367.25,52.0,5.328372967953077,20.03076923076923,27.0,13.75,0.0,0.0,0.0,0.0,0.0,2.0,0.0,0.06666666666666667,0.0,0.0,2.0,1.7835801399211337,14.875,29.75,1.0,0.0,0.0,0.0,-0.06666666666666667,0.5,1.0,9.791705985857485,0.0,0.0,0.0,0.0,0.0,0.0,0.0,0.0,0.0,0.0,0.0,0.0,0.0,2.0,0.0,0.06666666666666667,0.0,0.0,2.0,0.6033052772499552,15.4,30.8,1.0,0.0,0.0,0.0,-0.06666666666666667,0.5,1.0,0.0,1.75,1.75,1.0,0.0,0.0,0.0,0.06666666666666667,0.11666666666666667,0.0,0.0,0.0,0.0,0.0,2.0,0.0,0.06666666666666667,0.0,0.0,0.0,0.0,0.0,0.0,0.0,2.0,0.0,0.06666666666666667,0.0,0.0,2.0,5.741000095486014,15.3,30.6,1.0,0.0,0.0,0.0,-0.06666666666666667,0.5000000000000001,2.0,11.21361202869022,0.0,0.0,0.0,2.0,0.06666666666666667,0.13333333333333333,0.0,0.0,2.0,11.839405276716274,0.0,0.0,0.0,2.0,0.06666666666666667,0.4666666666666667,-0.2,-0.21958333333333335,23.0,0.0005676619285631641,41.24782608695652,64.4,23.0,0.0,0.06666666666666667,0.0,0.13333333333333333,0.8504611330698288,0.0,0.0,2.0,28.6,1.0,13.05,0.0,0.0,2.0,29.599999999999998,1.0,16.75,0.0,0.0,0.0,0.0,2.0,27.325000000000003,1.0,0.0,1.0,0.0,25.0,51.922
west_heavy_seed1,west_heavy,1,353.25,368.25,54.0,5.118213526852567,19.788888888888888,27.0,12.75,0.0,0.0,0.0,0.0,0.0,2.0,0.0,0.06666666666666667,0.0,0.0,2.0,0.5977880993260201,15.375,30.75,1.0,0.0,0.0,0.0,0.0,0.5,1.0,4.828335570210529,0.0,0.0,0.0,0.0,0.0,0.0,0.0,0.0,0.0,0.0,0.0,0.0,0.0,2.0,0.0,0.06666666666666667,0.0,0.0,2.0,0.13698326387810544,15.9,31.8,1.0,0.0,0.0,0.0,0.0,0.5,1.0,0.0,2.75,2.75,1.0,0.0,0.0,0.0,0.06666666666666667,0.18333333333333332,0.0,0.0,0.0,0.0,0.0,2.0,0.0,0.06666666666666667,0.0,0.0,0.0,0.0,0.0,0.0,0.0,2.0,0.0,0.06666666666666667,0.0,0.0,2.0,4.083346953329938,15.8,31.6,1.0,0.0,0.0,0.0,0.0,0.5,2.0,11.16420659256897,0.0,0.0,0.0,2.0,0.13333333333333333,0.2,0.0,0.0,3.0,11.856854839777276,0.0,0.0,0.0,2.0,0.13333333333333333,0.4666666666666667,-0.06666666666666667,-0.02333333333333333,24.0,0.06875350371486663,40.487500000000004,65.4,23.0,0.0,0.13333333333333333,0.0,0.13333333333333333,0.7361363636363641,1.0,0.0,3.0,19.733333333333334,2.0,7.025,1.0,0.0,3.0,20.4,2.0,8.875,1.0,0.0,1.0,0.0,3.0,18.883333333333336,2.0,0.0,2.0,0.0,26.0,50.848076923076924
west_heavy_seed1,west_heavy,1,354.25,369.25,54.0,5.0773993457821405,20.29722222222222,29.0,11.75,0.0,0.0,0.0,0.0,0.0,2.0,0.0,0.06666666666666667,0.0,0.0,2.0,0.13986546491563476,15.875,31.75,1.0,0.0,0.0,0.0,0.0,0.5,1.0,0.0034281951650828096,0.05,0.05,1.0,0.0,0.0,0.0,0.06666666666666667,0.0033333333333333335,0.0,0.0,0.0,0.0,0.0,2.0,0.0,0.06666666666666667,0.0,0.0,2.0,0.02572066775454657,16.599999999999998,32.8,2.0,0.0,0.0,0.0,0.06666666666666667,0.5133333333333332,1.0,0.0,3.75,3.75,1.0,0.0,0.0,0.0,0.06666666666666667,0.25,0.0,0.0,0.0,0.0,0.0,2.0,0.0,0.06666666666666667,0.0,0.0,0.0,0.0,0.0,0.0,0.0,2.0,0.0,0.06666666666666667,0.0,0.0,2.0,2.5440203970763715,16.3,32.6,1.0,0.0,0.0,0.0,0.0,0.5,1.0,11.985089793100487,0.0,0.0,0.0,2.0,0.06666666666666667,0.2,0.0,0.0,2.0,12.96388396394212,0.0,0.0,0.0,2.0,0.06666666666666667,0.4666666666666667,0.0,0.0,24.0,0.15326501345983137,41.44583333333333,66.4,23.0,0.0,0.06666666666666667,0.0,0.13333333333333333,0.8245048309178744,1.0,0.0,3.0,20.400000000000002,2.0,7.525,1.0,0.0,3.0,21.066666666666666,2.0,9.375,1.0,0.0,1.0,0.0,3.0,3.6833333333333336,2.0,0.0,2.0,0.0,26.0,48.64038461538462
west_heavy_seed1,west_heavy,1,355.25,370.25,54.0,5.1494610661453635,20.84259259259259,30.0,10.75,0.0,0.0,0.0,0.0,0.0,2.0,0.0,0.06666666666666667,0.0,0.0,2.0,0.02554808154946293,16.6,32.75,2.0,0.0,0.0,0.0,0.06666666666666667,0.5150000000000001,1.0,0.0,1.05,1.05,1.0,0.0,0.0,0.0,0.06666666666666667,0.07,0.0,0.0,0.0,0.0,0.0,2.0,0.0,0.06666666666666667,0.0,0.0,2.0,0.004628099911322359,17.599999999999998,33.8,2.0,0.0,0.0,0.0,0.06666666666666667,0.5466666666666665,1.0,0.0,4.75,4.75,1.0,0.0,0.0,0.0,0.06666666666666667,0.31666666666666665,0.0,0.0,0.0,0.0,0.0,2.0,0.0,0.06666666666666667,0.0,0.0,0.0,0.0,0.0,0.0,0.0,2.0,0.0,0.06666666666666667,0.0,0.0,2.0,1.3089155965410422,16.8,33.6,1.0,0.0,0.0,0.0,0.0,0.5,1.0,11.970176927594002,0.0,0.0,0.0,2.0,0.06666666666666667,0.2,0.0,0.0,1.0,16.596649053629488,0.0,0.0,0.0,2.0,0.06666666666666667,0.5333333333333333,0.0,0.0,24.0,0.22990929579244132,42.40416666666667,67.4,23.0,0.0,0.06666666666666667,0.0,0.13333333333333333,0.8275241545893723,1.0,0.0,3.0,21.066666666666666,2.0,8.025,1.0,0.0,3.0,21.73333333333333,2.0,9.875,1.0,0.0,1.0,0.0,2.0,0.0,2.0,0.0,2.0,0.0,25.0,42.254
west_heavy_seed1,west_heavy,1,356.25,371.25,52.0,4.94323994788804,22.221153846153847,30.0,9.75,0.0,0.0,0.0,0.0,0.0,2.0,0.0,0.06666666666666667,0.0,0.0,2.0,0.004596960447822847,17.6,33.75,2.0,0.0,0.0,0.0,0.06666666666666667,0.5483333333333335,1.0,0.0,2.05,2.05,1.0,0.0,0.0,0.0,0.06666666666666667,0.13666666666666666,0.0,0.0,0.0,0.0,0.0,2.0,0.0,0.06666666666666667,0.0,0.0,2.0,0.0008527092285598453,18.599999999999998,34.8,2.0,0.0,0.0,0.0,0.06666666666666667,0.5799999999999998,1.0,0.0,5.75,5.75,1.0,0.0,0.0,0.0,0.06666666666666667,0.38333333333333336,0.0,0.0,0.0,0.0,0.0,2.0,0.0,0.06666666666666667,0.0,0.0,0.0,0.0,0.0,0.0,0.0,2.0,0.0,0.06666666666666667,0.0,0.0,2.0,0.5258335872948074,17.3,34.6,1.0,0.0,0.0,0.0,0.0,0.5,1.0,11.981521443820093,0.0,0.0,0.0,2.0,0.06666666666666667,0.13333333333333333,0.0,0.0,1.0,16.61977462591976,0.0,0.0,0.0,2.0,0.06666666666666667,0.5333333333333333,0.0,0.0,24.0,0.31622949407458184,43.362500000000004,68.4,23.0,0.0,0.06666666666666667,0.0,0.13333333333333333,0.8305434782608699,1.0,0.0,3.0,21.733333333333334,2.0,8.525,1.0,0.0,3.0,22.399999999999995,2.0,10.375,1.0,0.0,1.0,0.0,2.0,0.0,2.0,0.0,2.0,0.0,25.0,37.205999999999996
west_heavy_seed1,west_heavy,1,357.25,372.25,51.0,4.761120055387988,23.245098039215687,30.0,8.75,0.0,0.0,0.0,0.0,0.0,2.0,0.0,0.06666666666666667,0.0,0.0,2.0,0.0008574686665837588,18.6,34.75,2.0,0.0,0.0,0.0,0.06666666666666667,0.5816666666666668,1.0,0.0,3.05,3.05,1.0,0.0,0.0,0.0,0.06666666666666667,0.2033333333333333,0.0,0.0,0.0,0.0,0.0,2.0,0.0,0.06666666666666667,0.0,0.0,2.0,0.00015570171400834982,19.599999999999998,35.8,2.0,0.0,0.0,0.0,0.06666666666666667,0.6133333333333332,1.0,0.0,6.75,6.75,1.0,0.0,0.0,0.0,0.06666666666666667,0.45,0.0,0.0,0.0,0.0,0.0,2.0,0.0,0.06666666666666667,0.0,0.0,0.0,0.0,0.0,0.0,0.0,2.0,0.0,0.06666666666666667,0.0,0.0,2.0,0.17235665831515712,17.8,35.6,1.0,0.0,0.0,0.0,0.0,0.5,1.0,11.97599585204618,0.0,0.0,0.0,2.0,0.06666666666666667,0.13333333333333333,0.0,0.0,1.0,16.648358685515824,0.0,0.0,0.0,2.0,0.06666666666666667,0.4666666666666667,0.0,0.0,24.0,0.29610867890201537,44.32083333333333,69.4,23.0,0.0,0.06666666666666667,0.0,0.13333333333333333,0.8335628019323671,1.0,0.0,3.0,22.400000000000002,2.0,9.025,1.0,0.0,3.0,23.066666666666663,2.0,10.875,1.0,0.0,1.0,0.0,1.0,0.0,2.0,0.0,2.0,0.0,25.0,35.078
west_heavy_seed1,west_heavy,1,358.25,373.25,50.0,4.567190523652193,24.311,31.0,7.75,0.0,0.0,0.0,0.0,0.0,2.0,0.0,0.06666666666666667,0.0,0.0,2.0,0.000151541171635837,19.6,35.75,2.0,0.0,0.0,0.0,0.06666666666666667,0.6150000000000001,1.0,0.0,4.05,4.05,1.0,0.0,0.0,0.0,0.06666666666666667,0.26999999999999996,0.0,0.0,0.0,0.0,0.0,2.0,0.0,0.06666666666666667,0.0,0.0,2.0,2.8422188117423236e-05,20.599999999999998,36.8,2.0,0.0,0.0,0.0,0.06666666666666667,0.6466666666666665,1.0,0.0,7.75,7.75,1.0,0.0,0.0,0.0,0.06666666666666667,0.5166666666666667,0.0,0.0,0.0,0.0,0.0,2.0,0.0,0.06666666666666667,0.0,0.0,0.0,0.0,0.0,0.0,0.0,2.0,0.0,0.06666666666666667,0.0,0.0,2.0,0.04907152361683177,18.325,36.6,2.0,0.0,0.0,0.0,0.06666666666666667,0.5016666666666666,1.0,11.999227772438898,0.0,0.0,0.0,2.0,0.06666666666666667,0.13333333333333333,0.0,0.0,1.0,16.65678322342411,0.0,0.0,0.0,2.0,0.06666666666666667,0.4666666666666667,0.0,0.0,24.0,0.18905968131263431,45.27916666666667,70.4,23.0,0.0,0.06666666666666667,0.0,0.13333333333333333,0.8365821256038648,1.0,0.0,3.0,23.066666666666666,2.0,9.525,1.0,0.0,3.0,23.73333333333333,2.0,11.375,1.0,0.0,1.0,0.0,1.0,0.0,2.0,0.0,2.0,0.0,24.0,31.391666666666666
west_heavy_seed1,west_heavy,1,359.25,374.25,50.0,4.53754707328149,24.930999999999997,31.0,6.75,0.0,0.0,0.0,0.0,0.0,2.0,0.0,0.06666666666666667,0.0,0.0,2.0,2.768267599284438e-05,20.6,36.75,2.0,0.0,0.0,0.0,0.06666666666666667,0.6483333333333334,1.0,0.0,5.05,5.05,1.0,0.0,0.0,0.0,0.06666666666666667,0.33666666666666667,0.0,0.0,0.0,0.0,0.0,2.0,0.0,0.06666666666666667,0.0,0.0,2.0,5.254198474758908e-06,21.599999999999998,37.8,2.0,0.0,0.0,0.0,0.06666666666666667,0.6799999999999998,1.0,0.0,8.75,8.75,1.0,0.0,0.0,0.0,0.06666666666666667,0.5833333333333334,0.0,0.0,0.0,0.0,0.0,2.0,0.0,0.06666666666666667,0.0,0.0,0.0,0.0,0.0,0.0,0.0,2.0,0.0,0.06666666666666667,0.0,0.0,2.0,0.014015236189387383,19.325,37.6,2.0,0.0,0.0,0.0,0.06666666666666667,0.5349999999999999,1.0,11.982173010162079,0.0,0.0,0.0,2.0,0.06666666666666667,0.13333333333333333,0.0,0.0,1.0,16.638300912655893,0.0,0.0,0.0,2.0,0.06666666666666667,0.4666666666666667,0.0,0.0,24.0,0.10486218267303225,46.237500000000004,71.4,23.0,0.0,0.06666666666666667,0.0,0.13333333333333333,0.8396014492753626,1.0,0.0,3.0,23.733333333333334,2.0,10.025,1.0,0.0,3.0,24.399999999999995,2.0,11.875,1.0,0.0,1.0,0.0,1.0,0.0,2.0,0.0,2.0,0.0,23.0,27.43913043478261
west_heavy_seed1,west_heavy,1,360.25,375.25,49.0,4.401331975427094,26.072448979591837,31.0,5.75,0.0,0.0,0.0,0.0,0.0,2.0,0.0,0.06666666666666667,0.0,0.0,2.0,5.165719719253379e-06,21.6,37.75,2.0,0.0,0.0,0.0,0.06666666666666667,0.6816666666666668,1.0,0.0,6.05,6.05,1.0,0.0,0.0,0.0,0.06666666666666667,0.4033333333333333,0.0,0.0,0.0,0.0,0.0,2.0,0.0,0.06666666666666667,0.0,0.0,2.0,0.0,22.599999999999998,38.8,2.0,0.0,0.0,0.0,0.06666666666666667,0.7133333333333332,1.0,0.0,9.75,9.75,1.0,0.0,0.0,0.0,0.06666666666666667,0.65,0.0,0.0,0.0,0.0,0.0,2.0,0.0,0.06666666666666667,0.0,0.0,0.0,0.0,0.0,0.0,0.0,2.0,0.0,0.06666666666666667,0.0,0.0,2.0,0.003922879763189055,20.325,38.6,2.0,0.0,0.0,0.0,0.06666666666666667,0.5683333333333332,1.0,11.973088237771298,0.0,0.0,0.0,2.0,0.06666666666666667,0.13333333333333333,0.0,0.0,1.0,16.633533275008205,0.0,0.0,0.0,2.0,0.06666666666666667,0.4,0.0,0.0,24.0,0.05015033304732195,47.19583333333333,72.4,23.0,0.0,0.06666666666666667,0.0,0.13333333333333333,0.8426207729468601,1.0,0.0,3.0,24.400000000000002,2.0,10.525,1.0,0.0,3.0,25.066666666666663,2.0,12.375,1.0,0.0,1.0,0.0,1.0,0.0,2.0,0.0,2.0,0.0,22.0,26.211363636363636
west_heavy_seed1,west_heavy,1,361.25,376.25,46.0,3.711750029807795,28.446739130434782,31.0,4.75,0.0,0.0,0.0,0.0,0.0,2.0,0.0,0.06666666666666667,0.0,0.0,2.0,0.0,22.6,38.75,2.0,0.0,0.0,0.0,0.06666666666666667,0.7150000000000001,1.0,0.0,7.05,7.05,1.0,0.0,0.0,0.0,0.06666666666666667,0.47,0.0,0.0,0.0,0.0,0.0,2.0,0.0,0.06666666666666667,0.0,0.0,2.0,0.0,23.599999999999998,39.8,2.0,0.0,0.0,0.0,0.06666666666666667,0.7466666666666665,1.0,0.0,10.75,10.75,1.0,0.0,0.0,0.0,0.06666666666666667,0.7166666666666667,0.0,0.0,0.0,0.0,0.0,2.0,0.0,0.06666666666666667,0.0,0.0,0.0,0.0,0.0,0.0,0.0,2.0,0.0,0.06666666666666667,0.0,0.0,2.0,0.0010879847588697385,21.325,39.6,2.0,0.0,0.0,0.0,0.06666666666666667,0.6016666666666666,1.0,11.977006705664099,0.0,0.0,0.0,2.0,0.06666666666666667,0.13333333333333333,0.0,0.0,1.0,16.660810278940946,0.0,0.0,0.0,2.0,0.06666666666666667,0.4,0.0,0.0,24.0,0.02133964026365673,48.15416666666667,73.4,23.0,0.0,0.06666666666666667,0.0,0.13333333333333333,0.8456400966183579,1.0,0.0,3.0,25.066666666666666,2.0,11.025,1.0,0.0,3.0,25.73333333333333,2.0,12.875,1.0,0.0,1.0,0.0,1.0,0.0,2.0,0.0,2.0,0.0,22.0,20.74772727272727
west_heavy_seed1,west_heavy,1,362.25,377.25,46.0,3.7108942201013284,29.120652173913044,31.0,3.75,0.0,0.0,0.0,0.0,0.0,2.0,0.0,0.06666666666666667,0.0,0.0,2.0,0.0,23.6,39.75,2.0,0.0,0.0,0.0,0.06666666666666667,0.7483333333333334,1.0,0.0,8.05,8.05,1.0,0.0,0.0,0.0,0.06666666666666667,0.5366666666666667,0.0,0.0,0.0,0.0,0.0,2.0,0.0,0.06666666666666667,0.0,0.0,2.0,0.0,24.599999999999998,40.8,2.0,0.0,0.0,0.0,0.06666666666666667,0.7799999999999998,1.0,0.0,11.75,11.75,1.0,0.0,0.0,0.0,0.06666666666666667,0.7833333333333333,0.0,0.0,0.0,0.0,0.0,2.0,0.0,0.06666666666666667,0.0,0.0,0.0,0.0,0.0,0.0,0.0,2.0,0.0,0.06666666666666667,0.0,0.0,2.0,0.0003091301188757743,22.325,40.6,2.0,0.0,0.0,0.0,0.06666666666666667,0.6349999999999999,1.0,11.974336677489337,0.0,0.0,0.0,2.0,0.06666666666666667,0.13333333333333333,0.0,0.0,1.0,16.593802095972002,0.0,0.0,0.0,2.0,0.06666666666666667,0.3333333333333333,0.0,0.0,24.0,0.008137963696248923,49.112500000000004,74.4,23.0,0.0,0.06666666666666667,0.0,0.13333333333333333,0.8486594202898554,1.0,0.0,3.0,25.733333333333334,2.0,11.525,1.0,0.0,3.0,26.399999999999995,2.0,13.375,1.0,0.0,1.0,0.0,1.0,0.0,2.0,0.05,2.0,0.0,21.0,19.154761904761905
west_heavy_seed1,west_heavy,1,368.25,383.25,55.0,4.033065592980935,27.834545454545456,32.0,0.75,1.0,14.623613996095958,0.0,0.0,0.0,1.0,0.06666666666666667,0.0,0.0,0.0,3.0,0.28686496259886185,19.733333333333334,45.75,2.0,0.0,0.06666666666666667,0.0,0.06666666666666667,0.2905555555555556,2.0,0.42556847106414447,7.025,14.05,1.0,0.0,0.06666666666666667,0.0,0.06666666666666667,0.4683333333333334,1.0,13.883338982886634,0.0,0.0,0.0,1.0,0.06666666666666667,0.0,0.0,0.0,3.0,0.22671523600214896,20.4,46.8,2.0,0.0,0.06666666666666667,0.0,0.06666666666666667,0.2999999999999999,2.0,0.5237416817977285,8.875,17.75,1.0,0.0,0.06666666666666667,0.0,0.0,0.4083333333333333,1.0,12.843700379583126,0.0,0.0,0.0,1.0,0.06666666666666667,0.0,0.0,0.0,1.0,12.54125527019038,0.0,0.0,0.0,1.0,0.06666666666666667,0.0,0.0,0.0,3.0,0.36069528722935534,18.883333333333336,46.6,2.0,0.0,0.06666666666666667,0.0,0.06666666666666667,0.2055555555555557,2.0,15.734572947155577,0.0,0.0,0.0,1.0,0.13333333333333333,0.13333333333333333,0.0,0.0,2.0,12.93167681943346,0.0,0.0,0.0,1.0,0.13333333333333333,0.2,0.0,0.0,26.0,0.31154386361850067,50.848076923076924,80.4,24.0,0.0,0.13333333333333333,0.0,0.06666666666666667,0.690705128205128,1.0,3.3,3.0,29.733333333333334,2.0,14.525,1.0,1.35,3.0,30.399999999999995,2.0,16.375,1.0,0.5,1.0,0.15,0.0,0.0,3.0,2.033333333333333,3.0,1.25,20.0,1.7475
west_heavy_seed1,west_heavy,1,369.25,384.25,53.0,3.9656579673005745,27.054716981132078,30.0,11.75,1.0,16.556754083764197,0.0,0.0,0.0,0.0,0.06666666666666667,0.0,0.0,0.0,3.0,0.9888282136655023,20.400000000000002,46.75,2.0,0.0,0.06666666666666667,0.0,0.06666666666666667,0.3016666666666668,2.0,1.4557331052566702,7.525,15.05,1.0,0.0,0.06666666666666667,0.0,0.0,0.49833333333333335,1.0,13.887236155557913,0.0,0.0,0.0,0.0,0.06666666666666667,0.0,0.0,0.0,3.0,0.8149368821105077,21.066666666666666,47.8,2.0,0.0,0.06666666666666667,0.0,0.0,0.2977777777777779,2.0,1.7327357802776027,9.375,18.75,1.0,0.0,0.06666666666666667,0.0,0.0,0.375,1.0,12.830802130755576,0.0,0.0,0.0,0.0,0.06666666666666667,0.0,0.0,0.0,1.0,12.489144674864441,0.0,0.0,0.0,0.0,0.06666666666666667,0.0,0.0,0.0,3.0,1.3661097316303517,3.6833333333333336,11.05,1.0,2.0,0.06666666666666667,0.0,0.0,-0.8411111111111111,2.0,15.699506089207782,0.0,0.0,0.0,0.0,0.13333333333333333,0.06666666666666667,0.0,0.0,2.0,12.931591533923056,0.0,0.0,0.0,0.0,0.13333333333333333,0.13333333333333333,0.0,0.0,26.0,0.4535531058403099,48.64038461538462,77.55,23.0,2.0,0.13333333333333333,0.0,0.0,0.4796367521367524,1.0,0.0,3.0,9.816666666666666,2.0,15.025,1.0,0.0,3.0,0.0,2.0,16.875,1.0,0.0,1.0,1.15,0.0,0.0,3.0,0.0,3.0,1.5833333333333333,20.0,0.4025
west_heavy_seed1,west_heavy,1,370.25,385.25,53.0,4.28430827372479,23.029245283018867,26.0,10.75,1.0,16.522653447300584,0.0,0.0,0.0,0.0,0.06666666666666667,0.0,0.0,0.0,3.0,1.589328638375061,21.066666666666666,47.75,2.0,0.0,0.06666666666666667,0.0,0.0,0.29777777777777764,2.0,2.502467116230848,8.025,16.05,1.0,0.0,0.06666666666666667,0.0,0.0,0.465,1.0,13.870507214945974,0.0,0.0,0.0,0.0,0.06666666666666667,0.0,0.0,0.0,3.0,1.367322704104126,21.73333333333333,48.8,2.0,0.0,0.06666666666666667,0.0,0.0,0.2755555555555555,2.0,2.7133521578082234,9.875,19.75,1.0,0.0,0.06666666666666667,0.0,0.0,0.3416666666666667,1.0,12.843977037292746,0.0,0.0,0.0,0.0,0.06666666666666667,0.0,0.0,0.0,1.0,12.49064651514411,0.0,0.0,0.0,0.0,0.06666666666666667,0.0,0.0,0.0,2.0,3.4568779647799794,0.0,0.0,0.0,2.0,0.06666666666666667,0.06666666666666667,-0.06666666666666667,-1.12,2.0,15.70270771081048,0.0,0.0,0.0,0.0,0.13333333333333333,0.06666666666666667,0.0,0.0,2.0,12.93381314688921,0.0,0.0,0.0,0.0,0.13333333333333333,0.06666666666666667,0.0,0.0,25.0,0.49497743816437506,42.254,73.0,20.0,2.0,0.13333333333333333,0.06666666666666667,-0.2,-0.010011111111111385,0.0,0.0,2.0,0.0,2.0,15.525,0.0,0.0,2.0,0.0,2.0,17.375,0.0,0.0,1.0,2.15,0.0,0.0,2.0,0.0,3.0,1.9166666666666667,20.0,0.08
west_heavy_seed1,west_heavy,1,371.25,386.25,52.0,4.544998597977808,21.16057692307692,24.0,9.75,1.0,16.53019525183031,0.0,0.0,0.0,0.0,0.06666666666666667,0.0,0.0,0.0,3.0,2.2200061283905748,21.733333333333334,48.75,2.0,0.0,0.06666666666666667,0.0,0.0,0.2755555555555555,2.0,3.4088347736535165,8.525,17.05,1.0,0.0,0.06666666666666667,0.0,0.0,0.4316666666666667,1.0,13.835917246601312,0.0,0.0,0.0,0.0,0.06666666666666667,0.0,0.0,0.0,3.0,1.9465083639747842,22.399999999999995,49.8,2.0,0.0,0.06666666666666667,0.0,0.0,0.25333333333333313,2.0,3.6100989355718145,10.375,20.75,1.0,0.0,0.06666666666666667,0.0,0.0,0.30833333333333335,1.0,12.85673626596744,0.0,0.0,0.0,0.0,0.06666666666666667,0.0,0.0,0.0,1.0,12.538441572759842,0.0,0.0,0.0,0.0,0.06666666666666667,0.0,0.0,0.0,2.0,5.461632715611243,0.0,0.0,0.0,2.0,0.06666666666666667,0.06666666666666667,-0.06666666666666667,-1.1533333333333333,2.0,15.685415543797259,0.0,0.0,0.0,0.0,0.13333333333333333,0.06666666666666667,0.0,0.0,2.0,12.942592529827031,0.0,0.0,0.0,0.0,0.13333333333333333,0.06666666666666667,0.0,0.0,25.0,0.6203356019855435,37.205999999999996,70.2,18.0,2.0,0.13333333333333333,0.06666666666666667,-0.3333333333333333,-0.41043333333333387,0.0,0.0,2.0,0.0,2.0,16.025,0.0,0.0,2.0,0.0,2.0,17.875,0.0,0.0,1.0,3.15,0.0,0.0,2.0,0.0,3.0,2.25,20.0,0.13
west_heavy_seed1,west_heavy,1,372.25,387.25,52.0,4.946546525714802,20.252884615384616,23.0,8.75,1.0,16.520808404524267,0.0,0.0,0.0,0.0,0.06666666666666667,0.0,0.0,0.0,3.0,2.8401330595584806,22.400000000000002,49.75,2.0,0.0,0.06666666666666667,0.0,0.0,0.25333333333333335,2.0,4.459041527297681,9.025,18.05,1.0,0.0,0.06666666666666667,0.0,0.0,0.3983333333333334,1.0,13.84297528797877,0.0,0.0,0.0,0.0,0.06666666666666667,0.0,0.0,0.0,3.0,2.5062942736127467,23.066666666666663,50.8,2.0,0.0,0.06666666666666667,0.0,0.0,0.231111111111111,2.0,4.737686704055721,10.875,21.75,1.0,0.0,0.06666666666666667,0.0,0.0,0.275,1.0,12.826278109247172,0.0,0.0,0.0,0.0,0.06666666666666667,0.0,0.0,0.0,1.0,12.52681052481996,0.0,0.0,0.0,0.0,0.06666666666666667,0.0,0.0,0.0,1.0,9.461372522142621,0.0,0.0,0.0,2.0,0.06666666666666667,0.13333333333333333,-0.06666666666666667,-1.1866666666666668,2.0,15.643179499051193,0.0,0.0,0.0,0.0,0.13333333333333333,0.06666666666666667,0.0,0.0,2.0,12.917993281832896,0.0,0.0,0.0,0.0,0.13333333333333333,0.06666666666666667,0.0,0.0,25.0,0.7368001222720645,35.078,69.8,17.0,2.0,0.13333333333333333,0.06666666666666667,-0.4,-0.6161888888888887,0.0,0.0,1.0,0.0,2.0,16.525,0.0,0.0,1.0,0.0,2.0,18.625,0.0,0.0,1.0,4.15,0.0,0.0,1.0,0.0,3.0,2.5833333333333335,20.0,0.1975
west_heavy_seed1,west_heavy,1,373.25,388.25,51.0,5.242792976190713,18.345098039215685,21.0,7.75,1.0,16.546099591717514,0.0,0.0,0.0,0.0,0.06666666666666667,0.0,0.0,0.0,3.0,3.48705973391742,23.066666666666666,50.75,2.0,0.0,0.06666666666666667,0.0,0.0,0.231111111111111,2.0,5.474932453024542,9.525,19.05,1.0,0.0,0.06666666666666667,0.0,0.0,0.36500000000000005,1.0,13.83503373481217,0.0,0.0,0.0,0.0,0.06666666666666667,0.0,0.0,0.0,3.0,3.079902033443906,23.73333333333333,51.8,2.0,0.0,0.06666666666666667,0.0,0.0,0.20888888888888885,2.0,5.738070198429131,11.375,22.75,1.0,0.0,0.06666666666666667,0.0,0.0,0.24166666666666667,1.0,12.815544220597324,0.0,0.0,0.0,0.0,0.06666666666666667,0.0,0.0,0.0,1.0,12.482705802504281,0.0,0.0,0.0,0.0,0.06666666666666667,0.0,0.0,0.0,1.0,11.417088830434624,0.0,0.0,0.0,2.0,0.06666666666666667,0.13333333333333333,-0.13333333333333333,-1.2216666666666667,2.0,15.70009362838546,0.0,0.0,0.0,0.0,0.13333333333333333,0.06666666666666667,0.0,0.0,2.0,12.931053789443103,0.0,0.0,0.0,0.0,0.13333333333333333,0.06666666666666667,0.0,0.0,24.0,0.7483331900811065,31.391666666666666,68.35,15.0,2.0,0.13333333333333333,0.13333333333333333,-0.5333333333333333,-0.9258333333333335,0.0,0.0,1.0,0.0,2.0,17.025,0.0,0.0,1.0,0.0,2.0,19.625,0.0,0.0,1.0,5.15,0.0,0.0,1.0,0.0,3.0,2.966666666666667,20.0,0.2975
west_heavy_seed1,west_heavy,1,374.25,389.25,51.0,5.69529901502159,16.06470588235294,19.0,6.75,1.0,16.496819837004335,0.0,0.0,0.0,0.0,0.06666666666666667,0.0,0.0,0.0,3.0,4.16631216133102,23.733333333333334,51.75,2.0,0.0,0.06666666666666667,0.0,0.0,0.20888888888888885,2.0,6.00903179970817,10.025,20.05,1.0,0.0,0.06666666666666667,0.0,0.0,0.3316666666666667,1.0,13.87312921402161,0.0,0.0,0.0,0.0,0.06666666666666667,0.0,0.0,0.0,3.0,3.6370529581262105,24.399999999999995,52.8,2.0,0.0,0.06666666666666667,0.0,0.0,0.18666666666666648,2.0,6.793571778803447,11.875,23.75,1.0,0.0,0.06666666666666667,0.0,0.0,0.20833333333333334,1.0,12.835198031717985,0.0,0.0,0.0,0.0,0.06666666666666667,0.0,0.0,0.0,1.0,12.504597443597234,0.0,0.0,0.0,0.0,0.06666666666666667,0.0,0.0,0.0,1.0,13.49138548879409,0.0,0.0,0.0,2.0,0.06666666666666667,0.13333333333333333,-0.13333333333333333,-1.2883333333333333,2.0,15.666893072424052,0.0,0.0,0.0,0.0,0.13333333333333333,0.06666666666666667,0.0,0.0,2.0,12.91547260748176,0.0,0.0,0.0,0.0,0.13333333333333333,0.06666666666666667,0.0,0.0,23.0,0.7661086984785459,27.43913043478261,66.6,13.0,2.0,0.13333333333333333,0.2,-0.6666666666666666,-1.2532246376811598,0.0,0.0,0.0,0.0,2.0,17.525,0.0,0.0,0.0,0.0,2.0,20.625,0.0,0.0,1.0,6.15,0.0,0.0,1.0,0.0,3.0,3.6333333333333333,20.0,0.39749999999999996
west_heavy_seed1,west_heavy,1,375.25,390.25,49.0,5.742318274935174,15.731632653061226,19.0,5.75,1.0,16.507496561833115,0.0,0.0,0.0,0.0,0.06666666666666667,0.0,0.0,0.0,3.0,4.6140043992095165,24.400000000000002,52.75,2.0,0.0,0.06666666666666667,0.0,0.0,0.1866666666666667,2.0,6.023320451240431,10.525,21.05,1.0,0.0,0.06666666666666667,0.0,0.0,0.2983333333333334,1.0,13.856408322771314,0.0,0.0,0.0,0.0,0.06666666666666667,0.0,0.0,0.0,3.0,3.991228611171245,25.066666666666663,53.8,2.0,0.0,0.06666666666666667,0.0,0.0,0.16444444444444434,2.0,7.8018694174227665,12.375,24.75,1.0,0.0,0.06666666666666667,0.0,0.0,0.175,1.0,12.833961139645501,0.0,0.0,0.0,0.0,0.06666666666666667,0.0,0.0,0.0,1.0,12.533782144051587,0.0,0.0,0.0,0.0,0.06666666666666667,0.0,0.0,0.0,1.0,15.494984191634602,0.0,0.0,0.0,2.0,0.06666666666666667,0.13333333333333333,-0.13333333333333333,-1.355,2.0,12.693841973680282,0.0,0.0,0.0,0.0,0.13333333333333333,0.06666666666666667,0.0,0.0,2.0,12.920259509696859,0.0,0.0,0.0,0.0,0.13333333333333333,0.06666666666666667,0.0,0.0,22.0,0.7879263430589515,26.211363636363636,66.25,13.0,2.0,0.13333333333333333,0.26666666666666666,-0.6666666666666666,-1.3989646464646464,0.0,0.0,0.0,0.0,2.0,18.275,0.0,0.0,0.0,0.0,2.0,21.625,0.0,0.0,1.0,7.15,0.0,0.0,1.0,0.0,3.0,4.3,20.0,0.545
west_heavy_seed1,west_heavy,1,376.25,391.25,49.0,5.911029199979821,13.401020408163264,17.0,4.75,1.0,16.52243804887721,0.0,0.0,0.0,0.0,0.06666666666666667,0.0,0.0,0.0,3.0,4.62471907429824,25.066666666666666,53.75,2.0,0.0,0.06666666666666667,0.0,0.0,0.16444444444444434,2.0,6.013805929152437,11.025,22.05,1.0,0.0,0.06666666666666667,0.0,0.0,0.265,1.0,13.87686087141512,0.0,0.0,0.0,0.0,0.06666666666666667,0.0,0.0,0.0,3.0,3.9988264219230043,25.73333333333333,54.8,2.0,0.0,0.06666666666666667,0.0,0.0,0.1422222222222222,2.0,7.867609295058862,12.875,25.75,1.0,0.0,0.06666666666666667,0.0,0.0,0.14166666666666666,1.0,12.820257603151797,0.0,0.0,0.0,0.0,0.06666666666666667,0.0,0.0,0.0,1.0,12.507908169151127,0.0,0.0,0.0,0.0,0.06666666666666667,0.0,0.0,0.0,1.0,16.6322280144617,0.0,0.0,0.0,2.0,0.06666666666666667,0.13333333333333333,-0.13333333333333333,-1.4216666666666666,2.0,9.711295627739158,0.0,0.0,0.0,0.0,0.13333333333333333,0.06666666666666667,0.0,0.0,2.0,12.929691979402676,0.0,0.0,0.0,0.0,0.13333333333333333,0.06666666666666667,0.0,0.0,22.0,1.1084352172569651,20.74772727272727,64.65,11.0,2.0,0.13333333333333333,0.26666666666666666,-0.8,-1.8270959595959597,0.0,0.0,0.0,0.0,2.0,19.275,0.0,0.0,0.0,0.0,2.0,22.625,0.0,0.0,1.0,8.15,0.0,0.0,1.0,0.0,3.0,4.966666666666667,20.0,0.695
west_heavy_seed1,west_heavy,1,377.25,392.25,48.0,5.674692338253266,12.678125,18.0,3.75,1.0,14.883709075069566,0.0,0.0,0.0,0.0,0.06666666666666667,0.0,0.0,0.0,3.0,4.615189551785977,25.733333333333334,54.75,2.0,0.0,0.06666666666666667,0.0,0.0,0.1422222222222222,2.0,6.013121814765761,11.525,23.05,1.0,0.0,0.06666666666666667,0.0,0.0,0.23166666666666663,1.0,13.85507527335547,0.0,0.0,0.0,0.0,0.06666666666666667,0.0,0.0,0.0,3.0,3.9951880535529924,26.399999999999995,55.8,2.0,0.0,0.06666666666666667,0.0,0.0,0.11999999999999982,2.0,7.8778255873153515,13.375,26.75,1.0,0.0,0.06666666666666667,0.0,0.0,0.10833333333333334,1.0,12.853662266646818,0.0,0.0,0.0,0.0,0.06666666666666667,0.0,0.0,0.0,1.0,12.481834495068837,0.0,0.0,0.0,0.0,0.06666666666666667,0.0,0.0,0.0,1.0,16.652858804967256,0.0,0.0,0.0,2.0,0.06666666666666667,0.13333333333333333,-0.13333333333333333,-1.4883333333333333,2.0,6.913323679953839,0.05,0.1,1.0,0.0,0.13333333333333333,0.06666666666666667,0.06666666666666667,0.0033333333333333335,2.0,11.183572519206358,0.0,0.0,0.0,0.0,0.13333333333333333,0.06666666666666667,0.0,0.0,21.0,1.1667160103808185,19.154761904761905,63.6,11.0,2.0,0.13333333333333333,0.3333333333333333,-0.8,-1.99718253968254,0.0,0.0,0.0,0.0,2.0,20.275,0.0,0.0,0.0,0.0,2.0,23.625,0.0,0.0,1.0,9.15,0.0,0.0,1.0,0.0,3.0,5.633333333333333,20.0,0.8949999999999999
west_heavy_seed1,west_heavy,1,378.25,393.25,48.0,5.631786931598211,11.707291666666668,17.0,2.75,1.0,9.452207873535784,0.0,0.0,0.0,0.0,0.06666666666666667,0.0,0.0,0.0,3.0,4.6248204378457745,26.400000000000002,55.75,2.0,0.0,0.06666666666666667,0.0,0.0,0.12000000000000005,2.0,6.0245353411372315,12.025,24.05,1.0,0.0,0.06666666666666667,0.0,0.0,0.1983333333333333,1.0,13.879838063357166,0.0,0.0,0.0,0.0,0.06666666666666667,0.0,0.0,0.0,3.0,3.997527123794425,27.066666666666663,56.8,2.0,0.0,0.06666666666666667,0.0,0.0,0.09777777777777767,2.0,7.888730299489439,13.875,27.75,1.0,0.0,0.06666666666666667,0.0,0.0,0.075,1.0,12.849069951032828,0.0,0.0,0.0,0.0,0.06666666666666667,0.0,0.0,0.0,1.0,12.519634507392842,0.0,0.0,0.0,0.0,0.06666666666666667,0.0,0.0,0.0,1.0,16.621530837442727,0.0,0.0,0.0,2.0,0.06666666666666667,0.13333333333333333,-0.13333333333333333,-1.555,2.0,5.698912009144606,0.55,1.1,1.0,0.0,0.13333333333333333,0.06666666666666667,0.06666666666666667,0.03666666666666667,2.0,8.93657652496115,0.0,0.0,0.0,0.0,0.13333333333333333,0.06666666666666667,0.0,0.0,21.0,1.559530191542226,16.60238095238095,62.8,10.0,2.0,0.13333333333333333,0.3333333333333333,-0.9333333333333333,-2.232202380952381,0.0,0.0,0.0,0.0,2.0,21.275,0.0,0.0,0.0,0.0,2.0,24.625,0.0,0.0,1.0,10.15,0.0,0.0,1.0,0.0,3.0,6.3,20.0,1.1099999999999999
west_heavy_seed1,west_heavy,1,379.25,394.25,48.0,5.535964015062657,9.496875000000001,15.0,1.75,1.0,3.952207873535777,0.0,0.0,0.0,0.0,0.06666666666666667,0.0,0.0,0.0,3.0,4.608720110840708,27.066666666666666,56.75,2.0,0.0,0.06666666666666667,0.0,0.0,0.09777777777777767,2.0,6.031012057194164,12.525,25.05,1.0,0.0,0.06666666666666667,0.0,0.0,0.16499999999999998,1.0,12.074259087062522,0.0,0.0,0.0,0.0,0.06666666666666667,0.0,0.0,0.0,3.0,3.9976526150107383,27.73333333333333,57.8,2.0,0.0,0.06666666666666667,0.0,0.0,0.07555555555555553,2.0,7.889407710857556,14.375,28.75,1.0,0.0,0.06666666666666667,0.0,0.0,0.041666666666666664,1.0,12.817420328233231,0.0,0.0,0.0,0.0,0.06666666666666667,0.0,0.0,0.0,1.0,12.513509343841655,0.0,0.0,0.0,0.0,0.06666666666666667,0.0,0.0,0.0,1.0,16.64732860882208,0.0,0.0,0.0,2.0,0.06666666666666667,0.13333333333333333,-0.13333333333333333,-1.6216666666666666,2.0,4.137366733679221,1.05,2.1,1.0,0.0,0.13333333333333333,0.06666666666666667,0.06666666666666667,0.07,2.0,6.518374006672973,0.0,0.0,0.0,0.0,0.13333333333333333,0.0,0.0,0.0,20.0,1.6992876752618682,11.7775,57.6,8.0,2.0,0.13333333333333333,0.4,-1.0666666666666667,-2.6205277777777782,0.0,0.0,0.0,0.0,2.0,22.275,0.0,0.0,0.0,0.0,2.0,25.625,0.0,0.0,1.0,11.15,0.0,0.0,2.0,0.0,4.0,5.225,21.0,1.2952380952380953
west_heavy_seed1,west_heavy,1,380.25,395.25,48.0,5.412721831939099,8.610416666666667,16.0,0.75,1.0,0.0,0.3,0.3,1.0,0.0,0.06666666666666667,0.0,0.06666666666666667,0.02,3.0,4.608664728602938,27.733333333333334,57.75,2.0,0.0,0.06666666666666667,0.0,0.0,0.07555555555555553,2.0,6.020878486827857,13.025,26.05,1.0,0.0,0.06666666666666667,0.0,0.0,0.13166666666666665,1.0,7.5751529865670655,0.0,0.0,0.0,0.0,0.06666666666666667,0.0,0.0,0.0,3.0,3.995035118367523,28.399999999999995,58.8,2.0,0.0,0.06666666666666667,0.0,0.0,0.05333333333333314,2.0,7.408982019742431,14.875,29.75,1.0,0.0,0.06666666666666667,0.0,0.0,0.008333333333333333,1.0,11.481445370582446,0.0,0.0,0.0,0.0,0.06666666666666667,0.0,0.0,0.0,1.0,12.498782641518703,0.0,0.0,0.0,0.0,0.06666666666666667,0.0,0.0,0.0,1.0,16.59767927901447,0.0,0.0,0.0,2.0,0.06666666666666667,0.13333333333333333,-0.13333333333333333,-1.6883333333333332,2.0,2.764708668548006,1.55,3.1,1.0,0.0,0.13333333333333333,0.06666666666666667,0.06666666666666667,0.10333333333333333,2.0,4.468594981338399,0.375,0.75,1.0,0.0,0.13333333333333333,0.0,0.06666666666666667,0.025,20.0,2.183037770393562,9.247499999999999,49.1,7.0,2.0,0.13333333333333333,0.4,-1.1333333333333333,-2.8558611111111114,0.0,0.0,0.0,0.0,2.0,23.275,0.0,0.0,0.0,0.0,2.0,26.625,0.0,0.0,1.0,12.15,0.0,0.0,2.0,0.0,4.0,5.725,21.0,1.5642857142857143
west_heavy_seed1,west_heavy,1,381.25,396.25,48.0,5.182562843199192,6.8999999999999995,14.0,2.75,1.0,0.0,1.3,1.3,1.0,0.0,0.06666666666666667,0.0,0.06666666666666667,0.08666666666666667,3.0,3.9462098221540765,28.400000000000002,58.75,2.0,0.0,0.06666666666666667,0.0,0.0,0.05333333333333338,2.0,6.032070278282188,13.525,27.05,1.0,0.0,0.06666666666666667,0.0,0.0,0.09833333333333331,1.0,3.078441970505391,0.0,0.0,0.0,0.0,0.06666666666666667,0.0,0.0,0.0,3.0,3.9954081233520995,29.066666666666663,59.8,2.0,0.0,0.06666666666666667,0.0,0.0,0.031111111111111,2.0,5.356240346401004,15.375,30.75,1.0,0.0,0.06666666666666667,0.0,0.0,-0.025,1.0,6.996599379492448,0.0,0.0,0.0,0.0,0.06666666666666667,0.0,0.0,0.0,1.0,8.449168032276916,0.0,0.0,0.0,0.0,0.06666666666666667,0.0,0.0,0.0,1.0,16.67,0.0,0.0,0.0,1.0,0.06666666666666667,0.13333333333333333,-0.13333333333333333,-1.7550000000000001,2.0,1.6521071970873227,2.05,4.1,1.0,0.0,0.06666666666666667,0.06666666666666667,0.06666666666666667,0.13666666666666666,2.0,3.255900434612805,0.875,1.75,1.0,0.0,0.06666666666666667,0.0,0.06666666666666667,0.058333333333333334,19.0,2.3911285156989224,4.939473684210526,33.8,5.0,1.0,0.06666666666666667,0.4666666666666667,-1.2666666666666666,-3.0681684210526314,0.0,0.0,0.0,0.0,2.0,24.275,0.0,0.0,0.0,0.0,2.0,27.625,0.0,0.0,1.0,13.15,0.0,0.0,2.0,0.0,4.0,6.225,21.0,1.8547619047619046
west_heavy_seed1,west_heavy,1,382.25,397.25,48.0,4.858721212197853,6.473958333333333,14.0,1.75,1.0,0.0,2.3,2.3,1.0,0.0,0.06666666666666667,0.0,0.06666666666666667,0.15333333333333332,3.0,2.888791578325437,29.066666666666666,59.75,2.0,0.0,0.06666666666666667,0.0,0.0,0.031111111111111,2.0,6.018653289750943,14.025,28.05,1.0,0.0,0.06666666666666667,0.0,0.0,0.06499999999999997,1.0,0.0,0.35,0.35,1.0,0.0,0.06666666666666667,0.0,0.06666666666666667,0.02333333333333333,3.0,3.925905655008528,29.73333333333333,60.8,2.0,0.0,0.06666666666666667,0.0,0.0,0.008888888888888858,2.0,3.499734024487405,15.875,31.75,1.0,0.0,0.06666666666666667,0.0,0.0,-0.058333333333333334,1.0,2.496599379492452,0.0,0.0,0.0,0.0,0.06666666666666667,0.0,0.0,0.0,1.0,3.957335996607249,0.0,0.0,0.0,0.0,0.06666666666666667,0.0,0.0,0.0,0.0,0.0,0.0,0.0,0.0,1.0,0.0,0.13333333333333333,-0.13333333333333333,-1.8216666666666668,2.0,0.8423382715109944,2.55,5.1,1.0,0.0,0.06666666666666667,0.0,0.06666666666666667,0.16999999999999998,2.0,2.2172231443746178,1.375,2.75,1.0,0.0,0.06666666666666667,0.0,0.06666666666666667,0.09166666666666666,19.0,2.644581623447236,3.371052631578947,32.1,4.0,1.0,0.06666666666666667,0.4666666666666667,-1.3333333333333333,-3.236729824561403,0.0,0.0,0.0,0.0,2.0,25.275,0.0,0.0,0.0,0.0,2.0,28.625,0.0,0.0,1.0,14.15,0.0,0.0,2.0,0.0,4.0,6.725,21.0,2.1880952380952383
west_heavy_seed1,west_heavy,1,383.25,398.25,51.0,4.18707190575338,5.731372549019608,15.0,0.75,1.0,0.0,3.3,3.3,1.0,0.0,0.0,0.0,0.06666666666666667,0.22,3.0,1.9612211144538645,29.733333333333334,60.75,2.0,0.0,0.0,0.0,0.0,0.6666666666666666,2.0,4.774674617382977,14.525,29.05,1.0,0.0,0.0,0.0,0.0,0.5,1.0,0.0,1.35,1.35,1.0,0.0,0.0,0.0,0.06666666666666667,0.09000000000000001,3.0,3.0252519032841767,30.399999999999995,61.8,2.0,0.0,0.0,0.0,0.0,0.6666666666666664,2.0,1.941819565149744,16.375,32.75,1.0,0.0,0.0,0.0,0.0,0.5,1.0,0.0,0.5,0.5,1.0,0.0,0.0,0.0,0.06666666666666667,0.03333333333333333,1.0,0.0,0.15,0.15,1.0,0.0,0.0,0.0,0.06666666666666667,0.01,0.0,0.0,0.0,0.0,0.0,1.0,0.0,0.2,-0.13333333333333333,-1.2588888888888892,3.0,0.4266774198732928,2.033333333333333,6.1,1.0,0.0,0.06666666666666667,0.0,0.06666666666666667,0.13555555555555554,3.0,1.4578331888411415,1.25,3.75,1.0,0.0,0.06666666666666667,0.0,0.06666666666666667,0.08333333333333333,20.0,2.3800374555762827,1.7475,20.35,3.0,1.0,0.06666666666666667,0.4666666666666667,-1.4,-3.2733717948717946,0.0,0.0,0.0,0.0,2.0,26.275,0.0,0.0,0.0,0.0,2.0,29.625,0.0,0.0,1.0,15.15,0.0,0.0,1.0,0.0,4.0,7.225,21.0,2.55
west_heavy_seed1,west_heavy,1,384.25,399.25,51.0,4.1351332052244745,2.1019607843137256,7.0,29.75,1.0,0.7706596731675287,0.0,0.0,0.0,2.0,0.0,0.0,0.0,0.0,3.0,1.3754017640184701,9.816666666666666,29.45,1.0,2.0,0.0,0.0,-0.06666666666666667,-0.7055555555555557,2.0,3.30944022484186,15.025,30.05,1.0,0.0,0.0,0.0,0.0,0.5,1.0,0.6336311283630655,0.0,0.0,0.0,2.0,0.0,0.0,0.0,0.0,3.0,2.4582442716716186,0.0,0.0,0.0,2.0,0.0,0.0,-0.13333333333333333,-1.4044444444444444,2.0,0.8830981795298312,16.875,33.75,1.0,0.0,0.0,0.0,0.0,0.5,1.0,0.6261752885909381,0.0,0.0,0.0,2.0,0.0,0.0,0.0,0.0,1.0,0.0,1.15,1.15,1.0,0.0,0.0,0.0,0.06666666666666667,0.07666666666666666,0.0,0.0,0.0,0.0,0.0,0.0,0.0,0.2,-0.06666666666666667,-0.24555555555555558,3.0,1.489786062227729,0.0,0.0,0.0,2.0,0.06666666666666667,0.0,0.0,0.0,3.0,1.7850428668719565,1.5833333333333333,4.75,1.0,0.0,0.06666666666666667,0.0,0.06666666666666667,0.10555555555555556,20.0,2.332686289368106,0.4025,7.45,2.0,0.0,0.06666666666666667,0.4666666666666667,-1.4,-3.2158589743589743,0.0,0.0,0.0,0.0,2.0,27.275,0.0,0.0,0.0,0.0,2.0,30.625,0.0,0.0,1.0,16.15,0.0,0.0,2.0,0.0,5.0,6.18,22.0,2.7977272727272724
west_heavy_seed1,west_heavy,1,385.25,400.25,50.0,4.31873394354088,1.506,5.0,28.75,0.0,0.0,0.0,0.0,0.0,2.0,0.0,0.06666666666666667,0.0,0.0,2.0,1.911551528741855,0.0,0.0,0.0,2.0,0.0,0.06666666666666667,-0.13333333333333333,-1.4044444444444444,2.0,2.0678443044026427,15.525,31.05,1.0,0.0,0.0,0.0,0.0,0.5,0.0,0.0,0.0,0.0,0.0,2.0,0.0,0.06666666666666667,0.0,0.0,2.0,3.439715301438862,0.0,0.0,0.0,2.0,0.0,0.06666666666666667,-0.13333333333333333,-1.4488888888888887,2.0,0.310740865464678,17.375,34.75,1.0,0.0,0.0,0.0,0.0,0.5,0.0,0.0,0.0,0.0,0.0,2.0,0.0,0.06666666666666667,0.0,0.0,1.0,0.0,2.15,2.15,1.0,0.0,0.0,0.0,0.06666666666666667,0.14333333333333334,0.0,0.0,0.0,0.0,0.0,0.0,0.0,0.13333333333333333,0.0,0.0,2.0,3.605747802779595,0.0,0.0,0.0,2.0,0.06666666666666667,0.06666666666666667,0.0,0.0,3.0,2.2719631611849773,1.9166666666666667,5.75,1.0,0.0,0.06666666666666667,0.0,0.06666666666666667,0.1277777777777778,20.0,2.3883861409062552,0.08,1.6,1.0,0.0,0.06666666666666667,0.4,-1.2666666666666666,-2.8116,0.0,0.0,0.0,0.0,2.0,28.275,0.0,0.0,0.0,0.0,2.0,31.625,0.0,0.0,1.0,17.15,0.0,0.0,2.0,0.0,5.0,6.58,22.0,3.1727272727272724
west_heavy_seed1,west_heavy,1,386.25,401.25,50.0,4.634724714716878,1.6059999999999999,5.0,27.75,0.0,0.0,0.0,0.0,0.0,2.0,0.0,0.06666666666666667,0.0,0.0,2.0,2.84807564867233,0.0,0.0,0.0,2.0,0.0,0.06666666666666667,-0.13333333333333333,-1.448888888888889,2.0,1.1439732132337177,16.025,32.05,1.0,0.0,0.0,0.0,0.0,0.4999999999999999,0.0,0.0,0.0,0.0,0.0,2.0,0.0,0.06666666666666667,0.0,0.0,2.0,4.054903198824421,0.0,0.0,0.0,2.0,0.0,0.06666666666666667,-0.13333333333333333,-1.493333333333333,2.0,0.09402327407626725,17.875,35.75,1.0,0.0,0.0,0.0,0.0,0.5,0.0,0.0,0.0,0.0,0.0,2.0,0.0,0.06666666666666667,0.0,0.0,1.0,0.0,3.15,3.15,1.0,0.0,0.0,0.0,0.06666666666666667,0.21,0.0,0.0,0.0,0.0,0.0,0.0,0.0,0.13333333333333333,0.0,0.0,2.0,5.523370451984713,0.0,0.0,0.0,2.0,0.06666666666666667,0.06666666666666667,0.0,0.0,3.0,2.8162414808326877,2.25,6.75,1.0,0.0,0.06666666666666667,0.0,0.06666666666666667,0.15,20.0,2.2572905715169873,0.13,2.6,1.0,0.0,0.06666666666666667,0.4,-1.1333333333333333,-2.471733333333333,0.0,0.0,0.0,0.0,2.0,29.275,0.0,0.0,0.0,0.0,2.0,32.625,0.0,0.0,1.0,18.15,0.0,0.0,2.0,0.0,5.0,6.9799999999999995,22.0,3.5818181818181816
west_heavy_seed1,west_heavy,1,387.25,402.25,50.0,5.028127631480469,1.7229999999999999,7.0,26.75,0.0,0.0,0.0,0.0,0.0,2.0,0.0,0.06666666666666667,0.0,0.0,1.0,3.7284697727236025,0.0,0.0,0.0,2.0,0.0,0.13333333333333333,-0.13333333333333333,-1.4933333333333334,2.0,0.5330080716656214,16.525,33.05,1.0,0.0,0.0,0.0,0.0,0.4999999999999999,0.0,0.0,0.0,0.0,0.0,2.0,0.0,0.06666666666666667,0.0,0.0,1.0,5.088947720977243,0.0,0.0,0.0,2.0,0.0,0.13333333333333333,-0.13333333333333333,-1.5377777777777775,2.0,0.02685753429909197,18.625,36.75,2.0,0.0,0.0,0.0,0.06666666666666667,0.5166666666666667,0.0,0.0,0.0,0.0,0.0,2.0,0.0,0.06666666666666667,0.0,0.0,1.0,0.0,4.15,4.15,1.0,0.0,0.0,0.0,0.06666666666666667,0.27666666666666667,0.0,0.0,0.0,0.0,0.0,0.0,0.0,0.06666666666666667,0.0,0.0,1.0,8.730659132057252,0.0,0.0,0.0,2.0,0.06666666666666667,0.13333333333333333,0.0,0.0,3.0,3.396332129331482,2.5833333333333335,7.75,1.0,0.0,0.06666666666666667,0.0,0.06666666666666667,0.17222222222222222,20.0,2.161138232404679,0.1975,3.6,2.0,0.0,0.06666666666666667,0.4,-1.0,-2.325366666666667,0.0,0.0,0.0,0.0,2.0,30.275,0.0,0.0,0.0,0.0,2.0,33.625,0.0,0.0,1.0,19.15,0.0,0.0,2.0,0.0,5.0,7.56,22.0,4.002272727272727
west_heavy_seed1,west_heavy,1,388.25,403.25,50.0,5.468938320905897,1.8659999999999999,8.0,25.75,0.0,0.0,0.0,0.0,0.0,2.0,0.0,0.06666666666666667,0.0,0.0,1.0,5.113400295671377,0.0,0.0,0.0,2.0,0.0,0.13333333333333333,-0.13333333333333333,-1.5377777777777777,2.0,0.22311839162123373,17.025,34.05,1.0,0.0,0.0,0.0,0.0,0.4999999999999999,0.0,0.0,0.0,0.0,0.0,2.0,0.0,0.06666666666666667,0.0,0.0,1.0,6.16797363227812,0.0,0.0,0.0,2.0,0.0,0.13333333333333333,-0.13333333333333333,-1.582222222222222,2.0,0.007531314246223255,19.625,37.75,2.0,0.0,0.0,0.0,0.06666666666666667,0.55,0.0,0.0,0.0,0.0,0.0,2.0,0.0,0.06666666666666667,0.0,0.0,1.0,0.0,5.15,5.15,1.0,0.0,0.0,0.0,0.06666666666666667,0.3433333333333334,0.0,0.0,0.0,0.0,0.0,0.0,0.0,0.06666666666666667,0.0,0.0,1.0,10.797438446638559,0.0,0.0,0.0,2.0,0.06666666666666667,0.13333333333333333,0.0,0.0,3.0,4.029171217415391,2.966666666666667,8.75,2.0,0.0,0.06666666666666667,0.0,0.13333333333333333,0.19777777777777777,20.0,2.0964838117502977,0.2975,4.6,2.0,0.0,0.06666666666666667,0.3333333333333333,-0.8666666666666667,-2.0729444444444445,0.0,0.0,0.0,0.0,2.0,31.275,0.0,0.0,0.0,0.0,2.0,34.625,0.0,0.0,1.0,20.15,0.0,0.0,2.0,0.0,5.0,8.16,22.0,4.456818181818182
west_heavy_seed1,west_heavy,1,389.25,404.25,49.0,5.819845414603648,2.0673469387755103,8.0,24.75,0.0,0.0,0.0,0.0,0.0,2.0,0.0,0.06666666666666667,0.0,0.0,0.0,0.0,0.0,0.0,0.0,2.0,0.0,0.2,-0.13333333333333333,-1.5822222222222222,2.0,0.0834677101222279,17.525,35.05,1.0,0.0,0.0,0.0,0.0,0.4999999999999999,0.0,0.0,0.0,0.0,0.0,2.0,0.0,0.06666666666666667,0.0,0.0,0.0,0.0,0.0,0.0,0.0,2.0,0.0,0.2,-0.13333333333333333,-1.6266666666666663,2.0,0.002102568771783181,20.625,38.75,2.0,0.0,0.0,0.0,0.06666666666666667,0.5833333333333334,0.0,0.0,0.0,0.0,0.0,2.0,0.0,0.06666666666666667,0.0,0.0,1.0,0.0,6.15,6.15,1.0,0.0,0.0,0.0,0.06666666666666667,0.41000000000000003,0.0,0.0,0.0,0.0,0.0,0.0,0.0,0.06666666666666667,0.0,0.0,1.0,12.91369012840224,0.0,0.0,0.0,2.0,0.06666666666666667,0.13333333333333333,0.0,0.0,3.0,4.755774819752019,3.6333333333333333,9.75,2.0,0.0,0.06666666666666667,0.0,0.13333333333333333,0.24222222222222223,20.0,2.0420431221448094,0.39749999999999996,5.6,2.0,0.0,0.06666666666666667,0.26666666666666666,-0.7333333333333333,-1.8027753623188405,0.0,0.0,0.0,0.0,2.0,32.275,0.0,0.0,0.0,0.0,2.0,35.625,0.0,0.0,1.0,21.15,0.0,0.0,2.0,0.0,5.0,8.76,22.0,4.952272727272727
west_heavy_seed1,west_heavy,1,390.25,405.25,49.0,6.260770506865493,2.260204081632653,10.0,23.75,0.0,0.0,0.0,0.0,0.0,2.0,0.0,0.06666666666666667,0.0,0.0,0.0,0.0,0.0,0.0,0.0,2.0,0.0,0.2,-0.13333333333333333,-1.6266666666666667,2.0,0.02970421267097681,18.275,36.05,2.0,0.0,0.0,0.0,0.06666666666666667,0.5166666666666665,0.0,0.0,0.0,0.0,0.0,2.0,0.0,0.06666666666666667,0.0,0.0,0.0,0.0,0.0,0.0,0.0,2.0,0.0,0.2,-0.13333333333333333,-1.6711111111111108,2.0,0.0005955526676209243,21.625,39.75,2.0,0.0,0.0,0.0,0.06666666666666667,0.6166666666666667,0.0,0.0,0.0,0.0,0.0,2.0,0.0,0.06666666666666667,0.0,0.0,1.0,0.0,7.15,7.15,1.0,0.0,0.0,0.0,0.06666666666666667,0.4766666666666667,0.0,0.0,0.0,0.0,0.0,0.0,0.0,0.06666666666666667,0.0,0.0,1.0,14.849913520587068,0.0,0.0,0.0,2.0,0.06666666666666667,0.13333333333333333,0.0,0.0,3.0,4.880619880079954,4.3,10.75,2.0,0.0,0.06666666666666667,0.0,0.13333333333333333,0.2866666666666667,20.0,1.9821205006556422,0.545,6.6,3.0,0.0,0.06666666666666667,0.2,-0.6666666666666666,-1.711090909090909,0.0,0.0,0.0,0.0,2.0,33.275,0.0,0.0,0.0,0.0,2.0,36.625,0.0,0.0,1.0,22.15,0.0,0.0,2.0,0.0,5.0,9.36,22.0,5.493181818181818
west_heavy_seed1,west_heavy,1,391.25,406.25,48.0,6.51100879599646,2.515625,10.0,22.75,0.0,0.0,0.0,0.0,0.0,2.0,0.0,0.06666666666666667,0.0,0.0,0.0,0.0,0.0,0.0,0.0,2.0,0.0,0.2,-0.13333333333333333,-1.671111111111111,2.0,0.010770714612233926,19.275,37.05,2.0,0.0,0.0,0.0,0.06666666666666667,0.5499999999999999,0.0,0.0,0.0,0.0,0.0,2.0,0.0,0.06666666666666667,0.0,0.0,0.0,0.0,0.0,0.0,0.0,2.0,0.0,0.2,-0.13333333333333333,-1.7155555555555553,2.0,0.00016793396966533535,22.625,40.75,2.0,0.0,0.0,0.0,0.06666666666666667,0.65,0.0,0.0,0.0,0.0,0.0,2.0,0.0,0.06666666666666667,0.0,0.0,1.0,0.0,8.15,8.15,1.0,0.0,0.0,0.0,0.06666666666666667,0.5433333333333333,0.0,0.0,0.0,0.0,0.0,0.0,0.0,0.06666666666666667,0.0,0.0,1.0,15.777852087691903,0.0,0.0,0.0,2.0,0.06666666666666667,0.13333333333333333,0.0,0.0,3.0,4.883440318492778,4.966666666666667,11.75,2.0,0.0,0.06666666666666667,0.0,0.13333333333333333,0.33111111111111113,20.0,1.915266339090104,0.695,7.6,3.0,0.0,0.06666666666666667,0.2,-0.5333333333333333,-1.3368484848484847,0.0,0.0,0.0,0.0,2.0,34.275,0.0,0.0,0.0,0.0,2.0,37.625,0.0,0.0,1.0,23.15,0.0,0.0,2.0,0.0,5.0,9.959999999999999,22.0,6.054545454545454
west_heavy_seed1,west_heavy,1,392.25,407.25,46.0,6.295921714398708,2.864130434782609,11.0,21.75,0.0,0.0,0.0,0.0,0.0,2.0,0.0,0.06666666666666667,0.0,0.0,0.0,0.0,0.0,0.0,0.0,2.0,0.0,0.2,-0.13333333333333333,-1.7155555555555557,2.0,0.003978798875663451,20.275,38.05,2.0,0.0,0.0,0.0,0.06666666666666667,0.5833333333333333,0.0,0.0,0.0,0.0,0.0,2.0,0.0,0.06666666666666667,0.0,0.0,0.0,0.0,0.0,0.0,0.0,2.0,0.0,0.2,-0.13333333333333333,-1.7599999999999996,2.0,4.733015700354388e-05,23.625,41.75,2.0,0.0,0.0,0.0,0.06666666666666667,0.6833333333333333,0.0,0.0,0.0,0.0,0.0,2.0,0.0,0.06666666666666667,0.0,0.0,1.0,0.0,9.15,9.15,1.0,0.0,0.0,0.0,0.06666666666666667,0.61,0.0,0.0,0.0,0.0,0.0,0.0,0.0,0.06666666666666667,0.0,0.0,1.0,15.839265702084182,0.0,0.0,0.0,2.0,0.06666666666666667,0.13333333333333333,-0.06666666666666667,-0.0033333333333333335,3.0,4.87843301614332,5.633333333333333,12.75,2.0,0.0,0.06666666666666667,0.0,0.13333333333333333,0.37555555555555553,20.0,1.8333018710422517,0.8949999999999999,8.6,4.0,0.0,0.06666666666666667,0.13333333333333333,-0.4666666666666667,-1.2173174603174604,0.0,0.0,0.0,0.0,2.0,35.275,0.0,0.0,0.0,0.0,2.0,38.625,0.0,0.0,1.0,24.15,0.0,0.0,2.0,0.0,5.0,10.559999999999999,22.0,6.661363636363637
west_heavy_seed1,west_heavy,1,393.25,408.25,45.0,6.138734171172161,3.1788888888888893,12.0,20.75,0.0,0.0,0.0,0.0,0.0,2.0,0.0,0.06666666666666667,0.0,0.0,0.0,0.0,0.0,0.0,0.0,2.0,0.0,0.2,-0.13333333333333333,-1.7600000000000002,2.0,0.0014308659949921535,21.275,39.05,2.0,0.0,0.0,0.0,0.06666666666666667,0.6166666666666666,0.0,0.0,0.0,0.0,0.0,2.0,0.0,0.06666666666666667,0.0,0.0,0.0,0.0,0.0,0.0,0.0,2.0,0.0,0.2,-0.13333333333333333,-1.8044444444444443,2.0,1.3352503593019158e-05,24.625,42.75,2.0,0.0,0.0,0.0,0.06666666666666667,0.7166666666666667,0.0,0.0,0.0,0.0,0.0,2.0,0.0,0.06666666666666667,0.0,0.0,1.0,0.0,10.15,10.15,1.0,0.0,0.0,0.0,0.06666666666666667,0.6766666666666666,0.0,0.0,0.0,0.0,0.0,0.0,0.0,0.06666666666666667,0.0,0.0,1.0,15.774800912164627,0.0,0.0,0.0,2.0,0.06666666666666667,0.13333333333333333,-0.06666666666666667,-0.03666666666666667,3.0,4.872765383450091,6.3,13.75,2.0,0.0,0.06666666666666667,0.0,0.13333333333333333,0.42,20.0,1.7347685209517436,1.1099999999999999,9.6,5.0,0.0,0.06666666666666667,0.13333333333333333,-0.3333333333333333,-1.0328253968253969,0.0,0.0,0.0,0.0,2.0,36.275,0.0,0.0,0.0,0.0,2.0,39.625,0.0,0.0,1.0,25.15,0.0,0.0,2.0,0.0,5.0,11.16,22.0,7.3136363636363635
west_heavy_seed1,west_heavy,1,394.25,409.25,47.0,6.002898864206633,3.2989361702127664,12.0,19.75,0.0,0.0,0.0,0.0,0.0,2.0,0.0,0.06666666666666667,0.0,0.0,0.0,0.0,0.0,0.0,0.0,2.0,0.0,0.2,-0.13333333333333333,-1.8044444444444445,2.0,0.0005217286757972899,22.275,40.05,2.0,0.0,0.0,0.0,0.06666666666666667,0.6499999999999999,0.0,0.0,0.0,0.0,0.0,2.0,0.0,0.06666666666666667,0.0,0.0,0.0,0.0,0.0,0.0,0.0,2.0,0.0,0.2,-0.13333333333333333,-1.8488888888888888,2.0,3.66489092159519e-06,25.625,43.75,2.0,0.0,0.0,0.0,0.06666666666666667,0.75,0.0,0.0,0.0,0.0,0.0,2.0,0.0,0.06666666666666667,0.0,0.0,1.0,0.0,11.15,11.15,1.0,0.0,0.0,0.0,0.06666666666666667,0.7433333333333334,0.0,0.0,0.0,0.0,0.0,0.0,0.0,0.06666666666666667,0.0,0.0,2.0,13.665670982639655,0.0,0.0,0.0,2.0,0.13333333333333333,0.13333333333333333,-0.06666666666666667,-0.07,4.0,5.309771507249855,5.225,14.75,2.0,0.0,0.13333333333333333,0.0,0.13333333333333333,0.34833333333333333,21.0,1.7322081210096916,1.2952380952380953,10.6,5.0,0.0,0.13333333333333333,0.06666666666666667,-0.2,-0.6988174603174603,0.0,0.0,0.0,0.0,2.0,37.275,0.0,0.0,0.0,0.0,2.0,40.625,0.0,0.0,1.0,26.15,0.0,0.0,1.0,0.0,5.0,11.76,22.0,7.997727272727274
west_heavy_seed1,west_heavy,1,395.25,410.25,46.0,5.806452448872268,3.645652173913043,13.0,18.75,0.0,0.0,0.0,0.0,0.0,2.0,0.0,0.06666666666666667,-0.06666666666666667,-0.02,0.0,0.0,0.0,0.0,0.0,2.0,0.0,0.2,-0.13333333333333333,-1.848888888888889,2.0,0.00018936877674398243,23.275,41.05,2.0,0.0,0.0,0.0,0.06666666666666667,0.6833333333333332,0.0,0.0,0.0,0.0,0.0,2.0,0.0,0.06666666666666667,0.0,0.0,0.0,0.0,0.0,0.0,0.0,2.0,0.0,0.2,-0.13333333333333333,-1.893333333333333,2.0,0.0,26.625,44.75,2.0,0.0,0.0,0.0,0.06666666666666667,0.7833333333333333,0.0,0.0,0.0,0.0,0.0,2.0,0.0,0.06666666666666667,0.0,0.0,1.0,0.0,12.15,12.15,1.0,0.0,0.0,0.0,0.06666666666666667,0.81,0.0,0.0,0.0,0.0,0.0,0.0,0.0,0.06666666666666667,0.0,0.0,2.0,13.641898845971912,0.0,0.0,0.0,2.0,0.13333333333333333,0.13333333333333333,-0.06666666666666667,-0.10333333333333333,4.0,5.566006878825952,5.725,15.75,2.0,0.0,0.13333333333333333,0.0,0.06666666666666667,0.35666666666666663,21.0,1.7312302760538048,1.5642857142857143,11.6,6.0,0.0,0.13333333333333333,0.06666666666666667,-0.06666666666666667,-0.5122142857142856,0.0,0.0,0.0,0.0,2.0,38.275,0.0,0.0,0.0,0.0,2.0,41.625,0.0,0.0,1.0,27.15,0.0,0.0,1.0,0.0,5.0,12.489999999999998,22.0,8.725000000000001
west_heavy_seed1,west_heavy,1,396.25,411.25,46.0,5.783651472041861,3.930434782608695,14.0,17.75,0.0,0.0,0.0,0.0,0.0,2.0,0.0,0.06666666666666667,-0.06666666666666667,-0.08666666666666667,0.0,0.0,0.0,0.0,0.0,2.0,0.0,0.2,-0.13333333333333333,-1.8933333333333335,2.0,6.962934830086137e-05,24.275,42.05,2.0,0.0,0.0,0.0,0.06666666666666667,0.7166666666666666,0.0,0.0,0.0,0.0,0.0,2.0,0.0,0.06666666666666667,0.0,0.0,0.0,0.0,0.0,0.0,0.0,2.0,0.0,0.2,-0.13333333333333333,-1.9377777777777776,2.0,0.0,27.625,45.75,2.0,0.0,0.0,0.0,0.06666666666666667,0.8166666666666667,0.0,0.0,0.0,0.0,0.0,2.0,0.0,0.06666666666666667,0.0,0.0,1.0,0.0,13.15,13.15,1.0,0.0,0.0,0.0,0.06666666666666667,0.8766666666666667,0.0,0.0,0.0,0.0,0.0,0.0,0.0,0.06666666666666667,0.0,0.0,2.0,13.709325254774072,0.0,0.0,0.0,2.0,0.13333333333333333,0.13333333333333333,-0.06666666666666667,-0.13666666666666666,4.0,5.19588732862498,6.225,16.75,2.0,0.0,0.13333333333333333,0.0,0.06666666666666667,0.35666666666666663,21.0,1.7271982242948507,1.8547619047619046,12.6,7.0,0.0,0.13333333333333333,0.0,0.13333333333333333,-0.20564745196324144,0.0,0.0,0.0,0.0,2.0,39.275,0.0,0.0,0.0,0.0,2.0,42.625,0.0,0.0,1.0,28.15,0.0,0.0,1.0,0.0,5.0,13.290000000000001,22.0,9.486363636363636
west_heavy_seed1,west_heavy,1,422.25,437.25,49.0,4.049129360245727,12.131632653061226,28.0,6.75,1.0,11.071988074313849,0.0,0.0,0.0,0.0,0.06666666666666667,0.0,0.0,0.0,1.0,11.08516930294223,0.0,0.0,0.0,0.0,0.06666666666666667,0.0,0.0,0.0,1.0,11.069097764385864,0.0,0.0,0.0,2.0,0.06666666666666667,0.13333333333333333,-0.13333333333333333,-2.3516666666666666,1.0,11.064084012629463,0.0,0.0,0.0,0.0,0.06666666666666667,0.0,0.0,0.0,1.0,11.063566593823953,0.0,0.0,0.0,0.0,0.06666666666666667,0.0,0.0,0.0,1.0,11.079891474448145,0.0,0.0,0.0,2.0,0.06666666666666667,0.13333333333333333,-0.13333333333333333,-2.575,1.0,10.812738110446752,0.0,0.0,0.0,0.0,0.06666666666666667,0.0,0.0,0.0,2.0,0.5833071587896614,19.575,39.15,1.0,0.0,0.06666666666666667,0.0,0.0,-0.30499999999999994,1.0,11.080880531361325,0.0,0.0,0.0,0.0,0.06666666666666667,0.0,0.0,0.0,2.0,11.536274444512324,0.0,0.0,0.0,0.0,0.13333333333333333,0.13333333333333333,0.0,0.0,7.0,2.143123805075016,16.9,42.75,5.0,0.0,0.13333333333333333,0.0,0.13333333333333333,0.42266666666666663,24.0,0.13151885670678132,18.208333333333332,38.6,22.0,0.0,0.13333333333333333,0.0,0.5333333333333333,0.7697979797979797,2.0,0.0,2.0,0.0,2.0,0.0,2.0,0.0,2.0,0.0,2.0,0.0,2.0,0.0,2.0,0.0,2.0,0.0,4.0,0.0,7.0,0.0,27.0,28.951851851851853
west_heavy_seed1,west_heavy,1,423.25,438.25,49.0,4.204842851755528,12.703061224489797,28.0,5.75,1.0,11.10405072709918,0.0,0.0,0.0,0.0,0.06666666666666667,0.0,0.0,0.0,1.0,11.066051433645189,0.0,0.0,0.0,0.0,0.06666666666666667,0.0,0.0,0.0,1.0,11.097969093604013,0.0,0.0,0.0,2.0,0.06666666666666667,0.13333333333333333,-0.13333333333333333,-2.4183333333333334,1.0,11.048884290020911,0.0,0.0,0.0,0.0,0.06666666666666667,0.0,0.0,0.0,1.0,11.09797177163884,0.0,0.0,0.0,0.0,0.06666666666666667,0.0,0.0,0.0,1.0,11.042017926707864,0.0,0.0,0.0,2.0,0.06666666666666667,0.13333333333333333,-0.13333333333333333,-2.6416666666666666,1.0,10.831845169318289,0.0,0.0,0.0,0.0,0.06666666666666667,0.0,0.0,0.0,2.0,1.1921299449441023,20.075,40.15,1.0,0.0,0.06666666666666667,0.0,0.0,-0.33833333333333326,1.0,11.090250108297914,0.0,0.0,0.0,0.0,0.06666666666666667,0.0,0.0,0.0,2.0,11.511381615093443,0.0,0.0,0.0,0.0,0.13333333333333333,0.13333333333333333,0.0,0.0,7.0,2.306432957535191,17.614285714285714,43.75,5.0,0.0,0.13333333333333333,0.0,0.13333333333333333,0.43028571428571427,24.0,0.1411467516843475,19.125,39.6,22.0,0.0,0.13333333333333333,0.0,0.4666666666666667,0.7874242424242425,1.0,0.0,2.0,0.0,2.0,0.0,1.0,0.0,2.0,0.0,2.0,0.0,1.0,0.0,2.0,0.0,2.0,0.0,3.0,0.0,6.0,0.0,27.0,29.848148148148148
west_heavy_seed1,west_heavy,1,424.25,439.25,49.0,4.304162151930434,13.274489795918369,28.0,4.75,1.0,11.07474973030947,0.0,0.0,0.0,0.0,0.06666666666666667,0.0,0.0,0.0,1.0,11.08258274220489,0.0,0.0,0.0,0.0,0.06666666666666667,0.0,0.0,0.0,1.0,11.09427587677911,0.0,0.0,0.0,2.0,0.06666666666666667,0.13333333333333333,-0.13333333333333333,-2.485,1.0,11.064657763406634,0.0,0.0,0.0,0.0,0.06666666666666667,0.0,0.0,0.0,1.0,11.075666538704185,0.0,0.0,0.0,0.0,0.06666666666666667,0.0,0.0,0.0,1.0,11.0693715324644,0.0,0.0,0.0,2.0,0.06666666666666667,0.13333333333333333,-0.13333333333333333,-2.7083333333333335,1.0,10.782882096684917,0.0,0.0,0.0,0.0,0.06666666666666667,0.0,0.0,0.0,2.0,1.7200329810206763,20.575,41.15,1.0,0.0,0.06666666666666667,0.0,0.0,-0.37166666666666665,1.0,11.046154120409861,0.0,0.0,0.0,0.0,0.06666666666666667,0.0,0.0,0.0,2.0,11.543587690209737,0.0,0.0,0.0,0.0,0.13333333333333333,0.06666666666666667,0.0,0.0,7.0,2.4609321399046515,18.32857142857143,44.75,5.0,0.0,0.13333333333333333,0.0,0.13333333333333333,0.43790476190476196,24.0,0.1654899411253848,20.041666666666668,40.6,22.0,0.0,0.13333333333333333,0.0,0.4,0.8029292929292928,1.0,0.0,2.0,0.3,2.0,0.3,1.0,0.0,2.0,0.3,2.0,0.3,1.0,0.0,2.0,0.0,2.0,0.3,3.0,0.0,5.0,0.0,27.0,30.774074074074072
west_heavy_seed1,west_heavy,1,425.25,440.25,51.0,4.484465901435386,13.30294117647059,28.0,3.75,1.0,11.060865283155813,0.0,0.0,0.0,0.0,0.06666666666666667,0.0,0.0,0.0,1.0,11.095420012244954,0.0,0.0,0.0,0.0,0.06666666666666667,0.0,0.0,0.0,1.0,11.089681647339836,0.0,0.0,0.0,2.0,0.06666666666666667,0.13333333333333333,-0.13333333333333333,-2.5516666666666667,1.0,11.057388362331315,0.0,0.0,0.0,0.0,0.06666666666666667,0.0,0.0,0.0,1.0,11.06315842328593,0.0,0.0,0.0,0.0,0.06666666666666667,0.0,0.0,0.0,1.0,11.045375587282702,0.0,0.0,0.0,2.0,0.06666666666666667,0.13333333333333333,-0.13333333333333333,-2.775,1.0,10.833994903282642,0.0,0.0,0.0,0.0,0.06666666666666667,0.0,0.0,0.0,2.0,2.2771725503879567,21.075,42.15,1.0,0.0,0.06666666666666667,0.0,0.0,-0.40499999999999997,1.0,11.048094810413197,0.0,0.0,0.0,0.0,0.06666666666666667,0.0,0.0,0.0,3.0,11.490272561533033,0.0,0.0,0.0,0.0,0.2,0.06666666666666667,0.0,0.0,8.0,2.6576785761087303,16.6625,45.75,5.0,0.0,0.2,0.0,0.06666666666666667,0.27816666666666684,24.0,0.21192083193289046,20.958333333333332,41.6,22.0,0.0,0.13333333333333333,0.0,0.4,0.8155555555555554,1.0,0.0,2.0,0.8,2.0,0.8,1.0,0.0,2.0,0.8,2.0,0.8,1.0,0.0,2.0,0.0,2.0,0.8,2.0,0.0,5.0,0.0,27.0,31.735185185185188
west_heavy_seed1,west_heavy,1,426.25,441.25,53.0,4.622532409552797,13.34433962264151,29.0,2.75,1.0,11.04260551746562,0.0,0.0,0.0,0.0,0.06666666666666667,0.0,0.0,0.0,1.0,11.107239873249084,0.0,0.0,0.0,0.0,0.06666666666666667,0.0,0.0,0.0,1.0,11.09403504307568,0.0,0.0,0.0,2.0,0.06666666666666667,0.13333333333333333,-0.13333333333333333,-2.618333333333333,1.0,11.043399561606346,0.0,0.0,0.0,0.0,0.06666666666666667,0.0,0.0,0.0,1.0,11.046744746020064,0.0,0.0,0.0,0.0,0.06666666666666667,0.0,0.0,0.0,1.0,11.095135114759206,0.0,0.0,0.0,2.0,0.06666666666666667,0.13333333333333333,-0.13333333333333333,-2.841666666666667,1.0,10.796822369057134,0.0,0.0,0.0,0.0,0.06666666666666667,0.0,0.0,0.0,2.0,2.8251704171023286,21.575,43.15,1.0,0.0,0.06666666666666667,0.0,0.0,-0.4383333333333333,1.0,11.050593899033963,0.0,0.0,0.0,0.0,0.06666666666666667,0.0,0.0,0.0,4.0,11.461699033962912,0.0,0.0,0.0,0.0,0.26666666666666666,0.06666666666666667,0.0,0.0,8.0,2.9379383040040477,17.287499999999998,46.75,5.0,0.0,0.2,0.0,0.06666666666666667,0.2664999999999998,25.0,0.26710551256394716,21.031999999999996,42.6,23.0,0.0,0.2,0.0,0.4,0.7697090909090907,1.0,0.0,2.0,1.3,2.0,1.3,1.0,0.0,2.0,1.3,2.0,1.3,1.0,0.0,2.0,0.0,2.0,1.3,2.0,0.0,4.0,0.0,27.0,32.69814814814815
west_heavy_seed1,west_heavy,1,427.25,442.25,53.0,4.505315842753771,13.891509433962264,29.0,1.75,1.0,11.054978157658129,0.0,0.0,0.0,0.0,0.06666666666666667,0.0,0.0,0.0,1.0,11.092582172594964,0.0,0.0,0.0,0.0,0.06666666666666667,0.0,0.0,0.0,1.0,11.058115812351927,0.0,0.0,0.0,2.0,0.06666666666666667,0.13333333333333333,-0.13333333333333333,-2.685,1.0,11.068586222836748,0.0,0.0,0.0,0.0,0.06666666666666667,0.0,0.0,0.0,1.0,11.067681608116253,0.0,0.0,0.0,0.0,0.06666666666666667,0.0,0.0,0.0,1.0,11.100266310557723,0.0,0.0,0.0,2.0,0.06666666666666667,0.13333333333333333,-0.13333333333333333,-2.908333333333333,1.0,10.784380516137377,0.0,0.0,0.0,0.0,0.06666666666666667,0.0,0.0,0.0,2.0,3.3761434103569887,22.075,44.15,1.0,0.0,0.06666666666666667,0.0,0.0,-0.4716666666666666,1.0,11.050858773259446,0.0,0.0,0.0,0.0,0.06666666666666667,0.0,0.0,0.0,4.0,10.984460183337468,0.0,0.0,0.0,0.0,0.26666666666666666,0.0,0.0,0.0,9.0,2.9928698059528123,15.92222222222222,47.75,5.0,0.0,0.26666666666666666,0.0,0.06666666666666667,0.12214814814814806,25.0,0.3545794610105986,21.951999999999998,43.6,23.0,0.0,0.2,0.0,0.3333333333333333,0.7781636363636363,0.0,0.0,2.0,1.8,2.0,1.8,0.0,0.0,2.0,1.8,2.0,1.8,1.0,0.0,1.0,0.0,2.0,1.8,1.0,0.0,4.0,0.0,27.0,33.67962962962963
west_heavy_seed1,west_heavy,1,428.25,443.25,53.0,4.253552707683631,14.43867924528302,29.0,0.75,1.0,11.08442718283087,0.0,0.0,0.0,0.0,0.06666666666666667,0.0,0.0,0.0,1.0,11.070563927190378,0.0,0.0,0.0,0.0,0.06666666666666667,0.0,0.0,0.0,1.0,11.063908524880185,0.0,0.0,0.0,2.0,0.06666666666666667,0.13333333333333333,-0.13333333333333333,-2.7516666666666665,1.0,11.102248892307282,0.0,0.0,0.0,0.0,0.06666666666666667,0.0,0.0,0.0,1.0,11.047827647157012,0.0,0.0,0.0,0.0,0.06666666666666667,0.0,0.0,0.0,1.0,11.083943460064008,0.0,0.0,0.0,2.0,0.06666666666666667,0.13333333333333333,-0.13333333333333333,-2.975,1.0,10.816549838983834,0.0,0.0,0.0,0.0,0.06666666666666667,0.0,0.0,0.0,2.0,3.9505947004326534,22.575,45.15,1.0,0.0,0.06666666666666667,0.0,0.0,-0.505,1.0,11.105608894433825,0.0,0.0,0.0,0.0,0.06666666666666667,0.0,0.0,0.0,4.0,9.96159725578161,0.0,0.0,0.0,0.0,0.26666666666666666,0.0,0.0,0.0,9.0,3.0304225556057705,16.477777777777774,48.75,5.0,0.0,0.26666666666666666,0.0,0.06666666666666667,0.10585185185185159,26.0,0.38955838992222236,21.99230769230769,44.6,23.0,0.0,0.26666666666666666,0.0,0.26666666666666666,0.7247902097902096,0.0,0.0,2.0,2.3,2.0,2.3,0.0,0.0,2.0,2.3,2.0,2.3,0.0,0.0,1.0,0.0,2.0,2.3,1.0,0.0,3.0,0.0,27.0,34.67962962962963
west_heavy_seed1,west_heavy,1,429.25,444.25,64.0,5.137834862717726,12.41015625,29.0,2.75,2.0,11.116808757700491,0.0,0.0,0.0,0.0,0.13333333333333333,0.0,0.0,0.0,2.0,11.128153573096032,0.0,0.0,0.0,0.0,0.13333333333333333,0.0,0.0,0.0,2.0,11.12351956139505,0.0,0.0,0.0,1.0,0.13333333333333333,0.13333333333333333,-0.13333333333333333,-2.8183333333333334,2.0,11.153535449204384,0.0,0.0,0.0,0.0,0.13333333333333333,0.0,0.0,0.0,2.0,11.094812150549142,0.0,0.0,0.0,0.0,0.13333333333333333,0.0,0.0,0.0,2.0,11.129643040444119,0.0,0.0,0.0,1.0,0.13333333333333333,0.13333333333333333,-0.13333333333333333,-3.0416666666666665,2.0,10.839083466278652,0.0,0.0,0.0,0.0,0.13333333333333333,0.0,0.0,0.0,3.0,4.529198514296943,15.383333333333333,46.15,1.0,0.0,0.13333333333333333,0.0,0.0,-1.051111111111111,2.0,11.110152144998311,0.0,0.0,0.0,0.0,0.13333333333333333,0.0,0.0,0.0,5.0,9.000209618897108,0.0,0.0,0.0,0.0,0.26666666666666666,0.0,0.0,0.0,10.0,3.0325353933567474,15.329999999999998,49.75,5.0,0.0,0.26666666666666666,0.0,0.06666666666666667,0.15033333333333315,26.0,0.40664623135547634,22.876923076923074,45.6,23.0,0.0,0.2,0.0,0.2,0.7603455964325526,0.0,0.0,2.0,2.8,2.0,2.8,0.0,0.0,2.0,2.8,2.0,2.8,0.0,0.0,0.0,0.0,2.0,2.8,0.0,0.0,3.0,0.0,27.0,35.67962962962963
west_heavy_seed1,west_heavy,1,430.25,445.25,64.0,5.443557885112716,12.87109375,30.0,1.75,2.0,12.096837940100588,0.0,0.0,0.0,0.0,0.13333333333333333,0.0,0.0,0.0,2.0,12.087056651936969,0.0,0.0,0.0,0.0,0.13333333333333333,0.0,0.0,0.0,2.0,12.061002863625998,0.0,0.0,0.0,1.0,0.13333333333333333,0.13333333333333333,-0.13333333333333333,-2.885,2.0,12.133643954921286,0.0,0.0,0.0,0.0,0.13333333333333333,0.0,0.0,0.0,2.0,11.553198589533567,0.0,0.0,0.0,0.0,0.13333333333333333,0.0,0.0,0.0,2.0,12.13881926664664,0.0,0.0,0.0,1.0,0.13333333333333333,0.13333333333333333,-0.13333333333333333,-3.1083333333333334,2.0,11.786008400654575,0.0,0.0,0.0,0.0,0.13333333333333333,0.0,0.0,0.0,3.0,5.468703923222177,15.716666666666667,47.15,1.0,0.0,0.13333333333333333,0.0,0.0,-1.0955555555555554,2.0,12.167646863077767,0.0,0.0,0.0,0.0,0.13333333333333333,0.0,0.0,0.0,5.0,8.946177177634075,0.1,0.5,1.0,0.0,0.26666666666666666,0.0,0.06666666666666667,0.006666666666666667,10.0,3.238316766587964,15.829999999999998,50.75,5.0,0.0,0.26666666666666666,0.0,0.0,0.1297777777777777,26.0,0.42204039038687086,23.76153846153846,46.6,23.0,0.0,0.2,0.0,0.13333333333333333,0.7607692307692308,0.0,0.0,2.0,3.3,2.0,3.3,0.0,0.0,2.0,3.3,2.0,3.3,0.0,0.0,0.0,0.0,2.0,3.675,1.0,0.0,3.0,0.0,28.0,35.36964285714286
west_heavy_seed1,west_heavy,1,431.25,446.25,65.0,5.598470713784879,13.134615384615385,30.0,0.75,2.0,12.457362626589251,0.0,0.0,0.0,0.0,0.13333333333333333,0.0,0.0,0.0,2.0,12.170611297722186,0.0,0.0,0.0,0.0,0.13333333333333333,0.0,0.0,0.0,2.0,12.708980788549976,0.0,0.0,0.0,1.0,0.13333333333333333,0.13333333333333333,-0.13333333333333333,-2.9516666666666667,2.0,12.376494497442534,0.0,0.0,0.0,0.0,0.13333333333333333,0.0,0.0,0.0,2.0,11.522945156757487,0.0,0.0,0.0,0.0,0.13333333333333333,0.0,0.0,0.0,2.0,12.477455011201556,0.0,0.0,0.0,1.0,0.13333333333333333,0.13333333333333333,-0.13333333333333333,-3.175,2.0,11.984967861806751,0.0,0.0,0.0,0.0,0.13333333333333333,0.0,0.0,0.0,3.0,6.470838163096004,16.05,48.15,1.0,0.0,0.13333333333333333,0.0,0.0,-1.14,2.0,13.184731061709114,0.0,0.0,0.0,0.0,0.13333333333333333,0.0,0.0,0.0,5.0,9.336199389549101,0.3,1.5,1.0,0.0,0.26666666666666666,0.0,0.06666666666666667,0.02,10.0,3.5153642233919014,16.330000000000002,51.75,5.0,0.0,0.26666666666666666,0.0,0.0,0.10755555555555567,27.0,0.482473515297519,23.73333333333333,47.6,23.0,0.0,0.26666666666666666,0.0,0.13333333333333333,0.6980193236714973,0.0,0.0,2.0,3.8,2.0,4.2,0.0,0.0,2.0,3.8,2.0,3.8,0.0,0.0,0.0,0.0,2.0,4.675,1.0,0.0,3.0,0.0,28.0,36.33392857142857
west_heavy_seed1,west_heavy,1,432.25,447.25,65.0,5.709527321750857,11.99,27.0,29.75,2.0,12.48516414311598,0.0,0.0,0.0,2.0,0.13333333333333333,0.0,0.0,0.0,2.0,12.154799030185423,0.0,0.0,0.0,0.0,0.13333333333333333,0.0,0.0,0.0,2.0,12.69631214725376,0.0,0.0,0.0,0.0,0.13333333333333333,0.13333333333333333,0.0,0.0,2.0,12.36938270011955,0.0,0.0,0.0,2.0,0.13333333333333333,0.0,0.0,0.0,2.0,11.526176361538004,0.0,0.0,0.0,0.0,0.13333333333333333,0.0,0.0,0.0,2.0,12.439792250688187,0.0,0.0,0.0,0.0,0.13333333333333333,0.13333333333333333,0.0,0.0,2.0,11.985019657224196,0.0,0.0,0.0,2.0,0.13333333333333333,0.0,0.0,0.0,3.0,7.311447724058616,0.0,0.0,0.0,2.0,0.13333333333333333,0.0,-0.06666666666666667,-2.2766666666666664,2.0,13.803266048424065,0.0,0.0,0.0,0.0,0.13333333333333333,0.0,0.0,0.0,5.0,9.438492689414042,0.0,0.0,0.0,2.0,0.26666666666666666,0.0,0.0,0.0,10.0,3.918699385957969,11.555,44.15,4.0,2.0,0.26666666666666666,0.0,-0.06666666666666667,-0.26633333333333326,27.0,0.44006141002658633,24.585185185185182,48.6,23.0,0.0,0.26666666666666666,0.0,0.06666666666666667,0.6911862587224904,0.0,0.0,2.0,4.375,2.0,5.2,0.0,0.0,2.0,4.3,2.0,4.55,0.0,0.0,0.0,0.0,2.0,5.675,1.0,0.0,2.0,0.0,28.0,37.29821428571428
west_heavy_seed1,west_heavy,1,433.25,448.25,65.0,5.883226479864638,10.856153846153846,24.0,28.75,2.0,12.453136990519123,0.0,0.0,0.0,2.0,0.13333333333333333,0.0,0.0,0.0,2.0,12.1837748295235,0.0,0.0,0.0,0.0,0.13333333333333333,0.0,0.0,0.0,2.0,12.6976274292335,0.0,0.0,0.0,0.0,0.13333333333333333,0.06666666666666667,0.0,0.0,2.0,12.38311731079585,0.0,0.0,0.0,2.0,0.13333333333333333,0.0,0.0,0.0,2.0,11.511583361527883,0.0,0.0,0.0,0.0,0.13333333333333333,0.0,0.0,0.0,2.0,12.48440832421428,0.0,0.0,0.0,0.0,0.13333333333333333,0.06666666666666667,0.0,0.0,2.0,12.021595227703695,0.0,0.0,0.0,2.0,0.13333333333333333,0.0,0.0,0.0,2.0,11.613086749140436,0.0,0.0,0.0,2.0,0.13333333333333333,0.06666666666666667,-0.06666666666666667,-2.3433333333333333,2.0,13.778846276222847,0.0,0.0,0.0,0.0,0.13333333333333333,0.0,0.0,0.0,4.0,11.682802608817203,0.0,0.0,0.0,2.0,0.26666666666666666,0.06666666666666667,0.0,0.0,9.0,4.84431116361073,2.0944444444444446,18.85,1.0,2.0,0.26666666666666666,0.06666666666666667,-0.26666666666666666,-0.9525925925925925,27.0,0.3579625041937004,25.437037037037037,49.6,23.0,0.0,0.26666666666666666,0.0,0.06666666666666667,0.6842082662372516,0.0,0.0,2.0,5.375,2.0,6.199999999999999,0.0,0.0,2.0,4.8,2.0,5.55,0.0,0.0,0.0,0.0,2.0,6.675,1.0,0.0,2.0,0.0,28.0,38.262499999999996
west_heavy_seed1,west_heavy,1,434.25,449.25,65.0,6.047070408374781,10.92,23.0,27.75,2.0,12.465565764627536,0.0,0.0,0.0,2.0,0.13333333333333333,0.0,0.0,0.0,2.0,12.19553093818736,0.0,0.0,0.0,0.0,0.13333333333333333,0.0,0.0,0.0,2.0,12.684504557774968,0.0,0.0,0.0,0.0,0.13333333333333333,0.06666666666666667,0.0,0.0,2.0,12.404969553970298,0.0,0.0,0.0,2.0,0.13333333333333333,0.0,0.0,0.0,2.0,11.528105209918227,0.0,0.0,0.0,0.0,0.13333333333333333,0.0,0.0,0.0,2.0,12.479609072404099,0.0,0.0,0.0,0.0,0.13333333333333333,0.06666666666666667,0.0,0.0,2.0,11.99872752337869,0.0,0.0,0.0,2.0,0.13333333333333333,0.0,0.0,0.0,2.0,12.484701556448824,0.0,0.0,0.0,2.0,0.13333333333333333,0.06666666666666667,-0.06666666666666667,-2.4099999999999997,2.0,13.766056484511243,0.0,0.0,0.0,0.0,0.13333333333333333,0.0,0.0,0.0,4.0,11.66588415633094,0.0,0.0,0.0,2.0,0.26666666666666666,0.06666666666666667,0.0,0.0,9.0,5.45723790825087,0.0,0.0,0.0,2.0,0.26666666666666666,0.06666666666666667,-0.3333333333333333,-1.1477777777777776,27.0,0.26454751413809036,26.288888888888888,50.6,23.0,0.0,0.26666666666666666,0.0,0.06666666666666667,0.6772302737520128,0.0,0.0,2.0,6.375,2.0,7.199999999999999,0.0,0.0,2.0,5.3,2.0,6.55,0.0,0.0,0.0,0.0,2.0,7.675,1.0,0.0,1.0,0.0,28.0,39.22678571428571
west_heavy_seed1,west_heavy,1,435.25,450.25,64.0,6.085565986319325,11.4640625,24.0,26.75,2.0,12.482868894117303,0.0,0.0,0.0,2.0,0.13333333333333333,0.0,0.0,0.0,2.0,12.16715956779742,0.0,0.0,0.0,0.0,0.13333333333333333,0.0,0.0,0.0,2.0,12.704400757737092,0.0,0.0,0.0,0.0,0.13333333333333333,0.0,0.0,0.0,2.0,12.371118267936549,0.0,0.0,0.0,2.0,0.13333333333333333,0.0,0.0,0.0,2.0,11.51001611015899,0.0,0.0,0.0,0.0,0.13333333333333333,0.0,0.0,0.0,2.0,12.488967040927964,0.0,0.0,0.0,0.0,0.13333333333333333,0.0,0.0,0.0,2.0,12.00544869113342,0.0,0.0,0.0,2.0,0.13333333333333333,0.0,0.0,0.0,2.0,12.443783530216082,0.0,0.0,0.0,2.0,0.13333333333333333,0.06666666666666667,-0.06666666666666667,-2.4766666666666666,2.0,13.78006833580055,0.0,0.0,0.0,0.0,0.13333333333333333,0.0,0.0,0.0,4.0,11.644325846066742,0.0,0.0,0.0,2.0,0.26666666666666666,0.06666666666666667,0.0,0.0,8.0,6.361436555535684,0.0,0.0,0.0,2.0,0.26666666666666666,0.13333333333333333,-0.3333333333333333,-1.2033333333333334,27.0,0.18329398581139367,27.174074074074074,51.6,24.0,0.0,0.26666666666666666,0.0,0.13333333333333333,0.6724745034889963,1.0,0.0,3.0,4.916666666666667,3.0,5.466666666666666,1.0,0.0,3.0,4.1499999999999995,3.0,5.033333333333333,1.0,0.0,1.0,0.0,3.0,5.783333333333334,2.0,0.0,2.0,0.0,29.0,38.8051724137931
west_heavy_seed1,west_heavy,1,436.25,451.25,63.0,6.011516458843758,12.026984126984127,24.0,25.75,2.0,12.446099111377727,0.0,0.0,0.0,2.0,0.13333333333333333,0.0,0.0,0.0,2.0,11.50121360746649,0.0,0.0,0.0,0.0,0.13333333333333333,0.0,0.0,0.0,2.0,12.019233270567552,0.0,0.0,0.0,0.0,0.13333333333333333,0.0,0.0,0.0,2.0,12.378234695660101,0.0,0.0,0.0,2.0,0.13333333333333333,0.0,0.0,0.0,2.0,10.859088473785967,0.0,0.0,0.0,0.0,0.13333333333333333,0.0,0.0,0.0,2.0,11.773414084888413,0.0,0.0,0.0,0.0,0.13333333333333333,0.0,0.0,0.0,2.0,11.996438296447403,0.0,0.0,0.0,2.0,0.13333333333333333,0.0,0.0,0.0,2.0,12.475324159446405,0.0,0.0,0.0,2.0,0.13333333333333333,0.06666666666666667,-0.06666666666666667,-2.5433333333333334,2.0,13.102033063183349,0.0,0.0,0.0,0.0,0.13333333333333333,0.0,0.0,0.0,4.0,11.643885422328442,0.0,0.0,0.0,2.0,0.26666666666666666,0.06666666666666667,0.0,0.0,8.0,7.07841671999782,0.0,0.0,0.0,2.0,0.26666666666666666,0.13333333333333333,-0.3333333333333333,-1.258888888888889,27.0,0.12013869543099602,28.062962962962963,52.6,24.0,0.0,0.26666666666666666,0.0,0.13333333333333333,0.6679656468062265,1.0,0.0,3.0,5.583333333333333,3.0,6.133333333333333,1.0,0.0,3.0,4.816666666666666,3.0,5.7,1.0,0.0,1.0,0.0,3.0,6.45,2.0,0.0,2.0,0.0,29.0,39.74310344827586
west_heavy_seed1,west_heavy,1,437.25,452.25,63.0,5.818072363098511,12.407936507936508,24.0,24.75,2.0,12.467658527467167,0.0,0.0,0.0,2.0,0.06666666666666667,0.0,0.0,0.0,2.0,9.51526331617868,0.0,0.0,0.0,0.0,0.06666666666666667,0.0,0.0,0.0,2.0,10.042440103205644,0.0,0.0,0.0,0.0,0.06666666666666667,0.0,0.0,0.0,2.0,12.378714728175229,0.0,0.0,0.0,2.0,0.06666666666666667,0.0,0.0,0.0,2.0,8.874250248773693,0.0,0.0,0.0,0.0,0.06666666666666667,0.0,0.0,0.0,2.0,9.802646863774996,0.0,0.0,0.0,0.0,0.06666666666666667,0.0,0.0,0.0,2.0,11.869026418930936,0.0,0.0,0.0,2.0,0.06666666666666667,0.0,0.0,0.0,2.0,12.485966670395456,0.0,0.0,0.0,2.0,0.06666666666666667,0.06666666666666667,-0.06666666666666667,-1.305,2.0,11.113703848295657,0.0,0.0,0.0,0.0,0.06666666666666667,0.0,0.0,0.0,4.0,10.96991332052707,0.0,0.0,0.0,2.0,0.2,0.06666666666666667,0.0,0.0,7.0,7.662204186953672,0.0,0.0,0.0,2.0,0.2,0.2,-0.3333333333333333,-1.1266666666666665,27.0,0.07440220437821717,28.951851851851853,53.6,24.0,0.0,0.2,0.0,0.13333333333333333,0.7162345679012347,1.0,0.0,3.0,6.25,3.0,6.8,1.0,0.0,3.0,5.483333333333333,3.0,6.366666666666667,1.0,0.0,1.0,0.0,3.0,7.116666666666667,2.0,0.0,2.0,0.0,29.0,40.70862068965517
west_heavy_seed1,west_heavy,1,438.25,453.25,63.0,5.510547441209076,12.792063492063491,25.0,23.75,1.0,13.878988774048631,0.0,0.0,0.0,2.0,0.06666666666666667,0.06666666666666667,0.0,0.0,2.0,7.513357013818252,0.0,0.0,0.0,0.0,0.06666666666666667,0.0,0.0,0.0,2.0,8.060132233694928,0.0,0.0,0.0,0.0,0.06666666666666667,0.0,0.0,0.0,1.0,13.707831186533738,0.0,0.0,0.0,2.0,0.06666666666666667,0.06666666666666667,0.0,0.0,2.0,6.877629859518238,0.0,0.0,0.0,0.0,0.06666666666666667,0.0,0.0,0.0,2.0,7.809664552905729,0.0,0.0,0.0,0.0,0.06666666666666667,0.0,0.0,0.0,1.0,13.226038324867018,0.0,0.0,0.0,2.0,0.06666666666666667,0.06666666666666667,0.0,0.0,2.0,12.49588862855395,0.0,0.0,0.0,2.0,0.06666666666666667,0.06666666666666667,-0.06666666666666667,-1.3383333333333334,2.0,7.7318635588248545,0.0,0.0,0.0,0.0,0.06666666666666667,0.0,0.0,0.0,3.0,10.552897138820875,0.0,0.0,0.0,2.0,0.2,0.13333333333333333,0.0,0.0,6.0,8.048143868921374,0.0,0.0,0.0,2.0,0.2,0.26666666666666666,-0.3333333333333333,-1.1742857142857142,27.0,0.042731241371790595,29.848148148148148,54.6,25.0,0.0,0.2,0.0,0.2,0.7148765432098766,1.0,0.0,3.0,6.916666666666667,3.0,7.466666666666666,1.0,0.0,3.0,6.1499999999999995,3.0,7.033333333333334,1.0,0.0,1.0,0.0,3.0,7.783333333333334,2.0,0.0,2.0,0.0,29.0,41.67413793103448
west_heavy_seed1,west_heavy,1,439.25,454.25,62.0,5.307898448573493,13.45,30.0,22.75,1.0,13.84652890509693,0.0,0.0,0.0,2.0,0.06666666666666667,0.06666666666666667,0.0,0.0,2.0,6.651686959953259,0.3,0.6,1.0,0.0,0.06666666666666667,0.0,0.06666666666666667,0.02,2.0,6.7843880297136385,0.3,0.6,1.0,0.0,0.06666666666666667,0.0,0.06666666666666667,0.02,1.0,13.664713157853411,0.0,0.0,0.0,2.0,0.06666666666666667,0.06666666666666667,0.0,0.0,2.0,5.996550427781185,0.3,0.6,1.0,0.0,0.06666666666666667,0.0,0.06666666666666667,0.02,2.0,6.44598849686147,0.3,0.6,1.0,0.0,0.06666666666666667,0.0,0.06666666666666667,0.02,1.0,13.19402064223575,0.0,0.0,0.0,2.0,0.06666666666666667,0.06666666666666667,0.0,0.0,2.0,12.4702822080584,0.0,0.0,0.0,2.0,0.06666666666666667,0.06666666666666667,-0.06666666666666667,-1.3716666666666666,2.0,4.867863789478875,0.3,0.6,1.0,0.0,0.06666666666666667,0.0,0.06666666666666667,0.02,3.0,10.170626011925597,0.0,0.0,0.0,2.0,0.2,0.13333333333333333,0.0,0.0,5.0,8.467778881576756,0.0,0.0,0.0,2.0,0.2,0.3333333333333333,-0.3333333333333333,-1.221904761904762,27.0,0.023633033881931727,30.774074074074072,55.6,25.0,0.0,0.2,0.0,0.2,0.7154938271604936,1.0,0.0,3.0,7.583333333333333,3.0,8.133333333333333,1.0,0.0,3.0,6.816666666666666,3.0,7.7,1.0,0.0,1.0,0.0,3.0,8.450000000000001,2.0,0.0,2.0,0.0,29.0,42.6448275862069
west_heavy_seed1,west_heavy,1,440.25,455.25,61.0,5.0546080926625265,14.177868852459017,31.0,21.75,1.0,13.8592902544525,0.0,0.0,0.0,2.0,0.06666666666666667,0.06666666666666667,0.0,0.0,2.0,5.428216503866993,0.8,1.6,1.0,0.0,0.06666666666666667,0.0,0.06666666666666667,0.05333333333333334,2.0,4.784075297177733,0.8,1.6,1.0,0.0,0.06666666666666667,0.0,0.06666666666666667,0.05333333333333334,1.0,13.680765264610827,0.0,0.0,0.0,2.0,0.06666666666666667,0.06666666666666667,0.0,0.0,2.0,5.989105965255294,0.8,1.6,1.0,0.0,0.06666666666666667,0.0,0.06666666666666667,0.05333333333333334,2.0,4.828069045108178,0.8,1.6,1.0,0.0,0.06666666666666667,0.0,0.06666666666666667,0.05333333333333334,1.0,13.209095921615713,0.0,0.0,0.0,2.0,0.06666666666666667,0.06666666666666667,0.0,0.0,2.0,12.194735637458606,0.0,0.0,0.0,2.0,0.06666666666666667,0.06666666666666667,-0.06666666666666667,-1.405,2.0,3.084606165380305,0.8,1.6,1.0,0.0,0.06666666666666667,0.0,0.06666666666666667,0.05333333333333334,2.0,10.292600439272157,0.0,0.0,0.0,2.0,0.13333333333333333,0.2,0.0,0.0,5.0,8.773046271677146,0.0,0.0,0.0,2.0,0.13333333333333333,0.3333333333333333,-0.3333333333333333,-1.1108333333333333,27.0,0.01243697682343933,31.735185185185188,56.6,26.0,0.0,0.2,0.0,0.26666666666666666,0.718456790123457,1.0,0.0,3.0,8.25,3.0,8.8,1.0,0.0,3.0,7.483333333333334,3.0,8.366666666666667,1.0,0.0,1.0,0.0,3.0,9.116666666666667,2.0,0.0,2.0,0.0,29.0,43.6448275862069
west_heavy_seed1,west_heavy,1,441.25,456.25,61.0,4.891512144545638,14.686065573770492,31.0,20.75,1.0,13.735819937000192,0.0,0.0,0.0,2.0,0.06666666666666667,0.06666666666666667,0.0,0.0,2.0,3.868692868598549,1.3,2.6,1.0,0.0,0.06666666666666667,0.0,0.06666666666666667,0.08666666666666667,2.0,3.018998225260379,1.3,2.6,1.0,0.0,0.06666666666666667,0.0,0.06666666666666667,0.08666666666666667,1.0,13.658185144283642,0.0,0.0,0.0,2.0,0.06666666666666667,0.06666666666666667,0.0,0.0,2.0,4.881212834612733,1.3,2.6,1.0,0.0,0.06666666666666667,0.0,0.06666666666666667,0.08666666666666667,2.0,3.361526708551026,1.3,2.6,1.0,0.0,0.06666666666666667,0.0,0.06666666666666667,0.08666666666666667,1.0,13.215712007178567,0.0,0.0,0.0,2.0,0.06666666666666667,0.06666666666666667,0.0,0.0,2.0,11.95222838288812,0.0,0.0,0.0,2.0,0.06666666666666667,0.06666666666666667,-0.06666666666666667,-1.4383333333333332,2.0,1.6247370654536732,1.3,2.6,1.0,0.0,0.06666666666666667,0.0,0.06666666666666667,0.08666666666666667,2.0,10.498322775883988,0.0,0.0,0.0,2.0,0.06666666666666667,0.2,0.0,0.0,4.0,9.11780692440778,0.0,0.0,0.0,2.0,0.13333333333333333,0.4,-0.3333333333333333,-1.1524999999999999,27.0,0.006343529970422626,32.69814814814815,57.6,26.0,0.0,0.13333333333333333,0.0,0.2,0.7777432098765436,1.0,0.0,3.0,8.916666666666666,3.0,9.466666666666667,1.0,0.0,3.0,8.15,3.0,9.033333333333333,1.0,0.0,1.0,0.0,3.0,9.783333333333333,2.0,0.0,2.0,0.0,29.0,44.6448275862069
west_heavy_seed1,west_heavy,1,442.25,457.25,61.0,4.589656714883134,15.202459016393442,32.0,19.75,0.0,0.0,0.0,0.0,0.0,2.0,0.0,0.06666666666666667,0.0,0.0,2.0,2.530150263328782,1.8,3.6,1.0,0.0,0.06666666666666667,0.0,0.06666666666666667,0.12000000000000001,2.0,1.5899661532270275,1.8,3.6,1.0,0.0,0.06666666666666667,0.0,0.06666666666666667,0.12000000000000001,0.0,0.0,0.0,0.0,0.0,2.0,0.0,0.06666666666666667,0.0,0.0,2.0,3.6349019682704067,1.8,3.6,1.0,0.0,0.06666666666666667,0.0,0.06666666666666667,0.12000000000000001,2.0,2.114684515014318,1.8,3.6,1.0,0.0,0.06666666666666667,0.0,0.06666666666666667,0.12000000000000001,1.0,11.341118861308457,0.0,0.0,0.0,2.0,0.06666666666666667,0.06666666666666667,0.0,0.0,1.0,12.439828085887251,0.0,0.0,0.0,2.0,0.06666666666666667,0.13333333333333333,-0.06666666666666667,-1.4716666666666667,2.0,0.704798698420539,1.8,3.6,1.0,0.0,0.06666666666666667,0.0,0.06666666666666667,0.12000000000000001,1.0,10.25313420103318,0.0,0.0,0.0,2.0,0.06666666666666667,0.26666666666666666,0.0,0.0,4.0,9.358021196321754,0.0,0.0,0.0,2.0,0.06666666666666667,0.4,-0.3333333333333333,-1.0614814814814815,27.0,0.0031825601932218596,33.67962962962963,58.6,27.0,0.0,0.13333333333333333,0.0,0.26666666666666666,0.7818419753086422,1.0,0.0,3.0,9.583333333333334,3.0,10.133333333333335,1.0,0.0,3.0,8.816666666666668,3.0,9.700000000000001,1.0,0.0,1.0,0.0,3.0,10.450000000000001,2.0,0.0,2.0,0.0,29.0,45.6448275862069
west_heavy_seed1,west_heavy,1,443.25,458.25,61.0,4.465342493770974,15.72704918032787,32.0,18.75,0.0,0.0,0.0,0.0,0.0,2.0,0.0,0.06666666666666667,0.0,0.0,2.0,1.4666156802467358,2.3,4.6,1.0,0.0,0.06666666666666667,0.0,0.06666666666666667,0.15333333333333332,2.0,0.6862461542393563,2.3,4.6,1.0,0.0,0.06666666666666667,0.0,0.06666666666666667,0.15333333333333332,0.0,0.0,0.0,0.0,0.0,2.0,0.0,0.06666666666666667,0.0,0.0,2.0,2.5392163158968204,2.3,4.6,1.0,0.0,0.06666666666666667,0.0,0.06666666666666667,0.15333333333333332,2.0,1.1477153069404005,2.3,4.6,1.0,0.0,0.06666666666666667,0.0,0.06666666666666667,0.15333333333333332,0.0,0.0,0.0,0.0,0.0,2.0,0.0,0.06666666666666667,0.0,0.0,1.0,12.11137488584419,0.0,0.0,0.0,2.0,0.06666666666666667,0.13333333333333333,-0.06666666666666667,-1.505,2.0,0.23709463011091153,2.3,4.6,1.0,0.0,0.06666666666666667,0.0,0.06666666666666667,0.15333333333333332,1.0,10.047048494027102,0.0,0.0,0.0,2.0,0.06666666666666667,0.26666666666666666,0.0,0.0,3.0,9.523640850082147,0.0,0.0,0.0,2.0,0.06666666666666667,0.4666666666666667,-0.3333333333333333,-1.0985185185185182,27.0,0.0015676911070938307,34.67962962962963,59.6,27.0,0.0,0.06666666666666667,0.0,0.26666666666666666,0.8458214624881293,1.0,0.0,3.0,10.25,3.0,10.800000000000002,1.0,0.0,3.0,9.483333333333334,3.0,10.366666666666667,1.0,0.0,1.0,0.0,3.0,11.116666666666667,1.0,0.0,2.0,0.0,29.0,46.6448275862069
west_heavy_seed1,west_heavy,1,444.25,459.25,61.0,4.39644419218243,16.251639344262294,32.0,17.75,0.0,0.0,0.0,0.0,0.0,2.0,0.0,0.13333333333333333,0.0,0.0,2.0,0.7357054224513729,2.8,5.6,1.0,0.0,0.0,0.0,0.06666666666666667,0.18666666666666665,2.0,0.22610781587233816,2.8,5.6,1.0,0.0,0.0,0.0,0.06666666666666667,0.18666666666666665,0.0,0.0,0.0,0.0,0.0,2.0,0.0,0.13333333333333333,0.0,0.0,2.0,1.6294565928372804,2.8,5.6,1.0,0.0,0.0,0.0,0.06666666666666667,0.18666666666666665,2.0,0.5475547429988901,2.8,5.6,1.0,0.0,0.0,0.0,0.06666666666666667,0.18666666666666665,0.0,0.0,0.0,0.0,0.0,2.0,0.0,0.13333333333333333,0.0,0.0,0.0,0.0,0.0,0.0,0.0,2.0,0.0,0.2,-0.06666666666666667,-1.0255555555555556,2.0,0.0688256262801974,2.8,5.6,1.0,0.0,0.0,0.0,0.06666666666666667,0.18666666666666665,0.0,0.0,0.0,0.0,0.0,2.0,0.0,0.3333333333333333,0.0,0.0,3.0,9.642945920032489,0.0,0.0,0.0,2.0,0.0,0.4666666666666667,-0.3333333333333333,-1.0219999999999998,27.0,0.000775159793898867,35.67962962962963,60.6,27.0,0.0,0.06666666666666667,0.0,0.26666666666666666,0.8535137701804371,1.0,0.0,3.0,10.916666666666666,3.0,11.466666666666669,1.0,0.0,3.0,10.15,3.0,11.033333333333333,1.0,0.0,1.0,0.0,3.0,11.783333333333333,1.0,0.0,1.0,0.0,29.0,47.6448275862069
west_heavy_seed1,west_heavy,1,445.25,460.25,64.0,4.657396301166204,16.0015625,33.0,16.75,0.0,0.0,0.0,0.0,0.0,2.0,0.0,0.13333333333333333,0.0,0.0,2.0,0.31546693625433103,3.3,6.6,1.0,0.0,0.0,0.0,0.06666666666666667,0.22,2.0,0.06659493034691834,3.3,6.6,1.0,0.0,0.0,0.0,0.06666666666666667,0.22,0.0,0.0,0.0,0.0,0.0,2.0,0.0,0.13333333333333333,0.0,0.0,2.0,0.9675361698837092,3.3,6.6,1.0,0.0,0.0,0.0,0.06666666666666667,0.22,2.0,0.22129121633248522,3.3,6.6,1.0,0.0,0.0,0.0,0.06666666666666667,0.22,0.0,0.0,0.0,0.0,0.0,2.0,0.0,0.13333333333333333,0.0,0.0,0.0,0.0,0.0,0.0,0.0,2.0,0.0,0.2,-0.06666666666666667,-1.0477777777777777,2.0,0.01950771217055324,3.675,6.6,2.0,0.0,0.0,0.0,0.13333333333333333,0.245,1.0,12.888843789196624,0.0,0.0,0.0,2.0,0.06666666666666667,0.3333333333333333,-0.06666666666666667,-0.006666666666666667,3.0,10.109642935656375,0.0,0.0,0.0,2.0,0.06666666666666667,0.5333333333333333,-0.3333333333333333,-1.0553333333333332,28.0,0.0643448516393654,35.36964285714286,61.6,27.0,0.0,0.13333333333333333,0.0,0.26666666666666666,0.7738736263736264,1.0,0.0,3.0,11.583333333333334,3.0,12.133333333333335,1.0,0.0,3.0,10.816666666666668,3.0,11.700000000000001,1.0,0.0,1.0,0.0,3.0,12.450000000000001,2.0,0.0,2.0,0.0,30.0,47.02333333333333
west_heavy_seed1,west_heavy,1,446.25,461.25,64.0,4.776014058119008,16.5296875,34.0,15.75,0.0,0.0,0.0,0.0,0.0,2.0,0.0,0.13333333333333333,0.0,0.0,2.0,0.12420617454859875,3.8,7.6,1.0,0.0,0.0,0.0,0.06666666666666667,0.2533333333333333,2.0,0.018348744817908318,4.2,7.6,2.0,0.0,0.0,0.0,0.13333333333333333,0.28,0.0,0.0,0.0,0.0,0.0,2.0,0.0,0.13333333333333333,0.0,0.0,2.0,0.5194898933685794,3.8,7.6,1.0,0.0,0.0,0.0,0.06666666666666667,0.2533333333333333,2.0,0.083802475404325,3.8,7.6,1.0,0.0,0.0,0.0,0.06666666666666667,0.2533333333333333,0.0,0.0,0.0,0.0,0.0,2.0,0.0,0.13333333333333333,0.0,0.0,0.0,0.0,0.0,0.0,0.0,2.0,0.0,0.2,-0.06666666666666667,-1.07,2.0,0.00536770610481915,4.675,7.6,2.0,0.0,0.0,0.0,0.13333333333333333,0.31166666666666665,1.0,12.894751847114465,0.0,0.0,0.0,2.0,0.06666666666666667,0.3333333333333333,-0.06666666666666667,-0.02,3.0,10.477929381087757,0.0,0.0,0.0,2.0,0.06666666666666667,0.5333333333333333,-0.3333333333333333,-1.088666666666667,28.0,0.1379866793519173,36.33392857142857,62.6,27.0,0.0,0.06666666666666667,0.0,0.26666666666666666,0.8400396825396828,1.0,0.0,3.0,12.25,3.0,12.800000000000002,1.0,0.0,3.0,11.483333333333334,3.0,12.366666666666667,0.0,0.0,1.0,0.0,3.0,13.116666666666667,2.0,0.0,2.0,0.0,30.0,47.99
west_heavy_seed1,west_heavy,1,447.25,462.25,64.0,4.781302550156191,17.07109375,36.0,14.75,0.0,0.0,0.0,0.0,0.0,2.0,0.0,0.13333333333333333,0.0,0.0,2.0,0.04504442356188271,4.375,8.6,2.0,0.0,0.0,0.0,0.13333333333333333,0.2916666666666667,2.0,0.005177522361370718,5.2,8.6,2.0,0.0,0.0,0.0,0.13333333333333333,0.3466666666666667,0.0,0.0,0.0,0.0,0.0,2.0,0.0,0.13333333333333333,0.0,0.0,2.0,0.2618012541377713,4.3,8.6,1.0,0.0,0.0,0.0,0.06666666666666667,0.2866666666666667,2.0,0.030719444757609238,4.55,8.6,2.0,0.0,0.0,0.0,0.13333333333333333,0.30333333333333334,0.0,0.0,0.0,0.0,0.0,2.0,0.0,0.13333333333333333,0.0,0.0,0.0,0.0,0.0,0.0,0.0,2.0,0.0,0.2,0.0,0.0,2.0,0.0015146084015827635,5.675,8.6,2.0,0.0,0.0,0.0,0.13333333333333333,0.3783333333333333,1.0,12.932073985455142,0.0,0.0,0.0,2.0,0.06666666666666667,0.3333333333333333,0.0,0.0,2.0,10.865109527029112,0.0,0.0,0.0,2.0,0.06666666666666667,0.6,-0.26666666666666666,-0.7703333333333333,28.0,0.10128019241358721,37.29821428571428,63.6,27.0,0.0,0.06666666666666667,0.0,0.26666666666666666,0.8475352733686066,1.0,0.0,3.0,12.916666666666666,3.0,13.466666666666669,1.0,0.0,3.0,12.15,3.0,13.033333333333333,0.0,0.0,1.0,0.0,3.0,13.783333333333333,2.0,0.0,2.0,0.0,30.0,48.95666666666667
west_heavy_seed1,west_heavy,1,448.25,463.25,64.0,4.757144561546589,17.63359375,36.0,13.75,0.0,0.0,0.0,0.0,0.0,2.0,0.0,0.13333333333333333,0.0,0.0,2.0,0.016282192806152757,5.375,9.6,2.0,0.0,0.0,0.0,0.13333333333333333,0.35833333333333334,2.0,0.001496589829145812,6.199999999999999,9.6,2.0,0.0,0.0,0.0,0.13333333333333333,0.4133333333333333,0.0,0.0,0.0,0.0,0.0,2.0,0.0,0.13333333333333333,0.0,0.0,2.0,0.1245674650369011,4.8,9.6,1.0,0.0,0.0,0.0,0.06666666666666667,0.32,2.0,0.011289994780976002,5.55,9.6,2.0,0.0,0.0,0.0,0.13333333333333333,0.37,0.0,0.0,0.0,0.0,0.0,2.0,0.0,0.13333333333333333,0.0,0.0,0.0,0.0,0.0,0.0,0.0,2.0,0.0,0.13333333333333333,0.0,0.0,2.0,0.0004403527828589651,6.675,9.6,2.0,0.0,0.0,0.0,0.13333333333333333,0.445,1.0,12.874296952595985,0.0,0.0,0.0,2.0,0.06666666666666667,0.26666666666666666,0.0,0.0,2.0,10.874299350231244,0.0,0.0,0.0,2.0,0.06666666666666667,0.5333333333333333,-0.06666666666666667,-0.13962962962962963,28.0,0.05002710621279938,38.262499999999996,64.6,27.0,0.0,0.06666666666666667,0.0,0.26666666666666666,0.8550308641975306,1.0,0.0,3.0,13.583333333333334,3.0,14.133333333333335,1.0,0.0,3.0,12.816666666666668,3.0,13.700000000000001,0.0,0.0,1.0,0.0,3.0,14.450000000000001,1.0,0.0,2.0,0.0,30.0,49.940000000000005
west_heavy_seed1,west_heavy,1,449.25,464.25,64.0,4.740693601690702,18.19609375,36.0,12.75,0.0,0.0,0.0,0.0,0.0,2.0,0.0,0.13333333333333333,0.0,0.0,2.0,0.005893504590678318,6.375,10.6,2.0,0.0,0.0,0.0,0.13333333333333333,0.425,2.0,0.00040910034783834474,7.199999999999999,10.6,2.0,0.0,0.0,0.0,0.13333333333333333,0.4799999999999999,0.0,0.0,0.0,0.0,0.0,2.0,0.0,0.13333333333333333,0.0,0.0,2.0,0.05780574806677785,5.3,10.6,1.0,0.0,0.0,0.0,0.06666666666666667,0.35333333333333333,2.0,0.00407482865077971,6.55,10.6,2.0,0.0,0.0,0.0,0.13333333333333333,0.43666666666666665,0.0,0.0,0.0,0.0,0.0,2.0,0.0,0.13333333333333333,0.0,0.0,0.0,0.0,0.0,0.0,0.0,2.0,0.0,0.13333333333333333,0.0,0.0,2.0,0.00011952296894012492,7.675,10.6,2.0,0.0,0.0,0.0,0.13333333333333333,0.5116666666666666,1.0,12.884990435787993,0.0,0.0,0.0,2.0,0.06666666666666667,0.26666666666666666,0.0,0.0,1.0,11.980813982819672,0.0,0.0,0.0,2.0,0.06666666666666667,0.6,0.0,0.0,28.0,0.021734796539775468,39.22678571428571,65.6,27.0,0.0,0.06666666666666667,0.0,0.26666666666666666,0.8625264550264549,1.0,0.0,3.0,14.25,3.0,14.800000000000002,1.0,0.0,3.0,13.483333333333334,3.0,14.366666666666667,0.0,0.0,1.0,0.0,3.0,15.116666666666667,1.0,0.0,2.0,0.0,30.0,50.940000000000005
west_heavy_seed1,west_heavy,1,450.25,465.25,76.0,5.146506946374027,15.807894736842107,37.0,11.75,1.0,11.766959959156555,0.0,0.0,0.0,2.0,0.06666666666666667,0.13333333333333333,0.0,0.0,3.0,0.6390980324388511,4.916666666666667,11.6,2.0,0.0,0.06666666666666667,0.0,0.13333333333333333,0.3277777777777778,3.0,0.6386975468255174,5.466666666666666,11.6,2.0,0.0,0.06666666666666667,0.0,0.13333333333333333,0.3644444444444444,1.0,11.560291911319261,0.0,0.0,0.0,2.0,0.06666666666666667,0.13333333333333333,0.0,0.0,3.0,0.6812464851070077,4.1499999999999995,11.6,2.0,0.0,0.06666666666666667,0.0,0.13333333333333333,0.2766666666666666,3.0,0.629042373949973,5.033333333333333,11.6,2.0,0.0,0.06666666666666667,0.0,0.13333333333333333,0.33555555555555555,1.0,15.223262370375457,0.0,0.0,0.0,2.0,0.06666666666666667,0.13333333333333333,0.0,0.0,1.0,11.098979211222952,0.0,0.0,0.0,2.0,0.06666666666666667,0.13333333333333333,0.0,0.0,3.0,0.7225813853681138,5.783333333333334,11.6,2.0,0.0,0.06666666666666667,0.0,0.13333333333333333,0.3855555555555556,2.0,13.386678232825853,0.0,0.0,0.0,2.0,0.13333333333333333,0.26666666666666666,0.0,0.0,2.0,12.249388489419246,0.0,0.0,0.0,2.0,0.13333333333333333,0.5333333333333333,0.0,0.0,29.0,0.08300923214611382,38.8051724137931,66.6,27.0,0.0,0.13333333333333333,0.0,0.2,0.7754065559812685,1.0,0.0,3.0,14.916666666666666,3.0,15.466666666666669,1.0,0.0,3.0,14.15,3.0,15.033333333333333,0.0,0.0,1.0,0.0,3.0,6.916666666666667,1.0,0.0,2.0,0.15,30.0,49.22
west_heavy_seed1,west_heavy,1,451.25,466.25,75.0,5.236268276436993,16.514666666666667,38.0,10.75,1.0,11.79295874636944,0.0,0.0,0.0,2.0,0.06666666666666667,0.13333333333333333,0.0,0.0,3.0,1.5230640547999068,5.583333333333333,12.6,2.0,0.0,0.06666666666666667,0.0,0.13333333333333333,0.3722222222222222,3.0,1.4706016646818032,6.133333333333333,12.6,2.0,0.0,0.06666666666666667,0.0,0.13333333333333333,0.40888888888888886,1.0,11.597772441153545,0.0,0.0,0.0,2.0,0.06666666666666667,0.13333333333333333,0.0,0.0,3.0,1.5233076706161104,4.816666666666666,12.6,2.0,0.0,0.06666666666666667,0.0,0.13333333333333333,0.32111111111111107,3.0,1.4997245487156767,5.7,12.6,2.0,0.0,0.06666666666666667,0.0,0.13333333333333333,0.38,1.0,15.471891130381287,0.0,0.0,0.0,2.0,0.06666666666666667,0.13333333333333333,0.0,0.0,1.0,11.086461193879707,0.0,0.0,0.0,2.0,0.06666666666666667,0.13333333333333333,0.0,0.0,3.0,1.6992406012854893,6.45,12.6,2.0,0.0,0.06666666666666667,0.0,0.13333333333333333,0.43,2.0,13.362466536848483,0.0,0.0,0.0,2.0,0.13333333333333333,0.26666666666666666,0.0,0.0,2.0,12.238968430607814,0.0,0.0,0.0,2.0,0.13333333333333333,0.5333333333333333,0.0,0.0,29.0,0.15097573291958763,39.74310344827586,67.6,28.0,0.0,0.13333333333333333,0.0,0.26666666666666666,0.7786760323541931,1.0,0.6,3.0,15.583333333333334,3.0,16.133333333333336,1.0,0.3,3.0,14.816666666666668,3.0,15.700000000000001,0.0,0.0,1.0,0.0,2.0,0.0,1.0,0.0,2.0,0.65,29.0,43.94137931034483
west_heavy_seed1,west_heavy,1,452.25,467.25,74.0,5.2735845746485905,17.25135135135135,38.0,9.75,1.0,11.845162782730512,0.0,0.0,0.0,2.0,0.06666666666666667,0.13333333333333333,0.0,0.0,3.0,2.3035321361187573,6.25,13.6,2.0,0.0,0.06666666666666667,0.0,0.13333333333333333,0.4166666666666667,3.0,2.2876060036849784,6.8,13.6,2.0,0.0,0.06666666666666667,0.0,0.13333333333333333,0.4533333333333333,1.0,11.578409507743679,0.0,0.0,0.0,2.0,0.06666666666666667,0.13333333333333333,0.0,0.0,3.0,2.3348653826351664,5.483333333333333,13.6,2.0,0.0,0.06666666666666667,0.0,0.13333333333333333,0.3655555555555556,3.0,2.4455783004439353,6.366666666666667,13.6,2.0,0.0,0.06666666666666667,0.0,0.13333333333333333,0.42444444444444446,1.0,15.529405078125443,0.0,0.0,0.0,2.0,0.06666666666666667,0.13333333333333333,0.0,0.0,1.0,11.110270968331363,0.0,0.0,0.0,2.0,0.06666666666666667,0.13333333333333333,0.0,0.0,3.0,2.3816670581485195,7.116666666666667,13.6,2.0,0.0,0.06666666666666667,0.0,0.13333333333333333,0.4744444444444445,2.0,13.391427843144772,0.0,0.0,0.0,2.0,0.13333333333333333,0.26666666666666666,0.0,0.0,2.0,12.216759078538047,0.0,0.0,0.0,2.0,0.13333333333333333,0.4666666666666667,0.0,0.0,29.0,0.05786594679180585,40.70862068965517,68.6,28.0,0.0,0.13333333333333333,0.0,0.26666666666666666,0.7837845891868879,1.0,1.6,3.0,16.25,3.0,16.8,1.0,1.3,3.0,15.483333333333334,3.0,16.366666666666667,0.0,0.0,1.0,0.7,2.0,0.0,1.0,0.0,2.0,1.15,29.0,39.77068965517241
west_heavy_seed1,west_heavy,1,453.25,468.25,73.0,5.318010613868386,18.00821917808219,38.0,8.75,1.0,11.798186535392633,0.0,0.0,0.0,2.0,0.06666666666666667,0.06666666666666667,0.0,0.0,3.0,3.189898515983408,6.916666666666667,14.6,2.0,0.0,0.06666666666666667,0.0,0.13333333333333333,0.46111111111111114,3.0,2.9878001036095037,7.466666666666666,14.6,2.0,0.0,0.06666666666666667,0.0,0.13333333333333333,0.4977777777777777,1.0,11.565233495152686,0.0,0.0,0.0,2.0,0.06666666666666667,0.06666666666666667,0.0,0.0,3.0,3.1414627256286756,6.1499999999999995,14.6,2.0,0.0,0.06666666666666667,0.0,0.13333333333333333,0.41,3.0,3.3285017146903098,7.033333333333334,14.6,2.0,0.0,0.06666666666666667,0.0,0.13333333333333333,0.46888888888888897,1.0,15.552612838206137,0.0,0.0,0.0,2.0,0.06666666666666667,0.06666666666666667,0.0,0.0,1.0,11.08659020927885,0.0,0.0,0.0,2.0,0.06666666666666667,0.13333333333333333,0.0,0.0,3.0,3.138505937307856,7.783333333333334,14.6,2.0,0.0,0.06666666666666667,0.0,0.13333333333333333,0.518888888888889,2.0,13.369130962524938,0.0,0.0,0.0,2.0,0.13333333333333333,0.2,0.0,0.0,2.0,12.222644549114515,0.0,0.0,0.0,2.0,0.13333333333333333,0.4,0.0,0.0,29.0,0.014597569024868074,41.67413793103448,69.6,28.0,0.0,0.13333333333333333,0.0,0.2,0.7883993188590888,1.0,2.6,3.0,16.916666666666668,3.0,17.51666666666667,1.0,2.3,3.0,16.400000000000002,3.0,17.033333333333335,0.0,0.0,1.0,1.7,2.0,0.0,1.0,0.0,2.0,1.65,28.0,36.95178571428572
west_heavy_seed1,west_heavy,1,454.25,469.25,73.0,5.469564902331505,18.53082191780822,39.0,7.75,1.0,11.85040551927148,0.0,0.0,0.0,2.0,0.06666666666666667,0.06666666666666667,0.0,0.0,3.0,4.016341359416697,7.583333333333333,15.6,2.0,0.0,0.06666666666666667,0.0,0.06666666666666667,0.4855555555555556,3.0,3.814817749038069,8.133333333333333,15.6,2.0,0.0,0.06666666666666667,0.0,0.06666666666666667,0.5222222222222223,1.0,11.577469049148393,0.0,0.0,0.0,2.0,0.06666666666666667,0.06666666666666667,0.0,0.0,3.0,3.9524942981496207,6.816666666666666,15.6,2.0,0.0,0.06666666666666667,0.0,0.06666666666666667,0.43444444444444447,3.0,4.173296005792994,7.7,15.6,2.0,0.0,0.06666666666666667,0.0,0.06666666666666667,0.49333333333333335,1.0,15.496955305966573,0.0,0.0,0.0,2.0,0.06666666666666667,0.06666666666666667,0.0,0.0,1.0,11.056363196355862,0.0,0.0,0.0,2.0,0.06666666666666667,0.13333333333333333,0.0,0.0,3.0,3.803963698763306,8.450000000000001,15.6,2.0,0.0,0.06666666666666667,0.0,0.06666666666666667,0.5433333333333333,2.0,13.379795123884595,0.0,0.0,0.0,2.0,0.13333333333333333,0.2,0.0,0.0,2.0,12.206136756981607,0.0,0.0,0.0,2.0,0.13333333333333333,0.3333333333333333,0.0,0.0,29.0,0.0030070969242398573,42.6448275862069,70.6,29.0,0.0,0.13333333333333333,0.0,0.26666666666666666,0.791383567475522,1.0,3.6,3.0,17.633333333333333,3.0,18.51666666666667,1.0,3.3,3.0,17.400000000000002,3.0,17.900000000000002,0.0,0.0,1.0,2.7,1.0,0.0,1.0,0.0,2.0,2.15,28.0,35.26428571428571
west_heavy_seed1,west_heavy,1,455.25,470.25,72.0,5.503015828603809,19.32986111111111,39.0,6.75,1.0,11.800861995002231,0.0,0.0,0.0,2.0,0.06666666666666667,0.06666666666666667,0.0,0.0,3.0,4.235656450857916,8.25,16.6,2.0,0.0,0.06666666666666667,0.0,0.06666666666666667,0.4966666666666667,3.0,4.619190229507054,8.8,16.6,2.0,0.0,0.06666666666666667,0.0,0.06666666666666667,0.5333333333333333,1.0,11.559913061711603,0.0,0.0,0.0,2.0,0.06666666666666667,0.06666666666666667,0.0,0.0,3.0,4.737593899780202,7.483333333333334,16.6,2.0,0.0,0.06666666666666667,0.0,0.06666666666666667,0.44555555555555565,3.0,4.459763302378361,8.366666666666667,16.6,2.0,0.0,0.06666666666666667,0.0,0.06666666666666667,0.5044444444444445,1.0,15.494856981625803,0.0,0.0,0.0,2.0,0.06666666666666667,0.06666666666666667,0.0,0.0,1.0,11.118991214323662,0.0,0.0,0.0,2.0,0.06666666666666667,0.13333333333333333,0.0,0.0,3.0,4.423991319011691,9.116666666666667,16.6,2.0,0.0,0.06666666666666667,0.0,0.06666666666666667,0.5544444444444444,2.0,13.399014934033879,0.0,0.0,0.0,2.0,0.13333333333333333,0.13333333333333333,0.0,0.0,2.0,12.217331144110535,0.0,0.0,0.0,2.0,0.13333333333333333,0.3333333333333333,0.0,0.0,29.0,0.0006327176416324518,43.6448275862069,71.6,29.0,0.0,0.13333333333333333,0.0,0.2,0.7939761600681142,1.0,4.6,3.0,18.633333333333333,3.0,19.51666666666667,1.0,4.3,3.0,18.400000000000002,3.0,18.900000000000002,0.0,0.0,1.0,3.7,0.0,0.0,1.0,0.0,2.0,2.65,27.0,32.342592592592595
west_heavy_seed1,west_heavy,1,456.25,471.25,68.0,5.2944757479300115,21.040441176470587,39.0,5.75,1.0,11.763410411627008,0.0,0.0,0.0,2.0,0.06666666666666667,0.06666666666666667,0.0,0.0,3.0,4.249022349919806,8.916666666666666,17.6,2.0,0.0,0.06666666666666667,0.0,0.06666666666666667,0.5077777777777778,3.0,5.054954956220372,9.466666666666667,17.6,2.0,0.0,0.06666666666666667,0.0,0.06666666666666667,0.5444444444444444,1.0,11.61178717947322,0.0,0.0,0.0,2.0,0.06666666666666667,0.06666666666666667,0.0,0.0,3.0,5.499609940652231,8.15,17.6,2.0,0.0,0.06666666666666667,0.0,0.06666666666666667,0.4566666666666667,3.0,4.433221804707326,9.033333333333333,17.6,2.0,0.0,0.06666666666666667,0.0,0.06666666666666667,0.5155555555555555,1.0,15.515279811196985,0.0,0.0,0.0,2.0,0.06666666666666667,0.06666666666666667,0.0,0.0,1.0,11.06317162732162,0.0,0.0,0.0,2.0,0.06666666666666667,0.13333333333333333,0.0,0.0,3.0,5.258939415733363,9.783333333333333,17.6,2.0,0.0,0.06666666666666667,0.0,0.06666666666666667,0.5655555555555555,2.0,13.391609179444288,0.0,0.0,0.0,2.0,0.13333333333333333,0.13333333333333333,0.0,0.0,2.0,12.224311418043683,0.0,0.0,0.0,2.0,0.13333333333333333,0.26666666666666666,0.0,0.0,29.0,0.00015058773392561737,44.6448275862069,72.6,29.0,0.0,0.13333333333333333,0.0,0.2,0.7964452958705834,1.0,5.6,3.0,19.633333333333333,3.0,20.51666666666667,1.0,5.3,3.0,19.400000000000002,3.0,19.900000000000002,0.0,0.0,1.0,4.7,0.0,0.0,1.0,0.0,2.0,3.15,26.0,31.74423076923077
west_heavy_seed1,west_heavy,1,457.25,472.25,66.0,5.101023101083105,22.268939393939394,39.0,4.75,1.0,11.78414758474424,0.0,0.0,0.0,2.0,0.06666666666666667,0.0,0.0,0.0,3.0,4.24829538075864,9.583333333333334,18.6,2.0,0.0,0.06666666666666667,0.0,0.06666666666666667,0.518888888888889,3.0,5.047643405338658,10.133333333333335,18.6,2.0,0.0,0.06666666666666667,0.0,0.06666666666666667,0.5555555555555556,1.0,11.515943356172546,0.0,0.0,0.0,2.0,0.06666666666666667,0.0,0.0,0.0,3.0,5.533904321670515,8.816666666666668,18.6,2.0,0.0,0.06666666666666667,0.0,0.06666666666666667,0.4677777777777779,3.0,4.460145026824229,9.700000000000001,18.6,2.0,0.0,0.06666666666666667,0.0,0.06666666666666667,0.5266666666666667,1.0,15.50151294507438,0.0,0.0,0.0,2.0,0.06666666666666667,0.06666666666666667,0.0,0.0,1.0,11.046329363836314,0.0,0.0,0.0,2.0,0.06666666666666667,0.06666666666666667,0.0,0.0,3.0,5.571371262034602,10.450000000000001,18.6,2.0,0.0,0.06666666666666667,0.0,0.06666666666666667,0.5766666666666667,2.0,13.404171512492027,0.0,0.0,0.0,2.0,0.13333333333333333,0.06666666666666667,0.0,0.0,2.0,12.19657583178126,0.0,0.0,0.0,2.0,0.13333333333333333,0.26666666666666666,0.0,0.0,29.0,3.842642480911645e-05,45.6448275862069,73.6,29.0,0.0,0.13333333333333333,0.0,0.13333333333333333,0.797679863771818,1.0,6.6,3.0,20.633333333333333,3.0,21.516666666666666,1.0,6.3,3.0,20.400000000000002,3.0,20.900000000000002,0.0,0.0,1.0,5.7,0.0,0.0,1.0,0.0,2.0,3.65,26.0,27.371153846153845
west_heavy_seed1,west_heavy,1,458.25,473.25,62.0,4.584957931276006,24.33467741935484,39.0,3.75,1.0,11.823241291440535,0.0,0.0,0.0,2.0,0.06666666666666667,0.0,0.0,0.0,3.0,4.238948467348522,10.25,19.6,2.0,0.0,0.06666666666666667,0.0,0.06666666666666667,0.53,3.0,5.073211373741414,10.800000000000002,19.6,2.0,0.0,0.06666666666666667,0.0,0.06666666666666667,0.5666666666666669,1.0,11.55135376683659,0.0,0.0,0.0,2.0,0.06666666666666667,0.0,0.0,0.0,3.0,5.545958757878508,9.483333333333334,19.6,2.0,0.0,0.06666666666666667,0.0,0.06666666666666667,0.478888888888889,3.0,4.458820499873744,10.366666666666667,19.6,2.0,0.0,0.06666666666666667,0.0,0.06666666666666667,0.5377777777777778,1.0,15.494636604627617,0.0,0.0,0.0,2.0,0.06666666666666667,0.0,0.0,0.0,1.0,11.132535199612951,0.0,0.0,0.0,2.0,0.06666666666666667,0.06666666666666667,0.0,0.0,3.0,5.586730977190395,11.116666666666667,19.6,2.0,0.0,0.06666666666666667,0.0,0.06666666666666667,0.5877777777777777,1.0,13.88185556705855,0.0,0.0,0.0,2.0,0.06666666666666667,0.06666666666666667,0.0,0.0,2.0,12.211711177074935,0.0,0.0,0.0,2.0,0.13333333333333333,0.2,0.0,0.0,29.0,1.1537198036723073e-05,46.6448275862069,74.6,29.0,0.0,0.13333333333333333,0.0,0.13333333333333333,0.797679863771818,1.0,7.6,3.0,21.633333333333336,3.0,22.516666666666666,1.0,7.3,3.0,21.400000000000002,3.0,21.900000000000002,0.0,0.0,1.0,6.7,0.0,0.0,1.0,0.0,2.0,4.15,25.0,23.93
west_heavy_seed1,west_heavy,1,459.25,474.25,61.0,4.450450593426692,25.37295081967213,39.0,2.75,1.0,11.850196950181598,0.0,0.0,0.0,2.0,0.06666666666666667,0.0,0.0,0.0,3.0,4.2461560808683805,10.916666666666666,20.6,2.0,0.0,0.06666666666666667,0.0,0.06666666666666667,0.5411111111111111,3.0,5.073235710270146,11.466666666666669,20.6,2.0,0.0,0.06666666666666667,0.0,0.06666666666666667,0.5777777777777778,1.0,11.533636512595592,0.0,0.0,0.0,2.0,0.06666666666666667,0.0,0.0,0.0,3.0,5.549098295389883,10.15,20.6,2.0,0.0,0.06666666666666667,0.0,0.06666666666666667,0.49000000000000005,3.0,4.449059336926347,11.033333333333333,20.6,2.0,0.0,0.06666666666666667,0.0,0.06666666666666667,0.548888888888889,1.0,15.477917962262897,0.0,0.0,0.0,2.0,0.06666666666666667,0.0,0.0,0.0,1.0,11.067716515396363,0.0,0.0,0.0,2.0,0.06666666666666667,0.0,0.0,0.0,3.0,5.582666566671423,11.783333333333333,20.6,2.0,0.0,0.06666666666666667,0.0,0.06666666666666667,0.5988888888888889,1.0,13.873351188775153,0.0,0.0,0.0,2.0,0.06666666666666667,0.0,0.0,0.0,1.0,12.434506222241096,0.0,0.0,0.0,2.0,0.06666666666666667,0.2,0.0,0.0,29.0,3.6892274171584667e-06,47.6448275862069,75.6,29.0,0.0,0.13333333333333333,0.0,0.13333333333333333,0.797679863771818,1.0,8.6,3.0,22.633333333333336,3.0,23.516666666666666,1.0,8.3,3.0,22.400000000000002,3.0,22.900000000000002,0.0,0.0,1.0,7.7,0.0,0.0,1.0,0.0,2.0,4.65,24.0,22.854166666666668
west_heavy_seed1,west_heavy,1,460.25,475.25,63.0,4.522520826920574,25.186507936507937,39.0,1.75,1.0,11.841806895619701,0.0,0.0,0.0,2.0,0.06666666666666667,0.0,0.0,0.0,3.0,4.256072839680413,11.583333333333334,21.6,2.0,0.0,0.06666666666666667,0.0,0.06666666666666667,0.5522222222222223,3.0,5.058508342289041,12.133333333333335,21.6,2.0,0.0,0.06666666666666667,0.0,0.06666666666666667,0.588888888888889,1.0,11.58440017510079,0.0,0.0,0.0,2.0,0.06666666666666667,0.0,0.0,0.0,3.0,5.532017778537392,10.816666666666668,21.6,2.0,0.0,0.06666666666666667,0.0,0.06666666666666667,0.5011111111111112,3.0,4.462524889234245,11.700000000000001,21.6,2.0,0.0,0.06666666666666667,0.0,0.06666666666666667,0.5600000000000002,1.0,15.5686952900165,0.0,0.0,0.0,2.0,0.06666666666666667,0.0,0.0,0.0,1.0,11.133179454057585,0.0,0.0,0.0,2.0,0.06666666666666667,0.0,0.0,0.0,3.0,5.577123795967867,12.450000000000001,21.6,2.0,0.0,0.06666666666666667,0.0,0.0,0.5850000000000002,2.0,12.869786182680494,0.0,0.0,0.0,2.0,0.13333333333333333,0.06666666666666667,0.0,0.0,2.0,12.21924453606643,0.0,0.0,0.0,2.0,0.13333333333333333,0.2,0.0,0.0,30.0,0.04410154513755205,47.02333333333333,76.6,29.0,0.0,0.13333333333333333,0.0,0.13333333333333333,0.7769126984126984,1.0,9.6,3.0,23.633333333333336,3.0,24.516666666666666,1.0,9.3,3.0,23.400000000000002,3.0,23.900000000000002,0.0,0.0,1.0,8.7,0.0,0.0,2.0,0.0,3.0,3.4333333333333336,23.0,18.93695652173913
west_heavy_seed1,west_heavy,1,465.25,480.25,58.0,2.39384487457491,28.90258620689655,39.0,11.75,1.0,2.2528583600008365,0.0,0.0,0.0,0.0,0.0,0.0,0.0,0.0,3.0,1.5980781389557233,14.916666666666666,26.6,2.0,0.0,0.0,0.0,0.0,0.6666666666666666,3.0,0.7823748046626692,15.466666666666669,26.6,2.0,0.0,0.0,0.0,0.0,0.6666666666666669,1.0,3.6789843520161085,0.0,0.0,0.0,0.0,0.0,0.0,0.0,0.0,3.0,0.4595818974732678,14.15,26.6,2.0,0.0,0.0,0.0,0.0,0.6666666666666666,3.0,1.1827232020380862,15.033333333333333,26.6,2.0,0.0,0.0,0.0,0.0,0.6666666666666666,0.0,0.0,0.0,0.0,0.0,0.0,0.0,0.06666666666666667,0.0,0.0,1.0,6.699952348574103,0.0,0.0,0.0,0.0,0.0,0.0,0.0,0.0,3.0,0.43488119677294296,6.916666666666667,20.75,1.0,2.0,0.0,0.0,-0.06666666666666667,0.07555555555555553,1.0,11.87707741497639,0.0,0.0,0.0,0.0,0.06666666666666667,0.13333333333333333,0.0,0.0,2.0,5.997659711551387,0.15,0.3,1.0,0.0,0.06666666666666667,0.06666666666666667,0.06666666666666667,0.01,30.0,0.02420248846849887,49.22,78.35,29.0,2.0,0.06666666666666667,0.0,0.13333333333333333,0.6943218390804599,1.0,0.0,3.0,14.766666666666666,3.0,29.516666666666666,1.0,0.0,3.0,14.533333333333333,3.0,28.900000000000002,0.0,0.0,1.0,13.7,0.0,0.0,3.0,0.0,4.0,3.875,22.0,5.0613636363636365
west_heavy_seed1,west_heavy,1,466.25,481.25,58.0,2.252726761178823,25.227586206896554,37.0,10.75,1.0,0.0,0.6,0.6,1.0,0.0,0.0,0.0,0.06666666666666667,0.04,3.0,0.7951100709291056,15.583333333333334,27.6,2.0,0.0,0.0,0.0,0.0,0.6666666666666666,3.0,0.3021980038834219,16.133333333333336,27.6,2.0,0.0,0.0,0.0,0.0,0.6666666666666669,1.0,0.0,0.3,0.3,1.0,0.0,0.0,0.0,0.06666666666666667,0.02,3.0,0.15705508617767971,14.816666666666668,27.6,2.0,0.0,0.0,0.0,0.0,0.6666666666666667,3.0,0.5326224735709607,15.700000000000001,27.6,2.0,0.0,0.0,0.0,0.0,0.6666666666666666,0.0,0.0,0.0,0.0,0.0,0.0,0.0,0.06666666666666667,0.0,0.0,1.0,1.7007452691249343,0.0,0.0,0.0,0.0,0.0,0.0,0.0,0.0,2.0,0.8547506930445792,0.0,0.0,0.0,2.0,0.0,0.06666666666666667,-0.13333333333333333,-0.43,1.0,11.8916752809912,0.0,0.0,0.0,0.0,0.06666666666666667,0.13333333333333333,0.0,0.0,2.0,5.9942487420479305,0.65,1.3,1.0,0.0,0.06666666666666667,0.06666666666666667,0.06666666666666667,0.043333333333333335,29.0,0.09389363653929332,43.94137931034483,73.3,26.0,2.0,0.06666666666666667,0.06666666666666667,-0.13333333333333333,0.2798850574712645,0.0,0.0,2.0,0.0,3.0,30.516666666666666,0.0,0.0,2.0,0.0,3.0,29.900000000000002,0.0,0.0,1.0,14.7,0.0,0.0,2.0,0.0,4.0,4.375,22.0,3.465909090909091
west_heavy_seed1,west_heavy,1,467.25,482.25,57.0,2.175414111294366,23.753508771929827,36.0,9.75,1.0,0.0,1.6,1.6,1.0,0.0,0.0,0.0,0.06666666666666667,0.10666666666666667,3.0,0.3188458778971406,16.25,28.6,2.0,0.0,0.0,0.0,0.0,0.6666666666666666,3.0,0.09657390990468818,16.8,28.6,2.0,0.0,0.0,0.0,0.0,0.6666666666666666,1.0,0.0,1.3,1.3,1.0,0.0,0.0,0.0,0.06666666666666667,0.08666666666666667,3.0,0.045408625287680866,15.483333333333334,28.6,2.0,0.0,0.0,0.0,0.0,0.6666666666666666,3.0,0.1904429452041513,16.366666666666667,28.6,2.0,0.0,0.0,0.0,0.0,0.6666666666666666,0.0,0.0,0.0,0.0,0.0,0.0,0.0,0.06666666666666667,0.0,0.0,1.0,0.0,0.7,0.7,1.0,0.0,0.0,0.0,0.06666666666666667,0.04666666666666666,2.0,1.8187468889023888,0.0,0.0,0.0,2.0,0.0,0.06666666666666667,-0.13333333333333333,-0.4744444444444445,1.0,11.860249936368506,0.0,0.0,0.0,0.0,0.06666666666666667,0.13333333333333333,0.0,0.0,2.0,5.992710914768977,1.15,2.3,1.0,0.0,0.06666666666666667,0.06666666666666667,0.06666666666666667,0.07666666666666666,29.0,0.2813816303767595,39.77068965517241,71.1,24.0,2.0,0.06666666666666667,0.06666666666666667,-0.26666666666666666,-0.06252873563218392,0.0,0.0,2.0,0.0,3.0,31.516666666666666,0.0,0.0,2.0,0.0,3.0,30.900000000000002,0.0,0.0,1.0,15.7,0.0,0.0,2.0,0.0,4.0,4.875,22.0,2.2295454545454545
west_heavy_seed1,west_heavy,1,468.25,483.25,57.0,2.3848374618053674,21.897368421052633,36.0,8.75,1.0,0.0,2.6,2.6,1.0,0.0,0.0,0.0,0.06666666666666667,0.17333333333333334,3.0,0.10228346072322501,16.916666666666668,29.6,2.0,0.0,0.0,0.0,0.0,0.6666666666666666,3.0,0.027886202633180632,17.51666666666667,29.6,3.0,0.0,0.0,0.0,0.06666666666666667,0.6700000000000003,1.0,0.0,2.3,2.3,1.0,0.0,0.0,0.0,0.06666666666666667,0.15333333333333332,3.0,0.012687620252520362,16.400000000000002,29.6,3.0,0.0,0.0,0.0,0.06666666666666667,0.6833333333333336,3.0,0.05658993901026863,17.033333333333335,29.6,2.0,0.0,0.0,0.0,0.0,0.6666666666666666,0.0,0.0,0.0,0.0,0.0,0.0,0.0,0.06666666666666667,0.0,0.0,1.0,0.0,1.7,1.7,1.0,0.0,0.0,0.0,0.06666666666666667,0.11333333333333333,2.0,2.9511658027191645,0.0,0.0,0.0,2.0,0.0,0.06666666666666667,-0.13333333333333333,-0.518888888888889,1.0,11.91779886959675,0.0,0.0,0.0,0.0,0.06666666666666667,0.13333333333333333,0.0,0.0,2.0,5.998181903951336,1.65,3.3,1.0,0.0,0.06666666666666667,0.06666666666666667,0.06666666666666667,0.11,28.0,0.37247065778908317,36.95178571428572,68.25,22.0,2.0,0.06666666666666667,0.13333333333333333,-0.4,-0.31482348111658404,0.0,0.0,2.0,0.0,3.0,32.516666666666666,0.0,0.0,2.0,0.0,3.0,31.900000000000002,0.0,0.0,1.0,16.7,0.0,0.0,2.0,0.0,4.0,5.375,22.0,0.10909090909090909
west_heavy_seed1,west_heavy,1,469.25,484.25,56.0,2.5074968398400186,21.708035714285717,37.0,7.75,1.0,0.0,3.6,3.6,1.0,0.0,0.0,0.0,0.06666666666666667,0.24000000000000002,3.0,0.029184342642856676,17.633333333333333,30.6,3.0,0.0,0.0,0.0,0.06666666666666667,0.67,3.0,0.0077198903102921705,18.51666666666667,30.6,3.0,0.0,0.0,0.0,0.06666666666666667,0.6922222222222224,1.0,0.0,3.3,3.3,1.0,0.0,0.0,0.0,0.06666666666666667,0.22,3.0,0.003637473946774231,17.400000000000002,30.6,3.0,0.0,0.0,0.0,0.06666666666666667,0.7055555555555557,3.0,0.01584148881099935,17.900000000000002,30.6,3.0,0.0,0.0,0.0,0.06666666666666667,0.6800000000000002,0.0,0.0,0.0,0.0,0.0,0.0,0.0,0.06666666666666667,0.0,0.0,1.0,0.0,2.7,2.7,1.0,0.0,0.0,0.0,0.06666666666666667,0.18000000000000002,1.0,3.7349104568437532,0.0,0.0,0.0,2.0,0.0,0.13333333333333333,-0.13333333333333333,-0.5633333333333334,1.0,11.876511445542288,0.0,0.0,0.0,0.0,0.06666666666666667,0.13333333333333333,0.0,0.0,2.0,5.994366572673898,2.15,4.3,1.0,0.0,0.06666666666666667,0.06666666666666667,0.06666666666666667,0.14333333333333334,28.0,0.6743624181270239,35.26428571428571,67.25,21.0,2.0,0.06666666666666667,0.13333333333333333,-0.5333333333333333,-0.4920361247947459,0.0,0.0,1.0,0.0,3.0,33.516666666666666,0.0,0.0,1.0,0.0,3.0,32.9,0.0,0.0,1.0,17.7,0.0,0.0,2.0,0.0,4.0,5.875,22.0,0.15454545454545454
west_heavy_seed1,west_heavy,1,470.25,485.25,55.0,2.637753971630376,20.318181818181817,35.0,6.75,1.0,0.0,4.6,4.6,1.0,0.0,0.0,0.0,0.06666666666666667,0.30666666666666664,3.0,0.008186757642941364,18.633333333333333,31.6,3.0,0.0,0.0,0.0,0.06666666666666667,0.6922222222222222,3.0,0.0021933726492747367,19.51666666666667,31.6,3.0,0.0,0.0,0.0,0.06666666666666667,0.7144444444444445,1.0,0.0,4.3,4.3,1.0,0.0,0.0,0.0,0.06666666666666667,0.2866666666666667,3.0,0.0010195499364774176,18.400000000000002,31.6,3.0,0.0,0.0,0.0,0.06666666666666667,0.7277777777777779,3.0,0.004504442769338592,18.900000000000002,31.6,3.0,0.0,0.0,0.0,0.06666666666666667,0.7022222222222223,0.0,0.0,0.0,0.0,0.0,0.0,0.0,0.06666666666666667,0.0,0.0,1.0,0.0,3.7,3.7,1.0,0.0,0.0,0.0,0.06666666666666667,0.24666666666666667,0.0,0.0,0.0,0.0,0.0,2.0,0.0,0.2,-0.13333333333333333,-0.6077777777777779,1.0,11.89967673725188,0.0,0.0,0.0,0.0,0.06666666666666667,0.13333333333333333,0.0,0.0,2.0,5.9939490485494025,2.65,5.3,1.0,0.0,0.06666666666666667,0.06666666666666667,0.06666666666666667,0.17666666666666667,27.0,0.8183615149331557,32.342592592592595,65.9,19.0,2.0,0.06666666666666667,0.2,-0.6666666666666666,-0.7534823329076203,0.0,0.0,1.0,0.0,3.0,34.516666666666666,0.0,0.0,1.0,0.0,3.0,33.9,0.0,0.0,1.0,18.7,0.0,0.0,2.0,0.0,4.0,6.375,22.0,0.2
west_heavy_seed1,west_heavy,1,471.25,486.25,55.0,2.988825187119523,19.73818181818182,34.0,5.75,1.0,0.0,5.6,5.6,1.0,0.0,0.0,0.0,0.06666666666666667,0.3733333333333333,3.0,0.002260167369458103,19.633333333333333,32.6,3.0,0.0,0.0,0.0,0.06666666666666667,0.7144444444444444,3.0,0.0006012791719663247,20.51666666666667,32.6,3.0,0.0,0.0,0.0,0.06666666666666667,0.7366666666666668,1.0,0.0,5.3,5.3,1.0,0.0,0.0,0.0,0.06666666666666667,0.35333333333333333,3.0,0.00028482516174204906,19.400000000000002,32.6,3.0,0.0,0.0,0.0,0.06666666666666667,0.7500000000000001,3.0,0.0012336610047834525,19.900000000000002,32.6,3.0,0.0,0.0,0.0,0.06666666666666667,0.7244444444444446,0.0,0.0,0.0,0.0,0.0,0.0,0.0,0.06666666666666667,0.0,0.0,1.0,0.0,4.7,4.7,1.0,0.0,0.0,0.0,0.06666666666666667,0.31333333333333335,0.0,0.0,0.0,0.0,0.0,2.0,0.0,0.2,-0.13333333333333333,-0.6522222222222223,1.0,11.896419504366072,0.0,0.0,0.0,0.0,0.06666666666666667,0.13333333333333333,0.0,0.0,2.0,5.745709444708763,3.15,6.3,1.0,0.0,0.06666666666666667,0.06666666666666667,0.06666666666666667,0.21,26.0,0.9380650121226434,31.74423076923077,65.35,18.0,2.0,0.06666666666666667,0.26666666666666666,-0.7333333333333333,-0.8600397877984086,0.0,0.0,0.0,0.0,3.0,35.516666666666666,0.0,0.0,0.0,0.0,3.0,34.9,0.0,0.0,1.0,19.7,0.0,0.0,2.0,0.0,4.0,6.875,22.0,0.2590909090909091
west_heavy_seed1,west_heavy,1,472.25,487.25,55.0,3.2932622699322556,17.96181818181818,32.0,4.75,1.0,0.0,6.6,6.6,1.0,0.0,0.0,0.0,0.06666666666666667,0.44,3.0,0.0006397360322255074,20.633333333333333,33.6,3.0,0.0,0.0,0.0,0.06666666666666667,0.7366666666666666,3.0,0.00017390672775557673,21.516666666666666,33.6,3.0,0.0,0.0,0.0,0.06666666666666667,0.7588888888888887,1.0,0.0,6.3,6.3,1.0,0.0,0.0,0.0,0.06666666666666667,0.42,3.0,8.028826412674364e-05,20.400000000000002,33.6,3.0,0.0,0.0,0.0,0.06666666666666667,0.7722222222222223,3.0,0.0003529242145965318,20.900000000000002,33.6,3.0,0.0,0.0,0.0,0.06666666666666667,0.7466666666666667,0.0,0.0,0.0,0.0,0.0,0.0,0.0,0.06666666666666667,0.0,0.0,1.0,0.0,5.7,5.7,1.0,0.0,0.0,0.0,0.06666666666666667,0.38,0.0,0.0,0.0,0.0,0.0,2.0,0.0,0.2,-0.13333333333333333,-0.6966666666666668,1.0,11.89379287802703,0.0,0.0,0.0,0.0,0.06666666666666667,0.13333333333333333,0.0,0.0,2.0,4.406699335075224,3.65,7.3,1.0,0.0,0.06666666666666667,0.06666666666666667,0.06666666666666667,0.24333333333333332,26.0,1.3347862822393315,27.371153846153845,64.35,16.0,2.0,0.06666666666666667,0.26666666666666666,-0.8666666666666667,-1.2182449160035371,0.0,0.0,0.0,0.0,3.0,36.516666666666666,0.0,0.0,0.0,0.0,3.0,35.9,0.0,0.0,1.0,20.7,0.0,0.0,2.0,0.0,4.0,7.375,22.0,0.35000000000000003
west_heavy_seed1,west_heavy,1,473.25,488.25,55.0,3.4691973187996337,16.19090909090909,30.0,3.75,1.0,0.0,7.6,7.6,1.0,0.0,0.0,0.0,0.06666666666666667,0.5066666666666666,3.0,0.00018069991320119943,21.633333333333336,34.6,3.0,0.0,0.0,0.0,0.06666666666666667,0.7588888888888891,3.0,4.882654030476769e-05,22.516666666666666,34.6,3.0,0.0,0.0,0.0,0.06666666666666667,0.7811111111111109,1.0,0.0,7.3,7.3,1.0,0.0,0.0,0.0,0.06666666666666667,0.48666666666666664,3.0,2.2175909881726292e-05,21.400000000000002,34.6,3.0,0.0,0.0,0.0,0.06666666666666667,0.7944444444444445,3.0,9.729809359819342e-05,21.900000000000002,34.6,3.0,0.0,0.0,0.0,0.06666666666666667,0.768888888888889,0.0,0.0,0.0,0.0,0.0,0.0,0.0,0.06666666666666667,0.0,0.0,1.0,0.0,6.7,6.7,1.0,0.0,0.0,0.0,0.06666666666666667,0.44666666666666666,0.0,0.0,0.0,0.0,0.0,2.0,0.0,0.2,-0.13333333333333333,-0.7411111111111112,1.0,10.944713403485887,0.0,0.0,0.0,0.0,0.06666666666666667,0.06666666666666667,0.0,0.0,2.0,3.2087119039571226,4.15,8.3,1.0,0.0,0.06666666666666667,0.06666666666666667,0.06666666666666667,0.27666666666666667,25.0,1.344912863662872,23.93,62.75,14.0,2.0,0.06666666666666667,0.3333333333333333,-1.0,-1.51432183908046,0.0,0.0,0.0,0.0,3.0,37.516666666666666,0.0,0.0,0.0,0.0,3.0,36.9,0.0,0.0,1.0,21.7,0.0,0.0,2.0,0.0,4.0,7.875,22.0,0.4636363636363636
west_heavy_seed1,west_heavy,1,474.25,489.25,55.0,3.5967435512526214,15.577272727272728,29.0,2.75,1.0,0.0,8.6,8.6,1.0,0.0,0.0,0.0,0.06666666666666667,0.5733333333333334,3.0,5.0338489915403145e-05,22.633333333333336,35.6,3.0,0.0,0.0,0.0,0.06666666666666667,0.7811111111111113,3.0,1.3538655357182655e-05,23.516666666666666,35.6,3.0,0.0,0.0,0.0,0.06666666666666667,0.8033333333333331,1.0,0.0,8.3,8.3,1.0,0.0,0.0,0.0,0.06666666666666667,0.5533333333333333,3.0,6.2870473450498e-06,22.400000000000002,35.6,3.0,0.0,0.0,0.0,0.06666666666666667,0.8166666666666668,3.0,2.702017398744733e-05,22.900000000000002,35.6,3.0,0.0,0.0,0.0,0.06666666666666667,0.7911111111111112,0.0,0.0,0.0,0.0,0.0,0.0,0.0,0.06666666666666667,0.0,0.0,1.0,0.0,7.7,7.7,1.0,0.0,0.0,0.0,0.06666666666666667,0.5133333333333333,0.0,0.0,0.0,0.0,0.0,2.0,0.0,0.2,-0.13333333333333333,-0.7855555555555556,1.0,6.448487103075918,0.0,0.0,0.0,0.0,0.06666666666666667,0.06666666666666667,0.0,0.0,2.0,2.169871320636905,4.65,9.3,1.0,0.0,0.06666666666666667,0.0,0.06666666666666667,0.31,24.0,1.3367819702090837,22.854166666666668,62.45,13.0,2.0,0.06666666666666667,0.4,-1.0666666666666667,-1.652710727969349,0.0,0.0,0.0,0.0,3.0,38.516666666666666,0.0,0.0,0.0,0.0,3.0,37.9,0.0,0.0,1.0,22.7,0.0,0.0,1.0,0.0,4.0,8.375,22.0,0.6136363636363636
west_heavy_seed1,west_heavy,1,475.25,490.25,55.0,3.271989864655991,13.814545454545456,27.0,1.75,1.0,0.0,9.6,9.6,1.0,0.0,0.0,0.0,0.06666666666666667,0.64,3.0,1.4371585605677482e-05,23.633333333333336,36.6,3.0,0.0,0.0,0.0,0.06666666666666667,0.8033333333333335,3.0,3.821894304321314e-06,24.516666666666666,36.6,3.0,0.0,0.0,0.0,0.06666666666666667,0.8255555555555554,1.0,0.0,9.3,9.3,1.0,0.0,0.0,0.0,0.06666666666666667,0.62,3.0,1.7316287998435494e-06,23.400000000000002,36.6,3.0,0.0,0.0,0.0,0.06666666666666667,0.8388888888888889,3.0,7.775044256019965e-06,23.900000000000002,36.6,3.0,0.0,0.0,0.0,0.06666666666666667,0.8133333333333334,0.0,0.0,0.0,0.0,0.0,0.0,0.0,0.06666666666666667,0.0,0.0,1.0,0.0,8.7,8.7,1.0,0.0,0.0,0.0,0.06666666666666667,0.58,0.0,0.0,0.0,0.0,0.0,2.0,0.0,0.2,-0.13333333333333333,-0.8300000000000001,2.0,2.2729852554690924,0.0,0.0,0.0,0.0,0.06666666666666667,0.06666666666666667,0.0,0.0,3.0,1.4799925574738093,3.4333333333333336,10.3,1.0,0.0,0.06666666666666667,0.0,0.06666666666666667,0.2288888888888889,23.0,1.3146585237578028,18.93695652173913,61.2,11.0,2.0,0.0,0.4666666666666667,-1.2,-1.8724251207729468,0.0,0.0,0.0,0.0,3.0,39.516666666666666,0.0,0.0,0.0,0.0,3.0,38.9,0.0,0.0,1.0,23.7,0.0,0.0,1.0,0.0,4.0,8.875,22.0,0.7954545454545454
west_heavy_seed1,west_heavy,1,491.25,506.25,59.0,5.189493307697949,5.513559322033898,14.0,18.75,1.0,13.826448341073702,0.0,0.0,0.0,2.0,0.06666666666666667,0.06666666666666667,-0.06666666666666667,-0.7066666666666667,1.0,11.613145435269397,0.0,0.0,0.0,2.0,0.06666666666666667,0.2,-0.2,-1.6422222222222225,4.0,0.42817284602453376,30.3875,52.6,3.0,0.0,0.06666666666666667,0.0,0.0,0.32472222222222225,1.0,12.664879103788417,0.0,0.0,0.0,2.0,0.06666666666666667,0.06666666666666667,-0.06666666666666667,-0.6866666666666668,1.0,13.888523810671177,0.0,0.0,0.0,2.0,0.06666666666666667,0.2,-0.2,-1.6266666666666667,4.0,0.447866499434859,29.925,52.6,3.0,0.0,0.06666666666666667,0.0,0.0,0.3349999999999999,1.0,13.868397805566202,0.0,0.0,0.0,2.0,0.06666666666666667,0.0,0.0,0.0,2.0,0.6990335952293213,12.35,24.7,1.0,0.0,0.06666666666666667,0.0,0.0,0.1766666666666667,1.0,13.887769304630346,0.0,0.0,0.0,0.0,0.06666666666666667,0.0,0.0,0.0,2.0,11.722479877457886,0.0,0.0,0.0,2.0,0.13333333333333333,0.13333333333333333,-0.06666666666666667,-0.02,5.0,1.6576070124521127,7.5,26.3,2.0,0.0,0.13333333333333333,0.0,0.06666666666666667,0.24888888888888885,23.0,1.6629626788873488,0.9500000000000001,10.4,5.0,0.0,0.06666666666666667,0.06666666666666667,-0.3333333333333333,-1.0507246376811596,0.0,0.0,0.0,0.0,4.0,41.637499999999996,0.0,0.0,0.0,0.0,4.0,41.175,0.0,0.0,2.0,19.85,1.0,1.75,1.0,0.0,6.0,15.316666666666665,26.0,6.971153846153846
west_heavy_seed1,west_heavy,1,492.25,507.25,58.0,5.182944198101119,5.854310344827587,15.0,17.75,1.0,13.83968517711619,0.0,0.0,0.0,2.0,0.06666666666666667,0.06666666666666667,-0.06666666666666667,-0.7733333333333333,1.0,11.63560344285186,0.0,0.0,0.0,2.0,0.06666666666666667,0.2,-0.2,-1.7088888888888891,4.0,0.9322473818944911,31.1375,53.6,3.0,0.0,0.06666666666666667,0.0,0.0,0.3080555555555556,1.0,12.669346290786061,0.0,0.0,0.0,2.0,0.06666666666666667,0.06666666666666667,-0.06666666666666667,-0.7533333333333334,1.0,13.861744337590645,0.0,0.0,0.0,2.0,0.06666666666666667,0.2,-0.2,-1.6933333333333336,4.0,0.9855449748241294,30.675,53.6,3.0,0.0,0.06666666666666667,0.0,0.0,0.31833333333333325,1.0,13.88028927050531,0.0,0.0,0.0,2.0,0.06666666666666667,0.0,0.0,0.0,2.0,1.534892480814633,12.85,25.7,1.0,0.0,0.06666666666666667,0.0,0.0,0.14333333333333337,1.0,13.878308424673742,0.0,0.0,0.0,0.0,0.06666666666666667,0.0,0.0,0.0,2.0,12.815131043830492,0.0,0.0,0.0,2.0,0.13333333333333333,0.13333333333333333,-0.06666666666666667,-0.05333333333333334,5.0,1.5854753043393066,7.9,27.3,2.0,0.0,0.13333333333333333,0.0,0.06666666666666667,0.2533333333333333,23.0,1.5645661195588751,1.1782608695652175,11.4,6.0,0.0,0.06666666666666667,0.0,-0.13333333333333333,-0.7432674571805006,0.0,0.0,0.0,0.0,4.0,42.387499999999996,0.0,0.0,0.0,0.0,4.0,41.925,0.0,0.0,2.0,20.35,1.0,2.75,2.0,0.0,6.0,15.983333333333333,26.0,7.598076923076923
west_heavy_seed1,west_heavy,1,493.25,508.25,58.0,5.087288935821112,6.121551724137931,17.0,16.75,1.0,13.88184076510952,0.0,0.0,0.0,2.0,0.06666666666666667,0.06666666666666667,-0.06666666666666667,-0.84,1.0,11.6561644943626,0.0,0.0,0.0,2.0,0.06666666666666667,0.2,-0.2,-1.7755555555555558,4.0,1.4128098458312939,31.8875,54.6,3.0,0.0,0.06666666666666667,0.0,0.0,0.2913888888888889,1.0,12.678365146022998,0.0,0.0,0.0,2.0,0.06666666666666667,0.06666666666666667,-0.06666666666666667,-0.8200000000000001,1.0,13.863292765533552,0.0,0.0,0.0,2.0,0.06666666666666667,0.2,-0.2,-1.7600000000000002,4.0,1.5190985828258046,31.425,54.6,3.0,0.0,0.06666666666666667,0.0,0.0,0.3016666666666666,1.0,13.868578625925585,0.0,0.0,0.0,2.0,0.06666666666666667,0.0,0.0,0.0,2.0,2.3573431630037143,13.35,26.7,1.0,0.0,0.06666666666666667,0.0,0.0,0.11000000000000003,1.0,13.863414558497025,0.0,0.0,0.0,0.0,0.06666666666666667,0.0,0.0,0.0,2.0,12.809080154625304,0.0,0.0,0.0,2.0,0.06666666666666667,0.13333333333333333,-0.06666666666666667,-0.05777777777777778,5.0,1.6881248782510467,8.370000000000001,28.3,3.0,0.0,0.06666666666666667,0.0,0.13333333333333333,0.3363333333333334,24.0,1.4807801432590393,1.3854166666666667,12.4,7.0,0.0,0.13333333333333333,0.0,0.0,-0.593699494949495,0.0,0.0,0.0,0.0,4.0,43.137499999999996,0.0,0.0,0.0,0.0,4.0,42.675,0.0,0.0,2.0,20.85,1.0,3.75,2.0,0.0,7.0,14.27142857142857,27.0,7.957407407407407
west_heavy_seed1,west_heavy,1,494.25,509.25,58.0,5.191383596024669,6.414655172413793,17.0,15.75,1.0,13.87036416703253,0.0,0.0,0.0,2.0,0.06666666666666667,0.06666666666666667,-0.06666666666666667,-0.9066666666666666,1.0,11.608389122195948,0.0,0.0,0.0,2.0,0.06666666666666667,0.2,-0.2,-1.8422222222222224,4.0,1.8860929456288478,32.6375,55.6,3.0,0.0,0.06666666666666667,0.0,0.0,0.2747222222222225,1.0,12.69808256974561,0.0,0.0,0.0,2.0,0.06666666666666667,0.06666666666666667,-0.06666666666666667,-0.8866666666666667,1.0,13.831032416713425,0.0,0.0,0.0,2.0,0.06666666666666667,0.2,-0.2,-1.8266666666666669,4.0,2.036462520859036,32.175,55.6,3.0,0.0,0.06666666666666667,0.0,0.0,0.28499999999999964,1.0,13.837070543920854,0.0,0.0,0.0,2.0,0.06666666666666667,0.0,0.0,0.0,2.0,3.1989905075612786,13.85,27.7,1.0,0.0,0.06666666666666667,0.0,0.0,0.07666666666666669,1.0,13.886345760148252,0.0,0.0,0.0,0.0,0.06666666666666667,0.0,0.0,0.0,2.0,12.855179752501265,0.0,0.0,0.0,2.0,0.06666666666666667,0.13333333333333333,-0.06666666666666667,-0.08,5.0,1.9337483025198576,8.97,29.3,3.0,0.0,0.06666666666666667,0.0,0.13333333333333333,0.3596666666666667,24.0,1.3975219817521365,1.6770833333333333,13.4,7.0,0.0,0.13333333333333333,0.0,0.06666666666666667,-0.4594065656565657,0.0,0.0,0.0,0.0,4.0,43.887499999999996,0.0,0.0,0.0,0.0,4.0,43.425,0.0,0.0,2.0,21.35,1.0,4.75,2.0,0.0,7.0,14.842857142857143,27.0,8.624074074074073
west_heavy_seed1,west_heavy,1,495.25,510.25,57.0,5.07829394019576,6.836842105263158,19.0,14.75,1.0,13.855168762560934,0.0,0.0,0.0,2.0,0.06666666666666667,0.06666666666666667,0.0,0.0,1.0,11.612856561976658,0.0,0.0,0.0,2.0,0.06666666666666667,0.2,-0.13333333333333333,-0.9844444444444443,4.0,2.3861655094159584,33.3875,56.6,3.0,0.0,0.06666666666666667,0.0,0.0,0.2580555555555558,1.0,12.684318357945894,0.0,0.0,0.0,2.0,0.06666666666666667,0.06666666666666667,0.0,0.0,1.0,13.856829964531354,0.0,0.0,0.0,2.0,0.06666666666666667,0.2,-0.13333333333333333,-0.9688888888888889,4.0,2.4829721873743797,32.925,56.6,3.0,0.0,0.06666666666666667,0.0,0.0,0.268333333333333,1.0,13.853972522872501,0.0,0.0,0.0,2.0,0.06666666666666667,0.0,0.0,0.0,2.0,4.041087288771549,14.35,28.7,1.0,0.0,0.06666666666666667,0.0,0.0,0.043333333333333356,1.0,13.876694444859169,0.0,0.0,0.0,0.0,0.06666666666666667,0.0,0.0,0.0,1.0,14.799425047759177,0.0,0.0,0.0,2.0,0.06666666666666667,0.2,0.0,0.0,5.0,2.285193639575252,9.58,30.3,4.0,0.0,0.06666666666666667,0.0,0.13333333333333333,0.38033333333333336,24.0,1.2914655555111894,1.9937500000000001,14.4,8.0,0.0,0.13333333333333333,0.0,0.26666666666666666,-0.20450757575757575,0.0,0.0,0.0,0.0,4.0,44.637499999999996,0.0,0.0,0.0,0.0,4.0,44.175,0.0,0.0,2.0,21.85,1.0,5.75,2.0,0.0,7.0,15.492857142857144,27.0,9.309259259259258
west_heavy_seed1,west_heavy,1,496.25,511.25,58.0,5.0975394612716745,7.049137931034483,20.0,13.75,1.0,13.849726931476035,0.0,0.0,0.0,2.0,0.06666666666666667,0.0,0.0,0.0,1.0,11.654401823456572,0.0,0.0,0.0,2.0,0.06666666666666667,0.13333333333333333,0.0,0.0,4.0,2.89847588815662,34.1375,57.6,3.0,0.0,0.06666666666666667,0.0,0.0,0.24138888888888915,1.0,12.655654550890914,0.0,0.0,0.0,2.0,0.06666666666666667,0.0,0.0,0.0,1.0,13.875568629930495,0.0,0.0,0.0,2.0,0.06666666666666667,0.13333333333333333,0.0,0.0,4.0,2.961156261635318,33.675,57.6,3.0,0.0,0.06666666666666667,0.0,0.0,0.2516666666666663,1.0,13.840551273433958,0.0,0.0,0.0,2.0,0.06666666666666667,0.0,0.0,0.0,2.0,4.881868144962959,14.85,29.7,1.0,0.0,0.06666666666666667,0.0,0.0,0.010000000000000024,1.0,13.85597066000104,0.0,0.0,0.0,0.0,0.06666666666666667,0.0,0.0,0.0,1.0,14.787688739475072,0.0,0.0,0.0,2.0,0.06666666666666667,0.13333333333333333,0.0,0.0,5.0,2.5703760856857807,10.379999999999999,31.3,4.0,0.0,0.06666666666666667,0.0,0.13333333333333333,0.40033333333333326,25.0,1.1965332246926446,2.24,15.4,9.0,0.0,0.2,0.0,0.3333333333333333,-0.0817272727272727,0.0,0.0,0.0,0.0,4.0,45.537499999999994,0.0,0.0,0.0,0.0,4.0,45.0375,0.0,0.0,2.0,22.35,1.0,6.75,2.0,0.0,7.0,16.20714285714286,27.0,10.02037037037037
west_heavy_seed1,west_heavy,1,497.25,512.25,58.0,5.149585095077585,7.39396551724138,20.0,12.75,1.0,13.841798177232269,0.0,0.0,0.0,2.0,0.06666666666666667,0.0,0.0,0.0,1.0,11.622460399632981,0.0,0.0,0.0,2.0,0.06666666666666667,0.13333333333333333,0.0,0.0,4.0,3.3522888183392356,34.8875,58.6,3.0,0.0,0.06666666666666667,0.0,0.0,0.22472222222222246,1.0,12.707421655512888,0.0,0.0,0.0,2.0,0.06666666666666667,0.0,0.0,0.0,1.0,13.851328238645802,0.0,0.0,0.0,2.0,0.06666666666666667,0.13333333333333333,0.0,0.0,4.0,3.2560298218598493,34.425,58.6,3.0,0.0,0.06666666666666667,0.0,0.0,0.23499999999999968,1.0,13.850052442225861,0.0,0.0,0.0,2.0,0.06666666666666667,0.0,0.0,0.0,2.0,5.74963409262362,15.35,30.7,1.0,0.0,0.06666666666666667,0.0,0.0,-0.02333333333333331,1.0,13.867004626742565,0.0,0.0,0.0,0.0,0.06666666666666667,0.0,0.0,0.0,1.0,14.762591324709566,0.0,0.0,0.0,2.0,0.06666666666666667,0.13333333333333333,0.0,0.0,5.0,2.5673302020325393,11.18,32.3,4.0,0.0,0.06666666666666667,0.0,0.13333333333333333,0.42033333333333334,25.0,1.1210793119949998,2.6,16.4,9.0,0.0,0.2,0.0,0.4,0.024696969696969707,0.0,0.0,0.0,0.0,4.0,46.537499999999994,0.0,0.0,0.0,0.0,4.0,46.0375,0.0,0.0,2.0,22.85,1.0,7.75,2.0,0.0,7.0,16.92142857142857,27.0,10.781481481481482
west_heavy_seed1,west_heavy,1,498.25,513.25,58.0,5.1526182537394085,7.751724137931035,21.0,11.75,1.0,13.843953137733044,0.0,0.0,0.0,2.0,0.06666666666666667,0.0,0.0,0.0,1.0,11.658231374607128,0.0,0.0,0.0,2.0,0.06666666666666667,0.13333333333333333,0.0,0.0,4.0,3.4580215629548183,35.6375,59.6,3.0,0.0,0.06666666666666667,0.0,0.0,0.2080555555555558,1.0,12.687262179451071,0.0,0.0,0.0,2.0,0.06666666666666667,0.0,0.0,0.0,1.0,13.844381603773218,0.0,0.0,0.0,2.0,0.06666666666666667,0.13333333333333333,0.0,0.0,4.0,3.265380074591087,35.175,59.6,3.0,0.0,0.06666666666666667,0.0,0.0,0.218333333333333,1.0,13.861095017045736,0.0,0.0,0.0,2.0,0.06666666666666667,0.0,0.0,0.0,2.0,5.988978878339985,15.85,31.7,1.0,0.0,0.06666666666666667,0.0,0.0,-0.05666666666666664,1.0,13.884479483190226,0.0,0.0,0.0,0.0,0.06666666666666667,0.0,0.0,0.0,1.0,14.796304932695092,0.0,0.0,0.0,2.0,0.06666666666666667,0.13333333333333333,0.0,0.0,5.0,2.5651286289511366,11.98,33.3,4.0,0.0,0.06666666666666667,0.0,0.13333333333333333,0.44033333333333335,25.0,1.0280034726893676,2.99,17.4,10.0,0.0,0.2,0.0,0.6,0.1920606060606061,0.0,0.0,0.0,0.0,4.0,28.8875,0.0,0.0,0.0,0.0,4.0,28.3875,0.0,0.0,2.0,23.35,1.0,8.75,2.0,0.0,7.0,17.635714285714286,27.0,11.58148148148148
west_heavy_seed1,west_heavy,1,499.25,514.25,58.0,5.134031725116763,8.125862068965517,22.0,10.75,1.0,13.836818908496062,0.0,0.0,0.0,2.0,0.06666666666666667,0.0,0.0,0.0,1.0,11.622784245038345,0.0,0.0,0.0,2.0,0.06666666666666667,0.06666666666666667,0.0,0.0,4.0,3.4717187524717885,36.3875,60.6,3.0,0.0,0.06666666666666667,0.0,0.0,0.19138888888888914,1.0,12.705099213828808,0.0,0.0,0.0,2.0,0.06666666666666667,0.0,0.0,0.0,1.0,13.869110680961748,0.0,0.0,0.0,2.0,0.06666666666666667,0.06666666666666667,0.0,0.0,4.0,3.262959090976221,35.925,60.6,3.0,0.0,0.06666666666666667,0.0,0.0,0.20166666666666658,1.0,13.864014308529441,0.0,0.0,0.0,2.0,0.06666666666666667,0.0,0.0,0.0,2.0,5.989634941202821,16.35,32.7,1.0,0.0,0.06666666666666667,0.0,0.0,-0.08999999999999986,1.0,13.84732915219036,0.0,0.0,0.0,0.0,0.06666666666666667,0.0,0.0,0.0,1.0,14.716595459174576,0.0,0.0,0.0,2.0,0.06666666666666667,0.13333333333333333,0.0,0.0,5.0,2.5620283615782045,12.78,34.3,4.0,0.0,0.06666666666666667,0.0,0.13333333333333333,0.4603333333333333,25.0,0.9265936342931883,3.418,18.4,11.0,0.0,0.2,0.0,0.6666666666666666,0.21756363636363638,0.0,0.0,0.0,0.0,3.0,0.0,0.0,0.0,0.0,0.0,3.0,0.0,0.0,0.0,2.0,23.875,1.0,9.75,2.0,0.0,7.0,18.349999999999998,27.0,12.405555555555555
west_heavy_seed1,west_heavy,1,500.25,515.25,55.0,4.731222586653008,8.973636363636365,23.0,9.75,1.0,13.874089349847054,0.0,0.0,0.0,2.0,0.06666666666666667,0.0,0.0,0.0,1.0,11.607230673189914,0.0,0.0,0.0,2.0,0.06666666666666667,0.06666666666666667,0.0,0.0,4.0,3.4566505587208667,37.1375,61.6,3.0,0.0,0.06666666666666667,0.0,0.0,0.17472222222222247,1.0,12.673219820938547,0.0,0.0,0.0,2.0,0.06666666666666667,0.0,0.0,0.0,1.0,13.855684316385306,0.0,0.0,0.0,2.0,0.06666666666666667,0.06666666666666667,0.0,0.0,4.0,3.261159166058062,36.675,61.6,3.0,0.0,0.06666666666666667,0.0,0.0,0.18499999999999991,1.0,13.842662505112822,0.0,0.0,0.0,2.0,0.06666666666666667,0.0,0.0,0.0,2.0,5.993579794317484,16.85,33.7,1.0,0.0,0.06666666666666667,0.0,0.0,-0.1233333333333332,1.0,13.877583199774381,0.0,0.0,0.0,0.0,0.06666666666666667,0.0,0.0,0.0,1.0,14.724632363122167,0.0,0.0,0.0,2.0,0.06666666666666667,0.13333333333333333,0.0,0.0,5.0,2.564524089696072,13.579999999999998,35.3,4.0,0.0,0.06666666666666667,0.0,0.13333333333333333,0.4803333333333332,25.0,0.8311042101839774,3.8680000000000003,19.4,12.0,0.0,0.2,0.0,0.7333333333333333,0.24453333333333335,0.0,0.0,0.0,0.0,3.0,0.0,0.0,0.0,0.0,0.0,3.0,0.0,0.0,0.0,2.0,24.875,1.0,10.75,2.0,0.0,7.0,19.064285714285713,27.0,13.266666666666666
west_heavy_seed1,west_heavy,1,501.25,516.25,55.0,4.688999981119231,9.396363636363635,24.0,8.75,1.0,13.857035754630342,0.0,0.0,0.0,2.0,0.06666666666666667,0.0,0.0,0.0,1.0,11.637601556371372,0.0,0.0,0.0,2.0,0.06666666666666667,0.0,0.0,0.0,4.0,3.4583664827691973,37.8875,62.6,3.0,0.0,0.06666666666666667,0.0,0.0,0.1580555555555558,1.0,12.708087299097105,0.0,0.0,0.0,2.0,0.06666666666666667,0.0,0.0,0.0,1.0,13.851934235672234,0.0,0.0,0.0,2.0,0.06666666666666667,0.0,0.0,0.0,4.0,3.260219183113952,37.425,62.6,3.0,0.0,0.06666666666666667,0.0,0.0,0.16833333333333325,1.0,13.862504667130999,0.0,0.0,0.0,2.0,0.06666666666666667,0.0,0.0,0.0,2.0,5.987234653324122,17.35,34.7,1.0,0.0,0.06666666666666667,0.0,0.0,-0.15666666666666654,1.0,13.848019112255425,0.0,0.0,0.0,0.0,0.06666666666666667,0.0,0.0,0.0,1.0,14.71654927291742,0.0,0.0,0.0,2.0,0.06666666666666667,0.13333333333333333,0.0,0.0,5.0,2.5702753089999466,14.379999999999999,36.3,4.0,0.0,0.06666666666666667,0.0,0.13333333333333333,0.5003333333333333,25.0,0.7374611387159051,4.3580000000000005,20.4,13.0,0.0,0.2,0.0,0.7333333333333333,0.2732606060606061,0.0,0.0,0.0,0.0,3.0,0.0,0.0,0.0,0.0,0.0,3.0,0.0,0.0,0.0,2.0,25.875,1.0,11.75,2.0,0.0,7.0,19.77857142857143,27.0,14.157407407407407
west_heavy_seed1,west_heavy,1,502.25,517.25,54.0,4.327858703026895,10.014814814814814,24.0,7.75,1.0,13.884353519283469,0.0,0.0,0.0,2.0,0.06666666666666667,0.0,0.0,0.0,1.0,11.619321347529475,0.0,0.0,0.0,2.0,0.06666666666666667,0.0,0.0,0.0,4.0,3.4588549443872765,38.6375,63.6,3.0,0.0,0.06666666666666667,0.0,0.0,0.14138888888888915,1.0,12.694356358349332,0.0,0.0,0.0,2.0,0.06666666666666667,0.0,0.0,0.0,1.0,13.84442428261391,0.0,0.0,0.0,2.0,0.06666666666666667,0.0,0.0,0.0,4.0,3.2646324132574978,38.175,63.6,3.0,0.0,0.06666666666666667,0.0,0.0,0.15166666666666656,1.0,13.833198044938037,0.0,0.0,0.0,2.0,0.06666666666666667,0.0,0.0,0.0,2.0,5.990513564626453,17.85,35.7,1.0,0.0,0.06666666666666667,0.0,0.0,-0.18999999999999986,1.0,10.268784950812416,0.0,0.0,0.0,0.0,0.06666666666666667,0.0,0.0,0.0,1.0,12.858182558168114,0.0,0.0,0.0,2.0,0.06666666666666667,0.13333333333333333,0.0,0.0,5.0,2.551308363821313,15.179999999999998,37.3,4.0,0.0,0.06666666666666667,0.0,0.13333333333333333,0.5203333333333332,25.0,0.6368621684902361,4.878,21.4,13.0,0.0,0.2,0.0,0.7333333333333333,0.30186666666666667,0.0,0.0,0.0,0.0,2.0,0.0,0.0,0.0,0.0,0.0,2.0,0.0,0.0,0.0,2.0,26.875,1.0,12.75,2.0,0.0,7.0,20.49285714285714,27.0,15.083333333333334
west_heavy_seed1,west_heavy,1,506.25,521.25,54.0,3.0907274576831436,11.960185185185185,28.0,3.75,0.0,0.0,0.0,0.0,0.0,2.0,0.0,0.06666666666666667,0.0,0.0,0.0,0.0,0.0,0.0,0.0,2.0,0.0,0.06666666666666667,0.0,0.0,4.0,0.987986585626877,41.637499999999996,67.6,3.0,0.0,0.0,0.0,0.0,0.7499999999999998,0.0,0.0,0.0,0.0,0.0,2.0,0.0,0.06666666666666667,0.0,0.0,0.0,0.0,0.0,0.0,0.0,2.0,0.0,0.06666666666666667,0.0,0.0,4.0,1.0674574349686743,41.175,67.6,3.0,0.0,0.0,0.0,0.0,0.7499999999999998,0.0,0.0,0.0,0.0,0.0,2.0,0.0,0.06666666666666667,0.0,0.0,2.0,4.633948207057363,19.85,39.7,1.0,0.0,0.0,0.0,0.0,0.5000000000000001,1.0,0.0,1.75,1.75,1.0,0.0,0.0,0.0,0.06666666666666667,0.11666666666666667,1.0,13.846637746889611,0.0,0.0,0.0,2.0,0.06666666666666667,0.13333333333333333,0.0,0.0,6.0,0.6106833899770231,15.316666666666665,41.3,4.0,0.0,0.06666666666666667,0.0,0.13333333333333333,0.521111111111111,26.0,0.34734109876795194,6.971153846153846,25.4,16.0,0.0,0.2,0.0,0.7333333333333333,0.40141025641025635,0.0,0.0,0.0,0.0,0.0,0.0,0.0,0.0,0.0,0.0,0.0,0.0,0.0,0.0,2.0,30.875,1.0,16.75,3.0,0.48333333333333334,8.0,20.43125,28.0,18.342857142857145
west_heavy_seed1,west_heavy,1,507.25,522.25,53.0,2.9284903276404157,12.719811320754717,29.0,2.75,0.0,0.0,0.0,0.0,0.0,2.0,0.0,0.06666666666666667,0.0,0.0,0.0,0.0,0.0,0.0,0.0,2.0,0.0,0.06666666666666667,0.0,0.0,4.0,0.5362149612589726,42.387499999999996,68.6,3.0,0.0,0.0,0.0,0.0,0.7499999999999998,0.0,0.0,0.0,0.0,0.0,2.0,0.0,0.06666666666666667,0.0,0.0,0.0,0.0,0.0,0.0,0.0,2.0,0.0,0.06666666666666667,0.0,0.0,4.0,0.5795954868322422,41.925,68.6,3.0,0.0,0.0,0.0,0.0,0.7499999999999998,0.0,0.0,0.0,0.0,0.0,2.0,0.0,0.06666666666666667,0.0,0.0,2.0,3.4062373370370045,20.35,40.7,1.0,0.0,0.0,0.0,0.0,0.5000000000000001,1.0,0.0,2.75,2.75,1.0,0.0,0.0,0.0,0.06666666666666667,0.18333333333333332,2.0,13.752264921140156,0.0,0.0,0.0,2.0,0.13333333333333333,0.13333333333333333,0.0,0.0,6.0,0.694338363648242,15.983333333333333,42.3,4.0,0.0,0.06666666666666667,0.0,0.13333333333333333,0.5388888888888889,26.0,0.3616213674850324,7.598076923076923,26.4,17.0,0.0,0.2,0.0,0.7333333333333333,0.4279877369007804,0.0,0.0,0.0,0.0,0.0,0.0,0.0,0.0,0.0,0.0,0.0,0.0,0.0,0.0,2.0,31.875,1.0,17.75,3.0,0.8166666666666668,8.0,21.05625,28.0,19.307142857142857
west_heavy_seed1,west_heavy,1,508.25,523.25,54.0,2.7153348533436943,13.02685185185185,30.0,1.75,0.0,0.0,0.0,0.0,0.0,2.0,0.0,0.06666666666666667,0.0,0.0,0.0,0.0,0.0,0.0,0.0,2.0,0.0,0.06666666666666667,0.0,0.0,4.0,0.24646245531062091,43.137499999999996,69.6,3.0,0.0,0.0,0.0,0.0,0.7499999999999998,0.0,0.0,0.0,0.0,0.0,2.0,0.0,0.06666666666666667,0.0,0.0,0.0,0.0,0.0,0.0,0.0,2.0,0.0,0.06666666666666667,0.0,0.0,4.0,0.2747658421678886,42.675,69.6,3.0,0.0,0.0,0.0,0.0,0.7499999999999998,0.0,0.0,0.0,0.0,0.0,2.0,0.0,0.06666666666666667,0.0,0.0,2.0,2.343515467838492,20.85,41.7,1.0,0.0,0.0,0.0,0.0,0.5000000000000001,1.0,0.0,3.75,3.75,1.0,0.0,0.0,0.0,0.06666666666666667,0.25,2.0,13.761547789833273,0.0,0.0,0.0,2.0,0.13333333333333333,0.13333333333333333,0.0,0.0,7.0,1.1391211309204095,14.27142857142857,43.3,4.0,0.0,0.13333333333333333,0.0,0.06666666666666667,0.3934285714285713,27.0,0.4826594328730884,7.957407407407407,27.4,18.0,0.0,0.2,0.0,0.7333333333333333,0.4381327160493827,0.0,0.0,0.0,0.0,0.0,0.0,0.0,0.0,0.0,0.0,0.0,0.0,0.0,0.0,2.0,32.875,1.0,18.75,3.0,1.1500000000000001,8.0,21.68125,28.0,20.271428571428572
west_heavy_seed1,west_heavy,1,509.25,524.25,54.0,2.7357281778653317,13.582407407407405,30.0,0.75,0.0,0.0,0.0,0.0,0.0,2.0,0.0,0.06666666666666667,0.0,0.0,0.0,0.0,0.0,0.0,0.0,2.0,0.0,0.06666666666666667,0.0,0.0,4.0,0.10147972879339351,43.887499999999996,70.6,3.0,0.0,0.0,0.0,0.0,0.7499999999999996,0.0,0.0,0.0,0.0,0.0,2.0,0.0,0.06666666666666667,0.0,0.0,0.0,0.0,0.0,0.0,0.0,2.0,0.0,0.06666666666666667,0.0,0.0,4.0,0.11490412998706225,43.425,70.6,3.0,0.0,0.0,0.0,0.0,0.75,0.0,0.0,0.0,0.0,0.0,2.0,0.0,0.06666666666666667,0.0,0.0,2.0,1.485136124852786,21.35,42.7,1.0,0.0,0.0,0.0,0.0,0.5000000000000001,1.0,0.0,4.75,4.75,1.0,0.0,0.0,0.0,0.06666666666666667,0.31666666666666665,2.0,13.768909410269696,0.0,0.0,0.0,2.0,0.13333333333333333,0.13333333333333333,0.0,0.0,7.0,1.6562205146673274,14.842857142857143,44.3,4.0,0.0,0.13333333333333333,0.0,0.06666666666666667,0.3915238095238095,27.0,0.48848444123621265,8.624074074074073,28.4,18.0,0.0,0.2,0.0,0.7333333333333333,0.46313271604938266,0.0,0.0,0.0,0.0,0.0,0.0,0.0,0.0,0.0,0.0,0.0,0.0,0.0,0.0,2.0,33.875,1.0,19.75,3.0,1.6833333333333333,8.0,22.30625,28.0,21.235714285714288
west_heavy_seed1,west_heavy,1,510.25,525.25,54.0,2.7016890400994233,14.157407407407407,32.0,2.75,0.0,0.0,0.0,0.0,0.0,1.0,0.0,0.06666666666666667,0.0,0.0,0.0,0.0,0.0,0.0,0.0,1.0,0.0,0.06666666666666667,0.0,0.0,4.0,0.038152030471258154,44.637499999999996,71.6,3.0,0.0,0.0,0.0,0.0,0.7499999999999996,0.0,0.0,0.0,0.0,0.0,1.0,0.0,0.06666666666666667,0.0,0.0,0.0,0.0,0.0,0.0,0.0,1.0,0.0,0.06666666666666667,0.0,0.0,4.0,0.042753502740737484,44.175,71.6,3.0,0.0,0.0,0.0,0.0,0.75,0.0,0.0,0.0,0.0,0.0,1.0,0.0,0.06666666666666667,0.0,0.0,2.0,0.863718464034848,21.85,43.7,1.0,0.0,0.0,0.0,0.0,0.5000000000000001,1.0,0.0,5.75,5.75,1.0,0.0,0.0,0.0,0.06666666666666667,0.38333333333333336,2.0,13.755377808471092,0.0,0.0,0.0,1.0,0.13333333333333333,0.06666666666666667,0.0,0.0,7.0,2.1738701449205338,15.492857142857144,45.3,5.0,0.0,0.13333333333333333,0.0,0.06666666666666667,0.39419047619047626,27.0,0.35515129742586665,9.309259259259258,29.4,19.0,0.0,0.2,0.0,0.7333333333333333,0.48770061728395053,0.0,0.0,0.0,0.0,0.0,0.0,0.0,0.0,0.0,0.0,0.0,0.0,0.0,0.0,2.0,34.875,1.0,20.75,3.0,2.35,8.0,22.93125,28.0,22.2
west_heavy_seed1,west_heavy,1,511.25,526.25,54.0,2.691566057581523,14.773148148148149,35.0,1.75,0.0,0.0,0.0,0.0,0.0,1.0,0.0,0.06666666666666667,0.0,0.0,0.0,0.0,0.0,0.0,0.0,1.0,0.0,0.06666666666666667,0.0,0.0,4.0,0.013794769581790996,45.537499999999994,72.6,4.0,0.0,0.0,0.0,0.06666666666666667,0.7599999999999995,0.0,0.0,0.0,0.0,0.0,1.0,0.0,0.06666666666666667,0.0,0.0,0.0,0.0,0.0,0.0,0.0,1.0,0.0,0.06666666666666667,0.0,0.0,4.0,0.01593342560096192,45.0375,72.6,4.0,0.0,0.0,0.0,0.06666666666666667,0.7575000000000003,0.0,0.0,0.0,0.0,0.0,1.0,0.0,0.06666666666666667,0.0,0.0,2.0,0.4579523976125647,22.35,44.7,1.0,0.0,0.0,0.0,0.0,0.5000000000000001,1.0,0.0,6.75,6.75,1.0,0.0,0.0,0.0,0.06666666666666667,0.45,2.0,13.731555862798121,0.0,0.0,0.0,1.0,0.13333333333333333,0.06666666666666667,0.0,0.0,7.0,2.6536017333507544,16.20714285714286,46.3,5.0,0.0,0.13333333333333333,0.0,0.06666666666666667,0.3884761904761907,27.0,0.24606887878699293,10.02037037037037,30.4,20.0,0.0,0.13333333333333333,0.0,0.7333333333333333,0.5186913580246914,0.0,0.0,0.0,0.0,0.0,0.0,0.0,0.0,0.0,0.0,0.0,0.0,0.0,0.0,2.0,35.875,1.0,21.75,3.0,3.016666666666667,8.0,23.55625,28.0,23.164285714285715
west_heavy_seed1,west_heavy,1,512.25,527.25,54.0,2.705539064892526,15.43148148148148,36.0,0.75,0.0,0.0,0.0,0.0,0.0,1.0,0.0,0.06666666666666667,0.0,0.0,0.0,0.0,0.0,0.0,0.0,1.0,0.0,0.06666666666666667,0.0,0.0,4.0,0.004905054795320824,46.537499999999994,73.6,4.0,0.0,0.0,0.0,0.06666666666666667,0.7766666666666661,0.0,0.0,0.0,0.0,0.0,1.0,0.0,0.06666666666666667,0.0,0.0,0.0,0.0,0.0,0.0,0.0,1.0,0.0,0.06666666666666667,0.0,0.0,4.0,0.0056894539575340205,46.0375,73.6,4.0,0.0,0.0,0.0,0.06666666666666667,0.774166666666667,0.0,0.0,0.0,0.0,0.0,1.0,0.0,0.06666666666666667,0.0,0.0,2.0,0.2256317618185064,22.85,45.7,1.0,0.0,0.0,0.0,0.0,0.5000000000000001,1.0,0.0,7.75,7.75,1.0,0.0,0.0,0.0,0.06666666666666667,0.5166666666666667,2.0,13.737084446955702,0.0,0.0,0.0,1.0,0.13333333333333333,0.06666666666666667,0.0,0.0,7.0,3.146208621137503,16.92142857142857,47.3,5.0,0.0,0.13333333333333333,0.0,0.06666666666666667,0.38276190476190475,27.0,0.16680596333584052,10.781481481481482,31.4,21.0,0.0,0.13333333333333333,0.0,0.8,0.5454320987654321,0.0,0.0,0.0,0.0,0.0,0.0,0.0,0.0,0.0,0.0,0.0,0.0,0.0,0.0,2.0,36.875,1.0,22.75,4.0,2.7625,9.0,21.494444444444444,29.0,23.29655172413793
west_heavy_seed1,west_heavy,1,513.25,528.25,54.0,2.698377094324141,13.346296296296297,35.0,11.75,0.0,0.0,0.0,0.0,0.0,0.0,0.0,0.06666666666666667,0.0,0.0,0.0,0.0,0.0,0.0,0.0,0.0,0.0,0.06666666666666667,0.0,0.0,4.0,0.12347153563504547,28.8875,67.8,3.0,2.0,0.0,0.0,0.0,-0.45000000000000023,0.0,0.0,0.0,0.0,0.0,0.0,0.0,0.06666666666666667,0.0,0.0,0.0,0.0,0.0,0.0,0.0,0.0,0.0,0.06666666666666667,0.0,0.0,4.0,0.11879260068891222,28.3875,66.5,3.0,2.0,0.0,0.0,0.0,-0.45249999999999985,0.0,0.0,0.0,0.0,0.0,0.0,0.0,0.06666666666666667,0.0,0.0,2.0,0.1074786195366216,23.35,46.7,1.0,0.0,0.0,0.0,0.0,0.5000000000000001,1.0,0.0,8.75,8.75,1.0,0.0,0.0,0.0,0.06666666666666667,0.5833333333333334,2.0,13.756430130216176,0.0,0.0,0.0,0.0,0.13333333333333333,0.06666666666666667,0.0,0.0,7.0,3.2300722379881153,17.635714285714286,48.3,5.0,0.0,0.13333333333333333,0.0,0.06666666666666667,0.377047619047619,27.0,0.10787932442787801,11.58148148148148,32.4,22.0,0.0,0.13333333333333333,0.0,0.8,0.5727654320987654,0.0,0.0,0.0,0.0,0.0,0.0,0.0,0.0,0.0,0.0,0.0,0.0,0.0,0.0,2.0,7.025,1.0,23.75,4.0,1.15,9.0,15.122222222222222,29.0,24.227586206896554
west_heavy_seed1,west_heavy,1,514.25,529.25,53.0,2.6314519592780576,9.828301886792453,31.0,10.75,0.0,0.0,0.0,0.0,0.0,0.0,0.0,0.06666666666666667,0.0,0.0,0.0,0.0,0.0,0.0,0.0,0.0,0.0,0.06666666666666667,0.0,0.0,3.0,0.5333752632623637,0.0,0.0,0.0,2.0,0.0,0.06666666666666667,-0.2,-2.4258333333333337,0.0,0.0,0.0,0.0,0.0,0.0,0.0,0.06666666666666667,0.0,0.0,0.0,0.0,0.0,0.0,0.0,0.0,0.0,0.06666666666666667,0.0,0.0,3.0,0.4779740089087521,0.0,0.0,0.0,2.0,0.0,0.06666666666666667,-0.2,-2.395,0.0,0.0,0.0,0.0,0.0,0.0,0.0,0.06666666666666667,0.0,0.0,2.0,0.04969970484580079,23.875,47.7,2.0,0.0,0.0,0.0,0.06666666666666667,0.5016666666666666,1.0,0.0,9.75,9.75,1.0,0.0,0.0,0.0,0.06666666666666667,0.65,2.0,13.766530356741276,0.0,0.0,0.0,0.0,0.13333333333333333,0.06666666666666667,0.0,0.0,7.0,3.258402920985156,18.349999999999998,49.3,5.0,0.0,0.13333333333333333,0.0,0.06666666666666667,0.37133333333333324,27.0,0.06804954492806577,12.405555555555555,33.4,23.0,0.0,0.13333333333333333,0.0,0.8,0.5991703703703704,0.0,0.0,0.0,0.0,0.0,0.0,0.0,0.0,0.0,0.0,0.0,0.0,0.0,0.0,1.0,0.0,1.0,24.75,3.0,0.0,8.0,2.69375,29.0,25.193103448275863
west_heavy_seed1,west_heavy,1,515.25,530.25,53.0,2.7601314404026627,10.417924528301887,32.0,9.75,0.0,0.0,0.0,0.0,0.0,0.0,0.0,0.06666666666666667,0.0,0.0,0.0,0.0,0.0,0.0,0.0,0.0,0.0,0.06666666666666667,0.0,0.0,3.0,1.4323681228434235,0.0,0.0,0.0,2.0,0.0,0.06666666666666667,-0.2,-2.4758333333333336,0.0,0.0,0.0,0.0,0.0,0.0,0.0,0.06666666666666667,0.0,0.0,0.0,0.0,0.0,0.0,0.0,0.0,0.0,0.06666666666666667,0.0,0.0,3.0,1.30823557548232,0.0,0.0,0.0,2.0,0.0,0.06666666666666667,-0.2,-2.445,0.0,0.0,0.0,0.0,0.0,0.0,0.0,0.06666666666666667,0.0,0.0,2.0,0.02286669814392738,24.875,48.7,2.0,0.0,0.0,0.0,0.06666666666666667,0.5349999999999999,1.0,0.0,10.75,10.75,1.0,0.0,0.0,0.0,0.06666666666666667,0.7166666666666667,2.0,13.71425285350473,0.0,0.0,0.0,0.0,0.13333333333333333,0.06666666666666667,0.0,0.0,7.0,3.2803477472162412,19.064285714285713,50.3,5.0,0.0,0.13333333333333333,0.0,0.06666666666666667,0.3656190476190477,27.0,0.042789234782392646,13.266666666666666,34.4,24.0,0.0,0.13333333333333333,0.0,0.8,0.6265777777777777,0.0,0.0,0.0,0.0,0.0,0.0,0.0,0.0,0.0,0.0,0.0,0.0,0.0,0.0,1.0,0.0,1.0,25.75,3.0,0.0,8.0,0.13125,29.0,26.158620689655173
west_heavy_seed1,west_heavy,1,516.25,531.25,53.0,2.909902458834586,11.022641509433964,33.0,8.75,0.0,0.0,0.0,0.0,0.0,0.0,0.0,0.06666666666666667,0.0,0.0,0.0,0.0,0.0,0.0,0.0,0.0,0.0,0.06666666666666667,0.0,0.0,3.0,2.419028677783421,0.0,0.0,0.0,2.0,0.0,0.06666666666666667,-0.2,-2.5258333333333334,0.0,0.0,0.0,0.0,0.0,0.0,0.0,0.06666666666666667,0.0,0.0,0.0,0.0,0.0,0.0,0.0,0.0,0.0,0.06666666666666667,0.0,0.0,3.0,2.3447948030043197,0.0,0.0,0.0,2.0,0.0,0.06666666666666667,-0.2,-2.4949999999999997,0.0,0.0,0.0,0.0,0.0,0.0,0.0,0.06666666666666667,0.0,0.0,2.0,0.010405047527386233,25.875,49.7,2.0,0.0,0.0,0.0,0.06666666666666667,0.5683333333333332,1.0,0.0,11.75,11.75,1.0,0.0,0.0,0.0,0.06666666666666667,0.7833333333333333,2.0,13.721332098211859,0.0,0.0,0.0,0.0,0.13333333333333333,0.06666666666666667,0.0,0.0,7.0,3.30164072289291,19.77857142857143,51.3,5.0,0.0,0.13333333333333333,0.0,0.06666666666666667,0.35990476190476195,27.0,0.026643000447503538,14.157407407407407,35.4,25.0,0.0,0.13333333333333333,0.0,0.8,0.6532938271604938,0.0,0.0,0.0,0.0,0.0,0.0,0.0,0.0,0.0,0.0,0.0,0.0,0.0,0.0,0.0,0.0,1.0,26.75,2.0,0.0,7.0,0.0,29.0,27.124137931034483
west_heavy_seed1,west_heavy,1,517.25,532.25,52.0,2.780112129822697,11.86923076923077,33.0,7.75,0.0,0.0,0.0,0.0,0.0,0.0,0.0,0.06666666666666667,0.0,0.0,0.0,0.0,0.0,0.0,0.0,0.0,0.0,0.06666666666666667,0.0,0.0,2.0,3.0347646809424456,0.0,0.0,0.0,2.0,0.0,0.13333333333333333,-0.2,-2.5758333333333336,0.0,0.0,0.0,0.0,0.0,0.0,0.0,0.06666666666666667,0.0,0.0,0.0,0.0,0.0,0.0,0.0,0.0,0.0,0.06666666666666667,0.0,0.0,2.0,2.971997457291529,0.0,0.0,0.0,2.0,0.0,0.13333333333333333,-0.2,-2.545,0.0,0.0,0.0,0.0,0.0,0.0,0.0,0.06666666666666667,0.0,0.0,2.0,0.004804594203119903,26.875,50.7,2.0,0.0,0.0,0.0,0.06666666666666667,0.6016666666666666,1.0,0.0,12.75,12.75,1.0,0.0,0.0,0.0,0.06666666666666667,0.85,2.0,12.196080780720994,0.0,0.0,0.0,0.0,0.13333333333333333,0.06666666666666667,0.0,0.0,7.0,3.314903879520993,20.49285714285714,52.3,5.0,0.0,0.13333333333333333,0.0,0.06666666666666667,0.35419047619047617,27.0,0.01675634868229652,15.083333333333334,36.4,25.0,0.0,0.13333333333333333,0.0,0.8,0.6803555555555556,0.0,0.0,0.0,0.0,0.0,0.0,0.0,0.0,0.0,0.0,0.0,0.0,0.0,0.0,0.0,0.0,1.0,27.75,2.0,0.0,7.0,0.0,29.0,28.089655172413792
west_heavy_seed1,west_heavy,1,552.25,567.25,54.0,4.325994795863274,26.94074074074074,31.0,5.75,1.0,11.948077352835595,0.0,0.0,0.0,2.0,0.06666666666666667,0.0,0.0,0.0,1.0,13.886538465155756,0.0,0.0,0.0,0.0,0.06666666666666667,0.0,0.0,0.0,1.0,11.986196123377885,0.0,0.0,0.0,0.0,0.06666666666666667,0.0,0.0,0.0,1.0,13.865978804171318,0.0,0.0,0.0,2.0,0.06666666666666667,0.0,0.0,0.0,1.0,11.990431707724929,0.0,0.0,0.0,0.0,0.06666666666666667,0.0,0.0,0.0,1.0,13.856608449125197,0.0,0.0,0.0,0.0,0.06666666666666667,0.0,0.0,0.0,1.0,11.8343267946411,0.0,0.0,0.0,2.0,0.06666666666666667,0.0,0.0,0.0,1.0,12.652345761967819,0.0,0.0,0.0,2.0,0.06666666666666667,0.0,0.0,0.0,2.0,0.4336468757062065,23.875,47.75,1.0,0.0,0.06666666666666667,0.0,0.0,-0.5916666666666667,2.0,7.079422511525516,0.0,0.0,0.0,2.0,0.06666666666666667,0.2,0.0,0.0,4.0,7.571717251938127,0.0,0.0,0.0,2.0,0.06666666666666667,0.13333333333333333,0.0,0.0,30.0,0.0,46.901666666666664,71.4,30.0,0.0,0.0,0.0,0.06666666666666667,0.9983333333333332,2.0,0.0,2.0,0.725,2.0,0.0,2.0,0.725,2.0,0.0,2.0,0.725,2.0,0.0,2.0,0.2,2.0,0.0,4.0,0.0,4.0,0.15,29.0,35.296551724137935
west_heavy_seed1,west_heavy,1,553.25,568.25,53.0,4.228864924053039,28.033962264150944,31.0,4.75,1.0,11.971436633334294,0.0,0.0,0.0,2.0,0.06666666666666667,0.0,0.0,0.0,1.0,13.846077166337055,0.0,0.0,0.0,0.0,0.06666666666666667,0.0,0.0,0.0,1.0,11.99818644305924,0.0,0.0,0.0,0.0,0.06666666666666667,0.0,0.0,0.0,1.0,13.851184705718188,0.0,0.0,0.0,2.0,0.06666666666666667,0.0,0.0,0.0,1.0,11.991985380984843,0.0,0.0,0.0,0.0,0.06666666666666667,0.0,0.0,0.0,1.0,13.831817391702208,0.0,0.0,0.0,0.0,0.06666666666666667,0.0,0.0,0.0,1.0,11.792187875211246,0.0,0.0,0.0,2.0,0.06666666666666667,0.0,0.0,0.0,1.0,12.612898585737215,0.0,0.0,0.0,2.0,0.06666666666666667,0.0,0.0,0.0,2.0,1.3088791611965465,24.375,48.75,1.0,0.0,0.06666666666666667,0.0,0.0,-0.625,2.0,7.800965143794006,0.0,0.0,0.0,2.0,0.06666666666666667,0.2,0.0,0.0,3.0,8.301136670786997,0.0,0.0,0.0,2.0,0.06666666666666667,0.2,0.0,0.0,30.0,0.0,47.901666666666664,72.4,30.0,0.0,0.0,0.0,0.0,1.0,2.0,0.275,2.0,1.225,2.0,0.275,2.0,1.225,2.0,0.275,2.0,1.225,2.0,0.275,2.0,0.7,2.0,0.0,4.0,0.0,4.0,0.4,28.0,32.39642857142857
west_heavy_seed1,west_heavy,1,554.25,569.25,53.0,4.338170892376064,28.618867924528303,31.0,3.75,1.0,11.969397595493852,0.0,0.0,0.0,2.0,0.06666666666666667,0.0,0.0,0.0,1.0,13.865349365060684,0.0,0.0,0.0,0.0,0.06666666666666667,0.0,0.0,0.0,1.0,11.985085947860497,0.0,0.0,0.0,0.0,0.06666666666666667,0.0,0.0,0.0,1.0,13.862855143261841,0.0,0.0,0.0,2.0,0.06666666666666667,0.0,0.0,0.0,1.0,11.989773780314717,0.0,0.0,0.0,0.0,0.06666666666666667,0.0,0.0,0.0,1.0,13.873914939051028,0.0,0.0,0.0,0.0,0.06666666666666667,0.0,0.0,0.0,1.0,11.822530690709835,0.0,0.0,0.0,2.0,0.06666666666666667,0.0,0.0,0.0,1.0,12.592022270021491,0.0,0.0,0.0,2.0,0.06666666666666667,0.0,0.0,0.0,2.0,2.1565681741666234,24.875,49.75,1.0,0.0,0.06666666666666667,0.0,0.0,-0.6583333333333333,1.0,10.761512813418912,0.0,0.0,0.0,2.0,0.06666666666666667,0.2,0.0,0.0,3.0,8.948966821816212,0.0,0.0,0.0,2.0,0.06666666666666667,0.13333333333333333,0.0,0.0,30.0,0.0,48.901666666666664,73.4,30.0,0.0,0.0,0.0,0.0,1.0,2.0,0.775,2.0,1.725,2.0,0.775,2.0,1.725,2.0,0.775,2.0,1.725,2.0,0.775,2.0,1.2,2.0,0.0,4.0,0.225,4.0,0.65,28.0,30.616071428571427
west_heavy_seed1,west_heavy,1,555.25,570.25,52.0,4.296510847678179,29.765384615384615,31.0,2.75,1.0,11.960869124358783,0.0,0.0,0.0,2.0,0.06666666666666667,0.0,0.0,0.0,1.0,13.887095070568613,0.0,0.0,0.0,0.0,0.06666666666666667,0.0,0.0,0.0,1.0,11.97678005203139,0.0,0.0,0.0,0.0,0.06666666666666667,0.0,0.0,0.0,1.0,13.835585794866784,0.0,0.0,0.0,2.0,0.06666666666666667,0.0,0.0,0.0,1.0,11.972624429811258,0.0,0.0,0.0,0.0,0.06666666666666667,0.0,0.0,0.0,1.0,13.878635584529256,0.0,0.0,0.0,0.0,0.06666666666666667,0.0,0.0,0.0,1.0,11.783436840476941,0.0,0.0,0.0,2.0,0.06666666666666667,0.0,0.0,0.0,1.0,12.602502759228457,0.0,0.0,0.0,2.0,0.06666666666666667,0.0,0.0,0.0,2.0,2.993071627774058,25.375,50.75,1.0,0.0,0.06666666666666667,0.0,0.0,-0.6916666666666667,1.0,11.978742511016316,0.0,0.0,0.0,2.0,0.06666666666666667,0.2,0.0,0.0,2.0,10.543758409370664,0.0,0.0,0.0,2.0,0.06666666666666667,0.2,0.0,0.0,30.0,0.0,49.901666666666664,74.4,30.0,0.0,0.0,0.0,0.0,1.0,2.0,1.275,2.0,2.225,2.0,1.275,2.0,2.225,2.0,1.275,2.0,2.225,2.0,1.275,2.0,1.7,1.0,0.0,4.0,0.475,4.0,0.9,27.0,29.87962962962963
west_heavy_seed1,west_heavy,1,556.25,571.25,51.0,4.225066123475238,30.95686274509804,31.0,1.75,1.0,11.944278816440407,0.0,0.0,0.0,2.0,0.06666666666666667,0.0,0.0,0.0,1.0,13.855423467537621,0.0,0.0,0.0,0.0,0.06666666666666667,0.0,0.0,0.0,1.0,11.997613976227585,0.0,0.0,0.0,0.0,0.06666666666666667,0.0,0.0,0.0,1.0,13.851458969941596,0.0,0.0,0.0,2.0,0.06666666666666667,0.0,0.0,0.0,1.0,11.986554228644819,0.0,0.0,0.0,0.0,0.06666666666666667,0.0,0.0,0.0,1.0,13.847872051306767,0.0,0.0,0.0,0.0,0.06666666666666667,0.0,0.0,0.0,1.0,11.780647595112686,0.0,0.0,0.0,2.0,0.06666666666666667,0.0,0.0,0.0,1.0,12.611601190946761,0.0,0.0,0.0,2.0,0.06666666666666667,0.0,0.0,0.0,2.0,3.8312982020399198,25.875,51.75,1.0,0.0,0.06666666666666667,0.0,0.0,-0.725,1.0,11.975011713530403,0.0,0.0,0.0,2.0,0.06666666666666667,0.2,0.0,0.0,1.0,13.642354912229207,0.0,0.0,0.0,2.0,0.06666666666666667,0.2,0.0,0.0,30.0,0.0,50.901666666666664,75.4,30.0,0.0,0.0,0.0,0.0,1.0,2.0,1.775,2.0,2.725,2.0,1.775,2.0,2.725,2.0,1.775,2.0,2.725,2.0,1.775,2.0,2.2,1.0,0.0,4.0,0.725,4.0,1.15,26.0,29.069230769230767
west_heavy_seed1,west_heavy,1,557.25,572.25,50.0,4.201988968505832,32.196,31.0,0.75,1.0,11.950273526752632,0.0,0.0,0.0,2.0,0.06666666666666667,0.0,0.0,0.0,1.0,13.841396219332237,0.0,0.0,0.0,0.0,0.06666666666666667,0.0,0.0,0.0,1.0,11.970801750000101,0.0,0.0,0.0,0.0,0.06666666666666667,0.0,0.0,0.0,1.0,13.842112055451144,0.0,0.0,0.0,2.0,0.06666666666666667,0.0,0.0,0.0,1.0,11.987547923661769,0.0,0.0,0.0,0.0,0.06666666666666667,0.0,0.0,0.0,1.0,13.828486816677033,0.0,0.0,0.0,0.0,0.06666666666666667,0.0,0.0,0.0,1.0,11.792822263939314,0.0,0.0,0.0,2.0,0.06666666666666667,0.0,0.0,0.0,1.0,12.639179672237017,0.0,0.0,0.0,2.0,0.06666666666666667,0.0,0.0,0.0,2.0,4.675004896841719,26.375,52.75,1.0,0.0,0.06666666666666667,0.0,0.0,-0.7583333333333333,1.0,11.997422101262492,0.0,0.0,0.0,2.0,0.06666666666666667,0.2,0.0,0.0,1.0,13.622310160224883,0.0,0.0,0.0,2.0,0.06666666666666667,0.2,0.0,0.0,30.0,0.0,51.901666666666664,76.4,30.0,0.0,0.0,0.0,0.0,1.0,2.0,2.275,2.0,3.225,2.0,2.275,2.0,3.225,2.0,2.275,2.0,3.225,2.0,2.275,2.0,2.7,1.0,0.0,4.0,0.975,4.0,1.4,26.0,24.623076923076926
west_heavy_seed1,west_heavy,1,558.25,573.25,50.0,4.328662162209884,32.816,31.0,2.75,1.0,11.953377030777544,0.0,0.0,0.0,1.0,0.06666666666666667,0.0,0.0,0.0,1.0,13.863196263831343,0.0,0.0,0.0,0.0,0.06666666666666667,0.0,0.0,0.0,1.0,11.991238747292664,0.0,0.0,0.0,0.0,0.06666666666666667,0.0,0.0,0.0,1.0,13.83637249529711,0.0,0.0,0.0,1.0,0.06666666666666667,0.0,0.0,0.0,1.0,11.995234325970523,0.0,0.0,0.0,0.0,0.06666666666666667,0.0,0.0,0.0,1.0,13.863906666256954,0.0,0.0,0.0,0.0,0.06666666666666667,0.0,0.0,0.0,1.0,11.79327161172522,0.0,0.0,0.0,1.0,0.06666666666666667,0.0,0.0,0.0,1.0,12.649230143821562,0.0,0.0,0.0,1.0,0.06666666666666667,0.0,0.0,0.0,2.0,5.5296605070703695,26.875,53.75,1.0,0.0,0.06666666666666667,0.0,0.0,-0.7916666666666666,1.0,11.980422816127538,0.0,0.0,0.0,1.0,0.06666666666666667,0.2,0.0,0.0,1.0,13.610955591368114,0.0,0.0,0.0,1.0,0.06666666666666667,0.2,0.0,0.0,30.0,0.0,52.901666666666664,77.4,30.0,0.0,0.0,0.0,0.0,1.0,2.0,2.775,2.0,3.725,2.0,2.775,2.0,3.725,2.0,2.775,2.0,3.725,2.0,2.775,2.0,3.2,1.0,0.0,4.0,1.225,4.0,1.65,25.0,23.548000000000002
west_heavy_seed1,west_heavy,1,559.25,574.25,49.0,4.177870272682312,34.118367346938776,31.0,1.75,1.0,11.95428649848726,0.0,0.0,0.0,1.0,0.06666666666666667,0.0,0.0,0.0,1.0,13.825797440872995,0.0,0.0,0.0,0.0,0.06666666666666667,0.0,0.0,0.0,1.0,11.973598339303862,0.0,0.0,0.0,0.0,0.06666666666666667,0.0,0.0,0.0,1.0,13.867505668491358,0.0,0.0,0.0,1.0,0.06666666666666667,0.0,0.0,0.0,1.0,11.993432428082452,0.0,0.0,0.0,0.0,0.06666666666666667,0.0,0.0,0.0,1.0,13.834915964872344,0.0,0.0,0.0,0.0,0.06666666666666667,0.0,0.0,0.0,1.0,11.795444611717256,0.0,0.0,0.0,1.0,0.06666666666666667,0.0,0.0,0.0,1.0,12.635631273818664,0.0,0.0,0.0,1.0,0.06666666666666667,0.0,0.0,0.0,2.0,5.9895324750628784,27.375,54.75,1.0,0.0,0.06666666666666667,0.0,0.0,-0.825,1.0,11.976532837422564,0.0,0.0,0.0,1.0,0.06666666666666667,0.2,0.0,0.0,1.0,13.631313804710375,0.0,0.0,0.0,1.0,0.06666666666666667,0.2,0.0,0.0,30.0,0.0,53.901666666666664,78.4,30.0,0.0,0.0,0.0,0.0,1.0,2.0,3.275,2.0,4.225,2.0,3.275,2.0,4.225,2.0,3.275,2.0,4.225,2.0,3.275,2.0,3.7,1.0,0.0,4.0,1.475,4.0,1.9,25.0,18.958
west_heavy_seed1,west_heavy,1,560.25,575.25,49.0,4.1712687623515246,34.751020408163264,31.0,0.75,1.0,11.96432409539985,0.0,0.0,0.0,1.0,0.06666666666666667,0.0,0.0,0.0,1.0,13.844778170461069,0.0,0.0,0.0,0.0,0.06666666666666667,0.0,0.0,0.0,1.0,11.996271567670629,0.0,0.0,0.0,0.0,0.06666666666666667,0.0,0.0,0.0,1.0,13.887715161624365,0.0,0.0,0.0,1.0,0.06666666666666667,0.0,0.0,0.0,1.0,11.989908951062244,0.0,0.0,0.0,0.0,0.06666666666666667,0.0,0.0,0.0,1.0,13.858519514647778,0.0,0.0,0.0,0.0,0.06666666666666667,0.0,0.0,0.0,1.0,11.826961209679729,0.0,0.0,0.0,1.0,0.06666666666666667,0.0,0.0,0.0,1.0,12.631224467770892,0.0,0.0,0.0,1.0,0.06666666666666667,0.0,0.0,0.0,2.0,5.990184029289521,27.875,55.75,1.0,0.0,0.06666666666666667,0.0,0.0,-0.8583333333333333,1.0,11.993825934736524,0.0,0.0,0.0,1.0,0.06666666666666667,0.2,0.0,0.0,1.0,13.648052474360306,0.0,0.0,0.0,1.0,0.06666666666666667,0.2,0.0,0.0,30.0,0.0,54.901666666666664,79.4,30.0,0.0,0.0,0.0,0.0,1.0,2.0,3.775,2.0,4.725,2.0,3.775,2.0,4.725,2.0,3.775,2.0,4.725,2.0,3.775,2.0,4.2,1.0,0.0,4.0,1.725,4.0,2.15,25.0,16.846
west_heavy_seed1,west_heavy,1,561.25,576.25,48.0,4.077010307495695,33.26354166666667,29.0,11.75,1.0,11.95219664724477,0.0,0.0,0.0,0.0,0.06666666666666667,0.0,0.0,0.0,1.0,13.874007700356888,0.0,0.0,0.0,0.0,0.06666666666666667,0.0,0.0,0.0,1.0,11.985125563130714,0.0,0.0,0.0,0.0,0.06666666666666667,0.0,0.0,0.0,1.0,13.850794981743675,0.0,0.0,0.0,0.0,0.06666666666666667,0.0,0.0,0.0,1.0,11.981926911191549,0.0,0.0,0.0,0.0,0.06666666666666667,0.0,0.0,0.0,1.0,13.87284017967293,0.0,0.0,0.0,0.0,0.06666666666666667,0.0,0.0,0.0,1.0,11.782402123840301,0.0,0.0,0.0,0.0,0.06666666666666667,0.0,0.0,0.0,1.0,12.61796323284297,0.0,0.0,0.0,0.0,0.06666666666666667,0.0,0.0,0.0,2.0,6.306608671960832,0.0,0.0,0.0,2.0,0.06666666666666667,0.0,-0.06666666666666667,-2.783333333333333,1.0,11.993192567455116,0.0,0.0,0.0,0.0,0.06666666666666667,0.2,0.0,0.0,1.0,13.623747490229874,0.0,0.0,0.0,0.0,0.06666666666666667,0.2,0.0,0.0,30.0,0.008750286610790007,53.22166666666667,75.3,29.0,2.0,0.0,0.0,-0.06666666666666667,0.8213333333333338,2.0,0.0,2.0,0.0,2.0,4.4750000000000005,2.0,0.0,2.0,0.0,2.0,5.225,2.0,0.0,2.0,4.7,1.0,0.0,4.0,0.0,4.0,2.4,25.0,12.265999999999998
west_heavy_seed1,west_heavy,1,562.25,577.25,59.0,5.89479536855242,24.997457627118642,27.0,10.75,2.0,12.205746910323423,0.0,0.0,0.0,0.0,0.13333333333333333,0.0,0.0,0.0,2.0,14.14086018019298,0.0,0.0,0.0,0.0,0.13333333333333333,0.0,0.0,0.0,2.0,12.324429936272328,0.0,0.0,0.0,0.0,0.13333333333333333,0.0,0.0,0.0,2.0,14.188087204442711,0.0,0.0,0.0,0.0,0.13333333333333333,0.0,0.0,0.0,2.0,12.26227498920495,0.0,0.0,0.0,0.0,0.13333333333333333,0.0,0.0,0.0,2.0,13.866677997304592,0.0,0.0,0.0,0.0,0.13333333333333333,0.0,0.0,0.0,2.0,12.114146918665044,0.0,0.0,0.0,0.0,0.13333333333333333,0.0,0.0,0.0,2.0,11.765521655185907,0.0,0.0,0.0,0.0,0.13333333333333333,0.0,0.0,0.0,2.0,11.709564943682857,0.0,0.0,0.0,2.0,0.13333333333333333,0.06666666666666667,-0.06666666666666667,-2.85,2.0,12.241966453849457,0.0,0.0,0.0,0.0,0.13333333333333333,0.2,0.0,0.0,2.0,13.893392476558137,0.0,0.0,0.0,0.0,0.13333333333333333,0.2,0.0,0.0,30.0,0.06116295244313163,49.16166666666666,73.3,27.0,2.0,0.0,0.0,-0.2,0.4839999999999999,1.0,0.0,1.0,0.0,2.0,5.4750000000000005,1.0,0.0,1.0,0.0,2.0,5.725,1.0,0.0,2.0,5.2,1.0,0.0,3.0,0.0,4.0,2.75,25.0,10.104
west_heavy_seed1,west_heavy,1,563.25,578.25,59.0,6.157723955823396,22.96949152542373,25.0,9.75,2.0,12.956584229000672,0.0,0.0,0.0,0.0,0.13333333333333333,0.0,0.0,0.0,2.0,13.326207665042718,0.0,0.0,0.0,0.0,0.13333333333333333,0.0,0.0,0.0,2.0,13.496387789949262,0.0,0.0,0.0,0.0,0.13333333333333333,0.0,0.0,0.0,2.0,14.123113164544897,0.0,0.0,0.0,0.0,0.13333333333333333,0.0,0.0,0.0,2.0,13.354058462941797,0.0,0.0,0.0,0.0,0.13333333333333333,0.0,0.0,0.0,2.0,12.75302219523257,0.0,0.0,0.0,0.0,0.13333333333333333,0.0,0.0,0.0,2.0,13.256931129092253,0.0,0.0,0.0,0.0,0.13333333333333333,0.0,0.0,0.0,2.0,11.736336748143835,0.0,0.0,0.0,0.0,0.13333333333333333,0.0,0.0,0.0,2.0,11.72108129437744,0.0,0.0,0.0,2.0,0.13333333333333333,0.06666666666666667,-0.06666666666666667,-2.9166666666666665,2.0,13.44945737867268,0.0,0.0,0.0,0.0,0.13333333333333333,0.2,0.0,0.0,2.0,14.330255855307403,0.0,0.0,0.0,0.0,0.13333333333333333,0.2,0.0,0.0,29.0,0.07936927681493398,46.73103448275862,71.25,25.0,2.0,0.0,0.06666666666666667,-0.3333333333333333,0.25529118773946397,1.0,0.0,1.0,0.0,2.0,6.4750000000000005,1.0,0.0,1.0,0.0,2.0,6.225,1.0,0.0,2.0,5.7,1.0,0.0,3.0,0.0,4.0,3.25,25.0,7.944
west_heavy_seed1,west_heavy,1,564.25,579.25,61.0,6.294406914842755,21.441803278688525,24.0,8.75,2.0,12.962085076268355,0.0,0.0,0.0,0.0,0.13333333333333333,0.0,0.0,0.0,2.0,11.0855208869565,0.0,0.0,0.0,0.0,0.13333333333333333,0.0,0.0,0.0,2.0,14.673324513437535,0.0,0.0,0.0,0.0,0.13333333333333333,0.0,0.0,0.0,2.0,11.888666193906312,0.0,0.0,0.0,0.0,0.13333333333333333,0.0,0.0,0.0,2.0,14.506427753128424,0.0,0.0,0.0,0.0,0.13333333333333333,0.0,0.0,0.0,2.0,10.494333247993858,0.0,0.0,0.0,0.0,0.13333333333333333,0.0,0.0,0.0,2.0,14.465838949152529,0.0,0.0,0.0,0.0,0.13333333333333333,0.0,0.0,0.0,2.0,11.421977243620963,0.0,0.0,0.0,0.0,0.13333333333333333,0.0,0.0,0.0,2.0,11.744397693939614,0.0,0.0,0.0,2.0,0.13333333333333333,0.06666666666666667,-0.06666666666666667,-2.9833333333333334,3.0,13.230110621236962,0.0,0.0,0.0,0.0,0.2,0.2,0.0,0.0,3.0,12.367014799319966,0.0,0.0,0.0,0.0,0.2,0.2,0.0,0.0,29.0,0.1681270916859371,45.101724137931036,71.15,24.0,2.0,0.0,0.06666666666666667,-0.4,0.08000383141762483,0.0,0.0,0.0,0.0,2.0,7.4750000000000005,0.0,0.0,0.0,0.0,2.0,6.725,0.0,0.0,2.0,6.2,1.0,0.85,2.0,0.0,4.0,3.75,25.0,3.718
west_heavy_seed1,west_heavy,1,565.25,580.25,61.0,5.991703561725358,19.495081967213114,22.0,7.75,2.0,12.038523305349695,0.0,0.0,0.0,0.0,0.13333333333333333,0.0,0.0,0.0,2.0,8.831953135295327,0.0,0.0,0.0,0.0,0.13333333333333333,0.0,0.0,0.0,2.0,13.82145061423031,0.0,0.0,0.0,0.0,0.13333333333333333,0.0,0.0,0.0,2.0,9.64940608563864,0.0,0.0,0.0,0.0,0.13333333333333333,0.0,0.0,0.0,2.0,13.970711277299603,0.0,0.0,0.0,0.0,0.13333333333333333,0.0,0.0,0.0,2.0,8.247666549919577,0.0,0.0,0.0,0.0,0.13333333333333333,0.0,0.0,0.0,2.0,14.692274297436619,0.0,0.0,0.0,0.0,0.13333333333333333,0.0,0.0,0.0,2.0,9.18291535750766,0.0,0.0,0.0,0.0,0.13333333333333333,0.0,0.0,0.0,2.0,11.724585079984614,0.0,0.0,0.0,2.0,0.13333333333333333,0.06666666666666667,-0.06666666666666667,-3.05,3.0,13.233122699170295,0.0,0.0,0.0,0.0,0.2,0.13333333333333333,0.0,0.0,3.0,10.886909791798665,0.0,0.0,0.0,0.0,0.2,0.2,0.0,0.0,29.0,0.2876624396517947,41.00689655172414,69.15,22.0,2.0,0.0,0.06666666666666667,-0.5333333333333333,-0.25965134099616827,0.0,0.0,0.0,0.0,2.0,8.475000000000001,0.0,0.0,0.0,0.0,2.0,7.574999999999999,0.0,0.0,2.0,6.7,1.0,1.85,2.0,0.0,4.0,4.25,25.0,2.044
west_heavy_seed1,west_heavy,1,566.25,581.25,61.0,5.54193204697895,18.727868852459018,24.0,6.75,2.0,10.008470943263562,0.0,0.0,0.0,0.0,0.13333333333333333,0.0,0.0,0.0,2.0,7.5236143776056315,0.225,0.45,1.0,0.0,0.13333333333333333,0.0,0.06666666666666667,0.015000000000000001,2.0,11.8391144454499,0.0,0.0,0.0,0.0,0.13333333333333333,0.0,0.0,0.0,2.0,8.311392811365078,0.225,0.45,1.0,0.0,0.13333333333333333,0.0,0.06666666666666667,0.015000000000000001,2.0,11.957506533933673,0.0,0.0,0.0,0.0,0.13333333333333333,0.0,0.0,0.0,2.0,6.942912722828798,0.225,0.45,1.0,0.0,0.13333333333333333,0.0,0.06666666666666667,0.015000000000000001,2.0,12.444377992489612,0.0,0.0,0.0,0.0,0.13333333333333333,0.0,0.0,0.0,2.0,6.936374818499051,0.0,0.0,0.0,0.0,0.13333333333333333,0.0,0.0,0.0,2.0,11.710147311744153,0.0,0.0,0.0,2.0,0.13333333333333333,0.06666666666666667,-0.06666666666666667,-3.1166666666666667,3.0,12.12049697425428,0.0,0.0,0.0,0.0,0.2,0.13333333333333333,0.0,0.0,3.0,9.396833001262495,0.0,0.0,0.0,0.0,0.2,0.2,0.0,0.0,29.0,0.44109150148865595,39.34655172413793,68.75,21.0,2.0,0.0,0.06666666666666667,-0.6,-0.4370076628352488,0.0,0.0,0.0,0.0,2.0,9.475000000000001,0.0,0.0,0.0,0.0,2.0,8.575,0.0,0.0,2.0,7.2,1.0,2.85,2.0,0.0,4.0,4.75,25.0,0.474
west_heavy_seed1,west_heavy,1,567.25,582.25,63.0,5.421070612445772,16.332539682539682,24.0,5.75,2.0,8.032764778788653,0.0,0.0,0.0,0.0,0.06666666666666667,0.0,0.0,0.0,2.0,7.53441765559292,0.725,1.45,1.0,0.0,0.06666666666666667,0.0,0.06666666666666667,0.04833333333333333,2.0,9.779000908342944,0.0,0.0,0.0,0.0,0.06666666666666667,0.0,0.0,0.0,2.0,8.312494175911416,0.725,1.45,1.0,0.0,0.06666666666666667,0.0,0.06666666666666667,0.04833333333333333,2.0,9.982179546516582,0.0,0.0,0.0,0.0,0.06666666666666667,0.0,0.0,0.0,2.0,6.941211209634319,0.725,1.45,1.0,0.0,0.06666666666666667,0.0,0.06666666666666667,0.04833333333333333,2.0,10.208211162820444,0.0,0.0,0.0,0.0,0.06666666666666667,0.0,0.0,0.0,2.0,5.437727451966324,0.2,0.4,1.0,0.0,0.06666666666666667,0.0,0.06666666666666667,0.013333333333333334,2.0,11.723309264441708,0.0,0.0,0.0,2.0,0.06666666666666667,0.06666666666666667,-0.06666666666666667,-1.5916666666666666,4.0,10.924021288507237,0.0,0.0,0.0,0.0,0.2,0.06666666666666667,0.0,0.0,4.0,8.76633543610098,0.15,0.6,1.0,0.0,0.2,0.2,0.06666666666666667,0.01,29.0,0.6316076108553915,35.296551724137935,67.25,19.0,2.0,0.0,0.06666666666666667,-0.7333333333333333,-0.7736743295019153,0.0,0.0,0.0,0.0,2.0,10.475000000000001,0.0,0.0,0.0,0.0,2.0,9.575,0.0,0.0,2.0,7.7,1.0,3.85,1.0,0.0,4.0,5.25,25.0,0.612
west_heavy_seed1,west_heavy,1,568.25,583.25,63.0,5.414202272330342,14.597619047619046,26.0,4.75,2.0,6.952229092173206,0.275,0.55,1.0,0.0,0.06666666666666667,0.0,0.06666666666666667,0.018333333333333333,2.0,7.538790874719057,1.225,2.45,1.0,0.0,0.06666666666666667,0.0,0.06666666666666667,0.08166666666666668,2.0,8.817573336162813,0.275,0.55,1.0,0.0,0.06666666666666667,0.0,0.06666666666666667,0.018333333333333333,2.0,8.328632048659493,1.225,2.45,1.0,0.0,0.06666666666666667,0.0,0.06666666666666667,0.08166666666666668,2.0,9.019879261520881,0.275,0.55,1.0,0.0,0.06666666666666667,0.0,0.06666666666666667,0.018333333333333333,2.0,6.923978470189497,1.225,2.45,1.0,0.0,0.06666666666666667,0.0,0.06666666666666667,0.08166666666666668,2.0,9.046345988394608,0.275,0.55,1.0,0.0,0.06666666666666667,0.0,0.06666666666666667,0.018333333333333333,2.0,5.4229342601403525,0.7,1.4,1.0,0.0,0.06666666666666667,0.0,0.06666666666666667,0.04666666666666666,2.0,11.710984959958228,0.0,0.0,0.0,2.0,0.06666666666666667,0.06666666666666667,-0.06666666666666667,-1.625,4.0,10.38950214878106,0.0,0.0,0.0,0.0,0.2,0.06666666666666667,0.0,0.0,4.0,9.19511129888426,0.4,1.6,1.0,0.0,0.2,0.13333333333333333,0.06666666666666667,0.02666666666666667,28.0,0.6996896829538931,32.39642857142857,65.85,17.0,2.0,0.0,0.13333333333333333,-0.8666666666666667,-1.0336825396825395,0.0,0.0,0.0,0.0,2.0,11.475000000000001,0.0,0.0,0.0,0.0,2.0,10.575,0.0,0.0,2.0,8.649999999999999,1.0,4.85,2.0,0.0,5.0,4.6,25.0,0.772
west_heavy_seed1,west_heavy,1,569.25,584.25,62.0,5.434655860558669,14.188709677419356,26.0,3.75,2.0,6.998043008456865,0.775,1.55,1.0,0.0,0.06666666666666667,0.0,0.06666666666666667,0.051666666666666666,2.0,7.553987809853065,1.725,3.45,1.0,0.0,0.06666666666666667,0.0,0.06666666666666667,0.115,2.0,8.861032883437268,0.775,1.55,1.0,0.0,0.06666666666666667,0.0,0.06666666666666667,0.051666666666666666,2.0,8.314496144098813,1.725,3.45,1.0,0.0,0.06666666666666667,0.0,0.06666666666666667,0.115,2.0,9.042088371060803,0.775,1.55,1.0,0.0,0.06666666666666667,0.0,0.06666666666666667,0.051666666666666666,2.0,6.930568844639696,1.725,3.45,1.0,0.0,0.06666666666666667,0.0,0.06666666666666667,0.115,2.0,9.035908190925696,0.775,1.55,1.0,0.0,0.06666666666666667,0.0,0.06666666666666667,0.051666666666666666,2.0,5.44557496652025,1.2,2.4,1.0,0.0,0.06666666666666667,0.0,0.06666666666666667,0.08,2.0,11.749481667612784,0.0,0.0,0.0,2.0,0.06666666666666667,0.06666666666666667,-0.06666666666666667,-1.6583333333333334,4.0,10.404174234394741,0.225,0.9,1.0,0.0,0.2,0.0,0.06666666666666667,0.015000000000000001,4.0,9.548489500332753,0.65,2.6,1.0,0.0,0.2,0.13333333333333333,0.06666666666666667,0.043333333333333335,28.0,0.9328378440378312,30.616071428571427,65.5,16.0,2.0,0.0,0.13333333333333333,-0.9333333333333333,-1.2190396825396825,0.0,0.0,0.0,0.0,2.0,12.475000000000001,0.0,0.0,0.0,0.0,2.0,11.575,0.0,0.0,2.0,9.649999999999999,1.0,5.85,1.0,0.0,5.0,5.0,25.0,0.9640000000000001
west_heavy_seed1,west_heavy,1,570.25,585.25,62.0,5.444030760493285,13.535483870967743,25.0,2.75,2.0,6.965625502285825,1.275,2.55,1.0,0.0,0.06666666666666667,0.0,0.06666666666666667,0.08499999999999999,2.0,7.513260393492314,2.225,4.45,1.0,0.0,0.06666666666666667,0.0,0.06666666666666667,0.14833333333333334,2.0,8.227927222383508,1.275,2.55,1.0,0.0,0.06666666666666667,0.0,0.06666666666666667,0.08499999999999999,2.0,7.606393241726713,2.225,4.45,1.0,0.0,0.06666666666666667,0.0,0.06666666666666667,0.14833333333333334,2.0,8.032772797870194,1.275,2.55,1.0,0.0,0.06666666666666667,0.0,0.06666666666666667,0.08499999999999999,2.0,6.929113535155542,2.225,4.45,1.0,0.0,0.06666666666666667,0.0,0.06666666666666667,0.14833333333333334,2.0,7.923308988590255,1.275,2.55,1.0,0.0,0.06666666666666667,0.0,0.06666666666666667,0.08499999999999999,2.0,5.4247358271844615,1.7,3.4,1.0,0.0,0.06666666666666667,0.0,0.06666666666666667,0.11333333333333333,1.0,11.453359832211143,0.0,0.0,0.0,2.0,0.06666666666666667,0.13333333333333333,-0.06666666666666667,-1.6916666666666667,4.0,10.226085701279546,0.475,1.9,1.0,0.0,0.2,0.0,0.06666666666666667,0.03166666666666666,4.0,9.506570524858759,0.9,3.6,1.0,0.0,0.2,0.06666666666666667,0.06666666666666667,0.060000000000000005,27.0,1.0132818073452325,29.87962962962963,64.95,15.0,2.0,0.0,0.2,-1.0,-1.3348024691358022,0.0,0.0,0.0,0.0,2.0,13.475000000000001,0.0,0.0,0.0,0.0,2.0,12.575,0.0,0.0,2.0,10.649999999999999,1.0,6.85,1.0,0.0,5.0,5.51,26.0,1.1442307692307692
west_heavy_seed1,west_heavy,1,571.25,586.25,62.0,5.232577013930173,12.875,24.0,1.75,2.0,6.956928636390061,1.775,3.55,1.0,0.0,0.06666666666666667,0.0,0.06666666666666667,0.11833333333333333,2.0,7.1353871488690395,2.725,5.45,1.0,0.0,0.06666666666666667,0.0,0.06666666666666667,0.18166666666666667,2.0,5.801367436862342,1.775,3.55,1.0,0.0,0.06666666666666667,0.0,0.06666666666666667,0.11833333333333333,2.0,5.675032628260562,2.725,5.45,1.0,0.0,0.06666666666666667,0.0,0.06666666666666667,0.18166666666666667,2.0,5.626986007528622,1.775,3.55,1.0,0.0,0.06666666666666667,0.0,0.06666666666666667,0.11833333333333333,2.0,6.924014801408164,2.725,5.45,1.0,0.0,0.06666666666666667,0.0,0.06666666666666667,0.18166666666666667,2.0,5.553951742586887,1.775,3.55,1.0,0.0,0.06666666666666667,0.0,0.06666666666666667,0.11833333333333333,2.0,5.421453681053773,2.2,4.4,1.0,0.0,0.06666666666666667,0.0,0.06666666666666667,0.14666666666666667,1.0,11.488266779027626,0.0,0.0,0.0,2.0,0.06666666666666667,0.13333333333333333,-0.06666666666666667,-1.725,4.0,9.239282490512355,0.725,2.9,1.0,0.0,0.2,0.0,0.06666666666666667,0.04833333333333333,4.0,9.507039582456677,1.15,4.6,1.0,0.0,0.2,0.0,0.06666666666666667,0.07666666666666666,26.0,1.1035137640587271,29.069230769230767,64.3,14.0,2.0,0.0,0.26666666666666666,-1.0666666666666667,-1.4554957264957264,0.0,0.0,0.0,0.0,2.0,14.475000000000001,0.0,0.0,0.0,0.0,2.0,13.575,0.0,0.0,2.0,11.649999999999999,1.0,7.85,1.0,0.0,5.0,6.11,26.0,1.3788461538461538
west_heavy_seed1,west_heavy,1,572.25,587.25,61.0,4.777162980997747,11.354918032786886,22.0,0.75,2.0,6.683121498655762,2.275,4.55,1.0,0.0,0.06666666666666667,0.0,0.06666666666666667,0.15166666666666667,2.0,5.197540321252699,3.225,6.45,1.0,0.0,0.06666666666666667,0.0,0.06666666666666667,0.215,2.0,3.630241032491277,2.275,4.55,1.0,0.0,0.06666666666666667,0.0,0.06666666666666667,0.15166666666666667,2.0,3.8829578479136413,3.225,6.45,1.0,0.0,0.06666666666666667,0.0,0.06666666666666667,0.215,2.0,3.406102848222615,2.275,4.55,1.0,0.0,0.06666666666666667,0.0,0.06666666666666667,0.15166666666666667,2.0,6.114989643768409,3.225,6.45,1.0,0.0,0.06666666666666667,0.0,0.06666666666666667,0.215,2.0,3.4140079250856203,2.275,4.55,1.0,0.0,0.06666666666666667,0.0,0.06666666666666667,0.15166666666666667,2.0,5.433848975092352,2.7,5.4,1.0,0.0,0.06666666666666667,0.0,0.06666666666666667,0.18000000000000002,1.0,11.495271532274064,0.0,0.0,0.0,2.0,0.06666666666666667,0.13333333333333333,-0.06666666666666667,-1.7583333333333333,4.0,8.280307991869474,0.975,3.9,1.0,0.0,0.2,0.0,0.06666666666666667,0.065,4.0,8.713154272585292,1.4,5.6,1.0,0.0,0.2,0.0,0.06666666666666667,0.09333333333333332,26.0,1.3890883699158383,24.623076923076926,62.5,12.0,2.0,0.0,0.26666666666666666,-1.2,-1.818572649572649,0.0,0.0,0.0,0.0,2.0,15.475000000000001,0.0,0.0,0.0,0.0,2.0,14.575,0.0,0.0,2.0,12.649999999999999,1.0,8.85,1.0,0.0,5.0,6.710000000000001,26.0,1.6480769230769232
west_heavy_seed1,west_heavy,1,573.25,588.25,61.0,4.446676853300689,10.674590163934425,21.0,2.75,2.0,4.8121121671415805,2.775,5.55,1.0,0.0,0.06666666666666667,0.0,0.06666666666666667,0.185,2.0,3.4842713410506225,3.725,7.45,1.0,0.0,0.06666666666666667,0.0,0.06666666666666667,0.24833333333333335,2.0,1.818676235056376,2.775,5.55,1.0,0.0,0.06666666666666667,0.0,0.06666666666666667,0.185,2.0,2.3271028675896748,3.725,7.45,1.0,0.0,0.06666666666666667,0.0,0.06666666666666667,0.24833333333333335,2.0,1.6686953814335972,2.775,5.55,1.0,0.0,0.06666666666666667,0.0,0.06666666666666667,0.185,2.0,4.518733798813931,3.725,7.45,1.0,0.0,0.06666666666666667,0.0,0.06666666666666667,0.24833333333333335,2.0,1.6245317210585617,2.775,5.55,1.0,0.0,0.06666666666666667,0.0,0.06666666666666667,0.185,2.0,5.4214995266862145,3.2,6.4,1.0,0.0,0.06666666666666667,0.0,0.06666666666666667,0.21333333333333335,1.0,11.497794608073754,0.0,0.0,0.0,1.0,0.06666666666666667,0.13333333333333333,-0.06666666666666667,-1.7916666666666667,4.0,7.327932763403885,1.225,4.9,1.0,0.0,0.2,0.0,0.06666666666666667,0.08166666666666668,4.0,7.597257979417286,1.65,6.6,1.0,0.0,0.2,0.0,0.06666666666666667,0.11,25.0,1.5225756975218068,23.548000000000002,62.2,11.0,1.0,0.0,0.3333333333333333,-1.2666666666666666,-1.9569111111111108,0.0,0.0,0.0,0.0,2.0,16.475,0.0,0.0,0.0,0.0,2.0,15.575,0.0,0.0,2.0,13.649999999999999,1.0,9.85,1.0,0.0,5.0,7.42,26.0,1.955769230769231
west_heavy_seed1,west_heavy,1,574.25,589.25,61.0,4.028180430973697,8.957377049180327,19.0,1.75,2.0,3.127540755142416,3.275,6.55,1.0,0.0,0.06666666666666667,0.0,0.06666666666666667,0.21833333333333332,2.0,1.9951395817673039,4.225,8.45,1.0,0.0,0.06666666666666667,0.0,0.06666666666666667,0.2816666666666666,2.0,0.6141476712955902,3.275,6.55,1.0,0.0,0.06666666666666667,0.0,0.06666666666666667,0.21833333333333332,2.0,1.1825801167210919,4.225,8.45,1.0,0.0,0.06666666666666667,0.0,0.06666666666666667,0.2816666666666666,2.0,0.561006892217868,3.275,6.55,1.0,0.0,0.06666666666666667,0.0,0.06666666666666667,0.21833333333333332,2.0,3.073028988863169,4.225,8.45,1.0,0.0,0.06666666666666667,0.0,0.06666666666666667,0.2816666666666666,2.0,0.5319148839583405,3.275,6.55,1.0,0.0,0.06666666666666667,0.0,0.06666666666666667,0.21833333333333332,2.0,5.43645858735516,3.7,7.4,1.0,0.0,0.06666666666666667,0.0,0.06666666666666667,0.24666666666666667,1.0,11.427575232156531,0.0,0.0,0.0,1.0,0.06666666666666667,0.13333333333333333,-0.06666666666666667,-1.825,4.0,6.586309458794349,1.475,5.9,1.0,0.0,0.2,0.0,0.06666666666666667,0.09833333333333334,4.0,6.672668700195465,1.9,7.6,1.0,0.0,0.2,0.0,0.06666666666666667,0.12666666666666665,25.0,1.3483328538229913,18.958,61.6,9.0,1.0,0.0,0.3333333333333333,-1.4,-2.3295777777777777,0.0,0.0,0.0,0.0,2.0,17.475,0.0,0.0,0.0,0.0,2.0,16.575,0.0,0.0,2.0,14.649999999999999,1.0,10.85,1.0,0.0,5.0,8.22,26.0,2.2826923076923076
west_heavy_seed1,west_heavy,1,575.25,590.25,60.0,3.617854237527334,8.393333333333334,19.0,0.75,2.0,1.7133075533500643,3.775,7.55,1.0,0.0,0.06666666666666667,0.0,0.06666666666666667,0.25166666666666665,2.0,0.9442706662084529,4.725,9.45,1.0,0.0,0.06666666666666667,0.0,0.06666666666666667,0.315,2.0,0.14352158448476976,3.775,7.55,1.0,0.0,0.06666666666666667,0.0,0.06666666666666667,0.25166666666666665,2.0,0.46799027548528743,4.725,9.45,1.0,0.0,0.06666666666666667,0.0,0.06666666666666667,0.315,2.0,0.12683073446159462,3.775,7.55,1.0,0.0,0.06666666666666667,0.0,0.06666666666666667,0.25166666666666665,2.0,1.8932771984516086,4.725,9.45,1.0,0.0,0.06666666666666667,0.0,0.06666666666666667,0.315,2.0,0.11949793718394289,3.775,7.55,1.0,0.0,0.06666666666666667,0.0,0.06666666666666667,0.25166666666666665,2.0,5.436306730236106,4.2,8.4,1.0,0.0,0.06666666666666667,0.0,0.06666666666666667,0.28,1.0,11.445493890350198,0.0,0.0,0.0,1.0,0.06666666666666667,0.13333333333333333,-0.06666666666666667,-1.8583333333333334,4.0,5.688811456596556,1.725,6.9,1.0,0.0,0.2,0.0,0.06666666666666667,0.115,4.0,6.016982770404849,2.15,8.6,1.0,0.0,0.2,0.0,0.06666666666666667,0.14333333333333334,25.0,1.2739055832742692,16.846,61.25,9.0,1.0,0.0,0.3333333333333333,-1.4,-2.5370444444444447,0.0,0.0,0.0,0.0,2.0,18.475,0.0,0.0,0.0,0.0,2.0,17.575,0.0,0.0,2.0,15.649999999999999,1.0,11.85,2.0,0.0,6.0,7.516666666666667,26.0,2.6326923076923077
west_heavy_seed1,west_heavy,1,576.25,591.25,59.0,3.2147748441022714,5.848305084745763,12.0,29.75,2.0,1.0567642940025046,0.0,0.0,0.0,2.0,0.06666666666666667,0.0,0.0,0.0,2.0,0.7101620403901013,0.0,0.0,0.0,2.0,0.06666666666666667,0.0,0.0,0.0,2.0,0.025829391023245274,4.4750000000000005,8.55,2.0,0.0,0.06666666666666667,0.0,0.13333333333333333,0.2983333333333334,2.0,0.504451371248898,0.0,0.0,0.0,2.0,0.06666666666666667,0.0,0.0,0.0,2.0,0.30650917131639466,0.0,0.0,0.0,2.0,0.06666666666666667,0.0,0.0,0.0,2.0,1.0023157441523203,5.225,10.45,1.0,0.0,0.06666666666666667,0.0,0.06666666666666667,0.34833333333333333,2.0,0.3910349690772897,0.0,0.0,0.0,2.0,0.06666666666666667,0.0,0.0,0.0,2.0,4.221877875326744,4.7,9.4,1.0,0.0,0.06666666666666667,0.0,0.06666666666666667,0.31333333333333335,1.0,11.005886738452109,0.0,0.0,0.0,0.0,0.06666666666666667,0.13333333333333333,0.0,0.0,4.0,4.656419993419031,0.0,0.0,0.0,2.0,0.2,0.0,0.0,0.0,4.0,5.144423913210117,2.4,9.6,1.0,0.0,0.2,0.0,0.06666666666666667,0.16,25.0,1.263998725007738,12.265999999999998,60.05,7.0,0.0,0.0,0.3333333333333333,-1.4666666666666666,-2.730377777777778,0.0,0.0,0.0,0.0,2.0,19.475,0.0,0.0,0.0,0.0,2.0,18.575,0.0,0.0,2.0,16.65,1.0,12.85,2.0,0.0,6.0,8.183333333333334,27.0,2.9055555555555554
west_heavy_seed1,west_heavy,1,577.25,592.25,58.0,3.1778066594266487,5.110344827586206,12.0,28.75,1.0,1.824633944293929,0.0,0.0,0.0,2.0,0.0,0.06666666666666667,0.0,0.0,1.0,1.8141963704298918,0.0,0.0,0.0,2.0,0.0,0.06666666666666667,0.0,0.0,2.0,0.0047576183289249185,5.4750000000000005,9.55,2.0,0.0,0.0,0.0,0.13333333333333333,0.36500000000000005,1.0,1.7210920902182212,0.0,0.0,0.0,2.0,0.0,0.06666666666666667,0.0,0.0,1.0,1.5122394376591477,0.0,0.0,0.0,2.0,0.0,0.06666666666666667,0.0,0.0,2.0,0.45658066096195765,5.725,11.45,1.0,0.0,0.0,0.0,0.06666666666666667,0.38166666666666665,1.0,1.8241951832654455,0.0,0.0,0.0,2.0,0.0,0.06666666666666667,0.0,0.0,2.0,2.813223312582109,5.2,10.4,1.0,0.0,0.0,0.0,0.06666666666666667,0.3466666666666667,1.0,6.028882795749576,0.0,0.0,0.0,0.0,0.0,0.06666666666666667,0.0,0.0,3.0,5.242802378928698,0.0,0.0,0.0,2.0,0.13333333333333333,0.06666666666666667,0.0,0.0,4.0,4.097360997756794,2.75,10.6,2.0,0.0,0.13333333333333333,0.0,0.13333333333333333,0.18333333333333332,25.0,1.2608145455274928,10.104,59.7,6.0,0.0,0.0,0.3333333333333333,-1.4,-2.603844444444444,0.0,0.0,0.0,0.0,2.0,20.475,0.0,0.0,0.0,0.0,2.0,19.575,0.0,0.0,2.0,17.65,1.0,13.85,2.0,0.0,6.0,8.85,27.0,3.2925925925925927
west_heavy_seed1,west_heavy,1,578.25,593.25,58.0,3.31429492796905,4.2827586206896555,12.0,27.75,1.0,3.088025383591064,0.0,0.0,0.0,2.0,0.0,0.06666666666666667,0.0,0.0,1.0,3.748028360625237,0.0,0.0,0.0,2.0,0.0,0.06666666666666667,0.0,0.0,2.0,0.0008561357840809013,6.4750000000000005,10.55,2.0,0.0,0.0,0.0,0.13333333333333333,0.4316666666666667,1.0,3.4190516723602613,0.0,0.0,0.0,2.0,0.0,0.06666666666666667,0.0,0.0,1.0,3.0746957844027674,0.0,0.0,0.0,2.0,0.0,0.06666666666666667,0.0,0.0,2.0,0.1839181637246182,6.225,12.45,1.0,0.0,0.0,0.0,0.06666666666666667,0.415,1.0,3.7166889107500807,0.0,0.0,0.0,2.0,0.0,0.06666666666666667,0.0,0.0,2.0,1.6863007633558122,5.7,11.4,1.0,0.0,0.0,0.0,0.06666666666666667,0.38,1.0,1.0436796188238444,0.0,0.0,0.0,0.0,0.0,0.06666666666666667,0.0,0.0,3.0,5.023472977349647,0.0,0.0,0.0,2.0,0.13333333333333333,0.06666666666666667,0.0,0.0,4.0,3.1878973781306854,3.25,11.6,2.0,0.0,0.13333333333333333,0.0,0.13333333333333333,0.21666666666666667,25.0,1.2598614211863892,7.944,59.65,6.0,0.0,0.0,0.26666666666666666,-1.2666666666666666,-2.5858022988505747,0.0,0.0,0.0,0.0,2.0,21.475,0.0,0.0,0.0,0.0,2.0,20.575,0.0,0.0,2.0,18.65,1.0,14.85,2.0,0.0,6.0,9.516666666666667,28.0,3.567857142857143
west_heavy_seed1,west_heavy,1,579.25,594.25,58.0,3.574605809273346,2.579310344827586,11.0,26.75,0.0,0.0,0.0,0.0,0.0,2.0,0.0,0.13333333333333333,0.0,0.0,0.0,0.0,0.0,0.0,0.0,2.0,0.0,0.13333333333333333,0.0,0.0,2.0,0.00015736465829384373,7.4750000000000005,11.55,2.0,0.0,0.0,0.0,0.13333333333333333,0.49833333333333335,0.0,0.0,0.0,0.0,0.0,2.0,0.0,0.13333333333333333,0.0,0.0,0.0,0.0,0.0,0.0,0.0,2.0,0.0,0.13333333333333333,0.0,0.0,2.0,0.06841362038000885,6.725,13.45,1.0,0.0,0.0,0.0,0.06666666666666667,0.4483333333333333,0.0,0.0,0.0,0.0,0.0,2.0,0.0,0.13333333333333333,0.0,0.0,2.0,0.8771303154730106,6.2,12.4,1.0,0.0,0.0,0.0,0.06666666666666667,0.41333333333333333,1.0,0.0,0.85,0.85,1.0,0.0,0.0,0.06666666666666667,0.06666666666666667,0.056666666666666664,2.0,5.6863964937135645,0.0,0.0,0.0,2.0,0.06666666666666667,0.13333333333333333,0.0,0.0,4.0,2.395718896277732,3.75,12.6,2.0,0.0,0.06666666666666667,0.0,0.13333333333333333,0.25,25.0,1.254728653357947,3.718,45.2,4.0,0.0,0.0,0.26666666666666666,-1.3333333333333333,-2.758914942528736,0.0,0.0,0.0,0.0,2.0,22.475,0.0,0.0,0.0,0.0,2.0,21.575,0.0,0.0,2.0,19.65,1.0,15.85,2.0,0.0,6.0,10.183333333333334,28.0,3.9857142857142853
west_heavy_seed1,west_heavy,1,580.25,595.25,57.0,3.721338378365964,2.0254385964912283,12.0,25.75,0.0,0.0,0.0,0.0,0.0,2.0,0.0,0.13333333333333333,0.0,0.0,0.0,0.0,0.0,0.0,0.0,2.0,0.0,0.13333333333333333,0.0,0.0,2.0,2.9014834419614462e-05,8.475000000000001,12.55,2.0,0.0,0.0,0.0,0.13333333333333333,0.5650000000000001,0.0,0.0,0.0,0.0,0.0,2.0,0.0,0.13333333333333333,0.0,0.0,0.0,0.0,0.0,0.0,0.0,2.0,0.0,0.13333333333333333,0.0,0.0,2.0,0.024841918132996882,7.574999999999999,14.45,2.0,0.0,0.0,0.0,0.13333333333333333,0.505,0.0,0.0,0.0,0.0,0.0,2.0,0.0,0.13333333333333333,0.0,0.0,2.0,0.38436819973773834,6.7,13.4,1.0,0.0,0.0,0.0,0.06666666666666667,0.44666666666666666,1.0,0.0,1.85,1.85,1.0,0.0,0.0,0.06666666666666667,0.06666666666666667,0.12333333333333334,2.0,5.962233015381138,0.0,0.0,0.0,2.0,0.06666666666666667,0.13333333333333333,0.0,0.0,4.0,1.723062313090604,4.25,13.6,2.0,0.0,0.06666666666666667,0.0,0.13333333333333333,0.2833333333333333,25.0,1.2517094479274145,2.044,42.25,4.0,0.0,0.0,0.26666666666666666,-1.2,-2.5975264367816093,0.0,0.0,0.0,0.0,2.0,23.475,0.0,0.0,0.0,0.0,2.0,22.575,0.0,0.0,2.0,20.65,1.0,16.85,2.0,0.0,6.0,10.85,28.0,4.439285714285714
west_heavy_seed1,west_heavy,1,581.25,596.25,57.0,4.063502688711706,1.4771929824561405,11.0,24.75,0.0,0.0,0.0,0.0,0.0,2.0,0.0,0.13333333333333333,0.0,0.0,0.0,0.0,0.0,0.0,0.0,2.0,0.0,0.13333333333333333,-0.06666666666666667,-0.015000000000000001,2.0,5.276922013598214e-06,9.475000000000001,13.55,2.0,0.0,0.0,0.0,0.13333333333333333,0.6316666666666667,0.0,0.0,0.0,0.0,0.0,2.0,0.0,0.13333333333333333,-0.06666666666666667,-0.015000000000000001,0.0,0.0,0.0,0.0,0.0,2.0,0.0,0.13333333333333333,0.0,0.0,2.0,0.008880743374203203,8.575,15.45,2.0,0.0,0.0,0.0,0.06666666666666667,0.5566666666666666,0.0,0.0,0.0,0.0,0.0,2.0,0.0,0.13333333333333333,0.0,0.0,2.0,0.15110372885996115,7.2,14.4,1.0,0.0,0.0,0.0,0.06666666666666667,0.48000000000000004,1.0,0.0,2.85,2.85,1.0,0.0,0.0,0.06666666666666667,0.06666666666666667,0.19,2.0,6.5152810522492155,0.0,0.0,0.0,2.0,0.06666666666666667,0.13333333333333333,0.0,0.0,4.0,1.1828212015854116,4.75,14.6,2.0,0.0,0.06666666666666667,0.0,0.13333333333333333,0.31666666666666665,25.0,1.2499074640043606,0.474,6.8,3.0,0.0,0.0,0.26666666666666666,-1.2,-2.5915034482758625,0.0,0.0,0.0,0.0,2.0,24.475,0.0,0.0,0.0,0.0,2.0,23.575,0.0,0.0,2.0,21.65,1.0,17.85,2.0,0.0,6.0,11.516666666666666,28.0,4.903571428571429
west_heavy_seed1,west_heavy,1,582.25,597.25,57.0,4.433495734250208,1.6780701754385965,12.0,23.75,0.0,0.0,0.0,0.0,0.0,2.0,0.0,0.13333333333333333,0.0,0.0,0.0,0.0,0.0,0.0,0.0,2.0,0.0,0.13333333333333333,-0.06666666666666667,-0.04833333333333333,2.0,0.0,10.475000000000001,14.55,2.0,0.0,0.0,0.0,0.13333333333333333,0.6983333333333335,0.0,0.0,0.0,0.0,0.0,2.0,0.0,0.13333333333333333,-0.06666666666666667,-0.04833333333333333,0.0,0.0,0.0,0.0,0.0,2.0,0.0,0.13333333333333333,0.0,0.0,2.0,0.003246250956969757,9.575,16.45,2.0,0.0,0.0,0.0,0.06666666666666667,0.59,0.0,0.0,0.0,0.0,0.0,2.0,0.0,0.13333333333333333,0.0,0.0,2.0,0.05587613925513763,7.7,15.4,1.0,0.0,0.0,0.0,0.0,0.5,1.0,0.0,3.85,3.85,1.0,0.0,0.0,0.06666666666666667,0.06666666666666667,0.25666666666666665,1.0,7.087400529329913,0.0,0.0,0.0,2.0,0.0,0.2,0.0,0.0,4.0,0.7714135036428996,5.25,15.6,2.0,0.0,0.0,0.0,0.06666666666666667,0.33999999999999997,25.0,1.2388396652355078,0.612,7.8,4.0,0.0,0.0,0.26666666666666666,-1.0,-2.312303448275862,0.0,0.0,0.0,0.0,2.0,25.475,0.0,0.0,0.0,0.0,2.0,24.575,0.0,0.0,2.0,22.65,1.0,18.85,1.0,0.0,6.0,12.183333333333332,28.0,5.396428571428571
west_heavy_seed1,west_heavy,1,583.25,598.25,59.0,4.733335653074774,1.8398305084745763,13.0,22.75,0.0,0.0,0.0,0.0,0.0,2.0,0.0,0.13333333333333333,-0.06666666666666667,-0.018333333333333333,0.0,0.0,0.0,0.0,0.0,2.0,0.0,0.13333333333333333,-0.06666666666666667,-0.08166666666666668,2.0,0.0,11.475000000000001,15.55,2.0,0.0,0.0,0.0,0.06666666666666667,0.7466666666666667,0.0,0.0,0.0,0.0,0.0,2.0,0.0,0.13333333333333333,-0.06666666666666667,-0.08166666666666668,0.0,0.0,0.0,0.0,0.0,2.0,0.0,0.13333333333333333,-0.06666666666666667,-0.018333333333333333,2.0,0.001182209091207078,10.575,17.45,2.0,0.0,0.0,0.0,0.06666666666666667,0.6233333333333333,0.0,0.0,0.0,0.0,0.0,2.0,0.0,0.13333333333333333,-0.06666666666666667,-0.018333333333333333,2.0,0.020494241377730617,8.649999999999999,16.4,2.0,0.0,0.0,0.0,0.06666666666666667,0.5299999999999999,1.0,0.0,4.85,4.85,1.0,0.0,0.0,0.06666666666666667,0.06666666666666667,0.3233333333333333,2.0,8.357571292424785,0.0,0.0,0.0,2.0,0.06666666666666667,0.2,0.0,0.0,5.0,0.8179776714981435,4.6,16.6,2.0,0.0,0.06666666666666667,0.0,0.06666666666666667,0.27999999999999997,25.0,1.2307666541324267,0.772,8.8,4.0,0.0,0.0,0.2,-0.8666666666666667,-2.1082952380952382,0.0,0.0,0.0,0.0,2.0,26.475,0.0,0.0,0.0,0.0,2.0,25.575000000000003,0.0,0.0,2.0,23.65,1.0,19.85,2.0,0.0,7.0,11.014285714285714,28.0,5.914285714285714
west_heavy_seed1,west_heavy,1,584.25,599.25,58.0,4.7880518544363895,2.1094827586206897,14.0,21.75,0.0,0.0,0.0,0.0,0.0,2.0,0.0,0.13333333333333333,-0.06666666666666667,-0.051666666666666666,0.0,0.0,0.0,0.0,0.0,2.0,0.0,0.13333333333333333,-0.06666666666666667,-0.115,2.0,0.0,12.475000000000001,16.55,2.0,0.0,0.0,0.0,0.06666666666666667,0.78,0.0,0.0,0.0,0.0,0.0,2.0,0.0,0.13333333333333333,-0.06666666666666667,-0.115,0.0,0.0,0.0,0.0,0.0,2.0,0.0,0.13333333333333333,-0.06666666666666667,-0.051666666666666666,2.0,0.00042289360339324084,11.575,18.45,2.0,0.0,0.0,0.0,0.06666666666666667,0.6566666666666666,0.0,0.0,0.0,0.0,0.0,2.0,0.0,0.13333333333333333,-0.06666666666666667,-0.051666666666666666,2.0,0.007394235783752214,9.649999999999999,17.4,2.0,0.0,0.0,0.0,0.06666666666666667,0.5633333333333332,1.0,0.0,5.85,5.85,1.0,0.0,0.0,0.06666666666666667,0.06666666666666667,0.38999999999999996,1.0,10.875405828019904,0.0,0.0,0.0,2.0,0.06666666666666667,0.26666666666666666,-0.06666666666666667,-0.015000000000000001,5.0,1.0018234950352318,5.0,17.6,2.0,0.0,0.06666666666666667,0.0,0.06666666666666667,0.29,25.0,1.216005855817979,0.9640000000000001,9.8,5.0,0.0,0.0,0.2,-0.7333333333333333,-1.976804761904762,0.0,0.0,0.0,0.0,2.0,27.475,0.0,0.0,0.0,0.0,2.0,26.575000000000003,0.0,0.0,2.0,24.65,1.0,20.85,2.0,0.0,7.0,11.585714285714285,28.0,6.476785714285714
west_heavy_seed1,west_heavy,1,585.25,600.25,59.0,4.814694857019573,2.33135593220339,16.0,20.75,0.0,0.0,0.0,0.0,0.0,2.0,0.0,0.13333333333333333,-0.06666666666666667,-0.08499999999999999,0.0,0.0,0.0,0.0,0.0,2.0,0.0,0.13333333333333333,-0.06666666666666667,-0.14833333333333334,2.0,0.0,13.475000000000001,17.55,2.0,0.0,0.0,0.0,0.06666666666666667,0.8133333333333334,0.0,0.0,0.0,0.0,0.0,2.0,0.0,0.13333333333333333,-0.06666666666666667,-0.14833333333333334,0.0,0.0,0.0,0.0,0.0,2.0,0.0,0.13333333333333333,-0.06666666666666667,-0.08499999999999999,2.0,0.0001539504971473628,12.575,19.45,2.0,0.0,0.0,0.0,0.06666666666666667,0.69,0.0,0.0,0.0,0.0,0.0,2.0,0.0,0.13333333333333333,-0.06666666666666667,-0.08499999999999999,2.0,0.002696726869441081,10.649999999999999,18.4,2.0,0.0,0.0,0.0,0.06666666666666667,0.5966666666666666,1.0,0.0,6.85,6.85,1.0,0.0,0.0,0.0,0.06666666666666667,0.45666666666666667,1.0,12.708924251957411,0.0,0.0,0.0,2.0,0.06666666666666667,0.26666666666666666,-0.06666666666666667,-0.03166666666666666,5.0,1.2326013626515793,5.51,18.6,3.0,0.0,0.06666666666666667,0.0,0.13333333333333333,0.3073333333333333,26.0,1.195132421858178,1.1442307692307692,10.8,6.0,0.0,0.06666666666666667,0.13333333333333333,-0.6,-1.915693257359924,0.0,0.0,0.0,0.0,2.0,28.474999999999998,0.0,0.0,0.0,0.0,2.0,27.575000000000003,0.0,0.0,2.0,25.65,1.0,21.85,2.0,0.0,7.0,12.157142857142857,28.0,7.076785714285714
west_heavy_seed1,west_heavy,1,586.25,601.25,59.0,4.86959974254757,2.6042372881355935,17.0,19.75,0.0,0.0,0.0,0.0,0.0,2.0,0.0,0.13333333333333333,-0.06666666666666667,-0.11833333333333333,0.0,0.0,0.0,0.0,0.0,2.0,0.0,0.13333333333333333,-0.06666666666666667,-0.18166666666666667,2.0,0.0,14.475000000000001,18.55,2.0,0.0,0.0,0.0,0.06666666666666667,0.8466666666666668,0.0,0.0,0.0,0.0,0.0,2.0,0.0,0.13333333333333333,-0.06666666666666667,-0.18166666666666667,0.0,0.0,0.0,0.0,0.0,2.0,0.0,0.13333333333333333,-0.06666666666666667,-0.11833333333333333,2.0,5.561387813669468e-05,13.575,20.45,2.0,0.0,0.0,0.0,0.06666666666666667,0.7233333333333333,0.0,0.0,0.0,0.0,0.0,2.0,0.0,0.13333333333333333,-0.06666666666666667,-0.11833333333333333,2.0,0.0009609034537687414,11.649999999999999,19.4,2.0,0.0,0.0,0.0,0.06666666666666667,0.63,1.0,0.0,7.85,7.85,1.0,0.0,0.0,0.0,0.06666666666666667,0.5233333333333333,1.0,13.252041188427103,0.0,0.0,0.0,2.0,0.06666666666666667,0.26666666666666666,-0.06666666666666667,-0.04833333333333333,5.0,1.5068437097047365,6.11,19.6,3.0,0.0,0.06666666666666667,0.0,0.13333333333333333,0.3306666666666667,26.0,1.155145154936139,1.3788461538461538,11.8,7.0,0.0,0.06666666666666667,0.06666666666666667,-0.4666666666666667,-1.8460256410256408,0.0,0.0,0.0,0.0,2.0,29.474999999999998,0.0,0.0,0.0,0.0,2.0,28.575000000000003,0.0,0.0,2.0,26.65,1.0,22.85,2.0,0.0,7.0,12.728571428571428,29.0,7.436206896551725
west_heavy_seed1,west_heavy,1,587.25,602.25,58.0,4.801133420755709,2.942241379310345,17.0,18.75,0.0,0.0,0.0,0.0,0.0,2.0,0.0,0.13333333333333333,-0.06666666666666667,-0.15166666666666667,0.0,0.0,0.0,0.0,0.0,2.0,0.0,0.13333333333333333,-0.06666666666666667,-0.215,2.0,0.0,15.475000000000001,19.55,2.0,0.0,0.0,0.0,0.06666666666666667,0.8800000000000001,0.0,0.0,0.0,0.0,0.0,2.0,0.0,0.13333333333333333,-0.06666666666666667,-0.215,0.0,0.0,0.0,0.0,0.0,2.0,0.0,0.13333333333333333,-0.06666666666666667,-0.15166666666666667,2.0,2.010236931590437e-05,14.575,21.45,2.0,0.0,0.0,0.0,0.06666666666666667,0.7566666666666666,0.0,0.0,0.0,0.0,0.0,2.0,0.0,0.13333333333333333,-0.06666666666666667,-0.15166666666666667,2.0,0.0003534759716292906,12.649999999999999,20.4,2.0,0.0,0.0,0.0,0.06666666666666667,0.6633333333333333,1.0,0.0,8.85,8.85,1.0,0.0,0.0,0.0,0.06666666666666667,0.59,1.0,13.2713797594815,0.0,0.0,0.0,2.0,0.06666666666666667,0.26666666666666666,-0.06666666666666667,-0.065,5.0,1.8147609120349053,6.710000000000001,20.6,3.0,0.0,0.06666666666666667,0.0,0.13333333333333333,0.35400000000000004,26.0,1.1189386368856913,1.6480769230769232,12.8,7.0,0.0,0.06666666666666667,0.06666666666666667,-0.3333333333333333,-1.5316666666666667,0.0,0.0,0.0,0.0,2.0,30.474999999999998,0.0,0.0,0.0,0.0,2.0,29.575000000000003,0.0,0.0,2.0,27.65,1.0,23.85,1.0,0.0,7.0,13.299999999999999,29.0,8.077586206896552
west_heavy_seed1,west_heavy,1,588.25,603.25,57.0,4.739622097415085,3.3192982456140347,19.0,17.75,0.0,0.0,0.0,0.0,0.0,2.0,0.0,0.13333333333333333,-0.06666666666666667,-0.185,0.0,0.0,0.0,0.0,0.0,2.0,0.0,0.13333333333333333,-0.06666666666666667,-0.24833333333333335,2.0,0.0,16.475,20.55,2.0,0.0,0.0,0.0,0.06666666666666667,0.9133333333333334,0.0,0.0,0.0,0.0,0.0,2.0,0.0,0.13333333333333333,-0.06666666666666667,-0.24833333333333335,0.0,0.0,0.0,0.0,0.0,2.0,0.0,0.13333333333333333,-0.06666666666666667,-0.185,2.0,7.392165404179003e-06,15.575,22.45,2.0,0.0,0.0,0.0,0.06666666666666667,0.7899999999999999,0.0,0.0,0.0,0.0,0.0,2.0,0.0,0.13333333333333333,-0.06666666666666667,-0.185,2.0,0.0001265019138291306,13.649999999999999,21.4,2.0,0.0,0.0,0.0,0.06666666666666667,0.6966666666666667,1.0,0.0,9.85,9.85,1.0,0.0,0.0,0.0,0.06666666666666667,0.6566666666666666,1.0,13.27477775666732,0.0,0.0,0.0,2.0,0.06666666666666667,0.26666666666666666,-0.06666666666666667,-0.08166666666666668,5.0,2.1472976138137616,7.42,21.6,4.0,0.0,0.06666666666666667,0.0,0.2,0.38466666666666666,26.0,1.0742459795417494,1.955769230769231,13.8,8.0,0.0,0.06666666666666667,0.0,-0.2,-1.4394820512820514,0.0,0.0,0.0,0.0,2.0,31.474999999999998,0.0,0.0,0.0,0.0,2.0,30.575000000000003,0.0,0.0,2.0,28.65,1.0,24.85,1.0,0.0,7.0,13.87142857142857,29.0,8.741379310344827
west_heavy_seed1,west_heavy,1,589.25,604.25,57.0,4.742719799130018,3.6614035087719294,20.0,16.75,0.0,0.0,0.0,0.0,0.0,2.0,0.0,0.13333333333333333,-0.06666666666666667,-0.21833333333333332,0.0,0.0,0.0,0.0,0.0,2.0,0.0,0.13333333333333333,-0.06666666666666667,-0.2816666666666666,2.0,0.0,17.475,21.55,2.0,0.0,0.0,0.0,0.06666666666666667,0.9466666666666668,0.0,0.0,0.0,0.0,0.0,2.0,0.0,0.13333333333333333,-0.06666666666666667,-0.2816666666666666,0.0,0.0,0.0,0.0,0.0,2.0,0.0,0.13333333333333333,-0.06666666666666667,-0.21833333333333332,2.0,2.6365927586771686e-06,16.575,23.45,2.0,0.0,0.0,0.0,0.06666666666666667,0.8233333333333334,0.0,0.0,0.0,0.0,0.0,2.0,0.0,0.13333333333333333,-0.06666666666666667,-0.21833333333333332,2.0,4.610322996658555e-05,14.649999999999999,22.4,2.0,0.0,0.0,0.0,0.06666666666666667,0.73,1.0,0.0,10.85,10.85,1.0,0.0,0.0,0.0,0.06666666666666667,0.7233333333333333,1.0,13.30230960135101,0.0,0.0,0.0,2.0,0.06666666666666667,0.26666666666666666,-0.06666666666666667,-0.09833333333333334,5.0,2.4043954286555507,8.22,22.6,4.0,0.0,0.06666666666666667,0.0,0.2,0.42133333333333334,26.0,1.015859063240203,2.2826923076923076,14.8,9.0,0.0,0.06666666666666667,0.0,0.0,-1.1116871794871794,0.0,0.0,0.0,0.0,2.0,32.474999999999994,0.0,0.0,0.0,0.0,2.0,31.575000000000003,0.0,0.0,2.0,29.65,1.0,25.85,1.0,0.0,7.0,14.521428571428572,29.0,9.431034482758621
west_heavy_seed1,west_heavy,1,590.25,605.25,58.0,4.771320411737086,3.944827586206897,21.0,15.75,0.0,0.0,0.0,0.0,0.0,2.0,0.0,0.13333333333333333,-0.06666666666666667,-0.25166666666666665,0.0,0.0,0.0,0.0,0.0,2.0,0.0,0.13333333333333333,-0.06666666666666667,-0.315,2.0,0.0,18.475,22.55,2.0,0.0,0.0,0.0,0.06666666666666667,0.9800000000000001,0.0,0.0,0.0,0.0,0.0,2.0,0.0,0.13333333333333333,-0.06666666666666667,-0.315,0.0,0.0,0.0,0.0,0.0,2.0,0.0,0.13333333333333333,-0.06666666666666667,-0.25166666666666665,2.0,0.0,17.575,24.45,2.0,0.0,0.0,0.0,0.06666666666666667,0.8566666666666667,0.0,0.0,0.0,0.0,0.0,2.0,0.0,0.13333333333333333,-0.06666666666666667,-0.25166666666666665,2.0,1.6637307593234066e-05,15.649999999999999,23.4,2.0,0.0,0.0,0.0,0.06666666666666667,0.7633333333333333,1.0,0.0,11.85,11.85,1.0,0.0,0.0,0.0,0.06666666666666667,0.7899999999999999,2.0,13.43459160704035,0.0,0.0,0.0,2.0,0.13333333333333333,0.26666666666666666,-0.06666666666666667,-0.115,6.0,2.4629742599834334,7.516666666666667,23.6,4.0,0.0,0.13333333333333333,0.0,0.2,0.3577777777777778,26.0,0.9591783658122284,2.6326923076923077,15.8,10.0,0.0,0.06666666666666667,0.0,0.06666666666666667,-0.9475538461538462,0.0,0.0,0.0,0.0,2.0,33.474999999999994,0.0,0.0,0.0,0.0,2.0,32.575,0.0,0.0,2.0,30.65,1.0,26.85,1.0,0.0,7.0,15.235714285714286,29.0,10.156896551724138
west_heavy_seed1,west_heavy,1,591.25,606.25,58.0,4.6246822229689055,4.306896551724138,21.0,14.75,0.0,0.0,0.0,0.0,0.0,2.0,0.0,0.13333333333333333,0.0,0.0,0.0,0.0,0.0,0.0,0.0,2.0,0.0,0.13333333333333333,0.0,0.0,2.0,0.0,19.475,23.55,2.0,0.0,0.0,0.0,0.0,1.0,0.0,0.0,0.0,0.0,0.0,2.0,0.0,0.13333333333333333,0.0,0.0,0.0,0.0,0.0,0.0,0.0,2.0,0.0,0.13333333333333333,0.0,0.0,2.0,0.0,18.575,25.45,2.0,0.0,0.0,0.0,0.06666666666666667,0.89,0.0,0.0,0.0,0.0,0.0,2.0,0.0,0.13333333333333333,0.0,0.0,2.0,6.097912757182953e-06,16.65,24.4,2.0,0.0,0.0,0.0,0.06666666666666667,0.7966666666666666,1.0,0.0,12.85,12.85,1.0,0.0,0.0,0.0,0.06666666666666667,0.8566666666666667,2.0,14.10936820174354,0.0,0.0,0.0,2.0,0.13333333333333333,0.26666666666666666,0.0,0.0,6.0,2.876452031998452,8.183333333333334,24.6,4.0,0.0,0.13333333333333333,0.0,0.2,0.38555555555555554,27.0,0.9029386901002678,2.9055555555555554,16.8,10.0,0.0,0.13333333333333333,0.0,0.2,-0.6240296296296296,0.0,0.0,0.0,0.0,2.0,34.474999999999994,0.0,0.0,0.0,0.0,2.0,33.575,0.0,0.0,2.0,31.65,1.0,27.85,1.0,0.0,7.0,15.950000000000001,29.0,10.91551724137931
west_heavy_seed1,west_heavy,1,592.25,607.25,57.0,4.468588761558835,4.758771929824562,22.0,13.75,0.0,0.0,0.0,0.0,0.0,2.0,0.0,0.06666666666666667,0.0,0.0,0.0,0.0,0.0,0.0,0.0,2.0,0.0,0.06666666666666667,0.0,0.0,2.0,0.0,20.475,24.55,2.0,0.0,0.0,0.0,0.0,1.0,0.0,0.0,0.0,0.0,0.0,2.0,0.0,0.06666666666666667,0.0,0.0,0.0,0.0,0.0,0.0,0.0,2.0,0.0,0.06666666666666667,0.0,0.0,2.0,0.0,19.575,26.45,2.0,0.0,0.0,0.0,0.06666666666666667,0.9233333333333333,0.0,0.0,0.0,0.0,0.0,2.0,0.0,0.06666666666666667,0.0,0.0,2.0,0.0,17.65,25.4,2.0,0.0,0.0,0.0,0.06666666666666667,0.83,1.0,0.0,13.85,13.85,1.0,0.0,0.0,0.0,0.06666666666666667,0.9233333333333333,2.0,14.078491347809518,0.0,0.0,0.0,2.0,0.13333333333333333,0.2,0.0,0.0,6.0,3.294892208197309,8.85,25.6,4.0,0.0,0.13333333333333333,0.0,0.13333333333333333,0.4066666666666666,27.0,0.8454317518118882,3.2925925925925927,17.8,11.0,0.0,0.13333333333333333,0.0,0.3333333333333333,-0.4540938271604938,0.0,0.0,0.0,0.0,2.0,35.474999999999994,0.0,0.0,0.0,0.0,2.0,34.575,0.0,0.0,2.0,32.65,1.0,28.85,1.0,0.0,7.0,16.807142857142857,29.0,11.701724137931036
west_heavy_seed1,west_heavy,1,593.25,608.25,58.0,4.416014737122526,5.056034482758621,22.0,12.75,0.0,0.0,0.0,0.0,0.0,2.0,0.0,0.06666666666666667,0.0,0.0,0.0,0.0,0.0,0.0,0.0,2.0,0.0,0.06666666666666667,0.0,0.0,2.0,0.0,21.475,25.55,2.0,0.0,0.0,0.0,0.0,1.0,0.0,0.0,0.0,0.0,0.0,2.0,0.0,0.06666666666666667,0.0,0.0,0.0,0.0,0.0,0.0,0.0,2.0,0.0,0.06666666666666667,0.0,0.0,2.0,0.0,20.575,27.45,2.0,0.0,0.0,0.0,0.06666666666666667,0.9566666666666667,0.0,0.0,0.0,0.0,0.0,2.0,0.0,0.06666666666666667,0.0,0.0,2.0,0.0,18.65,26.4,2.0,0.0,0.0,0.0,0.06666666666666667,0.8633333333333333,1.0,0.0,14.85,14.85,1.0,0.0,0.0,0.0,0.06666666666666667,0.99,2.0,14.087639730361602,0.0,0.0,0.0,2.0,0.13333333333333333,0.2,0.0,0.0,6.0,3.7018593374859488,9.516666666666667,26.6,4.0,0.0,0.13333333333333333,0.0,0.13333333333333333,0.41777777777777786,28.0,0.7779317119926867,3.567857142857143,18.8,11.0,0.0,0.2,0.0,0.3333333333333333,-0.29174285714285714,0.0,0.0,0.0,0.0,2.0,36.474999999999994,0.0,0.0,0.0,0.0,2.0,35.575,0.0,0.0,2.0,33.65,1.0,29.85,1.0,0.0,7.0,17.664285714285715,30.0,12.09
west_heavy_seed1,west_heavy,1,613.25,628.25,57.0,2.470796830846751,13.355263157894736,38.0,7.75,1.0,13.09209090644848,0.0,0.0,0.0,0.0,0.06666666666666667,0.0,0.0,0.0,1.0,13.885442304360915,0.0,0.0,0.0,0.0,0.06666666666666667,0.0,0.0,0.0,1.0,13.697984879668343,0.0,0.0,0.0,2.0,0.06666666666666667,0.13333333333333333,-0.13333333333333333,-1.7650000000000001,1.0,12.824627719508857,0.0,0.0,0.0,0.0,0.06666666666666667,0.0,0.0,0.0,1.0,14.139657283250243,0.0,0.0,0.0,0.0,0.06666666666666667,0.0,0.0,0.0,1.0,12.004050864531873,0.0,0.0,0.0,2.0,0.06666666666666667,0.13333333333333333,-0.13333333333333333,-1.7050000000000003,1.0,13.86879472198547,0.0,0.0,0.0,0.0,0.06666666666666667,0.0,0.0,0.0,3.0,0.12565514913913947,25.766666666666666,46.4,2.0,0.0,0.06666666666666667,0.0,0.0,0.14111111111111113,2.0,0.19276400963389773,17.425,34.85,1.0,0.0,0.06666666666666667,0.0,0.0,-0.1616666666666667,2.0,0.1976097780797935,0.75,1.5,1.0,0.0,0.06666666666666667,0.06666666666666667,0.06666666666666667,0.05,8.0,0.12251328593483285,19.20625,46.6,6.0,0.0,0.06666666666666667,0.0,0.13333333333333333,0.5461309523809524,30.0,0.016747478920868787,16.465,38.8,28.0,0.0,0.13333333333333333,0.0,0.8666666666666667,0.7033809523809523,0.0,0.0,1.0,1.15,1.0,1.05,0.0,0.0,1.0,3.15,1.0,0.0,0.0,0.0,1.0,0.0,2.0,24.925,2.0,0.0,7.0,0.0,30.0,31.368333333333336
west_heavy_seed1,west_heavy,1,614.25,629.25,57.0,2.77268581789619,14.024561403508772,39.0,6.75,1.0,13.104083217105412,0.0,0.0,0.0,0.0,0.06666666666666667,0.0,0.0,0.0,1.0,13.82531003650045,0.0,0.0,0.0,0.0,0.06666666666666667,0.0,0.0,0.0,1.0,13.691032957100084,0.0,0.0,0.0,2.0,0.06666666666666667,0.13333333333333333,-0.13333333333333333,-1.8316666666666668,1.0,12.848877461678489,0.0,0.0,0.0,0.0,0.06666666666666667,0.0,0.0,0.0,1.0,16.08194406127558,0.0,0.0,0.0,0.0,0.06666666666666667,0.0,0.0,0.0,1.0,12.025424822039186,0.0,0.0,0.0,2.0,0.06666666666666667,0.13333333333333333,-0.13333333333333333,-1.771666666666667,1.0,13.846946536364268,0.0,0.0,0.0,0.0,0.06666666666666667,0.0,0.0,0.0,3.0,0.8776995067763461,26.433333333333334,47.4,2.0,0.0,0.06666666666666667,0.0,0.0,0.118888888888889,2.0,1.2657937668775034,17.925,35.85,1.0,0.0,0.06666666666666667,0.0,0.0,-0.19500000000000003,2.0,1.105956167241243,1.25,2.5,1.0,0.0,0.06666666666666667,0.06666666666666667,0.06666666666666667,0.08333333333333333,8.0,0.3601269293799134,19.95625,47.6,6.0,0.0,0.06666666666666667,0.0,0.13333333333333333,0.5580357142857143,30.0,0.011501344910872837,17.403333333333332,39.8,29.0,0.0,0.13333333333333333,0.0,0.8666666666666667,0.7284365079365078,0.0,0.0,1.0,2.15,1.0,2.05,0.0,0.0,1.0,4.15,1.0,0.45,0.0,0.0,1.0,0.0,2.0,25.425,3.0,0.0,8.0,0.0,30.0,32.36833333333333
west_heavy_seed1,west_heavy,1,615.25,630.25,57.0,3.0380200421166865,14.719298245614034,40.0,5.75,1.0,13.069877716124806,0.0,0.0,0.0,0.0,0.06666666666666667,0.0,0.0,0.0,1.0,13.83554321280797,0.0,0.0,0.0,0.0,0.06666666666666667,0.0,0.0,0.0,1.0,13.726577922750272,0.0,0.0,0.0,2.0,0.06666666666666667,0.13333333333333333,-0.13333333333333333,-1.8983333333333332,1.0,12.860473121759854,0.0,0.0,0.0,0.0,0.06666666666666667,0.0,0.0,0.0,1.0,16.6691652770713,0.0,0.0,0.0,0.0,0.06666666666666667,0.0,0.0,0.0,1.0,12.020700593043566,0.0,0.0,0.0,2.0,0.06666666666666667,0.13333333333333333,-0.13333333333333333,-1.8383333333333336,1.0,13.85271551945014,0.0,0.0,0.0,0.0,0.06666666666666667,0.0,0.0,0.0,3.0,1.514485838085662,27.099999999999998,48.4,2.0,0.0,0.06666666666666667,0.0,0.0,0.09666666666666662,2.0,2.2730528721904895,18.425,36.85,1.0,0.0,0.06666666666666667,0.0,0.0,-0.2283333333333334,2.0,1.930227570114808,1.75,3.5,1.0,0.0,0.06666666666666667,0.06666666666666667,0.06666666666666667,0.11666666666666667,8.0,0.5838446693126336,20.78125,48.6,7.0,0.0,0.06666666666666667,0.0,0.2,0.5749404761904763,30.0,0.007737207561904099,18.37,40.8,29.0,0.0,0.13333333333333333,0.0,0.8,0.7528809523809524,0.0,0.0,1.0,3.15,1.0,3.05,0.0,0.0,1.0,5.15,1.0,1.45,0.0,0.0,0.0,0.0,2.0,25.925,3.0,0.0,7.0,0.0,30.0,33.36833333333333
west_heavy_seed1,west_heavy,1,616.25,631.25,57.0,3.265203756536993,15.437719298245614,41.0,4.75,1.0,13.10101966945576,0.0,0.0,0.0,0.0,0.06666666666666667,0.0,0.0,0.0,1.0,13.871281212508912,0.0,0.0,0.0,0.0,0.06666666666666667,0.0,0.0,0.0,1.0,13.722288640245802,0.0,0.0,0.0,2.0,0.06666666666666667,0.13333333333333333,-0.13333333333333333,-1.9649999999999999,1.0,12.858310187325253,0.0,0.0,0.0,0.0,0.06666666666666667,0.0,0.0,0.0,1.0,16.61163392873481,0.0,0.0,0.0,0.0,0.06666666666666667,0.0,0.0,0.0,1.0,12.016574389501457,0.0,0.0,0.0,2.0,0.06666666666666667,0.13333333333333333,-0.13333333333333333,-1.9050000000000002,1.0,13.86881047851406,0.0,0.0,0.0,0.0,0.06666666666666667,0.0,0.0,0.0,3.0,2.202621321782874,27.766666666666666,49.4,2.0,0.0,0.06666666666666667,0.0,0.0,0.07444444444444448,2.0,3.21477949453099,18.925,37.85,1.0,0.0,0.06666666666666667,0.0,0.0,-0.2616666666666667,2.0,2.8146698928497806,2.25,4.5,1.0,0.0,0.06666666666666667,0.06666666666666667,0.06666666666666667,0.15,8.0,0.8211098597238303,21.65625,49.6,7.0,0.0,0.06666666666666667,0.0,0.2,0.5951785714285714,30.0,0.005154490030514907,19.368333333333332,41.8,30.0,0.0,0.06666666666666667,0.0,0.8,0.7954750957854405,0.0,0.0,1.0,4.15,1.0,4.05,0.0,0.0,1.0,6.15,1.0,2.45,0.0,0.0,0.0,0.0,2.0,26.425,2.0,0.0,7.0,0.0,30.0,34.36833333333333
west_heavy_seed1,west_heavy,1,617.25,632.25,56.0,3.1976114102380677,16.445535714285715,41.0,3.75,1.0,13.091328790310122,0.0,0.0,0.0,0.0,0.06666666666666667,0.0,0.0,0.0,1.0,13.84238476138795,0.0,0.0,0.0,0.0,0.06666666666666667,0.0,0.0,0.0,1.0,13.691976988542134,0.0,0.0,0.0,2.0,0.06666666666666667,0.13333333333333333,-0.13333333333333333,-2.0316666666666667,1.0,12.853736148412713,0.0,0.0,0.0,0.0,0.06666666666666667,0.0,0.0,0.0,1.0,16.623985011056067,0.0,0.0,0.0,0.0,0.06666666666666667,0.0,0.0,0.0,1.0,12.028409454305638,0.0,0.0,0.0,2.0,0.06666666666666667,0.13333333333333333,-0.13333333333333333,-1.971666666666667,1.0,13.873854375781958,0.0,0.0,0.0,0.0,0.06666666666666667,0.0,0.0,0.0,3.0,2.8419148578331197,28.433333333333334,50.4,2.0,0.0,0.06666666666666667,0.0,0.0,0.05222222222222233,2.0,4.139542418270026,19.425,38.85,1.0,0.0,0.06666666666666667,0.0,0.0,-0.29500000000000004,2.0,3.6526538430167403,2.75,5.5,1.0,0.0,0.06666666666666667,0.0,0.06666666666666667,0.18333333333333332,8.0,1.0569524082866835,22.53125,50.6,7.0,0.0,0.06666666666666667,0.0,0.2,0.6154166666666667,30.0,0.0033621104070557994,20.368333333333332,42.8,30.0,0.0,0.06666666666666667,0.0,0.7333333333333333,0.8193831417624521,0.0,0.0,1.0,5.15,1.0,5.05,0.0,0.0,1.0,7.15,1.0,3.45,0.0,0.0,0.0,0.0,2.0,26.925,3.0,0.0,8.0,0.0,30.0,35.36833333333333
west_heavy_seed1,west_heavy,1,618.25,633.25,58.0,3.3266846949513282,16.58534482758621,41.0,2.75,1.0,13.087693145911958,0.0,0.0,0.0,0.0,0.06666666666666667,0.0,0.0,0.0,1.0,13.883080214675283,0.0,0.0,0.0,0.0,0.06666666666666667,0.0,0.0,0.0,1.0,13.711421473203933,0.0,0.0,0.0,2.0,0.06666666666666667,0.13333333333333333,-0.13333333333333333,-2.098333333333333,1.0,12.830915695164725,0.0,0.0,0.0,0.0,0.06666666666666667,0.0,0.0,0.0,1.0,16.66927970887721,0.0,0.0,0.0,0.0,0.06666666666666667,0.0,0.0,0.0,1.0,12.053456470859219,0.0,0.0,0.0,2.0,0.06666666666666667,0.13333333333333333,-0.13333333333333333,-2.0383333333333336,1.0,13.830015626744135,0.0,0.0,0.0,0.0,0.06666666666666667,0.0,0.0,0.0,3.0,3.4918571738009567,29.099999999999998,51.4,2.0,0.0,0.06666666666666667,0.0,0.0,0.029999999999999954,2.0,5.104976983632554,19.925,39.85,1.0,0.0,0.06666666666666667,0.0,0.0,-0.32833333333333337,3.0,4.490349688627121,2.1666666666666665,6.5,1.0,0.0,0.13333333333333333,0.0,0.06666666666666667,0.14444444444444443,9.0,1.3300850344353214,20.805555555555557,51.6,7.0,0.0,0.13333333333333333,0.0,0.2,0.46227513227513245,30.0,0.002192497978822224,21.368333333333332,43.8,30.0,0.0,0.06666666666666667,0.0,0.6666666666666666,0.8417969348659003,0.0,0.0,1.0,6.15,1.0,6.05,0.0,0.0,1.0,8.15,1.0,4.45,0.0,0.0,0.0,0.0,2.0,27.425,2.0,0.0,7.0,0.0,30.0,36.36833333333333
west_heavy_seed1,west_heavy,1,619.25,634.25,58.0,3.5421537497697324,17.292241379310347,41.0,1.75,1.0,13.077987888066614,0.0,0.0,0.0,0.0,0.06666666666666667,0.0,0.0,0.0,1.0,13.861132869353751,0.0,0.0,0.0,0.0,0.06666666666666667,0.0,0.0,0.0,1.0,13.717292820900454,0.0,0.0,0.0,2.0,0.06666666666666667,0.13333333333333333,-0.13333333333333333,-2.1649999999999996,1.0,12.849694886155334,0.0,0.0,0.0,0.0,0.06666666666666667,0.0,0.0,0.0,1.0,16.59317296193913,0.0,0.0,0.0,0.0,0.06666666666666667,0.0,0.0,0.0,1.0,12.0542798800126,0.0,0.0,0.0,2.0,0.06666666666666667,0.13333333333333333,-0.13333333333333333,-2.105,1.0,13.847235053493641,0.0,0.0,0.0,0.0,0.06666666666666667,0.0,0.0,0.0,3.0,4.1312284127090715,29.766666666666666,52.4,2.0,0.0,0.06666666666666667,0.0,0.0,0.00777777777777781,2.0,6.021433994448158,20.425,40.85,1.0,0.0,0.06666666666666667,0.0,0.0,-0.3616666666666667,3.0,5.9046060075332845,2.5,7.5,1.0,0.0,0.13333333333333333,0.0,0.06666666666666667,0.16666666666666666,9.0,1.8059769215188193,21.583333333333332,52.6,7.0,0.0,0.13333333333333333,0.0,0.13333333333333333,0.47079365079365065,30.0,0.001411307205793348,22.368333333333332,44.8,30.0,0.0,0.06666666666666667,0.0,0.6666666666666666,0.8624865900383141,0.0,0.0,1.0,7.15,1.0,7.05,0.0,0.0,1.0,9.15,1.0,5.45,0.0,0.0,0.0,0.0,2.0,27.925,2.0,0.0,7.0,0.0,30.0,37.36833333333333
west_heavy_seed1,west_heavy,1,620.25,635.25,58.0,3.678230081568995,17.999137931034483,41.0,0.75,1.0,13.085428432658132,0.0,0.0,0.0,0.0,0.06666666666666667,0.0,0.0,0.0,1.0,13.886090665925295,0.0,0.0,0.0,0.0,0.06666666666666667,0.0,0.0,0.0,1.0,13.700882655836882,0.0,0.0,0.0,2.0,0.06666666666666667,0.13333333333333333,-0.13333333333333333,-2.2316666666666665,1.0,12.849860328835343,0.0,0.0,0.0,0.0,0.06666666666666667,0.0,0.0,0.0,1.0,16.663503341455016,0.0,0.0,0.0,0.0,0.06666666666666667,0.0,0.0,0.0,1.0,12.026655479209712,0.0,0.0,0.0,2.0,0.06666666666666667,0.13333333333333333,-0.13333333333333333,-2.171666666666667,1.0,13.874563566292636,0.0,0.0,0.0,0.0,0.06666666666666667,0.0,0.0,0.0,3.0,4.578927828621623,30.433333333333334,53.4,2.0,0.0,0.06666666666666667,0.0,0.0,-0.014444444444444334,2.0,6.045719001512621,20.925,41.85,1.0,0.0,0.06666666666666667,0.0,0.0,-0.3950000000000001,3.0,7.193735783720672,2.8333333333333335,8.5,1.0,0.0,0.13333333333333333,0.0,0.06666666666666667,0.1888888888888889,9.0,2.0729122298341043,22.36111111111111,53.6,7.0,0.0,0.13333333333333333,0.0,0.13333333333333333,0.475026455026455,30.0,0.0008902480307824124,23.368333333333332,45.8,30.0,0.0,0.06666666666666667,0.0,0.5333333333333333,0.8807624521072797,0.0,0.0,1.0,8.15,1.0,8.05,0.0,0.0,1.0,10.15,1.0,6.45,0.0,0.0,0.0,0.0,2.0,28.575,2.0,0.0,7.0,0.0,30.0,38.36833333333333
west_heavy_seed1,west_heavy,1,621.25,636.25,58.0,3.7630049626941062,18.70603448275862,41.0,2.75,1.0,13.090995793833914,0.0,0.0,0.0,0.0,0.06666666666666667,0.0,0.0,0.0,1.0,13.858667720210507,0.0,0.0,0.0,0.0,0.06666666666666667,0.0,0.0,0.0,1.0,13.748448530787842,0.0,0.0,0.0,1.0,0.06666666666666667,0.13333333333333333,-0.13333333333333333,-2.298333333333333,1.0,12.831285597544769,0.0,0.0,0.0,0.0,0.06666666666666667,0.0,0.0,0.0,1.0,16.5655399703756,0.0,0.0,0.0,0.0,0.06666666666666667,0.0,0.0,0.0,1.0,11.995381079583877,0.0,0.0,0.0,1.0,0.06666666666666667,0.13333333333333333,-0.13333333333333333,-2.2383333333333337,1.0,13.8476278542995,0.0,0.0,0.0,0.0,0.06666666666666667,0.0,0.0,0.0,3.0,4.594159008578668,31.099999999999998,54.4,2.0,0.0,0.06666666666666667,0.0,0.0,-0.036666666666666715,2.0,6.045702421112215,21.425,42.85,1.0,0.0,0.06666666666666667,0.0,0.0,-0.4283333333333334,3.0,8.053645879112159,3.1666666666666665,9.5,1.0,0.0,0.13333333333333333,0.0,0.06666666666666667,0.2111111111111111,9.0,2.3314454109207245,23.13888888888889,54.6,7.0,0.0,0.13333333333333333,0.0,0.13333333333333333,0.4792592592592592,30.0,0.0005619752191964092,24.368333333333332,46.8,30.0,0.0,0.06666666666666667,0.0,0.5333333333333333,0.8968544061302681,0.0,0.0,1.0,9.15,1.0,9.05,0.0,0.0,1.0,11.15,1.0,7.45,0.0,0.0,0.0,0.0,2.0,29.575,3.0,0.0,7.0,0.0,30.0,39.36833333333333
west_heavy_seed1,west_heavy,1,622.25,637.25,58.0,3.8388349812764586,19.41293103448276,41.0,1.75,1.0,13.09643678169819,0.0,0.0,0.0,0.0,0.06666666666666667,0.0,0.0,0.0,1.0,13.866696154824458,0.0,0.0,0.0,0.0,0.06666666666666667,0.0,0.0,0.0,1.0,13.748050061999361,0.0,0.0,0.0,1.0,0.06666666666666667,0.13333333333333333,-0.13333333333333333,-2.3649999999999998,1.0,12.871955499432655,0.0,0.0,0.0,0.0,0.06666666666666667,0.0,0.0,0.0,1.0,15.925508495401134,0.0,0.0,0.0,0.0,0.06666666666666667,0.0,0.0,0.0,1.0,12.04676863154511,0.0,0.0,0.0,1.0,0.06666666666666667,0.13333333333333333,-0.13333333333333333,-2.305,1.0,13.870392983984203,0.0,0.0,0.0,0.0,0.06666666666666667,0.0,0.0,0.0,3.0,4.58025078974373,31.766666666666666,55.4,2.0,0.0,0.06666666666666667,0.0,0.0,-0.05888888888888886,2.0,6.045605532653276,21.925,43.85,1.0,0.0,0.06666666666666667,0.0,0.0,-0.4616666666666667,3.0,8.778923516066188,3.5,10.5,1.0,0.0,0.13333333333333333,0.0,0.06666666666666667,0.23333333333333334,9.0,2.6226556715099303,23.916666666666668,55.6,7.0,0.0,0.13333333333333333,0.0,0.06666666666666667,0.47396825396825404,30.0,0.0003490197357548262,25.368333333333332,47.8,30.0,0.0,0.06666666666666667,0.0,0.4666666666666667,0.9111072796934864,0.0,0.0,1.0,10.15,1.0,10.05,0.0,0.0,1.0,12.15,1.0,8.45,0.0,0.0,0.0,0.0,2.0,30.575,3.0,0.0,6.0,0.0,30.0,40.36833333333333
west_heavy_seed1,west_heavy,1,623.25,638.25,58.0,3.7854369603043394,20.1198275862069,41.0,0.75,1.0,13.060222828139135,0.0,0.0,0.0,0.0,0.06666666666666667,0.0,0.0,0.0,1.0,13.860692611890846,0.0,0.0,0.0,0.0,0.06666666666666667,0.0,0.0,0.0,1.0,13.699643573376358,0.0,0.0,0.0,1.0,0.06666666666666667,0.13333333333333333,-0.13333333333333333,-2.431666666666666,1.0,12.867077022945882,0.0,0.0,0.0,0.0,0.06666666666666667,0.0,0.0,0.0,1.0,10.461484960960345,0.0,0.0,0.0,0.0,0.06666666666666667,0.0,0.0,0.0,1.0,11.99260683301951,0.0,0.0,0.0,1.0,0.06666666666666667,0.13333333333333333,-0.13333333333333333,-2.371666666666667,1.0,13.864232770501404,0.0,0.0,0.0,0.0,0.06666666666666667,0.0,0.0,0.0,3.0,4.575297675612576,32.43333333333333,56.4,2.0,0.0,0.06666666666666667,0.0,0.0,-0.08111111111111123,2.0,6.036182288104315,22.425,44.85,1.0,0.0,0.06666666666666667,0.0,0.0,-0.49500000000000005,3.0,8.778404878753845,3.8333333333333335,11.5,1.0,0.0,0.13333333333333333,0.0,0.06666666666666667,0.2555555555555556,9.0,2.8998517576713043,24.694444444444443,56.6,7.0,0.0,0.13333333333333333,0.0,0.06666666666666667,0.4686772486772485,30.0,0.00021561860229969403,26.368333333333332,48.8,30.0,0.0,0.0,0.0,0.4,0.9518888888888888,0.0,0.0,1.0,11.15,1.0,11.05,0.0,0.0,1.0,13.15,1.0,9.45,0.0,0.0,0.0,0.0,2.0,31.575,3.0,0.0,5.0,0.0,30.0,41.36833333333333
west_heavy_seed1,west_heavy,1,624.25,639.25,58.0,3.704663315210608,17.811206896551724,37.0,29.75,1.0,13.106841092443842,0.0,0.0,0.0,2.0,0.06666666666666667,0.0,0.0,0.0,1.0,12.963000809009896,0.0,0.0,0.0,0.0,0.06666666666666667,0.0,0.0,0.0,1.0,13.446639351843523,0.0,0.0,0.0,0.0,0.06666666666666667,0.13333333333333333,-0.06666666666666667,-1.1133333333333333,1.0,12.86792580030174,0.0,0.0,0.0,2.0,0.06666666666666667,0.0,0.0,0.0,1.0,4.990420538075396,0.0,0.0,0.0,0.0,0.06666666666666667,0.0,0.0,0.0,1.0,12.018746328691469,0.0,0.0,0.0,0.0,0.06666666666666667,0.13333333333333333,-0.06666666666666667,-0.99,1.0,13.851584072678817,0.0,0.0,0.0,2.0,0.06666666666666667,0.0,0.0,0.0,3.0,4.815747384113252,13.966666666666667,41.9,1.0,2.0,0.06666666666666667,0.0,-0.06666666666666667,-1.3788888888888886,2.0,6.047588032251801,22.925,45.85,1.0,0.0,0.06666666666666667,0.0,0.0,-0.5283333333333334,3.0,8.971101330106253,0.0,0.0,0.0,2.0,0.13333333333333333,0.0,0.0,0.0,9.0,2.9551358272453334,13.805555555555555,39.55,5.0,2.0,0.13333333333333333,0.0,-0.06666666666666667,-0.31439153439153444,30.0,0.0001310568462393446,27.368333333333332,49.8,30.0,0.0,0.0,0.0,0.3333333333333333,0.9637777777777777,0.0,0.0,1.0,12.15,1.0,12.05,0.0,0.0,1.0,14.15,1.0,10.45,0.0,0.0,0.0,0.0,2.0,32.575,3.0,0.0,5.0,0.0,30.0,42.36833333333333
west_heavy_seed1,west_heavy,1,625.25,640.25,58.0,3.577531011287121,16.36551724137931,35.0,28.75,1.0,13.105803242964953,0.0,0.0,0.0,2.0,0.06666666666666667,0.0,0.0,0.0,1.0,8.485591511709828,0.0,0.0,0.0,0.0,0.06666666666666667,0.0,0.0,0.0,1.0,8.954731840824637,0.0,0.0,0.0,0.0,0.06666666666666667,0.06666666666666667,0.0,0.0,1.0,12.875997858480691,0.0,0.0,0.0,2.0,0.06666666666666667,0.0,0.0,0.0,1.0,0.0,0.15,0.15,1.0,0.0,0.06666666666666667,0.0,0.06666666666666667,0.01,1.0,12.03413159346439,0.0,0.0,0.0,0.0,0.06666666666666667,0.06666666666666667,0.0,0.0,1.0,13.336618243687637,0.0,0.0,0.0,2.0,0.06666666666666667,0.0,0.0,0.0,2.0,7.613194740025631,0.0,0.0,0.0,2.0,0.06666666666666667,0.06666666666666667,-0.13333333333333333,-2.3766666666666665,2.0,6.022121951771546,23.425,46.85,1.0,0.0,0.06666666666666667,0.0,0.0,-0.5616666666666668,2.0,13.157602744736224,0.0,0.0,0.0,2.0,0.13333333333333333,0.06666666666666667,0.0,0.0,8.0,3.170539858968601,6.39375,21.55,3.0,2.0,0.13333333333333333,0.06666666666666667,-0.2,-0.865654761904762,30.0,7.915313682930405e-05,28.368333333333332,50.8,30.0,0.0,0.0,0.0,0.26666666666666666,0.974,0.0,0.0,1.0,13.15,1.0,13.05,0.0,0.0,1.0,15.15,1.0,11.45,0.0,0.0,0.0,0.0,2.0,33.575,3.0,0.0,4.0,0.0,30.0,43.36833333333333
west_heavy_seed1,west_heavy,1,628.25,643.25,57.0,3.124215616106422,17.478070175438596,34.0,25.75,0.0,0.0,0.0,0.0,0.0,2.0,0.0,0.06666666666666667,0.0,0.0,1.0,0.0,1.15,1.15,1.0,0.0,0.0,0.0,0.06666666666666667,0.07666666666666666,1.0,0.0,1.05,1.05,1.0,0.0,0.0,0.0,0.06666666666666667,0.07,0.0,0.0,0.0,0.0,0.0,2.0,0.0,0.06666666666666667,0.0,0.0,1.0,0.0,3.15,3.15,1.0,0.0,0.0,0.0,0.06666666666666667,0.21,1.0,2.620078539628262,0.0,0.0,0.0,0.0,0.0,0.0,0.0,0.0,0.0,0.0,0.0,0.0,0.0,2.0,0.0,0.06666666666666667,0.0,0.0,1.0,10.635439680957937,0.0,0.0,0.0,2.0,0.0,0.13333333333333333,-0.13333333333333333,-1.7177777777777776,2.0,5.164653704681211,24.925,49.85,1.0,0.0,0.0,0.0,0.0,0.5,2.0,12.66152868237706,0.0,0.0,0.0,2.0,0.06666666666666667,0.06666666666666667,-0.06666666666666667,-0.05,7.0,2.777302846564729,0.0,0.0,0.0,2.0,0.06666666666666667,0.13333333333333333,-0.4,-1.2804166666666668,30.0,1.55911159007172e-05,31.368333333333336,53.8,30.0,0.0,0.0,0.0,0.13333333333333333,0.9935555555555557,0.0,0.0,1.0,16.15,1.0,16.05,0.0,0.0,1.0,18.15,1.0,14.45,0.0,0.0,0.0,0.0,2.0,36.574999999999996,2.0,0.0,3.0,0.0,30.0,46.36833333333333
west_heavy_seed1,west_heavy,1,629.25,644.25,59.0,3.4479816935613496,17.46949152542373,35.0,24.75,0.0,0.0,0.0,0.0,0.0,2.0,0.0,0.06666666666666667,0.0,0.0,1.0,0.0,2.15,2.15,1.0,0.0,0.0,0.0,0.06666666666666667,0.14333333333333334,1.0,0.0,2.05,2.05,1.0,0.0,0.0,0.0,0.06666666666666667,0.13666666666666666,0.0,0.0,0.0,0.0,0.0,2.0,0.0,0.06666666666666667,0.0,0.0,1.0,0.0,4.15,4.15,1.0,0.0,0.0,0.0,0.06666666666666667,0.27666666666666667,1.0,0.0,0.45,0.45,1.0,0.0,0.0,0.0,0.06666666666666667,0.030000000000000002,0.0,0.0,0.0,0.0,0.0,2.0,0.0,0.06666666666666667,0.0,0.0,1.0,10.77740251809965,0.0,0.0,0.0,2.0,0.0,0.13333333333333333,-0.13333333333333333,-1.7622222222222221,2.0,3.657877416820855,25.425,50.85,1.0,0.0,0.0,0.0,0.0,0.5,3.0,12.93480533425845,0.0,0.0,0.0,2.0,0.13333333333333333,0.06666666666666667,-0.06666666666666667,-0.08333333333333333,8.0,2.983068542309921,0.0,0.0,0.0,2.0,0.13333333333333333,0.13333333333333333,-0.4,-1.3304166666666668,30.0,8.678527441627324e-06,32.36833333333333,54.8,30.0,0.0,0.0,0.0,0.06666666666666667,0.9976666666666667,0.0,0.0,1.0,17.15,1.0,17.05,0.0,0.0,1.0,19.15,1.0,15.45,0.0,0.0,0.0,0.0,2.0,37.574999999999996,3.0,0.0,4.0,0.0,30.0,47.36833333333333
west_heavy_seed1,west_heavy,1,630.25,645.25,58.0,3.528065559450308,18.374137931034483,35.0,23.75,0.0,0.0,0.0,0.0,0.0,2.0,0.0,0.06666666666666667,0.0,0.0,1.0,0.0,3.15,3.15,1.0,0.0,0.0,0.0,0.06666666666666667,0.21,1.0,0.0,3.05,3.05,1.0,0.0,0.0,0.0,0.06666666666666667,0.2033333333333333,0.0,0.0,0.0,0.0,0.0,2.0,0.0,0.06666666666666667,0.0,0.0,1.0,0.0,5.15,5.15,1.0,0.0,0.0,0.0,0.06666666666666667,0.3433333333333334,1.0,0.0,1.45,1.45,1.0,0.0,0.0,0.0,0.06666666666666667,0.09666666666666666,0.0,0.0,0.0,0.0,0.0,2.0,0.0,0.06666666666666667,0.0,0.0,0.0,0.0,0.0,0.0,0.0,2.0,0.0,0.2,-0.13333333333333333,-1.8066666666666664,2.0,2.3430851276674507,25.925,51.85,1.0,0.0,0.0,0.0,0.0,0.5,3.0,12.873556700810985,0.0,0.0,0.0,2.0,0.13333333333333333,0.06666666666666667,-0.06666666666666667,-0.11666666666666667,7.0,3.2142027699734332,0.0,0.0,0.0,2.0,0.13333333333333333,0.2,-0.4666666666666667,-1.3854166666666667,30.0,4.569423497488325e-06,33.36833333333333,55.8,30.0,0.0,0.0,0.0,0.06666666666666667,0.9998888888888887,0.0,0.0,1.0,18.15,1.0,18.05,0.0,0.0,1.0,20.15,1.0,16.45,0.0,0.0,0.0,0.0,2.0,38.574999999999996,3.0,0.0,3.0,0.0,30.0,48.36833333333333
west_heavy_seed1,west_heavy,1,631.25,646.25,57.0,3.446941351625426,19.310526315789474,35.0,22.75,0.0,0.0,0.0,0.0,0.0,2.0,0.0,0.06666666666666667,0.0,0.0,1.0,0.0,4.15,4.15,1.0,0.0,0.0,0.0,0.06666666666666667,0.27666666666666667,1.0,0.0,4.05,4.05,1.0,0.0,0.0,0.0,0.06666666666666667,0.26999999999999996,0.0,0.0,0.0,0.0,0.0,2.0,0.0,0.06666666666666667,0.0,0.0,1.0,0.0,6.15,6.15,1.0,0.0,0.0,0.0,0.06666666666666667,0.41000000000000003,1.0,0.0,2.45,2.45,1.0,0.0,0.0,0.0,0.06666666666666667,0.16333333333333336,0.0,0.0,0.0,0.0,0.0,2.0,0.0,0.06666666666666667,0.0,0.0,0.0,0.0,0.0,0.0,0.0,2.0,0.0,0.2,-0.13333333333333333,-1.8511111111111112,2.0,1.3195019806498864,26.425,52.85,1.0,0.0,0.0,0.0,0.0,0.5,2.0,12.052135037561104,0.0,0.0,0.0,2.0,0.13333333333333333,0.13333333333333333,-0.06666666666666667,-0.15,7.0,3.7710523115678205,0.0,0.0,0.0,2.0,0.13333333333333333,0.2,-0.4666666666666667,-1.44375,30.0,2.443409924599259e-06,34.36833333333333,56.8,30.0,0.0,0.0,0.0,0.0,1.0,0.0,0.0,1.0,19.15,1.0,19.05,0.0,0.0,1.0,21.15,1.0,17.45,0.0,0.0,0.0,0.0,2.0,39.574999999999996,3.0,0.0,3.0,0.0,30.0,49.36833333333333
west_heavy_seed1,west_heavy,1,632.25,647.25,58.0,3.492538496248825,19.58103448275862,35.0,21.75,0.0,0.0,0.0,0.0,0.0,2.0,0.0,0.06666666666666667,0.0,0.0,1.0,0.0,5.15,5.15,1.0,0.0,0.0,0.0,0.06666666666666667,0.3433333333333334,1.0,0.0,5.05,5.05,1.0,0.0,0.0,0.0,0.06666666666666667,0.33666666666666667,0.0,0.0,0.0,0.0,0.0,2.0,0.0,0.06666666666666667,0.0,0.0,1.0,0.0,7.15,7.15,1.0,0.0,0.0,0.0,0.06666666666666667,0.4766666666666667,1.0,0.0,3.45,3.45,1.0,0.0,0.0,0.0,0.06666666666666667,0.23,0.0,0.0,0.0,0.0,0.0,2.0,0.0,0.06666666666666667,0.0,0.0,0.0,0.0,0.0,0.0,0.0,2.0,0.0,0.2,-0.13333333333333333,-1.8955555555555557,2.0,0.653924476753444,26.925,53.85,1.0,0.0,0.0,0.0,0.0,0.5,3.0,11.63251130235846,0.0,0.0,0.0,2.0,0.2,0.13333333333333333,-0.06666666666666667,-0.18333333333333332,8.0,4.491902678660044,0.0,0.0,0.0,2.0,0.2,0.2,-0.4666666666666667,-1.5020833333333334,30.0,1.2607708350552586e-06,35.36833333333333,57.8,30.0,0.0,0.0,0.0,0.0,1.0,0.0,0.0,1.0,20.15,1.0,20.05,0.0,0.0,1.0,22.15,1.0,18.45,0.0,0.0,0.0,0.0,2.0,40.574999999999996,4.0,0.0,4.0,0.0,30.0,50.36833333333333
west_heavy_seed1,west_heavy,1,633.25,648.25,58.0,3.5983056820500208,20.18448275862069,35.0,20.75,0.0,0.0,0.0,0.0,0.0,2.0,0.0,0.06666666666666667,0.0,0.0,1.0,0.0,6.15,6.15,1.0,0.0,0.0,0.0,0.06666666666666667,0.41000000000000003,1.0,0.0,6.05,6.05,1.0,0.0,0.0,0.0,0.06666666666666667,0.4033333333333333,0.0,0.0,0.0,0.0,0.0,2.0,0.0,0.06666666666666667,0.0,0.0,1.0,0.0,8.15,8.15,1.0,0.0,0.0,0.0,0.06666666666666667,0.5433333333333333,1.0,0.0,4.45,4.45,1.0,0.0,0.0,0.0,0.06666666666666667,0.2966666666666667,0.0,0.0,0.0,0.0,0.0,2.0,0.0,0.06666666666666667,0.0,0.0,0.0,0.0,0.0,0.0,0.0,2.0,0.0,0.2,-0.13333333333333333,-1.94,2.0,0.2759992753579703,27.425,54.85,1.0,0.0,0.0,0.0,0.0,0.5,2.0,12.445648619960412,0.0,0.0,0.0,2.0,0.13333333333333333,0.2,-0.06666666666666667,-0.14444444444444443,7.0,5.219155286362066,0.0,0.0,0.0,2.0,0.13333333333333333,0.26666666666666666,-0.4666666666666667,-1.387037037037037,30.0,4.795943219157684e-07,36.36833333333333,58.8,30.0,0.0,0.0,0.0,0.0,1.0,0.0,0.0,1.0,21.15,1.0,21.05,0.0,0.0,1.0,23.15,1.0,19.45,0.0,0.0,0.0,0.0,2.0,41.574999999999996,3.0,0.0,4.0,0.0,30.0,51.36833333333333
west_heavy_seed1,west_heavy,1,634.25,649.25,58.0,3.7538779942760585,20.78793103448276,35.0,19.75,0.0,0.0,0.0,0.0,0.0,2.0,0.0,0.06666666666666667,0.0,0.0,1.0,0.0,7.15,7.15,1.0,0.0,0.0,0.0,0.06666666666666667,0.4766666666666667,1.0,0.0,7.05,7.05,1.0,0.0,0.0,0.0,0.06666666666666667,0.47,0.0,0.0,0.0,0.0,0.0,2.0,0.0,0.06666666666666667,0.0,0.0,1.0,0.0,9.15,9.15,1.0,0.0,0.0,0.0,0.06666666666666667,0.61,1.0,0.0,5.45,5.45,1.0,0.0,0.0,0.0,0.06666666666666667,0.36333333333333334,0.0,0.0,0.0,0.0,0.0,2.0,0.0,0.06666666666666667,0.0,0.0,0.0,0.0,0.0,0.0,0.0,2.0,0.0,0.2,-0.13333333333333333,-1.9844444444444445,2.0,0.1068583014655233,27.925,55.85,1.0,0.0,0.0,0.0,0.0,0.5,2.0,12.457037368128077,0.0,0.0,0.0,2.0,0.13333333333333333,0.2,-0.06666666666666667,-0.16666666666666666,7.0,6.060903683980254,0.0,0.0,0.0,2.0,0.13333333333333333,0.26666666666666666,-0.4666666666666667,-1.4388888888888889,30.0,1.7403585959705058e-07,37.36833333333333,59.8,30.0,0.0,0.0,0.0,0.0,1.0,0.0,0.0,1.0,22.15,1.0,22.05,0.0,0.0,1.0,24.15,1.0,20.45,0.0,0.0,0.0,0.0,2.0,42.574999999999996,3.0,0.0,4.0,0.0,30.0,52.36833333333333
west_heavy_seed1,west_heavy,1,635.25,650.25,58.0,3.9057935464128852,21.396551724137932,36.0,18.75,0.0,0.0,0.0,0.0,0.0,2.0,0.0,0.06666666666666667,0.0,0.0,1.0,0.0,8.15,8.15,1.0,0.0,0.0,0.0,0.06666666666666667,0.5433333333333333,1.0,0.0,8.05,8.05,1.0,0.0,0.0,0.0,0.06666666666666667,0.5366666666666667,0.0,0.0,0.0,0.0,0.0,2.0,0.0,0.06666666666666667,0.0,0.0,1.0,0.0,10.15,10.15,1.0,0.0,0.0,0.0,0.06666666666666667,0.6766666666666666,1.0,0.0,6.45,6.45,1.0,0.0,0.0,0.0,0.06666666666666667,0.43,0.0,0.0,0.0,0.0,0.0,2.0,0.0,0.06666666666666667,0.0,0.0,0.0,0.0,0.0,0.0,0.0,2.0,0.0,0.2,-0.13333333333333333,-2.028888888888889,2.0,0.0384687702117134,28.575,56.85,2.0,0.0,0.0,0.0,0.06666666666666667,0.5099999999999999,2.0,12.470191362490063,0.0,0.0,0.0,2.0,0.13333333333333333,0.2,-0.06666666666666667,-0.1888888888888889,7.0,6.73645554912627,0.0,0.0,0.0,2.0,0.13333333333333333,0.26666666666666666,-0.4666666666666667,-1.4907407407407407,30.0,0.0,38.36833333333333,60.8,30.0,0.0,0.0,0.0,0.0,1.0,0.0,0.0,1.0,23.15,1.0,23.05,0.0,0.0,1.0,25.15,1.0,21.45,0.0,0.0,0.0,0.0,2.0,43.574999999999996,2.0,0.0,3.0,0.0,30.0,53.36833333333333
west_heavy_seed1,west_heavy,1,636.25,651.25,60.0,4.229516583763184,21.283333333333335,36.0,17.75,0.0,0.0,0.0,0.0,0.0,2.0,0.0,0.06666666666666667,0.0,0.0,1.0,0.0,9.15,9.15,1.0,0.0,0.0,0.0,0.06666666666666667,0.61,1.0,0.0,9.05,9.05,1.0,0.0,0.0,0.0,0.06666666666666667,0.6033333333333334,0.0,0.0,0.0,0.0,0.0,2.0,0.0,0.06666666666666667,0.0,0.0,1.0,0.0,11.15,11.15,1.0,0.0,0.0,0.0,0.06666666666666667,0.7433333333333334,1.0,0.0,7.45,7.45,1.0,0.0,0.0,0.0,0.06666666666666667,0.4966666666666667,0.0,0.0,0.0,0.0,0.0,2.0,0.0,0.06666666666666667,0.0,0.0,0.0,0.0,0.0,0.0,0.0,2.0,0.0,0.2,-0.13333333333333333,-2.0733333333333333,2.0,0.014143785033700444,29.575,57.85,2.0,0.0,0.0,0.0,0.06666666666666667,0.5433333333333332,3.0,12.390787067645924,0.0,0.0,0.0,2.0,0.2,0.2,-0.06666666666666667,-0.2111111111111111,7.0,7.455369522594327,0.0,0.0,0.0,2.0,0.2,0.3333333333333333,-0.4666666666666667,-1.5425925925925925,30.0,0.0,39.36833333333333,61.8,30.0,0.0,0.0,0.0,0.0,1.0,0.0,0.0,1.0,24.15,1.0,24.05,0.0,0.0,1.0,26.15,1.0,22.45,0.0,0.0,0.0,0.0,2.0,44.574999999999996,2.0,0.0,3.0,0.0,30.0,54.36833333333333
west_heavy_seed1,west_heavy,1,637.25,652.25,60.0,4.356853566108822,21.883333333333333,36.0,16.75,0.0,0.0,0.0,0.0,0.0,2.0,0.0,0.06666666666666667,0.0,0.0,1.0,0.0,10.15,10.15,1.0,0.0,0.0,0.0,0.06666666666666667,0.6766666666666666,1.0,0.0,10.05,10.05,1.0,0.0,0.0,0.0,0.06666666666666667,0.67,0.0,0.0,0.0,0.0,0.0,2.0,0.0,0.06666666666666667,0.0,0.0,1.0,0.0,12.15,12.15,1.0,0.0,0.0,0.0,0.06666666666666667,0.81,1.0,0.0,8.45,8.45,1.0,0.0,0.0,0.0,0.06666666666666667,0.5633333333333332,0.0,0.0,0.0,0.0,0.0,2.0,0.0,0.06666666666666667,0.0,0.0,0.0,0.0,0.0,0.0,0.0,2.0,0.0,0.2,-0.13333333333333333,-2.1177777777777775,2.0,0.005053207710851118,30.575,58.85,2.0,0.0,0.0,0.0,0.06666666666666667,0.5766666666666665,3.0,12.334866673740807,0.0,0.0,0.0,2.0,0.2,0.2,-0.06666666666666667,-0.23333333333333334,6.0,8.24689233077327,0.0,0.0,0.0,2.0,0.2,0.4,-0.4666666666666667,-1.5944444444444446,30.0,0.0,40.36833333333333,62.8,30.0,0.0,0.0,0.0,0.0,1.0,0.0,0.0,1.0,25.15,1.0,25.05,0.0,0.0,1.0,27.15,1.0,23.45,0.0,0.0,0.0,0.0,2.0,45.574999999999996,2.0,0.0,2.0,0.0,30.0,55.36833333333333
west_heavy_seed1,west_heavy,1,638.25,653.25,60.0,4.481681419040044,22.483333333333334,36.0,15.75,0.0,0.0,0.0,0.0,0.0,2.0,0.0,0.06666666666666667,0.0,0.0,1.0,0.0,11.15,11.15,1.0,0.0,0.0,0.0,0.06666666666666667,0.7433333333333334,1.0,0.0,11.05,11.05,1.0,0.0,0.0,0.0,0.06666666666666667,0.7366666666666667,0.0,0.0,0.0,0.0,0.0,2.0,0.0,0.06666666666666667,0.0,0.0,1.0,0.0,13.15,13.15,1.0,0.0,0.0,0.0,0.06666666666666667,0.8766666666666667,1.0,0.0,9.45,9.45,1.0,0.0,0.0,0.0,0.06666666666666667,0.63,0.0,0.0,0.0,0.0,0.0,2.0,0.0,0.06666666666666667,0.0,0.0,0.0,0.0,0.0,0.0,0.0,2.0,0.0,0.2,-0.13333333333333333,-2.162222222222222,2.0,0.0018573427434374094,31.575,59.85,2.0,0.0,0.0,0.0,0.06666666666666667,0.6099999999999999,3.0,12.240365662934835,0.0,0.0,0.0,2.0,0.2,0.2,-0.06666666666666667,-0.2555555555555556,5.0,9.218754382788415,0.0,0.0,0.0,2.0,0.2,0.4666666666666667,-0.4666666666666667,-1.6462962962962961,30.0,0.0,41.36833333333333,63.8,30.0,0.0,0.0,0.0,0.0,1.0,0.0,0.0,1.0,26.15,1.0,26.05,0.0,0.0,1.0,28.15,1.0,24.45,0.0,0.0,0.0,0.0,2.0,46.574999999999996,2.0,0.0,2.0,0.0,30.0,56.36833333333333
west_heavy_seed1,west_heavy,1,639.25,654.25,60.0,4.553185427928123,23.083333333333332,36.0,14.75,0.0,0.0,0.0,0.0,0.0,2.0,0.0,0.06666666666666667,0.0,0.0,1.0,0.0,12.15,12.15,1.0,0.0,0.0,0.0,0.06666666666666667,0.81,1.0,0.0,12.05,12.05,1.0,0.0,0.0,0.0,0.06666666666666667,0.8033333333333333,0.0,0.0,0.0,0.0,0.0,2.0,0.0,0.06666666666666667,0.0,0.0,1.0,0.0,14.15,14.15,1.0,0.0,0.0,0.0,0.06666666666666667,0.9433333333333334,1.0,0.0,10.45,10.45,1.0,0.0,0.0,0.0,0.06666666666666667,0.6966666666666667,0.0,0.0,0.0,0.0,0.0,2.0,0.0,0.06666666666666667,0.0,0.0,0.0,0.0,0.0,0.0,0.0,2.0,0.0,0.2,-0.06666666666666667,-0.9311111111111111,2.0,0.0006767515962945476,32.575,60.85,2.0,0.0,0.0,0.0,0.06666666666666667,0.6433333333333334,3.0,12.214816094494898,0.0,0.0,0.0,2.0,0.2,0.2,0.0,0.0,5.0,9.700435835185989,0.0,0.0,0.0,2.0,0.2,0.4666666666666667,-0.3333333333333333,-0.9203703703703704,30.0,0.0,42.36833333333333,64.8,30.0,0.0,0.0,0.0,0.0,1.0,0.0,0.0,1.0,27.15,1.0,27.05,0.0,0.0,1.0,29.15,1.0,25.45,0.0,0.0,0.0,0.0,2.0,47.574999999999996,2.0,0.0,2.0,0.0,30.0,57.36833333333333
west_heavy_seed1,west_heavy,1,640.25,655.25,60.0,4.5966655167710195,23.683333333333334,36.0,13.75,0.0,0.0,0.0,0.0,0.0,2.0,0.0,0.06666666666666667,0.0,0.0,1.0,0.0,13.15,13.15,1.0,0.0,0.0,0.0,0.06666666666666667,0.8766666666666667,1.0,0.0,13.05,13.05,1.0,0.0,0.0,0.0,0.06666666666666667,0.87,0.0,0.0,0.0,0.0,0.0,2.0,0.0,0.06666666666666667,0.0,0.0,1.0,0.0,15.15,15.15,1.0,0.0,0.0,0.0,0.0,1.0,1.0,0.0,11.45,11.45,1.0,0.0,0.0,0.0,0.06666666666666667,0.7633333333333333,0.0,0.0,0.0,0.0,0.0,2.0,0.0,0.06666666666666667,0.0,0.0,0.0,0.0,0.0,0.0,0.0,2.0,0.0,0.13333333333333333,0.0,0.0,2.0,0.00024592506642387657,33.575,61.85,2.0,0.0,0.0,0.0,0.06666666666666667,0.6766666666666669,3.0,12.171443306226374,0.0,0.0,0.0,2.0,0.2,0.13333333333333333,0.0,0.0,4.0,10.33227335399819,0.0,0.0,0.0,2.0,0.2,0.4666666666666667,-0.2,-0.42624999999999996,30.0,0.0,43.36833333333333,65.8,30.0,0.0,0.0,0.0,0.0,1.0,0.0,0.0,1.0,28.15,1.0,28.05,0.0,0.0,1.0,30.15,1.0,26.45,0.0,0.0,0.0,0.0,2.0,48.574999999999996,1.0,0.0,2.0,0.0,30.0,58.36833333333333
west_heavy_seed1,west_heavy,1,675.25,690.25,54.0,6.283795258929758,2.286111111111111,5.0,26.75,1.0,11.971485239050816,0.0,0.0,0.0,2.0,0.06666666666666667,0.0,0.0,0.0,1.0,10.510179367476795,0.0,0.0,0.0,2.0,0.06666666666666667,0.06666666666666667,-0.06666666666666667,-2.21,2.0,0.9882030269812905,24.025,48.05,1.0,0.0,0.06666666666666667,0.0,0.0,-0.6016666666666666,1.0,13.880669805195648,0.0,0.0,0.0,2.0,0.06666666666666667,0.0,0.0,0.0,1.0,11.600551815335443,0.0,0.0,0.0,2.0,0.06666666666666667,0.06666666666666667,-0.06666666666666667,-2.3433333333333333,2.0,0.7892721331439482,23.225,46.45,1.0,0.0,0.06666666666666667,0.0,0.0,-0.5483333333333332,2.0,12.423893769534645,0.0,0.0,0.0,2.0,0.13333333333333333,0.0,0.0,0.0,2.0,13.577592879775963,0.0,0.0,0.0,0.0,0.13333333333333333,0.0,0.0,0.0,2.0,12.741685242342866,0.0,0.0,0.0,0.0,0.13333333333333333,0.0,0.0,0.0,1.0,6.956748297943405,0.0,0.0,0.0,2.0,0.06666666666666667,0.13333333333333333,0.0,0.0,4.0,0.568060977905513,6.4125,17.45,2.0,0.0,0.06666666666666667,0.0,0.06666666666666667,0.37305555555555553,21.0,2.4329540887981755,0.15714285714285714,3.3,1.0,0.0,0.0,0.4666666666666667,-1.4,-3.0233333333333334,1.0,0.0,2.0,0.0,3.0,21.016666666666666,0.0,0.0,1.0,0.0,3.0,20.483333333333334,1.0,0.0,2.0,1.25,2.0,1.1,1.0,0.0,6.0,11.766666666666666,24.0,3.1333333333333333
west_heavy_seed1,west_heavy,1,676.25,691.25,60.0,6.626648975997342,2.1566666666666667,6.0,25.75,2.0,12.022126361161328,0.0,0.0,0.0,2.0,0.13333333333333333,0.0,0.0,0.0,2.0,10.484680201570498,0.0,0.0,0.0,2.0,0.13333333333333333,0.06666666666666667,-0.06666666666666667,-2.2766666666666664,3.0,1.9546212802543181,16.349999999999998,49.05,1.0,0.0,0.13333333333333333,0.0,0.0,-1.18,2.0,13.735014615778558,0.0,0.0,0.0,2.0,0.13333333333333333,0.0,0.0,0.0,2.0,11.648020172517372,0.0,0.0,0.0,2.0,0.13333333333333333,0.06666666666666667,-0.06666666666666667,-2.4099999999999997,2.0,1.64814581393277,23.725,47.45,1.0,0.0,0.06666666666666667,0.0,0.0,-0.5816666666666668,2.0,12.431672845041255,0.0,0.0,0.0,2.0,0.13333333333333333,0.0,0.0,0.0,2.0,13.600676588429192,0.0,0.0,0.0,0.0,0.13333333333333333,0.0,0.0,0.0,2.0,12.76774197410069,0.0,0.0,0.0,0.0,0.13333333333333333,0.0,0.0,0.0,2.0,8.955196859322545,0.0,0.0,0.0,2.0,0.13333333333333333,0.13333333333333333,0.0,0.0,5.0,1.1979498802173898,5.72,18.45,3.0,0.0,0.13333333333333333,0.0,0.13333333333333333,0.30466666666666664,21.0,2.418124046262812,0.20476190476190476,4.3,1.0,0.0,0.0,0.4666666666666667,-1.2666666666666666,-2.7306349206349205,0.0,0.0,1.0,0.0,3.0,21.349999999999998,0.0,0.0,0.0,0.0,3.0,20.816666666666666,0.0,0.0,2.0,1.75,2.0,1.6,1.0,0.0,6.0,12.266666666666666,25.0,3.432
west_heavy_seed1,west_heavy,1,677.25,692.25,61.0,6.935908386669178,2.2254098360655736,7.0,24.75,2.0,12.016930924692119,0.0,0.0,0.0,2.0,0.13333333333333333,0.0,0.0,0.0,2.0,10.46431277112092,0.0,0.0,0.0,2.0,0.13333333333333333,0.06666666666666667,-0.06666666666666667,-2.3433333333333333,3.0,3.3356532190542634,16.683333333333334,50.05,1.0,0.0,0.13333333333333333,0.0,0.0,-1.2244444444444442,2.0,13.710313519082478,0.0,0.0,0.0,2.0,0.13333333333333333,0.0,0.0,0.0,2.0,11.643560399652944,0.0,0.0,0.0,2.0,0.13333333333333333,0.06666666666666667,-0.06666666666666667,-2.4766666666666666,3.0,2.8914622121824958,16.150000000000002,48.45,1.0,0.0,0.13333333333333333,0.0,0.0,-1.1533333333333333,2.0,12.420433252520734,0.0,0.0,0.0,2.0,0.13333333333333333,0.0,0.0,0.0,2.0,13.563183282439066,0.0,0.0,0.0,0.0,0.13333333333333333,0.0,0.0,0.0,2.0,12.722001621202786,0.0,0.0,0.0,0.0,0.13333333333333333,0.0,0.0,0.0,2.0,10.929313683006537,0.0,0.0,0.0,2.0,0.13333333333333333,0.13333333333333333,-0.06666666666666667,-0.028333333333333332,5.0,2.067103358211629,6.319999999999999,19.45,3.0,0.0,0.13333333333333333,0.0,0.13333333333333333,0.3224444444444444,21.0,2.398288650875179,0.26904761904761904,5.3,2.0,0.0,0.0,0.4,-1.1333333333333333,-2.7034215167548505,0.0,0.0,1.0,0.0,3.0,21.683333333333334,0.0,0.0,0.0,0.0,3.0,21.150000000000002,0.0,0.0,2.0,2.25,2.0,2.1,1.0,0.0,6.0,12.766666666666666,25.0,3.88
west_heavy_seed1,west_heavy,1,678.25,693.25,60.0,7.225372880686782,2.379166666666667,7.0,23.75,2.0,12.001348161791846,0.0,0.0,0.0,2.0,0.13333333333333333,0.0,0.0,0.0,2.0,10.444984162897136,0.0,0.0,0.0,2.0,0.13333333333333333,0.06666666666666667,-0.06666666666666667,-2.4099999999999997,3.0,4.710786667861354,17.016666666666666,51.05,1.0,0.0,0.13333333333333333,0.0,0.0,-1.2688888888888887,2.0,13.749868929176223,0.0,0.0,0.0,2.0,0.13333333333333333,0.0,0.0,0.0,2.0,11.640581847339313,0.0,0.0,0.0,2.0,0.13333333333333333,0.06666666666666667,-0.06666666666666667,-2.5433333333333334,3.0,4.086364380281853,16.483333333333334,49.45,1.0,0.0,0.13333333333333333,0.0,0.0,-1.1977777777777778,2.0,12.445446408741052,0.0,0.0,0.0,2.0,0.13333333333333333,0.0,0.0,0.0,2.0,13.560735229415638,0.0,0.0,0.0,0.0,0.13333333333333333,0.0,0.0,0.0,2.0,12.709543994786205,0.0,0.0,0.0,0.0,0.13333333333333333,0.0,0.0,0.0,2.0,12.914062478482421,0.0,0.0,0.0,2.0,0.13333333333333333,0.13333333333333333,-0.06666666666666667,-0.06166666666666667,5.0,2.938486741515127,6.92,20.45,3.0,0.0,0.13333333333333333,0.0,0.13333333333333333,0.34022222222222226,21.0,2.345720302569408,0.3642857142857143,6.3,2.0,0.0,0.0,0.3333333333333333,-1.0,-2.4955860805860803,0.0,0.0,0.0,0.0,3.0,22.016666666666666,0.0,0.0,0.0,0.0,3.0,21.483333333333334,0.0,0.0,2.0,3.05,2.0,2.6,1.0,0.0,6.0,13.266666666666666,26.0,4.198076923076924
west_heavy_seed1,west_heavy,1,679.25,694.25,60.0,7.522338687092272,2.495833333333333,7.0,22.75,2.0,11.997542648707842,0.0,0.0,0.0,2.0,0.13333333333333333,0.0,0.0,0.0,2.0,10.455089007231727,0.0,0.0,0.0,2.0,0.13333333333333333,0.06666666666666667,-0.06666666666666667,-2.4766666666666666,3.0,6.002186373015668,17.349999999999998,52.05,1.0,0.0,0.13333333333333333,0.0,0.0,-1.3133333333333332,2.0,13.699296059399707,0.0,0.0,0.0,2.0,0.13333333333333333,0.0,0.0,0.0,2.0,11.591880637459976,0.0,0.0,0.0,2.0,0.13333333333333333,0.06666666666666667,-0.06666666666666667,-2.61,3.0,5.281967754155224,16.816666666666666,50.45,1.0,0.0,0.13333333333333333,0.0,0.0,-1.2422222222222223,2.0,12.422308017885769,0.0,0.0,0.0,2.0,0.13333333333333333,0.0,0.0,0.0,2.0,13.611725053464,0.0,0.0,0.0,0.0,0.13333333333333333,0.0,0.0,0.0,2.0,12.714377549264567,0.0,0.0,0.0,0.0,0.13333333333333333,0.0,0.0,0.0,2.0,14.891212042900452,0.0,0.0,0.0,2.0,0.13333333333333333,0.13333333333333333,-0.06666666666666667,-0.095,5.0,3.763678654090996,7.5200000000000005,21.45,3.0,0.0,0.13333333333333333,0.0,0.13333333333333333,0.35800000000000004,21.0,2.2564173665078484,0.45952380952380956,7.3,2.0,0.0,0.0,0.26666666666666666,-0.8666666666666667,-2.277231746031746,0.0,0.0,0.0,0.0,3.0,22.349999999999998,0.0,0.0,0.0,0.0,3.0,21.816666666666666,0.0,0.0,2.0,4.05,2.0,3.35,1.0,0.0,6.0,13.766666666666666,26.0,4.698076923076924
west_heavy_seed1,west_heavy,1,680.25,695.25,58.0,7.605354421792007,2.7120689655172416,8.0,21.75,2.0,12.01584356428937,0.0,0.0,0.0,2.0,0.13333333333333333,0.0,0.0,0.0,2.0,10.455209575832194,0.0,0.0,0.0,2.0,0.13333333333333333,0.06666666666666667,-0.06666666666666667,-2.5433333333333334,3.0,7.422815162504487,17.683333333333334,53.05,1.0,0.0,0.13333333333333333,0.0,0.0,-1.3577777777777775,2.0,13.745820040711182,0.0,0.0,0.0,2.0,0.13333333333333333,0.0,0.0,0.0,2.0,11.615557258581712,0.0,0.0,0.0,2.0,0.13333333333333333,0.06666666666666667,-0.06666666666666667,-2.6766666666666667,3.0,6.391802780396024,17.150000000000002,51.45,1.0,0.0,0.13333333333333333,0.0,0.0,-1.2866666666666666,2.0,12.435208287183418,0.0,0.0,0.0,2.0,0.13333333333333333,0.0,0.0,0.0,2.0,13.576142923323024,0.0,0.0,0.0,0.0,0.13333333333333333,0.0,0.0,0.0,2.0,12.729882014440708,0.0,0.0,0.0,0.0,0.13333333333333333,0.0,0.0,0.0,2.0,16.117951493163932,0.0,0.0,0.0,2.0,0.13333333333333333,0.13333333333333333,-0.06666666666666667,-0.12833333333333333,5.0,4.5062313937482354,8.120000000000001,22.45,3.0,0.0,0.13333333333333333,0.0,0.13333333333333333,0.3757777777777778,21.0,2.1608038265429674,0.580952380952381,8.3,3.0,0.0,0.0,0.2,-0.6666666666666666,-2.038769841269841,0.0,0.0,0.0,0.0,3.0,22.683333333333334,0.0,0.0,0.0,0.0,3.0,22.150000000000002,0.0,0.0,2.0,5.05,2.0,4.35,1.0,0.0,6.0,14.424999999999999,26.0,5.226923076923077
west_heavy_seed1,west_heavy,1,681.25,696.25,57.0,7.648628734212052,2.9061403508771932,9.0,20.75,2.0,12.007315333401397,0.0,0.0,0.0,2.0,0.13333333333333333,0.0,0.0,0.0,2.0,10.446168466632116,0.0,0.0,0.0,2.0,0.13333333333333333,0.06666666666666667,-0.06666666666666667,-2.61,3.0,8.495444629221597,18.016666666666666,54.05,1.0,0.0,0.13333333333333333,0.0,0.0,-1.402222222222222,2.0,13.744112004487175,0.0,0.0,0.0,2.0,0.13333333333333333,0.0,0.0,0.0,2.0,11.650026425462055,0.0,0.0,0.0,2.0,0.13333333333333333,0.06666666666666667,-0.06666666666666667,-2.743333333333333,3.0,7.519733080579971,17.483333333333334,52.45,1.0,0.0,0.13333333333333333,0.0,0.0,-1.3311111111111111,2.0,12.438900296961997,0.0,0.0,0.0,2.0,0.13333333333333333,0.0,0.0,0.0,2.0,13.569528399717349,0.0,0.0,0.0,0.0,0.13333333333333333,0.0,0.0,0.0,2.0,12.733409966306283,0.0,0.0,0.0,0.0,0.13333333333333333,0.0,0.0,0.0,2.0,16.183205600598605,0.0,0.0,0.0,2.0,0.13333333333333333,0.13333333333333333,-0.06666666666666667,-0.16166666666666665,5.0,5.303942874293278,8.72,23.45,3.0,0.0,0.13333333333333333,0.0,0.13333333333333333,0.3935555555555556,21.0,2.0458626642100577,0.7404761904761905,9.3,4.0,0.0,0.0,0.2,-0.5333333333333333,-1.8823015873015871,0.0,0.0,0.0,0.0,3.0,23.349999999999998,0.0,0.0,0.0,0.0,3.0,22.483333333333334,0.0,0.0,2.0,6.05,2.0,5.35,1.0,0.0,6.0,15.15,27.0,5.557407407407408
west_heavy_seed1,west_heavy,1,682.25,697.25,58.0,7.529131512378023,3.011206896551724,9.0,19.75,2.0,11.994069399219242,0.0,0.0,0.0,2.0,0.13333333333333333,0.0,0.0,0.0,2.0,10.503040878088473,0.0,0.0,0.0,2.0,0.13333333333333333,0.06666666666666667,-0.06666666666666667,-2.6766666666666667,3.0,8.597062990528451,18.349999999999998,55.05,1.0,0.0,0.13333333333333333,0.0,0.0,-1.4466666666666665,2.0,13.734389903164914,0.0,0.0,0.0,2.0,0.13333333333333333,0.0,0.0,0.0,2.0,11.612983579976794,0.0,0.0,0.0,2.0,0.13333333333333333,0.06666666666666667,-0.06666666666666667,-2.81,3.0,7.697517033036166,17.816666666666666,53.45,1.0,0.0,0.13333333333333333,0.0,0.0,-1.3755555555555559,2.0,12.417531336694715,0.0,0.0,0.0,2.0,0.13333333333333333,0.0,0.0,0.0,2.0,13.54292820832872,0.0,0.0,0.0,0.0,0.13333333333333333,0.0,0.0,0.0,2.0,12.717075913306896,0.0,0.0,0.0,0.0,0.13333333333333333,0.0,0.0,0.0,2.0,16.27339751938212,0.0,0.0,0.0,2.0,0.13333333333333333,0.13333333333333333,-0.06666666666666667,-0.19499999999999998,5.0,5.357473354555368,9.32,24.45,3.0,0.0,0.13333333333333333,0.0,0.06666666666666667,0.4068888888888889,22.0,1.9311980684778205,0.8886363636363637,10.3,4.0,0.0,0.06666666666666667,0.13333333333333333,-0.4,-1.6148155467720684,0.0,0.0,0.0,0.0,3.0,24.016666666666666,0.0,0.0,0.0,0.0,3.0,22.816666666666666,0.0,0.0,2.0,7.05,2.0,6.35,1.0,0.0,6.0,15.983333333333334,27.0,6.131481481481482
west_heavy_seed1,west_heavy,1,683.25,698.25,57.0,7.435248677957518,3.2219298245614034,9.0,18.75,2.0,11.989301910644027,0.0,0.0,0.0,2.0,0.13333333333333333,0.0,0.0,0.0,2.0,10.498180435683475,0.0,0.0,0.0,2.0,0.13333333333333333,0.06666666666666667,-0.06666666666666667,-2.743333333333333,3.0,8.69690605561019,18.683333333333334,56.05,1.0,0.0,0.13333333333333333,0.0,0.0,-1.4911111111111108,2.0,13.766906583962477,0.0,0.0,0.0,2.0,0.13333333333333333,0.0,0.0,0.0,2.0,11.628152702975015,0.0,0.0,0.0,2.0,0.13333333333333333,0.06666666666666667,-0.06666666666666667,-2.8766666666666665,3.0,7.754988491237817,18.150000000000002,54.45,1.0,0.0,0.13333333333333333,0.0,0.0,-1.4200000000000002,2.0,12.428218620989231,0.0,0.0,0.0,2.0,0.13333333333333333,0.0,0.0,0.0,2.0,13.569694105908095,0.0,0.0,0.0,0.0,0.13333333333333333,0.0,0.0,0.0,2.0,12.709809259926072,0.0,0.0,0.0,0.0,0.13333333333333333,0.0,0.0,0.0,2.0,16.38979671536682,0.0,0.0,0.0,2.0,0.13333333333333333,0.13333333333333333,-0.06666666666666667,-0.22833333333333333,5.0,5.398031418182674,9.92,25.45,3.0,0.0,0.13333333333333333,0.0,0.06666666666666667,0.4024444444444445,22.0,1.7978712866382849,1.0704545454545455,11.3,4.0,0.0,0.06666666666666667,0.06666666666666667,-0.3333333333333333,-1.5151515151515151,0.0,0.0,0.0,0.0,3.0,24.916666666666668,0.0,0.0,0.0,0.0,3.0,23.266666666666666,0.0,0.0,2.0,8.05,2.0,7.35,1.0,0.0,6.0,16.816666666666666,27.0,6.72962962962963
west_heavy_seed1,west_heavy,1,684.25,699.25,57.0,7.249082270962192,3.3956140350877195,10.0,17.75,2.0,11.98013395408191,0.0,0.0,0.0,2.0,0.13333333333333333,0.0,0.0,0.0,2.0,10.431576927448837,0.0,0.0,0.0,2.0,0.13333333333333333,0.06666666666666667,-0.06666666666666667,-2.81,3.0,8.727066020031868,19.016666666666666,57.05,1.0,0.0,0.13333333333333333,0.0,0.0,-1.5355555555555553,2.0,13.708359980901218,0.0,0.0,0.0,2.0,0.13333333333333333,0.0,0.0,0.0,2.0,11.61298235899836,0.0,0.0,0.0,2.0,0.13333333333333333,0.06666666666666667,-0.06666666666666667,-2.9433333333333334,3.0,7.7997788406896404,18.483333333333334,55.45,1.0,0.0,0.13333333333333333,0.0,0.0,-1.4644444444444447,2.0,12.400346082646275,0.0,0.0,0.0,2.0,0.13333333333333333,0.0,0.0,0.0,2.0,13.585986864003171,0.0,0.0,0.0,0.0,0.13333333333333333,0.0,0.0,0.0,2.0,12.742096953173505,0.0,0.0,0.0,0.0,0.13333333333333333,0.0,0.0,0.0,2.0,16.38793143222742,0.0,0.0,0.0,2.0,0.13333333333333333,0.13333333333333333,-0.06666666666666667,-0.26166666666666666,5.0,5.418590345433398,10.52,26.45,3.0,0.0,0.13333333333333333,0.0,0.06666666666666667,0.39799999999999996,23.0,1.6820563993069229,1.2369565217391305,12.3,5.0,0.0,0.13333333333333333,0.06666666666666667,-0.13333333333333333,-1.1469301712779973,0.0,0.0,0.0,0.0,3.0,25.916666666666668,0.0,0.0,0.0,0.0,3.0,23.950000000000003,0.0,0.0,2.0,9.05,2.0,8.35,1.0,0.0,6.0,17.650000000000002,28.0,7.096428571428572
west_heavy_seed1,west_heavy,1,685.25,700.25,57.0,7.202744278651932,3.5780701754385964,11.0,16.75,2.0,11.994701693703563,0.0,0.0,0.0,2.0,0.13333333333333333,0.0,0.0,0.0,2.0,10.455066044439217,0.0,0.0,0.0,2.0,0.13333333333333333,0.06666666666666667,-0.06666666666666667,-2.8766666666666665,3.0,8.766730556852282,19.349999999999998,58.05,1.0,0.0,0.13333333333333333,0.0,0.0,-1.5799999999999998,2.0,13.733612709964722,0.0,0.0,0.0,2.0,0.13333333333333333,0.0,0.0,0.0,2.0,11.596860484203724,0.0,0.0,0.0,2.0,0.13333333333333333,0.06666666666666667,-0.06666666666666667,-3.01,3.0,7.843165088800163,18.816666666666666,56.45,1.0,0.0,0.13333333333333333,0.0,0.0,-1.5088888888888892,2.0,12.446372292420934,0.0,0.0,0.0,2.0,0.13333333333333333,0.0,0.0,0.0,2.0,13.30625038409217,0.0,0.0,0.0,0.0,0.13333333333333333,0.0,0.0,0.0,2.0,12.711766093744302,0.0,0.0,0.0,0.0,0.13333333333333333,0.0,0.0,0.0,2.0,16.50631571110948,0.0,0.0,0.0,2.0,0.13333333333333333,0.13333333333333333,-0.06666666666666667,-0.295,5.0,5.444493483333737,11.12,27.45,3.0,0.0,0.13333333333333333,0.0,0.06666666666666667,0.39355555555555555,23.0,1.5654117729721846,1.4717391304347827,13.3,6.0,0.0,0.13333333333333333,0.0,0.0,-1.0141062801932368,0.0,0.0,0.0,0.0,3.0,26.916666666666668,0.0,0.0,0.0,0.0,3.0,24.950000000000003,0.0,0.0,2.0,10.05,2.0,9.35,1.0,0.0,6.0,18.483333333333334,28.0,7.732142857142857
west_heavy_seed1,west_heavy,1,686.25,701.25,56.0,6.925229083065085,3.85,12.0,15.75,2.0,11.982054001199904,0.0,0.0,0.0,2.0,0.13333333333333333,0.0,0.0,0.0,2.0,10.478216072214963,0.0,0.0,0.0,2.0,0.13333333333333333,0.06666666666666667,-0.06666666666666667,-2.9433333333333334,3.0,8.824853484539766,19.683333333333334,59.05,1.0,0.0,0.13333333333333333,0.0,0.0,-1.6244444444444441,2.0,13.728905322784772,0.0,0.0,0.0,2.0,0.13333333333333333,0.0,0.0,0.0,2.0,11.629647844383946,0.0,0.0,0.0,2.0,0.13333333333333333,0.06666666666666667,-0.06666666666666667,-3.0766666666666667,3.0,7.864667369032003,19.150000000000002,57.45,1.0,0.0,0.13333333333333333,0.0,0.0,-1.5533333333333335,2.0,12.433469361661343,0.0,0.0,0.0,2.0,0.13333333333333333,0.0,0.0,0.0,2.0,10.598151564140098,0.0,0.0,0.0,0.0,0.13333333333333333,0.0,0.0,0.0,2.0,10.79165411109662,0.0,0.0,0.0,0.0,0.13333333333333333,0.0,0.0,0.0,2.0,16.36102879758633,0.0,0.0,0.0,2.0,0.13333333333333333,0.13333333333333333,-0.06666666666666667,-0.3283333333333333,5.0,5.471809631752332,11.719999999999999,28.45,3.0,0.0,0.13333333333333333,0.0,0.06666666666666667,0.3891111111111111,23.0,1.4502932358887017,1.7608695652173914,14.3,7.0,0.0,0.13333333333333333,0.0,0.2,-0.6200690131124914,0.0,0.0,0.0,0.0,3.0,27.916666666666668,0.0,0.0,0.0,0.0,3.0,25.950000000000003,0.0,0.0,2.0,11.05,2.0,10.35,0.0,0.0,6.0,19.316666666666666,28.0,8.392857142857142
west_heavy_seed1,west_heavy,1,687.25,702.25,55.0,6.259162802327551,4.1490909090909085,13.0,14.75,2.0,11.981322154199399,0.0,0.0,0.0,2.0,0.13333333333333333,0.0,0.0,0.0,2.0,10.476193195079706,0.0,0.0,0.0,2.0,0.13333333333333333,0.06666666666666667,0.0,0.0,3.0,8.836026940539655,20.016666666666666,60.05,1.0,0.0,0.13333333333333333,0.0,0.0,-1.6688888888888889,1.0,12.469818675352725,0.0,0.0,0.0,2.0,0.06666666666666667,0.0,0.0,0.0,2.0,11.601571230670746,0.0,0.0,0.0,2.0,0.13333333333333333,0.06666666666666667,0.0,0.0,3.0,7.896055379076295,19.483333333333334,58.45,1.0,0.0,0.13333333333333333,0.0,0.0,-1.597777777777778,1.0,10.988485621970595,0.0,0.0,0.0,2.0,0.06666666666666667,0.0,0.0,0.0,2.0,6.344814796376003,0.0,0.0,0.0,0.0,0.13333333333333333,0.0,0.0,0.0,2.0,8.020181829947385,0.0,0.0,0.0,0.0,0.13333333333333333,0.0,0.0,0.0,1.0,14.10097519574761,0.0,0.0,0.0,2.0,0.06666666666666667,0.13333333333333333,0.0,0.0,5.0,4.662386194021262,12.319999999999999,29.45,3.0,0.0,0.13333333333333333,0.0,0.06666666666666667,0.3846666666666666,23.0,1.3204950594753293,2.091304347826087,15.3,8.0,0.0,0.13333333333333333,0.0,0.26666666666666666,-0.4174051069703244,0.0,0.0,0.0,0.0,3.0,28.916666666666668,0.0,0.0,0.0,0.0,3.0,26.950000000000003,0.0,0.0,2.0,12.05,2.0,11.35,0.0,0.0,6.0,20.150000000000002,28.0,9.071428571428571
west_heavy_seed1,west_heavy,1,688.25,703.25,56.0,5.706945903726296,4.321428571428571,16.0,13.75,2.0,11.97797051996983,0.0,0.0,0.0,2.0,0.13333333333333333,0.0,0.0,0.0,2.0,10.462506985563852,0.0,0.0,0.0,2.0,0.13333333333333333,0.0,0.0,0.0,3.0,7.615180767290771,20.349999999999998,61.05,1.0,0.0,0.13333333333333333,0.0,0.0,-1.7133333333333334,1.0,11.552328461718936,0.0,0.0,0.0,2.0,0.06666666666666667,0.0,0.0,0.0,2.0,11.604880886318728,0.0,0.0,0.0,2.0,0.13333333333333333,0.0,0.0,0.0,3.0,7.89124810163279,19.816666666666666,59.45,1.0,0.0,0.13333333333333333,0.0,0.0,-1.6422222222222225,1.0,10.98117918105282,0.0,0.0,0.0,2.0,0.06666666666666667,0.0,0.0,0.0,2.0,3.1826628066483282,0.25,0.5,1.0,0.0,0.13333333333333333,0.0,0.06666666666666667,0.016666666666666666,2.0,5.071654374060441,0.1,0.2,1.0,0.0,0.13333333333333333,0.0,0.06666666666666667,0.006666666666666667,0.0,0.0,0.0,0.0,0.0,2.0,0.0,0.06666666666666667,0.0,0.0,5.0,3.546437372077347,12.919999999999998,30.45,3.0,0.0,0.13333333333333333,0.0,0.06666666666666667,0.38022222222222213,24.0,1.2290265109727134,2.341666666666667,16.3,9.0,0.0,0.2,0.0,0.4,-0.21976190476190477,0.0,0.0,0.0,0.0,3.0,29.916666666666668,0.0,0.0,0.0,0.0,3.0,27.950000000000003,0.0,0.0,2.0,13.05,2.0,12.35,1.0,0.0,7.0,17.985714285714288,28.0,9.766071428571427
west_heavy_seed1,west_heavy,1,690.25,705.25,56.0,4.7929530865888905,4.910714285714286,17.0,11.75,1.0,9.83489136870571,0.0,0.0,0.0,2.0,0.06666666666666667,0.06666666666666667,0.0,0.0,2.0,10.497624714174647,0.0,0.0,0.0,2.0,0.06666666666666667,0.0,0.0,0.0,3.0,4.242447489544045,21.016666666666666,63.05,1.0,0.0,0.06666666666666667,0.0,0.0,-0.20055555555555551,0.0,0.0,0.0,0.0,0.0,2.0,0.0,0.06666666666666667,0.0,0.0,1.0,11.631288934802209,0.0,0.0,0.0,2.0,0.06666666666666667,0.06666666666666667,0.0,0.0,3.0,5.893894822824155,20.483333333333334,61.45,1.0,0.0,0.06666666666666667,0.0,0.0,-0.18277777777777782,1.0,11.005337102272064,0.0,0.0,0.0,2.0,0.0,0.06666666666666667,0.0,0.0,2.0,0.8165272983212493,1.25,2.5,1.0,0.0,0.0,0.0,0.06666666666666667,0.08333333333333333,2.0,1.9287790559499634,1.1,2.2,1.0,0.0,0.0,0.0,0.06666666666666667,0.07333333333333333,1.0,15.039220103647565,0.0,0.0,0.0,2.0,0.06666666666666667,0.06666666666666667,0.0,0.0,6.0,2.0205546886266474,11.766666666666666,32.45,3.0,0.0,0.13333333333333333,0.0,0.06666666666666667,0.3569444444444444,24.0,1.0127364928200786,3.1333333333333333,18.3,10.0,0.0,0.2,0.0,0.6,0.19841269841269843,0.0,0.0,0.0,0.0,3.0,5.8999999999999995,0.0,0.0,0.0,0.0,3.0,4.466666666666666,0.0,0.0,2.0,15.05,2.0,14.35,2.0,0.0,8.0,16.9875,28.0,11.237499999999999
west_heavy_seed1,west_heavy,1,691.25,706.25,56.0,4.3584218204555105,5.2250000000000005,18.0,10.75,0.0,0.0,0.0,0.0,0.0,2.0,0.0,0.13333333333333333,0.0,0.0,1.0,10.504584835315903,0.0,0.0,0.0,2.0,0.0,0.06666666666666667,0.0,0.0,3.0,2.906110675356804,21.349999999999998,64.05,1.0,0.0,0.0,0.0,0.0,0.3333333333333333,0.0,0.0,0.0,0.0,0.0,2.0,0.0,0.13333333333333333,0.0,0.0,0.0,0.0,0.0,0.0,0.0,2.0,0.0,0.13333333333333333,0.0,0.0,3.0,4.5027202629525185,20.816666666666666,62.45,1.0,0.0,0.06666666666666667,0.0,0.0,-0.193888888888889,0.0,0.0,0.0,0.0,0.0,2.0,0.0,0.13333333333333333,0.0,0.0,2.0,0.2863301865791698,1.75,3.5,1.0,0.0,0.0,0.0,0.06666666666666667,0.11666666666666667,2.0,0.8927504916628001,1.6,3.2,1.0,0.0,0.0,0.0,0.06666666666666667,0.10666666666666667,1.0,15.518799637773752,0.0,0.0,0.0,2.0,0.06666666666666667,0.13333333333333333,0.0,0.0,6.0,1.828146512522722,12.266666666666666,33.45,3.0,0.0,0.06666666666666667,0.0,0.0,0.4364444444444444,25.0,0.917189400412907,3.432,19.3,11.0,0.0,0.26666666666666666,0.0,0.6666666666666666,0.21514920634920634,0.0,0.0,0.0,0.0,2.0,0.0,0.0,0.0,0.0,0.0,2.0,0.0,0.0,0.0,2.0,16.05,2.0,15.35,2.0,0.0,8.0,17.6125,28.0,12.0
west_heavy_seed1,west_heavy,1,692.25,707.25,54.0,3.9074864448028603,5.7555555555555555,19.0,9.75,0.0,0.0,0.0,0.0,0.0,2.0,0.0,0.13333333333333333,0.0,0.0,1.0,10.450574581435147,0.0,0.0,0.0,2.0,0.0,0.06666666666666667,0.0,0.0,3.0,1.851505385953268,21.683333333333334,65.05,1.0,0.0,0.0,0.0,0.0,0.3333333333333333,0.0,0.0,0.0,0.0,0.0,2.0,0.0,0.13333333333333333,0.0,0.0,0.0,0.0,0.0,0.0,0.0,2.0,0.0,0.13333333333333333,0.0,0.0,3.0,3.25602829964758,21.150000000000002,63.45,1.0,0.0,0.0,0.0,0.0,0.3333333333333333,0.0,0.0,0.0,0.0,0.0,2.0,0.0,0.13333333333333333,0.0,0.0,2.0,0.08761040544964482,2.25,4.5,1.0,0.0,0.0,0.0,0.06666666666666667,0.15,2.0,0.31955595954885496,2.1,4.2,1.0,0.0,0.0,0.0,0.06666666666666667,0.14,1.0,15.465182803446174,0.0,0.0,0.0,2.0,0.06666666666666667,0.13333333333333333,0.0,0.0,6.0,1.76647945222574,12.766666666666666,34.45,3.0,0.0,0.06666666666666667,0.0,0.0,0.42977777777777776,25.0,0.8369249021365084,3.88,20.3,12.0,0.0,0.26666666666666666,0.0,0.6666666666666666,0.24073015873015874,0.0,0.0,0.0,0.0,2.0,0.0,0.0,0.0,0.0,0.0,2.0,0.0,0.0,0.0,2.0,17.05,2.0,16.35,2.0,0.0,8.0,18.35625,28.0,12.791071428571428
west_heavy_seed1,west_heavy,1,693.25,708.25,55.0,3.756135242512001,6.01,21.0,8.75,0.0,0.0,0.0,0.0,0.0,2.0,0.0,0.13333333333333333,0.0,0.0,0.0,0.0,0.0,0.0,0.0,2.0,0.0,0.13333333333333333,0.0,0.0,3.0,1.1007093369589211,22.016666666666666,66.05,1.0,0.0,0.0,0.0,0.0,0.3333333333333333,0.0,0.0,0.0,0.0,0.0,2.0,0.0,0.13333333333333333,0.0,0.0,0.0,0.0,0.0,0.0,0.0,2.0,0.0,0.13333333333333333,0.0,0.0,3.0,2.241016955787542,21.483333333333334,64.45,1.0,0.0,0.0,0.0,0.0,0.3333333333333333,0.0,0.0,0.0,0.0,0.0,2.0,0.0,0.13333333333333333,0.0,0.0,2.0,0.024485641657385628,3.05,5.5,2.0,0.0,0.0,0.0,0.13333333333333333,0.2033333333333333,2.0,0.09986887609995475,2.6,5.2,1.0,0.0,0.0,0.0,0.06666666666666667,0.17333333333333334,1.0,15.456223407903433,0.0,0.0,0.0,2.0,0.06666666666666667,0.13333333333333333,0.0,0.0,6.0,1.8544752136942553,13.266666666666666,35.45,3.0,0.0,0.06666666666666667,0.0,0.0,0.42311111111111105,26.0,0.772435826601487,4.198076923076924,21.3,13.0,0.0,0.3333333333333333,0.0,0.7333333333333333,0.2555860805860806,0.0,0.0,0.0,0.0,2.0,0.0,0.0,0.0,0.0,0.0,2.0,0.0,0.0,0.0,2.0,18.05,2.0,17.35,2.0,0.0,8.0,19.10625,28.0,13.612499999999999
west_heavy_seed1,west_heavy,1,694.25,709.25,55.0,3.7141331431997746,6.400909090909091,22.0,7.75,0.0,0.0,0.0,0.0,0.0,2.0,0.0,0.13333333333333333,0.0,0.0,0.0,0.0,0.0,0.0,0.0,2.0,0.0,0.13333333333333333,0.0,0.0,3.0,0.5828043335878351,22.349999999999998,67.05,1.0,0.0,0.0,0.0,0.0,0.3333333333333333,0.0,0.0,0.0,0.0,0.0,2.0,0.0,0.13333333333333333,0.0,0.0,0.0,0.0,0.0,0.0,0.0,2.0,0.0,0.13333333333333333,0.0,0.0,3.0,1.4123931783483303,21.816666666666666,65.45,1.0,0.0,0.0,0.0,0.0,0.3333333333333333,0.0,0.0,0.0,0.0,0.0,2.0,0.0,0.13333333333333333,0.0,0.0,2.0,0.006843168561262665,4.05,6.5,2.0,0.0,0.0,0.0,0.13333333333333333,0.26999999999999996,2.0,0.027963985483827686,3.35,6.2,2.0,0.0,0.0,0.0,0.13333333333333333,0.22333333333333333,1.0,15.412230979019522,0.0,0.0,0.0,2.0,0.06666666666666667,0.13333333333333333,0.0,0.0,6.0,2.046275762802988,13.766666666666666,36.45,3.0,0.0,0.06666666666666667,0.0,0.0,0.41644444444444434,26.0,0.7116711961108728,4.698076923076924,22.3,13.0,0.0,0.3333333333333333,0.0,0.7333333333333333,0.2825702075702076,0.0,0.0,0.0,0.0,1.0,0.0,0.0,0.0,0.0,0.0,1.0,0.0,0.0,0.0,2.0,19.05,2.0,18.35,2.0,0.0,8.0,19.85625,28.0,14.446428571428571
west_heavy_seed1,west_heavy,1,695.25,710.25,55.0,3.6956375940241513,6.831818181818182,24.0,6.75,0.0,0.0,0.0,0.0,0.0,2.0,0.0,0.13333333333333333,0.0,0.0,0.0,0.0,0.0,0.0,0.0,2.0,0.0,0.13333333333333333,0.0,0.0,3.0,0.2769787049822685,22.683333333333334,68.05,1.0,0.0,0.0,0.0,0.0,0.3333333333333333,0.0,0.0,0.0,0.0,0.0,2.0,0.0,0.13333333333333333,0.0,0.0,0.0,0.0,0.0,0.0,0.0,2.0,0.0,0.13333333333333333,0.0,0.0,3.0,0.8264243635943163,22.150000000000002,66.45,1.0,0.0,0.0,0.0,0.0,0.3333333333333333,0.0,0.0,0.0,0.0,0.0,2.0,0.0,0.13333333333333333,0.0,0.0,2.0,0.0019084490251929027,5.05,7.5,2.0,0.0,0.0,0.0,0.13333333333333333,0.33666666666666667,2.0,0.007801007642088581,4.35,7.2,2.0,0.0,0.0,0.0,0.13333333333333333,0.29,1.0,15.482528582574547,0.0,0.0,0.0,2.0,0.06666666666666667,0.13333333333333333,0.0,0.0,6.0,2.3216128518563006,14.424999999999999,37.45,4.0,0.0,0.06666666666666667,0.0,0.06666666666666667,0.42033333333333317,26.0,0.6405102625557872,5.226923076923077,23.3,14.0,0.0,0.3333333333333333,0.0,0.7333333333333333,0.30973137973137976,0.0,0.0,0.0,0.0,0.0,0.0,0.0,0.0,0.0,0.0,0.0,0.0,0.0,0.0,2.0,20.05,2.0,19.35,2.0,0.0,8.0,20.60625,28.0,15.303571428571429
west_heavy_seed1,west_heavy,1,696.25,711.25,56.0,3.6053197056148107,7.165178571428571,27.0,5.75,0.0,0.0,0.0,0.0,0.0,2.0,0.0,0.13333333333333333,0.0,0.0,0.0,0.0,0.0,0.0,0.0,2.0,0.0,0.13333333333333333,0.0,0.0,3.0,0.12009536935648817,23.349999999999998,69.05,2.0,0.0,0.0,0.0,0.06666666666666667,0.35555555555555546,0.0,0.0,0.0,0.0,0.0,2.0,0.0,0.13333333333333333,0.0,0.0,0.0,0.0,0.0,0.0,0.0,2.0,0.0,0.13333333333333333,0.0,0.0,3.0,0.4408718329973204,22.483333333333334,67.45,1.0,0.0,0.0,0.0,0.0,0.3333333333333333,0.0,0.0,0.0,0.0,0.0,2.0,0.0,0.13333333333333333,0.0,0.0,2.0,0.0005418604174055383,6.05,8.5,2.0,0.0,0.0,0.0,0.13333333333333333,0.4033333333333333,2.0,0.0021535010822595333,5.35,8.2,2.0,0.0,0.0,0.0,0.13333333333333333,0.35666666666666663,1.0,15.427548040335745,0.0,0.0,0.0,2.0,0.06666666666666667,0.13333333333333333,0.0,0.0,6.0,2.6473439832429455,15.15,38.45,5.0,0.0,0.06666666666666667,0.0,0.13333333333333333,0.42866666666666664,27.0,0.5633592294232407,5.557407407407408,24.3,15.0,0.0,0.4,0.0,0.7333333333333333,0.3211287477954145,0.0,0.0,0.0,0.0,0.0,0.0,0.0,0.0,0.0,0.0,0.0,0.0,0.0,0.0,2.0,21.05,2.0,20.35,2.0,0.0,8.0,21.35625,28.0,16.18392857142857
west_heavy_seed1,west_heavy,1,697.25,712.25,56.0,3.5799715394959764,7.65625,28.0,4.75,0.0,0.0,0.0,0.0,0.0,2.0,0.0,0.13333333333333333,0.0,0.0,0.0,0.0,0.0,0.0,0.0,2.0,0.0,0.13333333333333333,0.0,0.0,3.0,0.04918522771940298,24.016666666666666,70.05,2.0,0.0,0.0,0.0,0.06666666666666667,0.3777777777777779,0.0,0.0,0.0,0.0,0.0,2.0,0.0,0.13333333333333333,0.0,0.0,0.0,0.0,0.0,0.0,0.0,2.0,0.0,0.13333333333333333,0.0,0.0,3.0,0.21263832812902272,22.816666666666666,68.45,1.0,0.0,0.0,0.0,0.0,0.3333333333333333,0.0,0.0,0.0,0.0,0.0,2.0,0.0,0.13333333333333333,0.0,0.0,2.0,0.0001496911945649787,7.05,9.5,2.0,0.0,0.0,0.0,0.13333333333333333,0.47,2.0,0.0006131734217592824,6.35,9.2,2.0,0.0,0.0,0.0,0.13333333333333333,0.4233333333333333,1.0,15.517680295461535,0.0,0.0,0.0,2.0,0.06666666666666667,0.13333333333333333,0.0,0.0,6.0,2.6496054404143212,15.983333333333334,39.45,5.0,0.0,0.06666666666666667,0.0,0.13333333333333333,0.44422222222222224,27.0,0.533751891001659,6.131481481481482,25.3,16.0,0.0,0.3333333333333333,0.0,0.8,0.3495230078563412,0.0,0.0,0.0,0.0,0.0,0.0,0.0,0.0,0.0,0.0,0.0,0.0,0.0,0.0,2.0,22.05,2.0,21.35,2.0,0.0,8.0,22.106250000000003,28.0,17.101785714285715
west_heavy_seed1,west_heavy,1,698.25,713.25,56.0,3.5408956317958307,8.17767857142857,31.0,3.75,0.0,0.0,0.0,0.0,0.0,2.0,0.0,0.13333333333333333,0.0,0.0,0.0,0.0,0.0,0.0,0.0,2.0,0.0,0.13333333333333333,0.0,0.0,3.0,0.01940927570031936,24.916666666666668,71.05,3.0,0.0,0.0,0.0,0.13333333333333333,0.4155555555555556,0.0,0.0,0.0,0.0,0.0,2.0,0.0,0.13333333333333333,0.0,0.0,0.0,0.0,0.0,0.0,0.0,2.0,0.0,0.13333333333333333,0.0,0.0,3.0,0.09861469905336727,23.266666666666666,69.45,2.0,0.0,0.0,0.0,0.06666666666666667,0.3411111111111109,0.0,0.0,0.0,0.0,0.0,2.0,0.0,0.13333333333333333,0.0,0.0,2.0,4.268066865275206e-05,8.05,10.5,2.0,0.0,0.0,0.0,0.13333333333333333,0.5366666666666667,2.0,0.0001725647639271796,7.35,10.2,2.0,0.0,0.0,0.0,0.13333333333333333,0.49,1.0,15.414824958434075,0.0,0.0,0.0,2.0,0.06666666666666667,0.13333333333333333,0.0,0.0,6.0,2.644614842972185,16.816666666666666,40.45,5.0,0.0,0.06666666666666667,0.0,0.13333333333333333,0.4597777777777778,27.0,0.47776759867611013,6.72962962962963,26.3,17.0,0.0,0.3333333333333333,0.0,0.8666666666666667,0.3772783389450057,0.0,0.0,0.0,0.0,0.0,0.0,0.0,0.0,0.0,0.0,0.0,0.0,0.0,0.0,2.0,23.05,2.0,22.35,2.0,0.0,8.0,22.856250000000003,28.0,18.057142857142857
west_heavy_seed1,west_heavy,1,699.25,714.25,56.0,3.2239562146548146,8.732142857142858,32.0,2.75,0.0,0.0,0.0,0.0,0.0,2.0,0.0,0.13333333333333333,0.0,0.0,0.0,0.0,0.0,0.0,0.0,2.0,0.0,0.13333333333333333,0.0,0.0,3.0,0.007743180762431044,25.916666666666668,72.05,3.0,0.0,0.0,0.0,0.13333333333333333,0.46000000000000013,0.0,0.0,0.0,0.0,0.0,2.0,0.0,0.13333333333333333,0.0,0.0,0.0,0.0,0.0,0.0,0.0,2.0,0.0,0.13333333333333333,0.0,0.0,3.0,0.04417385003537591,23.950000000000003,70.45,3.0,0.0,0.0,0.0,0.13333333333333333,0.36444444444444457,0.0,0.0,0.0,0.0,0.0,2.0,0.0,0.13333333333333333,0.0,0.0,2.0,1.1757261362156042e-05,9.05,11.5,2.0,0.0,0.0,0.0,0.13333333333333333,0.6033333333333334,2.0,4.842514603060743e-05,8.35,11.2,2.0,0.0,0.0,0.0,0.13333333333333333,0.5566666666666666,1.0,15.415688293291002,0.0,0.0,0.0,2.0,0.06666666666666667,0.13333333333333333,0.0,0.0,6.0,2.6575632765190527,17.650000000000002,41.45,5.0,0.0,0.06666666666666667,0.0,0.13333333333333333,0.4753333333333335,28.0,0.4243212724573238,7.096428571428572,27.3,17.0,0.0,0.3333333333333333,0.0,0.8,0.39063146997929615,0.0,0.0,0.0,0.0,0.0,0.0,0.0,0.0,0.0,0.0,0.0,0.0,0.0,0.0,2.0,24.05,2.0,23.35,2.0,0.0,8.0,23.606250000000003,28.0,19.03392857142857
west_heavy_seed1,west_heavy,1,700.25,715.25,56.0,3.151363517459717,9.317857142857141,33.0,1.75,0.0,0.0,0.0,0.0,0.0,2.0,0.0,0.13333333333333333,0.0,0.0,0.0,0.0,0.0,0.0,0.0,2.0,0.0,0.13333333333333333,0.0,0.0,3.0,0.0029800058781428,26.916666666666668,73.05,3.0,0.0,0.0,0.0,0.13333333333333333,0.5044444444444447,0.0,0.0,0.0,0.0,0.0,2.0,0.0,0.13333333333333333,0.0,0.0,0.0,0.0,0.0,0.0,0.0,2.0,0.0,0.13333333333333333,0.0,0.0,3.0,0.019765964835348135,24.950000000000003,71.45,3.0,0.0,0.0,0.0,0.13333333333333333,0.4088888888888891,0.0,0.0,0.0,0.0,0.0,2.0,0.0,0.13333333333333333,0.0,0.0,2.0,3.294146130508247e-06,10.05,12.5,2.0,0.0,0.0,0.0,0.13333333333333333,0.67,2.0,1.3539860214796139e-05,9.35,12.2,2.0,0.0,0.0,0.0,0.13333333333333333,0.6233333333333333,1.0,15.487390585569411,0.0,0.0,0.0,2.0,0.06666666666666667,0.13333333333333333,0.0,0.0,6.0,2.172099608457094,18.483333333333334,42.45,5.0,0.0,0.06666666666666667,0.0,0.13333333333333333,0.490888888888889,28.0,0.38882302093928484,7.732142857142857,28.3,18.0,0.0,0.3333333333333333,0.0,0.8,0.41736024844720493,0.0,0.0,0.0,0.0,0.0,0.0,0.0,0.0,0.0,0.0,0.0,0.0,0.0,0.0,2.0,25.05,2.0,24.35,2.0,0.15,8.0,24.356250000000003,28.0,20.03392857142857
west_heavy_seed1,west_heavy,1,701.25,716.25,55.0,2.735012173023439,10.096363636363636,34.0,0.75,0.0,0.0,0.0,0.0,0.0,2.0,0.0,0.13333333333333333,0.0,0.0,0.0,0.0,0.0,0.0,0.0,2.0,0.0,0.13333333333333333,0.0,0.0,3.0,0.0011720942200033695,27.916666666666668,74.05,3.0,0.0,0.0,0.0,0.13333333333333333,0.548888888888889,0.0,0.0,0.0,0.0,0.0,2.0,0.0,0.13333333333333333,0.0,0.0,0.0,0.0,0.0,0.0,0.0,2.0,0.0,0.13333333333333333,0.0,0.0,3.0,0.00913478957326055,25.950000000000003,72.45,3.0,0.0,0.0,0.0,0.13333333333333333,0.45333333333333337,0.0,0.0,0.0,0.0,0.0,2.0,0.0,0.13333333333333333,0.0,0.0,2.0,0.0,11.05,13.5,2.0,0.0,0.0,0.0,0.13333333333333333,0.7366666666666667,2.0,3.7751682103908472e-06,10.35,13.2,2.0,0.0,0.0,0.0,0.13333333333333333,0.69,0.0,0.0,0.0,0.0,0.0,2.0,0.0,0.13333333333333333,0.0,0.0,6.0,1.5059123215285357,19.316666666666666,43.45,5.0,0.0,0.06666666666666667,0.0,0.13333333333333333,0.5064444444444445,28.0,0.34005186399537596,8.392857142857142,29.3,19.0,0.0,0.3333333333333333,0.0,0.8,0.4421325051759834,0.0,0.0,0.0,0.0,0.0,0.0,0.0,0.0,0.0,0.0,0.0,0.0,0.0,0.0,2.0,26.05,2.0,25.35,2.0,0.65,8.0,25.106250000000003,28.0,21.03392857142857
west_heavy_seed1,west_heavy,1,702.25,717.25,53.0,2.2221821052043413,11.1188679245283,34.0,2.75,0.0,0.0,0.0,0.0,0.0,1.0,0.0,0.13333333333333333,0.0,0.0,0.0,0.0,0.0,0.0,0.0,1.0,0.0,0.13333333333333333,0.0,0.0,3.0,0.0004491549599778637,28.916666666666668,75.05,3.0,0.0,0.0,0.0,0.13333333333333333,0.5933333333333335,0.0,0.0,0.0,0.0,0.0,1.0,0.0,0.06666666666666667,0.0,0.0,0.0,0.0,0.0,0.0,0.0,1.0,0.0,0.13333333333333333,0.0,0.0,3.0,0.004163572896999927,26.950000000000003,73.45,3.0,0.0,0.0,0.0,0.13333333333333333,0.49777777777777793,0.0,0.0,0.0,0.0,0.0,1.0,0.0,0.06666666666666667,0.0,0.0,2.0,0.0,12.05,14.5,2.0,0.0,0.0,0.0,0.13333333333333333,0.8033333333333333,2.0,0.0,11.35,14.2,2.0,0.0,0.0,0.0,0.13333333333333333,0.7566666666666666,0.0,0.0,0.0,0.0,0.0,1.0,0.0,0.06666666666666667,0.0,0.0,6.0,0.9301454814429082,20.150000000000002,44.45,5.0,0.0,0.06666666666666667,0.0,0.13333333333333333,0.5220000000000002,28.0,0.2885200297558676,9.071428571428571,30.3,19.0,0.0,0.3333333333333333,0.0,0.7333333333333333,0.4653416149068323,0.0,0.0,0.0,0.0,0.0,0.0,0.0,0.0,0.0,0.0,0.0,0.0,0.0,0.0,2.0,27.05,2.0,26.35,2.0,1.15,8.0,25.856250000000003,28.0,22.03392857142857
west_heavy_seed1,west_heavy,1,703.25,718.25,55.0,2.428330556457091,11.340909090909092,35.0,1.75,0.0,0.0,0.0,0.0,0.0,1.0,0.0,0.13333333333333333,0.0,0.0,0.0,0.0,0.0,0.0,0.0,1.0,0.0,0.13333333333333333,0.0,0.0,3.0,0.00017683107627886852,29.916666666666668,76.05,3.0,0.0,0.0,0.0,0.13333333333333333,0.637777777777778,0.0,0.0,0.0,0.0,0.0,1.0,0.0,0.06666666666666667,0.0,0.0,0.0,0.0,0.0,0.0,0.0,1.0,0.0,0.13333333333333333,0.0,0.0,3.0,0.001894685822695109,27.950000000000003,74.45,3.0,0.0,0.0,0.0,0.13333333333333333,0.5422222222222224,0.0,0.0,0.0,0.0,0.0,1.0,0.0,0.06666666666666667,0.0,0.0,2.0,0.0,13.05,15.5,2.0,0.0,0.0,0.0,0.06666666666666667,0.8533333333333334,2.0,0.0,12.35,15.2,2.0,0.0,0.0,0.0,0.06666666666666667,0.8166666666666667,1.0,15.963043250424098,0.0,0.0,0.0,1.0,0.06666666666666667,0.0,0.0,0.0,7.0,0.8600342400487572,17.985714285714288,45.45,5.0,0.0,0.13333333333333333,0.0,0.13333333333333333,0.33771428571428597,28.0,0.24088390210174504,9.766071428571427,31.3,20.0,0.0,0.26666666666666666,0.0,0.7333333333333333,0.4949603174603174,0.0,0.0,0.0,0.0,0.0,0.0,0.0,0.0,0.0,0.0,0.0,0.0,0.0,0.0,2.0,28.05,2.0,27.35,2.0,1.65,8.0,26.700000000000003,28.0,23.03392857142857
west_heavy_seed1,west_heavy,1,736.25,751.25,56.0,5.641857564713827,22.136607142857144,30.0,13.75,1.0,11.775077328079446,0.0,0.0,0.0,2.0,0.06666666666666667,0.0,0.0,0.0,1.0,13.86143964216346,0.0,0.0,0.0,0.0,0.06666666666666667,0.0,0.0,0.0,1.0,13.877086832416245,0.0,0.0,0.0,0.0,0.06666666666666667,0.0,0.0,0.0,1.0,15.175531463153662,0.0,0.0,0.0,2.0,0.06666666666666667,0.0,0.0,0.0,1.0,11.988006844350602,0.0,0.0,0.0,0.0,0.06666666666666667,0.0,0.0,0.0,1.0,14.919676104057581,0.0,0.0,0.0,0.0,0.06666666666666667,0.0,0.0,0.0,1.0,12.488497685637999,0.0,0.0,0.0,2.0,0.06666666666666667,0.0,0.0,0.0,1.0,15.032220617365093,0.0,0.0,0.0,2.0,0.06666666666666667,0.06666666666666667,0.0,0.0,3.0,0.45058813758436816,30.233333333333334,48.2,2.0,0.0,0.06666666666666667,0.0,0.0,-0.00777777777777781,2.0,14.789108841183761,0.0,0.0,0.0,2.0,0.13333333333333333,0.13333333333333333,0.0,0.0,2.0,13.871297444762895,0.0,0.0,0.0,2.0,0.13333333333333333,0.5333333333333333,-0.2,-0.3670833333333333,28.0,0.0,41.033928571428575,64.3,28.0,0.0,0.0,0.0,0.0,1.0000000000000002,0.0,0.0,1.0,1.55,1.0,1.55,0.0,0.0,1.0,0.0,1.0,3.25,0.0,0.0,0.0,0.0,3.0,40.233333333333334,2.0,0.0,2.0,0.0,28.0,56.033928571428575
west_heavy_seed1,west_heavy,1,737.25,752.25,56.0,5.74832327063716,22.67232142857143,30.0,12.75,1.0,11.778383480776633,0.0,0.0,0.0,2.0,0.06666666666666667,0.0,0.0,0.0,1.0,13.886013480084948,0.0,0.0,0.0,0.0,0.06666666666666667,0.0,0.0,0.0,1.0,13.832961419164203,0.0,0.0,0.0,0.0,0.06666666666666667,0.0,0.0,0.0,1.0,16.658743677407504,0.0,0.0,0.0,2.0,0.06666666666666667,0.0,0.0,0.0,1.0,11.987668723482638,0.0,0.0,0.0,0.0,0.06666666666666667,0.0,0.0,0.0,1.0,16.016384112160267,0.0,0.0,0.0,0.0,0.06666666666666667,0.0,0.0,0.0,1.0,12.499656534054525,0.0,0.0,0.0,2.0,0.06666666666666667,0.0,0.0,0.0,1.0,15.860271500530573,0.0,0.0,0.0,2.0,0.06666666666666667,0.06666666666666667,0.0,0.0,3.0,1.1217774625872892,30.900000000000002,49.2,2.0,0.0,0.06666666666666667,0.0,0.0,-0.029999999999999954,2.0,14.79316995547123,0.0,0.0,0.0,2.0,0.13333333333333333,0.13333333333333333,0.0,0.0,2.0,13.843821813566029,0.0,0.0,0.0,2.0,0.13333333333333333,0.5333333333333333,-0.13333333333333333,-0.04708333333333334,28.0,0.0,42.033928571428575,65.3,28.0,0.0,0.0,0.0,0.0,1.0000000000000002,0.0,0.0,1.0,2.55,1.0,2.55,0.0,0.0,1.0,0.65,1.0,4.25,0.0,0.0,0.0,0.0,3.0,40.9,2.0,0.0,2.0,0.0,28.0,57.033928571428575
west_heavy_seed1,west_heavy,1,738.25,753.25,58.0,5.968286608656566,22.407758620689656,30.0,11.75,1.0,11.795079195995882,0.0,0.0,0.0,2.0,0.06666666666666667,0.0,0.0,0.0,1.0,13.85827011363581,0.0,0.0,0.0,0.0,0.06666666666666667,0.0,0.0,0.0,1.0,13.877042196417461,0.0,0.0,0.0,0.0,0.06666666666666667,0.0,0.0,0.0,1.0,16.589614882625643,0.0,0.0,0.0,2.0,0.06666666666666667,0.0,0.0,0.0,1.0,11.988042335095816,0.0,0.0,0.0,0.0,0.06666666666666667,0.0,0.0,0.0,1.0,15.988769336133812,0.0,0.0,0.0,0.0,0.06666666666666667,0.0,0.0,0.0,1.0,12.488419281193496,0.0,0.0,0.0,2.0,0.06666666666666667,0.0,0.0,0.0,1.0,15.848976674078884,0.0,0.0,0.0,2.0,0.06666666666666667,0.0,0.0,0.0,3.0,1.7844888861952193,31.566666666666666,50.2,2.0,0.0,0.06666666666666667,0.0,0.0,-0.05222222222222233,3.0,13.565013181510645,0.0,0.0,0.0,2.0,0.2,0.06666666666666667,0.0,0.0,3.0,12.930934904194205,0.0,0.0,0.0,2.0,0.2,0.4666666666666667,0.0,0.0,28.0,0.0,43.033928571428575,66.3,28.0,0.0,0.0,0.0,0.0,1.0000000000000002,0.0,0.0,1.0,3.55,1.0,3.55,0.0,0.0,1.0,1.65,1.0,5.25,0.0,0.0,0.0,0.0,3.0,0.0,2.0,0.0,2.0,0.0,28.0,55.13035714285714
west_heavy_seed1,west_heavy,1,739.25,754.25,57.0,5.886345489314649,23.327192982456143,30.0,10.75,1.0,11.787595455510841,0.0,0.0,0.0,2.0,0.06666666666666667,0.0,0.0,0.0,1.0,13.837434475865448,0.0,0.0,0.0,0.0,0.06666666666666667,0.0,0.0,0.0,1.0,13.863144742592704,0.0,0.0,0.0,0.0,0.06666666666666667,0.0,0.0,0.0,1.0,16.57381058111787,0.0,0.0,0.0,2.0,0.06666666666666667,0.0,0.0,0.0,1.0,11.98511134309927,0.0,0.0,0.0,0.0,0.06666666666666667,0.0,0.0,0.0,1.0,16.03291819995976,0.0,0.0,0.0,0.0,0.06666666666666667,0.0,0.0,0.0,1.0,12.512919862074055,0.0,0.0,0.0,2.0,0.06666666666666667,0.0,0.0,0.0,1.0,15.887641463580461,0.0,0.0,0.0,2.0,0.06666666666666667,0.0,0.0,0.0,3.0,2.4403743836242398,32.233333333333334,51.2,2.0,0.0,0.06666666666666667,0.0,0.0,-0.07444444444444448,3.0,13.565459296645395,0.0,0.0,0.0,2.0,0.2,0.06666666666666667,0.0,0.0,3.0,12.936438665909693,0.0,0.0,0.0,2.0,0.2,0.4666666666666667,0.0,0.0,28.0,0.0,44.033928571428575,67.3,28.0,0.0,0.0,0.0,0.0,1.0000000000000002,0.0,0.0,1.0,4.55,1.0,4.55,0.0,0.0,1.0,2.65,1.0,6.25,0.0,0.0,0.0,0.0,2.0,0.0,2.0,0.0,2.0,0.0,27.0,49.829629629629636
west_heavy_seed1,west_heavy,1,740.25,755.25,56.0,5.811862268737821,24.279464285714287,30.0,9.75,1.0,11.758580208259469,0.0,0.0,0.0,2.0,0.06666666666666667,0.0,0.0,0.0,1.0,13.837294774471085,0.0,0.0,0.0,0.0,0.06666666666666667,0.0,0.0,0.0,1.0,13.865650465892395,0.0,0.0,0.0,0.0,0.06666666666666667,0.0,0.0,0.0,1.0,16.566844144057484,0.0,0.0,0.0,2.0,0.06666666666666667,0.0,0.0,0.0,1.0,11.97558061139658,0.0,0.0,0.0,0.0,0.06666666666666667,0.0,0.0,0.0,1.0,16.02085637836865,0.0,0.0,0.0,0.0,0.06666666666666667,0.0,0.0,0.0,1.0,12.496329221206693,0.0,0.0,0.0,2.0,0.06666666666666667,0.0,0.0,0.0,1.0,15.785338742568078,0.0,0.0,0.0,2.0,0.06666666666666667,0.0,0.0,0.0,3.0,3.1173807075896636,32.9,52.2,2.0,0.0,0.06666666666666667,0.0,0.0,-0.09666666666666686,3.0,13.558336592650926,0.0,0.0,0.0,2.0,0.2,0.06666666666666667,0.0,0.0,3.0,12.914398004616688,0.0,0.0,0.0,2.0,0.2,0.4,0.0,0.0,28.0,0.0,45.033928571428575,68.3,28.0,0.0,0.0,0.0,0.0,1.0000000000000002,0.0,0.0,1.0,5.55,1.0,5.55,0.0,0.0,1.0,3.65,1.0,7.25,0.0,0.0,0.0,0.0,2.0,0.0,2.0,0.25,2.0,0.25,27.0,48.05555555555556
west_heavy_seed1,west_heavy,1,741.25,756.25,55.0,5.687566818882468,25.26636363636364,30.0,8.75,1.0,11.797360707693102,0.0,0.0,0.0,2.0,0.06666666666666667,0.0,0.0,0.0,1.0,13.843290649858536,0.0,0.0,0.0,0.0,0.06666666666666667,0.0,0.0,0.0,1.0,13.873082188819536,0.0,0.0,0.0,0.0,0.06666666666666667,0.0,0.0,0.0,1.0,16.59566355995089,0.0,0.0,0.0,2.0,0.06666666666666667,0.0,0.0,0.0,1.0,11.97840322994627,0.0,0.0,0.0,0.0,0.06666666666666667,0.0,0.0,0.0,1.0,15.988368390109006,0.0,0.0,0.0,0.0,0.06666666666666667,0.0,0.0,0.0,1.0,12.525301193595373,0.0,0.0,0.0,2.0,0.06666666666666667,0.0,0.0,0.0,1.0,15.80767586517978,0.0,0.0,0.0,2.0,0.06666666666666667,0.0,0.0,0.0,3.0,3.6362578591889303,33.56666666666667,53.2,2.0,0.0,0.06666666666666667,0.0,0.0,-0.11888888888888877,3.0,12.879674976820672,0.0,0.0,0.0,2.0,0.2,0.06666666666666667,0.0,0.0,3.0,12.954953627578993,0.0,0.0,0.0,2.0,0.2,0.3333333333333333,0.0,0.0,28.0,0.0,46.033928571428575,69.3,28.0,0.0,0.0,0.0,0.0,1.0000000000000002,0.0,0.0,1.0,6.55,1.0,6.55,0.0,0.0,1.0,4.65,1.0,8.25,0.0,0.0,0.0,0.0,1.0,0.0,2.0,0.75,2.0,0.75,27.0,41.068518518518516
west_heavy_seed1,west_heavy,1,742.25,757.25,54.0,5.504903091884331,26.289814814814818,30.0,7.75,1.0,11.788837892874676,0.0,0.0,0.0,2.0,0.06666666666666667,0.0,0.0,0.0,1.0,13.877758471391862,0.0,0.0,0.0,0.0,0.06666666666666667,0.0,0.0,0.0,1.0,13.865425709602423,0.0,0.0,0.0,0.0,0.06666666666666667,0.0,0.0,0.0,1.0,16.62446207638085,0.0,0.0,0.0,2.0,0.06666666666666667,0.0,0.0,0.0,1.0,11.97239636653103,0.0,0.0,0.0,0.0,0.06666666666666667,0.0,0.0,0.0,1.0,15.94191154377124,0.0,0.0,0.0,0.0,0.06666666666666667,0.0,0.0,0.0,1.0,12.518841629723761,0.0,0.0,0.0,2.0,0.06666666666666667,0.0,0.0,0.0,1.0,15.887437444261195,0.0,0.0,0.0,2.0,0.06666666666666667,0.0,0.0,0.0,3.0,3.6400342122696867,34.233333333333334,54.2,2.0,0.0,0.06666666666666667,0.0,0.0,-0.14111111111111113,2.0,12.197133720948173,0.0,0.0,0.0,2.0,0.13333333333333333,0.06666666666666667,0.0,0.0,3.0,12.929274708485076,0.0,0.0,0.0,2.0,0.2,0.3333333333333333,0.0,0.0,28.0,0.0,47.033928571428575,70.3,28.0,0.0,0.0,0.0,0.0,1.0,0.0,0.0,1.0,7.55,1.0,7.55,0.0,0.0,1.0,5.65,1.0,9.25,0.0,0.0,0.0,0.0,1.0,0.0,2.0,1.25,2.0,1.25,26.0,40.75961538461539
west_heavy_seed1,west_heavy,1,743.25,758.25,54.0,5.4949058798348585,26.84537037037037,30.0,6.75,1.0,11.78791704018537,0.0,0.0,0.0,2.0,0.06666666666666667,0.0,0.0,0.0,1.0,13.825545315318742,0.0,0.0,0.0,0.0,0.06666666666666667,0.0,0.0,0.0,1.0,13.838163965765853,0.0,0.0,0.0,0.0,0.06666666666666667,0.0,0.0,0.0,1.0,16.63037033326924,0.0,0.0,0.0,2.0,0.06666666666666667,0.0,0.0,0.0,1.0,11.990590730141848,0.0,0.0,0.0,0.0,0.06666666666666667,0.0,0.0,0.0,1.0,16.00779399404264,0.0,0.0,0.0,0.0,0.06666666666666667,0.0,0.0,0.0,1.0,12.544904962840233,0.0,0.0,0.0,2.0,0.06666666666666667,0.0,0.0,0.0,1.0,15.794638515326115,0.0,0.0,0.0,2.0,0.06666666666666667,0.0,0.0,0.0,3.0,3.6301384872751683,34.9,55.2,2.0,0.0,0.06666666666666667,0.0,0.0,-0.16333333333333352,2.0,12.172936916320282,0.0,0.0,0.0,2.0,0.13333333333333333,0.06666666666666667,0.0,0.0,3.0,12.912034508624194,0.0,0.0,0.0,2.0,0.2,0.26666666666666666,0.0,0.0,28.0,0.0,48.033928571428575,71.3,28.0,0.0,0.0,0.0,0.0,1.0,0.0,0.0,1.0,8.55,1.0,8.55,0.0,0.0,1.0,6.65,1.0,10.25,0.0,0.0,0.0,0.0,0.0,0.0,2.0,1.75,2.0,1.75,26.0,36.23653846153846
west_heavy_seed1,west_heavy,1,744.25,759.25,54.0,5.52645298309799,27.40092592592593,30.0,5.75,1.0,11.75104142580933,0.0,0.0,0.0,2.0,0.06666666666666667,0.0,0.0,0.0,1.0,13.87005401330418,0.0,0.0,0.0,0.0,0.06666666666666667,0.0,0.0,0.0,1.0,13.84549560304964,0.0,0.0,0.0,0.0,0.06666666666666667,0.0,0.0,0.0,1.0,16.619364544928075,0.0,0.0,0.0,2.0,0.06666666666666667,0.0,0.0,0.0,1.0,11.984800061029382,0.0,0.0,0.0,0.0,0.06666666666666667,0.0,0.0,0.0,1.0,15.997719530187164,0.0,0.0,0.0,0.0,0.06666666666666667,0.0,0.0,0.0,1.0,12.489919976783426,0.0,0.0,0.0,2.0,0.06666666666666667,0.0,0.0,0.0,1.0,15.848245835109534,0.0,0.0,0.0,2.0,0.06666666666666667,0.0,0.0,0.0,3.0,3.624149481428576,35.56666666666667,56.2,2.0,0.0,0.06666666666666667,0.0,0.0,-0.18555555555555542,2.0,12.187337300051748,0.0,0.0,0.0,2.0,0.13333333333333333,0.06666666666666667,0.0,0.0,2.0,12.444458857508028,0.0,0.0,0.0,2.0,0.13333333333333333,0.2,0.0,0.0,28.0,0.0,49.033928571428575,72.3,28.0,0.0,0.0,0.0,0.0,1.0,0.0,0.0,1.0,9.55,1.0,9.55,0.0,0.0,1.0,7.65,1.0,11.25,0.0,0.0,0.0,0.0,0.0,0.0,3.0,1.5,3.0,1.5,25.0,35.678000000000004
west_heavy_seed1,west_heavy,1,745.25,760.25,53.0,5.494382090818496,28.483962264150946,30.0,4.75,1.0,11.758477003772809,0.0,0.0,0.0,2.0,0.06666666666666667,0.0,0.0,0.0,1.0,13.848239074626472,0.0,0.0,0.0,0.0,0.06666666666666667,0.0,0.0,0.0,1.0,13.877875162716956,0.0,0.0,0.0,0.0,0.06666666666666667,0.0,0.0,0.0,1.0,16.65260676268116,0.0,0.0,0.0,2.0,0.06666666666666667,0.0,0.0,0.0,1.0,11.972463467898779,0.0,0.0,0.0,0.0,0.06666666666666667,0.0,0.0,0.0,1.0,15.39871292343261,0.0,0.0,0.0,0.0,0.06666666666666667,0.0,0.0,0.0,1.0,12.498620459762611,0.0,0.0,0.0,2.0,0.06666666666666667,0.0,0.0,0.0,1.0,15.877082727125767,0.0,0.0,0.0,2.0,0.06666666666666667,0.0,0.0,0.0,3.0,3.625948042106914,36.233333333333334,57.2,2.0,0.0,0.06666666666666667,0.0,0.0,-0.2077777777777778,2.0,12.186125565979093,0.0,0.0,0.0,2.0,0.13333333333333333,0.06666666666666667,0.0,0.0,2.0,12.467037801972126,0.0,0.0,0.0,2.0,0.13333333333333333,0.13333333333333333,0.0,0.0,28.0,0.0,50.033928571428575,73.3,28.0,0.0,0.0,0.0,0.0,1.0,0.0,0.0,1.0,10.55,1.0,10.55,0.0,0.0,1.0,8.65,1.0,12.25,0.0,0.0,0.0,0.0,0.0,0.0,3.0,1.8333333333333333,3.0,1.8333333333333333,25.0,31.002
west_heavy_seed1,west_heavy,1,746.25,761.25,52.0,5.304074239246623,29.60865384615385,30.0,3.75,1.0,11.744523142715284,0.0,0.0,0.0,2.0,0.06666666666666667,0.0,0.0,0.0,1.0,13.842288901578868,0.0,0.0,0.0,0.0,0.06666666666666667,0.0,0.0,0.0,1.0,13.887945981605444,0.0,0.0,0.0,0.0,0.06666666666666667,0.0,0.0,0.0,1.0,13.189332284310876,0.0,0.0,0.0,2.0,0.06666666666666667,0.0,0.0,0.0,1.0,11.981596350772307,0.0,0.0,0.0,0.0,0.06666666666666667,0.0,0.0,0.0,1.0,9.932665680534326,0.0,0.0,0.0,0.0,0.06666666666666667,0.0,0.0,0.0,1.0,12.52537188224655,0.0,0.0,0.0,2.0,0.06666666666666667,0.0,0.0,0.0,1.0,15.81375740582395,0.0,0.0,0.0,2.0,0.06666666666666667,0.0,0.0,0.0,3.0,3.6367686146853404,36.9,58.2,2.0,0.0,0.06666666666666667,0.0,0.0,-0.23000000000000018,2.0,12.185410302196908,0.0,0.0,0.0,2.0,0.13333333333333333,0.13333333333333333,0.0,0.0,2.0,12.468049752017716,0.0,0.0,0.0,2.0,0.13333333333333333,0.13333333333333333,0.0,0.0,28.0,0.0,51.033928571428575,74.3,28.0,0.0,0.0,0.0,0.0,1.0,0.0,0.0,1.0,11.55,1.0,11.55,0.0,0.0,1.0,9.65,1.0,13.25,0.0,0.0,0.0,0.0,0.0,0.0,3.0,2.1666666666666665,3.0,2.1666666666666665,25.0,26.375999999999998
west_heavy_seed1,west_heavy,1,751.25,766.25,50.0,4.100186383514336,33.92,33.0,1.75,0.0,0.0,0.0,0.0,0.0,1.0,0.0,0.06666666666666667,0.0,0.0,1.0,0.0,1.55,1.55,1.0,0.0,0.0,0.0,0.06666666666666667,0.10333333333333333,1.0,0.0,1.55,1.55,1.0,0.0,0.0,0.0,0.06666666666666667,0.10333333333333333,0.0,0.0,0.0,0.0,0.0,1.0,0.0,0.06666666666666667,0.0,0.0,1.0,1.5649082461216286,0.0,0.0,0.0,0.0,0.0,0.0,0.0,0.0,1.0,0.0,3.25,3.25,1.0,0.0,0.0,0.0,0.06666666666666667,0.21666666666666667,0.0,0.0,0.0,0.0,0.0,1.0,0.0,0.06666666666666667,0.0,0.0,0.0,0.0,0.0,0.0,0.0,1.0,0.0,0.06666666666666667,0.0,0.0,3.0,3.4386647903732417,40.233333333333334,63.2,2.0,0.0,0.0,0.0,0.0,0.6666666666666666,2.0,11.338717419047608,0.0,0.0,0.0,1.0,0.13333333333333333,0.13333333333333333,0.0,0.0,2.0,11.327169154180215,0.0,0.0,0.0,1.0,0.13333333333333333,0.13333333333333333,0.0,0.0,28.0,0.0,56.033928571428575,79.3,28.0,0.0,0.0,0.0,0.0,1.0,0.0,0.0,1.0,16.55,1.0,16.55,0.0,0.0,1.0,14.65,1.0,18.25,0.0,0.0,0.0,0.0,0.0,0.0,3.0,3.8333333333333335,3.0,3.8333333333333335,22.0,15.134090909090908
west_heavy_seed1,west_heavy,1,752.25,767.25,49.0,3.8260003606720114,35.29897959183673,34.0,0.75,0.0,0.0,0.0,0.0,0.0,1.0,0.0,0.06666666666666667,0.0,0.0,1.0,0.0,2.55,2.55,1.0,0.0,0.0,0.0,0.06666666666666667,0.16999999999999998,1.0,0.0,2.55,2.55,1.0,0.0,0.0,0.0,0.06666666666666667,0.16999999999999998,0.0,0.0,0.0,0.0,0.0,1.0,0.0,0.06666666666666667,0.0,0.0,1.0,0.0,0.65,0.65,1.0,0.0,0.0,0.0,0.06666666666666667,0.043333333333333335,1.0,0.0,4.25,4.25,1.0,0.0,0.0,0.0,0.06666666666666667,0.2833333333333333,0.0,0.0,0.0,0.0,0.0,1.0,0.0,0.06666666666666667,0.0,0.0,0.0,0.0,0.0,0.0,0.0,1.0,0.0,0.06666666666666667,0.0,0.0,3.0,2.4436147660852994,40.9,64.2,2.0,0.0,0.0,0.0,0.0,0.6666666666666664,2.0,11.483815879792553,0.0,0.0,0.0,1.0,0.13333333333333333,0.13333333333333333,0.0,0.0,2.0,11.75452826346401,0.0,0.0,0.0,1.0,0.13333333333333333,0.13333333333333333,0.0,0.0,28.0,0.0,57.033928571428575,80.3,28.0,0.0,0.0,0.0,0.0,1.0,0.0,0.0,1.0,17.55,1.0,17.55,0.0,0.0,1.0,15.65,1.0,19.25,0.0,0.0,0.0,0.0,0.0,0.0,4.0,3.125,4.0,3.375,22.0,12.704545454545455
west_heavy_seed1,west_heavy,1,753.25,768.25,47.0,3.3470960172585125,33.14148936170213,31.0,11.75,0.0,0.0,0.0,0.0,0.0,0.0,0.0,0.06666666666666667,0.0,0.0,1.0,0.0,3.55,3.55,1.0,0.0,0.0,0.0,0.06666666666666667,0.23666666666666666,1.0,0.0,3.55,3.55,1.0,0.0,0.0,0.0,0.06666666666666667,0.23666666666666666,0.0,0.0,0.0,0.0,0.0,0.0,0.0,0.06666666666666667,0.0,0.0,1.0,0.0,1.65,1.65,1.0,0.0,0.0,0.0,0.06666666666666667,0.11,1.0,0.0,5.25,5.25,1.0,0.0,0.0,0.0,0.06666666666666667,0.35,0.0,0.0,0.0,0.0,0.0,0.0,0.0,0.06666666666666667,0.0,0.0,0.0,0.0,0.0,0.0,0.0,0.0,0.0,0.06666666666666667,0.0,0.0,3.0,1.8750277009418996,0.0,0.0,0.0,2.0,0.0,0.0,-0.13333333333333333,-2.1044444444444443,2.0,9.485948188104958,0.0,0.0,0.0,0.0,0.06666666666666667,0.13333333333333333,0.0,0.0,2.0,10.885416267057085,0.0,0.0,0.0,0.0,0.06666666666666667,0.13333333333333333,0.0,0.0,28.0,0.024508182863905045,55.13035714285714,76.35,27.0,2.0,0.0,0.0,-0.06666666666666667,0.8064285714285712,0.0,0.0,1.0,0.0,1.0,18.55,0.0,0.0,1.0,0.0,1.0,20.25,0.0,0.0,0.0,0.0,0.0,0.0,4.0,0.0,4.0,3.875,22.0,10.279545454545454
west_heavy_seed1,west_heavy,1,754.25,769.25,47.0,3.4134689231560844,29.008510638297874,28.0,10.75,0.0,0.0,0.0,0.0,0.0,0.0,0.0,0.06666666666666667,0.0,0.0,1.0,0.0,4.55,4.55,1.0,0.0,0.0,0.0,0.06666666666666667,0.30333333333333334,1.0,0.0,4.55,4.55,1.0,0.0,0.0,0.0,0.06666666666666667,0.30333333333333334,0.0,0.0,0.0,0.0,0.0,0.0,0.0,0.06666666666666667,0.0,0.0,1.0,0.0,2.65,2.65,1.0,0.0,0.0,0.0,0.06666666666666667,0.17666666666666667,1.0,0.0,6.25,6.25,1.0,0.0,0.0,0.0,0.06666666666666667,0.4166666666666667,0.0,0.0,0.0,0.0,0.0,0.0,0.0,0.06666666666666667,0.0,0.0,0.0,0.0,0.0,0.0,0.0,0.0,0.0,0.06666666666666667,0.0,0.0,2.0,2.679435119623136,0.0,0.0,0.0,2.0,0.0,0.06666666666666667,-0.13333333333333333,-2.148888888888889,2.0,7.47326957845449,0.0,0.0,0.0,0.0,0.06666666666666667,0.13333333333333333,0.0,0.0,2.0,9.403975866163549,0.0,0.0,0.0,0.0,0.06666666666666667,0.13333333333333333,0.0,0.0,27.0,0.07363622385325864,49.829629629629636,70.9,24.0,2.0,0.0,0.06666666666666667,-0.26666666666666666,0.3863800705467374,0.0,0.0,0.0,0.0,1.0,19.55,0.0,0.0,0.0,0.0,1.0,21.25,0.0,0.0,0.0,0.0,0.0,0.0,3.0,0.0,4.0,4.375,22.0,5.218181818181818
west_heavy_seed1,west_heavy,1,755.25,770.25,46.0,3.2585894294352293,28.706521739130434,29.0,9.75,0.0,0.0,0.0,0.0,0.0,0.0,0.0,0.06666666666666667,0.0,0.0,1.0,0.0,5.55,5.55,1.0,0.0,0.0,0.0,0.06666666666666667,0.37,1.0,0.0,5.55,5.55,1.0,0.0,0.0,0.0,0.06666666666666667,0.37,0.0,0.0,0.0,0.0,0.0,0.0,0.0,0.06666666666666667,0.0,0.0,1.0,0.0,3.65,3.65,1.0,0.0,0.0,0.0,0.06666666666666667,0.24333333333333332,1.0,0.0,7.25,7.25,1.0,0.0,0.0,0.0,0.06666666666666667,0.48333333333333334,0.0,0.0,0.0,0.0,0.0,0.0,0.0,0.06666666666666667,0.0,0.0,0.0,0.0,0.0,0.0,0.0,0.0,0.0,0.06666666666666667,0.0,0.0,2.0,3.8801569706684895,0.0,0.0,0.0,2.0,0.0,0.06666666666666667,-0.13333333333333333,-2.1933333333333334,2.0,6.422169001345408,0.25,0.5,1.0,0.0,0.06666666666666667,0.13333333333333333,0.06666666666666667,0.016666666666666666,2.0,8.28682607123442,0.25,0.5,1.0,0.0,0.06666666666666667,0.13333333333333333,0.06666666666666667,0.016666666666666666,27.0,0.1852094431075143,48.05555555555556,70.4,23.0,2.0,0.0,0.06666666666666667,-0.3333333333333333,0.2014417989417988,0.0,0.0,0.0,0.0,1.0,20.55,0.0,0.0,0.0,0.0,1.0,22.25,0.0,0.0,0.0,0.0,0.0,0.0,3.0,0.0,4.0,4.875,22.0,2.7454545454545456
west_heavy_seed1,west_heavy,1,756.25,771.25,46.0,3.5123534483018433,24.73586956521739,26.0,8.75,0.0,0.0,0.0,0.0,0.0,0.0,0.0,0.06666666666666667,0.0,0.0,1.0,0.0,6.55,6.55,1.0,0.0,0.0,0.0,0.06666666666666667,0.43666666666666665,1.0,0.0,6.55,6.55,1.0,0.0,0.0,0.0,0.06666666666666667,0.43666666666666665,0.0,0.0,0.0,0.0,0.0,0.0,0.0,0.06666666666666667,0.0,0.0,1.0,0.0,4.65,4.65,1.0,0.0,0.0,0.0,0.06666666666666667,0.31,1.0,0.0,8.25,8.25,1.0,0.0,0.0,0.0,0.06666666666666667,0.55,0.0,0.0,0.0,0.0,0.0,0.0,0.0,0.06666666666666667,0.0,0.0,0.0,0.0,0.0,0.0,0.0,0.0,0.0,0.06666666666666667,0.0,0.0,1.0,4.996375936004437,0.0,0.0,0.0,2.0,0.0,0.13333333333333333,-0.13333333333333333,-2.237777777777778,2.0,6.408623331773212,0.75,1.5,1.0,0.0,0.06666666666666667,0.13333333333333333,0.06666666666666667,0.05,2.0,8.317809198055418,0.75,1.5,1.0,0.0,0.06666666666666667,0.13333333333333333,0.06666666666666667,0.05,27.0,0.3459030247571269,41.068518518518516,68.1,20.0,2.0,0.0,0.06666666666666667,-0.5333333333333333,-0.3310273368606706,0.0,0.0,0.0,0.0,1.0,21.55,0.0,0.0,0.0,0.0,1.0,23.25,0.0,0.0,0.0,0.0,0.0,0.0,3.0,0.0,4.0,5.375,22.0,0.275
west_heavy_seed1,west_heavy,1,757.25,772.25,46.0,3.8244646161517233,23.79891304347826,25.0,7.75,0.0,0.0,0.0,0.0,0.0,0.0,0.0,0.06666666666666667,0.0,0.0,1.0,0.0,7.55,7.55,1.0,0.0,0.0,0.0,0.06666666666666667,0.5033333333333333,1.0,0.0,7.55,7.55,1.0,0.0,0.0,0.0,0.06666666666666667,0.5033333333333333,0.0,0.0,0.0,0.0,0.0,0.0,0.0,0.06666666666666667,0.0,0.0,1.0,0.0,5.65,5.65,1.0,0.0,0.0,0.0,0.06666666666666667,0.3766666666666667,1.0,0.0,9.25,9.25,1.0,0.0,0.0,0.0,0.06666666666666667,0.6166666666666667,0.0,0.0,0.0,0.0,0.0,0.0,0.0,0.06666666666666667,0.0,0.0,0.0,0.0,0.0,0.0,0.0,0.0,0.0,0.06666666666666667,0.0,0.0,1.0,6.855532026047182,0.0,0.0,0.0,2.0,0.0,0.13333333333333333,-0.13333333333333333,-2.2822222222222224,2.0,6.409442960568938,1.25,2.5,1.0,0.0,0.06666666666666667,0.06666666666666667,0.06666666666666667,0.08333333333333333,2.0,8.326860263153911,1.25,2.5,1.0,0.0,0.06666666666666667,0.13333333333333333,0.06666666666666667,0.08333333333333333,26.0,0.40342939010813084,40.75961538461539,68.0,19.0,2.0,0.0,0.13333333333333333,-0.6,-0.4182875457875459,0.0,0.0,0.0,0.0,1.0,22.55,0.0,0.0,0.0,0.0,1.0,24.25,0.0,0.0,0.0,0.0,0.0,0.0,2.0,0.0,4.0,5.875,22.0,0.36590909090909096
west_heavy_seed1,west_heavy,1,758.25,773.25,46.0,4.1413922983761955,21.372826086956522,23.0,6.75,0.0,0.0,0.0,0.0,0.0,0.0,0.0,0.06666666666666667,0.0,0.0,1.0,0.0,8.55,8.55,1.0,0.0,0.0,0.0,0.06666666666666667,0.5700000000000001,1.0,0.0,8.55,8.55,1.0,0.0,0.0,0.0,0.06666666666666667,0.5700000000000001,0.0,0.0,0.0,0.0,0.0,0.0,0.0,0.06666666666666667,0.0,0.0,1.0,0.0,6.65,6.65,1.0,0.0,0.0,0.0,0.06666666666666667,0.44333333333333336,1.0,0.0,10.25,10.25,1.0,0.0,0.0,0.0,0.06666666666666667,0.6833333333333333,0.0,0.0,0.0,0.0,0.0,0.0,0.0,0.06666666666666667,0.0,0.0,0.0,0.0,0.0,0.0,0.0,0.0,0.0,0.06666666666666667,0.0,0.0,0.0,0.0,0.0,0.0,0.0,2.0,0.0,0.2,-0.13333333333333333,-2.3266666666666667,2.0,6.405070559600952,1.75,3.5,1.0,0.0,0.06666666666666667,0.06666666666666667,0.06666666666666667,0.11666666666666667,2.0,8.32503549460508,1.75,3.5,1.0,0.0,0.06666666666666667,0.13333333333333333,0.06666666666666667,0.11666666666666667,26.0,0.6277188904525963,36.23653846153846,66.2,17.0,2.0,0.0,0.13333333333333333,-0.7333333333333333,-0.7864926739926744,0.0,0.0,0.0,0.0,1.0,23.55,0.0,0.0,0.0,0.0,1.0,25.25,0.0,0.0,0.0,0.0,0.0,0.0,2.0,0.0,4.0,6.375,22.0,0.4977272727272728
west_heavy_seed1,west_heavy,1,759.25,774.25,47.0,4.3710707903198065,19.977659574468085,22.0,5.75,0.0,0.0,0.0,0.0,0.0,0.0,0.0,0.06666666666666667,0.0,0.0,1.0,0.0,9.55,9.55,1.0,0.0,0.0,0.0,0.06666666666666667,0.6366666666666667,1.0,0.0,9.55,9.55,1.0,0.0,0.0,0.0,0.06666666666666667,0.6366666666666667,0.0,0.0,0.0,0.0,0.0,0.0,0.0,0.06666666666666667,0.0,0.0,1.0,0.0,7.65,7.65,1.0,0.0,0.0,0.0,0.06666666666666667,0.51,1.0,0.0,11.25,11.25,1.0,0.0,0.0,0.0,0.06666666666666667,0.75,0.0,0.0,0.0,0.0,0.0,0.0,0.0,0.06666666666666667,0.0,0.0,0.0,0.0,0.0,0.0,0.0,0.0,0.0,0.06666666666666667,0.0,0.0,0.0,0.0,0.0,0.0,0.0,2.0,0.0,0.2,-0.13333333333333333,-2.3711111111111114,3.0,6.8524015418176605,1.5,4.5,1.0,0.0,0.13333333333333333,0.06666666666666667,0.06666666666666667,0.1,3.0,8.71483892784268,1.5,4.5,1.0,0.0,0.13333333333333333,0.06666666666666667,0.06666666666666667,0.1,25.0,0.7164235642041352,35.678000000000004,66.15,16.0,2.0,0.0,0.2,-0.8,-0.890395238095238,0.0,0.0,0.0,0.0,1.0,24.55,0.0,0.0,0.0,0.0,1.0,26.25,0.0,0.0,0.0,0.0,0.0,0.0,1.0,0.0,4.0,6.875,22.0,0.6590909090909091
west_heavy_seed1,west_heavy,1,760.25,775.25,46.0,4.421704645553944,18.00108695652174,20.0,4.75,0.0,0.0,0.0,0.0,0.0,0.0,0.0,0.06666666666666667,0.0,0.0,1.0,0.0,10.55,10.55,1.0,0.0,0.0,0.0,0.06666666666666667,0.7033333333333334,1.0,0.0,10.55,10.55,1.0,0.0,0.0,0.0,0.06666666666666667,0.7033333333333334,0.0,0.0,0.0,0.0,0.0,0.0,0.0,0.06666666666666667,0.0,0.0,1.0,0.0,8.65,8.65,1.0,0.0,0.0,0.0,0.06666666666666667,0.5766666666666667,1.0,0.0,12.25,12.25,1.0,0.0,0.0,0.0,0.06666666666666667,0.8166666666666667,0.0,0.0,0.0,0.0,0.0,0.0,0.0,0.06666666666666667,0.0,0.0,0.0,0.0,0.0,0.0,0.0,0.0,0.0,0.06666666666666667,0.0,0.0,0.0,0.0,0.0,0.0,0.0,2.0,0.0,0.2,-0.13333333333333333,-2.4155555555555557,3.0,7.688977124524578,1.8333333333333333,5.5,1.0,0.0,0.13333333333333333,0.06666666666666667,0.06666666666666667,0.12222222222222222,3.0,8.198499870496306,1.8333333333333333,5.5,1.0,0.0,0.13333333333333333,0.06666666666666667,0.06666666666666667,0.12222222222222222,25.0,1.007425708606889,31.002,64.15,14.0,2.0,0.0,0.2,-0.9333333333333333,-1.2687952380952383,0.0,0.0,0.0,0.0,1.0,25.55,0.0,0.0,0.0,0.0,1.0,27.25,0.0,0.0,0.0,0.0,0.0,0.0,1.0,0.0,4.0,7.375,23.0,0.8043478260869565
west_heavy_seed1,west_heavy,1,761.25,776.25,45.0,4.425129194485467,15.964444444444444,18.0,3.75,0.0,0.0,0.0,0.0,0.0,0.0,0.0,0.06666666666666667,0.0,0.0,1.0,0.0,11.55,11.55,1.0,0.0,0.0,0.0,0.06666666666666667,0.77,1.0,0.0,11.55,11.55,1.0,0.0,0.0,0.0,0.06666666666666667,0.77,0.0,0.0,0.0,0.0,0.0,0.0,0.0,0.06666666666666667,0.0,0.0,1.0,0.0,9.65,9.65,1.0,0.0,0.0,0.0,0.06666666666666667,0.6433333333333333,1.0,0.0,13.25,13.25,1.0,0.0,0.0,0.0,0.06666666666666667,0.8833333333333333,0.0,0.0,0.0,0.0,0.0,0.0,0.0,0.06666666666666667,0.0,0.0,0.0,0.0,0.0,0.0,0.0,0.0,0.0,0.06666666666666667,0.0,0.0,0.0,0.0,0.0,0.0,0.0,2.0,0.0,0.2,-0.13333333333333333,-2.46,3.0,8.57331859745051,2.1666666666666665,6.5,1.0,0.0,0.13333333333333333,0.06666666666666667,0.06666666666666667,0.14444444444444443,3.0,7.547894598486298,2.1666666666666665,6.5,1.0,0.0,0.13333333333333333,0.06666666666666667,0.06666666666666667,0.14444444444444443,25.0,1.349550857851998,26.375999999999998,63.15,12.0,2.0,0.0,0.2,-1.0666666666666667,-1.6438619047619052,0.0,0.0,0.0,0.0,1.0,26.55,0.0,0.0,0.0,0.0,1.0,28.25,0.0,0.0,0.0,0.0,0.0,0.0,1.0,0.0,4.0,7.875,23.0,1.008695652173913
west_heavy_seed1,west_heavy,1,787.25,802.25,51.0,4.580058932137004,5.229411764705882,19.0,10.75,1.0,15.039597736636651,0.0,0.0,0.0,2.0,0.06666666666666667,0.0,0.0,0.0,1.0,15.109972393004579,0.0,0.0,0.0,2.0,0.06666666666666667,0.0,0.0,0.0,2.0,0.5994892275806547,18.775,37.55,1.0,0.0,0.06666666666666667,0.0,0.0,-0.2516666666666668,1.0,11.717231924220213,0.0,0.0,0.0,2.0,0.06666666666666667,0.0,0.0,0.0,1.0,12.536320816695333,0.0,0.0,0.0,2.0,0.06666666666666667,0.0,0.0,0.0,2.0,0.6073935917151441,19.625,39.25,1.0,0.0,0.06666666666666667,0.0,0.0,-0.30833333333333335,1.0,15.035747596974259,0.0,0.0,0.0,2.0,0.06666666666666667,0.0,0.0,0.0,1.0,13.836065192095935,0.0,0.0,0.0,0.0,0.06666666666666667,0.0,0.0,0.0,1.0,13.525112512013973,0.0,0.0,0.0,0.0,0.06666666666666667,0.0,0.0,0.0,2.0,14.37642120788631,0.0,0.0,0.0,2.0,0.13333333333333333,0.13333333333333333,0.0,0.0,6.0,2.4491823524295038,11.491666666666667,32.5,4.0,0.0,0.13333333333333333,0.0,0.13333333333333333,0.37444444444444447,26.0,0.7813058291050413,4.651923076923077,20.7,13.0,0.0,0.26666666666666666,0.0,0.7333333333333333,0.2857342657342657,1.0,0.0,1.0,0.0,2.0,0.0,2.0,0.0,2.0,0.025,2.0,0.0,1.0,0.0,2.0,0.65,2.0,0.5,1.0,0.0,7.0,18.564285714285713,30.0,12.783333333333333
west_heavy_seed1,west_heavy,1,788.25,803.25,50.0,4.6024537566805925,5.7139999999999995,19.0,9.75,1.0,15.59108989043265,0.0,0.0,0.0,2.0,0.06666666666666667,0.0,0.0,0.0,1.0,16.02854276456107,0.0,0.0,0.0,2.0,0.06666666666666667,0.0,0.0,0.0,2.0,1.7853033467588688,19.275,38.55,1.0,0.0,0.06666666666666667,0.0,0.0,-0.28500000000000014,1.0,11.687559268482254,0.0,0.0,0.0,2.0,0.06666666666666667,0.0,0.0,0.0,1.0,12.507598422016592,0.0,0.0,0.0,2.0,0.06666666666666667,0.0,0.0,0.0,2.0,1.7661709021657694,20.125,40.25,1.0,0.0,0.06666666666666667,0.0,0.0,-0.3416666666666667,1.0,15.25052057483849,0.0,0.0,0.0,2.0,0.06666666666666667,0.0,0.0,0.0,1.0,13.859548684690148,0.0,0.0,0.0,0.0,0.06666666666666667,0.0,0.0,0.0,1.0,13.493926790514127,0.0,0.0,0.0,0.0,0.06666666666666667,0.0,0.0,0.0,2.0,15.239713525387343,0.0,0.0,0.0,2.0,0.13333333333333333,0.13333333333333333,0.0,0.0,6.0,3.1472382126420246,12.158333333333333,33.5,4.0,0.0,0.13333333333333333,0.0,0.13333333333333333,0.38555555555555554,26.0,0.7097808750704142,5.151923076923077,21.7,13.0,0.0,0.26666666666666666,0.0,0.6666666666666666,0.31027972027972023,1.0,0.0,1.0,0.0,2.0,0.0,2.0,0.175,2.0,0.525,2.0,0.0,1.0,0.0,2.0,1.15,2.0,1.0,1.0,0.0,7.0,19.27857142857143,30.0,13.566666666666666
west_heavy_seed1,west_heavy,1,789.25,804.25,51.0,4.630752594351677,5.982352941176471,20.0,8.75,1.0,15.565888884968464,0.0,0.0,0.0,2.0,0.06666666666666667,0.0,0.0,0.0,1.0,15.95338607663166,0.0,0.0,0.0,2.0,0.06666666666666667,0.0,0.0,0.0,2.0,2.9142857493890166,19.775,39.55,1.0,0.0,0.06666666666666667,0.0,0.0,-0.31833333333333347,1.0,11.764267956690855,0.0,0.0,0.0,2.0,0.06666666666666667,0.0,0.0,0.0,1.0,12.533650554816813,0.0,0.0,0.0,2.0,0.06666666666666667,0.0,0.0,0.0,2.0,2.938083860576335,20.625,41.25,1.0,0.0,0.06666666666666667,0.0,0.0,-0.375,1.0,15.228037205641492,0.0,0.0,0.0,2.0,0.06666666666666667,0.0,0.0,0.0,1.0,13.88307231673412,0.0,0.0,0.0,0.0,0.06666666666666667,0.0,0.0,0.0,1.0,13.484246848958641,0.0,0.0,0.0,0.0,0.06666666666666667,0.0,0.0,0.0,2.0,15.248090469728924,0.0,0.0,0.0,2.0,0.13333333333333333,0.06666666666666667,0.0,0.0,6.0,3.5937618996549183,12.825000000000001,34.5,4.0,0.0,0.13333333333333333,0.0,0.13333333333333333,0.3966666666666667,27.0,0.6369155406312202,5.457407407407407,22.7,14.0,0.0,0.3333333333333333,0.0,0.6666666666666666,0.3198877665544332,1.0,0.0,1.0,0.0,2.0,0.0,2.0,0.675,2.0,1.025,2.0,0.0,1.0,0.0,2.0,1.65,2.0,1.5,1.0,0.0,7.0,19.99285714285714,30.0,14.385
west_heavy_seed1,west_heavy,1,790.25,805.25,50.0,4.590960275695553,6.504,21.0,7.75,1.0,15.570205107802632,0.0,0.0,0.0,2.0,0.06666666666666667,0.0,0.0,0.0,1.0,16.031399790445743,0.0,0.0,0.0,2.0,0.06666666666666667,0.0,0.0,0.0,2.0,3.9870275646691833,20.275,40.55,1.0,0.0,0.06666666666666667,0.0,0.0,-0.3516666666666668,1.0,11.666043899309114,0.0,0.0,0.0,2.0,0.06666666666666667,0.0,0.0,0.0,1.0,12.500061311678603,0.0,0.0,0.0,2.0,0.06666666666666667,0.0,0.0,0.0,2.0,4.026104413271129,21.125,42.25,1.0,0.0,0.06666666666666667,0.0,0.0,-0.4083333333333333,1.0,15.27101771713035,0.0,0.0,0.0,2.0,0.06666666666666667,0.0,0.0,0.0,1.0,13.839199390452356,0.0,0.0,0.0,0.0,0.06666666666666667,0.0,0.0,0.0,1.0,13.520087530489176,0.0,0.0,0.0,0.0,0.06666666666666667,0.0,0.0,0.0,2.0,15.231329365760903,0.0,0.0,0.0,2.0,0.13333333333333333,0.06666666666666667,0.0,0.0,6.0,3.9684704036956746,13.491666666666667,35.5,4.0,0.0,0.13333333333333333,0.0,0.13333333333333333,0.4077777777777778,27.0,0.5910384508528023,5.979629629629629,23.7,15.0,0.0,0.26666666666666666,0.0,0.7333333333333333,0.3450187869028448,1.0,0.0,1.0,0.0,1.0,0.0,2.0,1.175,2.0,1.525,1.0,0.0,1.0,0.0,2.0,2.15,2.0,2.0,1.0,0.0,7.0,20.72142857142857,30.0,15.24
west_heavy_seed1,west_heavy,1,791.25,806.25,49.0,4.584905005297021,7.0653061224489795,21.0,6.75,1.0,15.572318620050666,0.0,0.0,0.0,2.0,0.06666666666666667,0.0,0.0,0.0,1.0,16.04580536710034,0.0,0.0,0.0,2.0,0.06666666666666667,0.0,0.0,0.0,2.0,5.096641387941475,20.775,41.55,1.0,0.0,0.06666666666666667,0.0,0.0,-0.3850000000000001,1.0,11.674785154237869,0.0,0.0,0.0,2.0,0.06666666666666667,0.0,0.0,0.0,1.0,12.535064114359782,0.0,0.0,0.0,2.0,0.06666666666666667,0.0,0.0,0.0,2.0,5.170298266156758,21.625,43.25,1.0,0.0,0.06666666666666667,0.0,0.0,-0.44166666666666665,1.0,15.233850402798605,0.0,0.0,0.0,2.0,0.06666666666666667,0.0,0.0,0.0,1.0,13.852532205531373,0.0,0.0,0.0,0.0,0.06666666666666667,0.0,0.0,0.0,1.0,13.513800014761374,0.0,0.0,0.0,0.0,0.06666666666666667,0.0,0.0,0.0,2.0,15.272414980647739,0.0,0.0,0.0,2.0,0.13333333333333333,0.06666666666666667,0.0,0.0,6.0,4.347464027797525,14.158333333333333,36.5,4.0,0.0,0.13333333333333333,0.0,0.13333333333333333,0.41888888888888887,27.0,0.528973741197402,6.535185185185185,24.7,15.0,0.0,0.26666666666666666,0.0,0.6666666666666666,0.36843263553408484,1.0,0.0,1.0,0.0,1.0,0.0,2.0,1.675,2.0,2.025,1.0,0.0,1.0,0.0,2.0,2.65,2.0,2.5,1.0,0.0,7.0,21.57857142857143,30.0,16.12
west_heavy_seed1,west_heavy,1,792.25,807.25,50.0,4.641164016060915,7.348,22.0,5.75,1.0,15.65204514056548,0.0,0.0,0.0,2.0,0.06666666666666667,0.0,0.0,0.0,1.0,16.04632842275494,0.0,0.0,0.0,2.0,0.06666666666666667,0.0,0.0,0.0,2.0,6.202477648249062,21.275,42.55,1.0,0.0,0.06666666666666667,0.0,0.0,-0.4183333333333335,1.0,11.72609882454806,0.0,0.0,0.0,2.0,0.06666666666666667,0.0,0.0,0.0,1.0,12.488852064126746,0.0,0.0,0.0,2.0,0.06666666666666667,0.0,0.0,0.0,2.0,6.02695265865548,22.125,44.25,1.0,0.0,0.06666666666666667,0.0,0.0,-0.475,1.0,15.198858640663428,0.0,0.0,0.0,2.0,0.06666666666666667,0.0,0.0,0.0,1.0,13.83977843032405,0.0,0.0,0.0,0.0,0.06666666666666667,0.0,0.0,0.0,1.0,13.521078221724466,0.0,0.0,0.0,0.0,0.06666666666666667,0.0,0.0,0.0,2.0,15.245808389420272,0.0,0.0,0.0,2.0,0.13333333333333333,0.06666666666666667,0.0,0.0,6.0,4.609350690382896,14.825000000000001,37.5,4.0,0.0,0.13333333333333333,0.0,0.06666666666666667,0.4158333333333334,28.0,0.49901052531616175,6.8446428571428575,25.7,16.0,0.0,0.3333333333333333,0.0,0.6666666666666666,0.37442546583850933,1.0,0.0,1.0,0.0,1.0,0.0,2.0,2.175,2.0,2.525,1.0,0.0,1.0,0.0,2.0,3.15,2.0,3.0,1.0,0.0,7.0,22.435714285714287,30.0,17.03666666666667
west_heavy_seed1,west_heavy,1,793.25,808.25,49.0,4.505884217403045,7.946938775510204,22.0,4.75,1.0,15.587510438968767,0.0,0.0,0.0,2.0,0.06666666666666667,0.0,0.0,0.0,1.0,15.999846463182411,0.0,0.0,0.0,2.0,0.06666666666666667,0.0,0.0,0.0,2.0,6.569316872051352,21.775,43.55,1.0,0.0,0.06666666666666667,0.0,0.0,-0.4516666666666668,1.0,11.692545350627732,0.0,0.0,0.0,2.0,0.06666666666666667,0.0,0.0,0.0,1.0,12.53413423420267,0.0,0.0,0.0,2.0,0.06666666666666667,0.0,0.0,0.0,2.0,6.033427789697782,22.625,45.25,1.0,0.0,0.06666666666666667,0.0,0.0,-0.5083333333333333,1.0,15.219032992431064,0.0,0.0,0.0,2.0,0.06666666666666667,0.0,0.0,0.0,1.0,13.866523121166974,0.0,0.0,0.0,0.0,0.06666666666666667,0.0,0.0,0.0,1.0,13.487804007322625,0.0,0.0,0.0,0.0,0.06666666666666667,0.0,0.0,0.0,2.0,15.262466214791058,0.0,0.0,0.0,2.0,0.13333333333333333,0.06666666666666667,0.0,0.0,6.0,4.604184934222115,15.491666666666667,38.5,4.0,0.0,0.13333333333333333,0.0,0.06666666666666667,0.4102777777777778,28.0,0.4426381566743926,7.416071428571429,26.7,16.0,0.0,0.3333333333333333,0.0,0.6666666666666666,0.39512939958592136,1.0,0.0,1.0,0.0,1.0,0.0,2.0,2.675,2.0,3.025,1.0,0.0,1.0,0.0,2.0,3.65,2.0,3.5,1.0,0.0,7.0,23.292857142857144,30.0,17.986666666666668
west_heavy_seed1,west_heavy,1,794.25,809.25,48.0,4.175788226886685,8.590625000000001,23.0,3.75,1.0,15.607246058647162,0.0,0.0,0.0,2.0,0.06666666666666667,0.0,0.0,0.0,1.0,15.968551013778017,0.0,0.0,0.0,2.0,0.06666666666666667,0.0,0.0,0.0,2.0,6.588217614680894,22.275,44.55,1.0,0.0,0.06666666666666667,0.0,0.0,-0.48500000000000015,1.0,11.721021750958862,0.0,0.0,0.0,2.0,0.06666666666666667,0.0,0.0,0.0,1.0,12.503799128239617,0.0,0.0,0.0,2.0,0.06666666666666667,0.0,0.0,0.0,2.0,6.021191226527454,23.125,46.25,1.0,0.0,0.06666666666666667,0.0,0.0,-0.5416666666666666,1.0,15.272811184007775,0.0,0.0,0.0,2.0,0.06666666666666667,0.0,0.0,0.0,1.0,13.859149272099138,0.0,0.0,0.0,0.0,0.06666666666666667,0.0,0.0,0.0,1.0,13.514144352517189,0.0,0.0,0.0,0.0,0.06666666666666667,0.0,0.0,0.0,2.0,14.638652275340103,0.0,0.0,0.0,2.0,0.13333333333333333,0.06666666666666667,0.0,0.0,6.0,4.182639957284574,16.158333333333335,39.5,4.0,0.0,0.13333333333333333,0.0,0.06666666666666667,0.4047222222222223,28.0,0.38380016871160355,8.02142857142857,27.7,17.0,0.0,0.3333333333333333,0.0,0.6666666666666666,0.41548654244306416,1.0,0.0,1.0,0.0,0.0,0.0,2.0,3.175,2.0,3.525,1.0,0.0,1.0,0.0,2.0,4.15,2.0,4.0,1.0,0.0,7.0,24.150000000000002,30.0,18.971666666666668
west_heavy_seed1,west_heavy,1,795.25,810.25,48.0,4.060308736720297,9.072916666666666,24.0,2.75,1.0,15.570321848449405,0.0,0.0,0.0,2.0,0.06666666666666667,0.0,0.0,0.0,1.0,16.022611815727835,0.0,0.0,0.0,2.0,0.06666666666666667,0.0,0.0,0.0,2.0,6.589503171109029,22.775,45.55,1.0,0.0,0.06666666666666667,0.0,0.0,-0.5183333333333334,1.0,11.713631141850017,0.0,0.0,0.0,2.0,0.06666666666666667,0.0,0.0,0.0,1.0,12.49811931239778,0.0,0.0,0.0,2.0,0.06666666666666667,0.0,0.0,0.0,2.0,6.016734897694909,23.625,47.25,1.0,0.0,0.06666666666666667,0.0,0.0,-0.575,1.0,15.208904140568672,0.0,0.0,0.0,2.0,0.06666666666666667,0.0,0.0,0.0,1.0,13.889720068236814,0.0,0.0,0.0,0.0,0.06666666666666667,0.0,0.0,0.0,1.0,13.4925669993992,0.0,0.0,0.0,0.0,0.06666666666666667,0.0,0.0,0.0,1.0,16.58873489069287,0.0,0.0,0.0,2.0,0.06666666666666667,0.06666666666666667,0.0,0.0,6.0,3.6593247760878884,16.825,40.5,4.0,0.0,0.13333333333333333,0.0,0.06666666666666667,0.3991666666666666,28.0,0.32678493867769837,8.633928571428571,28.7,18.0,0.0,0.26666666666666666,0.0,0.6666666666666666,0.4408730158730158,1.0,0.0,1.0,0.0,0.0,0.0,2.0,3.675,2.0,4.025,1.0,0.0,1.0,0.0,2.0,4.65,2.0,4.5,1.0,0.7,7.0,25.00714285714286,30.0,19.971666666666668
west_heavy_seed1,west_heavy,1,796.25,811.25,49.0,3.909633840698798,9.377551020408163,24.0,1.75,1.0,15.561364519672809,0.0,0.0,0.0,2.0,0.06666666666666667,0.0,0.0,0.0,1.0,16.04786202580615,0.0,0.0,0.0,2.0,0.06666666666666667,0.0,0.0,0.0,2.0,6.587769939083972,23.275,46.55,1.0,0.0,0.06666666666666667,0.0,0.0,-0.5516666666666669,1.0,11.694198515901334,0.0,0.0,0.0,2.0,0.06666666666666667,0.0,0.0,0.0,1.0,12.506621586616726,0.0,0.0,0.0,2.0,0.06666666666666667,0.0,0.0,0.0,2.0,6.023219786977754,24.125,48.25,1.0,0.0,0.06666666666666667,0.0,0.0,-0.6083333333333333,1.0,15.281701241057933,0.0,0.0,0.0,2.0,0.06666666666666667,0.0,0.0,0.0,1.0,13.834376570779831,0.0,0.0,0.0,0.0,0.06666666666666667,0.0,0.0,0.0,1.0,13.483158081627549,0.0,0.0,0.0,0.0,0.06666666666666667,0.0,0.0,0.0,1.0,16.59537491384661,0.0,0.0,0.0,2.0,0.06666666666666667,0.06666666666666667,0.0,0.0,6.0,3.2108120842944117,17.491666666666667,41.5,4.0,0.0,0.13333333333333333,0.0,0.06666666666666667,0.39361111111111113,29.0,0.29182198966909056,8.956896551724139,29.7,18.0,0.0,0.3333333333333333,0.0,0.6666666666666666,0.4401819923371649,1.0,0.25,1.0,0.0,0.0,0.0,2.0,4.175,2.0,4.525,0.0,0.0,1.0,0.0,2.0,5.15,2.0,5.0,1.0,1.7,7.0,25.864285714285717,30.0,20.971666666666668
west_heavy_seed1,west_heavy,1,797.25,812.25,60.0,5.1817581833129545,8.064166666666667,25.0,0.75,2.0,14.754060819616944,0.0,0.0,0.0,2.0,0.13333333333333333,0.0,0.0,0.0,2.0,14.332220004167233,0.0,0.0,0.0,2.0,0.13333333333333333,0.0,0.0,0.0,3.0,6.772866310298188,15.85,47.55,1.0,0.0,0.13333333333333333,0.0,0.0,-1.113333333333333,2.0,11.855422193001486,0.0,0.0,0.0,2.0,0.13333333333333333,0.0,0.0,0.0,2.0,12.626994714200993,0.0,0.0,0.0,2.0,0.13333333333333333,0.0,0.0,0.0,3.0,6.1742263182540285,16.416666666666668,49.25,1.0,0.0,0.13333333333333333,0.0,0.0,-1.1888888888888889,2.0,13.594305825502946,0.0,0.0,0.0,2.0,0.13333333333333333,0.0,0.0,0.0,2.0,14.097752332373522,0.0,0.0,0.0,0.0,0.13333333333333333,0.0,0.0,0.0,2.0,12.747732958911268,0.0,0.0,0.0,0.0,0.13333333333333333,0.0,0.0,0.0,2.0,15.844537889516188,0.0,0.0,0.0,2.0,0.13333333333333333,0.06666666666666667,0.0,0.0,7.0,2.795236279828321,15.564285714285715,42.5,4.0,0.0,0.13333333333333333,0.0,0.06666666666666667,0.3796190476190476,29.0,0.25020186428908503,9.589655172413794,30.7,19.0,0.0,0.26666666666666666,0.0,0.6666666666666666,0.46571034482758633,1.0,1.25,1.0,0.35,0.0,0.0,2.0,4.675,2.0,5.025,0.0,0.0,1.0,0.0,2.0,5.7250000000000005,2.0,5.5,1.0,2.7,7.0,26.72142857142857,30.0,21.971666666666668
west_heavy_seed1,west_heavy,1,798.25,813.25,60.0,5.053700914559591,8.488333333333333,26.0,2.75,1.0,13.83760833138018,0.0,0.0,0.0,1.0,0.06666666666666667,0.0,0.0,0.0,1.0,12.783943869862304,0.0,0.0,0.0,1.0,0.06666666666666667,0.0,0.0,0.0,3.0,7.407708842601373,16.183333333333334,48.55,1.0,0.0,0.13333333333333333,0.0,0.0,-1.1577777777777776,2.0,11.826184096595153,0.0,0.0,0.0,1.0,0.13333333333333333,0.0,0.0,0.0,2.0,12.614488854453349,0.0,0.0,0.0,1.0,0.13333333333333333,0.0,0.0,0.0,3.0,6.82027925487209,16.75,50.25,1.0,0.0,0.13333333333333333,0.0,0.0,-1.2333333333333334,2.0,12.292689489801933,0.0,0.0,0.0,1.0,0.13333333333333333,0.0,0.0,0.0,2.0,14.313936213356811,0.0,0.0,0.0,0.0,0.13333333333333333,0.0,0.0,0.0,2.0,12.731067650171976,0.0,0.0,0.0,0.0,0.13333333333333333,0.0,0.0,0.0,1.0,15.428054262125373,0.0,0.0,0.0,1.0,0.06666666666666667,0.06666666666666667,0.0,0.0,7.0,2.420510456537772,16.135714285714286,43.5,4.0,0.0,0.13333333333333333,0.0,0.0,0.3697142857142858,29.0,0.20965096910672015,10.260344827586207,31.7,20.0,0.0,0.26666666666666666,0.0,0.6666666666666666,0.4841563218390805,1.0,2.25,1.0,1.35,0.0,0.0,2.0,5.175,2.0,5.525,0.0,0.0,1.0,0.35,2.0,6.7250000000000005,2.0,6.0,1.0,3.7,7.0,27.57857142857143,30.0,22.971666666666668
west_heavy_seed1,west_heavy,1,799.25,814.25,61.0,4.84747300659993,8.782786885245901,27.0,1.75,1.0,13.828688522943995,0.0,0.0,0.0,1.0,0.06666666666666667,0.0,0.0,0.0,1.0,12.786128381873311,0.0,0.0,0.0,1.0,0.06666666666666667,0.0,0.0,0.0,3.0,8.177868495303883,16.516666666666666,49.55,1.0,0.0,0.13333333333333333,0.0,0.0,-1.202222222222222,2.0,11.82943364464305,0.0,0.0,0.0,1.0,0.13333333333333333,0.0,0.0,0.0,2.0,12.64587176164918,0.0,0.0,0.0,1.0,0.13333333333333333,0.0,0.0,0.0,3.0,7.461087657675434,17.083333333333332,51.25,1.0,0.0,0.13333333333333333,0.0,0.0,-1.277777777777778,1.0,11.980444546633736,0.0,0.0,0.0,1.0,0.06666666666666667,0.0,0.0,0.0,2.0,12.06848103164453,0.0,0.0,0.0,0.0,0.13333333333333333,0.0,0.0,0.0,2.0,10.636754059422223,0.0,0.0,0.0,0.0,0.13333333333333333,0.0,0.0,0.0,1.0,15.434510189858706,0.0,0.0,0.0,1.0,0.06666666666666667,0.06666666666666667,0.0,0.0,7.0,2.189175572623021,16.70714285714286,44.5,4.0,0.0,0.13333333333333333,0.0,0.0,0.35447619047619056,30.0,0.18173082514770264,10.6,32.7,21.0,0.0,0.3333333333333333,0.0,0.6666666666666666,0.47906666666666664,1.0,3.25,1.0,2.35,0.0,0.0,2.0,5.675,2.0,6.025,0.0,0.0,1.0,1.35,2.0,7.7250000000000005,2.0,6.5,1.0,4.7,7.0,28.435714285714287,30.0,23.971666666666668
west_heavy_seed1,west_heavy,1,800.25,815.25,61.0,4.696996727777006,9.22622950819672,28.0,0.75,1.0,13.87021829909645,0.0,0.0,0.0,1.0,0.06666666666666667,0.0,0.0,0.0,1.0,12.812550489572638,0.0,0.0,0.0,1.0,0.06666666666666667,0.0,0.0,0.0,3.0,8.778490229672483,16.849999999999998,50.55,1.0,0.0,0.13333333333333333,0.0,0.0,-1.2466666666666666,2.0,11.844809497977021,0.0,0.0,0.0,1.0,0.13333333333333333,0.0,0.0,0.0,2.0,10.807884724491123,0.0,0.0,0.0,1.0,0.13333333333333333,0.0,0.0,0.0,3.0,8.076674808557206,17.416666666666668,52.25,1.0,0.0,0.13333333333333333,0.0,0.0,-1.3222222222222222,1.0,11.965646389937831,0.0,0.0,0.0,1.0,0.06666666666666667,0.0,0.0,0.0,2.0,9.830323149274697,0.0,0.0,0.0,0.0,0.13333333333333333,0.0,0.0,0.0,2.0,8.383147357371334,0.0,0.0,0.0,0.0,0.13333333333333333,0.0,0.0,0.0,1.0,15.421122306411595,0.0,0.0,0.0,1.0,0.06666666666666667,0.06666666666666667,0.0,0.0,7.0,2.0611273418925764,17.27857142857143,45.5,4.0,0.0,0.13333333333333333,0.0,0.0,0.33923809523809517,30.0,0.15400207962445128,11.301666666666668,33.7,22.0,0.0,0.3333333333333333,0.0,0.7333333333333333,0.49651111111111124,1.0,4.25,1.0,3.35,0.0,0.0,2.0,6.175,2.0,6.525,0.0,0.0,1.0,2.35,2.0,8.725,2.0,7.0,1.0,5.7,7.0,29.357142857142858,30.0,24.971666666666668
west_heavy_seed1,west_heavy,1,801.25,816.25,60.0,4.393488640969619,8.105,27.0,11.75,1.0,13.842587335347199,0.0,0.0,0.0,0.0,0.06666666666666667,0.0,0.0,0.0,1.0,12.818699903756675,0.0,0.0,0.0,0.0,0.06666666666666667,0.0,0.0,0.0,3.0,8.621807116274761,0.0,0.0,0.0,2.0,0.13333333333333333,0.0,-0.06666666666666667,-2.4366666666666665,2.0,10.26049049491604,0.0,0.0,0.0,0.0,0.13333333333333333,0.0,0.0,0.0,2.0,8.562251673892572,0.0,0.0,0.0,0.0,0.13333333333333333,0.0,0.0,0.0,3.0,8.772104864670938,0.0,0.0,0.0,2.0,0.13333333333333333,0.0,-0.06666666666666667,-2.55,1.0,11.972493986523116,0.0,0.0,0.0,0.0,0.06666666666666667,0.0,0.0,0.0,2.0,8.132159618141428,0.15,0.3,1.0,0.0,0.13333333333333333,0.0,0.06666666666666667,0.01,2.0,6.137290943637817,0.0,0.0,0.0,0.0,0.13333333333333333,0.0,0.0,0.0,1.0,15.466760812481374,0.0,0.0,0.0,0.0,0.06666666666666667,0.06666666666666667,0.0,0.0,7.0,2.023518047030236,17.85,46.5,4.0,0.0,0.13333333333333333,0.0,0.0,0.32400000000000007,30.0,0.12198430903933448,12.035,34.7,22.0,0.0,0.26666666666666666,0.0,0.6666666666666666,0.5245128205128206,1.0,0.0,1.0,4.35,0.0,0.0,2.0,0.0,2.0,7.5,0.0,0.0,1.0,0.0,2.0,2.075,2.0,7.5,1.0,0.0,7.0,21.571428571428573,30.0,25.971666666666668
west_heavy_seed1,west_heavy,1,802.25,817.25,60.0,4.308832737159506,8.596666666666666,31.0,10.75,1.0,13.829023940404877,0.0,0.0,0.0,0.0,0.06666666666666667,0.06666666666666667,0.0,0.0,1.0,12.820172201818384,0.0,0.0,0.0,0.0,0.06666666666666667,0.06666666666666667,0.0,0.0,2.0,11.9657989349802,0.0,0.0,0.0,2.0,0.06666666666666667,0.06666666666666667,-0.06666666666666667,-1.2516666666666665,2.0,7.755651403960829,0.0,0.0,0.0,0.0,0.06666666666666667,0.0,0.0,0.0,2.0,6.364997273274166,0.025,0.05,1.0,0.0,0.06666666666666667,0.0,0.06666666666666667,0.0016666666666666668,2.0,11.635654081896968,0.0,0.0,0.0,2.0,0.06666666666666667,0.06666666666666667,-0.06666666666666667,-1.3083333333333333,1.0,11.985554920598736,0.0,0.0,0.0,0.0,0.06666666666666667,0.06666666666666667,0.0,0.0,2.0,8.147087149175182,0.65,1.3,1.0,0.0,0.06666666666666667,0.0,0.06666666666666667,0.043333333333333335,2.0,5.989088625329313,0.5,1.0,1.0,0.0,0.06666666666666667,0.0,0.06666666666666667,0.03333333333333333,1.0,15.387158608605594,0.0,0.0,0.0,0.0,0.06666666666666667,0.13333333333333333,0.0,0.0,7.0,2.104176720171993,18.564285714285713,47.5,5.0,0.0,0.06666666666666667,0.0,0.06666666666666667,0.4715079365079364,30.0,0.09468337724525565,12.783333333333333,35.7,23.0,0.0,0.26666666666666666,0.0,0.6666666666666666,0.542094017094017,0.0,0.0,1.0,5.35,0.0,0.0,1.0,0.0,2.0,8.5,0.0,0.0,0.0,0.0,1.0,0.0,2.0,8.0,0.0,0.0,6.0,5.091666666666667,30.0,26.971666666666668
west_heavy_seed1,west_heavy,1,803.25,818.25,60.0,4.266097760582356,9.1275,33.0,9.75,1.0,13.845226855590008,0.0,0.0,0.0,0.0,0.06666666666666667,0.06666666666666667,0.0,0.0,1.0,12.817787678971252,0.0,0.0,0.0,0.0,0.06666666666666667,0.06666666666666667,0.0,0.0,2.0,11.64619783109644,0.0,0.0,0.0,2.0,0.06666666666666667,0.06666666666666667,-0.06666666666666667,-1.285,2.0,5.993716417687247,0.175,0.35,1.0,0.0,0.06666666666666667,0.0,0.06666666666666667,0.011666666666666665,2.0,6.390434241611372,0.525,1.05,1.0,0.0,0.06666666666666667,0.0,0.06666666666666667,0.035,2.0,11.086556673161152,0.0,0.0,0.0,2.0,0.06666666666666667,0.06666666666666667,-0.06666666666666667,-1.3416666666666666,1.0,11.971121362993363,0.0,0.0,0.0,0.0,0.06666666666666667,0.06666666666666667,0.0,0.0,2.0,8.131670177895874,1.15,2.3,1.0,0.0,0.06666666666666667,0.0,0.06666666666666667,0.07666666666666666,2.0,5.990881615217076,1.0,2.0,1.0,0.0,0.06666666666666667,0.0,0.06666666666666667,0.06666666666666667,1.0,15.465626285904527,0.0,0.0,0.0,0.0,0.06666666666666667,0.13333333333333333,0.0,0.0,7.0,2.039191482162446,19.27857142857143,48.5,5.0,0.0,0.06666666666666667,0.0,0.06666666666666667,0.4746825396825397,30.0,0.07134266397326548,13.566666666666666,36.7,24.0,0.0,0.26666666666666666,0.0,0.7333333333333333,0.560982905982906,0.0,0.0,1.0,6.35,0.0,0.0,1.0,0.0,2.0,9.5,0.0,0.0,0.0,0.0,1.0,0.0,2.0,9.0,0.0,0.0,6.0,2.7583333333333333,30.0,27.971666666666668
west_heavy_seed1,west_heavy,1,804.25,819.25,60.0,4.318637657296607,9.686666666666667,34.0,8.75,1.0,13.847731706006453,0.0,0.0,0.0,0.0,0.06666666666666667,0.06666666666666667,0.0,0.0,1.0,12.814207734503613,0.0,0.0,0.0,0.0,0.06666666666666667,0.06666666666666667,0.0,0.0,2.0,11.908210674191883,0.0,0.0,0.0,2.0,0.06666666666666667,0.06666666666666667,-0.06666666666666667,-1.3183333333333331,2.0,5.989659304660745,0.675,1.35,1.0,0.0,0.06666666666666667,0.0,0.06666666666666667,0.045000000000000005,2.0,6.377515959971794,1.025,2.05,1.0,0.0,0.06666666666666667,0.0,0.06666666666666667,0.06833333333333333,2.0,11.114348296486526,0.0,0.0,0.0,2.0,0.06666666666666667,0.06666666666666667,-0.06666666666666667,-1.375,1.0,11.974620892071036,0.0,0.0,0.0,0.0,0.06666666666666667,0.06666666666666667,0.0,0.0,2.0,8.118530058458745,1.65,3.3,1.0,0.0,0.06666666666666667,0.0,0.06666666666666667,0.11,2.0,5.996810259165941,1.5,3.0,1.0,0.0,0.06666666666666667,0.0,0.06666666666666667,0.1,1.0,15.423378090945512,0.0,0.0,0.0,0.0,0.06666666666666667,0.13333333333333333,0.0,0.0,7.0,1.9768640454838589,19.99285714285714,49.5,5.0,0.0,0.06666666666666667,0.0,0.06666666666666667,0.4778571428571426,30.0,0.051591098631109604,14.385,37.7,25.0,0.0,0.2,0.0,0.7333333333333333,0.5951728395061728,0.0,0.0,1.0,7.35,0.0,0.0,0.0,0.0,2.0,10.5,0.0,0.0,0.0,0.0,0.0,0.0,2.0,10.0,0.0,0.0,6.0,0.0,30.0,28.971666666666668
west_heavy_seed1,west_heavy,1,805.25,820.25,60.0,4.399055201278538,10.265833333333335,36.0,7.75,1.0,13.85107077704277,0.0,0.0,0.0,0.0,0.06666666666666667,0.06666666666666667,0.0,0.0,1.0,12.818923605192284,0.0,0.0,0.0,0.0,0.06666666666666667,0.06666666666666667,0.0,0.0,1.0,16.610594557821752,0.0,0.0,0.0,2.0,0.06666666666666667,0.13333333333333333,-0.06666666666666667,-1.3516666666666666,2.0,5.998393095225328,1.175,2.35,1.0,0.0,0.06666666666666667,0.0,0.06666666666666667,0.07833333333333334,2.0,6.363766886696546,1.525,3.05,1.0,0.0,0.06666666666666667,0.0,0.06666666666666667,0.10166666666666666,1.0,13.87305132098496,0.0,0.0,0.0,2.0,0.06666666666666667,0.13333333333333333,-0.06666666666666667,-1.4083333333333334,1.0,11.965796070814468,0.0,0.0,0.0,0.0,0.06666666666666667,0.06666666666666667,0.0,0.0,2.0,8.123522977333813,2.15,4.3,1.0,0.0,0.06666666666666667,0.0,0.06666666666666667,0.14333333333333334,2.0,5.988304319480667,2.0,4.0,1.0,0.0,0.06666666666666667,0.0,0.06666666666666667,0.13333333333333333,1.0,15.429890344181539,0.0,0.0,0.0,0.0,0.06666666666666667,0.13333333333333333,0.0,0.0,7.0,1.9573526990531345,20.72142857142857,50.5,6.0,0.0,0.06666666666666667,0.0,0.13333333333333333,0.48198412698412696,30.0,0.03678856668458718,15.24,38.7,26.0,0.0,0.2,0.0,0.7333333333333333,0.617358024691358,0.0,0.0,1.0,8.35,0.0,0.0,0.0,0.0,2.0,11.5,0.0,0.0,0.0,0.0,0.0,0.0,2.0,11.0,0.0,0.0,5.0,0.0,30.0,29.971666666666668
west_heavy_seed1,west_heavy,1,806.25,821.25,60.0,4.432733916138145,10.8725,37.0,6.75,1.0,13.888442969623721,0.0,0.0,0.0,0.0,0.06666666666666667,0.06666666666666667,0.0,0.0,1.0,12.805005965634079,0.0,0.0,0.0,0.0,0.06666666666666667,0.06666666666666667,0.0,0.0,1.0,16.606345562849196,0.0,0.0,0.0,2.0,0.06666666666666667,0.13333333333333333,-0.06666666666666667,-1.385,2.0,5.989913193349493,1.675,3.35,1.0,0.0,0.06666666666666667,0.0,0.06666666666666667,0.11166666666666666,2.0,6.371940564999684,2.025,4.05,1.0,0.0,0.06666666666666667,0.0,0.06666666666666667,0.13499999999999998,1.0,13.8899779039633,0.0,0.0,0.0,2.0,0.06666666666666667,0.13333333333333333,-0.06666666666666667,-1.4416666666666667,1.0,11.972295382684898,0.0,0.0,0.0,0.0,0.06666666666666667,0.06666666666666667,0.0,0.0,2.0,6.068634302708282,2.65,5.3,1.0,0.0,0.06666666666666667,0.0,0.06666666666666667,0.17666666666666667,2.0,5.994826961942017,2.5,5.0,1.0,0.0,0.06666666666666667,0.0,0.06666666666666667,0.16666666666666666,1.0,15.48673620088163,0.0,0.0,0.0,0.0,0.06666666666666667,0.13333333333333333,0.0,0.0,7.0,1.9486154394897033,21.57857142857143,51.5,6.0,0.0,0.06666666666666667,0.0,0.13333333333333333,0.4946825396825397,30.0,0.025752891807620824,16.12,39.7,27.0,0.0,0.2,0.0,0.8,0.6389876543209877,0.0,0.0,1.0,9.35,0.0,0.0,0.0,0.0,2.0,12.5,0.0,0.0,0.0,0.0,0.0,0.0,2.0,12.0,0.0,0.0,5.0,0.0,30.0,30.971666666666668
west_heavy_seed1,west_heavy,1,807.25,822.25,60.0,4.41345455155968,11.4975,38.0,5.75,1.0,13.85645864574588,0.0,0.0,0.0,0.0,0.06666666666666667,0.06666666666666667,0.0,0.0,1.0,12.787470685967307,0.0,0.0,0.0,0.0,0.06666666666666667,0.06666666666666667,0.0,0.0,1.0,16.66727813910693,0.0,0.0,0.0,2.0,0.06666666666666667,0.13333333333333333,-0.06666666666666667,-1.4183333333333332,2.0,5.9950913209409915,2.175,4.35,1.0,0.0,0.06666666666666667,0.0,0.06666666666666667,0.145,2.0,6.378514020476002,2.525,5.05,1.0,0.0,0.06666666666666667,0.0,0.06666666666666667,0.16833333333333333,1.0,13.843150695802178,0.0,0.0,0.0,2.0,0.06666666666666667,0.13333333333333333,-0.06666666666666667,-1.475,1.0,11.990878077837044,0.0,0.0,0.0,0.0,0.06666666666666667,0.06666666666666667,0.0,0.0,2.0,4.119227661162846,3.15,6.3,1.0,0.0,0.06666666666666667,0.0,0.06666666666666667,0.21,2.0,5.991271741624223,3.0,6.0,1.0,0.0,0.06666666666666667,0.0,0.06666666666666667,0.2,1.0,12.748144196000776,0.0,0.0,0.0,0.0,0.06666666666666667,0.13333333333333333,0.0,0.0,7.0,1.8743402856182279,22.435714285714287,52.5,6.0,0.0,0.06666666666666667,0.0,0.13333333333333333,0.5073809523809524,30.0,0.01737718659986852,17.03666666666667,40.7,28.0,0.0,0.13333333333333333,0.0,0.8,0.679468253968254,0.0,0.0,1.0,10.35,0.0,0.0,0.0,0.0,2.0,13.5,0.0,0.0,0.0,0.0,0.0,0.0,2.0,13.0,0.0,0.0,4.0,0.0,30.0,31.971666666666668
west_heavy_seed1,west_heavy,1,808.25,823.25,60.0,4.236586212948777,12.139166666666666,39.0,4.75,1.0,12.519508644407432,0.0,0.0,0.0,0.0,0.06666666666666667,0.06666666666666667,0.0,0.0,1.0,12.805968061372003,0.0,0.0,0.0,0.0,0.06666666666666667,0.06666666666666667,0.0,0.0,1.0,16.58950748702884,0.0,0.0,0.0,2.0,0.06666666666666667,0.13333333333333333,-0.06666666666666667,-1.4516666666666667,2.0,5.9986340278282295,2.675,5.35,1.0,0.0,0.06666666666666667,0.0,0.06666666666666667,0.17833333333333332,2.0,5.690028853051169,3.025,6.05,1.0,0.0,0.06666666666666667,0.0,0.06666666666666667,0.20166666666666666,1.0,13.886623891636264,0.0,0.0,0.0,2.0,0.06666666666666667,0.13333333333333333,-0.06666666666666667,-1.5083333333333333,1.0,11.993172714494506,0.0,0.0,0.0,0.0,0.06666666666666667,0.06666666666666667,0.0,0.0,2.0,2.4415806526610475,3.65,7.3,1.0,0.0,0.06666666666666667,0.0,0.06666666666666667,0.24333333333333332,2.0,5.996122863830533,3.5,7.0,1.0,0.0,0.06666666666666667,0.0,0.06666666666666667,0.23333333333333334,1.0,7.284829413083281,0.0,0.0,0.0,0.0,0.06666666666666667,0.13333333333333333,0.0,0.0,7.0,1.4043845718172279,23.292857142857144,53.5,6.0,0.0,0.06666666666666667,0.0,0.13333333333333333,0.5200793650793651,30.0,0.01181720087006933,17.986666666666668,41.7,29.0,0.0,0.13333333333333333,0.0,0.8666666666666667,0.7047063492063493,0.0,0.0,1.0,11.35,0.0,0.0,0.0,0.0,2.0,14.5,0.0,0.0,0.0,0.0,0.0,0.0,2.0,14.0,0.0,0.0,3.0,0.0,30.0,32.971666666666664
west_heavy_seed1,west_heavy,1,809.25,824.25,59.0,3.6761483873943392,13.015254237288135,40.0,3.75,1.0,8.03547774591412,0.0,0.0,0.0,0.0,0.06666666666666667,0.06666666666666667,0.0,0.0,1.0,12.18105847443243,0.0,0.0,0.0,0.0,0.06666666666666667,0.06666666666666667,0.0,0.0,0.0,0.0,0.0,0.0,0.0,2.0,0.0,0.13333333333333333,-0.06666666666666667,-1.4849999999999999,2.0,4.664330137542206,3.175,6.35,1.0,0.0,0.06666666666666667,0.0,0.06666666666666667,0.21166666666666664,2.0,4.131434409014865,3.525,7.05,1.0,0.0,0.06666666666666667,0.0,0.06666666666666667,0.235,1.0,13.863199794228422,0.0,0.0,0.0,2.0,0.06666666666666667,0.13333333333333333,-0.06666666666666667,-1.5416666666666667,1.0,11.97921534658257,0.0,0.0,0.0,0.0,0.06666666666666667,0.06666666666666667,0.0,0.0,2.0,1.2046831587128402,4.15,8.3,1.0,0.0,0.06666666666666667,0.0,0.06666666666666667,0.27666666666666667,2.0,4.670896237915108,4.0,8.0,1.0,0.0,0.06666666666666667,0.0,0.06666666666666667,0.26666666666666666,1.0,1.7886195711517794,0.0,0.0,0.0,0.0,0.06666666666666667,0.13333333333333333,0.0,0.0,7.0,0.9811974599967807,24.150000000000002,54.5,6.0,0.0,0.06666666666666667,0.0,0.13333333333333333,0.5327777777777778,30.0,0.007878850324174121,18.971666666666668,42.7,30.0,0.0,0.13333333333333333,0.0,0.8666666666666667,0.7300158730158731,0.0,0.0,1.0,12.35,0.0,0.0,0.0,0.0,2.0,15.5,0.0,0.0,0.0,0.0,0.0,0.0,2.0,15.0,0.0,0.0,3.0,0.0,30.0,33.971666666666664
west_heavy_seed1,west_heavy,1,810.25,825.25,59.0,3.30736307141321,13.705084745762711,41.0,2.75,1.0,3.535477745914126,0.0,0.0,0.0,0.0,0.06666666666666667,0.06666666666666667,0.0,0.0,1.0,7.681058474432437,0.0,0.0,0.0,0.0,0.06666666666666667,0.06666666666666667,0.0,0.0,0.0,0.0,0.0,0.0,0.0,2.0,0.0,0.13333333333333333,-0.06666666666666667,-1.5183333333333333,2.0,3.4281512086316313,3.675,7.35,1.0,0.0,0.06666666666666667,0.0,0.06666666666666667,0.245,2.0,2.767091316741781,4.025,8.05,1.0,0.0,0.06666666666666667,0.0,0.06666666666666667,0.26833333333333337,1.0,13.865544467353029,0.0,0.0,0.0,2.0,0.06666666666666667,0.13333333333333333,-0.06666666666666667,-1.575,1.0,10.786822195508543,0.0,0.0,0.0,0.0,0.06666666666666667,0.06666666666666667,0.0,0.0,2.0,0.4655059733425909,4.65,9.3,1.0,0.0,0.06666666666666667,0.0,0.06666666666666667,0.31,2.0,3.434824837845477,4.5,9.0,1.0,0.0,0.06666666666666667,0.0,0.06666666666666667,0.3,1.0,0.0,0.7,0.7,1.0,0.0,0.06666666666666667,0.06666666666666667,0.06666666666666667,0.04666666666666666,7.0,0.6250316310468157,25.00714285714286,55.5,6.0,0.0,0.06666666666666667,0.0,0.13333333333333333,0.5454761904761907,30.0,0.005168536839200817,19.971666666666668,43.7,30.0,0.0,0.13333333333333333,0.0,0.8,0.7558492063492064,0.0,0.0,1.0,13.35,0.0,0.0,0.0,0.0,2.0,16.5,0.0,0.0,0.0,0.0,0.0,0.0,2.0,16.0,0.0,0.0,2.0,0.0,30.0,34.97166666666667
west_heavy_seed1,west_heavy,1,811.25,826.25,58.0,2.7176249786298787,14.652586206896553,42.0,1.75,1.0,0.0,0.25,0.25,1.0,0.0,0.06666666666666667,0.06666666666666667,0.06666666666666667,0.016666666666666666,1.0,3.181925810304034,0.0,0.0,0.0,0.0,0.06666666666666667,0.06666666666666667,0.0,0.0,0.0,0.0,0.0,0.0,0.0,2.0,0.0,0.13333333333333333,-0.06666666666666667,-1.5516666666666665,2.0,2.363880228650418,4.175,8.35,1.0,0.0,0.06666666666666667,0.0,0.06666666666666667,0.2783333333333333,2.0,1.650333845173525,4.525,9.05,1.0,0.0,0.06666666666666667,0.0,0.06666666666666667,0.3016666666666667,0.0,0.0,0.0,0.0,0.0,2.0,0.0,0.13333333333333333,-0.06666666666666667,-1.6083333333333334,1.0,6.7891285754455994,0.0,0.0,0.0,0.0,0.06666666666666667,0.06666666666666667,0.0,0.0,2.0,0.14891408523927427,5.15,10.3,1.0,0.0,0.06666666666666667,0.0,0.06666666666666667,0.3433333333333334,2.0,2.365866551277618,5.0,10.0,1.0,0.0,0.06666666666666667,0.0,0.06666666666666667,0.3333333333333333,1.0,0.0,1.7,1.7,1.0,0.0,0.06666666666666667,0.06666666666666667,0.06666666666666667,0.11333333333333333,7.0,0.3458402235423502,25.864285714285717,56.5,6.0,0.0,0.06666666666666667,0.0,0.13333333333333333,0.5581746031746033,30.0,0.003377008744786328,20.971666666666668,44.7,30.0,0.0,0.06666666666666667,0.0,0.8,0.8009846743295019,0.0,0.0,1.0,14.35,0.0,0.0,0.0,0.0,2.0,17.5,0.0,0.0,0.0,0.0,0.0,0.0,2.0,17.0,0.0,0.0,2.0,0.0,30.0,35.97166666666667
west_heavy_seed1,west_heavy,1,812.25,827.25,56.0,2.0103918548018873,15.934821428571428,44.0,0.75,1.0,0.0,1.25,1.25,1.0,0.0,0.0,0.06666666666666667,0.06666666666666667,0.08333333333333333,1.0,0.0,0.35,0.35,1.0,0.0,0.0,0.06666666666666667,0.06666666666666667,0.02333333333333333,0.0,0.0,0.0,0.0,0.0,2.0,0.0,0.2,-0.06666666666666667,-1.0566666666666666,2.0,1.5050591565475584,4.675,9.35,1.0,0.0,0.0,0.0,0.06666666666666667,0.31166666666666665,2.0,0.8320516402033692,5.025,10.05,1.0,0.0,0.0,0.0,0.06666666666666667,0.335,0.0,0.0,0.0,0.0,0.0,2.0,0.0,0.2,-0.06666666666666667,-1.0944444444444446,1.0,2.792307239970022,0.0,0.0,0.0,0.0,0.0,0.06666666666666667,0.0,0.0,2.0,0.04142327497198468,5.7250000000000005,11.3,2.0,0.0,0.0,0.0,0.13333333333333333,0.3816666666666667,2.0,1.5093817488770527,5.5,11.0,1.0,0.0,0.0,0.0,0.06666666666666667,0.36666666666666664,1.0,0.0,2.7,2.7,1.0,0.0,0.0,0.06666666666666667,0.06666666666666667,0.18000000000000002,7.0,0.16452662107843458,26.72142857142857,57.5,6.0,0.0,0.0,0.0,0.13333333333333333,0.7438095238095238,30.0,0.002162047478027514,21.971666666666668,45.7,30.0,0.0,0.06666666666666667,0.0,0.7333333333333333,0.8254674329501915,0.0,0.0,1.0,15.35,0.0,0.0,0.0,0.0,2.0,18.5,0.0,0.0,0.0,0.0,0.0,0.0,2.0,18.0,0.0,0.0,1.0,0.0,30.0,36.97166666666667
west_heavy_seed1,west_heavy,1,813.25,828.25,55.0,1.6418552398496074,17.03090909090909,45.0,2.75,1.0,0.0,2.25,2.25,1.0,0.0,0.0,0.0,0.06666666666666667,0.15,1.0,0.0,1.35,1.35,1.0,0.0,0.0,0.0,0.06666666666666667,0.09000000000000001,0.0,0.0,0.0,0.0,0.0,1.0,0.0,0.2,-0.06666666666666667,-1.078888888888889,2.0,0.8713030054667955,5.175,10.35,1.0,0.0,0.0,0.0,0.06666666666666667,0.345,2.0,0.3673572536895527,5.525,11.05,1.0,0.0,0.0,0.0,0.06666666666666667,0.36833333333333335,0.0,0.0,0.0,0.0,0.0,1.0,0.0,0.2,-0.06666666666666667,-1.1166666666666667,1.0,0.0,0.35,0.35,1.0,0.0,0.0,0.06666666666666667,0.06666666666666667,0.02333333333333333,2.0,0.011748865150153507,6.7250000000000005,12.3,2.0,0.0,0.0,0.0,0.13333333333333333,0.44833333333333336,2.0,0.8785665430949517,6.0,12.0,1.0,0.0,0.0,0.0,0.06666666666666667,0.4,1.0,0.0,3.7,3.7,1.0,0.0,0.0,0.0,0.06666666666666667,0.24666666666666667,7.0,0.06838303588296377,27.57857142857143,58.5,6.0,0.0,0.0,0.0,0.13333333333333333,0.7628571428571429,30.0,0.00138981410508015,22.971666666666668,46.7,30.0,0.0,0.06666666666666667,0.0,0.6666666666666666,0.8474214559386973,0.0,0.0,1.0,16.35,0.0,0.0,0.0,0.0,2.0,19.5,0.0,0.0,0.0,0.0,0.0,0.0,2.0,19.0,0.0,0.0,0.0,0.0,30.0,37.97166666666667
west_heavy_seed1,west_heavy,1,814.25,829.25,55.0,1.5990500313942726,17.84909090909091,45.0,1.75,1.0,0.0,3.25,3.25,1.0,0.0,0.0,0.0,0.06666666666666667,0.21666666666666667,1.0,0.0,2.35,2.35,1.0,0.0,0.0,0.0,0.06666666666666667,0.15666666666666668,0.0,0.0,0.0,0.0,0.0,1.0,0.0,0.2,-0.06666666666666667,-1.1011111111111112,2.0,0.4634477932365164,5.675,11.35,1.0,0.0,0.0,0.0,0.06666666666666667,0.3783333333333333,2.0,0.14476480717798398,6.025,12.05,1.0,0.0,0.0,0.0,0.06666666666666667,0.40166666666666667,0.0,0.0,0.0,0.0,0.0,1.0,0.0,0.2,-0.06666666666666667,-1.1388888888888888,1.0,0.0,1.35,1.35,1.0,0.0,0.0,0.0,0.06666666666666667,0.09000000000000001,2.0,0.0033010106311746105,7.7250000000000005,13.3,2.0,0.0,0.0,0.0,0.13333333333333333,0.515,2.0,0.4635458824579133,6.5,13.0,1.0,0.0,0.0,0.0,0.06666666666666667,0.43333333333333335,1.0,0.0,4.7,4.7,1.0,0.0,0.0,0.0,0.06666666666666667,0.31333333333333335,7.0,0.025530017812029134,28.435714285714287,59.5,6.0,0.0,0.0,0.0,0.13333333333333333,0.7819047619047619,30.0,0.000879825410928096,23.971666666666668,47.7,30.0,0.0,0.0,0.0,0.6,0.8914444444444445,0.0,0.0,1.0,17.35,0.0,0.0,0.0,0.0,2.0,20.5,0.0,0.0,0.0,0.0,0.0,0.0,2.0,20.0,0.0,0.0,0.0,0.0,30.0,38.97166666666667
west_heavy_seed1,west_heavy,1,815.25,830.25,55.0,1.5621770792933667,18.675454545454546,46.0,0.75,1.0,0.0,4.25,4.25,1.0,0.0,0.0,0.0,0.06666666666666667,0.2833333333333333,1.0,0.0,3.35,3.35,1.0,0.0,0.0,0.0,0.06666666666666667,0.22333333333333333,0.0,0.0,0.0,0.0,0.0,1.0,0.0,0.2,-0.06666666666666667,-1.1233333333333333,2.0,0.23134094290722035,6.175,12.35,1.0,0.0,0.0,0.0,0.06666666666666667,0.4116666666666667,2.0,0.05346735181075798,6.525,13.05,1.0,0.0,0.0,0.0,0.06666666666666667,0.435,0.0,0.0,0.0,0.0,0.0,1.0,0.0,0.2,-0.06666666666666667,-1.1611111111111112,1.0,0.0,2.35,2.35,1.0,0.0,0.0,0.0,0.06666666666666667,0.15666666666666668,2.0,0.0009280683860315005,8.725,14.3,2.0,0.0,0.0,0.0,0.13333333333333333,0.5816666666666667,2.0,0.23224019253036604,7.0,14.0,1.0,0.0,0.0,0.0,0.06666666666666667,0.4666666666666667,1.0,0.0,5.7,5.7,1.0,0.0,0.0,0.0,0.06666666666666667,0.38,7.0,0.00939753405801533,29.357142857142858,60.5,7.0,0.0,0.0,0.0,0.2,0.8052380952380953,30.0,0.0005501826553048714,24.971666666666668,48.7,30.0,0.0,0.0,0.0,0.5333333333333333,0.9113333333333333,0.0,0.0,1.0,18.35,0.0,0.0,0.0,0.0,2.0,21.5,0.0,0.0,0.0,0.0,0.0,0.0,2.0,21.0,0.0,0.0,0.0,0.0,30.0,39.97166666666667
west_heavy_seed1,west_heavy,1,816.25,831.25,55.0,1.612772377768663,17.611818181818183,41.0,29.75,1.0,0.61606505206864,0.0,0.0,0.0,2.0,0.0,0.0,0.0,0.0,1.0,0.0,4.35,4.35,1.0,0.0,0.0,0.0,0.06666666666666667,0.29,0.0,0.0,0.0,0.0,0.0,0.0,0.0,0.2,0.0,0.0,2.0,0.5722232116797449,0.0,0.0,0.0,2.0,0.0,0.0,0.0,0.0,2.0,0.01948624113204573,7.5,14.05,2.0,0.0,0.0,0.0,0.13333333333333333,0.5,0.0,0.0,0.0,0.0,0.0,0.0,0.0,0.2,0.0,0.0,1.0,0.48844018459350497,0.0,0.0,0.0,2.0,0.0,0.0,0.0,0.0,2.0,0.38821901629205696,2.075,4.15,1.0,2.0,0.0,0.0,0.0,0.12833333333333335,2.0,0.11016211150709312,7.5,15.0,1.0,0.0,0.0,0.0,0.06666666666666667,0.5,1.0,0.763849416313183,0.0,0.0,0.0,2.0,0.0,0.0,0.0,0.0,7.0,0.07166056840580859,21.571428571428573,50.0,6.0,2.0,0.0,0.0,0.13333333333333333,0.2480952380952381,30.0,0.0003386203828657647,25.971666666666668,49.7,30.0,0.0,0.0,0.0,0.5333333333333333,0.9291111111111111,0.0,0.0,1.0,19.35,0.0,0.0,0.0,0.0,2.0,22.5,0.0,0.0,0.0,0.0,0.0,0.0,2.0,22.0,0.0,0.0,0.0,0.0,30.0,40.97166666666667
west_heavy_seed1,west_heavy,1,817.25,832.25,55.0,1.9276197215120459,15.964545454545453,37.0,28.75,0.0,0.0,0.0,0.0,0.0,2.0,0.0,0.06666666666666667,0.0,0.0,1.0,0.0,5.35,5.35,1.0,0.0,0.0,0.0,0.06666666666666667,0.35666666666666663,0.0,0.0,0.0,0.0,0.0,0.0,0.0,0.13333333333333333,0.0,0.0,1.0,1.810513858173223,0.0,0.0,0.0,2.0,0.0,0.06666666666666667,0.0,0.0,2.0,0.007158883246243921,8.5,15.05,2.0,0.0,0.0,0.0,0.06666666666666667,0.565,0.0,0.0,0.0,0.0,0.0,0.0,0.0,0.13333333333333333,0.0,0.0,0.0,0.0,0.0,0.0,0.0,2.0,0.0,0.06666666666666667,0.0,0.0,1.0,1.8871404638354121,0.0,0.0,0.0,2.0,0.0,0.06666666666666667,-0.06666666666666667,-0.043333333333333335,2.0,0.050419129606266065,8.0,16.0,1.0,0.0,0.0,0.0,0.0,0.5,0.0,0.0,0.0,0.0,0.0,2.0,0.0,0.06666666666666667,0.0,0.0,6.0,0.2675828798672229,5.091666666666667,16.0,3.0,2.0,0.0,0.06666666666666667,-0.13333333333333333,-0.8981746031746031,30.0,0.00020955175063917429,26.971666666666668,50.7,30.0,0.0,0.0,0.0,0.4666666666666667,0.945888888888889,0.0,0.0,1.0,20.35,0.0,0.0,0.0,0.0,2.0,23.5,0.0,0.0,0.0,0.0,0.0,0.0,2.0,23.0,0.0,0.0,0.0,0.0,30.0,41.97166666666667
west_heavy_seed1,west_heavy,1,818.25,833.25,54.0,1.9956762216755097,16.649074074074072,37.0,27.75,0.0,0.0,0.0,0.0,0.0,2.0,0.0,0.06666666666666667,0.0,0.0,1.0,0.0,6.35,6.35,1.0,0.0,0.0,0.0,0.06666666666666667,0.4233333333333333,0.0,0.0,0.0,0.0,0.0,0.0,0.0,0.13333333333333333,0.0,0.0,1.0,3.511498763992876,0.0,0.0,0.0,2.0,0.0,0.06666666666666667,-0.06666666666666667,-0.011666666666666665,2.0,0.002568314219331862,9.5,16.05,2.0,0.0,0.0,0.0,0.06666666666666667,0.5983333333333333,0.0,0.0,0.0,0.0,0.0,0.0,0.0,0.13333333333333333,0.0,0.0,0.0,0.0,0.0,0.0,0.0,2.0,0.0,0.06666666666666667,0.0,0.0,1.0,3.9748297448047154,0.0,0.0,0.0,2.0,0.0,0.06666666666666667,-0.06666666666666667,-0.07666666666666666,2.0,0.02327323741006106,9.0,17.0,2.0,0.0,0.0,0.0,0.06666666666666667,0.5333333333333333,0.0,0.0,0.0,0.0,0.0,2.0,0.0,0.06666666666666667,0.0,0.0,6.0,0.7813876668324062,2.7583333333333333,13.1,2.0,2.0,0.0,0.06666666666666667,-0.2,-1.1013492063492063,30.0,0.00012807304505441162,27.971666666666668,51.7,30.0,0.0,0.0,0.0,0.4,0.9603333333333334,0.0,0.0,1.0,21.35,0.0,0.0,0.0,0.0,2.0,24.5,0.0,0.0,0.0,0.0,0.0,0.0,2.0,24.0,0.0,0.0,0.0,0.0,30.0,42.97166666666667
west_heavy_seed1,west_heavy,1,819.25,834.25,54.0,2.361837662991668,16.99074074074074,35.0,26.75,0.0,0.0,0.0,0.0,0.0,2.0,0.0,0.06666666666666667,0.0,0.0,1.0,0.0,7.35,7.35,1.0,0.0,0.0,0.0,0.06666666666666667,0.49,0.0,0.0,0.0,0.0,0.0,0.0,0.0,0.13333333333333333,0.0,0.0,0.0,0.0,0.0,0.0,0.0,2.0,0.0,0.13333333333333333,-0.06666666666666667,-0.045000000000000005,2.0,0.0009393637616273194,10.5,17.05,2.0,0.0,0.0,0.0,0.06666666666666667,0.6316666666666666,0.0,0.0,0.0,0.0,0.0,0.0,0.0,0.13333333333333333,0.0,0.0,0.0,0.0,0.0,0.0,0.0,2.0,0.0,0.06666666666666667,0.0,0.0,0.0,0.0,0.0,0.0,0.0,2.0,0.0,0.13333333333333333,-0.06666666666666667,-0.11,2.0,0.010771016216099796,10.0,18.0,2.0,0.0,0.0,0.0,0.06666666666666667,0.5666666666666667,0.0,0.0,0.0,0.0,0.0,2.0,0.0,0.06666666666666667,0.0,0.0,6.0,1.4797401268609862,0.0,0.0,0.0,2.0,0.0,0.06666666666666667,-0.3333333333333333,-1.3328571428571427,30.0,7.647378775793593e-05,28.971666666666668,52.7,30.0,0.0,0.0,0.0,0.3333333333333333,0.9724444444444446,0.0,0.0,1.0,22.35,0.0,0.0,0.0,0.0,2.0,25.5,0.0,0.0,0.0,0.0,0.0,0.0,2.0,25.0,0.0,0.0,0.0,0.0,30.0,43.97166666666667
west_heavy_seed1,west_heavy,1,820.25,835.25,53.0,2.485756463725232,17.971698113207548,35.0,25.75,0.0,0.0,0.0,0.0,0.0,2.0,0.0,0.06666666666666667,0.0,0.0,1.0,0.0,8.35,8.35,1.0,0.0,0.0,0.0,0.06666666666666667,0.5566666666666666,0.0,0.0,0.0,0.0,0.0,0.0,0.0,0.06666666666666667,0.0,0.0,0.0,0.0,0.0,0.0,0.0,2.0,0.0,0.13333333333333333,-0.06666666666666667,-0.07833333333333334,2.0,0.0003368014753194748,11.5,18.05,2.0,0.0,0.0,0.0,0.06666666666666667,0.6649999999999999,0.0,0.0,0.0,0.0,0.0,0.0,0.0,0.06666666666666667,0.0,0.0,0.0,0.0,0.0,0.0,0.0,2.0,0.0,0.06666666666666667,0.0,0.0,0.0,0.0,0.0,0.0,0.0,2.0,0.0,0.13333333333333333,-0.06666666666666667,-0.14333333333333334,2.0,0.004895582528899984,11.0,19.0,2.0,0.0,0.0,0.0,0.06666666666666667,0.6,0.0,0.0,0.0,0.0,0.0,2.0,0.0,0.06666666666666667,0.0,0.0,5.0,1.9388466005163287,0.0,0.0,0.0,2.0,0.0,0.13333333333333333,-0.4,-1.3814285714285715,30.0,4.521803344888141e-05,29.971666666666668,53.7,30.0,0.0,0.0,0.0,0.26666666666666666,0.9821111111111112,0.0,0.0,1.0,23.35,0.0,0.0,0.0,0.0,2.0,26.5,0.0,0.0,0.0,0.0,0.0,0.0,2.0,26.0,0.0,0.0,0.0,0.0,30.0,44.97166666666667
west_heavy_seed1,west_heavy,1,821.25,836.25,53.0,2.8901661511714587,18.632075471698112,35.0,24.75,0.0,0.0,0.0,0.0,0.0,2.0,0.0,0.06666666666666667,0.0,0.0,1.0,0.0,9.35,9.35,1.0,0.0,0.0,0.0,0.06666666666666667,0.6233333333333333,0.0,0.0,0.0,0.0,0.0,0.0,0.0,0.06666666666666667,0.0,0.0,0.0,0.0,0.0,0.0,0.0,2.0,0.0,0.13333333333333333,-0.06666666666666667,-0.11166666666666666,2.0,0.00012324389375020062,12.5,19.05,2.0,0.0,0.0,0.0,0.06666666666666667,0.6983333333333334,0.0,0.0,0.0,0.0,0.0,0.0,0.0,0.06666666666666667,0.0,0.0,0.0,0.0,0.0,0.0,0.0,2.0,0.0,0.06666666666666667,0.0,0.0,0.0,0.0,0.0,0.0,0.0,2.0,0.0,0.13333333333333333,-0.06666666666666667,-0.17666666666666667,2.0,0.002259338479619913,12.0,20.0,2.0,0.0,0.0,0.0,0.06666666666666667,0.6333333333333333,0.0,0.0,0.0,0.0,0.0,2.0,0.0,0.06666666666666667,0.0,0.0,5.0,2.868497479593278,0.0,0.0,0.0,2.0,0.0,0.13333333333333333,-0.4,-1.4385714285714286,30.0,2.5933110831851848e-05,30.971666666666668,54.7,30.0,0.0,0.0,0.0,0.2,0.990111111111111,0.0,0.0,1.0,24.35,0.0,0.0,0.0,0.0,2.0,27.5,0.0,0.0,0.0,0.0,0.0,0.0,2.0,27.0,0.0,0.0,0.0,0.0,30.0,45.97166666666667
west_heavy_seed1,west_heavy,1,822.25,837.25,52.0,3.054492152992783,19.66346153846154,35.0,23.75,0.0,0.0,0.0,0.0,0.0,2.0,0.0,0.06666666666666667,0.0,0.0,1.0,0.0,10.35,10.35,1.0,0.0,0.0,0.0,0.06666666666666667,0.69,0.0,0.0,0.0,0.0,0.0,0.0,0.0,0.06666666666666667,0.0,0.0,0.0,0.0,0.0,0.0,0.0,2.0,0.0,0.13333333333333333,-0.06666666666666667,-0.145,2.0,4.4707588438598104e-05,13.5,20.05,2.0,0.0,0.0,0.0,0.06666666666666667,0.7316666666666667,0.0,0.0,0.0,0.0,0.0,0.0,0.0,0.06666666666666667,0.0,0.0,0.0,0.0,0.0,0.0,0.0,2.0,0.0,0.06666666666666667,0.0,0.0,0.0,0.0,0.0,0.0,0.0,2.0,0.0,0.13333333333333333,-0.06666666666666667,-0.21,2.0,0.0010338546385014213,13.0,21.0,2.0,0.0,0.0,0.0,0.06666666666666667,0.6666666666666666,0.0,0.0,0.0,0.0,0.0,2.0,0.0,0.06666666666666667,0.0,0.0,4.0,3.4626708159647497,0.0,0.0,0.0,2.0,0.0,0.2,-0.4,-1.4957142857142858,30.0,1.4865885232671114e-05,31.971666666666668,55.7,30.0,0.0,0.0,0.0,0.13333333333333333,0.9956666666666666,0.0,0.0,1.0,25.35,0.0,0.0,0.0,0.0,2.0,28.5,0.0,0.0,0.0,0.0,0.0,0.0,2.0,28.0,0.0,0.0,0.0,0.0,30.0,46.97166666666667
west_heavy_seed1,west_heavy,1,823.25,838.25,50.0,2.9018946108892623,21.15,35.0,22.75,0.0,0.0,0.0,0.0,0.0,2.0,0.0,0.06666666666666667,0.0,0.0,1.0,0.0,11.35,11.35,1.0,0.0,0.0,0.0,0.06666666666666667,0.7566666666666666,0.0,0.0,0.0,0.0,0.0,0.0,0.0,0.06666666666666667,0.0,0.0,0.0,0.0,0.0,0.0,0.0,2.0,0.0,0.13333333333333333,-0.06666666666666667,-0.17833333333333332,2.0,1.6149657960008773e-05,14.5,21.05,2.0,0.0,0.0,0.0,0.06666666666666667,0.765,0.0,0.0,0.0,0.0,0.0,0.0,0.0,0.06666666666666667,0.0,0.0,0.0,0.0,0.0,0.0,0.0,2.0,0.0,0.06666666666666667,0.0,0.0,0.0,0.0,0.0,0.0,0.0,2.0,0.0,0.13333333333333333,-0.06666666666666667,-0.24333333333333332,2.0,0.00047686232038765037,14.0,22.0,2.0,0.0,0.0,0.0,0.06666666666666667,0.7,0.0,0.0,0.0,0.0,0.0,2.0,0.0,0.06666666666666667,0.0,0.0,3.0,3.9751602664453984,0.0,0.0,0.0,2.0,0.0,0.26666666666666666,-0.4,-1.552857142857143,30.0,7.939726441413615e-06,32.971666666666664,56.7,30.0,0.0,0.0,0.0,0.06666666666666667,0.9989999999999998,0.0,0.0,1.0,26.35,0.0,0.0,0.0,0.0,2.0,29.5,0.0,0.0,0.0,0.0,0.0,0.0,2.0,29.0,0.0,0.0,0.0,0.0,30.0,47.97166666666667
